{
"type": "FeatureCollection",
"name": "Bali_2026_Q",
"crs": { "type": "name", "properties": { "name": "urn:ogc:def:crs:OGC:1.3:CRS84" } },
"features": [
{ "type": "Feature", "properties": { "FID": 15894, "KDRUAS_UPD": "4000211", "NOJBT_UPD": "40.002.001.0.11", "NM_RUAS_UP": "JLN. A. YANI - JLN. UDAYANA  (NEGARA)", "NM_JBT_UPD": "TK.IJO GADING", "PROVINSI": "BALI", "No_Prov_26": "40", "ID_Jbt_26": "4000001", "Kd_Ruas_26": "4000211", "Suffix_26": " ", "Nm_Ruas_26": "JLN. A. YANI - JLN. UDAYANA  (NEGARA)", "Lintas_26": "JALAN LINTAS SELATAN", "No_Jbt_26": "40.002.001.0.11", "Nm_Jbt_26": "TK.IJO GADING", "Status_26": "N", "Fungsi_26": "A", "Lks_Dr_26": "DPS", "Lks_km_26": 953, "F_STA_26": "253", "Cadin_26": "JEMBRANA", "Pjg_Jbt_26": 31.7, "Btg_Pjg_26": 31.6, "Jml_Btg_26": "1", "Lb_Jl_Ms26": 12.33, "Lb_Jl_Kl26": 12.33, "Lb_Lalin26": 12.33, "Lb_Bh_Ki26": 1.0, "Lb_Bh_Ka26": 0.86, "Lb_Dr_Ki26": 0.12, "Lb_Dr_Ka26": 0.15, "Lb_Tr_Ki26": 1.22, "Lb_Tr_Ka26": 1.19, "Lb_TS_Ki26": 0.31, "Lb_TS_Ka26": 0.34, "Lb_Med_26": 0.0, "Lbr_Jbt_26": 17.52, "Bgn_Ats_26": "LTP", "Jns_Jbt_26": "STANDAR", "Thn_Bgn_26": "1995", "BA_26": "2", "LNT_26": "2", "BB_26": "1", "DAS_26": "0", "OP_26": "1", "UT_26": "0", "GR_26": "0", "LB_26": "0", "JBT_26": "2", "Tp_Lnts_26": "SUNGAI", "Dt_Lnts_26": "LURUS", "Pnangnn_26": "RUTIN", "Pmriksn_26": "DETAIL", "Pnglola_26": "BBPJN JAWA TIMUR - BALI", "Satkr_ID26": "693912", "PPK_Name26": "PPK 1.2", "Traffic_26": "24617", "VCR_26": "0.536", "AADT_26": "24617", "Tipe_Jb_26": "", "Lat_26": -8.3574, "Long_26": 114.624283, "Tgl_Ins_26": "46179", "Ket_26": " " }, "geometry": { "type": "Point", "coordinates": [ 114.624283, -8.3574 ] } },
{ "type": "Feature", "properties": { "FID": 15895, "KDRUAS_UPD": "4000211", "NOJBT_UPD": "40.002.002.0.11", "NM_RUAS_UP": "JLN. A. YANI - JLN. UDAYANA  (NEGARA)", "NM_JBT_UPD": "TK.KALIAKAH", "PROVINSI": "BALI", "No_Prov_26": "40", "ID_Jbt_26": "4000002", "Kd_Ruas_26": "4000211", "Suffix_26": " ", "Nm_Ruas_26": "JLN. A. YANI - JLN. UDAYANA  (NEGARA)", "Lintas_26": "JALAN LINTAS SELATAN", "No_Jbt_26": "40.002.002.0.11", "Nm_Jbt_26": "TK.KALIAKAH", "Status_26": "N", "Fungsi_26": "A", "Lks_Dr_26": "DPS", "Lks_km_26": 9716, "F_STA_26": "2008", "Cadin_26": "JEMBRANA", "Pjg_Jbt_26": 10.9, "Btg_Pjg_26": 10.9, "Jml_Btg_26": "1", "Lb_Jl_Ms26": 11.96, "Lb_Jl_Kl26": 11.96, "Lb_Lalin26": 11.96, "Lb_Bh_Ki26": 1.1, "Lb_Bh_Ka26": 3.95, "Lb_Dr_Ki26": 0.1, "Lb_Dr_Ka26": 0.1, "Lb_Tr_Ki26": 1.52, "Lb_Tr_Ka26": 1.5, "Lb_TS_Ki26": 0.0, "Lb_TS_Ka26": 0.0, "Lb_Med_26": 0.0, "Lbr_Jbt_26": 20.23, "Bgn_Ats_26": "GTP", "Jns_Jbt_26": "STANDAR", "Thn_Bgn_26": "1990", "BA_26": "2", "LNT_26": "1", "BB_26": "1", "DAS_26": "1", "OP_26": "0", "UT_26": "0", "GR_26": "0", "LB_26": "0", "JBT_26": "2", "Tp_Lnts_26": "SUNGAI", "Dt_Lnts_26": "BERKELOK (MEANDER)", "Pnangnn_26": "RUTIN", "Pmriksn_26": "DETAIL", "Pnglola_26": "BBPJN JAWA TIMUR - BALI", "Satkr_ID26": "693912", "PPK_Name26": "PPK 1.2", "Traffic_26": "24617", "VCR_26": "0.536", "AADT_26": "24617", "Tipe_Jb_26": "", "Lat_26": -8.354201, "Long_26": 114.60783, "Tgl_Ins_26": "46179", "Ket_26": " " }, "geometry": { "type": "Point", "coordinates": [ 114.60783, -8.354201 ] } },
{ "type": "Feature", "properties": { "FID": 15896, "KDRUAS_UPD": "4000211", "NOJBT_UPD": "40.002.003.0.11", "NM_RUAS_UP": "JLN. A. YANI - JLN. UDAYANA  (NEGARA)", "NM_JBT_UPD": "TK.BANYU BIRU", "PROVINSI": "BALI", "No_Prov_26": "40", "ID_Jbt_26": "4000003", "Kd_Ruas_26": "4000211", "Suffix_26": " ", "Nm_Ruas_26": "JLN. A. YANI - JLN. UDAYANA  (NEGARA)", "Lintas_26": "JALAN LINTAS SELATAN", "No_Jbt_26": "40.002.003.0.11", "Nm_Jbt_26": "TK.BANYU BIRU", "Status_26": "N", "Fungsi_26": "A", "Lks_Dr_26": "DPS", "Lks_km_26": 979, "F_STA_26": "2760", "Cadin_26": "JEMBRANA", "Pjg_Jbt_26": 11.4, "Btg_Pjg_26": 10.85, "Jml_Btg_26": "1", "Lb_Jl_Ms26": 6.39, "Lb_Jl_Kl26": 6.39, "Lb_Lalin26": 6.39, "Lb_Bh_Ki26": 0.32, "Lb_Bh_Ka26": 0.26, "Lb_Dr_Ki26": 0.1, "Lb_Dr_Ka26": 0.1, "Lb_Tr_Ki26": 1.25, "Lb_Tr_Ka26": 1.3, "Lb_TS_Ki26": 0.0, "Lb_TS_Ka26": 0.0, "Lb_Med_26": 0.0, "Lbr_Jbt_26": 9.72, "Bgn_Ats_26": "GTP", "Jns_Jbt_26": "STANDAR", "Thn_Bgn_26": "1990", "BA_26": "2", "LNT_26": "1", "BB_26": "0", "DAS_26": "2", "OP_26": "0", "UT_26": "0", "GR_26": "0", "LB_26": "0", "JBT_26": "2", "Tp_Lnts_26": "SUNGAI", "Dt_Lnts_26": "LURUS", "Pnangnn_26": "RUTIN", "Pmriksn_26": "DETAIL", "Pnglola_26": "BBPJN JAWA TIMUR - BALI", "Satkr_ID26": "693912", "PPK_Name26": "PPK 1.2", "Traffic_26": "24617", "VCR_26": "0.536", "AADT_26": "24617", "Tipe_Jb_26": "", "Lat_26": -8.3519, "Long_26": 114.601501, "Tgl_Ins_26": "46179", "Ket_26": " " }, "geometry": { "type": "Point", "coordinates": [ 114.601501, -8.3519 ] } },
{ "type": "Feature", "properties": { "FID": 15897, "KDRUAS_UPD": "40002", "NOJBT_UPD": "40.002.005.0", "NM_RUAS_UP": "CEKIK - BTS. KOTA NEGARA", "NM_JBT_UPD": "TK.AYA", "PROVINSI": "BALI", "No_Prov_26": "40", "ID_Jbt_26": "4000005", "Kd_Ruas_26": "40002", "Suffix_26": " ", "Nm_Ruas_26": "CEKIK - BTS. KOTA NEGARA", "Lintas_26": "JALAN LINTAS SELATAN", "No_Jbt_26": "40.002.005.0", "Nm_Jbt_26": "TK.AYA", "Status_26": "N", "Fungsi_26": "A", "Lks_Dr_26": "DPS", "Lks_km_26": 10449, "F_STA_26": "6301", "Cadin_26": "JEMBRANA", "Pjg_Jbt_26": 42.0, "Btg_Pjg_26": 20.8, "Jml_Btg_26": "2", "Lb_Jl_Ms26": 5.54, "Lb_Jl_Kl26": 5.54, "Lb_Lalin26": 5.54, "Lb_Bh_Ki26": 0.25, "Lb_Bh_Ka26": 0.24, "Lb_Dr_Ki26": 0.12, "Lb_Dr_Ka26": 0.1, "Lb_Tr_Ki26": 0.37, "Lb_Tr_Ka26": 0.37, "Lb_TS_Ki26": 0.2, "Lb_TS_Ka26": 0.2, "Lb_Med_26": 0.0, "Lbr_Jbt_26": 7.39, "Bgn_Ats_26": "GTP", "Jns_Jbt_26": "STANDAR", "Thn_Bgn_26": "1992", "BA_26": "3", "LNT_26": "2", "BB_26": "2", "DAS_26": "1", "OP_26": "0", "UT_26": "1", "GR_26": "0", "LB_26": "0", "JBT_26": "3", "Tp_Lnts_26": "SUNGAI", "Dt_Lnts_26": "BERKELOK (MEANDER)", "Pnangnn_26": "BERKALA", "Pmriksn_26": "RUTIN", "Pnglola_26": "BBPJN JAWA TIMUR - BALI", "Satkr_ID26": "693912", "PPK_Name26": "PPK 1.2", "Traffic_26": "21434", "VCR_26": "0.189", "AADT_26": "21434", "Tipe_Jb_26": "", "Lat_26": -8.331112, "Long_26": 114.548069, "Tgl_Ins_26": "46179", "Ket_26": " " }, "geometry": { "type": "Point", "coordinates": [ 114.548069, -8.331112 ] } },
{ "type": "Feature", "properties": { "FID": 15898, "KDRUAS_UPD": "40002", "NOJBT_UPD": "40.002.006.0", "NM_RUAS_UP": "CEKIK - BTS. KOTA NEGARA", "NM_JBT_UPD": "TK.SANGYANG GDE", "PROVINSI": "BALI", "No_Prov_26": "40", "ID_Jbt_26": "4000006", "Kd_Ruas_26": "40002", "Suffix_26": " ", "Nm_Ruas_26": "CEKIK - BTS. KOTA NEGARA", "Lintas_26": "JALAN LINTAS SELATAN", "No_Jbt_26": "40.002.006.0", "Nm_Jbt_26": "TK.SANGYANG GDE", "Status_26": "N", "Fungsi_26": "A", "Lks_Dr_26": "DPS", "Lks_km_26": 10986, "F_STA_26": "11729", "Cadin_26": "JEMBRANA", "Pjg_Jbt_26": 42.2, "Btg_Pjg_26": 21.1, "Jml_Btg_26": "2", "Lb_Jl_Ms26": 5.8, "Lb_Jl_Kl26": 5.8, "Lb_Lalin26": 5.42, "Lb_Bh_Ki26": 0.2, "Lb_Bh_Ka26": 0.33, "Lb_Dr_Ki26": 0.17, "Lb_Dr_Ka26": 0.1, "Lb_Tr_Ki26": 0.365, "Lb_Tr_Ka26": 0.38, "Lb_TS_Ki26": 0.2, "Lb_TS_Ka26": 0.2, "Lb_Med_26": 0.0, "Lbr_Jbt_26": 7.365, "Bgn_Ats_26": "GTP", "Jns_Jbt_26": "STANDAR", "Thn_Bgn_26": "1980", "BA_26": "2", "LNT_26": "2", "BB_26": "2", "DAS_26": "2", "OP_26": "1", "UT_26": "0", "GR_26": "0", "LB_26": "0", "JBT_26": "2", "Tp_Lnts_26": "SUNGAI", "Dt_Lnts_26": "LURUS", "Pnangnn_26": "RUTIN", "Pmriksn_26": "DETAIL", "Pnglola_26": "BBPJN JAWA TIMUR - BALI", "Satkr_ID26": "693912", "PPK_Name26": "PPK 1.2", "Traffic_26": "21434", "VCR_26": "0.189", "AADT_26": "21434", "Tipe_Jb_26": "", "Lat_26": -8.298901, "Long_26": 114.514336, "Tgl_Ins_26": "46179", "Ket_26": " " }, "geometry": { "type": "Point", "coordinates": [ 114.514336, -8.298901 ] } },
{ "type": "Feature", "properties": { "FID": 15899, "KDRUAS_UPD": "40002", "NOJBT_UPD": "40.002.007.0", "NM_RUAS_UP": "CEKIK - BTS. KOTA NEGARA", "NM_JBT_UPD": "TK.PEREMISAN", "PROVINSI": "BALI", "No_Prov_26": "40", "ID_Jbt_26": "4000007", "Kd_Ruas_26": "40002", "Suffix_26": " ", "Nm_Ruas_26": "CEKIK - BTS. KOTA NEGARA", "Lintas_26": "JALAN LINTAS SELATAN", "No_Jbt_26": "40.002.007.0", "Nm_Jbt_26": "TK.PEREMISAN", "Status_26": "N", "Fungsi_26": "A", "Lks_Dr_26": "DPS", "Lks_km_26": 11095, "F_STA_26": "12823", "Cadin_26": "JEMBRANA", "Pjg_Jbt_26": 13.0, "Btg_Pjg_26": 3.25, "Jml_Btg_26": "4", "Lb_Jl_Ms26": 7.05, "Lb_Jl_Kl26": 7.05, "Lb_Lalin26": 7.05, "Lb_Bh_Ki26": 0.0, "Lb_Bh_Ka26": 0.0, "Lb_Dr_Ki26": 0.0, "Lb_Dr_Ka26": 0.0, "Lb_Tr_Ki26": 1.08, "Lb_Tr_Ka26": 1.17, "Lb_TS_Ki26": 0.13, "Lb_TS_Ka26": 0.12, "Lb_Med_26": 0.0, "Lbr_Jbt_26": 9.55, "Bgn_Ats_26": "BTP", "Jns_Jbt_26": "STANDAR", "Thn_Bgn_26": "1975", "BA_26": "2", "LNT_26": "2", "BB_26": "0", "DAS_26": "0", "OP_26": "0", "UT_26": "0", "GR_26": "0", "LB_26": "0", "JBT_26": "2", "Tp_Lnts_26": "SUNGAI", "Dt_Lnts_26": "TANAH\/SUNGAI KERING", "Pnangnn_26": "RUTIN", "Pmriksn_26": "DETAIL", "Pnglola_26": "BBPJN JAWA TIMUR - BALI", "Satkr_ID26": "693912", "PPK_Name26": "PPK 1.2", "Traffic_26": "21434", "VCR_26": "0.189", "AADT_26": "21434", "Tipe_Jb_26": "", "Lat_26": -8.291126, "Long_26": 114.508629, "Tgl_Ins_26": "46179", "Ket_26": " " }, "geometry": { "type": "Point", "coordinates": [ 114.508629, -8.291126 ] } },
{ "type": "Feature", "properties": { "FID": 15900, "KDRUAS_UPD": "40002", "NOJBT_UPD": "40.002.008.0", "NM_RUAS_UP": "CEKIK - BTS. KOTA NEGARA", "NM_JBT_UPD": "TK.DEDARI", "PROVINSI": "BALI", "No_Prov_26": "40", "ID_Jbt_26": "4000008", "Kd_Ruas_26": "40002", "Suffix_26": " ", "Nm_Ruas_26": "CEKIK - BTS. KOTA NEGARA", "Lintas_26": "JALAN LINTAS SELATAN", "No_Jbt_26": "40.002.008.0", "Nm_Jbt_26": "TK.DEDARI", "Status_26": "N", "Fungsi_26": "A", "Lks_Dr_26": "DPS", "Lks_km_26": 11213, "F_STA_26": "13999", "Cadin_26": "JEMBRANA", "Pjg_Jbt_26": 19.2, "Btg_Pjg_26": 18.7, "Jml_Btg_26": "1", "Lb_Jl_Ms26": 6.5, "Lb_Jl_Kl26": 6.5, "Lb_Lalin26": 6.5, "Lb_Bh_Ki26": 0.15, "Lb_Bh_Ka26": 0.0, "Lb_Dr_Ki26": 0.25, "Lb_Dr_Ka26": 0.1, "Lb_Tr_Ki26": 1.02, "Lb_Tr_Ka26": 1.04, "Lb_TS_Ki26": 0.0, "Lb_TS_Ka26": 0.0, "Lb_Med_26": 0.0, "Lbr_Jbt_26": 9.06, "Bgn_Ats_26": "GTP", "Jns_Jbt_26": "STANDAR", "Thn_Bgn_26": "1974", "BA_26": "2", "LNT_26": "2", "BB_26": "2", "DAS_26": "0", "OP_26": "0", "UT_26": "0", "GR_26": "0", "LB_26": "0", "JBT_26": "2", "Tp_Lnts_26": "SUNGAI", "Dt_Lnts_26": "TANAH\/SUNGAI KERING", "Pnangnn_26": "RUTIN", "Pmriksn_26": "DETAIL", "Pnglola_26": "BBPJN JAWA TIMUR - BALI", "Satkr_ID26": "693912", "PPK_Name26": "PPK 1.2", "Traffic_26": "21434", "VCR_26": "0.189", "AADT_26": "21434", "Tipe_Jb_26": "", "Lat_26": -8.282389, "Long_26": 114.503494, "Tgl_Ins_26": "46179", "Ket_26": " " }, "geometry": { "type": "Point", "coordinates": [ 114.503494, -8.282389 ] } },
{ "type": "Feature", "properties": { "FID": 15901, "KDRUAS_UPD": "40002", "NOJBT_UPD": "40.002.009.0", "NM_RUAS_UP": "CEKIK - BTS. KOTA NEGARA", "NM_JBT_UPD": "TK.MALAYA I", "PROVINSI": "BALI", "No_Prov_26": "40", "ID_Jbt_26": "4000009", "Kd_Ruas_26": "40002", "Suffix_26": " ", "Nm_Ruas_26": "CEKIK - BTS. KOTA NEGARA", "Lintas_26": "JALAN LINTAS SELATAN", "No_Jbt_26": "40.002.009.0", "Nm_Jbt_26": "TK.MALAYA I", "Status_26": "N", "Fungsi_26": "A", "Lks_Dr_26": "DPS", "Lks_km_26": 1135, "F_STA_26": "15357", "Cadin_26": "JEMBRANA", "Pjg_Jbt_26": 39.2, "Btg_Pjg_26": 12.64, "Jml_Btg_26": "3", "Lb_Jl_Ms26": 6.08, "Lb_Jl_Kl26": 6.08, "Lb_Lalin26": 6.08, "Lb_Bh_Ki26": 0.39, "Lb_Bh_Ka26": 0.42, "Lb_Dr_Ki26": 0.1, "Lb_Dr_Ka26": 0.12, "Lb_Tr_Ki26": 0.78, "Lb_Tr_Ka26": 0.75, "Lb_TS_Ki26": 0.0, "Lb_TS_Ka26": 0.0, "Lb_Med_26": 0.0, "Lbr_Jbt_26": 8.64, "Bgn_Ats_26": "GTP", "Jns_Jbt_26": "STANDAR", "Thn_Bgn_26": "1972", "BA_26": "2", "LNT_26": "2", "BB_26": "2", "DAS_26": "0", "OP_26": "1", "UT_26": "0", "GR_26": "0", "LB_26": "0", "JBT_26": "2", "Tp_Lnts_26": "SUNGAI", "Dt_Lnts_26": "BERKELOK (MEANDER)", "Pnangnn_26": "RUTIN", "Pmriksn_26": "DETAIL", "Pnglola_26": "BBPJN JAWA TIMUR - BALI", "Satkr_ID26": "693912", "PPK_Name26": "PPK 1.2", "Traffic_26": "21434", "VCR_26": "0.189", "AADT_26": "21434", "Tipe_Jb_26": "", "Lat_26": -8.273789, "Long_26": 114.496246, "Tgl_Ins_26": "46179", "Ket_26": " " }, "geometry": { "type": "Point", "coordinates": [ 114.496246, -8.273789 ] } },
{ "type": "Feature", "properties": { "FID": 15902, "KDRUAS_UPD": "40002", "NOJBT_UPD": "40.002.010.0", "NM_RUAS_UP": "CEKIK - BTS. KOTA NEGARA", "NM_JBT_UPD": "TK.MALAYA II", "PROVINSI": "BALI", "No_Prov_26": "40", "ID_Jbt_26": "4000010", "Kd_Ruas_26": "40002", "Suffix_26": " ", "Nm_Ruas_26": "CEKIK - BTS. KOTA NEGARA", "Lintas_26": "JALAN LINTAS SELATAN", "No_Jbt_26": "40.002.010.0", "Nm_Jbt_26": "TK.MALAYA II", "Status_26": "N", "Fungsi_26": "A", "Lks_Dr_26": "DPS", "Lks_km_26": 11383, "F_STA_26": "15696", "Cadin_26": "JEMBRANA", "Pjg_Jbt_26": 16.5, "Btg_Pjg_26": 16.0, "Jml_Btg_26": "1", "Lb_Jl_Ms26": 7.0, "Lb_Jl_Kl26": 7.0, "Lb_Lalin26": 7.0, "Lb_Bh_Ki26": 0.0, "Lb_Bh_Ka26": 0.0, "Lb_Dr_Ki26": 0.1, "Lb_Dr_Ka26": 0.1, "Lb_Tr_Ki26": 1.15, "Lb_Tr_Ka26": 1.16, "Lb_TS_Ki26": 0.0, "Lb_TS_Ka26": 0.0, "Lb_Med_26": 0.0, "Lbr_Jbt_26": 9.51, "Bgn_Ats_26": "GTP", "Jns_Jbt_26": "STANDAR", "Thn_Bgn_26": "1975", "BA_26": "2", "LNT_26": "2", "BB_26": "2", "DAS_26": "1", "OP_26": "2", "UT_26": "1", "GR_26": "0", "LB_26": "0", "JBT_26": "2", "Tp_Lnts_26": "SUNGAI", "Dt_Lnts_26": "TANAH\/SUNGAI KERING", "Pnangnn_26": "BERKALA", "Pmriksn_26": "RUTIN", "Pnglola_26": "BBPJN JAWA TIMUR - BALI", "Satkr_ID26": "693912", "PPK_Name26": "PPK 1.2", "Traffic_26": "21434", "VCR_26": "0.189", "AADT_26": "21434", "Tipe_Jb_26": "", "Lat_26": -8.271988, "Long_26": 114.493881, "Tgl_Ins_26": "46180", "Ket_26": " " }, "geometry": { "type": "Point", "coordinates": [ 114.493881, -8.271988 ] } },
{ "type": "Feature", "properties": { "FID": 15903, "KDRUAS_UPD": "40002", "NOJBT_UPD": "40.002.011.0", "NM_RUAS_UP": "CEKIK - BTS. KOTA NEGARA", "NM_JBT_UPD": "TK.BATU KARUNG I", "PROVINSI": "BALI", "No_Prov_26": "40", "ID_Jbt_26": "4000011", "Kd_Ruas_26": "40002", "Suffix_26": " ", "Nm_Ruas_26": "CEKIK - BTS. KOTA NEGARA", "Lintas_26": "JALAN LINTAS SELATAN", "No_Jbt_26": "40.002.011.0", "Nm_Jbt_26": "TK.BATU KARUNG I", "Status_26": "N", "Fungsi_26": "A", "Lks_Dr_26": "DPS", "Lks_km_26": 1146, "F_STA_26": "16477", "Cadin_26": "JEMBRANA", "Pjg_Jbt_26": 21.2, "Btg_Pjg_26": 20.59, "Jml_Btg_26": "1", "Lb_Jl_Ms26": 6.26, "Lb_Jl_Kl26": 6.26, "Lb_Lalin26": 6.26, "Lb_Bh_Ki26": 0.23, "Lb_Bh_Ka26": 0.25, "Lb_Dr_Ki26": 0.1, "Lb_Dr_Ka26": 0.2, "Lb_Tr_Ki26": 1.0, "Lb_Tr_Ka26": 1.0, "Lb_TS_Ki26": 0.0, "Lb_TS_Ka26": 0.0, "Lb_Med_26": 0.0, "Lbr_Jbt_26": 9.04, "Bgn_Ats_26": "GTP", "Jns_Jbt_26": "STANDAR", "Thn_Bgn_26": "1992", "BA_26": "2", "LNT_26": "2", "BB_26": "2", "DAS_26": "0", "OP_26": "2", "UT_26": "0", "GR_26": "0", "LB_26": "0", "JBT_26": "2", "Tp_Lnts_26": "SUNGAI", "Dt_Lnts_26": "TANAH\/SUNGAI KERING", "Pnangnn_26": "RUTIN", "Pmriksn_26": "DETAIL", "Pnglola_26": "BBPJN JAWA TIMUR - BALI", "Satkr_ID26": "693912", "PPK_Name26": "PPK 1.2", "Traffic_26": "21434", "VCR_26": "0.189", "AADT_26": "21434", "Tipe_Jb_26": "", "Lat_26": -8.266075, "Long_26": 114.49015, "Tgl_Ins_26": "46180", "Ket_26": " " }, "geometry": { "type": "Point", "coordinates": [ 114.49015, -8.266075 ] } },
{ "type": "Feature", "properties": { "FID": 15904, "KDRUAS_UPD": "40002", "NOJBT_UPD": "40.002.012.0", "NM_RUAS_UP": "CEKIK - BTS. KOTA NEGARA", "NM_JBT_UPD": "TK.BATU KARUNG II", "PROVINSI": "BALI", "No_Prov_26": "40", "ID_Jbt_26": "4000012", "Kd_Ruas_26": "40002", "Suffix_26": " ", "Nm_Ruas_26": "CEKIK - BTS. KOTA NEGARA", "Lintas_26": "JALAN LINTAS SELATAN", "No_Jbt_26": "40.002.012.0", "Nm_Jbt_26": "TK.BATU KARUNG II", "Status_26": "N", "Fungsi_26": "A", "Lks_Dr_26": "DPS", "Lks_km_26": 1153, "F_STA_26": "17172", "Cadin_26": "JEMBRANA", "Pjg_Jbt_26": 21.0, "Btg_Pjg_26": 20.6, "Jml_Btg_26": "1", "Lb_Jl_Ms26": 6.95, "Lb_Jl_Kl26": 6.85, "Lb_Lalin26": 6.35, "Lb_Bh_Ki26": 0.22, "Lb_Bh_Ka26": 0.23, "Lb_Dr_Ki26": 0.11, "Lb_Dr_Ka26": 0.15, "Lb_Tr_Ki26": 1.02, "Lb_Tr_Ka26": 1.02, "Lb_TS_Ki26": 0.0, "Lb_TS_Ka26": 0.0, "Lb_Med_26": 0.0, "Lbr_Jbt_26": 9.1, "Bgn_Ats_26": "GTP", "Jns_Jbt_26": "STANDAR", "Thn_Bgn_26": "1974", "BA_26": "2", "LNT_26": "2", "BB_26": "1", "DAS_26": "0", "OP_26": "2", "UT_26": "0", "GR_26": "0", "LB_26": "0", "JBT_26": "2", "Tp_Lnts_26": "SUNGAI", "Dt_Lnts_26": "TANAH\/SUNGAI KERING", "Pnangnn_26": "RUTIN", "Pmriksn_26": "DETAIL", "Pnglola_26": "BBPJN JAWA TIMUR - BALI", "Satkr_ID26": "693912", "PPK_Name26": "PPK 1.2", "Traffic_26": "21434", "VCR_26": "0.189", "AADT_26": "21434", "Tipe_Jb_26": "", "Lat_26": -8.260363, "Long_26": 114.487534, "Tgl_Ins_26": "46180", "Ket_26": " " }, "geometry": { "type": "Point", "coordinates": [ 114.487534, -8.260363 ] } },
{ "type": "Feature", "properties": { "FID": 15905, "KDRUAS_UPD": "40002", "NOJBT_UPD": "40.002.019.0", "NM_RUAS_UP": "CEKIK - BTS. KOTA NEGARA", "NM_JBT_UPD": "TK.AWEN I", "PROVINSI": "BALI", "No_Prov_26": "40", "ID_Jbt_26": "4000019", "Kd_Ruas_26": "40002", "Suffix_26": " ", "Nm_Ruas_26": "CEKIK - BTS. KOTA NEGARA", "Lintas_26": "JALAN LINTAS SELATAN", "No_Jbt_26": "40.002.019.0", "Nm_Jbt_26": "TK.AWEN I", "Status_26": "N", "Fungsi_26": "A", "Lks_Dr_26": "DPS", "Lks_km_26": 11785, "F_STA_26": "19731", "Cadin_26": "JEMBRANA", "Pjg_Jbt_26": 9.0, "Btg_Pjg_26": 8.9, "Jml_Btg_26": "1", "Lb_Jl_Ms26": 5.55, "Lb_Jl_Kl26": 5.55, "Lb_Lalin26": 5.55, "Lb_Bh_Ki26": 0.2, "Lb_Bh_Ka26": 0.21, "Lb_Dr_Ki26": 0.18, "Lb_Dr_Ka26": 0.15, "Lb_Tr_Ki26": 1.1, "Lb_Tr_Ka26": 1.12, "Lb_TS_Ki26": 0.0, "Lb_TS_Ka26": 0.0, "Lb_Med_26": 0.0, "Lbr_Jbt_26": 8.51, "Bgn_Ats_26": "GTP", "Jns_Jbt_26": "STANDAR", "Thn_Bgn_26": "1980", "BA_26": "2", "LNT_26": "2", "BB_26": "2", "DAS_26": "2", "OP_26": "0", "UT_26": "0", "GR_26": "0", "LB_26": "0", "JBT_26": "2", "Tp_Lnts_26": "SUNGAI", "Dt_Lnts_26": "TANAH\/SUNGAI KERING", "Pnangnn_26": "RUTIN", "Pmriksn_26": "DETAIL", "Pnglola_26": "BBPJN JAWA TIMUR - BALI", "Satkr_ID26": "693912", "PPK_Name26": "PPK 1.2", "Traffic_26": "21434", "VCR_26": "0.189", "AADT_26": "21434", "Tipe_Jb_26": "", "Lat_26": -8.2445, "Long_26": 114.47285, "Tgl_Ins_26": "46180", "Ket_26": " " }, "geometry": { "type": "Point", "coordinates": [ 114.47285, -8.2445 ] } },
{ "type": "Feature", "properties": { "FID": 15906, "KDRUAS_UPD": "40002", "NOJBT_UPD": "40.002.020.0", "NM_RUAS_UP": "CEKIK - BTS. KOTA NEGARA", "NM_JBT_UPD": "TK.AWEN II", "PROVINSI": "BALI", "No_Prov_26": "40", "ID_Jbt_26": "4000020", "Kd_Ruas_26": "40002", "Suffix_26": " ", "Nm_Ruas_26": "CEKIK - BTS. KOTA NEGARA", "Lintas_26": "JALAN LINTAS SELATAN", "No_Jbt_26": "40.002.020.0", "Nm_Jbt_26": "TK.AWEN II", "Status_26": "N", "Fungsi_26": "A", "Lks_Dr_26": "DPS", "Lks_km_26": 11828, "F_STA_26": "20149", "Cadin_26": "JEMBRANA", "Pjg_Jbt_26": 10.5, "Btg_Pjg_26": 10.5, "Jml_Btg_26": "1", "Lb_Jl_Ms26": 5.33, "Lb_Jl_Kl26": 5.33, "Lb_Lalin26": 5.33, "Lb_Bh_Ki26": 0.25, "Lb_Bh_Ka26": 0.43, "Lb_Dr_Ki26": 0.1, "Lb_Dr_Ka26": 0.0, "Lb_Tr_Ki26": 0.93, "Lb_Tr_Ka26": 0.93, "Lb_TS_Ki26": 0.18, "Lb_TS_Ka26": 0.0, "Lb_Med_26": 0.0, "Lbr_Jbt_26": 8.15, "Bgn_Ats_26": "GTP", "Jns_Jbt_26": "STANDAR", "Thn_Bgn_26": "1990", "BA_26": "1", "LNT_26": "1", "BB_26": "2", "DAS_26": "2", "OP_26": "1", "UT_26": "0", "GR_26": "0", "LB_26": "0", "JBT_26": "2", "Tp_Lnts_26": "SUNGAI", "Dt_Lnts_26": "TANAH\/SUNGAI KERING", "Pnangnn_26": "RUTIN", "Pmriksn_26": "DETAIL", "Pnglola_26": "BBPJN JAWA TIMUR - BALI", "Satkr_ID26": "693912", "PPK_Name26": "PPK 1.2", "Traffic_26": "21434", "VCR_26": "0.189", "AADT_26": "21434", "Tipe_Jb_26": "", "Lat_26": -8.241857, "Long_26": 114.470181, "Tgl_Ins_26": "46180", "Ket_26": " " }, "geometry": { "type": "Point", "coordinates": [ 114.470181, -8.241857 ] } },
{ "type": "Feature", "properties": { "FID": 15907, "KDRUAS_UPD": "40002", "NOJBT_UPD": "40.002.022.0", "NM_RUAS_UP": "CEKIK - BTS. KOTA NEGARA", "NM_JBT_UPD": "TK.KELATAKAN I", "PROVINSI": "BALI", "No_Prov_26": "40", "ID_Jbt_26": "4000022", "Kd_Ruas_26": "40002", "Suffix_26": " ", "Nm_Ruas_26": "CEKIK - BTS. KOTA NEGARA", "Lintas_26": "JALAN LINTAS SELATAN", "No_Jbt_26": "40.002.022.0", "Nm_Jbt_26": "TK.KELATAKAN I", "Status_26": "N", "Fungsi_26": "A", "Lks_Dr_26": "DPS", "Lks_km_26": 11905, "F_STA_26": "20928", "Cadin_26": "JEMBRANA", "Pjg_Jbt_26": 9.4, "Btg_Pjg_26": 8.98, "Jml_Btg_26": "1", "Lb_Jl_Ms26": 5.58, "Lb_Jl_Kl26": 5.58, "Lb_Lalin26": 5.58, "Lb_Bh_Ki26": 0.31, "Lb_Bh_Ka26": 0.36, "Lb_Dr_Ki26": 0.0, "Lb_Dr_Ka26": 0.0, "Lb_Tr_Ki26": 1.1, "Lb_Tr_Ka26": 1.1, "Lb_TS_Ki26": 0.0, "Lb_TS_Ka26": 0.0, "Lb_Med_26": 0.0, "Lbr_Jbt_26": 8.45, "Bgn_Ats_26": "GTP", "Jns_Jbt_26": "STANDAR", "Thn_Bgn_26": "1980", "BA_26": "2", "LNT_26": "2", "BB_26": "2", "DAS_26": "0", "OP_26": "1", "UT_26": "0", "GR_26": "0", "LB_26": "0", "JBT_26": "2", "Tp_Lnts_26": "SUNGAI", "Dt_Lnts_26": "TANAH\/SUNGAI KERING", "Pnangnn_26": "RUTIN", "Pmriksn_26": "DETAIL", "Pnglola_26": "BBPJN JAWA TIMUR - BALI", "Satkr_ID26": "693912", "PPK_Name26": "PPK 1.2", "Traffic_26": "21434", "VCR_26": "0.189", "AADT_26": "21434", "Tipe_Jb_26": "", "Lat_26": -8.23818, "Long_26": 114.464722, "Tgl_Ins_26": "46180", "Ket_26": " " }, "geometry": { "type": "Point", "coordinates": [ 114.464722, -8.23818 ] } },
{ "type": "Feature", "properties": { "FID": 15908, "KDRUAS_UPD": "40002", "NOJBT_UPD": "40.002.024.0", "NM_RUAS_UP": "CEKIK - BTS. KOTA NEGARA", "NM_JBT_UPD": "TK.BAJERA", "PROVINSI": "BALI", "No_Prov_26": "40", "ID_Jbt_26": "4000024", "Kd_Ruas_26": "40002", "Suffix_26": " ", "Nm_Ruas_26": "CEKIK - BTS. KOTA NEGARA", "Lintas_26": "JALAN LINTAS SELATAN", "No_Jbt_26": "40.002.024.0", "Nm_Jbt_26": "TK.BAJERA", "Status_26": "N", "Fungsi_26": "A", "Lks_Dr_26": "DPS", "Lks_km_26": 1204, "F_STA_26": "22264", "Cadin_26": "JEMBRANA", "Pjg_Jbt_26": 12.2, "Btg_Pjg_26": 11.75, "Jml_Btg_26": "1", "Lb_Jl_Ms26": 5.5, "Lb_Jl_Kl26": 5.5, "Lb_Lalin26": 5.5, "Lb_Bh_Ki26": 0.2, "Lb_Bh_Ka26": 0.18, "Lb_Dr_Ki26": 0.15, "Lb_Dr_Ka26": 0.2, "Lb_Tr_Ki26": 1.12, "Lb_Tr_Ka26": 1.135, "Lb_TS_Ki26": 0.17, "Lb_TS_Ka26": 0.175, "Lb_Med_26": 0.0, "Lbr_Jbt_26": 8.83, "Bgn_Ats_26": "GTP", "Jns_Jbt_26": "STANDAR", "Thn_Bgn_26": "1980", "BA_26": "1", "LNT_26": "1", "BB_26": "2", "DAS_26": "0", "OP_26": "0", "UT_26": "0", "GR_26": "0", "LB_26": "0", "JBT_26": "2", "Tp_Lnts_26": "SUNGAI", "Dt_Lnts_26": "BERKELOK (MEANDER)", "Pnangnn_26": "RUTIN", "Pmriksn_26": "DETAIL", "Pnglola_26": "BBPJN JAWA TIMUR - BALI", "Satkr_ID26": "693912", "PPK_Name26": "PPK 1.2", "Traffic_26": "21434", "VCR_26": "0.189", "AADT_26": "21434", "Tipe_Jb_26": "", "Lat_26": -8.229196, "Long_26": 114.45739, "Tgl_Ins_26": "46180", "Ket_26": " " }, "geometry": { "type": "Point", "coordinates": [ 114.45739, -8.229196 ] } },
{ "type": "Feature", "properties": { "FID": 15909, "KDRUAS_UPD": "40002", "NOJBT_UPD": "40.002.025.0", "NM_RUAS_UP": "CEKIK - BTS. KOTA NEGARA", "NM_JBT_UPD": "TK.PENGINUMAN", "PROVINSI": "BALI", "No_Prov_26": "40", "ID_Jbt_26": "4000025", "Kd_Ruas_26": "40002", "Suffix_26": " ", "Nm_Ruas_26": "CEKIK - BTS. KOTA NEGARA", "Lintas_26": "JALAN LINTAS SELATAN", "No_Jbt_26": "40.002.025.0", "Nm_Jbt_26": "TK.PENGINUMAN", "Status_26": "N", "Fungsi_26": "A", "Lks_Dr_26": "DPS", "Lks_km_26": 12325, "F_STA_26": "25114", "Cadin_26": "JEMBRANA", "Pjg_Jbt_26": 9.1, "Btg_Pjg_26": 8.82, "Jml_Btg_26": "1", "Lb_Jl_Ms26": 6.15, "Lb_Jl_Kl26": 6.15, "Lb_Lalin26": 6.15, "Lb_Bh_Ki26": 0.46, "Lb_Bh_Ka26": 0.37, "Lb_Dr_Ki26": 0.0, "Lb_Dr_Ka26": 0.0, "Lb_Tr_Ki26": 0.76, "Lb_Tr_Ka26": 0.8, "Lb_TS_Ki26": 0.0, "Lb_TS_Ka26": 0.0, "Lb_Med_26": 0.0, "Lbr_Jbt_26": 8.54, "Bgn_Ats_26": "GTP", "Jns_Jbt_26": "STANDAR", "Thn_Bgn_26": "1980", "BA_26": "2", "LNT_26": "2", "BB_26": "0", "DAS_26": "0", "OP_26": "0", "UT_26": "0", "GR_26": "0", "LB_26": "0", "JBT_26": "2", "Tp_Lnts_26": "SUNGAI", "Dt_Lnts_26": "TANAH\/SUNGAI KERING", "Pnangnn_26": "RUTIN", "Pmriksn_26": "DETAIL", "Pnglola_26": "BBPJN JAWA TIMUR - BALI", "Satkr_ID26": "693912", "PPK_Name26": "PPK 1.2", "Traffic_26": "21434", "VCR_26": "0.189", "AADT_26": "21434", "Tipe_Jb_26": "", "Lat_26": -8.206196, "Long_26": 114.447098, "Tgl_Ins_26": "46180", "Ket_26": " " }, "geometry": { "type": "Point", "coordinates": [ 114.447098, -8.206196 ] } },
{ "type": "Feature", "properties": { "FID": 15910, "KDRUAS_UPD": "40003", "NOJBT_UPD": "40.003.001.0", "NM_RUAS_UP": "BTS. KOTA NEGARA - PEKUTATAN", "NM_JBT_UPD": "TK.PULUKAN", "PROVINSI": "BALI", "No_Prov_26": "40", "ID_Jbt_26": "4000026", "Kd_Ruas_26": "40003", "Suffix_26": " ", "Nm_Ruas_26": "BTS. KOTA NEGARA - PEKUTATAN", "Lintas_26": "JALAN LINTAS SELATAN", "No_Jbt_26": "40.003.001.0", "Nm_Jbt_26": "TK.PULUKAN", "Status_26": "N", "Fungsi_26": "A", "Lks_Dr_26": "DPS", "Lks_km_26": 707, "F_STA_26": "423", "Cadin_26": "JEMBRANA", "Pjg_Jbt_26": 63.1, "Btg_Pjg_26": 21.86, "Jml_Btg_26": "3", "Lb_Jl_Ms26": 6.37, "Lb_Jl_Kl26": 6.37, "Lb_Lalin26": 6.37, "Lb_Bh_Ki26": 0.38, "Lb_Bh_Ka26": 0.2, "Lb_Dr_Ki26": 0.1, "Lb_Dr_Ka26": 0.2, "Lb_Tr_Ki26": 0.52, "Lb_Tr_Ka26": 0.54, "Lb_TS_Ki26": 0.0, "Lb_TS_Ka26": 0.0, "Lb_Med_26": 0.0, "Lbr_Jbt_26": 8.31, "Bgn_Ats_26": "GTP", "Jns_Jbt_26": "STANDAR", "Thn_Bgn_26": "1997", "BA_26": "2", "LNT_26": "2", "BB_26": "0", "DAS_26": "0", "OP_26": "1", "UT_26": "0", "GR_26": "0", "LB_26": "0", "JBT_26": "2", "Tp_Lnts_26": "SUNGAI", "Dt_Lnts_26": "BERKELOK (MEANDER)", "Pnangnn_26": "RUTIN", "Pmriksn_26": "DETAIL", "Pnglola_26": "BBPJN JAWA TIMUR - BALI", "Satkr_ID26": "693912", "PPK_Name26": "PPK 1.2", "Traffic_26": "21592", "VCR_26": "0.286", "AADT_26": "21592", "Tipe_Jb_26": "", "Lat_26": -8.415754, "Long_26": 114.821228, "Tgl_Ins_26": "46177", "Ket_26": " " }, "geometry": { "type": "Point", "coordinates": [ 114.821228, -8.415754 ] } },
{ "type": "Feature", "properties": { "FID": 15911, "KDRUAS_UPD": "40003", "NOJBT_UPD": "40.003.002.0", "NM_RUAS_UP": "BTS. KOTA NEGARA - PEKUTATAN", "NM_JBT_UPD": "TK.MEDEWI", "PROVINSI": "BALI", "No_Prov_26": "40", "ID_Jbt_26": "4000027", "Kd_Ruas_26": "40003", "Suffix_26": " ", "Nm_Ruas_26": "BTS. KOTA NEGARA - PEKUTATAN", "Lintas_26": "JALAN LINTAS SELATAN", "No_Jbt_26": "40.003.002.0", "Nm_Jbt_26": "TK.MEDEWI", "Status_26": "N", "Fungsi_26": "A", "Lks_Dr_26": "DPS", "Lks_km_26": 725, "F_STA_26": "2283", "Cadin_26": "JEMBRANA", "Pjg_Jbt_26": 67.0, "Btg_Pjg_26": 16.75, "Jml_Btg_26": "4", "Lb_Jl_Ms26": 6.89, "Lb_Jl_Kl26": 6.89, "Lb_Lalin26": 6.89, "Lb_Bh_Ki26": 0.4, "Lb_Bh_Ka26": 0.33, "Lb_Dr_Ki26": 0.1, "Lb_Dr_Ka26": 0.1, "Lb_Tr_Ki26": 0.81, "Lb_Tr_Ka26": 0.71, "Lb_TS_Ki26": 0.2, "Lb_TS_Ka26": 0.2, "Lb_Med_26": 0.0, "Lbr_Jbt_26": 9.74, "Bgn_Ats_26": "GTP", "Jns_Jbt_26": "STANDAR", "Thn_Bgn_26": "1997", "BA_26": "2", "LNT_26": "2", "BB_26": "2", "DAS_26": "2", "OP_26": "1", "UT_26": "0", "GR_26": "0", "LB_26": "0", "JBT_26": "2", "Tp_Lnts_26": "SUNGAI", "Dt_Lnts_26": "BERKELOK (MEANDER)", "Pnangnn_26": "RUTIN", "Pmriksn_26": "DETAIL", "Pnglola_26": "BBPJN JAWA TIMUR - BALI", "Satkr_ID26": "693912", "PPK_Name26": "PPK 1.2", "Traffic_26": "21592", "VCR_26": "0.286", "AADT_26": "21592", "Tipe_Jb_26": "", "Lat_26": -8.418878, "Long_26": 114.807343, "Tgl_Ins_26": "46178", "Ket_26": " " }, "geometry": { "type": "Point", "coordinates": [ 114.807343, -8.418878 ] } },
{ "type": "Feature", "properties": { "FID": 15912, "KDRUAS_UPD": "40003", "NOJBT_UPD": "40.003.003.0", "NM_RUAS_UP": "BTS. KOTA NEGARA - PEKUTATAN", "NM_JBT_UPD": "TK.YEH SATANG", "PROVINSI": "BALI", "No_Prov_26": "40", "ID_Jbt_26": "4000028", "Kd_Ruas_26": "40003", "Suffix_26": " ", "Nm_Ruas_26": "BTS. KOTA NEGARA - PEKUTATAN", "Lintas_26": "JALAN LINTAS SELATAN", "No_Jbt_26": "40.003.003.0", "Nm_Jbt_26": "TK.YEH SATANG", "Status_26": "N", "Fungsi_26": "A", "Lks_Dr_26": "DPS", "Lks_km_26": 734, "F_STA_26": "3205", "Cadin_26": "JEMBRANA", "Pjg_Jbt_26": 42.3, "Btg_Pjg_26": 20.9, "Jml_Btg_26": "2", "Lb_Jl_Ms26": 6.83, "Lb_Jl_Kl26": 6.83, "Lb_Lalin26": 6.33, "Lb_Bh_Ki26": 0.38, "Lb_Bh_Ka26": 0.29, "Lb_Dr_Ki26": 0.13, "Lb_Dr_Ka26": 0.12, "Lb_Tr_Ki26": 0.37, "Lb_Tr_Ka26": 0.38, "Lb_TS_Ki26": 0.18, "Lb_TS_Ka26": 0.18, "Lb_Med_26": 0.0, "Lbr_Jbt_26": 8.36, "Bgn_Ats_26": "GTP", "Jns_Jbt_26": "STANDAR", "Thn_Bgn_26": "1980", "BA_26": "1", "LNT_26": "1", "BB_26": "2", "DAS_26": "1", "OP_26": "0", "UT_26": "0", "GR_26": "0", "LB_26": "0", "JBT_26": "2", "Tp_Lnts_26": "SUNGAI", "Dt_Lnts_26": "LURUS", "Pnangnn_26": "BERKALA", "Pmriksn_26": "RUTIN", "Pnglola_26": "BBPJN JAWA TIMUR - BALI", "Satkr_ID26": "693912", "PPK_Name26": "PPK 1.2", "Traffic_26": "21592", "VCR_26": "0.286", "AADT_26": "21592", "Tipe_Jb_26": "", "Lat_26": -8.411748, "Long_26": 114.804611, "Tgl_Ins_26": "46178", "Ket_26": " " }, "geometry": { "type": "Point", "coordinates": [ 114.804611, -8.411748 ] } },
{ "type": "Feature", "properties": { "FID": 15913, "KDRUAS_UPD": "40003", "NOJBT_UPD": "40.003.004.0", "NM_RUAS_UP": "BTS. KOTA NEGARA - PEKUTATAN", "NM_JBT_UPD": "PK.WANI", "PROVINSI": "BALI", "No_Prov_26": "40", "ID_Jbt_26": "4000029", "Kd_Ruas_26": "40003", "Suffix_26": " ", "Nm_Ruas_26": "BTS. KOTA NEGARA - PEKUTATAN", "Lintas_26": "JALAN LINTAS SELATAN", "No_Jbt_26": "40.003.004.0", "Nm_Jbt_26": "PK.WANI", "Status_26": "N", "Fungsi_26": "A", "Lks_Dr_26": "DPS", "Lks_km_26": 753, "F_STA_26": "5060", "Cadin_26": "JEMBRANA", "Pjg_Jbt_26": 12.8, "Btg_Pjg_26": 3.2, "Jml_Btg_26": "4", "Lb_Jl_Ms26": 6.42, "Lb_Jl_Kl26": 6.42, "Lb_Lalin26": 6.42, "Lb_Bh_Ki26": 0.31, "Lb_Bh_Ka26": 0.31, "Lb_Dr_Ki26": 0.0, "Lb_Dr_Ka26": 0.0, "Lb_Tr_Ki26": 1.08, "Lb_Tr_Ka26": 1.05, "Lb_TS_Ki26": 0.0, "Lb_TS_Ka26": 0.0, "Lb_Med_26": 0.0, "Lbr_Jbt_26": 9.17, "Bgn_Ats_26": "PTP", "Jns_Jbt_26": "STANDAR", "Thn_Bgn_26": "1974", "BA_26": "2", "LNT_26": "2", "BB_26": "2", "DAS_26": "2", "OP_26": "2", "UT_26": "0", "GR_26": "0", "LB_26": "0", "JBT_26": "2", "Tp_Lnts_26": "SUNGAI", "Dt_Lnts_26": "LURUS", "Pnangnn_26": "RUTIN", "Pmriksn_26": "DETAIL", "Pnglola_26": "BBPJN JAWA TIMUR - BALI", "Satkr_ID26": "693912", "PPK_Name26": "PPK 1.2", "Traffic_26": "21592", "VCR_26": "0.286", "AADT_26": "21592", "Tipe_Jb_26": "", "Lat_26": -8.402419, "Long_26": 114.792229, "Tgl_Ins_26": "46178", "Ket_26": " " }, "geometry": { "type": "Point", "coordinates": [ 114.792229, -8.402419 ] } },
{ "type": "Feature", "properties": { "FID": 15914, "KDRUAS_UPD": "40003", "NOJBT_UPD": "40.003.005.0", "NM_RUAS_UP": "BTS. KOTA NEGARA - PEKUTATAN", "NM_JBT_UPD": "TK.YEH SUMBUL", "PROVINSI": "BALI", "No_Prov_26": "40", "ID_Jbt_26": "4000030", "Kd_Ruas_26": "40003", "Suffix_26": " ", "Nm_Ruas_26": "BTS. KOTA NEGARA - PEKUTATAN", "Lintas_26": "JALAN LINTAS SELATAN", "No_Jbt_26": "40.003.005.0", "Nm_Jbt_26": "TK.YEH SUMBUL", "Status_26": "N", "Fungsi_26": "A", "Lks_Dr_26": "DPS", "Lks_km_26": 758, "F_STA_26": "5523", "Cadin_26": "JEMBRANA", "Pjg_Jbt_26": 80.85, "Btg_Pjg_26": 29.89, "Jml_Btg_26": "3", "Lb_Jl_Ms26": 6.04, "Lb_Jl_Kl26": 6.02, "Lb_Lalin26": 5.3, "Lb_Bh_Ki26": 0.29, "Lb_Bh_Ka26": 0.29, "Lb_Dr_Ki26": 0.15, "Lb_Dr_Ka26": 0.1, "Lb_Tr_Ki26": 0.71, "Lb_Tr_Ka26": 0.7, "Lb_TS_Ki26": 0.0, "Lb_TS_Ka26": 0.0, "Lb_Med_26": 0.0, "Lbr_Jbt_26": 7.54, "Bgn_Ats_26": "GTP", "Jns_Jbt_26": "STANDAR", "Thn_Bgn_26": "1980", "BA_26": "2", "LNT_26": "2", "BB_26": "2", "DAS_26": "0", "OP_26": "0", "UT_26": "0", "GR_26": "0", "LB_26": "0", "JBT_26": "2", "Tp_Lnts_26": "SUNGAI", "Dt_Lnts_26": "LURUS", "Pnangnn_26": "RUTIN", "Pmriksn_26": "DETAIL", "Pnglola_26": "BBPJN JAWA TIMUR - BALI", "Satkr_ID26": "693912", "PPK_Name26": "PPK 1.2", "Traffic_26": "21592", "VCR_26": "0.286", "AADT_26": "21592", "Tipe_Jb_26": "", "Lat_26": -8.40134, "Long_26": 114.788155, "Tgl_Ins_26": "46178", "Ket_26": " " }, "geometry": { "type": "Point", "coordinates": [ 114.788155, -8.40134 ] } },
{ "type": "Feature", "properties": { "FID": 15915, "KDRUAS_UPD": "40003", "NOJBT_UPD": "40.003.007.0", "NM_RUAS_UP": "BTS. KOTA NEGARA - PEKUTATAN", "NM_JBT_UPD": "TK.YEH EMBANG II", "PROVINSI": "BALI", "No_Prov_26": "40", "ID_Jbt_26": "4000032", "Kd_Ruas_26": "40003", "Suffix_26": " ", "Nm_Ruas_26": "BTS. KOTA NEGARA - PEKUTATAN", "Lintas_26": "JALAN LINTAS SELATAN", "No_Jbt_26": "40.003.007.0", "Nm_Jbt_26": "TK.YEH EMBANG II", "Status_26": "N", "Fungsi_26": "A", "Lks_Dr_26": "DPS", "Lks_km_26": 801, "F_STA_26": "9900", "Cadin_26": "JEMBRANA", "Pjg_Jbt_26": 40.8, "Btg_Pjg_26": 15.2, "Jml_Btg_26": "3", "Lb_Jl_Ms26": 5.93, "Lb_Jl_Kl26": 5.93, "Lb_Lalin26": 5.42, "Lb_Bh_Ki26": 0.27, "Lb_Bh_Ka26": 0.28, "Lb_Dr_Ki26": 0.11, "Lb_Dr_Ka26": 0.12, "Lb_Tr_Ki26": 0.5, "Lb_Tr_Ka26": 0.5, "Lb_TS_Ki26": 0.25, "Lb_TS_Ka26": 0.24, "Lb_Med_26": 0.0, "Lbr_Jbt_26": 7.69, "Bgn_Ats_26": "GTP", "Jns_Jbt_26": "STANDAR", "Thn_Bgn_26": "1973", "BA_26": "3", "LNT_26": "2", "BB_26": "2", "DAS_26": "1", "OP_26": "0", "UT_26": "0", "GR_26": "0", "LB_26": "0", "JBT_26": "3", "Tp_Lnts_26": "SUNGAI", "Dt_Lnts_26": "LURUS", "Pnangnn_26": "REHABILITASI", "Pmriksn_26": "RUTIN", "Pnglola_26": "BBPJN JAWA TIMUR - BALI", "Satkr_ID26": "693912", "PPK_Name26": "PPK 1.2", "Traffic_26": "21592", "VCR_26": "0.286", "AADT_26": "21592", "Tipe_Jb_26": "", "Lat_26": -8.39168, "Long_26": 114.752747, "Tgl_Ins_26": "46178", "Ket_26": " " }, "geometry": { "type": "Point", "coordinates": [ 114.752747, -8.39168 ] } },
{ "type": "Feature", "properties": { "FID": 15916, "KDRUAS_UPD": "40003", "NOJBT_UPD": "40.003.008.0", "NM_RUAS_UP": "BTS. KOTA NEGARA - PEKUTATAN", "NM_JBT_UPD": "TK.YEH BUAH", "PROVINSI": "BALI", "No_Prov_26": "40", "ID_Jbt_26": "4000033", "Kd_Ruas_26": "40003", "Suffix_26": " ", "Nm_Ruas_26": "BTS. KOTA NEGARA - PEKUTATAN", "Lintas_26": "JALAN LINTAS SELATAN", "No_Jbt_26": "40.003.008.0", "Nm_Jbt_26": "TK.YEH BUAH", "Status_26": "N", "Fungsi_26": "A", "Lks_Dr_26": "DPS", "Lks_km_26": 817, "F_STA_26": "11576", "Cadin_26": "JEMBRANA", "Pjg_Jbt_26": 20.6, "Btg_Pjg_26": 20.1, "Jml_Btg_26": "1", "Lb_Jl_Ms26": 6.32, "Lb_Jl_Kl26": 6.32, "Lb_Lalin26": 6.32, "Lb_Bh_Ki26": 0.32, "Lb_Bh_Ka26": 0.34, "Lb_Dr_Ki26": 0.06, "Lb_Dr_Ka26": 0.1, "Lb_Tr_Ki26": 1.34, "Lb_Tr_Ka26": 1.32, "Lb_TS_Ki26": 0.0, "Lb_TS_Ka26": 0.0, "Lb_Med_26": 0.0, "Lbr_Jbt_26": 9.8, "Bgn_Ats_26": "GTP", "Jns_Jbt_26": "STANDAR", "Thn_Bgn_26": "1976", "BA_26": "2", "LNT_26": "2", "BB_26": "0", "DAS_26": "0", "OP_26": "0", "UT_26": "0", "GR_26": "0", "LB_26": "0", "JBT_26": "2", "Tp_Lnts_26": "SUNGAI", "Dt_Lnts_26": "BERKELOK (MEANDER)", "Pnangnn_26": "RUTIN", "Pmriksn_26": "DETAIL", "Pnglola_26": "BBPJN JAWA TIMUR - BALI", "Satkr_ID26": "693912", "PPK_Name26": "PPK 1.2", "Traffic_26": "21592", "VCR_26": "0.286", "AADT_26": "21592", "Tipe_Jb_26": "", "Lat_26": -8.389964, "Long_26": 114.738136, "Tgl_Ins_26": "46178", "Ket_26": " " }, "geometry": { "type": "Point", "coordinates": [ 114.738136, -8.389964 ] } },
{ "type": "Feature", "properties": { "FID": 15917, "KDRUAS_UPD": "40003", "NOJBT_UPD": "40.003.009.0", "NM_RUAS_UP": "BTS. KOTA NEGARA - PEKUTATAN", "NM_JBT_UPD": "TK.BILUK POH", "PROVINSI": "BALI", "No_Prov_26": "40", "ID_Jbt_26": "4000034", "Kd_Ruas_26": "40003", "Suffix_26": " ", "Nm_Ruas_26": "BTS. KOTA NEGARA - PEKUTATAN", "Lintas_26": "JALAN LINTAS SELATAN", "No_Jbt_26": "40.003.009.0", "Nm_Jbt_26": "TK.BILUK POH", "Status_26": "N", "Fungsi_26": "A", "Lks_Dr_26": "DPS", "Lks_km_26": 858, "F_STA_26": "15600", "Cadin_26": "JEMBRANA", "Pjg_Jbt_26": 63.4, "Btg_Pjg_26": 20.9, "Jml_Btg_26": "3", "Lb_Jl_Ms26": 5.42, "Lb_Jl_Kl26": 5.42, "Lb_Lalin26": 5.42, "Lb_Bh_Ki26": 0.27, "Lb_Bh_Ka26": 0.26, "Lb_Dr_Ki26": 0.11, "Lb_Dr_Ka26": 0.09, "Lb_Tr_Ki26": 0.35, "Lb_Tr_Ka26": 0.41, "Lb_TS_Ki26": 0.17, "Lb_TS_Ka26": 0.16, "Lb_Med_26": 0.0, "Lbr_Jbt_26": 7.24, "Bgn_Ats_26": "GTP", "Jns_Jbt_26": "STANDAR", "Thn_Bgn_26": "1980", "BA_26": "3", "LNT_26": "0", "BB_26": "1", "DAS_26": "3", "OP_26": "1", "UT_26": "0", "GR_26": "0", "LB_26": "0", "JBT_26": "3", "Tp_Lnts_26": "SUNGAI", "Dt_Lnts_26": "BERKELOK (MEANDER)", "Pnangnn_26": "RUTIN", "Pmriksn_26": "DETAIL", "Pnglola_26": "BBPJN JAWA TIMUR - BALI", "Satkr_ID26": "693912", "PPK_Name26": "PPK 1.2", "Traffic_26": "21592", "VCR_26": "0.286", "AADT_26": "21592", "Tipe_Jb_26": "", "Lat_26": -8.382784, "Long_26": 114.703697, "Tgl_Ins_26": "46178", "Ket_26": " " }, "geometry": { "type": "Point", "coordinates": [ 114.703697, -8.382784 ] } },
{ "type": "Feature", "properties": { "FID": 15918, "KDRUAS_UPD": "40003", "NOJBT_UPD": "40.003.011.0", "NM_RUAS_UP": "BTS. KOTA NEGARA - PEKUTATAN", "NM_JBT_UPD": "TK.PERGUNG", "PROVINSI": "BALI", "No_Prov_26": "40", "ID_Jbt_26": "4000036", "Kd_Ruas_26": "40003", "Suffix_26": " ", "Nm_Ruas_26": "BTS. KOTA NEGARA - PEKUTATAN", "Lintas_26": "JALAN LINTAS SELATAN", "No_Jbt_26": "40.003.011.0", "Nm_Jbt_26": "TK.PERGUNG", "Status_26": "N", "Fungsi_26": "A", "Lks_Dr_26": "DPS", "Lks_km_26": 887, "F_STA_26": "18500", "Cadin_26": "JEMBRANA", "Pjg_Jbt_26": 42.3, "Btg_Pjg_26": 20.84, "Jml_Btg_26": "2", "Lb_Jl_Ms26": 7.1, "Lb_Jl_Kl26": 7.1, "Lb_Lalin26": 6.34, "Lb_Bh_Ki26": 0.3, "Lb_Bh_Ka26": 0.28, "Lb_Dr_Ki26": 0.1, "Lb_Dr_Ka26": 0.11, "Lb_Tr_Ki26": 1.16, "Lb_Tr_Ka26": 1.15, "Lb_TS_Ki26": 0.18, "Lb_TS_Ka26": 0.18, "Lb_Med_26": 0.0, "Lbr_Jbt_26": 9.8, "Bgn_Ats_26": "GTP", "Jns_Jbt_26": "STANDAR", "Thn_Bgn_26": "1979", "BA_26": "2", "LNT_26": "1", "BB_26": "0", "DAS_26": "1", "OP_26": "1", "UT_26": "0", "GR_26": "0", "LB_26": "0", "JBT_26": "2", "Tp_Lnts_26": "SUNGAI", "Dt_Lnts_26": "LURUS", "Pnangnn_26": "RUTIN", "Pmriksn_26": "DETAIL", "Pnglola_26": "BBPJN JAWA TIMUR - BALI", "Satkr_ID26": "693912", "PPK_Name26": "PPK 1.2", "Traffic_26": "21592", "VCR_26": "0.286", "AADT_26": "21592", "Tipe_Jb_26": "", "Lat_26": -8.373228, "Long_26": 114.682259, "Tgl_Ins_26": "46178", "Ket_26": " " }, "geometry": { "type": "Point", "coordinates": [ 114.682259, -8.373228 ] } },
{ "type": "Feature", "properties": { "FID": 15919, "KDRUAS_UPD": "40003", "NOJBT_UPD": "40.003.012.0", "NM_RUAS_UP": "BTS. KOTA NEGARA - PEKUTATAN", "NM_JBT_UPD": "TK.MENDOYO", "PROVINSI": "BALI", "No_Prov_26": "40", "ID_Jbt_26": "4000037", "Kd_Ruas_26": "40003", "Suffix_26": " ", "Nm_Ruas_26": "BTS. KOTA NEGARA - PEKUTATAN", "Lintas_26": "JALAN LINTAS SELATAN", "No_Jbt_26": "40.003.012.0", "Nm_Jbt_26": "TK.MENDOYO", "Status_26": "N", "Fungsi_26": "A", "Lks_Dr_26": "DPS", "Lks_km_26": 902, "F_STA_26": "20040", "Cadin_26": "JEMBRANA", "Pjg_Jbt_26": 13.5, "Btg_Pjg_26": 12.9, "Jml_Btg_26": "1", "Lb_Jl_Ms26": 6.45, "Lb_Jl_Kl26": 6.45, "Lb_Lalin26": 6.45, "Lb_Bh_Ki26": 0.25, "Lb_Bh_Ka26": 0.21, "Lb_Dr_Ki26": 0.1, "Lb_Dr_Ka26": 0.1, "Lb_Tr_Ki26": 1.16, "Lb_Tr_Ka26": 1.16, "Lb_TS_Ki26": 0.17, "Lb_TS_Ka26": 0.18, "Lb_Med_26": 0.0, "Lbr_Jbt_26": 9.78, "Bgn_Ats_26": "GTP", "Jns_Jbt_26": "STANDAR", "Thn_Bgn_26": "1979", "BA_26": "0", "LNT_26": "0", "BB_26": "2", "DAS_26": "0", "OP_26": "2", "UT_26": "0", "GR_26": "0", "LB_26": "0", "JBT_26": "2", "Tp_Lnts_26": "SUNGAI", "Dt_Lnts_26": "BERKELOK (MEANDER)", "Pnangnn_26": "RUTIN", "Pmriksn_26": "DETAIL", "Pnglola_26": "BBPJN JAWA TIMUR - BALI", "Satkr_ID26": "693912", "PPK_Name26": "PPK 1.2", "Traffic_26": "21592", "VCR_26": "0.286", "AADT_26": "21592", "Tipe_Jb_26": "", "Lat_26": -8.368461, "Long_26": 114.669289, "Tgl_Ins_26": "46178", "Ket_26": " " }, "geometry": { "type": "Point", "coordinates": [ 114.669289, -8.368461 ] } },
{ "type": "Feature", "properties": { "FID": 15920, "KDRUAS_UPD": "4000311", "NOJBT_UPD": "40.003.013.0.11", "NM_RUAS_UP": "JLN. SUDIRMAN, GAJAHMADA  (NEGARA)", "NM_JBT_UPD": "TK.SEBUAL", "PROVINSI": "BALI", "No_Prov_26": "40", "ID_Jbt_26": "4000038", "Kd_Ruas_26": "4000311", "Suffix_26": " ", "Nm_Ruas_26": "JLN. SUDIRMAN, GAJAHMADA  (NEGARA)", "Lintas_26": "JALAN LINTAS SELATAN", "No_Jbt_26": "40.003.013.0.11", "Nm_Jbt_26": "TK.SEBUAL", "Status_26": "N", "Fungsi_26": "A", "Lks_Dr_26": "DPS", "Lks_km_26": 917, "F_STA_26": "962", "Cadin_26": "JEMBRANA", "Pjg_Jbt_26": 10.4, "Btg_Pjg_26": 10.0, "Jml_Btg_26": "1", "Lb_Jl_Ms26": 9.92, "Lb_Jl_Kl26": 9.92, "Lb_Lalin26": 9.92, "Lb_Bh_Ki26": 1.14, "Lb_Bh_Ka26": 1.43, "Lb_Dr_Ki26": 0.0, "Lb_Dr_Ka26": 0.0, "Lb_Tr_Ki26": 1.34, "Lb_Tr_Ka26": 1.37, "Lb_TS_Ki26": 0.32, "Lb_TS_Ka26": 0.31, "Lb_Med_26": 0.0, "Lbr_Jbt_26": 15.83, "Bgn_Ats_26": "MBP", "Jns_Jbt_26": "STANDAR", "Thn_Bgn_26": "1980", "BA_26": "2", "LNT_26": "2", "BB_26": "2", "DAS_26": "2", "OP_26": "1", "UT_26": "0", "GR_26": "0", "LB_26": "0", "JBT_26": "2", "Tp_Lnts_26": "SUNGAI", "Dt_Lnts_26": "LURUS", "Pnangnn_26": "RUTIN", "Pmriksn_26": "DETAIL", "Pnglola_26": "BBPJN JAWA TIMUR - BALI", "Satkr_ID26": "693912", "PPK_Name26": "PPK 1.2", "Traffic_26": "26100", "VCR_26": "0.662", "AADT_26": "26100", "Tipe_Jb_26": "", "Lat_26": -8.364789, "Long_26": 114.65622, "Tgl_Ins_26": "46178", "Ket_26": " " }, "geometry": { "type": "Point", "coordinates": [ 114.65622, -8.364789 ] } },
{ "type": "Feature", "properties": { "FID": 15921, "KDRUAS_UPD": "4000311", "NOJBT_UPD": "40.003.014.0.11", "NM_RUAS_UP": "JLN. SUDIRMAN, GAJAHMADA  (NEGARA)", "NM_JBT_UPD": "TK.KELADIAN", "PROVINSI": "BALI", "No_Prov_26": "40", "ID_Jbt_26": "4000039", "Kd_Ruas_26": "4000311", "Suffix_26": " ", "Nm_Ruas_26": "JLN. SUDIRMAN, GAJAHMADA  (NEGARA)", "Lintas_26": "JALAN LINTAS SELATAN", "No_Jbt_26": "40.003.014.0.11", "Nm_Jbt_26": "TK.KELADIAN", "Status_26": "N", "Fungsi_26": "A", "Lks_Dr_26": "DPS", "Lks_km_26": 929, "F_STA_26": "2193", "Cadin_26": "JEMBRANA", "Pjg_Jbt_26": 31.2, "Btg_Pjg_26": 31.1, "Jml_Btg_26": "1", "Lb_Jl_Ms26": 11.68, "Lb_Jl_Kl26": 11.68, "Lb_Lalin26": 11.68, "Lb_Bh_Ki26": 0.46, "Lb_Bh_Ka26": 0.47, "Lb_Dr_Ki26": 0.0, "Lb_Dr_Ka26": 0.0, "Lb_Tr_Ki26": 1.25, "Lb_Tr_Ka26": 1.27, "Lb_TS_Ki26": 0.0, "Lb_TS_Ka26": 0.0, "Lb_Med_26": 0.0, "Lbr_Jbt_26": 15.13, "Bgn_Ats_26": "GPP", "Jns_Jbt_26": "STANDAR", "Thn_Bgn_26": "2016", "BA_26": "2", "LNT_26": "2", "BB_26": "1", "DAS_26": "0", "OP_26": "2", "UT_26": "0", "GR_26": "0", "LB_26": "0", "JBT_26": "2", "Tp_Lnts_26": "SUNGAI", "Dt_Lnts_26": "LURUS", "Pnangnn_26": "RUTIN", "Pmriksn_26": "DETAIL", "Pnglola_26": "BBPJN JAWA TIMUR - BALI", "Satkr_ID26": "693912", "PPK_Name26": "PPK 1.2", "Traffic_26": "26100", "VCR_26": "0.662", "AADT_26": "26100", "Tipe_Jb_26": "", "Lat_26": -8.361669, "Long_26": 114.6455, "Tgl_Ins_26": "46179", "Ket_26": " " }, "geometry": { "type": "Point", "coordinates": [ 114.6455, -8.361669 ] } },
{ "type": "Feature", "properties": { "FID": 15922, "KDRUAS_UPD": "4000311", "NOJBT_UPD": "40.003.015.0.11", "NM_RUAS_UP": "JLN. SUDIRMAN, GAJAHMADA  (NEGARA)", "NM_JBT_UPD": "TK.DAUH WARU", "PROVINSI": "BALI", "No_Prov_26": "40", "ID_Jbt_26": "4000040", "Kd_Ruas_26": "4000311", "Suffix_26": " ", "Nm_Ruas_26": "JLN. SUDIRMAN, GAJAHMADA  (NEGARA)", "Lintas_26": "JALAN LINTAS SELATAN", "No_Jbt_26": "40.003.015.0.11", "Nm_Jbt_26": "TK.DAUH WARU", "Status_26": "N", "Fungsi_26": "A", "Lks_Dr_26": "DPS", "Lks_km_26": 931, "F_STA_26": "2397", "Cadin_26": "JEMBRANA", "Pjg_Jbt_26": 6.3, "Btg_Pjg_26": 6.3, "Jml_Btg_26": "1", "Lb_Jl_Ms26": 12.01, "Lb_Jl_Kl26": 12.01, "Lb_Lalin26": 12.01, "Lb_Bh_Ki26": 0.71, "Lb_Bh_Ka26": 1.16, "Lb_Dr_Ki26": 0.13, "Lb_Dr_Ka26": 0.2, "Lb_Tr_Ki26": 1.12, "Lb_Tr_Ka26": 1.24, "Lb_TS_Ki26": 0.25, "Lb_TS_Ka26": 0.25, "Lb_Med_26": 0.0, "Lbr_Jbt_26": 17.07, "Bgn_Ats_26": "MBP", "Jns_Jbt_26": "STANDAR", "Thn_Bgn_26": "1984", "BA_26": "3", "LNT_26": "1", "BB_26": "1", "DAS_26": "1", "OP_26": "0", "UT_26": "0", "GR_26": "0", "LB_26": "0", "JBT_26": "3", "Tp_Lnts_26": "SUNGAI", "Dt_Lnts_26": "BERKELOK (MEANDER)", "Pnangnn_26": "REHABILITASI", "Pmriksn_26": "RUTIN", "Pnglola_26": "BBPJN JAWA TIMUR - BALI", "Satkr_ID26": "693912", "PPK_Name26": "PPK 1.2", "Traffic_26": "26100", "VCR_26": "0.662", "AADT_26": "26100", "Tipe_Jb_26": "", "Lat_26": -8.361182, "Long_26": 114.643722, "Tgl_Ins_26": "46179", "Ket_26": " " }, "geometry": { "type": "Point", "coordinates": [ 114.643722, -8.361182 ] } },
{ "type": "Feature", "properties": { "FID": 15923, "KDRUAS_UPD": "4000311", "NOJBT_UPD": "40.003.016.0.11", "NM_RUAS_UP": "JLN. SUDIRMAN, GAJAHMADA  (NEGARA)", "NM_JBT_UPD": "PK.LAMPAH", "PROVINSI": "BALI", "No_Prov_26": "40", "ID_Jbt_26": "4000041", "Kd_Ruas_26": "4000311", "Suffix_26": " ", "Nm_Ruas_26": "JLN. SUDIRMAN, GAJAHMADA  (NEGARA)", "Lintas_26": "JALAN LINTAS SELATAN", "No_Jbt_26": "40.003.016.0.11", "Nm_Jbt_26": "PK.LAMPAH", "Status_26": "N", "Fungsi_26": "A", "Lks_Dr_26": "DPS", "Lks_km_26": 949, "F_STA_26": "4200", "Cadin_26": "JEMBRANA", "Pjg_Jbt_26": 8.4, "Btg_Pjg_26": 8.4, "Jml_Btg_26": "1", "Lb_Jl_Ms26": 17.29, "Lb_Jl_Kl26": 17.29, "Lb_Lalin26": 17.29, "Lb_Bh_Ki26": 0.55, "Lb_Bh_Ka26": 1.36, "Lb_Dr_Ki26": 0.15, "Lb_Dr_Ka26": 0.12, "Lb_Tr_Ki26": 1.35, "Lb_Tr_Ka26": 1.33, "Lb_TS_Ki26": 0.21, "Lb_TS_Ka26": 0.2, "Lb_Med_26": 0.0, "Lbr_Jbt_26": 22.56, "Bgn_Ats_26": "GTP", "Jns_Jbt_26": "STANDAR", "Thn_Bgn_26": "1980", "BA_26": "2", "LNT_26": "0", "BB_26": "2", "DAS_26": "0", "OP_26": "2", "UT_26": "0", "GR_26": "0", "LB_26": "0", "JBT_26": "2", "Tp_Lnts_26": "SUNGAI", "Dt_Lnts_26": "BERKELOK (MEANDER)", "Pnangnn_26": "RUTIN", "Pmriksn_26": "DETAIL", "Pnglola_26": "BBPJN JAWA TIMUR - BALI", "Satkr_ID26": "693912", "PPK_Name26": "PPK 1.2", "Traffic_26": "26100", "VCR_26": "0.662", "AADT_26": "26100", "Tipe_Jb_26": "", "Lat_26": -8.357469, "Long_26": 114.627922, "Tgl_Ins_26": "46179", "Ket_26": " " }, "geometry": { "type": "Point", "coordinates": [ 114.627922, -8.357469 ] } },
{ "type": "Feature", "properties": { "FID": 15924, "KDRUAS_UPD": "40004", "NOJBT_UPD": "40.004.001.0", "NM_RUAS_UP": "PEKUTATAN - ANTOSARI", "NM_JBT_UPD": "TK.MELUANG", "PROVINSI": "BALI", "No_Prov_26": "40", "ID_Jbt_26": "4000042", "Kd_Ruas_26": "40004", "Suffix_26": " ", "Nm_Ruas_26": "PEKUTATAN - ANTOSARI", "Lintas_26": "JALAN LINTAS SELATAN", "No_Jbt_26": "40.004.001.0", "Nm_Jbt_26": "TK.MELUANG", "Status_26": "N", "Fungsi_26": "A", "Lks_Dr_26": "DPS", "Lks_km_26": 4523, "F_STA_26": "5052", "Cadin_26": "TABANAN", "Pjg_Jbt_26": 26.0, "Btg_Pjg_26": 12.63, "Jml_Btg_26": "2", "Lb_Jl_Ms26": 6.07, "Lb_Jl_Kl26": 6.07, "Lb_Lalin26": 6.07, "Lb_Bh_Ki26": 0.28, "Lb_Bh_Ka26": 0.42, "Lb_Dr_Ki26": 0.11, "Lb_Dr_Ka26": 0.1, "Lb_Tr_Ki26": 1.0, "Lb_Tr_Ka26": 1.05, "Lb_TS_Ki26": 0.0, "Lb_TS_Ka26": 0.0, "Lb_Med_26": 0.0, "Lbr_Jbt_26": 9.03, "Bgn_Ats_26": "GTP", "Jns_Jbt_26": "STANDAR", "Thn_Bgn_26": "1974", "BA_26": "2", "LNT_26": "2", "BB_26": "2", "DAS_26": "0", "OP_26": "2", "UT_26": "0", "GR_26": "0", "LB_26": "0", "JBT_26": "2", "Tp_Lnts_26": "SUNGAI", "Dt_Lnts_26": "LURUS", "Pnangnn_26": "RUTIN", "Pmriksn_26": "DETAIL", "Pnglola_26": "BBPJN JAWA TIMUR - BALI", "Satkr_ID26": "693912", "PPK_Name26": "PPK 1.2", "Traffic_26": "24668", "VCR_26": "0.204", "AADT_26": "24668", "Tipe_Jb_26": "", "Lat_26": -8.526182, "Long_26": 114.99585, "Tgl_Ins_26": "46175", "Ket_26": " " }, "geometry": { "type": "Point", "coordinates": [ 114.99585, -8.526182 ] } },
{ "type": "Feature", "properties": { "FID": 15925, "KDRUAS_UPD": "40004", "NOJBT_UPD": "40.004.002.0", "NM_RUAS_UP": "PEKUTATAN - ANTOSARI", "NM_JBT_UPD": "TK.PAYAN", "PROVINSI": "BALI", "No_Prov_26": "40", "ID_Jbt_26": "4000043", "Kd_Ruas_26": "40004", "Suffix_26": " ", "Nm_Ruas_26": "PEKUTATAN - ANTOSARI", "Lintas_26": "JALAN LINTAS SELATAN", "No_Jbt_26": "40.004.002.0", "Nm_Jbt_26": "TK.PAYAN", "Status_26": "N", "Fungsi_26": "A", "Lks_Dr_26": "DPS", "Lks_km_26": 4535, "F_STA_26": "5175", "Cadin_26": "TABANAN", "Pjg_Jbt_26": 38.5, "Btg_Pjg_26": 12.7, "Jml_Btg_26": "3", "Lb_Jl_Ms26": 6.25, "Lb_Jl_Kl26": 6.25, "Lb_Lalin26": 6.25, "Lb_Bh_Ki26": 0.21, "Lb_Bh_Ka26": 0.29, "Lb_Dr_Ki26": 0.2, "Lb_Dr_Ka26": 0.09, "Lb_Tr_Ki26": 1.0, "Lb_Tr_Ka26": 1.01, "Lb_TS_Ki26": 0.0, "Lb_TS_Ka26": 0.0, "Lb_Med_26": 0.0, "Lbr_Jbt_26": 9.05, "Bgn_Ats_26": "GTP", "Jns_Jbt_26": "STANDAR", "Thn_Bgn_26": "1974", "BA_26": "3", "LNT_26": "2", "BB_26": "2", "DAS_26": "1", "OP_26": "1", "UT_26": "1", "GR_26": "0", "LB_26": "0", "JBT_26": "3", "Tp_Lnts_26": "SUNGAI", "Dt_Lnts_26": "BERKELOK (MEANDER)", "Pnangnn_26": "REHABILITASI", "Pmriksn_26": "RUTIN", "Pnglola_26": "BBPJN JAWA TIMUR - BALI", "Satkr_ID26": "693912", "PPK_Name26": "PPK 1.2", "Traffic_26": "24668", "VCR_26": "0.204", "AADT_26": "24668", "Tipe_Jb_26": "", "Lat_26": -8.525284, "Long_26": 114.995377, "Tgl_Ins_26": "46175", "Ket_26": " " }, "geometry": { "type": "Point", "coordinates": [ 114.995377, -8.525284 ] } },
{ "type": "Feature", "properties": { "FID": 15926, "KDRUAS_UPD": "40004", "NOJBT_UPD": "40.004.003.0", "NM_RUAS_UP": "PEKUTATAN - ANTOSARI", "NM_JBT_UPD": "TK.YEH PUTEK", "PROVINSI": "BALI", "No_Prov_26": "40", "ID_Jbt_26": "4000044", "Kd_Ruas_26": "40004", "Suffix_26": " ", "Nm_Ruas_26": "PEKUTATAN - ANTOSARI", "Lintas_26": "JALAN LINTAS SELATAN", "No_Jbt_26": "40.004.003.0", "Nm_Jbt_26": "TK.YEH PUTEK", "Status_26": "N", "Fungsi_26": "A", "Lks_Dr_26": "DPS", "Lks_km_26": 4655, "F_STA_26": "6330", "Cadin_26": "TABANAN", "Pjg_Jbt_26": 25.8, "Btg_Pjg_26": 12.9, "Jml_Btg_26": "2", "Lb_Jl_Ms26": 6.03, "Lb_Jl_Kl26": 6.03, "Lb_Lalin26": 6.03, "Lb_Bh_Ki26": 0.4, "Lb_Bh_Ka26": 0.33, "Lb_Dr_Ki26": 0.1, "Lb_Dr_Ka26": 0.09, "Lb_Tr_Ki26": 1.02, "Lb_Tr_Ka26": 0.79, "Lb_TS_Ki26": 0.0, "Lb_TS_Ka26": 0.0, "Lb_Med_26": 0.0, "Lbr_Jbt_26": 8.76, "Bgn_Ats_26": "GTP", "Jns_Jbt_26": "STANDAR", "Thn_Bgn_26": "1972", "BA_26": "1", "LNT_26": "1", "BB_26": "0", "DAS_26": "2", "OP_26": "1", "UT_26": "0", "GR_26": "0", "LB_26": "0", "JBT_26": "2", "Tp_Lnts_26": "SUNGAI", "Dt_Lnts_26": "LURUS", "Pnangnn_26": "RUTIN", "Pmriksn_26": "DETAIL", "Pnglola_26": "BBPJN JAWA TIMUR - BALI", "Satkr_ID26": "693912", "PPK_Name26": "PPK 1.2", "Traffic_26": "24668", "VCR_26": "0.204", "AADT_26": "24668", "Tipe_Jb_26": "", "Lat_26": -8.518886, "Long_26": 114.987923, "Tgl_Ins_26": "46175", "Ket_26": " " }, "geometry": { "type": "Point", "coordinates": [ 114.987923, -8.518886 ] } },
{ "type": "Feature", "properties": { "FID": 15927, "KDRUAS_UPD": "40004", "NOJBT_UPD": "40.004.004.0", "NM_RUAS_UP": "PEKUTATAN - ANTOSARI", "NM_JBT_UPD": "PANGKUNG IBUS", "PROVINSI": "BALI", "No_Prov_26": "40", "ID_Jbt_26": "4000045", "Kd_Ruas_26": "40004", "Suffix_26": " ", "Nm_Ruas_26": "PEKUTATAN - ANTOSARI", "Lintas_26": "JALAN LINTAS SELATAN", "No_Jbt_26": "40.004.004.0", "Nm_Jbt_26": "PANGKUNG IBUS", "Status_26": "N", "Fungsi_26": "A", "Lks_Dr_26": "DPS", "Lks_km_26": 4688, "F_STA_26": "6716", "Cadin_26": "TABANAN", "Pjg_Jbt_26": 12.6, "Btg_Pjg_26": 11.45, "Jml_Btg_26": "1", "Lb_Jl_Ms26": 6.1, "Lb_Jl_Kl26": 6.1, "Lb_Lalin26": 6.1, "Lb_Bh_Ki26": 0.42, "Lb_Bh_Ka26": 0.22, "Lb_Dr_Ki26": 0.08, "Lb_Dr_Ka26": 0.08, "Lb_Tr_Ki26": 0.79, "Lb_Tr_Ka26": 0.78, "Lb_TS_Ki26": 0.13, "Lb_TS_Ka26": 0.12, "Lb_Med_26": 0.0, "Lbr_Jbt_26": 8.72, "Bgn_Ats_26": "GTP", "Jns_Jbt_26": "STANDAR", "Thn_Bgn_26": "1972", "BA_26": "2", "LNT_26": "2", "BB_26": "0", "DAS_26": "2", "OP_26": "2", "UT_26": "0", "GR_26": "0", "LB_26": "0", "JBT_26": "2", "Tp_Lnts_26": "SUNGAI", "Dt_Lnts_26": "BERKELOK (MEANDER)", "Pnangnn_26": "RUTIN", "Pmriksn_26": "DETAIL", "Pnglola_26": "BBPJN JAWA TIMUR - BALI", "Satkr_ID26": "693912", "PPK_Name26": "PPK 1.2", "Traffic_26": "24668", "VCR_26": "0.204", "AADT_26": "24668", "Tipe_Jb_26": "", "Lat_26": -8.516161, "Long_26": 114.986282, "Tgl_Ins_26": "46175", "Ket_26": " " }, "geometry": { "type": "Point", "coordinates": [ 114.986282, -8.516161 ] } },
{ "type": "Feature", "properties": { "FID": 15928, "KDRUAS_UPD": "40004", "NOJBT_UPD": "40.004.005.0", "NM_RUAS_UP": "PEKUTATAN - ANTOSARI", "NM_JBT_UPD": "TK.BONIAN", "PROVINSI": "BALI", "No_Prov_26": "40", "ID_Jbt_26": "4000046", "Kd_Ruas_26": "40004", "Suffix_26": " ", "Nm_Ruas_26": "PEKUTATAN - ANTOSARI", "Lintas_26": "JALAN LINTAS SELATAN", "No_Jbt_26": "40.004.005.0", "Nm_Jbt_26": "TK.BONIAN", "Status_26": "N", "Fungsi_26": "A", "Lks_Dr_26": "DPS", "Lks_km_26": 473, "F_STA_26": "7185", "Cadin_26": "TABANAN", "Pjg_Jbt_26": 11.8, "Btg_Pjg_26": 11.53, "Jml_Btg_26": "1", "Lb_Jl_Ms26": 6.21, "Lb_Jl_Kl26": 6.21, "Lb_Lalin26": 6.21, "Lb_Bh_Ki26": 0.29, "Lb_Bh_Ka26": 0.53, "Lb_Dr_Ki26": 0.0, "Lb_Dr_Ka26": 0.0, "Lb_Tr_Ki26": 0.74, "Lb_Tr_Ka26": 0.75, "Lb_TS_Ki26": 0.17, "Lb_TS_Ka26": 0.17, "Lb_Med_26": 0.0, "Lbr_Jbt_26": 8.86, "Bgn_Ats_26": "GTP", "Jns_Jbt_26": "STANDAR", "Thn_Bgn_26": "1972", "BA_26": "2", "LNT_26": "2", "BB_26": "2", "DAS_26": "1", "OP_26": "1", "UT_26": "1", "GR_26": "0", "LB_26": "0", "JBT_26": "2", "Tp_Lnts_26": "SUNGAI", "Dt_Lnts_26": "BERKELOK (MEANDER)", "Pnangnn_26": "RUTIN", "Pmriksn_26": "RUTIN", "Pnglola_26": "BBPJN JAWA TIMUR - BALI", "Satkr_ID26": "693912", "PPK_Name26": "PPK 1.2", "Traffic_26": "24668", "VCR_26": "0.204", "AADT_26": "24668", "Tipe_Jb_26": "", "Lat_26": -8.513935, "Long_26": 114.983406, "Tgl_Ins_26": "46175", "Ket_26": " " }, "geometry": { "type": "Point", "coordinates": [ 114.983406, -8.513935 ] } },
{ "type": "Feature", "properties": { "FID": 15929, "KDRUAS_UPD": "40004", "NOJBT_UPD": "40.004.006.0", "NM_RUAS_UP": "PEKUTATAN - ANTOSARI", "NM_JBT_UPD": "TK.PATIREMAN", "PROVINSI": "BALI", "No_Prov_26": "40", "ID_Jbt_26": "4000047", "Kd_Ruas_26": "40004", "Suffix_26": " ", "Nm_Ruas_26": "PEKUTATAN - ANTOSARI", "Lintas_26": "JALAN LINTAS SELATAN", "No_Jbt_26": "40.004.006.0", "Nm_Jbt_26": "TK.PATIREMAN", "Status_26": "N", "Fungsi_26": "A", "Lks_Dr_26": "DPS", "Lks_km_26": 4775, "F_STA_26": "7549", "Cadin_26": "TABANAN", "Pjg_Jbt_26": 25.5, "Btg_Pjg_26": 12.57, "Jml_Btg_26": "2", "Lb_Jl_Ms26": 6.67, "Lb_Jl_Kl26": 6.67, "Lb_Lalin26": 6.67, "Lb_Bh_Ki26": 0.0, "Lb_Bh_Ka26": 0.0, "Lb_Dr_Ki26": 0.1, "Lb_Dr_Ka26": 0.12, "Lb_Tr_Ki26": 0.82, "Lb_Tr_Ka26": 0.81, "Lb_TS_Ki26": 0.0, "Lb_TS_Ka26": 0.0, "Lb_Med_26": 0.0, "Lbr_Jbt_26": 8.52, "Bgn_Ats_26": "GTP", "Jns_Jbt_26": "STANDAR", "Thn_Bgn_26": "1973", "BA_26": "2", "LNT_26": "2", "BB_26": "2", "DAS_26": "1", "OP_26": "2", "UT_26": "2", "GR_26": "0", "LB_26": "0", "JBT_26": "2", "Tp_Lnts_26": "SUNGAI", "Dt_Lnts_26": "BERKELOK (MEANDER)", "Pnangnn_26": "RUTIN", "Pmriksn_26": "RUTIN", "Pnglola_26": "BBPJN JAWA TIMUR - BALI", "Satkr_ID26": "693912", "PPK_Name26": "PPK 1.2", "Traffic_26": "24668", "VCR_26": "0.204", "AADT_26": "24668", "Tipe_Jb_26": "", "Lat_26": -8.512338, "Long_26": 114.980492, "Tgl_Ins_26": "46176", "Ket_26": " " }, "geometry": { "type": "Point", "coordinates": [ 114.980492, -8.512338 ] } },
{ "type": "Feature", "properties": { "FID": 15930, "KDRUAS_UPD": "40004", "NOJBT_UPD": "40.004.007.0", "NM_RUAS_UP": "PEKUTATAN - ANTOSARI", "NM_JBT_UPD": "TK.PEDUNGAN", "PROVINSI": "BALI", "No_Prov_26": "40", "ID_Jbt_26": "4000048", "Kd_Ruas_26": "40004", "Suffix_26": " ", "Nm_Ruas_26": "PEKUTATAN - ANTOSARI", "Lintas_26": "JALAN LINTAS SELATAN", "No_Jbt_26": "40.004.007.0", "Nm_Jbt_26": "TK.PEDUNGAN", "Status_26": "N", "Fungsi_26": "A", "Lks_Dr_26": "DPS", "Lks_km_26": 4898, "F_STA_26": "8794", "Cadin_26": "TABANAN", "Pjg_Jbt_26": 12.2, "Btg_Pjg_26": 11.51, "Jml_Btg_26": "1", "Lb_Jl_Ms26": 6.12, "Lb_Jl_Kl26": 6.12, "Lb_Lalin26": 6.12, "Lb_Bh_Ki26": 0.33, "Lb_Bh_Ka26": 0.35, "Lb_Dr_Ki26": 0.15, "Lb_Dr_Ka26": 0.18, "Lb_Tr_Ki26": 0.67, "Lb_Tr_Ka26": 0.7, "Lb_TS_Ki26": 0.0, "Lb_TS_Ka26": 0.0, "Lb_Med_26": 0.0, "Lbr_Jbt_26": 8.5, "Bgn_Ats_26": "GTP", "Jns_Jbt_26": "STANDAR", "Thn_Bgn_26": "1973", "BA_26": "2", "LNT_26": "2", "BB_26": "2", "DAS_26": "1", "OP_26": "1", "UT_26": "0", "GR_26": "0", "LB_26": "0", "JBT_26": "2", "Tp_Lnts_26": "SUNGAI", "Dt_Lnts_26": "BERKELOK (MEANDER)", "Pnangnn_26": "RUTIN", "Pmriksn_26": "RUTIN", "Pnglola_26": "BBPJN JAWA TIMUR - BALI", "Satkr_ID26": "693912", "PPK_Name26": "PPK 1.2", "Traffic_26": "24668", "VCR_26": "0.204", "AADT_26": "24668", "Tipe_Jb_26": "", "Lat_26": -8.504207, "Long_26": 114.973656, "Tgl_Ins_26": "46176", "Ket_26": " " }, "geometry": { "type": "Point", "coordinates": [ 114.973656, -8.504207 ] } },
{ "type": "Feature", "properties": { "FID": 15931, "KDRUAS_UPD": "40004", "NOJBT_UPD": "40.004.009.0", "NM_RUAS_UP": "PEKUTATAN - ANTOSARI", "NM_JBT_UPD": "TK.BALIAN", "PROVINSI": "BALI", "No_Prov_26": "40", "ID_Jbt_26": "4000050", "Kd_Ruas_26": "40004", "Suffix_26": " ", "Nm_Ruas_26": "PEKUTATAN - ANTOSARI", "Lintas_26": "JALAN LINTAS SELATAN", "No_Jbt_26": "40.004.009.0", "Nm_Jbt_26": "TK.BALIAN", "Status_26": "N", "Fungsi_26": "A", "Lks_Dr_26": "DPS", "Lks_km_26": 4988, "F_STA_26": "9661", "Cadin_26": "TABANAN", "Pjg_Jbt_26": 94.0, "Btg_Pjg_26": 31.0, "Jml_Btg_26": "3", "Lb_Jl_Ms26": 6.88, "Lb_Jl_Kl26": 6.88, "Lb_Lalin26": 6.88, "Lb_Bh_Ki26": 0.41, "Lb_Bh_Ka26": 0.4, "Lb_Dr_Ki26": 0.2, "Lb_Dr_Ka26": 0.21, "Lb_Tr_Ki26": 1.0, "Lb_Tr_Ka26": 1.03, "Lb_TS_Ki26": 0.0, "Lb_TS_Ka26": 0.0, "Lb_Med_26": 0.0, "Lbr_Jbt_26": 10.13, "Bgn_Ats_26": "GPP", "Jns_Jbt_26": "STANDAR", "Thn_Bgn_26": "1982", "BA_26": "2", "LNT_26": "2", "BB_26": "0", "DAS_26": "2", "OP_26": "1", "UT_26": "0", "GR_26": "0", "LB_26": "0", "JBT_26": "2", "Tp_Lnts_26": "SUNGAI", "Dt_Lnts_26": "LURUS", "Pnangnn_26": "RUTIN", "Pmriksn_26": "DETAIL", "Pnglola_26": "BBPJN JAWA TIMUR - BALI", "Satkr_ID26": "693912", "PPK_Name26": "PPK 1.2", "Traffic_26": "24668", "VCR_26": "0.204", "AADT_26": "24668", "Tipe_Jb_26": "", "Lat_26": -8.499264, "Long_26": 114.968117, "Tgl_Ins_26": "46176", "Ket_26": " " }, "geometry": { "type": "Point", "coordinates": [ 114.968117, -8.499264 ] } },
{ "type": "Feature", "properties": { "FID": 15932, "KDRUAS_UPD": "40004", "NOJBT_UPD": "40.004.010.0", "NM_RUAS_UP": "PEKUTATAN - ANTOSARI", "NM_JBT_UPD": "TK.PETANGEHAN", "PROVINSI": "BALI", "No_Prov_26": "40", "ID_Jbt_26": "4000051", "Kd_Ruas_26": "40004", "Suffix_26": " ", "Nm_Ruas_26": "PEKUTATAN - ANTOSARI", "Lintas_26": "JALAN LINTAS SELATAN", "No_Jbt_26": "40.004.010.0", "Nm_Jbt_26": "TK.PETANGEHAN", "Status_26": "N", "Fungsi_26": "A", "Lks_Dr_26": "DPS", "Lks_km_26": 5293, "F_STA_26": "12739", "Cadin_26": "TABANAN", "Pjg_Jbt_26": 21.0, "Btg_Pjg_26": 20.4, "Jml_Btg_26": "1", "Lb_Jl_Ms26": 6.34, "Lb_Jl_Kl26": 6.34, "Lb_Lalin26": 6.34, "Lb_Bh_Ki26": 0.23, "Lb_Bh_Ka26": 0.34, "Lb_Dr_Ki26": 0.2, "Lb_Dr_Ka26": 0.15, "Lb_Tr_Ki26": 1.03, "Lb_Tr_Ka26": 0.76, "Lb_TS_Ki26": 0.0, "Lb_TS_Ka26": 0.0, "Lb_Med_26": 0.0, "Lbr_Jbt_26": 9.05, "Bgn_Ats_26": "GTP", "Jns_Jbt_26": "STANDAR", "Thn_Bgn_26": "1974", "BA_26": "2", "LNT_26": "2", "BB_26": "0", "DAS_26": "0", "OP_26": "1", "UT_26": "0", "GR_26": "0", "LB_26": "0", "JBT_26": "2", "Tp_Lnts_26": "SUNGAI", "Dt_Lnts_26": "BERKELOK (MEANDER)", "Pnangnn_26": "RUTIN", "Pmriksn_26": "DETAIL", "Pnglola_26": "BBPJN JAWA TIMUR - BALI", "Satkr_ID26": "693912", "PPK_Name26": "PPK 1.2", "Traffic_26": "24668", "VCR_26": "0.204", "AADT_26": "24668", "Tipe_Jb_26": "", "Lat_26": -8.484582, "Long_26": 114.947601, "Tgl_Ins_26": "46176", "Ket_26": " " }, "geometry": { "type": "Point", "coordinates": [ 114.947601, -8.484582 ] } },
{ "type": "Feature", "properties": { "FID": 15933, "KDRUAS_UPD": "40004", "NOJBT_UPD": "40.004.011.0", "NM_RUAS_UP": "PEKUTATAN - ANTOSARI", "NM_JBT_UPD": "TK.MEKAYU", "PROVINSI": "BALI", "No_Prov_26": "40", "ID_Jbt_26": "4000052", "Kd_Ruas_26": "40004", "Suffix_26": " ", "Nm_Ruas_26": "PEKUTATAN - ANTOSARI", "Lintas_26": "JALAN LINTAS SELATAN", "No_Jbt_26": "40.004.011.0", "Nm_Jbt_26": "TK.MEKAYU", "Status_26": "N", "Fungsi_26": "A", "Lks_Dr_26": "DPS", "Lks_km_26": 5391, "F_STA_26": "13420", "Cadin_26": "TABANAN", "Pjg_Jbt_26": 20.7, "Btg_Pjg_26": 20.7, "Jml_Btg_26": "1", "Lb_Jl_Ms26": 6.35, "Lb_Jl_Kl26": 6.35, "Lb_Lalin26": 6.35, "Lb_Bh_Ki26": 0.3, "Lb_Bh_Ka26": 0.39, "Lb_Dr_Ki26": 0.12, "Lb_Dr_Ka26": 0.1, "Lb_Tr_Ki26": 1.0, "Lb_Tr_Ka26": 0.74, "Lb_TS_Ki26": 0.21, "Lb_TS_Ka26": 0.2, "Lb_Med_26": 0.0, "Lbr_Jbt_26": 9.41, "Bgn_Ats_26": "GTP", "Jns_Jbt_26": "STANDAR", "Thn_Bgn_26": "1974", "BA_26": "2", "LNT_26": "2", "BB_26": "2", "DAS_26": "1", "OP_26": "0", "UT_26": "2", "GR_26": "0", "LB_26": "0", "JBT_26": "2", "Tp_Lnts_26": "SUNGAI", "Dt_Lnts_26": "BERKELOK (MEANDER)", "Pnangnn_26": "RUTIN", "Pmriksn_26": "RUTIN", "Pnglola_26": "BBPJN JAWA TIMUR - BALI", "Satkr_ID26": "693912", "PPK_Name26": "PPK 1.2", "Traffic_26": "24668", "VCR_26": "0.204", "AADT_26": "24668", "Tipe_Jb_26": "", "Lat_26": -8.48287, "Long_26": 114.94355, "Tgl_Ins_26": "46176", "Ket_26": " " }, "geometry": { "type": "Point", "coordinates": [ 114.94355, -8.48287 ] } },
{ "type": "Feature", "properties": { "FID": 15934, "KDRUAS_UPD": "40004", "NOJBT_UPD": "40.004.012.0", "NM_RUAS_UP": "PEKUTATAN - ANTOSARI", "NM_JBT_UPD": "TK.YEH BAKUNG", "PROVINSI": "BALI", "No_Prov_26": "40", "ID_Jbt_26": "4000053", "Kd_Ruas_26": "40004", "Suffix_26": " ", "Nm_Ruas_26": "PEKUTATAN - ANTOSARI", "Lintas_26": "JALAN LINTAS SELATAN", "No_Jbt_26": "40.004.012.0", "Nm_Jbt_26": "TK.YEH BAKUNG", "Status_26": "N", "Fungsi_26": "A", "Lks_Dr_26": "DPS", "Lks_km_26": 544, "F_STA_26": "14175", "Cadin_26": "TABANAN", "Pjg_Jbt_26": 34.2, "Btg_Pjg_26": 11.28, "Jml_Btg_26": "3", "Lb_Jl_Ms26": 6.22, "Lb_Jl_Kl26": 6.22, "Lb_Lalin26": 6.22, "Lb_Bh_Ki26": 0.3, "Lb_Bh_Ka26": 0.29, "Lb_Dr_Ki26": 0.12, "Lb_Dr_Ka26": 0.12, "Lb_Tr_Ki26": 1.37, "Lb_Tr_Ka26": 1.35, "Lb_TS_Ki26": 0.0, "Lb_TS_Ka26": 0.0, "Lb_Med_26": 0.0, "Lbr_Jbt_26": 9.77, "Bgn_Ats_26": "GTP", "Jns_Jbt_26": "STANDAR", "Thn_Bgn_26": "1977", "BA_26": "2", "LNT_26": "2", "BB_26": "2", "DAS_26": "2", "OP_26": "1", "UT_26": "0", "GR_26": "0", "LB_26": "0", "JBT_26": "2", "Tp_Lnts_26": "SUNGAI", "Dt_Lnts_26": "LURUS", "Pnangnn_26": "RUTIN", "Pmriksn_26": "DETAIL", "Pnglola_26": "BBPJN JAWA TIMUR - BALI", "Satkr_ID26": "693912", "PPK_Name26": "PPK 1.2", "Traffic_26": "24668", "VCR_26": "0.204", "AADT_26": "24668", "Tipe_Jb_26": "", "Lat_26": -8.477721, "Long_26": 114.940277, "Tgl_Ins_26": "46176", "Ket_26": " " }, "geometry": { "type": "Point", "coordinates": [ 114.940277, -8.477721 ] } },
{ "type": "Feature", "properties": { "FID": 15935, "KDRUAS_UPD": "40004", "NOJBT_UPD": "40.004.013.0", "NM_RUAS_UP": "PEKUTATAN - ANTOSARI", "NM_JBT_UPD": "TK.MACETI", "PROVINSI": "BALI", "No_Prov_26": "40", "ID_Jbt_26": "4000054", "Kd_Ruas_26": "40004", "Suffix_26": " ", "Nm_Ruas_26": "PEKUTATAN - ANTOSARI", "Lintas_26": "JALAN LINTAS SELATAN", "No_Jbt_26": "40.004.013.0", "Nm_Jbt_26": "TK.MACETI", "Status_26": "N", "Fungsi_26": "A", "Lks_Dr_26": "DPS", "Lks_km_26": 5519, "F_STA_26": "14956", "Cadin_26": "TABANAN", "Pjg_Jbt_26": 26.4, "Btg_Pjg_26": 12.92, "Jml_Btg_26": "2", "Lb_Jl_Ms26": 6.29, "Lb_Jl_Kl26": 6.29, "Lb_Lalin26": 6.29, "Lb_Bh_Ki26": 0.22, "Lb_Bh_Ka26": 0.23, "Lb_Dr_Ki26": 0.11, "Lb_Dr_Ka26": 0.13, "Lb_Tr_Ki26": 1.0, "Lb_Tr_Ka26": 0.8, "Lb_TS_Ki26": 0.17, "Lb_TS_Ka26": 0.16, "Lb_Med_26": 0.0, "Lbr_Jbt_26": 9.11, "Bgn_Ats_26": "GTP", "Jns_Jbt_26": "STANDAR", "Thn_Bgn_26": "1972", "BA_26": "2", "LNT_26": "2", "BB_26": "2", "DAS_26": "2", "OP_26": "2", "UT_26": "0", "GR_26": "0", "LB_26": "0", "JBT_26": "2", "Tp_Lnts_26": "SUNGAI", "Dt_Lnts_26": "BERKELOK (MEANDER)", "Pnangnn_26": "RUTIN", "Pmriksn_26": "DETAIL", "Pnglola_26": "BBPJN JAWA TIMUR - BALI", "Satkr_ID26": "693912", "PPK_Name26": "PPK 1.2", "Traffic_26": "24668", "VCR_26": "0.204", "AADT_26": "24668", "Tipe_Jb_26": "", "Lat_26": -8.476052, "Long_26": 114.934059, "Tgl_Ins_26": "46176", "Ket_26": " " }, "geometry": { "type": "Point", "coordinates": [ 114.934059, -8.476052 ] } },
{ "type": "Feature", "properties": { "FID": 15936, "KDRUAS_UPD": "40004", "NOJBT_UPD": "40.004.015.0", "NM_RUAS_UP": "PEKUTATAN - ANTOSARI", "NM_JBT_UPD": "TK.SELABIH", "PROVINSI": "BALI", "No_Prov_26": "40", "ID_Jbt_26": "4000055", "Kd_Ruas_26": "40004", "Suffix_26": " ", "Nm_Ruas_26": "PEKUTATAN - ANTOSARI", "Lintas_26": "JALAN LINTAS SELATAN", "No_Jbt_26": "40.004.015.0", "Nm_Jbt_26": "TK.SELABIH", "Status_26": "N", "Fungsi_26": "A", "Lks_Dr_26": "DPS", "Lks_km_26": 5635, "F_STA_26": "16100", "Cadin_26": "TABANAN", "Pjg_Jbt_26": 64.6, "Btg_Pjg_26": 16.5, "Jml_Btg_26": "4", "Lb_Jl_Ms26": 6.05, "Lb_Jl_Kl26": 6.05, "Lb_Lalin26": 6.05, "Lb_Bh_Ki26": 0.27, "Lb_Bh_Ka26": 0.25, "Lb_Dr_Ki26": 0.1, "Lb_Dr_Ka26": 0.11, "Lb_Tr_Ki26": 1.01, "Lb_Tr_Ka26": 1.06, "Lb_TS_Ki26": 0.2, "Lb_TS_Ka26": 0.21, "Lb_Med_26": 0.0, "Lbr_Jbt_26": 9.26, "Bgn_Ats_26": "GTP", "Jns_Jbt_26": "STANDAR", "Thn_Bgn_26": "1972", "BA_26": "2", "LNT_26": "1", "BB_26": "2", "DAS_26": "0", "OP_26": "2", "UT_26": "0", "GR_26": "0", "LB_26": "0", "JBT_26": "2", "Tp_Lnts_26": "SUNGAI", "Dt_Lnts_26": "BERKELOK (MEANDER)", "Pnangnn_26": "RUTIN", "Pmriksn_26": "DETAIL", "Pnglola_26": "BBPJN JAWA TIMUR - BALI", "Satkr_ID26": "693912", "PPK_Name26": "PPK 1.2", "Traffic_26": "24668", "VCR_26": "0.204", "AADT_26": "24668", "Tipe_Jb_26": "", "Lat_26": -8.469891, "Long_26": 114.926285, "Tgl_Ins_26": "46177", "Ket_26": " " }, "geometry": { "type": "Point", "coordinates": [ 114.926285, -8.469891 ] } },
{ "type": "Feature", "properties": { "FID": 15937, "KDRUAS_UPD": "40004", "NOJBT_UPD": "40.004.016.0", "NM_RUAS_UP": "PEKUTATAN - ANTOSARI", "NM_JBT_UPD": "PK.KUNING", "PROVINSI": "BALI", "No_Prov_26": "40", "ID_Jbt_26": "4000056", "Kd_Ruas_26": "40004", "Suffix_26": " ", "Nm_Ruas_26": "PEKUTATAN - ANTOSARI", "Lintas_26": "JALAN LINTAS SELATAN", "No_Jbt_26": "40.004.016.0", "Nm_Jbt_26": "PK.KUNING", "Status_26": "N", "Fungsi_26": "A", "Lks_Dr_26": "DPS", "Lks_km_26": 5715, "F_STA_26": "16943", "Cadin_26": "TABANAN", "Pjg_Jbt_26": 10.8, "Btg_Pjg_26": 10.4, "Jml_Btg_26": "1", "Lb_Jl_Ms26": 6.07, "Lb_Jl_Kl26": 6.07, "Lb_Lalin26": 6.07, "Lb_Bh_Ki26": 1.01, "Lb_Bh_Ka26": 1.05, "Lb_Dr_Ki26": 0.0, "Lb_Dr_Ka26": 0.0, "Lb_Tr_Ki26": 0.0, "Lb_Tr_Ka26": 0.0, "Lb_TS_Ki26": 0.4, "Lb_TS_Ka26": 0.4, "Lb_Med_26": 0.0, "Lbr_Jbt_26": 8.93, "Bgn_Ats_26": "GTP", "Jns_Jbt_26": "STANDAR", "Thn_Bgn_26": "1976", "BA_26": "1", "LNT_26": "1", "BB_26": "1", "DAS_26": "1", "OP_26": "0", "UT_26": "1", "GR_26": "0", "LB_26": "0", "JBT_26": "1", "Tp_Lnts_26": "SUNGAI", "Dt_Lnts_26": "LURUS", "Pnangnn_26": "RUTIN", "Pmriksn_26": "RUTIN", "Pnglola_26": "BBPJN JAWA TIMUR - BALI", "Satkr_ID26": "693912", "PPK_Name26": "PPK 1.2", "Traffic_26": "24668", "VCR_26": "0.204", "AADT_26": "24668", "Tipe_Jb_26": "", "Lat_26": -8.468362, "Long_26": 114.91951, "Tgl_Ins_26": "46177", "Ket_26": " " }, "geometry": { "type": "Point", "coordinates": [ 114.91951, -8.468362 ] } },
{ "type": "Feature", "properties": { "FID": 15938, "KDRUAS_UPD": "40004", "NOJBT_UPD": "40.004.017.0", "NM_RUAS_UP": "PEKUTATAN - ANTOSARI", "NM_JBT_UPD": "TK.YEH LEH", "PROVINSI": "BALI", "No_Prov_26": "40", "ID_Jbt_26": "4000057", "Kd_Ruas_26": "40004", "Suffix_26": " ", "Nm_Ruas_26": "PEKUTATAN - ANTOSARI", "Lintas_26": "JALAN LINTAS SELATAN", "No_Jbt_26": "40.004.017.0", "Nm_Jbt_26": "TK.YEH LEH", "Status_26": "N", "Fungsi_26": "A", "Lks_Dr_26": "DPS", "Lks_km_26": 5772, "F_STA_26": "17482", "Cadin_26": "TABANAN", "Pjg_Jbt_26": 37.0, "Btg_Pjg_26": 11.3, "Jml_Btg_26": "2", "Lb_Jl_Ms26": 7.86, "Lb_Jl_Kl26": 7.86, "Lb_Lalin26": 7.86, "Lb_Bh_Ki26": 0.67, "Lb_Bh_Ka26": 0.41, "Lb_Dr_Ki26": 0.0, "Lb_Dr_Ka26": 0.0, "Lb_Tr_Ki26": 0.0, "Lb_Tr_Ka26": 0.0, "Lb_TS_Ki26": 0.43, "Lb_TS_Ka26": 0.43, "Lb_Med_26": 0.0, "Lbr_Jbt_26": 9.8, "Bgn_Ats_26": "ETP", "Jns_Jbt_26": "STANDAR", "Thn_Bgn_26": "1976", "BA_26": "2", "LNT_26": "0", "BB_26": "0", "DAS_26": "0", "OP_26": "0", "UT_26": "0", "GR_26": "0", "LB_26": "0", "JBT_26": "2", "Tp_Lnts_26": "SUNGAI", "Dt_Lnts_26": "BERKELOK (MEANDER)", "Pnangnn_26": "RUTIN", "Pmriksn_26": "DETAIL", "Pnglola_26": "BBPJN JAWA TIMUR - BALI", "Satkr_ID26": "693912", "PPK_Name26": "PPK 1.2", "Traffic_26": "24668", "VCR_26": "0.204", "AADT_26": "24668", "Tipe_Jb_26": "", "Lat_26": -8.466099, "Long_26": 114.915504, "Tgl_Ins_26": "46177", "Ket_26": " " }, "geometry": { "type": "Point", "coordinates": [ 114.915504, -8.466099 ] } },
{ "type": "Feature", "properties": { "FID": 15939, "KDRUAS_UPD": "40004", "NOJBT_UPD": "40.004.019.0", "NM_RUAS_UP": "PEKUTATAN - ANTOSARI", "NM_JBT_UPD": "TK.PANGERAGOAN I", "PROVINSI": "BALI", "No_Prov_26": "40", "ID_Jbt_26": "4000059", "Kd_Ruas_26": "40004", "Suffix_26": " ", "Nm_Ruas_26": "PEKUTATAN - ANTOSARI", "Lintas_26": "JALAN LINTAS SELATAN", "No_Jbt_26": "40.004.019.0", "Nm_Jbt_26": "TK.PANGERAGOAN I", "Status_26": "N", "Fungsi_26": "A", "Lks_Dr_26": "DPS", "Lks_km_26": 5915, "F_STA_26": "18946", "Cadin_26": "TABANAN", "Pjg_Jbt_26": 25.8, "Btg_Pjg_26": 12.73, "Jml_Btg_26": "2", "Lb_Jl_Ms26": 6.13, "Lb_Jl_Kl26": 6.13, "Lb_Lalin26": 6.13, "Lb_Bh_Ki26": 0.28, "Lb_Bh_Ka26": 0.32, "Lb_Dr_Ki26": 0.11, "Lb_Dr_Ka26": 0.11, "Lb_Tr_Ki26": 0.74, "Lb_Tr_Ka26": 1.0, "Lb_TS_Ki26": 0.0, "Lb_TS_Ka26": 0.0, "Lb_Med_26": 0.0, "Lbr_Jbt_26": 8.69, "Bgn_Ats_26": "GTP", "Jns_Jbt_26": "STANDAR", "Thn_Bgn_26": "1972", "BA_26": "2", "LNT_26": "2", "BB_26": "2", "DAS_26": "2", "OP_26": "2", "UT_26": "0", "GR_26": "0", "LB_26": "0", "JBT_26": "2", "Tp_Lnts_26": "SUNGAI", "Dt_Lnts_26": "LURUS", "Pnangnn_26": "RUTIN", "Pmriksn_26": "DETAIL", "Pnglola_26": "BBPJN JAWA TIMUR - BALI", "Satkr_ID26": "693912", "PPK_Name26": "PPK 1.2", "Traffic_26": "24668", "VCR_26": "0.204", "AADT_26": "24668", "Tipe_Jb_26": "", "Lat_26": -8.459197, "Long_26": 114.904526, "Tgl_Ins_26": "46177", "Ket_26": " " }, "geometry": { "type": "Point", "coordinates": [ 114.904526, -8.459197 ] } },
{ "type": "Feature", "properties": { "FID": 15940, "KDRUAS_UPD": "40004", "NOJBT_UPD": "40.004.020.0", "NM_RUAS_UP": "PEKUTATAN - ANTOSARI", "NM_JBT_UPD": "TK.PENGERAGOAN II", "PROVINSI": "BALI", "No_Prov_26": "40", "ID_Jbt_26": "4000060", "Kd_Ruas_26": "40004", "Suffix_26": " ", "Nm_Ruas_26": "PEKUTATAN - ANTOSARI", "Lintas_26": "JALAN LINTAS SELATAN", "No_Jbt_26": "40.004.020.0", "Nm_Jbt_26": "TK.PENGERAGOAN II", "Status_26": "N", "Fungsi_26": "A", "Lks_Dr_26": "DPS", "Lks_km_26": 593, "F_STA_26": "19100", "Cadin_26": "TABANAN", "Pjg_Jbt_26": 11.9, "Btg_Pjg_26": 11.4, "Jml_Btg_26": "1", "Lb_Jl_Ms26": 6.05, "Lb_Jl_Kl26": 6.05, "Lb_Lalin26": 6.05, "Lb_Bh_Ki26": 0.22, "Lb_Bh_Ka26": 0.35, "Lb_Dr_Ki26": 0.11, "Lb_Dr_Ka26": 0.11, "Lb_Tr_Ki26": 0.72, "Lb_Tr_Ka26": 0.72, "Lb_TS_Ki26": 0.0, "Lb_TS_Ka26": 0.0, "Lb_Med_26": 0.0, "Lbr_Jbt_26": 8.28, "Bgn_Ats_26": "GTP", "Jns_Jbt_26": "STANDAR", "Thn_Bgn_26": "1972", "BA_26": "2", "LNT_26": "2", "BB_26": "2", "DAS_26": "1", "OP_26": "2", "UT_26": "1", "GR_26": "0", "LB_26": "0", "JBT_26": "2", "Tp_Lnts_26": "SUNGAI", "Dt_Lnts_26": "BERKELOK (MEANDER)", "Pnangnn_26": "RUTIN", "Pmriksn_26": "RUTIN", "Pnglola_26": "BBPJN JAWA TIMUR - BALI", "Satkr_ID26": "693912", "PPK_Name26": "PPK 1.2", "Traffic_26": "24668", "VCR_26": "0.204", "AADT_26": "24668", "Tipe_Jb_26": "", "Lat_26": -8.458672, "Long_26": 114.903267, "Tgl_Ins_26": "46177", "Ket_26": " " }, "geometry": { "type": "Point", "coordinates": [ 114.903267, -8.458672 ] } },
{ "type": "Feature", "properties": { "FID": 15941, "KDRUAS_UPD": "40004", "NOJBT_UPD": "40.004.021.0", "NM_RUAS_UP": "PEKUTATAN - ANTOSARI", "NM_JBT_UPD": "TK.GUMBRIH", "PROVINSI": "BALI", "No_Prov_26": "40", "ID_Jbt_26": "4000061", "Kd_Ruas_26": "40004", "Suffix_26": " ", "Nm_Ruas_26": "PEKUTATAN - ANTOSARI", "Lintas_26": "JALAN LINTAS SELATAN", "No_Jbt_26": "40.004.021.0", "Nm_Jbt_26": "TK.GUMBRIH", "Status_26": "N", "Fungsi_26": "A", "Lks_Dr_26": "DPS", "Lks_km_26": 609, "F_STA_26": "20664", "Cadin_26": "TABANAN", "Pjg_Jbt_26": 25.2, "Btg_Pjg_26": 12.68, "Jml_Btg_26": "2", "Lb_Jl_Ms26": 6.08, "Lb_Jl_Kl26": 6.08, "Lb_Lalin26": 6.08, "Lb_Bh_Ki26": 0.31, "Lb_Bh_Ka26": 0.36, "Lb_Dr_Ki26": 0.12, "Lb_Dr_Ka26": 0.11, "Lb_Tr_Ki26": 0.75, "Lb_Tr_Ka26": 0.98, "Lb_TS_Ki26": 0.0, "Lb_TS_Ka26": 0.0, "Lb_Med_26": 0.0, "Lbr_Jbt_26": 8.71, "Bgn_Ats_26": "GTP", "Jns_Jbt_26": "STANDAR", "Thn_Bgn_26": "1976", "BA_26": "2", "LNT_26": "2", "BB_26": "0", "DAS_26": "0", "OP_26": "2", "UT_26": "0", "GR_26": "0", "LB_26": "0", "JBT_26": "2", "Tp_Lnts_26": "SUNGAI", "Dt_Lnts_26": "BERKELOK (MEANDER)", "Pnangnn_26": "RUTIN", "Pmriksn_26": "DETAIL", "Pnglola_26": "BBPJN JAWA TIMUR - BALI", "Satkr_ID26": "693912", "PPK_Name26": "PPK 1.2", "Traffic_26": "24668", "VCR_26": "0.204", "AADT_26": "24668", "Tipe_Jb_26": "", "Lat_26": -8.451575, "Long_26": 114.891151, "Tgl_Ins_26": "46177", "Ket_26": " " }, "geometry": { "type": "Point", "coordinates": [ 114.891151, -8.451575 ] } },
{ "type": "Feature", "properties": { "FID": 15942, "KDRUAS_UPD": "40004", "NOJBT_UPD": "40.004.023.0", "NM_RUAS_UP": "PEKUTATAN - ANTOSARI", "NM_JBT_UPD": "TK.PANGIANGAN", "PROVINSI": "BALI", "No_Prov_26": "40", "ID_Jbt_26": "4000063", "Kd_Ruas_26": "40004", "Suffix_26": " ", "Nm_Ruas_26": "PEKUTATAN - ANTOSARI", "Lintas_26": "JALAN LINTAS SELATAN", "No_Jbt_26": "40.004.023.0", "Nm_Jbt_26": "TK.PANGIANGAN", "Status_26": "N", "Fungsi_26": "A", "Lks_Dr_26": "DPS", "Lks_km_26": 6295, "F_STA_26": "22722", "Cadin_26": "TABANAN", "Pjg_Jbt_26": 31.4, "Btg_Pjg_26": 30.9, "Jml_Btg_26": "1", "Lb_Jl_Ms26": 6.45, "Lb_Jl_Kl26": 6.45, "Lb_Lalin26": 6.45, "Lb_Bh_Ki26": 0.42, "Lb_Bh_Ka26": 0.31, "Lb_Dr_Ki26": 0.1, "Lb_Dr_Ka26": 0.12, "Lb_Tr_Ki26": 1.0, "Lb_Tr_Ka26": 1.0, "Lb_TS_Ki26": 0.2, "Lb_TS_Ka26": 0.2, "Lb_Med_26": 0.0, "Lbr_Jbt_26": 9.8, "Bgn_Ats_26": "GPP", "Jns_Jbt_26": "STANDAR", "Thn_Bgn_26": "1982", "BA_26": "2", "LNT_26": "2", "BB_26": "0", "DAS_26": "2", "OP_26": "0", "UT_26": "0", "GR_26": "0", "LB_26": "0", "JBT_26": "2", "Tp_Lnts_26": "SUNGAI", "Dt_Lnts_26": "BERKELOK (MEANDER)", "Pnangnn_26": "RUTIN", "Pmriksn_26": "DETAIL", "Pnglola_26": "BBPJN JAWA TIMUR - BALI", "Satkr_ID26": "693912", "PPK_Name26": "PPK 1.2", "Traffic_26": "24668", "VCR_26": "0.204", "AADT_26": "24668", "Tipe_Jb_26": "", "Lat_26": -8.44242, "Long_26": 114.876328, "Tgl_Ins_26": "46177", "Ket_26": " " }, "geometry": { "type": "Point", "coordinates": [ 114.876328, -8.44242 ] } },
{ "type": "Feature", "properties": { "FID": 15943, "KDRUAS_UPD": "40004", "NOJBT_UPD": "40.004.024.0", "NM_RUAS_UP": "PEKUTATAN - ANTOSARI", "NM_JBT_UPD": "TK.YEH LEBAH", "PROVINSI": "BALI", "No_Prov_26": "40", "ID_Jbt_26": "4000064", "Kd_Ruas_26": "40004", "Suffix_26": " ", "Nm_Ruas_26": "PEKUTATAN - ANTOSARI", "Lintas_26": "JALAN LINTAS SELATAN", "No_Jbt_26": "40.004.024.0", "Nm_Jbt_26": "TK.YEH LEBAH", "Status_26": "N", "Fungsi_26": "A", "Lks_Dr_26": "DPS", "Lks_km_26": 6618, "F_STA_26": "25900", "Cadin_26": "TABANAN", "Pjg_Jbt_26": 42.5, "Btg_Pjg_26": 20.9, "Jml_Btg_26": "2", "Lb_Jl_Ms26": 6.26, "Lb_Jl_Kl26": 6.26, "Lb_Lalin26": 6.26, "Lb_Bh_Ki26": 0.3, "Lb_Bh_Ka26": 0.38, "Lb_Dr_Ki26": 0.15, "Lb_Dr_Ka26": 0.1, "Lb_Tr_Ki26": 0.46, "Lb_Tr_Ka26": 0.47, "Lb_TS_Ki26": 0.25, "Lb_TS_Ka26": 0.25, "Lb_Med_26": 0.0, "Lbr_Jbt_26": 8.62, "Bgn_Ats_26": "GTP", "Jns_Jbt_26": "STANDAR", "Thn_Bgn_26": "1980", "BA_26": "2", "LNT_26": "0", "BB_26": "2", "DAS_26": "1", "OP_26": "0", "UT_26": "0", "GR_26": "0", "LB_26": "0", "JBT_26": "2", "Tp_Lnts_26": "SUNGAI", "Dt_Lnts_26": "BERKELOK (MEANDER)", "Pnangnn_26": "RUTIN", "Pmriksn_26": "DETAIL", "Pnglola_26": "BBPJN JAWA TIMUR - BALI", "Satkr_ID26": "693912", "PPK_Name26": "PPK 1.2", "Traffic_26": "24668", "VCR_26": "0.204", "AADT_26": "24668", "Tipe_Jb_26": "", "Lat_26": -8.43145, "Long_26": 114.853073, "Tgl_Ins_26": "46177", "Ket_26": " " }, "geometry": { "type": "Point", "coordinates": [ 114.853073, -8.43145 ] } },
{ "type": "Feature", "properties": { "FID": 15944, "KDRUAS_UPD": "40004", "NOJBT_UPD": "40.004.026.0", "NM_RUAS_UP": "PEKUTATAN - ANTOSARI", "NM_JBT_UPD": "PK.JUKUNG", "PROVINSI": "BALI", "No_Prov_26": "40", "ID_Jbt_26": "4000066", "Kd_Ruas_26": "40004", "Suffix_26": " ", "Nm_Ruas_26": "PEKUTATAN - ANTOSARI", "Lintas_26": "JALAN LINTAS SELATAN", "No_Jbt_26": "40.004.026.0", "Nm_Jbt_26": "PK.JUKUNG", "Status_26": "N", "Fungsi_26": "A", "Lks_Dr_26": "DPS", "Lks_km_26": 6965, "F_STA_26": "29520", "Cadin_26": "TABANAN", "Pjg_Jbt_26": 12.3, "Btg_Pjg_26": 11.65, "Jml_Btg_26": "1", "Lb_Jl_Ms26": 5.93, "Lb_Jl_Kl26": 5.93, "Lb_Lalin26": 5.93, "Lb_Bh_Ki26": 0.33, "Lb_Bh_Ka26": 0.35, "Lb_Dr_Ki26": 0.15, "Lb_Dr_Ka26": 0.15, "Lb_Tr_Ki26": 1.01, "Lb_Tr_Ka26": 1.0, "Lb_TS_Ki26": 0.0, "Lb_TS_Ka26": 0.0, "Lb_Med_26": 0.0, "Lbr_Jbt_26": 8.92, "Bgn_Ats_26": "GTP", "Jns_Jbt_26": "STANDAR", "Thn_Bgn_26": "1975", "BA_26": "2", "LNT_26": "2", "BB_26": "1", "DAS_26": "1", "OP_26": "2", "UT_26": "1", "GR_26": "0", "LB_26": "0", "JBT_26": "2", "Tp_Lnts_26": "SUNGAI", "Dt_Lnts_26": "LURUS", "Pnangnn_26": "RUTIN", "Pmriksn_26": "RUTIN", "Pnglola_26": "BBPJN JAWA TIMUR - BALI", "Satkr_ID26": "693912", "PPK_Name26": "PPK 1.2", "Traffic_26": "24668", "VCR_26": "0.204", "AADT_26": "24668", "Tipe_Jb_26": "", "Lat_26": -8.422314, "Long_26": 114.824295, "Tgl_Ins_26": "46177", "Ket_26": " " }, "geometry": { "type": "Point", "coordinates": [ 114.824295, -8.422314 ] } },
{ "type": "Feature", "properties": { "FID": 15945, "KDRUAS_UPD": "400057", "NOJBT_UPD": "40.005.001.0.7", "NM_RUAS_UP": "SAMSAM (PENYALIN) - BTS. KOTA TABANAN", "NM_JBT_UPD": "TK.YEH NU", "PROVINSI": "BALI", "No_Prov_26": "40", "ID_Jbt_26": "4000067", "Kd_Ruas_26": "400057", "Suffix_26": " ", "Nm_Ruas_26": "SAMSAM (PENYALIN) - BTS. KOTA TABANAN", "Lintas_26": "JALAN LINTAS SELATAN", "No_Jbt_26": "40.005.001.0.7", "Nm_Jbt_26": "TK.YEH NU", "Status_26": "N", "Fungsi_26": "A", "Lks_Dr_26": "DPS", "Lks_km_26": 232, "F_STA_26": "400", "Cadin_26": "TABANAN", "Pjg_Jbt_26": 31.0, "Btg_Pjg_26": 31.0, "Jml_Btg_26": "1", "Lb_Jl_Ms26": 9.9, "Lb_Jl_Kl26": 9.9, "Lb_Lalin26": 9.9, "Lb_Bh_Ki26": 0.59, "Lb_Bh_Ka26": 0.52, "Lb_Dr_Ki26": 0.0, "Lb_Dr_Ka26": 0.15, "Lb_Tr_Ki26": 1.0, "Lb_Tr_Ka26": 0.95, "Lb_TS_Ki26": 0.25, "Lb_TS_Ka26": 0.25, "Lb_Med_26": 0.0, "Lbr_Jbt_26": 13.61, "Bgn_Ats_26": "GTP", "Jns_Jbt_26": "STANDAR", "Thn_Bgn_26": "1997", "BA_26": "2", "LNT_26": "2", "BB_26": "1", "DAS_26": "1", "OP_26": "0", "UT_26": "0", "GR_26": "0", "LB_26": "0", "JBT_26": "2", "Tp_Lnts_26": "SUNGAI", "Dt_Lnts_26": "LURUS", "Pnangnn_26": "BERKALA", "Pmriksn_26": "RUTIN", "Pnglola_26": "BBPJN JAWA TIMUR - BALI", "Satkr_ID26": "693912", "PPK_Name26": "PPK 1.3", "Traffic_26": "0", "VCR_26": "0", "AADT_26": "0", "Tipe_Jb_26": "", "Lat_26": -8.534212, "Long_26": 115.1119, "Tgl_Ins_26": "46174", "Ket_26": " " }, "geometry": { "type": "Point", "coordinates": [ 115.1119, -8.534212 ] } },
{ "type": "Feature", "properties": { "FID": 15947, "KDRUAS_UPD": "400054", "NOJBT_UPD": "40.005.001.A.4", "NM_RUAS_UP": "SHORTCUT YEH HO", "NM_JBT_UPD": "TK.YEH HO", "PROVINSI": "BALI", "No_Prov_26": "40", "ID_Jbt_26": "4000071", "Kd_Ruas_26": "400054", "Suffix_26": " ", "Nm_Ruas_26": "SHORTCUT YEH HO", "Lintas_26": "JALAN LINTAS SELATAN", "No_Jbt_26": "40.005.001.A.4", "Nm_Jbt_26": "TK.YEH HO", "Status_26": "N", "Fungsi_26": "A", "Lks_Dr_26": "DPS", "Lks_km_26": 2885, "F_STA_26": "61", "Cadin_26": "TABANAN", "Pjg_Jbt_26": 164.4, "Btg_Pjg_26": 41.4, "Jml_Btg_26": "4", "Lb_Jl_Ms26": 6.32, "Lb_Jl_Kl26": 6.32, "Lb_Lalin26": 6.32, "Lb_Bh_Ki26": 0.36, "Lb_Bh_Ka26": 0.3, "Lb_Dr_Ki26": 0.0, "Lb_Dr_Ka26": 0.0, "Lb_Tr_Ki26": 0.97, "Lb_Tr_Ka26": 0.98, "Lb_TS_Ki26": 0.3, "Lb_TS_Ka26": 0.3, "Lb_Med_26": 0.0, "Lbr_Jbt_26": 9.53, "Bgn_Ats_26": "GPP", "Jns_Jbt_26": "STANDAR", "Thn_Bgn_26": "2013", "BA_26": "2", "LNT_26": "2", "BB_26": "2", "DAS_26": "1", "OP_26": "0", "UT_26": "0", "GR_26": "0", "LB_26": "0", "JBT_26": "2", "Tp_Lnts_26": "SUNGAI", "Dt_Lnts_26": "BERKELOK (MEANDER)", "Pnangnn_26": "BERKALA", "Pmriksn_26": "RUTIN", "Pnglola_26": "BBPJN JAWA TIMUR - BALI", "Satkr_ID26": "693912", "PPK_Name26": "PPK 1.3", "Traffic_26": "0", "VCR_26": "0", "AADT_26": "0", "Tipe_Jb_26": "", "Lat_26": -8.508517, "Long_26": 115.07732, "Tgl_Ins_26": "46174", "Ket_26": " " }, "geometry": { "type": "Point", "coordinates": [ 115.07731999888631, -8.508516940326293 ] } },
{ "type": "Feature", "properties": { "FID": 15949, "KDRUAS_UPD": "400052", "NOJBT_UPD": "40.005.001.A.2", "NM_RUAS_UP": "ANTOSARI - BTS. KOTA TABANAN", "NM_JBT_UPD": "TK.YEH LAMBUK", "PROVINSI": "BALI", "No_Prov_26": "40", "ID_Jbt_26": "4000073", "Kd_Ruas_26": "400052", "Suffix_26": " ", "Nm_Ruas_26": "ANTOSARI - BTS. KOTA TABANAN", "Lintas_26": "JALAN LINTAS SELATAN", "No_Jbt_26": "40.005.001.A.2", "Nm_Jbt_26": "TK.YEH LAMBUK", "Status_26": "N", "Fungsi_26": "A", "Lks_Dr_26": "TBN", "Lks_km_26": 3225, "F_STA_26": "122", "Cadin_26": "TABANAN", "Pjg_Jbt_26": 233.5, "Btg_Pjg_26": 38.9, "Jml_Btg_26": "6", "Lb_Jl_Ms26": 6.9, "Lb_Jl_Kl26": 6.9, "Lb_Lalin26": 6.9, "Lb_Bh_Ki26": 0.55, "Lb_Bh_Ka26": 0.33, "Lb_Dr_Ki26": 0.0, "Lb_Dr_Ka26": 0.0, "Lb_Tr_Ki26": 0.72, "Lb_Tr_Ka26": 0.7, "Lb_TS_Ki26": 0.3, "Lb_TS_Ka26": 0.3, "Lb_Med_26": 0.0, "Lbr_Jbt_26": 9.8, "Bgn_Ats_26": "GPP", "Jns_Jbt_26": "STANDAR", "Thn_Bgn_26": "2014", "BA_26": "2", "LNT_26": "0", "BB_26": "2", "DAS_26": "0", "OP_26": "0", "UT_26": "0", "GR_26": "0", "LB_26": "0", "JBT_26": "2", "Tp_Lnts_26": "SUNGAI", "Dt_Lnts_26": "BERKELOK (MEANDER)", "Pnangnn_26": "RUTIN", "Pmriksn_26": "DETAIL", "Pnglola_26": "BBPJN JAWA TIMUR - BALI", "Satkr_ID26": "693912", "PPK_Name26": "PPK 1.3", "Traffic_26": "0", "VCR_26": "0", "AADT_26": "0", "Tipe_Jb_26": "", "Lat_26": -8.500513, "Long_26": 115.06028, "Tgl_Ins_26": "46174", "Ket_26": " " }, "geometry": { "type": "Point", "coordinates": [ 115.06028, -8.500513 ] } },
{ "type": "Feature", "properties": { "FID": 15951, "KDRUAS_UPD": "400051", "NOJBT_UPD": "40.005.001.A.1", "NM_RUAS_UP": "ANTOSARI - MEGATI", "NM_JBT_UPD": "TK.YEH MATAN", "PROVINSI": "BALI", "No_Prov_26": "40", "ID_Jbt_26": "4000076", "Kd_Ruas_26": "400051", "Suffix_26": " ", "Nm_Ruas_26": "ANTOSARI - MEGATI", "Lintas_26": "JALAN LINTAS SELATAN", "No_Jbt_26": "40.005.001.A.1", "Nm_Jbt_26": "TK.YEH MATAN", "Status_26": "N", "Fungsi_26": "A", "Lks_Dr_26": "DPS", "Lks_km_26": 3605, "F_STA_26": "3022", "Cadin_26": "TABANAN", "Pjg_Jbt_26": 26.0, "Btg_Pjg_26": 25.67, "Jml_Btg_26": "1", "Lb_Jl_Ms26": 6.1, "Lb_Jl_Kl26": 6.1, "Lb_Lalin26": 6.1, "Lb_Bh_Ki26": 0.3, "Lb_Bh_Ka26": 0.3, "Lb_Dr_Ki26": 0.22, "Lb_Dr_Ka26": 0.18, "Lb_Tr_Ki26": 1.36, "Lb_Tr_Ka26": 1.33, "Lb_TS_Ki26": 0.25, "Lb_TS_Ka26": 0.25, "Lb_Med_26": 0.0, "Lbr_Jbt_26": 10.29, "Bgn_Ats_26": "GTP", "Jns_Jbt_26": "STANDAR", "Thn_Bgn_26": "1993", "BA_26": "1", "LNT_26": "2", "BB_26": "2", "DAS_26": "1", "OP_26": "1", "UT_26": "0", "GR_26": "0", "LB_26": "0", "JBT_26": "2", "Tp_Lnts_26": "SUNGAI", "Dt_Lnts_26": "LURUS", "Pnangnn_26": "BERKALA", "Pmriksn_26": "RUTIN", "Pnglola_26": "BBPJN JAWA TIMUR - BALI", "Satkr_ID26": "693912", "PPK_Name26": "PPK 1.3", "Traffic_26": "32083", "VCR_26": "0.314", "AADT_26": "32083", "Tipe_Jb_26": "", "Lat_26": -8.491791, "Long_26": 115.0396, "Tgl_Ins_26": "46174", "Ket_26": " " }, "geometry": { "type": "Point", "coordinates": [ 115.0396, -8.491791 ] } },
{ "type": "Feature", "properties": { "FID": 15952, "KDRUAS_UPD": "400051", "NOJBT_UPD": "40.005.001.B.1", "NM_RUAS_UP": "ANTOSARI - MEGATI", "NM_JBT_UPD": "TK.YEH MATAN", "PROVINSI": "BALI", "No_Prov_26": "40", "ID_Jbt_26": "4000077", "Kd_Ruas_26": "400051", "Suffix_26": " ", "Nm_Ruas_26": "ANTOSARI - MEGATI", "Lintas_26": "JALAN LINTAS SELATAN", "No_Jbt_26": "40.005.001.B.1", "Nm_Jbt_26": "TK.YEH MATAN", "Status_26": "N", "Fungsi_26": "A", "Lks_Dr_26": "DPS", "Lks_km_26": 3605, "F_STA_26": "3054", "Cadin_26": "TABANAN", "Pjg_Jbt_26": 18.5, "Btg_Pjg_26": 6.2, "Jml_Btg_26": "3", "Lb_Jl_Ms26": 5.88, "Lb_Jl_Kl26": 5.88, "Lb_Lalin26": 5.88, "Lb_Bh_Ki26": 1.0, "Lb_Bh_Ka26": 0.7, "Lb_Dr_Ki26": 0.0, "Lb_Dr_Ka26": 0.0, "Lb_Tr_Ki26": 0.0, "Lb_Tr_Ka26": 0.0, "Lb_TS_Ki26": 0.4, "Lb_TS_Ka26": 0.4, "Lb_Med_26": 0.0, "Lbr_Jbt_26": 8.38, "Bgn_Ats_26": "ETP", "Jns_Jbt_26": "STANDAR", "Thn_Bgn_26": "1965", "BA_26": "2", "LNT_26": "1", "BB_26": "1", "DAS_26": "2", "OP_26": "0", "UT_26": "0", "GR_26": "0", "LB_26": "0", "JBT_26": "2", "Tp_Lnts_26": "SUNGAI", "Dt_Lnts_26": "LURUS", "Pnangnn_26": "BERKALA", "Pmriksn_26": "RUTIN", "Pnglola_26": "BBPJN JAWA TIMUR - BALI", "Satkr_ID26": "693912", "PPK_Name26": "PPK 1.3", "Traffic_26": "32083", "VCR_26": "0.314", "AADT_26": "32083", "Tipe_Jb_26": "", "Lat_26": -8.49147, "Long_26": 115.0394, "Tgl_Ins_26": "46174", "Ket_26": " " }, "geometry": { "type": "Point", "coordinates": [ 115.0394, -8.49147 ] } },
{ "type": "Feature", "properties": { "FID": 15953, "KDRUAS_UPD": "400051", "NOJBT_UPD": "40.005.002.0.1", "NM_RUAS_UP": "ANTOSARI - MEGATI", "NM_JBT_UPD": "TK.YEH MAWA", "PROVINSI": "BALI", "No_Prov_26": "40", "ID_Jbt_26": "4000078", "Kd_Ruas_26": "400051", "Suffix_26": " ", "Nm_Ruas_26": "ANTOSARI - MEGATI", "Lintas_26": "JALAN LINTAS SELATAN", "No_Jbt_26": "40.005.002.0.1", "Nm_Jbt_26": "TK.YEH MAWA", "Status_26": "N", "Fungsi_26": "A", "Lks_Dr_26": "DPS", "Lks_km_26": 3672, "F_STA_26": "3656", "Cadin_26": "TABANAN", "Pjg_Jbt_26": 42.1, "Btg_Pjg_26": 25.7, "Jml_Btg_26": "2", "Lb_Jl_Ms26": 6.33, "Lb_Jl_Kl26": 6.33, "Lb_Lalin26": 6.33, "Lb_Bh_Ki26": 0.35, "Lb_Bh_Ka26": 0.35, "Lb_Dr_Ki26": 0.12, "Lb_Dr_Ka26": 0.12, "Lb_Tr_Ki26": 1.35, "Lb_Tr_Ka26": 1.3, "Lb_TS_Ki26": 0.22, "Lb_TS_Ka26": 0.2, "Lb_Med_26": 0.0, "Lbr_Jbt_26": 10.34, "Bgn_Ats_26": "GTP", "Jns_Jbt_26": "STANDAR", "Thn_Bgn_26": "1994", "BA_26": "1", "LNT_26": "1", "BB_26": "2", "DAS_26": "1", "OP_26": "1", "UT_26": "0", "GR_26": "0", "LB_26": "0", "JBT_26": "2", "Tp_Lnts_26": "SUNGAI", "Dt_Lnts_26": "BERKELOK (MEANDER)", "Pnangnn_26": "BERKALA", "Pmriksn_26": "RUTIN", "Pnglola_26": "BBPJN JAWA TIMUR - BALI", "Satkr_ID26": "693912", "PPK_Name26": "PPK 1.3", "Traffic_26": "32083", "VCR_26": "0.314", "AADT_26": "32083", "Tipe_Jb_26": "", "Lat_26": -8.494523, "Long_26": 115.0359, "Tgl_Ins_26": "46175", "Ket_26": " " }, "geometry": { "type": "Point", "coordinates": [ 115.0359, -8.494523 ] } },
{ "type": "Feature", "properties": { "FID": 15954, "KDRUAS_UPD": "400051", "NOJBT_UPD": "40.005.004.0.1", "NM_RUAS_UP": "ANTOSARI - MEGATI", "NM_JBT_UPD": "TK.YEH OTAN", "PROVINSI": "BALI", "No_Prov_26": "40", "ID_Jbt_26": "4000079", "Kd_Ruas_26": "400051", "Suffix_26": " ", "Nm_Ruas_26": "ANTOSARI - MEGATI", "Lintas_26": "JALAN LINTAS SELATAN", "No_Jbt_26": "40.005.004.0.1", "Nm_Jbt_26": "TK.YEH OTAN", "Status_26": "N", "Fungsi_26": "A", "Lks_Dr_26": "DPS", "Lks_km_26": 3952, "F_STA_26": "6454", "Cadin_26": "TABANAN", "Pjg_Jbt_26": 58.2, "Btg_Pjg_26": 11.64, "Jml_Btg_26": "5", "Lb_Jl_Ms26": 6.87, "Lb_Jl_Kl26": 6.87, "Lb_Lalin26": 6.87, "Lb_Bh_Ki26": 0.26, "Lb_Bh_Ka26": 0.28, "Lb_Dr_Ki26": 0.3, "Lb_Dr_Ka26": 0.28, "Lb_Tr_Ki26": 1.23, "Lb_Tr_Ka26": 1.24, "Lb_TS_Ki26": 0.24, "Lb_TS_Ka26": 0.24, "Lb_Med_26": 0.0, "Lbr_Jbt_26": 10.94, "Bgn_Ats_26": "ETP", "Jns_Jbt_26": "STANDAR", "Thn_Bgn_26": "1965", "BA_26": "2", "LNT_26": "0", "BB_26": "0", "DAS_26": "2", "OP_26": "1", "UT_26": "0", "GR_26": "0", "LB_26": "0", "JBT_26": "2", "Tp_Lnts_26": "SUNGAI", "Dt_Lnts_26": "BERKELOK (MEANDER)", "Pnangnn_26": "RUTIN", "Pmriksn_26": "DETAIL", "Pnglola_26": "BBPJN JAWA TIMUR - BALI", "Satkr_ID26": "693912", "PPK_Name26": "PPK 1.3", "Traffic_26": "32083", "VCR_26": "0.314", "AADT_26": "32083", "Tipe_Jb_26": "", "Lat_26": -8.502084, "Long_26": 115.0231, "Tgl_Ins_26": "46175", "Ket_26": " " }, "geometry": { "type": "Point", "coordinates": [ 115.0231, -8.502084 ] } },
{ "type": "Feature", "properties": { "FID": 15955, "KDRUAS_UPD": "4000511", "NOJBT_UPD": "40.005.101.A.11", "NM_RUAS_UP": "SIMP. KEDIRI - PESIAPAN  (TABANAN)", "NM_JBT_UPD": "TK.YEH PANAHAN A", "PROVINSI": "BALI", "No_Prov_26": "40", "ID_Jbt_26": "4000080", "Kd_Ruas_26": "4000511", "Suffix_26": " ", "Nm_Ruas_26": "SIMP. KEDIRI - PESIAPAN  (TABANAN)", "Lintas_26": "JALAN LINTAS SELATAN", "No_Jbt_26": "40.005.101.A.11", "Nm_Jbt_26": "TK.YEH PANAHAN A", "Status_26": "N", "Fungsi_26": "A", "Lks_Dr_26": "DPS", "Lks_km_26": 193, "F_STA_26": "1500", "Cadin_26": "TABANAN", "Pjg_Jbt_26": 107.3, "Btg_Pjg_26": 36.0, "Jml_Btg_26": "3", "Lb_Jl_Ms26": 13.05, "Lb_Jl_Kl26": 13.05, "Lb_Lalin26": 13.05, "Lb_Bh_Ki26": 0.55, "Lb_Bh_Ka26": 0.43, "Lb_Dr_Ki26": 0.13, "Lb_Dr_Ka26": 0.14, "Lb_Tr_Ki26": 1.12, "Lb_Tr_Ka26": 1.16, "Lb_TS_Ki26": 0.52, "Lb_TS_Ka26": 0.52, "Lb_Med_26": 0.0, "Lbr_Jbt_26": 17.62, "Bgn_Ats_26": "OPP", "Jns_Jbt_26": "STANDAR", "Thn_Bgn_26": "2011", "BA_26": "2", "LNT_26": "2", "BB_26": "2", "DAS_26": "1", "OP_26": "1", "UT_26": "0", "GR_26": "0", "LB_26": "0", "JBT_26": "2", "Tp_Lnts_26": "SUNGAI", "Dt_Lnts_26": "BERKELOK (MEANDER)", "Pnangnn_26": "RUTIN", "Pmriksn_26": "DETAIL", "Pnglola_26": "BBPJN JAWA TIMUR - BALI", "Satkr_ID26": "693912", "PPK_Name26": "PPK 1.3", "Traffic_26": "54078", "VCR_26": "0.477", "AADT_26": "54078", "Tipe_Jb_26": "", "Lat_26": -8.551186, "Long_26": 115.127174, "Tgl_Ins_26": "46187", "Ket_26": " " }, "geometry": { "type": "Point", "coordinates": [ 115.127174, -8.551186 ] } },
{ "type": "Feature", "properties": { "FID": 15956, "KDRUAS_UPD": "4000511", "NOJBT_UPD": "40.005.101.B.11", "NM_RUAS_UP": "SIMP. KEDIRI - PESIAPAN  (TABANAN)", "NM_JBT_UPD": "TK YEH PANAHAN B", "PROVINSI": "BALI", "No_Prov_26": "40", "ID_Jbt_26": "4000081", "Kd_Ruas_26": "4000511", "Suffix_26": " ", "Nm_Ruas_26": "SIMP. KEDIRI - PESIAPAN  (TABANAN)", "Lintas_26": "JALAN LINTAS SELATAN", "No_Jbt_26": "40.005.101.B.11", "Nm_Jbt_26": "TK YEH PANAHAN B", "Status_26": "N", "Fungsi_26": "A", "Lks_Dr_26": "DPS", "Lks_km_26": 19, "F_STA_26": "1606", "Cadin_26": "TABANAN", "Pjg_Jbt_26": 107.3, "Btg_Pjg_26": 36.0, "Jml_Btg_26": "3", "Lb_Jl_Ms26": 6.1, "Lb_Jl_Kl26": 6.1, "Lb_Lalin26": 6.1, "Lb_Bh_Ki26": 0.44, "Lb_Bh_Ka26": 0.35, "Lb_Dr_Ki26": 0.0, "Lb_Dr_Ka26": 0.12, "Lb_Tr_Ki26": 0.0, "Lb_Tr_Ka26": 0.93, "Lb_TS_Ki26": 0.52, "Lb_TS_Ka26": 0.52, "Lb_Med_26": 0.0, "Lbr_Jbt_26": 8.98, "Bgn_Ats_26": "OPP", "Jns_Jbt_26": "STANDAR", "Thn_Bgn_26": "2011", "BA_26": "2", "LNT_26": "2", "BB_26": "2", "DAS_26": "1", "OP_26": "0", "UT_26": "0", "GR_26": "0", "LB_26": "0", "JBT_26": "2", "Tp_Lnts_26": "SUNGAI", "Dt_Lnts_26": "BERKELOK (MEANDER)", "Pnangnn_26": "RUTIN", "Pmriksn_26": "DETAIL", "Pnglola_26": "BBPJN JAWA TIMUR - BALI", "Satkr_ID26": "693912", "PPK_Name26": "PPK 1.3", "Traffic_26": "54078", "VCR_26": "0.477", "AADT_26": "54078", "Tipe_Jb_26": "", "Lat_26": -8.550803, "Long_26": 115.126266, "Tgl_Ins_26": "46187", "Ket_26": " " }, "geometry": { "type": "Point", "coordinates": [ 115.126266, -8.550803 ] } },
{ "type": "Feature", "properties": { "FID": 15957, "KDRUAS_UPD": "4000511", "NOJBT_UPD": "40.005.102.A.11", "NM_RUAS_UP": "SIMP. KEDIRI - PESIAPAN  (TABANAN)", "NM_JBT_UPD": "TK. YEH EMPAS A", "PROVINSI": "BALI", "No_Prov_26": "40", "ID_Jbt_26": "4000082", "Kd_Ruas_26": "4000511", "Suffix_26": " ", "Nm_Ruas_26": "SIMP. KEDIRI - PESIAPAN  (TABANAN)", "Lintas_26": "JALAN LINTAS SELATAN", "No_Jbt_26": "40.005.102.A.11", "Nm_Jbt_26": "TK. YEH EMPAS A", "Status_26": "N", "Fungsi_26": "A", "Lks_Dr_26": "DPS", "Lks_km_26": 22, "F_STA_26": "3200", "Cadin_26": "TABANAN", "Pjg_Jbt_26": 113.2, "Btg_Pjg_26": 41.4, "Jml_Btg_26": "3", "Lb_Jl_Ms26": 0.0, "Lb_Jl_Kl26": 0.0, "Lb_Lalin26": 0.0, "Lb_Bh_Ki26": 0.0, "Lb_Bh_Ka26": 0.0, "Lb_Dr_Ki26": 0.0, "Lb_Dr_Ka26": 0.0, "Lb_Tr_Ki26": 0.0, "Lb_Tr_Ka26": 0.0, "Lb_TS_Ki26": 0.0, "Lb_TS_Ka26": 0.0, "Lb_Med_26": 0.0, "Lbr_Jbt_26": 0.0, "Bgn_Ats_26": "GPP", "Jns_Jbt_26": "STANDAR", "Thn_Bgn_26": "2011", "BA_26": "2", "LNT_26": "2", "BB_26": "1", "DAS_26": "1", "OP_26": "0", "UT_26": "0", "GR_26": "0", "LB_26": "0", "JBT_26": "2", "Tp_Lnts_26": "SUNGAI", "Dt_Lnts_26": "BERKELOK (MEANDER)", "Pnangnn_26": "BERKALA", "Pmriksn_26": "RUTIN", "Pnglola_26": "BBPJN JAWA TIMUR - BALI", "Satkr_ID26": "693912", "PPK_Name26": "PPK 1.3", "Traffic_26": "54078", "VCR_26": "0.477", "AADT_26": "54078", "Tipe_Jb_26": "", "Lat_26": -8.543893, "Long_26": 115.113907, "Tgl_Ins_26": "46173", "Ket_26": " " }, "geometry": { "type": "Point", "coordinates": [ 115.113907, -8.543893 ] } },
{ "type": "Feature", "properties": { "FID": 15958, "KDRUAS_UPD": "4000511", "NOJBT_UPD": "40.005.102.B.11", "NM_RUAS_UP": "SIMP. KEDIRI - PESIAPAN  (TABANAN)", "NM_JBT_UPD": "TK. YEH EMPAS B", "PROVINSI": "BALI", "No_Prov_26": "40", "ID_Jbt_26": "4000083", "Kd_Ruas_26": "4000511", "Suffix_26": " ", "Nm_Ruas_26": "SIMP. KEDIRI - PESIAPAN  (TABANAN)", "Lintas_26": "JALAN LINTAS SELATAN", "No_Jbt_26": "40.005.102.B.11", "Nm_Jbt_26": "TK. YEH EMPAS B", "Status_26": "N", "Fungsi_26": "A", "Lks_Dr_26": "DPS", "Lks_km_26": 22, "F_STA_26": "3314", "Cadin_26": "TABANAN", "Pjg_Jbt_26": 103.3, "Btg_Pjg_26": 34.4, "Jml_Btg_26": "3", "Lb_Jl_Ms26": 6.24, "Lb_Jl_Kl26": 6.24, "Lb_Lalin26": 6.24, "Lb_Bh_Ki26": 0.41, "Lb_Bh_Ka26": 0.32, "Lb_Dr_Ki26": 0.0, "Lb_Dr_Ka26": 0.0, "Lb_Tr_Ki26": 1.04, "Lb_Tr_Ka26": 1.06, "Lb_TS_Ki26": 0.0, "Lb_TS_Ka26": 0.0, "Lb_Med_26": 0.0, "Lbr_Jbt_26": 9.07, "Bgn_Ats_26": "RBR", "Jns_Jbt_26": "STANDAR", "Thn_Bgn_26": "2000", "BA_26": "2", "LNT_26": "1", "BB_26": "2", "DAS_26": "2", "OP_26": "0", "UT_26": "0", "GR_26": "0", "LB_26": "0", "JBT_26": "2", "Tp_Lnts_26": "SUNGAI", "Dt_Lnts_26": "BERKELOK (MEANDER)", "Pnangnn_26": "RUTIN", "Pmriksn_26": "DETAIL", "Pnglola_26": "BBPJN JAWA TIMUR - BALI", "Satkr_ID26": "693912", "PPK_Name26": "PPK 1.3", "Traffic_26": "54078", "VCR_26": "0.477", "AADT_26": "54078", "Tipe_Jb_26": "", "Lat_26": -8.542879, "Long_26": 115.113647, "Tgl_Ins_26": "46173", "Ket_26": " " }, "geometry": { "type": "Point", "coordinates": [ 115.113647, -8.542879 ] } },
{ "type": "Feature", "properties": { "FID": 15959, "KDRUAS_UPD": "4000611", "NOJBT_UPD": "40.006.002.0.11", "NM_RUAS_UP": "JLN. A. YANI  (TABANAN)", "NM_JBT_UPD": "TK.YEH SUNGI", "PROVINSI": "BALI", "No_Prov_26": "40", "ID_Jbt_26": "4000085", "Kd_Ruas_26": "4000611", "Suffix_26": " ", "Nm_Ruas_26": "JLN. A. YANI  (TABANAN)", "Lintas_26": "JALAN LINTAS SELATAN", "No_Jbt_26": "40.006.002.0.11", "Nm_Jbt_26": "TK.YEH SUNGI", "Status_26": "N", "Fungsi_26": "A", "Lks_Dr_26": "DPS", "Lks_km_26": 1564, "F_STA_26": "205", "Cadin_26": "TABANAN", "Pjg_Jbt_26": 21.1, "Btg_Pjg_26": 13.32, "Jml_Btg_26": "1", "Lb_Jl_Ms26": 12.8, "Lb_Jl_Kl26": 12.8, "Lb_Lalin26": 12.8, "Lb_Bh_Ki26": 0.63, "Lb_Bh_Ka26": 0.36, "Lb_Dr_Ki26": 0.1, "Lb_Dr_Ka26": 0.09, "Lb_Tr_Ki26": 1.04, "Lb_Tr_Ka26": 0.99, "Lb_TS_Ki26": 0.29, "Lb_TS_Ka26": 0.21, "Lb_Med_26": 0.0, "Lbr_Jbt_26": 16.51, "Bgn_Ats_26": "GTP", "Jns_Jbt_26": "STANDAR", "Thn_Bgn_26": "1974", "BA_26": "2", "LNT_26": "2", "BB_26": "1", "DAS_26": "2", "OP_26": "0", "UT_26": "0", "GR_26": "0", "LB_26": "0", "JBT_26": "2", "Tp_Lnts_26": "SUNGAI", "Dt_Lnts_26": "BERKELOK (MEANDER)", "Pnangnn_26": "RUTIN", "Pmriksn_26": "DETAIL", "Pnglola_26": "BBPJN JAWA TIMUR - BALI", "Satkr_ID26": "693912", "PPK_Name26": "PPK 1.3", "Traffic_26": "42993", "VCR_26": "0.875", "AADT_26": "42993", "Tipe_Jb_26": "", "Lat_26": -8.561009, "Long_26": 115.155571, "Tgl_Ins_26": "46187", "Ket_26": " " }, "geometry": { "type": "Point", "coordinates": [ 115.155571, -8.561009 ] } },
{ "type": "Feature", "properties": { "FID": 15960, "KDRUAS_UPD": "4000611", "NOJBT_UPD": "40.006.003.0.11", "NM_RUAS_UP": "JLN. A. YANI  (TABANAN)", "NM_JBT_UPD": "TK.YEH GE", "PROVINSI": "BALI", "No_Prov_26": "40", "ID_Jbt_26": "4000086", "Kd_Ruas_26": "4000611", "Suffix_26": " ", "Nm_Ruas_26": "JLN. A. YANI  (TABANAN)", "Lintas_26": "JALAN LINTAS SELATAN", "No_Jbt_26": "40.006.003.0.11", "Nm_Jbt_26": "TK.YEH GE", "Status_26": "N", "Fungsi_26": "A", "Lks_Dr_26": "DPS", "Lks_km_26": 1668, "F_STA_26": "1236", "Cadin_26": "TABANAN", "Pjg_Jbt_26": 19.0, "Btg_Pjg_26": 19.0, "Jml_Btg_26": "1", "Lb_Jl_Ms26": 13.1, "Lb_Jl_Kl26": 13.1, "Lb_Lalin26": 13.1, "Lb_Bh_Ki26": 0.42, "Lb_Bh_Ka26": 0.33, "Lb_Dr_Ki26": 0.1, "Lb_Dr_Ka26": 0.1, "Lb_Tr_Ki26": 0.9, "Lb_Tr_Ka26": 0.92, "Lb_TS_Ki26": 0.31, "Lb_TS_Ka26": 0.0, "Lb_Med_26": 0.0, "Lbr_Jbt_26": 16.18, "Bgn_Ats_26": "GTP", "Jns_Jbt_26": "STANDAR", "Thn_Bgn_26": "1974", "BA_26": "2", "LNT_26": "0", "BB_26": "2", "DAS_26": "2", "OP_26": "1", "UT_26": "0", "GR_26": "0", "LB_26": "0", "JBT_26": "2", "Tp_Lnts_26": "SUNGAI", "Dt_Lnts_26": "LURUS", "Pnangnn_26": "RUTIN", "Pmriksn_26": "DETAIL", "Pnglola_26": "BBPJN JAWA TIMUR - BALI", "Satkr_ID26": "693912", "PPK_Name26": "PPK 1.3", "Traffic_26": "42993", "VCR_26": "0.875", "AADT_26": "42993", "Tipe_Jb_26": "", "Lat_26": -8.557694, "Long_26": 115.146889, "Tgl_Ins_26": "46187", "Ket_26": " " }, "geometry": { "type": "Point", "coordinates": [ 115.146889, -8.557694 ] } },
{ "type": "Feature", "properties": { "FID": 15961, "KDRUAS_UPD": "4000611", "NOJBT_UPD": "40.006.004.0.11", "NM_RUAS_UP": "JLN. A. YANI  (TABANAN)", "NM_JBT_UPD": "TK.YEH ADENG", "PROVINSI": "BALI", "No_Prov_26": "40", "ID_Jbt_26": "4000087", "Kd_Ruas_26": "4000611", "Suffix_26": " ", "Nm_Ruas_26": "JLN. A. YANI  (TABANAN)", "Lintas_26": "JALAN LINTAS SELATAN", "No_Jbt_26": "40.006.004.0.11", "Nm_Jbt_26": "TK.YEH ADENG", "Status_26": "N", "Fungsi_26": "A", "Lks_Dr_26": "DPS", "Lks_km_26": 1694, "F_STA_26": "1517", "Cadin_26": "TABANAN", "Pjg_Jbt_26": 7.9, "Btg_Pjg_26": 7.9, "Jml_Btg_26": "1", "Lb_Jl_Ms26": 11.73, "Lb_Jl_Kl26": 11.73, "Lb_Lalin26": 11.73, "Lb_Bh_Ki26": 1.23, "Lb_Bh_Ka26": 0.92, "Lb_Dr_Ki26": 0.15, "Lb_Dr_Ka26": 0.2, "Lb_Tr_Ki26": 1.29, "Lb_Tr_Ka26": 1.3, "Lb_TS_Ki26": 0.0, "Lb_TS_Ka26": 0.0, "Lb_Med_26": 0.0, "Lbr_Jbt_26": 16.82, "Bgn_Ats_26": "ETP", "Jns_Jbt_26": "STANDAR", "Thn_Bgn_26": "1980", "BA_26": "2", "LNT_26": "2", "BB_26": "1", "DAS_26": "2", "OP_26": "2", "UT_26": "0", "GR_26": "0", "LB_26": "0", "JBT_26": "2", "Tp_Lnts_26": "SUNGAI", "Dt_Lnts_26": "LURUS", "Pnangnn_26": "RUTIN", "Pmriksn_26": "DETAIL", "Pnglola_26": "BBPJN JAWA TIMUR - BALI", "Satkr_ID26": "693912", "PPK_Name26": "PPK 1.3", "Traffic_26": "42993", "VCR_26": "0.875", "AADT_26": "42993", "Tipe_Jb_26": "", "Lat_26": -8.556494, "Long_26": 115.144676, "Tgl_Ins_26": "46187", "Ket_26": " " }, "geometry": { "type": "Point", "coordinates": [ 115.144676, -8.556494 ] } },
{ "type": "Feature", "properties": { "FID": 15963, "KDRUAS_UPD": "40007", "NOJBT_UPD": "40.007.003.0", "NM_RUAS_UP": "MENGWITANI - BTS. KOTA DENPASAR", "NM_JBT_UPD": "TLB.KEROBOKAN", "PROVINSI": "BALI", "No_Prov_26": "40", "ID_Jbt_26": "4000090", "Kd_Ruas_26": "40007", "Suffix_26": " ", "Nm_Ruas_26": "MENGWITANI - BTS. KOTA DENPASAR", "Lintas_26": "JALAN LINTAS SELATAN", "No_Jbt_26": "40.007.003.0", "Nm_Jbt_26": "TLB.KEROBOKAN", "Status_26": "N", "Fungsi_26": "A", "Lks_Dr_26": "DPS", "Lks_km_26": 103, "F_STA_26": "3819", "Cadin_26": "DENPASAR", "Pjg_Jbt_26": 10.1, "Btg_Pjg_26": 9.4, "Jml_Btg_26": "1", "Lb_Jl_Ms26": 9.35, "Lb_Jl_Kl26": 9.35, "Lb_Lalin26": 9.35, "Lb_Bh_Ki26": 0.35, "Lb_Bh_Ka26": 0.4, "Lb_Dr_Ki26": 0.0, "Lb_Dr_Ka26": 0.15, "Lb_Tr_Ki26": 1.13, "Lb_Tr_Ka26": 1.08, "Lb_TS_Ki26": 0.0, "Lb_TS_Ka26": 0.0, "Lb_Med_26": 0.0, "Lbr_Jbt_26": 12.46, "Bgn_Ats_26": "ETP", "Jns_Jbt_26": "STANDAR", "Thn_Bgn_26": "1980", "BA_26": "1", "LNT_26": "1", "BB_26": "0", "DAS_26": "2", "OP_26": "0", "UT_26": "0", "GR_26": "0", "LB_26": "0", "JBT_26": "2", "Tp_Lnts_26": "SUNGAI", "Dt_Lnts_26": "LURUS", "Pnangnn_26": "RUTIN", "Pmriksn_26": "DETAIL", "Pnglola_26": "BBPJN JAWA TIMUR - BALI", "Satkr_ID26": "693912", "PPK_Name26": "PPK 1.3", "Traffic_26": "62886", "VCR_26": "0.55", "AADT_26": "62886", "Tipe_Jb_26": "", "Lat_26": -8.582162, "Long_26": 115.187943, "Tgl_Ins_26": "46187", "Ket_26": " " }, "geometry": { "type": "Point", "coordinates": [ 115.187943, -8.582162 ] } },
{ "type": "Feature", "properties": { "FID": 15964, "KDRUAS_UPD": "40007", "NOJBT_UPD": "40.007.006.0", "NM_RUAS_UP": "MENGWITANI - BTS. KOTA DENPASAR", "NM_JBT_UPD": "TK.PENET", "PROVINSI": "BALI", "No_Prov_26": "40", "ID_Jbt_26": "4000093", "Kd_Ruas_26": "40007", "Suffix_26": " ", "Nm_Ruas_26": "MENGWITANI - BTS. KOTA DENPASAR", "Lintas_26": "JALAN LINTAS SELATAN", "No_Jbt_26": "40.007.006.0", "Nm_Jbt_26": "TK.PENET", "Status_26": "N", "Fungsi_26": "A", "Lks_Dr_26": "DPS", "Lks_km_26": 1305, "F_STA_26": "6606", "Cadin_26": "DENPASAR", "Pjg_Jbt_26": 44.2, "Btg_Pjg_26": 16.0, "Jml_Btg_26": "3", "Lb_Jl_Ms26": 9.9, "Lb_Jl_Kl26": 9.9, "Lb_Lalin26": 9.9, "Lb_Bh_Ki26": 0.42, "Lb_Bh_Ka26": 0.5, "Lb_Dr_Ki26": 0.0, "Lb_Dr_Ka26": 0.0, "Lb_Tr_Ki26": 0.59, "Lb_Tr_Ka26": 0.56, "Lb_TS_Ki26": 0.0, "Lb_TS_Ka26": 0.0, "Lb_Med_26": 0.0, "Lbr_Jbt_26": 11.97, "Bgn_Ats_26": "ETP", "Jns_Jbt_26": "STANDAR", "Thn_Bgn_26": "1972", "BA_26": "2", "LNT_26": "1", "BB_26": "0", "DAS_26": "1", "OP_26": "0", "UT_26": "1", "GR_26": "0", "LB_26": "0", "JBT_26": "2", "Tp_Lnts_26": "SUNGAI", "Dt_Lnts_26": "LURUS", "Pnangnn_26": "RUTIN", "Pmriksn_26": "DETAIL", "Pnglola_26": "BBPJN JAWA TIMUR - BALI", "Satkr_ID26": "693912", "PPK_Name26": "PPK 1.3", "Traffic_26": "62886", "VCR_26": "0.55", "AADT_26": "62886", "Tipe_Jb_26": "", "Lat_26": -8.567454, "Long_26": 115.176407, "Tgl_Ins_26": "46187", "Ket_26": " " }, "geometry": { "type": "Point", "coordinates": [ 115.176407, -8.567454 ] } },
{ "type": "Feature", "properties": { "FID": 15966, "KDRUAS_UPD": "4001011", "NOJBT_UPD": "40.010.001.0.11", "NM_RUAS_UP": "JLN. WESTERN RING ROAD (SP. GUNUNG AGUNG - SP. MAHENDRADATTA)", "NM_JBT_UPD": "TK. MATI I", "PROVINSI": "BALI", "No_Prov_26": "40", "ID_Jbt_26": "4000095", "Kd_Ruas_26": "4001011", "Suffix_26": " ", "Nm_Ruas_26": "JLN. WESTERN RING ROAD (SP. GUNUNG AGUNG - SP. MAHENDRADATTA)", "Lintas_26": "NON LINTAS", "No_Jbt_26": "40.010.001.0.11", "Nm_Jbt_26": "TK. MATI I", "Status_26": "N", "Fungsi_26": "K", "Lks_Dr_26": "DPS", "Lks_km_26": 312, "F_STA_26": "578", "Cadin_26": "DENPASAR", "Pjg_Jbt_26": 25.8, "Btg_Pjg_26": 25.8, "Jml_Btg_26": "1", "Lb_Jl_Ms26": 11.8, "Lb_Jl_Kl26": 11.8, "Lb_Lalin26": 11.8, "Lb_Bh_Ki26": 1.32, "Lb_Bh_Ka26": 0.99, "Lb_Dr_Ki26": 0.0, "Lb_Dr_Ka26": 0.0, "Lb_Tr_Ki26": 0.88, "Lb_Tr_Ka26": 0.86, "Lb_TS_Ki26": 0.0, "Lb_TS_Ka26": 0.0, "Lb_Med_26": 0.0, "Lbr_Jbt_26": 15.85, "Bgn_Ats_26": "GTP", "Jns_Jbt_26": "STANDAR", "Thn_Bgn_26": "2004", "BA_26": "2", "LNT_26": "1", "BB_26": "2", "DAS_26": "0", "OP_26": "1", "UT_26": "0", "GR_26": "0", "LB_26": "0", "JBT_26": "2", "Tp_Lnts_26": "SUNGAI", "Dt_Lnts_26": "BERKELOK (MEANDER)", "Pnangnn_26": "RUTIN", "Pmriksn_26": "DETAIL", "Pnglola_26": "BBPJN JAWA TIMUR - BALI", "Satkr_ID26": "693912", "PPK_Name26": "PPK 1.3", "Traffic_26": "33219", "VCR_26": "0.618", "AADT_26": "33219", "Tipe_Jb_26": "", "Lat_26": -8.655275, "Long_26": 115.192711, "Tgl_Ins_26": "46189", "Ket_26": " " }, "geometry": { "type": "Point", "coordinates": [ 115.192711, -8.655275 ] } },
{ "type": "Feature", "properties": { "FID": 15967, "KDRUAS_UPD": "4001011", "NOJBT_UPD": "40.010.002.0.11", "NM_RUAS_UP": "JLN. WESTERN RING ROAD (SP. GUNUNG AGUNG - SP. MAHENDRADATTA)", "NM_JBT_UPD": "TK. MATI II", "PROVINSI": "BALI", "No_Prov_26": "40", "ID_Jbt_26": "4000096", "Kd_Ruas_26": "4001011", "Suffix_26": " ", "Nm_Ruas_26": "JLN. WESTERN RING ROAD (SP. GUNUNG AGUNG - SP. MAHENDRADATTA)", "Lintas_26": "NON LINTAS", "No_Jbt_26": "40.010.002.0.11", "Nm_Jbt_26": "TK. MATI II", "Status_26": "N", "Fungsi_26": "K", "Lks_Dr_26": "DPS", "Lks_km_26": 508, "F_STA_26": "2162", "Cadin_26": "DENPASAR", "Pjg_Jbt_26": 26.4, "Btg_Pjg_26": 25.65, "Jml_Btg_26": "1", "Lb_Jl_Ms26": 12.31, "Lb_Jl_Kl26": 12.31, "Lb_Lalin26": 12.31, "Lb_Bh_Ki26": 0.68, "Lb_Bh_Ka26": 0.72, "Lb_Dr_Ki26": 0.0, "Lb_Dr_Ka26": 0.0, "Lb_Tr_Ki26": 0.64, "Lb_Tr_Ka26": 0.72, "Lb_TS_Ki26": 0.0, "Lb_TS_Ka26": 0.0, "Lb_Med_26": 0.0, "Lbr_Jbt_26": 15.07, "Bgn_Ats_26": "GPP", "Jns_Jbt_26": "STANDAR", "Thn_Bgn_26": "2004", "BA_26": "2", "LNT_26": "2", "BB_26": "1", "DAS_26": "1", "OP_26": "1", "UT_26": "1", "GR_26": "0", "LB_26": "0", "JBT_26": "2", "Tp_Lnts_26": "SUNGAI", "Dt_Lnts_26": "BERKELOK (MEANDER)", "Pnangnn_26": "RUTIN", "Pmriksn_26": "RUTIN", "Pnglola_26": "BBPJN JAWA TIMUR - BALI", "Satkr_ID26": "693912", "PPK_Name26": "PPK 1.3", "Traffic_26": "33219", "VCR_26": "0.618", "AADT_26": "33219", "Tipe_Jb_26": "", "Lat_26": -8.667348, "Long_26": 115.189896, "Tgl_Ins_26": "46189", "Ket_26": " " }, "geometry": { "type": "Point", "coordinates": [ 115.189896, -8.667348 ] } },
{ "type": "Feature", "properties": { "FID": 15968, "KDRUAS_UPD": "4001011", "NOJBT_UPD": "40.010.003.0.11", "NM_RUAS_UP": "JLN. WESTERN RING ROAD (SP. GUNUNG AGUNG - SP. MAHENDRADATTA)", "NM_JBT_UPD": "PK. KRUPUK", "PROVINSI": "BALI", "No_Prov_26": "40", "ID_Jbt_26": "4000097", "Kd_Ruas_26": "4001011", "Suffix_26": " ", "Nm_Ruas_26": "JLN. WESTERN RING ROAD (SP. GUNUNG AGUNG - SP. MAHENDRADATTA)", "Lintas_26": "NON LINTAS", "No_Jbt_26": "40.010.003.0.11", "Nm_Jbt_26": "PK. KRUPUK", "Status_26": "N", "Fungsi_26": "K", "Lks_Dr_26": "DPS", "Lks_km_26": 69, "F_STA_26": "1117", "Cadin_26": "DENPASAR", "Pjg_Jbt_26": 12.8, "Btg_Pjg_26": 6.4, "Jml_Btg_26": "2", "Lb_Jl_Ms26": 29.6, "Lb_Jl_Kl26": 29.6, "Lb_Lalin26": 29.6, "Lb_Bh_Ki26": 0.48, "Lb_Bh_Ka26": 0.51, "Lb_Dr_Ki26": 0.0, "Lb_Dr_Ka26": 0.0, "Lb_Tr_Ki26": 1.14, "Lb_Tr_Ka26": 1.94, "Lb_TS_Ki26": 0.0, "Lb_TS_Ka26": 0.0, "Lb_Med_26": 0.0, "Lbr_Jbt_26": 33.67, "Bgn_Ats_26": "BTP", "Jns_Jbt_26": "STANDAR", "Thn_Bgn_26": "2004", "BA_26": "2", "LNT_26": "2", "BB_26": "0", "DAS_26": "2", "OP_26": "0", "UT_26": "0", "GR_26": "2", "LB_26": "0", "JBT_26": "2", "Tp_Lnts_26": "SUNGAI", "Dt_Lnts_26": "BERKELOK (MEANDER)", "Pnangnn_26": "RUTIN", "Pmriksn_26": "DETAIL", "Pnglola_26": "BBPJN JAWA TIMUR - BALI", "Satkr_ID26": "693912", "PPK_Name26": "PPK 1.3", "Traffic_26": "33219", "VCR_26": "0.618", "AADT_26": "33219", "Tipe_Jb_26": "", "Lat_26": -8.659736, "Long_26": 115.190941, "Tgl_Ins_26": "46189", "Ket_26": " " }, "geometry": { "type": "Point", "coordinates": [ 115.190941, -8.659736 ] } },
{ "type": "Feature", "properties": { "FID": 15969, "KDRUAS_UPD": "4001011", "NOJBT_UPD": "40.010.004.0.11", "NM_RUAS_UP": "JLN. WESTERN RING ROAD (SP. GUNUNG AGUNG - SP. MAHENDRADATTA)", "NM_JBT_UPD": "TK. MATI III", "PROVINSI": "BALI", "No_Prov_26": "40", "ID_Jbt_26": "4000098", "Kd_Ruas_26": "4001011", "Suffix_26": " ", "Nm_Ruas_26": "JLN. WESTERN RING ROAD (SP. GUNUNG AGUNG - SP. MAHENDRADATTA)", "Lintas_26": "NON LINTAS", "No_Jbt_26": "40.010.004.0.11", "Nm_Jbt_26": "TK. MATI III", "Status_26": "N", "Fungsi_26": "K", "Lks_Dr_26": "DPS", "Lks_km_26": 564, "F_STA_26": "2600", "Cadin_26": "DENPASAR", "Pjg_Jbt_26": 26.2, "Btg_Pjg_26": 25.92, "Jml_Btg_26": "1", "Lb_Jl_Ms26": 12.7, "Lb_Jl_Kl26": 12.7, "Lb_Lalin26": 12.7, "Lb_Bh_Ki26": 0.44, "Lb_Bh_Ka26": 0.62, "Lb_Dr_Ki26": 0.0, "Lb_Dr_Ka26": 0.0, "Lb_Tr_Ki26": 0.93, "Lb_Tr_Ka26": 0.9, "Lb_TS_Ki26": 0.0, "Lb_TS_Ka26": 0.0, "Lb_Med_26": 0.0, "Lbr_Jbt_26": 15.59, "Bgn_Ats_26": "GPP", "Jns_Jbt_26": "STANDAR", "Thn_Bgn_26": "2004", "BA_26": "2", "LNT_26": "2", "BB_26": "2", "DAS_26": "1", "OP_26": "0", "UT_26": "1", "GR_26": "0", "LB_26": "0", "JBT_26": "2", "Tp_Lnts_26": "SUNGAI", "Dt_Lnts_26": "LURUS", "Pnangnn_26": "BERKALA", "Pmriksn_26": "RUTIN", "Pnglola_26": "BBPJN JAWA TIMUR - BALI", "Satkr_ID26": "693912", "PPK_Name26": "PPK 1.3", "Traffic_26": "33219", "VCR_26": "0.618", "AADT_26": "33219", "Tipe_Jb_26": "", "Lat_26": -8.672104, "Long_26": 115.191246, "Tgl_Ins_26": "46189", "Ket_26": " " }, "geometry": { "type": "Point", "coordinates": [ 115.191246, -8.672104 ] } },
{ "type": "Feature", "properties": { "FID": 15973, "KDRUAS_UPD": "4001311", "NOJBT_UPD": "40.013.001.0.11", "NM_RUAS_UP": "SIMP. KUTA  -  TUGU NGURAH RAI", "NM_JBT_UPD": "TK.KUTA", "PROVINSI": "BALI", "No_Prov_26": "40", "ID_Jbt_26": "4000102", "Kd_Ruas_26": "4001311", "Suffix_26": " ", "Nm_Ruas_26": "SIMP. KUTA  -  TUGU NGURAH RAI", "Lintas_26": "JALAN LINTAS SELATAN", "No_Jbt_26": "40.013.001.0.11", "Nm_Jbt_26": "TK.KUTA", "Status_26": "N", "Fungsi_26": "A", "Lks_Dr_26": "DPS", "Lks_km_26": 2255, "F_STA_26": "845", "Cadin_26": "BADUNG", "Pjg_Jbt_26": 31.2, "Btg_Pjg_26": 31.2, "Jml_Btg_26": "1", "Lb_Jl_Ms26": 15.4, "Lb_Jl_Kl26": 15.4, "Lb_Lalin26": 15.4, "Lb_Bh_Ki26": 0.49, "Lb_Bh_Ka26": 0.34, "Lb_Dr_Ki26": 0.1, "Lb_Dr_Ka26": 0.1, "Lb_Tr_Ki26": 1.0, "Lb_Tr_Ka26": 1.05, "Lb_TS_Ki26": 0.0, "Lb_TS_Ka26": 0.0, "Lb_Med_26": 0.45, "Lbr_Jbt_26": 18.93, "Bgn_Ats_26": "GPP", "Jns_Jbt_26": "STANDAR", "Thn_Bgn_26": "1997", "BA_26": "2", "LNT_26": "1", "BB_26": "2", "DAS_26": "1", "OP_26": "0", "UT_26": "0", "GR_26": "0", "LB_26": "0", "JBT_26": "2", "Tp_Lnts_26": "SUNGAI", "Dt_Lnts_26": "BERKELOK (MEANDER)", "Pnangnn_26": "RUTIN", "Pmriksn_26": "RUTIN", "Pnglola_26": "BBPJN JAWA TIMUR - BALI", "Satkr_ID26": "693913", "PPK_Name26": "PPK 2.3", "Traffic_26": "73372", "VCR_26": "0.867", "AADT_26": "73372", "Tipe_Jb_26": "", "Lat_26": -8.728402, "Long_26": 115.179718, "Tgl_Ins_26": "0", "Ket_26": " " }, "geometry": { "type": "Point", "coordinates": [ 115.179718, -8.728402 ] } },
{ "type": "Feature", "properties": { "FID": 15974, "KDRUAS_UPD": "4001511", "NOJBT_UPD": "40.015.002.0.11", "NM_RUAS_UP": "TUGU NGURAH RAI - NUSA DUA", "NM_JBT_UPD": "TK.JIMBARAN", "PROVINSI": "BALI", "No_Prov_26": "40", "ID_Jbt_26": "4000104", "Kd_Ruas_26": "4001511", "Suffix_26": " ", "Nm_Ruas_26": "TUGU NGURAH RAI - NUSA DUA", "Lintas_26": "NON LINTAS", "No_Jbt_26": "40.015.002.0.11", "Nm_Jbt_26": "TK.JIMBARAN", "Status_26": "N", "Fungsi_26": "K", "Lks_Dr_26": "DPS", "Lks_km_26": 28, "F_STA_26": "3357", "Cadin_26": "BADUNG", "Pjg_Jbt_26": 62.6, "Btg_Pjg_26": 20.8, "Jml_Btg_26": "3", "Lb_Jl_Ms26": 15.36, "Lb_Jl_Kl26": 15.36, "Lb_Lalin26": 15.36, "Lb_Bh_Ki26": 0.37, "Lb_Bh_Ka26": 0.3, "Lb_Dr_Ki26": 0.1, "Lb_Dr_Ka26": 0.1, "Lb_Tr_Ki26": 1.03, "Lb_Tr_Ka26": 1.07, "Lb_TS_Ki26": 0.0, "Lb_TS_Ka26": 0.0, "Lb_Med_26": 0.0, "Lbr_Jbt_26": 18.33, "Bgn_Ats_26": "GTP", "Jns_Jbt_26": "STANDAR", "Thn_Bgn_26": "1997", "BA_26": "2", "LNT_26": "1", "BB_26": "2", "DAS_26": "0", "OP_26": "1", "UT_26": "0", "GR_26": "0", "LB_26": "0", "JBT_26": "2", "Tp_Lnts_26": "SUNGAI", "Dt_Lnts_26": "BERKELOK (MEANDER)", "Pnangnn_26": "RUTIN", "Pmriksn_26": "DETAIL", "Pnglola_26": "BBPJN JAWA TIMUR - BALI", "Satkr_ID26": "693913", "PPK_Name26": "PPK 2.3", "Traffic_26": "44308", "VCR_26": "0.508", "AADT_26": "44308", "Tipe_Jb_26": "", "Lat_26": -8.774563, "Long_26": 115.177826, "Tgl_Ins_26": "46188", "Ket_26": " " }, "geometry": { "type": "Point", "coordinates": [ 115.177826, -8.774563 ] } },
{ "type": "Feature", "properties": { "FID": 15975, "KDRUAS_UPD": "4001511", "NOJBT_UPD": "40.015.004.0.11", "NM_RUAS_UP": "TUGU NGURAH RAI - NUSA DUA", "NM_JBT_UPD": "TK.NANGKA", "PROVINSI": "BALI", "No_Prov_26": "40", "ID_Jbt_26": "4000105", "Kd_Ruas_26": "4001511", "Suffix_26": " ", "Nm_Ruas_26": "TUGU NGURAH RAI - NUSA DUA", "Lintas_26": "NON LINTAS", "No_Jbt_26": "40.015.004.0.11", "Nm_Jbt_26": "TK.NANGKA", "Status_26": "N", "Fungsi_26": "K", "Lks_Dr_26": "DPS", "Lks_km_26": 2975, "F_STA_26": "5246", "Cadin_26": "BADUNG", "Pjg_Jbt_26": 11.2, "Btg_Pjg_26": 5.6, "Jml_Btg_26": "2", "Lb_Jl_Ms26": 15.88, "Lb_Jl_Kl26": 15.88, "Lb_Lalin26": 15.88, "Lb_Bh_Ki26": 1.26, "Lb_Bh_Ka26": 0.82, "Lb_Dr_Ki26": 0.0, "Lb_Dr_Ka26": 0.0, "Lb_Tr_Ki26": 1.52, "Lb_Tr_Ka26": 0.0, "Lb_TS_Ki26": 0.0, "Lb_TS_Ka26": 0.0, "Lb_Med_26": 1.02, "Lbr_Jbt_26": 20.5, "Bgn_Ats_26": "BTP", "Jns_Jbt_26": "STANDAR", "Thn_Bgn_26": "1980", "BA_26": "2", "LNT_26": "2", "BB_26": "0", "DAS_26": "2", "OP_26": "0", "UT_26": "0", "GR_26": "2", "LB_26": "0", "JBT_26": "2", "Tp_Lnts_26": "SUNGAI", "Dt_Lnts_26": "LURUS", "Pnangnn_26": "RUTIN", "Pmriksn_26": "DETAIL", "Pnglola_26": "BBPJN JAWA TIMUR - BALI", "Satkr_ID26": "693913", "PPK_Name26": "PPK 2.3", "Traffic_26": "44308", "VCR_26": "0.508", "AADT_26": "44308", "Tipe_Jb_26": "", "Lat_26": -8.783884, "Long_26": 115.188355, "Tgl_Ins_26": "46188", "Ket_26": " " }, "geometry": { "type": "Point", "coordinates": [ 115.188355, -8.783884 ] } },
{ "type": "Feature", "properties": { "FID": 15976, "KDRUAS_UPD": "4001611", "NOJBT_UPD": "40.016.006.0.11", "NM_RUAS_UP": "SIMPANG KUTA - SIMP. PESANGGARAN", "NM_JBT_UPD": "TK.BADUNG", "PROVINSI": "BALI", "No_Prov_26": "40", "ID_Jbt_26": "4000108", "Kd_Ruas_26": "4001611", "Suffix_26": " ", "Nm_Ruas_26": "SIMPANG KUTA - SIMP. PESANGGARAN", "Lintas_26": "JALAN LINTAS SELATAN", "No_Jbt_26": "40.016.006.0.11", "Nm_Jbt_26": "TK.BADUNG", "Status_26": "N", "Fungsi_26": "A", "Lks_Dr_26": "DPS", "Lks_km_26": 2125, "F_STA_26": "3273", "Cadin_26": "DENPASAR", "Pjg_Jbt_26": 42.5, "Btg_Pjg_26": 21.25, "Jml_Btg_26": "2", "Lb_Jl_Ms26": 14.92, "Lb_Jl_Kl26": 14.92, "Lb_Lalin26": 14.92, "Lb_Bh_Ki26": 0.97, "Lb_Bh_Ka26": 0.78, "Lb_Dr_Ki26": 0.0, "Lb_Dr_Ka26": 0.0, "Lb_Tr_Ki26": 1.23, "Lb_Tr_Ka26": 1.15, "Lb_TS_Ki26": 0.4, "Lb_TS_Ka26": 0.4, "Lb_Med_26": 0.45, "Lbr_Jbt_26": 20.3, "Bgn_Ats_26": "GPP", "Jns_Jbt_26": "STANDAR", "Thn_Bgn_26": "1997", "BA_26": "2", "LNT_26": "2", "BB_26": "2", "DAS_26": "2", "OP_26": "2", "UT_26": "0", "GR_26": "0", "LB_26": "0", "JBT_26": "2", "Tp_Lnts_26": "SUNGAI", "Dt_Lnts_26": "LURUS", "Pnangnn_26": "RUTIN", "Pmriksn_26": "DETAIL", "Pnglola_26": "BBPJN JAWA TIMUR - BALI", "Satkr_ID26": "693913", "PPK_Name26": "PPK 2.3", "Traffic_26": "64906", "VCR_26": "0.883", "AADT_26": "64906", "Tipe_Jb_26": "", "Lat_26": -8.721524, "Long_26": 115.186821, "Tgl_Ins_26": "46187", "Ket_26": " " }, "geometry": { "type": "Point", "coordinates": [ 115.186821, -8.721524 ] } },
{ "type": "Feature", "properties": { "FID": 15977, "KDRUAS_UPD": "4001811", "NOJBT_UPD": "40.018.002.0.11", "NM_RUAS_UP": "SIMPANG PESANGGARAN - SIMPANG SANUR", "NM_JBT_UPD": "TK.LOLOAN", "PROVINSI": "BALI", "No_Prov_26": "40", "ID_Jbt_26": "4000109", "Kd_Ruas_26": "4001811", "Suffix_26": " ", "Nm_Ruas_26": "SIMPANG PESANGGARAN - SIMPANG SANUR", "Lintas_26": "JALAN LINTAS SELATAN", "No_Jbt_26": "40.018.002.0.11", "Nm_Jbt_26": "TK.LOLOAN", "Status_26": "N", "Fungsi_26": "A", "Lks_Dr_26": "DPS", "Lks_km_26": 1441, "F_STA_26": "4779", "Cadin_26": "DENPASAR", "Pjg_Jbt_26": 31.0, "Btg_Pjg_26": 31.0, "Jml_Btg_26": "1", "Lb_Jl_Ms26": 16.35, "Lb_Jl_Kl26": 16.35, "Lb_Lalin26": 14.6, "Lb_Bh_Ki26": 0.9, "Lb_Bh_Ka26": 0.85, "Lb_Dr_Ki26": 0.0, "Lb_Dr_Ka26": 0.0, "Lb_Tr_Ki26": 1.2, "Lb_Tr_Ka26": 1.2, "Lb_TS_Ki26": 0.4, "Lb_TS_Ka26": 0.4, "Lb_Med_26": 0.45, "Lbr_Jbt_26": 20.0, "Bgn_Ats_26": "GPP", "Jns_Jbt_26": "STANDAR", "Thn_Bgn_26": "1997", "BA_26": "2", "LNT_26": "2", "BB_26": "0", "DAS_26": "2", "OP_26": "1", "UT_26": "0", "GR_26": "0", "LB_26": "0", "JBT_26": "2", "Tp_Lnts_26": "SUNGAI", "Dt_Lnts_26": "LURUS", "Pnangnn_26": "RUTIN", "Pmriksn_26": "DETAIL", "Pnglola_26": "BBPJN JAWA TIMUR - BALI", "Satkr_ID26": "693913", "PPK_Name26": "PPK 2.3", "Traffic_26": "80918", "VCR_26": "0.877", "AADT_26": "80918", "Tipe_Jb_26": "", "Lat_26": -8.705495, "Long_26": 115.2454, "Tgl_Ins_26": "46187", "Ket_26": " " }, "geometry": { "type": "Point", "coordinates": [ 115.2454, -8.705495 ] } },
{ "type": "Feature", "properties": { "FID": 15978, "KDRUAS_UPD": "4001811", "NOJBT_UPD": "40.018.005.0.11", "NM_RUAS_UP": "SIMPANG PESANGGARAN - SIMPANG SANUR", "NM_JBT_UPD": "TK.BUJI", "PROVINSI": "BALI", "No_Prov_26": "40", "ID_Jbt_26": "4000111", "Kd_Ruas_26": "4001811", "Suffix_26": " ", "Nm_Ruas_26": "SIMPANG PESANGGARAN - SIMPANG SANUR", "Lintas_26": "JALAN LINTAS SELATAN", "No_Jbt_26": "40.018.005.0.11", "Nm_Jbt_26": "TK.BUJI", "Status_26": "N", "Fungsi_26": "A", "Lks_Dr_26": "DPS", "Lks_km_26": 1645, "F_STA_26": "6959", "Cadin_26": "DENPASAR", "Pjg_Jbt_26": 31.2, "Btg_Pjg_26": 30.75, "Jml_Btg_26": "1", "Lb_Jl_Ms26": 14.32, "Lb_Jl_Kl26": 14.32, "Lb_Lalin26": 14.32, "Lb_Bh_Ki26": 0.9, "Lb_Bh_Ka26": 0.92, "Lb_Dr_Ki26": 0.0, "Lb_Dr_Ka26": 0.0, "Lb_Tr_Ki26": 1.15, "Lb_Tr_Ka26": 1.2, "Lb_TS_Ki26": 0.4, "Lb_TS_Ka26": 0.4, "Lb_Med_26": 0.52, "Lbr_Jbt_26": 19.81, "Bgn_Ats_26": "GPP", "Jns_Jbt_26": "STANDAR", "Thn_Bgn_26": "1997", "BA_26": "2", "LNT_26": "1", "BB_26": "2", "DAS_26": "2", "OP_26": "2", "UT_26": "0", "GR_26": "0", "LB_26": "0", "JBT_26": "2", "Tp_Lnts_26": "SUNGAI", "Dt_Lnts_26": "LURUS", "Pnangnn_26": "RUTIN", "Pmriksn_26": "DETAIL", "Pnglola_26": "BBPJN JAWA TIMUR - BALI", "Satkr_ID26": "693913", "PPK_Name26": "PPK 2.3", "Traffic_26": "80918", "VCR_26": "0.877", "AADT_26": "80918", "Tipe_Jb_26": "", "Lat_26": -8.711928, "Long_26": 115.22731, "Tgl_Ins_26": "46187", "Ket_26": " " }, "geometry": { "type": "Point", "coordinates": [ 115.22731, -8.711928 ] } },
{ "type": "Feature", "properties": { "FID": 15979, "KDRUAS_UPD": "4001911", "NOJBT_UPD": "40.019.001.0.11", "NM_RUAS_UP": "SIMPANG SANUR - SIMPANG TOHPATI", "NM_JBT_UPD": "TK.AYUNG", "PROVINSI": "BALI", "No_Prov_26": "40", "ID_Jbt_26": "4000112", "Kd_Ruas_26": "4001911", "Suffix_26": " ", "Nm_Ruas_26": "SIMPANG SANUR - SIMPANG TOHPATI", "Lintas_26": "JALAN LINTAS SELATAN", "No_Jbt_26": "40.019.001.0.11", "Nm_Jbt_26": "TK.AYUNG", "Status_26": "N", "Fungsi_26": "A", "Lks_Dr_26": "DPS", "Lks_km_26": 708, "F_STA_26": "1530", "Cadin_26": "DENPASAR", "Pjg_Jbt_26": 99.3, "Btg_Pjg_26": 33.1, "Jml_Btg_26": "3", "Lb_Jl_Ms26": 14.85, "Lb_Jl_Kl26": 14.85, "Lb_Lalin26": 14.85, "Lb_Bh_Ki26": 0.9, "Lb_Bh_Ka26": 1.1, "Lb_Dr_Ki26": 0.0, "Lb_Dr_Ka26": 0.0, "Lb_Tr_Ki26": 1.2, "Lb_Tr_Ka26": 1.1, "Lb_TS_Ki26": 0.45, "Lb_TS_Ka26": 0.45, "Lb_Med_26": 0.0, "Lbr_Jbt_26": 20.05, "Bgn_Ats_26": "GPP", "Jns_Jbt_26": "STANDAR", "Thn_Bgn_26": "1982", "BA_26": "2", "LNT_26": "2", "BB_26": "2", "DAS_26": "2", "OP_26": "2", "UT_26": "0", "GR_26": "0", "LB_26": "0", "JBT_26": "2", "Tp_Lnts_26": "SUNGAI", "Dt_Lnts_26": "BERKELOK (MEANDER)", "Pnangnn_26": "RUTIN", "Pmriksn_26": "DETAIL", "Pnglola_26": "BBPJN JAWA TIMUR - BALI", "Satkr_ID26": "693913", "PPK_Name26": "PPK 2.3", "Traffic_26": "67359", "VCR_26": "0.864", "AADT_26": "67359", "Tipe_Jb_26": "", "Lat_26": -8.652641, "Long_26": 115.25441, "Tgl_Ins_26": "46187", "Ket_26": " " }, "geometry": { "type": "Point", "coordinates": [ 115.25441, -8.652641 ] } },
{ "type": "Feature", "properties": { "FID": 15980, "KDRUAS_UPD": "4001911", "NOJBT_UPD": "40.019.004.0.11", "NM_RUAS_UP": "SIMPANG SANUR - SIMPANG TOHPATI", "NM_JBT_UPD": "TK.SANUR", "PROVINSI": "BALI", "No_Prov_26": "40", "ID_Jbt_26": "4000113", "Kd_Ruas_26": "4001911", "Suffix_26": " ", "Nm_Ruas_26": "SIMPANG SANUR - SIMPANG TOHPATI", "Lintas_26": "JALAN LINTAS SELATAN", "No_Jbt_26": "40.019.004.0.11", "Nm_Jbt_26": "TK.SANUR", "Status_26": "N", "Fungsi_26": "A", "Lks_Dr_26": "DPS", "Lks_km_26": 835, "F_STA_26": "2852", "Cadin_26": "DENPASAR", "Pjg_Jbt_26": 31.0, "Btg_Pjg_26": 31.0, "Jml_Btg_26": "1", "Lb_Jl_Ms26": 16.5, "Lb_Jl_Kl26": 16.5, "Lb_Lalin26": 15.45, "Lb_Bh_Ki26": 0.55, "Lb_Bh_Ka26": 0.5, "Lb_Dr_Ki26": 0.0, "Lb_Dr_Ka26": 0.0, "Lb_Tr_Ki26": 1.15, "Lb_Tr_Ka26": 1.2, "Lb_TS_Ki26": 0.4, "Lb_TS_Ka26": 0.35, "Lb_Med_26": 0.45, "Lbr_Jbt_26": 20.05, "Bgn_Ats_26": "GPP", "Jns_Jbt_26": "STANDAR", "Thn_Bgn_26": "1982", "BA_26": "2", "LNT_26": "0", "BB_26": "2", "DAS_26": "1", "OP_26": "1", "UT_26": "0", "GR_26": "0", "LB_26": "0", "JBT_26": "2", "Tp_Lnts_26": "SUNGAI", "Dt_Lnts_26": "BERKELOK (MEANDER)", "Pnangnn_26": "RUTIN", "Pmriksn_26": "DETAIL", "Pnglola_26": "BBPJN JAWA TIMUR - BALI", "Satkr_ID26": "693913", "PPK_Name26": "PPK 2.3", "Traffic_26": "67359", "VCR_26": "0.864", "AADT_26": "67359", "Tipe_Jb_26": "", "Lat_26": -8.664313, "Long_26": 115.254944, "Tgl_Ins_26": "46189", "Ket_26": " " }, "geometry": { "type": "Point", "coordinates": [ 115.254944, -8.664313 ] } },
{ "type": "Feature", "properties": { "FID": 15981, "KDRUAS_UPD": "4002011", "NOJBT_UPD": "40.020.001.0.11", "NM_RUAS_UP": "SP.COKROAMINOTO - SP.TOHPATI (JLN. G. SUBROTO TIMUR)", "NM_JBT_UPD": "TK.BADUNG", "PROVINSI": "BALI", "No_Prov_26": "40", "ID_Jbt_26": "4000114", "Kd_Ruas_26": "4002011", "Suffix_26": " ", "Nm_Ruas_26": "SP.COKROAMINOTO - SP.TOHPATI (JLN. G. SUBROTO TIMUR)", "Lintas_26": "JALAN LINTAS SELATAN", "No_Jbt_26": "40.020.001.0.11", "Nm_Jbt_26": "TK.BADUNG", "Status_26": "N", "Fungsi_26": "A", "Lks_Dr_26": "DPS", "Lks_km_26": 38, "F_STA_26": "251", "Cadin_26": "DENPASAR", "Pjg_Jbt_26": 30.2, "Btg_Pjg_26": 18.34, "Jml_Btg_26": "1", "Lb_Jl_Ms26": 13.25, "Lb_Jl_Kl26": 13.25, "Lb_Lalin26": 13.25, "Lb_Bh_Ki26": 0.36, "Lb_Bh_Ka26": 0.42, "Lb_Dr_Ki26": 0.1, "Lb_Dr_Ka26": 0.1, "Lb_Tr_Ki26": 0.96, "Lb_Tr_Ka26": 0.97, "Lb_TS_Ki26": 0.0, "Lb_TS_Ka26": 0.0, "Lb_Med_26": 0.0, "Lbr_Jbt_26": 16.16, "Bgn_Ats_26": "ETP", "Jns_Jbt_26": "STANDAR", "Thn_Bgn_26": "1985", "BA_26": "2", "LNT_26": "2", "BB_26": "2", "DAS_26": "1", "OP_26": "1", "UT_26": "0", "GR_26": "0", "LB_26": "0", "JBT_26": "2", "Tp_Lnts_26": "SUNGAI", "Dt_Lnts_26": "BERKELOK (MEANDER)", "Pnangnn_26": "RUTIN", "Pmriksn_26": "DETAIL", "Pnglola_26": "BBPJN JAWA TIMUR - BALI", "Satkr_ID26": "693913", "PPK_Name26": "PPK 2.3", "Traffic_26": "34035", "VCR_26": "0.771", "AADT_26": "34035", "Tipe_Jb_26": "", "Lat_26": -8.638154, "Long_26": 115.209602, "Tgl_Ins_26": "46189", "Ket_26": " " }, "geometry": { "type": "Point", "coordinates": [ 115.209602, -8.638154 ] } },
{ "type": "Feature", "properties": { "FID": 15982, "KDRUAS_UPD": "4002011", "NOJBT_UPD": "40.020.002.0.11", "NM_RUAS_UP": "SP.COKROAMINOTO - SP.TOHPATI (JLN. G. SUBROTO TIMUR)", "NM_JBT_UPD": "TK.TAGTAG", "PROVINSI": "BALI", "No_Prov_26": "40", "ID_Jbt_26": "4000115", "Kd_Ruas_26": "4002011", "Suffix_26": " ", "Nm_Ruas_26": "SP.COKROAMINOTO - SP.TOHPATI (JLN. G. SUBROTO TIMUR)", "Lintas_26": "JALAN LINTAS SELATAN", "No_Jbt_26": "40.020.002.0.11", "Nm_Jbt_26": "TK.TAGTAG", "Status_26": "N", "Fungsi_26": "A", "Lks_Dr_26": "DPS", "Lks_km_26": 45, "F_STA_26": "740", "Cadin_26": "DENPASAR", "Pjg_Jbt_26": 15.8, "Btg_Pjg_26": 15.8, "Jml_Btg_26": "1", "Lb_Jl_Ms26": 12.1, "Lb_Jl_Kl26": 12.1, "Lb_Lalin26": 12.1, "Lb_Bh_Ki26": 0.58, "Lb_Bh_Ka26": 0.64, "Lb_Dr_Ki26": 0.09, "Lb_Dr_Ka26": 0.09, "Lb_Tr_Ki26": 1.01, "Lb_Tr_Ka26": 0.98, "Lb_TS_Ki26": 0.0, "Lb_TS_Ka26": 0.0, "Lb_Med_26": 0.0, "Lbr_Jbt_26": 15.49, "Bgn_Ats_26": "GTP", "Jns_Jbt_26": "STANDAR", "Thn_Bgn_26": "1986", "BA_26": "2", "LNT_26": "2", "BB_26": "2", "DAS_26": "1", "OP_26": "1", "UT_26": "0", "GR_26": "0", "LB_26": "0", "JBT_26": "2", "Tp_Lnts_26": "SUNGAI", "Dt_Lnts_26": "BERKELOK (MEANDER)", "Pnangnn_26": "RUTIN", "Pmriksn_26": "DETAIL", "Pnglola_26": "BBPJN JAWA TIMUR - BALI", "Satkr_ID26": "693913", "PPK_Name26": "PPK 2.3", "Traffic_26": "34035", "VCR_26": "0.771", "AADT_26": "34035", "Tipe_Jb_26": "", "Lat_26": -8.636747, "Long_26": 115.213814, "Tgl_Ins_26": "46189", "Ket_26": " " }, "geometry": { "type": "Point", "coordinates": [ 115.213814, -8.636747 ] } },
{ "type": "Feature", "properties": { "FID": 15983, "KDRUAS_UPD": "4002011", "NOJBT_UPD": "40.020.003.0.11", "NM_RUAS_UP": "SP.COKROAMINOTO - SP.TOHPATI (JLN. G. SUBROTO TIMUR)", "NM_JBT_UPD": "TK.BINDU", "PROVINSI": "BALI", "No_Prov_26": "40", "ID_Jbt_26": "4000116", "Kd_Ruas_26": "4002011", "Suffix_26": " ", "Nm_Ruas_26": "SP.COKROAMINOTO - SP.TOHPATI (JLN. G. SUBROTO TIMUR)", "Lintas_26": "JALAN LINTAS SELATAN", "No_Jbt_26": "40.020.003.0.11", "Nm_Jbt_26": "TK.BINDU", "Status_26": "N", "Fungsi_26": "A", "Lks_Dr_26": "DPS", "Lks_km_26": 6, "F_STA_26": "2800", "Cadin_26": "DENPASAR", "Pjg_Jbt_26": 53.5, "Btg_Pjg_26": 35.73, "Jml_Btg_26": "2", "Lb_Jl_Ms26": 13.4, "Lb_Jl_Kl26": 13.4, "Lb_Lalin26": 13.4, "Lb_Bh_Ki26": 0.43, "Lb_Bh_Ka26": 0.44, "Lb_Dr_Ki26": 0.14, "Lb_Dr_Ka26": 0.14, "Lb_Tr_Ki26": 1.13, "Lb_Tr_Ka26": 1.15, "Lb_TS_Ki26": 0.0, "Lb_TS_Ka26": 0.0, "Lb_Med_26": 0.0, "Lbr_Jbt_26": 16.83, "Bgn_Ats_26": "GPP", "Jns_Jbt_26": "STANDAR", "Thn_Bgn_26": "1982", "BA_26": "1", "LNT_26": "1", "BB_26": "2", "DAS_26": "1", "OP_26": "0", "UT_26": "0", "GR_26": "0", "LB_26": "0", "JBT_26": "2", "Tp_Lnts_26": "SUNGAI", "Dt_Lnts_26": "BERKELOK (MEANDER)", "Pnangnn_26": "RUTIN", "Pmriksn_26": "RUTIN", "Pnglola_26": "BBPJN JAWA TIMUR - BALI", "Satkr_ID26": "693913", "PPK_Name26": "PPK 2.3", "Traffic_26": "34035", "VCR_26": "0.771", "AADT_26": "34035", "Tipe_Jb_26": "", "Lat_26": -8.635721, "Long_26": 115.2324, "Tgl_Ins_26": "46189", "Ket_26": " " }, "geometry": { "type": "Point", "coordinates": [ 115.2324, -8.635721 ] } },
{ "type": "Feature", "properties": { "FID": 15984, "KDRUAS_UPD": "4002011", "NOJBT_UPD": "40.020.004.0.11", "NM_RUAS_UP": "SP.COKROAMINOTO - SP.TOHPATI (JLN. G. SUBROTO TIMUR)", "NM_JBT_UPD": "TK.AYUNG", "PROVINSI": "BALI", "No_Prov_26": "40", "ID_Jbt_26": "4000117", "Kd_Ruas_26": "4002011", "Suffix_26": " ", "Nm_Ruas_26": "SP.COKROAMINOTO - SP.TOHPATI (JLN. G. SUBROTO TIMUR)", "Lintas_26": "JALAN LINTAS SELATAN", "No_Jbt_26": "40.020.004.0.11", "Nm_Jbt_26": "TK.AYUNG", "Status_26": "N", "Fungsi_26": "A", "Lks_Dr_26": "DPS", "Lks_km_26": 658, "F_STA_26": "3533", "Cadin_26": "DENPASAR", "Pjg_Jbt_26": 63.5, "Btg_Pjg_26": 40.77, "Jml_Btg_26": "2", "Lb_Jl_Ms26": 13.3, "Lb_Jl_Kl26": 13.3, "Lb_Lalin26": 13.3, "Lb_Bh_Ki26": 0.34, "Lb_Bh_Ka26": 0.44, "Lb_Dr_Ki26": 0.15, "Lb_Dr_Ka26": 0.14, "Lb_Tr_Ki26": 1.16, "Lb_Tr_Ka26": 1.17, "Lb_TS_Ki26": 0.0, "Lb_TS_Ka26": 0.0, "Lb_Med_26": 0.0, "Lbr_Jbt_26": 16.7, "Bgn_Ats_26": "GPP", "Jns_Jbt_26": "STANDAR", "Thn_Bgn_26": "1982", "BA_26": "1", "LNT_26": "1", "BB_26": "1", "DAS_26": "1", "OP_26": "0", "UT_26": "0", "GR_26": "0", "LB_26": "0", "JBT_26": "1", "Tp_Lnts_26": "SUNGAI", "Dt_Lnts_26": "BERKELOK (MEANDER)", "Pnangnn_26": "RUTIN", "Pmriksn_26": "RUTIN", "Pnglola_26": "BBPJN JAWA TIMUR - BALI", "Satkr_ID26": "693913", "PPK_Name26": "PPK 2.3", "Traffic_26": "34035", "VCR_26": "0.771", "AADT_26": "34035", "Tipe_Jb_26": "", "Lat_26": -8.636023, "Long_26": 115.239, "Tgl_Ins_26": "46189", "Ket_26": " " }, "geometry": { "type": "Point", "coordinates": [ 115.239, -8.636023 ] } },
{ "type": "Feature", "properties": { "FID": 15985, "KDRUAS_UPD": "4002011", "NOJBT_UPD": "40.020.005.0.11", "NM_RUAS_UP": "SP.COKROAMINOTO - SP.TOHPATI (JLN. G. SUBROTO TIMUR)", "NM_JBT_UPD": "TK.PENATIH", "PROVINSI": "BALI", "No_Prov_26": "40", "ID_Jbt_26": "4000118", "Kd_Ruas_26": "4002011", "Suffix_26": " ", "Nm_Ruas_26": "SP.COKROAMINOTO - SP.TOHPATI (JLN. G. SUBROTO TIMUR)", "Lintas_26": "JALAN LINTAS SELATAN", "No_Jbt_26": "40.020.005.0.11", "Nm_Jbt_26": "TK.PENATIH", "Status_26": "N", "Fungsi_26": "A", "Lks_Dr_26": "DPS", "Lks_km_26": 73, "F_STA_26": "4163", "Cadin_26": "DENPASAR", "Pjg_Jbt_26": 63.3, "Btg_Pjg_26": 40.94, "Jml_Btg_26": "2", "Lb_Jl_Ms26": 13.05, "Lb_Jl_Kl26": 13.05, "Lb_Lalin26": 13.05, "Lb_Bh_Ki26": 0.55, "Lb_Bh_Ka26": 0.43, "Lb_Dr_Ki26": 0.13, "Lb_Dr_Ka26": 0.14, "Lb_Tr_Ki26": 1.12, "Lb_Tr_Ka26": 1.16, "Lb_TS_Ki26": 0.0, "Lb_TS_Ka26": 0.0, "Lb_Med_26": 0.0, "Lbr_Jbt_26": 16.58, "Bgn_Ats_26": "GPP", "Jns_Jbt_26": "STANDAR", "Thn_Bgn_26": "1982", "BA_26": "1", "LNT_26": "2", "BB_26": "1", "DAS_26": "1", "OP_26": "0", "UT_26": "0", "GR_26": "0", "LB_26": "0", "JBT_26": "2", "Tp_Lnts_26": "SUNGAI", "Dt_Lnts_26": "BERKELOK (MEANDER)", "Pnangnn_26": "BERKALA", "Pmriksn_26": "RUTIN", "Pnglola_26": "BBPJN JAWA TIMUR - BALI", "Satkr_ID26": "693913", "PPK_Name26": "PPK 2.3", "Traffic_26": "34035", "VCR_26": "0.771", "AADT_26": "34035", "Tipe_Jb_26": "", "Lat_26": -8.635555, "Long_26": 115.2447, "Tgl_Ins_26": "46187", "Ket_26": " " }, "geometry": { "type": "Point", "coordinates": [ 115.2447, -8.635555 ] } },
{ "type": "Feature", "properties": { "FID": 15986, "KDRUAS_UPD": "4002111", "NOJBT_UPD": "40.021.001.A.11", "NM_RUAS_UP": "SP. TOHPATI - SP. PANTAI SIUT", "NM_JBT_UPD": "TK. SANGSANG A", "PROVINSI": "BALI", "No_Prov_26": "40", "ID_Jbt_26": "4000119", "Kd_Ruas_26": "4002111", "Suffix_26": " ", "Nm_Ruas_26": "SP. TOHPATI - SP. PANTAI SIUT", "Lintas_26": "JALAN LINTAS TENGAH", "No_Jbt_26": "40.021.001.A.11", "Nm_Jbt_26": "TK. SANGSANG A", "Status_26": "N", "Fungsi_26": "A", "Lks_Dr_26": "DPS", "Lks_km_26": 2164, "F_STA_26": "14457", "Cadin_26": "GIANYAR", "Pjg_Jbt_26": 43.2, "Btg_Pjg_26": 43.2, "Jml_Btg_26": "1", "Lb_Jl_Ms26": 6.5, "Lb_Jl_Kl26": 6.5, "Lb_Lalin26": 6.5, "Lb_Bh_Ki26": 0.4, "Lb_Bh_Ka26": 0.4, "Lb_Dr_Ki26": 0.0, "Lb_Dr_Ka26": 0.0, "Lb_Tr_Ki26": 1.0, "Lb_Tr_Ka26": 1.0, "Lb_TS_Ki26": 0.3, "Lb_TS_Ka26": 0.35, "Lb_Med_26": 0.0, "Lbr_Jbt_26": 9.95, "Bgn_Ats_26": "GPP", "Jns_Jbt_26": "STANDAR", "Thn_Bgn_26": "2002", "BA_26": "2", "LNT_26": "2", "BB_26": "1", "DAS_26": "2", "OP_26": "2", "UT_26": "0", "GR_26": "0", "LB_26": "0", "JBT_26": "2", "Tp_Lnts_26": "SUNGAI", "Dt_Lnts_26": "LURUS", "Pnangnn_26": "RUTIN", "Pmriksn_26": "DETAIL", "Pnglola_26": "BBPJN JAWA TIMUR - BALI", "Satkr_ID26": "693913", "PPK_Name26": "PPK 2.3", "Traffic_26": "78549", "VCR_26": "0.85", "AADT_26": "78549", "Tipe_Jb_26": "", "Lat_26": -8.576609, "Long_26": 115.358971, "Tgl_Ins_26": "46177", "Ket_26": " " }, "geometry": { "type": "Point", "coordinates": [ 115.358971, -8.576609 ] } },
{ "type": "Feature", "properties": { "FID": 15987, "KDRUAS_UPD": "4002111", "NOJBT_UPD": "40.021.001.B.11", "NM_RUAS_UP": "SP. TOHPATI - SP. PANTAI SIUT", "NM_JBT_UPD": "TK. SANGSANG B", "PROVINSI": "BALI", "No_Prov_26": "40", "ID_Jbt_26": "4000120", "Kd_Ruas_26": "4002111", "Suffix_26": " ", "Nm_Ruas_26": "SP. TOHPATI - SP. PANTAI SIUT", "Lintas_26": "JALAN LINTAS TENGAH", "No_Jbt_26": "40.021.001.B.11", "Nm_Jbt_26": "TK. SANGSANG B", "Status_26": "N", "Fungsi_26": "A", "Lks_Dr_26": "DPS", "Lks_km_26": 2164, "F_STA_26": "14457", "Cadin_26": "GIANYAR", "Pjg_Jbt_26": 42.0, "Btg_Pjg_26": 41.7, "Jml_Btg_26": "1", "Lb_Jl_Ms26": 7.1, "Lb_Jl_Kl26": 7.1, "Lb_Lalin26": 7.1, "Lb_Bh_Ki26": 0.35, "Lb_Bh_Ka26": 2.05, "Lb_Dr_Ki26": 0.0, "Lb_Dr_Ka26": 0.0, "Lb_Tr_Ki26": 0.25, "Lb_Tr_Ka26": 1.0, "Lb_TS_Ki26": 0.3, "Lb_TS_Ka26": 0.35, "Lb_Med_26": 0.0, "Lbr_Jbt_26": 11.4, "Bgn_Ats_26": "GPP", "Jns_Jbt_26": "STANDAR", "Thn_Bgn_26": "2011", "BA_26": "1", "LNT_26": "1", "BB_26": "1", "DAS_26": "1", "OP_26": "0", "UT_26": "0", "GR_26": "0", "LB_26": "0", "JBT_26": "1", "Tp_Lnts_26": "SUNGAI", "Dt_Lnts_26": "LURUS", "Pnangnn_26": "RUTIN", "Pmriksn_26": "RUTIN", "Pnglola_26": "BBPJN JAWA TIMUR - BALI", "Satkr_ID26": "693913", "PPK_Name26": "PPK 2.3", "Traffic_26": "78549", "VCR_26": "0.85", "AADT_26": "78549", "Tipe_Jb_26": "", "Lat_26": -8.576385, "Long_26": 115.359634, "Tgl_Ins_26": "46177", "Ket_26": " " }, "geometry": { "type": "Point", "coordinates": [ 115.359634, -8.576385 ] } },
{ "type": "Feature", "properties": { "FID": 15988, "KDRUAS_UPD": "40021", "NOJBT_UPD": "40.021.002.A", "NM_RUAS_UP": "SP. PANTAI SIUT - KOSAMBA", "NM_JBT_UPD": "TK. MELANGIT A", "PROVINSI": "BALI", "No_Prov_26": "40", "ID_Jbt_26": "4000121", "Kd_Ruas_26": "40021", "Suffix_26": " ", "Nm_Ruas_26": "SP. PANTAI SIUT - KOSAMBA", "Lintas_26": "JALAN LINTAS SELATAN", "No_Jbt_26": "40.021.002.A", "Nm_Jbt_26": "TK. MELANGIT A", "Status_26": "N", "Fungsi_26": "A", "Lks_Dr_26": "DPS", "Lks_km_26": 2321, "F_STA_26": "188", "Cadin_26": "GIANYAR", "Pjg_Jbt_26": 35.6, "Btg_Pjg_26": 34.7, "Jml_Btg_26": "1", "Lb_Jl_Ms26": 6.5, "Lb_Jl_Kl26": 6.5, "Lb_Lalin26": 6.5, "Lb_Bh_Ki26": 0.3, "Lb_Bh_Ka26": 0.45, "Lb_Dr_Ki26": 0.0, "Lb_Dr_Ka26": 0.0, "Lb_Tr_Ki26": 1.05, "Lb_Tr_Ka26": 1.0, "Lb_TS_Ki26": 0.3, "Lb_TS_Ka26": 0.35, "Lb_Med_26": 0.0, "Lbr_Jbt_26": 9.95, "Bgn_Ats_26": "GPP", "Jns_Jbt_26": "STANDAR", "Thn_Bgn_26": "2002", "BA_26": "1", "LNT_26": "1", "BB_26": "0", "DAS_26": "1", "OP_26": "1", "UT_26": "0", "GR_26": "0", "LB_26": "0", "JBT_26": "1", "Tp_Lnts_26": "SUNGAI", "Dt_Lnts_26": "LURUS", "Pnangnn_26": "RUTIN", "Pmriksn_26": "DETAIL", "Pnglola_26": "BBPJN JAWA TIMUR - BALI", "Satkr_ID26": "693913", "PPK_Name26": "PPK 2.3", "Traffic_26": "46308", "VCR_26": "0.423", "AADT_26": "46308", "Tipe_Jb_26": "", "Lat_26": -8.568787, "Long_26": 115.370583, "Tgl_Ins_26": "46177", "Ket_26": " " }, "geometry": { "type": "Point", "coordinates": [ 115.370583, -8.568787 ] } },
{ "type": "Feature", "properties": { "FID": 15989, "KDRUAS_UPD": "40021", "NOJBT_UPD": "40.021.002.B", "NM_RUAS_UP": "SP. PANTAI SIUT - KOSAMBA", "NM_JBT_UPD": "TK. MELANGIT B", "PROVINSI": "BALI", "No_Prov_26": "40", "ID_Jbt_26": "4000122", "Kd_Ruas_26": "40021", "Suffix_26": " ", "Nm_Ruas_26": "SP. PANTAI SIUT - KOSAMBA", "Lintas_26": "JALAN LINTAS SELATAN", "No_Jbt_26": "40.021.002.B", "Nm_Jbt_26": "TK. MELANGIT B", "Status_26": "N", "Fungsi_26": "A", "Lks_Dr_26": "DPS", "Lks_km_26": 2321, "F_STA_26": "188", "Cadin_26": "GIANYAR", "Pjg_Jbt_26": 51.5, "Btg_Pjg_26": 35.45, "Jml_Btg_26": "2", "Lb_Jl_Ms26": 7.2, "Lb_Jl_Kl26": 7.2, "Lb_Lalin26": 7.2, "Lb_Bh_Ki26": 0.25, "Lb_Bh_Ka26": 2.0, "Lb_Dr_Ki26": 0.0, "Lb_Dr_Ka26": 0.0, "Lb_Tr_Ki26": 0.25, "Lb_Tr_Ka26": 1.1, "Lb_TS_Ki26": 0.3, "Lb_TS_Ka26": 0.35, "Lb_Med_26": 0.0, "Lbr_Jbt_26": 11.45, "Bgn_Ats_26": "GPP", "Jns_Jbt_26": "STANDAR", "Thn_Bgn_26": "2011", "BA_26": "1", "LNT_26": "1", "BB_26": "2", "DAS_26": "1", "OP_26": "0", "UT_26": "0", "GR_26": "0", "LB_26": "0", "JBT_26": "2", "Tp_Lnts_26": "SUNGAI", "Dt_Lnts_26": "LURUS", "Pnangnn_26": "RUTIN", "Pmriksn_26": "RUTIN", "Pnglola_26": "BBPJN JAWA TIMUR - BALI", "Satkr_ID26": "693913", "PPK_Name26": "PPK 2.3", "Traffic_26": "46308", "VCR_26": "0.423", "AADT_26": "46308", "Tipe_Jb_26": "", "Lat_26": -8.568908, "Long_26": 115.371017, "Tgl_Ins_26": "46177", "Ket_26": " " }, "geometry": { "type": "Point", "coordinates": [ 115.371017, -8.568908 ] } },
{ "type": "Feature", "properties": { "FID": 15990, "KDRUAS_UPD": "40021", "NOJBT_UPD": "40.021.004.A", "NM_RUAS_UP": "SP. PANTAI SIUT - KOSAMBA", "NM_JBT_UPD": "TK. BUBUH A", "PROVINSI": "BALI", "No_Prov_26": "40", "ID_Jbt_26": "4000124", "Kd_Ruas_26": "40021", "Suffix_26": " ", "Nm_Ruas_26": "SP. PANTAI SIUT - KOSAMBA", "Lintas_26": "JALAN LINTAS SELATAN", "No_Jbt_26": "40.021.004.A", "Nm_Jbt_26": "TK. BUBUH A", "Status_26": "N", "Fungsi_26": "A", "Lks_Dr_26": "DPS", "Lks_km_26": 2425, "F_STA_26": "1200", "Cadin_26": "KLUNGKUNG", "Pjg_Jbt_26": 32.3, "Btg_Pjg_26": 31.93, "Jml_Btg_26": "1", "Lb_Jl_Ms26": 7.15, "Lb_Jl_Kl26": 7.15, "Lb_Lalin26": 7.15, "Lb_Bh_Ki26": 0.0, "Lb_Bh_Ka26": 0.0, "Lb_Dr_Ki26": 0.0, "Lb_Dr_Ka26": 0.0, "Lb_Tr_Ki26": 1.0, "Lb_Tr_Ka26": 1.0, "Lb_TS_Ki26": 0.4, "Lb_TS_Ka26": 0.3, "Lb_Med_26": 0.0, "Lbr_Jbt_26": 9.85, "Bgn_Ats_26": "GPP", "Jns_Jbt_26": "STANDAR", "Thn_Bgn_26": "2002", "BA_26": "2", "LNT_26": "2", "BB_26": "1", "DAS_26": "2", "OP_26": "1", "UT_26": "0", "GR_26": "0", "LB_26": "0", "JBT_26": "2", "Tp_Lnts_26": "SUNGAI", "Dt_Lnts_26": "BERKELOK (MEANDER)", "Pnangnn_26": "RUTIN", "Pmriksn_26": "DETAIL", "Pnglola_26": "BBPJN JAWA TIMUR - BALI", "Satkr_ID26": "693913", "PPK_Name26": "PPK 2.3", "Traffic_26": "46308", "VCR_26": "0.423", "AADT_26": "46308", "Tipe_Jb_26": "", "Lat_26": -8.568029, "Long_26": 115.379784, "Tgl_Ins_26": "46178", "Ket_26": " " }, "geometry": { "type": "Point", "coordinates": [ 115.379784, -8.568029 ] } },
{ "type": "Feature", "properties": { "FID": 15991, "KDRUAS_UPD": "40021", "NOJBT_UPD": "40.021.004.B", "NM_RUAS_UP": "SP. PANTAI SIUT - KOSAMBA", "NM_JBT_UPD": "TK. BUBUH B", "PROVINSI": "BALI", "No_Prov_26": "40", "ID_Jbt_26": "4000125", "Kd_Ruas_26": "40021", "Suffix_26": " ", "Nm_Ruas_26": "SP. PANTAI SIUT - KOSAMBA", "Lintas_26": "JALAN LINTAS SELATAN", "No_Jbt_26": "40.021.004.B", "Nm_Jbt_26": "TK. BUBUH B", "Status_26": "N", "Fungsi_26": "A", "Lks_Dr_26": "DPS", "Lks_km_26": 2425, "F_STA_26": "1200", "Cadin_26": "KLUNGKUNG", "Pjg_Jbt_26": 34.0, "Btg_Pjg_26": 33.1, "Jml_Btg_26": "1", "Lb_Jl_Ms26": 9.3, "Lb_Jl_Kl26": 9.3, "Lb_Lalin26": 9.3, "Lb_Bh_Ki26": 0.0, "Lb_Bh_Ka26": 0.0, "Lb_Dr_Ki26": 0.0, "Lb_Dr_Ka26": 0.0, "Lb_Tr_Ki26": 0.25, "Lb_Tr_Ka26": 1.05, "Lb_TS_Ki26": 0.3, "Lb_TS_Ka26": 0.35, "Lb_Med_26": 0.0, "Lbr_Jbt_26": 11.25, "Bgn_Ats_26": "GPP", "Jns_Jbt_26": "STANDAR", "Thn_Bgn_26": "2011", "BA_26": "1", "LNT_26": "1", "BB_26": "2", "DAS_26": "1", "OP_26": "0", "UT_26": "0", "GR_26": "0", "LB_26": "0", "JBT_26": "2", "Tp_Lnts_26": "SUNGAI", "Dt_Lnts_26": "BERKELOK (MEANDER)", "Pnangnn_26": "BERKALA", "Pmriksn_26": "RUTIN", "Pnglola_26": "BBPJN JAWA TIMUR - BALI", "Satkr_ID26": "693913", "PPK_Name26": "PPK 2.3", "Traffic_26": "46308", "VCR_26": "0.423", "AADT_26": "46308", "Tipe_Jb_26": "", "Lat_26": -8.568269, "Long_26": 115.379974, "Tgl_Ins_26": "46178", "Ket_26": " " }, "geometry": { "type": "Point", "coordinates": [ 115.379974, -8.568269 ] } },
{ "type": "Feature", "properties": { "FID": 15992, "KDRUAS_UPD": "40021", "NOJBT_UPD": "40.021.005.A", "NM_RUAS_UP": "SP. PANTAI SIUT - KOSAMBA", "NM_JBT_UPD": "TK. LAMBA A(LEPANG)", "PROVINSI": "BALI", "No_Prov_26": "40", "ID_Jbt_26": "4000126", "Kd_Ruas_26": "40021", "Suffix_26": " ", "Nm_Ruas_26": "SP. PANTAI SIUT - KOSAMBA", "Lintas_26": "JALAN LINTAS SELATAN", "No_Jbt_26": "40.021.005.A", "Nm_Jbt_26": "TK. LAMBA A(LEPANG)", "Status_26": "N", "Fungsi_26": "A", "Lks_Dr_26": "DPS", "Lks_km_26": 2594, "F_STA_26": "2147", "Cadin_26": "KLUNGKUNG", "Pjg_Jbt_26": 26.5, "Btg_Pjg_26": 25.82, "Jml_Btg_26": "1", "Lb_Jl_Ms26": 6.85, "Lb_Jl_Kl26": 6.85, "Lb_Lalin26": 6.85, "Lb_Bh_Ki26": 0.55, "Lb_Bh_Ka26": 0.45, "Lb_Dr_Ki26": 0.0, "Lb_Dr_Ka26": 0.0, "Lb_Tr_Ki26": 1.4, "Lb_Tr_Ka26": 1.4, "Lb_TS_Ki26": 0.4, "Lb_TS_Ka26": 0.35, "Lb_Med_26": 0.0, "Lbr_Jbt_26": 11.4, "Bgn_Ats_26": "GPP", "Jns_Jbt_26": "STANDAR", "Thn_Bgn_26": "2002", "BA_26": "2", "LNT_26": "2", "BB_26": "0", "DAS_26": "0", "OP_26": "0", "UT_26": "0", "GR_26": "0", "LB_26": "0", "JBT_26": "2", "Tp_Lnts_26": "SUNGAI", "Dt_Lnts_26": "LURUS", "Pnangnn_26": "RUTIN", "Pmriksn_26": "DETAIL", "Pnglola_26": "BBPJN JAWA TIMUR - BALI", "Satkr_ID26": "693913", "PPK_Name26": "PPK 2.3", "Traffic_26": "46308", "VCR_26": "0.423", "AADT_26": "46308", "Tipe_Jb_26": "", "Lat_26": -8.567494, "Long_26": 115.388252, "Tgl_Ins_26": "46178", "Ket_26": " " }, "geometry": { "type": "Point", "coordinates": [ 115.388252, -8.567494 ] } },
{ "type": "Feature", "properties": { "FID": 15993, "KDRUAS_UPD": "40021", "NOJBT_UPD": "40.021.005.B", "NM_RUAS_UP": "SP. PANTAI SIUT - KOSAMBA", "NM_JBT_UPD": "TK. LAMBA B", "PROVINSI": "BALI", "No_Prov_26": "40", "ID_Jbt_26": "4000127", "Kd_Ruas_26": "40021", "Suffix_26": " ", "Nm_Ruas_26": "SP. PANTAI SIUT - KOSAMBA", "Lintas_26": "JALAN LINTAS SELATAN", "No_Jbt_26": "40.021.005.B", "Nm_Jbt_26": "TK. LAMBA B", "Status_26": "N", "Fungsi_26": "A", "Lks_Dr_26": "DPS", "Lks_km_26": 2594, "F_STA_26": "2147", "Cadin_26": "KLUNGKUNG", "Pjg_Jbt_26": 26.4, "Btg_Pjg_26": 25.9, "Jml_Btg_26": "1", "Lb_Jl_Ms26": 9.35, "Lb_Jl_Kl26": 9.35, "Lb_Lalin26": 9.35, "Lb_Bh_Ki26": 0.0, "Lb_Bh_Ka26": 0.0, "Lb_Dr_Ki26": 0.0, "Lb_Dr_Ka26": 0.0, "Lb_Tr_Ki26": 0.3, "Lb_Tr_Ka26": 1.05, "Lb_TS_Ki26": 0.3, "Lb_TS_Ka26": 0.35, "Lb_Med_26": 0.0, "Lbr_Jbt_26": 11.35, "Bgn_Ats_26": "GPP", "Jns_Jbt_26": "STANDAR", "Thn_Bgn_26": "2011", "BA_26": "2", "LNT_26": "1", "BB_26": "2", "DAS_26": "1", "OP_26": "0", "UT_26": "0", "GR_26": "0", "LB_26": "0", "JBT_26": "2", "Tp_Lnts_26": "SUNGAI", "Dt_Lnts_26": "LURUS", "Pnangnn_26": "BERKALA", "Pmriksn_26": "RUTIN", "Pnglola_26": "BBPJN JAWA TIMUR - BALI", "Satkr_ID26": "693913", "PPK_Name26": "PPK 2.3", "Traffic_26": "46308", "VCR_26": "0.423", "AADT_26": "46308", "Tipe_Jb_26": "", "Lat_26": -8.567715, "Long_26": 115.388519, "Tgl_Ins_26": "46178", "Ket_26": " " }, "geometry": { "type": "Point", "coordinates": [ 115.388519, -8.567715 ] } },
{ "type": "Feature", "properties": { "FID": 15994, "KDRUAS_UPD": "40021", "NOJBT_UPD": "40.021.006.A", "NM_RUAS_UP": "SP. PANTAI SIUT - KOSAMBA", "NM_JBT_UPD": "TK. JINAH A", "PROVINSI": "BALI", "No_Prov_26": "40", "ID_Jbt_26": "4000128", "Kd_Ruas_26": "40021", "Suffix_26": " ", "Nm_Ruas_26": "SP. PANTAI SIUT - KOSAMBA", "Lintas_26": "JALAN LINTAS SELATAN", "No_Jbt_26": "40.021.006.A", "Nm_Jbt_26": "TK. JINAH A", "Status_26": "N", "Fungsi_26": "A", "Lks_Dr_26": "DPS", "Lks_km_26": 2594, "F_STA_26": "2818", "Cadin_26": "KLUNGKUNG", "Pjg_Jbt_26": 56.9, "Btg_Pjg_26": 34.91, "Jml_Btg_26": "2", "Lb_Jl_Ms26": 6.8, "Lb_Jl_Kl26": 6.8, "Lb_Lalin26": 6.8, "Lb_Bh_Ki26": 0.35, "Lb_Bh_Ka26": 0.0, "Lb_Dr_Ki26": 0.0, "Lb_Dr_Ka26": 0.0, "Lb_Tr_Ki26": 1.0, "Lb_Tr_Ka26": 1.05, "Lb_TS_Ki26": 0.3, "Lb_TS_Ka26": 0.35, "Lb_Med_26": 0.0, "Lbr_Jbt_26": 9.85, "Bgn_Ats_26": "GTP", "Jns_Jbt_26": "STANDAR", "Thn_Bgn_26": "2002", "BA_26": "2", "LNT_26": "1", "BB_26": "2", "DAS_26": "1", "OP_26": "0", "UT_26": "0", "GR_26": "0", "LB_26": "0", "JBT_26": "2", "Tp_Lnts_26": "SUNGAI", "Dt_Lnts_26": "BERKELOK (MEANDER)", "Pnangnn_26": "BERKALA", "Pmriksn_26": "RUTIN", "Pnglola_26": "BBPJN JAWA TIMUR - BALI", "Satkr_ID26": "693913", "PPK_Name26": "PPK 2.3", "Traffic_26": "46308", "VCR_26": "0.423", "AADT_26": "46308", "Tipe_Jb_26": "", "Lat_26": -8.567591, "Long_26": 115.39434, "Tgl_Ins_26": "46178", "Ket_26": " " }, "geometry": { "type": "Point", "coordinates": [ 115.39434, -8.567591 ] } },
{ "type": "Feature", "properties": { "FID": 15995, "KDRUAS_UPD": "40021", "NOJBT_UPD": "40.021.006.B", "NM_RUAS_UP": "SP. PANTAI SIUT - KOSAMBA", "NM_JBT_UPD": "TK. JINAH B", "PROVINSI": "BALI", "No_Prov_26": "40", "ID_Jbt_26": "4000129", "Kd_Ruas_26": "40021", "Suffix_26": " ", "Nm_Ruas_26": "SP. PANTAI SIUT - KOSAMBA", "Lintas_26": "JALAN LINTAS SELATAN", "No_Jbt_26": "40.021.006.B", "Nm_Jbt_26": "TK. JINAH B", "Status_26": "N", "Fungsi_26": "A", "Lks_Dr_26": "DPS", "Lks_km_26": 2594, "F_STA_26": "2818", "Cadin_26": "KLUNGKUNG", "Pjg_Jbt_26": 58.7, "Btg_Pjg_26": 35.43, "Jml_Btg_26": "2", "Lb_Jl_Ms26": 9.3, "Lb_Jl_Kl26": 9.3, "Lb_Lalin26": 9.3, "Lb_Bh_Ki26": 0.0, "Lb_Bh_Ka26": 0.0, "Lb_Dr_Ki26": 0.0, "Lb_Dr_Ka26": 0.0, "Lb_Tr_Ki26": 0.3, "Lb_Tr_Ka26": 1.1, "Lb_TS_Ki26": 0.3, "Lb_TS_Ka26": 0.35, "Lb_Med_26": 0.0, "Lbr_Jbt_26": 11.35, "Bgn_Ats_26": "GPP", "Jns_Jbt_26": "STANDAR", "Thn_Bgn_26": "2011", "BA_26": "1", "LNT_26": "2", "BB_26": "2", "DAS_26": "1", "OP_26": "0", "UT_26": "0", "GR_26": "0", "LB_26": "0", "JBT_26": "2", "Tp_Lnts_26": "SUNGAI", "Dt_Lnts_26": "BERKELOK (MEANDER)", "Pnangnn_26": "BERKALA", "Pmriksn_26": "RUTIN", "Pnglola_26": "BBPJN JAWA TIMUR - BALI", "Satkr_ID26": "693913", "PPK_Name26": "PPK 2.3", "Traffic_26": "46308", "VCR_26": "0.423", "AADT_26": "46308", "Tipe_Jb_26": "", "Lat_26": -8.567809, "Long_26": 115.394897, "Tgl_Ins_26": "46178", "Ket_26": " " }, "geometry": { "type": "Point", "coordinates": [ 115.394897, -8.567809 ] } },
{ "type": "Feature", "properties": { "FID": 15996, "KDRUAS_UPD": "40021", "NOJBT_UPD": "40.021.008.0", "NM_RUAS_UP": "SP. PANTAI SIUT - KOSAMBA", "NM_JBT_UPD": "PK. GELGEL", "PROVINSI": "BALI", "No_Prov_26": "40", "ID_Jbt_26": "4000131", "Kd_Ruas_26": "40021", "Suffix_26": " ", "Nm_Ruas_26": "SP. PANTAI SIUT - KOSAMBA", "Lintas_26": "JALAN LINTAS SELATAN", "No_Jbt_26": "40.021.008.0", "Nm_Jbt_26": "PK. GELGEL", "Status_26": "N", "Fungsi_26": "A", "Lks_Dr_26": "DPS", "Lks_km_26": 267, "F_STA_26": "3244", "Cadin_26": "KLUNGKUNG", "Pjg_Jbt_26": 6.2, "Btg_Pjg_26": 6.2, "Jml_Btg_26": "1", "Lb_Jl_Ms26": 14.4, "Lb_Jl_Kl26": 14.4, "Lb_Lalin26": 14.4, "Lb_Bh_Ki26": 1.6, "Lb_Bh_Ka26": 1.9, "Lb_Dr_Ki26": 0.0, "Lb_Dr_Ka26": 0.0, "Lb_Tr_Ki26": 0.0, "Lb_Tr_Ka26": 0.0, "Lb_TS_Ki26": 0.4, "Lb_TS_Ka26": 0.0, "Lb_Med_26": 7.0, "Lbr_Jbt_26": 25.3, "Bgn_Ats_26": "BTP", "Jns_Jbt_26": "STANDAR", "Thn_Bgn_26": "2002", "BA_26": "2", "LNT_26": "2", "BB_26": "1", "DAS_26": "1", "OP_26": "0", "UT_26": "0", "GR_26": "0", "LB_26": "0", "JBT_26": "2", "Tp_Lnts_26": "SUNGAI", "Dt_Lnts_26": "LURUS", "Pnangnn_26": "BERKALA", "Pmriksn_26": "RUTIN", "Pnglola_26": "BBPJN JAWA TIMUR - BALI", "Satkr_ID26": "693913", "PPK_Name26": "PPK 2.3", "Traffic_26": "46308", "VCR_26": "0.423", "AADT_26": "46308", "Tipe_Jb_26": "", "Lat_26": -8.568239, "Long_26": 115.39814, "Tgl_Ins_26": "46178", "Ket_26": " " }, "geometry": { "type": "Point", "coordinates": [ 115.39814, -8.568239 ] } },
{ "type": "Feature", "properties": { "FID": 15997, "KDRUAS_UPD": "40021", "NOJBT_UPD": "40.021.011.A", "NM_RUAS_UP": "SP. PANTAI SIUT - KOSAMBA", "NM_JBT_UPD": "TK.UNDA A", "PROVINSI": "BALI", "No_Prov_26": "40", "ID_Jbt_26": "4000134", "Kd_Ruas_26": "40021", "Suffix_26": " ", "Nm_Ruas_26": "SP. PANTAI SIUT - KOSAMBA", "Lintas_26": "JALAN LINTAS SELATAN", "No_Jbt_26": "40.021.011.A", "Nm_Jbt_26": "TK.UNDA A", "Status_26": "N", "Fungsi_26": "A", "Lks_Dr_26": "DPS", "Lks_km_26": 2946, "F_STA_26": "6249", "Cadin_26": "KLUNGKUNG", "Pjg_Jbt_26": 310.0, "Btg_Pjg_26": 100.57, "Jml_Btg_26": "4", "Lb_Jl_Ms26": 7.05, "Lb_Jl_Kl26": 7.05, "Lb_Lalin26": 6.45, "Lb_Bh_Ki26": 0.3, "Lb_Bh_Ka26": 0.3, "Lb_Dr_Ki26": 0.0, "Lb_Dr_Ka26": 0.0, "Lb_Tr_Ki26": 1.0, "Lb_Tr_Ka26": 1.0, "Lb_TS_Ki26": 0.0, "Lb_TS_Ka26": 0.0, "Lb_Med_26": 0.0, "Lbr_Jbt_26": 9.05, "Bgn_Ats_26": "RBA", "Jns_Jbt_26": "KHUSUS", "Thn_Bgn_26": "2006", "BA_26": "2", "LNT_26": "2", "BB_26": "2", "DAS_26": "2", "OP_26": "2", "UT_26": "0", "GR_26": "0", "LB_26": "0", "JBT_26": "2", "Tp_Lnts_26": "SUNGAI", "Dt_Lnts_26": "LURUS", "Pnangnn_26": "RUTIN", "Pmriksn_26": "KHUSUS", "Pnglola_26": "BBPJN JAWA TIMUR - BALI", "Satkr_ID26": "693913", "PPK_Name26": "PPK 2.3", "Traffic_26": "46308", "VCR_26": "0.423", "AADT_26": "46308", "Tipe_Jb_26": "", "Lat_26": -8.560405, "Long_26": 115.42276, "Tgl_Ins_26": "46171", "Ket_26": " " }, "geometry": { "type": "Point", "coordinates": [ 115.42276, -8.560405 ] } },
{ "type": "Feature", "properties": { "FID": 15999, "KDRUAS_UPD": "4002111", "NOJBT_UPD": "40.021.101.A.11", "NM_RUAS_UP": "SP. TOHPATI - SP. PANTAI SIUT", "NM_JBT_UPD": "TK. BIAUNG A", "PROVINSI": "BALI", "No_Prov_26": "40", "ID_Jbt_26": "4000138", "Kd_Ruas_26": "4002111", "Suffix_26": " ", "Nm_Ruas_26": "SP. TOHPATI - SP. PANTAI SIUT", "Lintas_26": "JALAN LINTAS TENGAH", "No_Jbt_26": "40.021.101.A.11", "Nm_Jbt_26": "TK. BIAUNG A", "Status_26": "N", "Fungsi_26": "A", "Lks_Dr_26": "DPS", "Lks_km_26": 807, "F_STA_26": "1183", "Cadin_26": "DENPASAR", "Pjg_Jbt_26": 13.0, "Btg_Pjg_26": 10.88, "Jml_Btg_26": "1", "Lb_Jl_Ms26": 11.6, "Lb_Jl_Kl26": 11.6, "Lb_Lalin26": 11.6, "Lb_Bh_Ki26": 0.85, "Lb_Bh_Ka26": 0.68, "Lb_Dr_Ki26": 0.1, "Lb_Dr_Ka26": 0.2, "Lb_Tr_Ki26": 1.0, "Lb_Tr_Ka26": 1.05, "Lb_TS_Ki26": 0.3, "Lb_TS_Ka26": 0.25, "Lb_Med_26": 0.56, "Lbr_Jbt_26": 16.59, "Bgn_Ats_26": "GTP", "Jns_Jbt_26": "STANDAR", "Thn_Bgn_26": "1994", "BA_26": "2", "LNT_26": "2", "BB_26": "2", "DAS_26": "1", "OP_26": "1", "UT_26": "0", "GR_26": "0", "LB_26": "0", "JBT_26": "2", "Tp_Lnts_26": "SUNGAI", "Dt_Lnts_26": "LURUS", "Pnangnn_26": "RUTIN", "Pmriksn_26": "DETAIL", "Pnglola_26": "BBPJN JAWA TIMUR - BALI", "Satkr_ID26": "693913", "PPK_Name26": "PPK 2.3", "Traffic_26": "78549", "VCR_26": "0.85", "AADT_26": "78549", "Tipe_Jb_26": "", "Lat_26": -8.648388, "Long_26": 115.267631, "Tgl_Ins_26": "46176", "Ket_26": " " }, "geometry": { "type": "Point", "coordinates": [ 115.267631, -8.648388 ] } },
{ "type": "Feature", "properties": { "FID": 16000, "KDRUAS_UPD": "4002111", "NOJBT_UPD": "40.021.101.B.11", "NM_RUAS_UP": "SP. TOHPATI - SP. PANTAI SIUT", "NM_JBT_UPD": "TK. BIAUNG B", "PROVINSI": "BALI", "No_Prov_26": "40", "ID_Jbt_26": "4000139", "Kd_Ruas_26": "4002111", "Suffix_26": " ", "Nm_Ruas_26": "SP. TOHPATI - SP. PANTAI SIUT", "Lintas_26": "JALAN LINTAS TENGAH", "No_Jbt_26": "40.021.101.B.11", "Nm_Jbt_26": "TK. BIAUNG B", "Status_26": "N", "Fungsi_26": "A", "Lks_Dr_26": "DPS", "Lks_km_26": 807, "F_STA_26": "1183", "Cadin_26": "DENPASAR", "Pjg_Jbt_26": 11.2, "Btg_Pjg_26": 11.0, "Jml_Btg_26": "1", "Lb_Jl_Ms26": 12.4, "Lb_Jl_Kl26": 12.4, "Lb_Lalin26": 12.4, "Lb_Bh_Ki26": 0.7, "Lb_Bh_Ka26": 0.7, "Lb_Dr_Ki26": 0.0, "Lb_Dr_Ka26": 0.0, "Lb_Tr_Ki26": 1.05, "Lb_Tr_Ka26": 0.9, "Lb_TS_Ki26": 0.25, "Lb_TS_Ka26": 0.25, "Lb_Med_26": 0.0, "Lbr_Jbt_26": 16.25, "Bgn_Ats_26": "GTP", "Jns_Jbt_26": "STANDAR", "Thn_Bgn_26": "2011", "BA_26": "1", "LNT_26": "1", "BB_26": "1", "DAS_26": "1", "OP_26": "0", "UT_26": "1", "GR_26": "0", "LB_26": "0", "JBT_26": "1", "Tp_Lnts_26": "SUNGAI", "Dt_Lnts_26": "LURUS", "Pnangnn_26": "RUTIN", "Pmriksn_26": "RUTIN", "Pnglola_26": "BBPJN JAWA TIMUR - BALI", "Satkr_ID26": "693913", "PPK_Name26": "PPK 2.3", "Traffic_26": "78549", "VCR_26": "0.85", "AADT_26": "78549", "Tipe_Jb_26": "", "Lat_26": -8.648709, "Long_26": 115.267708, "Tgl_Ins_26": "46176", "Ket_26": " " }, "geometry": { "type": "Point", "coordinates": [ 115.267708, -8.648709 ] } },
{ "type": "Feature", "properties": { "FID": 16001, "KDRUAS_UPD": "4002111", "NOJBT_UPD": "40.021.102.A.11", "NM_RUAS_UP": "SP. TOHPATI - SP. PANTAI SIUT", "NM_JBT_UPD": "TK. MUNTUR A", "PROVINSI": "BALI", "No_Prov_26": "40", "ID_Jbt_26": "4000140", "Kd_Ruas_26": "4002111", "Suffix_26": " ", "Nm_Ruas_26": "SP. TOHPATI - SP. PANTAI SIUT", "Lintas_26": "JALAN LINTAS TENGAH", "No_Jbt_26": "40.021.102.A.11", "Nm_Jbt_26": "TK. MUNTUR A", "Status_26": "N", "Fungsi_26": "A", "Lks_Dr_26": "DPS", "Lks_km_26": 923, "F_STA_26": "2338", "Cadin_26": "GIANYAR", "Pjg_Jbt_26": 31.1, "Btg_Pjg_26": 30.7, "Jml_Btg_26": "1", "Lb_Jl_Ms26": 11.95, "Lb_Jl_Kl26": 11.95, "Lb_Lalin26": 11.95, "Lb_Bh_Ki26": 0.8, "Lb_Bh_Ka26": 0.8, "Lb_Dr_Ki26": 0.1, "Lb_Dr_Ka26": 0.1, "Lb_Tr_Ki26": 1.0, "Lb_Tr_Ka26": 0.9, "Lb_TS_Ki26": 0.25, "Lb_TS_Ka26": 0.25, "Lb_Med_26": 2.04, "Lbr_Jbt_26": 18.19, "Bgn_Ats_26": "GPP", "Jns_Jbt_26": "STANDAR", "Thn_Bgn_26": "1994", "BA_26": "1", "LNT_26": "2", "BB_26": "2", "DAS_26": "1", "OP_26": "0", "UT_26": "0", "GR_26": "0", "LB_26": "0", "JBT_26": "2", "Tp_Lnts_26": "SUNGAI", "Dt_Lnts_26": "LURUS", "Pnangnn_26": "RUTIN", "Pmriksn_26": "RUTIN", "Pnglola_26": "BBPJN JAWA TIMUR - BALI", "Satkr_ID26": "693913", "PPK_Name26": "PPK 2.3", "Traffic_26": "78549", "VCR_26": "0.85", "AADT_26": "78549", "Tipe_Jb_26": "", "Lat_26": -8.644617, "Long_26": 115.276688, "Tgl_Ins_26": "46176", "Ket_26": " " }, "geometry": { "type": "Point", "coordinates": [ 115.276688, -8.644617 ] } },
{ "type": "Feature", "properties": { "FID": 16002, "KDRUAS_UPD": "4002111", "NOJBT_UPD": "40.021.102.B.11", "NM_RUAS_UP": "SP. TOHPATI - SP. PANTAI SIUT", "NM_JBT_UPD": "TK. MUNTUR B", "PROVINSI": "BALI", "No_Prov_26": "40", "ID_Jbt_26": "4000141", "Kd_Ruas_26": "4002111", "Suffix_26": " ", "Nm_Ruas_26": "SP. TOHPATI - SP. PANTAI SIUT", "Lintas_26": "JALAN LINTAS TENGAH", "No_Jbt_26": "40.021.102.B.11", "Nm_Jbt_26": "TK. MUNTUR B", "Status_26": "N", "Fungsi_26": "A", "Lks_Dr_26": "DPS", "Lks_km_26": 925, "F_STA_26": "2338", "Cadin_26": "GIANYAR", "Pjg_Jbt_26": 31.4, "Btg_Pjg_26": 30.8, "Jml_Btg_26": "1", "Lb_Jl_Ms26": 12.1, "Lb_Jl_Kl26": 12.1, "Lb_Lalin26": 12.1, "Lb_Bh_Ki26": 0.8, "Lb_Bh_Ka26": 0.6, "Lb_Dr_Ki26": 0.1, "Lb_Dr_Ka26": 0.0, "Lb_Tr_Ki26": 0.9, "Lb_Tr_Ka26": 0.9, "Lb_TS_Ki26": 0.25, "Lb_TS_Ka26": 0.25, "Lb_Med_26": 1.47, "Lbr_Jbt_26": 17.37, "Bgn_Ats_26": "GPP", "Jns_Jbt_26": "STANDAR", "Thn_Bgn_26": "1994", "BA_26": "2", "LNT_26": "1", "BB_26": "1", "DAS_26": "1", "OP_26": "0", "UT_26": "0", "GR_26": "0", "LB_26": "0", "JBT_26": "2", "Tp_Lnts_26": "SUNGAI", "Dt_Lnts_26": "LURUS", "Pnangnn_26": "RUTIN", "Pmriksn_26": "RUTIN", "Pnglola_26": "BBPJN JAWA TIMUR - BALI", "Satkr_ID26": "693913", "PPK_Name26": "PPK 2.3", "Traffic_26": "78549", "VCR_26": "0.85", "AADT_26": "78549", "Tipe_Jb_26": "", "Lat_26": -8.644392, "Long_26": 115.277107, "Tgl_Ins_26": "46176", "Ket_26": " " }, "geometry": { "type": "Point", "coordinates": [ 115.277107, -8.644392 ] } },
{ "type": "Feature", "properties": { "FID": 16003, "KDRUAS_UPD": "4002111", "NOJBT_UPD": "40.021.103.A.11", "NM_RUAS_UP": "SP. TOHPATI - SP. PANTAI SIUT", "NM_JBT_UPD": "TK. LEMBENG A", "PROVINSI": "BALI", "No_Prov_26": "40", "ID_Jbt_26": "4000142", "Kd_Ruas_26": "4002111", "Suffix_26": " ", "Nm_Ruas_26": "SP. TOHPATI - SP. PANTAI SIUT", "Lintas_26": "JALAN LINTAS TENGAH", "No_Jbt_26": "40.021.103.A.11", "Nm_Jbt_26": "TK. LEMBENG A", "Status_26": "N", "Fungsi_26": "A", "Lks_Dr_26": "DPS", "Lks_km_26": 957, "F_STA_26": "2720", "Cadin_26": "GIANYAR", "Pjg_Jbt_26": 23.1, "Btg_Pjg_26": 22.7, "Jml_Btg_26": "1", "Lb_Jl_Ms26": 10.92, "Lb_Jl_Kl26": 10.92, "Lb_Lalin26": 10.92, "Lb_Bh_Ki26": 1.22, "Lb_Bh_Ka26": 1.38, "Lb_Dr_Ki26": 0.0, "Lb_Dr_Ka26": 0.0, "Lb_Tr_Ki26": 0.75, "Lb_Tr_Ka26": 1.25, "Lb_TS_Ki26": 0.25, "Lb_TS_Ka26": 0.25, "Lb_Med_26": 0.42, "Lbr_Jbt_26": 16.44, "Bgn_Ats_26": "GTP", "Jns_Jbt_26": "STANDAR", "Thn_Bgn_26": "1994", "BA_26": "2", "LNT_26": "2", "BB_26": "2", "DAS_26": "2", "OP_26": "2", "UT_26": "0", "GR_26": "0", "LB_26": "0", "JBT_26": "2", "Tp_Lnts_26": "SUNGAI", "Dt_Lnts_26": "LURUS", "Pnangnn_26": "RUTIN", "Pmriksn_26": "DETAIL", "Pnglola_26": "BBPJN JAWA TIMUR - BALI", "Satkr_ID26": "693913", "PPK_Name26": "PPK 2.3", "Traffic_26": "78549", "VCR_26": "0.85", "AADT_26": "78549", "Tipe_Jb_26": "", "Lat_26": -8.641702, "Long_26": 115.277695, "Tgl_Ins_26": "46175", "Ket_26": " " }, "geometry": { "type": "Point", "coordinates": [ 115.277695, -8.641702 ] } },
{ "type": "Feature", "properties": { "FID": 16004, "KDRUAS_UPD": "4002111", "NOJBT_UPD": "40.021.103.B.11", "NM_RUAS_UP": "SP. TOHPATI - SP. PANTAI SIUT", "NM_JBT_UPD": "TK. LEMBENG B", "PROVINSI": "BALI", "No_Prov_26": "40", "ID_Jbt_26": "4000143", "Kd_Ruas_26": "4002111", "Suffix_26": " ", "Nm_Ruas_26": "SP. TOHPATI - SP. PANTAI SIUT", "Lintas_26": "JALAN LINTAS TENGAH", "No_Jbt_26": "40.021.103.B.11", "Nm_Jbt_26": "TK. LEMBENG B", "Status_26": "N", "Fungsi_26": "A", "Lks_Dr_26": "DPS", "Lks_km_26": 957, "F_STA_26": "2720", "Cadin_26": "GIANYAR", "Pjg_Jbt_26": 17.0, "Btg_Pjg_26": 15.8, "Jml_Btg_26": "1", "Lb_Jl_Ms26": 12.2, "Lb_Jl_Kl26": 12.2, "Lb_Lalin26": 12.2, "Lb_Bh_Ki26": 0.72, "Lb_Bh_Ka26": 0.35, "Lb_Dr_Ki26": 0.1, "Lb_Dr_Ka26": 0.1, "Lb_Tr_Ki26": 1.25, "Lb_Tr_Ka26": 1.2, "Lb_TS_Ki26": 0.3, "Lb_TS_Ka26": 0.25, "Lb_Med_26": 1.61, "Lbr_Jbt_26": 18.08, "Bgn_Ats_26": "GTP", "Jns_Jbt_26": "STANDAR", "Thn_Bgn_26": "1994", "BA_26": "2", "LNT_26": "2", "BB_26": "1", "DAS_26": "1", "OP_26": "2", "UT_26": "0", "GR_26": "0", "LB_26": "0", "JBT_26": "2", "Tp_Lnts_26": "SUNGAI", "Dt_Lnts_26": "LURUS", "Pnangnn_26": "RUTIN", "Pmriksn_26": "DETAIL", "Pnglola_26": "BBPJN JAWA TIMUR - BALI", "Satkr_ID26": "693913", "PPK_Name26": "PPK 2.3", "Traffic_26": "78549", "VCR_26": "0.85", "AADT_26": "78549", "Tipe_Jb_26": "", "Lat_26": -8.641797, "Long_26": 115.278015, "Tgl_Ins_26": "46175", "Ket_26": " " }, "geometry": { "type": "Point", "coordinates": [ 115.278015, -8.641797 ] } },
{ "type": "Feature", "properties": { "FID": 16005, "KDRUAS_UPD": "4002111", "NOJBT_UPD": "40.021.104.A.11", "NM_RUAS_UP": "SP. TOHPATI - SP. PANTAI SIUT", "NM_JBT_UPD": "TK. CEKATUNG A", "PROVINSI": "BALI", "No_Prov_26": "40", "ID_Jbt_26": "4000144", "Kd_Ruas_26": "4002111", "Suffix_26": " ", "Nm_Ruas_26": "SP. TOHPATI - SP. PANTAI SIUT", "Lintas_26": "JALAN LINTAS TENGAH", "No_Jbt_26": "40.021.104.A.11", "Nm_Jbt_26": "TK. CEKATUNG A", "Status_26": "N", "Fungsi_26": "A", "Lks_Dr_26": "DPS", "Lks_km_26": 1141, "F_STA_26": "4466", "Cadin_26": "GIANYAR", "Pjg_Jbt_26": 23.0, "Btg_Pjg_26": 23.0, "Jml_Btg_26": "1", "Lb_Jl_Ms26": 12.45, "Lb_Jl_Kl26": 12.45, "Lb_Lalin26": 12.45, "Lb_Bh_Ki26": 0.75, "Lb_Bh_Ka26": 0.73, "Lb_Dr_Ki26": 0.1, "Lb_Dr_Ka26": 0.1, "Lb_Tr_Ki26": 1.1, "Lb_Tr_Ka26": 0.95, "Lb_TS_Ki26": 0.25, "Lb_TS_Ka26": 0.3, "Lb_Med_26": 0.42, "Lbr_Jbt_26": 17.15, "Bgn_Ats_26": "GTP", "Jns_Jbt_26": "STANDAR", "Thn_Bgn_26": "1997", "BA_26": "2", "LNT_26": "2", "BB_26": "2", "DAS_26": "1", "OP_26": "1", "UT_26": "0", "GR_26": "0", "LB_26": "0", "JBT_26": "2", "Tp_Lnts_26": "SUNGAI", "Dt_Lnts_26": "BERKELOK (MEANDER)", "Pnangnn_26": "RUTIN", "Pmriksn_26": "DETAIL", "Pnglola_26": "BBPJN JAWA TIMUR - BALI", "Satkr_ID26": "693913", "PPK_Name26": "PPK 2.3", "Traffic_26": "78549", "VCR_26": "0.85", "AADT_26": "78549", "Tipe_Jb_26": "", "Lat_26": -8.633296, "Long_26": 115.290138, "Tgl_Ins_26": "46175", "Ket_26": " " }, "geometry": { "type": "Point", "coordinates": [ 115.290138, -8.633296 ] } },
{ "type": "Feature", "properties": { "FID": 16006, "KDRUAS_UPD": "4002111", "NOJBT_UPD": "40.021.104.B.11", "NM_RUAS_UP": "SP. TOHPATI - SP. PANTAI SIUT", "NM_JBT_UPD": "TK. CEKATUNG B", "PROVINSI": "BALI", "No_Prov_26": "40", "ID_Jbt_26": "4000145", "Kd_Ruas_26": "4002111", "Suffix_26": " ", "Nm_Ruas_26": "SP. TOHPATI - SP. PANTAI SIUT", "Lintas_26": "JALAN LINTAS TENGAH", "No_Jbt_26": "40.021.104.B.11", "Nm_Jbt_26": "TK. CEKATUNG B", "Status_26": "N", "Fungsi_26": "A", "Lks_Dr_26": "DPS", "Lks_km_26": 1141, "F_STA_26": "4466", "Cadin_26": "GIANYAR", "Pjg_Jbt_26": 19.0, "Btg_Pjg_26": 18.48, "Jml_Btg_26": "1", "Lb_Jl_Ms26": 6.95, "Lb_Jl_Kl26": 6.95, "Lb_Lalin26": 6.95, "Lb_Bh_Ki26": 0.35, "Lb_Bh_Ka26": 2.0, "Lb_Dr_Ki26": 0.0, "Lb_Dr_Ka26": 0.0, "Lb_Tr_Ki26": 0.1, "Lb_Tr_Ka26": 1.05, "Lb_TS_Ki26": 0.4, "Lb_TS_Ka26": 0.35, "Lb_Med_26": 0.0, "Lbr_Jbt_26": 11.2, "Bgn_Ats_26": "GTP", "Jns_Jbt_26": "STANDAR", "Thn_Bgn_26": "2011", "BA_26": "1", "LNT_26": "1", "BB_26": "1", "DAS_26": "1", "OP_26": "0", "UT_26": "0", "GR_26": "0", "LB_26": "0", "JBT_26": "1", "Tp_Lnts_26": "SUNGAI", "Dt_Lnts_26": "BERKELOK (MEANDER)", "Pnangnn_26": "RUTIN", "Pmriksn_26": "RUTIN", "Pnglola_26": "BBPJN JAWA TIMUR - BALI", "Satkr_ID26": "693913", "PPK_Name26": "PPK 2.3", "Traffic_26": "78549", "VCR_26": "0.85", "AADT_26": "78549", "Tipe_Jb_26": "", "Lat_26": -8.633168, "Long_26": 115.290596, "Tgl_Ins_26": "46175", "Ket_26": " " }, "geometry": { "type": "Point", "coordinates": [ 115.290596, -8.633168 ] } },
{ "type": "Feature", "properties": { "FID": 16007, "KDRUAS_UPD": "4002111", "NOJBT_UPD": "40.021.105.A.11", "NM_RUAS_UP": "SP. TOHPATI - SP. PANTAI SIUT", "NM_JBT_UPD": "TK. PANTI A", "PROVINSI": "BALI", "No_Prov_26": "40", "ID_Jbt_26": "4000146", "Kd_Ruas_26": "4002111", "Suffix_26": " ", "Nm_Ruas_26": "SP. TOHPATI - SP. PANTAI SIUT", "Lintas_26": "JALAN LINTAS TENGAH", "No_Jbt_26": "40.021.105.A.11", "Nm_Jbt_26": "TK. PANTI A", "Status_26": "N", "Fungsi_26": "A", "Lks_Dr_26": "DPS", "Lks_km_26": 1157, "F_STA_26": "4781", "Cadin_26": "GIANYAR", "Pjg_Jbt_26": 29.1, "Btg_Pjg_26": 22.1, "Jml_Btg_26": "1", "Lb_Jl_Ms26": 12.55, "Lb_Jl_Kl26": 12.55, "Lb_Lalin26": 12.55, "Lb_Bh_Ki26": 0.7, "Lb_Bh_Ka26": 0.6, "Lb_Dr_Ki26": 0.0, "Lb_Dr_Ka26": 0.1, "Lb_Tr_Ki26": 1.0, "Lb_Tr_Ka26": 1.0, "Lb_TS_Ki26": 0.35, "Lb_TS_Ka26": 0.35, "Lb_Med_26": 1.04, "Lbr_Jbt_26": 17.69, "Bgn_Ats_26": "GTP", "Jns_Jbt_26": "STANDAR", "Thn_Bgn_26": "1997", "BA_26": "2", "LNT_26": "1", "BB_26": "2", "DAS_26": "1", "OP_26": "0", "UT_26": "0", "GR_26": "0", "LB_26": "0", "JBT_26": "2", "Tp_Lnts_26": "SUNGAI", "Dt_Lnts_26": "BERKELOK (MEANDER)", "Pnangnn_26": "BERKALA", "Pmriksn_26": "RUTIN", "Pnglola_26": "BBPJN JAWA TIMUR - BALI", "Satkr_ID26": "693913", "PPK_Name26": "PPK 2.3", "Traffic_26": "78549", "VCR_26": "0.85", "AADT_26": "78549", "Tipe_Jb_26": "", "Lat_26": -8.631071, "Long_26": 115.291885, "Tgl_Ins_26": "46175", "Ket_26": " " }, "geometry": { "type": "Point", "coordinates": [ 115.291885, -8.631071 ] } },
{ "type": "Feature", "properties": { "FID": 16008, "KDRUAS_UPD": "4002111", "NOJBT_UPD": "40.021.105.B.11", "NM_RUAS_UP": "SP. TOHPATI - SP. PANTAI SIUT", "NM_JBT_UPD": "TK. PANTI B", "PROVINSI": "BALI", "No_Prov_26": "40", "ID_Jbt_26": "4000147", "Kd_Ruas_26": "4002111", "Suffix_26": " ", "Nm_Ruas_26": "SP. TOHPATI - SP. PANTAI SIUT", "Lintas_26": "JALAN LINTAS TENGAH", "No_Jbt_26": "40.021.105.B.11", "Nm_Jbt_26": "TK. PANTI B", "Status_26": "N", "Fungsi_26": "A", "Lks_Dr_26": "DPS", "Lks_km_26": 1157, "F_STA_26": "4781", "Cadin_26": "GIANYAR", "Pjg_Jbt_26": 24.3, "Btg_Pjg_26": 23.7, "Jml_Btg_26": "1", "Lb_Jl_Ms26": 6.9, "Lb_Jl_Kl26": 6.9, "Lb_Lalin26": 6.9, "Lb_Bh_Ki26": 0.4, "Lb_Bh_Ka26": 2.0, "Lb_Dr_Ki26": 0.0, "Lb_Dr_Ka26": 0.0, "Lb_Tr_Ki26": 0.25, "Lb_Tr_Ka26": 1.1, "Lb_TS_Ki26": 0.35, "Lb_TS_Ka26": 0.35, "Lb_Med_26": 0.0, "Lbr_Jbt_26": 11.35, "Bgn_Ats_26": "GPP", "Jns_Jbt_26": "STANDAR", "Thn_Bgn_26": "2011", "BA_26": "2", "LNT_26": "2", "BB_26": "0", "DAS_26": "0", "OP_26": "1", "UT_26": "0", "GR_26": "0", "LB_26": "0", "JBT_26": "2", "Tp_Lnts_26": "SUNGAI", "Dt_Lnts_26": "BERKELOK (MEANDER)", "Pnangnn_26": "RUTIN", "Pmriksn_26": "DETAIL", "Pnglola_26": "BBPJN JAWA TIMUR - BALI", "Satkr_ID26": "693913", "PPK_Name26": "PPK 2.3", "Traffic_26": "78549", "VCR_26": "0.85", "AADT_26": "78549", "Tipe_Jb_26": "", "Lat_26": -8.631244, "Long_26": 115.292108, "Tgl_Ins_26": "46175", "Ket_26": " " }, "geometry": { "type": "Point", "coordinates": [ 115.292108, -8.631244 ] } },
{ "type": "Feature", "properties": { "FID": 16009, "KDRUAS_UPD": "4002111", "NOJBT_UPD": "40.021.106.A.11", "NM_RUAS_UP": "SP. TOHPATI - SP. PANTAI SIUT", "NM_JBT_UPD": "TK. LOLOAN A", "PROVINSI": "BALI", "No_Prov_26": "40", "ID_Jbt_26": "4000148", "Kd_Ruas_26": "4002111", "Suffix_26": " ", "Nm_Ruas_26": "SP. TOHPATI - SP. PANTAI SIUT", "Lintas_26": "JALAN LINTAS TENGAH", "No_Jbt_26": "40.021.106.A.11", "Nm_Jbt_26": "TK. LOLOAN A", "Status_26": "N", "Fungsi_26": "A", "Lks_Dr_26": "DPS", "Lks_km_26": 1274, "F_STA_26": "5856", "Cadin_26": "GIANYAR", "Pjg_Jbt_26": 34.0, "Btg_Pjg_26": 34.0, "Jml_Btg_26": "1", "Lb_Jl_Ms26": 6.4, "Lb_Jl_Kl26": 6.4, "Lb_Lalin26": 6.4, "Lb_Bh_Ki26": 0.25, "Lb_Bh_Ka26": 0.2, "Lb_Dr_Ki26": 0.1, "Lb_Dr_Ka26": 0.1, "Lb_Tr_Ki26": 0.9, "Lb_Tr_Ka26": 0.8, "Lb_TS_Ki26": 0.3, "Lb_TS_Ka26": 0.35, "Lb_Med_26": 0.0, "Lbr_Jbt_26": 9.4, "Bgn_Ats_26": "GPP", "Jns_Jbt_26": "STANDAR", "Thn_Bgn_26": "1997", "BA_26": "2", "LNT_26": "2", "BB_26": "2", "DAS_26": "1", "OP_26": "1", "UT_26": "1", "GR_26": "0", "LB_26": "0", "JBT_26": "2", "Tp_Lnts_26": "SUNGAI", "Dt_Lnts_26": "BERKELOK (MEANDER)", "Pnangnn_26": "RUTIN", "Pmriksn_26": "RUTIN", "Pnglola_26": "BBPJN JAWA TIMUR - BALI", "Satkr_ID26": "693913", "PPK_Name26": "PPK 2.3", "Traffic_26": "78549", "VCR_26": "0.85", "AADT_26": "78549", "Tipe_Jb_26": "", "Lat_26": -8.623468, "Long_26": 115.297935, "Tgl_Ins_26": "46175", "Ket_26": " " }, "geometry": { "type": "Point", "coordinates": [ 115.297935, -8.623468 ] } },
{ "type": "Feature", "properties": { "FID": 16010, "KDRUAS_UPD": "4002111", "NOJBT_UPD": "40.021.106.B.11", "NM_RUAS_UP": "SP. TOHPATI - SP. PANTAI SIUT", "NM_JBT_UPD": "TK. LOLOAN B", "PROVINSI": "BALI", "No_Prov_26": "40", "ID_Jbt_26": "4000149", "Kd_Ruas_26": "4002111", "Suffix_26": " ", "Nm_Ruas_26": "SP. TOHPATI - SP. PANTAI SIUT", "Lintas_26": "JALAN LINTAS TENGAH", "No_Jbt_26": "40.021.106.B.11", "Nm_Jbt_26": "TK. LOLOAN B", "Status_26": "N", "Fungsi_26": "A", "Lks_Dr_26": "DPS", "Lks_km_26": 1274, "F_STA_26": "5856", "Cadin_26": "GIANYAR", "Pjg_Jbt_26": 40.3, "Btg_Pjg_26": 13.43, "Jml_Btg_26": "3", "Lb_Jl_Ms26": 6.9, "Lb_Jl_Kl26": 6.9, "Lb_Lalin26": 6.9, "Lb_Bh_Ki26": 0.4, "Lb_Bh_Ka26": 1.8, "Lb_Dr_Ki26": 0.0, "Lb_Dr_Ka26": 0.0, "Lb_Tr_Ki26": 0.2, "Lb_Tr_Ka26": 1.2, "Lb_TS_Ki26": 0.35, "Lb_TS_Ka26": 0.35, "Lb_Med_26": 0.0, "Lbr_Jbt_26": 11.2, "Bgn_Ats_26": "GPP", "Jns_Jbt_26": "STANDAR", "Thn_Bgn_26": "2011", "BA_26": "2", "LNT_26": "2", "BB_26": "2", "DAS_26": "1", "OP_26": "2", "UT_26": "0", "GR_26": "0", "LB_26": "0", "JBT_26": "2", "Tp_Lnts_26": "SUNGAI", "Dt_Lnts_26": "BERKELOK (MEANDER)", "Pnangnn_26": "RUTIN", "Pmriksn_26": "DETAIL", "Pnglola_26": "BBPJN JAWA TIMUR - BALI", "Satkr_ID26": "693913", "PPK_Name26": "PPK 2.3", "Traffic_26": "78549", "VCR_26": "0.85", "AADT_26": "78549", "Tipe_Jb_26": "", "Lat_26": -8.623346, "Long_26": 115.298296, "Tgl_Ins_26": "46175", "Ket_26": " " }, "geometry": { "type": "Point", "coordinates": [ 115.298296, -8.623346 ] } },
{ "type": "Feature", "properties": { "FID": 16011, "KDRUAS_UPD": "4002111", "NOJBT_UPD": "40.021.108.A.11", "NM_RUAS_UP": "SP. TOHPATI - SP. PANTAI SIUT", "NM_JBT_UPD": "TK. WOS A", "PROVINSI": "BALI", "No_Prov_26": "40", "ID_Jbt_26": "4000151", "Kd_Ruas_26": "4002111", "Suffix_26": " ", "Nm_Ruas_26": "SP. TOHPATI - SP. PANTAI SIUT", "Lintas_26": "JALAN LINTAS TENGAH", "No_Jbt_26": "40.021.108.A.11", "Nm_Jbt_26": "TK. WOS A", "Status_26": "N", "Fungsi_26": "A", "Lks_Dr_26": "DPS", "Lks_km_26": 1345, "F_STA_26": "6468", "Cadin_26": "GIANYAR", "Pjg_Jbt_26": 60.9, "Btg_Pjg_26": 60.3, "Jml_Btg_26": "1", "Lb_Jl_Ms26": 6.1, "Lb_Jl_Kl26": 6.1, "Lb_Lalin26": 6.1, "Lb_Bh_Ki26": 0.4, "Lb_Bh_Ka26": 0.3, "Lb_Dr_Ki26": 0.05, "Lb_Dr_Ka26": 0.12, "Lb_Tr_Ki26": 1.03, "Lb_Tr_Ka26": 1.0, "Lb_TS_Ki26": 0.0, "Lb_TS_Ka26": 0.0, "Lb_Med_26": 0.0, "Lbr_Jbt_26": 9.0, "Bgn_Ats_26": "RBR", "Jns_Jbt_26": "STANDAR", "Thn_Bgn_26": "1998", "BA_26": "2", "LNT_26": "0", "BB_26": "2", "DAS_26": "2", "OP_26": "1", "UT_26": "0", "GR_26": "0", "LB_26": "0", "JBT_26": "2", "Tp_Lnts_26": "SUNGAI", "Dt_Lnts_26": "BERKELOK (MEANDER)", "Pnangnn_26": "RUTIN", "Pmriksn_26": "DETAIL", "Pnglola_26": "BBPJN JAWA TIMUR - BALI", "Satkr_ID26": "693913", "PPK_Name26": "PPK 2.3", "Traffic_26": "78549", "VCR_26": "0.85", "AADT_26": "78549", "Tipe_Jb_26": "", "Lat_26": -8.619097, "Long_26": 115.301346, "Tgl_Ins_26": "46174", "Ket_26": " " }, "geometry": { "type": "Point", "coordinates": [ 115.301346, -8.619097 ] } },
{ "type": "Feature", "properties": { "FID": 16012, "KDRUAS_UPD": "4002111", "NOJBT_UPD": "40.021.108.B.11", "NM_RUAS_UP": "SP. TOHPATI - SP. PANTAI SIUT", "NM_JBT_UPD": "TK. WOS B", "PROVINSI": "BALI", "No_Prov_26": "40", "ID_Jbt_26": "4000152", "Kd_Ruas_26": "4002111", "Suffix_26": " ", "Nm_Ruas_26": "SP. TOHPATI - SP. PANTAI SIUT", "Lintas_26": "JALAN LINTAS TENGAH", "No_Jbt_26": "40.021.108.B.11", "Nm_Jbt_26": "TK. WOS B", "Status_26": "N", "Fungsi_26": "A", "Lks_Dr_26": "DPS", "Lks_km_26": 1345, "F_STA_26": "6468", "Cadin_26": "GIANYAR", "Pjg_Jbt_26": 87.0, "Btg_Pjg_26": 35.07, "Jml_Btg_26": "3", "Lb_Jl_Ms26": 6.9, "Lb_Jl_Kl26": 6.9, "Lb_Lalin26": 6.9, "Lb_Bh_Ki26": 0.4, "Lb_Bh_Ka26": 2.05, "Lb_Dr_Ki26": 0.0, "Lb_Dr_Ka26": 0.0, "Lb_Tr_Ki26": 0.0, "Lb_Tr_Ka26": 1.05, "Lb_TS_Ki26": 0.5, "Lb_TS_Ka26": 0.4, "Lb_Med_26": 0.0, "Lbr_Jbt_26": 11.3, "Bgn_Ats_26": "GPP", "Jns_Jbt_26": "STANDAR", "Thn_Bgn_26": "2011", "BA_26": "2", "LNT_26": "2", "BB_26": "1", "DAS_26": "1", "OP_26": "0", "UT_26": "0", "GR_26": "0", "LB_26": "0", "JBT_26": "2", "Tp_Lnts_26": "SUNGAI", "Dt_Lnts_26": "BERKELOK (MEANDER)", "Pnangnn_26": "RUTIN", "Pmriksn_26": "RUTIN", "Pnglola_26": "BBPJN JAWA TIMUR - BALI", "Satkr_ID26": "693913", "PPK_Name26": "PPK 2.3", "Traffic_26": "78549", "VCR_26": "0.85", "AADT_26": "78549", "Tipe_Jb_26": "", "Lat_26": -8.618903, "Long_26": 115.301765, "Tgl_Ins_26": "46174", "Ket_26": " " }, "geometry": { "type": "Point", "coordinates": [ 115.301765, -8.618903 ] } },
{ "type": "Feature", "properties": { "FID": 16013, "KDRUAS_UPD": "4002111", "NOJBT_UPD": "40.021.110.A.11", "NM_RUAS_UP": "SP. TOHPATI - SP. PANTAI SIUT", "NM_JBT_UPD": "TK. PETANU A", "PROVINSI": "BALI", "No_Prov_26": "40", "ID_Jbt_26": "4000154", "Kd_Ruas_26": "4002111", "Suffix_26": " ", "Nm_Ruas_26": "SP. TOHPATI - SP. PANTAI SIUT", "Lintas_26": "JALAN LINTAS TENGAH", "No_Jbt_26": "40.021.110.A.11", "Nm_Jbt_26": "TK. PETANU A", "Status_26": "N", "Fungsi_26": "A", "Lks_Dr_26": "DPS", "Lks_km_26": 15, "F_STA_26": "7979", "Cadin_26": "GIANYAR", "Pjg_Jbt_26": 110.0, "Btg_Pjg_26": 55.3, "Jml_Btg_26": "2", "Lb_Jl_Ms26": 6.15, "Lb_Jl_Kl26": 6.15, "Lb_Lalin26": 6.15, "Lb_Bh_Ki26": 0.45, "Lb_Bh_Ka26": 0.43, "Lb_Dr_Ki26": 0.0, "Lb_Dr_Ka26": 0.0, "Lb_Tr_Ki26": 1.0, "Lb_Tr_Ka26": 1.0, "Lb_TS_Ki26": 0.0, "Lb_TS_Ka26": 0.0, "Lb_Med_26": 0.0, "Lbr_Jbt_26": 9.03, "Bgn_Ats_26": "RBR", "Jns_Jbt_26": "STANDAR", "Thn_Bgn_26": "1997", "BA_26": "2", "LNT_26": "2", "BB_26": "2", "DAS_26": "1", "OP_26": "1", "UT_26": "0", "GR_26": "0", "LB_26": "0", "JBT_26": "2", "Tp_Lnts_26": "SUNGAI", "Dt_Lnts_26": "BERKELOK (MEANDER)", "Pnangnn_26": "RUTIN", "Pmriksn_26": "DETAIL", "Pnglola_26": "BBPJN JAWA TIMUR - BALI", "Satkr_ID26": "693913", "PPK_Name26": "PPK 2.3", "Traffic_26": "78549", "VCR_26": "0.85", "AADT_26": "78549", "Tipe_Jb_26": "", "Lat_26": -8.610373, "Long_26": 115.3116, "Tgl_Ins_26": "46174", "Ket_26": " " }, "geometry": { "type": "Point", "coordinates": [ 115.3116, -8.610373 ] } },
{ "type": "Feature", "properties": { "FID": 16014, "KDRUAS_UPD": "4002111", "NOJBT_UPD": "40.021.110.B.11", "NM_RUAS_UP": "SP. TOHPATI - SP. PANTAI SIUT", "NM_JBT_UPD": "TK. PETANU B", "PROVINSI": "BALI", "No_Prov_26": "40", "ID_Jbt_26": "4000155", "Kd_Ruas_26": "4002111", "Suffix_26": " ", "Nm_Ruas_26": "SP. TOHPATI - SP. PANTAI SIUT", "Lintas_26": "JALAN LINTAS TENGAH", "No_Jbt_26": "40.021.110.B.11", "Nm_Jbt_26": "TK. PETANU B", "Status_26": "N", "Fungsi_26": "A", "Lks_Dr_26": "DPS", "Lks_km_26": 15, "F_STA_26": "7979", "Cadin_26": "GIANYAR", "Pjg_Jbt_26": 99.5, "Btg_Pjg_26": 35.41, "Jml_Btg_26": "3", "Lb_Jl_Ms26": 6.85, "Lb_Jl_Kl26": 6.85, "Lb_Lalin26": 6.85, "Lb_Bh_Ki26": 0.35, "Lb_Bh_Ka26": 2.0, "Lb_Dr_Ki26": 0.0, "Lb_Dr_Ka26": 0.0, "Lb_Tr_Ki26": 0.34, "Lb_Tr_Ka26": 1.1, "Lb_TS_Ki26": 0.35, "Lb_TS_Ka26": 0.4, "Lb_Med_26": 0.0, "Lbr_Jbt_26": 11.39, "Bgn_Ats_26": "GPP", "Jns_Jbt_26": "STANDAR", "Thn_Bgn_26": "2011", "BA_26": "1", "LNT_26": "2", "BB_26": "1", "DAS_26": "1", "OP_26": "0", "UT_26": "0", "GR_26": "0", "LB_26": "0", "JBT_26": "2", "Tp_Lnts_26": "SUNGAI", "Dt_Lnts_26": "BERKELOK (MEANDER)", "Pnangnn_26": "BERKALA", "Pmriksn_26": "RUTIN", "Pnglola_26": "BBPJN JAWA TIMUR - BALI", "Satkr_ID26": "693913", "PPK_Name26": "PPK 2.3", "Traffic_26": "78549", "VCR_26": "0.85", "AADT_26": "78549", "Tipe_Jb_26": "", "Lat_26": -8.610094, "Long_26": 115.312492, "Tgl_Ins_26": "46174", "Ket_26": " " }, "geometry": { "type": "Point", "coordinates": [ 115.312492, -8.610094 ] } },
{ "type": "Feature", "properties": { "FID": 16015, "KDRUAS_UPD": "4002111", "NOJBT_UPD": "40.021.111.A.11", "NM_RUAS_UP": "SP. TOHPATI - SP. PANTAI SIUT", "NM_JBT_UPD": "TK. KUTUH A", "PROVINSI": "BALI", "No_Prov_26": "40", "ID_Jbt_26": "4000156", "Kd_Ruas_26": "4002111", "Suffix_26": " ", "Nm_Ruas_26": "SP. TOHPATI - SP. PANTAI SIUT", "Lintas_26": "JALAN LINTAS TENGAH", "No_Jbt_26": "40.021.111.A.11", "Nm_Jbt_26": "TK. KUTUH A", "Status_26": "N", "Fungsi_26": "A", "Lks_Dr_26": "DPS", "Lks_km_26": 1607, "F_STA_26": "9028", "Cadin_26": "GIANYAR", "Pjg_Jbt_26": 32.3, "Btg_Pjg_26": 31.27, "Jml_Btg_26": "1", "Lb_Jl_Ms26": 6.4, "Lb_Jl_Kl26": 6.4, "Lb_Lalin26": 6.4, "Lb_Bh_Ki26": 0.4, "Lb_Bh_Ka26": 0.3, "Lb_Dr_Ki26": 0.15, "Lb_Dr_Ka26": 0.1, "Lb_Tr_Ki26": 0.9, "Lb_Tr_Ka26": 0.9, "Lb_TS_Ki26": 0.35, "Lb_TS_Ka26": 0.35, "Lb_Med_26": 0.0, "Lbr_Jbt_26": 9.85, "Bgn_Ats_26": "GPP", "Jns_Jbt_26": "STANDAR", "Thn_Bgn_26": "2000", "BA_26": "2", "LNT_26": "2", "BB_26": "2", "DAS_26": "2", "OP_26": "2", "UT_26": "0", "GR_26": "0", "LB_26": "0", "JBT_26": "2", "Tp_Lnts_26": "SUNGAI", "Dt_Lnts_26": "BERKELOK (MEANDER)", "Pnangnn_26": "RUTIN", "Pmriksn_26": "DETAIL", "Pnglola_26": "BBPJN JAWA TIMUR - BALI", "Satkr_ID26": "693913", "PPK_Name26": "PPK 2.3", "Traffic_26": "78549", "VCR_26": "0.85", "AADT_26": "78549", "Tipe_Jb_26": "", "Lat_26": -8.605599, "Long_26": 115.319809, "Tgl_Ins_26": "46174", "Ket_26": " " }, "geometry": { "type": "Point", "coordinates": [ 115.319809, -8.605599 ] } },
{ "type": "Feature", "properties": { "FID": 16016, "KDRUAS_UPD": "4002111", "NOJBT_UPD": "40.021.111.B.11", "NM_RUAS_UP": "SP. TOHPATI - SP. PANTAI SIUT", "NM_JBT_UPD": "TK. KUTUH B", "PROVINSI": "BALI", "No_Prov_26": "40", "ID_Jbt_26": "4000157", "Kd_Ruas_26": "4002111", "Suffix_26": " ", "Nm_Ruas_26": "SP. TOHPATI - SP. PANTAI SIUT", "Lintas_26": "JALAN LINTAS TENGAH", "No_Jbt_26": "40.021.111.B.11", "Nm_Jbt_26": "TK. KUTUH B", "Status_26": "N", "Fungsi_26": "A", "Lks_Dr_26": "DPS", "Lks_km_26": 1607, "F_STA_26": "9028", "Cadin_26": "GIANYAR", "Pjg_Jbt_26": 53.0, "Btg_Pjg_26": 52.0, "Jml_Btg_26": "3", "Lb_Jl_Ms26": 6.9, "Lb_Jl_Kl26": 6.9, "Lb_Lalin26": 6.9, "Lb_Bh_Ki26": 0.4, "Lb_Bh_Ka26": 1.9, "Lb_Dr_Ki26": 0.0, "Lb_Dr_Ka26": 0.0, "Lb_Tr_Ki26": 0.0, "Lb_Tr_Ka26": 1.05, "Lb_TS_Ki26": 0.5, "Lb_TS_Ka26": 0.4, "Lb_Med_26": 0.0, "Lbr_Jbt_26": 11.15, "Bgn_Ats_26": "GPP", "Jns_Jbt_26": "STANDAR", "Thn_Bgn_26": "2011", "BA_26": "2", "LNT_26": "1", "BB_26": "2", "DAS_26": "1", "OP_26": "0", "UT_26": "0", "GR_26": "0", "LB_26": "0", "JBT_26": "2", "Tp_Lnts_26": "SUNGAI", "Dt_Lnts_26": "BERKELOK (MEANDER)", "Pnangnn_26": "RUTIN", "Pmriksn_26": "RUTIN", "Pnglola_26": "BBPJN JAWA TIMUR - BALI", "Satkr_ID26": "693913", "PPK_Name26": "PPK 2.3", "Traffic_26": "78549", "VCR_26": "0.85", "AADT_26": "78549", "Tipe_Jb_26": "", "Lat_26": -8.605503, "Long_26": 115.320351, "Tgl_Ins_26": "46174", "Ket_26": " " }, "geometry": { "type": "Point", "coordinates": [ 115.320351, -8.605503 ] } },
{ "type": "Feature", "properties": { "FID": 16017, "KDRUAS_UPD": "4002111", "NOJBT_UPD": "40.021.112.A.11", "NM_RUAS_UP": "SP. TOHPATI - SP. PANTAI SIUT", "NM_JBT_UPD": "TK. CUCUKAN III A", "PROVINSI": "BALI", "No_Prov_26": "40", "ID_Jbt_26": "4000158", "Kd_Ruas_26": "4002111", "Suffix_26": " ", "Nm_Ruas_26": "SP. TOHPATI - SP. PANTAI SIUT", "Lintas_26": "JALAN LINTAS TENGAH", "No_Jbt_26": "40.021.112.A.11", "Nm_Jbt_26": "TK. CUCUKAN III A", "Status_26": "N", "Fungsi_26": "A", "Lks_Dr_26": "DPS", "Lks_km_26": 1672, "F_STA_26": "9669", "Cadin_26": "GIANYAR", "Pjg_Jbt_26": 21.0, "Btg_Pjg_26": 20.8, "Jml_Btg_26": "1", "Lb_Jl_Ms26": 6.55, "Lb_Jl_Kl26": 6.55, "Lb_Lalin26": 6.55, "Lb_Bh_Ki26": 0.25, "Lb_Bh_Ka26": 0.2, "Lb_Dr_Ki26": 0.0, "Lb_Dr_Ka26": 0.0, "Lb_Tr_Ki26": 1.1, "Lb_Tr_Ka26": 1.05, "Lb_TS_Ki26": 0.25, "Lb_TS_Ka26": 0.35, "Lb_Med_26": 0.0, "Lbr_Jbt_26": 9.75, "Bgn_Ats_26": "GTP", "Jns_Jbt_26": "STANDAR", "Thn_Bgn_26": "2001", "BA_26": "2", "LNT_26": "2", "BB_26": "2", "DAS_26": "1", "OP_26": "0", "UT_26": "0", "GR_26": "0", "LB_26": "0", "JBT_26": "2", "Tp_Lnts_26": "SUNGAI", "Dt_Lnts_26": "SALURAN IRIGASI", "Pnangnn_26": "BERKALA", "Pmriksn_26": "RUTIN", "Pnglola_26": "BBPJN JAWA TIMUR - BALI", "Satkr_ID26": "693913", "PPK_Name26": "PPK 2.3", "Traffic_26": "78549", "VCR_26": "0.85", "AADT_26": "78549", "Tipe_Jb_26": "", "Lat_26": -8.602362, "Long_26": 115.324593, "Tgl_Ins_26": "46176", "Ket_26": " " }, "geometry": { "type": "Point", "coordinates": [ 115.324593, -8.602362 ] } },
{ "type": "Feature", "properties": { "FID": 16018, "KDRUAS_UPD": "4002111", "NOJBT_UPD": "40.021.112.B.11", "NM_RUAS_UP": "SP. TOHPATI - SP. PANTAI SIUT", "NM_JBT_UPD": "TK. CUCUKAN III B", "PROVINSI": "BALI", "No_Prov_26": "40", "ID_Jbt_26": "4000159", "Kd_Ruas_26": "4002111", "Suffix_26": " ", "Nm_Ruas_26": "SP. TOHPATI - SP. PANTAI SIUT", "Lintas_26": "JALAN LINTAS TENGAH", "No_Jbt_26": "40.021.112.B.11", "Nm_Jbt_26": "TK. CUCUKAN III B", "Status_26": "N", "Fungsi_26": "A", "Lks_Dr_26": "DPS", "Lks_km_26": 1672, "F_STA_26": "9669", "Cadin_26": "GIANYAR", "Pjg_Jbt_26": 25.0, "Btg_Pjg_26": 18.5, "Jml_Btg_26": "1", "Lb_Jl_Ms26": 6.85, "Lb_Jl_Kl26": 6.85, "Lb_Lalin26": 6.85, "Lb_Bh_Ki26": 0.4, "Lb_Bh_Ka26": 1.95, "Lb_Dr_Ki26": 0.0, "Lb_Dr_Ka26": 0.0, "Lb_Tr_Ki26": 0.15, "Lb_Tr_Ka26": 1.05, "Lb_TS_Ki26": 0.35, "Lb_TS_Ka26": 0.4, "Lb_Med_26": 0.0, "Lbr_Jbt_26": 11.15, "Bgn_Ats_26": "GPP", "Jns_Jbt_26": "STANDAR", "Thn_Bgn_26": "2011", "BA_26": "1", "LNT_26": "1", "BB_26": "1", "DAS_26": "1", "OP_26": "0", "UT_26": "0", "GR_26": "0", "LB_26": "0", "JBT_26": "1", "Tp_Lnts_26": "SUNGAI", "Dt_Lnts_26": "SALURAN IRIGASI", "Pnangnn_26": "RUTIN", "Pmriksn_26": "RUTIN", "Pnglola_26": "BBPJN JAWA TIMUR - BALI", "Satkr_ID26": "693913", "PPK_Name26": "PPK 2.3", "Traffic_26": "78549", "VCR_26": "0.85", "AADT_26": "78549", "Tipe_Jb_26": "", "Lat_26": -8.602415, "Long_26": 115.324875, "Tgl_Ins_26": "46176", "Ket_26": " " }, "geometry": { "type": "Point", "coordinates": [ 115.324875, -8.602415 ] } },
{ "type": "Feature", "properties": { "FID": 16019, "KDRUAS_UPD": "4002111", "NOJBT_UPD": "40.021.113.A.11", "NM_RUAS_UP": "SP. TOHPATI - SP. PANTAI SIUT", "NM_JBT_UPD": "TK. MAMBANG A", "PROVINSI": "BALI", "No_Prov_26": "40", "ID_Jbt_26": "4000160", "Kd_Ruas_26": "4002111", "Suffix_26": " ", "Nm_Ruas_26": "SP. TOHPATI - SP. PANTAI SIUT", "Lintas_26": "JALAN LINTAS TENGAH", "No_Jbt_26": "40.021.113.A.11", "Nm_Jbt_26": "TK. MAMBANG A", "Status_26": "N", "Fungsi_26": "A", "Lks_Dr_26": "DPS", "Lks_km_26": 1706, "F_STA_26": "10000", "Cadin_26": "GIANYAR", "Pjg_Jbt_26": 50.0, "Btg_Pjg_26": 50.0, "Jml_Btg_26": "1", "Lb_Jl_Ms26": 6.2, "Lb_Jl_Kl26": 6.2, "Lb_Lalin26": 6.2, "Lb_Bh_Ki26": 0.35, "Lb_Bh_Ka26": 0.45, "Lb_Dr_Ki26": 0.0, "Lb_Dr_Ka26": 0.0, "Lb_Tr_Ki26": 1.05, "Lb_Tr_Ka26": 1.0, "Lb_TS_Ki26": 0.0, "Lb_TS_Ka26": 0.0, "Lb_Med_26": 0.0, "Lbr_Jbt_26": 9.05, "Bgn_Ats_26": "RBR", "Jns_Jbt_26": "STANDAR", "Thn_Bgn_26": "2001", "BA_26": "2", "LNT_26": "2", "BB_26": "0", "DAS_26": "2", "OP_26": "1", "UT_26": "0", "GR_26": "0", "LB_26": "0", "JBT_26": "2", "Tp_Lnts_26": "SUNGAI", "Dt_Lnts_26": "BERKELOK (MEANDER)", "Pnangnn_26": "RUTIN", "Pmriksn_26": "DETAIL", "Pnglola_26": "BBPJN JAWA TIMUR - BALI", "Satkr_ID26": "693913", "PPK_Name26": "PPK 2.3", "Traffic_26": "78549", "VCR_26": "0.85", "AADT_26": "78549", "Tipe_Jb_26": "", "Lat_26": -8.600424, "Long_26": 115.326958, "Tgl_Ins_26": "46176", "Ket_26": " " }, "geometry": { "type": "Point", "coordinates": [ 115.326958, -8.600424 ] } },
{ "type": "Feature", "properties": { "FID": 16020, "KDRUAS_UPD": "4002111", "NOJBT_UPD": "40.021.113.B.11", "NM_RUAS_UP": "SP. TOHPATI - SP. PANTAI SIUT", "NM_JBT_UPD": "TK. MAMBANG B", "PROVINSI": "BALI", "No_Prov_26": "40", "ID_Jbt_26": "4000161", "Kd_Ruas_26": "4002111", "Suffix_26": " ", "Nm_Ruas_26": "SP. TOHPATI - SP. PANTAI SIUT", "Lintas_26": "JALAN LINTAS TENGAH", "No_Jbt_26": "40.021.113.B.11", "Nm_Jbt_26": "TK. MAMBANG B", "Status_26": "N", "Fungsi_26": "A", "Lks_Dr_26": "DPS", "Lks_km_26": 1706, "F_STA_26": "10000", "Cadin_26": "GIANYAR", "Pjg_Jbt_26": 45.0, "Btg_Pjg_26": 16.18, "Jml_Btg_26": "3", "Lb_Jl_Ms26": 6.8, "Lb_Jl_Kl26": 6.8, "Lb_Lalin26": 6.8, "Lb_Bh_Ki26": 0.55, "Lb_Bh_Ka26": 1.95, "Lb_Dr_Ki26": 0.0, "Lb_Dr_Ka26": 0.0, "Lb_Tr_Ki26": 0.2, "Lb_Tr_Ka26": 1.1, "Lb_TS_Ki26": 0.35, "Lb_TS_Ka26": 0.4, "Lb_Med_26": 0.0, "Lbr_Jbt_26": 11.35, "Bgn_Ats_26": "GPP", "Jns_Jbt_26": "STANDAR", "Thn_Bgn_26": "2011", "BA_26": "1", "LNT_26": "1", "BB_26": "1", "DAS_26": "1", "OP_26": "0", "UT_26": "0", "GR_26": "0", "LB_26": "0", "JBT_26": "1", "Tp_Lnts_26": "SUNGAI", "Dt_Lnts_26": "BERKELOK (MEANDER)", "Pnangnn_26": "RUTIN", "Pmriksn_26": "RUTIN", "Pnglola_26": "BBPJN JAWA TIMUR - BALI", "Satkr_ID26": "693913", "PPK_Name26": "PPK 2.3", "Traffic_26": "78549", "VCR_26": "0.85", "AADT_26": "78549", "Tipe_Jb_26": "", "Lat_26": -8.600362, "Long_26": 115.327362, "Tgl_Ins_26": "46176", "Ket_26": " " }, "geometry": { "type": "Point", "coordinates": [ 115.327362, -8.600362 ] } },
{ "type": "Feature", "properties": { "FID": 16021, "KDRUAS_UPD": "4002111", "NOJBT_UPD": "40.021.114.A.11", "NM_RUAS_UP": "SP. TOHPATI - SP. PANTAI SIUT", "NM_JBT_UPD": "TK. CUCUKAN IV A", "PROVINSI": "BALI", "No_Prov_26": "40", "ID_Jbt_26": "4000162", "Kd_Ruas_26": "4002111", "Suffix_26": " ", "Nm_Ruas_26": "SP. TOHPATI - SP. PANTAI SIUT", "Lintas_26": "JALAN LINTAS TENGAH", "No_Jbt_26": "40.021.114.A.11", "Nm_Jbt_26": "TK. CUCUKAN IV A", "Status_26": "N", "Fungsi_26": "A", "Lks_Dr_26": "DPS", "Lks_km_26": 1751, "F_STA_26": "10440", "Cadin_26": "GIANYAR", "Pjg_Jbt_26": 26.4, "Btg_Pjg_26": 25.87, "Jml_Btg_26": "1", "Lb_Jl_Ms26": 6.45, "Lb_Jl_Kl26": 6.45, "Lb_Lalin26": 6.45, "Lb_Bh_Ki26": 0.3, "Lb_Bh_Ka26": 0.3, "Lb_Dr_Ki26": 0.1, "Lb_Dr_Ka26": 0.1, "Lb_Tr_Ki26": 1.0, "Lb_Tr_Ka26": 1.0, "Lb_TS_Ki26": 0.35, "Lb_TS_Ka26": 0.35, "Lb_Med_26": 0.0, "Lbr_Jbt_26": 9.95, "Bgn_Ats_26": "GPP", "Jns_Jbt_26": "STANDAR", "Thn_Bgn_26": "2001", "BA_26": "2", "LNT_26": "1", "BB_26": "2", "DAS_26": "1", "OP_26": "0", "UT_26": "0", "GR_26": "0", "LB_26": "0", "JBT_26": "2", "Tp_Lnts_26": "SUNGAI", "Dt_Lnts_26": "LURUS", "Pnangnn_26": "RUTIN", "Pmriksn_26": "RUTIN", "Pnglola_26": "BBPJN JAWA TIMUR - BALI", "Satkr_ID26": "693913", "PPK_Name26": "PPK 2.3", "Traffic_26": "78549", "VCR_26": "0.85", "AADT_26": "78549", "Tipe_Jb_26": "", "Lat_26": -8.597935, "Long_26": 115.330002, "Tgl_Ins_26": "46176", "Ket_26": " " }, "geometry": { "type": "Point", "coordinates": [ 115.330002, -8.597935 ] } },
{ "type": "Feature", "properties": { "FID": 16022, "KDRUAS_UPD": "4002111", "NOJBT_UPD": "40.021.114.B.11", "NM_RUAS_UP": "SP. TOHPATI - SP. PANTAI SIUT", "NM_JBT_UPD": "TK. CUCUKAN IV B", "PROVINSI": "BALI", "No_Prov_26": "40", "ID_Jbt_26": "4000163", "Kd_Ruas_26": "4002111", "Suffix_26": " ", "Nm_Ruas_26": "SP. TOHPATI - SP. PANTAI SIUT", "Lintas_26": "JALAN LINTAS TENGAH", "No_Jbt_26": "40.021.114.B.11", "Nm_Jbt_26": "TK. CUCUKAN IV B", "Status_26": "N", "Fungsi_26": "A", "Lks_Dr_26": "DPS", "Lks_km_26": 1751, "F_STA_26": "10440", "Cadin_26": "GIANYAR", "Pjg_Jbt_26": 47.0, "Btg_Pjg_26": 16.26, "Jml_Btg_26": "3", "Lb_Jl_Ms26": 6.5, "Lb_Jl_Kl26": 6.5, "Lb_Lalin26": 6.5, "Lb_Bh_Ki26": 0.45, "Lb_Bh_Ka26": 1.95, "Lb_Dr_Ki26": 0.0, "Lb_Dr_Ka26": 0.0, "Lb_Tr_Ki26": 0.2, "Lb_Tr_Ka26": 1.0, "Lb_TS_Ki26": 0.35, "Lb_TS_Ka26": 0.35, "Lb_Med_26": 0.0, "Lbr_Jbt_26": 10.8, "Bgn_Ats_26": "GPP", "Jns_Jbt_26": "STANDAR", "Thn_Bgn_26": "2011", "BA_26": "1", "LNT_26": "1", "BB_26": "1", "DAS_26": "1", "OP_26": "0", "UT_26": "0", "GR_26": "0", "LB_26": "0", "JBT_26": "1", "Tp_Lnts_26": "SUNGAI", "Dt_Lnts_26": "LURUS", "Pnangnn_26": "RUTIN", "Pmriksn_26": "RUTIN", "Pnglola_26": "BBPJN JAWA TIMUR - BALI", "Satkr_ID26": "693913", "PPK_Name26": "PPK 2.3", "Traffic_26": "78549", "VCR_26": "0.85", "AADT_26": "78549", "Tipe_Jb_26": "", "Lat_26": -8.597855, "Long_26": 115.330421, "Tgl_Ins_26": "46176", "Ket_26": " " }, "geometry": { "type": "Point", "coordinates": [ 115.330421, -8.597855 ] } },
{ "type": "Feature", "properties": { "FID": 16023, "KDRUAS_UPD": "4002111", "NOJBT_UPD": "40.021.117.A.11", "NM_RUAS_UP": "SP. TOHPATI - SP. PANTAI SIUT", "NM_JBT_UPD": "TK. UDANG-UDANG A", "PROVINSI": "BALI", "No_Prov_26": "40", "ID_Jbt_26": "4000166", "Kd_Ruas_26": "4002111", "Suffix_26": " ", "Nm_Ruas_26": "SP. TOHPATI - SP. PANTAI SIUT", "Lintas_26": "JALAN LINTAS TENGAH", "No_Jbt_26": "40.021.117.A.11", "Nm_Jbt_26": "TK. UDANG-UDANG A", "Status_26": "N", "Fungsi_26": "A", "Lks_Dr_26": "DPS", "Lks_km_26": 2032, "F_STA_26": "13182", "Cadin_26": "GIANYAR", "Pjg_Jbt_26": 63.8, "Btg_Pjg_26": 21.2, "Jml_Btg_26": "3", "Lb_Jl_Ms26": 6.8, "Lb_Jl_Kl26": 6.8, "Lb_Lalin26": 6.8, "Lb_Bh_Ki26": 0.55, "Lb_Bh_Ka26": 0.45, "Lb_Dr_Ki26": 0.0, "Lb_Dr_Ka26": 0.0, "Lb_Tr_Ki26": 1.1, "Lb_Tr_Ka26": 1.05, "Lb_TS_Ki26": 0.55, "Lb_TS_Ka26": 0.55, "Lb_Med_26": 0.0, "Lbr_Jbt_26": 11.05, "Bgn_Ats_26": "GPP", "Jns_Jbt_26": "STANDAR", "Thn_Bgn_26": "2002", "BA_26": "2", "LNT_26": "2", "BB_26": "2", "DAS_26": "0", "OP_26": "2", "UT_26": "0", "GR_26": "0", "LB_26": "0", "JBT_26": "2", "Tp_Lnts_26": "SUNGAI", "Dt_Lnts_26": "BERKELOK (MEANDER)", "Pnangnn_26": "RUTIN", "Pmriksn_26": "DETAIL", "Pnglola_26": "BBPJN JAWA TIMUR - BALI", "Satkr_ID26": "693913", "PPK_Name26": "PPK 2.3", "Traffic_26": "78549", "VCR_26": "0.85", "AADT_26": "78549", "Tipe_Jb_26": "", "Lat_26": -8.583458, "Long_26": 115.349716, "Tgl_Ins_26": "46177", "Ket_26": " " }, "geometry": { "type": "Point", "coordinates": [ 115.349716, -8.583458 ] } },
{ "type": "Feature", "properties": { "FID": 16024, "KDRUAS_UPD": "4002111", "NOJBT_UPD": "40.021.117.B.11", "NM_RUAS_UP": "SP. TOHPATI - SP. PANTAI SIUT", "NM_JBT_UPD": "TK. UDANG-UDANG B", "PROVINSI": "BALI", "No_Prov_26": "40", "ID_Jbt_26": "4000167", "Kd_Ruas_26": "4002111", "Suffix_26": " ", "Nm_Ruas_26": "SP. TOHPATI - SP. PANTAI SIUT", "Lintas_26": "JALAN LINTAS TENGAH", "No_Jbt_26": "40.021.117.B.11", "Nm_Jbt_26": "TK. UDANG-UDANG B", "Status_26": "N", "Fungsi_26": "A", "Lks_Dr_26": "DPS", "Lks_km_26": 2032, "F_STA_26": "13182", "Cadin_26": "GIANYAR", "Pjg_Jbt_26": 82.4, "Btg_Pjg_26": 31.95, "Jml_Btg_26": "3", "Lb_Jl_Ms26": 7.05, "Lb_Jl_Kl26": 7.05, "Lb_Lalin26": 7.05, "Lb_Bh_Ki26": 0.5, "Lb_Bh_Ka26": 1.75, "Lb_Dr_Ki26": 0.0, "Lb_Dr_Ka26": 0.0, "Lb_Tr_Ki26": 0.2, "Lb_Tr_Ka26": 1.05, "Lb_TS_Ki26": 0.35, "Lb_TS_Ka26": 0.4, "Lb_Med_26": 0.0, "Lbr_Jbt_26": 11.3, "Bgn_Ats_26": "GPP", "Jns_Jbt_26": "STANDAR", "Thn_Bgn_26": "2011", "BA_26": "1", "LNT_26": "2", "BB_26": "2", "DAS_26": "1", "OP_26": "0", "UT_26": "0", "GR_26": "0", "LB_26": "0", "JBT_26": "2", "Tp_Lnts_26": "SUNGAI", "Dt_Lnts_26": "BERKELOK (MEANDER)", "Pnangnn_26": "BERKALA", "Pmriksn_26": "RUTIN", "Pnglola_26": "BBPJN JAWA TIMUR - BALI", "Satkr_ID26": "693913", "PPK_Name26": "PPK 2.3", "Traffic_26": "78549", "VCR_26": "0.85", "AADT_26": "78549", "Tipe_Jb_26": "", "Lat_26": -8.583255, "Long_26": 115.350372, "Tgl_Ins_26": "46177", "Ket_26": " " }, "geometry": { "type": "Point", "coordinates": [ 115.350372, -8.583255 ] } },
{ "type": "Feature", "properties": { "FID": 16025, "KDRUAS_UPD": "40022", "NOJBT_UPD": "40.022.001.0", "NM_RUAS_UP": "SP. TOHPATI - SAKAH", "NM_JBT_UPD": "TLB.MUNTUR", "PROVINSI": "BALI", "No_Prov_26": "40", "ID_Jbt_26": "4000168", "Kd_Ruas_26": "40022", "Suffix_26": " ", "Nm_Ruas_26": "SP. TOHPATI - SAKAH", "Lintas_26": "NON LINTAS", "No_Jbt_26": "40.022.001.0", "Nm_Jbt_26": "TLB.MUNTUR", "Status_26": "N", "Fungsi_26": "A", "Lks_Dr_26": "DPS", "Lks_km_26": 62, "F_STA_26": "979", "Cadin_26": "GIANYAR", "Pjg_Jbt_26": 10.3, "Btg_Pjg_26": 10.3, "Jml_Btg_26": "1", "Lb_Jl_Ms26": 9.05, "Lb_Jl_Kl26": 9.05, "Lb_Lalin26": 9.05, "Lb_Bh_Ki26": 0.8, "Lb_Bh_Ka26": 0.8, "Lb_Dr_Ki26": 0.0, "Lb_Dr_Ka26": 0.25, "Lb_Tr_Ki26": 0.0, "Lb_Tr_Ka26": 0.0, "Lb_TS_Ki26": 0.5, "Lb_TS_Ka26": 0.55, "Lb_Med_26": 0.0, "Lbr_Jbt_26": 11.95, "Bgn_Ats_26": "ETP", "Jns_Jbt_26": "STANDAR", "Thn_Bgn_26": "1965", "BA_26": "2", "LNT_26": "1", "BB_26": "0", "DAS_26": "1", "OP_26": "2", "UT_26": "0", "GR_26": "0", "LB_26": "0", "JBT_26": "2", "Tp_Lnts_26": "SUNGAI", "Dt_Lnts_26": "LURUS", "Pnangnn_26": "RUTIN", "Pmriksn_26": "DETAIL", "Pnglola_26": "BBPJN JAWA TIMUR - BALI", "Satkr_ID26": "693772", "PPK_Name26": "PPK SKPD", "Traffic_26": "5805", "VCR_26": "0.274", "AADT_26": "5805", "Tipe_Jb_26": "", "Lat_26": -8.633258, "Long_26": 115.258934, "Tgl_Ins_26": "46176", "Ket_26": " " }, "geometry": { "type": "Point", "coordinates": [ 115.258934, -8.633258 ] } },
{ "type": "Feature", "properties": { "FID": 16026, "KDRUAS_UPD": "40022", "NOJBT_UPD": "40.022.003.0", "NM_RUAS_UP": "SP. TOHPATI - SAKAH", "NM_JBT_UPD": "TLB.MOYANG", "PROVINSI": "BALI", "No_Prov_26": "40", "ID_Jbt_26": "4000169", "Kd_Ruas_26": "40022", "Suffix_26": " ", "Nm_Ruas_26": "SP. TOHPATI - SAKAH", "Lintas_26": "NON LINTAS", "No_Jbt_26": "40.022.003.0", "Nm_Jbt_26": "TLB.MOYANG", "Status_26": "N", "Fungsi_26": "A", "Lks_Dr_26": "DPS", "Lks_km_26": 1168, "F_STA_26": "6160", "Cadin_26": "GIANYAR", "Pjg_Jbt_26": 10.4, "Btg_Pjg_26": 10.0, "Jml_Btg_26": "1", "Lb_Jl_Ms26": 7.0, "Lb_Jl_Kl26": 7.0, "Lb_Lalin26": 6.55, "Lb_Bh_Ki26": 0.2, "Lb_Bh_Ka26": 0.25, "Lb_Dr_Ki26": 0.1, "Lb_Dr_Ka26": 0.1, "Lb_Tr_Ki26": 0.4, "Lb_Tr_Ka26": 0.4, "Lb_TS_Ki26": 0.3, "Lb_TS_Ka26": 0.3, "Lb_Med_26": 0.0, "Lbr_Jbt_26": 8.6, "Bgn_Ats_26": "MBP", "Jns_Jbt_26": "STANDAR", "Thn_Bgn_26": "1984", "BA_26": "2", "LNT_26": "2", "BB_26": "2", "DAS_26": "1", "OP_26": "0", "UT_26": "0", "GR_26": "0", "LB_26": "0", "JBT_26": "2", "Tp_Lnts_26": "SUNGAI", "Dt_Lnts_26": "LURUS", "Pnangnn_26": "BERKALA", "Pmriksn_26": "RUTIN", "Pnglola_26": "BBPJN JAWA TIMUR - BALI", "Satkr_ID26": "693772", "PPK_Name26": "PPK SKPD", "Traffic_26": "5805", "VCR_26": "0.274", "AADT_26": "5805", "Tipe_Jb_26": "", "Lat_26": -8.599951, "Long_26": 115.268211, "Tgl_Ins_26": "46189", "Ket_26": " " }, "geometry": { "type": "Point", "coordinates": [ 115.268211, -8.599951 ] } },
{ "type": "Feature", "properties": { "FID": 16027, "KDRUAS_UPD": "40022", "NOJBT_UPD": "40.022.004.A", "NM_RUAS_UP": "SP. TOHPATI - SAKAH", "NM_JBT_UPD": "TK.OOS A (TDK DIFUNGSIKAN)", "PROVINSI": "BALI", "No_Prov_26": "40", "ID_Jbt_26": "4000170", "Kd_Ruas_26": "40022", "Suffix_26": " ", "Nm_Ruas_26": "SP. TOHPATI - SAKAH", "Lintas_26": "NON LINTAS", "No_Jbt_26": "40.022.004.A", "Nm_Jbt_26": "TK.OOS A (TDK DIFUNGSIKAN)", "Status_26": "N", "Fungsi_26": "A", "Lks_Dr_26": "DPS", "Lks_km_26": 133, "F_STA_26": "7877", "Cadin_26": "GIANYAR", "Pjg_Jbt_26": 65.6, "Btg_Pjg_26": 65.6, "Jml_Btg_26": "1", "Lb_Jl_Ms26": 0.0, "Lb_Jl_Kl26": 0.0, "Lb_Lalin26": 5.3, "Lb_Bh_Ki26": 0.0, "Lb_Bh_Ka26": 0.0, "Lb_Dr_Ki26": 0.0, "Lb_Dr_Ka26": 0.0, "Lb_Tr_Ki26": 0.0, "Lb_Tr_Ka26": 0.0, "Lb_TS_Ki26": 0.0, "Lb_TS_Ka26": 0.0, "Lb_Med_26": 0.0, "Lbr_Jbt_26": 5.3, "Bgn_Ats_26": "TBP", "Jns_Jbt_26": "STANDAR", "Thn_Bgn_26": "1930", "BA_26": "5", "LNT_26": "5", "BB_26": "1", "DAS_26": "1", "OP_26": "0", "UT_26": "0", "GR_26": "0", "LB_26": "0", "JBT_26": "5", "Tp_Lnts_26": "SUNGAI", "Dt_Lnts_26": "LURUS", "Pnangnn_26": " ", "Pmriksn_26": "0", "Pnglola_26": "BBPJN JAWA TIMUR - BALI", "Satkr_ID26": "693772", "PPK_Name26": "PPK SKPD", "Traffic_26": "5805", "VCR_26": "0.274", "AADT_26": "5805", "Tipe_Jb_26": "", "Lat_26": -8.602779, "Long_26": 115.281601, "Tgl_Ins_26": "0", "Ket_26": " " }, "geometry": { "type": "Point", "coordinates": [ 115.281601, -8.602779 ] } },
{ "type": "Feature", "properties": { "FID": 16028, "KDRUAS_UPD": "40022", "NOJBT_UPD": "40.022.004.B", "NM_RUAS_UP": "SP. TOHPATI - SAKAH", "NM_JBT_UPD": "TK.OOS B", "PROVINSI": "BALI", "No_Prov_26": "40", "ID_Jbt_26": "4000171", "Kd_Ruas_26": "40022", "Suffix_26": " ", "Nm_Ruas_26": "SP. TOHPATI - SAKAH", "Lintas_26": "NON LINTAS", "No_Jbt_26": "40.022.004.B", "Nm_Jbt_26": "TK.OOS B", "Status_26": "N", "Fungsi_26": "A", "Lks_Dr_26": "DPS", "Lks_km_26": 133, "F_STA_26": "7877", "Cadin_26": "GIANYAR", "Pjg_Jbt_26": 61.8, "Btg_Pjg_26": 30.82, "Jml_Btg_26": "2", "Lb_Jl_Ms26": 7.3, "Lb_Jl_Kl26": 7.3, "Lb_Lalin26": 6.55, "Lb_Bh_Ki26": 0.4, "Lb_Bh_Ka26": 0.35, "Lb_Dr_Ki26": 0.1, "Lb_Dr_Ka26": 0.1, "Lb_Tr_Ki26": 1.25, "Lb_Tr_Ka26": 1.25, "Lb_TS_Ki26": 0.0, "Lb_TS_Ka26": 0.0, "Lb_Med_26": 0.0, "Lbr_Jbt_26": 10.0, "Bgn_Ats_26": "GPP", "Jns_Jbt_26": "STANDAR", "Thn_Bgn_26": "1982", "BA_26": "2", "LNT_26": "2", "BB_26": "1", "DAS_26": "2", "OP_26": "2", "UT_26": "0", "GR_26": "0", "LB_26": "0", "JBT_26": "2", "Tp_Lnts_26": "SUNGAI", "Dt_Lnts_26": "LURUS", "Pnangnn_26": "RUTIN", "Pmriksn_26": "DETAIL", "Pnglola_26": "BBPJN JAWA TIMUR - BALI", "Satkr_ID26": "693772", "PPK_Name26": "PPK SKPD", "Traffic_26": "5805", "VCR_26": "0.274", "AADT_26": "5805", "Tipe_Jb_26": "", "Lat_26": -8.602815, "Long_26": 115.281761, "Tgl_Ins_26": "46189", "Ket_26": " " }, "geometry": { "type": "Point", "coordinates": [ 115.281761, -8.602815 ] } },
{ "type": "Feature", "properties": { "FID": 16029, "KDRUAS_UPD": "40022", "NOJBT_UPD": "40.022.007.0", "NM_RUAS_UP": "SP. TOHPATI - SAKAH", "NM_JBT_UPD": "YEH AGUNG", "PROVINSI": "BALI", "No_Prov_26": "40", "ID_Jbt_26": "4000173", "Kd_Ruas_26": "40022", "Suffix_26": " ", "Nm_Ruas_26": "SP. TOHPATI - SAKAH", "Lintas_26": "NON LINTAS", "No_Jbt_26": "40.022.007.0", "Nm_Jbt_26": "YEH AGUNG", "Status_26": "N", "Fungsi_26": "A", "Lks_Dr_26": "DPS", "Lks_km_26": 1787, "F_STA_26": "9375", "Cadin_26": "GIANYAR", "Pjg_Jbt_26": 29.8, "Btg_Pjg_26": 29.4, "Jml_Btg_26": "1", "Lb_Jl_Ms26": 8.25, "Lb_Jl_Kl26": 8.25, "Lb_Lalin26": 7.2, "Lb_Bh_Ki26": 0.65, "Lb_Bh_Ka26": 0.4, "Lb_Dr_Ki26": 0.0, "Lb_Dr_Ka26": 0.0, "Lb_Tr_Ki26": 0.0, "Lb_Tr_Ka26": 0.0, "Lb_TS_Ki26": 0.4, "Lb_TS_Ka26": 0.4, "Lb_Med_26": 0.0, "Lbr_Jbt_26": 9.05, "Bgn_Ats_26": "ETP", "Jns_Jbt_26": "STANDAR", "Thn_Bgn_26": "1965", "BA_26": "2", "LNT_26": "1", "BB_26": "0", "DAS_26": "0", "OP_26": "1", "UT_26": "0", "GR_26": "0", "LB_26": "0", "JBT_26": "2", "Tp_Lnts_26": "SUNGAI", "Dt_Lnts_26": "LURUS", "Pnangnn_26": "RUTIN", "Pmriksn_26": "DETAIL", "Pnglola_26": "BBPJN JAWA TIMUR - BALI", "Satkr_ID26": "693772", "PPK_Name26": "PPK SKPD", "Traffic_26": "5805", "VCR_26": "0.274", "AADT_26": "5805", "Tipe_Jb_26": "", "Lat_26": -8.590332, "Long_26": 115.282478, "Tgl_Ins_26": "46189", "Ket_26": " " }, "geometry": { "type": "Point", "coordinates": [ 115.282478, -8.590332 ] } },
{ "type": "Feature", "properties": { "FID": 16030, "KDRUAS_UPD": "40023", "NOJBT_UPD": "40.023.001.0", "NM_RUAS_UP": "SAKAH  -  BLAHBATU", "NM_JBT_UPD": "TLB.SAKAH", "PROVINSI": "BALI", "No_Prov_26": "40", "ID_Jbt_26": "4000174", "Kd_Ruas_26": "40023", "Suffix_26": " ", "Nm_Ruas_26": "SAKAH  -  BLAHBATU", "Lintas_26": "NON LINTAS", "No_Jbt_26": "40.023.001.0", "Nm_Jbt_26": "TLB.SAKAH", "Status_26": "N", "Fungsi_26": "A", "Lks_Dr_26": "DPS", "Lks_km_26": 184, "F_STA_26": "318", "Cadin_26": "GIANYAR", "Pjg_Jbt_26": 14.9, "Btg_Pjg_26": 14.9, "Jml_Btg_26": "1", "Lb_Jl_Ms26": 6.75, "Lb_Jl_Kl26": 6.75, "Lb_Lalin26": 6.15, "Lb_Bh_Ki26": 0.35, "Lb_Bh_Ka26": 0.25, "Lb_Dr_Ki26": 0.1, "Lb_Dr_Ka26": 0.2, "Lb_Tr_Ki26": 0.95, "Lb_Tr_Ka26": 1.0, "Lb_TS_Ki26": 0.2, "Lb_TS_Ka26": 0.15, "Lb_Med_26": 0.0, "Lbr_Jbt_26": 9.35, "Bgn_Ats_26": "GTP", "Jns_Jbt_26": "STANDAR", "Thn_Bgn_26": "1974", "BA_26": "2", "LNT_26": "2", "BB_26": "1", "DAS_26": "1", "OP_26": "1", "UT_26": "0", "GR_26": "0", "LB_26": "0", "JBT_26": "2", "Tp_Lnts_26": "SUNGAI", "Dt_Lnts_26": "LURUS", "Pnangnn_26": "RUTIN", "Pmriksn_26": "DETAIL", "Pnglola_26": "BBPJN JAWA TIMUR - BALI", "Satkr_ID26": "693772", "PPK_Name26": "PPK SKPD", "Traffic_26": "29086", "VCR_26": "0.476", "AADT_26": "29086", "Tipe_Jb_26": "", "Lat_26": -8.563496, "Long_26": 115.276512, "Tgl_Ins_26": "46188", "Ket_26": " " }, "geometry": { "type": "Point", "coordinates": [ 115.276512, -8.563496 ] } },
{ "type": "Feature", "properties": { "FID": 16032, "KDRUAS_UPD": "40023", "NOJBT_UPD": "40.023.002.B", "NM_RUAS_UP": "SAKAH  -  BLAHBATU", "NM_JBT_UPD": "TK.PETANU B", "PROVINSI": "BALI", "No_Prov_26": "40", "ID_Jbt_26": "4000176", "Kd_Ruas_26": "40023", "Suffix_26": " ", "Nm_Ruas_26": "SAKAH  -  BLAHBATU", "Lintas_26": "NON LINTAS", "No_Jbt_26": "40.023.002.B", "Nm_Jbt_26": "TK.PETANU B", "Status_26": "N", "Fungsi_26": "A", "Lks_Dr_26": "DPS", "Lks_km_26": 2015, "F_STA_26": "2078", "Cadin_26": "GIANYAR", "Pjg_Jbt_26": 71.6, "Btg_Pjg_26": 71.01, "Jml_Btg_26": "1", "Lb_Jl_Ms26": 6.98, "Lb_Jl_Kl26": 6.98, "Lb_Lalin26": 6.28, "Lb_Bh_Ki26": 0.35, "Lb_Bh_Ka26": 0.35, "Lb_Dr_Ki26": 0.1, "Lb_Dr_Ka26": 0.1, "Lb_Tr_Ki26": 0.9, "Lb_Tr_Ka26": 0.9, "Lb_TS_Ki26": 0.2, "Lb_TS_Ka26": 0.2, "Lb_Med_26": 0.0, "Lbr_Jbt_26": 9.38, "Bgn_Ats_26": "RBU", "Jns_Jbt_26": "STANDAR", "Thn_Bgn_26": "1977", "BA_26": "2", "LNT_26": "2", "BB_26": "2", "DAS_26": "0", "OP_26": "2", "UT_26": "1", "GR_26": "0", "LB_26": "0", "JBT_26": "2", "Tp_Lnts_26": "SUNGAI", "Dt_Lnts_26": "LURUS", "Pnangnn_26": "RUTIN", "Pmriksn_26": "DETAIL", "Pnglola_26": "BBPJN JAWA TIMUR - BALI", "Satkr_ID26": "693772", "PPK_Name26": "PPK SKPD", "Traffic_26": "29086", "VCR_26": "0.476", "AADT_26": "29086", "Tipe_Jb_26": "", "Lat_26": -8.565939, "Long_26": 115.292084, "Tgl_Ins_26": "46188", "Ket_26": " " }, "geometry": { "type": "Point", "coordinates": [ 115.292084, -8.565939 ] } },
{ "type": "Feature", "properties": { "FID": 16033, "KDRUAS_UPD": "40025", "NOJBT_UPD": "40.025.001.0", "NM_RUAS_UP": "SEMEBAUNG - BTS. KOTA GIANYAR", "NM_JBT_UPD": "TK.GUNUNG SARI", "PROVINSI": "BALI", "No_Prov_26": "40", "ID_Jbt_26": "4000178", "Kd_Ruas_26": "40025", "Suffix_26": " ", "Nm_Ruas_26": "SEMEBAUNG - BTS. KOTA GIANYAR", "Lintas_26": "NON LINTAS", "No_Jbt_26": "40.025.001.0", "Nm_Jbt_26": "TK.GUNUNG SARI", "Status_26": "N", "Fungsi_26": "A", "Lks_Dr_26": "DPS", "Lks_km_26": 2514, "F_STA_26": "159", "Cadin_26": "GIANYAR", "Pjg_Jbt_26": 16.8, "Btg_Pjg_26": 16.08, "Jml_Btg_26": "1", "Lb_Jl_Ms26": 6.5, "Lb_Jl_Kl26": 6.5, "Lb_Lalin26": 6.5, "Lb_Bh_Ki26": 0.35, "Lb_Bh_Ka26": 0.3, "Lb_Dr_Ki26": 0.2, "Lb_Dr_Ka26": 0.12, "Lb_Tr_Ki26": 1.05, "Lb_Tr_Ka26": 1.0, "Lb_TS_Ki26": 0.25, "Lb_TS_Ka26": 0.25, "Lb_Med_26": 0.0, "Lbr_Jbt_26": 10.02, "Bgn_Ats_26": "GBP", "Jns_Jbt_26": "STANDAR", "Thn_Bgn_26": "1977", "BA_26": "2", "LNT_26": "2", "BB_26": "1", "DAS_26": "1", "OP_26": "1", "UT_26": "1", "GR_26": "0", "LB_26": "0", "JBT_26": "2", "Tp_Lnts_26": "SUNGAI", "Dt_Lnts_26": "LURUS", "Pnangnn_26": "BERKALA", "Pmriksn_26": "RUTIN", "Pnglola_26": "BBPJN JAWA TIMUR - BALI", "Satkr_ID26": "693772", "PPK_Name26": "PPK SKPD", "Traffic_26": "22646", "VCR_26": "0.398", "AADT_26": "22646", "Tipe_Jb_26": "", "Lat_26": -8.533128, "Long_26": 115.304108, "Tgl_Ins_26": "46173", "Ket_26": " " }, "geometry": { "type": "Point", "coordinates": [ 115.304108, -8.533128 ] } },
{ "type": "Feature", "properties": { "FID": 16034, "KDRUAS_UPD": "40025", "NOJBT_UPD": "40.025.002.0", "NM_RUAS_UP": "SEMEBAUNG - BTS. KOTA GIANYAR", "NM_JBT_UPD": "TK.PEKERISAN", "PROVINSI": "BALI", "No_Prov_26": "40", "ID_Jbt_26": "4000179", "Kd_Ruas_26": "40025", "Suffix_26": " ", "Nm_Ruas_26": "SEMEBAUNG - BTS. KOTA GIANYAR", "Lintas_26": "NON LINTAS", "No_Jbt_26": "40.025.002.0", "Nm_Jbt_26": "TK.PEKERISAN", "Status_26": "N", "Fungsi_26": "A", "Lks_Dr_26": "DPS", "Lks_km_26": 2599, "F_STA_26": "956", "Cadin_26": "GIANYAR", "Pjg_Jbt_26": 26.2, "Btg_Pjg_26": 26.2, "Jml_Btg_26": "1", "Lb_Jl_Ms26": 6.7, "Lb_Jl_Kl26": 6.7, "Lb_Lalin26": 6.7, "Lb_Bh_Ki26": 0.15, "Lb_Bh_Ka26": 0.15, "Lb_Dr_Ki26": 0.15, "Lb_Dr_Ka26": 0.15, "Lb_Tr_Ki26": 1.0, "Lb_Tr_Ka26": 1.0, "Lb_TS_Ki26": 0.25, "Lb_TS_Ka26": 0.25, "Lb_Med_26": 0.0, "Lbr_Jbt_26": 9.8, "Bgn_Ats_26": "GTP", "Jns_Jbt_26": "STANDAR", "Thn_Bgn_26": "1980", "BA_26": "2", "LNT_26": "2", "BB_26": "1", "DAS_26": "1", "OP_26": "1", "UT_26": "2", "GR_26": "0", "LB_26": "0", "JBT_26": "2", "Tp_Lnts_26": "SUNGAI", "Dt_Lnts_26": "LURUS", "Pnangnn_26": "RUTIN", "Pmriksn_26": "DETAIL", "Pnglola_26": "BBPJN JAWA TIMUR - BALI", "Satkr_ID26": "693772", "PPK_Name26": "PPK SKPD", "Traffic_26": "22646", "VCR_26": "0.398", "AADT_26": "22646", "Tipe_Jb_26": "", "Lat_26": -8.535199, "Long_26": 115.310501, "Tgl_Ins_26": "46173", "Ket_26": " " }, "geometry": { "type": "Point", "coordinates": [ 115.310501, -8.535199 ] } },
{ "type": "Feature", "properties": { "FID": 16035, "KDRUAS_UPD": "4002512", "NOJBT_UPD": "40.025.003.0.12", "NM_RUAS_UP": "JLN. ASTINA UTARA (GIANYAR)", "NM_JBT_UPD": "TK.DUKUH", "PROVINSI": "BALI", "No_Prov_26": "40", "ID_Jbt_26": "4000180", "Kd_Ruas_26": "4002512", "Suffix_26": " ", "Nm_Ruas_26": "JLN. ASTINA UTARA (GIANYAR)", "Lintas_26": "NON LINTAS", "No_Jbt_26": "40.025.003.0.12", "Nm_Jbt_26": "TK.DUKUH", "Status_26": "N", "Fungsi_26": "A", "Lks_Dr_26": "DPS", "Lks_km_26": 271, "F_STA_26": "55", "Cadin_26": "GIANYAR", "Pjg_Jbt_26": 20.6, "Btg_Pjg_26": 20.1, "Jml_Btg_26": "1", "Lb_Jl_Ms26": 6.4, "Lb_Jl_Kl26": 6.4, "Lb_Lalin26": 6.4, "Lb_Bh_Ki26": 0.25, "Lb_Bh_Ka26": 0.2, "Lb_Dr_Ki26": 0.2, "Lb_Dr_Ka26": 0.25, "Lb_Tr_Ki26": 1.0, "Lb_Tr_Ka26": 1.0, "Lb_TS_Ki26": 0.3, "Lb_TS_Ka26": 0.3, "Lb_Med_26": 0.0, "Lbr_Jbt_26": 9.9, "Bgn_Ats_26": "GBP", "Jns_Jbt_26": "STANDAR", "Thn_Bgn_26": "1977", "BA_26": "2", "LNT_26": "1", "BB_26": "1", "DAS_26": "1", "OP_26": "0", "UT_26": "0", "GR_26": "0", "LB_26": "0", "JBT_26": "2", "Tp_Lnts_26": "SUNGAI", "Dt_Lnts_26": "LURUS", "Pnangnn_26": "BERKALA", "Pmriksn_26": "RUTIN", "Pnglola_26": "BBPJN JAWA TIMUR - BALI", "Satkr_ID26": "693772", "PPK_Name26": "PPK SKPD", "Traffic_26": "15010", "VCR_26": "0.47", "AADT_26": "15010", "Tipe_Jb_26": "", "Lat_26": -8.535397, "Long_26": 115.320785, "Tgl_Ins_26": "46173", "Ket_26": " " }, "geometry": { "type": "Point", "coordinates": [ 115.320785, -8.535397 ] } },
{ "type": "Feature", "properties": { "FID": 16036, "KDRUAS_UPD": "4002612", "NOJBT_UPD": "40.026.001.0.12", "NM_RUAS_UP": "JLN. ASTINA TIMUR (GIANYAR)", "NM_JBT_UPD": "TK.CANGKIR", "PROVINSI": "BALI", "No_Prov_26": "40", "ID_Jbt_26": "4000181", "Kd_Ruas_26": "4002612", "Suffix_26": " ", "Nm_Ruas_26": "JLN. ASTINA TIMUR (GIANYAR)", "Lintas_26": "NON LINTAS", "No_Jbt_26": "40.026.001.0.12", "Nm_Jbt_26": "TK.CANGKIR", "Status_26": "N", "Fungsi_26": "A", "Lks_Dr_26": "DPS", "Lks_km_26": 2937, "F_STA_26": "304", "Cadin_26": "GIANYAR", "Pjg_Jbt_26": 56.9, "Btg_Pjg_26": 56.14, "Jml_Btg_26": "1", "Lb_Jl_Ms26": 9.55, "Lb_Jl_Kl26": 9.55, "Lb_Lalin26": 6.25, "Lb_Bh_Ki26": 0.3, "Lb_Bh_Ka26": 0.35, "Lb_Dr_Ki26": 0.1, "Lb_Dr_Ka26": 0.1, "Lb_Tr_Ki26": 0.95, "Lb_Tr_Ka26": 0.9, "Lb_TS_Ki26": 0.3, "Lb_TS_Ka26": 0.3, "Lb_Med_26": 0.0, "Lbr_Jbt_26": 9.55, "Bgn_Ats_26": "RBU", "Jns_Jbt_26": "STANDAR", "Thn_Bgn_26": "1978", "BA_26": "2", "LNT_26": "2", "BB_26": "2", "DAS_26": "0", "OP_26": "2", "UT_26": "0", "GR_26": "0", "LB_26": "0", "JBT_26": "2", "Tp_Lnts_26": "SUNGAI", "Dt_Lnts_26": "LURUS", "Pnangnn_26": "RUTIN", "Pmriksn_26": "DETAIL", "Pnglola_26": "BBPJN JAWA TIMUR - BALI", "Satkr_ID26": "693772", "PPK_Name26": "PPK SKPD", "Traffic_26": "20726", "VCR_26": "0.348", "AADT_26": "20726", "Tipe_Jb_26": "", "Lat_26": -8.541304, "Long_26": 115.333496, "Tgl_Ins_26": "46172", "Ket_26": " " }, "geometry": { "type": "Point", "coordinates": [ 115.333496, -8.541304 ] } },
{ "type": "Feature", "properties": { "FID": 16037, "KDRUAS_UPD": "40026", "NOJBT_UPD": "40.026.003.0", "NM_RUAS_UP": "BTS. KOTA GIANYAR - SIDAN", "NM_JBT_UPD": "TK.SANGSANG I", "PROVINSI": "BALI", "No_Prov_26": "40", "ID_Jbt_26": "4000182", "Kd_Ruas_26": "40026", "Suffix_26": " ", "Nm_Ruas_26": "BTS. KOTA GIANYAR - SIDAN", "Lintas_26": "NON LINTAS", "No_Jbt_26": "40.026.003.0", "Nm_Jbt_26": "TK.SANGSANG I", "Status_26": "N", "Fungsi_26": "A", "Lks_Dr_26": "DPS", "Lks_km_26": 3061, "F_STA_26": "924", "Cadin_26": "GIANYAR", "Pjg_Jbt_26": 51.7, "Btg_Pjg_26": 51.04, "Jml_Btg_26": "1", "Lb_Jl_Ms26": 6.0, "Lb_Jl_Kl26": 6.0, "Lb_Lalin26": 6.0, "Lb_Bh_Ki26": 0.35, "Lb_Bh_Ka26": 0.35, "Lb_Dr_Ki26": 0.14, "Lb_Dr_Ka26": 0.15, "Lb_Tr_Ki26": 0.95, "Lb_Tr_Ka26": 0.95, "Lb_TS_Ki26": 0.25, "Lb_TS_Ka26": 0.2, "Lb_Med_26": 0.0, "Lbr_Jbt_26": 9.34, "Bgn_Ats_26": "RBU", "Jns_Jbt_26": "STANDAR", "Thn_Bgn_26": "1978", "BA_26": "2", "LNT_26": "2", "BB_26": "1", "DAS_26": "0", "OP_26": "1", "UT_26": "0", "GR_26": "0", "LB_26": "0", "JBT_26": "2", "Tp_Lnts_26": "SUNGAI", "Dt_Lnts_26": "BERKELOK (MEANDER)", "Pnangnn_26": "RUTIN", "Pmriksn_26": "DETAIL", "Pnglola_26": "BBPJN JAWA TIMUR - BALI", "Satkr_ID26": "693772", "PPK_Name26": "PPK SKPD", "Traffic_26": "14730", "VCR_26": "0.803", "AADT_26": "14730", "Tipe_Jb_26": "", "Lat_26": -8.539166, "Long_26": 115.345619, "Tgl_Ins_26": "46173", "Ket_26": " " }, "geometry": { "type": "Point", "coordinates": [ 115.345619, -8.539166 ] } },
{ "type": "Feature", "properties": { "FID": 16038, "KDRUAS_UPD": "40027", "NOJBT_UPD": "40.027.001.0", "NM_RUAS_UP": "SIDAN - BTS. KOTA KLUNGKUNG", "NM_JBT_UPD": "TK.GELULUNG", "PROVINSI": "BALI", "No_Prov_26": "40", "ID_Jbt_26": "4000183", "Kd_Ruas_26": "40027", "Suffix_26": " ", "Nm_Ruas_26": "SIDAN - BTS. KOTA KLUNGKUNG", "Lintas_26": "NON LINTAS", "No_Jbt_26": "40.027.001.0", "Nm_Jbt_26": "TK.GELULUNG", "Status_26": "N", "Fungsi_26": "A", "Lks_Dr_26": "DPS", "Lks_km_26": 317, "F_STA_26": "784", "Cadin_26": "GIANYAR", "Pjg_Jbt_26": 16.0, "Btg_Pjg_26": 16.0, "Jml_Btg_26": "1", "Lb_Jl_Ms26": 6.25, "Lb_Jl_Kl26": 6.25, "Lb_Lalin26": 6.25, "Lb_Bh_Ki26": 0.4, "Lb_Bh_Ka26": 0.5, "Lb_Dr_Ki26": 0.15, "Lb_Dr_Ka26": 0.15, "Lb_Tr_Ki26": 0.95, "Lb_Tr_Ka26": 0.9, "Lb_TS_Ki26": 0.25, "Lb_TS_Ka26": 0.3, "Lb_Med_26": 0.0, "Lbr_Jbt_26": 9.85, "Bgn_Ats_26": "GBP", "Jns_Jbt_26": "STANDAR", "Thn_Bgn_26": "1977", "BA_26": "2", "LNT_26": "2", "BB_26": "0", "DAS_26": "1", "OP_26": "1", "UT_26": "0", "GR_26": "0", "LB_26": "0", "JBT_26": "2", "Tp_Lnts_26": "SUNGAI", "Dt_Lnts_26": "BERKELOK (MEANDER)", "Pnangnn_26": "RUTIN", "Pmriksn_26": "DETAIL", "Pnglola_26": "BBPJN JAWA TIMUR - BALI", "Satkr_ID26": "693772", "PPK_Name26": "PPK SKPD", "Traffic_26": "15946", "VCR_26": "0.871", "AADT_26": "15946", "Tipe_Jb_26": "", "Lat_26": -8.542898, "Long_26": 115.354324, "Tgl_Ins_26": "46173", "Ket_26": " " }, "geometry": { "type": "Point", "coordinates": [ 115.354324, -8.542898 ] } },
{ "type": "Feature", "properties": { "FID": 16039, "KDRUAS_UPD": "40027", "NOJBT_UPD": "40.027.002.0", "NM_RUAS_UP": "SIDAN - BTS. KOTA KLUNGKUNG", "NM_JBT_UPD": "TK.MELANGIT", "PROVINSI": "BALI", "No_Prov_26": "40", "ID_Jbt_26": "4000184", "Kd_Ruas_26": "40027", "Suffix_26": " ", "Nm_Ruas_26": "SIDAN - BTS. KOTA KLUNGKUNG", "Lintas_26": "NON LINTAS", "No_Jbt_26": "40.027.002.0", "Nm_Jbt_26": "TK.MELANGIT", "Status_26": "N", "Fungsi_26": "A", "Lks_Dr_26": "DPS", "Lks_km_26": 327, "F_STA_26": "1758", "Cadin_26": "GIANYAR", "Pjg_Jbt_26": 66.3, "Btg_Pjg_26": 66.3, "Jml_Btg_26": "1", "Lb_Jl_Ms26": 5.35, "Lb_Jl_Kl26": 5.35, "Lb_Lalin26": 5.35, "Lb_Bh_Ki26": 0.3, "Lb_Bh_Ka26": 0.35, "Lb_Dr_Ki26": 0.12, "Lb_Dr_Ka26": 0.12, "Lb_Tr_Ki26": 0.45, "Lb_Tr_Ka26": 0.5, "Lb_TS_Ki26": 0.2, "Lb_TS_Ka26": 0.2, "Lb_Med_26": 0.0, "Lbr_Jbt_26": 7.59, "Bgn_Ats_26": "LTP", "Jns_Jbt_26": "STANDAR", "Thn_Bgn_26": "1997", "BA_26": "2", "LNT_26": "2", "BB_26": "2", "DAS_26": "1", "OP_26": "2", "UT_26": "0", "GR_26": "0", "LB_26": "0", "JBT_26": "2", "Tp_Lnts_26": "SUNGAI", "Dt_Lnts_26": "BERKELOK (MEANDER)", "Pnangnn_26": "RUTIN", "Pmriksn_26": "DETAIL", "Pnglola_26": "BBPJN JAWA TIMUR - BALI", "Satkr_ID26": "693772", "PPK_Name26": "PPK SKPD", "Traffic_26": "15946", "VCR_26": "0.871", "AADT_26": "15946", "Tipe_Jb_26": "", "Lat_26": -8.543945, "Long_26": 115.362877, "Tgl_Ins_26": "46173", "Ket_26": " " }, "geometry": { "type": "Point", "coordinates": [ 115.362877, -8.543945 ] } },
{ "type": "Feature", "properties": { "FID": 16040, "KDRUAS_UPD": "40027", "NOJBT_UPD": "40.027.003.A", "NM_RUAS_UP": "SIDAN - BTS. KOTA KLUNGKUNG", "NM_JBT_UPD": "TK.BUBUH A", "PROVINSI": "BALI", "No_Prov_26": "40", "ID_Jbt_26": "4000185", "Kd_Ruas_26": "40027", "Suffix_26": " ", "Nm_Ruas_26": "SIDAN - BTS. KOTA KLUNGKUNG", "Lintas_26": "NON LINTAS", "No_Jbt_26": "40.027.003.A", "Nm_Jbt_26": "TK.BUBUH A", "Status_26": "N", "Fungsi_26": "A", "Lks_Dr_26": "DPS", "Lks_km_26": 355, "F_STA_26": "4459", "Cadin_26": "KLUNGKUNG", "Pjg_Jbt_26": 125.3, "Btg_Pjg_26": 32.06, "Jml_Btg_26": "4", "Lb_Jl_Ms26": 3.8, "Lb_Jl_Kl26": 3.8, "Lb_Lalin26": 3.4, "Lb_Bh_Ki26": 0.4, "Lb_Bh_Ka26": 0.0, "Lb_Dr_Ki26": 0.1, "Lb_Dr_Ka26": 0.0, "Lb_Tr_Ki26": 0.85, "Lb_Tr_Ka26": 0.0, "Lb_TS_Ki26": 0.4, "Lb_TS_Ka26": 0.0, "Lb_Med_26": 0.0, "Lbr_Jbt_26": 5.15, "Bgn_Ats_26": "GPP", "Jns_Jbt_26": "STANDAR", "Thn_Bgn_26": "1986", "BA_26": "2", "LNT_26": "2", "BB_26": "2", "DAS_26": "1", "OP_26": "0", "UT_26": "0", "GR_26": "0", "LB_26": "0", "JBT_26": "2", "Tp_Lnts_26": "SUNGAI", "Dt_Lnts_26": "BERKELOK (MEANDER)", "Pnangnn_26": "RUTIN", "Pmriksn_26": "RUTIN", "Pnglola_26": "BBPJN JAWA TIMUR - BALI", "Satkr_ID26": "693772", "PPK_Name26": "PPK SKPD", "Traffic_26": "15946", "VCR_26": "0.871", "AADT_26": "15946", "Tipe_Jb_26": "", "Lat_26": -8.552634, "Long_26": 115.381714, "Tgl_Ins_26": "46186", "Ket_26": " " }, "geometry": { "type": "Point", "coordinates": [ 115.381714, -8.552634 ] } },
{ "type": "Feature", "properties": { "FID": 16041, "KDRUAS_UPD": "40027", "NOJBT_UPD": "40.027.003.B", "NM_RUAS_UP": "SIDAN - BTS. KOTA KLUNGKUNG", "NM_JBT_UPD": "TK.BUBUH B", "PROVINSI": "BALI", "No_Prov_26": "40", "ID_Jbt_26": "4000186", "Kd_Ruas_26": "40027", "Suffix_26": " ", "Nm_Ruas_26": "SIDAN - BTS. KOTA KLUNGKUNG", "Lintas_26": "NON LINTAS", "No_Jbt_26": "40.027.003.B", "Nm_Jbt_26": "TK.BUBUH B", "Status_26": "N", "Fungsi_26": "A", "Lks_Dr_26": "DPS", "Lks_km_26": 355, "F_STA_26": "4586", "Cadin_26": "KLUNGKUNG", "Pjg_Jbt_26": 125.3, "Btg_Pjg_26": 32.06, "Jml_Btg_26": "4", "Lb_Jl_Ms26": 3.8, "Lb_Jl_Kl26": 3.8, "Lb_Lalin26": 3.4, "Lb_Bh_Ki26": 0.0, "Lb_Bh_Ka26": 0.4, "Lb_Dr_Ki26": 0.0, "Lb_Dr_Ka26": 0.1, "Lb_Tr_Ki26": 0.0, "Lb_Tr_Ka26": 0.9, "Lb_TS_Ki26": 0.0, "Lb_TS_Ka26": 0.3, "Lb_Med_26": 0.0, "Lbr_Jbt_26": 5.1, "Bgn_Ats_26": "GPP", "Jns_Jbt_26": "STANDAR", "Thn_Bgn_26": "1984", "BA_26": "2", "LNT_26": "2", "BB_26": "2", "DAS_26": "0", "OP_26": "1", "UT_26": "0", "GR_26": "0", "LB_26": "0", "JBT_26": "2", "Tp_Lnts_26": "SUNGAI", "Dt_Lnts_26": "BERKELOK (MEANDER)", "Pnangnn_26": "RUTIN", "Pmriksn_26": "DETAIL", "Pnglola_26": "BBPJN JAWA TIMUR - BALI", "Satkr_ID26": "693772", "PPK_Name26": "PPK SKPD", "Traffic_26": "15946", "VCR_26": "0.871", "AADT_26": "15946", "Tipe_Jb_26": "", "Lat_26": -8.553008, "Long_26": 115.382812, "Tgl_Ins_26": "46186", "Ket_26": " " }, "geometry": { "type": "Point", "coordinates": [ 115.382812, -8.553008 ] } },
{ "type": "Feature", "properties": { "FID": 16042, "KDRUAS_UPD": "4002711", "NOJBT_UPD": "40.027.007.0.11", "NM_RUAS_UP": "JLN.UNTUNG SUROPATI, FLAMBOYAN (SEMARAPURA)", "NM_JBT_UPD": "TK.JINAH", "PROVINSI": "BALI", "No_Prov_26": "40", "ID_Jbt_26": "4000189", "Kd_Ruas_26": "4002711", "Suffix_26": " ", "Nm_Ruas_26": "JLN.UNTUNG SUROPATI, FLAMBOYAN (SEMARAPURA)", "Lintas_26": "NON LINTAS", "No_Jbt_26": "40.027.007.0.11", "Nm_Jbt_26": "TK.JINAH", "Status_26": "N", "Fungsi_26": "A", "Lks_Dr_26": "DPS", "Lks_km_26": 3795, "F_STA_26": "11", "Cadin_26": "KLUNGKUNG", "Pjg_Jbt_26": 16.3, "Btg_Pjg_26": 16.3, "Jml_Btg_26": "1", "Lb_Jl_Ms26": 6.97, "Lb_Jl_Kl26": 6.97, "Lb_Lalin26": 6.42, "Lb_Bh_Ki26": 0.3, "Lb_Bh_Ka26": 0.25, "Lb_Dr_Ki26": 0.1, "Lb_Dr_Ka26": 0.1, "Lb_Tr_Ki26": 1.05, "Lb_Tr_Ka26": 1.05, "Lb_TS_Ki26": 0.3, "Lb_TS_Ka26": 0.3, "Lb_Med_26": 0.0, "Lbr_Jbt_26": 9.87, "Bgn_Ats_26": "GBP", "Jns_Jbt_26": "STANDAR", "Thn_Bgn_26": "1977", "BA_26": "2", "LNT_26": "2", "BB_26": "2", "DAS_26": "2", "OP_26": "1", "UT_26": "0", "GR_26": "0", "LB_26": "0", "JBT_26": "2", "Tp_Lnts_26": "SUNGAI", "Dt_Lnts_26": "BERKELOK (MEANDER)", "Pnangnn_26": "RUTIN", "Pmriksn_26": "DETAIL", "Pnglola_26": "BBPJN JAWA TIMUR - BALI", "Satkr_ID26": "693772", "PPK_Name26": "PPK SKPD", "Traffic_26": "18234", "VCR_26": "0.224", "AADT_26": "18234", "Tipe_Jb_26": "", "Lat_26": -8.541778, "Long_26": 115.393494, "Tgl_Ins_26": "46186", "Ket_26": " " }, "geometry": { "type": "Point", "coordinates": [ 115.393494, -8.541778 ] } },
{ "type": "Feature", "properties": { "FID": 16043, "KDRUAS_UPD": "40028", "NOJBT_UPD": "40.028.002.0", "NM_RUAS_UP": "BTS. KOTA KLUNGKUNG - KOSAMBA (BTS. KAB. KARANGASEM)", "NM_JBT_UPD": "TK.UNDA", "PROVINSI": "BALI", "No_Prov_26": "40", "ID_Jbt_26": "4000191", "Kd_Ruas_26": "40028", "Suffix_26": " ", "Nm_Ruas_26": "BTS. KOTA KLUNGKUNG - KOSAMBA (BTS. KAB. KARANGASEM)", "Lintas_26": "NON LINTAS", "No_Jbt_26": "40.028.002.0", "Nm_Jbt_26": "TK.UNDA", "Status_26": "N", "Fungsi_26": "A", "Lks_Dr_26": "DPS", "Lks_km_26": 407, "F_STA_26": "56", "Cadin_26": "KLUNGKUNG", "Pjg_Jbt_26": 180.0, "Btg_Pjg_26": 61.7, "Jml_Btg_26": "3", "Lb_Jl_Ms26": 5.98, "Lb_Jl_Kl26": 5.98, "Lb_Lalin26": 5.23, "Lb_Bh_Ki26": 0.4, "Lb_Bh_Ka26": 0.35, "Lb_Dr_Ki26": 0.0, "Lb_Dr_Ka26": 0.0, "Lb_Tr_Ki26": 0.5, "Lb_Tr_Ka26": 0.5, "Lb_TS_Ki26": 0.0, "Lb_TS_Ka26": 0.0, "Lb_Med_26": 0.0, "Lbr_Jbt_26": 6.98, "Bgn_Ats_26": "RBB", "Jns_Jbt_26": "STANDAR", "Thn_Bgn_26": "1986", "BA_26": "2", "LNT_26": "2", "BB_26": "2", "DAS_26": "0", "OP_26": "1", "UT_26": "0", "GR_26": "0", "LB_26": "0", "JBT_26": "2", "Tp_Lnts_26": "SUNGAI", "Dt_Lnts_26": "BERJALIN (BRAIDED)", "Pnangnn_26": "RUTIN", "Pmriksn_26": "DETAIL", "Pnglola_26": "BBPJN JAWA TIMUR - BALI", "Satkr_ID26": "693913", "PPK_Name26": "PPK 2.2", "Traffic_26": "11635", "VCR_26": "0.718", "AADT_26": "11635", "Tipe_Jb_26": "", "Lat_26": -8.534796, "Long_26": 115.4106, "Tgl_Ins_26": "46186", "Ket_26": " " }, "geometry": { "type": "Point", "coordinates": [ 115.4106, -8.534796 ] } },
{ "type": "Feature", "properties": { "FID": 16046, "KDRUAS_UPD": "40029", "NOJBT_UPD": "40.029.001.0", "NM_RUAS_UP": "KOSAMBA - ANGENTELU", "NM_JBT_UPD": "TK.BETEL", "PROVINSI": "BALI", "No_Prov_26": "40", "ID_Jbt_26": "4000198", "Kd_Ruas_26": "40029", "Suffix_26": " ", "Nm_Ruas_26": "KOSAMBA - ANGENTELU", "Lintas_26": "JALAN LINTAS SELATAN", "No_Jbt_26": "40.029.001.0", "Nm_Jbt_26": "TK.BETEL", "Status_26": "N", "Fungsi_26": "A", "Lks_Dr_26": "DPS", "Lks_km_26": 532, "F_STA_26": "5386", "Cadin_26": "KARANGASEM", "Pjg_Jbt_26": 26.6, "Btg_Pjg_26": 26.6, "Jml_Btg_26": "1", "Lb_Jl_Ms26": 6.2, "Lb_Jl_Kl26": 6.2, "Lb_Lalin26": 6.2, "Lb_Bh_Ki26": 0.25, "Lb_Bh_Ka26": 0.4, "Lb_Dr_Ki26": 0.1, "Lb_Dr_Ka26": 0.1, "Lb_Tr_Ki26": 0.95, "Lb_Tr_Ka26": 0.95, "Lb_TS_Ki26": 0.0, "Lb_TS_Ka26": 0.0, "Lb_Med_26": 0.0, "Lbr_Jbt_26": 8.95, "Bgn_Ats_26": "RBB", "Jns_Jbt_26": "STANDAR", "Thn_Bgn_26": "1982", "BA_26": "2", "LNT_26": "2", "BB_26": "1", "DAS_26": "2", "OP_26": "1", "UT_26": "0", "GR_26": "0", "LB_26": "0", "JBT_26": "2", "Tp_Lnts_26": "SUNGAI", "Dt_Lnts_26": "LURUS", "Pnangnn_26": "RUTIN", "Pmriksn_26": "DETAIL", "Pnglola_26": "BBPJN JAWA TIMUR - BALI", "Satkr_ID26": "693913", "PPK_Name26": "PPK 2.2", "Traffic_26": "30109", "VCR_26": "0.299", "AADT_26": "30109", "Tipe_Jb_26": "", "Lat_26": -8.530395, "Long_26": 115.496422, "Tgl_Ins_26": "46179", "Ket_26": " " }, "geometry": { "type": "Point", "coordinates": [ 115.496422, -8.530395 ] } },
{ "type": "Feature", "properties": { "FID": 16047, "KDRUAS_UPD": "4003111", "NOJBT_UPD": "40.031.001.A.11", "NM_RUAS_UP": "JLN. GAJAH MADA - JLN. A. YANI - JLN. S. PARMAN (SERIRIT)", "NM_JBT_UPD": "TK.SABA A", "PROVINSI": "BALI", "No_Prov_26": "40", "ID_Jbt_26": "4000199", "Kd_Ruas_26": "4003111", "Suffix_26": " ", "Nm_Ruas_26": "JLN. GAJAH MADA - JLN. A. YANI - JLN. S. PARMAN (SERIRIT)", "Lintas_26": "JALAN LINTAS UTARA", "No_Jbt_26": "40.031.001.A.11", "Nm_Jbt_26": "TK.SABA A", "Status_26": "N", "Fungsi_26": "K", "Lks_Dr_26": "DPS", "Lks_km_26": 1003, "F_STA_26": "562", "Cadin_26": "BULELENG", "Pjg_Jbt_26": 62.4, "Btg_Pjg_26": 30.93, "Jml_Btg_26": "2", "Lb_Jl_Ms26": 6.17, "Lb_Jl_Kl26": 6.17, "Lb_Lalin26": 6.17, "Lb_Bh_Ki26": 0.55, "Lb_Bh_Ka26": 0.31, "Lb_Dr_Ki26": 0.09, "Lb_Dr_Ka26": 0.1, "Lb_Tr_Ki26": 1.0, "Lb_Tr_Ka26": 1.03, "Lb_TS_Ki26": 0.0, "Lb_TS_Ka26": 0.0, "Lb_Med_26": 0.0, "Lbr_Jbt_26": 9.25, "Bgn_Ats_26": "GTP", "Jns_Jbt_26": "STANDAR", "Thn_Bgn_26": "1980", "BA_26": "2", "LNT_26": "2", "BB_26": "2", "DAS_26": "1", "OP_26": "1", "UT_26": "0", "GR_26": "0", "LB_26": "0", "JBT_26": "2", "Tp_Lnts_26": "SUNGAI", "Dt_Lnts_26": "BERKELOK (MEANDER)", "Pnangnn_26": "BERKALA", "Pmriksn_26": "RUTIN", "Pnglola_26": "BBPJN JAWA TIMUR - BALI", "Satkr_ID26": "693912", "PPK_Name26": "PPK 1.1", "Traffic_26": "4219", "VCR_26": "0.21", "AADT_26": "4219", "Tipe_Jb_26": "", "Lat_26": -8.194625, "Long_26": 114.93187, "Tgl_Ins_26": "46183", "Ket_26": " " }, "geometry": { "type": "Point", "coordinates": [ 114.93187, -8.194625 ] } },
{ "type": "Feature", "properties": { "FID": 16048, "KDRUAS_UPD": "40031", "NOJBT_UPD": "40.031.001.B", "NM_RUAS_UP": "CEKIK - SERIRIT", "NM_JBT_UPD": "TK.SABA B", "PROVINSI": "BALI", "No_Prov_26": "40", "ID_Jbt_26": "4000200", "Kd_Ruas_26": "40031", "Suffix_26": " ", "Nm_Ruas_26": "CEKIK - SERIRIT", "Lintas_26": "JALAN LINTAS UTARA", "No_Jbt_26": "40.031.001.B", "Nm_Jbt_26": "TK.SABA B", "Status_26": "N", "Fungsi_26": "K", "Lks_Dr_26": "DPS", "Lks_km_26": 10043, "F_STA_26": "208", "Cadin_26": "BULELENG", "Pjg_Jbt_26": 61.0, "Btg_Pjg_26": 30.42, "Jml_Btg_26": "2", "Lb_Jl_Ms26": 6.21, "Lb_Jl_Kl26": 6.21, "Lb_Lalin26": 6.21, "Lb_Bh_Ki26": 0.3, "Lb_Bh_Ka26": 0.3, "Lb_Dr_Ki26": 0.1, "Lb_Dr_Ka26": 0.12, "Lb_Tr_Ki26": 1.34, "Lb_Tr_Ka26": 1.33, "Lb_TS_Ki26": 0.0, "Lb_TS_Ka26": 0.0, "Lb_Med_26": 0.0, "Lbr_Jbt_26": 9.7, "Bgn_Ats_26": "MBP", "Jns_Jbt_26": "STANDAR", "Thn_Bgn_26": "1993", "BA_26": "2", "LNT_26": "2", "BB_26": "0", "DAS_26": "0", "OP_26": "0", "UT_26": "0", "GR_26": "0", "LB_26": "0", "JBT_26": "2", "Tp_Lnts_26": "SUNGAI", "Dt_Lnts_26": "BERKELOK (MEANDER)", "Pnangnn_26": "RUTIN", "Pmriksn_26": "DETAIL", "Pnglola_26": "BBPJN JAWA TIMUR - BALI", "Satkr_ID26": "693912", "PPK_Name26": "PPK 1.1", "Traffic_26": "11580", "VCR_26": "0.163", "AADT_26": "11580", "Tipe_Jb_26": "", "Lat_26": -8.1929, "Long_26": 114.932007, "Tgl_Ins_26": "46183", "Ket_26": " " }, "geometry": { "type": "Point", "coordinates": [ 114.932007, -8.1929 ] } },
{ "type": "Feature", "properties": { "FID": 16049, "KDRUAS_UPD": "40031", "NOJBT_UPD": "40.031.010.0", "NM_RUAS_UP": "CEKIK - SERIRIT", "NM_JBT_UPD": "TK.BANYURARAS II", "PROVINSI": "BALI", "No_Prov_26": "40", "ID_Jbt_26": "4000206", "Kd_Ruas_26": "40031", "Suffix_26": " ", "Nm_Ruas_26": "CEKIK - SERIRIT", "Lintas_26": "JALAN LINTAS UTARA", "No_Jbt_26": "40.031.010.0", "Nm_Jbt_26": "TK.BANYURARAS II", "Status_26": "N", "Fungsi_26": "K", "Lks_Dr_26": "DPS", "Lks_km_26": 10533, "F_STA_26": "5166", "Cadin_26": "BULELENG", "Pjg_Jbt_26": 56.8, "Btg_Pjg_26": 56.2, "Jml_Btg_26": "1", "Lb_Jl_Ms26": 5.15, "Lb_Jl_Kl26": 5.15, "Lb_Lalin26": 5.15, "Lb_Bh_Ki26": 0.41, "Lb_Bh_Ka26": 0.395, "Lb_Dr_Ki26": 0.0, "Lb_Dr_Ka26": 0.0, "Lb_Tr_Ki26": 0.52, "Lb_Tr_Ka26": 0.52, "Lb_TS_Ki26": 0.0, "Lb_TS_Ka26": 0.0, "Lb_Med_26": 0.0, "Lbr_Jbt_26": 6.995, "Bgn_Ats_26": "RBA", "Jns_Jbt_26": "STANDAR", "Thn_Bgn_26": "1989", "BA_26": "2", "LNT_26": "2", "BB_26": "2", "DAS_26": "0", "OP_26": "1", "UT_26": "0", "GR_26": "0", "LB_26": "0", "JBT_26": "2", "Tp_Lnts_26": "SUNGAI", "Dt_Lnts_26": "BERKELOK (MEANDER)", "Pnangnn_26": "RUTIN", "Pmriksn_26": "DETAIL", "Pnglola_26": "BBPJN JAWA TIMUR - BALI", "Satkr_ID26": "693912", "PPK_Name26": "PPK 1.1", "Traffic_26": "11580", "VCR_26": "0.163", "AADT_26": "11580", "Tipe_Jb_26": "", "Lat_26": -8.202972, "Long_26": 114.892952, "Tgl_Ins_26": "46183", "Ket_26": " " }, "geometry": { "type": "Point", "coordinates": [ 114.892952, -8.202972 ] } },
{ "type": "Feature", "properties": { "FID": 16050, "KDRUAS_UPD": "40031", "NOJBT_UPD": "40.031.012.0", "NM_RUAS_UP": "CEKIK - SERIRIT", "NM_JBT_UPD": "PK.SUMAGA", "PROVINSI": "BALI", "No_Prov_26": "40", "ID_Jbt_26": "4000208", "Kd_Ruas_26": "40031", "Suffix_26": " ", "Nm_Ruas_26": "CEKIK - SERIRIT", "Lintas_26": "JALAN LINTAS UTARA", "No_Jbt_26": "40.031.012.0", "Nm_Jbt_26": "PK.SUMAGA", "Status_26": "N", "Fungsi_26": "K", "Lks_Dr_26": "DPS", "Lks_km_26": 1084, "F_STA_26": "8100", "Cadin_26": "BULELENG", "Pjg_Jbt_26": 17.8, "Btg_Pjg_26": 17.4, "Jml_Btg_26": "1", "Lb_Jl_Ms26": 6.49, "Lb_Jl_Kl26": 6.49, "Lb_Lalin26": 6.49, "Lb_Bh_Ki26": 0.24, "Lb_Bh_Ka26": 0.26, "Lb_Dr_Ki26": 0.1, "Lb_Dr_Ka26": 0.1, "Lb_Tr_Ki26": 1.03, "Lb_Tr_Ka26": 1.07, "Lb_TS_Ki26": 0.0, "Lb_TS_Ka26": 0.0, "Lb_Med_26": 0.0, "Lbr_Jbt_26": 9.29, "Bgn_Ats_26": "GTP", "Jns_Jbt_26": "STANDAR", "Thn_Bgn_26": "1995", "BA_26": "1", "LNT_26": "1", "BB_26": "1", "DAS_26": "1", "OP_26": "1", "UT_26": "1", "GR_26": "0", "LB_26": "0", "JBT_26": "1", "Tp_Lnts_26": "SUNGAI", "Dt_Lnts_26": "BERKELOK (MEANDER)", "Pnangnn_26": "RUTIN", "Pmriksn_26": "RUTIN", "Pnglola_26": "BBPJN JAWA TIMUR - BALI", "Satkr_ID26": "693912", "PPK_Name26": "PPK 1.1", "Traffic_26": "11580", "VCR_26": "0.163", "AADT_26": "11580", "Tipe_Jb_26": "", "Lat_26": -8.199452, "Long_26": 114.871719, "Tgl_Ins_26": "46183", "Ket_26": " " }, "geometry": { "type": "Point", "coordinates": [ 114.871719, -8.199452 ] } },
{ "type": "Feature", "properties": { "FID": 16051, "KDRUAS_UPD": "40031", "NOJBT_UPD": "40.031.014.0", "NM_RUAS_UP": "CEKIK - SERIRIT", "NM_JBT_UPD": "TK.BROMBONG II", "PROVINSI": "BALI", "No_Prov_26": "40", "ID_Jbt_26": "4000209", "Kd_Ruas_26": "40031", "Suffix_26": " ", "Nm_Ruas_26": "CEKIK - SERIRIT", "Lintas_26": "JALAN LINTAS UTARA", "No_Jbt_26": "40.031.014.0", "Nm_Jbt_26": "TK.BROMBONG II", "Status_26": "N", "Fungsi_26": "K", "Lks_Dr_26": "DPS", "Lks_km_26": 11003, "F_STA_26": "9789", "Cadin_26": "BULELENG", "Pjg_Jbt_26": 13.3, "Btg_Pjg_26": 12.9, "Jml_Btg_26": "1", "Lb_Jl_Ms26": 6.22, "Lb_Jl_Kl26": 6.22, "Lb_Lalin26": 6.22, "Lb_Bh_Ki26": 0.49, "Lb_Bh_Ka26": 0.43, "Lb_Dr_Ki26": 0.12, "Lb_Dr_Ka26": 0.11, "Lb_Tr_Ki26": 1.08, "Lb_Tr_Ka26": 1.05, "Lb_TS_Ki26": 0.0, "Lb_TS_Ka26": 0.0, "Lb_Med_26": 0.0, "Lbr_Jbt_26": 9.5, "Bgn_Ats_26": "GTP", "Jns_Jbt_26": "STANDAR", "Thn_Bgn_26": "1990", "BA_26": "2", "LNT_26": "2", "BB_26": "0", "DAS_26": "0", "OP_26": "1", "UT_26": "0", "GR_26": "0", "LB_26": "0", "JBT_26": "2", "Tp_Lnts_26": "SUNGAI", "Dt_Lnts_26": "TANAH\/SUNGAI KERING", "Pnangnn_26": "RUTIN", "Pmriksn_26": "DETAIL", "Pnglola_26": "BBPJN JAWA TIMUR - BALI", "Satkr_ID26": "693912", "PPK_Name26": "PPK 1.1", "Traffic_26": "11580", "VCR_26": "0.163", "AADT_26": "11580", "Tipe_Jb_26": "", "Lat_26": -8.200827, "Long_26": 114.856435, "Tgl_Ins_26": "46182", "Ket_26": " " }, "geometry": { "type": "Point", "coordinates": [ 114.856435, -8.200827 ] } },
{ "type": "Feature", "properties": { "FID": 16052, "KDRUAS_UPD": "40031", "NOJBT_UPD": "40.031.015.0", "NM_RUAS_UP": "CEKIK - SERIRIT", "NM_JBT_UPD": "TK.TINGA-TINGA", "PROVINSI": "BALI", "No_Prov_26": "40", "ID_Jbt_26": "4000210", "Kd_Ruas_26": "40031", "Suffix_26": " ", "Nm_Ruas_26": "CEKIK - SERIRIT", "Lintas_26": "JALAN LINTAS UTARA", "No_Jbt_26": "40.031.015.0", "Nm_Jbt_26": "TK.TINGA-TINGA", "Status_26": "N", "Fungsi_26": "K", "Lks_Dr_26": "DPS", "Lks_km_26": 1102, "F_STA_26": "9956", "Cadin_26": "BULELENG", "Pjg_Jbt_26": 36.2, "Btg_Pjg_26": 9.22, "Jml_Btg_26": "4", "Lb_Jl_Ms26": 5.95, "Lb_Jl_Kl26": 5.95, "Lb_Lalin26": 5.95, "Lb_Bh_Ki26": 0.41, "Lb_Bh_Ka26": 0.35, "Lb_Dr_Ki26": 0.18, "Lb_Dr_Ka26": 0.12, "Lb_Tr_Ki26": 1.01, "Lb_Tr_Ka26": 0.97, "Lb_TS_Ki26": 0.0, "Lb_TS_Ka26": 0.0, "Lb_Med_26": 0.0, "Lbr_Jbt_26": 8.99, "Bgn_Ats_26": "MBP", "Jns_Jbt_26": "STANDAR", "Thn_Bgn_26": "1984", "BA_26": "2", "LNT_26": "2", "BB_26": "2", "DAS_26": "2", "OP_26": "2", "UT_26": "0", "GR_26": "0", "LB_26": "0", "JBT_26": "2", "Tp_Lnts_26": "SUNGAI", "Dt_Lnts_26": "TANAH\/SUNGAI KERING", "Pnangnn_26": "RUTIN", "Pmriksn_26": "DETAIL", "Pnglola_26": "BBPJN JAWA TIMUR - BALI", "Satkr_ID26": "693912", "PPK_Name26": "PPK 1.1", "Traffic_26": "11580", "VCR_26": "0.163", "AADT_26": "11580", "Tipe_Jb_26": "", "Lat_26": -8.200811, "Long_26": 114.854911, "Tgl_Ins_26": "46182", "Ket_26": " " }, "geometry": { "type": "Point", "coordinates": [ 114.854911, -8.200811 ] } },
{ "type": "Feature", "properties": { "FID": 16053, "KDRUAS_UPD": "40031", "NOJBT_UPD": "40.031.015.1", "NM_RUAS_UP": "CEKIK - SERIRIT", "NM_JBT_UPD": "TK.CELUKAN BAWANG", "PROVINSI": "BALI", "No_Prov_26": "40", "ID_Jbt_26": "4000211", "Kd_Ruas_26": "40031", "Suffix_26": " ", "Nm_Ruas_26": "CEKIK - SERIRIT", "Lintas_26": "JALAN LINTAS UTARA", "No_Jbt_26": "40.031.015.1", "Nm_Jbt_26": "TK.CELUKAN BAWANG", "Status_26": "N", "Fungsi_26": "K", "Lks_Dr_26": "DPS", "Lks_km_26": 11218, "F_STA_26": "12020", "Cadin_26": "BULELENG", "Pjg_Jbt_26": 7.7, "Btg_Pjg_26": 3.8, "Jml_Btg_26": "2", "Lb_Jl_Ms26": 5.98, "Lb_Jl_Kl26": 5.98, "Lb_Lalin26": 5.98, "Lb_Bh_Ki26": 0.22, "Lb_Bh_Ka26": 0.45, "Lb_Dr_Ki26": 0.14, "Lb_Dr_Ka26": 0.14, "Lb_Tr_Ki26": 1.0, "Lb_Tr_Ka26": 1.04, "Lb_TS_Ki26": 0.0, "Lb_TS_Ka26": 0.0, "Lb_Med_26": 0.0, "Lbr_Jbt_26": 8.97, "Bgn_Ats_26": "BTP", "Jns_Jbt_26": "STANDAR", "Thn_Bgn_26": "2011", "BA_26": "1", "LNT_26": "1", "BB_26": "2", "DAS_26": "2", "OP_26": "0", "UT_26": "0", "GR_26": "0", "LB_26": "0", "JBT_26": "2", "Tp_Lnts_26": "SUNGAI", "Dt_Lnts_26": "LURUS", "Pnangnn_26": "BERKALA", "Pmriksn_26": "RUTIN", "Pnglola_26": "BBPJN JAWA TIMUR - BALI", "Satkr_ID26": "693912", "PPK_Name26": "PPK 1.1", "Traffic_26": "11580", "VCR_26": "0.163", "AADT_26": "11580", "Tipe_Jb_26": "", "Lat_26": -8.200399, "Long_26": 114.836197, "Tgl_Ins_26": "46182", "Ket_26": " " }, "geometry": { "type": "Point", "coordinates": [ 114.836197, -8.200399 ] } },
{ "type": "Feature", "properties": { "FID": 16054, "KDRUAS_UPD": "40031", "NOJBT_UPD": "40.031.016.0", "NM_RUAS_UP": "CEKIK - SERIRIT", "NM_JBT_UPD": "TK.YEH BIU", "PROVINSI": "BALI", "No_Prov_26": "40", "ID_Jbt_26": "4000212", "Kd_Ruas_26": "40031", "Suffix_26": " ", "Nm_Ruas_26": "CEKIK - SERIRIT", "Lintas_26": "JALAN LINTAS UTARA", "No_Jbt_26": "40.031.016.0", "Nm_Jbt_26": "TK.YEH BIU", "Status_26": "N", "Fungsi_26": "K", "Lks_Dr_26": "DPS", "Lks_km_26": 11403, "F_STA_26": "13977", "Cadin_26": "BULELENG", "Pjg_Jbt_26": 16.3, "Btg_Pjg_26": 5.27, "Jml_Btg_26": "3", "Lb_Jl_Ms26": 5.91, "Lb_Jl_Kl26": 5.91, "Lb_Lalin26": 5.91, "Lb_Bh_Ki26": 0.43, "Lb_Bh_Ka26": 0.42, "Lb_Dr_Ki26": 0.09, "Lb_Dr_Ka26": 0.09, "Lb_Tr_Ki26": 1.07, "Lb_Tr_Ka26": 1.05, "Lb_TS_Ki26": 0.0, "Lb_TS_Ka26": 0.0, "Lb_Med_26": 0.0, "Lbr_Jbt_26": 9.06, "Bgn_Ats_26": "PTP", "Jns_Jbt_26": "STANDAR", "Thn_Bgn_26": "1980", "BA_26": "1", "LNT_26": "2", "BB_26": "1", "DAS_26": "1", "OP_26": "0", "UT_26": "0", "GR_26": "0", "LB_26": "0", "JBT_26": "2", "Tp_Lnts_26": "SUNGAI", "Dt_Lnts_26": "BERKELOK (MEANDER)", "Pnangnn_26": "BERKALA", "Pmriksn_26": "RUTIN", "Pnglola_26": "BBPJN JAWA TIMUR - BALI", "Satkr_ID26": "693912", "PPK_Name26": "PPK 1.1", "Traffic_26": "11580", "VCR_26": "0.163", "AADT_26": "11580", "Tipe_Jb_26": "", "Lat_26": -8.198475, "Long_26": 114.818672, "Tgl_Ins_26": "46182", "Ket_26": " " }, "geometry": { "type": "Point", "coordinates": [ 114.818672, -8.198475 ] } },
{ "type": "Feature", "properties": { "FID": 16055, "KDRUAS_UPD": "40031", "NOJBT_UPD": "40.031.017.0", "NM_RUAS_UP": "CEKIK - SERIRIT", "NM_JBT_UPD": "TK.PATAS", "PROVINSI": "BALI", "No_Prov_26": "40", "ID_Jbt_26": "4000213", "Kd_Ruas_26": "40031", "Suffix_26": " ", "Nm_Ruas_26": "CEKIK - SERIRIT", "Lintas_26": "JALAN LINTAS UTARA", "No_Jbt_26": "40.031.017.0", "Nm_Jbt_26": "TK.PATAS", "Status_26": "N", "Fungsi_26": "K", "Lks_Dr_26": "DPS", "Lks_km_26": 11699, "F_STA_26": "16861", "Cadin_26": "BULELENG", "Pjg_Jbt_26": 10.3, "Btg_Pjg_26": 10.3, "Jml_Btg_26": "1", "Lb_Jl_Ms26": 6.92, "Lb_Jl_Kl26": 6.92, "Lb_Lalin26": 6.92, "Lb_Bh_Ki26": 0.0, "Lb_Bh_Ka26": 0.0, "Lb_Dr_Ki26": 0.12, "Lb_Dr_Ka26": 0.11, "Lb_Tr_Ki26": 0.99, "Lb_Tr_Ka26": 1.01, "Lb_TS_Ki26": 0.0, "Lb_TS_Ka26": 0.0, "Lb_Med_26": 0.0, "Lbr_Jbt_26": 9.15, "Bgn_Ats_26": "GTP", "Jns_Jbt_26": "STANDAR", "Thn_Bgn_26": "1980", "BA_26": "1", "LNT_26": "1", "BB_26": "1", "DAS_26": "1", "OP_26": "0", "UT_26": "1", "GR_26": "0", "LB_26": "0", "JBT_26": "1", "Tp_Lnts_26": "SUNGAI", "Dt_Lnts_26": "LURUS", "Pnangnn_26": "RUTIN", "Pmriksn_26": "RUTIN", "Pnglola_26": "BBPJN JAWA TIMUR - BALI", "Satkr_ID26": "693912", "PPK_Name26": "PPK 1.1", "Traffic_26": "11580", "VCR_26": "0.163", "AADT_26": "11580", "Tipe_Jb_26": "", "Lat_26": -8.187414, "Long_26": 114.795296, "Tgl_Ins_26": "46182", "Ket_26": " " }, "geometry": { "type": "Point", "coordinates": [ 114.795296, -8.187414 ] } },
{ "type": "Feature", "properties": { "FID": 16056, "KDRUAS_UPD": "40031", "NOJBT_UPD": "40.031.018.0", "NM_RUAS_UP": "CEKIK - SERIRIT", "NM_JBT_UPD": "TK.GROKGAK I", "PROVINSI": "BALI", "No_Prov_26": "40", "ID_Jbt_26": "4000214", "Kd_Ruas_26": "40031", "Suffix_26": " ", "Nm_Ruas_26": "CEKIK - SERIRIT", "Lintas_26": "JALAN LINTAS UTARA", "No_Jbt_26": "40.031.018.0", "Nm_Jbt_26": "TK.GROKGAK I", "Status_26": "N", "Fungsi_26": "K", "Lks_Dr_26": "DPS", "Lks_km_26": 11713, "F_STA_26": "17108", "Cadin_26": "BULELENG", "Pjg_Jbt_26": 49.1, "Btg_Pjg_26": 24.55, "Jml_Btg_26": "2", "Lb_Jl_Ms26": 5.99, "Lb_Jl_Kl26": 5.99, "Lb_Lalin26": 5.99, "Lb_Bh_Ki26": 0.0, "Lb_Bh_Ka26": 0.0, "Lb_Dr_Ki26": 0.0, "Lb_Dr_Ka26": 0.0, "Lb_Tr_Ki26": 0.5, "Lb_Tr_Ka26": 0.5, "Lb_TS_Ki26": 0.0, "Lb_TS_Ka26": 0.0, "Lb_Med_26": 0.0, "Lbr_Jbt_26": 6.99, "Bgn_Ats_26": "GBP", "Jns_Jbt_26": "STANDAR", "Thn_Bgn_26": "1988", "BA_26": "2", "LNT_26": "2", "BB_26": "0", "DAS_26": "0", "OP_26": "2", "UT_26": "0", "GR_26": "0", "LB_26": "0", "JBT_26": "2", "Tp_Lnts_26": "SUNGAI", "Dt_Lnts_26": "BERKELOK (MEANDER)", "Pnangnn_26": "RUTIN", "Pmriksn_26": "DETAIL", "Pnglola_26": "BBPJN JAWA TIMUR - BALI", "Satkr_ID26": "693912", "PPK_Name26": "PPK 1.1", "Traffic_26": "11580", "VCR_26": "0.163", "AADT_26": "11580", "Tipe_Jb_26": "", "Lat_26": -8.186552, "Long_26": 114.793228, "Tgl_Ins_26": "46182", "Ket_26": " " }, "geometry": { "type": "Point", "coordinates": [ 114.793228, -8.186552 ] } },
{ "type": "Feature", "properties": { "FID": 16057, "KDRUAS_UPD": "40031", "NOJBT_UPD": "40.031.021.0", "NM_RUAS_UP": "CEKIK - SERIRIT", "NM_JBT_UPD": "TK.PULE", "PROVINSI": "BALI", "No_Prov_26": "40", "ID_Jbt_26": "4000217", "Kd_Ruas_26": "40031", "Suffix_26": " ", "Nm_Ruas_26": "CEKIK - SERIRIT", "Lintas_26": "JALAN LINTAS UTARA", "No_Jbt_26": "40.031.021.0", "Nm_Jbt_26": "TK.PULE", "Status_26": "N", "Fungsi_26": "K", "Lks_Dr_26": "DPS", "Lks_km_26": 12108, "F_STA_26": "21055", "Cadin_26": "BULELENG", "Pjg_Jbt_26": 7.5, "Btg_Pjg_26": 7.5, "Jml_Btg_26": "1", "Lb_Jl_Ms26": 6.39, "Lb_Jl_Kl26": 6.39, "Lb_Lalin26": 6.39, "Lb_Bh_Ki26": 0.51, "Lb_Bh_Ka26": 0.3, "Lb_Dr_Ki26": 0.0, "Lb_Dr_Ka26": 0.0, "Lb_Tr_Ki26": 1.32, "Lb_Tr_Ka26": 1.31, "Lb_TS_Ki26": 0.0, "Lb_TS_Ka26": 0.0, "Lb_Med_26": 0.0, "Lbr_Jbt_26": 9.83, "Bgn_Ats_26": "GTP", "Jns_Jbt_26": "STANDAR", "Thn_Bgn_26": "1977", "BA_26": "2", "LNT_26": "2", "BB_26": "0", "DAS_26": "1", "OP_26": "2", "UT_26": "0", "GR_26": "0", "LB_26": "0", "JBT_26": "2", "Tp_Lnts_26": "SUNGAI", "Dt_Lnts_26": "TANAH\/SUNGAI KERING", "Pnangnn_26": "RUTIN", "Pmriksn_26": "DETAIL", "Pnglola_26": "BBPJN JAWA TIMUR - BALI", "Satkr_ID26": "693912", "PPK_Name26": "PPK 1.1", "Traffic_26": "11580", "VCR_26": "0.163", "AADT_26": "11580", "Tipe_Jb_26": "", "Lat_26": -8.182257, "Long_26": 114.757973, "Tgl_Ins_26": "46182", "Ket_26": " " }, "geometry": { "type": "Point", "coordinates": [ 114.757973, -8.182257 ] } },
{ "type": "Feature", "properties": { "FID": 16058, "KDRUAS_UPD": "40031", "NOJBT_UPD": "40.031.024.0", "NM_RUAS_UP": "CEKIK - SERIRIT", "NM_JBT_UPD": "TK.PENYAMBANGAN I", "PROVINSI": "BALI", "No_Prov_26": "40", "ID_Jbt_26": "4000220", "Kd_Ruas_26": "40031", "Suffix_26": " ", "Nm_Ruas_26": "CEKIK - SERIRIT", "Lintas_26": "JALAN LINTAS UTARA", "No_Jbt_26": "40.031.024.0", "Nm_Jbt_26": "TK.PENYAMBANGAN I", "Status_26": "N", "Fungsi_26": "K", "Lks_Dr_26": "DPS", "Lks_km_26": 12419, "F_STA_26": "24272", "Cadin_26": "BULELENG", "Pjg_Jbt_26": 6.7, "Btg_Pjg_26": 5.77, "Jml_Btg_26": "1", "Lb_Jl_Ms26": 5.79, "Lb_Jl_Kl26": 5.79, "Lb_Lalin26": 5.79, "Lb_Bh_Ki26": 0.81, "Lb_Bh_Ka26": 0.58, "Lb_Dr_Ki26": 0.16, "Lb_Dr_Ka26": 0.15, "Lb_Tr_Ki26": 1.04, "Lb_Tr_Ka26": 1.06, "Lb_TS_Ki26": 0.0, "Lb_TS_Ka26": 0.0, "Lb_Med_26": 0.0, "Lbr_Jbt_26": 9.59, "Bgn_Ats_26": "GTP", "Jns_Jbt_26": "STANDAR", "Thn_Bgn_26": "1980", "BA_26": "2", "LNT_26": "2", "BB_26": "0", "DAS_26": "0", "OP_26": "0", "UT_26": "0", "GR_26": "0", "LB_26": "0", "JBT_26": "2", "Tp_Lnts_26": "SUNGAI", "Dt_Lnts_26": "TANAH\/SUNGAI KERING", "Pnangnn_26": "RUTIN", "Pmriksn_26": "DETAIL", "Pnglola_26": "BBPJN JAWA TIMUR - BALI", "Satkr_ID26": "693912", "PPK_Name26": "PPK 1.1", "Traffic_26": "11580", "VCR_26": "0.163", "AADT_26": "11580", "Tipe_Jb_26": "", "Lat_26": -8.168834, "Long_26": 114.737213, "Tgl_Ins_26": "46182", "Ket_26": " " }, "geometry": { "type": "Point", "coordinates": [ 114.737213, -8.168834 ] } },
{ "type": "Feature", "properties": { "FID": 16059, "KDRUAS_UPD": "40031", "NOJBT_UPD": "40.031.025.0", "NM_RUAS_UP": "CEKIK - SERIRIT", "NM_JBT_UPD": "TK.PENYAMBANGAN II", "PROVINSI": "BALI", "No_Prov_26": "40", "ID_Jbt_26": "4000221", "Kd_Ruas_26": "40031", "Suffix_26": " ", "Nm_Ruas_26": "CEKIK - SERIRIT", "Lintas_26": "JALAN LINTAS UTARA", "No_Jbt_26": "40.031.025.0", "Nm_Jbt_26": "TK.PENYAMBANGAN II", "Status_26": "N", "Fungsi_26": "K", "Lks_Dr_26": "DPS", "Lks_km_26": 1243, "F_STA_26": "24223", "Cadin_26": "BULELENG", "Pjg_Jbt_26": 6.0, "Btg_Pjg_26": 6.0, "Jml_Btg_26": "1", "Lb_Jl_Ms26": 5.76, "Lb_Jl_Kl26": 5.76, "Lb_Lalin26": 5.76, "Lb_Bh_Ki26": 0.4, "Lb_Bh_Ka26": 0.75, "Lb_Dr_Ki26": 0.2, "Lb_Dr_Ka26": 0.2, "Lb_Tr_Ki26": 0.97, "Lb_Tr_Ka26": 0.99, "Lb_TS_Ki26": 0.0, "Lb_TS_Ka26": 0.0, "Lb_Med_26": 0.0, "Lbr_Jbt_26": 9.27, "Bgn_Ats_26": "GTP", "Jns_Jbt_26": "STANDAR", "Thn_Bgn_26": "1978", "BA_26": "2", "LNT_26": "2", "BB_26": "2", "DAS_26": "1", "OP_26": "0", "UT_26": "0", "GR_26": "0", "LB_26": "0", "JBT_26": "2", "Tp_Lnts_26": "SUNGAI", "Dt_Lnts_26": "TANAH\/SUNGAI KERING", "Pnangnn_26": "RUTIN", "Pmriksn_26": "DETAIL", "Pnglola_26": "BBPJN JAWA TIMUR - BALI", "Satkr_ID26": "693912", "PPK_Name26": "PPK 1.1", "Traffic_26": "11580", "VCR_26": "0.163", "AADT_26": "11580", "Tipe_Jb_26": "", "Lat_26": -8.169047, "Long_26": 114.73761, "Tgl_Ins_26": "46182", "Ket_26": " " }, "geometry": { "type": "Point", "coordinates": [ 114.73761, -8.169047 ] } },
{ "type": "Feature", "properties": { "FID": 16060, "KDRUAS_UPD": "40031", "NOJBT_UPD": "40.031.028.0", "NM_RUAS_UP": "CEKIK - SERIRIT", "NM_JBT_UPD": "TK.BANYU POH I", "PROVINSI": "BALI", "No_Prov_26": "40", "ID_Jbt_26": "4000222", "Kd_Ruas_26": "40031", "Suffix_26": " ", "Nm_Ruas_26": "CEKIK - SERIRIT", "Lintas_26": "JALAN LINTAS UTARA", "No_Jbt_26": "40.031.028.0", "Nm_Jbt_26": "TK.BANYU POH I", "Status_26": "N", "Fungsi_26": "K", "Lks_Dr_26": "DPS", "Lks_km_26": 12981, "F_STA_26": "29823", "Cadin_26": "BULELENG", "Pjg_Jbt_26": 10.5, "Btg_Pjg_26": 10.41, "Jml_Btg_26": "1", "Lb_Jl_Ms26": 6.21, "Lb_Jl_Kl26": 6.21, "Lb_Lalin26": 6.21, "Lb_Bh_Ki26": 0.33, "Lb_Bh_Ka26": 0.43, "Lb_Dr_Ki26": 0.1, "Lb_Dr_Ka26": 0.08, "Lb_Tr_Ki26": 1.07, "Lb_Tr_Ka26": 1.07, "Lb_TS_Ki26": 0.0, "Lb_TS_Ka26": 0.0, "Lb_Med_26": 0.0, "Lbr_Jbt_26": 9.29, "Bgn_Ats_26": "GTP", "Jns_Jbt_26": "STANDAR", "Thn_Bgn_26": "1977", "BA_26": "2", "LNT_26": "0", "BB_26": "0", "DAS_26": "1", "OP_26": "0", "UT_26": "0", "GR_26": "0", "LB_26": "0", "JBT_26": "2", "Tp_Lnts_26": "SUNGAI", "Dt_Lnts_26": "BERKELOK (MEANDER)", "Pnangnn_26": "RUTIN", "Pmriksn_26": "DETAIL", "Pnglola_26": "BBPJN JAWA TIMUR - BALI", "Satkr_ID26": "693912", "PPK_Name26": "PPK 1.1", "Traffic_26": "11580", "VCR_26": "0.163", "AADT_26": "11580", "Tipe_Jb_26": "", "Lat_26": -8.149462, "Long_26": 114.694359, "Tgl_Ins_26": "46182", "Ket_26": " " }, "geometry": { "type": "Point", "coordinates": [ 114.694359, -8.149462 ] } },
{ "type": "Feature", "properties": { "FID": 16061, "KDRUAS_UPD": "40031", "NOJBT_UPD": "40.031.031.0", "NM_RUAS_UP": "CEKIK - SERIRIT", "NM_JBT_UPD": "TK.PENGUMBAHAN", "PROVINSI": "BALI", "No_Prov_26": "40", "ID_Jbt_26": "4000225", "Kd_Ruas_26": "40031", "Suffix_26": " ", "Nm_Ruas_26": "CEKIK - SERIRIT", "Lintas_26": "JALAN LINTAS UTARA", "No_Jbt_26": "40.031.031.0", "Nm_Jbt_26": "TK.PENGUMBAHAN", "Status_26": "N", "Fungsi_26": "K", "Lks_Dr_26": "DPS", "Lks_km_26": 13783, "F_STA_26": "38024", "Cadin_26": "BULELENG", "Pjg_Jbt_26": 30.8, "Btg_Pjg_26": 30.28, "Jml_Btg_26": "1", "Lb_Jl_Ms26": 6.13, "Lb_Jl_Kl26": 6.13, "Lb_Lalin26": 6.13, "Lb_Bh_Ki26": 0.45, "Lb_Bh_Ka26": 0.42, "Lb_Dr_Ki26": 0.0, "Lb_Dr_Ka26": 0.0, "Lb_Tr_Ki26": 1.03, "Lb_Tr_Ka26": 1.05, "Lb_TS_Ki26": 0.0, "Lb_TS_Ka26": 0.0, "Lb_Med_26": 0.0, "Lbr_Jbt_26": 9.08, "Bgn_Ats_26": "GPP", "Jns_Jbt_26": "STANDAR", "Thn_Bgn_26": "2012", "BA_26": "0", "LNT_26": "0", "BB_26": "0", "DAS_26": "2", "OP_26": "2", "UT_26": "0", "GR_26": "0", "LB_26": "0", "JBT_26": "2", "Tp_Lnts_26": "SUNGAI", "Dt_Lnts_26": "LURUS", "Pnangnn_26": "RUTIN", "Pmriksn_26": "DETAIL", "Pnglola_26": "BBPJN JAWA TIMUR - BALI", "Satkr_ID26": "693912", "PPK_Name26": "PPK 1.1", "Traffic_26": "11580", "VCR_26": "0.163", "AADT_26": "11580", "Tipe_Jb_26": "", "Lat_26": -8.146938, "Long_26": 114.623352, "Tgl_Ins_26": "46182", "Ket_26": " " }, "geometry": { "type": "Point", "coordinates": [ 114.623352, -8.146938 ] } },
{ "type": "Feature", "properties": { "FID": 16062, "KDRUAS_UPD": "40031", "NOJBT_UPD": "40.031.033.0", "NM_RUAS_UP": "CEKIK - SERIRIT", "NM_JBT_UPD": "TK.PEJARAKAN II", "PROVINSI": "BALI", "No_Prov_26": "40", "ID_Jbt_26": "4000227", "Kd_Ruas_26": "40031", "Suffix_26": " ", "Nm_Ruas_26": "CEKIK - SERIRIT", "Lintas_26": "JALAN LINTAS UTARA", "No_Jbt_26": "40.031.033.0", "Nm_Jbt_26": "TK.PEJARAKAN II", "Status_26": "N", "Fungsi_26": "K", "Lks_Dr_26": "DPS", "Lks_km_26": 14445, "F_STA_26": "44620", "Cadin_26": "BULELENG", "Pjg_Jbt_26": 7.6, "Btg_Pjg_26": 7.37, "Jml_Btg_26": "1", "Lb_Jl_Ms26": 6.5, "Lb_Jl_Kl26": 6.5, "Lb_Lalin26": 6.5, "Lb_Bh_Ki26": 0.91, "Lb_Bh_Ka26": 0.85, "Lb_Dr_Ki26": 0.0, "Lb_Dr_Ka26": 0.0, "Lb_Tr_Ki26": 0.0, "Lb_Tr_Ka26": 0.0, "Lb_TS_Ki26": 0.0, "Lb_TS_Ka26": 0.0, "Lb_Med_26": 0.0, "Lbr_Jbt_26": 8.26, "Bgn_Ats_26": "PTP", "Jns_Jbt_26": "STANDAR", "Thn_Bgn_26": "1972", "BA_26": "1", "LNT_26": "1", "BB_26": "2", "DAS_26": "1", "OP_26": "1", "UT_26": "0", "GR_26": "0", "LB_26": "0", "JBT_26": "2", "Tp_Lnts_26": "SUNGAI", "Dt_Lnts_26": "TANAH\/SUNGAI KERING", "Pnangnn_26": "BERKALA", "Pmriksn_26": "RUTIN", "Pnglola_26": "BBPJN JAWA TIMUR - BALI", "Satkr_ID26": "693912", "PPK_Name26": "PPK 1.1", "Traffic_26": "11580", "VCR_26": "0.163", "AADT_26": "11580", "Tipe_Jb_26": "", "Lat_26": -8.150762, "Long_26": 114.576408, "Tgl_Ins_26": "46181", "Ket_26": " " }, "geometry": { "type": "Point", "coordinates": [ 114.576408, -8.150762 ] } },
{ "type": "Feature", "properties": { "FID": 16063, "KDRUAS_UPD": "40031", "NOJBT_UPD": "40.031.035.0", "NM_RUAS_UP": "CEKIK - SERIRIT", "NM_JBT_UPD": "TK.TEGAL MUARA", "PROVINSI": "BALI", "No_Prov_26": "40", "ID_Jbt_26": "4000229", "Kd_Ruas_26": "40031", "Suffix_26": " ", "Nm_Ruas_26": "CEKIK - SERIRIT", "Lintas_26": "JALAN LINTAS UTARA", "No_Jbt_26": "40.031.035.0", "Nm_Jbt_26": "TK.TEGAL MUARA", "Status_26": "N", "Fungsi_26": "A", "Lks_Dr_26": "DPS", "Lks_km_26": 14699, "F_STA_26": "47209", "Cadin_26": "BULELENG", "Pjg_Jbt_26": 7.0, "Btg_Pjg_26": 6.8, "Jml_Btg_26": "1", "Lb_Jl_Ms26": 6.85, "Lb_Jl_Kl26": 6.85, "Lb_Lalin26": 6.85, "Lb_Bh_Ki26": 0.65, "Lb_Bh_Ka26": 0.44, "Lb_Dr_Ki26": 0.0, "Lb_Dr_Ka26": 0.0, "Lb_Tr_Ki26": 0.0, "Lb_Tr_Ka26": 0.0, "Lb_TS_Ki26": 0.0, "Lb_TS_Ka26": 0.0, "Lb_Med_26": 0.0, "Lbr_Jbt_26": 7.94, "Bgn_Ats_26": "PTP", "Jns_Jbt_26": "STANDAR", "Thn_Bgn_26": "2022", "BA_26": "2", "LNT_26": "1", "BB_26": "2", "DAS_26": "1", "OP_26": "0", "UT_26": "0", "GR_26": "0", "LB_26": "0", "JBT_26": "2", "Tp_Lnts_26": "SUNGAI", "Dt_Lnts_26": "TANAH\/SUNGAI KERING", "Pnangnn_26": "RUTIN", "Pmriksn_26": "RUTIN", "Pnglola_26": "BBPJN JAWA TIMUR - BALI", "Satkr_ID26": "693912", "PPK_Name26": "PPK 1.1", "Traffic_26": "11580", "VCR_26": "0.163", "AADT_26": "11580", "Tipe_Jb_26": "", "Lat_26": -8.15581, "Long_26": 114.5624, "Tgl_Ins_26": "46181", "Ket_26": " " }, "geometry": { "type": "Point", "coordinates": [ 114.5624, -8.15581 ] } },
{ "type": "Feature", "properties": { "FID": 16064, "KDRUAS_UPD": "40031", "NOJBT_UPD": "40.031.036.0", "NM_RUAS_UP": "CEKIK - SERIRIT", "NM_JBT_UPD": "PK.LABUHAN LALANG", "PROVINSI": "BALI", "No_Prov_26": "40", "ID_Jbt_26": "4000230", "Kd_Ruas_26": "40031", "Suffix_26": " ", "Nm_Ruas_26": "CEKIK - SERIRIT", "Lintas_26": "JALAN LINTAS UTARA", "No_Jbt_26": "40.031.036.0", "Nm_Jbt_26": "PK.LABUHAN LALANG", "Status_26": "N", "Fungsi_26": "K", "Lks_Dr_26": "DPS", "Lks_km_26": 15011, "F_STA_26": "50291", "Cadin_26": "BULELENG", "Pjg_Jbt_26": 7.7, "Btg_Pjg_26": 7.55, "Jml_Btg_26": "1", "Lb_Jl_Ms26": 6.21, "Lb_Jl_Kl26": 6.21, "Lb_Lalin26": 6.21, "Lb_Bh_Ki26": 0.7, "Lb_Bh_Ka26": 1.25, "Lb_Dr_Ki26": 0.0, "Lb_Dr_Ka26": 0.0, "Lb_Tr_Ki26": 0.0, "Lb_Tr_Ka26": 0.0, "Lb_TS_Ki26": 0.0, "Lb_TS_Ka26": 0.0, "Lb_Med_26": 0.0, "Lbr_Jbt_26": 8.16, "Bgn_Ats_26": "PTP", "Jns_Jbt_26": "STANDAR", "Thn_Bgn_26": "1972", "BA_26": "2", "LNT_26": "2", "BB_26": "1", "DAS_26": "2", "OP_26": "1", "UT_26": "1", "GR_26": "0", "LB_26": "0", "JBT_26": "2", "Tp_Lnts_26": "SUNGAI", "Dt_Lnts_26": "LURUS", "Pnangnn_26": "RUTIN", "Pmriksn_26": "RUTIN", "Pnglola_26": "BBPJN JAWA TIMUR - BALI", "Satkr_ID26": "693912", "PPK_Name26": "PPK 1.1", "Traffic_26": "11580", "VCR_26": "0.163", "AADT_26": "11580", "Tipe_Jb_26": "", "Lat_26": -8.143766, "Long_26": 114.54262, "Tgl_Ins_26": "46181", "Ket_26": " " }, "geometry": { "type": "Point", "coordinates": [ 114.54262, -8.143766 ] } },
{ "type": "Feature", "properties": { "FID": 16065, "KDRUAS_UPD": "40031", "NOJBT_UPD": "40.031.037.0", "NM_RUAS_UP": "CEKIK - SERIRIT", "NM_JBT_UPD": "PK.TELUK TERIMA", "PROVINSI": "BALI", "No_Prov_26": "40", "ID_Jbt_26": "4000231", "Kd_Ruas_26": "40031", "Suffix_26": " ", "Nm_Ruas_26": "CEKIK - SERIRIT", "Lintas_26": "JALAN LINTAS UTARA", "No_Jbt_26": "40.031.037.0", "Nm_Jbt_26": "PK.TELUK TERIMA", "Status_26": "N", "Fungsi_26": "K", "Lks_Dr_26": "DPS", "Lks_km_26": 15231, "F_STA_26": "52666", "Cadin_26": "BULELENG", "Pjg_Jbt_26": 23.0, "Btg_Pjg_26": 22.9, "Jml_Btg_26": "1", "Lb_Jl_Ms26": 6.27, "Lb_Jl_Kl26": 6.27, "Lb_Lalin26": 6.27, "Lb_Bh_Ki26": 0.39, "Lb_Bh_Ka26": 0.35, "Lb_Dr_Ki26": 0.15, "Lb_Dr_Ka26": 0.09, "Lb_Tr_Ki26": 1.13, "Lb_Tr_Ka26": 1.06, "Lb_TS_Ki26": 0.0, "Lb_TS_Ka26": 0.0, "Lb_Med_26": 0.0, "Lbr_Jbt_26": 9.44, "Bgn_Ats_26": "GTP", "Jns_Jbt_26": "STANDAR", "Thn_Bgn_26": "1995", "BA_26": "2", "LNT_26": "0", "BB_26": "1", "DAS_26": "2", "OP_26": "0", "UT_26": "0", "GR_26": "0", "LB_26": "0", "JBT_26": "2", "Tp_Lnts_26": "SUNGAI", "Dt_Lnts_26": "BERKELOK (MEANDER)", "Pnangnn_26": "RUTIN", "Pmriksn_26": "DETAIL", "Pnglola_26": "BBPJN JAWA TIMUR - BALI", "Satkr_ID26": "693912", "PPK_Name26": "PPK 1.1", "Traffic_26": "11580", "VCR_26": "0.163", "AADT_26": "11580", "Tipe_Jb_26": "", "Lat_26": -8.155478, "Long_26": 114.525915, "Tgl_Ins_26": "46181", "Ket_26": " " }, "geometry": { "type": "Point", "coordinates": [ 114.525915, -8.155478 ] } },
{ "type": "Feature", "properties": { "FID": 16066, "KDRUAS_UPD": "40031", "NOJBT_UPD": "40.031.038.0", "NM_RUAS_UP": "CEKIK - SERIRIT", "NM_JBT_UPD": "TK.TELUK TERIMA I", "PROVINSI": "BALI", "No_Prov_26": "40", "ID_Jbt_26": "4000232", "Kd_Ruas_26": "40031", "Suffix_26": " ", "Nm_Ruas_26": "CEKIK - SERIRIT", "Lintas_26": "JALAN LINTAS UTARA", "No_Jbt_26": "40.031.038.0", "Nm_Jbt_26": "TK.TELUK TERIMA I", "Status_26": "N", "Fungsi_26": "K", "Lks_Dr_26": "DPS", "Lks_km_26": 15277, "F_STA_26": "53100", "Cadin_26": "BULELENG", "Pjg_Jbt_26": 6.0, "Btg_Pjg_26": 6.0, "Jml_Btg_26": "1", "Lb_Jl_Ms26": 6.14, "Lb_Jl_Kl26": 6.14, "Lb_Lalin26": 6.14, "Lb_Bh_Ki26": 1.13, "Lb_Bh_Ka26": 0.82, "Lb_Dr_Ki26": 0.0, "Lb_Dr_Ka26": 0.0, "Lb_Tr_Ki26": 0.0, "Lb_Tr_Ka26": 0.0, "Lb_TS_Ki26": 0.0, "Lb_TS_Ka26": 0.0, "Lb_Med_26": 0.0, "Lbr_Jbt_26": 8.09, "Bgn_Ats_26": "PTP", "Jns_Jbt_26": "STANDAR", "Thn_Bgn_26": "1972", "BA_26": "2", "LNT_26": "0", "BB_26": "1", "DAS_26": "2", "OP_26": "2", "UT_26": "0", "GR_26": "0", "LB_26": "0", "JBT_26": "2", "Tp_Lnts_26": "SUNGAI", "Dt_Lnts_26": "TANAH\/SUNGAI KERING", "Pnangnn_26": "RUTIN", "Pmriksn_26": "DETAIL", "Pnglola_26": "BBPJN JAWA TIMUR - BALI", "Satkr_ID26": "693912", "PPK_Name26": "PPK 1.1", "Traffic_26": "11580", "VCR_26": "0.163", "AADT_26": "11580", "Tipe_Jb_26": "", "Lat_26": -8.15761, "Long_26": 114.522675, "Tgl_Ins_26": "46181", "Ket_26": " " }, "geometry": { "type": "Point", "coordinates": [ 114.522675, -8.15761 ] } },
{ "type": "Feature", "properties": { "FID": 16067, "KDRUAS_UPD": "40031", "NOJBT_UPD": "40.031.039.0", "NM_RUAS_UP": "CEKIK - SERIRIT", "NM_JBT_UPD": "TK.TELUK TERIMA II", "PROVINSI": "BALI", "No_Prov_26": "40", "ID_Jbt_26": "4000233", "Kd_Ruas_26": "40031", "Suffix_26": " ", "Nm_Ruas_26": "CEKIK - SERIRIT", "Lintas_26": "JALAN LINTAS UTARA", "No_Jbt_26": "40.031.039.0", "Nm_Jbt_26": "TK.TELUK TERIMA II", "Status_26": "N", "Fungsi_26": "K", "Lks_Dr_26": "DPS", "Lks_km_26": 15347, "F_STA_26": "53832", "Cadin_26": "BULELENG", "Pjg_Jbt_26": 7.0, "Btg_Pjg_26": 7.0, "Jml_Btg_26": "1", "Lb_Jl_Ms26": 6.21, "Lb_Jl_Kl26": 6.21, "Lb_Lalin26": 6.21, "Lb_Bh_Ki26": 1.54, "Lb_Bh_Ka26": 1.56, "Lb_Dr_Ki26": 0.0, "Lb_Dr_Ka26": 0.0, "Lb_Tr_Ki26": 0.0, "Lb_Tr_Ka26": 0.0, "Lb_TS_Ki26": 0.0, "Lb_TS_Ka26": 0.0, "Lb_Med_26": 0.0, "Lbr_Jbt_26": 9.31, "Bgn_Ats_26": "PTP", "Jns_Jbt_26": "STANDAR", "Thn_Bgn_26": "1972", "BA_26": "2", "LNT_26": "2", "BB_26": "2", "DAS_26": "1", "OP_26": "1", "UT_26": "0", "GR_26": "0", "LB_26": "0", "JBT_26": "2", "Tp_Lnts_26": "SUNGAI", "Dt_Lnts_26": "TANAH\/SUNGAI KERING", "Pnangnn_26": "BERKALA", "Pmriksn_26": "RUTIN", "Pnglola_26": "BBPJN JAWA TIMUR - BALI", "Satkr_ID26": "693912", "PPK_Name26": "PPK 1.1", "Traffic_26": "11580", "VCR_26": "0.163", "AADT_26": "11580", "Tipe_Jb_26": "", "Lat_26": -8.160614, "Long_26": 114.516805, "Tgl_Ins_26": "46181", "Ket_26": " " }, "geometry": { "type": "Point", "coordinates": [ 114.516805, -8.160614 ] } },
{ "type": "Feature", "properties": { "FID": 16068, "KDRUAS_UPD": "40031", "NOJBT_UPD": "40.031.040.0", "NM_RUAS_UP": "CEKIK - SERIRIT", "NM_JBT_UPD": "TK.SUMBER BATOK I", "PROVINSI": "BALI", "No_Prov_26": "40", "ID_Jbt_26": "4000234", "Kd_Ruas_26": "40031", "Suffix_26": " ", "Nm_Ruas_26": "CEKIK - SERIRIT", "Lintas_26": "JALAN LINTAS UTARA", "No_Jbt_26": "40.031.040.0", "Nm_Jbt_26": "TK.SUMBER BATOK I", "Status_26": "N", "Fungsi_26": "K", "Lks_Dr_26": "DPS", "Lks_km_26": 15418, "F_STA_26": "54446", "Cadin_26": "BULELENG", "Pjg_Jbt_26": 7.0, "Btg_Pjg_26": 5.84, "Jml_Btg_26": "1", "Lb_Jl_Ms26": 6.26, "Lb_Jl_Kl26": 6.26, "Lb_Lalin26": 6.26, "Lb_Bh_Ki26": 1.32, "Lb_Bh_Ka26": 1.5, "Lb_Dr_Ki26": 0.0, "Lb_Dr_Ka26": 0.0, "Lb_Tr_Ki26": 0.0, "Lb_Tr_Ka26": 0.0, "Lb_TS_Ki26": 0.0, "Lb_TS_Ka26": 0.0, "Lb_Med_26": 0.0, "Lbr_Jbt_26": 9.08, "Bgn_Ats_26": "PTP", "Jns_Jbt_26": "STANDAR", "Thn_Bgn_26": "1972", "BA_26": "1", "LNT_26": "1", "BB_26": "0", "DAS_26": "0", "OP_26": "1", "UT_26": "0", "GR_26": "0", "LB_26": "0", "JBT_26": "1", "Tp_Lnts_26": "SUNGAI", "Dt_Lnts_26": "TANAH\/SUNGAI KERING", "Pnangnn_26": "RUTIN", "Pmriksn_26": "DETAIL", "Pnglola_26": "BBPJN JAWA TIMUR - BALI", "Satkr_ID26": "693912", "PPK_Name26": "PPK 1.1", "Traffic_26": "11580", "VCR_26": "0.163", "AADT_26": "11580", "Tipe_Jb_26": "", "Lat_26": -8.163091, "Long_26": 114.511831, "Tgl_Ins_26": "46181", "Ket_26": " " }, "geometry": { "type": "Point", "coordinates": [ 114.511831, -8.163091 ] } },
{ "type": "Feature", "properties": { "FID": 16069, "KDRUAS_UPD": "40031", "NOJBT_UPD": "40.031.041.0", "NM_RUAS_UP": "CEKIK - SERIRIT", "NM_JBT_UPD": "TK.SUMBER BATOK II", "PROVINSI": "BALI", "No_Prov_26": "40", "ID_Jbt_26": "4000235", "Kd_Ruas_26": "40031", "Suffix_26": " ", "Nm_Ruas_26": "CEKIK - SERIRIT", "Lintas_26": "JALAN LINTAS UTARA", "No_Jbt_26": "40.031.041.0", "Nm_Jbt_26": "TK.SUMBER BATOK II", "Status_26": "N", "Fungsi_26": "K", "Lks_Dr_26": "DPS", "Lks_km_26": 15478, "F_STA_26": "55038", "Cadin_26": "BULELENG", "Pjg_Jbt_26": 11.3, "Btg_Pjg_26": 4.0, "Jml_Btg_26": "2", "Lb_Jl_Ms26": 7.95, "Lb_Jl_Kl26": 7.95, "Lb_Lalin26": 7.95, "Lb_Bh_Ki26": 0.36, "Lb_Bh_Ka26": 0.43, "Lb_Dr_Ki26": 0.15, "Lb_Dr_Ka26": 0.1, "Lb_Tr_Ki26": 1.02, "Lb_Tr_Ka26": 1.01, "Lb_TS_Ki26": 0.0, "Lb_TS_Ka26": 0.0, "Lb_Med_26": 0.0, "Lbr_Jbt_26": 11.02, "Bgn_Ats_26": "BTP", "Jns_Jbt_26": "STANDAR", "Thn_Bgn_26": "2011", "BA_26": "0", "LNT_26": "0", "BB_26": "0", "DAS_26": "2", "OP_26": "0", "UT_26": "0", "GR_26": "2", "LB_26": "0", "JBT_26": "2", "Tp_Lnts_26": "SUNGAI", "Dt_Lnts_26": "TANAH\/SUNGAI KERING", "Pnangnn_26": "RUTIN", "Pmriksn_26": "DETAIL", "Pnglola_26": "BBPJN JAWA TIMUR - BALI", "Satkr_ID26": "693912", "PPK_Name26": "PPK 1.1", "Traffic_26": "11580", "VCR_26": "0.163", "AADT_26": "11580", "Tipe_Jb_26": "", "Lat_26": -8.166173, "Long_26": 114.507454, "Tgl_Ins_26": "46181", "Ket_26": " " }, "geometry": { "type": "Point", "coordinates": [ 114.507454, -8.166173 ] } },
{ "type": "Feature", "properties": { "FID": 16070, "KDRUAS_UPD": "40031", "NOJBT_UPD": "40.031.042.0", "NM_RUAS_UP": "CEKIK - SERIRIT", "NM_JBT_UPD": "TK.SUMBER BATOK III", "PROVINSI": "BALI", "No_Prov_26": "40", "ID_Jbt_26": "4000236", "Kd_Ruas_26": "40031", "Suffix_26": " ", "Nm_Ruas_26": "CEKIK - SERIRIT", "Lintas_26": "JALAN LINTAS UTARA", "No_Jbt_26": "40.031.042.0", "Nm_Jbt_26": "TK.SUMBER BATOK III", "Status_26": "N", "Fungsi_26": "K", "Lks_Dr_26": "DPS", "Lks_km_26": 15515, "F_STA_26": "55450", "Cadin_26": "BULELENG", "Pjg_Jbt_26": 7.2, "Btg_Pjg_26": 7.0, "Jml_Btg_26": "1", "Lb_Jl_Ms26": 6.9, "Lb_Jl_Kl26": 6.9, "Lb_Lalin26": 6.9, "Lb_Bh_Ki26": 0.5, "Lb_Bh_Ka26": 0.28, "Lb_Dr_Ki26": 0.0, "Lb_Dr_Ka26": 0.0, "Lb_Tr_Ki26": 1.44, "Lb_Tr_Ka26": 1.35, "Lb_TS_Ki26": 0.0, "Lb_TS_Ka26": 0.0, "Lb_Med_26": 0.0, "Lbr_Jbt_26": 10.47, "Bgn_Ats_26": "PTP", "Jns_Jbt_26": "STANDAR", "Thn_Bgn_26": "1972", "BA_26": "2", "LNT_26": "0", "BB_26": "2", "DAS_26": "0", "OP_26": "0", "UT_26": "0", "GR_26": "0", "LB_26": "0", "JBT_26": "2", "Tp_Lnts_26": "SUNGAI", "Dt_Lnts_26": "TANAH\/SUNGAI KERING", "Pnangnn_26": "RUTIN", "Pmriksn_26": "DETAIL", "Pnglola_26": "BBPJN JAWA TIMUR - BALI", "Satkr_ID26": "693912", "PPK_Name26": "PPK 1.1", "Traffic_26": "11580", "VCR_26": "0.163", "AADT_26": "11580", "Tipe_Jb_26": "", "Lat_26": -8.1681, "Long_26": 114.504295, "Tgl_Ins_26": "46181", "Ket_26": " " }, "geometry": { "type": "Point", "coordinates": [ 114.504295, -8.1681 ] } },
{ "type": "Feature", "properties": { "FID": 16071, "KDRUAS_UPD": "40031", "NOJBT_UPD": "40.031.044.0", "NM_RUAS_UP": "CEKIK - SERIRIT", "NM_JBT_UPD": "PK.SUMBER BATOK V", "PROVINSI": "BALI", "No_Prov_26": "40", "ID_Jbt_26": "4000238", "Kd_Ruas_26": "40031", "Suffix_26": " ", "Nm_Ruas_26": "CEKIK - SERIRIT", "Lintas_26": "JALAN LINTAS UTARA", "No_Jbt_26": "40.031.044.0", "Nm_Jbt_26": "PK.SUMBER BATOK V", "Status_26": "N", "Fungsi_26": "K", "Lks_Dr_26": "DPS", "Lks_km_26": 15565, "F_STA_26": "55965", "Cadin_26": "BULELENG", "Pjg_Jbt_26": 6.2, "Btg_Pjg_26": 6.2, "Jml_Btg_26": "1", "Lb_Jl_Ms26": 7.76, "Lb_Jl_Kl26": 7.76, "Lb_Lalin26": 7.76, "Lb_Bh_Ki26": 0.45, "Lb_Bh_Ka26": 0.44, "Lb_Dr_Ki26": 0.18, "Lb_Dr_Ka26": 0.2, "Lb_Tr_Ki26": 1.32, "Lb_Tr_Ka26": 1.28, "Lb_TS_Ki26": 0.0, "Lb_TS_Ka26": 0.0, "Lb_Med_26": 0.0, "Lbr_Jbt_26": 11.63, "Bgn_Ats_26": "BTP", "Jns_Jbt_26": "STANDAR", "Thn_Bgn_26": "2011", "BA_26": "1", "LNT_26": "0", "BB_26": "0", "DAS_26": "2", "OP_26": "1", "UT_26": "0", "GR_26": "2", "LB_26": "0", "JBT_26": "2", "Tp_Lnts_26": "SUNGAI", "Dt_Lnts_26": "TANAH\/SUNGAI KERING", "Pnangnn_26": "RUTIN", "Pmriksn_26": "DETAIL", "Pnglola_26": "BBPJN JAWA TIMUR - BALI", "Satkr_ID26": "693912", "PPK_Name26": "PPK 1.1", "Traffic_26": "11580", "VCR_26": "0.163", "AADT_26": "11580", "Tipe_Jb_26": "", "Lat_26": -8.17027, "Long_26": 114.500164, "Tgl_Ins_26": "46181", "Ket_26": " " }, "geometry": { "type": "Point", "coordinates": [ 114.500164, -8.17027 ] } },
{ "type": "Feature", "properties": { "FID": 16072, "KDRUAS_UPD": "40031", "NOJBT_UPD": "40.031.045.0", "NM_RUAS_UP": "CEKIK - SERIRIT", "NM_JBT_UPD": "PK.SUMBER BATOK VI", "PROVINSI": "BALI", "No_Prov_26": "40", "ID_Jbt_26": "4000239", "Kd_Ruas_26": "40031", "Suffix_26": " ", "Nm_Ruas_26": "CEKIK - SERIRIT", "Lintas_26": "JALAN LINTAS UTARA", "No_Jbt_26": "40.031.045.0", "Nm_Jbt_26": "PK.SUMBER BATOK VI", "Status_26": "N", "Fungsi_26": "K", "Lks_Dr_26": "DPS", "Lks_km_26": 15574, "F_STA_26": "56041", "Cadin_26": "BULELENG", "Pjg_Jbt_26": 7.2, "Btg_Pjg_26": 7.08, "Jml_Btg_26": "1", "Lb_Jl_Ms26": 8.24, "Lb_Jl_Kl26": 8.24, "Lb_Lalin26": 8.24, "Lb_Bh_Ki26": 0.36, "Lb_Bh_Ka26": 0.39, "Lb_Dr_Ki26": 0.19, "Lb_Dr_Ka26": 0.18, "Lb_Tr_Ki26": 1.29, "Lb_Tr_Ka26": 1.3, "Lb_TS_Ki26": 0.0, "Lb_TS_Ka26": 0.0, "Lb_Med_26": 0.0, "Lbr_Jbt_26": 11.95, "Bgn_Ats_26": "BTP", "Jns_Jbt_26": "STANDAR", "Thn_Bgn_26": "2011", "BA_26": "2", "LNT_26": "2", "BB_26": "2", "DAS_26": "1", "OP_26": "0", "UT_26": "0", "GR_26": "0", "LB_26": "0", "JBT_26": "2", "Tp_Lnts_26": "SUNGAI", "Dt_Lnts_26": "TANAH\/SUNGAI KERING", "Pnangnn_26": "RUTIN", "Pmriksn_26": "RUTIN", "Pnglola_26": "BBPJN JAWA TIMUR - BALI", "Satkr_ID26": "693912", "PPK_Name26": "PPK 1.1", "Traffic_26": "11580", "VCR_26": "0.163", "AADT_26": "11580", "Tipe_Jb_26": "", "Lat_26": -8.170578, "Long_26": 114.49955, "Tgl_Ins_26": "46181", "Ket_26": " " }, "geometry": { "type": "Point", "coordinates": [ 114.49955, -8.170578 ] } },
{ "type": "Feature", "properties": { "FID": 16073, "KDRUAS_UPD": "40031", "NOJBT_UPD": "40.031.048.0", "NM_RUAS_UP": "CEKIK - SERIRIT", "NM_JBT_UPD": "PK.SUMBER BATOK IX", "PROVINSI": "BALI", "No_Prov_26": "40", "ID_Jbt_26": "4000242", "Kd_Ruas_26": "40031", "Suffix_26": " ", "Nm_Ruas_26": "CEKIK - SERIRIT", "Lintas_26": "JALAN LINTAS UTARA", "No_Jbt_26": "40.031.048.0", "Nm_Jbt_26": "PK.SUMBER BATOK IX", "Status_26": "N", "Fungsi_26": "K", "Lks_Dr_26": "DPS", "Lks_km_26": 15609, "F_STA_26": "56386", "Cadin_26": "BULELENG", "Pjg_Jbt_26": 11.3, "Btg_Pjg_26": 5.6, "Jml_Btg_26": "2", "Lb_Jl_Ms26": 9.54, "Lb_Jl_Kl26": 9.54, "Lb_Lalin26": 9.54, "Lb_Bh_Ki26": 0.59, "Lb_Bh_Ka26": 0.52, "Lb_Dr_Ki26": 0.13, "Lb_Dr_Ka26": 0.17, "Lb_Tr_Ki26": 1.28, "Lb_Tr_Ka26": 1.3, "Lb_TS_Ki26": 0.0, "Lb_TS_Ka26": 0.0, "Lb_Med_26": 0.0, "Lbr_Jbt_26": 13.53, "Bgn_Ats_26": "BTP", "Jns_Jbt_26": "STANDAR", "Thn_Bgn_26": "2011", "BA_26": "2", "LNT_26": "2", "BB_26": "1", "DAS_26": "1", "OP_26": "0", "UT_26": "0", "GR_26": "0", "LB_26": "0", "JBT_26": "2", "Tp_Lnts_26": "SUNGAI", "Dt_Lnts_26": "TANAH\/SUNGAI KERING", "Pnangnn_26": "RUTIN", "Pmriksn_26": "RUTIN", "Pnglola_26": "BBPJN JAWA TIMUR - BALI", "Satkr_ID26": "693912", "PPK_Name26": "PPK 1.1", "Traffic_26": "11580", "VCR_26": "0.163", "AADT_26": "11580", "Tipe_Jb_26": "", "Lat_26": -8.172005, "Long_26": 114.49678, "Tgl_Ins_26": "46181", "Ket_26": " " }, "geometry": { "type": "Point", "coordinates": [ 114.49678, -8.172005 ] } },
{ "type": "Feature", "properties": { "FID": 16074, "KDRUAS_UPD": "40031", "NOJBT_UPD": "40.031.049.0", "NM_RUAS_UP": "CEKIK - SERIRIT", "NM_JBT_UPD": "PK.SUMBER BATOK X", "PROVINSI": "BALI", "No_Prov_26": "40", "ID_Jbt_26": "4000243", "Kd_Ruas_26": "40031", "Suffix_26": " ", "Nm_Ruas_26": "CEKIK - SERIRIT", "Lintas_26": "JALAN LINTAS UTARA", "No_Jbt_26": "40.031.049.0", "Nm_Jbt_26": "PK.SUMBER BATOK X", "Status_26": "N", "Fungsi_26": "K", "Lks_Dr_26": "DPS", "Lks_km_26": 15622, "F_STA_26": "56528", "Cadin_26": "BULELENG", "Pjg_Jbt_26": 7.0, "Btg_Pjg_26": 6.9, "Jml_Btg_26": "1", "Lb_Jl_Ms26": 11.05, "Lb_Jl_Kl26": 11.05, "Lb_Lalin26": 11.05, "Lb_Bh_Ki26": 0.47, "Lb_Bh_Ka26": 0.58, "Lb_Dr_Ki26": 0.14, "Lb_Dr_Ka26": 0.14, "Lb_Tr_Ki26": 1.3, "Lb_Tr_Ka26": 1.32, "Lb_TS_Ki26": 0.0, "Lb_TS_Ka26": 0.0, "Lb_Med_26": 0.0, "Lbr_Jbt_26": 15.0, "Bgn_Ats_26": "BTP", "Jns_Jbt_26": "STANDAR", "Thn_Bgn_26": "2011", "BA_26": "2", "LNT_26": "2", "BB_26": "2", "DAS_26": "1", "OP_26": "0", "UT_26": "0", "GR_26": "0", "LB_26": "0", "JBT_26": "2", "Tp_Lnts_26": "SUNGAI", "Dt_Lnts_26": "TANAH\/SUNGAI KERING", "Pnangnn_26": "RUTIN", "Pmriksn_26": "RUTIN", "Pnglola_26": "BBPJN JAWA TIMUR - BALI", "Satkr_ID26": "693912", "PPK_Name26": "PPK 1.1", "Traffic_26": "11580", "VCR_26": "0.163", "AADT_26": "11580", "Tipe_Jb_26": "", "Lat_26": -8.172616, "Long_26": 114.495644, "Tgl_Ins_26": "46180", "Ket_26": " " }, "geometry": { "type": "Point", "coordinates": [ 114.495644, -8.172616 ] } },
{ "type": "Feature", "properties": { "FID": 16075, "KDRUAS_UPD": "40031", "NOJBT_UPD": "40.031.050.0", "NM_RUAS_UP": "CEKIK - SERIRIT", "NM_JBT_UPD": "PK.SUMBER BATOK XI", "PROVINSI": "BALI", "No_Prov_26": "40", "ID_Jbt_26": "4000244", "Kd_Ruas_26": "40031", "Suffix_26": " ", "Nm_Ruas_26": "CEKIK - SERIRIT", "Lintas_26": "JALAN LINTAS UTARA", "No_Jbt_26": "40.031.050.0", "Nm_Jbt_26": "PK.SUMBER BATOK XI", "Status_26": "N", "Fungsi_26": "K", "Lks_Dr_26": "DPS", "Lks_km_26": 1564, "F_STA_26": "56682", "Cadin_26": "BULELENG", "Pjg_Jbt_26": 6.3, "Btg_Pjg_26": 6.3, "Jml_Btg_26": "1", "Lb_Jl_Ms26": 10.16, "Lb_Jl_Kl26": 10.16, "Lb_Lalin26": 10.16, "Lb_Bh_Ki26": 0.5, "Lb_Bh_Ka26": 0.5, "Lb_Dr_Ki26": 0.14, "Lb_Dr_Ka26": 0.13, "Lb_Tr_Ki26": 1.09, "Lb_Tr_Ka26": 1.11, "Lb_TS_Ki26": 0.29, "Lb_TS_Ka26": 0.29, "Lb_Med_26": 0.0, "Lbr_Jbt_26": 14.21, "Bgn_Ats_26": "BTP", "Jns_Jbt_26": "STANDAR", "Thn_Bgn_26": "2011", "BA_26": "0", "LNT_26": "0", "BB_26": "0", "DAS_26": "2", "OP_26": "0", "UT_26": "0", "GR_26": "2", "LB_26": "0", "JBT_26": "2", "Tp_Lnts_26": "SUNGAI", "Dt_Lnts_26": "TANAH\/SUNGAI KERING", "Pnangnn_26": "RUTIN", "Pmriksn_26": "DETAIL", "Pnglola_26": "BBPJN JAWA TIMUR - BALI", "Satkr_ID26": "693912", "PPK_Name26": "PPK 1.1", "Traffic_26": "11580", "VCR_26": "0.163", "AADT_26": "11580", "Tipe_Jb_26": "", "Lat_26": -8.173293, "Long_26": 114.494424, "Tgl_Ins_26": "46180", "Ket_26": " " }, "geometry": { "type": "Point", "coordinates": [ 114.494424, -8.173293 ] } },
{ "type": "Feature", "properties": { "FID": 16076, "KDRUAS_UPD": "40031", "NOJBT_UPD": "40.031.051.0", "NM_RUAS_UP": "CEKIK - SERIRIT", "NM_JBT_UPD": "PK.SUMBER BATOK XII", "PROVINSI": "BALI", "No_Prov_26": "40", "ID_Jbt_26": "4000245", "Kd_Ruas_26": "40031", "Suffix_26": " ", "Nm_Ruas_26": "CEKIK - SERIRIT", "Lintas_26": "JALAN LINTAS UTARA", "No_Jbt_26": "40.031.051.0", "Nm_Jbt_26": "PK.SUMBER BATOK XII", "Status_26": "N", "Fungsi_26": "K", "Lks_Dr_26": "DPS", "Lks_km_26": 15651, "F_STA_26": "56847", "Cadin_26": "BULELENG", "Pjg_Jbt_26": 7.3, "Btg_Pjg_26": 7.16, "Jml_Btg_26": "1", "Lb_Jl_Ms26": 10.91, "Lb_Jl_Kl26": 10.91, "Lb_Lalin26": 10.91, "Lb_Bh_Ki26": 0.48, "Lb_Bh_Ka26": 0.55, "Lb_Dr_Ki26": 0.15, "Lb_Dr_Ka26": 0.15, "Lb_Tr_Ki26": 1.2, "Lb_Tr_Ka26": 1.17, "Lb_TS_Ki26": 0.0, "Lb_TS_Ka26": 0.0, "Lb_Med_26": 0.0, "Lbr_Jbt_26": 14.61, "Bgn_Ats_26": "BTP", "Jns_Jbt_26": "STANDAR", "Thn_Bgn_26": "2011", "BA_26": "0", "LNT_26": "0", "BB_26": "0", "DAS_26": "2", "OP_26": "0", "UT_26": "0", "GR_26": "2", "LB_26": "0", "JBT_26": "2", "Tp_Lnts_26": "SUNGAI", "Dt_Lnts_26": "TANAH\/SUNGAI KERING", "Pnangnn_26": "RUTIN", "Pmriksn_26": "DETAIL", "Pnglola_26": "BBPJN JAWA TIMUR - BALI", "Satkr_ID26": "693912", "PPK_Name26": "PPK 1.1", "Traffic_26": "11580", "VCR_26": "0.163", "AADT_26": "11580", "Tipe_Jb_26": "", "Lat_26": -8.173902, "Long_26": 114.493072, "Tgl_Ins_26": "46180", "Ket_26": " " }, "geometry": { "type": "Point", "coordinates": [ 114.493072, -8.173902 ] } },
{ "type": "Feature", "properties": { "FID": 16077, "KDRUAS_UPD": "40031", "NOJBT_UPD": "40.031.054.0", "NM_RUAS_UP": "CEKIK - SERIRIT", "NM_JBT_UPD": "PK.SUMBER KELAMPOK III", "PROVINSI": "BALI", "No_Prov_26": "40", "ID_Jbt_26": "4000248", "Kd_Ruas_26": "40031", "Suffix_26": " ", "Nm_Ruas_26": "CEKIK - SERIRIT", "Lintas_26": "JALAN LINTAS UTARA", "No_Jbt_26": "40.031.054.0", "Nm_Jbt_26": "PK.SUMBER KELAMPOK III", "Status_26": "N", "Fungsi_26": "K", "Lks_Dr_26": "DPS", "Lks_km_26": 15708, "F_STA_26": "57387", "Cadin_26": "BULELENG", "Pjg_Jbt_26": 7.2, "Btg_Pjg_26": 6.3, "Jml_Btg_26": "1", "Lb_Jl_Ms26": 6.05, "Lb_Jl_Kl26": 6.05, "Lb_Lalin26": 6.05, "Lb_Bh_Ki26": 3.3, "Lb_Bh_Ka26": 2.34, "Lb_Dr_Ki26": 0.13, "Lb_Dr_Ka26": 0.13, "Lb_Tr_Ki26": 1.25, "Lb_Tr_Ka26": 1.32, "Lb_TS_Ki26": 0.0, "Lb_TS_Ka26": 0.0, "Lb_Med_26": 0.0, "Lbr_Jbt_26": 14.52, "Bgn_Ats_26": "BTP", "Jns_Jbt_26": "STANDAR", "Thn_Bgn_26": "2011", "BA_26": "1", "LNT_26": "0", "BB_26": "0", "DAS_26": "2", "OP_26": "1", "UT_26": "0", "GR_26": "1", "LB_26": "0", "JBT_26": "2", "Tp_Lnts_26": "SUNGAI", "Dt_Lnts_26": "TANAH\/SUNGAI KERING", "Pnangnn_26": "RUTIN", "Pmriksn_26": "DETAIL", "Pnglola_26": "BBPJN JAWA TIMUR - BALI", "Satkr_ID26": "693912", "PPK_Name26": "PPK 1.1", "Traffic_26": "11580", "VCR_26": "0.163", "AADT_26": "11580", "Tipe_Jb_26": "", "Lat_26": -8.174369, "Long_26": 114.488228, "Tgl_Ins_26": "46180", "Ket_26": " " }, "geometry": { "type": "Point", "coordinates": [ 114.488228, -8.174369 ] } },
{ "type": "Feature", "properties": { "FID": 16078, "KDRUAS_UPD": "4003211", "NOJBT_UPD": "40.032.001.0.11", "NM_RUAS_UP": "JLN.GAJAHMADA - DR.SUTOMO - A.YANI (SINGARAJA)", "NM_JBT_UPD": "TK.BANYUMALA", "PROVINSI": "BALI", "No_Prov_26": "40", "ID_Jbt_26": "4000249", "Kd_Ruas_26": "4003211", "Suffix_26": " ", "Nm_Ruas_26": "JLN.GAJAHMADA - DR.SUTOMO - A.YANI (SINGARAJA)", "Lintas_26": "JALAN LINTAS UTARA", "No_Jbt_26": "40.032.001.0.11", "Nm_Jbt_26": "TK.BANYUMALA", "Status_26": "N", "Fungsi_26": "K", "Lks_Dr_26": "DPS", "Lks_km_26": 8145, "F_STA_26": "1592", "Cadin_26": "BULELENG", "Pjg_Jbt_26": 22.3, "Btg_Pjg_26": 22.3, "Jml_Btg_26": "1", "Lb_Jl_Ms26": 13.15, "Lb_Jl_Kl26": 13.15, "Lb_Lalin26": 13.15, "Lb_Bh_Ki26": 0.44, "Lb_Bh_Ka26": 0.4, "Lb_Dr_Ki26": 0.1, "Lb_Dr_Ka26": 0.1, "Lb_Tr_Ki26": 0.96, "Lb_Tr_Ka26": 1.0, "Lb_TS_Ki26": 0.0, "Lb_TS_Ka26": 0.0, "Lb_Med_26": 0.0, "Lbr_Jbt_26": 16.15, "Bgn_Ats_26": "GTP", "Jns_Jbt_26": "STANDAR", "Thn_Bgn_26": "1972", "BA_26": "0", "LNT_26": "0", "BB_26": "2", "DAS_26": "2", "OP_26": "0", "UT_26": "0", "GR_26": "0", "LB_26": "0", "JBT_26": "2", "Tp_Lnts_26": "SUNGAI", "Dt_Lnts_26": "BERKELOK (MEANDER)", "Pnangnn_26": "RUTIN", "Pmriksn_26": "DETAIL", "Pnglola_26": "BBPJN JAWA TIMUR - BALI", "Satkr_ID26": "693913", "PPK_Name26": "PPK 2.1", "Traffic_26": "15246", "VCR_26": "0.67", "AADT_26": "15246", "Tipe_Jb_26": "", "Lat_26": -8.116525, "Long_26": 115.077103, "Tgl_Ins_26": "46184", "Ket_26": " " }, "geometry": { "type": "Point", "coordinates": [ 115.077103, -8.116525 ] } },
{ "type": "Feature", "properties": { "FID": 16079, "KDRUAS_UPD": "40032", "NOJBT_UPD": "40.032.002.0", "NM_RUAS_UP": "SERIRIT - BTS. KOTA SINGARAJA", "NM_JBT_UPD": "TL.UME PANJI", "PROVINSI": "BALI", "No_Prov_26": "40", "ID_Jbt_26": "4000250", "Kd_Ruas_26": "40032", "Suffix_26": " ", "Nm_Ruas_26": "SERIRIT - BTS. KOTA SINGARAJA", "Lintas_26": "JALAN LINTAS UTARA", "No_Jbt_26": "40.032.002.0", "Nm_Jbt_26": "TL.UME PANJI", "Status_26": "N", "Fungsi_26": "K", "Lks_Dr_26": "DPS", "Lks_km_26": 8267, "F_STA_26": "831", "Cadin_26": "BULELENG", "Pjg_Jbt_26": 6.3, "Btg_Pjg_26": 6.3, "Jml_Btg_26": "1", "Lb_Jl_Ms26": 6.34, "Lb_Jl_Kl26": 6.34, "Lb_Lalin26": 6.34, "Lb_Bh_Ki26": 0.31, "Lb_Bh_Ka26": 0.29, "Lb_Dr_Ki26": 0.0, "Lb_Dr_Ka26": 0.0, "Lb_Tr_Ki26": 1.5, "Lb_Tr_Ka26": 1.49, "Lb_TS_Ki26": 0.0, "Lb_TS_Ka26": 0.0, "Lb_Med_26": 0.0, "Lbr_Jbt_26": 9.93, "Bgn_Ats_26": "GTP", "Jns_Jbt_26": "STANDAR", "Thn_Bgn_26": "1977", "BA_26": "2", "LNT_26": "2", "BB_26": "1", "DAS_26": "0", "OP_26": "1", "UT_26": "0", "GR_26": "0", "LB_26": "0", "JBT_26": "2", "Tp_Lnts_26": "SUNGAI", "Dt_Lnts_26": "LURUS", "Pnangnn_26": "RUTIN", "Pmriksn_26": "DETAIL", "Pnglola_26": "BBPJN JAWA TIMUR - BALI", "Satkr_ID26": "693912", "PPK_Name26": "PPK 1.1", "Traffic_26": "20553", "VCR_26": "0.3", "AADT_26": "20553", "Tipe_Jb_26": "", "Lat_26": -8.124755, "Long_26": 115.068436, "Tgl_Ins_26": "46185", "Ket_26": " " }, "geometry": { "type": "Point", "coordinates": [ 115.068436, -8.124755 ] } },
{ "type": "Feature", "properties": { "FID": 16080, "KDRUAS_UPD": "40032", "NOJBT_UPD": "40.032.003.0", "NM_RUAS_UP": "SERIRIT - BTS. KOTA SINGARAJA", "NM_JBT_UPD": "TK.BATU PULU", "PROVINSI": "BALI", "No_Prov_26": "40", "ID_Jbt_26": "4000251", "Kd_Ruas_26": "40032", "Suffix_26": " ", "Nm_Ruas_26": "SERIRIT - BTS. KOTA SINGARAJA", "Lintas_26": "JALAN LINTAS UTARA", "No_Jbt_26": "40.032.003.0", "Nm_Jbt_26": "TK.BATU PULU", "Status_26": "N", "Fungsi_26": "K", "Lks_Dr_26": "DPS", "Lks_km_26": 8411, "F_STA_26": "2265", "Cadin_26": "BULELENG", "Pjg_Jbt_26": 8.4, "Btg_Pjg_26": 3.55, "Jml_Btg_26": "3", "Lb_Jl_Ms26": 5.96, "Lb_Jl_Kl26": 5.96, "Lb_Lalin26": 5.96, "Lb_Bh_Ki26": 0.61, "Lb_Bh_Ka26": 0.5, "Lb_Dr_Ki26": 0.0, "Lb_Dr_Ka26": 0.08, "Lb_Tr_Ki26": 1.05, "Lb_Tr_Ka26": 1.05, "Lb_TS_Ki26": 0.0, "Lb_TS_Ka26": 0.0, "Lb_Med_26": 0.0, "Lbr_Jbt_26": 9.25, "Bgn_Ats_26": "PTP", "Jns_Jbt_26": "STANDAR", "Thn_Bgn_26": "1980", "BA_26": "2", "LNT_26": "2", "BB_26": "2", "DAS_26": "2", "OP_26": "0", "UT_26": "0", "GR_26": "0", "LB_26": "0", "JBT_26": "2", "Tp_Lnts_26": "SUNGAI", "Dt_Lnts_26": "BERKELOK (MEANDER)", "Pnangnn_26": "BERKALA", "Pmriksn_26": "RUTIN", "Pnglola_26": "BBPJN JAWA TIMUR - BALI", "Satkr_ID26": "693912", "PPK_Name26": "PPK 1.1", "Traffic_26": "20553", "VCR_26": "0.3", "AADT_26": "20553", "Tipe_Jb_26": "", "Lat_26": -8.133907, "Long_26": 115.05924, "Tgl_Ins_26": "46185", "Ket_26": " " }, "geometry": { "type": "Point", "coordinates": [ 115.05924, -8.133907 ] } },
{ "type": "Feature", "properties": { "FID": 16081, "KDRUAS_UPD": "40032", "NOJBT_UPD": "40.032.004.0", "NM_RUAS_UP": "SERIRIT - BTS. KOTA SINGARAJA", "NM_JBT_UPD": "TK.BANGKA", "PROVINSI": "BALI", "No_Prov_26": "40", "ID_Jbt_26": "4000252", "Kd_Ruas_26": "40032", "Suffix_26": " ", "Nm_Ruas_26": "SERIRIT - BTS. KOTA SINGARAJA", "Lintas_26": "JALAN LINTAS UTARA", "No_Jbt_26": "40.032.004.0", "Nm_Jbt_26": "TK.BANGKA", "Status_26": "N", "Fungsi_26": "K", "Lks_Dr_26": "DPS", "Lks_km_26": 8441, "F_STA_26": "2580", "Cadin_26": "BULELENG", "Pjg_Jbt_26": 16.3, "Btg_Pjg_26": 16.3, "Jml_Btg_26": "1", "Lb_Jl_Ms26": 6.11, "Lb_Jl_Kl26": 6.11, "Lb_Lalin26": 6.11, "Lb_Bh_Ki26": 0.52, "Lb_Bh_Ka26": 0.33, "Lb_Dr_Ki26": 0.2, "Lb_Dr_Ka26": 0.08, "Lb_Tr_Ki26": 1.01, "Lb_Tr_Ka26": 1.0, "Lb_TS_Ki26": 0.0, "Lb_TS_Ka26": 0.0, "Lb_Med_26": 0.0, "Lbr_Jbt_26": 9.25, "Bgn_Ats_26": "GBP", "Jns_Jbt_26": "STANDAR", "Thn_Bgn_26": "1977", "BA_26": "2", "LNT_26": "2", "BB_26": "0", "DAS_26": "0", "OP_26": "0", "UT_26": "0", "GR_26": "0", "LB_26": "0", "JBT_26": "2", "Tp_Lnts_26": "SUNGAI", "Dt_Lnts_26": "LURUS", "Pnangnn_26": "RUTIN", "Pmriksn_26": "DETAIL", "Pnglola_26": "BBPJN JAWA TIMUR - BALI", "Satkr_ID26": "693912", "PPK_Name26": "PPK 1.1", "Traffic_26": "20553", "VCR_26": "0.3", "AADT_26": "20553", "Tipe_Jb_26": "", "Lat_26": -8.135903, "Long_26": 115.057205, "Tgl_Ins_26": "46185", "Ket_26": " " }, "geometry": { "type": "Point", "coordinates": [ 115.057205, -8.135903 ] } },
{ "type": "Feature", "properties": { "FID": 16082, "KDRUAS_UPD": "40032", "NOJBT_UPD": "40.032.005.0", "NM_RUAS_UP": "SERIRIT - BTS. KOTA SINGARAJA", "NM_JBT_UPD": "TK.PENGIIS", "PROVINSI": "BALI", "No_Prov_26": "40", "ID_Jbt_26": "4000253", "Kd_Ruas_26": "40032", "Suffix_26": " ", "Nm_Ruas_26": "SERIRIT - BTS. KOTA SINGARAJA", "Lintas_26": "JALAN LINTAS UTARA", "No_Jbt_26": "40.032.005.0", "Nm_Jbt_26": "TK.PENGIIS", "Status_26": "N", "Fungsi_26": "K", "Lks_Dr_26": "DPS", "Lks_km_26": 8485, "F_STA_26": "2958", "Cadin_26": "BULELENG", "Pjg_Jbt_26": 6.0, "Btg_Pjg_26": 6.0, "Jml_Btg_26": "1", "Lb_Jl_Ms26": 6.98, "Lb_Jl_Kl26": 6.98, "Lb_Lalin26": 6.98, "Lb_Bh_Ki26": 0.65, "Lb_Bh_Ka26": 0.26, "Lb_Dr_Ki26": 0.12, "Lb_Dr_Ka26": 0.07, "Lb_Tr_Ki26": 1.36, "Lb_Tr_Ka26": 1.37, "Lb_TS_Ki26": 0.0, "Lb_TS_Ka26": 0.0, "Lb_Med_26": 0.0, "Lbr_Jbt_26": 10.81, "Bgn_Ats_26": "GTP", "Jns_Jbt_26": "STANDAR", "Thn_Bgn_26": "1978", "BA_26": "2", "LNT_26": "2", "BB_26": "2", "DAS_26": "2", "OP_26": "0", "UT_26": "0", "GR_26": "0", "LB_26": "0", "JBT_26": "2", "Tp_Lnts_26": "SUNGAI", "Dt_Lnts_26": "LURUS", "Pnangnn_26": "BERKALA", "Pmriksn_26": "RUTIN", "Pnglola_26": "BBPJN JAWA TIMUR - BALI", "Satkr_ID26": "693912", "PPK_Name26": "PPK 1.1", "Traffic_26": "20553", "VCR_26": "0.3", "AADT_26": "20553", "Tipe_Jb_26": "", "Lat_26": -8.138532, "Long_26": 115.055015, "Tgl_Ins_26": "46185", "Ket_26": " " }, "geometry": { "type": "Point", "coordinates": [ 115.055015, -8.138532 ] } },
{ "type": "Feature", "properties": { "FID": 16083, "KDRUAS_UPD": "40032", "NOJBT_UPD": "40.032.006.0", "NM_RUAS_UP": "SERIRIT - BTS. KOTA SINGARAJA", "NM_JBT_UPD": "TK.BAAS", "PROVINSI": "BALI", "No_Prov_26": "40", "ID_Jbt_26": "4000254", "Kd_Ruas_26": "40032", "Suffix_26": " ", "Nm_Ruas_26": "SERIRIT - BTS. KOTA SINGARAJA", "Lintas_26": "JALAN LINTAS UTARA", "No_Jbt_26": "40.032.006.0", "Nm_Jbt_26": "TK.BAAS", "Status_26": "N", "Fungsi_26": "K", "Lks_Dr_26": "DPS", "Lks_km_26": 8595, "F_STA_26": "4100", "Cadin_26": "BULELENG", "Pjg_Jbt_26": 26.8, "Btg_Pjg_26": 26.8, "Jml_Btg_26": "1", "Lb_Jl_Ms26": 6.16, "Lb_Jl_Kl26": 6.16, "Lb_Lalin26": 6.16, "Lb_Bh_Ki26": 0.49, "Lb_Bh_Ka26": 0.4, "Lb_Dr_Ki26": 0.1, "Lb_Dr_Ka26": 0.1, "Lb_Tr_Ki26": 0.91, "Lb_Tr_Ka26": 0.91, "Lb_TS_Ki26": 0.0, "Lb_TS_Ka26": 0.0, "Lb_Med_26": 0.0, "Lbr_Jbt_26": 9.07, "Bgn_Ats_26": "GTP", "Jns_Jbt_26": "STANDAR", "Thn_Bgn_26": "1986", "BA_26": "2", "LNT_26": "2", "BB_26": "0", "DAS_26": "0", "OP_26": "1", "UT_26": "0", "GR_26": "0", "LB_26": "0", "JBT_26": "2", "Tp_Lnts_26": "SUNGAI", "Dt_Lnts_26": "LURUS", "Pnangnn_26": "RUTIN", "Pmriksn_26": "DETAIL", "Pnglola_26": "BBPJN JAWA TIMUR - BALI", "Satkr_ID26": "693912", "PPK_Name26": "PPK 1.1", "Traffic_26": "20553", "VCR_26": "0.3", "AADT_26": "20553", "Tipe_Jb_26": "", "Lat_26": -8.146481, "Long_26": 115.048424, "Tgl_Ins_26": "46183", "Ket_26": " " }, "geometry": { "type": "Point", "coordinates": [ 115.048424, -8.146481 ] } },
{ "type": "Feature", "properties": { "FID": 16084, "KDRUAS_UPD": "40032", "NOJBT_UPD": "40.032.007.0", "NM_RUAS_UP": "SERIRIT - BTS. KOTA SINGARAJA", "NM_JBT_UPD": "TK.SERUMBUNG", "PROVINSI": "BALI", "No_Prov_26": "40", "ID_Jbt_26": "4000255", "Kd_Ruas_26": "40032", "Suffix_26": " ", "Nm_Ruas_26": "SERIRIT - BTS. KOTA SINGARAJA", "Lintas_26": "JALAN LINTAS UTARA", "No_Jbt_26": "40.032.007.0", "Nm_Jbt_26": "TK.SERUMBUNG", "Status_26": "N", "Fungsi_26": "K", "Lks_Dr_26": "DPS", "Lks_km_26": 8665, "F_STA_26": "4820", "Cadin_26": "BULELENG", "Pjg_Jbt_26": 6.8, "Btg_Pjg_26": 6.8, "Jml_Btg_26": "1", "Lb_Jl_Ms26": 6.14, "Lb_Jl_Kl26": 6.14, "Lb_Lalin26": 6.14, "Lb_Bh_Ki26": 0.58, "Lb_Bh_Ka26": 0.4, "Lb_Dr_Ki26": 0.1, "Lb_Dr_Ka26": 0.1, "Lb_Tr_Ki26": 1.25, "Lb_Tr_Ka26": 1.25, "Lb_TS_Ki26": 0.0, "Lb_TS_Ka26": 0.0, "Lb_Med_26": 0.0, "Lbr_Jbt_26": 9.82, "Bgn_Ats_26": "GTP", "Jns_Jbt_26": "STANDAR", "Thn_Bgn_26": "1978", "BA_26": "2", "LNT_26": "2", "BB_26": "0", "DAS_26": "2", "OP_26": "1", "UT_26": "0", "GR_26": "0", "LB_26": "0", "JBT_26": "2", "Tp_Lnts_26": "SUNGAI", "Dt_Lnts_26": "LURUS", "Pnangnn_26": "RUTIN", "Pmriksn_26": "DETAIL", "Pnglola_26": "BBPJN JAWA TIMUR - BALI", "Satkr_ID26": "693912", "PPK_Name26": "PPK 1.1", "Traffic_26": "20553", "VCR_26": "0.3", "AADT_26": "20553", "Tipe_Jb_26": "", "Lat_26": -8.150766, "Long_26": 115.043564, "Tgl_Ins_26": "46183", "Ket_26": " " }, "geometry": { "type": "Point", "coordinates": [ 115.043564, -8.150766 ] } },
{ "type": "Feature", "properties": { "FID": 16085, "KDRUAS_UPD": "40032", "NOJBT_UPD": "40.032.008.0", "NM_RUAS_UP": "SERIRIT - BTS. KOTA SINGARAJA", "NM_JBT_UPD": "TK.ASANGAN", "PROVINSI": "BALI", "No_Prov_26": "40", "ID_Jbt_26": "4000256", "Kd_Ruas_26": "40032", "Suffix_26": " ", "Nm_Ruas_26": "SERIRIT - BTS. KOTA SINGARAJA", "Lintas_26": "JALAN LINTAS UTARA", "No_Jbt_26": "40.032.008.0", "Nm_Jbt_26": "TK.ASANGAN", "Status_26": "N", "Fungsi_26": "K", "Lks_Dr_26": "DPS", "Lks_km_26": 8711, "F_STA_26": "5265", "Cadin_26": "BULELENG", "Pjg_Jbt_26": 25.9, "Btg_Pjg_26": 25.9, "Jml_Btg_26": "1", "Lb_Jl_Ms26": 5.24, "Lb_Jl_Kl26": 5.24, "Lb_Lalin26": 5.24, "Lb_Bh_Ki26": 0.26, "Lb_Bh_Ka26": 0.22, "Lb_Dr_Ki26": 0.1, "Lb_Dr_Ka26": 0.15, "Lb_Tr_Ki26": 0.5, "Lb_Tr_Ka26": 0.5, "Lb_TS_Ki26": 0.0, "Lb_TS_Ka26": 0.0, "Lb_Med_26": 0.0, "Lbr_Jbt_26": 6.97, "Bgn_Ats_26": "GBP", "Jns_Jbt_26": "STANDAR", "Thn_Bgn_26": "1988", "BA_26": "2", "LNT_26": "2", "BB_26": "0", "DAS_26": "1", "OP_26": "0", "UT_26": "0", "GR_26": "0", "LB_26": "0", "JBT_26": "2", "Tp_Lnts_26": "SUNGAI", "Dt_Lnts_26": "LURUS", "Pnangnn_26": "RUTIN", "Pmriksn_26": "DETAIL", "Pnglola_26": "BBPJN JAWA TIMUR - BALI", "Satkr_ID26": "693912", "PPK_Name26": "PPK 1.1", "Traffic_26": "20553", "VCR_26": "0.3", "AADT_26": "20553", "Tipe_Jb_26": "", "Lat_26": -8.153011, "Long_26": 115.040227, "Tgl_Ins_26": "46183", "Ket_26": " " }, "geometry": { "type": "Point", "coordinates": [ 115.040227, -8.153011 ] } },
{ "type": "Feature", "properties": { "FID": 16086, "KDRUAS_UPD": "40032", "NOJBT_UPD": "40.032.011.0", "NM_RUAS_UP": "SERIRIT - BTS. KOTA SINGARAJA", "NM_JBT_UPD": "TLB.BUNUT PANGGANG", "PROVINSI": "BALI", "No_Prov_26": "40", "ID_Jbt_26": "4000257", "Kd_Ruas_26": "40032", "Suffix_26": " ", "Nm_Ruas_26": "SERIRIT - BTS. KOTA SINGARAJA", "Lintas_26": "JALAN LINTAS UTARA", "No_Jbt_26": "40.032.011.0", "Nm_Jbt_26": "TLB.BUNUT PANGGANG", "Status_26": "N", "Fungsi_26": "K", "Lks_Dr_26": "DPS", "Lks_km_26": 902, "F_STA_26": "8364", "Cadin_26": "BULELENG", "Pjg_Jbt_26": 13.2, "Btg_Pjg_26": 13.1, "Jml_Btg_26": "4", "Lb_Jl_Ms26": 6.1, "Lb_Jl_Kl26": 6.1, "Lb_Lalin26": 6.1, "Lb_Bh_Ki26": 0.51, "Lb_Bh_Ka26": 0.39, "Lb_Dr_Ki26": 0.0, "Lb_Dr_Ka26": 0.0, "Lb_Tr_Ki26": 0.93, "Lb_Tr_Ka26": 0.97, "Lb_TS_Ki26": 0.0, "Lb_TS_Ka26": 0.0, "Lb_Med_26": 0.0, "Lbr_Jbt_26": 8.9, "Bgn_Ats_26": "PTP", "Jns_Jbt_26": "STANDAR", "Thn_Bgn_26": "1972", "BA_26": "0", "LNT_26": "0", "BB_26": "0", "DAS_26": "2", "OP_26": "0", "UT_26": "0", "GR_26": "0", "LB_26": "0", "JBT_26": "2", "Tp_Lnts_26": "SUNGAI", "Dt_Lnts_26": "LURUS", "Pnangnn_26": "RUTIN", "Pmriksn_26": "DETAIL", "Pnglola_26": "BBPJN JAWA TIMUR - BALI", "Satkr_ID26": "693912", "PPK_Name26": "PPK 1.1", "Traffic_26": "20553", "VCR_26": "0.3", "AADT_26": "20553", "Tipe_Jb_26": "", "Lat_26": -8.166266, "Long_26": 115.015915, "Tgl_Ins_26": "46183", "Ket_26": " " }, "geometry": { "type": "Point", "coordinates": [ 115.015915, -8.166266 ] } },
{ "type": "Feature", "properties": { "FID": 16087, "KDRUAS_UPD": "40032", "NOJBT_UPD": "40.032.015.0", "NM_RUAS_UP": "SERIRIT - BTS. KOTA SINGARAJA", "NM_JBT_UPD": "TLB.BANGKALA", "PROVINSI": "BALI", "No_Prov_26": "40", "ID_Jbt_26": "4000259", "Kd_Ruas_26": "40032", "Suffix_26": " ", "Nm_Ruas_26": "SERIRIT - BTS. KOTA SINGARAJA", "Lintas_26": "JALAN LINTAS UTARA", "No_Jbt_26": "40.032.015.0", "Nm_Jbt_26": "TLB.BANGKALA", "Status_26": "N", "Fungsi_26": "K", "Lks_Dr_26": "DPS", "Lks_km_26": 9219, "F_STA_26": "10373", "Cadin_26": "BULELENG", "Pjg_Jbt_26": 6.2, "Btg_Pjg_26": 6.0, "Jml_Btg_26": "1", "Lb_Jl_Ms26": 6.24, "Lb_Jl_Kl26": 6.24, "Lb_Lalin26": 6.24, "Lb_Bh_Ki26": 0.39, "Lb_Bh_Ka26": 0.41, "Lb_Dr_Ki26": 0.2, "Lb_Dr_Ka26": 0.2, "Lb_Tr_Ki26": 1.2, "Lb_Tr_Ka26": 1.2, "Lb_TS_Ki26": 0.0, "Lb_TS_Ka26": 0.0, "Lb_Med_26": 0.0, "Lbr_Jbt_26": 9.84, "Bgn_Ats_26": "GTP", "Jns_Jbt_26": "STANDAR", "Thn_Bgn_26": "1978", "BA_26": "2", "LNT_26": "2", "BB_26": "2", "DAS_26": "2", "OP_26": "0", "UT_26": "0", "GR_26": "0", "LB_26": "0", "JBT_26": "2", "Tp_Lnts_26": "SUNGAI", "Dt_Lnts_26": "BERKELOK (MEANDER)", "Pnangnn_26": "RUTIN", "Pmriksn_26": "DETAIL", "Pnglola_26": "BBPJN JAWA TIMUR - BALI", "Satkr_ID26": "693912", "PPK_Name26": "PPK 1.1", "Traffic_26": "20553", "VCR_26": "0.3", "AADT_26": "20553", "Tipe_Jb_26": "", "Lat_26": -8.175999, "Long_26": 115.003197, "Tgl_Ins_26": "46183", "Ket_26": " " }, "geometry": { "type": "Point", "coordinates": [ 115.003197, -8.175999 ] } },
{ "type": "Feature", "properties": { "FID": 16088, "KDRUAS_UPD": "40032", "NOJBT_UPD": "40.032.019.0", "NM_RUAS_UP": "SERIRIT - BTS. KOTA SINGARAJA", "NM_JBT_UPD": "TLB.SAWAN KETAPANG", "PROVINSI": "BALI", "No_Prov_26": "40", "ID_Jbt_26": "4000263", "Kd_Ruas_26": "40032", "Suffix_26": " ", "Nm_Ruas_26": "SERIRIT - BTS. KOTA SINGARAJA", "Lintas_26": "JALAN LINTAS UTARA", "No_Jbt_26": "40.032.019.0", "Nm_Jbt_26": "TLB.SAWAN KETAPANG", "Status_26": "N", "Fungsi_26": "K", "Lks_Dr_26": "DPS", "Lks_km_26": 947, "F_STA_26": "12935", "Cadin_26": "BULELENG", "Pjg_Jbt_26": 6.8, "Btg_Pjg_26": 6.8, "Jml_Btg_26": "1", "Lb_Jl_Ms26": 6.01, "Lb_Jl_Kl26": 6.01, "Lb_Lalin26": 6.01, "Lb_Bh_Ki26": 1.43, "Lb_Bh_Ka26": 1.59, "Lb_Dr_Ki26": 0.0, "Lb_Dr_Ka26": 0.0, "Lb_Tr_Ki26": 0.0, "Lb_Tr_Ka26": 0.0, "Lb_TS_Ki26": 0.0, "Lb_TS_Ka26": 0.0, "Lb_Med_26": 0.0, "Lbr_Jbt_26": 9.03, "Bgn_Ats_26": "ETP", "Jns_Jbt_26": "STANDAR", "Thn_Bgn_26": "1965", "BA_26": "1", "LNT_26": "0", "BB_26": "0", "DAS_26": "2", "OP_26": "0", "UT_26": "0", "GR_26": "0", "LB_26": "0", "JBT_26": "2", "Tp_Lnts_26": "SUNGAI", "Dt_Lnts_26": "LURUS", "Pnangnn_26": "RUTIN", "Pmriksn_26": "DETAIL", "Pnglola_26": "BBPJN JAWA TIMUR - BALI", "Satkr_ID26": "693912", "PPK_Name26": "PPK 1.1", "Traffic_26": "20553", "VCR_26": "0.3", "AADT_26": "20553", "Tipe_Jb_26": "", "Lat_26": -8.184446, "Long_26": 114.982429, "Tgl_Ins_26": "46183", "Ket_26": " " }, "geometry": { "type": "Point", "coordinates": [ 114.982429, -8.184446 ] } },
{ "type": "Feature", "properties": { "FID": 16089, "KDRUAS_UPD": "40032", "NOJBT_UPD": "40.032.022.0", "NM_RUAS_UP": "SERIRIT - BTS. KOTA SINGARAJA", "NM_JBT_UPD": "TK.CULUK", "PROVINSI": "BALI", "No_Prov_26": "40", "ID_Jbt_26": "4000264", "Kd_Ruas_26": "40032", "Suffix_26": " ", "Nm_Ruas_26": "SERIRIT - BTS. KOTA SINGARAJA", "Lintas_26": "JALAN LINTAS UTARA", "No_Jbt_26": "40.032.022.0", "Nm_Jbt_26": "TK.CULUK", "Status_26": "N", "Fungsi_26": "K", "Lks_Dr_26": "DPS", "Lks_km_26": 9629, "F_STA_26": "14500", "Cadin_26": "BULELENG", "Pjg_Jbt_26": 6.6, "Btg_Pjg_26": 6.47, "Jml_Btg_26": "1", "Lb_Jl_Ms26": 6.02, "Lb_Jl_Kl26": 6.02, "Lb_Lalin26": 6.02, "Lb_Bh_Ki26": 0.37, "Lb_Bh_Ka26": 0.55, "Lb_Dr_Ki26": 0.25, "Lb_Dr_Ka26": 0.26, "Lb_Tr_Ki26": 0.98, "Lb_Tr_Ka26": 1.05, "Lb_TS_Ki26": 0.0, "Lb_TS_Ka26": 0.0, "Lb_Med_26": 0.0, "Lbr_Jbt_26": 9.48, "Bgn_Ats_26": "GTP", "Jns_Jbt_26": "STANDAR", "Thn_Bgn_26": "1978", "BA_26": "2", "LNT_26": "2", "BB_26": "2", "DAS_26": "0", "OP_26": "1", "UT_26": "0", "GR_26": "0", "LB_26": "0", "JBT_26": "2", "Tp_Lnts_26": "SUNGAI", "Dt_Lnts_26": "LURUS", "Pnangnn_26": "RUTIN", "Pmriksn_26": "DETAIL", "Pnglola_26": "BBPJN JAWA TIMUR - BALI", "Satkr_ID26": "693912", "PPK_Name26": "PPK 1.1", "Traffic_26": "20553", "VCR_26": "0.3", "AADT_26": "20553", "Tipe_Jb_26": "", "Lat_26": -8.189232, "Long_26": 114.96904, "Tgl_Ins_26": "46183", "Ket_26": " " }, "geometry": { "type": "Point", "coordinates": [ 114.96904, -8.189232 ] } },
{ "type": "Feature", "properties": { "FID": 16090, "KDRUAS_UPD": "40032", "NOJBT_UPD": "40.032.023.0", "NM_RUAS_UP": "SERIRIT - BTS. KOTA SINGARAJA", "NM_JBT_UPD": "TK.MENDAUM", "PROVINSI": "BALI", "No_Prov_26": "40", "ID_Jbt_26": "4000265", "Kd_Ruas_26": "40032", "Suffix_26": " ", "Nm_Ruas_26": "SERIRIT - BTS. KOTA SINGARAJA", "Lintas_26": "JALAN LINTAS UTARA", "No_Jbt_26": "40.032.023.0", "Nm_Jbt_26": "TK.MENDAUM", "Status_26": "N", "Fungsi_26": "K", "Lks_Dr_26": "DPS", "Lks_km_26": 969, "F_STA_26": "15200", "Cadin_26": "BULELENG", "Pjg_Jbt_26": 17.2, "Btg_Pjg_26": 15.88, "Jml_Btg_26": "1", "Lb_Jl_Ms26": 5.26, "Lb_Jl_Kl26": 5.26, "Lb_Lalin26": 5.26, "Lb_Bh_Ki26": 0.38, "Lb_Bh_Ka26": 0.5, "Lb_Dr_Ki26": 0.1, "Lb_Dr_Ka26": 0.1, "Lb_Tr_Ki26": 0.86, "Lb_Tr_Ka26": 0.87, "Lb_TS_Ki26": 0.0, "Lb_TS_Ka26": 0.0, "Lb_Med_26": 0.0, "Lbr_Jbt_26": 8.07, "Bgn_Ats_26": "MBP", "Jns_Jbt_26": "STANDAR", "Thn_Bgn_26": "1984", "BA_26": "2", "LNT_26": "2", "BB_26": "2", "DAS_26": "2", "OP_26": "2", "UT_26": "0", "GR_26": "0", "LB_26": "0", "JBT_26": "2", "Tp_Lnts_26": "SUNGAI", "Dt_Lnts_26": "LURUS", "Pnangnn_26": "RUTIN", "Pmriksn_26": "DETAIL", "Pnglola_26": "BBPJN JAWA TIMUR - BALI", "Satkr_ID26": "693912", "PPK_Name26": "PPK 1.1", "Traffic_26": "20553", "VCR_26": "0.3", "AADT_26": "20553", "Tipe_Jb_26": "", "Lat_26": -8.191203, "Long_26": 114.963089, "Tgl_Ins_26": "46183", "Ket_26": " " }, "geometry": { "type": "Point", "coordinates": [ 114.963089, -8.191203 ] } },
{ "type": "Feature", "properties": { "FID": 16091, "KDRUAS_UPD": "40033", "NOJBT_UPD": "40.033.001.0", "NM_RUAS_UP": "BTS. KOTA SINGARAJA - KUBUTAMBAHAN", "NM_JBT_UPD": "PK.ALAS ARUM", "PROVINSI": "BALI", "No_Prov_26": "40", "ID_Jbt_26": "4000268", "Kd_Ruas_26": "40033", "Suffix_26": " ", "Nm_Ruas_26": "BTS. KOTA SINGARAJA - KUBUTAMBAHAN", "Lintas_26": "JALAN LINTAS UTARA", "No_Jbt_26": "40.033.001.0", "Nm_Jbt_26": "PK.ALAS ARUM", "Status_26": "N", "Fungsi_26": "K", "Lks_Dr_26": "DPS", "Lks_km_26": 10843, "F_STA_26": "631", "Cadin_26": "BULELENG", "Pjg_Jbt_26": 7.1, "Btg_Pjg_26": 7.1, "Jml_Btg_26": "1", "Lb_Jl_Ms26": 5.61, "Lb_Jl_Kl26": 5.61, "Lb_Lalin26": 5.61, "Lb_Bh_Ki26": 0.31, "Lb_Bh_Ka26": 0.33, "Lb_Dr_Ki26": 0.0, "Lb_Dr_Ka26": 0.0, "Lb_Tr_Ki26": 0.65, "Lb_Tr_Ka26": 0.63, "Lb_TS_Ki26": 0.0, "Lb_TS_Ka26": 0.0, "Lb_Med_26": 0.0, "Lbr_Jbt_26": 7.53, "Bgn_Ats_26": "GTP", "Jns_Jbt_26": "STANDAR", "Thn_Bgn_26": "2000", "BA_26": "2", "LNT_26": "1", "BB_26": "0", "DAS_26": "2", "OP_26": "0", "UT_26": "0", "GR_26": "0", "LB_26": "0", "JBT_26": "2", "Tp_Lnts_26": "SUNGAI", "Dt_Lnts_26": "TANAH\/SUNGAI KERING", "Pnangnn_26": "RUTIN", "Pmriksn_26": "DETAIL", "Pnglola_26": "BBPJN JAWA TIMUR - BALI", "Satkr_ID26": "693913", "PPK_Name26": "PPK 2.1", "Traffic_26": "15145", "VCR_26": "0.229", "AADT_26": "15145", "Tipe_Jb_26": "", "Lat_26": -8.079699, "Long_26": 115.166275, "Tgl_Ins_26": "46184", "Ket_26": " " }, "geometry": { "type": "Point", "coordinates": [ 115.166275, -8.079699 ] } },
{ "type": "Feature", "properties": { "FID": 16092, "KDRUAS_UPD": "40033", "NOJBT_UPD": "40.033.002.0", "NM_RUAS_UP": "BTS. KOTA SINGARAJA - KUBUTAMBAHAN", "NM_JBT_UPD": "TLB.PUNGAKAN", "PROVINSI": "BALI", "No_Prov_26": "40", "ID_Jbt_26": "4000269", "Kd_Ruas_26": "40033", "Suffix_26": " ", "Nm_Ruas_26": "BTS. KOTA SINGARAJA - KUBUTAMBAHAN", "Lintas_26": "JALAN LINTAS UTARA", "No_Jbt_26": "40.033.002.0", "Nm_Jbt_26": "TLB.PUNGAKAN", "Status_26": "N", "Fungsi_26": "K", "Lks_Dr_26": "DPS", "Lks_km_26": 10844, "F_STA_26": "652", "Cadin_26": "BULELENG", "Pjg_Jbt_26": 7.0, "Btg_Pjg_26": 7.0, "Jml_Btg_26": "1", "Lb_Jl_Ms26": 5.64, "Lb_Jl_Kl26": 5.64, "Lb_Lalin26": 5.64, "Lb_Bh_Ki26": 0.31, "Lb_Bh_Ka26": 0.33, "Lb_Dr_Ki26": 0.0, "Lb_Dr_Ka26": 0.0, "Lb_Tr_Ki26": 0.61, "Lb_Tr_Ka26": 0.6, "Lb_TS_Ki26": 0.0, "Lb_TS_Ka26": 0.0, "Lb_Med_26": 0.0, "Lbr_Jbt_26": 7.49, "Bgn_Ats_26": "GTP", "Jns_Jbt_26": "STANDAR", "Thn_Bgn_26": "2000", "BA_26": "2", "LNT_26": "2", "BB_26": "1", "DAS_26": "1", "OP_26": "1", "UT_26": "0", "GR_26": "0", "LB_26": "0", "JBT_26": "2", "Tp_Lnts_26": "SUNGAI", "Dt_Lnts_26": "LURUS", "Pnangnn_26": "RUTIN", "Pmriksn_26": "DETAIL", "Pnglola_26": "BBPJN JAWA TIMUR - BALI", "Satkr_ID26": "693913", "PPK_Name26": "PPK 2.1", "Traffic_26": "15145", "VCR_26": "0.229", "AADT_26": "15145", "Tipe_Jb_26": "", "Lat_26": -8.079684, "Long_26": 115.166092, "Tgl_Ins_26": "46184", "Ket_26": " " }, "geometry": { "type": "Point", "coordinates": [ 115.166092, -8.079684 ] } },
{ "type": "Feature", "properties": { "FID": 16093, "KDRUAS_UPD": "40033", "NOJBT_UPD": "40.033.003.0", "NM_RUAS_UP": "BTS. KOTA SINGARAJA - KUBUTAMBAHAN", "NM_JBT_UPD": "TK.DAYA", "PROVINSI": "BALI", "No_Prov_26": "40", "ID_Jbt_26": "4000270", "Kd_Ruas_26": "40033", "Suffix_26": " ", "Nm_Ruas_26": "BTS. KOTA SINGARAJA - KUBUTAMBAHAN", "Lintas_26": "JALAN LINTAS UTARA", "No_Jbt_26": "40.033.003.0", "Nm_Jbt_26": "TK.DAYA", "Status_26": "N", "Fungsi_26": "K", "Lks_Dr_26": "DPS", "Lks_km_26": 1087, "F_STA_26": "943", "Cadin_26": "BULELENG", "Pjg_Jbt_26": 28.4, "Btg_Pjg_26": 27.85, "Jml_Btg_26": "1", "Lb_Jl_Ms26": 5.21, "Lb_Jl_Kl26": 5.21, "Lb_Lalin26": 5.21, "Lb_Bh_Ki26": 0.4, "Lb_Bh_Ka26": 0.44, "Lb_Dr_Ki26": 0.0, "Lb_Dr_Ka26": 0.0, "Lb_Tr_Ki26": 0.87, "Lb_Tr_Ka26": 0.88, "Lb_TS_Ki26": 0.0, "Lb_TS_Ka26": 0.0, "Lb_Med_26": 0.0, "Lbr_Jbt_26": 7.8, "Bgn_Ats_26": "LTP", "Jns_Jbt_26": "STANDAR", "Thn_Bgn_26": "1960", "BA_26": "2", "LNT_26": "1", "BB_26": "2", "DAS_26": "1", "OP_26": "1", "UT_26": "1", "GR_26": "0", "LB_26": "0", "JBT_26": "2", "Tp_Lnts_26": "SUNGAI", "Dt_Lnts_26": "TANAH\/SUNGAI KERING", "Pnangnn_26": "RUTIN", "Pmriksn_26": "RUTIN", "Pnglola_26": "BBPJN JAWA TIMUR - BALI", "Satkr_ID26": "693913", "PPK_Name26": "PPK 2.1", "Traffic_26": "15145", "VCR_26": "0.229", "AADT_26": "15145", "Tipe_Jb_26": "", "Lat_26": -8.079775, "Long_26": 115.163513, "Tgl_Ins_26": "46184", "Ket_26": " " }, "geometry": { "type": "Point", "coordinates": [ 115.163513, -8.079775 ] } },
{ "type": "Feature", "properties": { "FID": 16094, "KDRUAS_UPD": "40033", "NOJBT_UPD": "40.033.004.0", "NM_RUAS_UP": "BTS. KOTA SINGARAJA - KUBUTAMBAHAN", "NM_JBT_UPD": "TLB.DALEM", "PROVINSI": "BALI", "No_Prov_26": "40", "ID_Jbt_26": "4000271", "Kd_Ruas_26": "40033", "Suffix_26": " ", "Nm_Ruas_26": "BTS. KOTA SINGARAJA - KUBUTAMBAHAN", "Lintas_26": "JALAN LINTAS UTARA", "No_Jbt_26": "40.033.004.0", "Nm_Jbt_26": "TLB.DALEM", "Status_26": "N", "Fungsi_26": "K", "Lks_Dr_26": "DPS", "Lks_km_26": 109, "F_STA_26": "1257", "Cadin_26": "BULELENG", "Pjg_Jbt_26": 7.9, "Btg_Pjg_26": 7.9, "Jml_Btg_26": "1", "Lb_Jl_Ms26": 5.6, "Lb_Jl_Kl26": 5.6, "Lb_Lalin26": 5.6, "Lb_Bh_Ki26": 0.3, "Lb_Bh_Ka26": 0.35, "Lb_Dr_Ki26": 0.0, "Lb_Dr_Ka26": 0.0, "Lb_Tr_Ki26": 0.49, "Lb_Tr_Ka26": 0.5, "Lb_TS_Ki26": 0.0, "Lb_TS_Ka26": 0.0, "Lb_Med_26": 0.0, "Lbr_Jbt_26": 7.24, "Bgn_Ats_26": "GTP", "Jns_Jbt_26": "STANDAR", "Thn_Bgn_26": "1994", "BA_26": "2", "LNT_26": "1", "BB_26": "1", "DAS_26": "0", "OP_26": "0", "UT_26": "0", "GR_26": "0", "LB_26": "0", "JBT_26": "2", "Tp_Lnts_26": "SUNGAI", "Dt_Lnts_26": "TANAH\/SUNGAI KERING", "Pnangnn_26": "RUTIN", "Pmriksn_26": "DETAIL", "Pnglola_26": "BBPJN JAWA TIMUR - BALI", "Satkr_ID26": "693913", "PPK_Name26": "PPK 2.1", "Traffic_26": "15145", "VCR_26": "0.229", "AADT_26": "15145", "Tipe_Jb_26": "", "Lat_26": -8.079783, "Long_26": 115.161438, "Tgl_Ins_26": "46184", "Ket_26": " " }, "geometry": { "type": "Point", "coordinates": [ 115.161438, -8.079783 ] } },
{ "type": "Feature", "properties": { "FID": 16095, "KDRUAS_UPD": "40033", "NOJBT_UPD": "40.033.006.0", "NM_RUAS_UP": "BTS. KOTA SINGARAJA - KUBUTAMBAHAN", "NM_JBT_UPD": "TK.SANGSIT", "PROVINSI": "BALI", "No_Prov_26": "40", "ID_Jbt_26": "4000272", "Kd_Ruas_26": "40033", "Suffix_26": " ", "Nm_Ruas_26": "BTS. KOTA SINGARAJA - KUBUTAMBAHAN", "Lintas_26": "JALAN LINTAS UTARA", "No_Jbt_26": "40.033.006.0", "Nm_Jbt_26": "TK.SANGSIT", "Status_26": "N", "Fungsi_26": "K", "Lks_Dr_26": "DPS", "Lks_km_26": 11183, "F_STA_26": "4048", "Cadin_26": "BULELENG", "Pjg_Jbt_26": 18.0, "Btg_Pjg_26": 18.0, "Jml_Btg_26": "1", "Lb_Jl_Ms26": 6.1, "Lb_Jl_Kl26": 6.1, "Lb_Lalin26": 6.1, "Lb_Bh_Ki26": 0.35, "Lb_Bh_Ka26": 0.35, "Lb_Dr_Ki26": 0.18, "Lb_Dr_Ka26": 0.16, "Lb_Tr_Ki26": 1.08, "Lb_Tr_Ka26": 1.09, "Lb_TS_Ki26": 0.0, "Lb_TS_Ka26": 0.0, "Lb_Med_26": 0.0, "Lbr_Jbt_26": 9.31, "Bgn_Ats_26": "GTP", "Jns_Jbt_26": "STANDAR", "Thn_Bgn_26": "1978", "BA_26": "2", "LNT_26": "2", "BB_26": "2", "DAS_26": "0", "OP_26": "0", "UT_26": "0", "GR_26": "0", "LB_26": "0", "JBT_26": "2", "Tp_Lnts_26": "SUNGAI", "Dt_Lnts_26": "BERKELOK (MEANDER)", "Pnangnn_26": "RUTIN", "Pmriksn_26": "DETAIL", "Pnglola_26": "BBPJN JAWA TIMUR - BALI", "Satkr_ID26": "693913", "PPK_Name26": "PPK 2.1", "Traffic_26": "15145", "VCR_26": "0.229", "AADT_26": "15145", "Tipe_Jb_26": "", "Lat_26": -8.084865, "Long_26": 115.137253, "Tgl_Ins_26": "46184", "Ket_26": " " }, "geometry": { "type": "Point", "coordinates": [ 115.137253, -8.084865 ] } },
{ "type": "Feature", "properties": { "FID": 16096, "KDRUAS_UPD": "40033", "NOJBT_UPD": "40.033.007.0", "NM_RUAS_UP": "BTS. KOTA SINGARAJA - KUBUTAMBAHAN", "NM_JBT_UPD": "TLB.BEJI SANGSIT", "PROVINSI": "BALI", "No_Prov_26": "40", "ID_Jbt_26": "4000273", "Kd_Ruas_26": "40033", "Suffix_26": " ", "Nm_Ruas_26": "BTS. KOTA SINGARAJA - KUBUTAMBAHAN", "Lintas_26": "JALAN LINTAS UTARA", "No_Jbt_26": "40.033.007.0", "Nm_Jbt_26": "TLB.BEJI SANGSIT", "Status_26": "N", "Fungsi_26": "K", "Lks_Dr_26": "DPS", "Lks_km_26": 11244, "F_STA_26": "4674", "Cadin_26": "BULELENG", "Pjg_Jbt_26": 11.6, "Btg_Pjg_26": 10.7, "Jml_Btg_26": "1", "Lb_Jl_Ms26": 7.2, "Lb_Jl_Kl26": 7.2, "Lb_Lalin26": 7.2, "Lb_Bh_Ki26": 0.0, "Lb_Bh_Ka26": 0.0, "Lb_Dr_Ki26": 0.13, "Lb_Dr_Ka26": 0.15, "Lb_Tr_Ki26": 0.99, "Lb_Tr_Ka26": 0.99, "Lb_TS_Ki26": 0.0, "Lb_TS_Ka26": 0.0, "Lb_Med_26": 0.0, "Lbr_Jbt_26": 9.46, "Bgn_Ats_26": "GTP", "Jns_Jbt_26": "STANDAR", "Thn_Bgn_26": "1992", "BA_26": "2", "LNT_26": "1", "BB_26": "1", "DAS_26": "1", "OP_26": "0", "UT_26": "0", "GR_26": "0", "LB_26": "0", "JBT_26": "2", "Tp_Lnts_26": "SUNGAI", "Dt_Lnts_26": "LURUS", "Pnangnn_26": "BERKALA", "Pmriksn_26": "RUTIN", "Pnglola_26": "BBPJN JAWA TIMUR - BALI", "Satkr_ID26": "693913", "PPK_Name26": "PPK 2.1", "Traffic_26": "15145", "VCR_26": "0.229", "AADT_26": "15145", "Tipe_Jb_26": "", "Lat_26": -8.087709, "Long_26": 115.132355, "Tgl_Ins_26": "46184", "Ket_26": " " }, "geometry": { "type": "Point", "coordinates": [ 115.132355, -8.087709 ] } },
{ "type": "Feature", "properties": { "FID": 16097, "KDRUAS_UPD": "4003311", "NOJBT_UPD": "40.033.009.0.11", "NM_RUAS_UP": "JLN. DIPONEGORO - JLN.AIRLANGGA - JLN.SURAPATI - JLN.WR.SUPRATMAN (SINGARAJA)", "NM_JBT_UPD": "TK.PENARUKAN", "PROVINSI": "BALI", "No_Prov_26": "40", "ID_Jbt_26": "4000274", "Kd_Ruas_26": "4003311", "Suffix_26": " ", "Nm_Ruas_26": "JLN. DIPONEGORO - JLN.AIRLANGGA - JLN.SURAPATI - JLN.WR.SUPRATMAN (SINGARAJA)", "Lintas_26": "JALAN LINTAS UTARA", "No_Jbt_26": "40.033.009.0.11", "Nm_Jbt_26": "TK.PENARUKAN", "Status_26": "N", "Fungsi_26": "K", "Lks_Dr_26": "DPS", "Lks_km_26": 11398, "F_STA_26": "6244", "Cadin_26": "BULELENG", "Pjg_Jbt_26": 30.3, "Btg_Pjg_26": 30.3, "Jml_Btg_26": "1", "Lb_Jl_Ms26": 6.2, "Lb_Jl_Kl26": 6.2, "Lb_Lalin26": 6.2, "Lb_Bh_Ki26": 0.25, "Lb_Bh_Ka26": 0.25, "Lb_Dr_Ki26": 0.12, "Lb_Dr_Ka26": 0.13, "Lb_Tr_Ki26": 1.06, "Lb_Tr_Ka26": 1.05, "Lb_TS_Ki26": 0.0, "Lb_TS_Ka26": 0.0, "Lb_Med_26": 0.0, "Lbr_Jbt_26": 9.06, "Bgn_Ats_26": "GBP", "Jns_Jbt_26": "STANDAR", "Thn_Bgn_26": "1990", "BA_26": "1", "LNT_26": "1", "BB_26": "1", "DAS_26": "1", "OP_26": "1", "UT_26": "0", "GR_26": "0", "LB_26": "0", "JBT_26": "1", "Tp_Lnts_26": "SUNGAI", "Dt_Lnts_26": "BERKELOK (MEANDER)", "Pnangnn_26": "RUTIN", "Pmriksn_26": "DETAIL", "Pnglola_26": "BBPJN JAWA TIMUR - BALI", "Satkr_ID26": "693913", "PPK_Name26": "PPK 2.1", "Traffic_26": "19773", "VCR_26": "0.331", "AADT_26": "19773", "Tipe_Jb_26": "", "Lat_26": -8.092061, "Long_26": 115.119336, "Tgl_Ins_26": "46184", "Ket_26": " " }, "geometry": { "type": "Point", "coordinates": [ 115.119336, -8.092061 ] } },
{ "type": "Feature", "properties": { "FID": 16098, "KDRUAS_UPD": "4003311", "NOJBT_UPD": "40.033.010.0.11", "NM_RUAS_UP": "JLN. DIPONEGORO - JLN.AIRLANGGA - JLN.SURAPATI - JLN.WR.SUPRATMAN (SINGARAJA)", "NM_JBT_UPD": "TK.YEH TALUH", "PROVINSI": "BALI", "No_Prov_26": "40", "ID_Jbt_26": "4000275", "Kd_Ruas_26": "4003311", "Suffix_26": " ", "Nm_Ruas_26": "JLN. DIPONEGORO - JLN.AIRLANGGA - JLN.SURAPATI - JLN.WR.SUPRATMAN (SINGARAJA)", "Lintas_26": "JALAN LINTAS UTARA", "No_Jbt_26": "40.033.010.0.11", "Nm_Jbt_26": "TK.YEH TALUH", "Status_26": "N", "Fungsi_26": "K", "Lks_Dr_26": "DPS", "Lks_km_26": 1154, "F_STA_26": "1461", "Cadin_26": "BULELENG", "Pjg_Jbt_26": 11.0, "Btg_Pjg_26": 11.0, "Jml_Btg_26": "1", "Lb_Jl_Ms26": 6.32, "Lb_Jl_Kl26": 6.32, "Lb_Lalin26": 6.32, "Lb_Bh_Ki26": 0.0, "Lb_Bh_Ka26": 0.0, "Lb_Dr_Ki26": 0.0, "Lb_Dr_Ka26": 0.0, "Lb_Tr_Ki26": 0.0, "Lb_Tr_Ka26": 0.0, "Lb_TS_Ki26": 0.0, "Lb_TS_Ka26": 0.0, "Lb_Med_26": 0.0, "Lbr_Jbt_26": 6.32, "Bgn_Ats_26": "GTP", "Jns_Jbt_26": "STANDAR", "Thn_Bgn_26": "1992", "BA_26": "0", "LNT_26": "0", "BB_26": "0", "DAS_26": "2", "OP_26": "0", "UT_26": "0", "GR_26": "0", "LB_26": "0", "JBT_26": "2", "Tp_Lnts_26": "SUNGAI", "Dt_Lnts_26": "LURUS", "Pnangnn_26": "RUTIN", "Pmriksn_26": "DETAIL", "Pnglola_26": "BBPJN JAWA TIMUR - BALI", "Satkr_ID26": "693913", "PPK_Name26": "PPK 2.1", "Traffic_26": "19773", "VCR_26": "0.331", "AADT_26": "19773", "Tipe_Jb_26": "", "Lat_26": -8.097554, "Long_26": 115.107258, "Tgl_Ins_26": "46184", "Ket_26": " " }, "geometry": { "type": "Point", "coordinates": [ 115.107258, -8.097554 ] } },
{ "type": "Feature", "properties": { "FID": 16099, "KDRUAS_UPD": "4003311", "NOJBT_UPD": "40.033.011.0.11", "NM_RUAS_UP": "JLN. DIPONEGORO - JLN.AIRLANGGA - JLN.SURAPATI - JLN.WR.SUPRATMAN (SINGARAJA)", "NM_JBT_UPD": "TK.KUBUJATI", "PROVINSI": "BALI", "No_Prov_26": "40", "ID_Jbt_26": "4000276", "Kd_Ruas_26": "4003311", "Suffix_26": " ", "Nm_Ruas_26": "JLN. DIPONEGORO - JLN.AIRLANGGA - JLN.SURAPATI - JLN.WR.SUPRATMAN (SINGARAJA)", "Lintas_26": "JALAN LINTAS UTARA", "No_Jbt_26": "40.033.011.0.11", "Nm_Jbt_26": "TK.KUBUJATI", "Status_26": "N", "Fungsi_26": "K", "Lks_Dr_26": "DPS", "Lks_km_26": 11581, "F_STA_26": "1839", "Cadin_26": "BULELENG", "Pjg_Jbt_26": 25.4, "Btg_Pjg_26": 25.4, "Jml_Btg_26": "1", "Lb_Jl_Ms26": 6.28, "Lb_Jl_Kl26": 6.28, "Lb_Lalin26": 6.28, "Lb_Bh_Ki26": 0.4, "Lb_Bh_Ka26": 0.35, "Lb_Dr_Ki26": 0.08, "Lb_Dr_Ka26": 0.09, "Lb_Tr_Ki26": 1.0, "Lb_Tr_Ka26": 1.03, "Lb_TS_Ki26": 0.0, "Lb_TS_Ka26": 0.0, "Lb_Med_26": 0.0, "Lbr_Jbt_26": 9.23, "Bgn_Ats_26": "GBP", "Jns_Jbt_26": "STANDAR", "Thn_Bgn_26": "1985", "BA_26": "2", "LNT_26": "2", "BB_26": "2", "DAS_26": "1", "OP_26": "0", "UT_26": "0", "GR_26": "0", "LB_26": "0", "JBT_26": "2", "Tp_Lnts_26": "SUNGAI", "Dt_Lnts_26": "LURUS", "Pnangnn_26": "RUTIN", "Pmriksn_26": "DETAIL", "Pnglola_26": "BBPJN JAWA TIMUR - BALI", "Satkr_ID26": "693913", "PPK_Name26": "PPK 2.1", "Traffic_26": "19773", "VCR_26": "0.331", "AADT_26": "19773", "Tipe_Jb_26": "", "Lat_26": -8.098963, "Long_26": 115.104122, "Tgl_Ins_26": "46183", "Ket_26": " " }, "geometry": { "type": "Point", "coordinates": [ 115.104122, -8.098963 ] } },
{ "type": "Feature", "properties": { "FID": 16100, "KDRUAS_UPD": "4003311", "NOJBT_UPD": "40.033.012.A.11", "NM_RUAS_UP": "JLN. DIPONEGORO - JLN.AIRLANGGA - JLN.SURAPATI - JLN.WR.SUPRATMAN (SINGARAJA)", "NM_JBT_UPD": "TK.BULELENG A", "PROVINSI": "BALI", "No_Prov_26": "40", "ID_Jbt_26": "4000277", "Kd_Ruas_26": "4003311", "Suffix_26": " ", "Nm_Ruas_26": "JLN. DIPONEGORO - JLN.AIRLANGGA - JLN.SURAPATI - JLN.WR.SUPRATMAN (SINGARAJA)", "Lintas_26": "JALAN LINTAS UTARA", "No_Jbt_26": "40.033.012.A.11", "Nm_Jbt_26": "TK.BULELENG A", "Status_26": "N", "Fungsi_26": "K", "Lks_Dr_26": "DPS", "Lks_km_26": 11742, "F_STA_26": "3442", "Cadin_26": "BULELENG", "Pjg_Jbt_26": 35.9, "Btg_Pjg_26": 17.95, "Jml_Btg_26": "2", "Lb_Jl_Ms26": 6.06, "Lb_Jl_Kl26": 6.06, "Lb_Lalin26": 6.06, "Lb_Bh_Ki26": 0.35, "Lb_Bh_Ka26": 0.4, "Lb_Dr_Ki26": 0.1, "Lb_Dr_Ka26": 0.1, "Lb_Tr_Ki26": 1.3, "Lb_Tr_Ka26": 1.3, "Lb_TS_Ki26": 0.0, "Lb_TS_Ka26": 0.0, "Lb_Med_26": 0.0, "Lbr_Jbt_26": 9.61, "Bgn_Ats_26": "GTP", "Jns_Jbt_26": "STANDAR", "Thn_Bgn_26": "1997", "BA_26": "0", "LNT_26": "0", "BB_26": "2", "DAS_26": "2", "OP_26": "0", "UT_26": "0", "GR_26": "0", "LB_26": "0", "JBT_26": "2", "Tp_Lnts_26": "SUNGAI", "Dt_Lnts_26": "LURUS", "Pnangnn_26": "RUTIN", "Pmriksn_26": "DETAIL", "Pnglola_26": "BBPJN JAWA TIMUR - BALI", "Satkr_ID26": "693913", "PPK_Name26": "PPK 2.1", "Traffic_26": "19773", "VCR_26": "0.331", "AADT_26": "19773", "Tipe_Jb_26": "", "Lat_26": -8.103915, "Long_26": 115.090508, "Tgl_Ins_26": "46183", "Ket_26": " " }, "geometry": { "type": "Point", "coordinates": [ 115.090508, -8.103915 ] } },
{ "type": "Feature", "properties": { "FID": 16101, "KDRUAS_UPD": "4003311", "NOJBT_UPD": "40.033.012.B.11", "NM_RUAS_UP": "JLN. DIPONEGORO - JLN.AIRLANGGA - JLN.SURAPATI - JLN.WR.SUPRATMAN (SINGARAJA)", "NM_JBT_UPD": "TK.BULELENG B", "PROVINSI": "BALI", "No_Prov_26": "40", "ID_Jbt_26": "4000278", "Kd_Ruas_26": "4003311", "Suffix_26": " ", "Nm_Ruas_26": "JLN. DIPONEGORO - JLN.AIRLANGGA - JLN.SURAPATI - JLN.WR.SUPRATMAN (SINGARAJA)", "Lintas_26": "JALAN LINTAS UTARA", "No_Jbt_26": "40.033.012.B.11", "Nm_Jbt_26": "TK.BULELENG B", "Status_26": "N", "Fungsi_26": "K", "Lks_Dr_26": "DPS", "Lks_km_26": 11742, "F_STA_26": "3442", "Cadin_26": "BULELENG", "Pjg_Jbt_26": 30.9, "Btg_Pjg_26": 30.9, "Jml_Btg_26": "1", "Lb_Jl_Ms26": 3.81, "Lb_Jl_Kl26": 3.81, "Lb_Lalin26": 3.81, "Lb_Bh_Ki26": 0.11, "Lb_Bh_Ka26": 0.0, "Lb_Dr_Ki26": 0.1, "Lb_Dr_Ka26": 0.0, "Lb_Tr_Ki26": 0.25, "Lb_Tr_Ka26": 0.24, "Lb_TS_Ki26": 0.0, "Lb_TS_Ka26": 0.0, "Lb_Med_26": 0.0, "Lbr_Jbt_26": 4.51, "Bgn_Ats_26": "LTP", "Jns_Jbt_26": "STANDAR", "Thn_Bgn_26": "1973", "BA_26": "2", "LNT_26": "2", "BB_26": "0", "DAS_26": "0", "OP_26": "0", "UT_26": "0", "GR_26": "0", "LB_26": "0", "JBT_26": "2", "Tp_Lnts_26": "SUNGAI", "Dt_Lnts_26": "LURUS", "Pnangnn_26": "RUTIN", "Pmriksn_26": "DETAIL", "Pnglola_26": "BBPJN JAWA TIMUR - BALI", "Satkr_ID26": "693913", "PPK_Name26": "PPK 2.1", "Traffic_26": "19773", "VCR_26": "0.331", "AADT_26": "19773", "Tipe_Jb_26": "", "Lat_26": -8.103841, "Long_26": 115.090057, "Tgl_Ins_26": "46183", "Ket_26": " " }, "geometry": { "type": "Point", "coordinates": [ 115.090057, -8.103841 ] } },
{ "type": "Feature", "properties": { "FID": 16102, "KDRUAS_UPD": "40034", "NOJBT_UPD": "40.034.001.0", "NM_RUAS_UP": "KUBUTAMBAHAN - KM 124 DPS (BON DALEM\/DS. TEMBOK)", "NM_JBT_UPD": "TK.LUAH", "PROVINSI": "BALI", "No_Prov_26": "40", "ID_Jbt_26": "4000279", "Kd_Ruas_26": "40034", "Suffix_26": " ", "Nm_Ruas_26": "KUBUTAMBAHAN - KM 124 DPS (BON DALEM\/DS. TEMBOK)", "Lintas_26": "JALAN LINTAS UTARA", "No_Jbt_26": "40.034.001.0", "Nm_Jbt_26": "TK.LUAH", "Status_26": "N", "Fungsi_26": "K", "Lks_Dr_26": "DPS", "Lks_km_26": 1241, "F_STA_26": "51", "Cadin_26": "BULELENG", "Pjg_Jbt_26": 51.8, "Btg_Pjg_26": 25.53, "Jml_Btg_26": "2", "Lb_Jl_Ms26": 6.15, "Lb_Jl_Kl26": 6.15, "Lb_Lalin26": 6.15, "Lb_Bh_Ki26": 0.45, "Lb_Bh_Ka26": 0.5, "Lb_Dr_Ki26": 0.0, "Lb_Dr_Ka26": 0.0, "Lb_Tr_Ki26": 1.3, "Lb_Tr_Ka26": 1.3, "Lb_TS_Ki26": 0.2, "Lb_TS_Ka26": 0.2, "Lb_Med_26": 0.0, "Lbr_Jbt_26": 10.1, "Bgn_Ats_26": "GBP", "Jns_Jbt_26": "STANDAR", "Thn_Bgn_26": "1993", "BA_26": "2", "LNT_26": "2", "BB_26": "2", "DAS_26": "1", "OP_26": "0", "UT_26": "0", "GR_26": "0", "LB_26": "0", "JBT_26": "2", "Tp_Lnts_26": "SUNGAI", "Dt_Lnts_26": "TANAH\/SUNGAI KERING", "Pnangnn_26": "BERKALA", "Pmriksn_26": "RUTIN", "Pnglola_26": "BBPJN JAWA TIMUR - BALI", "Satkr_ID26": "693913", "PPK_Name26": "PPK 2.1", "Traffic_26": "7553", "VCR_26": "0.124", "AADT_26": "7553", "Tipe_Jb_26": "", "Lat_26": -8.168188, "Long_26": 115.453644, "Tgl_Ins_26": "46183", "Ket_26": " " }, "geometry": { "type": "Point", "coordinates": [ 115.453644, -8.168188 ] } },
{ "type": "Feature", "properties": { "FID": 16103, "KDRUAS_UPD": "40034", "NOJBT_UPD": "40.034.002.0", "NM_RUAS_UP": "KUBUTAMBAHAN - KM 124 DPS (BON DALEM\/DS. TEMBOK)", "NM_JBT_UPD": "TK.GELAR", "PROVINSI": "BALI", "No_Prov_26": "40", "ID_Jbt_26": "4000280", "Kd_Ruas_26": "40034", "Suffix_26": " ", "Nm_Ruas_26": "KUBUTAMBAHAN - KM 124 DPS (BON DALEM\/DS. TEMBOK)", "Lintas_26": "JALAN LINTAS UTARA", "No_Jbt_26": "40.034.002.0", "Nm_Jbt_26": "TK.GELAR", "Status_26": "N", "Fungsi_26": "K", "Lks_Dr_26": "DPS", "Lks_km_26": 1249, "F_STA_26": "828", "Cadin_26": "BULELENG", "Pjg_Jbt_26": 13.3, "Btg_Pjg_26": 13.0, "Jml_Btg_26": "1", "Lb_Jl_Ms26": 6.65, "Lb_Jl_Kl26": 6.65, "Lb_Lalin26": 6.65, "Lb_Bh_Ki26": 0.35, "Lb_Bh_Ka26": 0.25, "Lb_Dr_Ki26": 0.1, "Lb_Dr_Ka26": 0.1, "Lb_Tr_Ki26": 1.0, "Lb_Tr_Ka26": 1.0, "Lb_TS_Ki26": 0.25, "Lb_TS_Ka26": 0.2, "Lb_Med_26": 0.0, "Lbr_Jbt_26": 9.9, "Bgn_Ats_26": "GTP", "Jns_Jbt_26": "STANDAR", "Thn_Bgn_26": "1990", "BA_26": "2", "LNT_26": "2", "BB_26": "1", "DAS_26": "1", "OP_26": "0", "UT_26": "0", "GR_26": "0", "LB_26": "0", "JBT_26": "2", "Tp_Lnts_26": "SUNGAI", "Dt_Lnts_26": "TANAH\/SUNGAI KERING", "Pnangnn_26": "BERKALA", "Pmriksn_26": "RUTIN", "Pnglola_26": "BBPJN JAWA TIMUR - BALI", "Satkr_ID26": "693913", "PPK_Name26": "PPK 2.1", "Traffic_26": "7553", "VCR_26": "0.124", "AADT_26": "7553", "Tipe_Jb_26": "", "Lat_26": -8.163961, "Long_26": 115.448029, "Tgl_Ins_26": "46183", "Ket_26": " " }, "geometry": { "type": "Point", "coordinates": [ 115.448029, -8.163961 ] } },
{ "type": "Feature", "properties": { "FID": 16104, "KDRUAS_UPD": "40034", "NOJBT_UPD": "40.034.004.0", "NM_RUAS_UP": "KUBUTAMBAHAN - KM 124 DPS (BON DALEM\/DS. TEMBOK)", "NM_JBT_UPD": "TK.BAU", "PROVINSI": "BALI", "No_Prov_26": "40", "ID_Jbt_26": "4000282", "Kd_Ruas_26": "40034", "Suffix_26": " ", "Nm_Ruas_26": "KUBUTAMBAHAN - KM 124 DPS (BON DALEM\/DS. TEMBOK)", "Lintas_26": "JALAN LINTAS UTARA", "No_Jbt_26": "40.034.004.0", "Nm_Jbt_26": "TK.BAU", "Status_26": "N", "Fungsi_26": "K", "Lks_Dr_26": "DPS", "Lks_km_26": 1258, "F_STA_26": "1723", "Cadin_26": "BULELENG", "Pjg_Jbt_26": 13.0, "Btg_Pjg_26": 12.83, "Jml_Btg_26": "1", "Lb_Jl_Ms26": 6.3, "Lb_Jl_Kl26": 6.3, "Lb_Lalin26": 6.3, "Lb_Bh_Ki26": 0.45, "Lb_Bh_Ka26": 0.35, "Lb_Dr_Ki26": 0.1, "Lb_Dr_Ka26": 0.1, "Lb_Tr_Ki26": 1.0, "Lb_Tr_Ka26": 1.0, "Lb_TS_Ki26": 0.35, "Lb_TS_Ka26": 0.35, "Lb_Med_26": 0.0, "Lbr_Jbt_26": 10.0, "Bgn_Ats_26": "GTP", "Jns_Jbt_26": "STANDAR", "Thn_Bgn_26": "1990", "BA_26": "1", "LNT_26": "2", "BB_26": "2", "DAS_26": "1", "OP_26": "0", "UT_26": "0", "GR_26": "0", "LB_26": "0", "JBT_26": "2", "Tp_Lnts_26": "SUNGAI", "Dt_Lnts_26": "LURUS", "Pnangnn_26": "BERKALA", "Pmriksn_26": "RUTIN", "Pnglola_26": "BBPJN JAWA TIMUR - BALI", "Satkr_ID26": "693913", "PPK_Name26": "PPK 2.1", "Traffic_26": "7553", "VCR_26": "0.124", "AADT_26": "7553", "Tipe_Jb_26": "", "Lat_26": -8.160086, "Long_26": 115.440933, "Tgl_Ins_26": "46183", "Ket_26": " " }, "geometry": { "type": "Point", "coordinates": [ 115.440933, -8.160086 ] } },
{ "type": "Feature", "properties": { "FID": 16105, "KDRUAS_UPD": "40034", "NOJBT_UPD": "40.034.007.0", "NM_RUAS_UP": "KUBUTAMBAHAN - KM 124 DPS (BON DALEM\/DS. TEMBOK)", "NM_JBT_UPD": "PK.BULAKAN", "PROVINSI": "BALI", "No_Prov_26": "40", "ID_Jbt_26": "4000285", "Kd_Ruas_26": "40034", "Suffix_26": " ", "Nm_Ruas_26": "KUBUTAMBAHAN - KM 124 DPS (BON DALEM\/DS. TEMBOK)", "Lintas_26": "JALAN LINTAS UTARA", "No_Jbt_26": "40.034.007.0", "Nm_Jbt_26": "PK.BULAKAN", "Status_26": "N", "Fungsi_26": "K", "Lks_Dr_26": "DPS", "Lks_km_26": 12725, "F_STA_26": "3194", "Cadin_26": "BULELENG", "Pjg_Jbt_26": 15.2, "Btg_Pjg_26": 14.86, "Jml_Btg_26": "1", "Lb_Jl_Ms26": 5.45, "Lb_Jl_Kl26": 5.45, "Lb_Lalin26": 5.45, "Lb_Bh_Ki26": 0.3, "Lb_Bh_Ka26": 0.25, "Lb_Dr_Ki26": 0.1, "Lb_Dr_Ka26": 0.1, "Lb_Tr_Ki26": 0.45, "Lb_Tr_Ka26": 0.5, "Lb_TS_Ki26": 0.35, "Lb_TS_Ka26": 0.35, "Lb_Med_26": 0.0, "Lbr_Jbt_26": 7.85, "Bgn_Ats_26": "GTP", "Jns_Jbt_26": "STANDAR", "Thn_Bgn_26": "1995", "BA_26": "2", "LNT_26": "2", "BB_26": "1", "DAS_26": "1", "OP_26": "0", "UT_26": "0", "GR_26": "0", "LB_26": "0", "JBT_26": "2", "Tp_Lnts_26": "SUNGAI", "Dt_Lnts_26": "TANAH\/SUNGAI KERING", "Pnangnn_26": "BERKALA", "Pmriksn_26": "RUTIN", "Pnglola_26": "BBPJN JAWA TIMUR - BALI", "Satkr_ID26": "693913", "PPK_Name26": "PPK 2.1", "Traffic_26": "7553", "VCR_26": "0.124", "AADT_26": "7553", "Tipe_Jb_26": "", "Lat_26": -8.155578, "Long_26": 115.428391, "Tgl_Ins_26": "46183", "Ket_26": " " }, "geometry": { "type": "Point", "coordinates": [ 115.428391, -8.155578 ] } },
{ "type": "Feature", "properties": { "FID": 16106, "KDRUAS_UPD": "40034", "NOJBT_UPD": "40.034.010.0", "NM_RUAS_UP": "KUBUTAMBAHAN - KM 124 DPS (BON DALEM\/DS. TEMBOK)", "NM_JBT_UPD": "TK.SEMA", "PROVINSI": "BALI", "No_Prov_26": "40", "ID_Jbt_26": "4000288", "Kd_Ruas_26": "40034", "Suffix_26": " ", "Nm_Ruas_26": "KUBUTAMBAHAN - KM 124 DPS (BON DALEM\/DS. TEMBOK)", "Lintas_26": "JALAN LINTAS UTARA", "No_Jbt_26": "40.034.010.0", "Nm_Jbt_26": "TK.SEMA", "Status_26": "N", "Fungsi_26": "K", "Lks_Dr_26": "DPS", "Lks_km_26": 12863, "F_STA_26": "4528", "Cadin_26": "BULELENG", "Pjg_Jbt_26": 26.1, "Btg_Pjg_26": 26.1, "Jml_Btg_26": "1", "Lb_Jl_Ms26": 5.3, "Lb_Jl_Kl26": 5.3, "Lb_Lalin26": 5.3, "Lb_Bh_Ki26": 0.35, "Lb_Bh_Ka26": 0.35, "Lb_Dr_Ki26": 0.1, "Lb_Dr_Ka26": 0.2, "Lb_Tr_Ki26": 0.5, "Lb_Tr_Ka26": 0.55, "Lb_TS_Ki26": 0.2, "Lb_TS_Ka26": 0.2, "Lb_Med_26": 0.0, "Lbr_Jbt_26": 7.75, "Bgn_Ats_26": "GTP", "Jns_Jbt_26": "STANDAR", "Thn_Bgn_26": "1989", "BA_26": "1", "LNT_26": "1", "BB_26": "1", "DAS_26": "0", "OP_26": "1", "UT_26": "0", "GR_26": "0", "LB_26": "0", "JBT_26": "1", "Tp_Lnts_26": "SUNGAI", "Dt_Lnts_26": "TANAH\/SUNGAI KERING", "Pnangnn_26": "RUTIN", "Pmriksn_26": "DETAIL", "Pnglola_26": "BBPJN JAWA TIMUR - BALI", "Satkr_ID26": "693913", "PPK_Name26": "PPK 2.1", "Traffic_26": "7553", "VCR_26": "0.124", "AADT_26": "7553", "Tipe_Jb_26": "", "Lat_26": -8.152972, "Long_26": 115.416626, "Tgl_Ins_26": "46183", "Ket_26": " " }, "geometry": { "type": "Point", "coordinates": [ 115.416626, -8.152972 ] } },
{ "type": "Feature", "properties": { "FID": 16107, "KDRUAS_UPD": "40034", "NOJBT_UPD": "40.034.012.0", "NM_RUAS_UP": "KUBUTAMBAHAN - KM 124 DPS (BON DALEM\/DS. TEMBOK)", "NM_JBT_UPD": "PK.TEGAL", "PROVINSI": "BALI", "No_Prov_26": "40", "ID_Jbt_26": "4000289", "Kd_Ruas_26": "40034", "Suffix_26": " ", "Nm_Ruas_26": "KUBUTAMBAHAN - KM 124 DPS (BON DALEM\/DS. TEMBOK)", "Lintas_26": "JALAN LINTAS UTARA", "No_Jbt_26": "40.034.012.0", "Nm_Jbt_26": "PK.TEGAL", "Status_26": "N", "Fungsi_26": "K", "Lks_Dr_26": "DPS", "Lks_km_26": 1287, "F_STA_26": "5600", "Cadin_26": "BULELENG", "Pjg_Jbt_26": 8.0, "Btg_Pjg_26": 8.0, "Jml_Btg_26": "1", "Lb_Jl_Ms26": 6.55, "Lb_Jl_Kl26": 6.55, "Lb_Lalin26": 6.55, "Lb_Bh_Ki26": 0.3, "Lb_Bh_Ka26": 0.3, "Lb_Dr_Ki26": 0.0, "Lb_Dr_Ka26": 0.0, "Lb_Tr_Ki26": 0.0, "Lb_Tr_Ka26": 0.0, "Lb_TS_Ki26": 0.55, "Lb_TS_Ka26": 0.55, "Lb_Med_26": 0.0, "Lbr_Jbt_26": 8.25, "Bgn_Ats_26": "ETP", "Jns_Jbt_26": "STANDAR", "Thn_Bgn_26": "1965", "BA_26": "2", "LNT_26": "1", "BB_26": "0", "DAS_26": "0", "OP_26": "1", "UT_26": "0", "GR_26": "0", "LB_26": "0", "JBT_26": "2", "Tp_Lnts_26": "SUNGAI", "Dt_Lnts_26": "TANAH\/SUNGAI KERING", "Pnangnn_26": "RUTIN", "Pmriksn_26": "DETAIL", "Pnglola_26": "BBPJN JAWA TIMUR - BALI", "Satkr_ID26": "693913", "PPK_Name26": "PPK 2.1", "Traffic_26": "7553", "VCR_26": "0.124", "AADT_26": "7553", "Tipe_Jb_26": "", "Lat_26": -8.149118, "Long_26": 115.407692, "Tgl_Ins_26": "46183", "Ket_26": " " }, "geometry": { "type": "Point", "coordinates": [ 115.407692, -8.149118 ] } },
{ "type": "Feature", "properties": { "FID": 16108, "KDRUAS_UPD": "40034", "NOJBT_UPD": "40.034.013.0", "NM_RUAS_UP": "KUBUTAMBAHAN - KM 124 DPS (BON DALEM\/DS. TEMBOK)", "NM_JBT_UPD": "TK.PETUNG", "PROVINSI": "BALI", "No_Prov_26": "40", "ID_Jbt_26": "4000290", "Kd_Ruas_26": "40034", "Suffix_26": " ", "Nm_Ruas_26": "KUBUTAMBAHAN - KM 124 DPS (BON DALEM\/DS. TEMBOK)", "Lintas_26": "JALAN LINTAS UTARA", "No_Jbt_26": "40.034.013.0", "Nm_Jbt_26": "TK.PETUNG", "Status_26": "N", "Fungsi_26": "K", "Lks_Dr_26": "DPS", "Lks_km_26": 1301, "F_STA_26": "6000", "Cadin_26": "BULELENG", "Pjg_Jbt_26": 11.6, "Btg_Pjg_26": 11.6, "Jml_Btg_26": "2", "Lb_Jl_Ms26": 6.55, "Lb_Jl_Kl26": 6.55, "Lb_Lalin26": 6.55, "Lb_Bh_Ki26": 0.3, "Lb_Bh_Ka26": 0.3, "Lb_Dr_Ki26": 0.0, "Lb_Dr_Ka26": 0.0, "Lb_Tr_Ki26": 0.0, "Lb_Tr_Ka26": 0.0, "Lb_TS_Ki26": 0.45, "Lb_TS_Ka26": 0.45, "Lb_Med_26": 0.0, "Lbr_Jbt_26": 8.05, "Bgn_Ats_26": "ETP", "Jns_Jbt_26": "STANDAR", "Thn_Bgn_26": "1993", "BA_26": "2", "LNT_26": "2", "BB_26": "2", "DAS_26": "1", "OP_26": "0", "UT_26": "0", "GR_26": "0", "LB_26": "0", "JBT_26": "2", "Tp_Lnts_26": "SUNGAI", "Dt_Lnts_26": "TANAH\/SUNGAI KERING", "Pnangnn_26": "BERKALA", "Pmriksn_26": "RUTIN", "Pnglola_26": "BBPJN JAWA TIMUR - BALI", "Satkr_ID26": "693913", "PPK_Name26": "PPK 2.1", "Traffic_26": "7553", "VCR_26": "0.124", "AADT_26": "7553", "Tipe_Jb_26": "", "Lat_26": -8.147576, "Long_26": 115.404404, "Tgl_Ins_26": "46183", "Ket_26": " " }, "geometry": { "type": "Point", "coordinates": [ 115.404404, -8.147576 ] } },
{ "type": "Feature", "properties": { "FID": 16109, "KDRUAS_UPD": "40034", "NOJBT_UPD": "40.034.014.0", "NM_RUAS_UP": "KUBUTAMBAHAN - KM 124 DPS (BON DALEM\/DS. TEMBOK)", "NM_JBT_UPD": "TK.AMBENGAN", "PROVINSI": "BALI", "No_Prov_26": "40", "ID_Jbt_26": "4000291", "Kd_Ruas_26": "40034", "Suffix_26": " ", "Nm_Ruas_26": "KUBUTAMBAHAN - KM 124 DPS (BON DALEM\/DS. TEMBOK)", "Lintas_26": "JALAN LINTAS UTARA", "No_Jbt_26": "40.034.014.0", "Nm_Jbt_26": "TK.AMBENGAN", "Status_26": "N", "Fungsi_26": "K", "Lks_Dr_26": "DPS", "Lks_km_26": 13147, "F_STA_26": "7363", "Cadin_26": "BULELENG", "Pjg_Jbt_26": 13.0, "Btg_Pjg_26": 12.62, "Jml_Btg_26": "1", "Lb_Jl_Ms26": 6.35, "Lb_Jl_Kl26": 6.35, "Lb_Lalin26": 6.35, "Lb_Bh_Ki26": 0.5, "Lb_Bh_Ka26": 0.45, "Lb_Dr_Ki26": 0.1, "Lb_Dr_Ka26": 0.1, "Lb_Tr_Ki26": 0.8, "Lb_Tr_Ka26": 0.8, "Lb_TS_Ki26": 0.3, "Lb_TS_Ka26": 0.3, "Lb_Med_26": 0.0, "Lbr_Jbt_26": 9.7, "Bgn_Ats_26": "GTP", "Jns_Jbt_26": "STANDAR", "Thn_Bgn_26": "1984", "BA_26": "2", "LNT_26": "2", "BB_26": "1", "DAS_26": "1", "OP_26": "0", "UT_26": "0", "GR_26": "0", "LB_26": "0", "JBT_26": "2", "Tp_Lnts_26": "SUNGAI", "Dt_Lnts_26": "TANAH\/SUNGAI KERING", "Pnangnn_26": "BERKALA", "Pmriksn_26": "RUTIN", "Pnglola_26": "BBPJN JAWA TIMUR - BALI", "Satkr_ID26": "693913", "PPK_Name26": "PPK 2.1", "Traffic_26": "7553", "VCR_26": "0.124", "AADT_26": "7553", "Tipe_Jb_26": "", "Lat_26": -8.142715, "Long_26": 115.39315, "Tgl_Ins_26": "46183", "Ket_26": " " }, "geometry": { "type": "Point", "coordinates": [ 115.39315, -8.142715 ] } },
{ "type": "Feature", "properties": { "FID": 16110, "KDRUAS_UPD": "40034", "NOJBT_UPD": "40.034.015.0", "NM_RUAS_UP": "KUBUTAMBAHAN - KM 124 DPS (BON DALEM\/DS. TEMBOK)", "NM_JBT_UPD": "TK.PINTU", "PROVINSI": "BALI", "No_Prov_26": "40", "ID_Jbt_26": "4000292", "Kd_Ruas_26": "40034", "Suffix_26": " ", "Nm_Ruas_26": "KUBUTAMBAHAN - KM 124 DPS (BON DALEM\/DS. TEMBOK)", "Lintas_26": "JALAN LINTAS UTARA", "No_Jbt_26": "40.034.015.0", "Nm_Jbt_26": "TK.PINTU", "Status_26": "N", "Fungsi_26": "K", "Lks_Dr_26": "DPS", "Lks_km_26": 13165, "F_STA_26": "7554", "Cadin_26": "BULELENG", "Pjg_Jbt_26": 13.9, "Btg_Pjg_26": 13.9, "Jml_Btg_26": "1", "Lb_Jl_Ms26": 5.95, "Lb_Jl_Kl26": 5.95, "Lb_Lalin26": 5.95, "Lb_Bh_Ki26": 0.7, "Lb_Bh_Ka26": 0.35, "Lb_Dr_Ki26": 0.0, "Lb_Dr_Ka26": 0.0, "Lb_Tr_Ki26": 1.0, "Lb_Tr_Ka26": 1.0, "Lb_TS_Ki26": 0.35, "Lb_TS_Ka26": 0.35, "Lb_Med_26": 0.0, "Lbr_Jbt_26": 9.7, "Bgn_Ats_26": "ETP", "Jns_Jbt_26": "STANDAR", "Thn_Bgn_26": "1965", "BA_26": "2", "LNT_26": "1", "BB_26": "0", "DAS_26": "2", "OP_26": "1", "UT_26": "0", "GR_26": "0", "LB_26": "0", "JBT_26": "2", "Tp_Lnts_26": "SUNGAI", "Dt_Lnts_26": "TANAH\/SUNGAI KERING", "Pnangnn_26": "RUTIN", "Pmriksn_26": "RUTIN", "Pnglola_26": "BBPJN JAWA TIMUR - BALI", "Satkr_ID26": "693913", "PPK_Name26": "PPK 2.1", "Traffic_26": "7553", "VCR_26": "0.124", "AADT_26": "7553", "Tipe_Jb_26": "", "Lat_26": -8.142167, "Long_26": 115.39151, "Tgl_Ins_26": "46183", "Ket_26": " " }, "geometry": { "type": "Point", "coordinates": [ 115.39151, -8.142167 ] } },
{ "type": "Feature", "properties": { "FID": 16111, "KDRUAS_UPD": "40034", "NOJBT_UPD": "40.034.016.0", "NM_RUAS_UP": "KUBUTAMBAHAN - KM 124 DPS (BON DALEM\/DS. TEMBOK)", "NM_JBT_UPD": "TK.PEMANJANGAN", "PROVINSI": "BALI", "No_Prov_26": "40", "ID_Jbt_26": "4000293", "Kd_Ruas_26": "40034", "Suffix_26": " ", "Nm_Ruas_26": "KUBUTAMBAHAN - KM 124 DPS (BON DALEM\/DS. TEMBOK)", "Lintas_26": "JALAN LINTAS UTARA", "No_Jbt_26": "40.034.016.0", "Nm_Jbt_26": "TK.PEMANJANGAN", "Status_26": "N", "Fungsi_26": "K", "Lks_Dr_26": "DPS", "Lks_km_26": 13255, "F_STA_26": "7940", "Cadin_26": "BULELENG", "Pjg_Jbt_26": 10.1, "Btg_Pjg_26": 7.6, "Jml_Btg_26": "1", "Lb_Jl_Ms26": 6.05, "Lb_Jl_Kl26": 6.05, "Lb_Lalin26": 6.05, "Lb_Bh_Ki26": 0.4, "Lb_Bh_Ka26": 0.45, "Lb_Dr_Ki26": 0.1, "Lb_Dr_Ka26": 0.1, "Lb_Tr_Ki26": 1.0, "Lb_Tr_Ka26": 1.0, "Lb_TS_Ki26": 0.25, "Lb_TS_Ka26": 0.25, "Lb_Med_26": 0.0, "Lbr_Jbt_26": 9.6, "Bgn_Ats_26": "GTP", "Jns_Jbt_26": "STANDAR", "Thn_Bgn_26": "1984", "BA_26": "2", "LNT_26": "2", "BB_26": "1", "DAS_26": "1", "OP_26": "0", "UT_26": "0", "GR_26": "0", "LB_26": "0", "JBT_26": "2", "Tp_Lnts_26": "SUNGAI", "Dt_Lnts_26": "TANAH\/SUNGAI KERING", "Pnangnn_26": "BERKALA", "Pmriksn_26": "RUTIN", "Pnglola_26": "BBPJN JAWA TIMUR - BALI", "Satkr_ID26": "693913", "PPK_Name26": "PPK 2.1", "Traffic_26": "7553", "VCR_26": "0.124", "AADT_26": "7553", "Tipe_Jb_26": "", "Lat_26": -8.141075, "Long_26": 115.388184, "Tgl_Ins_26": "46184", "Ket_26": " " }, "geometry": { "type": "Point", "coordinates": [ 115.388184, -8.141075 ] } },
{ "type": "Feature", "properties": { "FID": 16112, "KDRUAS_UPD": "40034", "NOJBT_UPD": "40.034.017.0", "NM_RUAS_UP": "KUBUTAMBAHAN - KM 124 DPS (BON DALEM\/DS. TEMBOK)", "NM_JBT_UPD": "TK.PENGGAGASAN", "PROVINSI": "BALI", "No_Prov_26": "40", "ID_Jbt_26": "4000294", "Kd_Ruas_26": "40034", "Suffix_26": " ", "Nm_Ruas_26": "KUBUTAMBAHAN - KM 124 DPS (BON DALEM\/DS. TEMBOK)", "Lintas_26": "JALAN LINTAS UTARA", "No_Jbt_26": "40.034.017.0", "Nm_Jbt_26": "TK.PENGGAGASAN", "Status_26": "N", "Fungsi_26": "K", "Lks_Dr_26": "DPS", "Lks_km_26": 1331, "F_STA_26": "9022", "Cadin_26": "BULELENG", "Pjg_Jbt_26": 15.3, "Btg_Pjg_26": 14.8, "Jml_Btg_26": "1", "Lb_Jl_Ms26": 6.3, "Lb_Jl_Kl26": 6.3, "Lb_Lalin26": 6.3, "Lb_Bh_Ki26": 0.4, "Lb_Bh_Ka26": 0.3, "Lb_Dr_Ki26": 0.15, "Lb_Dr_Ka26": 0.15, "Lb_Tr_Ki26": 1.0, "Lb_Tr_Ka26": 1.0, "Lb_TS_Ki26": 0.3, "Lb_TS_Ka26": 0.25, "Lb_Med_26": 0.0, "Lbr_Jbt_26": 9.85, "Bgn_Ats_26": "GTP", "Jns_Jbt_26": "STANDAR", "Thn_Bgn_26": "1993", "BA_26": "2", "LNT_26": "1", "BB_26": "2", "DAS_26": "1", "OP_26": "0", "UT_26": "0", "GR_26": "0", "LB_26": "0", "JBT_26": "2", "Tp_Lnts_26": "SUNGAI", "Dt_Lnts_26": "TANAH\/SUNGAI KERING", "Pnangnn_26": "BERKALA", "Pmriksn_26": "RUTIN", "Pnglola_26": "BBPJN JAWA TIMUR - BALI", "Satkr_ID26": "693913", "PPK_Name26": "PPK 2.1", "Traffic_26": "7553", "VCR_26": "0.124", "AADT_26": "7553", "Tipe_Jb_26": "", "Lat_26": -8.137975, "Long_26": 115.378906, "Tgl_Ins_26": "46184", "Ket_26": " " }, "geometry": { "type": "Point", "coordinates": [ 115.378906, -8.137975 ] } },
{ "type": "Feature", "properties": { "FID": 16113, "KDRUAS_UPD": "40034", "NOJBT_UPD": "40.034.018.0", "NM_RUAS_UP": "KUBUTAMBAHAN - KM 124 DPS (BON DALEM\/DS. TEMBOK)", "NM_JBT_UPD": "TLB.LES", "PROVINSI": "BALI", "No_Prov_26": "40", "ID_Jbt_26": "4000295", "Kd_Ruas_26": "40034", "Suffix_26": " ", "Nm_Ruas_26": "KUBUTAMBAHAN - KM 124 DPS (BON DALEM\/DS. TEMBOK)", "Lintas_26": "JALAN LINTAS UTARA", "No_Jbt_26": "40.034.018.0", "Nm_Jbt_26": "TLB.LES", "Status_26": "N", "Fungsi_26": "K", "Lks_Dr_26": "DPS", "Lks_km_26": 135, "F_STA_26": "10928", "Cadin_26": "BULELENG", "Pjg_Jbt_26": 8.0, "Btg_Pjg_26": 7.8, "Jml_Btg_26": "1", "Lb_Jl_Ms26": 5.7, "Lb_Jl_Kl26": 5.7, "Lb_Lalin26": 5.7, "Lb_Bh_Ki26": 0.25, "Lb_Bh_Ka26": 0.25, "Lb_Dr_Ki26": 0.0, "Lb_Dr_Ka26": 0.0, "Lb_Tr_Ki26": 0.5, "Lb_Tr_Ka26": 0.5, "Lb_TS_Ki26": 0.3, "Lb_TS_Ka26": 0.3, "Lb_Med_26": 0.0, "Lbr_Jbt_26": 7.8, "Bgn_Ats_26": "GTP", "Jns_Jbt_26": "STANDAR", "Thn_Bgn_26": "1995", "BA_26": "2", "LNT_26": "1", "BB_26": "1", "DAS_26": "1", "OP_26": "0", "UT_26": "0", "GR_26": "0", "LB_26": "0", "JBT_26": "2", "Tp_Lnts_26": "SUNGAI", "Dt_Lnts_26": "TANAH\/SUNGAI KERING", "Pnangnn_26": "RUTIN", "Pmriksn_26": "RUTIN", "Pnglola_26": "BBPJN JAWA TIMUR - BALI", "Satkr_ID26": "693913", "PPK_Name26": "PPK 2.1", "Traffic_26": "7553", "VCR_26": "0.124", "AADT_26": "7553", "Tipe_Jb_26": "", "Lat_26": -8.134471, "Long_26": 115.362015, "Tgl_Ins_26": "46184", "Ket_26": " " }, "geometry": { "type": "Point", "coordinates": [ 115.362015, -8.134471 ] } },
{ "type": "Feature", "properties": { "FID": 16114, "KDRUAS_UPD": "40034", "NOJBT_UPD": "40.034.020.0", "NM_RUAS_UP": "KUBUTAMBAHAN - KM 124 DPS (BON DALEM\/DS. TEMBOK)", "NM_JBT_UPD": "TK.ANYAR", "PROVINSI": "BALI", "No_Prov_26": "40", "ID_Jbt_26": "4000297", "Kd_Ruas_26": "40034", "Suffix_26": " ", "Nm_Ruas_26": "KUBUTAMBAHAN - KM 124 DPS (BON DALEM\/DS. TEMBOK)", "Lintas_26": "JALAN LINTAS UTARA", "No_Jbt_26": "40.034.020.0", "Nm_Jbt_26": "TK.ANYAR", "Status_26": "N", "Fungsi_26": "K", "Lks_Dr_26": "DPS", "Lks_km_26": 13579, "F_STA_26": "12873", "Cadin_26": "BULELENG", "Pjg_Jbt_26": 25.8, "Btg_Pjg_26": 25.8, "Jml_Btg_26": "1", "Lb_Jl_Ms26": 6.35, "Lb_Jl_Kl26": 6.35, "Lb_Lalin26": 6.35, "Lb_Bh_Ki26": 0.2, "Lb_Bh_Ka26": 0.35, "Lb_Dr_Ki26": 0.1, "Lb_Dr_Ka26": 0.1, "Lb_Tr_Ki26": 1.25, "Lb_Tr_Ka26": 1.15, "Lb_TS_Ki26": 0.2, "Lb_TS_Ka26": 0.2, "Lb_Med_26": 0.0, "Lbr_Jbt_26": 9.9, "Bgn_Ats_26": "GBP", "Jns_Jbt_26": "STANDAR", "Thn_Bgn_26": "1992", "BA_26": "2", "LNT_26": "2", "BB_26": "2", "DAS_26": "2", "OP_26": "0", "UT_26": "0", "GR_26": "0", "LB_26": "0", "JBT_26": "2", "Tp_Lnts_26": "SUNGAI", "Dt_Lnts_26": "TANAH\/SUNGAI KERING", "Pnangnn_26": "RUTIN", "Pmriksn_26": "DETAIL", "Pnglola_26": "BBPJN JAWA TIMUR - BALI", "Satkr_ID26": "693913", "PPK_Name26": "PPK 2.1", "Traffic_26": "7553", "VCR_26": "0.124", "AADT_26": "7553", "Tipe_Jb_26": "", "Lat_26": -8.127427, "Long_26": 115.345955, "Tgl_Ins_26": "46184", "Ket_26": " " }, "geometry": { "type": "Point", "coordinates": [ 115.345955, -8.127427 ] } },
{ "type": "Feature", "properties": { "FID": 16115, "KDRUAS_UPD": "40034", "NOJBT_UPD": "40.034.021.0", "NM_RUAS_UP": "KUBUTAMBAHAN - KM 124 DPS (BON DALEM\/DS. TEMBOK)", "NM_JBT_UPD": "TK.LALANG", "PROVINSI": "BALI", "No_Prov_26": "40", "ID_Jbt_26": "4000298", "Kd_Ruas_26": "40034", "Suffix_26": " ", "Nm_Ruas_26": "KUBUTAMBAHAN - KM 124 DPS (BON DALEM\/DS. TEMBOK)", "Lintas_26": "JALAN LINTAS UTARA", "No_Jbt_26": "40.034.021.0", "Nm_Jbt_26": "TK.LALANG", "Status_26": "N", "Fungsi_26": "K", "Lks_Dr_26": "DPS", "Lks_km_26": 13846, "F_STA_26": "14352", "Cadin_26": "BULELENG", "Pjg_Jbt_26": 30.4, "Btg_Pjg_26": 30.4, "Jml_Btg_26": "1", "Lb_Jl_Ms26": 6.35, "Lb_Jl_Kl26": 6.35, "Lb_Lalin26": 6.35, "Lb_Bh_Ki26": 0.2, "Lb_Bh_Ka26": 0.3, "Lb_Dr_Ki26": 0.1, "Lb_Dr_Ka26": 0.05, "Lb_Tr_Ki26": 1.25, "Lb_Tr_Ka26": 1.25, "Lb_TS_Ki26": 0.2, "Lb_TS_Ka26": 0.2, "Lb_Med_26": 0.0, "Lbr_Jbt_26": 9.9, "Bgn_Ats_26": "GBP", "Jns_Jbt_26": "STANDAR", "Thn_Bgn_26": "1992", "BA_26": "2", "LNT_26": "2", "BB_26": "2", "DAS_26": "0", "OP_26": "2", "UT_26": "0", "GR_26": "0", "LB_26": "0", "JBT_26": "2", "Tp_Lnts_26": "SUNGAI", "Dt_Lnts_26": "TANAH\/SUNGAI KERING", "Pnangnn_26": "RUTIN", "Pmriksn_26": "DETAIL", "Pnglola_26": "BBPJN JAWA TIMUR - BALI", "Satkr_ID26": "693913", "PPK_Name26": "PPK 2.1", "Traffic_26": "7553", "VCR_26": "0.124", "AADT_26": "7553", "Tipe_Jb_26": "", "Lat_26": -8.121998, "Long_26": 115.33401, "Tgl_Ins_26": "46184", "Ket_26": " " }, "geometry": { "type": "Point", "coordinates": [ 115.33401, -8.121998 ] } },
{ "type": "Feature", "properties": { "FID": 16116, "KDRUAS_UPD": "40034", "NOJBT_UPD": "40.034.022.0", "NM_RUAS_UP": "KUBUTAMBAHAN - KM 124 DPS (BON DALEM\/DS. TEMBOK)", "NM_JBT_UPD": "TK.TEGAL LINGGAH", "PROVINSI": "BALI", "No_Prov_26": "40", "ID_Jbt_26": "4000299", "Kd_Ruas_26": "40034", "Suffix_26": " ", "Nm_Ruas_26": "KUBUTAMBAHAN - KM 124 DPS (BON DALEM\/DS. TEMBOK)", "Lintas_26": "JALAN LINTAS UTARA", "No_Jbt_26": "40.034.022.0", "Nm_Jbt_26": "TK.TEGAL LINGGAH", "Status_26": "N", "Fungsi_26": "K", "Lks_Dr_26": "DPS", "Lks_km_26": 13865, "F_STA_26": "14567", "Cadin_26": "BULELENG", "Pjg_Jbt_26": 8.1, "Btg_Pjg_26": 8.1, "Jml_Btg_26": "1", "Lb_Jl_Ms26": 5.45, "Lb_Jl_Kl26": 5.45, "Lb_Lalin26": 5.45, "Lb_Bh_Ki26": 0.35, "Lb_Bh_Ka26": 0.25, "Lb_Dr_Ki26": 0.1, "Lb_Dr_Ka26": 0.1, "Lb_Tr_Ki26": 0.5, "Lb_Tr_Ka26": 0.5, "Lb_TS_Ki26": 0.3, "Lb_TS_Ka26": 0.25, "Lb_Med_26": 0.0, "Lbr_Jbt_26": 7.8, "Bgn_Ats_26": "GTP", "Jns_Jbt_26": "STANDAR", "Thn_Bgn_26": "1994", "BA_26": "2", "LNT_26": "2", "BB_26": "0", "DAS_26": "2", "OP_26": "1", "UT_26": "0", "GR_26": "0", "LB_26": "0", "JBT_26": "2", "Tp_Lnts_26": "SUNGAI", "Dt_Lnts_26": "TANAH\/SUNGAI KERING", "Pnangnn_26": "RUTIN", "Pmriksn_26": "DETAIL", "Pnglola_26": "BBPJN JAWA TIMUR - BALI", "Satkr_ID26": "693913", "PPK_Name26": "PPK 2.1", "Traffic_26": "7553", "VCR_26": "0.124", "AADT_26": "7553", "Tipe_Jb_26": "", "Lat_26": -8.121486, "Long_26": 115.33213, "Tgl_Ins_26": "46184", "Ket_26": " " }, "geometry": { "type": "Point", "coordinates": [ 115.33213, -8.121486 ] } },
{ "type": "Feature", "properties": { "FID": 16117, "KDRUAS_UPD": "40034", "NOJBT_UPD": "40.034.026.0", "NM_RUAS_UP": "KUBUTAMBAHAN - KM 124 DPS (BON DALEM\/DS. TEMBOK)", "NM_JBT_UPD": "TK.DESA II", "PROVINSI": "BALI", "No_Prov_26": "40", "ID_Jbt_26": "4000302", "Kd_Ruas_26": "40034", "Suffix_26": " ", "Nm_Ruas_26": "KUBUTAMBAHAN - KM 124 DPS (BON DALEM\/DS. TEMBOK)", "Lintas_26": "JALAN LINTAS UTARA", "No_Jbt_26": "40.034.026.0", "Nm_Jbt_26": "TK.DESA II", "Status_26": "N", "Fungsi_26": "K", "Lks_Dr_26": "DPS", "Lks_km_26": 13995, "F_STA_26": "15839", "Cadin_26": "BULELENG", "Pjg_Jbt_26": 14.7, "Btg_Pjg_26": 14.65, "Jml_Btg_26": "1", "Lb_Jl_Ms26": 6.2, "Lb_Jl_Kl26": 6.2, "Lb_Lalin26": 6.2, "Lb_Bh_Ki26": 0.4, "Lb_Bh_Ka26": 0.35, "Lb_Dr_Ki26": 0.1, "Lb_Dr_Ka26": 0.1, "Lb_Tr_Ki26": 0.95, "Lb_Tr_Ka26": 1.0, "Lb_TS_Ki26": 0.3, "Lb_TS_Ka26": 0.3, "Lb_Med_26": 0.0, "Lbr_Jbt_26": 9.7, "Bgn_Ats_26": "GTP", "Jns_Jbt_26": "STANDAR", "Thn_Bgn_26": "1982", "BA_26": "2", "LNT_26": "2", "BB_26": "2", "DAS_26": "1", "OP_26": "0", "UT_26": "0", "GR_26": "0", "LB_26": "0", "JBT_26": "2", "Tp_Lnts_26": "SUNGAI", "Dt_Lnts_26": "TANAH\/SUNGAI KERING", "Pnangnn_26": "BERKALA", "Pmriksn_26": "RUTIN", "Pnglola_26": "BBPJN JAWA TIMUR - BALI", "Satkr_ID26": "693913", "PPK_Name26": "PPK 2.1", "Traffic_26": "7553", "VCR_26": "0.124", "AADT_26": "7553", "Tipe_Jb_26": "", "Lat_26": -8.119319, "Long_26": 115.320801, "Tgl_Ins_26": "46184", "Ket_26": " " }, "geometry": { "type": "Point", "coordinates": [ 115.320801, -8.119319 ] } },
{ "type": "Feature", "properties": { "FID": 16118, "KDRUAS_UPD": "40034", "NOJBT_UPD": "40.034.029.0", "NM_RUAS_UP": "KUBUTAMBAHAN - KM 124 DPS (BON DALEM\/DS. TEMBOK)", "NM_JBT_UPD": "TK.PUANA", "PROVINSI": "BALI", "No_Prov_26": "40", "ID_Jbt_26": "4000303", "Kd_Ruas_26": "40034", "Suffix_26": " ", "Nm_Ruas_26": "KUBUTAMBAHAN - KM 124 DPS (BON DALEM\/DS. TEMBOK)", "Lintas_26": "JALAN LINTAS UTARA", "No_Jbt_26": "40.034.029.0", "Nm_Jbt_26": "TK.PUANA", "Status_26": "N", "Fungsi_26": "K", "Lks_Dr_26": "DPS", "Lks_km_26": 1418, "F_STA_26": "17681", "Cadin_26": "BULELENG", "Pjg_Jbt_26": 10.2, "Btg_Pjg_26": 10.2, "Jml_Btg_26": "1", "Lb_Jl_Ms26": 6.2, "Lb_Jl_Kl26": 6.2, "Lb_Lalin26": 6.2, "Lb_Bh_Ki26": 0.4, "Lb_Bh_Ka26": 0.4, "Lb_Dr_Ki26": 0.0, "Lb_Dr_Ka26": 0.0, "Lb_Tr_Ki26": 1.0, "Lb_Tr_Ka26": 1.0, "Lb_TS_Ki26": 0.25, "Lb_TS_Ka26": 0.25, "Lb_Med_26": 0.0, "Lbr_Jbt_26": 9.5, "Bgn_Ats_26": "GTP", "Jns_Jbt_26": "STANDAR", "Thn_Bgn_26": "1982", "BA_26": "2", "LNT_26": "2", "BB_26": "2", "DAS_26": "0", "OP_26": "1", "UT_26": "0", "GR_26": "0", "LB_26": "0", "JBT_26": "2", "Tp_Lnts_26": "SUNGAI", "Dt_Lnts_26": "TANAH\/SUNGAI KERING", "Pnangnn_26": "RUTIN", "Pmriksn_26": "DETAIL", "Pnglola_26": "BBPJN JAWA TIMUR - BALI", "Satkr_ID26": "693913", "PPK_Name26": "PPK 2.1", "Traffic_26": "7553", "VCR_26": "0.124", "AADT_26": "7553", "Tipe_Jb_26": "", "Lat_26": -8.114053, "Long_26": 115.305046, "Tgl_Ins_26": "46184", "Ket_26": " " }, "geometry": { "type": "Point", "coordinates": [ 115.305046, -8.114053 ] } },
{ "type": "Feature", "properties": { "FID": 16119, "KDRUAS_UPD": "40034", "NOJBT_UPD": "40.034.030.0", "NM_RUAS_UP": "KUBUTAMBAHAN - KM 124 DPS (BON DALEM\/DS. TEMBOK)", "NM_JBT_UPD": "TK.BANGKEH II", "PROVINSI": "BALI", "No_Prov_26": "40", "ID_Jbt_26": "4000304", "Kd_Ruas_26": "40034", "Suffix_26": " ", "Nm_Ruas_26": "KUBUTAMBAHAN - KM 124 DPS (BON DALEM\/DS. TEMBOK)", "Lintas_26": "JALAN LINTAS UTARA", "No_Jbt_26": "40.034.030.0", "Nm_Jbt_26": "TK.BANGKEH II", "Status_26": "N", "Fungsi_26": "K", "Lks_Dr_26": "DPS", "Lks_km_26": 1429, "F_STA_26": "18821", "Cadin_26": "BULELENG", "Pjg_Jbt_26": 9.4, "Btg_Pjg_26": 9.0, "Jml_Btg_26": "1", "Lb_Jl_Ms26": 6.15, "Lb_Jl_Kl26": 6.15, "Lb_Lalin26": 6.15, "Lb_Bh_Ki26": 0.55, "Lb_Bh_Ka26": 0.35, "Lb_Dr_Ki26": 0.1, "Lb_Dr_Ka26": 0.1, "Lb_Tr_Ki26": 1.05, "Lb_Tr_Ka26": 1.0, "Lb_TS_Ki26": 0.3, "Lb_TS_Ka26": 0.3, "Lb_Med_26": 0.0, "Lbr_Jbt_26": 9.9, "Bgn_Ats_26": "GTP", "Jns_Jbt_26": "STANDAR", "Thn_Bgn_26": "1990", "BA_26": "1", "LNT_26": "1", "BB_26": "1", "DAS_26": "1", "OP_26": "0", "UT_26": "0", "GR_26": "0", "LB_26": "0", "JBT_26": "1", "Tp_Lnts_26": "SUNGAI", "Dt_Lnts_26": "TANAH\/SUNGAI KERING", "Pnangnn_26": "RUTIN", "Pmriksn_26": "RUTIN", "Pnglola_26": "BBPJN JAWA TIMUR - BALI", "Satkr_ID26": "693913", "PPK_Name26": "PPK 2.1", "Traffic_26": "7553", "VCR_26": "0.124", "AADT_26": "7553", "Tipe_Jb_26": "", "Lat_26": -8.110621, "Long_26": 115.295349, "Tgl_Ins_26": "46184", "Ket_26": " " }, "geometry": { "type": "Point", "coordinates": [ 115.295349, -8.110621 ] } },
{ "type": "Feature", "properties": { "FID": 16120, "KDRUAS_UPD": "40034", "NOJBT_UPD": "40.034.031.0", "NM_RUAS_UP": "KUBUTAMBAHAN - KM 124 DPS (BON DALEM\/DS. TEMBOK)", "NM_JBT_UPD": "PK.PANGPANG", "PROVINSI": "BALI", "No_Prov_26": "40", "ID_Jbt_26": "4000305", "Kd_Ruas_26": "40034", "Suffix_26": " ", "Nm_Ruas_26": "KUBUTAMBAHAN - KM 124 DPS (BON DALEM\/DS. TEMBOK)", "Lintas_26": "JALAN LINTAS UTARA", "No_Jbt_26": "40.034.031.0", "Nm_Jbt_26": "PK.PANGPANG", "Status_26": "N", "Fungsi_26": "K", "Lks_Dr_26": "DPS", "Lks_km_26": 14351, "F_STA_26": "19425", "Cadin_26": "BULELENG", "Pjg_Jbt_26": 7.9, "Btg_Pjg_26": 7.82, "Jml_Btg_26": "1", "Lb_Jl_Ms26": 7.1, "Lb_Jl_Kl26": 7.1, "Lb_Lalin26": 7.1, "Lb_Bh_Ki26": 0.0, "Lb_Bh_Ka26": 0.0, "Lb_Dr_Ki26": 0.1, "Lb_Dr_Ka26": 0.1, "Lb_Tr_Ki26": 1.0, "Lb_Tr_Ka26": 1.0, "Lb_TS_Ki26": 0.4, "Lb_TS_Ka26": 0.4, "Lb_Med_26": 0.0, "Lbr_Jbt_26": 10.1, "Bgn_Ats_26": "GTP", "Jns_Jbt_26": "STANDAR", "Thn_Bgn_26": "1986", "BA_26": "2", "LNT_26": "2", "BB_26": "2", "DAS_26": "1", "OP_26": "0", "UT_26": "0", "GR_26": "0", "LB_26": "0", "JBT_26": "2", "Tp_Lnts_26": "SUNGAI", "Dt_Lnts_26": "TANAH\/SUNGAI KERING", "Pnangnn_26": "BERKALA", "Pmriksn_26": "RUTIN", "Pnglola_26": "BBPJN JAWA TIMUR - BALI", "Satkr_ID26": "693913", "PPK_Name26": "PPK 2.1", "Traffic_26": "7553", "VCR_26": "0.124", "AADT_26": "7553", "Tipe_Jb_26": "", "Lat_26": -8.107828, "Long_26": 115.290642, "Tgl_Ins_26": "46184", "Ket_26": " " }, "geometry": { "type": "Point", "coordinates": [ 115.290642, -8.107828 ] } },
{ "type": "Feature", "properties": { "FID": 16121, "KDRUAS_UPD": "40034", "NOJBT_UPD": "40.034.032.0", "NM_RUAS_UP": "KUBUTAMBAHAN - KM 124 DPS (BON DALEM\/DS. TEMBOK)", "NM_JBT_UPD": "TK.BAYAD", "PROVINSI": "BALI", "No_Prov_26": "40", "ID_Jbt_26": "4000306", "Kd_Ruas_26": "40034", "Suffix_26": " ", "Nm_Ruas_26": "KUBUTAMBAHAN - KM 124 DPS (BON DALEM\/DS. TEMBOK)", "Lintas_26": "JALAN LINTAS UTARA", "No_Jbt_26": "40.034.032.0", "Nm_Jbt_26": "TK.BAYAD", "Status_26": "N", "Fungsi_26": "K", "Lks_Dr_26": "DPS", "Lks_km_26": 14435, "F_STA_26": "20237", "Cadin_26": "BULELENG", "Pjg_Jbt_26": 15.9, "Btg_Pjg_26": 15.85, "Jml_Btg_26": "1", "Lb_Jl_Ms26": 7.0, "Lb_Jl_Kl26": 7.0, "Lb_Lalin26": 7.0, "Lb_Bh_Ki26": 0.0, "Lb_Bh_Ka26": 0.0, "Lb_Dr_Ki26": 0.1, "Lb_Dr_Ka26": 0.1, "Lb_Tr_Ki26": 1.0, "Lb_Tr_Ka26": 1.0, "Lb_TS_Ki26": 0.35, "Lb_TS_Ka26": 0.35, "Lb_Med_26": 0.0, "Lbr_Jbt_26": 9.9, "Bgn_Ats_26": "GTP", "Jns_Jbt_26": "STANDAR", "Thn_Bgn_26": "1992", "BA_26": "2", "LNT_26": "1", "BB_26": "2", "DAS_26": "1", "OP_26": "0", "UT_26": "0", "GR_26": "0", "LB_26": "0", "JBT_26": "2", "Tp_Lnts_26": "SUNGAI", "Dt_Lnts_26": "TANAH\/SUNGAI KERING", "Pnangnn_26": "BERKALA", "Pmriksn_26": "RUTIN", "Pnglola_26": "BBPJN JAWA TIMUR - BALI", "Satkr_ID26": "693913", "PPK_Name26": "PPK 2.1", "Traffic_26": "7553", "VCR_26": "0.124", "AADT_26": "7553", "Tipe_Jb_26": "", "Lat_26": -8.103534, "Long_26": 115.284676, "Tgl_Ins_26": "46184", "Ket_26": " " }, "geometry": { "type": "Point", "coordinates": [ 115.284676, -8.103534 ] } },
{ "type": "Feature", "properties": { "FID": 16122, "KDRUAS_UPD": "40034", "NOJBT_UPD": "40.034.034.0", "NM_RUAS_UP": "KUBUTAMBAHAN - KM 124 DPS (BON DALEM\/DS. TEMBOK)", "NM_JBT_UPD": "TK.KUTUH", "PROVINSI": "BALI", "No_Prov_26": "40", "ID_Jbt_26": "4000308", "Kd_Ruas_26": "40034", "Suffix_26": " ", "Nm_Ruas_26": "KUBUTAMBAHAN - KM 124 DPS (BON DALEM\/DS. TEMBOK)", "Lintas_26": "JALAN LINTAS UTARA", "No_Jbt_26": "40.034.034.0", "Nm_Jbt_26": "TK.KUTUH", "Status_26": "N", "Fungsi_26": "K", "Lks_Dr_26": "DPS", "Lks_km_26": 14568, "F_STA_26": "21600", "Cadin_26": "BULELENG", "Pjg_Jbt_26": 15.1, "Btg_Pjg_26": 14.79, "Jml_Btg_26": "1", "Lb_Jl_Ms26": 7.1, "Lb_Jl_Kl26": 7.1, "Lb_Lalin26": 7.1, "Lb_Bh_Ki26": 0.0, "Lb_Bh_Ka26": 0.0, "Lb_Dr_Ki26": 0.0, "Lb_Dr_Ka26": 0.1, "Lb_Tr_Ki26": 0.9, "Lb_Tr_Ka26": 0.85, "Lb_TS_Ki26": 0.35, "Lb_TS_Ka26": 0.35, "Lb_Med_26": 0.0, "Lbr_Jbt_26": 9.65, "Bgn_Ats_26": "GTP", "Jns_Jbt_26": "STANDAR", "Thn_Bgn_26": "1993", "BA_26": "2", "LNT_26": "2", "BB_26": "2", "DAS_26": "1", "OP_26": "0", "UT_26": "0", "GR_26": "0", "LB_26": "0", "JBT_26": "2", "Tp_Lnts_26": "SUNGAI", "Dt_Lnts_26": "TANAH\/SUNGAI KERING", "Pnangnn_26": "BERKALA", "Pmriksn_26": "RUTIN", "Pnglola_26": "BBPJN JAWA TIMUR - BALI", "Satkr_ID26": "693913", "PPK_Name26": "PPK 2.1", "Traffic_26": "7553", "VCR_26": "0.124", "AADT_26": "7553", "Tipe_Jb_26": "", "Lat_26": -8.096526, "Long_26": 115.274765, "Tgl_Ins_26": "46184", "Ket_26": " " }, "geometry": { "type": "Point", "coordinates": [ 115.274765, -8.096526 ] } },
{ "type": "Feature", "properties": { "FID": 16123, "KDRUAS_UPD": "40034", "NOJBT_UPD": "40.034.035.0", "NM_RUAS_UP": "KUBUTAMBAHAN - KM 124 DPS (BON DALEM\/DS. TEMBOK)", "NM_JBT_UPD": "TK.PONJOK BATU", "PROVINSI": "BALI", "No_Prov_26": "40", "ID_Jbt_26": "4000309", "Kd_Ruas_26": "40034", "Suffix_26": " ", "Nm_Ruas_26": "KUBUTAMBAHAN - KM 124 DPS (BON DALEM\/DS. TEMBOK)", "Lintas_26": "JALAN LINTAS UTARA", "No_Jbt_26": "40.034.035.0", "Nm_Jbt_26": "TK.PONJOK BATU", "Status_26": "N", "Fungsi_26": "K", "Lks_Dr_26": "DPS", "Lks_km_26": 14615, "F_STA_26": "22031", "Cadin_26": "BULELENG", "Pjg_Jbt_26": 12.0, "Btg_Pjg_26": 12.0, "Jml_Btg_26": "1", "Lb_Jl_Ms26": 5.45, "Lb_Jl_Kl26": 5.45, "Lb_Lalin26": 5.45, "Lb_Bh_Ki26": 0.3, "Lb_Bh_Ka26": 0.35, "Lb_Dr_Ki26": 0.0, "Lb_Dr_Ka26": 0.05, "Lb_Tr_Ki26": 0.5, "Lb_Tr_Ka26": 0.5, "Lb_TS_Ki26": 0.4, "Lb_TS_Ka26": 0.35, "Lb_Med_26": 0.0, "Lbr_Jbt_26": 7.9, "Bgn_Ats_26": "GTP", "Jns_Jbt_26": "STANDAR", "Thn_Bgn_26": "1995", "BA_26": "2", "LNT_26": "2", "BB_26": "2", "DAS_26": "1", "OP_26": "0", "UT_26": "0", "GR_26": "0", "LB_26": "0", "JBT_26": "2", "Tp_Lnts_26": "SUNGAI", "Dt_Lnts_26": "TANAH\/SUNGAI KERING", "Pnangnn_26": "BERKALA", "Pmriksn_26": "RUTIN", "Pnglola_26": "BBPJN JAWA TIMUR - BALI", "Satkr_ID26": "693913", "PPK_Name26": "PPK 2.1", "Traffic_26": "7553", "VCR_26": "0.124", "AADT_26": "7553", "Tipe_Jb_26": "", "Lat_26": -8.094115, "Long_26": 115.271744, "Tgl_Ins_26": "46184", "Ket_26": " " }, "geometry": { "type": "Point", "coordinates": [ 115.271744, -8.094115 ] } },
{ "type": "Feature", "properties": { "FID": 16124, "KDRUAS_UPD": "40034", "NOJBT_UPD": "40.034.037.0", "NM_RUAS_UP": "KUBUTAMBAHAN - KM 124 DPS (BON DALEM\/DS. TEMBOK)", "NM_JBT_UPD": "TK.DALEM", "PROVINSI": "BALI", "No_Prov_26": "40", "ID_Jbt_26": "4000311", "Kd_Ruas_26": "40034", "Suffix_26": " ", "Nm_Ruas_26": "KUBUTAMBAHAN - KM 124 DPS (BON DALEM\/DS. TEMBOK)", "Lintas_26": "JALAN LINTAS UTARA", "No_Jbt_26": "40.034.037.0", "Nm_Jbt_26": "TK.DALEM", "Status_26": "N", "Fungsi_26": "K", "Lks_Dr_26": "DPS", "Lks_km_26": 14685, "F_STA_26": "22720", "Cadin_26": "BULELENG", "Pjg_Jbt_26": 6.3, "Btg_Pjg_26": 5.66, "Jml_Btg_26": "1", "Lb_Jl_Ms26": 6.4, "Lb_Jl_Kl26": 6.4, "Lb_Lalin26": 6.4, "Lb_Bh_Ki26": 0.0, "Lb_Bh_Ka26": 0.4, "Lb_Dr_Ki26": 0.0, "Lb_Dr_Ka26": 0.0, "Lb_Tr_Ki26": 0.25, "Lb_Tr_Ka26": 0.35, "Lb_TS_Ki26": 0.5, "Lb_TS_Ka26": 0.5, "Lb_Med_26": 0.0, "Lbr_Jbt_26": 8.4, "Bgn_Ats_26": "ETP", "Jns_Jbt_26": "STANDAR", "Thn_Bgn_26": "1993", "BA_26": "2", "LNT_26": "2", "BB_26": "2", "DAS_26": "1", "OP_26": "0", "UT_26": "0", "GR_26": "0", "LB_26": "0", "JBT_26": "2", "Tp_Lnts_26": "SUNGAI", "Dt_Lnts_26": "TANAH\/SUNGAI KERING", "Pnangnn_26": "RUTIN", "Pmriksn_26": "RUTIN", "Pnglola_26": "BBPJN JAWA TIMUR - BALI", "Satkr_ID26": "693913", "PPK_Name26": "PPK 2.1", "Traffic_26": "7553", "VCR_26": "0.124", "AADT_26": "7553", "Tipe_Jb_26": "", "Lat_26": -8.090245, "Long_26": 115.267372, "Tgl_Ins_26": "46184", "Ket_26": " " }, "geometry": { "type": "Point", "coordinates": [ 115.267372, -8.090245 ] } },
{ "type": "Feature", "properties": { "FID": 16125, "KDRUAS_UPD": "40034", "NOJBT_UPD": "40.034.038.0", "NM_RUAS_UP": "KUBUTAMBAHAN - KM 124 DPS (BON DALEM\/DS. TEMBOK)", "NM_JBT_UPD": "TK.GELANTANG", "PROVINSI": "BALI", "No_Prov_26": "40", "ID_Jbt_26": "4000312", "Kd_Ruas_26": "40034", "Suffix_26": " ", "Nm_Ruas_26": "KUBUTAMBAHAN - KM 124 DPS (BON DALEM\/DS. TEMBOK)", "Lintas_26": "JALAN LINTAS UTARA", "No_Jbt_26": "40.034.038.0", "Nm_Jbt_26": "TK.GELANTANG", "Status_26": "N", "Fungsi_26": "K", "Lks_Dr_26": "DPS", "Lks_km_26": 147, "F_STA_26": "22888", "Cadin_26": "BULELENG", "Pjg_Jbt_26": 13.2, "Btg_Pjg_26": 12.73, "Jml_Btg_26": "1", "Lb_Jl_Ms26": 6.35, "Lb_Jl_Kl26": 6.35, "Lb_Lalin26": 6.35, "Lb_Bh_Ki26": 0.35, "Lb_Bh_Ka26": 0.25, "Lb_Dr_Ki26": 0.1, "Lb_Dr_Ka26": 0.1, "Lb_Tr_Ki26": 1.1, "Lb_Tr_Ka26": 1.1, "Lb_TS_Ki26": 0.3, "Lb_TS_Ka26": 0.35, "Lb_Med_26": 0.0, "Lbr_Jbt_26": 10.0, "Bgn_Ats_26": "GTP", "Jns_Jbt_26": "STANDAR", "Thn_Bgn_26": "1993", "BA_26": "2", "LNT_26": "2", "BB_26": "2", "DAS_26": "1", "OP_26": "0", "UT_26": "0", "GR_26": "0", "LB_26": "0", "JBT_26": "2", "Tp_Lnts_26": "SUNGAI", "Dt_Lnts_26": "TANAH\/SUNGAI KERING", "Pnangnn_26": "RUTIN", "Pmriksn_26": "RUTIN", "Pnglola_26": "BBPJN JAWA TIMUR - BALI", "Satkr_ID26": "693913", "PPK_Name26": "PPK 2.1", "Traffic_26": "7553", "VCR_26": "0.124", "AADT_26": "7553", "Tipe_Jb_26": "", "Lat_26": -8.089431, "Long_26": 115.266068, "Tgl_Ins_26": "46184", "Ket_26": " " }, "geometry": { "type": "Point", "coordinates": [ 115.266068, -8.089431 ] } },
{ "type": "Feature", "properties": { "FID": 16126, "KDRUAS_UPD": "40034", "NOJBT_UPD": "40.034.039.0", "NM_RUAS_UP": "KUBUTAMBAHAN - KM 124 DPS (BON DALEM\/DS. TEMBOK)", "NM_JBT_UPD": "TK.BANTES II", "PROVINSI": "BALI", "No_Prov_26": "40", "ID_Jbt_26": "4000313", "Kd_Ruas_26": "40034", "Suffix_26": " ", "Nm_Ruas_26": "KUBUTAMBAHAN - KM 124 DPS (BON DALEM\/DS. TEMBOK)", "Lintas_26": "JALAN LINTAS UTARA", "No_Jbt_26": "40.034.039.0", "Nm_Jbt_26": "TK.BANTES II", "Status_26": "N", "Fungsi_26": "K", "Lks_Dr_26": "DPS", "Lks_km_26": 1486, "F_STA_26": "24521", "Cadin_26": "BULELENG", "Pjg_Jbt_26": 12.9, "Btg_Pjg_26": 12.72, "Jml_Btg_26": "1", "Lb_Jl_Ms26": 6.7, "Lb_Jl_Kl26": 6.7, "Lb_Lalin26": 6.7, "Lb_Bh_Ki26": 0.3, "Lb_Bh_Ka26": 0.3, "Lb_Dr_Ki26": 0.1, "Lb_Dr_Ka26": 0.1, "Lb_Tr_Ki26": 1.0, "Lb_Tr_Ka26": 1.0, "Lb_TS_Ki26": 0.3, "Lb_TS_Ka26": 0.3, "Lb_Med_26": 0.0, "Lbr_Jbt_26": 10.1, "Bgn_Ats_26": "GTP", "Jns_Jbt_26": "STANDAR", "Thn_Bgn_26": "1993", "BA_26": "1", "LNT_26": "1", "BB_26": "1", "DAS_26": "1", "OP_26": "0", "UT_26": "0", "GR_26": "0", "LB_26": "0", "JBT_26": "1", "Tp_Lnts_26": "SUNGAI", "Dt_Lnts_26": "TANAH\/SUNGAI KERING", "Pnangnn_26": "RUTIN", "Pmriksn_26": "RUTIN", "Pnglola_26": "BBPJN JAWA TIMUR - BALI", "Satkr_ID26": "693913", "PPK_Name26": "PPK 2.1", "Traffic_26": "7553", "VCR_26": "0.124", "AADT_26": "7553", "Tipe_Jb_26": "", "Lat_26": -8.086312, "Long_26": 115.253075, "Tgl_Ins_26": "46184", "Ket_26": " " }, "geometry": { "type": "Point", "coordinates": [ 115.253075, -8.086312 ] } },
{ "type": "Feature", "properties": { "FID": 16127, "KDRUAS_UPD": "40034", "NOJBT_UPD": "40.034.040.0", "NM_RUAS_UP": "KUBUTAMBAHAN - KM 124 DPS (BON DALEM\/DS. TEMBOK)", "NM_JBT_UPD": "TK.GELEBEG", "PROVINSI": "BALI", "No_Prov_26": "40", "ID_Jbt_26": "4000314", "Kd_Ruas_26": "40034", "Suffix_26": " ", "Nm_Ruas_26": "KUBUTAMBAHAN - KM 124 DPS (BON DALEM\/DS. TEMBOK)", "Lintas_26": "JALAN LINTAS UTARA", "No_Jbt_26": "40.034.040.0", "Nm_Jbt_26": "TK.GELEBEG", "Status_26": "N", "Fungsi_26": "K", "Lks_Dr_26": "DPS", "Lks_km_26": 1488, "F_STA_26": "24669", "Cadin_26": "BULELENG", "Pjg_Jbt_26": 9.0, "Btg_Pjg_26": 8.77, "Jml_Btg_26": "1", "Lb_Jl_Ms26": 6.25, "Lb_Jl_Kl26": 6.25, "Lb_Lalin26": 6.25, "Lb_Bh_Ki26": 0.15, "Lb_Bh_Ka26": 0.55, "Lb_Dr_Ki26": 0.15, "Lb_Dr_Ka26": 0.1, "Lb_Tr_Ki26": 1.0, "Lb_Tr_Ka26": 1.05, "Lb_TS_Ki26": 0.3, "Lb_TS_Ka26": 0.3, "Lb_Med_26": 0.0, "Lbr_Jbt_26": 9.85, "Bgn_Ats_26": "GTP", "Jns_Jbt_26": "STANDAR", "Thn_Bgn_26": "1992", "BA_26": "1", "LNT_26": "2", "BB_26": "1", "DAS_26": "1", "OP_26": "0", "UT_26": "0", "GR_26": "0", "LB_26": "0", "JBT_26": "2", "Tp_Lnts_26": "SUNGAI", "Dt_Lnts_26": "TANAH\/SUNGAI KERING", "Pnangnn_26": "RUTIN", "Pmriksn_26": "RUTIN", "Pnglola_26": "BBPJN JAWA TIMUR - BALI", "Satkr_ID26": "693913", "PPK_Name26": "PPK 2.1", "Traffic_26": "7553", "VCR_26": "0.124", "AADT_26": "7553", "Tipe_Jb_26": "", "Lat_26": -8.085933, "Long_26": 115.251747, "Tgl_Ins_26": "46184", "Ket_26": " " }, "geometry": { "type": "Point", "coordinates": [ 115.251747, -8.085933 ] } },
{ "type": "Feature", "properties": { "FID": 16128, "KDRUAS_UPD": "40034", "NOJBT_UPD": "40.034.041.0", "NM_RUAS_UP": "KUBUTAMBAHAN - KM 124 DPS (BON DALEM\/DS. TEMBOK)", "NM_JBT_UPD": "TK.EMBANG", "PROVINSI": "BALI", "No_Prov_26": "40", "ID_Jbt_26": "4000315", "Kd_Ruas_26": "40034", "Suffix_26": " ", "Nm_Ruas_26": "KUBUTAMBAHAN - KM 124 DPS (BON DALEM\/DS. TEMBOK)", "Lintas_26": "JALAN LINTAS UTARA", "No_Jbt_26": "40.034.041.0", "Nm_Jbt_26": "TK.EMBANG", "Status_26": "N", "Fungsi_26": "K", "Lks_Dr_26": "DPS", "Lks_km_26": 1497, "F_STA_26": "25082", "Cadin_26": "BULELENG", "Pjg_Jbt_26": 31.4, "Btg_Pjg_26": 31.4, "Jml_Btg_26": "1", "Lb_Jl_Ms26": 5.3, "Lb_Jl_Kl26": 5.3, "Lb_Lalin26": 5.3, "Lb_Bh_Ki26": 0.25, "Lb_Bh_Ka26": 0.25, "Lb_Dr_Ki26": 0.1, "Lb_Dr_Ka26": 0.1, "Lb_Tr_Ki26": 0.55, "Lb_Tr_Ka26": 0.5, "Lb_TS_Ki26": 0.3, "Lb_TS_Ka26": 0.3, "Lb_Med_26": 0.0, "Lbr_Jbt_26": 7.65, "Bgn_Ats_26": "GBP", "Jns_Jbt_26": "STANDAR", "Thn_Bgn_26": "1989", "BA_26": "2", "LNT_26": "0", "BB_26": "1", "DAS_26": "2", "OP_26": "0", "UT_26": "0", "GR_26": "0", "LB_26": "0", "JBT_26": "2", "Tp_Lnts_26": "SUNGAI", "Dt_Lnts_26": "TANAH\/SUNGAI KERING", "Pnangnn_26": "RUTIN", "Pmriksn_26": "DETAIL", "Pnglola_26": "BBPJN JAWA TIMUR - BALI", "Satkr_ID26": "693913", "PPK_Name26": "PPK 2.1", "Traffic_26": "7553", "VCR_26": "0.124", "AADT_26": "7553", "Tipe_Jb_26": "", "Lat_26": -8.085118, "Long_26": 115.248169, "Tgl_Ins_26": "46184", "Ket_26": " " }, "geometry": { "type": "Point", "coordinates": [ 115.248169, -8.085118 ] } },
{ "type": "Feature", "properties": { "FID": 16129, "KDRUAS_UPD": "40034", "NOJBT_UPD": "40.034.042.0", "NM_RUAS_UP": "KUBUTAMBAHAN - KM 124 DPS (BON DALEM\/DS. TEMBOK)", "NM_JBT_UPD": "TK.PUYUNG", "PROVINSI": "BALI", "No_Prov_26": "40", "ID_Jbt_26": "4000316", "Kd_Ruas_26": "40034", "Suffix_26": " ", "Nm_Ruas_26": "KUBUTAMBAHAN - KM 124 DPS (BON DALEM\/DS. TEMBOK)", "Lintas_26": "JALAN LINTAS UTARA", "No_Jbt_26": "40.034.042.0", "Nm_Jbt_26": "TK.PUYUNG", "Status_26": "N", "Fungsi_26": "K", "Lks_Dr_26": "DPS", "Lks_km_26": 15134, "F_STA_26": "27269", "Cadin_26": "BULELENG", "Pjg_Jbt_26": 30.7, "Btg_Pjg_26": 30.35, "Jml_Btg_26": "1", "Lb_Jl_Ms26": 6.2, "Lb_Jl_Kl26": 6.2, "Lb_Lalin26": 6.2, "Lb_Bh_Ki26": 0.35, "Lb_Bh_Ka26": 0.2, "Lb_Dr_Ki26": 0.1, "Lb_Dr_Ka26": 0.1, "Lb_Tr_Ki26": 1.25, "Lb_Tr_Ka26": 1.3, "Lb_TS_Ki26": 0.2, "Lb_TS_Ka26": 0.2, "Lb_Med_26": 0.0, "Lbr_Jbt_26": 9.9, "Bgn_Ats_26": "GBP", "Jns_Jbt_26": "STANDAR", "Thn_Bgn_26": "1992", "BA_26": "1", "LNT_26": "2", "BB_26": "2", "DAS_26": "1", "OP_26": "0", "UT_26": "0", "GR_26": "0", "LB_26": "0", "JBT_26": "2", "Tp_Lnts_26": "SUNGAI", "Dt_Lnts_26": "BERKELOK (MEANDER)", "Pnangnn_26": "RUTIN", "Pmriksn_26": "RUTIN", "Pnglola_26": "BBPJN JAWA TIMUR - BALI", "Satkr_ID26": "693913", "PPK_Name26": "PPK 2.1", "Traffic_26": "7553", "VCR_26": "0.124", "AADT_26": "7553", "Tipe_Jb_26": "", "Lat_26": -8.081644, "Long_26": 115.229294, "Tgl_Ins_26": "46185", "Ket_26": " " }, "geometry": { "type": "Point", "coordinates": [ 115.229294, -8.081644 ] } },
{ "type": "Feature", "properties": { "FID": 16130, "KDRUAS_UPD": "40034", "NOJBT_UPD": "40.034.043.0", "NM_RUAS_UP": "KUBUTAMBAHAN - KM 124 DPS (BON DALEM\/DS. TEMBOK)", "NM_JBT_UPD": "TK.INJAKAN KEBO", "PROVINSI": "BALI", "No_Prov_26": "40", "ID_Jbt_26": "4000317", "Kd_Ruas_26": "40034", "Suffix_26": " ", "Nm_Ruas_26": "KUBUTAMBAHAN - KM 124 DPS (BON DALEM\/DS. TEMBOK)", "Lintas_26": "JALAN LINTAS UTARA", "No_Jbt_26": "40.034.043.0", "Nm_Jbt_26": "TK.INJAKAN KEBO", "Status_26": "N", "Fungsi_26": "K", "Lks_Dr_26": "DPS", "Lks_km_26": 15187, "F_STA_26": "27839", "Cadin_26": "BULELENG", "Pjg_Jbt_26": 14.3, "Btg_Pjg_26": 14.3, "Jml_Btg_26": "1", "Lb_Jl_Ms26": 6.3, "Lb_Jl_Kl26": 6.3, "Lb_Lalin26": 6.3, "Lb_Bh_Ki26": 0.4, "Lb_Bh_Ka26": 0.35, "Lb_Dr_Ki26": 0.1, "Lb_Dr_Ka26": 0.1, "Lb_Tr_Ki26": 1.0, "Lb_Tr_Ka26": 1.05, "Lb_TS_Ki26": 0.35, "Lb_TS_Ka26": 0.35, "Lb_Med_26": 0.0, "Lbr_Jbt_26": 10.0, "Bgn_Ats_26": "GTP", "Jns_Jbt_26": "STANDAR", "Thn_Bgn_26": "1990", "BA_26": "1", "LNT_26": "1", "BB_26": "2", "DAS_26": "2", "OP_26": "1", "UT_26": "0", "GR_26": "0", "LB_26": "0", "JBT_26": "2", "Tp_Lnts_26": "SUNGAI", "Dt_Lnts_26": "TANAH\/SUNGAI KERING", "Pnangnn_26": "RUTIN", "Pmriksn_26": "DETAIL", "Pnglola_26": "BBPJN JAWA TIMUR - BALI", "Satkr_ID26": "693913", "PPK_Name26": "PPK 2.1", "Traffic_26": "7553", "VCR_26": "0.124", "AADT_26": "7553", "Tipe_Jb_26": "", "Lat_26": -8.080407, "Long_26": 115.224388, "Tgl_Ins_26": "46185", "Ket_26": " " }, "geometry": { "type": "Point", "coordinates": [ 115.224388, -8.080407 ] } },
{ "type": "Feature", "properties": { "FID": 16131, "KDRUAS_UPD": "40034", "NOJBT_UPD": "40.034.044.0", "NM_RUAS_UP": "KUBUTAMBAHAN - KM 124 DPS (BON DALEM\/DS. TEMBOK)", "NM_JBT_UPD": "TK.BILA", "PROVINSI": "BALI", "No_Prov_26": "40", "ID_Jbt_26": "4000318", "Kd_Ruas_26": "40034", "Suffix_26": " ", "Nm_Ruas_26": "KUBUTAMBAHAN - KM 124 DPS (BON DALEM\/DS. TEMBOK)", "Lintas_26": "JALAN LINTAS UTARA", "No_Jbt_26": "40.034.044.0", "Nm_Jbt_26": "TK.BILA", "Status_26": "N", "Fungsi_26": "K", "Lks_Dr_26": "DPS", "Lks_km_26": 15213, "F_STA_26": "28089", "Cadin_26": "BULELENG", "Pjg_Jbt_26": 20.9, "Btg_Pjg_26": 20.9, "Jml_Btg_26": "1", "Lb_Jl_Ms26": 6.15, "Lb_Jl_Kl26": 6.15, "Lb_Lalin26": 6.15, "Lb_Bh_Ki26": 0.45, "Lb_Bh_Ka26": 0.35, "Lb_Dr_Ki26": 0.0, "Lb_Dr_Ka26": 0.0, "Lb_Tr_Ki26": 1.25, "Lb_Tr_Ka26": 1.25, "Lb_TS_Ki26": 0.2, "Lb_TS_Ka26": 0.2, "Lb_Med_26": 0.0, "Lbr_Jbt_26": 9.85, "Bgn_Ats_26": "GBP", "Jns_Jbt_26": "STANDAR", "Thn_Bgn_26": "1992", "BA_26": "2", "LNT_26": "2", "BB_26": "1", "DAS_26": "0", "OP_26": "1", "UT_26": "0", "GR_26": "0", "LB_26": "0", "JBT_26": "2", "Tp_Lnts_26": "SUNGAI", "Dt_Lnts_26": "TANAH\/SUNGAI KERING", "Pnangnn_26": "RUTIN", "Pmriksn_26": "DETAIL", "Pnglola_26": "BBPJN JAWA TIMUR - BALI", "Satkr_ID26": "693913", "PPK_Name26": "PPK 2.1", "Traffic_26": "7553", "VCR_26": "0.124", "AADT_26": "7553", "Tipe_Jb_26": "", "Lat_26": -8.079853, "Long_26": 115.222275, "Tgl_Ins_26": "46185", "Ket_26": " " }, "geometry": { "type": "Point", "coordinates": [ 115.222275, -8.079853 ] } },
{ "type": "Feature", "properties": { "FID": 16132, "KDRUAS_UPD": "40034", "NOJBT_UPD": "40.034.045.0", "NM_RUAS_UP": "KUBUTAMBAHAN - KM 124 DPS (BON DALEM\/DS. TEMBOK)", "NM_JBT_UPD": "TK.MENANGAN", "PROVINSI": "BALI", "No_Prov_26": "40", "ID_Jbt_26": "4000319", "Kd_Ruas_26": "40034", "Suffix_26": " ", "Nm_Ruas_26": "KUBUTAMBAHAN - KM 124 DPS (BON DALEM\/DS. TEMBOK)", "Lintas_26": "JALAN LINTAS UTARA", "No_Jbt_26": "40.034.045.0", "Nm_Jbt_26": "TK.MENANGAN", "Status_26": "N", "Fungsi_26": "K", "Lks_Dr_26": "DPS", "Lks_km_26": 15307, "F_STA_26": "29058", "Cadin_26": "BULELENG", "Pjg_Jbt_26": 25.5, "Btg_Pjg_26": 25.5, "Jml_Btg_26": "1", "Lb_Jl_Ms26": 6.3, "Lb_Jl_Kl26": 6.3, "Lb_Lalin26": 6.3, "Lb_Bh_Ki26": 0.4, "Lb_Bh_Ka26": 0.45, "Lb_Dr_Ki26": 0.0, "Lb_Dr_Ka26": 0.0, "Lb_Tr_Ki26": 1.2, "Lb_Tr_Ka26": 1.25, "Lb_TS_Ki26": 0.2, "Lb_TS_Ka26": 0.2, "Lb_Med_26": 0.0, "Lbr_Jbt_26": 10.0, "Bgn_Ats_26": "GBP", "Jns_Jbt_26": "STANDAR", "Thn_Bgn_26": "1992", "BA_26": "2", "LNT_26": "2", "BB_26": "2", "DAS_26": "2", "OP_26": "2", "UT_26": "0", "GR_26": "0", "LB_26": "0", "JBT_26": "2", "Tp_Lnts_26": "SUNGAI", "Dt_Lnts_26": "TANAH\/SUNGAI KERING", "Pnangnn_26": "RUTIN", "Pmriksn_26": "DETAIL", "Pnglola_26": "BBPJN JAWA TIMUR - BALI", "Satkr_ID26": "693913", "PPK_Name26": "PPK 2.1", "Traffic_26": "7553", "VCR_26": "0.124", "AADT_26": "7553", "Tipe_Jb_26": "", "Lat_26": -8.077024, "Long_26": 115.214055, "Tgl_Ins_26": "46185", "Ket_26": " " }, "geometry": { "type": "Point", "coordinates": [ 115.214055, -8.077024 ] } },
{ "type": "Feature", "properties": { "FID": 16133, "KDRUAS_UPD": "40034", "NOJBT_UPD": "40.034.046.0", "NM_RUAS_UP": "KUBUTAMBAHAN - KM 124 DPS (BON DALEM\/DS. TEMBOK)", "NM_JBT_UPD": "TLB.PENYUSUAN", "PROVINSI": "BALI", "No_Prov_26": "40", "ID_Jbt_26": "4000320", "Kd_Ruas_26": "40034", "Suffix_26": " ", "Nm_Ruas_26": "KUBUTAMBAHAN - KM 124 DPS (BON DALEM\/DS. TEMBOK)", "Lintas_26": "JALAN LINTAS UTARA", "No_Jbt_26": "40.034.046.0", "Nm_Jbt_26": "TLB.PENYUSUAN", "Status_26": "N", "Fungsi_26": "K", "Lks_Dr_26": "DPS", "Lks_km_26": 15373, "F_STA_26": "29739", "Cadin_26": "BULELENG", "Pjg_Jbt_26": 6.6, "Btg_Pjg_26": 6.6, "Jml_Btg_26": "1", "Lb_Jl_Ms26": 6.4, "Lb_Jl_Kl26": 6.4, "Lb_Lalin26": 6.4, "Lb_Bh_Ki26": 0.25, "Lb_Bh_Ka26": 0.3, "Lb_Dr_Ki26": 0.1, "Lb_Dr_Ka26": 0.15, "Lb_Tr_Ki26": 1.0, "Lb_Tr_Ka26": 1.0, "Lb_TS_Ki26": 0.35, "Lb_TS_Ka26": 0.35, "Lb_Med_26": 0.0, "Lbr_Jbt_26": 9.9, "Bgn_Ats_26": "PTP", "Jns_Jbt_26": "STANDAR", "Thn_Bgn_26": "1992", "BA_26": "2", "LNT_26": "2", "BB_26": "0", "DAS_26": "0", "OP_26": "0", "UT_26": "0", "GR_26": "0", "LB_26": "0", "JBT_26": "2", "Tp_Lnts_26": "SUNGAI", "Dt_Lnts_26": "BERKELOK (MEANDER)", "Pnangnn_26": "RUTIN", "Pmriksn_26": "DETAIL", "Pnglola_26": "BBPJN JAWA TIMUR - BALI", "Satkr_ID26": "693913", "PPK_Name26": "PPK 2.1", "Traffic_26": "7553", "VCR_26": "0.124", "AADT_26": "7553", "Tipe_Jb_26": "", "Lat_26": -8.075019, "Long_26": 115.208275, "Tgl_Ins_26": "46185", "Ket_26": " " }, "geometry": { "type": "Point", "coordinates": [ 115.208275, -8.075019 ] } },
{ "type": "Feature", "properties": { "FID": 16134, "KDRUAS_UPD": "40034", "NOJBT_UPD": "40.034.047.0", "NM_RUAS_UP": "KUBUTAMBAHAN - KM 124 DPS (BON DALEM\/DS. TEMBOK)", "NM_JBT_UPD": "TK.BUAH", "PROVINSI": "BALI", "No_Prov_26": "40", "ID_Jbt_26": "4000321", "Kd_Ruas_26": "40034", "Suffix_26": " ", "Nm_Ruas_26": "KUBUTAMBAHAN - KM 124 DPS (BON DALEM\/DS. TEMBOK)", "Lintas_26": "JALAN LINTAS UTARA", "No_Jbt_26": "40.034.047.0", "Nm_Jbt_26": "TK.BUAH", "Status_26": "N", "Fungsi_26": "K", "Lks_Dr_26": "DPS", "Lks_km_26": 15467, "F_STA_26": "30700", "Cadin_26": "BULELENG", "Pjg_Jbt_26": 7.0, "Btg_Pjg_26": 7.0, "Jml_Btg_26": "1", "Lb_Jl_Ms26": 5.5, "Lb_Jl_Kl26": 5.5, "Lb_Lalin26": 5.5, "Lb_Bh_Ki26": 0.3, "Lb_Bh_Ka26": 0.27, "Lb_Dr_Ki26": 0.1, "Lb_Dr_Ka26": 0.1, "Lb_Tr_Ki26": 0.5, "Lb_Tr_Ka26": 0.5, "Lb_TS_Ki26": 0.3, "Lb_TS_Ka26": 0.25, "Lb_Med_26": 0.0, "Lbr_Jbt_26": 7.82, "Bgn_Ats_26": "GTP", "Jns_Jbt_26": "STANDAR", "Thn_Bgn_26": "1995", "BA_26": "0", "LNT_26": "0", "BB_26": "1", "DAS_26": "1", "OP_26": "0", "UT_26": "0", "GR_26": "0", "LB_26": "0", "JBT_26": "1", "Tp_Lnts_26": "SUNGAI", "Dt_Lnts_26": "TANAH\/SUNGAI KERING", "Pnangnn_26": "RUTIN", "Pmriksn_26": "DETAIL", "Pnglola_26": "BBPJN JAWA TIMUR - BALI", "Satkr_ID26": "693913", "PPK_Name26": "PPK 2.1", "Traffic_26": "7553", "VCR_26": "0.124", "AADT_26": "7553", "Tipe_Jb_26": "", "Lat_26": -8.074539, "Long_26": 115.199719, "Tgl_Ins_26": "46185", "Ket_26": " " }, "geometry": { "type": "Point", "coordinates": [ 115.199719, -8.074539 ] } },
{ "type": "Feature", "properties": { "FID": 16135, "KDRUAS_UPD": "40034", "NOJBT_UPD": "40.034.048.0", "NM_RUAS_UP": "KUBUTAMBAHAN - KM 124 DPS (BON DALEM\/DS. TEMBOK)", "NM_JBT_UPD": "TK.DALEM", "PROVINSI": "BALI", "No_Prov_26": "40", "ID_Jbt_26": "4000322", "Kd_Ruas_26": "40034", "Suffix_26": " ", "Nm_Ruas_26": "KUBUTAMBAHAN - KM 124 DPS (BON DALEM\/DS. TEMBOK)", "Lintas_26": "JALAN LINTAS UTARA", "No_Jbt_26": "40.034.048.0", "Nm_Jbt_26": "TK.DALEM", "Status_26": "N", "Fungsi_26": "K", "Lks_Dr_26": "DPS", "Lks_km_26": 15554, "F_STA_26": "31581", "Cadin_26": "BULELENG", "Pjg_Jbt_26": 15.6, "Btg_Pjg_26": 15.6, "Jml_Btg_26": "1", "Lb_Jl_Ms26": 6.55, "Lb_Jl_Kl26": 6.55, "Lb_Lalin26": 6.55, "Lb_Bh_Ki26": 0.45, "Lb_Bh_Ka26": 0.45, "Lb_Dr_Ki26": 0.0, "Lb_Dr_Ka26": 0.0, "Lb_Tr_Ki26": 0.95, "Lb_Tr_Ka26": 1.05, "Lb_TS_Ki26": 0.5, "Lb_TS_Ka26": 0.5, "Lb_Med_26": 0.0, "Lbr_Jbt_26": 10.45, "Bgn_Ats_26": "ETP", "Jns_Jbt_26": "STANDAR", "Thn_Bgn_26": "1981", "BA_26": "1", "LNT_26": "1", "BB_26": "2", "DAS_26": "1", "OP_26": "0", "UT_26": "0", "GR_26": "0", "LB_26": "0", "JBT_26": "2", "Tp_Lnts_26": "SUNGAI", "Dt_Lnts_26": "TANAH\/SUNGAI KERING", "Pnangnn_26": "RUTIN", "Pmriksn_26": "RUTIN", "Pnglola_26": "BBPJN JAWA TIMUR - BALI", "Satkr_ID26": "693913", "PPK_Name26": "PPK 2.1", "Traffic_26": "7553", "VCR_26": "0.124", "AADT_26": "7553", "Tipe_Jb_26": "", "Lat_26": -8.074328, "Long_26": 115.191895, "Tgl_Ins_26": "46185", "Ket_26": " " }, "geometry": { "type": "Point", "coordinates": [ 115.191895, -8.074328 ] } },
{ "type": "Feature", "properties": { "FID": 16136, "KDRUAS_UPD": "40035", "NOJBT_UPD": "40.035.001.0", "NM_RUAS_UP": "KM 124 DPS (BON DALEM\/DS. TEMBOK) - BTS. KOTA AMLAPURA", "NM_JBT_UPD": "TK.PADANG KERTA", "PROVINSI": "BALI", "No_Prov_26": "40", "ID_Jbt_26": "4000323", "Kd_Ruas_26": "40035", "Suffix_26": " ", "Nm_Ruas_26": "KM 124 DPS (BON DALEM\/DS. TEMBOK) - BTS. KOTA AMLAPURA", "Lintas_26": "JALAN LINTAS UTARA", "No_Jbt_26": "40.035.001.0", "Nm_Jbt_26": "TK.PADANG KERTA", "Status_26": "N", "Fungsi_26": "K", "Lks_Dr_26": "DPS", "Lks_km_26": 811, "F_STA_26": "34", "Cadin_26": "KARANGASEM", "Pjg_Jbt_26": 31.2, "Btg_Pjg_26": 31.2, "Jml_Btg_26": "1", "Lb_Jl_Ms26": 5.35, "Lb_Jl_Kl26": 5.35, "Lb_Lalin26": 5.35, "Lb_Bh_Ki26": 0.25, "Lb_Bh_Ka26": 0.25, "Lb_Dr_Ki26": 0.1, "Lb_Dr_Ka26": 0.1, "Lb_Tr_Ki26": 0.5, "Lb_Tr_Ka26": 0.5, "Lb_TS_Ki26": 0.3, "Lb_TS_Ka26": 0.3, "Lb_Med_26": 0.0, "Lbr_Jbt_26": 7.65, "Bgn_Ats_26": "GBP", "Jns_Jbt_26": "STANDAR", "Thn_Bgn_26": "1989", "BA_26": "1", "LNT_26": "1", "BB_26": "1", "DAS_26": "0", "OP_26": "2", "UT_26": "0", "GR_26": "0", "LB_26": "0", "JBT_26": "2", "Tp_Lnts_26": "SUNGAI", "Dt_Lnts_26": "TANAH\/SUNGAI KERING", "Pnangnn_26": "RUTIN", "Pmriksn_26": "DETAIL", "Pnglola_26": "BBPJN JAWA TIMUR - BALI", "Satkr_ID26": "693913", "PPK_Name26": "PPK 2.1", "Traffic_26": "6927", "VCR_26": "0.076", "AADT_26": "6927", "Tipe_Jb_26": "", "Lat_26": -8.433377, "Long_26": 115.590561, "Tgl_Ins_26": "46180", "Ket_26": " " }, "geometry": { "type": "Point", "coordinates": [ 115.590561, -8.433377 ] } },
{ "type": "Feature", "properties": { "FID": 16137, "KDRUAS_UPD": "40035", "NOJBT_UPD": "40.035.002.0", "NM_RUAS_UP": "KM 124 DPS (BON DALEM\/DS. TEMBOK) - BTS. KOTA AMLAPURA", "NM_JBT_UPD": "TK.PELADUNG", "PROVINSI": "BALI", "No_Prov_26": "40", "ID_Jbt_26": "4000324", "Kd_Ruas_26": "40035", "Suffix_26": " ", "Nm_Ruas_26": "KM 124 DPS (BON DALEM\/DS. TEMBOK) - BTS. KOTA AMLAPURA", "Lintas_26": "JALAN LINTAS UTARA", "No_Jbt_26": "40.035.002.0", "Nm_Jbt_26": "TK.PELADUNG", "Status_26": "N", "Fungsi_26": "K", "Lks_Dr_26": "DPS", "Lks_km_26": 82, "F_STA_26": "964", "Cadin_26": "KARANGASEM", "Pjg_Jbt_26": 10.7, "Btg_Pjg_26": 10.7, "Jml_Btg_26": "1", "Lb_Jl_Ms26": 6.65, "Lb_Jl_Kl26": 6.65, "Lb_Lalin26": 6.65, "Lb_Bh_Ki26": 0.45, "Lb_Bh_Ka26": 0.5, "Lb_Dr_Ki26": 0.35, "Lb_Dr_Ka26": 0.15, "Lb_Tr_Ki26": 0.0, "Lb_Tr_Ka26": 0.0, "Lb_TS_Ki26": 0.45, "Lb_TS_Ka26": 0.45, "Lb_Med_26": 0.0, "Lbr_Jbt_26": 9.0, "Bgn_Ats_26": "ETP", "Jns_Jbt_26": "STANDAR", "Thn_Bgn_26": "1977", "BA_26": "2", "LNT_26": "1", "BB_26": "0", "DAS_26": "1", "OP_26": "1", "UT_26": "0", "GR_26": "0", "LB_26": "0", "JBT_26": "2", "Tp_Lnts_26": "SUNGAI", "Dt_Lnts_26": "TANAH\/SUNGAI KERING", "Pnangnn_26": "RUTIN", "Pmriksn_26": "DETAIL", "Pnglola_26": "BBPJN JAWA TIMUR - BALI", "Satkr_ID26": "693913", "PPK_Name26": "PPK 2.1", "Traffic_26": "6927", "VCR_26": "0.076", "AADT_26": "6927", "Tipe_Jb_26": "", "Lat_26": -8.425491, "Long_26": 115.593262, "Tgl_Ins_26": "46180", "Ket_26": " " }, "geometry": { "type": "Point", "coordinates": [ 115.593262, -8.425491 ] } },
{ "type": "Feature", "properties": { "FID": 16138, "KDRUAS_UPD": "40035", "NOJBT_UPD": "40.035.004.0", "NM_RUAS_UP": "KM 124 DPS (BON DALEM\/DS. TEMBOK) - BTS. KOTA AMLAPURA", "NM_JBT_UPD": "TK.TIRTA GANGGA", "PROVINSI": "BALI", "No_Prov_26": "40", "ID_Jbt_26": "4000325", "Kd_Ruas_26": "40035", "Suffix_26": " ", "Nm_Ruas_26": "KM 124 DPS (BON DALEM\/DS. TEMBOK) - BTS. KOTA AMLAPURA", "Lintas_26": "JALAN LINTAS UTARA", "No_Jbt_26": "40.035.004.0", "Nm_Jbt_26": "TK.TIRTA GANGGA", "Status_26": "N", "Fungsi_26": "K", "Lks_Dr_26": "DPS", "Lks_km_26": 838, "F_STA_26": "2883", "Cadin_26": "KARANGASEM", "Pjg_Jbt_26": 12.1, "Btg_Pjg_26": 6.5, "Jml_Btg_26": "1", "Lb_Jl_Ms26": 6.4, "Lb_Jl_Kl26": 6.4, "Lb_Lalin26": 6.4, "Lb_Bh_Ki26": 0.25, "Lb_Bh_Ka26": 0.4, "Lb_Dr_Ki26": 0.1, "Lb_Dr_Ka26": 0.2, "Lb_Tr_Ki26": 0.8, "Lb_Tr_Ka26": 0.8, "Lb_TS_Ki26": 0.3, "Lb_TS_Ka26": 0.3, "Lb_Med_26": 0.0, "Lbr_Jbt_26": 9.55, "Bgn_Ats_26": "GTP", "Jns_Jbt_26": "STANDAR", "Thn_Bgn_26": "1980", "BA_26": "1", "LNT_26": "1", "BB_26": "2", "DAS_26": "1", "OP_26": "0", "UT_26": "0", "GR_26": "0", "LB_26": "0", "JBT_26": "2", "Tp_Lnts_26": "SUNGAI", "Dt_Lnts_26": "TANAH\/SUNGAI KERING", "Pnangnn_26": "BERKALA", "Pmriksn_26": "RUTIN", "Pnglola_26": "BBPJN JAWA TIMUR - BALI", "Satkr_ID26": "693913", "PPK_Name26": "PPK 2.1", "Traffic_26": "6927", "VCR_26": "0.076", "AADT_26": "6927", "Tipe_Jb_26": "", "Lat_26": -8.410875, "Long_26": 115.587921, "Tgl_Ins_26": "46180", "Ket_26": " " }, "geometry": { "type": "Point", "coordinates": [ 115.587921, -8.410875 ] } },
{ "type": "Feature", "properties": { "FID": 16139, "KDRUAS_UPD": "40035", "NOJBT_UPD": "40.035.005.0", "NM_RUAS_UP": "KM 124 DPS (BON DALEM\/DS. TEMBOK) - BTS. KOTA AMLAPURA", "NM_JBT_UPD": "TK.ABABI", "PROVINSI": "BALI", "No_Prov_26": "40", "ID_Jbt_26": "4000326", "Kd_Ruas_26": "40035", "Suffix_26": " ", "Nm_Ruas_26": "KM 124 DPS (BON DALEM\/DS. TEMBOK) - BTS. KOTA AMLAPURA", "Lintas_26": "JALAN LINTAS UTARA", "No_Jbt_26": "40.035.005.0", "Nm_Jbt_26": "TK.ABABI", "Status_26": "N", "Fungsi_26": "K", "Lks_Dr_26": "DPS", "Lks_km_26": 8525, "F_STA_26": "4258", "Cadin_26": "KARANGASEM", "Pjg_Jbt_26": 9.5, "Btg_Pjg_26": 9.45, "Jml_Btg_26": "1", "Lb_Jl_Ms26": 6.05, "Lb_Jl_Kl26": 6.05, "Lb_Lalin26": 6.05, "Lb_Bh_Ki26": 0.45, "Lb_Bh_Ka26": 0.45, "Lb_Dr_Ki26": 0.1, "Lb_Dr_Ka26": 0.15, "Lb_Tr_Ki26": 1.05, "Lb_Tr_Ka26": 1.05, "Lb_TS_Ki26": 0.2, "Lb_TS_Ka26": 0.2, "Lb_Med_26": 0.0, "Lbr_Jbt_26": 9.7, "Bgn_Ats_26": "GTP", "Jns_Jbt_26": "STANDAR", "Thn_Bgn_26": "1981", "BA_26": "2", "LNT_26": "2", "BB_26": "1", "DAS_26": "1", "OP_26": "0", "UT_26": "0", "GR_26": "0", "LB_26": "0", "JBT_26": "2", "Tp_Lnts_26": "SUNGAI", "Dt_Lnts_26": "TANAH\/SUNGAI KERING", "Pnangnn_26": "BERKALA", "Pmriksn_26": "RUTIN", "Pnglola_26": "BBPJN JAWA TIMUR - BALI", "Satkr_ID26": "693913", "PPK_Name26": "PPK 2.1", "Traffic_26": "6927", "VCR_26": "0.076", "AADT_26": "6927", "Tipe_Jb_26": "", "Lat_26": -8.403364, "Long_26": 115.587586, "Tgl_Ins_26": "46180", "Ket_26": " " }, "geometry": { "type": "Point", "coordinates": [ 115.587586, -8.403364 ] } },
{ "type": "Feature", "properties": { "FID": 16140, "KDRUAS_UPD": "40035", "NOJBT_UPD": "40.035.006.0", "NM_RUAS_UP": "KM 124 DPS (BON DALEM\/DS. TEMBOK) - BTS. KOTA AMLAPURA", "NM_JBT_UPD": "TK.BANGKA", "PROVINSI": "BALI", "No_Prov_26": "40", "ID_Jbt_26": "4000327", "Kd_Ruas_26": "40035", "Suffix_26": " ", "Nm_Ruas_26": "KM 124 DPS (BON DALEM\/DS. TEMBOK) - BTS. KOTA AMLAPURA", "Lintas_26": "JALAN LINTAS UTARA", "No_Jbt_26": "40.035.006.0", "Nm_Jbt_26": "TK.BANGKA", "Status_26": "N", "Fungsi_26": "K", "Lks_Dr_26": "DPS", "Lks_km_26": 874, "F_STA_26": "6390", "Cadin_26": "KARANGASEM", "Pjg_Jbt_26": 10.0, "Btg_Pjg_26": 10.0, "Jml_Btg_26": "1", "Lb_Jl_Ms26": 6.2, "Lb_Jl_Kl26": 6.2, "Lb_Lalin26": 6.2, "Lb_Bh_Ki26": 0.4, "Lb_Bh_Ka26": 0.45, "Lb_Dr_Ki26": 0.0, "Lb_Dr_Ka26": 0.0, "Lb_Tr_Ki26": 0.5, "Lb_Tr_Ka26": 0.5, "Lb_TS_Ki26": 0.5, "Lb_TS_Ka26": 0.5, "Lb_Med_26": 0.0, "Lbr_Jbt_26": 9.05, "Bgn_Ats_26": "ETP", "Jns_Jbt_26": "STANDAR", "Thn_Bgn_26": "1982", "BA_26": "1", "LNT_26": "1", "BB_26": "0", "DAS_26": "0", "OP_26": "0", "UT_26": "0", "GR_26": "0", "LB_26": "0", "JBT_26": "1", "Tp_Lnts_26": "SUNGAI", "Dt_Lnts_26": "TANAH\/SUNGAI KERING", "Pnangnn_26": "RUTIN", "Pmriksn_26": "RUTIN", "Pnglola_26": "BBPJN JAWA TIMUR - BALI", "Satkr_ID26": "693913", "PPK_Name26": "PPK 2.1", "Traffic_26": "6927", "VCR_26": "0.076", "AADT_26": "6927", "Tipe_Jb_26": "", "Lat_26": -8.391413, "Long_26": 115.597061, "Tgl_Ins_26": "46180", "Ket_26": " " }, "geometry": { "type": "Point", "coordinates": [ 115.597061, -8.391413 ] } },
{ "type": "Feature", "properties": { "FID": 16141, "KDRUAS_UPD": "40035", "NOJBT_UPD": "40.035.013.0", "NM_RUAS_UP": "KM 124 DPS (BON DALEM\/DS. TEMBOK) - BTS. KOTA AMLAPURA", "NM_JBT_UPD": "TK.BATANG", "PROVINSI": "BALI", "No_Prov_26": "40", "ID_Jbt_26": "4000330", "Kd_Ruas_26": "40035", "Suffix_26": " ", "Nm_Ruas_26": "KM 124 DPS (BON DALEM\/DS. TEMBOK) - BTS. KOTA AMLAPURA", "Lintas_26": "JALAN LINTAS UTARA", "No_Jbt_26": "40.035.013.0", "Nm_Jbt_26": "TK.BATANG", "Status_26": "N", "Fungsi_26": "K", "Lks_Dr_26": "DPS", "Lks_km_26": 956, "F_STA_26": "14809", "Cadin_26": "KARANGASEM", "Pjg_Jbt_26": 26.1, "Btg_Pjg_26": 25.74, "Jml_Btg_26": "1", "Lb_Jl_Ms26": 6.5, "Lb_Jl_Kl26": 6.5, "Lb_Lalin26": 6.5, "Lb_Bh_Ki26": 0.35, "Lb_Bh_Ka26": 0.25, "Lb_Dr_Ki26": 0.1, "Lb_Dr_Ka26": 0.1, "Lb_Tr_Ki26": 1.0, "Lb_Tr_Ka26": 1.0, "Lb_TS_Ki26": 0.25, "Lb_TS_Ka26": 0.25, "Lb_Med_26": 0.0, "Lbr_Jbt_26": 9.8, "Bgn_Ats_26": "GTP", "Jns_Jbt_26": "STANDAR", "Thn_Bgn_26": "1992", "BA_26": "2", "LNT_26": "2", "BB_26": "1", "DAS_26": "1", "OP_26": "0", "UT_26": "0", "GR_26": "0", "LB_26": "0", "JBT_26": "2", "Tp_Lnts_26": "SUNGAI", "Dt_Lnts_26": "TANAH\/SUNGAI KERING", "Pnangnn_26": "BERKALA", "Pmriksn_26": "RUTIN", "Pnglola_26": "BBPJN JAWA TIMUR - BALI", "Satkr_ID26": "693913", "PPK_Name26": "PPK 2.1", "Traffic_26": "6927", "VCR_26": "0.076", "AADT_26": "6927", "Tipe_Jb_26": "", "Lat_26": -8.336553, "Long_26": 115.612282, "Tgl_Ins_26": "46181", "Ket_26": " " }, "geometry": { "type": "Point", "coordinates": [ 115.612282, -8.336553 ] } },
{ "type": "Feature", "properties": { "FID": 16142, "KDRUAS_UPD": "40035", "NOJBT_UPD": "40.035.014.0", "NM_RUAS_UP": "KM 124 DPS (BON DALEM\/DS. TEMBOK) - BTS. KOTA AMLAPURA", "NM_JBT_UPD": "TK.KETUNGAN", "PROVINSI": "BALI", "No_Prov_26": "40", "ID_Jbt_26": "4000331", "Kd_Ruas_26": "40035", "Suffix_26": " ", "Nm_Ruas_26": "KM 124 DPS (BON DALEM\/DS. TEMBOK) - BTS. KOTA AMLAPURA", "Lintas_26": "JALAN LINTAS UTARA", "No_Jbt_26": "40.035.014.0", "Nm_Jbt_26": "TK.KETUNGAN", "Status_26": "N", "Fungsi_26": "K", "Lks_Dr_26": "DPS", "Lks_km_26": 966, "F_STA_26": "15749", "Cadin_26": "KARANGASEM", "Pjg_Jbt_26": 13.7, "Btg_Pjg_26": 13.7, "Jml_Btg_26": "1", "Lb_Jl_Ms26": 6.5, "Lb_Jl_Kl26": 6.5, "Lb_Lalin26": 6.5, "Lb_Bh_Ki26": 0.3, "Lb_Bh_Ka26": 0.55, "Lb_Dr_Ki26": 0.0, "Lb_Dr_Ka26": 0.0, "Lb_Tr_Ki26": 1.0, "Lb_Tr_Ka26": 1.0, "Lb_TS_Ki26": 0.25, "Lb_TS_Ka26": 0.25, "Lb_Med_26": 0.0, "Lbr_Jbt_26": 9.85, "Bgn_Ats_26": "GTP", "Jns_Jbt_26": "STANDAR", "Thn_Bgn_26": "1990", "BA_26": "1", "LNT_26": "2", "BB_26": "1", "DAS_26": "1", "OP_26": "0", "UT_26": "0", "GR_26": "0", "LB_26": "0", "JBT_26": "2", "Tp_Lnts_26": "SUNGAI", "Dt_Lnts_26": "TANAH\/SUNGAI KERING", "Pnangnn_26": "BERKALA", "Pmriksn_26": "RUTIN", "Pnglola_26": "BBPJN JAWA TIMUR - BALI", "Satkr_ID26": "693913", "PPK_Name26": "PPK 2.1", "Traffic_26": "6927", "VCR_26": "0.076", "AADT_26": "6927", "Tipe_Jb_26": "", "Lat_26": -8.328837, "Long_26": 115.61496, "Tgl_Ins_26": "46181", "Ket_26": " " }, "geometry": { "type": "Point", "coordinates": [ 115.61496, -8.328837 ] } },
{ "type": "Feature", "properties": { "FID": 16143, "KDRUAS_UPD": "40035", "NOJBT_UPD": "40.035.017.0", "NM_RUAS_UP": "KM 124 DPS (BON DALEM\/DS. TEMBOK) - BTS. KOTA AMLAPURA", "NM_JBT_UPD": "TK.BATUNITI", "PROVINSI": "BALI", "No_Prov_26": "40", "ID_Jbt_26": "4000334", "Kd_Ruas_26": "40035", "Suffix_26": " ", "Nm_Ruas_26": "KM 124 DPS (BON DALEM\/DS. TEMBOK) - BTS. KOTA AMLAPURA", "Lintas_26": "JALAN LINTAS UTARA", "No_Jbt_26": "40.035.017.0", "Nm_Jbt_26": "TK.BATUNITI", "Status_26": "N", "Fungsi_26": "K", "Lks_Dr_26": "DPS", "Lks_km_26": 1003, "F_STA_26": "19500", "Cadin_26": "KARANGASEM", "Pjg_Jbt_26": 51.8, "Btg_Pjg_26": 51.8, "Jml_Btg_26": "1", "Lb_Jl_Ms26": 6.1, "Lb_Jl_Kl26": 6.1, "Lb_Lalin26": 6.1, "Lb_Bh_Ki26": 0.45, "Lb_Bh_Ka26": 0.4, "Lb_Dr_Ki26": 0.0, "Lb_Dr_Ka26": 0.1, "Lb_Tr_Ki26": 1.0, "Lb_Tr_Ka26": 1.0, "Lb_TS_Ki26": 0.0, "Lb_TS_Ka26": 0.0, "Lb_Med_26": 0.0, "Lbr_Jbt_26": 9.05, "Bgn_Ats_26": "RBR", "Jns_Jbt_26": "STANDAR", "Thn_Bgn_26": "1995", "BA_26": "2", "LNT_26": "1", "BB_26": "2", "DAS_26": "0", "OP_26": "1", "UT_26": "0", "GR_26": "0", "LB_26": "0", "JBT_26": "2", "Tp_Lnts_26": "SUNGAI", "Dt_Lnts_26": "TANAH\/SUNGAI KERING", "Pnangnn_26": "RUTIN", "Pmriksn_26": "DETAIL", "Pnglola_26": "BBPJN JAWA TIMUR - BALI", "Satkr_ID26": "693913", "PPK_Name26": "PPK 2.1", "Traffic_26": "6927", "VCR_26": "0.076", "AADT_26": "6927", "Tipe_Jb_26": "", "Lat_26": -8.299763, "Long_26": 115.612793, "Tgl_Ins_26": "46181", "Ket_26": " " }, "geometry": { "type": "Point", "coordinates": [ 115.612793, -8.299763 ] } },
{ "type": "Feature", "properties": { "FID": 16144, "KDRUAS_UPD": "40035", "NOJBT_UPD": "40.035.019.0", "NM_RUAS_UP": "KM 124 DPS (BON DALEM\/DS. TEMBOK) - BTS. KOTA AMLAPURA", "NM_JBT_UPD": "TK.BATUNITI II", "PROVINSI": "BALI", "No_Prov_26": "40", "ID_Jbt_26": "4000335", "Kd_Ruas_26": "40035", "Suffix_26": " ", "Nm_Ruas_26": "KM 124 DPS (BON DALEM\/DS. TEMBOK) - BTS. KOTA AMLAPURA", "Lintas_26": "JALAN LINTAS UTARA", "No_Jbt_26": "40.035.019.0", "Nm_Jbt_26": "TK.BATUNITI II", "Status_26": "N", "Fungsi_26": "K", "Lks_Dr_26": "DPS", "Lks_km_26": 1007, "F_STA_26": "19876", "Cadin_26": "KARANGASEM", "Pjg_Jbt_26": 7.9, "Btg_Pjg_26": 7.76, "Jml_Btg_26": "1", "Lb_Jl_Ms26": 7.0, "Lb_Jl_Kl26": 7.0, "Lb_Lalin26": 7.0, "Lb_Bh_Ki26": 0.0, "Lb_Bh_Ka26": 0.0, "Lb_Dr_Ki26": 0.15, "Lb_Dr_Ka26": 0.15, "Lb_Tr_Ki26": 0.95, "Lb_Tr_Ka26": 1.0, "Lb_TS_Ki26": 0.3, "Lb_TS_Ka26": 0.3, "Lb_Med_26": 0.0, "Lbr_Jbt_26": 9.85, "Bgn_Ats_26": "GTP", "Jns_Jbt_26": "STANDAR", "Thn_Bgn_26": "1975", "BA_26": "2", "LNT_26": "1", "BB_26": "2", "DAS_26": "1", "OP_26": "0", "UT_26": "0", "GR_26": "0", "LB_26": "0", "JBT_26": "2", "Tp_Lnts_26": "SUNGAI", "Dt_Lnts_26": "TANAH\/SUNGAI KERING", "Pnangnn_26": "BERKALA", "Pmriksn_26": "RUTIN", "Pnglola_26": "BBPJN JAWA TIMUR - BALI", "Satkr_ID26": "693913", "PPK_Name26": "PPK 2.1", "Traffic_26": "6927", "VCR_26": "0.076", "AADT_26": "6927", "Tipe_Jb_26": "", "Lat_26": -8.296901, "Long_26": 115.610863, "Tgl_Ins_26": "46181", "Ket_26": " " }, "geometry": { "type": "Point", "coordinates": [ 115.610863, -8.296901 ] } },
{ "type": "Feature", "properties": { "FID": 16145, "KDRUAS_UPD": "40035", "NOJBT_UPD": "40.035.021.0", "NM_RUAS_UP": "KM 124 DPS (BON DALEM\/DS. TEMBOK) - BTS. KOTA AMLAPURA", "NM_JBT_UPD": "TK.BATUDAWA I", "PROVINSI": "BALI", "No_Prov_26": "40", "ID_Jbt_26": "4000337", "Kd_Ruas_26": "40035", "Suffix_26": " ", "Nm_Ruas_26": "KM 124 DPS (BON DALEM\/DS. TEMBOK) - BTS. KOTA AMLAPURA", "Lintas_26": "JALAN LINTAS UTARA", "No_Jbt_26": "40.035.021.0", "Nm_Jbt_26": "TK.BATUDAWA I", "Status_26": "N", "Fungsi_26": "K", "Lks_Dr_26": "DPS", "Lks_km_26": 1014, "F_STA_26": "21083", "Cadin_26": "KARANGASEM", "Pjg_Jbt_26": 9.9, "Btg_Pjg_26": 9.9, "Jml_Btg_26": "1", "Lb_Jl_Ms26": 5.5, "Lb_Jl_Kl26": 5.5, "Lb_Lalin26": 5.5, "Lb_Bh_Ki26": 0.25, "Lb_Bh_Ka26": 0.25, "Lb_Dr_Ki26": 0.1, "Lb_Dr_Ka26": 0.15, "Lb_Tr_Ki26": 0.5, "Lb_Tr_Ka26": 0.55, "Lb_TS_Ki26": 0.25, "Lb_TS_Ka26": 0.25, "Lb_Med_26": 0.0, "Lbr_Jbt_26": 7.8, "Bgn_Ats_26": "GTP", "Jns_Jbt_26": "STANDAR", "Thn_Bgn_26": "1975", "BA_26": "2", "LNT_26": "2", "BB_26": "0", "DAS_26": "0", "OP_26": "1", "UT_26": "0", "GR_26": "0", "LB_26": "0", "JBT_26": "2", "Tp_Lnts_26": "SUNGAI", "Dt_Lnts_26": "TANAH\/SUNGAI KERING", "Pnangnn_26": "RUTIN", "Pmriksn_26": "DETAIL", "Pnglola_26": "BBPJN JAWA TIMUR - BALI", "Satkr_ID26": "693913", "PPK_Name26": "PPK 2.1", "Traffic_26": "6927", "VCR_26": "0.076", "AADT_26": "6927", "Tipe_Jb_26": "", "Lat_26": -8.288213, "Long_26": 115.604327, "Tgl_Ins_26": "46181", "Ket_26": " " }, "geometry": { "type": "Point", "coordinates": [ 115.604327, -8.288213 ] } },
{ "type": "Feature", "properties": { "FID": 16146, "KDRUAS_UPD": "40035", "NOJBT_UPD": "40.035.022.0", "NM_RUAS_UP": "KM 124 DPS (BON DALEM\/DS. TEMBOK) - BTS. KOTA AMLAPURA", "NM_JBT_UPD": "TK.BATUDAWA II", "PROVINSI": "BALI", "No_Prov_26": "40", "ID_Jbt_26": "4000338", "Kd_Ruas_26": "40035", "Suffix_26": " ", "Nm_Ruas_26": "KM 124 DPS (BON DALEM\/DS. TEMBOK) - BTS. KOTA AMLAPURA", "Lintas_26": "JALAN LINTAS UTARA", "No_Jbt_26": "40.035.022.0", "Nm_Jbt_26": "TK.BATUDAWA II", "Status_26": "N", "Fungsi_26": "K", "Lks_Dr_26": "DPS", "Lks_km_26": 1019, "F_STA_26": "20582", "Cadin_26": "KARANGASEM", "Pjg_Jbt_26": 16.0, "Btg_Pjg_26": 15.95, "Jml_Btg_26": "1", "Lb_Jl_Ms26": 6.65, "Lb_Jl_Kl26": 6.65, "Lb_Lalin26": 6.65, "Lb_Bh_Ki26": 0.25, "Lb_Bh_Ka26": 0.25, "Lb_Dr_Ki26": 0.1, "Lb_Dr_Ka26": 0.1, "Lb_Tr_Ki26": 1.15, "Lb_Tr_Ka26": 1.2, "Lb_TS_Ki26": 0.35, "Lb_TS_Ka26": 0.35, "Lb_Med_26": 0.0, "Lbr_Jbt_26": 10.4, "Bgn_Ats_26": "GTP", "Jns_Jbt_26": "STANDAR", "Thn_Bgn_26": "1992", "BA_26": "1", "LNT_26": "2", "BB_26": "2", "DAS_26": "1", "OP_26": "0", "UT_26": "0", "GR_26": "0", "LB_26": "0", "JBT_26": "2", "Tp_Lnts_26": "SUNGAI", "Dt_Lnts_26": "TANAH\/SUNGAI KERING", "Pnangnn_26": "BERKALA", "Pmriksn_26": "RUTIN", "Pnglola_26": "BBPJN JAWA TIMUR - BALI", "Satkr_ID26": "693913", "PPK_Name26": "PPK 2.1", "Traffic_26": "6927", "VCR_26": "0.076", "AADT_26": "6927", "Tipe_Jb_26": "", "Lat_26": -8.291878, "Long_26": 115.606941, "Tgl_Ins_26": "46181", "Ket_26": " " }, "geometry": { "type": "Point", "coordinates": [ 115.606941, -8.291878 ] } },
{ "type": "Feature", "properties": { "FID": 16147, "KDRUAS_UPD": "40035", "NOJBT_UPD": "40.035.023.0", "NM_RUAS_UP": "KM 124 DPS (BON DALEM\/DS. TEMBOK) - BTS. KOTA AMLAPURA", "NM_JBT_UPD": "TK.ANUAN", "PROVINSI": "BALI", "No_Prov_26": "40", "ID_Jbt_26": "4000339", "Kd_Ruas_26": "40035", "Suffix_26": " ", "Nm_Ruas_26": "KM 124 DPS (BON DALEM\/DS. TEMBOK) - BTS. KOTA AMLAPURA", "Lintas_26": "JALAN LINTAS UTARA", "No_Jbt_26": "40.035.023.0", "Nm_Jbt_26": "TK.ANUAN", "Status_26": "N", "Fungsi_26": "K", "Lks_Dr_26": "DPS", "Lks_km_26": 1036, "F_STA_26": "23602", "Cadin_26": "KARANGASEM", "Pjg_Jbt_26": 12.5, "Btg_Pjg_26": 12.5, "Jml_Btg_26": "1", "Lb_Jl_Ms26": 6.15, "Lb_Jl_Kl26": 6.15, "Lb_Lalin26": 6.15, "Lb_Bh_Ki26": 0.35, "Lb_Bh_Ka26": 0.35, "Lb_Dr_Ki26": 0.5, "Lb_Dr_Ka26": 0.25, "Lb_Tr_Ki26": 0.0, "Lb_Tr_Ka26": 0.0, "Lb_TS_Ki26": 0.4, "Lb_TS_Ka26": 0.4, "Lb_Med_26": 0.0, "Lbr_Jbt_26": 8.4, "Bgn_Ats_26": "ETP", "Jns_Jbt_26": "STANDAR", "Thn_Bgn_26": "1970", "BA_26": "2", "LNT_26": "0", "BB_26": "0", "DAS_26": "1", "OP_26": "0", "UT_26": "0", "GR_26": "0", "LB_26": "0", "JBT_26": "2", "Tp_Lnts_26": "SUNGAI", "Dt_Lnts_26": "TANAH\/SUNGAI KERING", "Pnangnn_26": "RUTIN", "Pmriksn_26": "DETAIL", "Pnglola_26": "BBPJN JAWA TIMUR - BALI", "Satkr_ID26": "693913", "PPK_Name26": "PPK 2.1", "Traffic_26": "6927", "VCR_26": "0.076", "AADT_26": "6927", "Tipe_Jb_26": "", "Lat_26": -8.273708, "Long_26": 115.58912, "Tgl_Ins_26": "46181", "Ket_26": " " }, "geometry": { "type": "Point", "coordinates": [ 115.58912, -8.273708 ] } },
{ "type": "Feature", "properties": { "FID": 16148, "KDRUAS_UPD": "40035", "NOJBT_UPD": "40.035.028.0", "NM_RUAS_UP": "KM 124 DPS (BON DALEM\/DS. TEMBOK) - BTS. KOTA AMLAPURA", "NM_JBT_UPD": "TK.SAPTA", "PROVINSI": "BALI", "No_Prov_26": "40", "ID_Jbt_26": "4000342", "Kd_Ruas_26": "40035", "Suffix_26": " ", "Nm_Ruas_26": "KM 124 DPS (BON DALEM\/DS. TEMBOK) - BTS. KOTA AMLAPURA", "Lintas_26": "JALAN LINTAS UTARA", "No_Jbt_26": "40.035.028.0", "Nm_Jbt_26": "TK.SAPTA", "Status_26": "N", "Fungsi_26": "K", "Lks_Dr_26": "DPS", "Lks_km_26": 1064, "F_STA_26": "25683", "Cadin_26": "KARANGASEM", "Pjg_Jbt_26": 41.2, "Btg_Pjg_26": 40.9, "Jml_Btg_26": "1", "Lb_Jl_Ms26": 5.4, "Lb_Jl_Kl26": 5.4, "Lb_Lalin26": 5.4, "Lb_Bh_Ki26": 0.4, "Lb_Bh_Ka26": 0.25, "Lb_Dr_Ki26": 0.1, "Lb_Dr_Ka26": 0.1, "Lb_Tr_Ki26": 0.5, "Lb_Tr_Ka26": 0.5, "Lb_TS_Ki26": 0.0, "Lb_TS_Ka26": 0.0, "Lb_Med_26": 0.0, "Lbr_Jbt_26": 7.25, "Bgn_Ats_26": "GPP", "Jns_Jbt_26": "STANDAR", "Thn_Bgn_26": "1995", "BA_26": "2", "LNT_26": "2", "BB_26": "2", "DAS_26": "1", "OP_26": "0", "UT_26": "0", "GR_26": "0", "LB_26": "0", "JBT_26": "2", "Tp_Lnts_26": "SUNGAI", "Dt_Lnts_26": "TANAH\/SUNGAI KERING", "Pnangnn_26": "BERKALA", "Pmriksn_26": "RUTIN", "Pnglola_26": "BBPJN JAWA TIMUR - BALI", "Satkr_ID26": "693913", "PPK_Name26": "PPK 2.1", "Traffic_26": "6927", "VCR_26": "0.076", "AADT_26": "6927", "Tipe_Jb_26": "", "Lat_26": -8.259037, "Long_26": 115.577957, "Tgl_Ins_26": "46181", "Ket_26": " " }, "geometry": { "type": "Point", "coordinates": [ 115.577957, -8.259037 ] } },
{ "type": "Feature", "properties": { "FID": 16149, "KDRUAS_UPD": "40035", "NOJBT_UPD": "40.035.030.0", "NM_RUAS_UP": "KM 124 DPS (BON DALEM\/DS. TEMBOK) - BTS. KOTA AMLAPURA", "NM_JBT_UPD": "TK.SAYUN", "PROVINSI": "BALI", "No_Prov_26": "40", "ID_Jbt_26": "4000344", "Kd_Ruas_26": "40035", "Suffix_26": " ", "Nm_Ruas_26": "KM 124 DPS (BON DALEM\/DS. TEMBOK) - BTS. KOTA AMLAPURA", "Lintas_26": "JALAN LINTAS UTARA", "No_Jbt_26": "40.035.030.0", "Nm_Jbt_26": "TK.SAYUN", "Status_26": "N", "Fungsi_26": "K", "Lks_Dr_26": "DPS", "Lks_km_26": 1089, "F_STA_26": "28100", "Cadin_26": "KARANGASEM", "Pjg_Jbt_26": 6.3, "Btg_Pjg_26": 6.3, "Jml_Btg_26": "1", "Lb_Jl_Ms26": 6.1, "Lb_Jl_Kl26": 6.1, "Lb_Lalin26": 6.1, "Lb_Bh_Ki26": 0.4, "Lb_Bh_Ka26": 0.5, "Lb_Dr_Ki26": 0.0, "Lb_Dr_Ka26": 0.0, "Lb_Tr_Ki26": 0.0, "Lb_Tr_Ka26": 0.0, "Lb_TS_Ki26": 0.5, "Lb_TS_Ka26": 0.5, "Lb_Med_26": 0.0, "Lbr_Jbt_26": 8.0, "Bgn_Ats_26": "ETP", "Jns_Jbt_26": "STANDAR", "Thn_Bgn_26": "1975", "BA_26": "2", "LNT_26": "1", "BB_26": "0", "DAS_26": "0", "OP_26": "1", "UT_26": "0", "GR_26": "0", "LB_26": "0", "JBT_26": "2", "Tp_Lnts_26": "SUNGAI", "Dt_Lnts_26": "TANAH\/SUNGAI KERING", "Pnangnn_26": "RUTIN", "Pmriksn_26": "DETAIL", "Pnglola_26": "BBPJN JAWA TIMUR - BALI", "Satkr_ID26": "693913", "PPK_Name26": "PPK 2.1", "Traffic_26": "6927", "VCR_26": "0.076", "AADT_26": "6927", "Tipe_Jb_26": "", "Lat_26": -8.244199, "Long_26": 115.563034, "Tgl_Ins_26": "46181", "Ket_26": " " }, "geometry": { "type": "Point", "coordinates": [ 115.563034, -8.244199 ] } },
{ "type": "Feature", "properties": { "FID": 16150, "KDRUAS_UPD": "40035", "NOJBT_UPD": "40.035.031.0", "NM_RUAS_UP": "KM 124 DPS (BON DALEM\/DS. TEMBOK) - BTS. KOTA AMLAPURA", "NM_JBT_UPD": "TK.GEROMBONG", "PROVINSI": "BALI", "No_Prov_26": "40", "ID_Jbt_26": "4000345", "Kd_Ruas_26": "40035", "Suffix_26": " ", "Nm_Ruas_26": "KM 124 DPS (BON DALEM\/DS. TEMBOK) - BTS. KOTA AMLAPURA", "Lintas_26": "JALAN LINTAS UTARA", "No_Jbt_26": "40.035.031.0", "Nm_Jbt_26": "TK.GEROMBONG", "Status_26": "N", "Fungsi_26": "K", "Lks_Dr_26": "DPS", "Lks_km_26": 1101, "F_STA_26": "29336", "Cadin_26": "KARANGASEM", "Pjg_Jbt_26": 60.4, "Btg_Pjg_26": 60.4, "Jml_Btg_26": "1", "Lb_Jl_Ms26": 6.2, "Lb_Jl_Kl26": 6.2, "Lb_Lalin26": 6.2, "Lb_Bh_Ki26": 0.5, "Lb_Bh_Ka26": 0.35, "Lb_Dr_Ki26": 0.0, "Lb_Dr_Ka26": 0.1, "Lb_Tr_Ki26": 1.0, "Lb_Tr_Ka26": 1.0, "Lb_TS_Ki26": 0.0, "Lb_TS_Ka26": 0.0, "Lb_Med_26": 0.0, "Lbr_Jbt_26": 9.15, "Bgn_Ats_26": "RBP", "Jns_Jbt_26": "STANDAR", "Thn_Bgn_26": "1994", "BA_26": "1", "LNT_26": "1", "BB_26": "2", "DAS_26": "0", "OP_26": "1", "UT_26": "0", "GR_26": "0", "LB_26": "0", "JBT_26": "2", "Tp_Lnts_26": "SUNGAI", "Dt_Lnts_26": "TANAH\/SUNGAI KERING", "Pnangnn_26": "RUTIN", "Pmriksn_26": "DETAIL", "Pnglola_26": "BBPJN JAWA TIMUR - BALI", "Satkr_ID26": "693913", "PPK_Name26": "PPK 2.1", "Traffic_26": "6927", "VCR_26": "0.076", "AADT_26": "6927", "Tipe_Jb_26": "", "Lat_26": -8.236906, "Long_26": 115.555183, "Tgl_Ins_26": "46181", "Ket_26": " " }, "geometry": { "type": "Point", "coordinates": [ 115.555183, -8.236906 ] } },
{ "type": "Feature", "properties": { "FID": 16151, "KDRUAS_UPD": "40035", "NOJBT_UPD": "40.035.033.0", "NM_RUAS_UP": "KM 124 DPS (BON DALEM\/DS. TEMBOK) - BTS. KOTA AMLAPURA", "NM_JBT_UPD": "TK.NUSU II", "PROVINSI": "BALI", "No_Prov_26": "40", "ID_Jbt_26": "4000346", "Kd_Ruas_26": "40035", "Suffix_26": " ", "Nm_Ruas_26": "KM 124 DPS (BON DALEM\/DS. TEMBOK) - BTS. KOTA AMLAPURA", "Lintas_26": "JALAN LINTAS UTARA", "No_Jbt_26": "40.035.033.0", "Nm_Jbt_26": "TK.NUSU II", "Status_26": "N", "Fungsi_26": "K", "Lks_Dr_26": "DPS", "Lks_km_26": 1108, "F_STA_26": "30044", "Cadin_26": "KARANGASEM", "Pjg_Jbt_26": 26.5, "Btg_Pjg_26": 26.5, "Jml_Btg_26": "1", "Lb_Jl_Ms26": 6.3, "Lb_Jl_Kl26": 6.3, "Lb_Lalin26": 6.3, "Lb_Bh_Ki26": 0.55, "Lb_Bh_Ka26": 0.4, "Lb_Dr_Ki26": 0.0, "Lb_Dr_Ka26": 0.0, "Lb_Tr_Ki26": 0.5, "Lb_Tr_Ka26": 0.5, "Lb_TS_Ki26": 0.3, "Lb_TS_Ka26": 0.3, "Lb_Med_26": 0.0, "Lbr_Jbt_26": 8.85, "Bgn_Ats_26": "GPP", "Jns_Jbt_26": "STANDAR", "Thn_Bgn_26": "2000", "BA_26": "1", "LNT_26": "1", "BB_26": "1", "DAS_26": "0", "OP_26": "1", "UT_26": "0", "GR_26": "0", "LB_26": "0", "JBT_26": "1", "Tp_Lnts_26": "SUNGAI", "Dt_Lnts_26": "TANAH\/SUNGAI KERING", "Pnangnn_26": "RUTIN", "Pmriksn_26": "DETAIL", "Pnglola_26": "BBPJN JAWA TIMUR - BALI", "Satkr_ID26": "693913", "PPK_Name26": "PPK 2.1", "Traffic_26": "6927", "VCR_26": "0.076", "AADT_26": "6927", "Tipe_Jb_26": "", "Lat_26": -8.232784, "Long_26": 115.550278, "Tgl_Ins_26": "46181", "Ket_26": " " }, "geometry": { "type": "Point", "coordinates": [ 115.550278, -8.232784 ] } },
{ "type": "Feature", "properties": { "FID": 16154, "KDRUAS_UPD": "40035", "NOJBT_UPD": "40.035.037.0", "NM_RUAS_UP": "KM 124 DPS (BON DALEM\/DS. TEMBOK) - BTS. KOTA AMLAPURA", "NM_JBT_UPD": "TK.MENALA", "PROVINSI": "BALI", "No_Prov_26": "40", "ID_Jbt_26": "4000349", "Kd_Ruas_26": "40035", "Suffix_26": " ", "Nm_Ruas_26": "KM 124 DPS (BON DALEM\/DS. TEMBOK) - BTS. KOTA AMLAPURA", "Lintas_26": "JALAN LINTAS UTARA", "No_Jbt_26": "40.035.037.0", "Nm_Jbt_26": "TK.MENALA", "Status_26": "N", "Fungsi_26": "K", "Lks_Dr_26": "DPS", "Lks_km_26": 1152, "F_STA_26": "36271", "Cadin_26": "KARANGASEM", "Pjg_Jbt_26": 11.4, "Btg_Pjg_26": 6.22, "Jml_Btg_26": "2", "Lb_Jl_Ms26": 6.45, "Lb_Jl_Kl26": 6.45, "Lb_Lalin26": 6.45, "Lb_Bh_Ki26": 0.2, "Lb_Bh_Ka26": 0.2, "Lb_Dr_Ki26": 0.1, "Lb_Dr_Ka26": 0.15, "Lb_Tr_Ki26": 0.9, "Lb_Tr_Ka26": 1.0, "Lb_TS_Ki26": 0.3, "Lb_TS_Ka26": 0.3, "Lb_Med_26": 0.0, "Lbr_Jbt_26": 9.6, "Bgn_Ats_26": "PTP", "Jns_Jbt_26": "STANDAR", "Thn_Bgn_26": "1974", "BA_26": "2", "LNT_26": "2", "BB_26": "1", "DAS_26": "1", "OP_26": "0", "UT_26": "0", "GR_26": "0", "LB_26": "0", "JBT_26": "2", "Tp_Lnts_26": "SUNGAI", "Dt_Lnts_26": "TANAH\/SUNGAI KERING", "Pnangnn_26": "RUTIN", "Pmriksn_26": "RUTIN", "Pnglola_26": "BBPJN JAWA TIMUR - BALI", "Satkr_ID26": "693913", "PPK_Name26": "PPK 2.1", "Traffic_26": "6927", "VCR_26": "0.076", "AADT_26": "6927", "Tipe_Jb_26": "", "Lat_26": -8.203325, "Long_26": 115.502708, "Tgl_Ins_26": "46183", "Ket_26": " " }, "geometry": { "type": "Point", "coordinates": [ 115.502708, -8.203325 ] } },
{ "type": "Feature", "properties": { "FID": 16155, "KDRUAS_UPD": "40035", "NOJBT_UPD": "40.035.038.0", "NM_RUAS_UP": "KM 124 DPS (BON DALEM\/DS. TEMBOK) - BTS. KOTA AMLAPURA", "NM_JBT_UPD": "TK.DAYA", "PROVINSI": "BALI", "No_Prov_26": "40", "ID_Jbt_26": "4000350", "Kd_Ruas_26": "40035", "Suffix_26": " ", "Nm_Ruas_26": "KM 124 DPS (BON DALEM\/DS. TEMBOK) - BTS. KOTA AMLAPURA", "Lintas_26": "JALAN LINTAS UTARA", "No_Jbt_26": "40.035.038.0", "Nm_Jbt_26": "TK.DAYA", "Status_26": "N", "Fungsi_26": "K", "Lks_Dr_26": "DPS", "Lks_km_26": 1163, "F_STA_26": "38381", "Cadin_26": "KARANGASEM", "Pjg_Jbt_26": 8.5, "Btg_Pjg_26": 4.25, "Jml_Btg_26": "1", "Lb_Jl_Ms26": 5.95, "Lb_Jl_Kl26": 5.95, "Lb_Lalin26": 5.95, "Lb_Bh_Ki26": 0.55, "Lb_Bh_Ka26": 0.45, "Lb_Dr_Ki26": 0.0, "Lb_Dr_Ka26": 0.0, "Lb_Tr_Ki26": 0.0, "Lb_Tr_Ka26": 0.0, "Lb_TS_Ki26": 0.0, "Lb_TS_Ka26": 0.4, "Lb_Med_26": 0.0, "Lbr_Jbt_26": 7.35, "Bgn_Ats_26": "BTP", "Jns_Jbt_26": "STANDAR", "Thn_Bgn_26": "1974", "BA_26": "2", "LNT_26": "1", "BB_26": "0", "DAS_26": "2", "OP_26": "1", "UT_26": "0", "GR_26": "1", "LB_26": "0", "JBT_26": "2", "Tp_Lnts_26": "SUNGAI", "Dt_Lnts_26": "TANAH\/SUNGAI KERING", "Pnangnn_26": "RUTIN", "Pmriksn_26": "DETAIL", "Pnglola_26": "BBPJN JAWA TIMUR - BALI", "Satkr_ID26": "693913", "PPK_Name26": "PPK 2.1", "Traffic_26": "6927", "VCR_26": "0.076", "AADT_26": "6927", "Tipe_Jb_26": "", "Lat_26": -8.191607, "Long_26": 115.487953, "Tgl_Ins_26": "46183", "Ket_26": " " }, "geometry": { "type": "Point", "coordinates": [ 115.487953, -8.191607 ] } },
{ "type": "Feature", "properties": { "FID": 16156, "KDRUAS_UPD": "40035", "NOJBT_UPD": "40.035.042.0", "NM_RUAS_UP": "KM 124 DPS (BON DALEM\/DS. TEMBOK) - BTS. KOTA AMLAPURA", "NM_JBT_UPD": "TK.KAROBELAHAN", "PROVINSI": "BALI", "No_Prov_26": "40", "ID_Jbt_26": "4000351", "Kd_Ruas_26": "40035", "Suffix_26": " ", "Nm_Ruas_26": "KM 124 DPS (BON DALEM\/DS. TEMBOK) - BTS. KOTA AMLAPURA", "Lintas_26": "JALAN LINTAS UTARA", "No_Jbt_26": "40.035.042.0", "Nm_Jbt_26": "TK.KAROBELAHAN", "Status_26": "N", "Fungsi_26": "K", "Lks_Dr_26": "DPS", "Lks_km_26": 1204, "F_STA_26": "39680", "Cadin_26": "KARANGASEM", "Pjg_Jbt_26": 32.6, "Btg_Pjg_26": 20.9, "Jml_Btg_26": "2", "Lb_Jl_Ms26": 6.15, "Lb_Jl_Kl26": 6.15, "Lb_Lalin26": 6.15, "Lb_Bh_Ki26": 0.5, "Lb_Bh_Ka26": 0.45, "Lb_Dr_Ki26": 0.1, "Lb_Dr_Ka26": 0.1, "Lb_Tr_Ki26": 0.95, "Lb_Tr_Ka26": 1.0, "Lb_TS_Ki26": 0.3, "Lb_TS_Ka26": 0.3, "Lb_Med_26": 0.0, "Lbr_Jbt_26": 9.85, "Bgn_Ats_26": "GTP", "Jns_Jbt_26": "STANDAR", "Thn_Bgn_26": "1992", "BA_26": "2", "LNT_26": "2", "BB_26": "1", "DAS_26": "1", "OP_26": "0", "UT_26": "0", "GR_26": "0", "LB_26": "0", "JBT_26": "2", "Tp_Lnts_26": "SUNGAI", "Dt_Lnts_26": "TANAH\/SUNGAI KERING", "Pnangnn_26": "BERKALA", "Pmriksn_26": "RUTIN", "Pnglola_26": "BBPJN JAWA TIMUR - BALI", "Satkr_ID26": "693913", "PPK_Name26": "PPK 2.1", "Traffic_26": "6927", "VCR_26": "0.076", "AADT_26": "6927", "Tipe_Jb_26": "", "Lat_26": -8.184218, "Long_26": 115.478836, "Tgl_Ins_26": "46183", "Ket_26": " " }, "geometry": { "type": "Point", "coordinates": [ 115.478836, -8.184218 ] } },
{ "type": "Feature", "properties": { "FID": 16157, "KDRUAS_UPD": "40035", "NOJBT_UPD": "40.035.043.0", "NM_RUAS_UP": "KM 124 DPS (BON DALEM\/DS. TEMBOK) - BTS. KOTA AMLAPURA", "NM_JBT_UPD": "TK.BUMBUNG", "PROVINSI": "BALI", "No_Prov_26": "40", "ID_Jbt_26": "4000352", "Kd_Ruas_26": "40035", "Suffix_26": " ", "Nm_Ruas_26": "KM 124 DPS (BON DALEM\/DS. TEMBOK) - BTS. KOTA AMLAPURA", "Lintas_26": "JALAN LINTAS UTARA", "No_Jbt_26": "40.035.043.0", "Nm_Jbt_26": "TK.BUMBUNG", "Status_26": "N", "Fungsi_26": "K", "Lks_Dr_26": "DPS", "Lks_km_26": 1214, "F_STA_26": "40602", "Cadin_26": "KARANGASEM", "Pjg_Jbt_26": 26.3, "Btg_Pjg_26": 25.72, "Jml_Btg_26": "1", "Lb_Jl_Ms26": 6.15, "Lb_Jl_Kl26": 6.15, "Lb_Lalin26": 6.15, "Lb_Bh_Ki26": 0.45, "Lb_Bh_Ka26": 0.4, "Lb_Dr_Ki26": 0.1, "Lb_Dr_Ka26": 0.1, "Lb_Tr_Ki26": 1.0, "Lb_Tr_Ka26": 1.0, "Lb_TS_Ki26": 0.35, "Lb_TS_Ka26": 0.35, "Lb_Med_26": 0.0, "Lbr_Jbt_26": 9.9, "Bgn_Ats_26": "GTP", "Jns_Jbt_26": "STANDAR", "Thn_Bgn_26": "1995", "BA_26": "2", "LNT_26": "2", "BB_26": "1", "DAS_26": "1", "OP_26": "0", "UT_26": "0", "GR_26": "0", "LB_26": "0", "JBT_26": "2", "Tp_Lnts_26": "SUNGAI", "Dt_Lnts_26": "TANAH\/SUNGAI KERING", "Pnangnn_26": "BERKALA", "Pmriksn_26": "RUTIN", "Pnglola_26": "BBPJN JAWA TIMUR - BALI", "Satkr_ID26": "693913", "PPK_Name26": "PPK 2.1", "Traffic_26": "6927", "VCR_26": "0.076", "AADT_26": "6927", "Tipe_Jb_26": "", "Lat_26": -8.180714, "Long_26": 115.471252, "Tgl_Ins_26": "46183", "Ket_26": " " }, "geometry": { "type": "Point", "coordinates": [ 115.471252, -8.180714 ] } },
{ "type": "Feature", "properties": { "FID": 16158, "KDRUAS_UPD": "40035", "NOJBT_UPD": "40.035.046.0", "NM_RUAS_UP": "KM 124 DPS (BON DALEM\/DS. TEMBOK) - BTS. KOTA AMLAPURA", "NM_JBT_UPD": "TK.SELAHU", "PROVINSI": "BALI", "No_Prov_26": "40", "ID_Jbt_26": "4000353", "Kd_Ruas_26": "40035", "Suffix_26": " ", "Nm_Ruas_26": "KM 124 DPS (BON DALEM\/DS. TEMBOK) - BTS. KOTA AMLAPURA", "Lintas_26": "JALAN LINTAS UTARA", "No_Jbt_26": "40.035.046.0", "Nm_Jbt_26": "TK.SELAHU", "Status_26": "N", "Fungsi_26": "K", "Lks_Dr_26": "DPS", "Lks_km_26": 1232, "F_STA_26": "42285", "Cadin_26": "KARANGASEM", "Pjg_Jbt_26": 26.1, "Btg_Pjg_26": 25.87, "Jml_Btg_26": "1", "Lb_Jl_Ms26": 6.0, "Lb_Jl_Kl26": 6.0, "Lb_Lalin26": 6.0, "Lb_Bh_Ki26": 0.5, "Lb_Bh_Ka26": 0.45, "Lb_Dr_Ki26": 0.1, "Lb_Dr_Ka26": 0.1, "Lb_Tr_Ki26": 1.1, "Lb_Tr_Ka26": 1.1, "Lb_TS_Ki26": 0.35, "Lb_TS_Ka26": 0.35, "Lb_Med_26": 0.0, "Lbr_Jbt_26": 10.05, "Bgn_Ats_26": "GTP", "Jns_Jbt_26": "STANDAR", "Thn_Bgn_26": "1992", "BA_26": "2", "LNT_26": "3", "BB_26": "1", "DAS_26": "1", "OP_26": "0", "UT_26": "0", "GR_26": "0", "LB_26": "0", "JBT_26": "3", "Tp_Lnts_26": "SUNGAI", "Dt_Lnts_26": "TANAH\/SUNGAI KERING", "Pnangnn_26": "REHABILITASI", "Pmriksn_26": "RUTIN", "Pnglola_26": "BBPJN JAWA TIMUR - BALI", "Satkr_ID26": "693913", "PPK_Name26": "PPK 2.1", "Traffic_26": "6927", "VCR_26": "0.076", "AADT_26": "6927", "Tipe_Jb_26": "", "Lat_26": -8.172683, "Long_26": 115.458504, "Tgl_Ins_26": "46183", "Ket_26": " " }, "geometry": { "type": "Point", "coordinates": [ 115.458504, -8.172683 ] } },
{ "type": "Feature", "properties": { "FID": 16159, "KDRUAS_UPD": "40036", "NOJBT_UPD": "40.036.001.0", "NM_RUAS_UP": "BTS. KOTA AMLAPURA - ANGENTELU", "NM_JBT_UPD": "TK.CICING", "PROVINSI": "BALI", "No_Prov_26": "40", "ID_Jbt_26": "4000354", "Kd_Ruas_26": "40036", "Suffix_26": " ", "Nm_Ruas_26": "BTS. KOTA AMLAPURA - ANGENTELU", "Lintas_26": "JALAN LINTAS UTARA", "No_Jbt_26": "40.036.001.0", "Nm_Jbt_26": "TK.CICING", "Status_26": "N", "Fungsi_26": "K", "Lks_Dr_26": "DPS", "Lks_km_26": 5705, "F_STA_26": "2482", "Cadin_26": "KARANGASEM", "Pjg_Jbt_26": 10.9, "Btg_Pjg_26": 5.45, "Jml_Btg_26": "2", "Lb_Jl_Ms26": 6.95, "Lb_Jl_Kl26": 6.95, "Lb_Lalin26": 6.95, "Lb_Bh_Ki26": 0.3, "Lb_Bh_Ka26": 0.0, "Lb_Dr_Ki26": 0.05, "Lb_Dr_Ka26": 0.0, "Lb_Tr_Ki26": 0.95, "Lb_Tr_Ka26": 0.9, "Lb_TS_Ki26": 0.25, "Lb_TS_Ka26": 0.25, "Lb_Med_26": 0.0, "Lbr_Jbt_26": 9.65, "Bgn_Ats_26": "PTP", "Jns_Jbt_26": "STANDAR", "Thn_Bgn_26": "1984", "BA_26": "2", "LNT_26": "2", "BB_26": "2", "DAS_26": "1", "OP_26": "2", "UT_26": "0", "GR_26": "0", "LB_26": "0", "JBT_26": "2", "Tp_Lnts_26": "SUNGAI", "Dt_Lnts_26": "BERKELOK (MEANDER)", "Pnangnn_26": "RUTIN", "Pmriksn_26": "DETAIL", "Pnglola_26": "BBPJN JAWA TIMUR - BALI", "Satkr_ID26": "693913", "PPK_Name26": "PPK 2.2", "Traffic_26": "21554", "VCR_26": "0.243", "AADT_26": "21554", "Tipe_Jb_26": "", "Lat_26": -8.501958, "Long_26": 115.507279, "Tgl_Ins_26": "46179", "Ket_26": " " }, "geometry": { "type": "Point", "coordinates": [ 115.507279, -8.501958 ] } },
{ "type": "Feature", "properties": { "FID": 16160, "KDRUAS_UPD": "40036", "NOJBT_UPD": "40.036.002.0", "NM_RUAS_UP": "BTS. KOTA AMLAPURA - ANGENTELU", "NM_JBT_UPD": "TK.PRAKPAK", "PROVINSI": "BALI", "No_Prov_26": "40", "ID_Jbt_26": "4000355", "Kd_Ruas_26": "40036", "Suffix_26": " ", "Nm_Ruas_26": "BTS. KOTA AMLAPURA - ANGENTELU", "Lintas_26": "JALAN LINTAS UTARA", "No_Jbt_26": "40.036.002.0", "Nm_Jbt_26": "TK.PRAKPAK", "Status_26": "N", "Fungsi_26": "K", "Lks_Dr_26": "DPS", "Lks_km_26": 574, "F_STA_26": "2864", "Cadin_26": "KARANGASEM", "Pjg_Jbt_26": 25.3, "Btg_Pjg_26": 25.3, "Jml_Btg_26": "1", "Lb_Jl_Ms26": 6.4, "Lb_Jl_Kl26": 6.4, "Lb_Lalin26": 6.4, "Lb_Bh_Ki26": 0.4, "Lb_Bh_Ka26": 0.25, "Lb_Dr_Ki26": 0.1, "Lb_Dr_Ka26": 0.1, "Lb_Tr_Ki26": 1.05, "Lb_Tr_Ka26": 1.05, "Lb_TS_Ki26": 0.0, "Lb_TS_Ka26": 0.0, "Lb_Med_26": 0.0, "Lbr_Jbt_26": 9.35, "Bgn_Ats_26": "GBP", "Jns_Jbt_26": "STANDAR", "Thn_Bgn_26": "1984", "BA_26": "1", "LNT_26": "1", "BB_26": "2", "DAS_26": "1", "OP_26": "0", "UT_26": "0", "GR_26": "0", "LB_26": "0", "JBT_26": "2", "Tp_Lnts_26": "SUNGAI", "Dt_Lnts_26": "LURUS", "Pnangnn_26": "BERKALA", "Pmriksn_26": "RUTIN", "Pnglola_26": "BBPJN JAWA TIMUR - BALI", "Satkr_ID26": "693913", "PPK_Name26": "PPK 2.2", "Traffic_26": "21554", "VCR_26": "0.243", "AADT_26": "21554", "Tipe_Jb_26": "", "Lat_26": -8.499467, "Long_26": 115.508267, "Tgl_Ins_26": "46179", "Ket_26": " " }, "geometry": { "type": "Point", "coordinates": [ 115.508267, -8.499467 ] } },
{ "type": "Feature", "properties": { "FID": 16161, "KDRUAS_UPD": "40036", "NOJBT_UPD": "40.036.003.0", "NM_RUAS_UP": "BTS. KOTA AMLAPURA - ANGENTELU", "NM_JBT_UPD": "TK.TANAH AMPO", "PROVINSI": "BALI", "No_Prov_26": "40", "ID_Jbt_26": "4000356", "Kd_Ruas_26": "40036", "Suffix_26": " ", "Nm_Ruas_26": "BTS. KOTA AMLAPURA - ANGENTELU", "Lintas_26": "JALAN LINTAS UTARA", "No_Jbt_26": "40.036.003.0", "Nm_Jbt_26": "TK.TANAH AMPO", "Status_26": "N", "Fungsi_26": "K", "Lks_Dr_26": "DPS", "Lks_km_26": 582, "F_STA_26": "3736", "Cadin_26": "KARANGASEM", "Pjg_Jbt_26": 12.6, "Btg_Pjg_26": 4.2, "Jml_Btg_26": "3", "Lb_Jl_Ms26": 5.95, "Lb_Jl_Kl26": 5.95, "Lb_Lalin26": 5.95, "Lb_Bh_Ki26": 0.65, "Lb_Bh_Ka26": 0.7, "Lb_Dr_Ki26": 0.0, "Lb_Dr_Ka26": 0.0, "Lb_Tr_Ki26": 0.8, "Lb_Tr_Ka26": 0.85, "Lb_TS_Ki26": 0.3, "Lb_TS_Ka26": 0.3, "Lb_Med_26": 0.0, "Lbr_Jbt_26": 9.55, "Bgn_Ats_26": "BTP", "Jns_Jbt_26": "STANDAR", "Thn_Bgn_26": "1985", "BA_26": "2", "LNT_26": "2", "BB_26": "0", "DAS_26": "1", "OP_26": "2", "UT_26": "0", "GR_26": "2", "LB_26": "0", "JBT_26": "2", "Tp_Lnts_26": "SUNGAI", "Dt_Lnts_26": "BERKELOK (MEANDER)", "Pnangnn_26": "RUTIN", "Pmriksn_26": "DETAIL", "Pnglola_26": "BBPJN JAWA TIMUR - BALI", "Satkr_ID26": "693913", "PPK_Name26": "PPK 2.2", "Traffic_26": "21554", "VCR_26": "0.243", "AADT_26": "21554", "Tipe_Jb_26": "", "Lat_26": -8.496476, "Long_26": 115.515335, "Tgl_Ins_26": "46179", "Ket_26": " " }, "geometry": { "type": "Point", "coordinates": [ 115.515335, -8.496476 ] } },
{ "type": "Feature", "properties": { "FID": 16162, "KDRUAS_UPD": "40036", "NOJBT_UPD": "40.036.004.0", "NM_RUAS_UP": "BTS. KOTA AMLAPURA - ANGENTELU", "NM_JBT_UPD": "TK.MANGGIS", "PROVINSI": "BALI", "No_Prov_26": "40", "ID_Jbt_26": "4000357", "Kd_Ruas_26": "40036", "Suffix_26": " ", "Nm_Ruas_26": "BTS. KOTA AMLAPURA - ANGENTELU", "Lintas_26": "JALAN LINTAS UTARA", "No_Jbt_26": "40.036.004.0", "Nm_Jbt_26": "TK.MANGGIS", "Status_26": "N", "Fungsi_26": "K", "Lks_Dr_26": "DPS", "Lks_km_26": 6055, "F_STA_26": "5983", "Cadin_26": "KARANGASEM", "Pjg_Jbt_26": 36.1, "Btg_Pjg_26": 36.1, "Jml_Btg_26": "1", "Lb_Jl_Ms26": 6.15, "Lb_Jl_Kl26": 6.15, "Lb_Lalin26": 6.15, "Lb_Bh_Ki26": 0.4, "Lb_Bh_Ka26": 0.35, "Lb_Dr_Ki26": 0.1, "Lb_Dr_Ka26": 0.1, "Lb_Tr_Ki26": 1.0, "Lb_Tr_Ka26": 1.0, "Lb_TS_Ki26": 0.0, "Lb_TS_Ka26": 0.0, "Lb_Med_26": 0.0, "Lbr_Jbt_26": 9.1, "Bgn_Ats_26": "RBA", "Jns_Jbt_26": "STANDAR", "Thn_Bgn_26": "1995", "BA_26": "2", "LNT_26": "2", "BB_26": "1", "DAS_26": "1", "OP_26": "1", "UT_26": "0", "GR_26": "0", "LB_26": "0", "JBT_26": "2", "Tp_Lnts_26": "SUNGAI", "Dt_Lnts_26": "BERKELOK (MEANDER)", "Pnangnn_26": "RUTIN", "Pmriksn_26": "DETAIL", "Pnglola_26": "BBPJN JAWA TIMUR - BALI", "Satkr_ID26": "693913", "PPK_Name26": "PPK 2.2", "Traffic_26": "21554", "VCR_26": "0.243", "AADT_26": "21554", "Tipe_Jb_26": "", "Lat_26": -8.497313, "Long_26": 115.531753, "Tgl_Ins_26": "46179", "Ket_26": " " }, "geometry": { "type": "Point", "coordinates": [ 115.531753, -8.497313 ] } },
{ "type": "Feature", "properties": { "FID": 16163, "KDRUAS_UPD": "40036", "NOJBT_UPD": "40.036.005.0", "NM_RUAS_UP": "BTS. KOTA AMLAPURA - ANGENTELU", "NM_JBT_UPD": "TK.PACUAN", "PROVINSI": "BALI", "No_Prov_26": "40", "ID_Jbt_26": "4000358", "Kd_Ruas_26": "40036", "Suffix_26": " ", "Nm_Ruas_26": "BTS. KOTA AMLAPURA - ANGENTELU", "Lintas_26": "JALAN LINTAS UTARA", "No_Jbt_26": "40.036.005.0", "Nm_Jbt_26": "TK.PACUAN", "Status_26": "N", "Fungsi_26": "K", "Lks_Dr_26": "DPS", "Lks_km_26": 618, "F_STA_26": "7222", "Cadin_26": "KARANGASEM", "Pjg_Jbt_26": 9.8, "Btg_Pjg_26": 9.8, "Jml_Btg_26": "1", "Lb_Jl_Ms26": 5.95, "Lb_Jl_Kl26": 5.95, "Lb_Lalin26": 5.95, "Lb_Bh_Ki26": 0.6, "Lb_Bh_Ka26": 0.4, "Lb_Dr_Ki26": 0.15, "Lb_Dr_Ka26": 0.15, "Lb_Tr_Ki26": 1.1, "Lb_Tr_Ka26": 1.1, "Lb_TS_Ki26": 0.3, "Lb_TS_Ka26": 0.3, "Lb_Med_26": 0.0, "Lbr_Jbt_26": 10.05, "Bgn_Ats_26": "GTP", "Jns_Jbt_26": "STANDAR", "Thn_Bgn_26": "1985", "BA_26": "2", "LNT_26": "2", "BB_26": "2", "DAS_26": "1", "OP_26": "0", "UT_26": "0", "GR_26": "0", "LB_26": "0", "JBT_26": "2", "Tp_Lnts_26": "SUNGAI", "Dt_Lnts_26": "TANAH\/SUNGAI KERING", "Pnangnn_26": "BERKALA", "Pmriksn_26": "RUTIN", "Pnglola_26": "BBPJN JAWA TIMUR - BALI", "Satkr_ID26": "693913", "PPK_Name26": "PPK 2.2", "Traffic_26": "21554", "VCR_26": "0.243", "AADT_26": "21554", "Tipe_Jb_26": "", "Lat_26": -8.499103, "Long_26": 115.542488, "Tgl_Ins_26": "46179", "Ket_26": " " }, "geometry": { "type": "Point", "coordinates": [ 115.542488, -8.499103 ] } },
{ "type": "Feature", "properties": { "FID": 16164, "KDRUAS_UPD": "40036", "NOJBT_UPD": "40.036.006.A", "NM_RUAS_UP": "BTS. KOTA AMLAPURA - ANGENTELU", "NM_JBT_UPD": "TK. PETIWASAN A", "PROVINSI": "BALI", "No_Prov_26": "40", "ID_Jbt_26": "4000359", "Kd_Ruas_26": "40036", "Suffix_26": " ", "Nm_Ruas_26": "BTS. KOTA AMLAPURA - ANGENTELU", "Lintas_26": "JALAN LINTAS UTARA", "No_Jbt_26": "40.036.006.A", "Nm_Jbt_26": "TK. PETIWASAN A", "Status_26": "N", "Fungsi_26": "K", "Lks_Dr_26": "DPS", "Lks_km_26": 621, "F_STA_26": "7537", "Cadin_26": "KARANGASEM", "Pjg_Jbt_26": 30.4, "Btg_Pjg_26": 30.3, "Jml_Btg_26": "1", "Lb_Jl_Ms26": 4.5, "Lb_Jl_Kl26": 4.5, "Lb_Lalin26": 4.5, "Lb_Bh_Ki26": 0.4, "Lb_Bh_Ka26": 0.0, "Lb_Dr_Ki26": 0.0, "Lb_Dr_Ka26": 0.0, "Lb_Tr_Ki26": 0.0, "Lb_Tr_Ka26": 0.0, "Lb_TS_Ki26": 0.0, "Lb_TS_Ka26": 0.3, "Lb_Med_26": 0.0, "Lbr_Jbt_26": 5.2, "Bgn_Ats_26": "GBP", "Jns_Jbt_26": "STANDAR", "Thn_Bgn_26": "1989", "BA_26": "0", "LNT_26": "0", "BB_26": "2", "DAS_26": "2", "OP_26": "2", "UT_26": "0", "GR_26": "0", "LB_26": "0", "JBT_26": "2", "Tp_Lnts_26": "SUNGAI", "Dt_Lnts_26": "LURUS", "Pnangnn_26": "RUTIN", "Pmriksn_26": "DETAIL", "Pnglola_26": "BBPJN JAWA TIMUR - BALI", "Satkr_ID26": "693913", "PPK_Name26": "PPK 2.2", "Traffic_26": "21554", "VCR_26": "0.243", "AADT_26": "21554", "Tipe_Jb_26": "", "Lat_26": -8.499299, "Long_26": 115.545631, "Tgl_Ins_26": "46179", "Ket_26": " " }, "geometry": { "type": "Point", "coordinates": [ 115.545303, -8.499286 ] } },
{ "type": "Feature", "properties": { "FID": 16165, "KDRUAS_UPD": "40036", "NOJBT_UPD": "40.036.006.B", "NM_RUAS_UP": "BTS. KOTA AMLAPURA - ANGENTELU", "NM_JBT_UPD": "TK. PETIWASAN B", "PROVINSI": "BALI", "No_Prov_26": "40", "ID_Jbt_26": "4000360", "Kd_Ruas_26": "40036", "Suffix_26": " ", "Nm_Ruas_26": "BTS. KOTA AMLAPURA - ANGENTELU", "Lintas_26": "JALAN LINTAS UTARA", "No_Jbt_26": "40.036.006.B", "Nm_Jbt_26": "TK. PETIWASAN B", "Status_26": "N", "Fungsi_26": "K", "Lks_Dr_26": "DPS", "Lks_km_26": 621, "F_STA_26": "7537", "Cadin_26": "KARANGASEM", "Pjg_Jbt_26": 30.4, "Btg_Pjg_26": 25.1, "Jml_Btg_26": "1", "Lb_Jl_Ms26": 3.5, "Lb_Jl_Kl26": 3.5, "Lb_Lalin26": 3.5, "Lb_Bh_Ki26": 0.0, "Lb_Bh_Ka26": 0.3, "Lb_Dr_Ki26": 0.0, "Lb_Dr_Ka26": 0.2, "Lb_Tr_Ki26": 0.0, "Lb_Tr_Ka26": 0.0, "Lb_TS_Ki26": 0.3, "Lb_TS_Ka26": 0.0, "Lb_Med_26": 0.0, "Lbr_Jbt_26": 4.3, "Bgn_Ats_26": "RBU", "Jns_Jbt_26": "STANDAR", "Thn_Bgn_26": "1977", "BA_26": "2", "LNT_26": "2", "BB_26": "2", "DAS_26": "1", "OP_26": "1", "UT_26": "0", "GR_26": "0", "LB_26": "0", "JBT_26": "2", "Tp_Lnts_26": "SUNGAI", "Dt_Lnts_26": "LURUS", "Pnangnn_26": "RUTIN", "Pmriksn_26": "DETAIL", "Pnglola_26": "BBPJN JAWA TIMUR - BALI", "Satkr_ID26": "693913", "PPK_Name26": "PPK 2.2", "Traffic_26": "21554", "VCR_26": "0.243", "AADT_26": "21554", "Tipe_Jb_26": "", "Lat_26": -8.499286, "Long_26": 115.545303, "Tgl_Ins_26": "46179", "Ket_26": " " }, "geometry": { "type": "Point", "coordinates": [ 115.545631, -8.499299 ] } },
{ "type": "Feature", "properties": { "FID": 16166, "KDRUAS_UPD": "40036", "NOJBT_UPD": "40.036.007.0", "NM_RUAS_UP": "BTS. KOTA AMLAPURA - ANGENTELU", "NM_JBT_UPD": "TK.PESEDAHAN", "PROVINSI": "BALI", "No_Prov_26": "40", "ID_Jbt_26": "4000361", "Kd_Ruas_26": "40036", "Suffix_26": " ", "Nm_Ruas_26": "BTS. KOTA AMLAPURA - ANGENTELU", "Lintas_26": "JALAN LINTAS UTARA", "No_Jbt_26": "40.036.007.0", "Nm_Jbt_26": "TK.PESEDAHAN", "Status_26": "N", "Fungsi_26": "K", "Lks_Dr_26": "DPS", "Lks_km_26": 643, "F_STA_26": "9731", "Cadin_26": "KARANGASEM", "Pjg_Jbt_26": 13.0, "Btg_Pjg_26": 6.5, "Jml_Btg_26": "2", "Lb_Jl_Ms26": 6.5, "Lb_Jl_Kl26": 6.5, "Lb_Lalin26": 6.5, "Lb_Bh_Ki26": 0.65, "Lb_Bh_Ka26": 0.45, "Lb_Dr_Ki26": 0.15, "Lb_Dr_Ka26": 0.15, "Lb_Tr_Ki26": 1.0, "Lb_Tr_Ka26": 1.0, "Lb_TS_Ki26": 0.3, "Lb_TS_Ka26": 0.3, "Lb_Med_26": 0.0, "Lbr_Jbt_26": 10.5, "Bgn_Ats_26": "PTP", "Jns_Jbt_26": "STANDAR", "Thn_Bgn_26": "1985", "BA_26": "2", "LNT_26": "2", "BB_26": "1", "DAS_26": "1", "OP_26": "1", "UT_26": "0", "GR_26": "0", "LB_26": "0", "JBT_26": "2", "Tp_Lnts_26": "SUNGAI", "Dt_Lnts_26": "LURUS", "Pnangnn_26": "RUTIN", "Pmriksn_26": "DETAIL", "Pnglola_26": "BBPJN JAWA TIMUR - BALI", "Satkr_ID26": "693913", "PPK_Name26": "PPK 2.2", "Traffic_26": "21554", "VCR_26": "0.243", "AADT_26": "21554", "Tipe_Jb_26": "", "Lat_26": -8.506149, "Long_26": 115.561971, "Tgl_Ins_26": "46180", "Ket_26": " " }, "geometry": { "type": "Point", "coordinates": [ 115.561971, -8.506149 ] } },
{ "type": "Feature", "properties": { "FID": 16167, "KDRUAS_UPD": "40036", "NOJBT_UPD": "40.036.009.0", "NM_RUAS_UP": "BTS. KOTA AMLAPURA - ANGENTELU", "NM_JBT_UPD": "TK.BUHU", "PROVINSI": "BALI", "No_Prov_26": "40", "ID_Jbt_26": "4000362", "Kd_Ruas_26": "40036", "Suffix_26": " ", "Nm_Ruas_26": "BTS. KOTA AMLAPURA - ANGENTELU", "Lintas_26": "JALAN LINTAS UTARA", "No_Jbt_26": "40.036.009.0", "Nm_Jbt_26": "TK.BUHU", "Status_26": "N", "Fungsi_26": "K", "Lks_Dr_26": "DPS", "Lks_km_26": 699, "F_STA_26": "15271", "Cadin_26": "KARANGASEM", "Pjg_Jbt_26": 62.1, "Btg_Pjg_26": 62.1, "Jml_Btg_26": "1", "Lb_Jl_Ms26": 5.25, "Lb_Jl_Kl26": 5.25, "Lb_Lalin26": 5.25, "Lb_Bh_Ki26": 0.4, "Lb_Bh_Ka26": 0.4, "Lb_Dr_Ki26": 0.0, "Lb_Dr_Ka26": 0.0, "Lb_Tr_Ki26": 0.5, "Lb_Tr_Ka26": 0.5, "Lb_TS_Ki26": 0.0, "Lb_TS_Ka26": 0.0, "Lb_Med_26": 0.0, "Lbr_Jbt_26": 7.05, "Bgn_Ats_26": "RBA", "Jns_Jbt_26": "STANDAR", "Thn_Bgn_26": "1986", "BA_26": "2", "LNT_26": "2", "BB_26": "2", "DAS_26": "1", "OP_26": "1", "UT_26": "0", "GR_26": "0", "LB_26": "0", "JBT_26": "2", "Tp_Lnts_26": "SUNGAI", "Dt_Lnts_26": "LURUS", "Pnangnn_26": "RUTIN", "Pmriksn_26": "DETAIL", "Pnglola_26": "BBPJN JAWA TIMUR - BALI", "Satkr_ID26": "693913", "PPK_Name26": "PPK 2.2", "Traffic_26": "21554", "VCR_26": "0.243", "AADT_26": "21554", "Tipe_Jb_26": "", "Lat_26": -8.492308, "Long_26": 115.589409, "Tgl_Ins_26": "46180", "Ket_26": " " }, "geometry": { "type": "Point", "coordinates": [ 115.589409, -8.492308 ] } },
{ "type": "Feature", "properties": { "FID": 16168, "KDRUAS_UPD": "40036", "NOJBT_UPD": "40.036.010.0", "NM_RUAS_UP": "BTS. KOTA AMLAPURA - ANGENTELU", "NM_JBT_UPD": "TK.LODPAH", "PROVINSI": "BALI", "No_Prov_26": "40", "ID_Jbt_26": "4000363", "Kd_Ruas_26": "40036", "Suffix_26": " ", "Nm_Ruas_26": "BTS. KOTA AMLAPURA - ANGENTELU", "Lintas_26": "JALAN LINTAS UTARA", "No_Jbt_26": "40.036.010.0", "Nm_Jbt_26": "TK.LODPAH", "Status_26": "N", "Fungsi_26": "K", "Lks_Dr_26": "DPS", "Lks_km_26": 7125, "F_STA_26": "16613", "Cadin_26": "KARANGASEM", "Pjg_Jbt_26": 7.8, "Btg_Pjg_26": 7.8, "Jml_Btg_26": "1", "Lb_Jl_Ms26": 6.0, "Lb_Jl_Kl26": 6.0, "Lb_Lalin26": 6.0, "Lb_Bh_Ki26": 0.7, "Lb_Bh_Ka26": 0.4, "Lb_Dr_Ki26": 0.0, "Lb_Dr_Ka26": 0.25, "Lb_Tr_Ki26": 1.0, "Lb_Tr_Ka26": 1.0, "Lb_TS_Ki26": 0.3, "Lb_TS_Ka26": 0.3, "Lb_Med_26": 0.0, "Lbr_Jbt_26": 9.95, "Bgn_Ats_26": "GTP", "Jns_Jbt_26": "STANDAR", "Thn_Bgn_26": "1980", "BA_26": "2", "LNT_26": "1", "BB_26": "2", "DAS_26": "1", "OP_26": "0", "UT_26": "0", "GR_26": "0", "LB_26": "0", "JBT_26": "2", "Tp_Lnts_26": "SUNGAI", "Dt_Lnts_26": "BERKELOK (MEANDER)", "Pnangnn_26": "BERKALA", "Pmriksn_26": "RUTIN", "Pnglola_26": "BBPJN JAWA TIMUR - BALI", "Satkr_ID26": "693913", "PPK_Name26": "PPK 2.2", "Traffic_26": "21554", "VCR_26": "0.243", "AADT_26": "21554", "Tipe_Jb_26": "", "Lat_26": -8.486724, "Long_26": 115.598946, "Tgl_Ins_26": "46180", "Ket_26": " " }, "geometry": { "type": "Point", "coordinates": [ 115.598946, -8.486724 ] } },
{ "type": "Feature", "properties": { "FID": 16169, "KDRUAS_UPD": "40036", "NOJBT_UPD": "40.036.011.0", "NM_RUAS_UP": "BTS. KOTA AMLAPURA - ANGENTELU", "NM_JBT_UPD": "TK.SAMPIANG", "PROVINSI": "BALI", "No_Prov_26": "40", "ID_Jbt_26": "4000364", "Kd_Ruas_26": "40036", "Suffix_26": " ", "Nm_Ruas_26": "BTS. KOTA AMLAPURA - ANGENTELU", "Lintas_26": "JALAN LINTAS UTARA", "No_Jbt_26": "40.036.011.0", "Nm_Jbt_26": "TK.SAMPIANG", "Status_26": "N", "Fungsi_26": "K", "Lks_Dr_26": "DPS", "Lks_km_26": 726, "F_STA_26": "18041", "Cadin_26": "KARANGASEM", "Pjg_Jbt_26": 6.0, "Btg_Pjg_26": 5.62, "Jml_Btg_26": "1", "Lb_Jl_Ms26": 6.55, "Lb_Jl_Kl26": 6.55, "Lb_Lalin26": 6.55, "Lb_Bh_Ki26": 0.3, "Lb_Bh_Ka26": 0.3, "Lb_Dr_Ki26": 0.2, "Lb_Dr_Ka26": 0.15, "Lb_Tr_Ki26": 1.0, "Lb_Tr_Ka26": 1.0, "Lb_TS_Ki26": 0.25, "Lb_TS_Ka26": 0.25, "Lb_Med_26": 0.0, "Lbr_Jbt_26": 10.0, "Bgn_Ats_26": "GTP", "Jns_Jbt_26": "STANDAR", "Thn_Bgn_26": "1980", "BA_26": "2", "LNT_26": "1", "BB_26": "2", "DAS_26": "1", "OP_26": "0", "UT_26": "0", "GR_26": "0", "LB_26": "0", "JBT_26": "2", "Tp_Lnts_26": "SUNGAI", "Dt_Lnts_26": "LURUS", "Pnangnn_26": "BERKALA", "Pmriksn_26": "RUTIN", "Pnglola_26": "BBPJN JAWA TIMUR - BALI", "Satkr_ID26": "693913", "PPK_Name26": "PPK 2.2", "Traffic_26": "21554", "VCR_26": "0.243", "AADT_26": "21554", "Tipe_Jb_26": "", "Lat_26": -8.480365, "Long_26": 115.608879, "Tgl_Ins_26": "46180", "Ket_26": " " }, "geometry": { "type": "Point", "coordinates": [ 115.608879, -8.480365 ] } },
{ "type": "Feature", "properties": { "FID": 16170, "KDRUAS_UPD": "40036", "NOJBT_UPD": "40.036.012.0", "NM_RUAS_UP": "BTS. KOTA AMLAPURA - ANGENTELU", "NM_JBT_UPD": "TK.PEDIH", "PROVINSI": "BALI", "No_Prov_26": "40", "ID_Jbt_26": "4000365", "Kd_Ruas_26": "40036", "Suffix_26": " ", "Nm_Ruas_26": "BTS. KOTA AMLAPURA - ANGENTELU", "Lintas_26": "JALAN LINTAS UTARA", "No_Jbt_26": "40.036.012.0", "Nm_Jbt_26": "TK.PEDIH", "Status_26": "N", "Fungsi_26": "K", "Lks_Dr_26": "DPS", "Lks_km_26": 7305, "F_STA_26": "18558", "Cadin_26": "KARANGASEM", "Pjg_Jbt_26": 9.7, "Btg_Pjg_26": 9.45, "Jml_Btg_26": "1", "Lb_Jl_Ms26": 6.35, "Lb_Jl_Kl26": 6.35, "Lb_Lalin26": 6.35, "Lb_Bh_Ki26": 0.3, "Lb_Bh_Ka26": 0.45, "Lb_Dr_Ki26": 0.1, "Lb_Dr_Ka26": 0.15, "Lb_Tr_Ki26": 0.85, "Lb_Tr_Ka26": 0.9, "Lb_TS_Ki26": 0.4, "Lb_TS_Ka26": 0.4, "Lb_Med_26": 0.0, "Lbr_Jbt_26": 9.9, "Bgn_Ats_26": "GTP", "Jns_Jbt_26": "STANDAR", "Thn_Bgn_26": "1980", "BA_26": "2", "LNT_26": "2", "BB_26": "2", "DAS_26": "1", "OP_26": "0", "UT_26": "0", "GR_26": "0", "LB_26": "0", "JBT_26": "2", "Tp_Lnts_26": "SUNGAI", "Dt_Lnts_26": "LURUS", "Pnangnn_26": "BERKALA", "Pmriksn_26": "RUTIN", "Pnglola_26": "BBPJN JAWA TIMUR - BALI", "Satkr_ID26": "693913", "PPK_Name26": "PPK 2.2", "Traffic_26": "21554", "VCR_26": "0.243", "AADT_26": "21554", "Tipe_Jb_26": "", "Lat_26": -8.479092, "Long_26": 115.612648, "Tgl_Ins_26": "46180", "Ket_26": " " }, "geometry": { "type": "Point", "coordinates": [ 115.612648, -8.479092 ] } },
{ "type": "Feature", "properties": { "FID": 16171, "KDRUAS_UPD": "40036", "NOJBT_UPD": "40.036.013.0", "NM_RUAS_UP": "BTS. KOTA AMLAPURA - ANGENTELU", "NM_JBT_UPD": "TK.SAKENAN JASI", "PROVINSI": "BALI", "No_Prov_26": "40", "ID_Jbt_26": "4000366", "Kd_Ruas_26": "40036", "Suffix_26": " ", "Nm_Ruas_26": "BTS. KOTA AMLAPURA - ANGENTELU", "Lintas_26": "JALAN LINTAS UTARA", "No_Jbt_26": "40.036.013.0", "Nm_Jbt_26": "TK.SAKENAN JASI", "Status_26": "N", "Fungsi_26": "K", "Lks_Dr_26": "DPS", "Lks_km_26": 7363, "F_STA_26": "19154", "Cadin_26": "KARANGASEM", "Pjg_Jbt_26": 12.3, "Btg_Pjg_26": 12.15, "Jml_Btg_26": "3", "Lb_Jl_Ms26": 5.95, "Lb_Jl_Kl26": 5.95, "Lb_Lalin26": 5.95, "Lb_Bh_Ki26": 0.35, "Lb_Bh_Ka26": 0.4, "Lb_Dr_Ki26": 0.1, "Lb_Dr_Ka26": 0.15, "Lb_Tr_Ki26": 1.0, "Lb_Tr_Ka26": 1.0, "Lb_TS_Ki26": 0.25, "Lb_TS_Ka26": 0.25, "Lb_Med_26": 0.0, "Lbr_Jbt_26": 9.45, "Bgn_Ats_26": "BTP", "Jns_Jbt_26": "STANDAR", "Thn_Bgn_26": "1985", "BA_26": "2", "LNT_26": "2", "BB_26": "2", "DAS_26": "1", "OP_26": "0", "UT_26": "0", "GR_26": "0", "LB_26": "0", "JBT_26": "2", "Tp_Lnts_26": "SUNGAI", "Dt_Lnts_26": "LURUS", "Pnangnn_26": "BERKALA", "Pmriksn_26": "RUTIN", "Pnglola_26": "BBPJN JAWA TIMUR - BALI", "Satkr_ID26": "693913", "PPK_Name26": "PPK 2.2", "Traffic_26": "21554", "VCR_26": "0.243", "AADT_26": "21554", "Tipe_Jb_26": "", "Lat_26": -8.475898, "Long_26": 115.616623, "Tgl_Ins_26": "46180", "Ket_26": " " }, "geometry": { "type": "Point", "coordinates": [ 115.616623, -8.475898 ] } },
{ "type": "Feature", "properties": { "FID": 16172, "KDRUAS_UPD": "4003611", "NOJBT_UPD": "40.036.014.0.11", "NM_RUAS_UP": "JLN. SUDIRMAN - A. YANI (AMLAPURA)", "NM_JBT_UPD": "TK.PATIREMAN", "PROVINSI": "BALI", "No_Prov_26": "40", "ID_Jbt_26": "4000367", "Kd_Ruas_26": "4003611", "Suffix_26": " ", "Nm_Ruas_26": "JLN. SUDIRMAN - A. YANI (AMLAPURA)", "Lintas_26": "JALAN LINTAS TENGAH", "No_Jbt_26": "40.036.014.0.11", "Nm_Jbt_26": "TK.PATIREMAN", "Status_26": "N", "Fungsi_26": "K", "Lks_Dr_26": "DPS", "Lks_km_26": 7602, "F_STA_26": "2559", "Cadin_26": "KARANGASEM", "Pjg_Jbt_26": 12.0, "Btg_Pjg_26": 12.0, "Jml_Btg_26": "1", "Lb_Jl_Ms26": 6.5, "Lb_Jl_Kl26": 6.5, "Lb_Lalin26": 6.5, "Lb_Bh_Ki26": 0.3, "Lb_Bh_Ka26": 0.3, "Lb_Dr_Ki26": 0.1, "Lb_Dr_Ka26": 0.1, "Lb_Tr_Ki26": 1.05, "Lb_Tr_Ka26": 1.05, "Lb_TS_Ki26": 0.3, "Lb_TS_Ka26": 0.3, "Lb_Med_26": 0.0, "Lbr_Jbt_26": 10.0, "Bgn_Ats_26": "GTP", "Jns_Jbt_26": "STANDAR", "Thn_Bgn_26": "1985", "BA_26": "1", "LNT_26": "1", "BB_26": "1", "DAS_26": "1", "OP_26": "0", "UT_26": "0", "GR_26": "0", "LB_26": "0", "JBT_26": "1", "Tp_Lnts_26": "SUNGAI", "Dt_Lnts_26": "LURUS", "Pnangnn_26": "BERKALA", "Pmriksn_26": "RUTIN", "Pnglola_26": "BBPJN JAWA TIMUR - BALI", "Satkr_ID26": "693913", "PPK_Name26": "PPK 2.2", "Traffic_26": "14854", "VCR_26": "0.214", "AADT_26": "14854", "Tipe_Jb_26": "", "Lat_26": -8.452491, "Long_26": 115.602745, "Tgl_Ins_26": "46180", "Ket_26": " " }, "geometry": { "type": "Point", "coordinates": [ 115.602745, -8.452491 ] } },
{ "type": "Feature", "properties": { "FID": 16174, "KDRUAS_UPD": "400371", "NOJBT_UPD": "40.037.003.0.1", "NM_RUAS_UP": "BTS. KOTA SINGARAJA - PEGAYAMAN", "NM_JBT_UPD": "PK.BANGKA", "PROVINSI": "BALI", "No_Prov_26": "40", "ID_Jbt_26": "4000373", "Kd_Ruas_26": "400371", "Suffix_26": " ", "Nm_Ruas_26": "BTS. KOTA SINGARAJA - PEGAYAMAN", "Lintas_26": "NON LINTAS", "No_Jbt_26": "40.037.003.0.1", "Nm_Jbt_26": "PK.BANGKA", "Status_26": "N", "Fungsi_26": "A", "Lks_Dr_26": "DPS", "Lks_km_26": 6109, "F_STA_26": "2023", "Cadin_26": "BULELENG", "Pjg_Jbt_26": 10.1, "Btg_Pjg_26": 10.02, "Jml_Btg_26": "1", "Lb_Jl_Ms26": 11.89, "Lb_Jl_Kl26": 11.89, "Lb_Lalin26": 11.89, "Lb_Bh_Ki26": 0.0, "Lb_Bh_Ka26": 2.29, "Lb_Dr_Ki26": 0.0, "Lb_Dr_Ka26": 0.0, "Lb_Tr_Ki26": 0.0, "Lb_Tr_Ka26": 1.0, "Lb_TS_Ki26": 0.0, "Lb_TS_Ka26": 0.0, "Lb_Med_26": 0.0, "Lbr_Jbt_26": 15.18, "Bgn_Ats_26": "GTP", "Jns_Jbt_26": "STANDAR", "Thn_Bgn_26": "1983", "BA_26": "2", "LNT_26": "1", "BB_26": "2", "DAS_26": "1", "OP_26": "1", "UT_26": "0", "GR_26": "0", "LB_26": "0", "JBT_26": "2", "Tp_Lnts_26": "SUNGAI", "Dt_Lnts_26": "TANAH\/SUNGAI KERING", "Pnangnn_26": "RUTIN", "Pmriksn_26": "RUTIN", "Pnglola_26": "BBPJN JAWA TIMUR - BALI", "Satkr_ID26": "693912", "PPK_Name26": "PPK 1.4", "Traffic_26": "0", "VCR_26": "0", "AADT_26": "0", "Tipe_Jb_26": "", "Lat_26": -8.223563, "Long_26": 115.1496, "Tgl_Ins_26": "46186", "Ket_26": " " }, "geometry": { "type": "Point", "coordinates": [ 115.1496, -8.223563 ] } },
{ "type": "Feature", "properties": { "FID": 16175, "KDRUAS_UPD": "400371", "NOJBT_UPD": "40.037.004.0.1", "NM_RUAS_UP": "BTS. KOTA SINGARAJA - PEGAYAMAN", "NM_JBT_UPD": "TK.BANGKIANG SIDEM", "PROVINSI": "BALI", "No_Prov_26": "40", "ID_Jbt_26": "4000374", "Kd_Ruas_26": "400371", "Suffix_26": " ", "Nm_Ruas_26": "BTS. KOTA SINGARAJA - PEGAYAMAN", "Lintas_26": "NON LINTAS", "No_Jbt_26": "40.037.004.0.1", "Nm_Jbt_26": "TK.BANGKIANG SIDEM", "Status_26": "N", "Fungsi_26": "A", "Lks_Dr_26": "DPS", "Lks_km_26": 7138, "F_STA_26": "12312", "Cadin_26": "BULELENG", "Pjg_Jbt_26": 36.0, "Btg_Pjg_26": 36.0, "Jml_Btg_26": "1", "Lb_Jl_Ms26": 16.73, "Lb_Jl_Kl26": 16.73, "Lb_Lalin26": 16.73, "Lb_Bh_Ki26": 0.54, "Lb_Bh_Ka26": 0.55, "Lb_Dr_Ki26": 0.13, "Lb_Dr_Ka26": 0.09, "Lb_Tr_Ki26": 1.11, "Lb_Tr_Ka26": 0.74, "Lb_TS_Ki26": 0.0, "Lb_TS_Ka26": 0.0, "Lb_Med_26": 0.0, "Lbr_Jbt_26": 19.89, "Bgn_Ats_26": "LTP", "Jns_Jbt_26": "STANDAR", "Thn_Bgn_26": "1984", "BA_26": "2", "LNT_26": "2", "BB_26": "2", "DAS_26": "1", "OP_26": "0", "UT_26": "1", "GR_26": "0", "LB_26": "0", "JBT_26": "2", "Tp_Lnts_26": "SUNGAI", "Dt_Lnts_26": "BERKELOK (MEANDER)", "Pnangnn_26": "BERKALA", "Pmriksn_26": "RUTIN", "Pnglola_26": "BBPJN JAWA TIMUR - BALI", "Satkr_ID26": "693912", "PPK_Name26": "PPK 1.4", "Traffic_26": "0", "VCR_26": "0", "AADT_26": "0", "Tipe_Jb_26": "", "Lat_26": -8.170309, "Long_26": 115.1224, "Tgl_Ins_26": "46186", "Ket_26": " " }, "geometry": { "type": "Point", "coordinates": [ 115.1224, -8.170309 ] } },
{ "type": "Feature", "properties": { "FID": 16178, "KDRUAS_UPD": "40040", "NOJBT_UPD": "40.040.001.0", "NM_RUAS_UP": "TEGES - BEDAHULU - TAMPAK SIRING - ISTANA PRESIDEN", "NM_JBT_UPD": "TK.LABENG", "PROVINSI": "BALI", "No_Prov_26": "40", "ID_Jbt_26": "4000377", "Kd_Ruas_26": "40040", "Suffix_26": " ", "Nm_Ruas_26": "TEGES - BEDAHULU - TAMPAK SIRING - ISTANA PRESIDEN", "Lintas_26": "NON LINTAS", "No_Jbt_26": "40.040.001.0", "Nm_Jbt_26": "TK.LABENG", "Status_26": "N", "Fungsi_26": "A", "Lks_Dr_26": "DPS", "Lks_km_26": 234, "F_STA_26": "1269", "Cadin_26": "GIANYAR", "Pjg_Jbt_26": 20.0, "Btg_Pjg_26": 19.95, "Jml_Btg_26": "1", "Lb_Jl_Ms26": 8.03, "Lb_Jl_Kl26": 8.03, "Lb_Lalin26": 6.43, "Lb_Bh_Ki26": 0.75, "Lb_Bh_Ka26": 0.85, "Lb_Dr_Ki26": 0.0, "Lb_Dr_Ka26": 0.0, "Lb_Tr_Ki26": 0.0, "Lb_Tr_Ka26": 0.0, "Lb_TS_Ki26": 0.5, "Lb_TS_Ka26": 0.5, "Lb_Med_26": 0.0, "Lbr_Jbt_26": 9.03, "Bgn_Ats_26": "ETP", "Jns_Jbt_26": "STANDAR", "Thn_Bgn_26": "1965", "BA_26": "2", "LNT_26": "2", "BB_26": "1", "DAS_26": "1", "OP_26": "2", "UT_26": "0", "GR_26": "0", "LB_26": "0", "JBT_26": "2", "Tp_Lnts_26": "SUNGAI", "Dt_Lnts_26": "LURUS", "Pnangnn_26": "BERKALA", "Pmriksn_26": "RUTIN", "Pnglola_26": "BBPJN JAWA TIMUR - BALI", "Satkr_ID26": "693913", "PPK_Name26": "PPK 2.2", "Traffic_26": "10502", "VCR_26": "0.197", "AADT_26": "10502", "Tipe_Jb_26": "", "Lat_26": -8.522648, "Long_26": 115.28241, "Tgl_Ins_26": "46188", "Ket_26": " " }, "geometry": { "type": "Point", "coordinates": [ 115.28241, -8.522648 ] } },
{ "type": "Feature", "properties": { "FID": 16179, "KDRUAS_UPD": "40040", "NOJBT_UPD": "40.040.002.0", "NM_RUAS_UP": "TEGES - BEDAHULU - TAMPAK SIRING - ISTANA PRESIDEN", "NM_JBT_UPD": "TK.PETANU", "PROVINSI": "BALI", "No_Prov_26": "40", "ID_Jbt_26": "4000378", "Kd_Ruas_26": "40040", "Suffix_26": " ", "Nm_Ruas_26": "TEGES - BEDAHULU - TAMPAK SIRING - ISTANA PRESIDEN", "Lintas_26": "NON LINTAS", "No_Jbt_26": "40.040.002.0", "Nm_Jbt_26": "TK.PETANU", "Status_26": "N", "Fungsi_26": "A", "Lks_Dr_26": "DPS", "Lks_km_26": 242, "F_STA_26": "1446", "Cadin_26": "GIANYAR", "Pjg_Jbt_26": 10.4, "Btg_Pjg_26": 10.4, "Jml_Btg_26": "1", "Lb_Jl_Ms26": 7.75, "Lb_Jl_Kl26": 7.75, "Lb_Lalin26": 6.7, "Lb_Bh_Ki26": 0.4, "Lb_Bh_Ka26": 0.65, "Lb_Dr_Ki26": 0.0, "Lb_Dr_Ka26": 0.3, "Lb_Tr_Ki26": 0.0, "Lb_Tr_Ka26": 0.0, "Lb_TS_Ki26": 0.55, "Lb_TS_Ka26": 0.55, "Lb_Med_26": 0.0, "Lbr_Jbt_26": 9.15, "Bgn_Ats_26": "ETP", "Jns_Jbt_26": "STANDAR", "Thn_Bgn_26": "1977", "BA_26": "2", "LNT_26": "1", "BB_26": "0", "DAS_26": "2", "OP_26": "1", "UT_26": "0", "GR_26": "0", "LB_26": "0", "JBT_26": "2", "Tp_Lnts_26": "SUNGAI", "Dt_Lnts_26": "BERKELOK (MEANDER)", "Pnangnn_26": "RUTIN", "Pmriksn_26": "DETAIL", "Pnglola_26": "BBPJN JAWA TIMUR - BALI", "Satkr_ID26": "693913", "PPK_Name26": "PPK 2.2", "Traffic_26": "10502", "VCR_26": "0.197", "AADT_26": "10502", "Tipe_Jb_26": "", "Lat_26": -8.522526, "Long_26": 115.283981, "Tgl_Ins_26": "46188", "Ket_26": " " }, "geometry": { "type": "Point", "coordinates": [ 115.283981, -8.522526 ] } },
{ "type": "Feature", "properties": { "FID": 16180, "KDRUAS_UPD": "40040", "NOJBT_UPD": "40.040.003.A", "NM_RUAS_UP": "TEGES - BEDAHULU - TAMPAK SIRING - ISTANA PRESIDEN", "NM_JBT_UPD": "TK.BELUSUNG A", "PROVINSI": "BALI", "No_Prov_26": "40", "ID_Jbt_26": "4000379", "Kd_Ruas_26": "40040", "Suffix_26": " ", "Nm_Ruas_26": "TEGES - BEDAHULU - TAMPAK SIRING - ISTANA PRESIDEN", "Lintas_26": "NON LINTAS", "No_Jbt_26": "40.040.003.A", "Nm_Jbt_26": "TK.BELUSUNG A", "Status_26": "N", "Fungsi_26": "A", "Lks_Dr_26": "DPS", "Lks_km_26": 2965, "F_STA_26": "7287", "Cadin_26": "GIANYAR", "Pjg_Jbt_26": 30.5, "Btg_Pjg_26": 30.5, "Jml_Btg_26": "1", "Lb_Jl_Ms26": 3.6, "Lb_Jl_Kl26": 3.6, "Lb_Lalin26": 3.3, "Lb_Bh_Ki26": 0.3, "Lb_Bh_Ka26": 0.0, "Lb_Dr_Ki26": 0.1, "Lb_Dr_Ka26": 0.0, "Lb_Tr_Ki26": 0.0, "Lb_Tr_Ka26": 0.0, "Lb_TS_Ki26": 0.3, "Lb_TS_Ka26": 0.0, "Lb_Med_26": 0.0, "Lbr_Jbt_26": 4.0, "Bgn_Ats_26": "RBU", "Jns_Jbt_26": "STANDAR", "Thn_Bgn_26": "1979", "BA_26": "1", "LNT_26": "1", "BB_26": "0", "DAS_26": "0", "OP_26": "1", "UT_26": "0", "GR_26": "0", "LB_26": "0", "JBT_26": "1", "Tp_Lnts_26": "SUNGAI", "Dt_Lnts_26": "LURUS", "Pnangnn_26": "RUTIN", "Pmriksn_26": "DETAIL", "Pnglola_26": "BBPJN JAWA TIMUR - BALI", "Satkr_ID26": "693913", "PPK_Name26": "PPK 2.2", "Traffic_26": "10502", "VCR_26": "0.197", "AADT_26": "10502", "Tipe_Jb_26": "", "Lat_26": -8.481584, "Long_26": 115.292618, "Tgl_Ins_26": "46188", "Ket_26": " " }, "geometry": { "type": "Point", "coordinates": [ 115.292618, -8.481584 ] } },
{ "type": "Feature", "properties": { "FID": 16181, "KDRUAS_UPD": "40040", "NOJBT_UPD": "40.040.003.B", "NM_RUAS_UP": "TEGES - BEDAHULU - TAMPAK SIRING - ISTANA PRESIDEN", "NM_JBT_UPD": "TK.BELUSUNG B", "PROVINSI": "BALI", "No_Prov_26": "40", "ID_Jbt_26": "4000380", "Kd_Ruas_26": "40040", "Suffix_26": " ", "Nm_Ruas_26": "TEGES - BEDAHULU - TAMPAK SIRING - ISTANA PRESIDEN", "Lintas_26": "NON LINTAS", "No_Jbt_26": "40.040.003.B", "Nm_Jbt_26": "TK.BELUSUNG B", "Status_26": "N", "Fungsi_26": "A", "Lks_Dr_26": "DPS", "Lks_km_26": 2965, "F_STA_26": "7287", "Cadin_26": "GIANYAR", "Pjg_Jbt_26": 30.2, "Btg_Pjg_26": 30.2, "Jml_Btg_26": "1", "Lb_Jl_Ms26": 3.7, "Lb_Jl_Kl26": 3.7, "Lb_Lalin26": 3.4, "Lb_Bh_Ki26": 0.0, "Lb_Bh_Ka26": 0.3, "Lb_Dr_Ki26": 0.0, "Lb_Dr_Ka26": 0.1, "Lb_Tr_Ki26": 0.0, "Lb_Tr_Ka26": 0.0, "Lb_TS_Ki26": 0.0, "Lb_TS_Ka26": 0.3, "Lb_Med_26": 0.0, "Lbr_Jbt_26": 4.1, "Bgn_Ats_26": "RBU", "Jns_Jbt_26": "STANDAR", "Thn_Bgn_26": "1979", "BA_26": "2", "LNT_26": "2", "BB_26": "1", "DAS_26": "0", "OP_26": "2", "UT_26": "0", "GR_26": "0", "LB_26": "0", "JBT_26": "2", "Tp_Lnts_26": "SUNGAI", "Dt_Lnts_26": "LURUS", "Pnangnn_26": "RUTIN", "Pmriksn_26": "DETAIL", "Pnglola_26": "BBPJN JAWA TIMUR - BALI", "Satkr_ID26": "693913", "PPK_Name26": "PPK 2.2", "Traffic_26": "10502", "VCR_26": "0.197", "AADT_26": "10502", "Tipe_Jb_26": "", "Lat_26": -8.481397, "Long_26": 115.292328, "Tgl_Ins_26": "46188", "Ket_26": " " }, "geometry": { "type": "Point", "coordinates": [ 115.292328, -8.481397 ] } },
{ "type": "Feature", "properties": { "FID": 16182, "KDRUAS_UPD": "40041", "NOJBT_UPD": "40.041.001.0", "NM_RUAS_UP": "KLUNGKUNG - BESAKIH", "NM_JBT_UPD": "TK.ARCA", "PROVINSI": "BALI", "No_Prov_26": "40", "ID_Jbt_26": "4000381", "Kd_Ruas_26": "40041", "Suffix_26": " ", "Nm_Ruas_26": "KLUNGKUNG - BESAKIH", "Lintas_26": "NON LINTAS", "No_Jbt_26": "40.041.001.0", "Nm_Jbt_26": "TK.ARCA", "Status_26": "N", "Fungsi_26": "A", "Lks_Dr_26": "DPS", "Lks_km_26": 5638, "F_STA_26": "16602", "Cadin_26": "KARANGASEM", "Pjg_Jbt_26": 61.2, "Btg_Pjg_26": 20.43, "Jml_Btg_26": "3", "Lb_Jl_Ms26": 5.3, "Lb_Jl_Kl26": 5.3, "Lb_Lalin26": 5.3, "Lb_Bh_Ki26": 0.3, "Lb_Bh_Ka26": 0.4, "Lb_Dr_Ki26": 0.0, "Lb_Dr_Ka26": 0.0, "Lb_Tr_Ki26": 0.65, "Lb_Tr_Ka26": 0.75, "Lb_TS_Ki26": 0.25, "Lb_TS_Ka26": 0.25, "Lb_Med_26": 0.0, "Lbr_Jbt_26": 7.9, "Bgn_Ats_26": "GBP", "Jns_Jbt_26": "STANDAR", "Thn_Bgn_26": "1989", "BA_26": "2", "LNT_26": "2", "BB_26": "2", "DAS_26": "0", "OP_26": "2", "UT_26": "0", "GR_26": "0", "LB_26": "0", "JBT_26": "2", "Tp_Lnts_26": "SUNGAI", "Dt_Lnts_26": "LURUS", "Pnangnn_26": "RUTIN", "Pmriksn_26": "DETAIL", "Pnglola_26": "BBPJN JAWA TIMUR - BALI", "Satkr_ID26": "693913", "PPK_Name26": "PPK 2.2", "Traffic_26": "4495", "VCR_26": "0.082", "AADT_26": "4495", "Tipe_Jb_26": "", "Lat_26": -8.406912, "Long_26": 115.426002, "Tgl_Ins_26": "46185", "Ket_26": " " }, "geometry": { "type": "Point", "coordinates": [ 115.426002, -8.406912 ] } },
{ "type": "Feature", "properties": { "FID": 16186, "KDRUAS_UPD": "40042", "NOJBT_UPD": "40.042.001.0", "NM_RUAS_UP": "JIMBARAN - ULUWATU", "NM_JBT_UPD": "TK.JIMBARAN", "PROVINSI": "BALI", "No_Prov_26": "40", "ID_Jbt_26": "4000385", "Kd_Ruas_26": "40042", "Suffix_26": " ", "Nm_Ruas_26": "JIMBARAN - ULUWATU", "Lintas_26": "NON LINTAS", "No_Jbt_26": "40.042.001.0", "Nm_Jbt_26": "TK.JIMBARAN", "Status_26": "N", "Fungsi_26": "A", "Lks_Dr_26": "DPS", "Lks_km_26": 301, "F_STA_26": "195", "Cadin_26": "BADUNG", "Pjg_Jbt_26": 9.1, "Btg_Pjg_26": 8.85, "Jml_Btg_26": "1", "Lb_Jl_Ms26": 6.39, "Lb_Jl_Kl26": 6.39, "Lb_Lalin26": 6.39, "Lb_Bh_Ki26": 0.32, "Lb_Bh_Ka26": 0.26, "Lb_Dr_Ki26": 0.1, "Lb_Dr_Ka26": 0.1, "Lb_Tr_Ki26": 1.25, "Lb_Tr_Ka26": 1.3, "Lb_TS_Ki26": 0.0, "Lb_TS_Ka26": 0.0, "Lb_Med_26": 0.0, "Lbr_Jbt_26": 9.72, "Bgn_Ats_26": "PTP", "Jns_Jbt_26": "STANDAR", "Thn_Bgn_26": "2011", "BA_26": "1", "LNT_26": "2", "BB_26": "1", "DAS_26": "1", "OP_26": "0", "UT_26": "0", "GR_26": "0", "LB_26": "0", "JBT_26": "2", "Tp_Lnts_26": "SUNGAI", "Dt_Lnts_26": "LURUS", "Pnangnn_26": "BERKALA", "Pmriksn_26": "RUTIN", "Pnglola_26": "BBPJN JAWA TIMUR - BALI", "Satkr_ID26": "693913", "PPK_Name26": "PPK 2.3", "Traffic_26": "22097", "VCR_26": "0.218", "AADT_26": "22097", "Tipe_Jb_26": "", "Lat_26": -8.781296, "Long_26": 115.177177, "Tgl_Ins_26": "46188", "Ket_26": " " }, "geometry": { "type": "Point", "coordinates": [ 115.177177, -8.781296 ] } },
{ "type": "Feature", "properties": { "FID": 16187, "KDRUAS_UPD": "4002111", "NOJBT_UPD": "40.021.002.1.11", "NM_RUAS_UP": "SP. TOHPATI - SP. PANTAI SIUT", "NM_JBT_UPD": "TLB. TULIKUP A", "PROVINSI": "BALI", "No_Prov_26": "40", "ID_Jbt_26": "4000433", "Kd_Ruas_26": "4002111", "Suffix_26": " ", "Nm_Ruas_26": "SP. TOHPATI - SP. PANTAI SIUT", "Lintas_26": "JALAN LINTAS TENGAH", "No_Jbt_26": "40.021.002.1.11", "Nm_Jbt_26": "TLB. TULIKUP A", "Status_26": "N", "Fungsi_26": "A", "Lks_Dr_26": "DPS", "Lks_km_26": 0, "F_STA_26": "15300", "Cadin_26": "GIANYAR", "Pjg_Jbt_26": 7.3, "Btg_Pjg_26": 4.3, "Jml_Btg_26": "1", "Lb_Jl_Ms26": 7.0, "Lb_Jl_Kl26": 7.0, "Lb_Lalin26": 7.0, "Lb_Bh_Ki26": 2.0, "Lb_Bh_Ka26": 0.5, "Lb_Dr_Ki26": 0.0, "Lb_Dr_Ka26": 0.0, "Lb_Tr_Ki26": 0.0, "Lb_Tr_Ka26": 0.0, "Lb_TS_Ki26": 0.0, "Lb_TS_Ka26": 0.0, "Lb_Med_26": 7.0, "Lbr_Jbt_26": 16.5, "Bgn_Ats_26": "BTP", "Jns_Jbt_26": "STANDAR", "Thn_Bgn_26": "1997", "BA_26": "2", "LNT_26": "2", "BB_26": "0", "DAS_26": "2", "OP_26": "0", "UT_26": "0", "GR_26": "2", "LB_26": "0", "JBT_26": "2", "Tp_Lnts_26": "SUNGAI", "Dt_Lnts_26": "LURUS", "Pnangnn_26": "RUTIN", "Pmriksn_26": "DETAIL", "Pnglola_26": "BBPJN JAWA TIMUR - BALI", "Satkr_ID26": "693913", "PPK_Name26": "PPK 2.3", "Traffic_26": "78549", "VCR_26": "0.85", "AADT_26": "78549", "Tipe_Jb_26": "", "Lat_26": -8.571625, "Long_26": 115.3648, "Tgl_Ins_26": "46177", "Ket_26": " " }, "geometry": { "type": "Point", "coordinates": [ 115.3648, -8.571625 ] } },
{ "type": "Feature", "properties": { "FID": 16188, "KDRUAS_UPD": "40004", "NOJBT_UPD": "40.004.014.0", "NM_RUAS_UP": "PEKUTATAN - ANTOSARI", "NM_JBT_UPD": "TK.BUK BASANG", "PROVINSI": "BALI", "No_Prov_26": "40", "ID_Jbt_26": "4000390", "Kd_Ruas_26": "40004", "Suffix_26": " ", "Nm_Ruas_26": "PEKUTATAN - ANTOSARI", "Lintas_26": "JALAN LINTAS SELATAN", "No_Jbt_26": "40.004.014.0", "Nm_Jbt_26": "TK.BUK BASANG", "Status_26": "N", "Fungsi_26": "A", "Lks_Dr_26": "DPS", "Lks_km_26": 5588, "F_STA_26": "15356", "Cadin_26": "TABANAN", "Pjg_Jbt_26": 23.6, "Btg_Pjg_26": 23.05, "Jml_Btg_26": "1", "Lb_Jl_Ms26": 6.31, "Lb_Jl_Kl26": 6.31, "Lb_Lalin26": 6.31, "Lb_Bh_Ki26": 0.3, "Lb_Bh_Ka26": 0.2, "Lb_Dr_Ki26": 0.12, "Lb_Dr_Ka26": 0.18, "Lb_Tr_Ki26": 1.21, "Lb_Tr_Ka26": 1.22, "Lb_TS_Ki26": 0.25, "Lb_TS_Ka26": 0.25, "Lb_Med_26": 0.0, "Lbr_Jbt_26": 10.04, "Bgn_Ats_26": "GTP", "Jns_Jbt_26": "STANDAR", "Thn_Bgn_26": "1995", "BA_26": "2", "LNT_26": "2", "BB_26": "0", "DAS_26": "0", "OP_26": "1", "UT_26": "0", "GR_26": "0", "LB_26": "0", "JBT_26": "2", "Tp_Lnts_26": "SUNGAI", "Dt_Lnts_26": "LURUS", "Pnangnn_26": "RUTIN", "Pmriksn_26": "DETAIL", "Pnglola_26": "BBPJN JAWA TIMUR - BALI", "Satkr_ID26": "693912", "PPK_Name26": "PPK 1.2", "Traffic_26": "24668", "VCR_26": "0.204", "AADT_26": "24668", "Tipe_Jb_26": "", "Lat_26": -8.474199, "Long_26": 114.930946, "Tgl_Ins_26": "46176", "Ket_26": " " }, "geometry": { "type": "Point", "coordinates": [ 114.930946, -8.474199 ] } },
{ "type": "Feature", "properties": { "FID": 16189, "KDRUAS_UPD": "400056", "NOJBT_UPD": "40.005.001.A.6", "NM_RUAS_UP": "ANTOSARI - BTS. KOTA TABANAN", "NM_JBT_UPD": "TK. YEH NUSA", "PROVINSI": "BALI", "No_Prov_26": "40", "ID_Jbt_26": "4000068", "Kd_Ruas_26": "400056", "Suffix_26": " ", "Nm_Ruas_26": "ANTOSARI - BTS. KOTA TABANAN", "Lintas_26": "JALAN LINTAS SELATAN", "No_Jbt_26": "40.005.001.A.6", "Nm_Jbt_26": "TK. YEH NUSA", "Status_26": "N", "Fungsi_26": "A", "Lks_Dr_26": "DPS", "Lks_km_26": 297, "F_STA_26": "100", "Cadin_26": "TABANAN", "Pjg_Jbt_26": 273.3, "Btg_Pjg_26": 41.1, "Jml_Btg_26": "7", "Lb_Jl_Ms26": 7.11, "Lb_Jl_Kl26": 7.11, "Lb_Lalin26": 7.11, "Lb_Bh_Ki26": 0.32, "Lb_Bh_Ka26": 0.33, "Lb_Dr_Ki26": 0.0, "Lb_Dr_Ka26": 0.0, "Lb_Tr_Ki26": 0.7, "Lb_Tr_Ka26": 0.67, "Lb_TS_Ki26": 0.3, "Lb_TS_Ka26": 0.3, "Lb_Med_26": 0.0, "Lbr_Jbt_26": 9.73, "Bgn_Ats_26": "GPP", "Jns_Jbt_26": "STANDAR", "Thn_Bgn_26": "2014", "BA_26": "3", "LNT_26": "2", "BB_26": "1", "DAS_26": "1", "OP_26": "0", "UT_26": "0", "GR_26": "0", "LB_26": "0", "JBT_26": "3", "Tp_Lnts_26": "SUNGAI", "Dt_Lnts_26": "LURUS", "Pnangnn_26": "REHABILITASI", "Pmriksn_26": "RUTIN", "Pnglola_26": "BBPJN JAWA TIMUR - BALI", "Satkr_ID26": "693912", "PPK_Name26": "PPK 1.3", "Traffic_26": "0", "VCR_26": "0", "AADT_26": "0", "Tipe_Jb_26": "", "Lat_26": -8.532263, "Long_26": 115.10749, "Tgl_Ins_26": "46174", "Ket_26": " " }, "geometry": { "type": "Point", "coordinates": [ 115.10749, -8.532263 ] } },
{ "type": "Feature", "properties": { "FID": 16190, "KDRUAS_UPD": "40021", "NOJBT_UPD": "40.021.011.B", "NM_RUAS_UP": "SP. PANTAI SIUT - KOSAMBA", "NM_JBT_UPD": "TK.UNDA B", "PROVINSI": "BALI", "No_Prov_26": "40", "ID_Jbt_26": "4000135", "Kd_Ruas_26": "40021", "Suffix_26": " ", "Nm_Ruas_26": "SP. PANTAI SIUT - KOSAMBA", "Lintas_26": "JALAN LINTAS SELATAN", "No_Jbt_26": "40.021.011.B", "Nm_Jbt_26": "TK.UNDA B", "Status_26": "N", "Fungsi_26": "A", "Lks_Dr_26": "DPS", "Lks_km_26": 2946, "F_STA_26": "6249", "Cadin_26": "KLUNGKUNG", "Pjg_Jbt_26": 310.1, "Btg_Pjg_26": 100.0, "Jml_Btg_26": "4", "Lb_Jl_Ms26": 8.0, "Lb_Jl_Kl26": 8.0, "Lb_Lalin26": 7.1, "Lb_Bh_Ki26": 0.5, "Lb_Bh_Ka26": 0.4, "Lb_Dr_Ki26": 0.0, "Lb_Dr_Ka26": 0.0, "Lb_Tr_Ki26": 1.25, "Lb_Tr_Ka26": 1.25, "Lb_TS_Ki26": 0.3, "Lb_TS_Ka26": 0.3, "Lb_Med_26": 0.0, "Lbr_Jbt_26": 11.1, "Bgn_Ats_26": "OPP", "Jns_Jbt_26": "KHUSUS", "Thn_Bgn_26": "1990", "BA_26": "2", "LNT_26": "2", "BB_26": "2", "DAS_26": "0", "OP_26": "2", "UT_26": "0", "GR_26": "0", "LB_26": "0", "JBT_26": "2", "Tp_Lnts_26": "SUNGAI", "Dt_Lnts_26": "LURUS", "Pnangnn_26": "RUTIN", "Pmriksn_26": "KHUSUS", "Pnglola_26": "BBPJN JAWA TIMUR - BALI", "Satkr_ID26": "693913", "PPK_Name26": "PPK 2.3", "Traffic_26": "46308", "VCR_26": "0.423", "AADT_26": "46308", "Tipe_Jb_26": "", "Lat_26": -8.559395, "Long_26": 115.4254, "Tgl_Ins_26": "46171", "Ket_26": " " }, "geometry": { "type": "Point", "coordinates": [ 115.4254, -8.559395 ] } },
{ "type": "Feature", "properties": { "FID": 16191, "KDRUAS_UPD": "40002", "NOJBT_UPD": "40.002.005.B", "NM_RUAS_UP": "CEKIK - BTS. KOTA NEGARA", "NM_JBT_UPD": "TK. AYA", "PROVINSI": "BALI", "No_Prov_26": "40", "ID_Jbt_26": "4000469", "Kd_Ruas_26": "40002", "Suffix_26": " ", "Nm_Ruas_26": "CEKIK - BTS. KOTA NEGARA", "Lintas_26": "JALAN LINTAS SELATAN", "No_Jbt_26": "40.002.005.B", "Nm_Jbt_26": "TK. AYA", "Status_26": "N", "Fungsi_26": "A", "Lks_Dr_26": "DPS", "Lks_km_26": 1045, "F_STA_26": "6301", "Cadin_26": "JEMBRANA", "Pjg_Jbt_26": 40.6, "Btg_Pjg_26": 40.6, "Jml_Btg_26": "1", "Lb_Jl_Ms26": 6.77, "Lb_Jl_Kl26": 6.77, "Lb_Lalin26": 6.77, "Lb_Bh_Ki26": 0.28, "Lb_Bh_Ka26": 0.29, "Lb_Dr_Ki26": 0.12, "Lb_Dr_Ka26": 0.12, "Lb_Tr_Ki26": 1.15, "Lb_Tr_Ka26": 1.15, "Lb_TS_Ki26": 0.27, "Lb_TS_Ka26": 0.25, "Lb_Med_26": 0.0, "Lbr_Jbt_26": 10.4, "Bgn_Ats_26": "GPP", "Jns_Jbt_26": "STANDAR", "Thn_Bgn_26": "2019", "BA_26": "1", "LNT_26": "0", "BB_26": "1", "DAS_26": "0", "OP_26": "1", "UT_26": "0", "GR_26": "0", "LB_26": "0", "JBT_26": "1", "Tp_Lnts_26": "SUNGAI", "Dt_Lnts_26": "BERKELOK (MEANDER)", "Pnangnn_26": "RUTIN", "Pmriksn_26": "DETAIL", "Pnglola_26": "BBPJN JAWA TIMUR - BALI", "Satkr_ID26": "693912", "PPK_Name26": "PPK 1.2", "Traffic_26": "21434", "VCR_26": "0.189", "AADT_26": "21434", "Tipe_Jb_26": "", "Lat_26": -8.33096, "Long_26": 114.54833, "Tgl_Ins_26": "46179", "Ket_26": " " }, "geometry": { "type": "Point", "coordinates": [ 114.54833, -8.33096 ] } },
{ "type": "Feature", "properties": { "FID": 16192, "KDRUAS_UPD": "40034", "NOJBT_UPD": "40.034.038.1", "NM_RUAS_UP": "KUBUTAMBAHAN - KM 124 DPS (BON DALEM\/DS. TEMBOK)", "NM_JBT_UPD": "TK. BANGKEH I", "PROVINSI": "BALI", "No_Prov_26": "40", "ID_Jbt_26": "4000481", "Kd_Ruas_26": "40034", "Suffix_26": " ", "Nm_Ruas_26": "KUBUTAMBAHAN - KM 124 DPS (BON DALEM\/DS. TEMBOK)", "Lintas_26": "JALAN LINTAS UTARA", "No_Jbt_26": "40.034.038.1", "Nm_Jbt_26": "TK. BANGKEH I", "Status_26": "N", "Fungsi_26": "A", "Lks_Dr_26": "DPS", "Lks_km_26": 847, "F_STA_26": "23052", "Cadin_26": "BULELENG", "Pjg_Jbt_26": 10.8, "Btg_Pjg_26": 10.69, "Jml_Btg_26": "1", "Lb_Jl_Ms26": 6.3, "Lb_Jl_Kl26": 6.3, "Lb_Lalin26": 6.3, "Lb_Bh_Ki26": 0.35, "Lb_Bh_Ka26": 0.4, "Lb_Dr_Ki26": 0.1, "Lb_Dr_Ka26": 0.1, "Lb_Tr_Ki26": 0.95, "Lb_Tr_Ka26": 1.0, "Lb_TS_Ki26": 0.3, "Lb_TS_Ka26": 0.3, "Lb_Med_26": 0.0, "Lbr_Jbt_26": 9.8, "Bgn_Ats_26": "GTP", "Jns_Jbt_26": "STANDAR", "Thn_Bgn_26": "1993", "BA_26": "1", "LNT_26": "2", "BB_26": "2", "DAS_26": "1", "OP_26": "0", "UT_26": "0", "GR_26": "0", "LB_26": "0", "JBT_26": "2", "Tp_Lnts_26": "SUNGAI", "Dt_Lnts_26": "TANAH\/SUNGAI KERING", "Pnangnn_26": "RUTIN", "Pmriksn_26": "RUTIN", "Pnglola_26": "BBPJN JAWA TIMUR - BALI", "Satkr_ID26": "693913", "PPK_Name26": "PPK 2.1", "Traffic_26": "7553", "VCR_26": "0.124", "AADT_26": "7553", "Tipe_Jb_26": "", "Lat_26": -8.08886, "Long_26": 115.26477, "Tgl_Ins_26": "46184", "Ket_26": " " }, "geometry": { "type": "Point", "coordinates": [ 115.26477, -8.08886 ] } },
{ "type": "Feature", "properties": { "FID": 16193, "KDRUAS_UPD": "40035", "NOJBT_UPD": "40.035.036.0", "NM_RUAS_UP": "KM 124 DPS (BON DALEM\/DS. TEMBOK) - BTS. KOTA AMLAPURA", "NM_JBT_UPD": "TK.TIANYAR", "PROVINSI": "BALI", "No_Prov_26": "40", "ID_Jbt_26": "4000482", "Kd_Ruas_26": "40035", "Suffix_26": " ", "Nm_Ruas_26": "KM 124 DPS (BON DALEM\/DS. TEMBOK) - BTS. KOTA AMLAPURA", "Lintas_26": "JALAN LINTAS UTARA", "No_Jbt_26": "40.035.036.0", "Nm_Jbt_26": "TK.TIANYAR", "Status_26": "N", "Fungsi_26": "A", "Lks_Dr_26": "DPS", "Lks_km_26": 1045, "F_STA_26": "34550", "Cadin_26": "KARANGASEM", "Pjg_Jbt_26": 9.4, "Btg_Pjg_26": 1.88, "Jml_Btg_26": "5", "Lb_Jl_Ms26": 5.9, "Lb_Jl_Kl26": 5.9, "Lb_Lalin26": 5.9, "Lb_Bh_Ki26": 0.0, "Lb_Bh_Ka26": 0.55, "Lb_Dr_Ki26": 0.0, "Lb_Dr_Ka26": 0.0, "Lb_Tr_Ki26": 0.0, "Lb_Tr_Ka26": 0.0, "Lb_TS_Ki26": 0.0, "Lb_TS_Ka26": 0.45, "Lb_Med_26": 0.0, "Lbr_Jbt_26": 6.9, "Bgn_Ats_26": "YBP", "Jns_Jbt_26": "STANDAR", "Thn_Bgn_26": "1990", "BA_26": "2", "LNT_26": "1", "BB_26": "0", "DAS_26": "1", "OP_26": "1", "UT_26": "0", "GR_26": "1", "LB_26": "0", "JBT_26": "2", "Tp_Lnts_26": "SUNGAI", "Dt_Lnts_26": "TANAH\/SUNGAI KERING", "Pnangnn_26": "RUTIN", "Pmriksn_26": "DETAIL", "Pnglola_26": "BBPJN JAWA TIMUR - BALI", "Satkr_ID26": "693913", "PPK_Name26": "PPK 2.1", "Traffic_26": "6927", "VCR_26": "0.076", "AADT_26": "6927", "Tipe_Jb_26": "", "Lat_26": -8.20992, "Long_26": 115.51671, "Tgl_Ins_26": "46183", "Ket_26": " " }, "geometry": { "type": "Point", "coordinates": [ 115.51671, -8.20992 ] } },
{ "type": "Feature", "properties": { "FID": 16194, "KDRUAS_UPD": "4003611", "NOJBT_UPD": "40.036.015.0.11", "NM_RUAS_UP": "JLN. SUDIRMAN - A. YANI (AMLAPURA)", "NM_JBT_UPD": "TK. SUBAGAN", "PROVINSI": "BALI", "No_Prov_26": "40", "ID_Jbt_26": "4000483", "Kd_Ruas_26": "4003611", "Suffix_26": " ", "Nm_Ruas_26": "JLN. SUDIRMAN - A. YANI (AMLAPURA)", "Lintas_26": "JALAN LINTAS TENGAH", "No_Jbt_26": "40.036.015.0.11", "Nm_Jbt_26": "TK. SUBAGAN", "Status_26": "N", "Fungsi_26": "A", "Lks_Dr_26": "DPS", "Lks_km_26": 758, "F_STA_26": "2746", "Cadin_26": "KARANGASEM", "Pjg_Jbt_26": 6.0, "Btg_Pjg_26": 6.0, "Jml_Btg_26": "1", "Lb_Jl_Ms26": 10.4, "Lb_Jl_Kl26": 10.4, "Lb_Lalin26": 10.4, "Lb_Bh_Ki26": 1.65, "Lb_Bh_Ka26": 1.35, "Lb_Dr_Ki26": 0.0, "Lb_Dr_Ka26": 0.0, "Lb_Tr_Ki26": 1.25, "Lb_Tr_Ka26": 1.25, "Lb_TS_Ki26": 0.45, "Lb_TS_Ka26": 0.45, "Lb_Med_26": 1.1, "Lbr_Jbt_26": 17.9, "Bgn_Ats_26": "EMP", "Jns_Jbt_26": "STANDAR", "Thn_Bgn_26": "1960", "BA_26": "2", "LNT_26": "1", "BB_26": "0", "DAS_26": "2", "OP_26": "1", "UT_26": "0", "GR_26": "0", "LB_26": "0", "JBT_26": "2", "Tp_Lnts_26": "SUNGAI", "Dt_Lnts_26": "LURUS", "Pnangnn_26": "RUTIN", "Pmriksn_26": "DETAIL", "Pnglola_26": "BBPJN JAWA TIMUR - BALI", "Satkr_ID26": "693913", "PPK_Name26": "PPK 2.2", "Traffic_26": "14854", "VCR_26": "0.214", "AADT_26": "14854", "Tipe_Jb_26": "", "Lat_26": -8.4515, "Long_26": 115.60411, "Tgl_Ins_26": "46180", "Ket_26": " " }, "geometry": { "type": "Point", "coordinates": [ 115.60411, -8.4515 ] } },
{ "type": "Feature", "properties": { "FID": 16195, "KDRUAS_UPD": "4002811", "NOJBT_UPD": "40.028.001.0.11", "NM_RUAS_UP": "JLN. DIPONEGORO (SEMARAPURA)", "NM_JBT_UPD": "TLB.CAU", "PROVINSI": "BALI", "No_Prov_26": "40", "ID_Jbt_26": "4000480", "Kd_Ruas_26": "4002811", "Suffix_26": " ", "Nm_Ruas_26": "JLN. DIPONEGORO (SEMARAPURA)", "Lintas_26": "JALAN LINTAS TENGAH", "No_Jbt_26": "40.028.001.0.11", "Nm_Jbt_26": "TLB.CAU", "Status_26": "N", "Fungsi_26": "A", "Lks_Dr_26": "DPS", "Lks_km_26": 403, "F_STA_26": "711", "Cadin_26": "KLUNGKUNG", "Pjg_Jbt_26": 14.0, "Btg_Pjg_26": 14.0, "Jml_Btg_26": "1", "Lb_Jl_Ms26": 8.6, "Lb_Jl_Kl26": 8.6, "Lb_Lalin26": 8.6, "Lb_Bh_Ki26": 0.0, "Lb_Bh_Ka26": 0.0, "Lb_Dr_Ki26": 0.0, "Lb_Dr_Ka26": 0.0, "Lb_Tr_Ki26": 1.25, "Lb_Tr_Ka26": 0.55, "Lb_TS_Ki26": 0.0, "Lb_TS_Ka26": 0.2, "Lb_Med_26": 0.0, "Lbr_Jbt_26": 10.6, "Bgn_Ats_26": "EMP", "Jns_Jbt_26": "STANDAR", "Thn_Bgn_26": "1960", "BA_26": "2", "LNT_26": "2", "BB_26": "1", "DAS_26": "1", "OP_26": "0", "UT_26": "0", "GR_26": "0", "LB_26": "0", "JBT_26": "2", "Tp_Lnts_26": "SUNGAI", "Dt_Lnts_26": "LURUS", "Pnangnn_26": "RUTIN", "Pmriksn_26": "RUTIN", "Pnglola_26": "BBPJN JAWA TIMUR - BALI", "Satkr_ID26": "693913", "PPK_Name26": "PPK 2.2", "Traffic_26": "5918", "VCR_26": "0.181", "AADT_26": "5918", "Tipe_Jb_26": "", "Lat_26": -8.53593, "Long_26": 115.41005, "Tgl_Ins_26": "46186", "Ket_26": " " }, "geometry": { "type": "Point", "coordinates": [ 115.41005, -8.53593 ] } },
{ "type": "Feature", "properties": { "FID": 16196, "KDRUAS_UPD": "40006", "NOJBT_UPD": "40.006.002.0", "NM_RUAS_UP": "BTS. KOTA TABANAN - MENGWITANI", "NM_JBT_UPD": "TLB. JUMPAYAH", "PROVINSI": "BALI", "No_Prov_26": "40", "ID_Jbt_26": "4000470", "Kd_Ruas_26": "40006", "Suffix_26": " ", "Nm_Ruas_26": "BTS. KOTA TABANAN - MENGWITANI", "Lintas_26": "JALAN LINTAS TENGAH", "No_Jbt_26": "40.006.002.0", "Nm_Jbt_26": "TLB. JUMPAYAH", "Status_26": "N", "Fungsi_26": "A", "Lks_Dr_26": "DPS", "Lks_km_26": 1522, "F_STA_26": "1306", "Cadin_26": "TABANAN", "Pjg_Jbt_26": 7.1, "Btg_Pjg_26": 7.1, "Jml_Btg_26": "1", "Lb_Jl_Ms26": 16.73, "Lb_Jl_Kl26": 16.73, "Lb_Lalin26": 16.73, "Lb_Bh_Ki26": 0.54, "Lb_Bh_Ka26": 0.55, "Lb_Dr_Ki26": 0.13, "Lb_Dr_Ka26": 0.09, "Lb_Tr_Ki26": 1.11, "Lb_Tr_Ka26": 0.74, "Lb_TS_Ki26": 0.22, "Lb_TS_Ka26": 0.2, "Lb_Med_26": 0.0, "Lbr_Jbt_26": 20.31, "Bgn_Ats_26": "ETP", "Jns_Jbt_26": "STANDAR", "Thn_Bgn_26": "1974", "BA_26": "1", "LNT_26": "0", "BB_26": "0", "DAS_26": "2", "OP_26": "0", "UT_26": "0", "GR_26": "0", "LB_26": "0", "JBT_26": "2", "Tp_Lnts_26": "SUNGAI", "Dt_Lnts_26": "LURUS", "Pnangnn_26": "RUTIN", "Pmriksn_26": "DETAIL", "Pnglola_26": "BBPJN JAWA TIMUR - BALI", "Satkr_ID26": "693912", "PPK_Name26": "PPK 1.3", "Traffic_26": "4222", "VCR_26": "0.76", "AADT_26": "4222", "Tipe_Jb_26": "", "Lat_26": -8.56164, "Long_26": 115.15916, "Tgl_Ins_26": "46187", "Ket_26": " " }, "geometry": { "type": "Point", "coordinates": [ 115.15916, -8.56164 ] } },
{ "type": "Feature", "properties": { "FID": 16197, "KDRUAS_UPD": "4002111", "NOJBT_UPD": "40.021.118.0.11", "NM_RUAS_UP": "SP. TOHPATI - SP. PANTAI SIUT", "NM_JBT_UPD": "TLB. TULIKUP B", "PROVINSI": "BALI", "No_Prov_26": "40", "ID_Jbt_26": "4000478", "Kd_Ruas_26": "4002111", "Suffix_26": " ", "Nm_Ruas_26": "SP. TOHPATI - SP. PANTAI SIUT", "Lintas_26": "JALAN LINTAS TENGAH", "No_Jbt_26": "40.021.118.0.11", "Nm_Jbt_26": "TLB. TULIKUP B", "Status_26": "N", "Fungsi_26": "A", "Lks_Dr_26": "DPS", "Lks_km_26": 2225, "F_STA_26": "15300", "Cadin_26": "GIANYAR", "Pjg_Jbt_26": 7.5, "Btg_Pjg_26": 7.5, "Jml_Btg_26": "1", "Lb_Jl_Ms26": 7.0, "Lb_Jl_Kl26": 7.0, "Lb_Lalin26": 7.0, "Lb_Bh_Ki26": 0.35, "Lb_Bh_Ka26": 0.65, "Lb_Dr_Ki26": 0.0, "Lb_Dr_Ka26": 0.0, "Lb_Tr_Ki26": 0.0, "Lb_Tr_Ka26": 0.0, "Lb_TS_Ki26": 0.0, "Lb_TS_Ka26": 0.0, "Lb_Med_26": 0.0, "Lbr_Jbt_26": 8.0, "Bgn_Ats_26": "BTP", "Jns_Jbt_26": "STANDAR", "Thn_Bgn_26": "1994", "BA_26": "0", "LNT_26": "0", "BB_26": "0", "DAS_26": "3", "OP_26": "1", "UT_26": "0", "GR_26": "0", "LB_26": "0", "JBT_26": "3", "Tp_Lnts_26": "SUNGAI", "Dt_Lnts_26": "LURUS", "Pnangnn_26": "RUTIN", "Pmriksn_26": "DETAIL", "Pnglola_26": "BBPJN JAWA TIMUR - BALI", "Satkr_ID26": "693913", "PPK_Name26": "PPK 2.3", "Traffic_26": "78549", "VCR_26": "0.85", "AADT_26": "78549", "Tipe_Jb_26": "", "Lat_26": -8.57168, "Long_26": 115.365, "Tgl_Ins_26": "46177", "Ket_26": " " }, "geometry": { "type": "Point", "coordinates": [ 115.365, -8.57168 ] } },
{ "type": "Feature", "properties": { "FID": 16198, "KDRUAS_UPD": "4002111", "NOJBT_UPD": "40.021.119.1.11", "NM_RUAS_UP": "SP. TOHPATI - SP. PANTAI SIUT", "NM_JBT_UPD": "TK.SELUKAT", "PROVINSI": "BALI", "No_Prov_26": "40", "ID_Jbt_26": "4000479", "Kd_Ruas_26": "4002111", "Suffix_26": " ", "Nm_Ruas_26": "SP. TOHPATI - SP. PANTAI SIUT", "Lintas_26": "JALAN LINTAS TENGAH", "No_Jbt_26": "40.021.119.1.11", "Nm_Jbt_26": "TK.SELUKAT", "Status_26": "N", "Fungsi_26": "A", "Lks_Dr_26": "DPS", "Lks_km_26": 178, "F_STA_26": "10986", "Cadin_26": "GIANYAR", "Pjg_Jbt_26": 7.4, "Btg_Pjg_26": 3.7, "Jml_Btg_26": "2", "Lb_Jl_Ms26": 13.95, "Lb_Jl_Kl26": 13.95, "Lb_Lalin26": 13.95, "Lb_Bh_Ki26": 2.4, "Lb_Bh_Ka26": 1.2, "Lb_Dr_Ki26": 0.0, "Lb_Dr_Ka26": 0.0, "Lb_Tr_Ki26": 0.0, "Lb_Tr_Ka26": 0.0, "Lb_TS_Ki26": 0.3, "Lb_TS_Ka26": 0.3, "Lb_Med_26": 0.0, "Lbr_Jbt_26": 18.15, "Bgn_Ats_26": "BTP", "Jns_Jbt_26": "STANDAR", "Thn_Bgn_26": "1994", "BA_26": "1", "LNT_26": "1", "BB_26": "1", "DAS_26": "2", "OP_26": "2", "UT_26": "1", "GR_26": "2", "LB_26": "0", "JBT_26": "2", "Tp_Lnts_26": "SUNGAI", "Dt_Lnts_26": "LURUS", "Pnangnn_26": "BERKALA", "Pmriksn_26": "RUTIN", "Pnglola_26": "BBPJN JAWA TIMUR - BALI", "Satkr_ID26": "693913", "PPK_Name26": "PPK 2.3", "Traffic_26": "78549", "VCR_26": "0.85", "AADT_26": "78549", "Tipe_Jb_26": "", "Lat_26": -8.5954, "Long_26": 115.33421, "Tgl_Ins_26": "46176", "Ket_26": " " }, "geometry": { "type": "Point", "coordinates": [ 115.33421, -8.5954 ] } },
{ "type": "Feature", "properties": { "FID": 16199, "KDRUAS_UPD": "4002111", "NOJBT_UPD": "40.021.109.2.11", "NM_RUAS_UP": "SP. TOHPATI - SP. PANTAI SIUT", "NM_JBT_UPD": "TLB. PURNAMA", "PROVINSI": "BALI", "No_Prov_26": "40", "ID_Jbt_26": "4000476", "Kd_Ruas_26": "4002111", "Suffix_26": " ", "Nm_Ruas_26": "SP. TOHPATI - SP. PANTAI SIUT", "Lintas_26": "JALAN LINTAS TENGAH", "No_Jbt_26": "40.021.109.2.11", "Nm_Jbt_26": "TLB. PURNAMA", "Status_26": "N", "Fungsi_26": "A", "Lks_Dr_26": "DPS", "Lks_km_26": 14, "F_STA_26": "7136", "Cadin_26": "GIANYAR", "Pjg_Jbt_26": 8.3, "Btg_Pjg_26": 8.3, "Jml_Btg_26": "1", "Lb_Jl_Ms26": 13.9, "Lb_Jl_Kl26": 13.9, "Lb_Lalin26": 13.9, "Lb_Bh_Ki26": 2.25, "Lb_Bh_Ka26": 1.15, "Lb_Dr_Ki26": 0.0, "Lb_Dr_Ka26": 0.0, "Lb_Tr_Ki26": 0.0, "Lb_Tr_Ka26": 0.0, "Lb_TS_Ki26": 0.0, "Lb_TS_Ka26": 0.4, "Lb_Med_26": 0.0, "Lbr_Jbt_26": 17.7, "Bgn_Ats_26": "BTP", "Jns_Jbt_26": "STANDAR", "Thn_Bgn_26": "1994", "BA_26": "2", "LNT_26": "2", "BB_26": "0", "DAS_26": "2", "OP_26": "1", "UT_26": "0", "GR_26": "2", "LB_26": "0", "JBT_26": "2", "Tp_Lnts_26": "SUNGAI", "Dt_Lnts_26": "LURUS", "Pnangnn_26": "RUTIN", "Pmriksn_26": "DETAIL", "Pnglola_26": "BBPJN JAWA TIMUR - BALI", "Satkr_ID26": "693913", "PPK_Name26": "PPK 2.3", "Traffic_26": "78549", "VCR_26": "0.85", "AADT_26": "78549", "Tipe_Jb_26": "", "Lat_26": -8.61438, "Long_26": 115.30511, "Tgl_Ins_26": "46174", "Ket_26": " " }, "geometry": { "type": "Point", "coordinates": [ 115.30511, -8.61438 ] } },
{ "type": "Feature", "properties": { "FID": 16200, "KDRUAS_UPD": "4002111", "NOJBT_UPD": "40.021.107.0.11", "NM_RUAS_UP": "SP. TOHPATI - SP. PANTAI SIUT", "NM_JBT_UPD": "TK.BABAKAN", "PROVINSI": "BALI", "No_Prov_26": "40", "ID_Jbt_26": "4000475", "Kd_Ruas_26": "4002111", "Suffix_26": " ", "Nm_Ruas_26": "SP. TOHPATI - SP. PANTAI SIUT", "Lintas_26": "JALAN LINTAS TENGAH", "No_Jbt_26": "40.021.107.0.11", "Nm_Jbt_26": "TK.BABAKAN", "Status_26": "N", "Fungsi_26": "A", "Lks_Dr_26": "DPS", "Lks_km_26": 129, "F_STA_26": "6000", "Cadin_26": "GIANYAR", "Pjg_Jbt_26": 7.3, "Btg_Pjg_26": 7.3, "Jml_Btg_26": "1", "Lb_Jl_Ms26": 13.35, "Lb_Jl_Kl26": 13.35, "Lb_Lalin26": 13.35, "Lb_Bh_Ki26": 3.25, "Lb_Bh_Ka26": 1.1, "Lb_Dr_Ki26": 0.0, "Lb_Dr_Ka26": 0.0, "Lb_Tr_Ki26": 0.0, "Lb_Tr_Ka26": 0.0, "Lb_TS_Ki26": 0.3, "Lb_TS_Ka26": 0.0, "Lb_Med_26": 7.03, "Lbr_Jbt_26": 25.03, "Bgn_Ats_26": "PTP", "Jns_Jbt_26": "STANDAR", "Thn_Bgn_26": "1994", "BA_26": "2", "LNT_26": "1", "BB_26": "1", "DAS_26": "2", "OP_26": "2", "UT_26": "1", "GR_26": "0", "LB_26": "0", "JBT_26": "2", "Tp_Lnts_26": "SUNGAI", "Dt_Lnts_26": "LURUS", "Pnangnn_26": "RUTIN", "Pmriksn_26": "RUTIN", "Pnglola_26": "BBPJN JAWA TIMUR - BALI", "Satkr_ID26": "693913", "PPK_Name26": "PPK 2.3", "Traffic_26": "78549", "VCR_26": "0.85", "AADT_26": "78549", "Tipe_Jb_26": "", "Lat_26": -8.62243, "Long_26": 115.299, "Tgl_Ins_26": "46174", "Ket_26": " " }, "geometry": { "type": "Point", "coordinates": [ 115.299, -8.62243 ] } },
{ "type": "Feature", "properties": { "FID": 16201, "KDRUAS_UPD": "4002111", "NOJBT_UPD": "40.021.105.1.11", "NM_RUAS_UP": "SP. TOHPATI - SP. PANTAI SIUT", "NM_JBT_UPD": "TLB. KETEWEL 1", "PROVINSI": "BALI", "No_Prov_26": "40", "ID_Jbt_26": "4000474", "Kd_Ruas_26": "4002111", "Suffix_26": " ", "Nm_Ruas_26": "SP. TOHPATI - SP. PANTAI SIUT", "Lintas_26": "JALAN LINTAS TENGAH", "No_Jbt_26": "40.021.105.1.11", "Nm_Jbt_26": "TLB. KETEWEL 1", "Status_26": "N", "Fungsi_26": "A", "Lks_Dr_26": "DPS", "Lks_km_26": 1195, "F_STA_26": "5068", "Cadin_26": "GIANYAR", "Pjg_Jbt_26": 6.0, "Btg_Pjg_26": 6.0, "Jml_Btg_26": "1", "Lb_Jl_Ms26": 19.85, "Lb_Jl_Kl26": 19.85, "Lb_Lalin26": 19.85, "Lb_Bh_Ki26": 2.55, "Lb_Bh_Ka26": 7.25, "Lb_Dr_Ki26": 0.0, "Lb_Dr_Ka26": 0.0, "Lb_Tr_Ki26": 0.0, "Lb_Tr_Ka26": 0.0, "Lb_TS_Ki26": 0.0, "Lb_TS_Ka26": 0.0, "Lb_Med_26": 0.0, "Lbr_Jbt_26": 29.65, "Bgn_Ats_26": "PTP", "Jns_Jbt_26": "STANDAR", "Thn_Bgn_26": "1994", "BA_26": "2", "LNT_26": "2", "BB_26": "1", "DAS_26": "1", "OP_26": "1", "UT_26": "0", "GR_26": "0", "LB_26": "0", "JBT_26": "2", "Tp_Lnts_26": "SUNGAI", "Dt_Lnts_26": "LURUS", "Pnangnn_26": "RUTIN", "Pmriksn_26": "DETAIL", "Pnglola_26": "BBPJN JAWA TIMUR - BALI", "Satkr_ID26": "693913", "PPK_Name26": "PPK 2.3", "Traffic_26": "78549", "VCR_26": "0.85", "AADT_26": "78549", "Tipe_Jb_26": "", "Lat_26": -8.62921, "Long_26": 115.29373, "Tgl_Ins_26": "46175", "Ket_26": " " }, "geometry": { "type": "Point", "coordinates": [ 115.29373, -8.62921 ] } },
{ "type": "Feature", "properties": { "FID": 16202, "KDRUAS_UPD": "4001811", "NOJBT_UPD": "40.018.002.1.11", "NM_RUAS_UP": "SIMPANG PESANGGARAN - SIMPANG SANUR", "NM_JBT_UPD": "TLB. MERTASARI", "PROVINSI": "BALI", "No_Prov_26": "40", "ID_Jbt_26": "4000472", "Kd_Ruas_26": "4001811", "Suffix_26": " ", "Nm_Ruas_26": "SIMPANG PESANGGARAN - SIMPANG SANUR", "Lintas_26": "JALAN LINTAS SELATAN", "No_Jbt_26": "40.018.002.1.11", "Nm_Jbt_26": "TLB. MERTASARI", "Status_26": "N", "Fungsi_26": "A", "Lks_Dr_26": "DPS", "Lks_km_26": 146, "F_STA_26": "5075", "Cadin_26": "DENPASAR", "Pjg_Jbt_26": 8.0, "Btg_Pjg_26": 4.0, "Jml_Btg_26": "2", "Lb_Jl_Ms26": 17.18, "Lb_Jl_Kl26": 17.18, "Lb_Lalin26": 14.58, "Lb_Bh_Ki26": 1.2, "Lb_Bh_Ka26": 1.4, "Lb_Dr_Ki26": 0.0, "Lb_Dr_Ka26": 0.0, "Lb_Tr_Ki26": 0.0, "Lb_Tr_Ka26": 0.0, "Lb_TS_Ki26": 0.5, "Lb_TS_Ka26": 0.5, "Lb_Med_26": 0.0, "Lbr_Jbt_26": 18.18, "Bgn_Ats_26": "BTP", "Jns_Jbt_26": "STANDAR", "Thn_Bgn_26": "1980", "BA_26": "0", "LNT_26": "0", "BB_26": "0", "DAS_26": "2", "OP_26": "2", "UT_26": "1", "GR_26": "2", "LB_26": "0", "JBT_26": "2", "Tp_Lnts_26": "SUNGAI", "Dt_Lnts_26": "LURUS", "Pnangnn_26": "RUTIN", "Pmriksn_26": "DETAIL", "Pnglola_26": "BBPJN JAWA TIMUR - BALI", "Satkr_ID26": "693913", "PPK_Name26": "PPK 2.3", "Traffic_26": "80918", "VCR_26": "0.877", "AADT_26": "80918", "Tipe_Jb_26": "", "Lat_26": -8.70735, "Long_26": 115.24344, "Tgl_Ins_26": "46187", "Ket_26": " " }, "geometry": { "type": "Point", "coordinates": [ 115.24344, -8.70735 ] } },
{ "type": "Feature", "properties": { "FID": 16203, "KDRUAS_UPD": "4001811", "NOJBT_UPD": "40.018.006.0.11", "NM_RUAS_UP": "SIMPANG PESANGGARAN - SIMPANG SANUR", "NM_JBT_UPD": "TLB. SESETAN", "PROVINSI": "BALI", "No_Prov_26": "40", "ID_Jbt_26": "4000473", "Kd_Ruas_26": "4001811", "Suffix_26": " ", "Nm_Ruas_26": "SIMPANG PESANGGARAN - SIMPANG SANUR", "Lintas_26": "JALAN LINTAS SELATAN", "No_Jbt_26": "40.018.006.0.11", "Nm_Jbt_26": "TLB. SESETAN", "Status_26": "N", "Fungsi_26": "A", "Lks_Dr_26": "DPS", "Lks_km_26": 1715, "F_STA_26": "7574", "Cadin_26": "DENPASAR", "Pjg_Jbt_26": 9.2, "Btg_Pjg_26": 9.2, "Jml_Btg_26": "1", "Lb_Jl_Ms26": 15.62, "Lb_Jl_Kl26": 15.62, "Lb_Lalin26": 15.62, "Lb_Bh_Ki26": 0.9, "Lb_Bh_Ka26": 0.5, "Lb_Dr_Ki26": 0.0, "Lb_Dr_Ka26": 0.0, "Lb_Tr_Ki26": 0.0, "Lb_Tr_Ka26": 0.0, "Lb_TS_Ki26": 0.45, "Lb_TS_Ka26": 0.4, "Lb_Med_26": 0.0, "Lbr_Jbt_26": 17.87, "Bgn_Ats_26": "BTP", "Jns_Jbt_26": "STANDAR", "Thn_Bgn_26": "1980", "BA_26": "1", "LNT_26": "1", "BB_26": "0", "DAS_26": "2", "OP_26": "1", "UT_26": "0", "GR_26": "0", "LB_26": "0", "JBT_26": "2", "Tp_Lnts_26": "SUNGAI", "Dt_Lnts_26": "LURUS", "Pnangnn_26": "RUTIN", "Pmriksn_26": "DETAIL", "Pnglola_26": "BBPJN JAWA TIMUR - BALI", "Satkr_ID26": "693913", "PPK_Name26": "PPK 2.3", "Traffic_26": "80918", "VCR_26": "0.877", "AADT_26": "80918", "Tipe_Jb_26": "", "Lat_26": -8.71457, "Long_26": 115.22241, "Tgl_Ins_26": "46187", "Ket_26": " " }, "geometry": { "type": "Point", "coordinates": [ 115.22241, -8.71457 ] } },
{ "type": "Feature", "properties": { "FID": 16204, "KDRUAS_UPD": "4001611", "NOJBT_UPD": "40.016.001.1.11", "NM_RUAS_UP": "SIMPANG KUTA - SIMP. PESANGGARAN", "NM_JBT_UPD": "TLB.SUWUNG", "PROVINSI": "BALI", "No_Prov_26": "40", "ID_Jbt_26": "4000471", "Kd_Ruas_26": "4001611", "Suffix_26": " ", "Nm_Ruas_26": "SIMPANG KUTA - SIMP. PESANGGARAN", "Lintas_26": "JALAN LINTAS SELATAN", "No_Jbt_26": "40.016.001.1.11", "Nm_Jbt_26": "TLB.SUWUNG", "Status_26": "N", "Fungsi_26": "A", "Lks_Dr_26": "DPS", "Lks_km_26": 191, "F_STA_26": "1000", "Cadin_26": "DENPASAR", "Pjg_Jbt_26": 13.2, "Btg_Pjg_26": 13.2, "Jml_Btg_26": "1", "Lb_Jl_Ms26": 14.64, "Lb_Jl_Kl26": 14.64, "Lb_Lalin26": 14.64, "Lb_Bh_Ki26": 1.15, "Lb_Bh_Ka26": 1.1, "Lb_Dr_Ki26": 0.0, "Lb_Dr_Ka26": 0.0, "Lb_Tr_Ki26": 1.5, "Lb_Tr_Ka26": 1.32, "Lb_TS_Ki26": 0.4, "Lb_TS_Ka26": 0.0, "Lb_Med_26": 0.0, "Lbr_Jbt_26": 20.11, "Bgn_Ats_26": "BTP", "Jns_Jbt_26": "STANDAR", "Thn_Bgn_26": "1976", "BA_26": "2", "LNT_26": "1", "BB_26": "0", "DAS_26": "2", "OP_26": "1", "UT_26": "0", "GR_26": "2", "LB_26": "0", "JBT_26": "2", "Tp_Lnts_26": "SUNGAI", "Dt_Lnts_26": "LURUS", "Pnangnn_26": "RUTIN", "Pmriksn_26": "DETAIL", "Pnglola_26": "BBPJN JAWA TIMUR - BALI", "Satkr_ID26": "693913", "PPK_Name26": "PPK 2.3", "Traffic_26": "64906", "VCR_26": "0.883", "AADT_26": "64906", "Tipe_Jb_26": "", "Lat_26": -8.71667, "Long_26": 115.20637, "Tgl_Ins_26": "46187", "Ket_26": " " }, "geometry": { "type": "Point", "coordinates": [ 115.20637, -8.71667 ] } },
{ "type": "Feature", "properties": { "FID": 16205, "KDRUAS_UPD": "4002111", "NOJBT_UPD": "40.021.110.1.11", "NM_RUAS_UP": "SP. TOHPATI - SP. PANTAI SIUT", "NM_JBT_UPD": "PK. SABA B", "PROVINSI": "BALI", "No_Prov_26": "40", "ID_Jbt_26": "4000477", "Kd_Ruas_26": "4002111", "Suffix_26": " ", "Nm_Ruas_26": "SP. TOHPATI - SP. PANTAI SIUT", "Lintas_26": "JALAN LINTAS TENGAH", "No_Jbt_26": "40.021.110.1.11", "Nm_Jbt_26": "PK. SABA B", "Status_26": "N", "Fungsi_26": "A", "Lks_Dr_26": "DPS", "Lks_km_26": 1515, "F_STA_26": "8252", "Cadin_26": "GIANYAR", "Pjg_Jbt_26": 7.0, "Btg_Pjg_26": 5.73, "Jml_Btg_26": "1", "Lb_Jl_Ms26": 7.0, "Lb_Jl_Kl26": 7.0, "Lb_Lalin26": 7.0, "Lb_Bh_Ki26": 0.75, "Lb_Bh_Ka26": 2.1, "Lb_Dr_Ki26": 0.0, "Lb_Dr_Ka26": 0.0, "Lb_Tr_Ki26": 0.0, "Lb_Tr_Ka26": 0.0, "Lb_TS_Ki26": 0.5, "Lb_TS_Ka26": 0.4, "Lb_Med_26": 0.0, "Lbr_Jbt_26": 10.75, "Bgn_Ats_26": "PTP", "Jns_Jbt_26": "STANDAR", "Thn_Bgn_26": "1994", "BA_26": "1", "LNT_26": "1", "BB_26": "2", "DAS_26": "1", "OP_26": "1", "UT_26": "0", "GR_26": "0", "LB_26": "0", "JBT_26": "2", "Tp_Lnts_26": "SUNGAI", "Dt_Lnts_26": "BERKELOK (MEANDER)", "Pnangnn_26": "RUTIN", "Pmriksn_26": "DETAIL", "Pnglola_26": "BBPJN JAWA TIMUR - BALI", "Satkr_ID26": "693913", "PPK_Name26": "PPK 2.3", "Traffic_26": "78549", "VCR_26": "0.85", "AADT_26": "78549", "Tipe_Jb_26": "", "Lat_26": -8.60927, "Long_26": 115.31384, "Tgl_Ins_26": "46174", "Ket_26": " " }, "geometry": { "type": "Point", "coordinates": [ 115.31384, -8.60927 ] } },
{ "type": "Feature", "properties": { "FID": 16206, "KDRUAS_UPD": "40031", "NOJBT_UPD": "40.031.023.0", "NM_RUAS_UP": "CEKIK - SERIRIT", "NM_JBT_UPD": "PK.MUSI II", "PROVINSI": "BALI", "No_Prov_26": "40", "ID_Jbt_26": "4000219", "Kd_Ruas_26": "40031", "Suffix_26": " ", "Nm_Ruas_26": "CEKIK - SERIRIT", "Lintas_26": "JALAN LINTAS UTARA", "No_Jbt_26": "40.031.023.0", "Nm_Jbt_26": "PK.MUSI II", "Status_26": "N", "Fungsi_26": "A", "Lks_Dr_26": "DPS", "Lks_km_26": 1231, "F_STA_26": "23072", "Cadin_26": "BULELENG", "Pjg_Jbt_26": 12.6, "Btg_Pjg_26": 12.6, "Jml_Btg_26": "1", "Lb_Jl_Ms26": 6.82, "Lb_Jl_Kl26": 6.82, "Lb_Lalin26": 6.82, "Lb_Bh_Ki26": 0.3, "Lb_Bh_Ka26": 0.3, "Lb_Dr_Ki26": 0.15, "Lb_Dr_Ka26": 0.15, "Lb_Tr_Ki26": 1.0, "Lb_Tr_Ka26": 0.97, "Lb_TS_Ki26": 0.0, "Lb_TS_Ka26": 0.0, "Lb_Med_26": 0.0, "Lbr_Jbt_26": 9.69, "Bgn_Ats_26": "GTP", "Jns_Jbt_26": "STANDAR", "Thn_Bgn_26": "2021", "BA_26": "2", "LNT_26": "0", "BB_26": "0", "DAS_26": "2", "OP_26": "1", "UT_26": "0", "GR_26": "0", "LB_26": "0", "JBT_26": "2", "Tp_Lnts_26": "SUNGAI", "Dt_Lnts_26": "TANAH\/SUNGAI KERING", "Pnangnn_26": "RUTIN", "Pmriksn_26": "DETAIL", "Pnglola_26": "BBPJN JAWA TIMUR - BALI", "Satkr_ID26": "693912", "PPK_Name26": "PPK 1.1", "Traffic_26": "11580", "VCR_26": "0.163", "AADT_26": "11580", "Tipe_Jb_26": "", "Lat_26": -8.173972, "Long_26": 114.7468, "Tgl_Ins_26": "46182", "Ket_26": " " }, "geometry": { "type": "Point", "coordinates": [ 114.7468, -8.173972 ] } },
{ "type": "Feature", "properties": { "FID": 16207, "KDRUAS_UPD": "40044", "NOJBT_UPD": "40.044.001.0", "NM_RUAS_UP": "TAMPAKSIRING - SP. PENELOKAN", "NM_JBT_UPD": "TK. PAKERISAN", "PROVINSI": "BALI", "No_Prov_26": "40", "ID_Jbt_26": "4000484", "Kd_Ruas_26": "40044", "Suffix_26": " ", "Nm_Ruas_26": "TAMPAKSIRING - SP. PENELOKAN", "Lintas_26": "NON LINTAS", "No_Jbt_26": "40.044.001.0", "Nm_Jbt_26": "TK. PAKERISAN", "Status_26": "N", "Fungsi_26": "K", "Lks_Dr_26": " ", "Lks_km_26": 0, "F_STA_26": "619", "Cadin_26": "GIANYAR", "Pjg_Jbt_26": 15.56, "Btg_Pjg_26": 15.56, "Jml_Btg_26": "1", "Lb_Jl_Ms26": 7.05, "Lb_Jl_Kl26": 7.05, "Lb_Lalin26": 6.45, "Lb_Bh_Ki26": 0.3, "Lb_Bh_Ka26": 0.3, "Lb_Dr_Ki26": 0.1, "Lb_Dr_Ka26": 0.1, "Lb_Tr_Ki26": 1.0, "Lb_Tr_Ka26": 1.05, "Lb_TS_Ki26": 0.25, "Lb_TS_Ka26": 0.25, "Lb_Med_26": 0.0, "Lbr_Jbt_26": 9.8, "Bgn_Ats_26": "GTP", "Jns_Jbt_26": "STANDAR", "Thn_Bgn_26": "1980", "BA_26": "2", "LNT_26": "2", "BB_26": "1", "DAS_26": "1", "OP_26": "1", "UT_26": "1", "GR_26": "0", "LB_26": "0", "JBT_26": "2", "Tp_Lnts_26": "SUNGAI", "Dt_Lnts_26": "LURUS", "Pnangnn_26": "BERKALA", "Pmriksn_26": "RUTIN", "Pnglola_26": "BBPJN JAWA TIMUR - BALI", "Satkr_ID26": "693913", "PPK_Name26": "PPK 2.2", "Traffic_26": "10230", "VCR_26": "0.096", "AADT_26": "10230", "Tipe_Jb_26": "", "Lat_26": -8.417466, "Long_26": 115.313826, "Tgl_Ins_26": "46188", "Ket_26": " " }, "geometry": { "type": "Point", "coordinates": [ 115.313826, -8.417466 ] } },
{ "type": "Feature", "properties": { "FID": 16208, "KDRUAS_UPD": "400374", "NOJBT_UPD": "40.037.001.0.4", "NM_RUAS_UP": "SP. BATUNYA - SP. CANDI KUNING", "NM_JBT_UPD": "JEMBATAN SC 4 (I)", "PROVINSI": "BALI", "No_Prov_26": "40", "ID_Jbt_26": "4000485", "Kd_Ruas_26": "400374", "Suffix_26": " ", "Nm_Ruas_26": "SP. BATUNYA - SP. CANDI KUNING", "Lintas_26": "NON LINTAS", "No_Jbt_26": "40.037.001.0.4", "Nm_Jbt_26": "JEMBATAN SC 4 (I)", "Status_26": "N", "Fungsi_26": "A", "Lks_Dr_26": " ", "Lks_km_26": 0, "F_STA_26": "556", "Cadin_26": "BULELENG", "Pjg_Jbt_26": 198.0, "Btg_Pjg_26": 40.89, "Jml_Btg_26": "6", "Lb_Jl_Ms26": 7.01, "Lb_Jl_Kl26": 7.01, "Lb_Lalin26": 7.01, "Lb_Bh_Ki26": 0.52, "Lb_Bh_Ka26": 0.44, "Lb_Dr_Ki26": 0.0, "Lb_Dr_Ka26": 0.0, "Lb_Tr_Ki26": 0.92, "Lb_Tr_Ka26": 0.81, "Lb_TS_Ki26": 0.0, "Lb_TS_Ka26": 0.0, "Lb_Med_26": 0.0, "Lbr_Jbt_26": 9.7, "Bgn_Ats_26": "GPP", "Jns_Jbt_26": "STANDAR", "Thn_Bgn_26": "2019", "BA_26": "1", "LNT_26": "2", "BB_26": "1", "DAS_26": "1", "OP_26": "0", "UT_26": "0", "GR_26": "0", "LB_26": "0", "JBT_26": "2", "Tp_Lnts_26": "LAIN - LAIN", "Dt_Lnts_26": "HUTAN", "Pnangnn_26": "RUTIN", "Pmriksn_26": "RUTIN", "Pnglola_26": "BBPJN JAWA TIMUR - BALI", "Satkr_ID26": "693912", "PPK_Name26": "PPK 1.4", "Traffic_26": "0", "VCR_26": "0", "AADT_26": "0", "Tipe_Jb_26": "", "Lat_26": -8.283397, "Long_26": 115.168362, "Tgl_Ins_26": "46186", "Ket_26": " " }, "geometry": { "type": "Point", "coordinates": [ 115.168362, -8.283397 ] } },
{ "type": "Feature", "properties": { "FID": 16209, "KDRUAS_UPD": "4001012", "NOJBT_UPD": "40.010.001.0.12", "NM_RUAS_UP": "SP. BUAGAN - SP. MAHENDRADATTA", "NM_JBT_UPD": "TK. MATI BARU I", "PROVINSI": "BALI", "No_Prov_26": "40", "ID_Jbt_26": "4000489", "Kd_Ruas_26": "4001012", "Suffix_26": " ", "Nm_Ruas_26": "SP. BUAGAN - SP. MAHENDRADATTA", "Lintas_26": "NON LINTAS", "No_Jbt_26": "40.010.001.0.12", "Nm_Jbt_26": "TK. MATI BARU I", "Status_26": "N", "Fungsi_26": "A", "Lks_Dr_26": " ", "Lks_km_26": 0, "F_STA_26": "76", "Cadin_26": "DENPASAR", "Pjg_Jbt_26": 16.0, "Btg_Pjg_26": 16.0, "Jml_Btg_26": "1", "Lb_Jl_Ms26": 16.2, "Lb_Jl_Kl26": 16.2, "Lb_Lalin26": 16.2, "Lb_Bh_Ki26": 0.5, "Lb_Bh_Ka26": 0.15, "Lb_Dr_Ki26": 0.15, "Lb_Dr_Ka26": 0.0, "Lb_Tr_Ki26": 0.97, "Lb_Tr_Ka26": 0.82, "Lb_TS_Ki26": 0.0, "Lb_TS_Ka26": 0.0, "Lb_Med_26": 0.39, "Lbr_Jbt_26": 19.18, "Bgn_Ats_26": "GTP", "Jns_Jbt_26": "STANDAR", "Thn_Bgn_26": "1980", "BA_26": "2", "LNT_26": "2", "BB_26": "1", "DAS_26": "1", "OP_26": "0", "UT_26": "0", "GR_26": "0", "LB_26": "0", "JBT_26": "2", "Tp_Lnts_26": "SUNGAI", "Dt_Lnts_26": "LURUS", "Pnangnn_26": "BERKALA", "Pmriksn_26": "RUTIN", "Pnglola_26": "BBPJN JAWA TIMUR - BALI", "Satkr_ID26": "693912", "PPK_Name26": "PPK 1.3", "Traffic_26": "48725", "VCR_26": "0.29", "AADT_26": "48725", "Tipe_Jb_26": "", "Lat_26": -8.681626, "Long_26": 115.196313, "Tgl_Ins_26": "46189", "Ket_26": " " }, "geometry": { "type": "Point", "coordinates": [ 115.196313, -8.681626 ] } },
{ "type": "Feature", "properties": { "FID": 16210, "KDRUAS_UPD": "4001311", "NOJBT_UPD": "40.013.001.1.11", "NM_RUAS_UP": "SIMP. KUTA  -  TUGU NGURAH RAI", "NM_JBT_UPD": "UNDERPASS DEWARUCI", "PROVINSI": "BALI", "No_Prov_26": "40", "ID_Jbt_26": "4000492", "Kd_Ruas_26": "4001311", "Suffix_26": " ", "Nm_Ruas_26": "SIMP. KUTA  -  TUGU NGURAH RAI", "Lintas_26": "JALAN LINTAS SELATAN", "No_Jbt_26": "40.013.001.1.11", "Nm_Jbt_26": "UNDERPASS DEWARUCI", "Status_26": "N", "Fungsi_26": "A", "Lks_Dr_26": " ", "Lks_km_26": 0, "F_STA_26": "100", "Cadin_26": "BADUNG", "Pjg_Jbt_26": 17.5, "Btg_Pjg_26": 8.75, "Jml_Btg_26": "2", "Lb_Jl_Ms26": 13.9, "Lb_Jl_Kl26": 13.9, "Lb_Lalin26": 13.9, "Lb_Bh_Ki26": 0.39, "Lb_Bh_Ka26": 0.41, "Lb_Dr_Ki26": 0.0, "Lb_Dr_Ka26": 0.1, "Lb_Tr_Ki26": 0.31, "Lb_Tr_Ka26": 0.21, "Lb_TS_Ki26": 0.0, "Lb_TS_Ka26": 0.0, "Lb_Med_26": 0.0, "Lbr_Jbt_26": 15.32, "Bgn_Ats_26": "PTP", "Jns_Jbt_26": "STANDAR", "Thn_Bgn_26": "2013", "BA_26": "2", "LNT_26": "0", "BB_26": "1", "DAS_26": "2", "OP_26": "0", "UT_26": "2", "GR_26": "0", "LB_26": "0", "JBT_26": "2", "Tp_Lnts_26": "JALAN", "Dt_Lnts_26": "JALAN UMUM", "Pnangnn_26": "RUTIN", "Pmriksn_26": "DETAIL", "Pnglola_26": "BBPJN JAWA TIMUR - BALI", "Satkr_ID26": "693913", "PPK_Name26": "PPK 2.3", "Traffic_26": "73372", "VCR_26": "0.867", "AADT_26": "73372", "Tipe_Jb_26": "", "Lat_26": -8.72211, "Long_26": 115.182193, "Tgl_Ins_26": "46189", "Ket_26": " " }, "geometry": { "type": "Point", "coordinates": [ 115.182193, -8.72211 ] } },
{ "type": "Feature", "properties": { "FID": 16211, "KDRUAS_UPD": "4001311", "NOJBT_UPD": "40.013.002.0.11", "NM_RUAS_UP": "SIMP. KUTA  -  TUGU NGURAH RAI", "NM_JBT_UPD": "UNDERPASS TUGU NGURAH RAI", "PROVINSI": "BALI", "No_Prov_26": "40", "ID_Jbt_26": "4000491", "Kd_Ruas_26": "4001311", "Suffix_26": " ", "Nm_Ruas_26": "SIMP. KUTA  -  TUGU NGURAH RAI", "Lintas_26": "JALAN LINTAS SELATAN", "No_Jbt_26": "40.013.002.0.11", "Nm_Jbt_26": "UNDERPASS TUGU NGURAH RAI", "Status_26": "N", "Fungsi_26": "A", "Lks_Dr_26": " ", "Lks_km_26": 0, "F_STA_26": "2725", "Cadin_26": "BADUNG", "Pjg_Jbt_26": 16.0, "Btg_Pjg_26": 8.0, "Jml_Btg_26": "2", "Lb_Jl_Ms26": 14.89, "Lb_Jl_Kl26": 14.89, "Lb_Lalin26": 14.89, "Lb_Bh_Ki26": 0.34, "Lb_Bh_Ka26": 0.34, "Lb_Dr_Ki26": 0.0, "Lb_Dr_Ka26": 0.0, "Lb_Tr_Ki26": 0.18, "Lb_Tr_Ka26": 0.18, "Lb_TS_Ki26": 0.0, "Lb_TS_Ka26": 0.0, "Lb_Med_26": 0.0, "Lbr_Jbt_26": 15.93, "Bgn_Ats_26": "PTP", "Jns_Jbt_26": "STANDAR", "Thn_Bgn_26": "2018", "BA_26": "2", "LNT_26": "1", "BB_26": "2", "DAS_26": "2", "OP_26": "0", "UT_26": "1", "GR_26": "0", "LB_26": "0", "JBT_26": "2", "Tp_Lnts_26": "JALAN", "Dt_Lnts_26": "JALAN UMUM", "Pnangnn_26": "RUTIN", "Pmriksn_26": "DETAIL", "Pnglola_26": "BBPJN JAWA TIMUR - BALI", "Satkr_ID26": "693913", "PPK_Name26": "PPK 2.3", "Traffic_26": "73372", "VCR_26": "0.867", "AADT_26": "73372", "Tipe_Jb_26": "", "Lat_26": -8.744378, "Long_26": 115.182721, "Tgl_Ins_26": "46189", "Ket_26": " " }, "geometry": { "type": "Point", "coordinates": [ 115.182721, -8.744378 ] } },
{ "type": "Feature", "properties": { "FID": 16212, "KDRUAS_UPD": "4001012", "NOJBT_UPD": "40.010.002.0.12", "NM_RUAS_UP": "SP. BUAGAN - SP. MAHENDRADATTA", "NM_JBT_UPD": "TK. MATI BARU II", "PROVINSI": "BALI", "No_Prov_26": "40", "ID_Jbt_26": "4000490", "Kd_Ruas_26": "4001012", "Suffix_26": " ", "Nm_Ruas_26": "SP. BUAGAN - SP. MAHENDRADATTA", "Lintas_26": "NON LINTAS", "No_Jbt_26": "40.010.002.0.12", "Nm_Jbt_26": "TK. MATI BARU II", "Status_26": "N", "Fungsi_26": "A", "Lks_Dr_26": " ", "Lks_km_26": 0, "F_STA_26": "743", "Cadin_26": "DENPASAR", "Pjg_Jbt_26": 26.0, "Btg_Pjg_26": 26.0, "Jml_Btg_26": "1", "Lb_Jl_Ms26": 12.8, "Lb_Jl_Kl26": 12.8, "Lb_Lalin26": 12.8, "Lb_Bh_Ki26": 0.45, "Lb_Bh_Ka26": 0.1, "Lb_Dr_Ki26": 0.0, "Lb_Dr_Ka26": 0.27, "Lb_Tr_Ki26": 0.9, "Lb_Tr_Ka26": 0.93, "Lb_TS_Ki26": 0.0, "Lb_TS_Ka26": 0.0, "Lb_Med_26": 2.12, "Lbr_Jbt_26": 17.57, "Bgn_Ats_26": "GTP", "Jns_Jbt_26": "STANDAR", "Thn_Bgn_26": "1980", "BA_26": "2", "LNT_26": "2", "BB_26": "2", "DAS_26": "1", "OP_26": "0", "UT_26": "0", "GR_26": "0", "LB_26": "0", "JBT_26": "2", "Tp_Lnts_26": "SUNGAI", "Dt_Lnts_26": "LURUS", "Pnangnn_26": "RUTIN", "Pmriksn_26": "RUTIN", "Pnglola_26": "BBPJN JAWA TIMUR - BALI", "Satkr_ID26": "693912", "PPK_Name26": "PPK 1.3", "Traffic_26": "48725", "VCR_26": "0.29", "AADT_26": "48725", "Tipe_Jb_26": "", "Lat_26": -8.681554, "Long_26": 115.190339, "Tgl_Ins_26": "46188", "Ket_26": " " }, "geometry": { "type": "Point", "coordinates": [ 115.190339, -8.681554 ] } },
{ "type": "Feature", "properties": { "FID": 16213, "KDRUAS_UPD": "400371", "NOJBT_UPD": "40.037.001.0.1", "NM_RUAS_UP": "BTS. KOTA SINGARAJA - PEGAYAMAN", "NM_JBT_UPD": "JEMBATAN I SC TITIK 8", "PROVINSI": "BALI", "No_Prov_26": "40", "ID_Jbt_26": "4000494", "Kd_Ruas_26": "400371", "Suffix_26": " ", "Nm_Ruas_26": "BTS. KOTA SINGARAJA - PEGAYAMAN", "Lintas_26": "NON LINTAS", "No_Jbt_26": "40.037.001.0.1", "Nm_Jbt_26": "JEMBATAN I SC TITIK 8", "Status_26": "N", "Fungsi_26": "A", "Lks_Dr_26": " ", "Lks_km_26": 0, "F_STA_26": "0", "Cadin_26": "BULELENG", "Pjg_Jbt_26": 100.0, "Btg_Pjg_26": 41.07, "Jml_Btg_26": "3", "Lb_Jl_Ms26": 7.27, "Lb_Jl_Kl26": 7.27, "Lb_Lalin26": 7.27, "Lb_Bh_Ki26": 1.08, "Lb_Bh_Ka26": 1.05, "Lb_Dr_Ki26": 0.0, "Lb_Dr_Ka26": 0.0, "Lb_Tr_Ki26": 0.95, "Lb_Tr_Ka26": 0.95, "Lb_TS_Ki26": 0.0, "Lb_TS_Ka26": 0.0, "Lb_Med_26": 0.0, "Lbr_Jbt_26": 11.3, "Bgn_Ats_26": "GPP", "Jns_Jbt_26": "STANDAR", "Thn_Bgn_26": "2022", "BA_26": "1", "LNT_26": "2", "BB_26": "1", "DAS_26": "1", "OP_26": "0", "UT_26": "0", "GR_26": "0", "LB_26": "0", "JBT_26": "2", "Tp_Lnts_26": "LAIN - LAIN", "Dt_Lnts_26": "HUTAN", "Pnangnn_26": "RUTIN", "Pmriksn_26": "RUTIN", "Pnglola_26": "BBPJN JAWA TIMUR - BALI", "Satkr_ID26": "693912", "PPK_Name26": "PPK 1.4", "Traffic_26": "0", "VCR_26": "0", "AADT_26": "0", "Tipe_Jb_26": "", "Lat_26": -8.211989, "Long_26": 115.141778, "Tgl_Ins_26": "46186", "Ket_26": " " }, "geometry": { "type": "Point", "coordinates": [ 115.141778, -8.211989 ] } },
{ "type": "Feature", "properties": { "FID": 16214, "KDRUAS_UPD": "400371", "NOJBT_UPD": "40.037.002.0.1", "NM_RUAS_UP": "BTS. KOTA SINGARAJA - PEGAYAMAN", "NM_JBT_UPD": "JEMBATAN II SC TITIK 8", "PROVINSI": "BALI", "No_Prov_26": "40", "ID_Jbt_26": "4000495", "Kd_Ruas_26": "400371", "Suffix_26": " ", "Nm_Ruas_26": "BTS. KOTA SINGARAJA - PEGAYAMAN", "Lintas_26": "NON LINTAS", "No_Jbt_26": "40.037.002.0.1", "Nm_Jbt_26": "JEMBATAN II SC TITIK 8", "Status_26": "N", "Fungsi_26": "A", "Lks_Dr_26": " ", "Lks_km_26": 0, "F_STA_26": "0", "Cadin_26": "BULELENG", "Pjg_Jbt_26": 60.0, "Btg_Pjg_26": 31.06, "Jml_Btg_26": "2", "Lb_Jl_Ms26": 7.37, "Lb_Jl_Kl26": 7.37, "Lb_Lalin26": 7.37, "Lb_Bh_Ki26": 0.97, "Lb_Bh_Ka26": 1.03, "Lb_Dr_Ki26": 0.0, "Lb_Dr_Ka26": 0.0, "Lb_Tr_Ki26": 0.93, "Lb_Tr_Ka26": 0.92, "Lb_TS_Ki26": 0.0, "Lb_TS_Ka26": 0.0, "Lb_Med_26": 0.0, "Lbr_Jbt_26": 11.22, "Bgn_Ats_26": "GPP", "Jns_Jbt_26": "STANDAR", "Thn_Bgn_26": "2022", "BA_26": "1", "LNT_26": "2", "BB_26": "1", "DAS_26": "1", "OP_26": "0", "UT_26": "0", "GR_26": "0", "LB_26": "0", "JBT_26": "2", "Tp_Lnts_26": "LINTASAN AIR LAINNYA", "Dt_Lnts_26": "LIMPASAN", "Pnangnn_26": "RUTIN", "Pmriksn_26": "RUTIN", "Pnglola_26": "BBPJN JAWA TIMUR - BALI", "Satkr_ID26": "693912", "PPK_Name26": "PPK 1.4", "Traffic_26": "0", "VCR_26": "0", "AADT_26": "0", "Tipe_Jb_26": "", "Lat_26": -8.210656, "Long_26": 115.140741, "Tgl_Ins_26": "46186", "Ket_26": " " }, "geometry": { "type": "Point", "coordinates": [ 115.140741, -8.210656 ] } },
{ "type": "Feature", "properties": { "FID": 16215, "KDRUAS_UPD": "400372", "NOJBT_UPD": "40.037.003.0.2", "NM_RUAS_UP": "PEGAYAMAN - WANAGIRI", "NM_JBT_UPD": "JEMBATAN SC 5-6", "PROVINSI": "BALI", "No_Prov_26": "40", "ID_Jbt_26": "4000487", "Kd_Ruas_26": "400372", "Suffix_26": " ", "Nm_Ruas_26": "PEGAYAMAN - WANAGIRI", "Lintas_26": "NON LINTAS", "No_Jbt_26": "40.037.003.0.2", "Nm_Jbt_26": "JEMBATAN SC 5-6", "Status_26": "N", "Fungsi_26": "K", "Lks_Dr_26": "DPS", "Lks_km_26": 0, "F_STA_26": "654", "Cadin_26": "BULELENG", "Pjg_Jbt_26": 210.0, "Btg_Pjg_26": 36.02, "Jml_Btg_26": "6", "Lb_Jl_Ms26": 6.73, "Lb_Jl_Kl26": 6.73, "Lb_Lalin26": 6.73, "Lb_Bh_Ki26": 2.1, "Lb_Bh_Ka26": 2.17, "Lb_Dr_Ki26": 0.0, "Lb_Dr_Ka26": 0.0, "Lb_Tr_Ki26": 1.1, "Lb_Tr_Ka26": 1.15, "Lb_TS_Ki26": 0.0, "Lb_TS_Ka26": 0.0, "Lb_Med_26": 0.0, "Lbr_Jbt_26": 13.25, "Bgn_Ats_26": "GPP", "Jns_Jbt_26": "STANDAR", "Thn_Bgn_26": "2019", "BA_26": "1", "LNT_26": "1", "BB_26": "1", "DAS_26": "1", "OP_26": "0", "UT_26": "0", "GR_26": "0", "LB_26": "0", "JBT_26": "1", "Tp_Lnts_26": "LAIN - LAIN", "Dt_Lnts_26": "HUTAN", "Pnangnn_26": "RUTIN", "Pmriksn_26": "RUTIN", "Pnglola_26": "BBPJN JAWA TIMUR - BALI", "Satkr_ID26": "693912", "PPK_Name26": "PPK 1.4", "Traffic_26": "0", "VCR_26": "0", "AADT_26": "0", "Tipe_Jb_26": "", "Lat_26": -8.233321, "Long_26": 115.147357, "Tgl_Ins_26": "46186", "Ket_26": " " }, "geometry": { "type": "Point", "coordinates": [ 115.147357, -8.233321 ] } },
{ "type": "Feature", "properties": { "FID": 16216, "KDRUAS_UPD": "400374", "NOJBT_UPD": "40.037.002.0.4", "NM_RUAS_UP": "SP. BATUNYA - SP. CANDI KUNING", "NM_JBT_UPD": "JEMBATAN SC 4 (II)", "PROVINSI": "BALI", "No_Prov_26": "40", "ID_Jbt_26": "4000486", "Kd_Ruas_26": "400374", "Suffix_26": " ", "Nm_Ruas_26": "SP. BATUNYA - SP. CANDI KUNING", "Lintas_26": "NON LINTAS", "No_Jbt_26": "40.037.002.0.4", "Nm_Jbt_26": "JEMBATAN SC 4 (II)", "Status_26": "N", "Fungsi_26": "K", "Lks_Dr_26": "DPS", "Lks_km_26": 0, "F_STA_26": "882", "Cadin_26": "BULELENG", "Pjg_Jbt_26": 287.0, "Btg_Pjg_26": 41.11, "Jml_Btg_26": "7", "Lb_Jl_Ms26": 7.03, "Lb_Jl_Kl26": 7.03, "Lb_Lalin26": 7.03, "Lb_Bh_Ki26": 1.46, "Lb_Bh_Ka26": 1.75, "Lb_Dr_Ki26": 0.0, "Lb_Dr_Ka26": 0.0, "Lb_Tr_Ki26": 0.0, "Lb_Tr_Ka26": 0.0, "Lb_TS_Ki26": 0.0, "Lb_TS_Ka26": 0.0, "Lb_Med_26": 0.0, "Lbr_Jbt_26": 10.24, "Bgn_Ats_26": "GPP", "Jns_Jbt_26": "STANDAR", "Thn_Bgn_26": "2019", "BA_26": "2", "LNT_26": "1", "BB_26": "1", "DAS_26": "1", "OP_26": "0", "UT_26": "0", "GR_26": "0", "LB_26": "0", "JBT_26": "2", "Tp_Lnts_26": "LAIN - LAIN", "Dt_Lnts_26": "HUTAN", "Pnangnn_26": "RUTIN", "Pmriksn_26": "RUTIN", "Pnglola_26": "BBPJN JAWA TIMUR - BALI", "Satkr_ID26": "693912", "PPK_Name26": "PPK 1.4", "Traffic_26": "0", "VCR_26": "0", "AADT_26": "0", "Tipe_Jb_26": "", "Lat_26": -8.282104, "Long_26": 115.165744, "Tgl_Ins_26": "46186", "Ket_26": " " }, "geometry": { "type": "Point", "coordinates": [ 115.165744, -8.282104 ] } },
{ "type": "Feature", "properties": { "FID": 20216, "KDRUAS_UPD": "40021", "NOJBT_UPD": "40.021.014.A", "NM_RUAS_UP": "SP. PANTAI SIUT - KOSAMBA", "NM_JBT_UPD": "TK. BANGES A", "PROVINSI": "BALI", "No_Prov_26": "40", "ID_Jbt_26": " ", "Kd_Ruas_26": "40021", "Suffix_26": " ", "Nm_Ruas_26": "SP. PANTAI SIUT - KOSAMBA", "Lintas_26": "JALAN LINTAS SELATAN", "No_Jbt_26": "40.021.014.A", "Nm_Jbt_26": "TK. BANGES A", "Status_26": "N", "Fungsi_26": "A", "Lks_Dr_26": "DPS", "Lks_km_26": 3388, "F_STA_26": "10540", "Cadin_26": "KLUNGKUNG", "Pjg_Jbt_26": 26.0, "Btg_Pjg_26": 26.0, "Jml_Btg_26": "1", "Lb_Jl_Ms26": 12.85, "Lb_Jl_Kl26": 12.85, "Lb_Lalin26": 12.85, "Lb_Bh_Ki26": 0.0, "Lb_Bh_Ka26": 1.15, "Lb_Dr_Ki26": 0.0, "Lb_Dr_Ka26": 0.0, "Lb_Tr_Ki26": 1.05, "Lb_Tr_Ka26": 0.0, "Lb_TS_Ki26": 0.3, "Lb_TS_Ka26": 0.35, "Lb_Med_26": 0.55, "Lbr_Jbt_26": 16.25, "Bgn_Ats_26": "GTP", "Jns_Jbt_26": "STANDAR", "Thn_Bgn_26": "2007", "BA_26": "2", "LNT_26": "2", "BB_26": "1", "DAS_26": "1", "OP_26": "1", "UT_26": "0", "GR_26": "0", "LB_26": "0", "JBT_26": "2", "Tp_Lnts_26": "SUNGAI", "Dt_Lnts_26": "BERKELOK (MEANDER)", "Pnangnn_26": "RUTIN", "Pmriksn_26": "DETAIL", "Pnglola_26": "BBPJN JAWA TIMUR - BALI", "Satkr_ID26": "693913", "PPK_Name26": "PPK 2.3", "Traffic_26": "46308", "VCR_26": "0.423", "AADT_26": "46308", "Tipe_Jb_26": " ", "Lat_26": -8.554926, "Long_26": 115.458813, "Tgl_Ins_26": "46179", "Ket_26": " " }, "geometry": { "type": "Point", "coordinates": [ 115.458813, -8.554926 ] } },
{ "type": "Feature", "properties": { "FID": 20217, "KDRUAS_UPD": "40021", "NOJBT_UPD": "40.021.014.B", "NM_RUAS_UP": "SP. PANTAI SIUT - KOSAMBA", "NM_JBT_UPD": "TK. BANGES B", "PROVINSI": "BALI", "No_Prov_26": "40", "ID_Jbt_26": " ", "Kd_Ruas_26": "40021", "Suffix_26": " ", "Nm_Ruas_26": "SP. PANTAI SIUT - KOSAMBA", "Lintas_26": "JALAN LINTAS SELATAN", "No_Jbt_26": "40.021.014.B", "Nm_Jbt_26": "TK. BANGES B", "Status_26": "N", "Fungsi_26": "A", "Lks_Dr_26": "DPS", "Lks_km_26": 477, "F_STA_26": "10540", "Cadin_26": "KLUNGKUNG", "Pjg_Jbt_26": 26.6, "Btg_Pjg_26": 26.6, "Jml_Btg_26": "1", "Lb_Jl_Ms26": 5.2, "Lb_Jl_Kl26": 5.2, "Lb_Lalin26": 5.2, "Lb_Bh_Ki26": 0.35, "Lb_Bh_Ka26": 0.4, "Lb_Dr_Ki26": 0.0, "Lb_Dr_Ka26": 0.0, "Lb_Tr_Ki26": 1.55, "Lb_Tr_Ka26": 1.55, "Lb_TS_Ki26": 0.0, "Lb_TS_Ka26": 0.0, "Lb_Med_26": 0.0, "Lbr_Jbt_26": 9.05, "Bgn_Ats_26": "RBB", "Jns_Jbt_26": "STANDAR", "Thn_Bgn_26": "1982", "BA_26": "2", "LNT_26": "2", "BB_26": "2", "DAS_26": "1", "OP_26": "2", "UT_26": "0", "GR_26": "0", "LB_26": "0", "JBT_26": "2", "Tp_Lnts_26": "SUNGAI", "Dt_Lnts_26": "BERKELOK (MEANDER)", "Pnangnn_26": "RUTIN", "Pmriksn_26": "DETAIL", "Pnglola_26": "BBPJN JAWA TIMUR - BALI", "Satkr_ID26": "693913", "PPK_Name26": "PPK 2.3", "Traffic_26": "11635", "VCR_26": "0.718", "AADT_26": "11635", "Tipe_Jb_26": " ", "Lat_26": -8.555174, "Long_26": 115.459122, "Tgl_Ins_26": "46179", "Ket_26": " " }, "geometry": { "type": "Point", "coordinates": [ 115.459122, -8.555174 ] } }
]
}
