{
"type": "FeatureCollection",
"name": "Bangka Belitung_2026_Q",
"crs": { "type": "name", "properties": { "name": "urn:ogc:def:crs:OGC:1.3:CRS84" } },
"features": [
{ "type": "Feature", "properties": { "KDRUAS_UPD": "16008", "NOJBT_UPD": "16.008.007.0", "NM_RUAS_UP": "LUMUT - SEI LIAT", "NM_JBT_UPD": "AIR KEKURA I", "PROVINSI": "BANGKA BELITUNG", "No_Prov_26": "16", "ID_Jbt_26": "1600042", "Kd_Ruas_26": "16008", "Suffix_26": null, "Nm_Ruas_26": "LUMUT - SEI LIAT", "Lintas_26": "NON LINTAS", "No_Jbt_26": "16.008.007.0", "Nm_Jbt_26": "AIR KEKURA I", "Status_26": "N", "Fungsi_26": "JAP", "Lks_Dr_26": "PKP", "Lks_km_26": 48296.0, "F_STA_26": "1560", "Cadin_26": "KAB. BANGKA", "Pjg_Jbt_26": 8.7, "Btg_Pjg_26": 8.2, "Jml_Btg_26": "1", "Lb_Jl_Ms26": 7.36, "Lb_Jl_Kl26": 7.36, "Lb_Lalin26": 7.36, "Lb_Bh_Ki26": 0.38, "Lb_Bh_Ka26": 0.32, "Lb_Dr_Ki26": 0.05, "Lb_Dr_Ka26": 0.05, "Lb_Tr_Ki26": 0.33, "Lb_Tr_Ka26": 0.03, "Lb_TS_Ki26": 0.0, "Lb_TS_Ka26": 0.0, "Lb_Med_26": 0.0, "Lbr_Jbt_26": 8.52, "Bgn_Ats_26": "GTP", "Jns_Jbt_26": "STANDAR", "Thn_Bgn_26": "1992", "BA_26": "2", "LNT_26": "2", "BB_26": "2", "DAS_26": "2", "OP_26": "1", "UT_26": "0", "GR_26": "0", "LB_26": "0", "JBT_26": "2", "Tp_Lnts_26": "SUNGAI", "Dt_Lnts_26": "LURUS, BERKELOK (MEANDER), BERJALIN (BRAIDED)", "Pnangnn_26": "RUTIN", "Pmriksn_26": "DETAIL", "Pnglola_26": "BPJN BANGKA BELITUNG", "Satkr_ID26": "693887", "PPK_Name26": "PPK 1.3", "Traffic_26": null, "VCR_26": "0.06", "AADT_26": null, "Tipe_Jb_26": null, "Lat_26": -1.7747999997199999, "Long_26": 106.0135, "Tgl_Ins_26": "4\/26\/2026", "Ket_26": null }, "geometry": { "type": "Point", "coordinates": [ 106.013499999825171, -1.774799999720187 ] } },
{ "type": "Feature", "properties": { "KDRUAS_UPD": "16008", "NOJBT_UPD": "16.008.008.0", "NM_RUAS_UP": "LUMUT - SEI LIAT", "NM_JBT_UPD": "AIR KEKURA II", "PROVINSI": "BANGKA BELITUNG", "No_Prov_26": "16", "ID_Jbt_26": "1600043", "Kd_Ruas_26": "16008", "Suffix_26": null, "Nm_Ruas_26": "LUMUT - SEI LIAT", "Lintas_26": "NON LINTAS", "No_Jbt_26": "16.008.008.0", "Nm_Jbt_26": "AIR KEKURA II", "Status_26": "N", "Fungsi_26": "JAP", "Lks_Dr_26": "PKP", "Lks_km_26": 50396.000000000007, "F_STA_26": "1760", "Cadin_26": "KAB. BANGKA", "Pjg_Jbt_26": 6.2, "Btg_Pjg_26": 6.1, "Jml_Btg_26": "1", "Lb_Jl_Ms26": 6.1, "Lb_Jl_Kl26": 6.1, "Lb_Lalin26": 6.1, "Lb_Bh_Ki26": 2.95, "Lb_Bh_Ka26": 2.33, "Lb_Dr_Ki26": 0.0, "Lb_Dr_Ka26": 0.0, "Lb_Tr_Ki26": 0.4, "Lb_Tr_Ka26": 0.3, "Lb_TS_Ki26": 0.0, "Lb_TS_Ka26": 0.0, "Lb_Med_26": 0.0, "Lbr_Jbt_26": 12.08, "Bgn_Ats_26": "PTP", "Jns_Jbt_26": "STANDAR", "Thn_Bgn_26": "1972", "BA_26": "2", "LNT_26": "2", "BB_26": "2", "DAS_26": "2", "OP_26": "1", "UT_26": "0", "GR_26": "0", "LB_26": "0", "JBT_26": "2", "Tp_Lnts_26": "SUNGAI", "Dt_Lnts_26": "LURUS, BERKELOK (MEANDER), BERJALIN (BRAIDED)", "Pnangnn_26": "RUTIN", "Pmriksn_26": "TIDAK DI SURVEI", "Pnglola_26": "BPJN BANGKA BELITUNG", "Satkr_ID26": "693887", "PPK_Name26": "PPK 1.3", "Traffic_26": null, "VCR_26": "0.06", "AADT_26": null, "Tipe_Jb_26": null, "Lat_26": -1.7747999997199999, "Long_26": 105.9965, "Tgl_Ins_26": "6\/4\/2025", "Ket_26": null }, "geometry": { "type": "Point", "coordinates": [ 105.996500000075002, -1.774799999720187 ] } },
{ "type": "Feature", "properties": { "KDRUAS_UPD": "16008", "NOJBT_UPD": "16.008.009.0", "NM_RUAS_UP": "LUMUT - SEI LIAT", "NM_JBT_UPD": "AIR MENGKUYIT", "PROVINSI": "BANGKA BELITUNG", "No_Prov_26": "16", "ID_Jbt_26": "1600044", "Kd_Ruas_26": "16008", "Suffix_26": null, "Nm_Ruas_26": "LUMUT - SEI LIAT", "Lintas_26": "NON LINTAS", "No_Jbt_26": "16.008.009.0", "Nm_Jbt_26": "AIR MENGKUYIT", "Status_26": "N", "Fungsi_26": "JAP", "Lks_Dr_26": "PKP", "Lks_km_26": 54195.999999999993, "F_STA_26": "2120", "Cadin_26": "KAB. BANGKA", "Pjg_Jbt_26": 6.9, "Btg_Pjg_26": 3.45, "Jml_Btg_26": "2", "Lb_Jl_Ms26": 6.3, "Lb_Jl_Kl26": 6.3, "Lb_Lalin26": 6.3, "Lb_Bh_Ki26": 2.5, "Lb_Bh_Ka26": 2.2, "Lb_Dr_Ki26": 0.0, "Lb_Dr_Ka26": 0.0, "Lb_Tr_Ki26": 0.5, "Lb_Tr_Ka26": 0.05, "Lb_TS_Ki26": 0.0, "Lb_TS_Ka26": 0.0, "Lb_Med_26": 0.0, "Lbr_Jbt_26": 11.55, "Bgn_Ats_26": "PTP", "Jns_Jbt_26": "STANDAR", "Thn_Bgn_26": "1972", "BA_26": "2", "LNT_26": "0", "BB_26": "0", "DAS_26": "2", "OP_26": "2", "UT_26": "1", "GR_26": "3", "LB_26": "0", "JBT_26": "3", "Tp_Lnts_26": "SUNGAI", "Dt_Lnts_26": "LURUS, BERKELOK (MEANDER), BERJALIN (BRAIDED)", "Pnangnn_26": "REHABILITASI", "Pmriksn_26": "RUTIN", "Pnglola_26": "BPJN BANGKA BELITUNG", "Satkr_ID26": "693887", "PPK_Name26": "PPK 1.3", "Traffic_26": null, "VCR_26": "0.06", "AADT_26": null, "Tipe_Jb_26": null, "Lat_26": -1.7551029997000001, "Long_26": 105.978, "Tgl_Ins_26": "4\/26\/2026", "Ket_26": null }, "geometry": { "type": "Point", "coordinates": [ 105.978000000399732, -1.755102999703638 ] } },
{ "type": "Feature", "properties": { "KDRUAS_UPD": "16008", "NOJBT_UPD": "16.008.010.0", "NM_RUAS_UP": "LUMUT - SEI LIAT", "NM_JBT_UPD": "AIR PELAWAN", "PROVINSI": "BANGKA BELITUNG", "No_Prov_26": "16", "ID_Jbt_26": "1600045", "Kd_Ruas_26": "16008", "Suffix_26": null, "Nm_Ruas_26": "LUMUT - SEI LIAT", "Lintas_26": "NON LINTAS", "No_Jbt_26": "16.008.010.0", "Nm_Jbt_26": "AIR PELAWAN", "Status_26": "N", "Fungsi_26": "JAP", "Lks_Dr_26": "PKP", "Lks_km_26": 56995.999999999993, "F_STA_26": "2400", "Cadin_26": "KAB. BANGKA", "Pjg_Jbt_26": 8.0, "Btg_Pjg_26": 7.5, "Jml_Btg_26": "1", "Lb_Jl_Ms26": 6.9, "Lb_Jl_Kl26": 6.9, "Lb_Lalin26": 6.9, "Lb_Bh_Ki26": 0.3, "Lb_Bh_Ka26": 0.3, "Lb_Dr_Ki26": 0.1, "Lb_Dr_Ka26": 0.1, "Lb_Tr_Ki26": 1.05, "Lb_Tr_Ka26": 1.05, "Lb_TS_Ki26": 0.0, "Lb_TS_Ka26": 0.0, "Lb_Med_26": 0.0, "Lbr_Jbt_26": 9.8, "Bgn_Ats_26": "GTP", "Jns_Jbt_26": "STANDAR", "Thn_Bgn_26": "2020", "BA_26": "2", "LNT_26": "1", "BB_26": "1", "DAS_26": "1", "OP_26": "0", "UT_26": "0", "GR_26": "0", "LB_26": "0", "JBT_26": "2", "Tp_Lnts_26": "SUNGAI", "Dt_Lnts_26": "LURUS, BERKELOK (MEANDER), BERJALIN (BRAIDED)", "Pnangnn_26": "RUTIN", "Pmriksn_26": "TIDAK DI SURVEI", "Pnglola_26": "BPJN BANGKA BELITUNG", "Satkr_ID26": "693887", "PPK_Name26": "PPK 1.3", "Traffic_26": null, "VCR_26": "0.06", "AADT_26": null, "Tipe_Jb_26": null, "Lat_26": -1.7469000000299999, "Long_26": 105.9552, "Tgl_Ins_26": "6\/4\/2025", "Ket_26": null }, "geometry": { "type": "Point", "coordinates": [ 105.955200000279831, -1.746900000034941 ] } },
{ "type": "Feature", "properties": { "KDRUAS_UPD": "16001", "NOJBT_UPD": "16.001.013.B", "NM_RUAS_UP": "TANJUNG KELIAN - IBUL", "NM_JBT_UPD": "AIR DAENG B", "PROVINSI": "BANGKA BELITUNG", "No_Prov_26": "16", "ID_Jbt_26": "1600346", "Kd_Ruas_26": "16001", "Suffix_26": null, "Nm_Ruas_26": "TANJUNG KELIAN - IBUL", "Lintas_26": "NON LINTAS", "No_Jbt_26": "16.001.013.B", "Nm_Jbt_26": "AIR DAENG B", "Status_26": "N", "Fungsi_26": "JAP", "Lks_Dr_26": "PKP", "Lks_km_26": 136466.0, "F_STA_26": "4620", "Cadin_26": "KAB. BANGKA BARAT", "Pjg_Jbt_26": 17.0, "Btg_Pjg_26": 16.5, "Jml_Btg_26": "1", "Lb_Jl_Ms26": 6.5, "Lb_Jl_Kl26": 6.5, "Lb_Lalin26": 6.5, "Lb_Bh_Ki26": 0.38, "Lb_Bh_Ka26": 0.28, "Lb_Dr_Ki26": 0.05, "Lb_Dr_Ka26": 0.05, "Lb_Tr_Ki26": 0.0, "Lb_Tr_Ka26": 1.5, "Lb_TS_Ki26": 0.0, "Lb_TS_Ka26": 0.0, "Lb_Med_26": 1.55, "Lbr_Jbt_26": 10.31, "Bgn_Ats_26": "GPP", "Jns_Jbt_26": "STANDAR", "Thn_Bgn_26": "2015", "BA_26": "1", "LNT_26": "1", "BB_26": "1", "DAS_26": "1", "OP_26": "2", "UT_26": "0", "GR_26": "0", "LB_26": "0", "JBT_26": "2", "Tp_Lnts_26": "SUNGAI", "Dt_Lnts_26": "LURUS, BERKELOK (MEANDER), BERJALIN (BRAIDED)", "Pnangnn_26": "RUTIN", "Pmriksn_26": "TIDAK DI SURVEI", "Pnglola_26": "BPJN BANGKA BELITUNG", "Satkr_ID26": "693887", "PPK_Name26": "PPK 1.2", "Traffic_26": null, "VCR_26": "0.19", "AADT_26": null, "Tipe_Jb_26": null, "Lat_26": -2.06022200044, "Long_26": 105.16125, "Tgl_Ins_26": "6\/13\/2025", "Ket_26": null }, "geometry": { "type": "Point", "coordinates": [ 105.161250000287339, -2.060222000444924 ] } },
{ "type": "Feature", "properties": { "KDRUAS_UPD": "16002", "NOJBT_UPD": "16.002.001.0", "NM_RUAS_UP": "IBUL - KELAPA", "NM_JBT_UPD": "AIR KELADI", "PROVINSI": "BANGKA BELITUNG", "No_Prov_26": "16", "ID_Jbt_26": "1600014", "Kd_Ruas_26": "16002", "Suffix_26": null, "Nm_Ruas_26": "IBUL - KELAPA", "Lintas_26": "NON LINTAS", "No_Jbt_26": "16.002.001.0", "Nm_Jbt_26": "AIR KELADI", "Status_26": "N", "Fungsi_26": "JAP", "Lks_Dr_26": "PKP", "Lks_km_26": 67137.0, "F_STA_26": "290", "Cadin_26": "KAB. BANGKA BARAT", "Pjg_Jbt_26": 11.6, "Btg_Pjg_26": 10.9, "Jml_Btg_26": "1", "Lb_Jl_Ms26": 5.25, "Lb_Jl_Kl26": 5.25, "Lb_Lalin26": 5.25, "Lb_Bh_Ki26": 0.3, "Lb_Bh_Ka26": 0.3, "Lb_Dr_Ki26": 0.15, "Lb_Dr_Ka26": 0.05, "Lb_Tr_Ki26": 0.45, "Lb_Tr_Ka26": 0.5, "Lb_TS_Ki26": 0.0, "Lb_TS_Ka26": 0.0, "Lb_Med_26": 0.0, "Lbr_Jbt_26": 7.0, "Bgn_Ats_26": "GTP", "Jns_Jbt_26": "STANDAR", "Thn_Bgn_26": "1978", "BA_26": "2", "LNT_26": "2", "BB_26": "2", "DAS_26": "2", "OP_26": "1", "UT_26": "0", "GR_26": "0", "LB_26": "0", "JBT_26": "2", "Tp_Lnts_26": "SUNGAI", "Dt_Lnts_26": "LURUS, BERKELOK (MEANDER), BERJALIN (BRAIDED)", "Pnangnn_26": "RUTIN", "Pmriksn_26": "DETAIL", "Pnglola_26": "BPJN BANGKA BELITUNG", "Satkr_ID26": "693887", "PPK_Name26": "PPK 1.2", "Traffic_26": null, "VCR_26": "0.06", "AADT_26": null, "Tipe_Jb_26": null, "Lat_26": -1.86910000016, "Long_26": 105.6496, "Tgl_Ins_26": "4\/22\/2026", "Ket_26": null }, "geometry": { "type": "Point", "coordinates": [ 105.649599999840177, -1.869100000164849 ] } },
{ "type": "Feature", "properties": { "KDRUAS_UPD": "16002", "NOJBT_UPD": "16.002.002.0", "NM_RUAS_UP": "IBUL - KELAPA", "NM_JBT_UPD": "AIR GENDANG", "PROVINSI": "BANGKA BELITUNG", "No_Prov_26": "16", "ID_Jbt_26": "1600015", "Kd_Ruas_26": "16002", "Suffix_26": null, "Nm_Ruas_26": "IBUL - KELAPA", "Lintas_26": "NON LINTAS", "No_Jbt_26": "16.002.002.0", "Nm_Jbt_26": "AIR GENDANG", "Status_26": "N", "Fungsi_26": "JAP", "Lks_Dr_26": "PKP", "Lks_km_26": 69137.0, "F_STA_26": "490", "Cadin_26": "KAB. BANGKA BARAT", "Pjg_Jbt_26": 6.3, "Btg_Pjg_26": 5.6, "Jml_Btg_26": "1", "Lb_Jl_Ms26": 5.55, "Lb_Jl_Kl26": 5.55, "Lb_Lalin26": 5.55, "Lb_Bh_Ki26": 0.75, "Lb_Bh_Ka26": 0.45, "Lb_Dr_Ki26": 0.01, "Lb_Dr_Ka26": 0.01, "Lb_Tr_Ki26": 1.0, "Lb_Tr_Ka26": 1.0, "Lb_TS_Ki26": 0.0, "Lb_TS_Ka26": 0.0, "Lb_Med_26": 0.0, "Lbr_Jbt_26": 8.77, "Bgn_Ats_26": "GTP", "Jns_Jbt_26": "STANDAR", "Thn_Bgn_26": "1978", "BA_26": "2", "LNT_26": "2", "BB_26": "2", "DAS_26": "2", "OP_26": "0", "UT_26": "0", "GR_26": "0", "LB_26": "0", "JBT_26": "2", "Tp_Lnts_26": "SUNGAI", "Dt_Lnts_26": "LURUS, BERKELOK (MEANDER), BERJALIN (BRAIDED)", "Pnangnn_26": "RUTIN", "Pmriksn_26": "TIDAK DI SURVEI", "Pnglola_26": "BPJN BANGKA BELITUNG", "Satkr_ID26": "693887", "PPK_Name26": "PPK 1.2", "Traffic_26": null, "VCR_26": "0.06", "AADT_26": null, "Tipe_Jb_26": null, "Lat_26": -1.8662000004299999, "Long_26": 105.6321, "Tgl_Ins_26": "6\/10\/2025", "Ket_26": null }, "geometry": { "type": "Point", "coordinates": [ 105.632100000414766, -1.866200000429615 ] } },
{ "type": "Feature", "properties": { "KDRUAS_UPD": "16002", "NOJBT_UPD": "16.002.003.0", "NM_RUAS_UP": "IBUL - KELAPA", "NM_JBT_UPD": "AIR MANGKANG", "PROVINSI": "BANGKA BELITUNG", "No_Prov_26": "16", "ID_Jbt_26": "1600016", "Kd_Ruas_26": "16002", "Suffix_26": null, "Nm_Ruas_26": "IBUL - KELAPA", "Lintas_26": "NON LINTAS", "No_Jbt_26": "16.002.003.0", "Nm_Jbt_26": "AIR MANGKANG", "Status_26": "N", "Fungsi_26": "JAP", "Lks_Dr_26": "PKP", "Lks_km_26": 69637.0, "F_STA_26": "540", "Cadin_26": "KAB. BANGKA BARAT", "Pjg_Jbt_26": 15.3, "Btg_Pjg_26": 14.6, "Jml_Btg_26": "1", "Lb_Jl_Ms26": 5.46, "Lb_Jl_Kl26": 5.46, "Lb_Lalin26": 5.46, "Lb_Bh_Ki26": 0.87, "Lb_Bh_Ka26": 0.57, "Lb_Dr_Ki26": 0.1, "Lb_Dr_Ka26": 0.1, "Lb_Tr_Ki26": 0.4, "Lb_Tr_Ka26": 0.4, "Lb_TS_Ki26": 0.0, "Lb_TS_Ka26": 0.0, "Lb_Med_26": 0.0, "Lbr_Jbt_26": 7.9, "Bgn_Ats_26": "GTP", "Jns_Jbt_26": "STANDAR", "Thn_Bgn_26": "1992", "BA_26": "2", "LNT_26": "2", "BB_26": "2", "DAS_26": "1", "OP_26": "0", "UT_26": "0", "GR_26": "0", "LB_26": "0", "JBT_26": "2", "Tp_Lnts_26": "SUNGAI", "Dt_Lnts_26": "LURUS, BERKELOK (MEANDER), BERJALIN (BRAIDED)", "Pnangnn_26": "RUTIN", "Pmriksn_26": "DETAIL", "Pnglola_26": "BPJN BANGKA BELITUNG", "Satkr_ID26": "693887", "PPK_Name26": "PPK 1.2", "Traffic_26": null, "VCR_26": "0.06", "AADT_26": null, "Tipe_Jb_26": null, "Lat_26": -1.8661000003099999, "Long_26": 105.6276, "Tgl_Ins_26": "4\/22\/2026", "Ket_26": null }, "geometry": { "type": "Point", "coordinates": [ 105.627599999740255, -1.866100000314702 ] } },
{ "type": "Feature", "properties": { "KDRUAS_UPD": "16002", "NOJBT_UPD": "16.002.007.0", "NM_RUAS_UP": "IBUL - KELAPA", "NM_JBT_UPD": "AIR DUREN II", "PROVINSI": "BANGKA BELITUNG", "No_Prov_26": "16", "ID_Jbt_26": "1600020", "Kd_Ruas_26": "16002", "Suffix_26": null, "Nm_Ruas_26": "IBUL - KELAPA", "Lintas_26": "NON LINTAS", "No_Jbt_26": "16.002.007.0", "Nm_Jbt_26": "AIR DUREN II", "Status_26": "N", "Fungsi_26": "JAP", "Lks_Dr_26": "PKP", "Lks_km_26": 81837.0, "F_STA_26": "1720", "Cadin_26": "KAB. BANGKA BARAT", "Pjg_Jbt_26": 8.0, "Btg_Pjg_26": 7.3, "Jml_Btg_26": "1", "Lb_Jl_Ms26": 5.15, "Lb_Jl_Kl26": 5.15, "Lb_Lalin26": 5.15, "Lb_Bh_Ki26": 0.22, "Lb_Bh_Ka26": 0.38, "Lb_Dr_Ki26": 0.11, "Lb_Dr_Ka26": 0.09, "Lb_Tr_Ki26": 0.4, "Lb_Tr_Ka26": 0.4, "Lb_TS_Ki26": 0.0, "Lb_TS_Ka26": 0.0, "Lb_Med_26": 0.0, "Lbr_Jbt_26": 6.75, "Bgn_Ats_26": "GTP", "Jns_Jbt_26": "STANDAR", "Thn_Bgn_26": "1978", "BA_26": "2", "LNT_26": "2", "BB_26": "2", "DAS_26": "2", "OP_26": "0", "UT_26": "0", "GR_26": "0", "LB_26": "0", "JBT_26": "2", "Tp_Lnts_26": "SUNGAI", "Dt_Lnts_26": "LURUS, BERKELOK (MEANDER), BERJALIN (BRAIDED)", "Pnangnn_26": "RUTIN", "Pmriksn_26": "DETAIL", "Pnglola_26": "BPJN BANGKA BELITUNG", "Satkr_ID26": "693887", "PPK_Name26": "PPK 1.2", "Traffic_26": null, "VCR_26": "0.06", "AADT_26": null, "Tipe_Jb_26": null, "Lat_26": -1.8733300000799999, "Long_26": 105.5286, "Tgl_Ins_26": "4\/22\/2026", "Ket_26": null }, "geometry": { "type": "Point", "coordinates": [ 105.528600000189897, -1.87333000007942 ] } },
{ "type": "Feature", "properties": { "KDRUAS_UPD": "16009", "NOJBT_UPD": "16.009.005.0", "NM_RUAS_UP": "SEI LIAT - BTS. KOTA PANGKAL PINANG", "NM_JBT_UPD": "AIR RAJA BASAH", "PROVINSI": "BANGKA BELITUNG", "No_Prov_26": "16", "ID_Jbt_26": "1600049", "Kd_Ruas_26": "16009", "Suffix_26": null, "Nm_Ruas_26": "SEI LIAT - BTS. KOTA PANGKAL PINANG", "Lintas_26": "NON LINTAS", "No_Jbt_26": "16.009.005.0", "Nm_Jbt_26": "AIR RAJA BASAH", "Status_26": "N", "Fungsi_26": "JAP", "Lks_Dr_26": "PKP", "Lks_km_26": 26457.0, "F_STA_26": "2240", "Cadin_26": "KAB. BANGKA", "Pjg_Jbt_26": 6.9, "Btg_Pjg_26": 3.45, "Jml_Btg_26": "2", "Lb_Jl_Ms26": 14.0, "Lb_Jl_Kl26": 14.0, "Lb_Lalin26": 14.0, "Lb_Bh_Ki26": 2.0, "Lb_Bh_Ka26": 0.71, "Lb_Dr_Ki26": 0.0, "Lb_Dr_Ka26": 0.0, "Lb_Tr_Ki26": 0.0, "Lb_Tr_Ka26": 2.0, "Lb_TS_Ki26": 0.0, "Lb_TS_Ka26": 0.0, "Lb_Med_26": 0.9, "Lbr_Jbt_26": 19.61, "Bgn_Ats_26": "BTP", "Jns_Jbt_26": "STANDAR", "Thn_Bgn_26": "1992", "BA_26": "0", "LNT_26": "0", "BB_26": "0", "DAS_26": "2", "OP_26": "1", "UT_26": "1", "GR_26": "2", "LB_26": "0", "JBT_26": "2", "Tp_Lnts_26": "SUNGAI", "Dt_Lnts_26": "LURUS, BERKELOK (MEANDER), BERJALIN (BRAIDED)", "Pnangnn_26": "RUTIN", "Pmriksn_26": "TIDAK DI SURVEI", "Pnglola_26": "BPJN BANGKA BELITUNG", "Satkr_ID26": "693887", "PPK_Name26": "PPK 1.3", "Traffic_26": null, "VCR_26": "0.63", "AADT_26": null, "Tipe_Jb_26": null, "Lat_26": -1.9066838904000001, "Long_26": 106.11418889, "Tgl_Ins_26": "6\/3\/2025", "Ket_26": null }, "geometry": { "type": "Point", "coordinates": [ 106.114188890409849, -1.906683890402693 ] } },
{ "type": "Feature", "properties": { "KDRUAS_UPD": "1600911", "NOJBT_UPD": "16.009.102.0.11", "NM_RUAS_UP": "JLN. SUDIRMAN (P. PINANG)", "NM_JBT_UPD": "AIR RANGKUI", "PROVINSI": "BANGKA BELITUNG", "No_Prov_26": "16", "ID_Jbt_26": "1600227", "Kd_Ruas_26": "1600911", "Suffix_26": "11", "Nm_Ruas_26": "JLN. SUDIRMAN (P. PINANG)", "Lintas_26": "NON LINTAS", "No_Jbt_26": "16.009.102.0.11", "Nm_Jbt_26": "AIR RANGKUI", "Status_26": "N", "Fungsi_26": "JAP", "Lks_Dr_26": "PKP", "Lks_km_26": 100.0, "F_STA_26": "10", "Cadin_26": "KOTA PANGKALPINANG", "Pjg_Jbt_26": 19.5, "Btg_Pjg_26": 19.0, "Jml_Btg_26": "1", "Lb_Jl_Ms26": 12.03, "Lb_Jl_Kl26": 12.03, "Lb_Lalin26": 12.03, "Lb_Bh_Ki26": 0.74, "Lb_Bh_Ka26": 0.7, "Lb_Dr_Ki26": 0.0, "Lb_Dr_Ka26": 0.0, "Lb_Tr_Ki26": 1.26, "Lb_Tr_Ka26": 1.32, "Lb_TS_Ki26": 0.0, "Lb_TS_Ka26": 0.0, "Lb_Med_26": 0.65, "Lbr_Jbt_26": 16.7, "Bgn_Ats_26": "GTP", "Jns_Jbt_26": "STANDAR", "Thn_Bgn_26": "1978", "BA_26": "2", "LNT_26": "2", "BB_26": "2", "DAS_26": "2", "OP_26": "1", "UT_26": "1", "GR_26": "0", "LB_26": "0", "JBT_26": "2", "Tp_Lnts_26": "SUNGAI", "Dt_Lnts_26": "LURUS, BERKELOK (MEANDER), BERJALIN (BRAIDED)", "Pnangnn_26": "RUTIN", "Pmriksn_26": "TIDAK DI SURVEI", "Pnglola_26": "BPJN BANGKA BELITUNG", "Satkr_ID26": "693887", "PPK_Name26": "PPK TP 01", "Traffic_26": null, "VCR_26": "0.74", "AADT_26": null, "Tipe_Jb_26": null, "Lat_26": -2.1276110000499999, "Long_26": 106.114167, "Tgl_Ins_26": "6\/14\/2025", "Ket_26": null }, "geometry": { "type": "Point", "coordinates": [ 106.114166999807253, -2.12761100004758 ] } },
{ "type": "Feature", "properties": { "KDRUAS_UPD": "16010", "NOJBT_UPD": "16.010.001.0", "NM_RUAS_UP": "BTS. KOTA PANGKAL PINANG - NAMANG", "NM_JBT_UPD": "ENGTAI", "PROVINSI": "BANGKA BELITUNG", "No_Prov_26": "16", "ID_Jbt_26": "1600054", "Kd_Ruas_26": "16010", "Suffix_26": null, "Nm_Ruas_26": "BTS. KOTA PANGKAL PINANG - NAMANG", "Lintas_26": "NON LINTAS", "No_Jbt_26": "16.010.001.0", "Nm_Jbt_26": "ENGTAI", "Status_26": "N", "Fungsi_26": "JAP", "Lks_Dr_26": "PKP", "Lks_km_26": 437.0, "F_STA_26": "60", "Cadin_26": "KAB. BANGKA TENGAH", "Pjg_Jbt_26": 6.6, "Btg_Pjg_26": 6.4, "Jml_Btg_26": "1", "Lb_Jl_Ms26": 13.08, "Lb_Jl_Kl26": 13.08, "Lb_Lalin26": 13.08, "Lb_Bh_Ki26": 0.81, "Lb_Bh_Ka26": 0.99, "Lb_Dr_Ki26": 0.0, "Lb_Dr_Ka26": 0.0, "Lb_Tr_Ki26": 0.76, "Lb_Tr_Ka26": 0.63, "Lb_TS_Ki26": 0.0, "Lb_TS_Ka26": 0.0, "Lb_Med_26": 1.0, "Lbr_Jbt_26": 17.27, "Bgn_Ats_26": "GTP", "Jns_Jbt_26": "STANDAR", "Thn_Bgn_26": "1992", "BA_26": "2", "LNT_26": "2", "BB_26": "1", "DAS_26": "1", "OP_26": "0", "UT_26": "0", "GR_26": "0", "LB_26": "0", "JBT_26": "2", "Tp_Lnts_26": "SUNGAI", "Dt_Lnts_26": "LURUS, BERKELOK (MEANDER), BERJALIN (BRAIDED)", "Pnangnn_26": "RUTIN", "Pmriksn_26": "TIDAK DI SURVEI", "Pnglola_26": "BPJN BANGKA BELITUNG", "Satkr_ID26": "693887", "PPK_Name26": "PPK TP 01", "Traffic_26": null, "VCR_26": "0.79", "AADT_26": null, "Tipe_Jb_26": null, "Lat_26": -2.1547000001000001, "Long_26": 106.1289, "Tgl_Ins_26": "6\/15\/2025", "Ket_26": null }, "geometry": { "type": "Point", "coordinates": [ 106.128900000234864, -2.154700000104867 ] } },
{ "type": "Feature", "properties": { "KDRUAS_UPD": "16010", "NOJBT_UPD": "16.010.004.0", "NM_RUAS_UP": "BTS. KOTA PANGKAL PINANG - NAMANG", "NM_JBT_UPD": "AIR MESU", "PROVINSI": "BANGKA BELITUNG", "No_Prov_26": "16", "ID_Jbt_26": "1600056", "Kd_Ruas_26": "16010", "Suffix_26": null, "Nm_Ruas_26": "BTS. KOTA PANGKAL PINANG - NAMANG", "Lintas_26": "NON LINTAS", "No_Jbt_26": "16.010.004.0", "Nm_Jbt_26": "AIR MESU", "Status_26": "N", "Fungsi_26": "JAP", "Lks_Dr_26": "PKP", "Lks_km_26": 11423.0, "F_STA_26": "750", "Cadin_26": "KAB. BANGKA TENGAH", "Pjg_Jbt_26": 15.8, "Btg_Pjg_26": 15.3, "Jml_Btg_26": "1", "Lb_Jl_Ms26": 5.45, "Lb_Jl_Kl26": 5.45, "Lb_Lalin26": 5.45, "Lb_Bh_Ki26": 0.27, "Lb_Bh_Ka26": 0.23, "Lb_Dr_Ki26": 0.2, "Lb_Dr_Ka26": 0.2, "Lb_Tr_Ki26": 0.9, "Lb_Tr_Ka26": 0.9, "Lb_TS_Ki26": 0.0, "Lb_TS_Ka26": 0.0, "Lb_Med_26": 0.0, "Lbr_Jbt_26": 8.15, "Bgn_Ats_26": "GTP", "Jns_Jbt_26": "STANDAR", "Thn_Bgn_26": "1992", "BA_26": "2", "LNT_26": "2", "BB_26": "2", "DAS_26": "2", "OP_26": "1", "UT_26": "0", "GR_26": "0", "LB_26": "0", "JBT_26": "2", "Tp_Lnts_26": "SUNGAI", "Dt_Lnts_26": "LURUS, BERKELOK (MEANDER), BERJALIN (BRAIDED)", "Pnangnn_26": "RUTIN", "Pmriksn_26": "DETAIL", "Pnglola_26": "BPJN BANGKA BELITUNG", "Satkr_ID26": "693887", "PPK_Name26": "PPK TP 01", "Traffic_26": null, "VCR_26": "0.79", "AADT_26": null, "Tipe_Jb_26": null, "Lat_26": -2.20404999971, "Long_26": 106.1456, "Tgl_Ins_26": "4\/28\/2026", "Ket_26": null }, "geometry": { "type": "Point", "coordinates": [ 106.145599999640353, -2.204049999707649 ] } },
{ "type": "Feature", "properties": { "KDRUAS_UPD": "16010", "NOJBT_UPD": "16.010.005.0", "NM_RUAS_UP": "BTS. KOTA PANGKAL PINANG - NAMANG", "NM_JBT_UPD": "AIR LEMPUYANG", "PROVINSI": "BANGKA BELITUNG", "No_Prov_26": "16", "ID_Jbt_26": "1600057", "Kd_Ruas_26": "16010", "Suffix_26": null, "Nm_Ruas_26": "BTS. KOTA PANGKAL PINANG - NAMANG", "Lintas_26": "NON LINTAS", "No_Jbt_26": "16.010.005.0", "Nm_Jbt_26": "AIR LEMPUYANG", "Status_26": "N", "Fungsi_26": "JAP", "Lks_Dr_26": "PKP", "Lks_km_26": 18923.0, "F_STA_26": "1470", "Cadin_26": "KAB. BANGKA TENGAH", "Pjg_Jbt_26": 15.7, "Btg_Pjg_26": 15.2, "Jml_Btg_26": "1", "Lb_Jl_Ms26": 5.4, "Lb_Jl_Kl26": 5.4, "Lb_Lalin26": 5.4, "Lb_Bh_Ki26": 0.31, "Lb_Bh_Ka26": 0.34, "Lb_Dr_Ki26": 0.1, "Lb_Dr_Ka26": 0.1, "Lb_Tr_Ki26": 0.85, "Lb_Tr_Ka26": 0.85, "Lb_TS_Ki26": 0.0, "Lb_TS_Ka26": 0.0, "Lb_Med_26": 0.0, "Lbr_Jbt_26": 7.95, "Bgn_Ats_26": "GTP", "Jns_Jbt_26": "STANDAR", "Thn_Bgn_26": "1992", "BA_26": "2", "LNT_26": "2", "BB_26": "2", "DAS_26": "2", "OP_26": "1", "UT_26": "0", "GR_26": "0", "LB_26": "0", "JBT_26": "2", "Tp_Lnts_26": "SUNGAI", "Dt_Lnts_26": "LURUS, BERKELOK (MEANDER), BERJALIN (BRAIDED)", "Pnangnn_26": "BERKALA", "Pmriksn_26": "RUTIN", "Pnglola_26": "BPJN BANGKA BELITUNG", "Satkr_ID26": "693887", "PPK_Name26": "PPK TP 01", "Traffic_26": null, "VCR_26": "0.79", "AADT_26": null, "Tipe_Jb_26": null, "Lat_26": -2.2648999999299999, "Long_26": 106.1612, "Tgl_Ins_26": "4\/28\/2026", "Ket_26": null }, "geometry": { "type": "Point", "coordinates": [ 106.16119999958039, -2.264899999934983 ] } },
{ "type": "Feature", "properties": { "KDRUAS_UPD": "1601011", "NOJBT_UPD": "16.010.002.0.11", "NM_RUAS_UP": "JLN. MAYOR SYAFRI (P. PINANG)", "NM_JBT_UPD": "AIR KAMPUNG BESI II", "PROVINSI": "BANGKA BELITUNG", "No_Prov_26": "16", "ID_Jbt_26": "1600228", "Kd_Ruas_26": "1601011", "Suffix_26": "11", "Nm_Ruas_26": "JLN. MAYOR SYAFRI (P. PINANG)", "Lintas_26": "NON LINTAS", "No_Jbt_26": "16.010.002.0.11", "Nm_Jbt_26": "AIR KAMPUNG BESI II", "Status_26": "N", "Fungsi_26": "JAP", "Lks_Dr_26": "PKP", "Lks_km_26": 153.0, "F_STA_26": "60", "Cadin_26": "KOTA PANGKALPINANG", "Pjg_Jbt_26": 7.2, "Btg_Pjg_26": 7.1, "Jml_Btg_26": "1", "Lb_Jl_Ms26": 12.78, "Lb_Jl_Kl26": 12.78, "Lb_Lalin26": 12.78, "Lb_Bh_Ki26": 0.78, "Lb_Bh_Ka26": 0.82, "Lb_Dr_Ki26": 0.0, "Lb_Dr_Ka26": 0.0, "Lb_Tr_Ki26": 2.0, "Lb_Tr_Ka26": 1.2, "Lb_TS_Ki26": 0.0, "Lb_TS_Ka26": 0.0, "Lb_Med_26": 0.65, "Lbr_Jbt_26": 18.23, "Bgn_Ats_26": "GTP", "Jns_Jbt_26": "STANDAR", "Thn_Bgn_26": "1971", "BA_26": "2", "LNT_26": "2", "BB_26": "2", "DAS_26": "1", "OP_26": "0", "UT_26": "0", "GR_26": "0", "LB_26": "0", "JBT_26": "2", "Tp_Lnts_26": "SUNGAI", "Dt_Lnts_26": "LURUS, BERKELOK (MEANDER), BERJALIN (BRAIDED)", "Pnangnn_26": "RUTIN", "Pmriksn_26": "TIDAK DI SURVEI", "Pnglola_26": "BPJN BANGKA BELITUNG", "Satkr_ID26": "693887", "PPK_Name26": "PPK TP 01", "Traffic_26": null, "VCR_26": "0.96", "AADT_26": null, "Tipe_Jb_26": null, "Lat_26": -2.1333060000700002, "Long_26": 106.117306, "Tgl_Ins_26": "6\/15\/2025", "Ket_26": null }, "geometry": { "type": "Point", "coordinates": [ 106.117305999772157, -2.133306000071798 ] } },
{ "type": "Feature", "properties": { "KDRUAS_UPD": "16011", "NOJBT_UPD": "16.011.001.0", "NM_RUAS_UP": "NAMANG - KOBA", "NM_JBT_UPD": "AIR MUNJANG", "PROVINSI": "BANGKA BELITUNG", "No_Prov_26": "16", "ID_Jbt_26": "1600058", "Kd_Ruas_26": "16011", "Suffix_26": null, "Nm_Ruas_26": "NAMANG - KOBA", "Lintas_26": "NON LINTAS", "No_Jbt_26": "16.011.001.0", "Nm_Jbt_26": "AIR MUNJANG", "Status_26": "N", "Fungsi_26": "JAP", "Lks_Dr_26": "PKP", "Lks_km_26": 29185.0, "F_STA_26": "360", "Cadin_26": "KAB. BANGKA TENGAH", "Pjg_Jbt_26": 12.7, "Btg_Pjg_26": 12.52, "Jml_Btg_26": "1", "Lb_Jl_Ms26": 5.08, "Lb_Jl_Kl26": 5.08, "Lb_Lalin26": 5.08, "Lb_Bh_Ki26": 0.37, "Lb_Bh_Ka26": 0.35, "Lb_Dr_Ki26": 0.15, "Lb_Dr_Ka26": 0.15, "Lb_Tr_Ki26": 0.35, "Lb_Tr_Ka26": 0.35, "Lb_TS_Ki26": 0.0, "Lb_TS_Ka26": 0.0, "Lb_Med_26": 0.0, "Lbr_Jbt_26": 6.8, "Bgn_Ats_26": "GTP", "Jns_Jbt_26": "STANDAR", "Thn_Bgn_26": "1980", "BA_26": "2", "LNT_26": "2", "BB_26": "1", "DAS_26": "2", "OP_26": "1", "UT_26": "1", "GR_26": "0", "LB_26": "0", "JBT_26": "2", "Tp_Lnts_26": "SUNGAI", "Dt_Lnts_26": "LURUS, BERKELOK (MEANDER), BERJALIN (BRAIDED)", "Pnangnn_26": "BERKALA", "Pmriksn_26": "RUTIN", "Pnglola_26": "BPJN BANGKA BELITUNG", "Satkr_ID26": "693887", "PPK_Name26": "PPK 1.1", "Traffic_26": null, "VCR_26": "0.4", "AADT_26": null, "Tipe_Jb_26": null, "Lat_26": -2.3250399998, "Long_26": 106.2192, "Tgl_Ins_26": "4\/28\/2026", "Ket_26": null }, "geometry": { "type": "Point", "coordinates": [ 106.219199999680313, -2.325039999796104 ] } },
{ "type": "Feature", "properties": { "KDRUAS_UPD": "16011", "NOJBT_UPD": "16.011.002.0", "NM_RUAS_UP": "NAMANG - KOBA", "NM_JBT_UPD": "AIR KURAU", "PROVINSI": "BANGKA BELITUNG", "No_Prov_26": "16", "ID_Jbt_26": "1600059", "Kd_Ruas_26": "16011", "Suffix_26": null, "Nm_Ruas_26": "NAMANG - KOBA", "Lintas_26": "NON LINTAS", "No_Jbt_26": "16.011.002.0", "Nm_Jbt_26": "AIR KURAU", "Status_26": "N", "Fungsi_26": "JAP", "Lks_Dr_26": "PKP", "Lks_km_26": 31085.0, "F_STA_26": "540", "Cadin_26": "KAB. BANGKA TENGAH", "Pjg_Jbt_26": 71.3, "Btg_Pjg_26": 23.85, "Jml_Btg_26": "3", "Lb_Jl_Ms26": 5.4, "Lb_Jl_Kl26": 5.4, "Lb_Lalin26": 5.4, "Lb_Bh_Ki26": 0.28, "Lb_Bh_Ka26": 0.32, "Lb_Dr_Ki26": 1.0, "Lb_Dr_Ka26": 1.0, "Lb_Tr_Ki26": 0.84, "Lb_Tr_Ka26": 0.84, "Lb_TS_Ki26": 0.0, "Lb_TS_Ka26": 0.0, "Lb_Med_26": 0.0, "Lbr_Jbt_26": 9.68, "Bgn_Ats_26": "GTP", "Jns_Jbt_26": "STANDAR", "Thn_Bgn_26": "1974", "BA_26": "3", "LNT_26": "2", "BB_26": "2", "DAS_26": "1", "OP_26": "1", "UT_26": "0", "GR_26": "0", "LB_26": "0", "JBT_26": "3", "Tp_Lnts_26": "SUNGAI", "Dt_Lnts_26": "LURUS, BERKELOK (MEANDER), BERJALIN (BRAIDED)", "Pnangnn_26": "RUTIN", "Pmriksn_26": "DETAIL", "Pnglola_26": "BPJN BANGKA BELITUNG", "Satkr_ID26": "693887", "PPK_Name26": "PPK 1.1", "Traffic_26": null, "VCR_26": "0.4", "AADT_26": null, "Tipe_Jb_26": null, "Lat_26": -2.33080000012, "Long_26": 106.233, "Tgl_Ins_26": "4\/28\/2026", "Ket_26": null }, "geometry": { "type": "Point", "coordinates": [ 106.233000000249888, -2.330800000119837 ] } },
{ "type": "Feature", "properties": { "KDRUAS_UPD": "16011", "NOJBT_UPD": "16.011.003.0", "NM_RUAS_UP": "NAMANG - KOBA", "NM_JBT_UPD": "AIR GUNTUNG", "PROVINSI": "BANGKA BELITUNG", "No_Prov_26": "16", "ID_Jbt_26": "1600060", "Kd_Ruas_26": "16011", "Suffix_26": null, "Nm_Ruas_26": "NAMANG - KOBA", "Lintas_26": "NON LINTAS", "No_Jbt_26": "16.011.003.0", "Nm_Jbt_26": "AIR GUNTUNG", "Status_26": "N", "Fungsi_26": "JAP", "Lks_Dr_26": "PKP", "Lks_km_26": 53385.000000000007, "F_STA_26": "2700", "Cadin_26": "KAB. BANGKA TENGAH", "Pjg_Jbt_26": 35.8, "Btg_Pjg_26": 34.8, "Jml_Btg_26": "1", "Lb_Jl_Ms26": 7.16, "Lb_Jl_Kl26": 7.16, "Lb_Lalin26": 7.16, "Lb_Bh_Ki26": 0.3, "Lb_Bh_Ka26": 0.25, "Lb_Dr_Ki26": 0.16, "Lb_Dr_Ka26": 0.16, "Lb_Tr_Ki26": 0.97, "Lb_Tr_Ka26": 0.97, "Lb_TS_Ki26": 0.31, "Lb_TS_Ka26": 0.31, "Lb_Med_26": 0.0, "Lbr_Jbt_26": 10.59, "Bgn_Ats_26": "GPP", "Jns_Jbt_26": "STANDAR", "Thn_Bgn_26": "2025", "BA_26": "0", "LNT_26": "0", "BB_26": "1", "DAS_26": "2", "OP_26": "0", "UT_26": "0", "GR_26": "0", "LB_26": "0", "JBT_26": "1", "Tp_Lnts_26": "SUNGAI", "Dt_Lnts_26": "LURUS, BERKELOK (MEANDER), BERJALIN (BRAIDED)", "Pnangnn_26": "RUTIN", "Pmriksn_26": "INVENTARISASI", "Pnglola_26": "BPJN BANGKA BELITUNG", "Satkr_ID26": "693887", "PPK_Name26": "PPK 1.1", "Traffic_26": null, "VCR_26": "0.4", "AADT_26": null, "Tipe_Jb_26": null, "Lat_26": -2.4682999998500001, "Long_26": 106.3613, "Tgl_Ins_26": "4\/28\/2026", "Ket_26": null }, "geometry": { "type": "Point", "coordinates": [ 106.361300000194888, -2.468299999845044 ] } },
{ "type": "Feature", "properties": { "KDRUAS_UPD": "16011", "NOJBT_UPD": "16.011.004.A", "NM_RUAS_UP": "NAMANG - KOBA", "NM_JBT_UPD": "AIR BEROK A", "PROVINSI": "BANGKA BELITUNG", "No_Prov_26": "16", "ID_Jbt_26": "1600061", "Kd_Ruas_26": "16011", "Suffix_26": null, "Nm_Ruas_26": "NAMANG - KOBA", "Lintas_26": "NON LINTAS", "No_Jbt_26": "16.011.004.A", "Nm_Jbt_26": "AIR BEROK A", "Status_26": "N", "Fungsi_26": "JAP", "Lks_Dr_26": "PKP", "Lks_km_26": 59285.0, "F_STA_26": "3270", "Cadin_26": "KAB. BANGKA TENGAH", "Pjg_Jbt_26": 16.1, "Btg_Pjg_26": 15.5, "Jml_Btg_26": "1", "Lb_Jl_Ms26": 6.16, "Lb_Jl_Kl26": 6.16, "Lb_Lalin26": 6.16, "Lb_Bh_Ki26": 0.43, "Lb_Bh_Ka26": 0.39, "Lb_Dr_Ki26": 0.1, "Lb_Dr_Ka26": 0.1, "Lb_Tr_Ki26": 1.2, "Lb_Tr_Ka26": 1.2, "Lb_TS_Ki26": 0.0, "Lb_TS_Ka26": 0.0, "Lb_Med_26": 0.0, "Lbr_Jbt_26": 9.58, "Bgn_Ats_26": "GTP", "Jns_Jbt_26": "STANDAR", "Thn_Bgn_26": "2011", "BA_26": "3", "LNT_26": "3", "BB_26": "2", "DAS_26": "2", "OP_26": "1", "UT_26": "0", "GR_26": "0", "LB_26": "0", "JBT_26": "3", "Tp_Lnts_26": "SUNGAI", "Dt_Lnts_26": "LURUS, BERKELOK (MEANDER), BERJALIN (BRAIDED)", "Pnangnn_26": "REHABILITASI", "Pmriksn_26": "RUTIN", "Pnglola_26": "BPJN BANGKA BELITUNG", "Satkr_ID26": "693887", "PPK_Name26": "PPK 1.1", "Traffic_26": null, "VCR_26": "0.4", "AADT_26": null, "Tipe_Jb_26": null, "Lat_26": -2.4878999998900002, "Long_26": 106.4075, "Tgl_Ins_26": "4\/28\/2026", "Ket_26": null }, "geometry": { "type": "Point", "coordinates": [ 106.4075000002249, -2.48789999988503 ] } },
{ "type": "Feature", "properties": { "KDRUAS_UPD": "16011", "NOJBT_UPD": "16.011.004.B", "NM_RUAS_UP": "NAMANG - KOBA", "NM_JBT_UPD": "AIR BEROK B", "PROVINSI": "BANGKA BELITUNG", "No_Prov_26": "16", "ID_Jbt_26": "1600062", "Kd_Ruas_26": "16011", "Suffix_26": null, "Nm_Ruas_26": "NAMANG - KOBA", "Lintas_26": "NON LINTAS", "No_Jbt_26": "16.011.004.B", "Nm_Jbt_26": "AIR BEROK B", "Status_26": "N", "Fungsi_26": "JAP", "Lks_Dr_26": "PKP", "Lks_km_26": 59285.0, "F_STA_26": "3270", "Cadin_26": "KAB. BANGKA TENGAH", "Pjg_Jbt_26": 12.3, "Btg_Pjg_26": 11.8, "Jml_Btg_26": "1", "Lb_Jl_Ms26": 5.35, "Lb_Jl_Kl26": 5.35, "Lb_Lalin26": 5.35, "Lb_Bh_Ki26": 0.25, "Lb_Bh_Ka26": 0.25, "Lb_Dr_Ki26": 0.08, "Lb_Dr_Ka26": 0.08, "Lb_Tr_Ki26": 0.55, "Lb_Tr_Ka26": 0.47, "Lb_TS_Ki26": 0.0, "Lb_TS_Ka26": 0.0, "Lb_Med_26": 0.0, "Lbr_Jbt_26": 7.03, "Bgn_Ats_26": "GTP", "Jns_Jbt_26": "STANDAR", "Thn_Bgn_26": "1978", "BA_26": "2", "LNT_26": "2", "BB_26": "1", "DAS_26": "2", "OP_26": "1", "UT_26": "0", "GR_26": "0", "LB_26": "0", "JBT_26": "2", "Tp_Lnts_26": "SUNGAI", "Dt_Lnts_26": "LURUS, BERKELOK (MEANDER), BERJALIN (BRAIDED)", "Pnangnn_26": "RUTIN", "Pmriksn_26": "TIDAK DI SURVEI", "Pnglola_26": "BPJN BANGKA BELITUNG", "Satkr_ID26": "693887", "PPK_Name26": "PPK 1.1", "Traffic_26": null, "VCR_26": "0.4", "AADT_26": null, "Tipe_Jb_26": null, "Lat_26": -2.4878999998900002, "Long_26": 106.4075, "Tgl_Ins_26": "6\/21\/2025", "Ket_26": null }, "geometry": { "type": "Point", "coordinates": [ 106.4075000002249, -2.48789999988503 ] } },
{ "type": "Feature", "properties": { "KDRUAS_UPD": "16012", "NOJBT_UPD": "16.012.001.0", "NM_RUAS_UP": "KOBA - BTS. KAB. (BANGKA TENGAH\/SELATAN)", "NM_JBT_UPD": "AIR NIBUNG I", "PROVINSI": "BANGKA BELITUNG", "No_Prov_26": "16", "ID_Jbt_26": "1600063", "Kd_Ruas_26": "16012", "Suffix_26": null, "Nm_Ruas_26": "KOBA - BTS. KAB. (BANGKA TENGAH\/SELATAN)", "Lintas_26": "NON LINTAS", "No_Jbt_26": "16.012.001.0", "Nm_Jbt_26": "AIR NIBUNG I", "Status_26": "N", "Fungsi_26": "JAP", "Lks_Dr_26": "PKP", "Lks_km_26": 61593.000000000007, "F_STA_26": "130", "Cadin_26": "KAB. BANGKA TENGAH", "Pjg_Jbt_26": 8.8, "Btg_Pjg_26": 8.3, "Jml_Btg_26": "1", "Lb_Jl_Ms26": 6.1, "Lb_Jl_Kl26": 6.1, "Lb_Lalin26": 6.1, "Lb_Bh_Ki26": 0.53, "Lb_Bh_Ka26": 0.52, "Lb_Dr_Ki26": 0.05, "Lb_Dr_Ka26": 0.05, "Lb_Tr_Ki26": 0.53, "Lb_Tr_Ka26": 0.6, "Lb_TS_Ki26": 0.0, "Lb_TS_Ka26": 0.0, "Lb_Med_26": 0.0, "Lbr_Jbt_26": 8.38, "Bgn_Ats_26": "GTP", "Jns_Jbt_26": "STANDAR", "Thn_Bgn_26": "1978", "BA_26": "2", "LNT_26": "2", "BB_26": "2", "DAS_26": "2", "OP_26": "0", "UT_26": "0", "GR_26": "0", "LB_26": "0", "JBT_26": "2", "Tp_Lnts_26": "SUNGAI", "Dt_Lnts_26": "LURUS, BERKELOK (MEANDER), BERJALIN (BRAIDED)", "Pnangnn_26": "RUTIN", "Pmriksn_26": "DETAIL", "Pnglola_26": "BPJN BANGKA BELITUNG", "Satkr_ID26": "693887", "PPK_Name26": "PPK 1.1", "Traffic_26": null, "VCR_26": "0.12", "AADT_26": null, "Tipe_Jb_26": null, "Lat_26": -2.5128999998400001, "Long_26": 106.3943, "Tgl_Ins_26": "4\/29\/2026", "Ket_26": null }, "geometry": { "type": "Point", "coordinates": [ 106.394300000344799, -2.512899999835099 ] } },
{ "type": "Feature", "properties": { "KDRUAS_UPD": "16012", "NOJBT_UPD": "16.012.002.0", "NM_RUAS_UP": "KOBA - BTS. KAB. (BANGKA TENGAH\/SELATAN)", "NM_JBT_UPD": "AIR NIBUNG II", "PROVINSI": "BANGKA BELITUNG", "No_Prov_26": "16", "ID_Jbt_26": "1600064", "Kd_Ruas_26": "16012", "Suffix_26": null, "Nm_Ruas_26": "KOBA - BTS. KAB. (BANGKA TENGAH\/SELATAN)", "Lintas_26": "NON LINTAS", "No_Jbt_26": "16.012.002.0", "Nm_Jbt_26": "AIR NIBUNG II", "Status_26": "N", "Fungsi_26": "JAP", "Lks_Dr_26": "PKP", "Lks_km_26": 61643.0, "F_STA_26": "130", "Cadin_26": "KAB. BANGKA TENGAH", "Pjg_Jbt_26": 8.8, "Btg_Pjg_26": 8.3, "Jml_Btg_26": "1", "Lb_Jl_Ms26": 6.4, "Lb_Jl_Kl26": 6.4, "Lb_Lalin26": 6.4, "Lb_Bh_Ki26": 0.47, "Lb_Bh_Ka26": 0.29, "Lb_Dr_Ki26": 0.1, "Lb_Dr_Ka26": 0.1, "Lb_Tr_Ki26": 0.53, "Lb_Tr_Ka26": 0.52, "Lb_TS_Ki26": 0.0, "Lb_TS_Ka26": 0.0, "Lb_Med_26": 0.0, "Lbr_Jbt_26": 8.41, "Bgn_Ats_26": "GTP", "Jns_Jbt_26": "STANDAR", "Thn_Bgn_26": "1978", "BA_26": "2", "LNT_26": "2", "BB_26": "1", "DAS_26": "2", "OP_26": "0", "UT_26": "0", "GR_26": "0", "LB_26": "0", "JBT_26": "2", "Tp_Lnts_26": "SUNGAI", "Dt_Lnts_26": "LURUS, BERKELOK (MEANDER), BERJALIN (BRAIDED)", "Pnangnn_26": "RUTIN", "Pmriksn_26": "DETAIL", "Pnglola_26": "BPJN BANGKA BELITUNG", "Satkr_ID26": "693887", "PPK_Name26": "PPK 1.1", "Traffic_26": null, "VCR_26": "0.12", "AADT_26": null, "Tipe_Jb_26": null, "Lat_26": -2.5129999999499999, "Long_26": 106.3939, "Tgl_Ins_26": "4\/29\/2026", "Ket_26": null }, "geometry": { "type": "Point", "coordinates": [ 106.39389999988515, -2.512999999950011 ] } },
{ "type": "Feature", "properties": { "KDRUAS_UPD": "16012", "NOJBT_UPD": "16.012.004.0", "NM_RUAS_UP": "KOBA - BTS. KAB. (BANGKA TENGAH\/SELATAN)", "NM_JBT_UPD": "AIR NIBUNG IV", "PROVINSI": "BANGKA BELITUNG", "No_Prov_26": "16", "ID_Jbt_26": "1600066", "Kd_Ruas_26": "16012", "Suffix_26": null, "Nm_Ruas_26": "KOBA - BTS. KAB. (BANGKA TENGAH\/SELATAN)", "Lintas_26": "NON LINTAS", "No_Jbt_26": "16.012.004.0", "Nm_Jbt_26": "AIR NIBUNG IV", "Status_26": "N", "Fungsi_26": "JAP", "Lks_Dr_26": "PKP", "Lks_km_26": 61793.000000000007, "F_STA_26": "140", "Cadin_26": "KAB. BANGKA TENGAH", "Pjg_Jbt_26": 13.8, "Btg_Pjg_26": 13.3, "Jml_Btg_26": "1", "Lb_Jl_Ms26": 5.95, "Lb_Jl_Kl26": 5.95, "Lb_Lalin26": 5.95, "Lb_Bh_Ki26": 0.49, "Lb_Bh_Ka26": 0.58, "Lb_Dr_Ki26": 0.1, "Lb_Dr_Ka26": 0.1, "Lb_Tr_Ki26": 0.67, "Lb_Tr_Ka26": 0.48, "Lb_TS_Ki26": 0.0, "Lb_TS_Ka26": 0.0, "Lb_Med_26": 0.0, "Lbr_Jbt_26": 8.37, "Bgn_Ats_26": "GTP", "Jns_Jbt_26": "STANDAR", "Thn_Bgn_26": "2011", "BA_26": "2", "LNT_26": "2", "BB_26": "1", "DAS_26": "1", "OP_26": "0", "UT_26": "0", "GR_26": "0", "LB_26": "0", "JBT_26": "2", "Tp_Lnts_26": "SUNGAI", "Dt_Lnts_26": "LURUS, BERKELOK (MEANDER), BERJALIN (BRAIDED)", "Pnangnn_26": "RUTIN", "Pmriksn_26": "DETAIL", "Pnglola_26": "BPJN BANGKA BELITUNG", "Satkr_ID26": "693887", "PPK_Name26": "PPK 1.1", "Traffic_26": null, "VCR_26": "0.12", "AADT_26": null, "Tipe_Jb_26": null, "Lat_26": -2.5132000001799999, "Long_26": 106.3927, "Tgl_Ins_26": "4\/29\/2026", "Ket_26": null }, "geometry": { "type": "Point", "coordinates": [ 106.392700000304842, -2.513200000179836 ] } },
{ "type": "Feature", "properties": { "KDRUAS_UPD": "16012", "NOJBT_UPD": "16.012.005.0", "NM_RUAS_UP": "KOBA - BTS. KAB. (BANGKA TENGAH\/SELATAN)", "NM_JBT_UPD": "AIR TEBAT NIBUNG", "PROVINSI": "BANGKA BELITUNG", "No_Prov_26": "16", "ID_Jbt_26": "1600067", "Kd_Ruas_26": "16012", "Suffix_26": null, "Nm_Ruas_26": "KOBA - BTS. KAB. (BANGKA TENGAH\/SELATAN)", "Lintas_26": "NON LINTAS", "No_Jbt_26": "16.012.005.0", "Nm_Jbt_26": "AIR TEBAT NIBUNG", "Status_26": "N", "Fungsi_26": "JAP", "Lks_Dr_26": "PKP", "Lks_km_26": 64193.000000000007, "F_STA_26": "370", "Cadin_26": "KAB. BANGKA TENGAH", "Pjg_Jbt_26": 10.8, "Btg_Pjg_26": 10.2, "Jml_Btg_26": "1", "Lb_Jl_Ms26": 7.18, "Lb_Jl_Kl26": 7.18, "Lb_Lalin26": 7.18, "Lb_Bh_Ki26": 0.37, "Lb_Bh_Ka26": 0.25, "Lb_Dr_Ki26": 0.07, "Lb_Dr_Ka26": 0.07, "Lb_Tr_Ki26": 0.79, "Lb_Tr_Ka26": 0.84, "Lb_TS_Ki26": 0.0, "Lb_TS_Ka26": 0.0, "Lb_Med_26": 0.0, "Lbr_Jbt_26": 9.57, "Bgn_Ats_26": "GTP", "Jns_Jbt_26": "STANDAR", "Thn_Bgn_26": "2011", "BA_26": "2", "LNT_26": "2", "BB_26": "0", "DAS_26": "2", "OP_26": "2", "UT_26": "0", "GR_26": "0", "LB_26": "0", "JBT_26": "2", "Tp_Lnts_26": "SUNGAI", "Dt_Lnts_26": "LURUS, BERKELOK (MEANDER), BERJALIN (BRAIDED)", "Pnangnn_26": "RUTIN", "Pmriksn_26": "TIDAK DI SURVEI", "Pnglola_26": "BPJN BANGKA BELITUNG", "Satkr_ID26": "693887", "PPK_Name26": "PPK 1.1", "Traffic_26": null, "VCR_26": "0.12", "AADT_26": null, "Tipe_Jb_26": null, "Lat_26": -2.5259999996000002, "Long_26": 106.3778, "Tgl_Ins_26": "6\/22\/2025", "Ket_26": null }, "geometry": { "type": "Point", "coordinates": [ 106.377800000269872, -2.525999999600231 ] } },
{ "type": "Feature", "properties": { "KDRUAS_UPD": "16014", "NOJBT_UPD": "16.014.003.0", "NM_RUAS_UP": "AIR BARA - TOBOALI", "NM_JBT_UPD": "AIR BIKANG", "PROVINSI": "BANGKA BELITUNG", "No_Prov_26": "16", "ID_Jbt_26": "1600070", "Kd_Ruas_26": "16014", "Suffix_26": null, "Nm_Ruas_26": "AIR BARA - TOBOALI", "Lintas_26": "NON LINTAS", "No_Jbt_26": "16.014.003.0", "Nm_Jbt_26": "AIR BIKANG", "Status_26": "N", "Fungsi_26": "JAP", "Lks_Dr_26": "PKP", "Lks_km_26": 117154.00000000001, "F_STA_26": "4670", "Cadin_26": "KAB. BANGKA SELATAN", "Pjg_Jbt_26": 11.9, "Btg_Pjg_26": 11.35, "Jml_Btg_26": "1", "Lb_Jl_Ms26": 6.34, "Lb_Jl_Kl26": 6.34, "Lb_Lalin26": 6.34, "Lb_Bh_Ki26": 0.25, "Lb_Bh_Ka26": 0.25, "Lb_Dr_Ki26": 0.05, "Lb_Dr_Ka26": 0.05, "Lb_Tr_Ki26": 0.9, "Lb_Tr_Ka26": 0.9, "Lb_TS_Ki26": 0.35, "Lb_TS_Ka26": 0.35, "Lb_Med_26": 0.0, "Lbr_Jbt_26": 9.44, "Bgn_Ats_26": "GTP", "Jns_Jbt_26": "STANDAR", "Thn_Bgn_26": "2003", "BA_26": "2", "LNT_26": "2", "BB_26": "2", "DAS_26": "2", "OP_26": "0", "UT_26": "0", "GR_26": "0", "LB_26": "0", "JBT_26": "2", "Tp_Lnts_26": "SUNGAI", "Dt_Lnts_26": "LURUS, BERKELOK (MEANDER), BERJALIN (BRAIDED)", "Pnangnn_26": "RUTIN", "Pmriksn_26": "DETAIL", "Pnglola_26": "BPJN BANGKA BELITUNG", "Satkr_ID26": "693887", "PPK_Name26": null, "Traffic_26": null, "VCR_26": "0.12", "AADT_26": null, "Tipe_Jb_26": null, "Lat_26": -2.9360999996200001, "Long_26": 106.47073, "Tgl_Ins_26": "4\/29\/2026", "Ket_26": null }, "geometry": { "type": "Point", "coordinates": [ 106.470729999589878, -2.936099999615237 ] } },
{ "type": "Feature", "properties": { "KDRUAS_UPD": "16015", "NOJBT_UPD": "16.015.003.0", "NM_RUAS_UP": "TOBOALI - SADAI", "NM_JBT_UPD": "AIR PARIT SEMBILAN I", "PROVINSI": "BANGKA BELITUNG", "No_Prov_26": "16", "ID_Jbt_26": "1600073", "Kd_Ruas_26": "16015", "Suffix_26": null, "Nm_Ruas_26": "TOBOALI - SADAI", "Lintas_26": "NON LINTAS", "No_Jbt_26": "16.015.003.0", "Nm_Jbt_26": "AIR PARIT SEMBILAN I", "Status_26": "N", "Fungsi_26": "JAP", "Lks_Dr_26": "PKP", "Lks_km_26": 128854.0, "F_STA_26": "320", "Cadin_26": "KAB. BANGKA SELATAN", "Pjg_Jbt_26": 7.0, "Btg_Pjg_26": 6.6, "Jml_Btg_26": "1", "Lb_Jl_Ms26": 6.1, "Lb_Jl_Kl26": 6.1, "Lb_Lalin26": 6.1, "Lb_Bh_Ki26": 0.15, "Lb_Bh_Ka26": 0.23, "Lb_Dr_Ki26": 0.05, "Lb_Dr_Ka26": 0.05, "Lb_Tr_Ki26": 0.45, "Lb_Tr_Ka26": 0.45, "Lb_TS_Ki26": 0.0, "Lb_TS_Ka26": 0.0, "Lb_Med_26": 0.0, "Lbr_Jbt_26": 7.48, "Bgn_Ats_26": "GTP", "Jns_Jbt_26": "STANDAR", "Thn_Bgn_26": "1970", "BA_26": "2", "LNT_26": "2", "BB_26": "1", "DAS_26": "2", "OP_26": "0", "UT_26": "0", "GR_26": "0", "LB_26": "0", "JBT_26": "2", "Tp_Lnts_26": "SUNGAI", "Dt_Lnts_26": "LURUS, BERKELOK (MEANDER), BERJALIN (BRAIDED)", "Pnangnn_26": "RUTIN", "Pmriksn_26": "DETAIL", "Pnglola_26": "BPJN BANGKA BELITUNG", "Satkr_ID26": "693887", "PPK_Name26": "PPK 1.1", "Traffic_26": null, "VCR_26": "0.19", "AADT_26": null, "Tipe_Jb_26": null, "Lat_26": -3.0080000004, "Long_26": 106.4971, "Tgl_Ins_26": "4\/29\/2026", "Ket_26": null }, "geometry": { "type": "Point", "coordinates": [ 106.497099999765226, -3.008000000399647 ] } },
{ "type": "Feature", "properties": { "KDRUAS_UPD": "16015", "NOJBT_UPD": "16.015.004.0", "NM_RUAS_UP": "TOBOALI - SADAI", "NM_JBT_UPD": "AIR PARIT SEMBILAN II", "PROVINSI": "BANGKA BELITUNG", "No_Prov_26": "16", "ID_Jbt_26": "1600074", "Kd_Ruas_26": "16015", "Suffix_26": null, "Nm_Ruas_26": "TOBOALI - SADAI", "Lintas_26": "NON LINTAS", "No_Jbt_26": "16.015.004.0", "Nm_Jbt_26": "AIR PARIT SEMBILAN II", "Status_26": "N", "Fungsi_26": "JAP", "Lks_Dr_26": "PKP", "Lks_km_26": 129053.99999999999, "F_STA_26": "340", "Cadin_26": "KAB. BANGKA SELATAN", "Pjg_Jbt_26": 6.1, "Btg_Pjg_26": 5.8, "Jml_Btg_26": "1", "Lb_Jl_Ms26": 6.5, "Lb_Jl_Kl26": 6.5, "Lb_Lalin26": 6.5, "Lb_Bh_Ki26": 0.2, "Lb_Bh_Ka26": 0.4, "Lb_Dr_Ki26": 0.05, "Lb_Dr_Ka26": 0.08, "Lb_Tr_Ki26": 1.75, "Lb_Tr_Ka26": 1.7, "Lb_TS_Ki26": 0.0, "Lb_TS_Ka26": 0.0, "Lb_Med_26": 0.0, "Lbr_Jbt_26": 10.68, "Bgn_Ats_26": "GTP", "Jns_Jbt_26": "STANDAR", "Thn_Bgn_26": "2017", "BA_26": "2", "LNT_26": "2", "BB_26": "1", "DAS_26": "2", "OP_26": "0", "UT_26": "0", "GR_26": "0", "LB_26": "0", "JBT_26": "2", "Tp_Lnts_26": "SUNGAI", "Dt_Lnts_26": "LURUS, BERKELOK (MEANDER), BERJALIN (BRAIDED)", "Pnangnn_26": "RUTIN", "Pmriksn_26": "DETAIL", "Pnglola_26": "BPJN BANGKA BELITUNG", "Satkr_ID26": "693887", "PPK_Name26": "PPK 1.1", "Traffic_26": null, "VCR_26": "0.19", "AADT_26": null, "Tipe_Jb_26": null, "Lat_26": -3.0074999998299998, "Long_26": 106.4987, "Tgl_Ins_26": "4\/29\/2026", "Ket_26": null }, "geometry": { "type": "Point", "coordinates": [ 106.498699999805183, -3.007499999825086 ] } },
{ "type": "Feature", "properties": { "KDRUAS_UPD": "16015", "NOJBT_UPD": "16.015.010.0", "NM_RUAS_UP": "TOBOALI - SADAI", "NM_JBT_UPD": "AIR PASIR PUTIH", "PROVINSI": "BANGKA BELITUNG", "No_Prov_26": "16", "ID_Jbt_26": "1600080", "Kd_Ruas_26": "16015", "Suffix_26": null, "Nm_Ruas_26": "TOBOALI - SADAI", "Lintas_26": "NON LINTAS", "No_Jbt_26": "16.015.010.0", "Nm_Jbt_26": "AIR PASIR PUTIH", "Status_26": "N", "Fungsi_26": "JAP", "Lks_Dr_26": "PKP", "Lks_km_26": 151554.0, "F_STA_26": "2630", "Cadin_26": "KAB. BANGKA SELATAN", "Pjg_Jbt_26": 6.1, "Btg_Pjg_26": 5.9, "Jml_Btg_26": "1", "Lb_Jl_Ms26": 6.38, "Lb_Jl_Kl26": 6.38, "Lb_Lalin26": 6.38, "Lb_Bh_Ki26": 0.43, "Lb_Bh_Ka26": 0.49, "Lb_Dr_Ki26": 0.08, "Lb_Dr_Ka26": 0.08, "Lb_Tr_Ki26": 0.42, "Lb_Tr_Ka26": 0.37, "Lb_TS_Ki26": 0.0, "Lb_TS_Ka26": 0.0, "Lb_Med_26": 0.0, "Lbr_Jbt_26": 8.25, "Bgn_Ats_26": "GTP", "Jns_Jbt_26": "STANDAR", "Thn_Bgn_26": "1992", "BA_26": "2", "LNT_26": "2", "BB_26": "2", "DAS_26": "3", "OP_26": "0", "UT_26": "0", "GR_26": "0", "LB_26": "0", "JBT_26": "3", "Tp_Lnts_26": "SUNGAI", "Dt_Lnts_26": "LURUS, BERKELOK (MEANDER), BERJALIN (BRAIDED)", "Pnangnn_26": "BERKALA", "Pmriksn_26": "RUTIN", "Pnglola_26": "BPJN BANGKA BELITUNG", "Satkr_ID26": "693887", "PPK_Name26": "PPK 1.1", "Traffic_26": null, "VCR_26": "0.19", "AADT_26": null, "Tipe_Jb_26": null, "Lat_26": -3.0071680546600001, "Long_26": 106.665992737, "Tgl_Ins_26": "4\/29\/2026", "Ket_26": null }, "geometry": { "type": "Point", "coordinates": [ 106.665992736675491, -3.007168054661918 ] } },
{ "type": "Feature", "properties": { "KDRUAS_UPD": "16016", "NOJBT_UPD": "16.016.001.0", "NM_RUAS_UP": "TG. RU - PETIKAN", "NM_JBT_UPD": "AIR SAMAK I", "PROVINSI": "BANGKA BELITUNG", "No_Prov_26": "16", "ID_Jbt_26": "1600082", "Kd_Ruas_26": "16016", "Suffix_26": null, "Nm_Ruas_26": "TG. RU - PETIKAN", "Lintas_26": "NON LINTAS", "No_Jbt_26": "16.016.001.0", "Nm_Jbt_26": "AIR SAMAK I", "Status_26": "N", "Fungsi_26": "JKP-1", "Lks_Dr_26": "TDN", "Lks_km_26": 18440.0, "F_STA_26": "90", "Cadin_26": "KAB. BELITUNG", "Pjg_Jbt_26": 25.3, "Btg_Pjg_26": 24.5, "Jml_Btg_26": "1", "Lb_Jl_Ms26": 6.64, "Lb_Jl_Kl26": 6.64, "Lb_Lalin26": 6.64, "Lb_Bh_Ki26": 0.28, "Lb_Bh_Ka26": 0.22, "Lb_Dr_Ki26": 0.09, "Lb_Dr_Ka26": 0.09, "Lb_Tr_Ki26": 1.0, "Lb_Tr_Ka26": 1.0, "Lb_TS_Ki26": 0.3, "Lb_TS_Ka26": 0.3, "Lb_Med_26": 0.0, "Lbr_Jbt_26": 9.92, "Bgn_Ats_26": "GBP", "Jns_Jbt_26": "STANDAR", "Thn_Bgn_26": "2000", "BA_26": "2", "LNT_26": "2", "BB_26": "2", "DAS_26": "1", "OP_26": "0", "UT_26": "0", "GR_26": "0", "LB_26": "0", "JBT_26": "2", "Tp_Lnts_26": "SUNGAI", "Dt_Lnts_26": "LURUS, BERKELOK (MEANDER), BERJALIN (BRAIDED)", "Pnangnn_26": "RUTIN", "Pmriksn_26": "DETAIL", "Pnglola_26": "BPJN BANGKA BELITUNG", "Satkr_ID26": "4693888", "PPK_Name26": "PPK 2.1", "Traffic_26": null, "VCR_26": "0.04", "AADT_26": null, "Tipe_Jb_26": null, "Lat_26": -2.8386899996400001, "Long_26": 107.5976, "Tgl_Ins_26": "5\/7\/2026", "Ket_26": null }, "geometry": { "type": "Point", "coordinates": [ 107.597599999940087, -2.838689999643748 ] } },
{ "type": "Feature", "properties": { "KDRUAS_UPD": "16016", "NOJBT_UPD": "16.016.002.0", "NM_RUAS_UP": "TG. RU - PETIKAN", "NM_JBT_UPD": "AIR SAMAK II", "PROVINSI": "BANGKA BELITUNG", "No_Prov_26": "16", "ID_Jbt_26": "1600083", "Kd_Ruas_26": "16016", "Suffix_26": null, "Nm_Ruas_26": "TG. RU - PETIKAN", "Lintas_26": "NON LINTAS", "No_Jbt_26": "16.016.002.0", "Nm_Jbt_26": "AIR SAMAK II", "Status_26": "N", "Fungsi_26": "JKP-1", "Lks_Dr_26": "TDN", "Lks_km_26": 20640.0, "F_STA_26": "320", "Cadin_26": "KAB. BELITUNG", "Pjg_Jbt_26": 25.3, "Btg_Pjg_26": 24.5, "Jml_Btg_26": "1", "Lb_Jl_Ms26": 6.53, "Lb_Jl_Kl26": 6.53, "Lb_Lalin26": 6.53, "Lb_Bh_Ki26": 0.32, "Lb_Bh_Ka26": 0.31, "Lb_Dr_Ki26": 0.1, "Lb_Dr_Ka26": 0.1, "Lb_Tr_Ki26": 1.0, "Lb_Tr_Ka26": 1.0, "Lb_TS_Ki26": 0.3, "Lb_TS_Ka26": 0.3, "Lb_Med_26": 0.0, "Lbr_Jbt_26": 9.96, "Bgn_Ats_26": "GBP", "Jns_Jbt_26": "STANDAR", "Thn_Bgn_26": "2000", "BA_26": "2", "LNT_26": "2", "BB_26": "2", "DAS_26": "1", "OP_26": "1", "UT_26": "0", "GR_26": "0", "LB_26": "0", "JBT_26": "2", "Tp_Lnts_26": "SUNGAI", "Dt_Lnts_26": "LURUS, BERKELOK (MEANDER), BERJALIN (BRAIDED)", "Pnangnn_26": "RUTIN", "Pmriksn_26": "DETAIL", "Pnglola_26": "BPJN BANGKA BELITUNG", "Satkr_ID26": "4693888", "PPK_Name26": "PPK 2.1", "Traffic_26": null, "VCR_26": "0.04", "AADT_26": null, "Tipe_Jb_26": null, "Lat_26": -2.8583000001399999, "Long_26": 107.5983, "Tgl_Ins_26": "5\/7\/2026", "Ket_26": null }, "geometry": { "type": "Point", "coordinates": [ 107.598299999845153, -2.858300000144823 ] } },
{ "type": "Feature", "properties": { "KDRUAS_UPD": "16006", "NOJBT_UPD": "16.006.004.0", "NM_RUAS_UP": "PUDING BESAR - BTS. KOTA PANGKAL PINANG", "NM_JBT_UPD": "AIR BIRAH", "PROVINSI": "BANGKA BELITUNG", "No_Prov_26": "16", "ID_Jbt_26": "1600029", "Kd_Ruas_26": "16006", "Suffix_26": null, "Nm_Ruas_26": "PUDING BESAR - BTS. KOTA PANGKAL PINANG", "Lintas_26": "NON LINTAS", "No_Jbt_26": "16.006.004.0", "Nm_Jbt_26": "AIR BIRAH", "Status_26": "N", "Fungsi_26": "JAP", "Lks_Dr_26": "PKP", "Lks_km_26": 51496.0, "F_STA_26": "1540", "Cadin_26": "KAB. BANGKA", "Pjg_Jbt_26": 8.7, "Btg_Pjg_26": 8.0, "Jml_Btg_26": "2", "Lb_Jl_Ms26": 5.3, "Lb_Jl_Kl26": 5.3, "Lb_Lalin26": 5.3, "Lb_Bh_Ki26": 0.45, "Lb_Bh_Ka26": 0.55, "Lb_Dr_Ki26": 0.05, "Lb_Dr_Ka26": 0.05, "Lb_Tr_Ki26": 1.0, "Lb_Tr_Ka26": 1.0, "Lb_TS_Ki26": 0.0, "Lb_TS_Ka26": 0.0, "Lb_Med_26": 0.0, "Lbr_Jbt_26": 8.4, "Bgn_Ats_26": "PTP", "Jns_Jbt_26": "STANDAR", "Thn_Bgn_26": "1974", "BA_26": "2", "LNT_26": "2", "BB_26": "2", "DAS_26": "2", "OP_26": "1", "UT_26": "0", "GR_26": "0", "LB_26": "0", "JBT_26": "2", "Tp_Lnts_26": "SUNGAI", "Dt_Lnts_26": "LURUS, BERKELOK (MEANDER), BERJALIN (BRAIDED)", "Pnangnn_26": "RUTIN", "Pmriksn_26": "DETAIL", "Pnglola_26": "BPJN BANGKA BELITUNG", "Satkr_ID26": "693887", "PPK_Name26": null, "Traffic_26": null, "VCR_26": "0.76", "AADT_26": null, "Tipe_Jb_26": null, "Lat_26": -2.0814999996300001, "Long_26": 105.9811, "Tgl_Ins_26": "4\/21\/2026", "Ket_26": null }, "geometry": { "type": "Point", "coordinates": [ 105.981100000364791, -2.081499999625237 ] } },
{ "type": "Feature", "properties": { "KDRUAS_UPD": "16006", "NOJBT_UPD": "16.006.005.0", "NM_RUAS_UP": "PUDING BESAR - BTS. KOTA PANGKAL PINANG", "NM_JBT_UPD": "AIR BUKU", "PROVINSI": "BANGKA BELITUNG", "No_Prov_26": "16", "ID_Jbt_26": "1600030", "Kd_Ruas_26": "16006", "Suffix_26": null, "Nm_Ruas_26": "PUDING BESAR - BTS. KOTA PANGKAL PINANG", "Lintas_26": "NON LINTAS", "No_Jbt_26": "16.006.005.0", "Nm_Jbt_26": "AIR BUKU", "Status_26": "N", "Fungsi_26": "JAP", "Lks_Dr_26": "PKP", "Lks_km_26": 57096.0, "F_STA_26": "2230", "Cadin_26": "KAB. BANGKA", "Pjg_Jbt_26": 6.7, "Btg_Pjg_26": 6.0, "Jml_Btg_26": "1", "Lb_Jl_Ms26": 5.4, "Lb_Jl_Kl26": 5.4, "Lb_Lalin26": 5.4, "Lb_Bh_Ki26": 0.89, "Lb_Bh_Ka26": 0.77, "Lb_Dr_Ki26": 0.05, "Lb_Dr_Ka26": 0.05, "Lb_Tr_Ki26": 0.5, "Lb_Tr_Ka26": 0.5, "Lb_TS_Ki26": 0.0, "Lb_TS_Ka26": 0.0, "Lb_Med_26": 0.0, "Lbr_Jbt_26": 8.16, "Bgn_Ats_26": "GTP", "Jns_Jbt_26": "STANDAR", "Thn_Bgn_26": "1970", "BA_26": "2", "LNT_26": "2", "BB_26": "2", "DAS_26": "2", "OP_26": "1", "UT_26": "1", "GR_26": "0", "LB_26": "0", "JBT_26": "2", "Tp_Lnts_26": "SUNGAI", "Dt_Lnts_26": "LURUS, BERKELOK (MEANDER), BERJALIN (BRAIDED)", "Pnangnn_26": "RUTIN", "Pmriksn_26": "TIDAK DI SURVEI", "Pnglola_26": "BPJN BANGKA BELITUNG", "Satkr_ID26": "693887", "PPK_Name26": null, "Traffic_26": null, "VCR_26": "0.76", "AADT_26": null, "Tipe_Jb_26": null, "Lat_26": -2.03239999986, "Long_26": 105.9492, "Tgl_Ins_26": "6\/16\/2025", "Ket_26": null }, "geometry": { "type": "Point", "coordinates": [ 105.949199999680275, -2.032399999860047 ] } },
{ "type": "Feature", "properties": { "KDRUAS_UPD": "16007", "NOJBT_UPD": "16.007.001.0", "NM_RUAS_UP": "TANJUNG GUDANG - LUMUT", "NM_JBT_UPD": "AIR LUMUT II", "PROVINSI": "BANGKA BELITUNG", "No_Prov_26": "16", "ID_Jbt_26": "1600031", "Kd_Ruas_26": "16007", "Suffix_26": null, "Nm_Ruas_26": "TANJUNG GUDANG - LUMUT", "Lintas_26": "NON LINTAS", "No_Jbt_26": "16.007.001.0", "Nm_Jbt_26": "AIR LUMUT II", "Status_26": "N", "Fungsi_26": "JAP", "Lks_Dr_26": "PKP", "Lks_km_26": 69517.0, "F_STA_26": "30", "Cadin_26": "KAB. BANGKA", "Pjg_Jbt_26": 10.8, "Btg_Pjg_26": 10.25, "Jml_Btg_26": "1", "Lb_Jl_Ms26": 6.32, "Lb_Jl_Kl26": 6.32, "Lb_Lalin26": 6.32, "Lb_Bh_Ki26": 0.3, "Lb_Bh_Ka26": 0.3, "Lb_Dr_Ki26": 0.05, "Lb_Dr_Ka26": 0.05, "Lb_Tr_Ki26": 0.7, "Lb_Tr_Ka26": 0.7, "Lb_TS_Ki26": 0.0, "Lb_TS_Ka26": 0.0, "Lb_Med_26": 0.0, "Lbr_Jbt_26": 8.42, "Bgn_Ats_26": "GTP", "Jns_Jbt_26": "STANDAR", "Thn_Bgn_26": "1970", "BA_26": "2", "LNT_26": "2", "BB_26": "2", "DAS_26": "2", "OP_26": "1", "UT_26": "0", "GR_26": "0", "LB_26": "0", "JBT_26": "2", "Tp_Lnts_26": "SUNGAI", "Dt_Lnts_26": "LURUS, BERKELOK (MEANDER), BERJALIN (BRAIDED)", "Pnangnn_26": "RUTIN", "Pmriksn_26": "TIDAK DI SURVEI", "Pnglola_26": "BPJN BANGKA BELITUNG", "Satkr_ID26": "693781", "PPK_Name26": "PPK 1.3", "Traffic_26": null, "VCR_26": "0.77", "AADT_26": null, "Tipe_Jb_26": null, "Lat_26": -1.7357700002900001, "Long_26": 105.8567, "Tgl_Ins_26": "6\/5\/2025", "Ket_26": null }, "geometry": { "type": "Point", "coordinates": [ 105.856700000404771, -1.735770000285243 ] } },
{ "type": "Feature", "properties": { "KDRUAS_UPD": "16007", "NOJBT_UPD": "16.007.002.0", "NM_RUAS_UP": "TANJUNG GUDANG - LUMUT", "NM_JBT_UPD": "AIR KANYUT", "PROVINSI": "BANGKA BELITUNG", "No_Prov_26": "16", "ID_Jbt_26": "1600032", "Kd_Ruas_26": "16007", "Suffix_26": null, "Nm_Ruas_26": "TANJUNG GUDANG - LUMUT", "Lintas_26": "NON LINTAS", "No_Jbt_26": "16.007.002.0", "Nm_Jbt_26": "AIR KANYUT", "Status_26": "N", "Fungsi_26": "JAP", "Lks_Dr_26": "PKP", "Lks_km_26": 76467.0, "F_STA_26": "700", "Cadin_26": "KAB. BANGKA", "Pjg_Jbt_26": 22.0, "Btg_Pjg_26": 22.0, "Jml_Btg_26": "1", "Lb_Jl_Ms26": 6.3, "Lb_Jl_Kl26": 6.3, "Lb_Lalin26": 6.3, "Lb_Bh_Ki26": 0.33, "Lb_Bh_Ka26": 0.32, "Lb_Dr_Ki26": 0.13, "Lb_Dr_Ka26": 0.12, "Lb_Tr_Ki26": 0.85, "Lb_Tr_Ka26": 0.85, "Lb_TS_Ki26": 0.3, "Lb_TS_Ka26": 0.3, "Lb_Med_26": 0.0, "Lbr_Jbt_26": 9.5, "Bgn_Ats_26": "GTP", "Jns_Jbt_26": "STANDAR", "Thn_Bgn_26": "2022", "BA_26": "2", "LNT_26": "2", "BB_26": "1", "DAS_26": "2", "OP_26": "0", "UT_26": "0", "GR_26": "0", "LB_26": "0", "JBT_26": "2", "Tp_Lnts_26": "SUNGAI", "Dt_Lnts_26": "LURUS, BERKELOK (MEANDER), BERJALIN (BRAIDED)", "Pnangnn_26": "REHABILITASI", "Pmriksn_26": "DETAIL", "Pnglola_26": "BPJN BANGKA BELITUNG", "Satkr_ID26": "693781", "PPK_Name26": "PPK 1.3", "Traffic_26": null, "VCR_26": "0.77", "AADT_26": null, "Tipe_Jb_26": null, "Lat_26": -1.69437000038, "Long_26": 105.8242, "Tgl_Ins_26": "4\/24\/2026", "Ket_26": null }, "geometry": { "type": "Point", "coordinates": [ 105.824199999930102, -1.694370000375159 ] } },
{ "type": "Feature", "properties": { "KDRUAS_UPD": "16007", "NOJBT_UPD": "16.007.003.0", "NM_RUAS_UP": "TANJUNG GUDANG - LUMUT", "NM_JBT_UPD": "AIR PANJI", "PROVINSI": "BANGKA BELITUNG", "No_Prov_26": "16", "ID_Jbt_26": "1600033", "Kd_Ruas_26": "16007", "Suffix_26": null, "Nm_Ruas_26": "TANJUNG GUDANG - LUMUT", "Lintas_26": "NON LINTAS", "No_Jbt_26": "16.007.003.0", "Nm_Jbt_26": "AIR PANJI", "Status_26": "N", "Fungsi_26": "JAP", "Lks_Dr_26": "PKP", "Lks_km_26": 83067.0, "F_STA_26": "1340", "Cadin_26": "KAB. BANGKA", "Pjg_Jbt_26": 46.0, "Btg_Pjg_26": 13.9, "Jml_Btg_26": "5", "Lb_Jl_Ms26": 6.1, "Lb_Jl_Kl26": 6.1, "Lb_Lalin26": 5.2, "Lb_Bh_Ki26": 0.2, "Lb_Bh_Ka26": 0.35, "Lb_Dr_Ki26": 0.0, "Lb_Dr_Ka26": 0.0, "Lb_Tr_Ki26": 0.3, "Lb_Tr_Ka26": 0.3, "Lb_TS_Ki26": 0.0, "Lb_TS_Ka26": 0.0, "Lb_Med_26": 0.0, "Lbr_Jbt_26": 6.35, "Bgn_Ats_26": "GTP", "Jns_Jbt_26": "STANDAR", "Thn_Bgn_26": "1973", "BA_26": "3", "LNT_26": "2", "BB_26": "2", "DAS_26": "3", "OP_26": "1", "UT_26": "0", "GR_26": "0", "LB_26": "0", "JBT_26": "3", "Tp_Lnts_26": "SUNGAI", "Dt_Lnts_26": "LURUS, BERKELOK (MEANDER), BERJALIN (BRAIDED)", "Pnangnn_26": "BERKALA", "Pmriksn_26": "RUTIN", "Pnglola_26": "BPJN BANGKA BELITUNG", "Satkr_ID26": "693781", "PPK_Name26": "PPK 1.3", "Traffic_26": null, "VCR_26": "0.77", "AADT_26": null, "Tipe_Jb_26": null, "Lat_26": -1.65259999959, "Long_26": 105.7994, "Tgl_Ins_26": "4\/24\/2026", "Ket_26": null }, "geometry": { "type": "Point", "coordinates": [ 105.799400000209914, -1.652599999590279 ] } },
{ "type": "Feature", "properties": { "KDRUAS_UPD": "16007", "NOJBT_UPD": "16.007.004.0", "NM_RUAS_UP": "TANJUNG GUDANG - LUMUT", "NM_JBT_UPD": "AIR MERAH", "PROVINSI": "BANGKA BELITUNG", "No_Prov_26": "16", "ID_Jbt_26": "1600034", "Kd_Ruas_26": "16007", "Suffix_26": null, "Nm_Ruas_26": "TANJUNG GUDANG - LUMUT", "Lintas_26": "NON LINTAS", "No_Jbt_26": "16.007.004.0", "Nm_Jbt_26": "AIR MERAH", "Status_26": "N", "Fungsi_26": "JAP", "Lks_Dr_26": "PKP", "Lks_km_26": 85167.0, "F_STA_26": "1540", "Cadin_26": "KAB. BANGKA", "Pjg_Jbt_26": 10.7, "Btg_Pjg_26": 10.0, "Jml_Btg_26": "1", "Lb_Jl_Ms26": 6.2, "Lb_Jl_Kl26": 6.2, "Lb_Lalin26": 6.2, "Lb_Bh_Ki26": 0.47, "Lb_Bh_Ka26": 0.9, "Lb_Dr_Ki26": 0.05, "Lb_Dr_Ka26": 0.05, "Lb_Tr_Ki26": 0.3, "Lb_Tr_Ka26": 1.0, "Lb_TS_Ki26": 0.0, "Lb_TS_Ka26": 0.0, "Lb_Med_26": 0.0, "Lbr_Jbt_26": 8.97, "Bgn_Ats_26": "GTP", "Jns_Jbt_26": "STANDAR", "Thn_Bgn_26": "1970", "BA_26": "2", "LNT_26": "2", "BB_26": "1", "DAS_26": "2", "OP_26": "1", "UT_26": "0", "GR_26": "0", "LB_26": "0", "JBT_26": "2", "Tp_Lnts_26": "SUNGAI", "Dt_Lnts_26": "LURUS, BERKELOK (MEANDER), BERJALIN (BRAIDED)", "Pnangnn_26": "RUTIN", "Pmriksn_26": "TIDAK DI SURVEI", "Pnglola_26": "BPJN BANGKA BELITUNG", "Satkr_ID26": "693781", "PPK_Name26": "PPK 1.3", "Traffic_26": null, "VCR_26": "0.77", "AADT_26": null, "Tipe_Jb_26": null, "Lat_26": -1.6494500000200001, "Long_26": 105.7851, "Tgl_Ins_26": "6\/7\/2025", "Ket_26": null }, "geometry": { "type": "Point", "coordinates": [ 105.785099999965098, -1.649450000017453 ] } },
{ "type": "Feature", "properties": { "KDRUAS_UPD": "16008", "NOJBT_UPD": "16.008.001.0", "NM_RUAS_UP": "LUMUT - SEI LIAT", "NM_JBT_UPD": "AIR HANYUT II", "PROVINSI": "BANGKA BELITUNG", "No_Prov_26": "16", "ID_Jbt_26": "1600036", "Kd_Ruas_26": "16008", "Suffix_26": null, "Nm_Ruas_26": "LUMUT - SEI LIAT", "Lintas_26": "NON LINTAS", "No_Jbt_26": "16.008.001.0", "Nm_Jbt_26": "AIR HANYUT II", "Status_26": "N", "Fungsi_26": "JAP", "Lks_Dr_26": "PKP", "Lks_km_26": 32796.0, "F_STA_26": "60", "Cadin_26": "KAB. BANGKA", "Pjg_Jbt_26": 11.7, "Btg_Pjg_26": 11.0, "Jml_Btg_26": "1", "Lb_Jl_Ms26": 6.6, "Lb_Jl_Kl26": 6.6, "Lb_Lalin26": 6.6, "Lb_Bh_Ki26": 0.4, "Lb_Bh_Ka26": 0.4, "Lb_Dr_Ki26": 0.1, "Lb_Dr_Ka26": 0.1, "Lb_Tr_Ki26": 1.3, "Lb_Tr_Ka26": 1.3, "Lb_TS_Ki26": 0.0, "Lb_TS_Ka26": 0.0, "Lb_Med_26": 0.0, "Lbr_Jbt_26": 10.2, "Bgn_Ats_26": "GTP", "Jns_Jbt_26": "STANDAR", "Thn_Bgn_26": "1992", "BA_26": "2", "LNT_26": "2", "BB_26": "1", "DAS_26": "2", "OP_26": "2", "UT_26": "0", "GR_26": "0", "LB_26": "0", "JBT_26": "2", "Tp_Lnts_26": "SUNGAI", "Dt_Lnts_26": "LURUS, BERKELOK (MEANDER), BERJALIN (BRAIDED)", "Pnangnn_26": "RUTIN", "Pmriksn_26": "TIDAK DI SURVEI", "Pnglola_26": "BPJN BANGKA BELITUNG", "Satkr_ID26": "693887", "PPK_Name26": "PPK 1.3", "Traffic_26": null, "VCR_26": "0.06", "AADT_26": null, "Tipe_Jb_26": null, "Lat_26": -1.8492999998999999, "Long_26": 106.1133, "Tgl_Ins_26": "6\/3\/2025", "Ket_26": null }, "geometry": { "type": "Point", "coordinates": [ 106.113300000294828, -1.849299999895038 ] } },
{ "type": "Feature", "properties": { "KDRUAS_UPD": "16008", "NOJBT_UPD": "16.008.002.0", "NM_RUAS_UP": "LUMUT - SEI LIAT", "NM_JBT_UPD": "AIR SEGAMBIR", "PROVINSI": "BANGKA BELITUNG", "No_Prov_26": "16", "ID_Jbt_26": "1600037", "Kd_Ruas_26": "16008", "Suffix_26": null, "Nm_Ruas_26": "LUMUT - SEI LIAT", "Lintas_26": "NON LINTAS", "No_Jbt_26": "16.008.002.0", "Nm_Jbt_26": "AIR SEGAMBIR", "Status_26": "N", "Fungsi_26": "JAP", "Lks_Dr_26": "PKP", "Lks_km_26": 35296.0, "F_STA_26": "300", "Cadin_26": "KAB. BANGKA", "Pjg_Jbt_26": 22.7, "Btg_Pjg_26": 22.2, "Jml_Btg_26": "1", "Lb_Jl_Ms26": 7.3, "Lb_Jl_Kl26": 7.3, "Lb_Lalin26": 7.3, "Lb_Bh_Ki26": 0.3, "Lb_Bh_Ka26": 0.36, "Lb_Dr_Ki26": 0.05, "Lb_Dr_Ka26": 0.05, "Lb_Tr_Ki26": 0.7, "Lb_Tr_Ka26": 0.7, "Lb_TS_Ki26": 0.3, "Lb_TS_Ka26": 0.3, "Lb_Med_26": 0.0, "Lbr_Jbt_26": 10.06, "Bgn_Ats_26": "GTP", "Jns_Jbt_26": "STANDAR", "Thn_Bgn_26": "2016", "BA_26": "1", "LNT_26": "1", "BB_26": "1", "DAS_26": "1", "OP_26": "1", "UT_26": "0", "GR_26": "0", "LB_26": "0", "JBT_26": "1", "Tp_Lnts_26": "SUNGAI", "Dt_Lnts_26": "LURUS, BERKELOK (MEANDER), BERJALIN (BRAIDED)", "Pnangnn_26": "RUTIN", "Pmriksn_26": "DETAIL", "Pnglola_26": "BPJN BANGKA BELITUNG", "Satkr_ID26": "693887", "PPK_Name26": "PPK 1.3", "Traffic_26": null, "VCR_26": "0.06", "AADT_26": null, "Tipe_Jb_26": null, "Lat_26": -1.8387000003, "Long_26": 106.0986, "Tgl_Ins_26": "4\/26\/2026", "Ket_26": null }, "geometry": { "type": "Point", "coordinates": [ 106.098599999590363, -1.838700000304698 ] } },
{ "type": "Feature", "properties": { "KDRUAS_UPD": "16008", "NOJBT_UPD": "16.008.011.0", "NM_RUAS_UP": "LUMUT - SEI LIAT", "NM_JBT_UPD": "AIR LUMUT I", "PROVINSI": "BANGKA BELITUNG", "No_Prov_26": "16", "ID_Jbt_26": "1600046", "Kd_Ruas_26": "16008", "Suffix_26": null, "Nm_Ruas_26": "LUMUT - SEI LIAT", "Lintas_26": "NON LINTAS", "No_Jbt_26": "16.008.011.0", "Nm_Jbt_26": "AIR LUMUT I", "Status_26": "N", "Fungsi_26": "JAP", "Lks_Dr_26": "PKP", "Lks_km_26": 70096.0, "F_STA_26": "3670", "Cadin_26": "KAB. BANGKA", "Pjg_Jbt_26": 14.9, "Btg_Pjg_26": 14.25, "Jml_Btg_26": "1", "Lb_Jl_Ms26": 6.35, "Lb_Jl_Kl26": 6.35, "Lb_Lalin26": 5.47, "Lb_Bh_Ki26": 0.26, "Lb_Bh_Ka26": 0.27, "Lb_Dr_Ki26": 0.13, "Lb_Dr_Ka26": 0.13, "Lb_Tr_Ki26": 0.59, "Lb_Tr_Ka26": 0.51, "Lb_TS_Ki26": 0.0, "Lb_TS_Ka26": 0.0, "Lb_Med_26": 0.0, "Lbr_Jbt_26": 7.36, "Bgn_Ats_26": "GTP", "Jns_Jbt_26": "STANDAR", "Thn_Bgn_26": "1980", "BA_26": "2", "LNT_26": "2", "BB_26": "2", "DAS_26": "1", "OP_26": "0", "UT_26": "0", "GR_26": "0", "LB_26": "0", "JBT_26": "2", "Tp_Lnts_26": "SUNGAI", "Dt_Lnts_26": "LURUS, BERKELOK (MEANDER), BERJALIN (BRAIDED)", "Pnangnn_26": "RUTIN", "Pmriksn_26": "TIDAK DI SURVEI", "Pnglola_26": "BPJN BANGKA BELITUNG", "Satkr_ID26": "693887", "PPK_Name26": "PPK 1.3", "Traffic_26": null, "VCR_26": "0.06", "AADT_26": null, "Tipe_Jb_26": null, "Lat_26": -1.73750000002, "Long_26": 105.86204, "Tgl_Ins_26": "6\/5\/2025", "Ket_26": null }, "geometry": { "type": "Point", "coordinates": [ 105.862040000245884, -1.737500000024909 ] } },
{ "type": "Feature", "properties": { "KDRUAS_UPD": "16009", "NOJBT_UPD": "16.009.001.0", "NM_RUAS_UP": "SEI LIAT - BTS. KOTA PANGKAL PINANG", "NM_JBT_UPD": "AIR SELINDUNG", "PROVINSI": "BANGKA BELITUNG", "No_Prov_26": "16", "ID_Jbt_26": "1600047", "Kd_Ruas_26": "16009", "Suffix_26": null, "Nm_Ruas_26": "SEI LIAT - BTS. KOTA PANGKAL PINANG", "Lintas_26": "NON LINTAS", "No_Jbt_26": "16.009.001.0", "Nm_Jbt_26": "AIR SELINDUNG", "Status_26": "N", "Fungsi_26": "JAP", "Lks_Dr_26": "PKP", "Lks_km_26": 5657.0, "F_STA_26": "230", "Cadin_26": "KAB. BANGKA", "Pjg_Jbt_26": 80.3, "Btg_Pjg_26": 29.9, "Jml_Btg_26": "3", "Lb_Jl_Ms26": 5.9, "Lb_Jl_Kl26": 5.9, "Lb_Lalin26": 5.9, "Lb_Bh_Ki26": 0.42, "Lb_Bh_Ka26": 0.53, "Lb_Dr_Ki26": 0.08, "Lb_Dr_Ka26": 0.08, "Lb_Tr_Ki26": 1.3, "Lb_Tr_Ka26": 1.3, "Lb_TS_Ki26": 0.0, "Lb_TS_Ka26": 0.0, "Lb_Med_26": 0.0, "Lbr_Jbt_26": 9.61, "Bgn_Ats_26": "OTP", "Jns_Jbt_26": "STANDAR", "Thn_Bgn_26": "1975", "BA_26": "3", "LNT_26": "3", "BB_26": "2", "DAS_26": "1", "OP_26": "1", "UT_26": "1", "GR_26": "0", "LB_26": "0", "JBT_26": "3", "Tp_Lnts_26": "SUNGAI", "Dt_Lnts_26": "LURUS, BERKELOK (MEANDER), BERJALIN (BRAIDED)", "Pnangnn_26": "RUTIN", "Pmriksn_26": "DETAIL", "Pnglola_26": "BPJN BANGKA BELITUNG", "Satkr_ID26": "693887", "PPK_Name26": "PPK 1.3", "Traffic_26": null, "VCR_26": "0.63", "AADT_26": null, "Tipe_Jb_26": null, "Lat_26": -2.0705999996900002, "Long_26": 106.1119, "Tgl_Ins_26": "4\/27\/2026", "Ket_26": null }, "geometry": { "type": "Point", "coordinates": [ 106.111899999585376, -2.07059999969016 ] } },
{ "type": "Feature", "properties": { "KDRUAS_UPD": "16016", "NOJBT_UPD": "16.016.003.0", "NM_RUAS_UP": "TG. RU - PETIKAN", "NM_JBT_UPD": "AIR SAMAK III", "PROVINSI": "BANGKA BELITUNG", "No_Prov_26": "16", "ID_Jbt_26": "1600084", "Kd_Ruas_26": "16016", "Suffix_26": null, "Nm_Ruas_26": "TG. RU - PETIKAN", "Lintas_26": "NON LINTAS", "No_Jbt_26": "16.016.003.0", "Nm_Jbt_26": "AIR SAMAK III", "Status_26": "N", "Fungsi_26": "JKP-1", "Lks_Dr_26": "TDN", "Lks_km_26": 22140.0, "F_STA_26": "480", "Cadin_26": "KAB. BELITUNG", "Pjg_Jbt_26": 8.8, "Btg_Pjg_26": 8.5, "Jml_Btg_26": "1", "Lb_Jl_Ms26": 10.63, "Lb_Jl_Kl26": 10.63, "Lb_Lalin26": 10.63, "Lb_Bh_Ki26": 0.42, "Lb_Bh_Ka26": 0.55, "Lb_Dr_Ki26": 0.1, "Lb_Dr_Ka26": 0.1, "Lb_Tr_Ki26": 0.31, "Lb_Tr_Ka26": 0.32, "Lb_TS_Ki26": 0.3, "Lb_TS_Ka26": 0.3, "Lb_Med_26": 0.0, "Lbr_Jbt_26": 13.03, "Bgn_Ats_26": "GTP", "Jns_Jbt_26": "STANDAR", "Thn_Bgn_26": "1970", "BA_26": "2", "LNT_26": "2", "BB_26": "1", "DAS_26": "2", "OP_26": "0", "UT_26": "0", "GR_26": "0", "LB_26": "0", "JBT_26": "2", "Tp_Lnts_26": "SUNGAI", "Dt_Lnts_26": "LURUS, BERKELOK (MEANDER), BERJALIN (BRAIDED)", "Pnangnn_26": "RUTIN", "Pmriksn_26": "DETAIL", "Pnglola_26": "BPJN BANGKA BELITUNG", "Satkr_ID26": "4693888", "PPK_Name26": "PPK 2.1", "Traffic_26": null, "VCR_26": "0.04", "AADT_26": null, "Tipe_Jb_26": null, "Lat_26": -2.8697999998700001, "Long_26": 107.5899, "Tgl_Ins_26": "5\/7\/2026", "Ket_26": null }, "geometry": { "type": "Point", "coordinates": [ 107.589900000084981, -2.869799999870054 ] } },
{ "type": "Feature", "properties": { "KDRUAS_UPD": "16016", "NOJBT_UPD": "16.016.005.0", "NM_RUAS_UP": "TG. RU - PETIKAN", "NM_JBT_UPD": "AIR ILIR II", "PROVINSI": "BANGKA BELITUNG", "No_Prov_26": "16", "ID_Jbt_26": "1600086", "Kd_Ruas_26": "16016", "Suffix_26": null, "Nm_Ruas_26": "TG. RU - PETIKAN", "Lintas_26": "NON LINTAS", "No_Jbt_26": "16.016.005.0", "Nm_Jbt_26": "AIR ILIR II", "Status_26": "N", "Fungsi_26": "JKP-1", "Lks_Dr_26": "TDN", "Lks_km_26": 24740.0, "F_STA_26": "740", "Cadin_26": "KAB. BELITUNG", "Pjg_Jbt_26": 10.7, "Btg_Pjg_26": 10.2, "Jml_Btg_26": "1", "Lb_Jl_Ms26": 6.61, "Lb_Jl_Kl26": 6.61, "Lb_Lalin26": 6.61, "Lb_Bh_Ki26": 0.43, "Lb_Bh_Ka26": 0.25, "Lb_Dr_Ki26": 0.05, "Lb_Dr_Ka26": 0.05, "Lb_Tr_Ki26": 1.1, "Lb_Tr_Ka26": 1.1, "Lb_TS_Ki26": 0.0, "Lb_TS_Ka26": 0.0, "Lb_Med_26": 0.0, "Lbr_Jbt_26": 9.59, "Bgn_Ats_26": "GTP", "Jns_Jbt_26": "STANDAR", "Thn_Bgn_26": "1992", "BA_26": "1", "LNT_26": "1", "BB_26": "1", "DAS_26": "2", "OP_26": "0", "UT_26": "0", "GR_26": "0", "LB_26": "0", "JBT_26": "2", "Tp_Lnts_26": "SUNGAI", "Dt_Lnts_26": "LURUS, BERKELOK (MEANDER), BERJALIN (BRAIDED)", "Pnangnn_26": "RUTIN", "Pmriksn_26": "TIDAK DI SURVEI", "Pnglola_26": "BPJN BANGKA BELITUNG", "Satkr_ID26": "4693888", "PPK_Name26": "PPK 2.1", "Traffic_26": null, "VCR_26": "0.04", "AADT_26": null, "Tipe_Jb_26": null, "Lat_26": -2.8865000001699999, "Long_26": 107.5733, "Tgl_Ins_26": "7\/4\/2025", "Ket_26": null }, "geometry": { "type": "Point", "coordinates": [ 107.573299999895141, -2.886500000174806 ] } },
{ "type": "Feature", "properties": { "KDRUAS_UPD": "16016", "NOJBT_UPD": "16.016.006.0", "NM_RUAS_UP": "TG. RU - PETIKAN", "NM_JBT_UPD": "AIR MALIK", "PROVINSI": "BANGKA BELITUNG", "No_Prov_26": "16", "ID_Jbt_26": "1600087", "Kd_Ruas_26": "16016", "Suffix_26": null, "Nm_Ruas_26": "TG. RU - PETIKAN", "Lintas_26": "NON LINTAS", "No_Jbt_26": "16.016.006.0", "Nm_Jbt_26": "AIR MALIK", "Status_26": "N", "Fungsi_26": "JKP-1", "Lks_Dr_26": "TDN", "Lks_km_26": 24940.0, "F_STA_26": "760", "Cadin_26": "KAB. BELITUNG", "Pjg_Jbt_26": 41.1, "Btg_Pjg_26": 40.3, "Jml_Btg_26": "1", "Lb_Jl_Ms26": 5.23, "Lb_Jl_Kl26": 5.23, "Lb_Lalin26": 5.23, "Lb_Bh_Ki26": 0.3, "Lb_Bh_Ka26": 0.3, "Lb_Dr_Ki26": 0.05, "Lb_Dr_Ka26": 0.05, "Lb_Tr_Ki26": 0.5, "Lb_Tr_Ka26": 0.5, "Lb_TS_Ki26": 0.0, "Lb_TS_Ka26": 0.0, "Lb_Med_26": 0.0, "Lbr_Jbt_26": 6.93, "Bgn_Ats_26": "RBA", "Jns_Jbt_26": "STANDAR", "Thn_Bgn_26": "1992", "BA_26": "2", "LNT_26": "2", "BB_26": "1", "DAS_26": "2", "OP_26": "1", "UT_26": "0", "GR_26": "0", "LB_26": "0", "JBT_26": "2", "Tp_Lnts_26": "SUNGAI", "Dt_Lnts_26": "LURUS, BERKELOK (MEANDER), BERJALIN (BRAIDED)", "Pnangnn_26": "RUTIN", "Pmriksn_26": "DETAIL", "Pnglola_26": "BPJN BANGKA BELITUNG", "Satkr_ID26": "4693888", "PPK_Name26": "PPK 2.1", "Traffic_26": null, "VCR_26": "0.04", "AADT_26": null, "Tipe_Jb_26": null, "Lat_26": -2.88720000008, "Long_26": 107.5719, "Tgl_Ins_26": "5\/7\/2026", "Ket_26": null }, "geometry": { "type": "Point", "coordinates": [ 107.571900000085009, -2.887200000079872 ] } },
{ "type": "Feature", "properties": { "KDRUAS_UPD": "16016", "NOJBT_UPD": "16.016.007.0", "NM_RUAS_UP": "TG. RU - PETIKAN", "NM_JBT_UPD": "AIR PEGANTUNGAN I", "PROVINSI": "BANGKA BELITUNG", "No_Prov_26": "16", "ID_Jbt_26": "1600088", "Kd_Ruas_26": "16016", "Suffix_26": null, "Nm_Ruas_26": "TG. RU - PETIKAN", "Lintas_26": "NON LINTAS", "No_Jbt_26": "16.016.007.0", "Nm_Jbt_26": "AIR PEGANTUNGAN I", "Status_26": "N", "Fungsi_26": "JKP-1", "Lks_Dr_26": "TDN", "Lks_km_26": 32240.0, "F_STA_26": "1510", "Cadin_26": "KAB. BELITUNG", "Pjg_Jbt_26": 12.1, "Btg_Pjg_26": 11.6, "Jml_Btg_26": "1", "Lb_Jl_Ms26": 6.32, "Lb_Jl_Kl26": 6.32, "Lb_Lalin26": 6.32, "Lb_Bh_Ki26": 0.28, "Lb_Bh_Ka26": 0.26, "Lb_Dr_Ki26": 0.08, "Lb_Dr_Ka26": 0.08, "Lb_Tr_Ki26": 1.0, "Lb_Tr_Ka26": 1.0, "Lb_TS_Ki26": 0.0, "Lb_TS_Ka26": 0.0, "Lb_Med_26": 0.0, "Lbr_Jbt_26": 9.02, "Bgn_Ats_26": "GTP", "Jns_Jbt_26": "STANDAR", "Thn_Bgn_26": "2022", "BA_26": "2", "LNT_26": "1", "BB_26": "1", "DAS_26": "1", "OP_26": "0", "UT_26": "0", "GR_26": "0", "LB_26": "0", "JBT_26": "2", "Tp_Lnts_26": "SUNGAI", "Dt_Lnts_26": "LURUS, BERKELOK (MEANDER), BERJALIN (BRAIDED)", "Pnangnn_26": "RUTIN", "Pmriksn_26": "TIDAK DI SURVEI", "Pnglola_26": "BPJN BANGKA BELITUNG", "Satkr_ID26": "4693888", "PPK_Name26": "PPK 2.1", "Traffic_26": null, "VCR_26": "0.04", "AADT_26": null, "Tipe_Jb_26": null, "Lat_26": -2.93159999984, "Long_26": 107.5392, "Tgl_Ins_26": "7\/4\/2025", "Ket_26": null }, "geometry": { "type": "Point", "coordinates": [ 107.539200000279834, -2.931599999840046 ] } },
{ "type": "Feature", "properties": { "KDRUAS_UPD": "16016", "NOJBT_UPD": "16.016.008.0", "NM_RUAS_UP": "TG. RU - PETIKAN", "NM_JBT_UPD": "AIR PEGANTUNGAN II", "PROVINSI": "BANGKA BELITUNG", "No_Prov_26": "16", "ID_Jbt_26": "1600089", "Kd_Ruas_26": "16016", "Suffix_26": null, "Nm_Ruas_26": "TG. RU - PETIKAN", "Lintas_26": "NON LINTAS", "No_Jbt_26": "16.016.008.0", "Nm_Jbt_26": "AIR PEGANTUNGAN II", "Status_26": "N", "Fungsi_26": "JKP-1", "Lks_Dr_26": "TDN", "Lks_km_26": 33140.0, "F_STA_26": "1600", "Cadin_26": "KAB. BELITUNG", "Pjg_Jbt_26": 16.6, "Btg_Pjg_26": 15.6, "Jml_Btg_26": "1", "Lb_Jl_Ms26": 7.3, "Lb_Jl_Kl26": 7.3, "Lb_Lalin26": 7.3, "Lb_Bh_Ki26": 0.26, "Lb_Bh_Ka26": 0.26, "Lb_Dr_Ki26": 0.09, "Lb_Dr_Ka26": 0.09, "Lb_Tr_Ki26": 1.0, "Lb_Tr_Ka26": 1.0, "Lb_TS_Ki26": 0.31, "Lb_TS_Ka26": 0.31, "Lb_Med_26": 0.0, "Lbr_Jbt_26": 10.7, "Bgn_Ats_26": "VPP", "Jns_Jbt_26": "STANDAR", "Thn_Bgn_26": "2025", "BA_26": "1", "LNT_26": "1", "BB_26": "1", "DAS_26": "1", "OP_26": "0", "UT_26": "0", "GR_26": "0", "LB_26": "0", "JBT_26": "1", "Tp_Lnts_26": "SUNGAI", "Dt_Lnts_26": "LURUS, BERKELOK (MEANDER), BERJALIN (BRAIDED)", "Pnangnn_26": "RUTIN", "Pmriksn_26": "INVENTARISASI", "Pnglola_26": "BPJN BANGKA BELITUNG", "Satkr_ID26": "4693888", "PPK_Name26": "PPK 2.1", "Traffic_26": null, "VCR_26": "0.04", "AADT_26": null, "Tipe_Jb_26": null, "Lat_26": -2.9342000001300002, "Long_26": 107.5324, "Tgl_Ins_26": "5\/6\/2026", "Ket_26": null }, "geometry": { "type": "Point", "coordinates": [ 107.532399999660299, -2.934200000129863 ] } },
{ "type": "Feature", "properties": { "KDRUAS_UPD": "16017", "NOJBT_UPD": "16.017.001.0", "NM_RUAS_UP": "PETIKAN - PILANG (TANJUNG PANDAN)", "NM_JBT_UPD": "AIR PILANG", "PROVINSI": "BANGKA BELITUNG", "No_Prov_26": "16", "ID_Jbt_26": "1600090", "Kd_Ruas_26": "16017", "Suffix_26": null, "Nm_Ruas_26": "PETIKAN - PILANG (TANJUNG PANDAN)", "Lintas_26": "NON LINTAS", "No_Jbt_26": "16.017.001.0", "Nm_Jbt_26": "AIR PILANG", "Status_26": "N", "Fungsi_26": "JKP-1", "Lks_Dr_26": "TDN", "Lks_km_26": 8304.0, "F_STA_26": "560", "Cadin_26": "KAB. BELITUNG", "Pjg_Jbt_26": 202.5, "Btg_Pjg_26": 50.25, "Jml_Btg_26": "4", "Lb_Jl_Ms26": 5.3, "Lb_Jl_Kl26": 5.3, "Lb_Lalin26": 5.3, "Lb_Bh_Ki26": 0.25, "Lb_Bh_Ka26": 0.27, "Lb_Dr_Ki26": 0.08, "Lb_Dr_Ka26": 0.08, "Lb_Tr_Ki26": 0.5, "Lb_Tr_Ka26": 0.5, "Lb_TS_Ki26": 0.0, "Lb_TS_Ka26": 0.0, "Lb_Med_26": 0.0, "Lbr_Jbt_26": 6.98, "Bgn_Ats_26": "RBI", "Jns_Jbt_26": "STANDAR", "Thn_Bgn_26": "1999", "BA_26": "2", "LNT_26": "2", "BB_26": "3", "DAS_26": "1", "OP_26": "0", "UT_26": "0", "GR_26": "1", "LB_26": "0", "JBT_26": "3", "Tp_Lnts_26": "SUNGAI", "Dt_Lnts_26": "LURUS, BERKELOK (MEANDER), BERJALIN (BRAIDED)", "Pnangnn_26": "PENGGANTIAN", "Pmriksn_26": "RUTIN", "Pnglola_26": "BPJN BANGKA BELITUNG", "Satkr_ID26": "4693888", "PPK_Name26": null, "Traffic_26": null, "VCR_26": "0.05", "AADT_26": null, "Tipe_Jb_26": null, "Lat_26": -2.7827219997200001, "Long_26": 107.638639, "Tgl_Ins_26": "5\/7\/2026", "Ket_26": null }, "geometry": { "type": "Point", "coordinates": [ 107.638639000289686, -2.782721999720479 ] } },
{ "type": "Feature", "properties": { "KDRUAS_UPD": "1601813", "NOJBT_UPD": "16.018.001.A.13", "NM_RUAS_UP": "JLN. SUDIRMAN (T.PANDAN-PERAWAS)", "NM_JBT_UPD": "AIR RAYA I A", "PROVINSI": "BANGKA BELITUNG", "No_Prov_26": "16", "ID_Jbt_26": "1600326", "Kd_Ruas_26": "1601813", "Suffix_26": "13", "Nm_Ruas_26": "JLN. SUDIRMAN (T.PANDAN-PERAWAS)", "Lintas_26": "NON LINTAS", "No_Jbt_26": "16.018.001.A.13", "Nm_Jbt_26": "AIR RAYA I A", "Status_26": "N", "Fungsi_26": "JKP-1", "Lks_Dr_26": "TDN", "Lks_km_26": 4100.0, "F_STA_26": "430", "Cadin_26": "KAB. BELITUNG", "Pjg_Jbt_26": 35.5, "Btg_Pjg_26": 35.0, "Jml_Btg_26": "1", "Lb_Jl_Ms26": 5.22, "Lb_Jl_Kl26": 5.22, "Lb_Lalin26": 5.22, "Lb_Bh_Ki26": 0.31, "Lb_Bh_Ka26": 0.26, "Lb_Dr_Ki26": 0.09, "Lb_Dr_Ka26": 0.09, "Lb_Tr_Ki26": 0.37, "Lb_Tr_Ka26": 0.34, "Lb_TS_Ki26": 0.0, "Lb_TS_Ka26": 0.0, "Lb_Med_26": 0.0, "Lbr_Jbt_26": 6.68, "Bgn_Ats_26": "RBB", "Jns_Jbt_26": "STANDAR", "Thn_Bgn_26": "1986", "BA_26": "3", "LNT_26": "3", "BB_26": "2", "DAS_26": "1", "OP_26": "0", "UT_26": "1", "GR_26": "0", "LB_26": "0", "JBT_26": "3", "Tp_Lnts_26": "SUNGAI", "Dt_Lnts_26": "LURUS, BERKELOK (MEANDER), BERJALIN (BRAIDED)", "Pnangnn_26": "REHABILITASI", "Pmriksn_26": "RUTIN", "Pnglola_26": "BPJN BANGKA BELITUNG", "Satkr_ID26": "4693888", "PPK_Name26": "PPK 2.1", "Traffic_26": null, "VCR_26": "0.37", "AADT_26": null, "Tipe_Jb_26": null, "Lat_26": -2.7430999999600001, "Long_26": 107.6693, "Tgl_Ins_26": "5\/6\/2026", "Ket_26": null }, "geometry": { "type": "Point", "coordinates": [ 107.669299999595353, -2.743099999964954 ] } },
{ "type": "Feature", "properties": { "KDRUAS_UPD": "1601813", "NOJBT_UPD": "16.018.001.B.13", "NM_RUAS_UP": "JLN. SUDIRMAN (T.PANDAN-PERAWAS)", "NM_JBT_UPD": "AIR RAYA I B", "PROVINSI": "BANGKA BELITUNG", "No_Prov_26": "16", "ID_Jbt_26": "1600327", "Kd_Ruas_26": "1601813", "Suffix_26": "13", "Nm_Ruas_26": "JLN. SUDIRMAN (T.PANDAN-PERAWAS)", "Lintas_26": "NON LINTAS", "No_Jbt_26": "16.018.001.B.13", "Nm_Jbt_26": "AIR RAYA I B", "Status_26": "N", "Fungsi_26": "JKP-1", "Lks_Dr_26": "TDN", "Lks_km_26": 4100.0, "F_STA_26": "430", "Cadin_26": "KAB. BELITUNG", "Pjg_Jbt_26": 35.5, "Btg_Pjg_26": 34.8, "Jml_Btg_26": "1", "Lb_Jl_Ms26": 6.44, "Lb_Jl_Kl26": 6.44, "Lb_Lalin26": 6.44, "Lb_Bh_Ki26": 0.32, "Lb_Bh_Ka26": 0.3, "Lb_Dr_Ki26": 0.05, "Lb_Dr_Ka26": 0.05, "Lb_Tr_Ki26": 1.0, "Lb_Tr_Ka26": 1.0, "Lb_TS_Ki26": 0.0, "Lb_TS_Ka26": 0.0, "Lb_Med_26": 0.0, "Lbr_Jbt_26": 9.16, "Bgn_Ats_26": "GPP", "Jns_Jbt_26": "STANDAR", "Thn_Bgn_26": "2012", "BA_26": "2", "LNT_26": "2", "BB_26": "1", "DAS_26": "1", "OP_26": "0", "UT_26": "0", "GR_26": "0", "LB_26": "0", "JBT_26": "2", "Tp_Lnts_26": "SUNGAI", "Dt_Lnts_26": "LURUS, BERKELOK (MEANDER), BERJALIN (BRAIDED)", "Pnangnn_26": "RUTIN", "Pmriksn_26": "TIDAK DI SURVEI", "Pnglola_26": "BPJN BANGKA BELITUNG", "Satkr_ID26": "4693888", "PPK_Name26": "PPK 2.1", "Traffic_26": null, "VCR_26": "0.37", "AADT_26": null, "Tipe_Jb_26": null, "Lat_26": -2.7433099916599999, "Long_26": 107.669369992, "Tgl_Ins_26": "7\/1\/2025", "Ket_26": null }, "geometry": { "type": "Point", "coordinates": [ 107.669369992031591, -2.743309991662727 ] } },
{ "type": "Feature", "properties": { "KDRUAS_UPD": "1601813", "NOJBT_UPD": "16.018.003.A.13", "NM_RUAS_UP": "JLN. SUDIRMAN (T.PANDAN-PERAWAS)", "NM_JBT_UPD": "AIR REBAK LUAR A", "PROVINSI": "BANGKA BELITUNG", "No_Prov_26": "16", "ID_Jbt_26": "1600332", "Kd_Ruas_26": "1601813", "Suffix_26": "13", "Nm_Ruas_26": "JLN. SUDIRMAN (T.PANDAN-PERAWAS)", "Lintas_26": "NON LINTAS", "No_Jbt_26": "16.018.003.A.13", "Nm_Jbt_26": "AIR REBAK LUAR A", "Status_26": "N", "Fungsi_26": "JKP-1", "Lks_Dr_26": "TDN", "Lks_km_26": 5600.0, "F_STA_26": "580", "Cadin_26": "KAB. BELITUNG", "Pjg_Jbt_26": 12.7, "Btg_Pjg_26": 12.1, "Jml_Btg_26": "1", "Lb_Jl_Ms26": 5.21, "Lb_Jl_Kl26": 5.21, "Lb_Lalin26": 5.21, "Lb_Bh_Ki26": 0.28, "Lb_Bh_Ka26": 0.29, "Lb_Dr_Ki26": 0.09, "Lb_Dr_Ka26": 0.09, "Lb_Tr_Ki26": 0.37, "Lb_Tr_Ka26": 0.38, "Lb_TS_Ki26": 0.0, "Lb_TS_Ka26": 0.0, "Lb_Med_26": 0.0, "Lbr_Jbt_26": 6.71, "Bgn_Ats_26": "GTP", "Jns_Jbt_26": "STANDAR", "Thn_Bgn_26": "1980", "BA_26": "2", "LNT_26": "2", "BB_26": "2", "DAS_26": "2", "OP_26": "1", "UT_26": "1", "GR_26": "0", "LB_26": "0", "JBT_26": "2", "Tp_Lnts_26": "SUNGAI", "Dt_Lnts_26": "LURUS, BERKELOK (MEANDER), BERJALIN (BRAIDED)", "Pnangnn_26": "RUTIN", "Pmriksn_26": "DETAIL", "Pnglola_26": "BPJN BANGKA BELITUNG", "Satkr_ID26": "4693888", "PPK_Name26": "PPK 2.1", "Traffic_26": null, "VCR_26": "0.37", "AADT_26": null, "Tipe_Jb_26": null, "Lat_26": -2.7468999998400001, "Long_26": 107.6814, "Tgl_Ins_26": "5\/6\/2026", "Ket_26": null }, "geometry": { "type": "Point", "coordinates": [ 107.681400000010058, -2.74689999983508 ] } },
{ "type": "Feature", "properties": { "KDRUAS_UPD": "1601813", "NOJBT_UPD": "16.018.003.B.13", "NM_RUAS_UP": "JLN. SUDIRMAN (T.PANDAN-PERAWAS)", "NM_JBT_UPD": "AIR REBAK LUAR B", "PROVINSI": "BANGKA BELITUNG", "No_Prov_26": "16", "ID_Jbt_26": "1600333", "Kd_Ruas_26": "1601813", "Suffix_26": "13", "Nm_Ruas_26": "JLN. SUDIRMAN (T.PANDAN-PERAWAS)", "Lintas_26": "NON LINTAS", "No_Jbt_26": "16.018.003.B.13", "Nm_Jbt_26": "AIR REBAK LUAR B", "Status_26": "N", "Fungsi_26": "JKP-1", "Lks_Dr_26": "TDN", "Lks_km_26": 5630.0, "F_STA_26": "580", "Cadin_26": "KAB. BELITUNG", "Pjg_Jbt_26": 12.5, "Btg_Pjg_26": 12.0, "Jml_Btg_26": "1", "Lb_Jl_Ms26": 6.25, "Lb_Jl_Kl26": 6.25, "Lb_Lalin26": 6.25, "Lb_Bh_Ki26": 0.37, "Lb_Bh_Ka26": 0.33, "Lb_Dr_Ki26": 0.05, "Lb_Dr_Ka26": 0.05, "Lb_Tr_Ki26": 1.0, "Lb_Tr_Ka26": 1.0, "Lb_TS_Ki26": 0.0, "Lb_TS_Ka26": 0.0, "Lb_Med_26": 0.0, "Lbr_Jbt_26": 9.05, "Bgn_Ats_26": "GTP", "Jns_Jbt_26": "STANDAR", "Thn_Bgn_26": "2012", "BA_26": "2", "LNT_26": "2", "BB_26": "2", "DAS_26": "2", "OP_26": "1", "UT_26": "1", "GR_26": "0", "LB_26": "0", "JBT_26": "2", "Tp_Lnts_26": "SUNGAI", "Dt_Lnts_26": "LURUS, BERKELOK (MEANDER), BERJALIN (BRAIDED)", "Pnangnn_26": "RUTIN", "Pmriksn_26": "DETAIL", "Pnglola_26": "BPJN BANGKA BELITUNG", "Satkr_ID26": "4693888", "PPK_Name26": "PPK 2.1", "Traffic_26": null, "VCR_26": "0.37", "AADT_26": null, "Tipe_Jb_26": null, "Lat_26": -2.7468999998400001, "Long_26": 107.6814, "Tgl_Ins_26": "5\/6\/2026", "Ket_26": null }, "geometry": { "type": "Point", "coordinates": [ 107.681400000010058, -2.74689999983508 ] } },
{ "type": "Feature", "properties": { "KDRUAS_UPD": "1601813", "NOJBT_UPD": "16.018.004.A.13", "NM_RUAS_UP": "JLN. SUDIRMAN (T.PANDAN-PERAWAS)", "NM_JBT_UPD": "AIR BEBULAK A", "PROVINSI": "BANGKA BELITUNG", "No_Prov_26": "16", "ID_Jbt_26": "1600336", "Kd_Ruas_26": "1601813", "Suffix_26": "13", "Nm_Ruas_26": "JLN. SUDIRMAN (T.PANDAN-PERAWAS)", "Lintas_26": "NON LINTAS", "No_Jbt_26": "16.018.004.A.13", "Nm_Jbt_26": "AIR BEBULAK A", "Status_26": "N", "Fungsi_26": "JKP-1", "Lks_Dr_26": "TDN", "Lks_km_26": 8400.0, "F_STA_26": "870", "Cadin_26": "KAB. BELITUNG", "Pjg_Jbt_26": 13.5, "Btg_Pjg_26": 13.1, "Jml_Btg_26": "1", "Lb_Jl_Ms26": 5.25, "Lb_Jl_Kl26": 5.25, "Lb_Lalin26": 5.25, "Lb_Bh_Ki26": 0.26, "Lb_Bh_Ka26": 0.26, "Lb_Dr_Ki26": 0.15, "Lb_Dr_Ka26": 0.15, "Lb_Tr_Ki26": 0.35, "Lb_Tr_Ka26": 0.35, "Lb_TS_Ki26": 0.0, "Lb_TS_Ka26": 0.0, "Lb_Med_26": 0.0, "Lbr_Jbt_26": 6.77, "Bgn_Ats_26": "GTP", "Jns_Jbt_26": "STANDAR", "Thn_Bgn_26": "1980", "BA_26": "2", "LNT_26": "2", "BB_26": "2", "DAS_26": "1", "OP_26": "0", "UT_26": "1", "GR_26": "0", "LB_26": "0", "JBT_26": "2", "Tp_Lnts_26": "SUNGAI", "Dt_Lnts_26": "LURUS, BERKELOK (MEANDER), BERJALIN (BRAIDED)", "Pnangnn_26": "RUTIN", "Pmriksn_26": "TIDAK DI SURVEI", "Pnglola_26": "BPJN BANGKA BELITUNG", "Satkr_ID26": "4693888", "PPK_Name26": "PPK 2.1", "Traffic_26": null, "VCR_26": "0.37", "AADT_26": null, "Tipe_Jb_26": null, "Lat_26": -2.7570999998699999, "Long_26": 107.7041, "Tgl_Ins_26": "7\/3\/2025", "Ket_26": null }, "geometry": { "type": "Point", "coordinates": [ 107.704100000015046, -2.757099999865034 ] } },
{ "type": "Feature", "properties": { "KDRUAS_UPD": "16001", "NOJBT_UPD": "16.001.013.A", "NM_RUAS_UP": "TANJUNG KELIAN - IBUL", "NM_JBT_UPD": "AIR DAENG A", "PROVINSI": "BANGKA BELITUNG", "No_Prov_26": "16", "ID_Jbt_26": "1600345", "Kd_Ruas_26": "16001", "Suffix_26": null, "Nm_Ruas_26": "TANJUNG KELIAN - IBUL", "Lintas_26": "NON LINTAS", "No_Jbt_26": "16.001.013.A", "Nm_Jbt_26": "AIR DAENG A", "Status_26": "N", "Fungsi_26": "JAP", "Lks_Dr_26": "PKP", "Lks_km_26": 136466.0, "F_STA_26": "4620", "Cadin_26": "KAB. BANGKA BARAT", "Pjg_Jbt_26": 17.0, "Btg_Pjg_26": 16.5, "Jml_Btg_26": "1", "Lb_Jl_Ms26": 6.5, "Lb_Jl_Kl26": 6.5, "Lb_Lalin26": 6.5, "Lb_Bh_Ki26": 0.38, "Lb_Bh_Ka26": 0.28, "Lb_Dr_Ki26": 0.05, "Lb_Dr_Ka26": 0.05, "Lb_Tr_Ki26": 1.5, "Lb_Tr_Ka26": 0.0, "Lb_TS_Ki26": 0.0, "Lb_TS_Ka26": 0.0, "Lb_Med_26": 1.55, "Lbr_Jbt_26": 10.31, "Bgn_Ats_26": "GPP", "Jns_Jbt_26": "STANDAR", "Thn_Bgn_26": "2015", "BA_26": "1", "LNT_26": "1", "BB_26": "1", "DAS_26": "1", "OP_26": "2", "UT_26": "0", "GR_26": "0", "LB_26": "0", "JBT_26": "2", "Tp_Lnts_26": "SUNGAI", "Dt_Lnts_26": "LURUS, BERKELOK (MEANDER), BERJALIN (BRAIDED)", "Pnangnn_26": "RUTIN", "Pmriksn_26": "TIDAK DI SURVEI", "Pnglola_26": "BPJN BANGKA BELITUNG", "Satkr_ID26": "693887", "PPK_Name26": "PPK 1.2", "Traffic_26": null, "VCR_26": "0.19", "AADT_26": null, "Tipe_Jb_26": null, "Lat_26": -2.06022200044, "Long_26": 105.16125, "Tgl_Ins_26": "6\/13\/2025", "Ket_26": null }, "geometry": { "type": "Point", "coordinates": [ 105.161250000287339, -2.060222000444924 ] } },
{ "type": "Feature", "properties": { "KDRUAS_UPD": "16009", "NOJBT_UPD": "16.009.002.A", "NM_RUAS_UP": "SEI LIAT - BTS. KOTA PANGKAL PINANG", "NM_JBT_UPD": "AIR BATU RUSA A", "PROVINSI": "BANGKA BELITUNG", "No_Prov_26": "16", "ID_Jbt_26": "1600224", "Kd_Ruas_26": "16009", "Suffix_26": null, "Nm_Ruas_26": "SEI LIAT - BTS. KOTA PANGKAL PINANG", "Lintas_26": "NON LINTAS", "No_Jbt_26": "16.009.002.A", "Nm_Jbt_26": "AIR BATU RUSA A", "Status_26": "N", "Fungsi_26": "JAP", "Lks_Dr_26": "PKP", "Lks_km_26": 12056.999999999998, "F_STA_26": "800", "Cadin_26": "KAB. BANGKA", "Pjg_Jbt_26": 303.7, "Btg_Pjg_26": 51.5, "Jml_Btg_26": "26", "Lb_Jl_Ms26": 6.3, "Lb_Jl_Kl26": 6.3, "Lb_Lalin26": 6.3, "Lb_Bh_Ki26": 0.23, "Lb_Bh_Ka26": 0.26, "Lb_Dr_Ki26": 0.15, "Lb_Dr_Ka26": 0.15, "Lb_Tr_Ki26": 0.95, "Lb_Tr_Ka26": 0.95, "Lb_TS_Ki26": 0.3, "Lb_TS_Ka26": 0.3, "Lb_Med_26": 0.0, "Lbr_Jbt_26": 9.59, "Bgn_Ats_26": "GPP", "Jns_Jbt_26": "STANDAR", "Thn_Bgn_26": "2018", "BA_26": "2", "LNT_26": "2", "BB_26": "2", "DAS_26": "1", "OP_26": "2", "UT_26": "0", "GR_26": "0", "LB_26": "0", "JBT_26": "2", "Tp_Lnts_26": "SUNGAI", "Dt_Lnts_26": "LURUS, BERKELOK (MEANDER), BERJALIN (BRAIDED)", "Pnangnn_26": "RUTIN", "Pmriksn_26": "DETAIL", "Pnglola_26": "BPJN BANGKA BELITUNG", "Satkr_ID26": "693887", "PPK_Name26": "PPK 1.3", "Traffic_26": null, "VCR_26": "0.63", "AADT_26": null, "Tipe_Jb_26": null, "Lat_26": -2.02958297697, "Long_26": 106.11147308300001, "Tgl_Ins_26": "4\/27\/2026", "Ket_26": null }, "geometry": { "type": "Point", "coordinates": [ 106.111473083316184, -2.029582976972733 ] } },
{ "type": "Feature", "properties": { "KDRUAS_UPD": "16009", "NOJBT_UPD": "16.009.002.B", "NM_RUAS_UP": "SEI LIAT - BTS. KOTA PANGKAL PINANG", "NM_JBT_UPD": "AIR BATU RUSA B", "PROVINSI": "BANGKA BELITUNG", "No_Prov_26": "16", "ID_Jbt_26": "1600225", "Kd_Ruas_26": "16009", "Suffix_26": null, "Nm_Ruas_26": "SEI LIAT - BTS. KOTA PANGKAL PINANG", "Lintas_26": "NON LINTAS", "No_Jbt_26": "16.009.002.B", "Nm_Jbt_26": "AIR BATU RUSA B", "Status_26": "N", "Fungsi_26": "JAP", "Lks_Dr_26": "PKP", "Lks_km_26": 12056.999999999998, "F_STA_26": "800", "Cadin_26": "KAB. BANGKA", "Pjg_Jbt_26": 198.0, "Btg_Pjg_26": 49.3, "Jml_Btg_26": "4", "Lb_Jl_Ms26": 5.3, "Lb_Jl_Kl26": 5.3, "Lb_Lalin26": 5.3, "Lb_Bh_Ki26": 0.45, "Lb_Bh_Ka26": 0.45, "Lb_Dr_Ki26": 0.2, "Lb_Dr_Ka26": 0.2, "Lb_Tr_Ki26": 0.9, "Lb_Tr_Ka26": 0.9, "Lb_TS_Ki26": 0.0, "Lb_TS_Ka26": 0.0, "Lb_Med_26": 0.0, "Lbr_Jbt_26": 8.4, "Bgn_Ats_26": "RBU", "Jns_Jbt_26": "STANDAR", "Thn_Bgn_26": "1975", "BA_26": "3", "LNT_26": "2", "BB_26": "3", "DAS_26": "1", "OP_26": "1", "UT_26": "0", "GR_26": "0", "LB_26": "0", "JBT_26": "3", "Tp_Lnts_26": "SUNGAI", "Dt_Lnts_26": "LURUS, BERKELOK (MEANDER), BERJALIN (BRAIDED)", "Pnangnn_26": "BERKALA", "Pmriksn_26": "RUTIN", "Pnglola_26": "BPJN BANGKA BELITUNG", "Satkr_ID26": "693887", "PPK_Name26": "PPK 1.3", "Traffic_26": null, "VCR_26": "0.63", "AADT_26": null, "Tipe_Jb_26": null, "Lat_26": -2.02960896468, "Long_26": 106.111625671, "Tgl_Ins_26": "4\/27\/2026", "Ket_26": null }, "geometry": { "type": "Point", "coordinates": [ 106.111625671287754, -2.029608964681927 ] } },
{ "type": "Feature", "properties": { "KDRUAS_UPD": "16009", "NOJBT_UPD": "16.009.004.A", "NM_RUAS_UP": "SEI LIAT - BTS. KOTA PANGKAL PINANG", "NM_JBT_UPD": "AIR SEMBANGGASIH A", "PROVINSI": "BANGKA BELITUNG", "No_Prov_26": "16", "ID_Jbt_26": "1600347", "Kd_Ruas_26": "16009", "Suffix_26": null, "Nm_Ruas_26": "SEI LIAT - BTS. KOTA PANGKAL PINANG", "Lintas_26": "NON LINTAS", "No_Jbt_26": "16.009.004.A", "Nm_Jbt_26": "AIR SEMBANGGASIH A", "Status_26": "N", "Fungsi_26": "JAP", "Lks_Dr_26": "PKP", "Lks_km_26": 24557.0, "F_STA_26": "2050", "Cadin_26": "KAB. BANGKA", "Pjg_Jbt_26": 11.9, "Btg_Pjg_26": 11.4, "Jml_Btg_26": "1", "Lb_Jl_Ms26": 6.4, "Lb_Jl_Kl26": 6.4, "Lb_Lalin26": 6.4, "Lb_Bh_Ki26": 0.35, "Lb_Bh_Ka26": 0.2, "Lb_Dr_Ki26": 0.1, "Lb_Dr_Ka26": 0.1, "Lb_Tr_Ki26": 0.4, "Lb_Tr_Ka26": 0.4, "Lb_TS_Ki26": 0.0, "Lb_TS_Ka26": 0.0, "Lb_Med_26": 0.0, "Lbr_Jbt_26": 7.95, "Bgn_Ats_26": "GTP", "Jns_Jbt_26": "STANDAR", "Thn_Bgn_26": "1990", "BA_26": "2", "LNT_26": "2", "BB_26": "1", "DAS_26": "2", "OP_26": "0", "UT_26": "0", "GR_26": "0", "LB_26": "0", "JBT_26": "2", "Tp_Lnts_26": "SUNGAI", "Dt_Lnts_26": "LURUS, BERKELOK (MEANDER), BERJALIN (BRAIDED)", "Pnangnn_26": "RUTIN", "Pmriksn_26": "TIDAK DI SURVEI", "Pnglola_26": "BPJN BANGKA BELITUNG", "Satkr_ID26": "693887", "PPK_Name26": "PPK 1.3", "Traffic_26": null, "VCR_26": "0.63", "AADT_26": null, "Tipe_Jb_26": null, "Lat_26": -1.9216099998, "Long_26": 106.1171, "Tgl_Ins_26": "6\/2\/2025", "Ket_26": null }, "geometry": { "type": "Point", "coordinates": [ 106.117100000164953, -1.921609999801603 ] } },
{ "type": "Feature", "properties": { "KDRUAS_UPD": "16009", "NOJBT_UPD": "16.009.004.B", "NM_RUAS_UP": "SEI LIAT - BTS. KOTA PANGKAL PINANG", "NM_JBT_UPD": "AIR SEMBANGGASIH B", "PROVINSI": "BANGKA BELITUNG", "No_Prov_26": "16", "ID_Jbt_26": "1600348", "Kd_Ruas_26": "16009", "Suffix_26": null, "Nm_Ruas_26": "SEI LIAT - BTS. KOTA PANGKAL PINANG", "Lintas_26": "NON LINTAS", "No_Jbt_26": "16.009.004.B", "Nm_Jbt_26": "AIR SEMBANGGASIH B", "Status_26": "N", "Fungsi_26": "JAP", "Lks_Dr_26": "PKP", "Lks_km_26": 24557.0, "F_STA_26": "2050", "Cadin_26": "KAB. BANGKA", "Pjg_Jbt_26": 13.0, "Btg_Pjg_26": 12.6, "Jml_Btg_26": "1", "Lb_Jl_Ms26": 6.4, "Lb_Jl_Kl26": 6.4, "Lb_Lalin26": 6.4, "Lb_Bh_Ki26": 0.93, "Lb_Bh_Ka26": 1.3, "Lb_Dr_Ki26": 0.0, "Lb_Dr_Ka26": 0.2, "Lb_Tr_Ki26": 0.0, "Lb_Tr_Ka26": 0.0, "Lb_TS_Ki26": 0.3, "Lb_TS_Ka26": 0.3, "Lb_Med_26": 0.0, "Lbr_Jbt_26": 10.0, "Bgn_Ats_26": "GTP", "Jns_Jbt_26": "STANDAR", "Thn_Bgn_26": "2015", "BA_26": "1", "LNT_26": "1", "BB_26": "1", "DAS_26": "1", "OP_26": "0", "UT_26": "0", "GR_26": "0", "LB_26": "0", "JBT_26": "1", "Tp_Lnts_26": "SUNGAI", "Dt_Lnts_26": "LURUS, BERKELOK (MEANDER), BERJALIN (BRAIDED)", "Pnangnn_26": "RUTIN", "Pmriksn_26": "DETAIL", "Pnglola_26": "BPJN BANGKA BELITUNG", "Satkr_ID26": "693887", "PPK_Name26": "PPK 1.3", "Traffic_26": null, "VCR_26": "0.63", "AADT_26": null, "Tipe_Jb_26": null, "Lat_26": -1.92160000024, "Long_26": 106.1171, "Tgl_Ins_26": "4\/26\/2026", "Ket_26": null }, "geometry": { "type": "Point", "coordinates": [ 106.117100000164953, -1.921600000239778 ] } },
{ "type": "Feature", "properties": { "KDRUAS_UPD": "16001", "NOJBT_UPD": "16.001.004.0", "NM_RUAS_UP": "TANJUNG KELIAN - IBUL", "NM_JBT_UPD": "AIR PELANGAS II", "PROVINSI": "BANGKA BELITUNG", "No_Prov_26": "16", "ID_Jbt_26": "1600004", "Kd_Ruas_26": "16001", "Suffix_26": null, "Nm_Ruas_26": "TANJUNG KELIAN - IBUL", "Lintas_26": "NON LINTAS", "No_Jbt_26": "16.001.004.0", "Nm_Jbt_26": "AIR PELANGAS II", "Status_26": "N", "Fungsi_26": "JAP", "Lks_Dr_26": "PKP", "Lks_km_26": 96666.0, "F_STA_26": "810", "Cadin_26": "KAB. BANGKA BARAT", "Pjg_Jbt_26": 25.6, "Btg_Pjg_26": 24.9, "Jml_Btg_26": "1", "Lb_Jl_Ms26": 5.25, "Lb_Jl_Kl26": 5.25, "Lb_Lalin26": 5.25, "Lb_Bh_Ki26": 0.33, "Lb_Bh_Ka26": 0.32, "Lb_Dr_Ki26": 0.1, "Lb_Dr_Ka26": 0.1, "Lb_Tr_Ki26": 0.45, "Lb_Tr_Ka26": 0.45, "Lb_TS_Ki26": 0.0, "Lb_TS_Ka26": 0.0, "Lb_Med_26": 0.0, "Lbr_Jbt_26": 7.0, "Bgn_Ats_26": "GBP", "Jns_Jbt_26": "STANDAR", "Thn_Bgn_26": "1998", "BA_26": "3", "LNT_26": "3", "BB_26": "2", "DAS_26": "2", "OP_26": "2", "UT_26": "0", "GR_26": "0", "LB_26": "0", "JBT_26": "3", "Tp_Lnts_26": "SUNGAI", "Dt_Lnts_26": "LURUS, BERKELOK (MEANDER), BERJALIN (BRAIDED)", "Pnangnn_26": "REHABILITASI", "Pmriksn_26": "RUTIN", "Pnglola_26": "BPJN BANGKA BELITUNG", "Satkr_ID26": "693887", "PPK_Name26": "PPK 1.2", "Traffic_26": null, "VCR_26": "0.19", "AADT_26": null, "Tipe_Jb_26": null, "Lat_26": -1.90069999961, "Long_26": 105.3992, "Tgl_Ins_26": "4\/22\/2026", "Ket_26": null }, "geometry": { "type": "Point", "coordinates": [ 105.399199999880125, -1.900699999605251 ] } },
{ "type": "Feature", "properties": { "KDRUAS_UPD": "16001", "NOJBT_UPD": "16.001.005.0", "NM_RUAS_UP": "TANJUNG KELIAN - IBUL", "NM_JBT_UPD": "AIR NYAMUK", "PROVINSI": "BANGKA BELITUNG", "No_Prov_26": "16", "ID_Jbt_26": "1600005", "Kd_Ruas_26": "16001", "Suffix_26": null, "Nm_Ruas_26": "TANJUNG KELIAN - IBUL", "Lintas_26": "NON LINTAS", "No_Jbt_26": "16.001.005.0", "Nm_Jbt_26": "AIR NYAMUK", "Status_26": "N", "Fungsi_26": "JAP", "Lks_Dr_26": "PKP", "Lks_km_26": 110666.0, "F_STA_26": "2120", "Cadin_26": "KAB. BANGKA BARAT", "Pjg_Jbt_26": 12.8, "Btg_Pjg_26": 12.1, "Jml_Btg_26": "1", "Lb_Jl_Ms26": 5.45, "Lb_Jl_Kl26": 5.45, "Lb_Lalin26": 5.45, "Lb_Bh_Ki26": 0.35, "Lb_Bh_Ka26": 0.25, "Lb_Dr_Ki26": 0.1, "Lb_Dr_Ka26": 0.1, "Lb_Tr_Ki26": 0.8, "Lb_Tr_Ka26": 0.8, "Lb_TS_Ki26": 0.0, "Lb_TS_Ka26": 0.0, "Lb_Med_26": 0.0, "Lbr_Jbt_26": 7.85, "Bgn_Ats_26": "GTP", "Jns_Jbt_26": "STANDAR", "Thn_Bgn_26": "1997", "BA_26": "2", "LNT_26": "2", "BB_26": "1", "DAS_26": "2", "OP_26": "2", "UT_26": "1", "GR_26": "0", "LB_26": "0", "JBT_26": "2", "Tp_Lnts_26": "SUNGAI", "Dt_Lnts_26": "DANAU, RAWA, TANAH\/SUNGAI KERING, SALURAN IRIGASI", "Pnangnn_26": "RUTIN", "Pmriksn_26": "RUTIN", "Pnglola_26": "BPJN BANGKA BELITUNG", "Satkr_ID26": "693887", "PPK_Name26": "PPK 1.2", "Traffic_26": null, "VCR_26": "0.19", "AADT_26": null, "Tipe_Jb_26": null, "Lat_26": -1.9603999998599999, "Long_26": 105.3207, "Tgl_Ins_26": "4\/22\/2026", "Ket_26": null }, "geometry": { "type": "Point", "coordinates": [ 105.320699999605381, -1.960399999860044 ] } },
{ "type": "Feature", "properties": { "KDRUAS_UPD": "16001", "NOJBT_UPD": "16.001.006.0", "NM_RUAS_UP": "TANJUNG KELIAN - IBUL", "NM_JBT_UPD": "AIR MAYANG", "PROVINSI": "BANGKA BELITUNG", "No_Prov_26": "16", "ID_Jbt_26": "1600006", "Kd_Ruas_26": "16001", "Suffix_26": null, "Nm_Ruas_26": "TANJUNG KELIAN - IBUL", "Lintas_26": "NON LINTAS", "No_Jbt_26": "16.001.006.0", "Nm_Jbt_26": "AIR MAYANG", "Status_26": "N", "Fungsi_26": "JAP", "Lks_Dr_26": "PKP", "Lks_km_26": 110866.00000000001, "F_STA_26": "2140", "Cadin_26": "KAB. BANGKA BARAT", "Pjg_Jbt_26": 50.3, "Btg_Pjg_26": 49.45, "Jml_Btg_26": "1", "Lb_Jl_Ms26": 6.4, "Lb_Jl_Kl26": 6.4, "Lb_Lalin26": 6.4, "Lb_Bh_Ki26": 0.33, "Lb_Bh_Ka26": 0.32, "Lb_Dr_Ki26": 0.05, "Lb_Dr_Ka26": 0.05, "Lb_Tr_Ki26": 1.0, "Lb_Tr_Ka26": 1.0, "Lb_TS_Ki26": 0.0, "Lb_TS_Ka26": 0.0, "Lb_Med_26": 0.0, "Lbr_Jbt_26": 9.15, "Bgn_Ats_26": "RBP", "Jns_Jbt_26": "STANDAR", "Thn_Bgn_26": "2017", "BA_26": "2", "LNT_26": "2", "BB_26": "2", "DAS_26": "2", "OP_26": "1", "UT_26": "0", "GR_26": "0", "LB_26": "0", "JBT_26": "2", "Tp_Lnts_26": "SUNGAI", "Dt_Lnts_26": "LURUS, BERKELOK (MEANDER), BERJALIN (BRAIDED)", "Pnangnn_26": "RUTIN", "Pmriksn_26": "DETAIL", "Pnglola_26": "BPJN BANGKA BELITUNG", "Satkr_ID26": "693887", "PPK_Name26": "PPK 1.2", "Traffic_26": null, "VCR_26": "0.19", "AADT_26": null, "Tipe_Jb_26": null, "Lat_26": -1.9619999999, "Long_26": 105.3197, "Tgl_Ins_26": "4\/23\/2026", "Ket_26": null }, "geometry": { "type": "Point", "coordinates": [ 105.319700000254841, -1.961999999900002 ] } },
{ "type": "Feature", "properties": { "KDRUAS_UPD": "16001", "NOJBT_UPD": "16.001.008.0", "NM_RUAS_UP": "TANJUNG KELIAN - IBUL", "NM_JBT_UPD": "AIR PURUN", "PROVINSI": "BANGKA BELITUNG", "No_Prov_26": "16", "ID_Jbt_26": "1600008", "Kd_Ruas_26": "16001", "Suffix_26": null, "Nm_Ruas_26": "TANJUNG KELIAN - IBUL", "Lintas_26": "NON LINTAS", "No_Jbt_26": "16.001.008.0", "Nm_Jbt_26": "AIR PURUN", "Status_26": "N", "Fungsi_26": "JAP", "Lks_Dr_26": "PKP", "Lks_km_26": 113766.0, "F_STA_26": "2420", "Cadin_26": "KAB. BANGKA BARAT", "Pjg_Jbt_26": 10.9, "Btg_Pjg_26": 10.2, "Jml_Btg_26": "1", "Lb_Jl_Ms26": 5.65, "Lb_Jl_Kl26": 5.65, "Lb_Lalin26": 5.65, "Lb_Bh_Ki26": 0.79, "Lb_Bh_Ka26": 0.56, "Lb_Dr_Ki26": 0.1, "Lb_Dr_Ka26": 0.1, "Lb_Tr_Ki26": 0.45, "Lb_Tr_Ka26": 0.45, "Lb_TS_Ki26": 0.0, "Lb_TS_Ka26": 0.0, "Lb_Med_26": 0.0, "Lbr_Jbt_26": 8.1, "Bgn_Ats_26": "GTP", "Jns_Jbt_26": "STANDAR", "Thn_Bgn_26": "1997", "BA_26": "2", "LNT_26": "2", "BB_26": "2", "DAS_26": "2", "OP_26": "1", "UT_26": "0", "GR_26": "0", "LB_26": "0", "JBT_26": "2", "Tp_Lnts_26": "SUNGAI", "Dt_Lnts_26": "LURUS, BERKELOK (MEANDER), BERJALIN (BRAIDED)", "Pnangnn_26": "RUTIN", "Pmriksn_26": "DETAIL", "Pnglola_26": "BPJN BANGKA BELITUNG", "Satkr_ID26": "693887", "PPK_Name26": "PPK 1.2", "Traffic_26": null, "VCR_26": "0.19", "AADT_26": null, "Tipe_Jb_26": null, "Lat_26": -1.9712999998, "Long_26": 105.2968, "Tgl_Ins_26": "4\/23\/2026", "Ket_26": null }, "geometry": { "type": "Point", "coordinates": [ 105.296800000020028, -1.971299999795121 ] } },
{ "type": "Feature", "properties": { "KDRUAS_UPD": "16001", "NOJBT_UPD": "16.001.009.0", "NM_RUAS_UP": "TANJUNG KELIAN - IBUL", "NM_JBT_UPD": "AIR BARA", "PROVINSI": "BANGKA BELITUNG", "No_Prov_26": "16", "ID_Jbt_26": "1600009", "Kd_Ruas_26": "16001", "Suffix_26": null, "Nm_Ruas_26": "TANJUNG KELIAN - IBUL", "Lintas_26": "NON LINTAS", "No_Jbt_26": "16.001.009.0", "Nm_Jbt_26": "AIR BARA", "Status_26": "N", "Fungsi_26": "JAP", "Lks_Dr_26": "PKP", "Lks_km_26": 115066.0, "F_STA_26": "2550", "Cadin_26": "KAB. BANGKA BARAT", "Pjg_Jbt_26": 40.5, "Btg_Pjg_26": 39.65, "Jml_Btg_26": "1", "Lb_Jl_Ms26": 6.45, "Lb_Jl_Kl26": 6.45, "Lb_Lalin26": 6.45, "Lb_Bh_Ki26": 0.25, "Lb_Bh_Ka26": 0.3, "Lb_Dr_Ki26": 0.05, "Lb_Dr_Ka26": 0.05, "Lb_Tr_Ki26": 1.0, "Lb_Tr_Ka26": 1.0, "Lb_TS_Ki26": 0.0, "Lb_TS_Ka26": 0.0, "Lb_Med_26": 0.0, "Lbr_Jbt_26": 9.1, "Bgn_Ats_26": "RBP", "Jns_Jbt_26": "STANDAR", "Thn_Bgn_26": "2017", "BA_26": "2", "LNT_26": "2", "BB_26": "2", "DAS_26": "2", "OP_26": "1", "UT_26": "0", "GR_26": "0", "LB_26": "0", "JBT_26": "2", "Tp_Lnts_26": "SUNGAI", "Dt_Lnts_26": "LURUS, BERKELOK (MEANDER), BERJALIN (BRAIDED)", "Pnangnn_26": "RUTIN", "Pmriksn_26": "DETAIL", "Pnglola_26": "BPJN BANGKA BELITUNG", "Satkr_ID26": "693887", "PPK_Name26": "PPK 1.2", "Traffic_26": null, "VCR_26": "0.19", "AADT_26": null, "Tipe_Jb_26": null, "Lat_26": -1.9766999997100001, "Long_26": 105.2858, "Tgl_Ins_26": "4\/23\/2026", "Ket_26": null }, "geometry": { "type": "Point", "coordinates": [ 105.285799999970095, -1.976699999705147 ] } },
{ "type": "Feature", "properties": { "KDRUAS_UPD": "16001", "NOJBT_UPD": "16.001.010.0", "NM_RUAS_UP": "TANJUNG KELIAN - IBUL", "NM_JBT_UPD": "AIR BELO", "PROVINSI": "BANGKA BELITUNG", "No_Prov_26": "16", "ID_Jbt_26": "1600010", "Kd_Ruas_26": "16001", "Suffix_26": null, "Nm_Ruas_26": "TANJUNG KELIAN - IBUL", "Lintas_26": "NON LINTAS", "No_Jbt_26": "16.001.010.0", "Nm_Jbt_26": "AIR BELO", "Status_26": "N", "Fungsi_26": "JAP", "Lks_Dr_26": "PKP", "Lks_km_26": 124966.0, "F_STA_26": "3510", "Cadin_26": "KAB. BANGKA BARAT", "Pjg_Jbt_26": 10.8, "Btg_Pjg_26": 10.1, "Jml_Btg_26": "1", "Lb_Jl_Ms26": 5.2, "Lb_Jl_Kl26": 5.2, "Lb_Lalin26": 5.2, "Lb_Bh_Ki26": 0.3, "Lb_Bh_Ka26": 0.5, "Lb_Dr_Ki26": 0.1, "Lb_Dr_Ka26": 0.1, "Lb_Tr_Ki26": 0.36, "Lb_Tr_Ka26": 0.34, "Lb_TS_Ki26": 0.0, "Lb_TS_Ka26": 0.0, "Lb_Med_26": 0.0, "Lbr_Jbt_26": 6.9, "Bgn_Ats_26": "GTP", "Jns_Jbt_26": "STANDAR", "Thn_Bgn_26": "1990", "BA_26": "2", "LNT_26": "2", "BB_26": "2", "DAS_26": "2", "OP_26": "0", "UT_26": "0", "GR_26": "0", "LB_26": "0", "JBT_26": "2", "Tp_Lnts_26": "SUNGAI", "Dt_Lnts_26": "LURUS, BERKELOK (MEANDER), BERJALIN (BRAIDED)", "Pnangnn_26": "RUTIN", "Pmriksn_26": "DETAIL", "Pnglola_26": "BPJN BANGKA BELITUNG", "Satkr_ID26": "693887", "PPK_Name26": "PPK 1.2", "Traffic_26": null, "VCR_26": "0.19", "AADT_26": null, "Tipe_Jb_26": null, "Lat_26": -2.0314999997299998, "Long_26": 105.2374, "Tgl_Ins_26": "4\/23\/2026", "Ket_26": null }, "geometry": { "type": "Point", "coordinates": [ 105.237400000109972, -2.031499999725156 ] } },
{ "type": "Feature", "properties": { "KDRUAS_UPD": "16008", "NOJBT_UPD": "16.008.003.0", "NM_RUAS_UP": "LUMUT - SEI LIAT", "NM_JBT_UPD": "AIR JELUTUNG", "PROVINSI": "BANGKA BELITUNG", "No_Prov_26": "16", "ID_Jbt_26": "1600038", "Kd_Ruas_26": "16008", "Suffix_26": null, "Nm_Ruas_26": "LUMUT - SEI LIAT", "Lintas_26": "NON LINTAS", "No_Jbt_26": "16.008.003.0", "Nm_Jbt_26": "AIR JELUTUNG", "Status_26": "N", "Fungsi_26": "JAP", "Lks_Dr_26": "PKP", "Lks_km_26": 36896.0, "F_STA_26": "450", "Cadin_26": "KAB. BANGKA", "Pjg_Jbt_26": 8.8, "Btg_Pjg_26": 8.4, "Jml_Btg_26": "1", "Lb_Jl_Ms26": 6.8, "Lb_Jl_Kl26": 6.8, "Lb_Lalin26": 6.8, "Lb_Bh_Ki26": 0.45, "Lb_Bh_Ka26": 0.65, "Lb_Dr_Ki26": 0.1, "Lb_Dr_Ka26": 0.1, "Lb_Tr_Ki26": 0.54, "Lb_Tr_Ka26": 0.52, "Lb_TS_Ki26": 0.0, "Lb_TS_Ka26": 0.0, "Lb_Med_26": 0.0, "Lbr_Jbt_26": 9.16, "Bgn_Ats_26": "GTP", "Jns_Jbt_26": "STANDAR", "Thn_Bgn_26": "1978", "BA_26": "2", "LNT_26": "2", "BB_26": "1", "DAS_26": "2", "OP_26": "2", "UT_26": "0", "GR_26": "0", "LB_26": "0", "JBT_26": "2", "Tp_Lnts_26": "SUNGAI", "Dt_Lnts_26": "LURUS, BERKELOK (MEANDER), BERJALIN (BRAIDED)", "Pnangnn_26": "RUTIN", "Pmriksn_26": "TIDAK DI SURVEI", "Pnglola_26": "BPJN BANGKA BELITUNG", "Satkr_ID26": "693887", "PPK_Name26": "PPK 1.3", "Traffic_26": null, "VCR_26": "0.06", "AADT_26": null, "Tipe_Jb_26": null, "Lat_26": -1.83045999983, "Long_26": 106.0885, "Tgl_Ins_26": "6\/3\/2025", "Ket_26": null }, "geometry": { "type": "Point", "coordinates": [ 106.088499999675321, -1.830459999829088 ] } },
{ "type": "Feature", "properties": { "KDRUAS_UPD": "16008", "NOJBT_UPD": "16.008.004.0", "NM_RUAS_UP": "LUMUT - SEI LIAT", "NM_JBT_UPD": "AIR KETIAU", "PROVINSI": "BANGKA BELITUNG", "No_Prov_26": "16", "ID_Jbt_26": "1600039", "Kd_Ruas_26": "16008", "Suffix_26": null, "Nm_Ruas_26": "LUMUT - SEI LIAT", "Lintas_26": "NON LINTAS", "No_Jbt_26": "16.008.004.0", "Nm_Jbt_26": "AIR KETIAU", "Status_26": "N", "Fungsi_26": "JAP", "Lks_Dr_26": "PKP", "Lks_km_26": 41096.0, "F_STA_26": "860", "Cadin_26": "KAB. BANGKA", "Pjg_Jbt_26": 6.8, "Btg_Pjg_26": 6.2, "Jml_Btg_26": "1", "Lb_Jl_Ms26": 6.78, "Lb_Jl_Kl26": 6.78, "Lb_Lalin26": 6.78, "Lb_Bh_Ki26": 0.7, "Lb_Bh_Ka26": 0.42, "Lb_Dr_Ki26": 0.07, "Lb_Dr_Ka26": 0.07, "Lb_Tr_Ki26": 0.53, "Lb_Tr_Ka26": 0.49, "Lb_TS_Ki26": 0.0, "Lb_TS_Ka26": 0.0, "Lb_Med_26": 0.0, "Lbr_Jbt_26": 9.06, "Bgn_Ats_26": "GTP", "Jns_Jbt_26": "STANDAR", "Thn_Bgn_26": "1992", "BA_26": "3", "LNT_26": "2", "BB_26": "2", "DAS_26": "2", "OP_26": "2", "UT_26": "0", "GR_26": "0", "LB_26": "0", "JBT_26": "3", "Tp_Lnts_26": "SUNGAI", "Dt_Lnts_26": "LURUS, BERKELOK (MEANDER), BERJALIN (BRAIDED)", "Pnangnn_26": "REHABILITASI", "Pmriksn_26": "RUTIN", "Pnglola_26": "BPJN BANGKA BELITUNG", "Satkr_ID26": "693887", "PPK_Name26": "PPK 1.3", "Traffic_26": null, "VCR_26": "0.06", "AADT_26": null, "Tipe_Jb_26": null, "Lat_26": -1.80389999989, "Long_26": 106.0632, "Tgl_Ins_26": "4\/26\/2026", "Ket_26": null }, "geometry": { "type": "Point", "coordinates": [ 106.063200000279835, -1.803899999885061 ] } },
{ "type": "Feature", "properties": { "KDRUAS_UPD": "16008", "NOJBT_UPD": "16.008.005.0", "NM_RUAS_UP": "LUMUT - SEI LIAT", "NM_JBT_UPD": "AIR DINIANG II", "PROVINSI": "BANGKA BELITUNG", "No_Prov_26": "16", "ID_Jbt_26": "1600040", "Kd_Ruas_26": "16008", "Suffix_26": null, "Nm_Ruas_26": "LUMUT - SEI LIAT", "Lintas_26": "NON LINTAS", "No_Jbt_26": "16.008.005.0", "Nm_Jbt_26": "AIR DINIANG II", "Status_26": "N", "Fungsi_26": "JAP", "Lks_Dr_26": "PKP", "Lks_km_26": 42796.0, "F_STA_26": "1020", "Cadin_26": "KAB. BANGKA", "Pjg_Jbt_26": 36.2, "Btg_Pjg_26": 20.7, "Jml_Btg_26": "5", "Lb_Jl_Ms26": 6.2, "Lb_Jl_Kl26": 6.2, "Lb_Lalin26": 6.2, "Lb_Bh_Ki26": 0.5, "Lb_Bh_Ka26": 0.7, "Lb_Dr_Ki26": 0.05, "Lb_Dr_Ka26": 0.05, "Lb_Tr_Ki26": 1.05, "Lb_Tr_Ka26": 1.02, "Lb_TS_Ki26": 0.0, "Lb_TS_Ka26": 0.0, "Lb_Med_26": 0.0, "Lbr_Jbt_26": 9.6, "Bgn_Ats_26": "GTP", "Jns_Jbt_26": "STANDAR", "Thn_Bgn_26": "1974", "BA_26": "2", "LNT_26": "2", "BB_26": "1", "DAS_26": "2", "OP_26": "1", "UT_26": "0", "GR_26": "0", "LB_26": "0", "JBT_26": "2", "Tp_Lnts_26": "SUNGAI", "Dt_Lnts_26": "LURUS, BERKELOK (MEANDER), BERJALIN (BRAIDED)", "Pnangnn_26": "RUTIN", "Pmriksn_26": "DETAIL", "Pnglola_26": "BPJN BANGKA BELITUNG", "Satkr_ID26": "693887", "PPK_Name26": "PPK 1.3", "Traffic_26": null, "VCR_26": "0.06", "AADT_26": null, "Tipe_Jb_26": null, "Lat_26": -1.79211604552, "Long_26": 106.055381775, "Tgl_Ins_26": "4\/26\/2026", "Ket_26": null }, "geometry": { "type": "Point", "coordinates": [ 106.05538177464922, -1.792116045519037 ] } },
{ "type": "Feature", "properties": { "KDRUAS_UPD": "16008", "NOJBT_UPD": "16.008.006.0", "NM_RUAS_UP": "LUMUT - SEI LIAT", "NM_JBT_UPD": "AIR DINIANG I", "PROVINSI": "BANGKA BELITUNG", "No_Prov_26": "16", "ID_Jbt_26": "1600041", "Kd_Ruas_26": "16008", "Suffix_26": null, "Nm_Ruas_26": "LUMUT - SEI LIAT", "Lintas_26": "NON LINTAS", "No_Jbt_26": "16.008.006.0", "Nm_Jbt_26": "AIR DINIANG I", "Status_26": "N", "Fungsi_26": "JAP", "Lks_Dr_26": "PKP", "Lks_km_26": 44896.0, "F_STA_26": "1230", "Cadin_26": "KAB. BANGKA", "Pjg_Jbt_26": 7.4, "Btg_Pjg_26": 7.0, "Jml_Btg_26": "1", "Lb_Jl_Ms26": 6.85, "Lb_Jl_Kl26": 6.85, "Lb_Lalin26": 6.85, "Lb_Bh_Ki26": 0.4, "Lb_Bh_Ka26": 0.55, "Lb_Dr_Ki26": 0.0, "Lb_Dr_Ka26": 0.0, "Lb_Tr_Ki26": 0.52, "Lb_Tr_Ka26": 0.67, "Lb_TS_Ki26": 0.0, "Lb_TS_Ka26": 0.0, "Lb_Med_26": 0.0, "Lbr_Jbt_26": 9.25, "Bgn_Ats_26": "GTP", "Jns_Jbt_26": "STANDAR", "Thn_Bgn_26": "1978", "BA_26": "3", "LNT_26": "2", "BB_26": "2", "DAS_26": "3", "OP_26": "1", "UT_26": "1", "GR_26": "0", "LB_26": "0", "JBT_26": "3", "Tp_Lnts_26": "SUNGAI", "Dt_Lnts_26": "LURUS, BERKELOK (MEANDER), BERJALIN (BRAIDED)", "Pnangnn_26": "REHABILITASI", "Pmriksn_26": "RUTIN", "Pnglola_26": "BPJN BANGKA BELITUNG", "Satkr_ID26": "693887", "PPK_Name26": "PPK 1.3", "Traffic_26": null, "VCR_26": "0.06", "AADT_26": null, "Tipe_Jb_26": null, "Lat_26": -1.7873309849400001, "Long_26": 106.03856658900001, "Tgl_Ins_26": "4\/26\/2026", "Ket_26": null }, "geometry": { "type": "Point", "coordinates": [ 106.03856658917681, -1.787330984936943 ] } },
{ "type": "Feature", "properties": { "KDRUAS_UPD": "16002", "NOJBT_UPD": "16.002.008.0", "NM_RUAS_UP": "IBUL - KELAPA", "NM_JBT_UPD": "AIR KUBU I", "PROVINSI": "BANGKA BELITUNG", "No_Prov_26": "16", "ID_Jbt_26": "1600021", "Kd_Ruas_26": "16002", "Suffix_26": null, "Nm_Ruas_26": "IBUL - KELAPA", "Lintas_26": "NON LINTAS", "No_Jbt_26": "16.002.008.0", "Nm_Jbt_26": "AIR KUBU I", "Status_26": "N", "Fungsi_26": "JAP", "Lks_Dr_26": "PKP", "Lks_km_26": 83337.0, "F_STA_26": "1860", "Cadin_26": "KAB. BANGKA BARAT", "Pjg_Jbt_26": 12.8, "Btg_Pjg_26": 12.1, "Jml_Btg_26": "1", "Lb_Jl_Ms26": 5.15, "Lb_Jl_Kl26": 5.15, "Lb_Lalin26": 5.15, "Lb_Bh_Ki26": 0.4, "Lb_Bh_Ka26": 0.4, "Lb_Dr_Ki26": 0.15, "Lb_Dr_Ka26": 0.15, "Lb_Tr_Ki26": 0.38, "Lb_Tr_Ka26": 0.38, "Lb_TS_Ki26": 0.0, "Lb_TS_Ka26": 0.0, "Lb_Med_26": 0.0, "Lbr_Jbt_26": 7.01, "Bgn_Ats_26": "GTP", "Jns_Jbt_26": "STANDAR", "Thn_Bgn_26": "1990", "BA_26": "2", "LNT_26": "2", "BB_26": "2", "DAS_26": "2", "OP_26": "1", "UT_26": "0", "GR_26": "0", "LB_26": "0", "JBT_26": "2", "Tp_Lnts_26": "SUNGAI", "Dt_Lnts_26": "LURUS, BERKELOK (MEANDER), BERJALIN (BRAIDED)", "Pnangnn_26": "RUTIN", "Pmriksn_26": "DETAIL", "Pnglola_26": "BPJN BANGKA BELITUNG", "Satkr_ID26": "693887", "PPK_Name26": "PPK 1.2", "Traffic_26": null, "VCR_26": "0.06", "AADT_26": null, "Tipe_Jb_26": null, "Lat_26": -1.8738000001699999, "Long_26": 105.5165, "Tgl_Ins_26": "4\/22\/2026", "Ket_26": null }, "geometry": { "type": "Point", "coordinates": [ 105.516499999775249, -1.873800000169808 ] } },
{ "type": "Feature", "properties": { "KDRUAS_UPD": "16002", "NOJBT_UPD": "16.002.009.0", "NM_RUAS_UP": "IBUL - KELAPA", "NM_JBT_UPD": "AIR KUBU II", "PROVINSI": "BANGKA BELITUNG", "No_Prov_26": "16", "ID_Jbt_26": "1600022", "Kd_Ruas_26": "16002", "Suffix_26": null, "Nm_Ruas_26": "IBUL - KELAPA", "Lintas_26": "NON LINTAS", "No_Jbt_26": "16.002.009.0", "Nm_Jbt_26": "AIR KUBU II", "Status_26": "N", "Fungsi_26": "JAP", "Lks_Dr_26": "PKP", "Lks_km_26": 84237.0, "F_STA_26": "1950", "Cadin_26": "KAB. BANGKA BARAT", "Pjg_Jbt_26": 6.9, "Btg_Pjg_26": 3.45, "Jml_Btg_26": "2", "Lb_Jl_Ms26": 5.3, "Lb_Jl_Kl26": 5.3, "Lb_Lalin26": 5.3, "Lb_Bh_Ki26": 0.45, "Lb_Bh_Ka26": 0.45, "Lb_Dr_Ki26": 0.0, "Lb_Dr_Ka26": 0.0, "Lb_Tr_Ki26": 2.5, "Lb_Tr_Ka26": 2.5, "Lb_TS_Ki26": 0.0, "Lb_TS_Ka26": 0.0, "Lb_Med_26": 0.0, "Lbr_Jbt_26": 11.2, "Bgn_Ats_26": "BTP", "Jns_Jbt_26": "STANDAR", "Thn_Bgn_26": "2017", "BA_26": "0", "LNT_26": "0", "BB_26": "0", "DAS_26": "1", "OP_26": "0", "UT_26": "0", "GR_26": "2", "LB_26": "0", "JBT_26": "2", "Tp_Lnts_26": "SUNGAI", "Dt_Lnts_26": "LURUS, BERKELOK (MEANDER), BERJALIN (BRAIDED)", "Pnangnn_26": "RUTIN", "Pmriksn_26": "TIDAK DI SURVEI", "Pnglola_26": "BPJN BANGKA BELITUNG", "Satkr_ID26": "693887", "PPK_Name26": "PPK 1.2", "Traffic_26": null, "VCR_26": "0.06", "AADT_26": null, "Tipe_Jb_26": null, "Lat_26": -1.87099999965, "Long_26": 105.5092, "Tgl_Ins_26": "6\/10\/2025", "Ket_26": null }, "geometry": { "type": "Point", "coordinates": [ 105.509200000379792, -1.870999999650223 ] } },
{ "type": "Feature", "properties": { "KDRUAS_UPD": "16002", "NOJBT_UPD": "16.002.010.0", "NM_RUAS_UP": "IBUL - KELAPA", "NM_JBT_UPD": "AIR TERENTANG", "PROVINSI": "BANGKA BELITUNG", "No_Prov_26": "16", "ID_Jbt_26": "1600023", "Kd_Ruas_26": "16002", "Suffix_26": null, "Nm_Ruas_26": "IBUL - KELAPA", "Lintas_26": "NON LINTAS", "No_Jbt_26": "16.002.010.0", "Nm_Jbt_26": "AIR TERENTANG", "Status_26": "N", "Fungsi_26": "JAP", "Lks_Dr_26": "PKP", "Lks_km_26": 86637.0, "F_STA_26": "2180", "Cadin_26": "KAB. BANGKA", "Pjg_Jbt_26": 10.7, "Btg_Pjg_26": 10.1, "Jml_Btg_26": "1", "Lb_Jl_Ms26": 8.1, "Lb_Jl_Kl26": 8.1, "Lb_Lalin26": 8.1, "Lb_Bh_Ki26": 0.64, "Lb_Bh_Ka26": 0.56, "Lb_Dr_Ki26": 0.05, "Lb_Dr_Ka26": 0.05, "Lb_Tr_Ki26": 1.67, "Lb_Tr_Ka26": 1.92, "Lb_TS_Ki26": 0.0, "Lb_TS_Ka26": 0.0, "Lb_Med_26": 0.0, "Lbr_Jbt_26": 12.99, "Bgn_Ats_26": "GTP", "Jns_Jbt_26": "STANDAR", "Thn_Bgn_26": "1978", "BA_26": "2", "LNT_26": "2", "BB_26": "2", "DAS_26": "2", "OP_26": "1", "UT_26": "0", "GR_26": "0", "LB_26": "0", "JBT_26": "2", "Tp_Lnts_26": "SUNGAI", "Dt_Lnts_26": "LURUS, BERKELOK (MEANDER), BERJALIN (BRAIDED)", "Pnangnn_26": "RUTIN", "Pmriksn_26": "DETAIL", "Pnglola_26": "BPJN BANGKA BELITUNG", "Satkr_ID26": "693887", "PPK_Name26": "PPK 1.2", "Traffic_26": null, "VCR_26": "0.06", "AADT_26": null, "Tipe_Jb_26": null, "Lat_26": -1.8685000003700001, "Long_26": 105.4895, "Tgl_Ins_26": "4\/22\/2026", "Ket_26": null }, "geometry": { "type": "Point", "coordinates": [ 105.489500000224893, -1.868500000374695 ] } },
{ "type": "Feature", "properties": { "KDRUAS_UPD": "16005", "NOJBT_UPD": "16.005.001.0", "NM_RUAS_UP": "PUDING GEBAK (SP. BELINYU) - PUDING BESAR", "NM_JBT_UPD": "AIR LESUNG", "PROVINSI": "BANGKA BELITUNG", "No_Prov_26": "16", "ID_Jbt_26": "1600024", "Kd_Ruas_26": "16005", "Suffix_26": null, "Nm_Ruas_26": "PUDING GEBAK (SP. BELINYU) - PUDING BESAR", "Lintas_26": "NON LINTAS", "No_Jbt_26": "16.005.001.0", "Nm_Jbt_26": "AIR LESUNG", "Status_26": "N", "Fungsi_26": "JAP", "Lks_Dr_26": "PKP", "Lks_km_26": 46696.0, "F_STA_26": "1730", "Cadin_26": "KAB. BANGKA", "Pjg_Jbt_26": 8.8, "Btg_Pjg_26": 8.3, "Jml_Btg_26": "1", "Lb_Jl_Ms26": 5.6, "Lb_Jl_Kl26": 5.6, "Lb_Lalin26": 5.6, "Lb_Bh_Ki26": 0.65, "Lb_Bh_Ka26": 0.6, "Lb_Dr_Ki26": 0.15, "Lb_Dr_Ka26": 0.15, "Lb_Tr_Ki26": 1.0, "Lb_Tr_Ka26": 1.0, "Lb_TS_Ki26": 0.0, "Lb_TS_Ka26": 0.0, "Lb_Med_26": 0.0, "Lbr_Jbt_26": 9.15, "Bgn_Ats_26": "GTP", "Jns_Jbt_26": "STANDAR", "Thn_Bgn_26": "1978", "BA_26": "2", "LNT_26": "2", "BB_26": "2", "DAS_26": "1", "OP_26": "1", "UT_26": "0", "GR_26": "0", "LB_26": "0", "JBT_26": "2", "Tp_Lnts_26": "SUNGAI", "Dt_Lnts_26": "LURUS, BERKELOK (MEANDER), BERJALIN (BRAIDED)", "Pnangnn_26": "RUTIN", "Pmriksn_26": "DETAIL", "Pnglola_26": "BPJN BANGKA BELITUNG", "Satkr_ID26": "693887", "PPK_Name26": "PPK 1.2", "Traffic_26": null, "VCR_26": "0.08", "AADT_26": null, "Tipe_Jb_26": null, "Lat_26": -1.94580000017, "Long_26": 105.8043, "Tgl_Ins_26": "4\/21\/2026", "Ket_26": null }, "geometry": { "type": "Point", "coordinates": [ 105.804300000444698, -1.945800000169811 ] } },
{ "type": "Feature", "properties": { "KDRUAS_UPD": "16005", "NOJBT_UPD": "16.005.002.0", "NM_RUAS_UP": "PUDING GEBAK (SP. BELINYU) - PUDING BESAR", "NM_JBT_UPD": "AIR NYALAU", "PROVINSI": "BANGKA BELITUNG", "No_Prov_26": "16", "ID_Jbt_26": "1600025", "Kd_Ruas_26": "16005", "Suffix_26": null, "Nm_Ruas_26": "PUDING GEBAK (SP. BELINYU) - PUDING BESAR", "Lintas_26": "NON LINTAS", "No_Jbt_26": "16.005.002.0", "Nm_Jbt_26": "AIR NYALAU", "Status_26": "N", "Fungsi_26": "JAP", "Lks_Dr_26": "PKP", "Lks_km_26": 55896.0, "F_STA_26": "2610", "Cadin_26": "KAB. BANGKA", "Pjg_Jbt_26": 18.7, "Btg_Pjg_26": 18.1, "Jml_Btg_26": "1", "Lb_Jl_Ms26": 5.32, "Lb_Jl_Kl26": 5.32, "Lb_Lalin26": 5.32, "Lb_Bh_Ki26": 0.35, "Lb_Bh_Ka26": 0.28, "Lb_Dr_Ki26": 0.12, "Lb_Dr_Ka26": 0.16, "Lb_Tr_Ki26": 0.83, "Lb_Tr_Ka26": 0.82, "Lb_TS_Ki26": 0.0, "Lb_TS_Ka26": 0.0, "Lb_Med_26": 0.0, "Lbr_Jbt_26": 7.88, "Bgn_Ats_26": "GTP", "Jns_Jbt_26": "STANDAR", "Thn_Bgn_26": "1978", "BA_26": "2", "LNT_26": "2", "BB_26": "2", "DAS_26": "1", "OP_26": "1", "UT_26": "0", "GR_26": "0", "LB_26": "0", "JBT_26": "2", "Tp_Lnts_26": "SUNGAI", "Dt_Lnts_26": "LURUS, BERKELOK (MEANDER), BERJALIN (BRAIDED)", "Pnangnn_26": "RUTIN", "Pmriksn_26": "DETAIL", "Pnglola_26": "BPJN BANGKA BELITUNG", "Satkr_ID26": "693887", "PPK_Name26": "PPK 1.2", "Traffic_26": null, "VCR_26": "0.08", "AADT_26": null, "Tipe_Jb_26": null, "Lat_26": -1.9240299998799999, "Long_26": 105.7298, "Tgl_Ins_26": "4\/21\/2026", "Ket_26": null }, "geometry": { "type": "Point", "coordinates": [ 105.729800000269847, -1.924029999884567 ] } },
{ "type": "Feature", "properties": { "KDRUAS_UPD": "16006", "NOJBT_UPD": "16.006.001.0", "NM_RUAS_UP": "PUDING BESAR - BTS. KOTA PANGKAL PINANG", "NM_JBT_UPD": "AIR NANGKA", "PROVINSI": "BANGKA BELITUNG", "No_Prov_26": "16", "ID_Jbt_26": "1600026", "Kd_Ruas_26": "16006", "Suffix_26": null, "Nm_Ruas_26": "PUDING BESAR - BTS. KOTA PANGKAL PINANG", "Lintas_26": "NON LINTAS", "No_Jbt_26": "16.006.001.0", "Nm_Jbt_26": "AIR NANGKA", "Status_26": "N", "Fungsi_26": "JAP", "Lks_Dr_26": "PKP", "Lks_km_26": 44496.0, "F_STA_26": "140", "Cadin_26": "KAB. BANGKA", "Pjg_Jbt_26": 15.6, "Btg_Pjg_26": 15.0, "Jml_Btg_26": "1", "Lb_Jl_Ms26": 6.6, "Lb_Jl_Kl26": 6.6, "Lb_Lalin26": 6.6, "Lb_Bh_Ki26": 0.3, "Lb_Bh_Ka26": 0.3, "Lb_Dr_Ki26": 0.1, "Lb_Dr_Ka26": 0.15, "Lb_Tr_Ki26": 1.03, "Lb_Tr_Ka26": 1.07, "Lb_TS_Ki26": 0.0, "Lb_TS_Ka26": 0.0, "Lb_Med_26": 0.0, "Lbr_Jbt_26": 9.55, "Bgn_Ats_26": "GTP", "Jns_Jbt_26": "STANDAR", "Thn_Bgn_26": "1978", "BA_26": "3", "LNT_26": "2", "BB_26": "3", "DAS_26": "3", "OP_26": "2", "UT_26": "0", "GR_26": "0", "LB_26": "0", "JBT_26": "3", "Tp_Lnts_26": "SUNGAI", "Dt_Lnts_26": "LURUS, BERKELOK (MEANDER), BERJALIN (BRAIDED)", "Pnangnn_26": "REHABILITASI", "Pmriksn_26": "RUTIN", "Pnglola_26": "BPJN BANGKA BELITUNG", "Satkr_ID26": "693887", "PPK_Name26": null, "Traffic_26": null, "VCR_26": "0.76", "AADT_26": null, "Tipe_Jb_26": null, "Lat_26": -2.1354999996299999, "Long_26": 106.0766, "Tgl_Ins_26": "4\/21\/2026", "Ket_26": null }, "geometry": { "type": "Point", "coordinates": [ 106.07660000038976, -2.13549999962521 ] } },
{ "type": "Feature", "properties": { "KDRUAS_UPD": "16006", "NOJBT_UPD": "16.006.002.0", "NM_RUAS_UP": "PUDING BESAR - BTS. KOTA PANGKAL PINANG", "NM_JBT_UPD": "AIR BENIK", "PROVINSI": "BANGKA BELITUNG", "No_Prov_26": "16", "ID_Jbt_26": "1600027", "Kd_Ruas_26": "16006", "Suffix_26": null, "Nm_Ruas_26": "PUDING BESAR - BTS. KOTA PANGKAL PINANG", "Lintas_26": "NON LINTAS", "No_Jbt_26": "16.006.002.0", "Nm_Jbt_26": "AIR BENIK", "Status_26": "N", "Fungsi_26": "JAP", "Lks_Dr_26": "PKP", "Lks_km_26": 49196.000000000007, "F_STA_26": "1040", "Cadin_26": "KAB. BANGKA", "Pjg_Jbt_26": 13.0, "Btg_Pjg_26": 12.65, "Jml_Btg_26": "1", "Lb_Jl_Ms26": 5.45, "Lb_Jl_Kl26": 5.45, "Lb_Lalin26": 5.45, "Lb_Bh_Ki26": 0.25, "Lb_Bh_Ka26": 0.3, "Lb_Dr_Ki26": 0.15, "Lb_Dr_Ka26": 0.15, "Lb_Tr_Ki26": 0.8, "Lb_Tr_Ka26": 0.85, "Lb_TS_Ki26": 0.0, "Lb_TS_Ka26": 0.0, "Lb_Med_26": 0.0, "Lbr_Jbt_26": 7.95, "Bgn_Ats_26": "GTP", "Jns_Jbt_26": "STANDAR", "Thn_Bgn_26": "1990", "BA_26": "2", "LNT_26": "2", "BB_26": "2", "DAS_26": "2", "OP_26": "0", "UT_26": "0", "GR_26": "0", "LB_26": "0", "JBT_26": "2", "Tp_Lnts_26": "SUNGAI", "Dt_Lnts_26": "LURUS, BERKELOK (MEANDER), BERJALIN (BRAIDED)", "Pnangnn_26": "RUTIN", "Pmriksn_26": "DETAIL", "Pnglola_26": "BPJN BANGKA BELITUNG", "Satkr_ID26": "693887", "PPK_Name26": null, "Traffic_26": null, "VCR_26": "0.76", "AADT_26": null, "Tipe_Jb_26": null, "Lat_26": -2.1138657924699999, "Long_26": 106.00280064099999, "Tgl_Ins_26": "4\/21\/2026", "Ket_26": null }, "geometry": { "type": "Point", "coordinates": [ 106.002800641336592, -2.113865792472325 ] } },
{ "type": "Feature", "properties": { "KDRUAS_UPD": "16006", "NOJBT_UPD": "16.006.003.0", "NM_RUAS_UP": "PUDING BESAR - BTS. KOTA PANGKAL PINANG", "NM_JBT_UPD": "AIR PETALING", "PROVINSI": "BANGKA BELITUNG", "No_Prov_26": "16", "ID_Jbt_26": "1600028", "Kd_Ruas_26": "16006", "Suffix_26": null, "Nm_Ruas_26": "PUDING BESAR - BTS. KOTA PANGKAL PINANG", "Lintas_26": "NON LINTAS", "No_Jbt_26": "16.006.003.0", "Nm_Jbt_26": "AIR PETALING", "Status_26": "N", "Fungsi_26": "JAP", "Lks_Dr_26": "PKP", "Lks_km_26": 49496.0, "F_STA_26": "1140", "Cadin_26": "KAB. BANGKA", "Pjg_Jbt_26": 7.1, "Btg_Pjg_26": 7.0, "Jml_Btg_26": "1", "Lb_Jl_Ms26": 5.38, "Lb_Jl_Kl26": 5.38, "Lb_Lalin26": 5.38, "Lb_Bh_Ki26": 0.95, "Lb_Bh_Ka26": 0.8, "Lb_Dr_Ki26": 0.2, "Lb_Dr_Ka26": 0.2, "Lb_Tr_Ki26": 1.0, "Lb_Tr_Ka26": 1.0, "Lb_TS_Ki26": 0.0, "Lb_TS_Ka26": 0.0, "Lb_Med_26": 0.0, "Lbr_Jbt_26": 9.53, "Bgn_Ats_26": "PTP", "Jns_Jbt_26": "STANDAR", "Thn_Bgn_26": "1980", "BA_26": "2", "LNT_26": "2", "BB_26": "2", "DAS_26": "2", "OP_26": "1", "UT_26": "0", "GR_26": "0", "LB_26": "0", "JBT_26": "2", "Tp_Lnts_26": "SUNGAI", "Dt_Lnts_26": "LURUS, BERKELOK (MEANDER), BERJALIN (BRAIDED)", "Pnangnn_26": "RUTIN", "Pmriksn_26": "DETAIL", "Pnglola_26": "BPJN BANGKA BELITUNG", "Satkr_ID26": "693887", "PPK_Name26": null, "Traffic_26": null, "VCR_26": "0.76", "AADT_26": null, "Tipe_Jb_26": null, "Lat_26": -2.11069999991, "Long_26": 105.9954, "Tgl_Ins_26": "4\/21\/2026", "Ket_26": null }, "geometry": { "type": "Point", "coordinates": [ 105.995399999710287, -2.110699999905023 ] } },
{ "type": "Feature", "properties": { "KDRUAS_UPD": "1601813", "NOJBT_UPD": "16.018.004.B.13", "NM_RUAS_UP": "JLN. SUDIRMAN (T.PANDAN-PERAWAS)", "NM_JBT_UPD": "AIR BEBULAK B", "PROVINSI": "BANGKA BELITUNG", "No_Prov_26": "16", "ID_Jbt_26": "1600337", "Kd_Ruas_26": "1601813", "Suffix_26": "13", "Nm_Ruas_26": "JLN. SUDIRMAN (T.PANDAN-PERAWAS)", "Lintas_26": "NON LINTAS", "No_Jbt_26": "16.018.004.B.13", "Nm_Jbt_26": "AIR BEBULAK B", "Status_26": "N", "Fungsi_26": "JKP-1", "Lks_Dr_26": "TDN", "Lks_km_26": 8430.0, "F_STA_26": "870", "Cadin_26": "KAB. BELITUNG", "Pjg_Jbt_26": 13.5, "Btg_Pjg_26": 13.0, "Jml_Btg_26": "1", "Lb_Jl_Ms26": 6.37, "Lb_Jl_Kl26": 6.37, "Lb_Lalin26": 6.37, "Lb_Bh_Ki26": 0.31, "Lb_Bh_Ka26": 0.32, "Lb_Dr_Ki26": 0.08, "Lb_Dr_Ka26": 0.1, "Lb_Tr_Ki26": 0.86, "Lb_Tr_Ka26": 0.85, "Lb_TS_Ki26": 0.0, "Lb_TS_Ka26": 0.0, "Lb_Med_26": 0.0, "Lbr_Jbt_26": 8.89, "Bgn_Ats_26": "GTP", "Jns_Jbt_26": "STANDAR", "Thn_Bgn_26": "2010", "BA_26": "1", "LNT_26": "1", "BB_26": "1", "DAS_26": "2", "OP_26": "0", "UT_26": "1", "GR_26": "0", "LB_26": "0", "JBT_26": "2", "Tp_Lnts_26": "SUNGAI", "Dt_Lnts_26": "LURUS, BERKELOK (MEANDER), BERJALIN (BRAIDED)", "Pnangnn_26": "RUTIN", "Pmriksn_26": "TIDAK DI SURVEI", "Pnglola_26": "BPJN BANGKA BELITUNG", "Satkr_ID26": "4693888", "PPK_Name26": "PPK 2.1", "Traffic_26": null, "VCR_26": "0.37", "AADT_26": null, "Tipe_Jb_26": null, "Lat_26": -2.7571999999800001, "Long_26": 107.7041, "Tgl_Ins_26": "7\/3\/2025", "Ket_26": null }, "geometry": { "type": "Point", "coordinates": [ 107.704100000015046, -2.757199999979946 ] } },
{ "type": "Feature", "properties": { "KDRUAS_UPD": "16020", "NOJBT_UPD": "16.020.004.0", "NM_RUAS_UP": "PERAWAS - BADAU", "NM_JBT_UPD": "AIR JELUTUNG", "PROVINSI": "BANGKA BELITUNG", "No_Prov_26": "16", "ID_Jbt_26": "1600097", "Kd_Ruas_26": "16020", "Suffix_26": null, "Nm_Ruas_26": "PERAWAS - BADAU", "Lintas_26": "NON LINTAS", "No_Jbt_26": "16.020.004.0", "Nm_Jbt_26": "AIR JELUTUNG", "Status_26": "N", "Fungsi_26": "JKP-1", "Lks_Dr_26": "TDN", "Lks_km_26": 18117.0, "F_STA_26": "910", "Cadin_26": "KAB. BELITUNG", "Pjg_Jbt_26": 10.4, "Btg_Pjg_26": 10.0, "Jml_Btg_26": "1", "Lb_Jl_Ms26": 6.3, "Lb_Jl_Kl26": 6.3, "Lb_Lalin26": 6.3, "Lb_Bh_Ki26": 0.3, "Lb_Bh_Ka26": 0.36, "Lb_Dr_Ki26": 0.05, "Lb_Dr_Ka26": 0.05, "Lb_Tr_Ki26": 1.1, "Lb_Tr_Ka26": 0.81, "Lb_TS_Ki26": 0.0, "Lb_TS_Ka26": 0.0, "Lb_Med_26": 0.0, "Lbr_Jbt_26": 8.97, "Bgn_Ats_26": "GTP", "Jns_Jbt_26": "STANDAR", "Thn_Bgn_26": "1978", "BA_26": "3", "LNT_26": "3", "BB_26": "2", "DAS_26": "2", "OP_26": "1", "UT_26": "0", "GR_26": "0", "LB_26": "0", "JBT_26": "3", "Tp_Lnts_26": "SUNGAI", "Dt_Lnts_26": "LURUS, BERKELOK (MEANDER), BERJALIN (BRAIDED)", "Pnangnn_26": "REHABILITASI", "Pmriksn_26": "RUTIN", "Pnglola_26": "BPJN BANGKA BELITUNG", "Satkr_ID26": "4693888", "PPK_Name26": "PPK 2.2", "Traffic_26": null, "VCR_26": "0.09", "AADT_26": null, "Tipe_Jb_26": null, "Lat_26": -2.80660000009, "Long_26": 107.7722, "Tgl_Ins_26": "5\/9\/2026", "Ket_26": null }, "geometry": { "type": "Point", "coordinates": [ 107.772200000030011, -2.806600000089873 ] } },
{ "type": "Feature", "properties": { "KDRUAS_UPD": "16022", "NOJBT_UPD": "16.022.004.0", "NM_RUAS_UP": "BTS. KAB. BELITUNG\/BELITUNG TIMUR - SP. RENGGIANG", "NM_JBT_UPD": "AIR TEDUNG", "PROVINSI": "BANGKA BELITUNG", "No_Prov_26": "16", "ID_Jbt_26": "1600103", "Kd_Ruas_26": "16022", "Suffix_26": null, "Nm_Ruas_26": "BTS. KAB. BELITUNG\/BELITUNG TIMUR - SP. RENGGIANG", "Lintas_26": "NON LINTAS", "No_Jbt_26": "16.022.004.0", "Nm_Jbt_26": "AIR TEDUNG", "Status_26": "N", "Fungsi_26": "JKP-1", "Lks_Dr_26": "TDN", "Lks_km_26": 41800.0, "F_STA_26": "1340", "Cadin_26": "KAB. BELITUNG TIMUR", "Pjg_Jbt_26": 8.7, "Btg_Pjg_26": 8.2, "Jml_Btg_26": "1", "Lb_Jl_Ms26": 6.57, "Lb_Jl_Kl26": 6.57, "Lb_Lalin26": 6.57, "Lb_Bh_Ki26": 0.39, "Lb_Bh_Ka26": 0.55, "Lb_Dr_Ki26": 0.05, "Lb_Dr_Ka26": 0.05, "Lb_Tr_Ki26": 1.3, "Lb_Tr_Ka26": 1.3, "Lb_TS_Ki26": 0.0, "Lb_TS_Ka26": 0.0, "Lb_Med_26": 0.0, "Lbr_Jbt_26": 10.21, "Bgn_Ats_26": "GTP", "Jns_Jbt_26": "STANDAR", "Thn_Bgn_26": "1990", "BA_26": "2", "LNT_26": "2", "BB_26": "2", "DAS_26": "2", "OP_26": "1", "UT_26": "0", "GR_26": "0", "LB_26": "0", "JBT_26": "2", "Tp_Lnts_26": "SUNGAI", "Dt_Lnts_26": "LURUS, BERKELOK (MEANDER), BERJALIN (BRAIDED)", "Pnangnn_26": "BERKALA", "Pmriksn_26": "RUTIN", "Pnglola_26": "BPJN BANGKA BELITUNG", "Satkr_ID26": "4693888", "PPK_Name26": "PPK 2.2", "Traffic_26": null, "VCR_26": "0.05", "AADT_26": null, "Tipe_Jb_26": null, "Lat_26": -2.8629000000299998, "Long_26": 107.9633, "Tgl_Ins_26": "5\/9\/2026", "Ket_26": null }, "geometry": { "type": "Point", "coordinates": [ 107.96330000019492, -2.862900000034927 ] } },
{ "type": "Feature", "properties": { "KDRUAS_UPD": "16022", "NOJBT_UPD": "16.022.005.0", "NM_RUAS_UP": "BTS. KAB. BELITUNG\/BELITUNG TIMUR - SP. RENGGIANG", "NM_JBT_UPD": "AIR KELABU", "PROVINSI": "BANGKA BELITUNG", "No_Prov_26": "16", "ID_Jbt_26": "1600104", "Kd_Ruas_26": "16022", "Suffix_26": null, "Nm_Ruas_26": "BTS. KAB. BELITUNG\/BELITUNG TIMUR - SP. RENGGIANG", "Lintas_26": "NON LINTAS", "No_Jbt_26": "16.022.005.0", "Nm_Jbt_26": "AIR KELABU", "Status_26": "N", "Fungsi_26": "JKP-1", "Lks_Dr_26": "TDN", "Lks_km_26": 47299.999999999993, "F_STA_26": "1900", "Cadin_26": "KAB. BELITUNG TIMUR", "Pjg_Jbt_26": 6.2, "Btg_Pjg_26": 5.8, "Jml_Btg_26": "1", "Lb_Jl_Ms26": 7.23, "Lb_Jl_Kl26": 7.23, "Lb_Lalin26": 7.23, "Lb_Bh_Ki26": 0.34, "Lb_Bh_Ka26": 0.38, "Lb_Dr_Ki26": 0.13, "Lb_Dr_Ka26": 0.15, "Lb_Tr_Ki26": 1.3, "Lb_Tr_Ka26": 1.3, "Lb_TS_Ki26": 0.0, "Lb_TS_Ka26": 0.0, "Lb_Med_26": 0.0, "Lbr_Jbt_26": 10.83, "Bgn_Ats_26": "GTP", "Jns_Jbt_26": "STANDAR", "Thn_Bgn_26": "1990", "BA_26": "2", "LNT_26": "2", "BB_26": "2", "DAS_26": "1", "OP_26": "0", "UT_26": "0", "GR_26": "0", "LB_26": "0", "JBT_26": "2", "Tp_Lnts_26": "SUNGAI", "Dt_Lnts_26": "LURUS, BERKELOK (MEANDER), BERJALIN (BRAIDED)", "Pnangnn_26": "RUTIN", "Pmriksn_26": "TIDAK DI SURVEI", "Pnglola_26": "BPJN BANGKA BELITUNG", "Satkr_ID26": "4693888", "PPK_Name26": "PPK 2.2", "Traffic_26": null, "VCR_26": "0.05", "AADT_26": null, "Tipe_Jb_26": null, "Lat_26": -2.86109999977, "Long_26": 108.0122, "Tgl_Ins_26": "7\/6\/2025", "Ket_26": null }, "geometry": { "type": "Point", "coordinates": [ 108.012199999730285, -2.861099999765145 ] } },
{ "type": "Feature", "properties": { "KDRUAS_UPD": "16023", "NOJBT_UPD": "16.023.001.0", "NM_RUAS_UP": "SP. RENGGIANG - SP. PADANG", "NM_JBT_UPD": "AIR RIUNG I", "PROVINSI": "BANGKA BELITUNG", "No_Prov_26": "16", "ID_Jbt_26": "1600105", "Kd_Ruas_26": "16023", "Suffix_26": null, "Nm_Ruas_26": "SP. RENGGIANG - SP. PADANG", "Lintas_26": "NON LINTAS", "No_Jbt_26": "16.023.001.0", "Nm_Jbt_26": "AIR RIUNG I", "Status_26": "N", "Fungsi_26": "JKP-1", "Lks_Dr_26": "TDN", "Lks_km_26": 52978.0, "F_STA_26": "70", "Cadin_26": "KAB. BELITUNG TIMUR", "Pjg_Jbt_26": 24.9, "Btg_Pjg_26": 24.4, "Jml_Btg_26": "1", "Lb_Jl_Ms26": 5.36, "Lb_Jl_Kl26": 5.36, "Lb_Lalin26": 5.36, "Lb_Bh_Ki26": 0.19, "Lb_Bh_Ka26": 0.33, "Lb_Dr_Ki26": 0.15, "Lb_Dr_Ka26": 0.15, "Lb_Tr_Ki26": 1.0, "Lb_Tr_Ka26": 1.0, "Lb_TS_Ki26": 0.0, "Lb_TS_Ka26": 0.0, "Lb_Med_26": 0.0, "Lbr_Jbt_26": 8.18, "Bgn_Ats_26": "GTP", "Jns_Jbt_26": "STANDAR", "Thn_Bgn_26": "1990", "BA_26": "1", "LNT_26": "1", "BB_26": "1", "DAS_26": "1", "OP_26": "1", "UT_26": "0", "GR_26": "0", "LB_26": "0", "JBT_26": "1", "Tp_Lnts_26": "SUNGAI", "Dt_Lnts_26": "LURUS, BERKELOK (MEANDER), BERJALIN (BRAIDED)", "Pnangnn_26": "RUTIN", "Pmriksn_26": "DETAIL", "Pnglola_26": "BPJN BANGKA BELITUNG", "Satkr_ID26": "4693888", "PPK_Name26": "PPK 2.2", "Traffic_26": null, "VCR_26": "0.06", "AADT_26": null, "Tipe_Jb_26": null, "Lat_26": -2.87519999978, "Long_26": 108.0558, "Tgl_Ins_26": "5\/9\/2026", "Ket_26": null }, "geometry": { "type": "Point", "coordinates": [ 108.0558000003698, -2.875199999780136 ] } },
{ "type": "Feature", "properties": { "KDRUAS_UPD": "16023", "NOJBT_UPD": "16.023.002.0", "NM_RUAS_UP": "SP. RENGGIANG - SP. PADANG", "NM_JBT_UPD": "AIR RIUNG II", "PROVINSI": "BANGKA BELITUNG", "No_Prov_26": "16", "ID_Jbt_26": "1600106", "Kd_Ruas_26": "16023", "Suffix_26": null, "Nm_Ruas_26": "SP. RENGGIANG - SP. PADANG", "Lintas_26": "NON LINTAS", "No_Jbt_26": "16.023.002.0", "Nm_Jbt_26": "AIR RIUNG II", "Status_26": "N", "Fungsi_26": "JKP-1", "Lks_Dr_26": "TDN", "Lks_km_26": 53078.0, "F_STA_26": "90", "Cadin_26": "KAB. BELITUNG TIMUR", "Pjg_Jbt_26": 15.6, "Btg_Pjg_26": 15.1, "Jml_Btg_26": "1", "Lb_Jl_Ms26": 6.75, "Lb_Jl_Kl26": 6.75, "Lb_Lalin26": 6.75, "Lb_Bh_Ki26": 0.3, "Lb_Bh_Ka26": 0.31, "Lb_Dr_Ki26": 0.12, "Lb_Dr_Ka26": 0.12, "Lb_Tr_Ki26": 1.3, "Lb_Tr_Ka26": 1.3, "Lb_TS_Ki26": 0.0, "Lb_TS_Ka26": 0.0, "Lb_Med_26": 0.0, "Lbr_Jbt_26": 10.2, "Bgn_Ats_26": "GTP", "Jns_Jbt_26": "STANDAR", "Thn_Bgn_26": "1990", "BA_26": "1", "LNT_26": "1", "BB_26": "1", "DAS_26": "1", "OP_26": "1", "UT_26": "0", "GR_26": "0", "LB_26": "0", "JBT_26": "1", "Tp_Lnts_26": "SUNGAI", "Dt_Lnts_26": "LURUS, BERKELOK (MEANDER), BERJALIN (BRAIDED)", "Pnangnn_26": "RUTIN", "Pmriksn_26": "TIDAK DI SURVEI", "Pnglola_26": "BPJN BANGKA BELITUNG", "Satkr_ID26": "4693888", "PPK_Name26": "PPK 2.2", "Traffic_26": null, "VCR_26": "0.06", "AADT_26": null, "Tipe_Jb_26": null, "Lat_26": -2.87500000045, "Long_26": 108.0569, "Tgl_Ins_26": "7\/6\/2025", "Ket_26": null }, "geometry": { "type": "Point", "coordinates": [ 108.056899999835196, -2.875000000449631 ] } },
{ "type": "Feature", "properties": { "KDRUAS_UPD": "16001", "NOJBT_UPD": "16.001.001.0", "NM_RUAS_UP": "TANJUNG KELIAN - IBUL", "NM_JBT_UPD": "AIR LAMBUR", "PROVINSI": "BANGKA BELITUNG", "No_Prov_26": "16", "ID_Jbt_26": "1600001", "Kd_Ruas_26": "16001", "Suffix_26": null, "Nm_Ruas_26": "TANJUNG KELIAN - IBUL", "Lintas_26": "NON LINTAS", "No_Jbt_26": "16.001.001.0", "Nm_Jbt_26": "AIR LAMBUR", "Status_26": "N", "Fungsi_26": "JAP", "Lks_Dr_26": "PKP", "Lks_km_26": 94066.0, "F_STA_26": "360", "Cadin_26": "KAB. BANGKA BARAT", "Pjg_Jbt_26": 20.8, "Btg_Pjg_26": 20.1, "Jml_Btg_26": "1", "Lb_Jl_Ms26": 5.2, "Lb_Jl_Kl26": 5.2, "Lb_Lalin26": 5.2, "Lb_Bh_Ki26": 0.4, "Lb_Bh_Ka26": 0.4, "Lb_Dr_Ki26": 0.1, "Lb_Dr_Ka26": 0.1, "Lb_Tr_Ki26": 0.8, "Lb_Tr_Ka26": 0.8, "Lb_TS_Ki26": 0.0, "Lb_TS_Ka26": 0.0, "Lb_Med_26": 0.0, "Lbr_Jbt_26": 7.8, "Bgn_Ats_26": "GTP", "Jns_Jbt_26": "STANDAR", "Thn_Bgn_26": "1978", "BA_26": "2", "LNT_26": "2", "BB_26": "1", "DAS_26": "1", "OP_26": "1", "UT_26": "0", "GR_26": "0", "LB_26": "0", "JBT_26": "2", "Tp_Lnts_26": "SUNGAI", "Dt_Lnts_26": "LURUS, BERKELOK (MEANDER), BERJALIN (BRAIDED)", "Pnangnn_26": "RUTIN", "Pmriksn_26": "TIDAK DI SURVEI", "Pnglola_26": "BPJN BANGKA BELITUNG", "Satkr_ID26": "693887", "PPK_Name26": "PPK 1.2", "Traffic_26": null, "VCR_26": "0.19", "AADT_26": null, "Tipe_Jb_26": null, "Lat_26": -1.8778000002699999, "Long_26": 105.4317, "Tgl_Ins_26": "6\/11\/2025", "Ket_26": null }, "geometry": { "type": "Point", "coordinates": [ 105.431700000354795, -1.877800000269758 ] } },
{ "type": "Feature", "properties": { "KDRUAS_UPD": "16001", "NOJBT_UPD": "16.001.002.0", "NM_RUAS_UP": "TANJUNG KELIAN - IBUL", "NM_JBT_UPD": "AIR LANTANG", "PROVINSI": "BANGKA BELITUNG", "No_Prov_26": "16", "ID_Jbt_26": "1600002", "Kd_Ruas_26": "16001", "Suffix_26": null, "Nm_Ruas_26": "TANJUNG KELIAN - IBUL", "Lintas_26": "NON LINTAS", "No_Jbt_26": "16.001.002.0", "Nm_Jbt_26": "AIR LANTANG", "Status_26": "N", "Fungsi_26": "JAP", "Lks_Dr_26": "PKP", "Lks_km_26": 94066.0, "F_STA_26": "370", "Cadin_26": "KAB. BANGKA BARAT", "Pjg_Jbt_26": 20.6, "Btg_Pjg_26": 19.9, "Jml_Btg_26": "1", "Lb_Jl_Ms26": 5.2, "Lb_Jl_Kl26": 5.2, "Lb_Lalin26": 5.2, "Lb_Bh_Ki26": 0.35, "Lb_Bh_Ka26": 0.3, "Lb_Dr_Ki26": 0.1, "Lb_Dr_Ka26": 0.1, "Lb_Tr_Ki26": 0.4, "Lb_Tr_Ka26": 0.4, "Lb_TS_Ki26": 0.0, "Lb_TS_Ka26": 0.0, "Lb_Med_26": 0.0, "Lbr_Jbt_26": 6.85, "Bgn_Ats_26": "GTP", "Jns_Jbt_26": "STANDAR", "Thn_Bgn_26": "1978", "BA_26": "3", "LNT_26": "2", "BB_26": "1", "DAS_26": "3", "OP_26": "1", "UT_26": "0", "GR_26": "0", "LB_26": "0", "JBT_26": "3", "Tp_Lnts_26": "SUNGAI", "Dt_Lnts_26": "LURUS, BERKELOK (MEANDER), BERJALIN (BRAIDED)", "Pnangnn_26": "REHABILITASI", "Pmriksn_26": "RUTIN", "Pnglola_26": "BPJN BANGKA BELITUNG", "Satkr_ID26": "693887", "PPK_Name26": "PPK 1.2", "Traffic_26": null, "VCR_26": "0.19", "AADT_26": null, "Tipe_Jb_26": null, "Lat_26": -1.8782999999400001, "Long_26": 105.4305, "Tgl_Ins_26": "4\/22\/2026", "Ket_26": null }, "geometry": { "type": "Point", "coordinates": [ 105.430499999875167, -1.878299999945 ] } },
{ "type": "Feature", "properties": { "KDRUAS_UPD": "16001", "NOJBT_UPD": "16.001.003.0", "NM_RUAS_UP": "TANJUNG KELIAN - IBUL", "NM_JBT_UPD": "AIR PELANGAS I", "PROVINSI": "BANGKA BELITUNG", "No_Prov_26": "16", "ID_Jbt_26": "1600003", "Kd_Ruas_26": "16001", "Suffix_26": null, "Nm_Ruas_26": "TANJUNG KELIAN - IBUL", "Lintas_26": "NON LINTAS", "No_Jbt_26": "16.001.003.0", "Nm_Jbt_26": "AIR PELANGAS I", "Status_26": "N", "Fungsi_26": "JAP", "Lks_Dr_26": "PKP", "Lks_km_26": 96666.0, "F_STA_26": "790", "Cadin_26": "KAB. BANGKA BARAT", "Pjg_Jbt_26": 22.7, "Btg_Pjg_26": 22.0, "Jml_Btg_26": "1", "Lb_Jl_Ms26": 5.25, "Lb_Jl_Kl26": 5.25, "Lb_Lalin26": 5.25, "Lb_Bh_Ki26": 0.28, "Lb_Bh_Ka26": 0.38, "Lb_Dr_Ki26": 0.1, "Lb_Dr_Ka26": 0.1, "Lb_Tr_Ki26": 0.65, "Lb_Tr_Ka26": 0.65, "Lb_TS_Ki26": 0.0, "Lb_TS_Ka26": 0.0, "Lb_Med_26": 0.0, "Lbr_Jbt_26": 7.41, "Bgn_Ats_26": "GTP", "Jns_Jbt_26": "STANDAR", "Thn_Bgn_26": "1992", "BA_26": "2", "LNT_26": "2", "BB_26": "1", "DAS_26": "2", "OP_26": "1", "UT_26": "0", "GR_26": "0", "LB_26": "0", "JBT_26": "2", "Tp_Lnts_26": "SUNGAI", "Dt_Lnts_26": "LURUS, BERKELOK (MEANDER), BERJALIN (BRAIDED)", "Pnangnn_26": "RUTIN", "Pmriksn_26": "TIDAK DI SURVEI", "Pnglola_26": "BPJN BANGKA BELITUNG", "Satkr_ID26": "693887", "PPK_Name26": "PPK 1.2", "Traffic_26": null, "VCR_26": "0.19", "AADT_26": null, "Tipe_Jb_26": null, "Lat_26": -1.9001999999300001, "Long_26": 105.4002, "Tgl_Ins_26": "6\/12\/2025", "Ket_26": null }, "geometry": { "type": "Point", "coordinates": [ 105.400200000129985, -1.90019999993001 ] } },
{ "type": "Feature", "properties": { "KDRUAS_UPD": "16023", "NOJBT_UPD": "16.023.004.0", "NM_RUAS_UP": "SP. RENGGIANG - SP. PADANG", "NM_JBT_UPD": "AIR MADU II", "PROVINSI": "BANGKA BELITUNG", "No_Prov_26": "16", "ID_Jbt_26": "1600108", "Kd_Ruas_26": "16023", "Suffix_26": null, "Nm_Ruas_26": "SP. RENGGIANG - SP. PADANG", "Lintas_26": "NON LINTAS", "No_Jbt_26": "16.023.004.0", "Nm_Jbt_26": "AIR MADU II", "Status_26": "N", "Fungsi_26": "JKP-1", "Lks_Dr_26": "TDN", "Lks_km_26": 54578.0, "F_STA_26": "240", "Cadin_26": "KAB. BELITUNG TIMUR", "Pjg_Jbt_26": 7.2, "Btg_Pjg_26": 6.8, "Jml_Btg_26": "1", "Lb_Jl_Ms26": 5.9, "Lb_Jl_Kl26": 5.9, "Lb_Lalin26": 5.9, "Lb_Bh_Ki26": 0.25, "Lb_Bh_Ka26": 0.25, "Lb_Dr_Ki26": 0.06, "Lb_Dr_Ka26": 0.06, "Lb_Tr_Ki26": 0.3, "Lb_Tr_Ka26": 0.3, "Lb_TS_Ki26": 0.0, "Lb_TS_Ka26": 0.0, "Lb_Med_26": 0.0, "Lbr_Jbt_26": 7.12, "Bgn_Ats_26": "GTP", "Jns_Jbt_26": "STANDAR", "Thn_Bgn_26": "1970", "BA_26": "2", "LNT_26": "2", "BB_26": "2", "DAS_26": "2", "OP_26": "1", "UT_26": "0", "GR_26": "0", "LB_26": "0", "JBT_26": "2", "Tp_Lnts_26": "SUNGAI", "Dt_Lnts_26": "LURUS, BERKELOK (MEANDER), BERJALIN (BRAIDED)", "Pnangnn_26": "RUTIN", "Pmriksn_26": "DETAIL", "Pnglola_26": "BPJN BANGKA BELITUNG", "Satkr_ID26": "4693888", "PPK_Name26": "PPK 2.2", "Traffic_26": null, "VCR_26": "0.06", "AADT_26": null, "Tipe_Jb_26": null, "Lat_26": -2.8718999995900001, "Long_26": 108.0698, "Tgl_Ins_26": "5\/9\/2026", "Ket_26": null }, "geometry": { "type": "Point", "coordinates": [ 108.069800000269879, -2.871899999585253 ] } },
{ "type": "Feature", "properties": { "KDRUAS_UPD": "16023", "NOJBT_UPD": "16.023.008.0", "NM_RUAS_UP": "SP. RENGGIANG - SP. PADANG", "NM_JBT_UPD": "AIR BENTAYAN", "PROVINSI": "BANGKA BELITUNG", "No_Prov_26": "16", "ID_Jbt_26": "1600112", "Kd_Ruas_26": "16023", "Suffix_26": null, "Nm_Ruas_26": "SP. RENGGIANG - SP. PADANG", "Lintas_26": "NON LINTAS", "No_Jbt_26": "16.023.008.0", "Nm_Jbt_26": "AIR BENTAYAN", "Status_26": "N", "Fungsi_26": "JKP-1", "Lks_Dr_26": "TDN", "Lks_km_26": 67378.0, "F_STA_26": "1540", "Cadin_26": "KAB. BELITUNG TIMUR", "Pjg_Jbt_26": 20.1, "Btg_Pjg_26": 19.6, "Jml_Btg_26": "1", "Lb_Jl_Ms26": 6.38, "Lb_Jl_Kl26": 6.38, "Lb_Lalin26": 6.38, "Lb_Bh_Ki26": 0.26, "Lb_Bh_Ka26": 0.25, "Lb_Dr_Ki26": 0.07, "Lb_Dr_Ka26": 0.07, "Lb_Tr_Ki26": 0.95, "Lb_Tr_Ka26": 0.9, "Lb_TS_Ki26": 0.0, "Lb_TS_Ka26": 0.0, "Lb_Med_26": 0.0, "Lbr_Jbt_26": 8.88, "Bgn_Ats_26": "GTP", "Jns_Jbt_26": "STANDAR", "Thn_Bgn_26": "2006", "BA_26": "2", "LNT_26": "2", "BB_26": "2", "DAS_26": "1", "OP_26": "0", "UT_26": "0", "GR_26": "0", "LB_26": "0", "JBT_26": "2", "Tp_Lnts_26": "SUNGAI", "Dt_Lnts_26": "LURUS, BERKELOK (MEANDER), BERJALIN (BRAIDED)", "Pnangnn_26": "RUTIN", "Pmriksn_26": "TIDAK DI SURVEI", "Pnglola_26": "BPJN BANGKA BELITUNG", "Satkr_ID26": "4693888", "PPK_Name26": "PPK 2.2", "Traffic_26": null, "VCR_26": "0.06", "AADT_26": null, "Tipe_Jb_26": null, "Lat_26": -2.86300000015, "Long_26": 108.1821, "Tgl_Ins_26": "7\/8\/2025", "Ket_26": null }, "geometry": { "type": "Point", "coordinates": [ 108.182099999815193, -2.863000000149839 ] } },
{ "type": "Feature", "properties": { "KDRUAS_UPD": "16025", "NOJBT_UPD": "16.025.003.0", "NM_RUAS_UP": "JUNCTION (SP. LIMA TJ. PANDAN) - TANJUNG KELAYANG", "NM_JBT_UPD": "AIR KUBU", "PROVINSI": "BANGKA BELITUNG", "No_Prov_26": "16", "ID_Jbt_26": "1600116", "Kd_Ruas_26": "16025", "Suffix_26": null, "Nm_Ruas_26": "JUNCTION (SP. LIMA TJ. PANDAN) - TANJUNG KELAYANG", "Lintas_26": "NON LINTAS", "No_Jbt_26": "16.025.003.0", "Nm_Jbt_26": "AIR KUBU", "Status_26": "N", "Fungsi_26": "JKP-1", "Lks_Dr_26": "TDN", "Lks_km_26": 5000.0, "F_STA_26": "510", "Cadin_26": "KAB. BELITUNG", "Pjg_Jbt_26": 102.0, "Btg_Pjg_26": 50.3, "Jml_Btg_26": "2", "Lb_Jl_Ms26": 6.18, "Lb_Jl_Kl26": 6.18, "Lb_Lalin26": 6.18, "Lb_Bh_Ki26": 0.44, "Lb_Bh_Ka26": 0.39, "Lb_Dr_Ki26": 0.05, "Lb_Dr_Ka26": 0.05, "Lb_Tr_Ki26": 1.0, "Lb_Tr_Ka26": 1.0, "Lb_TS_Ki26": 0.0, "Lb_TS_Ka26": 0.0, "Lb_Med_26": 0.0, "Lbr_Jbt_26": 9.11, "Bgn_Ats_26": "RBI", "Jns_Jbt_26": "STANDAR", "Thn_Bgn_26": "1997", "BA_26": "2", "LNT_26": "2", "BB_26": "2", "DAS_26": "1", "OP_26": "1", "UT_26": "0", "GR_26": "0", "LB_26": "0", "JBT_26": "2", "Tp_Lnts_26": "SUNGAI", "Dt_Lnts_26": "LURUS, BERKELOK (MEANDER), BERJALIN (BRAIDED)", "Pnangnn_26": "RUTIN", "Pmriksn_26": "DETAIL", "Pnglola_26": "BPJN BANGKA BELITUNG", "Satkr_ID26": "4693888", "PPK_Name26": "PPK 2.1", "Traffic_26": null, "VCR_26": "0.1", "AADT_26": null, "Tipe_Jb_26": null, "Lat_26": -2.7067999996199998, "Long_26": 107.6227, "Tgl_Ins_26": "5\/8\/2026", "Ket_26": null }, "geometry": { "type": "Point", "coordinates": [ 107.622700000005068, -2.706799999620216 ] } },
{ "type": "Feature", "properties": { "KDRUAS_UPD": "16025", "NOJBT_UPD": "16.025.004.0", "NM_RUAS_UP": "JUNCTION (SP. LIMA TJ. PANDAN) - TANJUNG KELAYANG", "NM_JBT_UPD": "AIR TERONG I", "PROVINSI": "BANGKA BELITUNG", "No_Prov_26": "16", "ID_Jbt_26": "1600117", "Kd_Ruas_26": "16025", "Suffix_26": null, "Nm_Ruas_26": "JUNCTION (SP. LIMA TJ. PANDAN) - TANJUNG KELAYANG", "Lintas_26": "NON LINTAS", "No_Jbt_26": "16.025.004.0", "Nm_Jbt_26": "AIR TERONG I", "Status_26": "N", "Fungsi_26": "JKP-1", "Lks_Dr_26": "TDN", "Lks_km_26": 12600.0, "F_STA_26": "1290", "Cadin_26": "KAB. BELITUNG", "Pjg_Jbt_26": 31.0, "Btg_Pjg_26": 30.5, "Jml_Btg_26": "1", "Lb_Jl_Ms26": 6.47, "Lb_Jl_Kl26": 6.47, "Lb_Lalin26": 6.47, "Lb_Bh_Ki26": 0.23, "Lb_Bh_Ka26": 0.27, "Lb_Dr_Ki26": 0.05, "Lb_Dr_Ka26": 0.05, "Lb_Tr_Ki26": 1.0, "Lb_Tr_Ka26": 1.0, "Lb_TS_Ki26": 0.0, "Lb_TS_Ka26": 0.0, "Lb_Med_26": 0.0, "Lbr_Jbt_26": 9.07, "Bgn_Ats_26": "GPP", "Jns_Jbt_26": "STANDAR", "Thn_Bgn_26": "2022", "BA_26": "1", "LNT_26": "1", "BB_26": "1", "DAS_26": "2", "OP_26": "2", "UT_26": "0", "GR_26": "0", "LB_26": "0", "JBT_26": "2", "Tp_Lnts_26": "SUNGAI", "Dt_Lnts_26": "LURUS, BERKELOK (MEANDER), BERJALIN (BRAIDED)", "Pnangnn_26": "RUTIN", "Pmriksn_26": "TIDAK DI SURVEI", "Pnglola_26": "BPJN BANGKA BELITUNG", "Satkr_ID26": "4693888", "PPK_Name26": "PPK 2.1", "Traffic_26": null, "VCR_26": "0.1", "AADT_26": null, "Tipe_Jb_26": null, "Lat_26": -2.6448000003200001, "Long_26": 107.645, "Tgl_Ins_26": "7\/2\/2025", "Ket_26": null }, "geometry": { "type": "Point", "coordinates": [ 107.644999999550407, -2.644800000319719 ] } },
{ "type": "Feature", "properties": { "KDRUAS_UPD": "16026", "NOJBT_UPD": "16.026.001.0", "NM_RUAS_UP": "SP. TANJUNG KELAYANG - TJ. TINGGI (SIJUK)", "NM_JBT_UPD": "AIR SEI BARU I", "PROVINSI": "BANGKA BELITUNG", "No_Prov_26": "16", "ID_Jbt_26": "1600121", "Kd_Ruas_26": "16026", "Suffix_26": null, "Nm_Ruas_26": "SP. TANJUNG KELAYANG - TJ. TINGGI (SIJUK)", "Lintas_26": "NON LINTAS", "No_Jbt_26": "16.026.001.0", "Nm_Jbt_26": "AIR SEI BARU I", "Status_26": "N", "Fungsi_26": "JKP-1", "Lks_Dr_26": "TDN", "Lks_km_26": 28480.0, "F_STA_26": "250", "Cadin_26": "KAB. BELITUNG", "Pjg_Jbt_26": 35.8, "Btg_Pjg_26": 35.3, "Jml_Btg_26": "1", "Lb_Jl_Ms26": 7.35, "Lb_Jl_Kl26": 7.35, "Lb_Lalin26": 7.35, "Lb_Bh_Ki26": 0.25, "Lb_Bh_Ka26": 0.25, "Lb_Dr_Ki26": 0.05, "Lb_Dr_Ka26": 0.05, "Lb_Tr_Ki26": 1.3, "Lb_Tr_Ka26": 1.3, "Lb_TS_Ki26": 0.0, "Lb_TS_Ka26": 0.0, "Lb_Med_26": 0.0, "Lbr_Jbt_26": 10.55, "Bgn_Ats_26": "GBP", "Jns_Jbt_26": "STANDAR", "Thn_Bgn_26": "2024", "BA_26": "0", "LNT_26": "0", "BB_26": "0", "DAS_26": "0", "OP_26": "0", "UT_26": "0", "GR_26": "0", "LB_26": "0", "JBT_26": "0", "Tp_Lnts_26": "SUNGAI", "Dt_Lnts_26": "LURUS, BERKELOK (MEANDER), BERJALIN (BRAIDED)", "Pnangnn_26": "RUTIN", "Pmriksn_26": "TIDAK DI SURVEI", "Pnglola_26": "BPJN BANGKA BELITUNG", "Satkr_ID26": "4693888", "PPK_Name26": "PPK 2.1", "Traffic_26": null, "VCR_26": "0.03", "AADT_26": null, "Tipe_Jb_26": null, "Lat_26": -2.5621999998299998, "Long_26": 107.6996, "Tgl_Ins_26": "7\/2\/2025", "Ket_26": null }, "geometry": { "type": "Point", "coordinates": [ 107.699600000239855, -2.562199999830057 ] } },
{ "type": "Feature", "properties": { "KDRUAS_UPD": "16026", "NOJBT_UPD": "16.026.003.0", "NM_RUAS_UP": "SP. TANJUNG KELAYANG - TJ. TINGGI (SIJUK)", "NM_JBT_UPD": "AIR TANJUNG TINGGI I", "PROVINSI": "BANGKA BELITUNG", "No_Prov_26": "16", "ID_Jbt_26": "1600123", "Kd_Ruas_26": "16026", "Suffix_26": null, "Nm_Ruas_26": "SP. TANJUNG KELAYANG - TJ. TINGGI (SIJUK)", "Lintas_26": "NON LINTAS", "No_Jbt_26": "16.026.003.0", "Nm_Jbt_26": "AIR TANJUNG TINGGI I", "Status_26": "N", "Fungsi_26": "JKP-1", "Lks_Dr_26": "TDN", "Lks_km_26": 32380.0, "F_STA_26": "650", "Cadin_26": "KAB. BELITUNG", "Pjg_Jbt_26": 6.4, "Btg_Pjg_26": 6.0, "Jml_Btg_26": "1", "Lb_Jl_Ms26": 5.07, "Lb_Jl_Kl26": 5.07, "Lb_Lalin26": 5.07, "Lb_Bh_Ki26": 0.32, "Lb_Bh_Ka26": 0.33, "Lb_Dr_Ki26": 0.07, "Lb_Dr_Ka26": 0.05, "Lb_Tr_Ki26": 0.38, "Lb_Tr_Ka26": 0.38, "Lb_TS_Ki26": 0.0, "Lb_TS_Ka26": 0.0, "Lb_Med_26": 0.0, "Lbr_Jbt_26": 6.6, "Bgn_Ats_26": "GTP", "Jns_Jbt_26": "STANDAR", "Thn_Bgn_26": "1980", "BA_26": "2", "LNT_26": "2", "BB_26": "1", "DAS_26": "1", "OP_26": "1", "UT_26": "0", "GR_26": "0", "LB_26": "0", "JBT_26": "2", "Tp_Lnts_26": "SUNGAI", "Dt_Lnts_26": "LURUS, BERKELOK (MEANDER), BERJALIN (BRAIDED)", "Pnangnn_26": "RUTIN", "Pmriksn_26": "DETAIL", "Pnglola_26": "BPJN BANGKA BELITUNG", "Satkr_ID26": "4693888", "PPK_Name26": "PPK 2.1", "Traffic_26": null, "VCR_26": "0.03", "AADT_26": null, "Tipe_Jb_26": null, "Lat_26": -2.5571000002600002, "Long_26": 107.73002, "Tgl_Ins_26": "5\/8\/2026", "Ket_26": null }, "geometry": { "type": "Point", "coordinates": [ 107.730020000122977, -2.557100000264768 ] } },
{ "type": "Feature", "properties": { "KDRUAS_UPD": "16026", "NOJBT_UPD": "16.026.004.0", "NM_RUAS_UP": "SP. TANJUNG KELAYANG - TJ. TINGGI (SIJUK)", "NM_JBT_UPD": "AIR TANJUNG TINGGI II", "PROVINSI": "BANGKA BELITUNG", "No_Prov_26": "16", "ID_Jbt_26": "1600124", "Kd_Ruas_26": "16026", "Suffix_26": null, "Nm_Ruas_26": "SP. TANJUNG KELAYANG - TJ. TINGGI (SIJUK)", "Lintas_26": "NON LINTAS", "No_Jbt_26": "16.026.004.0", "Nm_Jbt_26": "AIR TANJUNG TINGGI II", "Status_26": "N", "Fungsi_26": "JKP-1", "Lks_Dr_26": "TDN", "Lks_km_26": 32580.0, "F_STA_26": "670", "Cadin_26": "KAB. BELITUNG", "Pjg_Jbt_26": 6.4, "Btg_Pjg_26": 6.0, "Jml_Btg_26": "1", "Lb_Jl_Ms26": 5.07, "Lb_Jl_Kl26": 5.07, "Lb_Lalin26": 5.07, "Lb_Bh_Ki26": 0.37, "Lb_Bh_Ka26": 0.37, "Lb_Dr_Ki26": 0.05, "Lb_Dr_Ka26": 0.05, "Lb_Tr_Ki26": 0.37, "Lb_Tr_Ka26": 0.37, "Lb_TS_Ki26": 0.0, "Lb_TS_Ka26": 0.0, "Lb_Med_26": 0.0, "Lbr_Jbt_26": 6.65, "Bgn_Ats_26": "GTP", "Jns_Jbt_26": "STANDAR", "Thn_Bgn_26": "1980", "BA_26": "2", "LNT_26": "2", "BB_26": "1", "DAS_26": "1", "OP_26": "2", "UT_26": "0", "GR_26": "0", "LB_26": "0", "JBT_26": "2", "Tp_Lnts_26": "SUNGAI", "Dt_Lnts_26": "LURUS, BERKELOK (MEANDER), BERJALIN (BRAIDED)", "Pnangnn_26": "RUTIN", "Pmriksn_26": "DETAIL", "Pnglola_26": "BPJN BANGKA BELITUNG", "Satkr_ID26": "4693888", "PPK_Name26": "PPK 2.1", "Traffic_26": null, "VCR_26": "0.03", "AADT_26": null, "Tipe_Jb_26": null, "Lat_26": -2.5577000000500001, "Long_26": 107.7323, "Tgl_Ins_26": "5\/8\/2026", "Ket_26": null }, "geometry": { "type": "Point", "coordinates": [ 107.732300000045029, -2.557700000054922 ] } },
{ "type": "Feature", "properties": { "KDRUAS_UPD": "16026", "NOJBT_UPD": "16.026.006.0", "NM_RUAS_UP": "SP. TANJUNG KELAYANG - TJ. TINGGI (SIJUK)", "NM_JBT_UPD": "AIR TAMBAK UDANG", "PROVINSI": "BANGKA BELITUNG", "No_Prov_26": "16", "ID_Jbt_26": "1600126", "Kd_Ruas_26": "16026", "Suffix_26": null, "Nm_Ruas_26": "SP. TANJUNG KELAYANG - TJ. TINGGI (SIJUK)", "Lintas_26": "NON LINTAS", "No_Jbt_26": "16.026.006.0", "Nm_Jbt_26": "AIR TAMBAK UDANG", "Status_26": "N", "Fungsi_26": "JKP-1", "Lks_Dr_26": "TDN", "Lks_km_26": 34780.0, "F_STA_26": "890", "Cadin_26": "KAB. BELITUNG", "Pjg_Jbt_26": 55.2, "Btg_Pjg_26": 54.4, "Jml_Btg_26": "1", "Lb_Jl_Ms26": 6.13, "Lb_Jl_Kl26": 6.13, "Lb_Lalin26": 6.13, "Lb_Bh_Ki26": 0.36, "Lb_Bh_Ka26": 0.31, "Lb_Dr_Ki26": 0.1, "Lb_Dr_Ka26": 0.1, "Lb_Tr_Ki26": 1.0, "Lb_Tr_Ka26": 1.0, "Lb_TS_Ki26": 0.0, "Lb_TS_Ka26": 0.0, "Lb_Med_26": 0.0, "Lbr_Jbt_26": 9.0, "Bgn_Ats_26": "RBI", "Jns_Jbt_26": "STANDAR", "Thn_Bgn_26": "1999", "BA_26": "2", "LNT_26": "2", "BB_26": "2", "DAS_26": "2", "OP_26": "1", "UT_26": "0", "GR_26": "0", "LB_26": "0", "JBT_26": "2", "Tp_Lnts_26": "SUNGAI", "Dt_Lnts_26": "LURUS, BERKELOK (MEANDER), BERJALIN (BRAIDED)", "Pnangnn_26": "RUTIN", "Pmriksn_26": "DETAIL", "Pnglola_26": "BPJN BANGKA BELITUNG", "Satkr_ID26": "4693888", "PPK_Name26": "PPK 2.1", "Traffic_26": null, "VCR_26": "0.03", "AADT_26": null, "Tipe_Jb_26": null, "Lat_26": -2.5597999997700001, "Long_26": 107.75162, "Tgl_Ins_26": "5\/8\/2026", "Ket_26": null }, "geometry": { "type": "Point", "coordinates": [ 107.75161999976325, -2.559799999770121 ] } },
{ "type": "Feature", "properties": { "KDRUAS_UPD": "16026", "NOJBT_UPD": "16.026.007.0", "NM_RUAS_UP": "SP. TANJUNG KELAYANG - TJ. TINGGI (SIJUK)", "NM_JBT_UPD": "AIR SIJUK", "PROVINSI": "BANGKA BELITUNG", "No_Prov_26": "16", "ID_Jbt_26": "1600127", "Kd_Ruas_26": "16026", "Suffix_26": null, "Nm_Ruas_26": "SP. TANJUNG KELAYANG - TJ. TINGGI (SIJUK)", "Lintas_26": "NON LINTAS", "No_Jbt_26": "16.026.007.0", "Nm_Jbt_26": "AIR SIJUK", "Status_26": "N", "Fungsi_26": "JKP-1", "Lks_Dr_26": "TDN", "Lks_km_26": 36280.0, "F_STA_26": "1050", "Cadin_26": "KAB. BELITUNG", "Pjg_Jbt_26": 101.9, "Btg_Pjg_26": 60.2, "Jml_Btg_26": "2", "Lb_Jl_Ms26": 6.15, "Lb_Jl_Kl26": 6.15, "Lb_Lalin26": 6.15, "Lb_Bh_Ki26": 0.32, "Lb_Bh_Ka26": 0.46, "Lb_Dr_Ki26": 0.08, "Lb_Dr_Ka26": 0.08, "Lb_Tr_Ki26": 1.0, "Lb_Tr_Ka26": 1.0, "Lb_TS_Ki26": 0.0, "Lb_TS_Ka26": 0.0, "Lb_Med_26": 0.0, "Lbr_Jbt_26": 9.09, "Bgn_Ats_26": "RBI", "Jns_Jbt_26": "STANDAR", "Thn_Bgn_26": "2002", "BA_26": "2", "LNT_26": "2", "BB_26": "2", "DAS_26": "2", "OP_26": "2", "UT_26": "1", "GR_26": "0", "LB_26": "0", "JBT_26": "2", "Tp_Lnts_26": "SUNGAI", "Dt_Lnts_26": "LURUS, BERKELOK (MEANDER), BERJALIN (BRAIDED)", "Pnangnn_26": "RUTIN", "Pmriksn_26": "DETAIL", "Pnglola_26": "BPJN BANGKA BELITUNG", "Satkr_ID26": "4693888", "PPK_Name26": "PPK 2.1", "Traffic_26": null, "VCR_26": "0.03", "AADT_26": null, "Tipe_Jb_26": null, "Lat_26": -2.5621999998299998, "Long_26": 107.7652, "Tgl_Ins_26": "5\/8\/2026", "Ket_26": null }, "geometry": { "type": "Point", "coordinates": [ 107.765200000080029, -2.562199999830057 ] } },
{ "type": "Feature", "properties": { "KDRUAS_UPD": "16027", "NOJBT_UPD": "16.027.001.0", "NM_RUAS_UP": "LUMUT - PUDING GEBAK", "NM_JBT_UPD": "AIR CEMPEDAK II", "PROVINSI": "BANGKA BELITUNG", "No_Prov_26": "16", "ID_Jbt_26": "1600128", "Kd_Ruas_26": "16027", "Suffix_26": null, "Nm_Ruas_26": "LUMUT - PUDING GEBAK", "Lintas_26": "NON LINTAS", "No_Jbt_26": "16.027.001.0", "Nm_Jbt_26": "AIR CEMPEDAK II", "Status_26": "N", "Fungsi_26": "JKP-1", "Lks_Dr_26": "PKP", "Lks_km_26": 69967.0, "F_STA_26": "70", "Cadin_26": "KAB. BANGKA", "Pjg_Jbt_26": 18.3, "Btg_Pjg_26": 17.8, "Jml_Btg_26": "1", "Lb_Jl_Ms26": 5.9, "Lb_Jl_Kl26": 5.9, "Lb_Lalin26": 5.9, "Lb_Bh_Ki26": 0.25, "Lb_Bh_Ka26": 0.25, "Lb_Dr_Ki26": 0.05, "Lb_Dr_Ka26": 0.05, "Lb_Tr_Ki26": 0.05, "Lb_Tr_Ka26": 0.05, "Lb_TS_Ki26": 0.0, "Lb_TS_Ka26": 0.0, "Lb_Med_26": 0.0, "Lbr_Jbt_26": 6.6, "Bgn_Ats_26": "GTP", "Jns_Jbt_26": "STANDAR", "Thn_Bgn_26": "1992", "BA_26": "2", "LNT_26": "1", "BB_26": "1", "DAS_26": "2", "OP_26": "1", "UT_26": "0", "GR_26": "0", "LB_26": "0", "JBT_26": "2", "Tp_Lnts_26": "SUNGAI", "Dt_Lnts_26": "LURUS, BERKELOK (MEANDER), BERJALIN (BRAIDED)", "Pnangnn_26": "RUTIN", "Pmriksn_26": "TIDAK DI SURVEI", "Pnglola_26": "BPJN BANGKA BELITUNG", "Satkr_ID26": "693781", "PPK_Name26": "PPK 1.3", "Traffic_26": null, "VCR_26": "0.17", "AADT_26": null, "Tipe_Jb_26": null, "Lat_26": -1.7430559999299999, "Long_26": 105.857111, "Tgl_Ins_26": "6\/7\/2025", "Ket_26": null }, "geometry": { "type": "Point", "coordinates": [ 105.857110999573024, -1.743055999934427 ] } },
{ "type": "Feature", "properties": { "KDRUAS_UPD": "16027", "NOJBT_UPD": "16.027.002.0", "NM_RUAS_UP": "LUMUT - PUDING GEBAK", "NM_JBT_UPD": "AIR LUMUT", "PROVINSI": "BANGKA BELITUNG", "No_Prov_26": "16", "ID_Jbt_26": "1600129", "Kd_Ruas_26": "16027", "Suffix_26": null, "Nm_Ruas_26": "LUMUT - PUDING GEBAK", "Lintas_26": "NON LINTAS", "No_Jbt_26": "16.027.002.0", "Nm_Jbt_26": "AIR LUMUT", "Status_26": "N", "Fungsi_26": "JKP-1", "Lks_Dr_26": "PKP", "Lks_km_26": 73367.0, "F_STA_26": "390", "Cadin_26": "KAB. BANGKA", "Pjg_Jbt_26": 25.9, "Btg_Pjg_26": 25.25, "Jml_Btg_26": "1", "Lb_Jl_Ms26": 5.3, "Lb_Jl_Kl26": 5.3, "Lb_Lalin26": 5.3, "Lb_Bh_Ki26": 0.37, "Lb_Bh_Ka26": 0.3, "Lb_Dr_Ki26": 0.05, "Lb_Dr_Ka26": 0.05, "Lb_Tr_Ki26": 0.27, "Lb_Tr_Ka26": 0.27, "Lb_TS_Ki26": 0.0, "Lb_TS_Ka26": 0.0, "Lb_Med_26": 0.0, "Lbr_Jbt_26": 6.61, "Bgn_Ats_26": "GBP", "Jns_Jbt_26": "STANDAR", "Thn_Bgn_26": "1998", "BA_26": "3", "LNT_26": "3", "BB_26": "1", "DAS_26": "2", "OP_26": "1", "UT_26": "0", "GR_26": "0", "LB_26": "0", "JBT_26": "3", "Tp_Lnts_26": "SUNGAI", "Dt_Lnts_26": "LURUS, BERKELOK (MEANDER), BERJALIN (BRAIDED)", "Pnangnn_26": "REHABILITASI", "Pmriksn_26": "RUTIN", "Pnglola_26": "BPJN BANGKA BELITUNG", "Satkr_ID26": "693781", "PPK_Name26": "PPK 1.3", "Traffic_26": null, "VCR_26": "0.17", "AADT_26": null, "Tipe_Jb_26": null, "Lat_26": -1.7691300035499999, "Long_26": 105.84700996, "Tgl_Ins_26": "4\/24\/2026", "Ket_26": null }, "geometry": { "type": "Point", "coordinates": [ 105.847009960041703, -1.769130003546763 ] } },
{ "type": "Feature", "properties": { "KDRUAS_UPD": "16027", "NOJBT_UPD": "16.027.003.0", "NM_RUAS_UP": "LUMUT - PUDING GEBAK", "NM_JBT_UPD": "AIR LAYANG", "PROVINSI": "BANGKA BELITUNG", "No_Prov_26": "16", "ID_Jbt_26": "1600130", "Kd_Ruas_26": "16027", "Suffix_26": null, "Nm_Ruas_26": "LUMUT - PUDING GEBAK", "Lintas_26": "NON LINTAS", "No_Jbt_26": "16.027.003.0", "Nm_Jbt_26": "AIR LAYANG", "Status_26": "N", "Fungsi_26": "JKP-1", "Lks_Dr_26": "PKP", "Lks_km_26": 77767.0, "F_STA_26": "840", "Cadin_26": "KAB. BANGKA", "Pjg_Jbt_26": 258.0, "Btg_Pjg_26": 50.7, "Jml_Btg_26": "5", "Lb_Jl_Ms26": 5.4, "Lb_Jl_Kl26": 5.4, "Lb_Lalin26": 5.4, "Lb_Bh_Ki26": 0.35, "Lb_Bh_Ka26": 0.35, "Lb_Dr_Ki26": 0.1, "Lb_Dr_Ka26": 0.1, "Lb_Tr_Ki26": 0.5, "Lb_Tr_Ka26": 0.5, "Lb_TS_Ki26": 0.0, "Lb_TS_Ka26": 0.0, "Lb_Med_26": 0.0, "Lbr_Jbt_26": 7.3, "Bgn_Ats_26": "RBP", "Jns_Jbt_26": "STANDAR", "Thn_Bgn_26": "2006", "BA_26": "2", "LNT_26": "2", "BB_26": "2", "DAS_26": "1", "OP_26": "2", "UT_26": "2", "GR_26": "0", "LB_26": "0", "JBT_26": "2", "Tp_Lnts_26": "SUNGAI", "Dt_Lnts_26": "LURUS, BERKELOK (MEANDER), BERJALIN (BRAIDED)", "Pnangnn_26": "RUTIN", "Pmriksn_26": "DETAIL", "Pnglola_26": "BPJN BANGKA BELITUNG", "Satkr_ID26": "693781", "PPK_Name26": "PPK 1.3", "Traffic_26": null, "VCR_26": "0.17", "AADT_26": null, "Tipe_Jb_26": null, "Lat_26": -1.79983103258, "Long_26": 105.85204315199999, "Tgl_Ins_26": "4\/25\/2026", "Ket_26": null }, "geometry": { "type": "Point", "coordinates": [ 105.852043151670159, -1.799831032576037 ] } },
{ "type": "Feature", "properties": { "KDRUAS_UPD": "16027", "NOJBT_UPD": "16.027.004.0", "NM_RUAS_UP": "LUMUT - PUDING GEBAK", "NM_JBT_UPD": "AIR MAYANG 1", "PROVINSI": "BANGKA BELITUNG", "No_Prov_26": "16", "ID_Jbt_26": "1600131", "Kd_Ruas_26": "16027", "Suffix_26": null, "Nm_Ruas_26": "LUMUT - PUDING GEBAK", "Lintas_26": "NON LINTAS", "No_Jbt_26": "16.027.004.0", "Nm_Jbt_26": "AIR MAYANG 1", "Status_26": "N", "Fungsi_26": "JKP-1", "Lks_Dr_26": "PKP", "Lks_km_26": 81267.0, "F_STA_26": "1160", "Cadin_26": "KAB. BANGKA", "Pjg_Jbt_26": 14.3, "Btg_Pjg_26": 13.6, "Jml_Btg_26": "1", "Lb_Jl_Ms26": 5.9, "Lb_Jl_Kl26": 5.9, "Lb_Lalin26": 5.9, "Lb_Bh_Ki26": 0.23, "Lb_Bh_Ka26": 0.22, "Lb_Dr_Ki26": 0.05, "Lb_Dr_Ka26": 0.05, "Lb_Tr_Ki26": 0.45, "Lb_Tr_Ka26": 0.5, "Lb_TS_Ki26": 0.0, "Lb_TS_Ka26": 0.0, "Lb_Med_26": 0.0, "Lbr_Jbt_26": 7.4, "Bgn_Ats_26": "GTP", "Jns_Jbt_26": "STANDAR", "Thn_Bgn_26": "1992", "BA_26": "3", "LNT_26": "2", "BB_26": "2", "DAS_26": "2", "OP_26": "1", "UT_26": "0", "GR_26": "0", "LB_26": "0", "JBT_26": "3", "Tp_Lnts_26": "SUNGAI", "Dt_Lnts_26": "LURUS, BERKELOK (MEANDER), BERJALIN (BRAIDED)", "Pnangnn_26": "REHABILITASI", "Pmriksn_26": "RUTIN", "Pnglola_26": "BPJN BANGKA BELITUNG", "Satkr_ID26": "693781", "PPK_Name26": "PPK 1.3", "Traffic_26": null, "VCR_26": "0.17", "AADT_26": null, "Tipe_Jb_26": null, "Lat_26": -1.8253889998, "Long_26": 105.847778, "Tgl_Ins_26": "4\/24\/2026", "Ket_26": null }, "geometry": { "type": "Point", "coordinates": [ 105.847777999954815, -1.825388999802442 ] } },
{ "type": "Feature", "properties": { "KDRUAS_UPD": "16027", "NOJBT_UPD": "16.027.005.0", "NM_RUAS_UP": "LUMUT - PUDING GEBAK", "NM_JBT_UPD": "AIR BERBER", "PROVINSI": "BANGKA BELITUNG", "No_Prov_26": "16", "ID_Jbt_26": "1600132", "Kd_Ruas_26": "16027", "Suffix_26": null, "Nm_Ruas_26": "LUMUT - PUDING GEBAK", "Lintas_26": "NON LINTAS", "No_Jbt_26": "16.027.005.0", "Nm_Jbt_26": "AIR BERBER", "Status_26": "N", "Fungsi_26": "JKP-1", "Lks_Dr_26": "PKP", "Lks_km_26": 88067.0, "F_STA_26": "1820", "Cadin_26": "KAB. BANGKA", "Pjg_Jbt_26": 13.5, "Btg_Pjg_26": 13.0, "Jml_Btg_26": "1", "Lb_Jl_Ms26": 4.6, "Lb_Jl_Kl26": 4.6, "Lb_Lalin26": 4.6, "Lb_Bh_Ki26": 0.2, "Lb_Bh_Ka26": 0.25, "Lb_Dr_Ki26": 0.05, "Lb_Dr_Ka26": 0.05, "Lb_Tr_Ki26": 0.55, "Lb_Tr_Ka26": 0.55, "Lb_TS_Ki26": 0.0, "Lb_TS_Ka26": 0.0, "Lb_Med_26": 0.0, "Lbr_Jbt_26": 6.25, "Bgn_Ats_26": "GTP", "Jns_Jbt_26": "STANDAR", "Thn_Bgn_26": "1992", "BA_26": "2", "LNT_26": "2", "BB_26": "2", "DAS_26": "2", "OP_26": "1", "UT_26": "0", "GR_26": "0", "LB_26": "0", "JBT_26": "2", "Tp_Lnts_26": "SUNGAI", "Dt_Lnts_26": "LURUS, BERKELOK (MEANDER), BERJALIN (BRAIDED)", "Pnangnn_26": "RUTIN", "Pmriksn_26": "DETAIL", "Pnglola_26": "BPJN BANGKA BELITUNG", "Satkr_ID26": "693781", "PPK_Name26": "PPK 1.3", "Traffic_26": null, "VCR_26": "0.17", "AADT_26": null, "Tipe_Jb_26": null, "Lat_26": -1.8513059997700001, "Long_26": 105.794944, "Tgl_Ins_26": "4\/24\/2026", "Ket_26": null }, "geometry": { "type": "Point", "coordinates": [ 105.794943999765849, -1.851305999772023 ] } },
{ "type": "Feature", "properties": { "KDRUAS_UPD": "16027", "NOJBT_UPD": "16.027.006.0", "NM_RUAS_UP": "LUMUT - PUDING GEBAK", "NM_JBT_UPD": "AIR SEMUBUR", "PROVINSI": "BANGKA BELITUNG", "No_Prov_26": "16", "ID_Jbt_26": "1600133", "Kd_Ruas_26": "16027", "Suffix_26": null, "Nm_Ruas_26": "LUMUT - PUDING GEBAK", "Lintas_26": "NON LINTAS", "No_Jbt_26": "16.027.006.0", "Nm_Jbt_26": "AIR SEMUBUR", "Status_26": "N", "Fungsi_26": "JKP-1", "Lks_Dr_26": "PKP", "Lks_km_26": 92967.0, "F_STA_26": "2290", "Cadin_26": "KAB. BANGKA", "Pjg_Jbt_26": 40.1, "Btg_Pjg_26": 39.4, "Jml_Btg_26": "1", "Lb_Jl_Ms26": 5.6, "Lb_Jl_Kl26": 5.6, "Lb_Lalin26": 5.6, "Lb_Bh_Ki26": 0.2, "Lb_Bh_Ka26": 0.2, "Lb_Dr_Ki26": 0.05, "Lb_Dr_Ka26": 0.05, "Lb_Tr_Ki26": 0.5, "Lb_Tr_Ka26": 0.5, "Lb_TS_Ki26": 0.0, "Lb_TS_Ka26": 0.0, "Lb_Med_26": 0.0, "Lbr_Jbt_26": 7.1, "Bgn_Ats_26": "RBP", "Jns_Jbt_26": "STANDAR", "Thn_Bgn_26": "2002", "BA_26": "2", "LNT_26": "2", "BB_26": "2", "DAS_26": "1", "OP_26": "1", "UT_26": "0", "GR_26": "0", "LB_26": "0", "JBT_26": "2", "Tp_Lnts_26": "SUNGAI", "Dt_Lnts_26": "LURUS, BERKELOK (MEANDER), BERJALIN (BRAIDED)", "Pnangnn_26": "RUTIN", "Pmriksn_26": "DETAIL", "Pnglola_26": "BPJN BANGKA BELITUNG", "Satkr_ID26": "693781", "PPK_Name26": "PPK 1.3", "Traffic_26": null, "VCR_26": "0.17", "AADT_26": null, "Tipe_Jb_26": null, "Lat_26": -1.86963899984, "Long_26": 105.757833, "Tgl_Ins_26": "4\/24\/2026", "Ket_26": null }, "geometry": { "type": "Point", "coordinates": [ 105.757832999793152, -1.869638999839935 ] } },
{ "type": "Feature", "properties": { "KDRUAS_UPD": "1602911", "NOJBT_UPD": "16.029.001.0.11", "NM_RUAS_UP": "SP. PELABUHAN PANGKAL BALAM - SP. JALAN ALEXANDER (JLN. KETAPANG) (PANGKAL PINANG)", "NM_JBT_UPD": "AIR KETAPANG", "PROVINSI": "BANGKA BELITUNG", "No_Prov_26": "16", "ID_Jbt_26": "1600786", "Kd_Ruas_26": "1602911", "Suffix_26": "11", "Nm_Ruas_26": "SP. PELABUHAN PANGKAL BALAM - SP. JALAN ALEXANDER (JLN. KETAPANG) (PANGKAL PINANG)", "Lintas_26": "NON LINTAS", "No_Jbt_26": "16.029.001.0.11", "Nm_Jbt_26": "AIR KETAPANG", "Status_26": "N", "Fungsi_26": "JAP", "Lks_Dr_26": "PKP", "Lks_km_26": 7624.0, "F_STA_26": "100", "Cadin_26": "KOTA PANGKALPINANG", "Pjg_Jbt_26": 96.0, "Btg_Pjg_26": 31.5, "Jml_Btg_26": "3", "Lb_Jl_Ms26": 5.9, "Lb_Jl_Kl26": 5.9, "Lb_Lalin26": 5.9, "Lb_Bh_Ki26": 0.65, "Lb_Bh_Ka26": 0.75, "Lb_Dr_Ki26": 0.1, "Lb_Dr_Ka26": 0.1, "Lb_Tr_Ki26": 0.8, "Lb_Tr_Ka26": 0.8, "Lb_TS_Ki26": 0.0, "Lb_TS_Ka26": 0.0, "Lb_Med_26": 0.0, "Lbr_Jbt_26": 9.1, "Bgn_Ats_26": "GPP", "Jns_Jbt_26": "STANDAR", "Thn_Bgn_26": "1992", "BA_26": "2", "LNT_26": "2", "BB_26": "2", "DAS_26": "2", "OP_26": "2", "UT_26": "0", "GR_26": "0", "LB_26": "0", "JBT_26": "2", "Tp_Lnts_26": "SUNGAI", "Dt_Lnts_26": "LURUS, BERKELOK (MEANDER), BERJALIN (BRAIDED)", "Pnangnn_26": "BERKALA", "Pmriksn_26": "RUTIN", "Pnglola_26": "BPJN BANGKA BELITUNG", "Satkr_ID26": "693887", "PPK_Name26": "PPK TP 01", "Traffic_26": null, "VCR_26": "0.66", "AADT_26": null, "Tipe_Jb_26": null, "Lat_26": -2.0996189115799999, "Long_26": 106.13908386200001, "Tgl_Ins_26": "4\/27\/2026", "Ket_26": null }, "geometry": { "type": "Point", "coordinates": [ 106.139083861930771, -2.099618911583434 ] } },
{ "type": "Feature", "properties": { "KDRUAS_UPD": "16014", "NOJBT_UPD": "16.014.001.10", "NM_RUAS_UP": "AIR BARA - TOBOALI", "NM_JBT_UPD": "DOUBLE BOX KM 85+544", "PROVINSI": "BANGKA BELITUNG", "No_Prov_26": "16", "ID_Jbt_26": "1600297", "Kd_Ruas_26": "16014", "Suffix_26": null, "Nm_Ruas_26": "AIR BARA - TOBOALI", "Lintas_26": "NON LINTAS", "No_Jbt_26": "16.014.001.10", "Nm_Jbt_26": "DOUBLE BOX KM 85+544", "Status_26": "N", "Fungsi_26": "JAP", "Lks_Dr_26": "PKP", "Lks_km_26": 85544.0, "F_STA_26": "1660", "Cadin_26": "KAB. BANGKA SELATAN", "Pjg_Jbt_26": 6.9, "Btg_Pjg_26": 3.45, "Jml_Btg_26": "2", "Lb_Jl_Ms26": 6.23, "Lb_Jl_Kl26": 6.23, "Lb_Lalin26": 6.23, "Lb_Bh_Ki26": 2.2, "Lb_Bh_Ka26": 1.82, "Lb_Dr_Ki26": 0.0, "Lb_Dr_Ka26": 0.0, "Lb_Tr_Ki26": 0.0, "Lb_Tr_Ka26": 0.0, "Lb_TS_Ki26": 0.3, "Lb_TS_Ka26": 0.3, "Lb_Med_26": 0.0, "Lbr_Jbt_26": 15.03, "Bgn_Ats_26": "BTP", "Jns_Jbt_26": "STANDAR", "Thn_Bgn_26": "2019", "BA_26": "2", "LNT_26": "0", "BB_26": "0", "DAS_26": "2", "OP_26": "0", "UT_26": "0", "GR_26": "2", "LB_26": "0", "JBT_26": "2", "Tp_Lnts_26": "SUNGAI", "Dt_Lnts_26": "LURUS, BERKELOK (MEANDER), BERJALIN (BRAIDED)", "Pnangnn_26": "RUTIN", "Pmriksn_26": "DETAIL", "Pnglola_26": "BPJN BANGKA BELITUNG", "Satkr_ID26": "693887", "PPK_Name26": null, "Traffic_26": null, "VCR_26": "0.12", "AADT_26": null, "Tipe_Jb_26": null, "Lat_26": -2.7021100000799998, "Long_26": 106.39621, "Tgl_Ins_26": "4\/28\/2026", "Ket_26": null }, "geometry": { "type": "Point", "coordinates": [ 106.396210000291319, -2.702110000076402 ] } },
{ "type": "Feature", "properties": { "KDRUAS_UPD": "16021", "NOJBT_UPD": "16.021.000.10", "NM_RUAS_UP": "BADAU - BTS. KAB. BELITUNG\/BELITUNG TIMUR", "NM_JBT_UPD": "DOUBLE BOX KM 28+064", "PROVINSI": "BANGKA BELITUNG", "No_Prov_26": "16", "ID_Jbt_26": "1600874", "Kd_Ruas_26": "16021", "Suffix_26": "10", "Nm_Ruas_26": "BADAU - BTS. KAB. BELITUNG\/BELITUNG TIMUR", "Lintas_26": "NON LINTAS", "No_Jbt_26": "16.021.000.10", "Nm_Jbt_26": "DOUBLE BOX KM 28+064", "Status_26": "N", "Fungsi_26": "JKP-1", "Lks_Dr_26": "TDN", "Lks_km_26": 28064.0, "F_STA_26": "810", "Cadin_26": "KAB. BELITUNG TIMUR", "Pjg_Jbt_26": 6.9, "Btg_Pjg_26": 6.9, "Jml_Btg_26": "2", "Lb_Jl_Ms26": 7.1, "Lb_Jl_Kl26": 7.1, "Lb_Lalin26": 7.1, "Lb_Bh_Ki26": 2.0, "Lb_Bh_Ka26": 2.35, "Lb_Dr_Ki26": 0.0, "Lb_Dr_Ka26": 0.0, "Lb_Tr_Ki26": 0.0, "Lb_Tr_Ka26": 0.0, "Lb_TS_Ki26": 0.35, "Lb_TS_Ka26": 0.35, "Lb_Med_26": 0.0, "Lbr_Jbt_26": 12.41, "Bgn_Ats_26": "BTP", "Jns_Jbt_26": "STANDAR", "Thn_Bgn_26": "2019", "BA_26": "1", "LNT_26": "1", "BB_26": "0", "DAS_26": "2", "OP_26": "0", "UT_26": "0", "GR_26": "2", "LB_26": "0", "JBT_26": "2", "Tp_Lnts_26": "SUNGAI", "Dt_Lnts_26": "LURUS, BERKELOK (MEANDER), BERJALIN (BRAIDED)", "Pnangnn_26": "RUTIN", "Pmriksn_26": "DETAIL", "Pnglola_26": "BPJN BANGKA BELITUNG", "Satkr_ID26": "693887", "PPK_Name26": "PPK 2.2", "Traffic_26": null, "VCR_26": "0.05", "AADT_26": null, "Tipe_Jb_26": null, "Lat_26": -2.8263099998099999, "Long_26": 107.85114, "Tgl_Ins_26": "5\/9\/2026", "Ket_26": null }, "geometry": { "type": "Point", "coordinates": [ 107.85113999991114, -2.826309999806597 ] } },
{ "type": "Feature", "properties": { "KDRUAS_UPD": "16027", "NOJBT_UPD": "16.027.004.5", "NM_RUAS_UP": "LUMUT - PUDING GEBAK", "NM_JBT_UPD": "DOUBLE BOX KM 84+321", "PROVINSI": "BANGKA BELITUNG", "No_Prov_26": "16", "ID_Jbt_26": "1600764", "Kd_Ruas_26": "16027", "Suffix_26": null, "Nm_Ruas_26": "LUMUT - PUDING GEBAK", "Lintas_26": "NON LINTAS", "No_Jbt_26": "16.027.004.5", "Nm_Jbt_26": "DOUBLE BOX KM 84+321", "Status_26": "N", "Fungsi_26": "JKP-1", "Lks_Dr_26": "PKP", "Lks_km_26": 84321.0, "F_STA_26": "1500", "Cadin_26": "KAB. BANGKA", "Pjg_Jbt_26": 6.4, "Btg_Pjg_26": 3.2, "Jml_Btg_26": "2", "Lb_Jl_Ms26": 3.8, "Lb_Jl_Kl26": 3.8, "Lb_Lalin26": 3.8, "Lb_Bh_Ki26": 0.35, "Lb_Bh_Ka26": 0.45, "Lb_Dr_Ki26": 0.05, "Lb_Dr_Ka26": 0.05, "Lb_Tr_Ki26": 0.5, "Lb_Tr_Ka26": 0.05, "Lb_TS_Ki26": 0.0, "Lb_TS_Ka26": 0.0, "Lb_Med_26": 0.0, "Lbr_Jbt_26": 5.25, "Bgn_Ats_26": "BTP", "Jns_Jbt_26": "STANDAR", "Thn_Bgn_26": "2019", "BA_26": "1", "LNT_26": "1", "BB_26": "0", "DAS_26": "1", "OP_26": "2", "UT_26": "1", "GR_26": "2", "LB_26": "0", "JBT_26": "2", "Tp_Lnts_26": "SUNGAI", "Dt_Lnts_26": "LURUS, BERKELOK (MEANDER), BERJALIN (BRAIDED)", "Pnangnn_26": "RUTIN", "Pmriksn_26": "TIDAK DI SURVEI", "Pnglola_26": "BPJN BANGKA BELITUNG", "Satkr_ID26": "693887", "PPK_Name26": "PPK 1.3", "Traffic_26": null, "VCR_26": "0.17", "AADT_26": null, "Tipe_Jb_26": null, "Lat_26": -1.84162000006, "Long_26": 105.82153, "Tgl_Ins_26": "6\/8\/2025", "Ket_26": null }, "geometry": { "type": "Point", "coordinates": [ 105.821530000009545, -1.841620000062903 ] } },
{ "type": "Feature", "properties": { "KDRUAS_UPD": "16001", "NOJBT_UPD": "16.001.011.A", "NM_RUAS_UP": "TANJUNG KELIAN - IBUL", "NM_JBT_UPD": "AIR KADUR A", "PROVINSI": "BANGKA BELITUNG", "No_Prov_26": "16", "ID_Jbt_26": "1600011", "Kd_Ruas_26": "16001", "Suffix_26": null, "Nm_Ruas_26": "TANJUNG KELIAN - IBUL", "Lintas_26": "NON LINTAS", "No_Jbt_26": "16.001.011.A", "Nm_Jbt_26": "AIR KADUR A", "Status_26": "N", "Fungsi_26": "JAP", "Lks_Dr_26": "PKP", "Lks_km_26": 128066.00000000001, "F_STA_26": "3800", "Cadin_26": "KAB. BANGKA BARAT", "Pjg_Jbt_26": 12.8, "Btg_Pjg_26": 12.1, "Jml_Btg_26": "1", "Lb_Jl_Ms26": 6.4, "Lb_Jl_Kl26": 6.4, "Lb_Lalin26": 6.4, "Lb_Bh_Ki26": 0.3, "Lb_Bh_Ka26": 0.3, "Lb_Dr_Ki26": 0.05, "Lb_Dr_Ka26": 0.05, "Lb_Tr_Ki26": 1.0, "Lb_Tr_Ka26": 1.0, "Lb_TS_Ki26": 0.0, "Lb_TS_Ka26": 0.0, "Lb_Med_26": 0.0, "Lbr_Jbt_26": 9.1, "Bgn_Ats_26": "GTP", "Jns_Jbt_26": "STANDAR", "Thn_Bgn_26": "2018", "BA_26": "2", "LNT_26": "2", "BB_26": "1", "DAS_26": "2", "OP_26": "0", "UT_26": "0", "GR_26": "0", "LB_26": "0", "JBT_26": "2", "Tp_Lnts_26": "SUNGAI", "Dt_Lnts_26": "LURUS, BERKELOK (MEANDER), BERJALIN (BRAIDED)", "Pnangnn_26": "RUTIN", "Pmriksn_26": "TIDAK DI SURVEI", "Pnglola_26": "BPJN BANGKA BELITUNG", "Satkr_ID26": "693887", "PPK_Name26": "PPK 1.2", "Traffic_26": null, "VCR_26": "0.19", "AADT_26": null, "Tipe_Jb_26": null, "Lat_26": -2.0460240004100001, "Long_26": 105.216262, "Tgl_Ins_26": "4\/23\/2026", "Ket_26": null }, "geometry": { "type": "Point", "coordinates": [ 105.216262000191193, -2.046024000407272 ] } },
{ "type": "Feature", "properties": { "KDRUAS_UPD": "16001", "NOJBT_UPD": "16.001.011.B", "NM_RUAS_UP": "TANJUNG KELIAN - IBUL", "NM_JBT_UPD": "AIR KADUR B", "PROVINSI": "BANGKA BELITUNG", "No_Prov_26": "16", "ID_Jbt_26": "1600012", "Kd_Ruas_26": "16001", "Suffix_26": null, "Nm_Ruas_26": "TANJUNG KELIAN - IBUL", "Lintas_26": "NON LINTAS", "No_Jbt_26": "16.001.011.B", "Nm_Jbt_26": "AIR KADUR B", "Status_26": "N", "Fungsi_26": "JAP", "Lks_Dr_26": "PKP", "Lks_km_26": 128066.00000000001, "F_STA_26": "3800", "Cadin_26": "KAB. BANGKA BARAT", "Pjg_Jbt_26": 12.8, "Btg_Pjg_26": 12.1, "Jml_Btg_26": "1", "Lb_Jl_Ms26": 6.5, "Lb_Jl_Kl26": 6.5, "Lb_Lalin26": 6.5, "Lb_Bh_Ki26": 0.3, "Lb_Bh_Ka26": 0.3, "Lb_Dr_Ki26": 0.1, "Lb_Dr_Ka26": 0.1, "Lb_Tr_Ki26": 1.0, "Lb_Tr_Ka26": 1.0, "Lb_TS_Ki26": 0.3, "Lb_TS_Ka26": 0.3, "Lb_Med_26": 0.0, "Lbr_Jbt_26": 9.9, "Bgn_Ats_26": "GTP", "Jns_Jbt_26": "STANDAR", "Thn_Bgn_26": "2014", "BA_26": "2", "LNT_26": "2", "BB_26": "1", "DAS_26": "2", "OP_26": "1", "UT_26": "0", "GR_26": "0", "LB_26": "0", "JBT_26": "2", "Tp_Lnts_26": "SUNGAI", "Dt_Lnts_26": "LURUS, BERKELOK (MEANDER), BERJALIN (BRAIDED)", "Pnangnn_26": "RUTIN", "Pmriksn_26": "DETAIL", "Pnglola_26": "BPJN BANGKA BELITUNG", "Satkr_ID26": "693887", "PPK_Name26": "PPK 1.2", "Traffic_26": null, "VCR_26": "0.19", "AADT_26": null, "Tipe_Jb_26": null, "Lat_26": -2.0461099998800001, "Long_26": 105.216194, "Tgl_Ins_26": "4\/23\/2026", "Ket_26": null }, "geometry": { "type": "Point", "coordinates": [ 105.21619399975333, -2.046109999876535 ] } },
{ "type": "Feature", "properties": { "KDRUAS_UPD": "16002", "NOJBT_UPD": "16.002.005.0", "NM_RUAS_UP": "IBUL - KELAPA", "NM_JBT_UPD": "AIR MELANJAI II", "PROVINSI": "BANGKA BELITUNG", "No_Prov_26": "16", "ID_Jbt_26": "1600018", "Kd_Ruas_26": "16002", "Suffix_26": null, "Nm_Ruas_26": "IBUL - KELAPA", "Lintas_26": "NON LINTAS", "No_Jbt_26": "16.002.005.0", "Nm_Jbt_26": "AIR MELANJAI II", "Status_26": "N", "Fungsi_26": "JAP", "Lks_Dr_26": "PKP", "Lks_km_26": 72737.0, "F_STA_26": "840", "Cadin_26": "KAB. BANGKA BARAT", "Pjg_Jbt_26": 14.9, "Btg_Pjg_26": 14.2, "Jml_Btg_26": "1", "Lb_Jl_Ms26": 5.0, "Lb_Jl_Kl26": 5.0, "Lb_Lalin26": 5.0, "Lb_Bh_Ki26": 0.55, "Lb_Bh_Ka26": 0.52, "Lb_Dr_Ki26": 0.1, "Lb_Dr_Ka26": 0.1, "Lb_Tr_Ki26": 0.25, "Lb_Tr_Ka26": 0.25, "Lb_TS_Ki26": 0.0, "Lb_TS_Ka26": 0.0, "Lb_Med_26": 0.0, "Lbr_Jbt_26": 6.77, "Bgn_Ats_26": "GTP", "Jns_Jbt_26": "STANDAR", "Thn_Bgn_26": "1992", "BA_26": "2", "LNT_26": "2", "BB_26": "2", "DAS_26": "2", "OP_26": "1", "UT_26": "1", "GR_26": "0", "LB_26": "0", "JBT_26": "2", "Tp_Lnts_26": "SUNGAI", "Dt_Lnts_26": "LURUS, BERKELOK (MEANDER), BERJALIN (BRAIDED)", "Pnangnn_26": "RUTIN", "Pmriksn_26": "TIDAK DI SURVEI", "Pnglola_26": "BPJN BANGKA BELITUNG", "Satkr_ID26": "693887", "PPK_Name26": "PPK 1.2", "Traffic_26": null, "VCR_26": "0.06", "AADT_26": null, "Tipe_Jb_26": null, "Lat_26": -1.8630800004400001, "Long_26": 105.601724, "Tgl_Ins_26": "6\/11\/2025", "Ket_26": null }, "geometry": { "type": "Point", "coordinates": [ 105.60172399986277, -1.863080000441641 ] } },
{ "type": "Feature", "properties": { "KDRUAS_UPD": "16017", "NOJBT_UPD": "16.017.004.0", "NM_RUAS_UP": "PETIKAN - PILANG (TANJUNG PANDAN)", "NM_JBT_UPD": "AIR PETIKAN II", "PROVINSI": "BANGKA BELITUNG", "No_Prov_26": "16", "ID_Jbt_26": "1600093", "Kd_Ruas_26": "16017", "Suffix_26": null, "Nm_Ruas_26": "PETIKAN - PILANG (TANJUNG PANDAN)", "Lintas_26": "NON LINTAS", "No_Jbt_26": "16.017.004.0", "Nm_Jbt_26": "AIR PETIKAN II", "Status_26": "N", "Fungsi_26": "JKP-1", "Lks_Dr_26": "TDN", "Lks_km_26": 16104.0, "F_STA_26": "1380", "Cadin_26": "KAB. BELITUNG", "Pjg_Jbt_26": 15.7, "Btg_Pjg_26": 15.2, "Jml_Btg_26": "1", "Lb_Jl_Ms26": 6.3, "Lb_Jl_Kl26": 6.3, "Lb_Lalin26": 6.3, "Lb_Bh_Ki26": 0.35, "Lb_Bh_Ka26": 0.31, "Lb_Dr_Ki26": 0.1, "Lb_Dr_Ka26": 0.1, "Lb_Tr_Ki26": 0.36, "Lb_Tr_Ka26": 0.32, "Lb_TS_Ki26": 0.0, "Lb_TS_Ka26": 0.0, "Lb_Med_26": 0.0, "Lbr_Jbt_26": 7.84, "Bgn_Ats_26": "GTP", "Jns_Jbt_26": "STANDAR", "Thn_Bgn_26": "1974", "BA_26": "2", "LNT_26": "2", "BB_26": "1", "DAS_26": "2", "OP_26": "0", "UT_26": "0", "GR_26": "0", "LB_26": "0", "JBT_26": "2", "Tp_Lnts_26": "SUNGAI", "Dt_Lnts_26": "LURUS, BERKELOK (MEANDER), BERJALIN (BRAIDED)", "Pnangnn_26": "RUTIN", "Pmriksn_26": "TIDAK DI SURVEI", "Pnglola_26": "BPJN BANGKA BELITUNG", "Satkr_ID26": "4693888", "PPK_Name26": null, "Traffic_26": null, "VCR_26": "0.05", "AADT_26": null, "Tipe_Jb_26": null, "Lat_26": -2.8213329996200001, "Long_26": 107.59929, "Tgl_Ins_26": "7\/4\/2025", "Ket_26": null }, "geometry": { "type": "Point", "coordinates": [ 107.599289999633811, -2.821332999618164 ] } },
{ "type": "Feature", "properties": { "KDRUAS_UPD": "16020", "NOJBT_UPD": "16.020.003.0", "NM_RUAS_UP": "PERAWAS - BADAU", "NM_JBT_UPD": "AIR RAYA", "PROVINSI": "BANGKA BELITUNG", "No_Prov_26": "16", "ID_Jbt_26": "1600096", "Kd_Ruas_26": "16020", "Suffix_26": null, "Nm_Ruas_26": "PERAWAS - BADAU", "Lintas_26": "NON LINTAS", "No_Jbt_26": "16.020.003.0", "Nm_Jbt_26": "AIR RAYA", "Status_26": "N", "Fungsi_26": "JKP-1", "Lks_Dr_26": "TDN", "Lks_km_26": 17517.0, "F_STA_26": "850", "Cadin_26": "KAB. BELITUNG", "Pjg_Jbt_26": 25.8, "Btg_Pjg_26": 25.3, "Jml_Btg_26": "1", "Lb_Jl_Ms26": 6.3, "Lb_Jl_Kl26": 6.3, "Lb_Lalin26": 6.3, "Lb_Bh_Ki26": 0.21, "Lb_Bh_Ka26": 0.3, "Lb_Dr_Ki26": 0.08, "Lb_Dr_Ka26": 0.08, "Lb_Tr_Ki26": 1.0, "Lb_Tr_Ka26": 1.0, "Lb_TS_Ki26": 0.0, "Lb_TS_Ka26": 0.0, "Lb_Med_26": 0.0, "Lbr_Jbt_26": 8.97, "Bgn_Ats_26": "GPP", "Jns_Jbt_26": "STANDAR", "Thn_Bgn_26": "2013", "BA_26": "1", "LNT_26": "1", "BB_26": "1", "DAS_26": "1", "OP_26": "0", "UT_26": "0", "GR_26": "0", "LB_26": "0", "JBT_26": "1", "Tp_Lnts_26": "SUNGAI", "Dt_Lnts_26": "LURUS, BERKELOK (MEANDER), BERJALIN (BRAIDED)", "Pnangnn_26": "RUTIN", "Pmriksn_26": "TIDAK DI SURVEI", "Pnglola_26": "BPJN BANGKA BELITUNG", "Satkr_ID26": "4693888", "PPK_Name26": "PPK 2.2", "Traffic_26": null, "VCR_26": "0.09", "AADT_26": null, "Tipe_Jb_26": null, "Lat_26": -2.80392999747, "Long_26": 107.76793999900001, "Tgl_Ins_26": "7\/5\/2025", "Ket_26": null }, "geometry": { "type": "Point", "coordinates": [ 107.767939998732004, -2.803929997471357 ] } },
{ "type": "Feature", "properties": { "KDRUAS_UPD": "1601011", "NOJBT_UPD": "16.010.000.1.11", "NM_RUAS_UP": "JLN. MAYOR SYAFRI (P. PINANG)", "NM_JBT_UPD": "GELAGAR GTI KM 01+218", "PROVINSI": "BANGKA BELITUNG", "No_Prov_26": "16", "ID_Jbt_26": "1600150", "Kd_Ruas_26": "1601011", "Suffix_26": "11", "Nm_Ruas_26": "JLN. MAYOR SYAFRI (P. PINANG)", "Lintas_26": "NON LINTAS", "No_Jbt_26": "16.010.000.1.11", "Nm_Jbt_26": "GELAGAR GTI KM 01+218", "Status_26": "N", "Fungsi_26": "JAP", "Lks_Dr_26": "PKP", "Lks_km_26": 1218.0, "F_STA_26": "20", "Cadin_26": "KOTA PANGKALPINANG", "Pjg_Jbt_26": 6.93, "Btg_Pjg_26": 6.48, "Jml_Btg_26": "1", "Lb_Jl_Ms26": 12.44, "Lb_Jl_Kl26": 12.44, "Lb_Lalin26": 12.44, "Lb_Bh_Ki26": 0.89, "Lb_Bh_Ka26": 0.86, "Lb_Dr_Ki26": 0.0, "Lb_Dr_Ka26": 0.0, "Lb_Tr_Ki26": 0.35, "Lb_Tr_Ka26": 0.8, "Lb_TS_Ki26": 0.0, "Lb_TS_Ka26": 0.0, "Lb_Med_26": 0.55, "Lbr_Jbt_26": 15.89, "Bgn_Ats_26": "GTP", "Jns_Jbt_26": "STANDAR", "Thn_Bgn_26": "2019", "BA_26": "1", "LNT_26": "1", "BB_26": "1", "DAS_26": "1", "OP_26": "0", "UT_26": "0", "GR_26": "0", "LB_26": "0", "JBT_26": "1", "Tp_Lnts_26": "SUNGAI", "Dt_Lnts_26": "LURUS, BERKELOK (MEANDER), BERJALIN (BRAIDED)", "Pnangnn_26": "RUTIN", "Pmriksn_26": "TIDAK DI SURVEI", "Pnglola_26": "BPJN BANGKA BELITUNG", "Satkr_ID26": "693887", "PPK_Name26": "PPK TP 01", "Traffic_26": null, "VCR_26": "0.96", "AADT_26": null, "Tipe_Jb_26": null, "Lat_26": -2.1308199996399999, "Long_26": 106.11561, "Tgl_Ins_26": "6\/14\/2025", "Ket_26": null }, "geometry": { "type": "Point", "coordinates": [ 106.115609999801734, -2.130819999643222 ] } },
{ "type": "Feature", "properties": { "KDRUAS_UPD": "1602913", "NOJBT_UPD": "16.029.001.A.13", "NM_RUAS_UP": "SP. JLN. AIR ITAM - SP. JLN. PULAU PELEPAS", "NM_JBT_UPD": "DOUBLE BOX KM 11+880 A", "PROVINSI": "BANGKA BELITUNG", "No_Prov_26": "16", "ID_Jbt_26": "1600156", "Kd_Ruas_26": "1602913", "Suffix_26": "13", "Nm_Ruas_26": "SP. JLN. AIR ITAM - SP. JLN. PULAU PELEPAS", "Lintas_26": "NON LINTAS", "No_Jbt_26": "16.029.001.A.13", "Nm_Jbt_26": "DOUBLE BOX KM 11+880 A", "Status_26": "N", "Fungsi_26": "JAP", "Lks_Dr_26": "PKP", "Lks_km_26": 11880.0, "F_STA_26": "50", "Cadin_26": "KOTA PANGKALPINANG", "Pjg_Jbt_26": 6.9, "Btg_Pjg_26": 3.45, "Jml_Btg_26": "2", "Lb_Jl_Ms26": 9.15, "Lb_Jl_Kl26": 9.15, "Lb_Lalin26": 9.15, "Lb_Bh_Ki26": 0.65, "Lb_Bh_Ka26": 0.4, "Lb_Dr_Ki26": 0.0, "Lb_Dr_Ka26": 0.0, "Lb_Tr_Ki26": 2.0, "Lb_Tr_Ka26": 0.9, "Lb_TS_Ki26": 0.0, "Lb_TS_Ka26": 0.0, "Lb_Med_26": 0.0, "Lbr_Jbt_26": 13.1, "Bgn_Ats_26": "BTP", "Jns_Jbt_26": "STANDAR", "Thn_Bgn_26": "2003", "BA_26": "2", "LNT_26": "2", "BB_26": "0", "DAS_26": "1", "OP_26": "0", "UT_26": "0", "GR_26": "2", "LB_26": "0", "JBT_26": "2", "Tp_Lnts_26": "SUNGAI", "Dt_Lnts_26": "LURUS, BERKELOK (MEANDER), BERJALIN (BRAIDED)", "Pnangnn_26": "RUTIN", "Pmriksn_26": "TIDAK DI SURVEI", "Pnglola_26": "BPJN BANGKA BELITUNG", "Satkr_ID26": "693887", "PPK_Name26": "PPK TP 01", "Traffic_26": null, "VCR_26": "0.32", "AADT_26": null, "Tipe_Jb_26": null, "Lat_26": -2.1443999999600001, "Long_26": 106.14679, "Tgl_Ins_26": "6\/14\/2025", "Ket_26": null }, "geometry": { "type": "Point", "coordinates": [ 106.146789999658836, -2.144399999960001 ] } },
{ "type": "Feature", "properties": { "KDRUAS_UPD": "1602913", "NOJBT_UPD": "16.029.002.A.13", "NM_RUAS_UP": "SP. JLN. AIR ITAM - SP. JLN. PULAU PELEPAS", "NM_JBT_UPD": "DOUBLE BOX KM 12+700 A", "PROVINSI": "BANGKA BELITUNG", "No_Prov_26": "16", "ID_Jbt_26": "1600157", "Kd_Ruas_26": "1602913", "Suffix_26": "13", "Nm_Ruas_26": "SP. JLN. AIR ITAM - SP. JLN. PULAU PELEPAS", "Lintas_26": "NON LINTAS", "No_Jbt_26": "16.029.002.A.13", "Nm_Jbt_26": "DOUBLE BOX KM 12+700 A", "Status_26": "N", "Fungsi_26": "JAP", "Lks_Dr_26": "PKP", "Lks_km_26": 12700.0, "F_STA_26": "130", "Cadin_26": "KOTA PANGKALPINANG", "Pjg_Jbt_26": 6.9, "Btg_Pjg_26": 3.45, "Jml_Btg_26": "2", "Lb_Jl_Ms26": 8.85, "Lb_Jl_Kl26": 8.85, "Lb_Lalin26": 8.85, "Lb_Bh_Ki26": 0.41, "Lb_Bh_Ka26": 0.56, "Lb_Dr_Ki26": 0.0, "Lb_Dr_Ka26": 0.0, "Lb_Tr_Ki26": 2.0, "Lb_Tr_Ka26": 1.0, "Lb_TS_Ki26": 0.0, "Lb_TS_Ka26": 0.0, "Lb_Med_26": 0.0, "Lbr_Jbt_26": 12.82, "Bgn_Ats_26": "BTP", "Jns_Jbt_26": "STANDAR", "Thn_Bgn_26": "2003", "BA_26": "0", "LNT_26": "0", "BB_26": "0", "DAS_26": "1", "OP_26": "1", "UT_26": "1", "GR_26": "2", "LB_26": "0", "JBT_26": "2", "Tp_Lnts_26": "SUNGAI", "Dt_Lnts_26": "LURUS, BERKELOK (MEANDER), BERJALIN (BRAIDED)", "Pnangnn_26": "RUTIN", "Pmriksn_26": "TIDAK DI SURVEI", "Pnglola_26": "BPJN BANGKA BELITUNG", "Satkr_ID26": "693887", "PPK_Name26": "PPK TP 01", "Traffic_26": null, "VCR_26": "0.32", "AADT_26": null, "Tipe_Jb_26": null, "Lat_26": -2.14593999993, "Long_26": 106.15339, "Tgl_Ins_26": "6\/14\/2025", "Ket_26": null }, "geometry": { "type": "Point", "coordinates": [ 106.153390000048546, -2.145939999930988 ] } },
{ "type": "Feature", "properties": { "KDRUAS_UPD": "1602914", "NOJBT_UPD": "16.029.001.A.14", "NM_RUAS_UP": "JLN. PULAU PELEPAS (PANGKAL PINANG)", "NM_JBT_UPD": "DOUBLE BOX KM 13+010 A", "PROVINSI": "BANGKA BELITUNG", "No_Prov_26": "16", "ID_Jbt_26": "1600134", "Kd_Ruas_26": "1602914", "Suffix_26": "14", "Nm_Ruas_26": "JLN. PULAU PELEPAS (PANGKAL PINANG)", "Lintas_26": "NON LINTAS", "No_Jbt_26": "16.029.001.A.14", "Nm_Jbt_26": "DOUBLE BOX KM 13+010 A", "Status_26": "N", "Fungsi_26": "JAP", "Lks_Dr_26": "PKP", "Lks_km_26": 13010.0, "F_STA_26": "20", "Cadin_26": "KOTA PANGKALPINANG", "Pjg_Jbt_26": 6.9, "Btg_Pjg_26": 3.45, "Jml_Btg_26": "2", "Lb_Jl_Ms26": 7.63, "Lb_Jl_Kl26": 7.63, "Lb_Lalin26": 7.63, "Lb_Bh_Ki26": 2.11, "Lb_Bh_Ka26": 0.32, "Lb_Dr_Ki26": 0.0, "Lb_Dr_Ka26": 0.0, "Lb_Tr_Ki26": 1.5, "Lb_Tr_Ka26": 0.47, "Lb_TS_Ki26": 0.35, "Lb_TS_Ka26": 0.35, "Lb_Med_26": 0.0, "Lbr_Jbt_26": 13.06, "Bgn_Ats_26": "BTP", "Jns_Jbt_26": "STANDAR", "Thn_Bgn_26": "2003", "BA_26": "0", "LNT_26": "0", "BB_26": "0", "DAS_26": "2", "OP_26": "0", "UT_26": "0", "GR_26": "1", "LB_26": "0", "JBT_26": "2", "Tp_Lnts_26": "SUNGAI", "Dt_Lnts_26": "LURUS, BERKELOK (MEANDER), BERJALIN (BRAIDED)", "Pnangnn_26": "RUTIN", "Pmriksn_26": "DETAIL", "Pnglola_26": "BPJN BANGKA BELITUNG", "Satkr_ID26": "693887", "PPK_Name26": "PPK TP 01", "Traffic_26": null, "VCR_26": "0.18", "AADT_26": null, "Tipe_Jb_26": null, "Lat_26": -2.14790000038, "Long_26": 106.15253, "Tgl_Ins_26": "4\/27\/2026", "Ket_26": null }, "geometry": { "type": "Point", "coordinates": [ 106.152529999959597, -2.147900000384652 ] } },
{ "type": "Feature", "properties": { "KDRUAS_UPD": "16001", "NOJBT_UPD": "16.001.012.0", "NM_RUAS_UP": "TANJUNG KELIAN - IBUL", "NM_JBT_UPD": "AIR MUNTOK I", "PROVINSI": "BANGKA BELITUNG", "No_Prov_26": "16", "ID_Jbt_26": "1600013", "Kd_Ruas_26": "16001", "Suffix_26": null, "Nm_Ruas_26": "TANJUNG KELIAN - IBUL", "Lintas_26": "NON LINTAS", "No_Jbt_26": "16.001.012.0", "Nm_Jbt_26": "AIR MUNTOK I", "Status_26": "N", "Fungsi_26": "JAP", "Lks_Dr_26": "PKP", "Lks_km_26": 134766.0, "F_STA_26": "0", "Cadin_26": "KAB. BANGKA BARAT", "Pjg_Jbt_26": 17.6, "Btg_Pjg_26": 16.9, "Jml_Btg_26": "1", "Lb_Jl_Ms26": 6.5, "Lb_Jl_Kl26": 6.5, "Lb_Lalin26": 6.5, "Lb_Bh_Ki26": 0.25, "Lb_Bh_Ka26": 0.25, "Lb_Dr_Ki26": 0.1, "Lb_Dr_Ka26": 0.1, "Lb_Tr_Ki26": 0.85, "Lb_Tr_Ka26": 0.85, "Lb_TS_Ki26": 0.0, "Lb_TS_Ka26": 0.0, "Lb_Med_26": 0.0, "Lbr_Jbt_26": 8.9, "Bgn_Ats_26": "GTP", "Jns_Jbt_26": "STANDAR", "Thn_Bgn_26": "1992", "BA_26": "2", "LNT_26": "2", "BB_26": "1", "DAS_26": "2", "OP_26": "1", "UT_26": "0", "GR_26": "0", "LB_26": "0", "JBT_26": "2", "Tp_Lnts_26": "SUNGAI", "Dt_Lnts_26": "LURUS, BERKELOK (MEANDER), BERJALIN (BRAIDED)", "Pnangnn_26": "RUTIN", "Pmriksn_26": "DETAIL", "Pnglola_26": "BPJN BANGKA BELITUNG", "Satkr_ID26": "693887", "PPK_Name26": "PPK 1.2", "Traffic_26": null, "VCR_26": "0.19", "AADT_26": null, "Tipe_Jb_26": null, "Lat_26": -2.0689166666699998, "Long_26": 105.1630001, "Tgl_Ins_26": "4\/23\/2026", "Ket_26": null }, "geometry": { "type": "Point", "coordinates": [ 105.163000099874751, -2.068916666670759 ] } },
{ "type": "Feature", "properties": { "KDRUAS_UPD": "16012", "NOJBT_UPD": "16.012.006.0", "NM_RUAS_UP": "KOBA - BTS. KAB. (BANGKA TENGAH\/SELATAN)", "NM_JBT_UPD": "AIR NIBUNG", "PROVINSI": "BANGKA BELITUNG", "No_Prov_26": "16", "ID_Jbt_26": "1601069", "Kd_Ruas_26": "16012", "Suffix_26": null, "Nm_Ruas_26": "KOBA - BTS. KAB. (BANGKA TENGAH\/SELATAN)", "Lintas_26": "NON LINTAS", "No_Jbt_26": "16.012.006.0", "Nm_Jbt_26": "AIR NIBUNG", "Status_26": "N", "Fungsi_26": "JAP", "Lks_Dr_26": "PKP", "Lks_km_26": 61706.0, "F_STA_26": "120", "Cadin_26": "KAB. BANGKA TENGAH", "Pjg_Jbt_26": 300.7, "Btg_Pjg_26": 15.35, "Jml_Btg_26": "53", "Lb_Jl_Ms26": 6.95, "Lb_Jl_Kl26": 6.95, "Lb_Lalin26": 6.95, "Lb_Bh_Ki26": 0.25, "Lb_Bh_Ka26": 0.35, "Lb_Dr_Ki26": 0.1, "Lb_Dr_Ka26": 0.1, "Lb_Tr_Ki26": 1.0, "Lb_Tr_Ka26": 1.0, "Lb_TS_Ki26": 0.3, "Lb_TS_Ka26": 0.3, "Lb_Med_26": 0.0, "Lbr_Jbt_26": 10.35, "Bgn_Ats_26": "GTP", "Jns_Jbt_26": "STANDAR", "Thn_Bgn_26": "2021", "BA_26": "2", "LNT_26": "2", "BB_26": "2", "DAS_26": "1", "OP_26": "1", "UT_26": "0", "GR_26": "0", "LB_26": "0", "JBT_26": "2", "Tp_Lnts_26": "SUNGAI", "Dt_Lnts_26": "LURUS, BERKELOK (MEANDER), BERJALIN (BRAIDED)", "Pnangnn_26": "RUTIN", "Pmriksn_26": "DETAIL", "Pnglola_26": "BPJN BANGKA BELITUNG", "Satkr_ID26": "693887", "PPK_Name26": "PPK 1.1", "Traffic_26": null, "VCR_26": "0.12", "AADT_26": null, "Tipe_Jb_26": null, "Lat_26": -2.51298, "Long_26": 106.394523, "Tgl_Ins_26": "4\/30\/2026", "Ket_26": null }, "geometry": { "type": "Point", "coordinates": [ 106.394523, -2.51298 ] } },
{ "type": "Feature", "properties": { "KDRUAS_UPD": "1602913", "NOJBT_UPD": "16.029.001.B.13", "NM_RUAS_UP": "SP. JLN. AIR ITAM - SP. JLN. PULAU PELEPAS", "NM_JBT_UPD": "DOUBLE BOX KM 11+880 B", "PROVINSI": "BANGKA BELITUNG", "No_Prov_26": "16", "ID_Jbt_26": "1601070", "Kd_Ruas_26": "1602913", "Suffix_26": "13", "Nm_Ruas_26": "SP. JLN. AIR ITAM - SP. JLN. PULAU PELEPAS", "Lintas_26": "NON LINTAS", "No_Jbt_26": "16.029.001.B.13", "Nm_Jbt_26": "DOUBLE BOX KM 11+880 B", "Status_26": "N", "Fungsi_26": "JAP", "Lks_Dr_26": "PKP", "Lks_km_26": 11880.0, "F_STA_26": "50", "Cadin_26": "KOTA PANGKALPINANG", "Pjg_Jbt_26": 6.9, "Btg_Pjg_26": 3.45, "Jml_Btg_26": "2", "Lb_Jl_Ms26": 9.08, "Lb_Jl_Kl26": 9.08, "Lb_Lalin26": 9.08, "Lb_Bh_Ki26": 0.31, "Lb_Bh_Ka26": 0.6, "Lb_Dr_Ki26": 0.0, "Lb_Dr_Ka26": 0.0, "Lb_Tr_Ki26": 1.0, "Lb_Tr_Ka26": 2.0, "Lb_TS_Ki26": 0.0, "Lb_TS_Ka26": 0.0, "Lb_Med_26": 0.0, "Lbr_Jbt_26": 12.99, "Bgn_Ats_26": "BTP", "Jns_Jbt_26": "STANDAR", "Thn_Bgn_26": "2003", "BA_26": "0", "LNT_26": "0", "BB_26": "0", "DAS_26": "1", "OP_26": "0", "UT_26": "0", "GR_26": "1", "LB_26": "0", "JBT_26": "1", "Tp_Lnts_26": "SUNGAI", "Dt_Lnts_26": "LURUS, BERKELOK (MEANDER), BERJALIN (BRAIDED)", "Pnangnn_26": "RUTIN", "Pmriksn_26": "TIDAK DI SURVEI", "Pnglola_26": "BPJN BANGKA BELITUNG", "Satkr_ID26": "693887", "PPK_Name26": "PPK TP 01", "Traffic_26": null, "VCR_26": "0.32", "AADT_26": null, "Tipe_Jb_26": null, "Lat_26": -2.1444, "Long_26": 106.14679, "Tgl_Ins_26": "6\/14\/2025", "Ket_26": null }, "geometry": { "type": "Point", "coordinates": [ 106.14679, -2.1444 ] } },
{ "type": "Feature", "properties": { "KDRUAS_UPD": "1602913", "NOJBT_UPD": "16.029.002.B.13", "NM_RUAS_UP": "SP. JLN. AIR ITAM - SP. JLN. PULAU PELEPAS", "NM_JBT_UPD": "DOUBLE BOX KM 12+700 B", "PROVINSI": "BANGKA BELITUNG", "No_Prov_26": "16", "ID_Jbt_26": "1601071", "Kd_Ruas_26": "1602913", "Suffix_26": "13", "Nm_Ruas_26": "SP. JLN. AIR ITAM - SP. JLN. PULAU PELEPAS", "Lintas_26": "NON LINTAS", "No_Jbt_26": "16.029.002.B.13", "Nm_Jbt_26": "DOUBLE BOX KM 12+700 B", "Status_26": "N", "Fungsi_26": "JAP", "Lks_Dr_26": "PKP", "Lks_km_26": 12700.0, "F_STA_26": "130", "Cadin_26": "KOTA PANGKALPINANG", "Pjg_Jbt_26": 6.9, "Btg_Pjg_26": 3.45, "Jml_Btg_26": "2", "Lb_Jl_Ms26": 9.43, "Lb_Jl_Kl26": 9.43, "Lb_Lalin26": 9.43, "Lb_Bh_Ki26": 0.25, "Lb_Bh_Ka26": 0.55, "Lb_Dr_Ki26": 0.0, "Lb_Dr_Ka26": 0.0, "Lb_Tr_Ki26": 1.0, "Lb_Tr_Ka26": 1.8, "Lb_TS_Ki26": 0.0, "Lb_TS_Ka26": 0.0, "Lb_Med_26": 0.0, "Lbr_Jbt_26": 13.03, "Bgn_Ats_26": "BTP", "Jns_Jbt_26": "STANDAR", "Thn_Bgn_26": "2003", "BA_26": "0", "LNT_26": "0", "BB_26": "0", "DAS_26": "1", "OP_26": "0", "UT_26": "1", "GR_26": "1", "LB_26": "0", "JBT_26": "1", "Tp_Lnts_26": "SUNGAI", "Dt_Lnts_26": "LURUS, BERKELOK (MEANDER), BERJALIN (BRAIDED)", "Pnangnn_26": "RUTIN", "Pmriksn_26": "TIDAK DI SURVEI", "Pnglola_26": "BPJN BANGKA BELITUNG", "Satkr_ID26": "693887", "PPK_Name26": "PPK TP 01", "Traffic_26": null, "VCR_26": "0.32", "AADT_26": null, "Tipe_Jb_26": null, "Lat_26": -2.14594, "Long_26": 106.15339, "Tgl_Ins_26": "6\/14\/2025", "Ket_26": null }, "geometry": { "type": "Point", "coordinates": [ 106.15339, -2.14594 ] } },
{ "type": "Feature", "properties": { "KDRUAS_UPD": "1602914", "NOJBT_UPD": "16.029.001.B.14", "NM_RUAS_UP": "JLN. PULAU PELEPAS (PANGKAL PINANG)", "NM_JBT_UPD": "DOUBLE BOX KM 13+010 B", "PROVINSI": "BANGKA BELITUNG", "No_Prov_26": "16", "ID_Jbt_26": "1601072", "Kd_Ruas_26": "1602914", "Suffix_26": "14", "Nm_Ruas_26": "JLN. PULAU PELEPAS (PANGKAL PINANG)", "Lintas_26": "NON LINTAS", "No_Jbt_26": "16.029.001.B.14", "Nm_Jbt_26": "DOUBLE BOX KM 13+010 B", "Status_26": "N", "Fungsi_26": "JAP", "Lks_Dr_26": "PKP", "Lks_km_26": 13010.0, "F_STA_26": "20", "Cadin_26": "KOTA PANGKALPINANG", "Pjg_Jbt_26": 6.9, "Btg_Pjg_26": 3.45, "Jml_Btg_26": "2", "Lb_Jl_Ms26": 7.49, "Lb_Jl_Kl26": 7.49, "Lb_Lalin26": 7.49, "Lb_Bh_Ki26": 0.56, "Lb_Bh_Ka26": 2.1, "Lb_Dr_Ki26": 0.0, "Lb_Dr_Ka26": 0.0, "Lb_Tr_Ki26": 0.54, "Lb_Tr_Ka26": 1.51, "Lb_TS_Ki26": 0.35, "Lb_TS_Ka26": 0.35, "Lb_Med_26": 0.0, "Lbr_Jbt_26": 13.05, "Bgn_Ats_26": "BTP", "Jns_Jbt_26": "STANDAR", "Thn_Bgn_26": "2003", "BA_26": "0", "LNT_26": "0", "BB_26": "0", "DAS_26": "2", "OP_26": "0", "UT_26": "0", "GR_26": "1", "LB_26": "0", "JBT_26": "2", "Tp_Lnts_26": "SUNGAI", "Dt_Lnts_26": "LURUS, BERKELOK (MEANDER), BERJALIN (BRAIDED)", "Pnangnn_26": "RUTIN", "Pmriksn_26": "DETAIL", "Pnglola_26": "BPJN BANGKA BELITUNG", "Satkr_ID26": "693887", "PPK_Name26": "PPK TP 01", "Traffic_26": null, "VCR_26": "0.18", "AADT_26": null, "Tipe_Jb_26": null, "Lat_26": -2.1479, "Long_26": 106.15253, "Tgl_Ins_26": "4\/27\/2026", "Ket_26": null }, "geometry": { "type": "Point", "coordinates": [ 106.15253, -2.1479 ] } }
]
}
