{
"type": "FeatureCollection",
"name": "NTB_2026_Q",
"crs": { "type": "name", "properties": { "name": "urn:ogc:def:crs:OGC:1.3:CRS84" } },
"features": [
{ "type": "Feature", "properties": { "KDRUAS_UPD": "4200312", "NOJBT_UPD": "42.003.003.0.12", "NM_RUAS_UP": "JLN. JEND. A. YANI (MATARAM)", "NM_JBT_UPD": "SWETA", "PROVINSI": "NUSA TENGGARA BARAT", "No_Prov_26": "42", "ID_Jbt_26": "4200035", "Kd_Ruas_26": "4200312", "Suffix_26": "12", "Nm_Ruas_26": "JLN. JEND. A. YANI (MATARAM)", "Lintas_26": "JALAN LINTAS PULAU LOMBOK", "No_Jbt_26": "42.003.003.0.12", "Nm_Jbt_26": "SWETA", "Status_26": "N", "Fungsi_26": "A", "Lks_Dr_26": "MTR", "Lks_km_26": 48.0, "F_STA_26": "0", "Cadin_26": "KMR", "Pjg_Jbt_26": 20.0, "Btg_Pjg_26": 19.7, "Jml_Btg_26": "1", "Lb_Jl_Ms26": 14.61, "Lb_Jl_Kl26": 14.61, "Lb_Lalin26": 14.61, "Lb_Bh_Ki26": 0.35, "Lb_Bh_Ka26": 0.2, "Lb_Dr_Ki26": 0.1, "Lb_Dr_Ka26": 0.1, "Lb_Tr_Ki26": 0.88, "Lb_Tr_Ka26": 0.8, "Lb_TS_Ki26": 0.0, "Lb_TS_Ka26": 0.0, "Lb_Med_26": 0.0, "Lbr_Jbt_26": 17.04, "Bgn_Ats_26": "GTP", "Jns_Jbt_26": "STANDAR", "Thn_Bgn_26": "1990", "BA_26": "2", "LNT_26": "2", "BB_26": "2", "DAS_26": "0", "OP_26": "1", "UT_26": "0", "GR_26": "0", "LB_26": "0", "JBT_26": "2", "Tp_Lnts_26": "SUNGAI", "Dt_Lnts_26": "SUNGAI LURUS (STRAIGHT)", "Pnangnn_26": "RUTIN", "Pmriksn_26": "RUTIN", "Pnglola_26": "BPJN NUSA TENGGARA BARAT", "Satkr_ID26": "693914", "PPK_Name26": "PPK 1.3", "Traffic_26": null, "VCR_26": "0.2738", "AADT_26": "10568.4", "Tipe_Jb_26": null, "Lat_26": -8.587227, "Long_26": 116.147245, "Tgl_Ins_26": "6\/4\/2024", "Ket_26": null }, "geometry": { "type": "Point", "coordinates": [ 116.147245, -8.587227 ] } },
{ "type": "Feature", "properties": { "KDRUAS_UPD": "4200312", "NOJBT_UPD": "42.003.002.0.12", "NM_RUAS_UP": "JLN. JEND. A. YANI (MATARAM)", "NM_JBT_UPD": "SELAGALAS I", "PROVINSI": "NUSA TENGGARA BARAT", "No_Prov_26": "42", "ID_Jbt_26": "4200036", "Kd_Ruas_26": "4200312", "Suffix_26": "12", "Nm_Ruas_26": "JLN. JEND. A. YANI (MATARAM)", "Lintas_26": "JALAN LINTAS PULAU LOMBOK", "No_Jbt_26": "42.003.002.0.12", "Nm_Jbt_26": "SELAGALAS I", "Status_26": "N", "Fungsi_26": "A", "Lks_Dr_26": "MTR", "Lks_km_26": 67.0, "F_STA_26": "190", "Cadin_26": "KMR", "Pjg_Jbt_26": 11.8, "Btg_Pjg_26": 11.4, "Jml_Btg_26": "1", "Lb_Jl_Ms26": 13.36, "Lb_Jl_Kl26": 13.36, "Lb_Lalin26": 13.36, "Lb_Bh_Ki26": 0.35, "Lb_Bh_Ka26": 0.35, "Lb_Dr_Ki26": 0.18, "Lb_Dr_Ka26": 0.07, "Lb_Tr_Ki26": 0.76, "Lb_Tr_Ka26": 1.06, "Lb_TS_Ki26": 0.0, "Lb_TS_Ka26": 0.0, "Lb_Med_26": 0.0, "Lbr_Jbt_26": 16.13, "Bgn_Ats_26": "GTP", "Jns_Jbt_26": "STANDAR", "Thn_Bgn_26": "1992", "BA_26": "2", "LNT_26": "2", "BB_26": "2", "DAS_26": "2", "OP_26": "2", "UT_26": "0", "GR_26": "0", "LB_26": "0", "JBT_26": "2", "Tp_Lnts_26": "SUNGAI", "Dt_Lnts_26": "SUNGAI LURUS (STRAIGHT)", "Pnangnn_26": "RUTIN", "Pmriksn_26": "RUTIN", "Pnglola_26": "BPJN NUSA TENGGARA BARAT", "Satkr_ID26": "693914", "PPK_Name26": "PPK 1.3", "Traffic_26": null, "VCR_26": "0.2738", "AADT_26": "10568.4", "Tipe_Jb_26": null, "Lat_26": -8.5756797790500006, "Long_26": 116.14547729500001, "Tgl_Ins_26": "6\/12\/2025", "Ket_26": null }, "geometry": { "type": "Point", "coordinates": [ 116.145477295, -8.575679779050001 ] } },
{ "type": "Feature", "properties": { "KDRUAS_UPD": "4200312", "NOJBT_UPD": "42.003.001.B.12", "NM_RUAS_UP": "JLN. JEND. A. YANI (MATARAM)", "NM_JBT_UPD": "SELAGALAS II B", "PROVINSI": "NUSA TENGGARA BARAT", "No_Prov_26": "42", "ID_Jbt_26": "4200037", "Kd_Ruas_26": "4200312", "Suffix_26": "12", "Nm_Ruas_26": "JLN. JEND. A. YANI (MATARAM)", "Lintas_26": "JALAN LINTAS PULAU LOMBOK", "No_Jbt_26": "42.003.001.B.12", "Nm_Jbt_26": "SELAGALAS II B", "Status_26": "N", "Fungsi_26": "A", "Lks_Dr_26": "MTR", "Lks_km_26": 7.0, "F_STA_26": "0", "Cadin_26": "KMR", "Pjg_Jbt_26": 46.0, "Btg_Pjg_26": 44.7, "Jml_Btg_26": "1", "Lb_Jl_Ms26": 6.68, "Lb_Jl_Kl26": 6.68, "Lb_Lalin26": 6.68, "Lb_Bh_Ki26": 0.15, "Lb_Bh_Ka26": 0.23, "Lb_Dr_Ki26": 0.1, "Lb_Dr_Ka26": 0.08, "Lb_Tr_Ki26": 0.56, "Lb_Tr_Ka26": 0.88, "Lb_TS_Ki26": 0.0, "Lb_TS_Ka26": 0.0, "Lb_Med_26": 0.0, "Lbr_Jbt_26": 8.68, "Bgn_Ats_26": "RBP", "Jns_Jbt_26": "STANDAR", "Thn_Bgn_26": "2003", "BA_26": "1", "LNT_26": "0", "BB_26": "2", "DAS_26": "1", "OP_26": "1", "UT_26": "0", "GR_26": "0", "LB_26": "0", "JBT_26": "2", "Tp_Lnts_26": "SUNGAI", "Dt_Lnts_26": "SUNGAI LURUS (STRAIGHT)", "Pnangnn_26": "RUTIN", "Pmriksn_26": "RUTIN", "Pnglola_26": "BPJN NUSA TENGGARA BARAT", "Satkr_ID26": "693914", "PPK_Name26": "PPK 1.3", "Traffic_26": null, "VCR_26": "0.2738", "AADT_26": "10568.4", "Tipe_Jb_26": null, "Lat_26": -8.5734, "Long_26": 116.14504, "Tgl_Ins_26": "6\/23\/2024", "Ket_26": null }, "geometry": { "type": "Point", "coordinates": [ 116.14504, -8.573399999999657 ] } },
{ "type": "Feature", "properties": { "KDRUAS_UPD": "4200312", "NOJBT_UPD": "42.003.001.A.12", "NM_RUAS_UP": "JLN. JEND. A. YANI (MATARAM)", "NM_JBT_UPD": "SELAGALAS II A", "PROVINSI": "NUSA TENGGARA BARAT", "No_Prov_26": "42", "ID_Jbt_26": "4200038", "Kd_Ruas_26": "4200312", "Suffix_26": "12", "Nm_Ruas_26": "JLN. JEND. A. YANI (MATARAM)", "Lintas_26": "JALAN LINTAS PULAU LOMBOK", "No_Jbt_26": "42.003.001.A.12", "Nm_Jbt_26": "SELAGALAS II A", "Status_26": "N", "Fungsi_26": "A", "Lks_Dr_26": "MTR", "Lks_km_26": 7.0, "F_STA_26": "0", "Cadin_26": "KMR", "Pjg_Jbt_26": 46.0, "Btg_Pjg_26": 44.7, "Jml_Btg_26": "1", "Lb_Jl_Ms26": 6.53, "Lb_Jl_Kl26": 6.53, "Lb_Lalin26": 6.53, "Lb_Bh_Ki26": 0.2, "Lb_Bh_Ka26": 0.2, "Lb_Dr_Ki26": 0.08, "Lb_Dr_Ka26": 0.08, "Lb_Tr_Ki26": 0.7, "Lb_Tr_Ka26": 1.0, "Lb_TS_Ki26": 0.0, "Lb_TS_Ka26": 0.0, "Lb_Med_26": 0.0, "Lbr_Jbt_26": 8.79, "Bgn_Ats_26": "RBP", "Jns_Jbt_26": "STANDAR", "Thn_Bgn_26": "1990", "BA_26": "2", "LNT_26": "2", "BB_26": "2", "DAS_26": "2", "OP_26": "2", "UT_26": "0", "GR_26": "0", "LB_26": "0", "JBT_26": "2", "Tp_Lnts_26": "SUNGAI", "Dt_Lnts_26": "SUNGAI LURUS (STRAIGHT)", "Pnangnn_26": "RUTIN", "Pmriksn_26": "RUTIN", "Pnglola_26": "BPJN NUSA TENGGARA BARAT", "Satkr_ID26": "693914", "PPK_Name26": "PPK 1.3", "Traffic_26": null, "VCR_26": "0.2738", "AADT_26": "10568.4", "Tipe_Jb_26": null, "Lat_26": -8.57339, "Long_26": 116.14517, "Tgl_Ins_26": "6\/12\/2025", "Ket_26": null }, "geometry": { "type": "Point", "coordinates": [ 116.14517, -8.57339 ] } },
{ "type": "Feature", "properties": { "KDRUAS_UPD": "4200413", "NOJBT_UPD": "42.004.001.0.13", "NM_RUAS_UP": "JLN. RAYA BANJAR GETAS (MATARAM)", "NM_JBT_UPD": "BATU DAWE", "PROVINSI": "NUSA TENGGARA BARAT", "No_Prov_26": "42", "ID_Jbt_26": "4200040", "Kd_Ruas_26": "4200413", "Suffix_26": "13", "Nm_Ruas_26": "JLN. RAYA BANJAR GETAS (MATARAM)", "Lintas_26": "NON LINTAS", "No_Jbt_26": "42.004.001.0.13", "Nm_Jbt_26": "BATU DAWE", "Status_26": "N", "Fungsi_26": "A", "Lks_Dr_26": "MTR", "Lks_km_26": 51.0, "F_STA_26": "0", "Cadin_26": "KMR", "Pjg_Jbt_26": 15.0, "Btg_Pjg_26": 14.7, "Jml_Btg_26": "1", "Lb_Jl_Ms26": 6.71, "Lb_Jl_Kl26": 6.71, "Lb_Lalin26": 6.71, "Lb_Bh_Ki26": 0.15, "Lb_Bh_Ka26": 0.15, "Lb_Dr_Ki26": 0.1, "Lb_Dr_Ka26": 0.2, "Lb_Tr_Ki26": 1.15, "Lb_Tr_Ka26": 1.15, "Lb_TS_Ki26": 0.3, "Lb_TS_Ka26": 0.25, "Lb_Med_26": 0.0, "Lbr_Jbt_26": 10.16, "Bgn_Ats_26": "VPP", "Jns_Jbt_26": "STANDAR", "Thn_Bgn_26": "2017", "BA_26": "1", "LNT_26": "0", "BB_26": "1", "DAS_26": "1", "OP_26": "0", "UT_26": "0", "GR_26": "0", "LB_26": "0", "JBT_26": "1", "Tp_Lnts_26": "SUNGAI", "Dt_Lnts_26": "SUNGAI LURUS (STRAIGHT)", "Pnangnn_26": "RUTIN", "Pmriksn_26": "RUTIN", "Pnglola_26": "BPJN NUSA TENGGARA BARAT", "Satkr_ID26": "693914", "PPK_Name26": "PPK 1.3", "Traffic_26": null, "VCR_26": "0.5394", "AADT_26": "39593.4", "Tipe_Jb_26": null, "Lat_26": -8.5897397995000002, "Long_26": 116.07714843799998, "Tgl_Ins_26": "6\/6\/2024", "Ket_26": null }, "geometry": { "type": "Point", "coordinates": [ 116.077148437999981, -8.58973979950005 ] } },
{ "type": "Feature", "properties": { "KDRUAS_UPD": "4200414", "NOJBT_UPD": "42.004.001.0.14", "NM_RUAS_UP": "JLN. DR. SUJONO (MATARAM)", "NM_JBT_UPD": "TJ. KARANG II", "PROVINSI": "NUSA TENGGARA BARAT", "No_Prov_26": "42", "ID_Jbt_26": "4200042", "Kd_Ruas_26": "4200414", "Suffix_26": "14", "Nm_Ruas_26": "JLN. DR. SUJONO (MATARAM)", "Lintas_26": "NON LINTAS", "No_Jbt_26": "42.004.001.0.14", "Nm_Jbt_26": "TJ. KARANG II", "Status_26": "N", "Fungsi_26": "A", "Lks_Dr_26": "MTR", "Lks_km_26": 64.0, "F_STA_26": "0", "Cadin_26": "KMR", "Pjg_Jbt_26": 36.5, "Btg_Pjg_26": 35.7, "Jml_Btg_26": "1", "Lb_Jl_Ms26": 15.0, "Lb_Jl_Kl26": 6.47, "Lb_Lalin26": 6.47, "Lb_Bh_Ki26": 0.25, "Lb_Bh_Ka26": 0.2, "Lb_Dr_Ki26": 0.1, "Lb_Dr_Ka26": 0.1, "Lb_Tr_Ki26": 0.97, "Lb_Tr_Ka26": 0.95, "Lb_TS_Ki26": 0.0, "Lb_TS_Ka26": 0.0, "Lb_Med_26": 0.0, "Lbr_Jbt_26": 9.04, "Bgn_Ats_26": "RBP", "Jns_Jbt_26": "STANDAR", "Thn_Bgn_26": "1990", "BA_26": "2", "LNT_26": "2", "BB_26": "2", "DAS_26": "1", "OP_26": "1", "UT_26": "0", "GR_26": "0", "LB_26": "0", "JBT_26": "2", "Tp_Lnts_26": "SUNGAI", "Dt_Lnts_26": "SUNGAI LURUS (STRAIGHT)", "Pnangnn_26": "RUTIN", "Pmriksn_26": "RUTIN", "Pnglola_26": "BPJN NUSA TENGGARA BARAT", "Satkr_ID26": "693914", "PPK_Name26": "PPK 1.3", "Traffic_26": null, "VCR_26": "0.349", "AADT_26": "46672.4", "Tipe_Jb_26": null, "Lat_26": -8.6018199920700003, "Long_26": 116.075546265, "Tgl_Ins_26": "4\/7\/2024", "Ket_26": null }, "geometry": { "type": "Point", "coordinates": [ 116.075546265, -8.601819992070409 ] } },
{ "type": "Feature", "properties": { "KDRUAS_UPD": "4200414", "NOJBT_UPD": "42.004.002.A.14", "NM_RUAS_UP": "JLN. DR. SUJONO (MATARAM)", "NM_JBT_UPD": "LOANG BALOK A", "PROVINSI": "NUSA TENGGARA BARAT", "No_Prov_26": "42", "ID_Jbt_26": "4200043", "Kd_Ruas_26": "4200414", "Suffix_26": "14", "Nm_Ruas_26": "JLN. DR. SUJONO (MATARAM)", "Lintas_26": "NON LINTAS", "No_Jbt_26": "42.004.002.A.14", "Nm_Jbt_26": "LOANG BALOK A", "Status_26": "N", "Fungsi_26": "A", "Lks_Dr_26": "MTR", "Lks_km_26": 73.0, "F_STA_26": "0", "Cadin_26": "KMR", "Pjg_Jbt_26": 21.0, "Btg_Pjg_26": 19.7, "Jml_Btg_26": "1", "Lb_Jl_Ms26": 6.76, "Lb_Jl_Kl26": 6.76, "Lb_Lalin26": 6.76, "Lb_Bh_Ki26": 0.18, "Lb_Bh_Ka26": 0.12, "Lb_Dr_Ki26": 0.0, "Lb_Dr_Ka26": 0.0, "Lb_Tr_Ki26": 0.65, "Lb_Tr_Ka26": 1.0, "Lb_TS_Ki26": 0.3, "Lb_TS_Ka26": 0.3, "Lb_Med_26": 0.0, "Lbr_Jbt_26": 9.31, "Bgn_Ats_26": "GPP", "Jns_Jbt_26": "STANDAR", "Thn_Bgn_26": "2011", "BA_26": "2", "LNT_26": "2", "BB_26": "2", "DAS_26": "1", "OP_26": "1", "UT_26": "0", "GR_26": "0", "LB_26": "0", "JBT_26": "2", "Tp_Lnts_26": "SUNGAI", "Dt_Lnts_26": "SUNGAI LURUS (STRAIGHT)", "Pnangnn_26": "RUTIN", "Pmriksn_26": "RUTIN", "Pnglola_26": "BPJN NUSA TENGGARA BARAT", "Satkr_ID26": "693914", "PPK_Name26": "PPK 1.3", "Traffic_26": null, "VCR_26": "0.349", "AADT_26": "46672.4", "Tipe_Jb_26": null, "Lat_26": -8.612269, "Long_26": 116.076184, "Tgl_Ins_26": "5\/17\/2024", "Ket_26": null }, "geometry": { "type": "Point", "coordinates": [ 116.076184, -8.612269000000341 ] } },
{ "type": "Feature", "properties": { "KDRUAS_UPD": "4200511", "NOJBT_UPD": "42.005.004.0.11", "NM_RUAS_UP": "JLN. TEGUH FAISAL (MATARAM)", "NM_JBT_UPD": "LENDANG LEKONG", "PROVINSI": "NUSA TENGGARA BARAT", "No_Prov_26": "42", "ID_Jbt_26": "4200045", "Kd_Ruas_26": "4200511", "Suffix_26": "11", "Nm_Ruas_26": "JLN. TEGUH FAISAL (MATARAM)", "Lintas_26": "JALAN LINTAS PULAU LOMBOK", "No_Jbt_26": "42.005.004.0.11", "Nm_Jbt_26": "LENDANG LEKONG", "Status_26": "N", "Fungsi_26": "A", "Lks_Dr_26": "MTR", "Lks_km_26": 578.0, "F_STA_26": "20", "Cadin_26": "KMR", "Pjg_Jbt_26": 7.0, "Btg_Pjg_26": 6.7, "Jml_Btg_26": "1", "Lb_Jl_Ms26": 9.86, "Lb_Jl_Kl26": 9.86, "Lb_Lalin26": 9.86, "Lb_Bh_Ki26": 0.3, "Lb_Bh_Ka26": 0.34, "Lb_Dr_Ki26": 0.0, "Lb_Dr_Ka26": 0.0, "Lb_Tr_Ki26": 0.92, "Lb_Tr_Ka26": 0.95, "Lb_TS_Ki26": 0.3, "Lb_TS_Ka26": 0.32, "Lb_Med_26": 0.0, "Lbr_Jbt_26": 12.99, "Bgn_Ats_26": "GTP", "Jns_Jbt_26": "STANDAR", "Thn_Bgn_26": "2012", "BA_26": "1", "LNT_26": "1", "BB_26": "1", "DAS_26": "1", "OP_26": "2", "UT_26": "0", "GR_26": "0", "LB_26": "0", "JBT_26": "2", "Tp_Lnts_26": "SUNGAI", "Dt_Lnts_26": "SUNGAI LURUS (STRAIGHT)", "Pnangnn_26": "RUTIN", "Pmriksn_26": "RUTIN", "Pnglola_26": "BPJN NUSA TENGGARA BARAT", "Satkr_ID26": "693914", "PPK_Name26": "PPK 1.3", "Traffic_26": null, "VCR_26": "0.4033", "AADT_26": "57515.8", "Tipe_Jb_26": null, "Lat_26": -8.59937, "Long_26": 116.14856, "Tgl_Ins_26": "6\/3\/2024", "Ket_26": null }, "geometry": { "type": "Point", "coordinates": [ 116.14856, -8.59937 ] } },
{ "type": "Feature", "properties": { "KDRUAS_UPD": "4200511", "NOJBT_UPD": "42.005.003.0.11", "NM_RUAS_UP": "JLN. TEGUH FAISAL (MATARAM)", "NM_JBT_UPD": "BENGKEL I", "PROVINSI": "NUSA TENGGARA BARAT", "No_Prov_26": "42", "ID_Jbt_26": "4200046", "Kd_Ruas_26": "4200511", "Suffix_26": "11", "Nm_Ruas_26": "JLN. TEGUH FAISAL (MATARAM)", "Lintas_26": "JALAN LINTAS PULAU LOMBOK", "No_Jbt_26": "42.005.003.0.11", "Nm_Jbt_26": "BENGKEL I", "Status_26": "N", "Fungsi_26": "A", "Lks_Dr_26": "MTR", "Lks_km_26": 21.0, "F_STA_26": "20", "Cadin_26": "KMR", "Pjg_Jbt_26": 10.8, "Btg_Pjg_26": 10.4, "Jml_Btg_26": "1", "Lb_Jl_Ms26": 10.26, "Lb_Jl_Kl26": 10.26, "Lb_Lalin26": 10.26, "Lb_Bh_Ki26": 0.35, "Lb_Bh_Ka26": 0.38, "Lb_Dr_Ki26": 0.1, "Lb_Dr_Ka26": 0.1, "Lb_Tr_Ki26": 0.8, "Lb_Tr_Ka26": 0.75, "Lb_TS_Ki26": 0.0, "Lb_TS_Ka26": 0.0, "Lb_Med_26": 0.0, "Lbr_Jbt_26": 12.74, "Bgn_Ats_26": "GTP", "Jns_Jbt_26": "STANDAR", "Thn_Bgn_26": "1997", "BA_26": "2", "LNT_26": "2", "BB_26": "0", "DAS_26": "1", "OP_26": "1", "UT_26": "0", "GR_26": "0", "LB_26": "0", "JBT_26": "2", "Tp_Lnts_26": "SUNGAI", "Dt_Lnts_26": "SUNGAI LURUS (STRAIGHT)", "Pnangnn_26": "RUTIN", "Pmriksn_26": "RUTIN", "Pnglola_26": "BPJN NUSA TENGGARA BARAT", "Satkr_ID26": "693914", "PPK_Name26": "PPK 1.3", "Traffic_26": null, "VCR_26": "0.4033", "AADT_26": "57515.8", "Tipe_Jb_26": null, "Lat_26": -8.6122102737400006, "Long_26": 116.14948272700001, "Tgl_Ins_26": "6\/3\/2024", "Ket_26": null }, "geometry": { "type": "Point", "coordinates": [ 116.149482727, -8.61221027373985 ] } },
{ "type": "Feature", "properties": { "KDRUAS_UPD": "4200512", "NOJBT_UPD": "42.005.002.0.12", "NM_RUAS_UP": "JLN. TGH. SALEH HAMBALI (DASAN CERMIN - BENGKEL)", "NM_JBT_UPD": "REJASI", "PROVINSI": "NUSA TENGGARA BARAT", "No_Prov_26": "42", "ID_Jbt_26": "4200050", "Kd_Ruas_26": "4200512", "Suffix_26": "12", "Nm_Ruas_26": "JLN. TGH. SALEH HAMBALI (DASAN CERMIN - BENGKEL)", "Lintas_26": "JALAN LINTAS PULAU LOMBOK", "No_Jbt_26": "42.005.002.0.12", "Nm_Jbt_26": "REJASI", "Status_26": "N", "Fungsi_26": "A", "Lks_Dr_26": "MTR", "Lks_km_26": 705.0, "F_STA_26": "0", "Cadin_26": "LBR", "Pjg_Jbt_26": 6.0, "Btg_Pjg_26": 5.7, "Jml_Btg_26": "1", "Lb_Jl_Ms26": 6.86, "Lb_Jl_Kl26": 6.86, "Lb_Lalin26": 6.86, "Lb_Bh_Ki26": 0.3, "Lb_Bh_Ka26": 0.3, "Lb_Dr_Ki26": 0.1, "Lb_Dr_Ka26": 0.12, "Lb_Tr_Ki26": 0.45, "Lb_Tr_Ka26": 0.5, "Lb_TS_Ki26": 0.0, "Lb_TS_Ka26": 0.0, "Lb_Med_26": 0.0, "Lbr_Jbt_26": 8.63, "Bgn_Ats_26": "MBP", "Jns_Jbt_26": "STANDAR", "Thn_Bgn_26": "1981", "BA_26": "2", "LNT_26": "2", "BB_26": "2", "DAS_26": "2", "OP_26": "2", "UT_26": "0", "GR_26": "0", "LB_26": "0", "JBT_26": "2", "Tp_Lnts_26": "SUNGAI", "Dt_Lnts_26": "SUNGAI LURUS (STRAIGHT)", "Pnangnn_26": "RUTIN", "Pmriksn_26": "RUTIN", "Pnglola_26": "BPJN NUSA TENGGARA BARAT", "Satkr_ID26": "693914", "PPK_Name26": "PPK 1.3", "Traffic_26": null, "VCR_26": "0.5831", "AADT_26": "42152.5", "Tipe_Jb_26": null, "Lat_26": -8.6164102554300008, "Long_26": 116.14530944800001, "Tgl_Ins_26": "6\/13\/2025", "Ket_26": null }, "geometry": { "type": "Point", "coordinates": [ 116.145309448, -8.616410255429901 ] } },
{ "type": "Feature", "properties": { "KDRUAS_UPD": "42006", "NOJBT_UPD": "42.006.001.0", "NM_RUAS_UP": "DASAN CERMIN - RUMAK", "NM_JBT_UPD": "TELABAH TENGAH", "PROVINSI": "NUSA TENGGARA BARAT", "No_Prov_26": "42", "ID_Jbt_26": "4200051", "Kd_Ruas_26": "42006", "Suffix_26": null, "Nm_Ruas_26": "DASAN CERMIN - RUMAK", "Lintas_26": "DASAN CERMIN - RUMAK", "No_Jbt_26": "42.006.001.0", "Nm_Jbt_26": "TELABAH TENGAH", "Status_26": "N", "Fungsi_26": "A", "Lks_Dr_26": "MTR", "Lks_km_26": 51.0, "F_STA_26": "10", "Cadin_26": "LBR", "Pjg_Jbt_26": 7.0, "Btg_Pjg_26": 6.7, "Jml_Btg_26": "1", "Lb_Jl_Ms26": 7.46, "Lb_Jl_Kl26": 7.46, "Lb_Lalin26": 7.46, "Lb_Bh_Ki26": 0.2, "Lb_Bh_Ka26": 0.2, "Lb_Dr_Ki26": 0.1, "Lb_Dr_Ka26": 0.1, "Lb_Tr_Ki26": 1.26, "Lb_Tr_Ka26": 1.26, "Lb_TS_Ki26": 0.0, "Lb_TS_Ka26": 0.0, "Lb_Med_26": 0.0, "Lbr_Jbt_26": 10.58, "Bgn_Ats_26": "PTP", "Jns_Jbt_26": "STANDAR", "Thn_Bgn_26": "1981", "BA_26": "1", "LNT_26": "1", "BB_26": "1", "DAS_26": "2", "OP_26": "2", "UT_26": "0", "GR_26": "0", "LB_26": "0", "JBT_26": "2", "Tp_Lnts_26": "SUNGAI", "Dt_Lnts_26": "SUNGAI LURUS (STRAIGHT)", "Pnangnn_26": "RUTIN", "Pmriksn_26": "RUTIN", "Pnglola_26": "BPJN NUSA TENGGARA BARAT", "Satkr_ID26": "693914", "PPK_Name26": "PPK 1.3", "Traffic_26": null, "VCR_26": "0.7362", "AADT_26": "53740.8", "Tipe_Jb_26": null, "Lat_26": -8.6143076044099995, "Long_26": 116.12740912, "Tgl_Ins_26": "5\/27\/2024", "Ket_26": null }, "geometry": { "type": "Point", "coordinates": [ 116.127409119535997, -8.61430760440919 ] } },
{ "type": "Feature", "properties": { "KDRUAS_UPD": "42006", "NOJBT_UPD": "42.006.002.0", "NM_RUAS_UP": "DASAN CERMIN - RUMAK", "NM_JBT_UPD": "TELABAH KOTOR", "PROVINSI": "NUSA TENGGARA BARAT", "No_Prov_26": "42", "ID_Jbt_26": "4200052", "Kd_Ruas_26": "42006", "Suffix_26": null, "Nm_Ruas_26": "DASAN CERMIN - RUMAK", "Lintas_26": "DASAN CERMIN - RUMAK", "No_Jbt_26": "42.006.002.0", "Nm_Jbt_26": "TELABAH KOTOR", "Status_26": "N", "Fungsi_26": "A", "Lks_Dr_26": "MTR", "Lks_km_26": 545.0, "F_STA_26": "40", "Cadin_26": "LBR", "Pjg_Jbt_26": 9.5, "Btg_Pjg_26": 9.2, "Jml_Btg_26": "1", "Lb_Jl_Ms26": 7.42, "Lb_Jl_Kl26": 7.42, "Lb_Lalin26": 7.42, "Lb_Bh_Ki26": 0.25, "Lb_Bh_Ka26": 0.28, "Lb_Dr_Ki26": 0.0, "Lb_Dr_Ka26": 0.0, "Lb_Tr_Ki26": 1.5, "Lb_Tr_Ka26": 1.5, "Lb_TS_Ki26": 0.4, "Lb_TS_Ka26": 0.4, "Lb_Med_26": 0.0, "Lbr_Jbt_26": 11.75, "Bgn_Ats_26": "BTP", "Jns_Jbt_26": "STANDAR", "Thn_Bgn_26": "2024", "BA_26": "0", "LNT_26": "0", "BB_26": "0", "DAS_26": "0", "OP_26": "0", "UT_26": "0", "GR_26": "0", "LB_26": "0", "JBT_26": "0", "Tp_Lnts_26": "SUNGAI", "Dt_Lnts_26": "SUNGAI LURUS (STRAIGHT)", "Pnangnn_26": "RUTIN", "Pmriksn_26": "RUTIN", "Pnglola_26": "BPJN NUSA TENGGARA BARAT", "Satkr_ID26": "693914", "PPK_Name26": "PPK 1.3", "Traffic_26": null, "VCR_26": "0.7362", "AADT_26": "53740.8", "Tipe_Jb_26": null, "Lat_26": -8.61690998077, "Long_26": 116.127197266, "Tgl_Ins_26": "6\/4\/2025", "Ket_26": null }, "geometry": { "type": "Point", "coordinates": [ 116.127197266, -8.61690998077 ] } },
{ "type": "Feature", "properties": { "KDRUAS_UPD": "42006", "NOJBT_UPD": "42.006.003.0", "NM_RUAS_UP": "DASAN CERMIN - RUMAK", "NM_JBT_UPD": "LABU API", "PROVINSI": "NUSA TENGGARA BARAT", "No_Prov_26": "42", "ID_Jbt_26": "4200053", "Kd_Ruas_26": "42006", "Suffix_26": null, "Nm_Ruas_26": "DASAN CERMIN - RUMAK", "Lintas_26": "DASAN CERMIN - RUMAK", "No_Jbt_26": "42.006.003.0", "Nm_Jbt_26": "LABU API", "Status_26": "N", "Fungsi_26": "A", "Lks_Dr_26": "MTR", "Lks_km_26": 66.0, "F_STA_26": "150", "Cadin_26": "LBR", "Pjg_Jbt_26": 9.6, "Btg_Pjg_26": 9.3, "Jml_Btg_26": "1", "Lb_Jl_Ms26": 6.42, "Lb_Jl_Kl26": 6.42, "Lb_Lalin26": 6.42, "Lb_Bh_Ki26": 0.35, "Lb_Bh_Ka26": 0.3, "Lb_Dr_Ki26": 0.15, "Lb_Dr_Ka26": 0.15, "Lb_Tr_Ki26": 0.8, "Lb_Tr_Ka26": 0.85, "Lb_TS_Ki26": 0.0, "Lb_TS_Ka26": 0.0, "Lb_Med_26": 0.0, "Lbr_Jbt_26": 9.02, "Bgn_Ats_26": "GTP", "Jns_Jbt_26": "STANDAR", "Thn_Bgn_26": "1981", "BA_26": "2", "LNT_26": "2", "BB_26": "2", "DAS_26": "2", "OP_26": "0", "UT_26": "0", "GR_26": "0", "LB_26": "0", "JBT_26": "2", "Tp_Lnts_26": "SUNGAI", "Dt_Lnts_26": "SUNGAI LURUS (STRAIGHT)", "Pnangnn_26": "RUTIN", "Pmriksn_26": "RUTIN", "Pnglola_26": "BPJN NUSA TENGGARA BARAT", "Satkr_ID26": "693914", "PPK_Name26": "PPK 1.3", "Traffic_26": null, "VCR_26": "0.7362", "AADT_26": "53740.8", "Tipe_Jb_26": null, "Lat_26": -8.6272697448700004, "Long_26": 116.12587738000001, "Tgl_Ins_26": "5\/21\/2024", "Ket_26": null }, "geometry": { "type": "Point", "coordinates": [ 116.12587738, -8.62726974487 ] } },
{ "type": "Feature", "properties": { "KDRUAS_UPD": "42006", "NOJBT_UPD": "42.006.004.0", "NM_RUAS_UP": "DASAN CERMIN - RUMAK", "NM_JBT_UPD": "KALI BABAK", "PROVINSI": "NUSA TENGGARA BARAT", "No_Prov_26": "42", "ID_Jbt_26": "4200054", "Kd_Ruas_26": "42006", "Suffix_26": null, "Nm_Ruas_26": "DASAN CERMIN - RUMAK", "Lintas_26": "DASAN CERMIN - RUMAK", "No_Jbt_26": "42.006.004.0", "Nm_Jbt_26": "KALI BABAK", "Status_26": "N", "Fungsi_26": "A", "Lks_Dr_26": "MTR", "Lks_km_26": 81.0, "F_STA_26": "300", "Cadin_26": "LBR", "Pjg_Jbt_26": 122.0, "Btg_Pjg_26": 59.7, "Jml_Btg_26": "2", "Lb_Jl_Ms26": 6.38, "Lb_Jl_Kl26": 6.38, "Lb_Lalin26": 6.38, "Lb_Bh_Ki26": 0.2, "Lb_Bh_Ka26": 0.2, "Lb_Dr_Ki26": 0.15, "Lb_Dr_Ka26": 0.12, "Lb_Tr_Ki26": 1.0, "Lb_Tr_Ka26": 1.0, "Lb_TS_Ki26": 0.0, "Lb_TS_Ka26": 0.0, "Lb_Med_26": 0.0, "Lbr_Jbt_26": 9.05, "Bgn_Ats_26": "RBP", "Jns_Jbt_26": "STANDAR", "Thn_Bgn_26": "1984", "BA_26": "2", "LNT_26": "2", "BB_26": "2", "DAS_26": "1", "OP_26": "1", "UT_26": "0", "GR_26": "0", "LB_26": "0", "JBT_26": "2", "Tp_Lnts_26": "SUNGAI", "Dt_Lnts_26": "SUNGAI LURUS (STRAIGHT)", "Pnangnn_26": "RUTIN", "Pmriksn_26": "RUTIN", "Pnglola_26": "BPJN NUSA TENGGARA BARAT", "Satkr_ID26": "693914", "PPK_Name26": "PPK 1.3", "Traffic_26": null, "VCR_26": "0.7362", "AADT_26": "53740.8", "Tipe_Jb_26": null, "Lat_26": -8.6399002075200002, "Long_26": 116.12727356000001, "Tgl_Ins_26": "5\/6\/2024", "Ket_26": null }, "geometry": { "type": "Point", "coordinates": [ 116.12727356, -8.63990020752 ] } },
{ "type": "Feature", "properties": { "KDRUAS_UPD": "42007", "NOJBT_UPD": "42.007.001.0", "NM_RUAS_UP": "RUMAK - BTS. KOTA GERUNG", "NM_JBT_UPD": "RUMAK I", "PROVINSI": "NUSA TENGGARA BARAT", "No_Prov_26": "42", "ID_Jbt_26": "4200055", "Kd_Ruas_26": "42007", "Suffix_26": null, "Nm_Ruas_26": "RUMAK - BTS. KOTA GERUNG", "Lintas_26": "JALAN LINTAS PULAU LOMBOK", "No_Jbt_26": "42.007.001.0", "Nm_Jbt_26": "RUMAK I", "Status_26": "N", "Fungsi_26": "A", "Lks_Dr_26": "MTR", "Lks_km_26": 88.0, "F_STA_26": "0", "Cadin_26": "LBR", "Pjg_Jbt_26": 12.0, "Btg_Pjg_26": 11.7, "Jml_Btg_26": "1", "Lb_Jl_Ms26": 6.96, "Lb_Jl_Kl26": 6.96, "Lb_Lalin26": 6.96, "Lb_Bh_Ki26": 1.2, "Lb_Bh_Ka26": 1.2, "Lb_Dr_Ki26": 0.1, "Lb_Dr_Ka26": 0.1, "Lb_Tr_Ki26": 0.75, "Lb_Tr_Ka26": 0.75, "Lb_TS_Ki26": 0.0, "Lb_TS_Ka26": 0.0, "Lb_Med_26": 0.0, "Lbr_Jbt_26": 11.06, "Bgn_Ats_26": "MBP", "Jns_Jbt_26": "STANDAR", "Thn_Bgn_26": "1976", "BA_26": "2", "LNT_26": "1", "BB_26": "2", "DAS_26": "2", "OP_26": "1", "UT_26": "0", "GR_26": "0", "LB_26": "0", "JBT_26": "2", "Tp_Lnts_26": "SUNGAI", "Dt_Lnts_26": "SUNGAI LURUS (STRAIGHT)", "Pnangnn_26": "RUTIN", "Pmriksn_26": "RUTIN", "Pnglola_26": "BPJN NUSA TENGGARA BARAT", "Satkr_ID26": "693914", "PPK_Name26": "PPK 1.3", "Traffic_26": null, "VCR_26": "0.7176", "AADT_26": "12464.4", "Tipe_Jb_26": null, "Lat_26": -8.6470603942899995, "Long_26": 116.128730774, "Tgl_Ins_26": "5\/31\/2024", "Ket_26": null }, "geometry": { "type": "Point", "coordinates": [ 116.128730774, -8.64706039429 ] } },
{ "type": "Feature", "properties": { "KDRUAS_UPD": "42007", "NOJBT_UPD": "42.007.003.0", "NM_RUAS_UP": "RUMAK - BTS. KOTA GERUNG", "NM_JBT_UPD": "LAPAN JANJI I", "PROVINSI": "NUSA TENGGARA BARAT", "No_Prov_26": "42", "ID_Jbt_26": "4200057", "Kd_Ruas_26": "42007", "Suffix_26": null, "Nm_Ruas_26": "RUMAK - BTS. KOTA GERUNG", "Lintas_26": "JALAN LINTAS PULAU LOMBOK", "No_Jbt_26": "42.007.003.0", "Nm_Jbt_26": "LAPAN JANJI I", "Status_26": "N", "Fungsi_26": "A", "Lks_Dr_26": "MTR", "Lks_km_26": 92.0, "F_STA_26": "30", "Cadin_26": "LBR", "Pjg_Jbt_26": 12.0, "Btg_Pjg_26": 11.7, "Jml_Btg_26": "1", "Lb_Jl_Ms26": 6.16, "Lb_Jl_Kl26": 6.16, "Lb_Lalin26": 6.16, "Lb_Bh_Ki26": 0.8, "Lb_Bh_Ka26": 0.4, "Lb_Dr_Ki26": 0.08, "Lb_Dr_Ka26": 0.1, "Lb_Tr_Ki26": 0.57, "Lb_Tr_Ka26": 0.66, "Lb_TS_Ki26": 0.0, "Lb_TS_Ka26": 0.0, "Lb_Med_26": 0.0, "Lbr_Jbt_26": 8.77, "Bgn_Ats_26": "GTP", "Jns_Jbt_26": "STANDAR", "Thn_Bgn_26": "2004", "BA_26": "2", "LNT_26": "2", "BB_26": "2", "DAS_26": "2", "OP_26": "2", "UT_26": "0", "GR_26": "0", "LB_26": "0", "JBT_26": "2", "Tp_Lnts_26": "SUNGAI", "Dt_Lnts_26": "SUNGAI LURUS (STRAIGHT)", "Pnangnn_26": "RUTIN", "Pmriksn_26": "RUTIN", "Pnglola_26": "BPJN NUSA TENGGARA BARAT", "Satkr_ID26": "693914", "PPK_Name26": "PPK 1.3", "Traffic_26": null, "VCR_26": "0.7176", "AADT_26": "12464.4", "Tipe_Jb_26": null, "Lat_26": -8.6496801376299999, "Long_26": 116.12944793699999, "Tgl_Ins_26": "6\/5\/2025", "Ket_26": null }, "geometry": { "type": "Point", "coordinates": [ 116.129447937, -8.64968013763 ] } },
{ "type": "Feature", "properties": { "KDRUAS_UPD": "42007", "NOJBT_UPD": "42.007.004.0", "NM_RUAS_UP": "RUMAK - BTS. KOTA GERUNG", "NM_JBT_UPD": "LAPAN JANJI II", "PROVINSI": "NUSA TENGGARA BARAT", "No_Prov_26": "42", "ID_Jbt_26": "4200058", "Kd_Ruas_26": "42007", "Suffix_26": null, "Nm_Ruas_26": "RUMAK - BTS. KOTA GERUNG", "Lintas_26": "JALAN LINTAS PULAU LOMBOK", "No_Jbt_26": "42.007.004.0", "Nm_Jbt_26": "LAPAN JANJI II", "Status_26": "N", "Fungsi_26": "A", "Lks_Dr_26": "MTR", "Lks_km_26": 97.0, "F_STA_26": "70", "Cadin_26": "LBR", "Pjg_Jbt_26": 6.0, "Btg_Pjg_26": 5.7, "Jml_Btg_26": "1", "Lb_Jl_Ms26": 6.56, "Lb_Jl_Kl26": 6.56, "Lb_Lalin26": 6.56, "Lb_Bh_Ki26": 2.7, "Lb_Bh_Ka26": 2.87, "Lb_Dr_Ki26": 0.0, "Lb_Dr_Ka26": 0.0, "Lb_Tr_Ki26": 0.0, "Lb_Tr_Ka26": 0.0, "Lb_TS_Ki26": 0.45, "Lb_TS_Ka26": 0.45, "Lb_Med_26": 0.0, "Lbr_Jbt_26": 13.03, "Bgn_Ats_26": "ETP", "Jns_Jbt_26": "STANDAR", "Thn_Bgn_26": "2003", "BA_26": "2", "LNT_26": "0", "BB_26": "0", "DAS_26": "1", "OP_26": "1", "UT_26": "0", "GR_26": "0", "LB_26": "0", "JBT_26": "2", "Tp_Lnts_26": "SUNGAI", "Dt_Lnts_26": "SUNGAI LURUS (STRAIGHT)", "Pnangnn_26": "RUTIN", "Pmriksn_26": "RUTIN", "Pnglola_26": "BPJN NUSA TENGGARA BARAT", "Satkr_ID26": "693914", "PPK_Name26": "PPK 1.3", "Traffic_26": null, "VCR_26": "0.7176", "AADT_26": "12464.4", "Tipe_Jb_26": null, "Lat_26": -8.65311, "Long_26": 116.13004, "Tgl_Ins_26": "5\/31\/2024", "Ket_26": null }, "geometry": { "type": "Point", "coordinates": [ 116.13004, -8.65311 ] } },
{ "type": "Feature", "properties": { "KDRUAS_UPD": "42007", "NOJBT_UPD": "42.007.005.0", "NM_RUAS_UP": "RUMAK - BTS. KOTA GERUNG", "NM_JBT_UPD": "BILA TEPONG", "PROVINSI": "NUSA TENGGARA BARAT", "No_Prov_26": "42", "ID_Jbt_26": "4200059", "Kd_Ruas_26": "42007", "Suffix_26": null, "Nm_Ruas_26": "RUMAK - BTS. KOTA GERUNG", "Lintas_26": "JALAN LINTAS PULAU LOMBOK", "No_Jbt_26": "42.007.005.0", "Nm_Jbt_26": "BILA TEPONG", "Status_26": "N", "Fungsi_26": "A", "Lks_Dr_26": "MTR", "Lks_km_26": 102.0, "F_STA_26": "140", "Cadin_26": "LBR", "Pjg_Jbt_26": 9.6, "Btg_Pjg_26": 9.3, "Jml_Btg_26": "1", "Lb_Jl_Ms26": 6.67, "Lb_Jl_Kl26": 6.67, "Lb_Lalin26": 6.67, "Lb_Bh_Ki26": 0.6, "Lb_Bh_Ka26": 0.35, "Lb_Dr_Ki26": 0.15, "Lb_Dr_Ka26": 0.1, "Lb_Tr_Ki26": 0.66, "Lb_Tr_Ka26": 0.67, "Lb_TS_Ki26": 0.0, "Lb_TS_Ka26": 0.0, "Lb_Med_26": 0.0, "Lbr_Jbt_26": 9.2, "Bgn_Ats_26": "GTP", "Jns_Jbt_26": "STANDAR", "Thn_Bgn_26": "1979", "BA_26": "2", "LNT_26": "2", "BB_26": "1", "DAS_26": "1", "OP_26": "1", "UT_26": "0", "GR_26": "0", "LB_26": "0", "JBT_26": "2", "Tp_Lnts_26": "SUNGAI", "Dt_Lnts_26": "SUNGAI LURUS (STRAIGHT)", "Pnangnn_26": "RUTIN", "Pmriksn_26": "RUTIN", "Pnglola_26": "BPJN NUSA TENGGARA BARAT", "Satkr_ID26": "693914", "PPK_Name26": "PPK 1.3", "Traffic_26": null, "VCR_26": "0.7176", "AADT_26": "12464.4", "Tipe_Jb_26": null, "Lat_26": -8.6592197418199994, "Long_26": 116.13098907499999, "Tgl_Ins_26": "5\/30\/2024", "Ket_26": null }, "geometry": { "type": "Point", "coordinates": [ 116.130989075, -8.659219741819999 ] } },
{ "type": "Feature", "properties": { "KDRUAS_UPD": "42007", "NOJBT_UPD": "42.007.006.0", "NM_RUAS_UP": "RUMAK - BTS. KOTA GERUNG", "NM_JBT_UPD": "BELEKA\/MENDAGI", "PROVINSI": "NUSA TENGGARA BARAT", "No_Prov_26": "42", "ID_Jbt_26": "4200060", "Kd_Ruas_26": "42007", "Suffix_26": null, "Nm_Ruas_26": "RUMAK - BTS. KOTA GERUNG", "Lintas_26": "JALAN LINTAS PULAU LOMBOK", "No_Jbt_26": "42.007.006.0", "Nm_Jbt_26": "BELEKA\/MENDAGI", "Status_26": "N", "Fungsi_26": "A", "Lks_Dr_26": "MTR", "Lks_km_26": 107.0, "F_STA_26": "190", "Cadin_26": "LBR", "Pjg_Jbt_26": 9.2, "Btg_Pjg_26": 8.9, "Jml_Btg_26": "1", "Lb_Jl_Ms26": 6.83, "Lb_Jl_Kl26": 6.83, "Lb_Lalin26": 6.83, "Lb_Bh_Ki26": 0.2, "Lb_Bh_Ka26": 0.35, "Lb_Dr_Ki26": 0.12, "Lb_Dr_Ka26": 0.12, "Lb_Tr_Ki26": 0.72, "Lb_Tr_Ka26": 0.67, "Lb_TS_Ki26": 0.0, "Lb_TS_Ka26": 0.0, "Lb_Med_26": 0.0, "Lbr_Jbt_26": 9.01, "Bgn_Ats_26": "GTP", "Jns_Jbt_26": "STANDAR", "Thn_Bgn_26": "1979", "BA_26": "2", "LNT_26": "2", "BB_26": "1", "DAS_26": "2", "OP_26": "1", "UT_26": "0", "GR_26": "0", "LB_26": "0", "JBT_26": "2", "Tp_Lnts_26": "SUNGAI", "Dt_Lnts_26": "SUNGAI LURUS (STRAIGHT)", "Pnangnn_26": "RUTIN", "Pmriksn_26": "RUTIN", "Pnglola_26": "BPJN NUSA TENGGARA BARAT", "Satkr_ID26": "693914", "PPK_Name26": "PPK 1.3", "Traffic_26": null, "VCR_26": "0.4619", "AADT_26": "34121.4", "Tipe_Jb_26": null, "Lat_26": -8.6636896133400008, "Long_26": 116.13130188, "Tgl_Ins_26": "5\/29\/2024", "Ket_26": null }, "geometry": { "type": "Point", "coordinates": [ 116.13130188, -8.663689613340001 ] } },
{ "type": "Feature", "properties": { "KDRUAS_UPD": "42008", "NOJBT_UPD": "42.008.001.0", "NM_RUAS_UP": "BTS. KOTA GERUNG - LEMBAR", "NM_JBT_UPD": "KETIRI", "PROVINSI": "NUSA TENGGARA BARAT", "No_Prov_26": "42", "ID_Jbt_26": "4200061", "Kd_Ruas_26": "42008", "Suffix_26": null, "Nm_Ruas_26": "BTS. KOTA GERUNG - LEMBAR", "Lintas_26": "JALAN LINTAS PULAU LOMBOK", "No_Jbt_26": "42.008.001.0", "Nm_Jbt_26": "KETIRI", "Status_26": "N", "Fungsi_26": "A", "Lks_Dr_26": "MTR", "Lks_km_26": 152.0, "F_STA_26": "20", "Cadin_26": "LBR", "Pjg_Jbt_26": 12.5, "Btg_Pjg_26": 12.2, "Jml_Btg_26": "1", "Lb_Jl_Ms26": 7.48, "Lb_Jl_Kl26": 7.48, "Lb_Lalin26": 7.48, "Lb_Bh_Ki26": 0.23, "Lb_Bh_Ka26": 1.2, "Lb_Dr_Ki26": 0.0, "Lb_Dr_Ka26": 0.0, "Lb_Tr_Ki26": 1.4, "Lb_Tr_Ka26": 0.6, "Lb_TS_Ki26": 0.0, "Lb_TS_Ka26": 0.0, "Lb_Med_26": 0.0, "Lbr_Jbt_26": 10.91, "Bgn_Ats_26": "ETP", "Jns_Jbt_26": "STANDAR", "Thn_Bgn_26": "1976", "BA_26": "2", "LNT_26": "0", "BB_26": "1", "DAS_26": "0", "OP_26": "1", "UT_26": "0", "GR_26": "0", "LB_26": "0", "JBT_26": "2", "Tp_Lnts_26": "SUNGAI", "Dt_Lnts_26": "SUNGAI LURUS (STRAIGHT)", "Pnangnn_26": "RUTIN", "Pmriksn_26": "RUTIN", "Pnglola_26": "BPJN NUSA TENGGARA BARAT", "Satkr_ID26": "693914", "PPK_Name26": "PPK 1.3", "Traffic_26": null, "VCR_26": "0.4619", "AADT_26": "34121.4", "Tipe_Jb_26": null, "Lat_26": -8.693110466, "Long_26": 116.10932159399999, "Tgl_Ins_26": "5\/29\/2024", "Ket_26": null }, "geometry": { "type": "Point", "coordinates": [ 116.109321594, -8.693110466 ] } },
{ "type": "Feature", "properties": { "KDRUAS_UPD": "4200812", "NOJBT_UPD": "42.008.001.B.12", "NM_RUAS_UP": "JLN. A. YANI 2  (GERUNG)", "NM_JBT_UPD": "DODOKAN B", "PROVINSI": "NUSA TENGGARA BARAT", "No_Prov_26": "42", "ID_Jbt_26": "4200063", "Kd_Ruas_26": "4200812", "Suffix_26": "12", "Nm_Ruas_26": "JLN. A. YANI 2  (GERUNG)", "Lintas_26": "JALAN LINTAS PULAU LOMBOK", "No_Jbt_26": "42.008.001.B.12", "Nm_Jbt_26": "DODOKAN B", "Status_26": "N", "Fungsi_26": "A", "Lks_Dr_26": "MTR", "Lks_km_26": 146.0, "F_STA_26": "0", "Cadin_26": "LBR", "Pjg_Jbt_26": 62.5, "Btg_Pjg_26": 20.7, "Jml_Btg_26": "3", "Lb_Jl_Ms26": 6.98, "Lb_Jl_Kl26": 6.98, "Lb_Lalin26": 6.98, "Lb_Bh_Ki26": 0.22, "Lb_Bh_Ka26": 0.22, "Lb_Dr_Ki26": 0.15, "Lb_Dr_Ka26": 0.15, "Lb_Tr_Ki26": 0.77, "Lb_Tr_Ka26": 0.76, "Lb_TS_Ki26": 0.3, "Lb_TS_Ka26": 0.3, "Lb_Med_26": 0.0, "Lbr_Jbt_26": 9.85, "Bgn_Ats_26": "GTP", "Jns_Jbt_26": "STANDAR", "Thn_Bgn_26": "1976", "BA_26": "2", "LNT_26": "1", "BB_26": "2", "DAS_26": "2", "OP_26": "1", "UT_26": "0", "GR_26": "1", "LB_26": "0", "JBT_26": "2", "Tp_Lnts_26": "SUNGAI", "Dt_Lnts_26": "SUNGAI LURUS (STRAIGHT)", "Pnangnn_26": "RUTIN", "Pmriksn_26": "RUTIN", "Pnglola_26": "BPJN NUSA TENGGARA BARAT", "Satkr_ID26": "693914", "PPK_Name26": "PPK 1.3", "Traffic_26": null, "VCR_26": "0.3821", "AADT_26": "47035.8", "Tipe_Jb_26": null, "Lat_26": -8.6908302307100005, "Long_26": 116.112510681, "Tgl_Ins_26": "5\/27\/2024", "Ket_26": null }, "geometry": { "type": "Point", "coordinates": [ 116.112510681000018, -8.690830230709878 ] } },
{ "type": "Feature", "properties": { "KDRUAS_UPD": "42010", "NOJBT_UPD": "42.010.001.0", "NM_RUAS_UP": "CAKRANEGARA (BTS. KOTA MATARAM) - MANTANG", "NM_JBT_UPD": "KALI PETUNG", "PROVINSI": "NUSA TENGGARA BARAT", "No_Prov_26": "42", "ID_Jbt_26": "4200064", "Kd_Ruas_26": "42010", "Suffix_26": null, "Nm_Ruas_26": "CAKRANEGARA (BTS. KOTA MATARAM) - MANTANG", "Lintas_26": "JALAN LINTAS PULAU LOMBOK", "No_Jbt_26": "42.010.001.0", "Nm_Jbt_26": "KALI PETUNG", "Status_26": "N", "Fungsi_26": "A", "Lks_Dr_26": "MTR", "Lks_km_26": 8.0, "F_STA_26": "130", "Cadin_26": "LBR", "Pjg_Jbt_26": 6.0, "Btg_Pjg_26": 5.7, "Jml_Btg_26": "1", "Lb_Jl_Ms26": 6.36, "Lb_Jl_Kl26": 6.36, "Lb_Lalin26": 6.36, "Lb_Bh_Ki26": 0.35, "Lb_Bh_Ka26": 0.3, "Lb_Dr_Ki26": 0.15, "Lb_Dr_Ka26": 0.0, "Lb_Tr_Ki26": 1.4, "Lb_Tr_Ka26": 0.6, "Lb_TS_Ki26": 0.0, "Lb_TS_Ka26": 0.0, "Lb_Med_26": 0.0, "Lbr_Jbt_26": 9.16, "Bgn_Ats_26": "MBP", "Jns_Jbt_26": "STANDAR", "Thn_Bgn_26": "1970", "BA_26": "2", "LNT_26": "2", "BB_26": "2", "DAS_26": "2", "OP_26": "1", "UT_26": "0", "GR_26": "0", "LB_26": "0", "JBT_26": "2", "Tp_Lnts_26": "SUNGAI", "Dt_Lnts_26": "SUNGAI LURUS (STRAIGHT)", "Pnangnn_26": "RUTIN", "Pmriksn_26": "RUTIN", "Pnglola_26": "BPJN NUSA TENGGARA BARAT", "Satkr_ID26": "693914", "PPK_Name26": "PPK 1.3", "Traffic_26": null, "VCR_26": "0.8074", "AADT_26": "13346.3", "Tipe_Jb_26": null, "Lat_26": -8.5987901687600008, "Long_26": 116.181396484, "Tgl_Ins_26": "6\/13\/2024", "Ket_26": null }, "geometry": { "type": "Point", "coordinates": [ 116.181396484, -8.598790168760001 ] } },
{ "type": "Feature", "properties": { "KDRUAS_UPD": "42010", "NOJBT_UPD": "42.010.001.4", "NM_RUAS_UP": "CAKRANEGARA (BTS. KOTA MATARAM) - MANTANG", "NM_JBT_UPD": "DASAN TERENG", "PROVINSI": "NUSA TENGGARA BARAT", "No_Prov_26": "42", "ID_Jbt_26": "4200001", "Kd_Ruas_26": "42010", "Suffix_26": null, "Nm_Ruas_26": "CAKRANEGARA (BTS. KOTA MATARAM) - MANTANG", "Lintas_26": "JALAN LINTAS PULAU LOMBOK", "No_Jbt_26": "42.010.001.4", "Nm_Jbt_26": "DASAN TERENG", "Status_26": "N", "Fungsi_26": "A", "Lks_Dr_26": "MTR", "Lks_km_26": 82.0, "F_STA_26": "140", "Cadin_26": "LBR", "Pjg_Jbt_26": 6.2, "Btg_Pjg_26": 5.9, "Jml_Btg_26": "1", "Lb_Jl_Ms26": 6.41, "Lb_Jl_Kl26": 6.41, "Lb_Lalin26": 6.41, "Lb_Bh_Ki26": 0.25, "Lb_Bh_Ka26": 0.2, "Lb_Dr_Ki26": 0.0, "Lb_Dr_Ka26": 0.0, "Lb_Tr_Ki26": 1.2, "Lb_Tr_Ka26": 0.6, "Lb_TS_Ki26": 0.4, "Lb_TS_Ka26": 0.34, "Lb_Med_26": 0.0, "Lbr_Jbt_26": 9.4, "Bgn_Ats_26": "ETP", "Jns_Jbt_26": "STANDAR", "Thn_Bgn_26": "1971", "BA_26": "2", "LNT_26": "0", "BB_26": "0", "DAS_26": "1", "OP_26": "1", "UT_26": "0", "GR_26": "0", "LB_26": "0", "JBT_26": "2", "Tp_Lnts_26": "SUNGAI", "Dt_Lnts_26": "SUNGAI LURUS (STRAIGHT)", "Pnangnn_26": "RUTIN", "Pmriksn_26": "RUTIN", "Pnglola_26": "BPJN NUSA TENGGARA BARAT", "Satkr_ID26": "693914", "PPK_Name26": "PPK 1.3", "Traffic_26": null, "VCR_26": "0.8074", "AADT_26": "13346.3", "Tipe_Jb_26": null, "Lat_26": -8.59918, "Long_26": 116.18247, "Tgl_Ins_26": "6\/13\/2024", "Ket_26": null }, "geometry": { "type": "Point", "coordinates": [ 116.18247, -8.59918 ] } },
{ "type": "Feature", "properties": { "KDRUAS_UPD": "42010", "NOJBT_UPD": "42.010.003.0", "NM_RUAS_UP": "CAKRANEGARA (BTS. KOTA MATARAM) - MANTANG", "NM_JBT_UPD": "TANAK TEPONG A", "PROVINSI": "NUSA TENGGARA BARAT", "No_Prov_26": "42", "ID_Jbt_26": "4200066", "Kd_Ruas_26": "42010", "Suffix_26": null, "Nm_Ruas_26": "CAKRANEGARA (BTS. KOTA MATARAM) - MANTANG", "Lintas_26": "JALAN LINTAS PULAU LOMBOK", "No_Jbt_26": "42.010.003.0", "Nm_Jbt_26": "TANAK TEPONG A", "Status_26": "N", "Fungsi_26": "A", "Lks_Dr_26": "MTR", "Lks_km_26": 117.0, "F_STA_26": "460", "Cadin_26": "LBR", "Pjg_Jbt_26": 14.2, "Btg_Pjg_26": 13.9, "Jml_Btg_26": "1", "Lb_Jl_Ms26": 7.47, "Lb_Jl_Kl26": 7.47, "Lb_Lalin26": 7.47, "Lb_Bh_Ki26": 0.18, "Lb_Bh_Ka26": 0.2, "Lb_Dr_Ki26": 0.13, "Lb_Dr_Ka26": 0.15, "Lb_Tr_Ki26": 0.35, "Lb_Tr_Ka26": 0.35, "Lb_TS_Ki26": 0.0, "Lb_TS_Ka26": 0.0, "Lb_Med_26": 0.0, "Lbr_Jbt_26": 8.83, "Bgn_Ats_26": "GBP", "Jns_Jbt_26": "STANDAR", "Thn_Bgn_26": "1975", "BA_26": "2", "LNT_26": "2", "BB_26": "2", "DAS_26": "1", "OP_26": "2", "UT_26": "0", "GR_26": "0", "LB_26": "0", "JBT_26": "2", "Tp_Lnts_26": "SUNGAI", "Dt_Lnts_26": "SUNGAI LURUS (STRAIGHT)", "Pnangnn_26": "RUTIN", "Pmriksn_26": "RUTIN", "Pnglola_26": "BPJN NUSA TENGGARA BARAT", "Satkr_ID26": "693914", "PPK_Name26": "PPK 1.3", "Traffic_26": null, "VCR_26": "0.8074", "AADT_26": "13346.3", "Tipe_Jb_26": null, "Lat_26": -8.59316, "Long_26": 116.21025, "Tgl_Ins_26": "6\/26\/2024", "Ket_26": null }, "geometry": { "type": "Point", "coordinates": [ 116.21025, -8.59316 ] } },
{ "type": "Feature", "properties": { "KDRUAS_UPD": "42010", "NOJBT_UPD": "42.010.004.0", "NM_RUAS_UP": "CAKRANEGARA (BTS. KOTA MATARAM) - MANTANG", "NM_JBT_UPD": "TANAK TEPONG B", "PROVINSI": "NUSA TENGGARA BARAT", "No_Prov_26": "42", "ID_Jbt_26": "4200067", "Kd_Ruas_26": "42010", "Suffix_26": null, "Nm_Ruas_26": "CAKRANEGARA (BTS. KOTA MATARAM) - MANTANG", "Lintas_26": "JALAN LINTAS PULAU LOMBOK", "No_Jbt_26": "42.010.004.0", "Nm_Jbt_26": "TANAK TEPONG B", "Status_26": "N", "Fungsi_26": "A", "Lks_Dr_26": "MTR", "Lks_km_26": 117.0, "F_STA_26": "460", "Cadin_26": "LBR", "Pjg_Jbt_26": 18.2, "Btg_Pjg_26": 17.9, "Jml_Btg_26": "1", "Lb_Jl_Ms26": 6.76, "Lb_Jl_Kl26": 6.76, "Lb_Lalin26": 6.76, "Lb_Bh_Ki26": 0.2, "Lb_Bh_Ka26": 0.15, "Lb_Dr_Ki26": 0.15, "Lb_Dr_Ka26": 0.15, "Lb_Tr_Ki26": 1.3, "Lb_Tr_Ka26": 1.3, "Lb_TS_Ki26": 0.0, "Lb_TS_Ka26": 0.0, "Lb_Med_26": 0.0, "Lbr_Jbt_26": 10.01, "Bgn_Ats_26": "GTP", "Jns_Jbt_26": "STANDAR", "Thn_Bgn_26": "1991", "BA_26": "2", "LNT_26": "2", "BB_26": "1", "DAS_26": "1", "OP_26": "0", "UT_26": "0", "GR_26": "0", "LB_26": "0", "JBT_26": "2", "Tp_Lnts_26": "SUNGAI", "Dt_Lnts_26": "SUNGAI LURUS (STRAIGHT)", "Pnangnn_26": "RUTIN", "Pmriksn_26": "RUTIN", "Pnglola_26": "BPJN NUSA TENGGARA BARAT", "Satkr_ID26": "693914", "PPK_Name26": "PPK 1.3", "Traffic_26": null, "VCR_26": "0.8074", "AADT_26": "13346.3", "Tipe_Jb_26": null, "Lat_26": -8.59333, "Long_26": 116.21018, "Tgl_Ins_26": "6\/13\/2024", "Ket_26": null }, "geometry": { "type": "Point", "coordinates": [ 116.21018, -8.59333 ] } },
{ "type": "Feature", "properties": { "KDRUAS_UPD": "42010", "NOJBT_UPD": "42.010.006.0", "NM_RUAS_UP": "CAKRANEGARA (BTS. KOTA MATARAM) - MANTANG", "NM_JBT_UPD": "DARMASABA", "PROVINSI": "NUSA TENGGARA BARAT", "No_Prov_26": "42", "ID_Jbt_26": "4200069", "Kd_Ruas_26": "42010", "Suffix_26": null, "Nm_Ruas_26": "CAKRANEGARA (BTS. KOTA MATARAM) - MANTANG", "Lintas_26": "JALAN LINTAS PULAU LOMBOK", "No_Jbt_26": "42.010.006.0", "Nm_Jbt_26": "DARMASABA", "Status_26": "N", "Fungsi_26": "A", "Lks_Dr_26": "MTR", "Lks_km_26": 156.0, "F_STA_26": "860", "Cadin_26": "LBR", "Pjg_Jbt_26": 6.5, "Btg_Pjg_26": 5.7, "Jml_Btg_26": "1", "Lb_Jl_Ms26": 6.21, "Lb_Jl_Kl26": 6.21, "Lb_Lalin26": 6.21, "Lb_Bh_Ki26": 1.35, "Lb_Bh_Ka26": 0.4, "Lb_Dr_Ki26": 0.1, "Lb_Dr_Ka26": 0.0, "Lb_Tr_Ki26": 0.92, "Lb_Tr_Ka26": 0.77, "Lb_TS_Ki26": 0.0, "Lb_TS_Ka26": 0.0, "Lb_Med_26": 0.0, "Lbr_Jbt_26": 9.75, "Bgn_Ats_26": "BTP", "Jns_Jbt_26": "STANDAR", "Thn_Bgn_26": "1991", "BA_26": "2", "LNT_26": "2", "BB_26": "0", "DAS_26": "1", "OP_26": "2", "UT_26": "1", "GR_26": "0", "LB_26": "0", "JBT_26": "2", "Tp_Lnts_26": "SUNGAI", "Dt_Lnts_26": "SUNGAI LURUS (STRAIGHT)", "Pnangnn_26": "RUTIN", "Pmriksn_26": "RUTIN", "Pnglola_26": "BPJN NUSA TENGGARA BARAT", "Satkr_ID26": "693914", "PPK_Name26": "PPK 1.3", "Traffic_26": null, "VCR_26": "0.8074", "AADT_26": "13346.3", "Tipe_Jb_26": null, "Lat_26": -8.5917301177999992, "Long_26": 116.244598389, "Tgl_Ins_26": "6\/13\/2024", "Ket_26": null }, "geometry": { "type": "Point", "coordinates": [ 116.244598389, -8.591730117799999 ] } },
{ "type": "Feature", "properties": { "KDRUAS_UPD": "42010", "NOJBT_UPD": "42.010.007.0", "NM_RUAS_UP": "CAKRANEGARA (BTS. KOTA MATARAM) - MANTANG", "NM_JBT_UPD": "EYAT KERU", "PROVINSI": "NUSA TENGGARA BARAT", "No_Prov_26": "42", "ID_Jbt_26": "4200070", "Kd_Ruas_26": "42010", "Suffix_26": null, "Nm_Ruas_26": "CAKRANEGARA (BTS. KOTA MATARAM) - MANTANG", "Lintas_26": "JALAN LINTAS PULAU LOMBOK", "No_Jbt_26": "42.010.007.0", "Nm_Jbt_26": "EYAT KERU", "Status_26": "N", "Fungsi_26": "A", "Lks_Dr_26": "MTR", "Lks_km_26": 162.0, "F_STA_26": "930", "Cadin_26": "LBR", "Pjg_Jbt_26": 19.3, "Btg_Pjg_26": 19.0, "Jml_Btg_26": "1", "Lb_Jl_Ms26": 7.16, "Lb_Jl_Kl26": 7.16, "Lb_Lalin26": 7.16, "Lb_Bh_Ki26": 0.15, "Lb_Bh_Ka26": 0.15, "Lb_Dr_Ki26": 0.15, "Lb_Dr_Ka26": 0.15, "Lb_Tr_Ki26": 1.27, "Lb_Tr_Ka26": 1.25, "Lb_TS_Ki26": 0.0, "Lb_TS_Ka26": 0.0, "Lb_Med_26": 0.0, "Lbr_Jbt_26": 10.28, "Bgn_Ats_26": "GTP", "Jns_Jbt_26": "STANDAR", "Thn_Bgn_26": "1980", "BA_26": "2", "LNT_26": "2", "BB_26": "0", "DAS_26": "1", "OP_26": "0", "UT_26": "0", "GR_26": "0", "LB_26": "0", "JBT_26": "2", "Tp_Lnts_26": "SUNGAI", "Dt_Lnts_26": "SUNGAI LURUS (STRAIGHT)", "Pnangnn_26": "RUTIN", "Pmriksn_26": "RUTIN", "Pnglola_26": "BPJN NUSA TENGGARA BARAT", "Satkr_ID26": "693914", "PPK_Name26": "PPK 1.3", "Traffic_26": null, "VCR_26": "0.8074", "AADT_26": "13346.3", "Tipe_Jb_26": null, "Lat_26": -8.5914001464799998, "Long_26": 116.250732422, "Tgl_Ins_26": "6\/13\/2024", "Ket_26": null }, "geometry": { "type": "Point", "coordinates": [ 116.250732422, -8.59140014648 ] } },
{ "type": "Feature", "properties": { "KDRUAS_UPD": "42010", "NOJBT_UPD": "42.010.008.0", "NM_RUAS_UP": "CAKRANEGARA (BTS. KOTA MATARAM) - MANTANG", "NM_JBT_UPD": "PEMEPEK", "PROVINSI": "NUSA TENGGARA BARAT", "No_Prov_26": "42", "ID_Jbt_26": "4200071", "Kd_Ruas_26": "42010", "Suffix_26": null, "Nm_Ruas_26": "CAKRANEGARA (BTS. KOTA MATARAM) - MANTANG", "Lintas_26": "JALAN LINTAS PULAU LOMBOK", "No_Jbt_26": "42.010.008.0", "Nm_Jbt_26": "PEMEPEK", "Status_26": "N", "Fungsi_26": "A", "Lks_Dr_26": "MTR", "Lks_km_26": 168.0, "F_STA_26": "990", "Cadin_26": "LBR", "Pjg_Jbt_26": 16.8, "Btg_Pjg_26": 16.5, "Jml_Btg_26": "1", "Lb_Jl_Ms26": 6.25, "Lb_Jl_Kl26": 12.15, "Lb_Lalin26": 7.69, "Lb_Bh_Ki26": 0.1, "Lb_Bh_Ka26": 0.25, "Lb_Dr_Ki26": 0.2, "Lb_Dr_Ka26": 0.1, "Lb_Tr_Ki26": 1.33, "Lb_Tr_Ka26": 1.33, "Lb_TS_Ki26": 0.0, "Lb_TS_Ka26": 0.0, "Lb_Med_26": 0.0, "Lbr_Jbt_26": 11.0, "Bgn_Ats_26": "GBP", "Jns_Jbt_26": "STANDAR", "Thn_Bgn_26": "1973", "BA_26": "2", "LNT_26": "2", "BB_26": "2", "DAS_26": "2", "OP_26": "2", "UT_26": "0", "GR_26": "0", "LB_26": "0", "JBT_26": "2", "Tp_Lnts_26": "SUNGAI", "Dt_Lnts_26": "SUNGAI LURUS (STRAIGHT)", "Pnangnn_26": "RUTIN", "Pmriksn_26": "RUTIN", "Pnglola_26": "BPJN NUSA TENGGARA BARAT", "Satkr_ID26": "693914", "PPK_Name26": "PPK 1.3", "Traffic_26": null, "VCR_26": "0.8074", "AADT_26": "13346.3", "Tipe_Jb_26": null, "Lat_26": -8.5938501358000003, "Long_26": 116.25528717, "Tgl_Ins_26": "6\/7\/2025", "Ket_26": null }, "geometry": { "type": "Point", "coordinates": [ 116.25528717, -8.5938501358 ] } },
{ "type": "Feature", "properties": { "KDRUAS_UPD": "42010", "NOJBT_UPD": "42.010.009.0", "NM_RUAS_UP": "CAKRANEGARA (BTS. KOTA MATARAM) - MANTANG", "NM_JBT_UPD": "JURANG SATE", "PROVINSI": "NUSA TENGGARA BARAT", "No_Prov_26": "42", "ID_Jbt_26": "4200072", "Kd_Ruas_26": "42010", "Suffix_26": null, "Nm_Ruas_26": "CAKRANEGARA (BTS. KOTA MATARAM) - MANTANG", "Lintas_26": "JALAN LINTAS PULAU LOMBOK", "No_Jbt_26": "42.010.009.0", "Nm_Jbt_26": "JURANG SATE", "Status_26": "N", "Fungsi_26": "A", "Lks_Dr_26": "MTR", "Lks_km_26": 17.0, "F_STA_26": "1090", "Cadin_26": "LBR", "Pjg_Jbt_26": 7.0, "Btg_Pjg_26": 6.7, "Jml_Btg_26": "1", "Lb_Jl_Ms26": 6.5, "Lb_Jl_Kl26": 6.27, "Lb_Lalin26": 11.26, "Lb_Bh_Ki26": 0.3, "Lb_Bh_Ka26": 0.25, "Lb_Dr_Ki26": 0.15, "Lb_Dr_Ka26": 0.1, "Lb_Tr_Ki26": 1.05, "Lb_Tr_Ka26": 1.1, "Lb_TS_Ki26": 0.0, "Lb_TS_Ka26": 0.0, "Lb_Med_26": 0.0, "Lbr_Jbt_26": 14.21, "Bgn_Ats_26": "GTP", "Jns_Jbt_26": "STANDAR", "Thn_Bgn_26": "2008", "BA_26": "2", "LNT_26": "2", "BB_26": "2", "DAS_26": "1", "OP_26": "0", "UT_26": "0", "GR_26": "0", "LB_26": "0", "JBT_26": "2", "Tp_Lnts_26": "SUNGAI", "Dt_Lnts_26": "SUNGAI LURUS (STRAIGHT)", "Pnangnn_26": "RUTIN", "Pmriksn_26": "RUTIN", "Pnglola_26": "BPJN NUSA TENGGARA BARAT", "Satkr_ID26": "693914", "PPK_Name26": "PPK 1.3", "Traffic_26": null, "VCR_26": "0.8074", "AADT_26": "13346.3", "Tipe_Jb_26": null, "Lat_26": -8.5915899276700003, "Long_26": 116.26425933799999, "Tgl_Ins_26": "6\/13\/2024", "Ket_26": null }, "geometry": { "type": "Point", "coordinates": [ 116.264259338, -8.59158992767 ] } },
{ "type": "Feature", "properties": { "KDRUAS_UPD": "42010", "NOJBT_UPD": "42.010.010.0", "NM_RUAS_UP": "CAKRANEGARA (BTS. KOTA MATARAM) - MANTANG", "NM_JBT_UPD": "KALI LENEK", "PROVINSI": "NUSA TENGGARA BARAT", "No_Prov_26": "42", "ID_Jbt_26": "4200073", "Kd_Ruas_26": "42010", "Suffix_26": null, "Nm_Ruas_26": "CAKRANEGARA (BTS. KOTA MATARAM) - MANTANG", "Lintas_26": "JALAN LINTAS PULAU LOMBOK", "No_Jbt_26": "42.010.010.0", "Nm_Jbt_26": "KALI LENEK", "Status_26": "N", "Fungsi_26": "A", "Lks_Dr_26": "MTR", "Lks_km_26": 222.0, "F_STA_26": "1520", "Cadin_26": "LBR", "Pjg_Jbt_26": 14.5, "Btg_Pjg_26": 7.1, "Jml_Btg_26": "2", "Lb_Jl_Ms26": 5.81, "Lb_Jl_Kl26": 5.81, "Lb_Lalin26": 5.81, "Lb_Bh_Ki26": 0.2, "Lb_Bh_Ka26": 0.2, "Lb_Dr_Ki26": 0.1, "Lb_Dr_Ka26": 0.15, "Lb_Tr_Ki26": 0.47, "Lb_Tr_Ka26": 0.5, "Lb_TS_Ki26": 0.0, "Lb_TS_Ka26": 0.0, "Lb_Med_26": 0.0, "Lbr_Jbt_26": 7.43, "Bgn_Ats_26": "BTP", "Jns_Jbt_26": "STANDAR", "Thn_Bgn_26": "1976", "BA_26": "2", "LNT_26": "2", "BB_26": "0", "DAS_26": "0", "OP_26": "2", "UT_26": "2", "GR_26": "0", "LB_26": "0", "JBT_26": "2", "Tp_Lnts_26": "SUNGAI", "Dt_Lnts_26": "SUNGAI LURUS (STRAIGHT)", "Pnangnn_26": "RUTIN", "Pmriksn_26": "RUTIN", "Pnglola_26": "BPJN NUSA TENGGARA BARAT", "Satkr_ID26": "693914", "PPK_Name26": "PPK 1.3", "Traffic_26": null, "VCR_26": "0.8074", "AADT_26": "13346.3", "Tipe_Jb_26": null, "Lat_26": -8.599360466, "Long_26": 116.300056458, "Tgl_Ins_26": "7\/4\/2024", "Ket_26": null }, "geometry": { "type": "Point", "coordinates": [ 116.300056458, -8.599360466 ] } },
{ "type": "Feature", "properties": { "KDRUAS_UPD": "42011", "NOJBT_UPD": "42.011.003.A", "NM_RUAS_UP": "MANTANG - KOPANG", "NM_JBT_UPD": "AIK GERING A", "PROVINSI": "NUSA TENGGARA BARAT", "No_Prov_26": "42", "ID_Jbt_26": "4200076", "Kd_Ruas_26": "42011", "Suffix_26": null, "Nm_Ruas_26": "MANTANG - KOPANG", "Lintas_26": "JALAN LINTAS PULAU LOMBOK", "No_Jbt_26": "42.011.003.A", "Nm_Jbt_26": "AIK GERING A", "Status_26": "N", "Fungsi_26": "A", "Lks_Dr_26": "MTR", "Lks_km_26": 274.0, "F_STA_26": "250", "Cadin_26": "LTH", "Pjg_Jbt_26": 11.5, "Btg_Pjg_26": 11.2, "Jml_Btg_26": "1", "Lb_Jl_Ms26": 6.39, "Lb_Jl_Kl26": 6.39, "Lb_Lalin26": 6.39, "Lb_Bh_Ki26": 0.2, "Lb_Bh_Ka26": 0.25, "Lb_Dr_Ki26": 0.15, "Lb_Dr_Ka26": 0.1, "Lb_Tr_Ki26": 1.4, "Lb_Tr_Ka26": 1.4, "Lb_TS_Ki26": 0.0, "Lb_TS_Ka26": 0.0, "Lb_Med_26": 0.0, "Lbr_Jbt_26": 9.89, "Bgn_Ats_26": "GTP", "Jns_Jbt_26": "STANDAR", "Thn_Bgn_26": "1992", "BA_26": "2", "LNT_26": "2", "BB_26": "1", "DAS_26": "0", "OP_26": "2", "UT_26": "0", "GR_26": "0", "LB_26": "0", "JBT_26": "2", "Tp_Lnts_26": "SUNGAI", "Dt_Lnts_26": "SUNGAI LURUS (STRAIGHT)", "Pnangnn_26": "RUTIN", "Pmriksn_26": "RUTIN", "Pnglola_26": "BPJN NUSA TENGGARA BARAT", "Satkr_ID26": "693914", "PPK_Name26": "PPK 1.3", "Traffic_26": null, "VCR_26": "0.5302", "AADT_26": "44092", "Tipe_Jb_26": null, "Lat_26": -8.62472, "Long_26": 116.33435, "Tgl_Ins_26": "7\/6\/2024", "Ket_26": null }, "geometry": { "type": "Point", "coordinates": [ 116.33435, -8.62472 ] } },
{ "type": "Feature", "properties": { "KDRUAS_UPD": "42011", "NOJBT_UPD": "42.011.003.B", "NM_RUAS_UP": "MANTANG - KOPANG", "NM_JBT_UPD": "AIK GERING B", "PROVINSI": "NUSA TENGGARA BARAT", "No_Prov_26": "42", "ID_Jbt_26": "4200077", "Kd_Ruas_26": "42011", "Suffix_26": null, "Nm_Ruas_26": "MANTANG - KOPANG", "Lintas_26": "JALAN LINTAS PULAU LOMBOK", "No_Jbt_26": "42.011.003.B", "Nm_Jbt_26": "AIK GERING B", "Status_26": "N", "Fungsi_26": "A", "Lks_Dr_26": "MTR", "Lks_km_26": 274.0, "F_STA_26": "250", "Cadin_26": "LTH", "Pjg_Jbt_26": 7.5, "Btg_Pjg_26": 7.2, "Jml_Btg_26": "1", "Lb_Jl_Ms26": 6.18, "Lb_Jl_Kl26": 6.18, "Lb_Lalin26": 6.18, "Lb_Bh_Ki26": 0.23, "Lb_Bh_Ka26": 0.05, "Lb_Dr_Ki26": 0.05, "Lb_Dr_Ka26": 0.1, "Lb_Tr_Ki26": 0.5, "Lb_Tr_Ka26": 0.5, "Lb_TS_Ki26": 0.0, "Lb_TS_Ka26": 0.0, "Lb_Med_26": 0.0, "Lbr_Jbt_26": 7.61, "Bgn_Ats_26": "MBP", "Jns_Jbt_26": "STANDAR", "Thn_Bgn_26": "1976", "BA_26": "2", "LNT_26": "2", "BB_26": "2", "DAS_26": "0", "OP_26": "1", "UT_26": "0", "GR_26": "0", "LB_26": "0", "JBT_26": "2", "Tp_Lnts_26": "SUNGAI", "Dt_Lnts_26": "SUNGAI LURUS (STRAIGHT)", "Pnangnn_26": "RUTIN", "Pmriksn_26": "RUTIN", "Pnglola_26": "BPJN NUSA TENGGARA BARAT", "Satkr_ID26": "693914", "PPK_Name26": "PPK 1.3", "Traffic_26": null, "VCR_26": "0.5302", "AADT_26": "44092", "Tipe_Jb_26": null, "Lat_26": -8.62498, "Long_26": 116.33429, "Tgl_Ins_26": "6\/13\/2024", "Ket_26": null }, "geometry": { "type": "Point", "coordinates": [ 116.33429, -8.62498 ] } },
{ "type": "Feature", "properties": { "KDRUAS_UPD": "42012", "NOJBT_UPD": "42.012.003.0", "NM_RUAS_UP": "KOPANG - MASBAGIK", "NM_JBT_UPD": "RENGGUNG II", "PROVINSI": "NUSA TENGGARA BARAT", "No_Prov_26": "42", "ID_Jbt_26": "4200081", "Kd_Ruas_26": "42012", "Suffix_26": null, "Nm_Ruas_26": "KOPANG - MASBAGIK", "Lintas_26": "JALAN LINTAS PULAU LOMBOK", "No_Jbt_26": "42.012.003.0", "Nm_Jbt_26": "RENGGUNG II", "Status_26": "N", "Fungsi_26": "A", "Lks_Dr_26": "MTR", "Lks_km_26": 303.0, "F_STA_26": "140", "Cadin_26": "LTR", "Pjg_Jbt_26": 17.7, "Btg_Pjg_26": 8.2, "Jml_Btg_26": "2", "Lb_Jl_Ms26": 6.78, "Lb_Jl_Kl26": 6.78, "Lb_Lalin26": 6.78, "Lb_Bh_Ki26": 0.15, "Lb_Bh_Ka26": 0.15, "Lb_Dr_Ki26": 0.15, "Lb_Dr_Ka26": 0.2, "Lb_Tr_Ki26": 1.4, "Lb_Tr_Ka26": 1.4, "Lb_TS_Ki26": 0.0, "Lb_TS_Ka26": 0.0, "Lb_Med_26": 0.0, "Lbr_Jbt_26": 10.23, "Bgn_Ats_26": "GBP", "Jns_Jbt_26": "STANDAR", "Thn_Bgn_26": "1980", "BA_26": "2", "LNT_26": "2", "BB_26": "2", "DAS_26": "1", "OP_26": "1", "UT_26": "0", "GR_26": "1", "LB_26": "0", "JBT_26": "2", "Tp_Lnts_26": "SUNGAI", "Dt_Lnts_26": "SUNGAI LURUS (STRAIGHT)", "Pnangnn_26": "RUTIN", "Pmriksn_26": "RUTIN", "Pnglola_26": "BPJN NUSA TENGGARA BARAT", "Satkr_ID26": "693914", "PPK_Name26": "PPK 1.3", "Traffic_26": null, "VCR_26": "0.6701", "AADT_26": "55604.7", "Tipe_Jb_26": null, "Lat_26": -8.6352996826199995, "Long_26": 116.359237671, "Tgl_Ins_26": "7\/7\/2024", "Ket_26": null }, "geometry": { "type": "Point", "coordinates": [ 116.359237671, -8.635299682619999 ] } },
{ "type": "Feature", "properties": { "KDRUAS_UPD": "42012", "NOJBT_UPD": "42.012.004.0", "NM_RUAS_UP": "KOPANG - MASBAGIK", "NM_JBT_UPD": "RARANG I", "PROVINSI": "NUSA TENGGARA BARAT", "No_Prov_26": "42", "ID_Jbt_26": "4200082", "Kd_Ruas_26": "42012", "Suffix_26": null, "Nm_Ruas_26": "KOPANG - MASBAGIK", "Lintas_26": "JALAN LINTAS PULAU LOMBOK", "No_Jbt_26": "42.012.004.0", "Nm_Jbt_26": "RARANG I", "Status_26": "N", "Fungsi_26": "A", "Lks_Dr_26": "MTR", "Lks_km_26": 341.0, "F_STA_26": "520", "Cadin_26": "LTR", "Pjg_Jbt_26": 10.5, "Btg_Pjg_26": 10.25, "Jml_Btg_26": "1", "Lb_Jl_Ms26": 6.56, "Lb_Jl_Kl26": 6.56, "Lb_Lalin26": 6.56, "Lb_Bh_Ki26": 0.2, "Lb_Bh_Ka26": 0.25, "Lb_Dr_Ki26": 0.1, "Lb_Dr_Ka26": 0.15, "Lb_Tr_Ki26": 1.08, "Lb_Tr_Ka26": 1.05, "Lb_TS_Ki26": 0.0, "Lb_TS_Ka26": 0.0, "Lb_Med_26": 0.0, "Lbr_Jbt_26": 9.39, "Bgn_Ats_26": "GTP", "Jns_Jbt_26": "STANDAR", "Thn_Bgn_26": "1992", "BA_26": "2", "LNT_26": "1", "BB_26": "2", "DAS_26": "2", "OP_26": "1", "UT_26": "0", "GR_26": "0", "LB_26": "0", "JBT_26": "2", "Tp_Lnts_26": "SUNGAI", "Dt_Lnts_26": "SUNGAI LURUS (STRAIGHT)", "Pnangnn_26": "RUTIN", "Pmriksn_26": "RUTIN", "Pnglola_26": "BPJN NUSA TENGGARA BARAT", "Satkr_ID26": "693914", "PPK_Name26": "PPK 1.3", "Traffic_26": null, "VCR_26": "0.6701", "AADT_26": "55604.7", "Tipe_Jb_26": null, "Lat_26": -8.638198, "Long_26": 116.392448, "Tgl_Ins_26": "7\/7\/2024", "Ket_26": null }, "geometry": { "type": "Point", "coordinates": [ 116.392448, -8.638198 ] } },
{ "type": "Feature", "properties": { "KDRUAS_UPD": "42012", "NOJBT_UPD": "42.012.005.0", "NM_RUAS_UP": "KOPANG - MASBAGIK", "NM_JBT_UPD": "RARANG II", "PROVINSI": "NUSA TENGGARA BARAT", "No_Prov_26": "42", "ID_Jbt_26": "4200083", "Kd_Ruas_26": "42012", "Suffix_26": null, "Nm_Ruas_26": "KOPANG - MASBAGIK", "Lintas_26": "JALAN LINTAS PULAU LOMBOK", "No_Jbt_26": "42.012.005.0", "Nm_Jbt_26": "RARANG II", "Status_26": "N", "Fungsi_26": "A", "Lks_Dr_26": "MTR", "Lks_km_26": 344.0, "F_STA_26": "550", "Cadin_26": "LTR", "Pjg_Jbt_26": 6.8, "Btg_Pjg_26": 6.2, "Jml_Btg_26": "1", "Lb_Jl_Ms26": 8.9, "Lb_Jl_Kl26": 7.5, "Lb_Lalin26": 7.63, "Lb_Bh_Ki26": 0.2, "Lb_Bh_Ka26": 0.22, "Lb_Dr_Ki26": 0.13, "Lb_Dr_Ka26": 0.12, "Lb_Tr_Ki26": 0.82, "Lb_Tr_Ka26": 0.7, "Lb_TS_Ki26": 0.0, "Lb_TS_Ka26": 0.0, "Lb_Med_26": 0.0, "Lbr_Jbt_26": 9.82, "Bgn_Ats_26": "ETP", "Jns_Jbt_26": "STANDAR", "Thn_Bgn_26": "1992", "BA_26": "2", "LNT_26": "2", "BB_26": "1", "DAS_26": "2", "OP_26": "2", "UT_26": "0", "GR_26": "0", "LB_26": "0", "JBT_26": "2", "Tp_Lnts_26": "SUNGAI", "Dt_Lnts_26": "SUNGAI LURUS (STRAIGHT)", "Pnangnn_26": "RUTIN", "Pmriksn_26": "RUTIN", "Pnglola_26": "BPJN NUSA TENGGARA BARAT", "Satkr_ID26": "693914", "PPK_Name26": "PPK 1.3", "Traffic_26": null, "VCR_26": "0.6701", "AADT_26": "55604.7", "Tipe_Jb_26": null, "Lat_26": -8.6388597488399999, "Long_26": 116.395301819, "Tgl_Ins_26": "7\/7\/2024", "Ket_26": null }, "geometry": { "type": "Point", "coordinates": [ 116.395301819, -8.63885974884 ] } },
{ "type": "Feature", "properties": { "KDRUAS_UPD": "42012", "NOJBT_UPD": "42.012.006.0", "NM_RUAS_UP": "KOPANG - MASBAGIK", "NM_JBT_UPD": "PRAHU BANYAR", "PROVINSI": "NUSA TENGGARA BARAT", "No_Prov_26": "42", "ID_Jbt_26": "4200084", "Kd_Ruas_26": "42012", "Suffix_26": null, "Nm_Ruas_26": "KOPANG - MASBAGIK", "Lintas_26": "JALAN LINTAS PULAU LOMBOK", "No_Jbt_26": "42.012.006.0", "Nm_Jbt_26": "PRAHU BANYAR", "Status_26": "N", "Fungsi_26": "A", "Lks_Dr_26": "MTR", "Lks_km_26": 359.0, "F_STA_26": "700", "Cadin_26": "LTR", "Pjg_Jbt_26": 17.4, "Btg_Pjg_26": 16.2, "Jml_Btg_26": "1", "Lb_Jl_Ms26": 6.71, "Lb_Jl_Kl26": 6.71, "Lb_Lalin26": 6.71, "Lb_Bh_Ki26": 0.3, "Lb_Bh_Ka26": 0.2, "Lb_Dr_Ki26": 0.2, "Lb_Dr_Ka26": 0.15, "Lb_Tr_Ki26": 1.5, "Lb_Tr_Ka26": 1.55, "Lb_TS_Ki26": 0.0, "Lb_TS_Ka26": 0.0, "Lb_Med_26": 0.0, "Lbr_Jbt_26": 10.61, "Bgn_Ats_26": "GTP", "Jns_Jbt_26": "STANDAR", "Thn_Bgn_26": "1991", "BA_26": "2", "LNT_26": "2", "BB_26": "2", "DAS_26": "2", "OP_26": "2", "UT_26": "0", "GR_26": "0", "LB_26": "0", "JBT_26": "2", "Tp_Lnts_26": "SUNGAI", "Dt_Lnts_26": "SUNGAI LURUS (STRAIGHT)", "Pnangnn_26": "RUTIN", "Pmriksn_26": "RUTIN", "Pnglola_26": "BPJN NUSA TENGGARA BARAT", "Satkr_ID26": "693914", "PPK_Name26": "PPK 1.3", "Traffic_26": null, "VCR_26": "0.6701", "AADT_26": "55604.7", "Tipe_Jb_26": null, "Lat_26": -8.6405897140499999, "Long_26": 116.40850830100001, "Tgl_Ins_26": "6\/8\/2025", "Ket_26": null }, "geometry": { "type": "Point", "coordinates": [ 116.408508301, -8.64058971405 ] } },
{ "type": "Feature", "properties": { "KDRUAS_UPD": "42012", "NOJBT_UPD": "42.012.007.0", "NM_RUAS_UP": "KOPANG - MASBAGIK", "NM_JBT_UPD": "KERMIT", "PROVINSI": "NUSA TENGGARA BARAT", "No_Prov_26": "42", "ID_Jbt_26": "4200085", "Kd_Ruas_26": "42012", "Suffix_26": null, "Nm_Ruas_26": "KOPANG - MASBAGIK", "Lintas_26": "JALAN LINTAS PULAU LOMBOK", "No_Jbt_26": "42.012.007.0", "Nm_Jbt_26": "KERMIT", "Status_26": "N", "Fungsi_26": "A", "Lks_Dr_26": "MTR", "Lks_km_26": 376.0, "F_STA_26": "860", "Cadin_26": "LTR", "Pjg_Jbt_26": 31.0, "Btg_Pjg_26": 15.85, "Jml_Btg_26": "2", "Lb_Jl_Ms26": 8.34, "Lb_Jl_Kl26": 8.34, "Lb_Lalin26": 8.34, "Lb_Bh_Ki26": 0.38, "Lb_Bh_Ka26": 0.25, "Lb_Dr_Ki26": 0.15, "Lb_Dr_Ka26": 0.2, "Lb_Tr_Ki26": 1.2, "Lb_Tr_Ka26": 1.4, "Lb_TS_Ki26": 0.0, "Lb_TS_Ka26": 0.0, "Lb_Med_26": 0.0, "Lbr_Jbt_26": 11.92, "Bgn_Ats_26": "GTP", "Jns_Jbt_26": "STANDAR", "Thn_Bgn_26": "1976", "BA_26": "2", "LNT_26": "2", "BB_26": "2", "DAS_26": "0", "OP_26": "2", "UT_26": "0", "GR_26": "0", "LB_26": "0", "JBT_26": "2", "Tp_Lnts_26": "SUNGAI", "Dt_Lnts_26": "SUNGAI LURUS (STRAIGHT)", "Pnangnn_26": "RUTIN", "Pmriksn_26": "RUTIN", "Pnglola_26": "BPJN NUSA TENGGARA BARAT", "Satkr_ID26": "693914", "PPK_Name26": "PPK 1.3", "Traffic_26": null, "VCR_26": "0.6701", "AADT_26": "55604.7", "Tipe_Jb_26": null, "Lat_26": -8.6384000778200001, "Long_26": 116.422889709, "Tgl_Ins_26": "6\/13\/2024", "Ket_26": null }, "geometry": { "type": "Point", "coordinates": [ 116.422889709, -8.63840007782 ] } },
{ "type": "Feature", "properties": { "KDRUAS_UPD": "42012", "NOJBT_UPD": "42.012.010.0", "NM_RUAS_UP": "KOPANG - MASBAGIK", "NM_JBT_UPD": "SIKUR", "PROVINSI": "NUSA TENGGARA BARAT", "No_Prov_26": "42", "ID_Jbt_26": "4200088", "Kd_Ruas_26": "42012", "Suffix_26": null, "Nm_Ruas_26": "KOPANG - MASBAGIK", "Lintas_26": "JALAN LINTAS PULAU LOMBOK", "No_Jbt_26": "42.012.010.0", "Nm_Jbt_26": "SIKUR", "Status_26": "N", "Fungsi_26": "A", "Lks_Dr_26": "MTR", "Lks_km_26": 412.0, "F_STA_26": "1220", "Cadin_26": "LTR", "Pjg_Jbt_26": 15.0, "Btg_Pjg_26": 14.7, "Jml_Btg_26": "1", "Lb_Jl_Ms26": 7.2, "Lb_Jl_Kl26": 7.2, "Lb_Lalin26": 7.2, "Lb_Bh_Ki26": 0.85, "Lb_Bh_Ka26": 0.8, "Lb_Dr_Ki26": 0.2, "Lb_Dr_Ka26": 0.1, "Lb_Tr_Ki26": 1.06, "Lb_Tr_Ka26": 1.1, "Lb_TS_Ki26": 0.0, "Lb_TS_Ka26": 0.0, "Lb_Med_26": 0.0, "Lbr_Jbt_26": 11.31, "Bgn_Ats_26": "GBP", "Jns_Jbt_26": "STANDAR", "Thn_Bgn_26": "1980", "BA_26": "2", "LNT_26": "2", "BB_26": "1", "DAS_26": "0", "OP_26": "2", "UT_26": "0", "GR_26": "0", "LB_26": "0", "JBT_26": "2", "Tp_Lnts_26": "SUNGAI", "Dt_Lnts_26": "SUNGAI LURUS (STRAIGHT)", "Pnangnn_26": "RUTIN", "Pmriksn_26": "RUTIN", "Pnglola_26": "BPJN NUSA TENGGARA BARAT", "Satkr_ID26": "693914", "PPK_Name26": "PPK 1.3", "Traffic_26": null, "VCR_26": "0.6701", "AADT_26": "55604.7", "Tipe_Jb_26": null, "Lat_26": -8.6308002471900007, "Long_26": 116.45429229699999, "Tgl_Ins_26": "7\/5\/2024", "Ket_26": null }, "geometry": { "type": "Point", "coordinates": [ 116.454292297, -8.630800247190001 ] } },
{ "type": "Feature", "properties": { "KDRUAS_UPD": "42012", "NOJBT_UPD": "42.012.012.0", "NM_RUAS_UP": "KOPANG - MASBAGIK", "NM_JBT_UPD": "TERENG BENGKOK", "PROVINSI": "NUSA TENGGARA BARAT", "No_Prov_26": "42", "ID_Jbt_26": "4200090", "Kd_Ruas_26": "42012", "Suffix_26": null, "Nm_Ruas_26": "KOPANG - MASBAGIK", "Lintas_26": "JALAN LINTAS PULAU LOMBOK", "No_Jbt_26": "42.012.012.0", "Nm_Jbt_26": "TERENG BENGKOK", "Status_26": "N", "Fungsi_26": "A", "Lks_Dr_26": "MTR", "Lks_km_26": 421.0, "F_STA_26": "1320", "Cadin_26": "LTR", "Pjg_Jbt_26": 16.1, "Btg_Pjg_26": 15.8, "Jml_Btg_26": "1", "Lb_Jl_Ms26": 6.42, "Lb_Jl_Kl26": 6.42, "Lb_Lalin26": 6.42, "Lb_Bh_Ki26": 0.35, "Lb_Bh_Ka26": 0.2, "Lb_Dr_Ki26": 0.15, "Lb_Dr_Ka26": 0.1, "Lb_Tr_Ki26": 1.35, "Lb_Tr_Ka26": 1.35, "Lb_TS_Ki26": 0.0, "Lb_TS_Ka26": 0.0, "Lb_Med_26": 0.0, "Lbr_Jbt_26": 9.92, "Bgn_Ats_26": "GTP", "Jns_Jbt_26": "STANDAR", "Thn_Bgn_26": "1991", "BA_26": "1", "LNT_26": "1", "BB_26": "2", "DAS_26": "1", "OP_26": "2", "UT_26": "0", "GR_26": "0", "LB_26": "0", "JBT_26": "2", "Tp_Lnts_26": "SUNGAI", "Dt_Lnts_26": "SUNGAI LURUS (STRAIGHT)", "Pnangnn_26": "RUTIN", "Pmriksn_26": "RUTIN", "Pnglola_26": "BPJN NUSA TENGGARA BARAT", "Satkr_ID26": "693914", "PPK_Name26": "PPK 1.3", "Traffic_26": null, "VCR_26": "0.6701", "AADT_26": "55604.7", "Tipe_Jb_26": null, "Lat_26": -8.62496, "Long_26": 116.46067, "Tgl_Ins_26": "7\/5\/2024", "Ket_26": null }, "geometry": { "type": "Point", "coordinates": [ 116.46067, -8.62496 ] } },
{ "type": "Feature", "properties": { "KDRUAS_UPD": "42012", "NOJBT_UPD": "42.012.015.0", "NM_RUAS_UP": "KOPANG - MASBAGIK", "NM_JBT_UPD": "PAOK MONTONG", "PROVINSI": "NUSA TENGGARA BARAT", "No_Prov_26": "42", "ID_Jbt_26": "4200093", "Kd_Ruas_26": "42012", "Suffix_26": null, "Nm_Ruas_26": "KOPANG - MASBAGIK", "Lintas_26": "JALAN LINTAS PULAU LOMBOK", "No_Jbt_26": "42.012.015.0", "Nm_Jbt_26": "PAOK MONTONG", "Status_26": "N", "Fungsi_26": "A", "Lks_Dr_26": "MTR", "Lks_km_26": 433.0, "F_STA_26": "1430", "Cadin_26": "LTR", "Pjg_Jbt_26": 12.5, "Btg_Pjg_26": 12.2, "Jml_Btg_26": "1", "Lb_Jl_Ms26": 7.16, "Lb_Jl_Kl26": 7.16, "Lb_Lalin26": 7.16, "Lb_Bh_Ki26": 0.25, "Lb_Bh_Ka26": 0.3, "Lb_Dr_Ki26": 0.25, "Lb_Dr_Ka26": 0.2, "Lb_Tr_Ki26": 1.25, "Lb_Tr_Ka26": 1.2, "Lb_TS_Ki26": 0.0, "Lb_TS_Ka26": 0.0, "Lb_Med_26": 0.0, "Lbr_Jbt_26": 10.61, "Bgn_Ats_26": "GTP", "Jns_Jbt_26": "STANDAR", "Thn_Bgn_26": "1991", "BA_26": "2", "LNT_26": "2", "BB_26": "2", "DAS_26": "2", "OP_26": "2", "UT_26": "0", "GR_26": "0", "LB_26": "0", "JBT_26": "2", "Tp_Lnts_26": "SUNGAI", "Dt_Lnts_26": "SUNGAI LURUS (STRAIGHT)", "Pnangnn_26": "RUTIN", "Pmriksn_26": "RUTIN", "Pnglola_26": "BPJN NUSA TENGGARA BARAT", "Satkr_ID26": "693914", "PPK_Name26": "PPK 1.3", "Traffic_26": null, "VCR_26": "0.6701", "AADT_26": "55604.7", "Tipe_Jb_26": null, "Lat_26": -8.6219757445800003, "Long_26": 116.47015254000002, "Tgl_Ins_26": "6\/9\/2025", "Ket_26": null }, "geometry": { "type": "Point", "coordinates": [ 116.470152539891998, -8.621975744582191 ] } },
{ "type": "Feature", "properties": { "KDRUAS_UPD": "42013", "NOJBT_UPD": "42.013.001.0", "NM_RUAS_UP": "MASBAGIK - REMPUNG", "NM_JBT_UPD": "REBAN RUGAH", "PROVINSI": "NUSA TENGGARA BARAT", "No_Prov_26": "42", "ID_Jbt_26": "4200095", "Kd_Ruas_26": "42013", "Suffix_26": null, "Nm_Ruas_26": "MASBAGIK - REMPUNG", "Lintas_26": "JALAN LINTAS PULAU LOMBOK", "No_Jbt_26": "42.013.001.0", "Nm_Jbt_26": "REBAN RUGAH", "Status_26": "N", "Fungsi_26": "A", "Lks_Dr_26": "MTR", "Lks_km_26": 449.0, "F_STA_26": "80", "Cadin_26": "LTR", "Pjg_Jbt_26": 9.7, "Btg_Pjg_26": 8.4, "Jml_Btg_26": "1", "Lb_Jl_Ms26": 7.16, "Lb_Jl_Kl26": 7.16, "Lb_Lalin26": 7.16, "Lb_Bh_Ki26": 0.3, "Lb_Bh_Ka26": 0.35, "Lb_Dr_Ki26": 0.1, "Lb_Dr_Ka26": 0.15, "Lb_Tr_Ki26": 0.57, "Lb_Tr_Ka26": 0.6, "Lb_TS_Ki26": 0.0, "Lb_TS_Ka26": 0.0, "Lb_Med_26": 0.0, "Lbr_Jbt_26": 9.23, "Bgn_Ats_26": "GTP", "Jns_Jbt_26": "STANDAR", "Thn_Bgn_26": "1975", "BA_26": "0", "LNT_26": "0", "BB_26": "1", "DAS_26": "2", "OP_26": "1", "UT_26": "0", "GR_26": "0", "LB_26": "0", "JBT_26": "2", "Tp_Lnts_26": "SUNGAI", "Dt_Lnts_26": "SUNGAI LURUS (STRAIGHT)", "Pnangnn_26": "RUTIN", "Pmriksn_26": "RUTIN", "Pnglola_26": "BPJN NUSA TENGGARA BARAT", "Satkr_ID26": "693914", "PPK_Name26": "PPK 1.3", "Traffic_26": null, "VCR_26": "0.6448", "AADT_26": "8556.8", "Tipe_Jb_26": null, "Lat_26": -8.6179103851299992, "Long_26": 116.484207153, "Tgl_Ins_26": "6\/26\/2024", "Ket_26": null }, "geometry": { "type": "Point", "coordinates": [ 116.484207153, -8.617910385129999 ] } },
{ "type": "Feature", "properties": { "KDRUAS_UPD": "42013", "NOJBT_UPD": "42.013.002.0", "NM_RUAS_UP": "MASBAGIK - REMPUNG", "NM_JBT_UPD": "PUNGKANG", "PROVINSI": "NUSA TENGGARA BARAT", "No_Prov_26": "42", "ID_Jbt_26": "4200096", "Kd_Ruas_26": "42013", "Suffix_26": null, "Nm_Ruas_26": "MASBAGIK - REMPUNG", "Lintas_26": "JALAN LINTAS PULAU LOMBOK", "No_Jbt_26": "42.013.002.0", "Nm_Jbt_26": "PUNGKANG", "Status_26": "N", "Fungsi_26": "A", "Lks_Dr_26": "MTR", "Lks_km_26": 456.0, "F_STA_26": "150", "Cadin_26": "LTR", "Pjg_Jbt_26": 17.0, "Btg_Pjg_26": 16.5, "Jml_Btg_26": "1", "Lb_Jl_Ms26": 7.51, "Lb_Jl_Kl26": 7.51, "Lb_Lalin26": 7.51, "Lb_Bh_Ki26": 0.3, "Lb_Bh_Ka26": 0.25, "Lb_Dr_Ki26": 0.15, "Lb_Dr_Ka26": 0.1, "Lb_Tr_Ki26": 1.15, "Lb_Tr_Ka26": 1.2, "Lb_TS_Ki26": 0.0, "Lb_TS_Ka26": 0.0, "Lb_Med_26": 0.0, "Lbr_Jbt_26": 10.66, "Bgn_Ats_26": "GTP", "Jns_Jbt_26": "STANDAR", "Thn_Bgn_26": "1980", "BA_26": "2", "LNT_26": "2", "BB_26": "0", "DAS_26": "2", "OP_26": "2", "UT_26": "0", "GR_26": "0", "LB_26": "0", "JBT_26": "2", "Tp_Lnts_26": "SUNGAI", "Dt_Lnts_26": "SUNGAI LURUS (STRAIGHT)", "Pnangnn_26": "RUTIN", "Pmriksn_26": "RUTIN", "Pnglola_26": "BPJN NUSA TENGGARA BARAT", "Satkr_ID26": "693914", "PPK_Name26": "PPK 1.3", "Traffic_26": null, "VCR_26": "0.6448", "AADT_26": "8556.8", "Tipe_Jb_26": null, "Lat_26": -8.6152562959600001, "Long_26": 116.489785888, "Tgl_Ins_26": "6\/26\/2024", "Ket_26": null }, "geometry": { "type": "Point", "coordinates": [ 116.489785887699995, -8.61525629596216 ] } },
{ "type": "Feature", "properties": { "KDRUAS_UPD": "42013", "NOJBT_UPD": "42.013.003.0", "NM_RUAS_UP": "MASBAGIK - REMPUNG", "NM_JBT_UPD": "AIK AMBUNG", "PROVINSI": "NUSA TENGGARA BARAT", "No_Prov_26": "42", "ID_Jbt_26": "4200097", "Kd_Ruas_26": "42013", "Suffix_26": null, "Nm_Ruas_26": "MASBAGIK - REMPUNG", "Lintas_26": "JALAN LINTAS PULAU LOMBOK", "No_Jbt_26": "42.013.003.0", "Nm_Jbt_26": "AIK AMBUNG", "Status_26": "N", "Fungsi_26": "A", "Lks_Dr_26": "MTR", "Lks_km_26": 459.0, "F_STA_26": "170", "Cadin_26": "LTR", "Pjg_Jbt_26": 17.8, "Btg_Pjg_26": 17.5, "Jml_Btg_26": "1", "Lb_Jl_Ms26": 6.39, "Lb_Jl_Kl26": 6.39, "Lb_Lalin26": 6.39, "Lb_Bh_Ki26": 0.2, "Lb_Bh_Ka26": 0.3, "Lb_Dr_Ki26": 0.2, "Lb_Dr_Ka26": 0.15, "Lb_Tr_Ki26": 1.4, "Lb_Tr_Ka26": 1.35, "Lb_TS_Ki26": 0.0, "Lb_TS_Ka26": 0.0, "Lb_Med_26": 0.0, "Lbr_Jbt_26": 9.99, "Bgn_Ats_26": "GTP", "Jns_Jbt_26": "STANDAR", "Thn_Bgn_26": "1992", "BA_26": "2", "LNT_26": "2", "BB_26": "2", "DAS_26": "2", "OP_26": "2", "UT_26": "0", "GR_26": "0", "LB_26": "0", "JBT_26": "2", "Tp_Lnts_26": "SUNGAI", "Dt_Lnts_26": "SUNGAI LURUS (STRAIGHT)", "Pnangnn_26": "RUTIN", "Pmriksn_26": "RUTIN", "Pnglola_26": "BPJN NUSA TENGGARA BARAT", "Satkr_ID26": "693914", "PPK_Name26": "PPK 1.3", "Traffic_26": null, "VCR_26": "0.6448", "AADT_26": "8556.8", "Tipe_Jb_26": null, "Lat_26": -8.6148500442499998, "Long_26": 116.491950989, "Tgl_Ins_26": "6\/9\/2025", "Ket_26": null }, "geometry": { "type": "Point", "coordinates": [ 116.491950989, -8.61485004425 ] } },
{ "type": "Feature", "properties": { "KDRUAS_UPD": "42014", "NOJBT_UPD": "42.014.001.0", "NM_RUAS_UP": "REMPUNG - LABUHAN  LOMBOK", "NM_JBT_UPD": "TL REMPUNG", "PROVINSI": "NUSA TENGGARA BARAT", "No_Prov_26": "42", "ID_Jbt_26": "4200098", "Kd_Ruas_26": "42014", "Suffix_26": null, "Nm_Ruas_26": "REMPUNG - LABUHAN  LOMBOK", "Lintas_26": "JALAN LINTAS PULAU LOMBOK", "No_Jbt_26": "42.014.001.0", "Nm_Jbt_26": "TL REMPUNG", "Status_26": "N", "Fungsi_26": "A", "Lks_Dr_26": "MTR", "Lks_km_26": 467.0, "F_STA_26": "10", "Cadin_26": "LTR", "Pjg_Jbt_26": 12.9, "Btg_Pjg_26": 12.3, "Jml_Btg_26": "1", "Lb_Jl_Ms26": 6.5, "Lb_Jl_Kl26": 6.5, "Lb_Lalin26": 6.5, "Lb_Bh_Ki26": 0.25, "Lb_Bh_Ka26": 0.35, "Lb_Dr_Ki26": 0.1, "Lb_Dr_Ka26": 0.1, "Lb_Tr_Ki26": 1.35, "Lb_Tr_Ka26": 1.35, "Lb_TS_Ki26": 0.0, "Lb_TS_Ka26": 0.0, "Lb_Med_26": 0.0, "Lbr_Jbt_26": 10.0, "Bgn_Ats_26": "GTP", "Jns_Jbt_26": "STANDAR", "Thn_Bgn_26": "1991", "BA_26": "2", "LNT_26": "2", "BB_26": "2", "DAS_26": "2", "OP_26": "2", "UT_26": "0", "GR_26": "0", "LB_26": "0", "JBT_26": "2", "Tp_Lnts_26": "SUNGAI", "Dt_Lnts_26": "SUNGAI LURUS (STRAIGHT)", "Pnangnn_26": "RUTIN", "Pmriksn_26": "RUTIN", "Pnglola_26": "BPJN NUSA TENGGARA BARAT", "Satkr_ID26": "693914", "PPK_Name26": "PPK 1.3", "Traffic_26": null, "VCR_26": "0.4699", "AADT_26": "8703.1", "Tipe_Jb_26": null, "Lat_26": -8.6123687577200005, "Long_26": 116.499046728, "Tgl_Ins_26": "6\/9\/2025", "Ket_26": null }, "geometry": { "type": "Point", "coordinates": [ 116.499046727621007, -8.612368757719411 ] } },
{ "type": "Feature", "properties": { "KDRUAS_UPD": "42014", "NOJBT_UPD": "42.014.002.0", "NM_RUAS_UP": "REMPUNG - LABUHAN  LOMBOK", "NM_JBT_UPD": "BELIMBING", "PROVINSI": "NUSA TENGGARA BARAT", "No_Prov_26": "42", "ID_Jbt_26": "4200099", "Kd_Ruas_26": "42014", "Suffix_26": null, "Nm_Ruas_26": "REMPUNG - LABUHAN  LOMBOK", "Lintas_26": "JALAN LINTAS PULAU LOMBOK", "No_Jbt_26": "42.014.002.0", "Nm_Jbt_26": "BELIMBING", "Status_26": "N", "Fungsi_26": "A", "Lks_Dr_26": "MTR", "Lks_km_26": 474.0, "F_STA_26": "70", "Cadin_26": "LTR", "Pjg_Jbt_26": 16.6, "Btg_Pjg_26": 16.35, "Jml_Btg_26": "1", "Lb_Jl_Ms26": 6.53, "Lb_Jl_Kl26": 6.53, "Lb_Lalin26": 6.53, "Lb_Bh_Ki26": 0.35, "Lb_Bh_Ka26": 0.25, "Lb_Dr_Ki26": 0.15, "Lb_Dr_Ka26": 0.15, "Lb_Tr_Ki26": 1.25, "Lb_Tr_Ka26": 1.2, "Lb_TS_Ki26": 0.0, "Lb_TS_Ka26": 0.0, "Lb_Med_26": 0.0, "Lbr_Jbt_26": 9.88, "Bgn_Ats_26": "GTP", "Jns_Jbt_26": "STANDAR", "Thn_Bgn_26": "1991", "BA_26": "2", "LNT_26": "2", "BB_26": "1", "DAS_26": "1", "OP_26": "2", "UT_26": "0", "GR_26": "0", "LB_26": "0", "JBT_26": "2", "Tp_Lnts_26": "SUNGAI", "Dt_Lnts_26": "SUNGAI LURUS (STRAIGHT)", "Pnangnn_26": "RUTIN", "Pmriksn_26": "RUTIN", "Pnglola_26": "BPJN NUSA TENGGARA BARAT", "Satkr_ID26": "693914", "PPK_Name26": "PPK 1.3", "Traffic_26": null, "VCR_26": "0.4699", "AADT_26": "8703.1", "Tipe_Jb_26": null, "Lat_26": -8.6092195510899998, "Long_26": 116.503700256, "Tgl_Ins_26": "6\/13\/2024", "Ket_26": null }, "geometry": { "type": "Point", "coordinates": [ 116.503700256, -8.60921955109 ] } },
{ "type": "Feature", "properties": { "KDRUAS_UPD": "42014", "NOJBT_UPD": "42.014.004.0", "NM_RUAS_UP": "REMPUNG - LABUHAN  LOMBOK", "NM_JBT_UPD": "GAPUK II", "PROVINSI": "NUSA TENGGARA BARAT", "No_Prov_26": "42", "ID_Jbt_26": "4200101", "Kd_Ruas_26": "42014", "Suffix_26": null, "Nm_Ruas_26": "REMPUNG - LABUHAN  LOMBOK", "Lintas_26": "JALAN LINTAS PULAU LOMBOK", "No_Jbt_26": "42.014.004.0", "Nm_Jbt_26": "GAPUK II", "Status_26": "N", "Fungsi_26": "A", "Lks_Dr_26": "MTR", "Lks_km_26": 492.0, "F_STA_26": "250", "Cadin_26": "LTR", "Pjg_Jbt_26": 15.8, "Btg_Pjg_26": 15.4, "Jml_Btg_26": "1", "Lb_Jl_Ms26": 6.61, "Lb_Jl_Kl26": 6.61, "Lb_Lalin26": 6.61, "Lb_Bh_Ki26": 0.2, "Lb_Bh_Ka26": 0.3, "Lb_Dr_Ki26": 0.1, "Lb_Dr_Ka26": 0.1, "Lb_Tr_Ki26": 1.37, "Lb_Tr_Ka26": 1.27, "Lb_TS_Ki26": 0.0, "Lb_TS_Ka26": 0.0, "Lb_Med_26": 0.0, "Lbr_Jbt_26": 9.95, "Bgn_Ats_26": "GTP", "Jns_Jbt_26": "STANDAR", "Thn_Bgn_26": "1991", "BA_26": "2", "LNT_26": "2", "BB_26": "2", "DAS_26": "1", "OP_26": "2", "UT_26": "0", "GR_26": "0", "LB_26": "0", "JBT_26": "2", "Tp_Lnts_26": "SUNGAI", "Dt_Lnts_26": "SUNGAI LURUS (STRAIGHT)", "Pnangnn_26": "RUTIN", "Pmriksn_26": "RUTIN", "Pnglola_26": "BPJN NUSA TENGGARA BARAT", "Satkr_ID26": "693914", "PPK_Name26": "PPK 1.3", "Traffic_26": null, "VCR_26": "0.4699", "AADT_26": "8703.1", "Tipe_Jb_26": null, "Lat_26": -8.5944700241100005, "Long_26": 116.501197815, "Tgl_Ins_26": "6\/13\/2024", "Ket_26": null }, "geometry": { "type": "Point", "coordinates": [ 116.501197815, -8.59447002411 ] } },
{ "type": "Feature", "properties": { "KDRUAS_UPD": "42014", "NOJBT_UPD": "42.014.005.0", "NM_RUAS_UP": "REMPUNG - LABUHAN  LOMBOK", "NM_JBT_UPD": "GAPUK III", "PROVINSI": "NUSA TENGGARA BARAT", "No_Prov_26": "42", "ID_Jbt_26": "4200102", "Kd_Ruas_26": "42014", "Suffix_26": null, "Nm_Ruas_26": "REMPUNG - LABUHAN  LOMBOK", "Lintas_26": "JALAN LINTAS PULAU LOMBOK", "No_Jbt_26": "42.014.005.0", "Nm_Jbt_26": "GAPUK III", "Status_26": "N", "Fungsi_26": "A", "Lks_Dr_26": "MTR", "Lks_km_26": 497.0, "F_STA_26": "310", "Cadin_26": "LTR", "Pjg_Jbt_26": 13.1, "Btg_Pjg_26": 12.7, "Jml_Btg_26": "1", "Lb_Jl_Ms26": 8.31, "Lb_Jl_Kl26": 7.3, "Lb_Lalin26": 8.31, "Lb_Bh_Ki26": 0.45, "Lb_Bh_Ka26": 0.35, "Lb_Dr_Ki26": 0.2, "Lb_Dr_Ka26": 0.2, "Lb_Tr_Ki26": 0.75, "Lb_Tr_Ka26": 0.72, "Lb_TS_Ki26": 0.0, "Lb_TS_Ka26": 0.0, "Lb_Med_26": 0.0, "Lbr_Jbt_26": 10.98, "Bgn_Ats_26": "GTP", "Jns_Jbt_26": "STANDAR", "Thn_Bgn_26": "1980", "BA_26": "2", "LNT_26": "2", "BB_26": "2", "DAS_26": "2", "OP_26": "2", "UT_26": "0", "GR_26": "0", "LB_26": "0", "JBT_26": "2", "Tp_Lnts_26": "SUNGAI", "Dt_Lnts_26": "SUNGAI LURUS (STRAIGHT)", "Pnangnn_26": "RUTIN", "Pmriksn_26": "RUTIN", "Pnglola_26": "BPJN NUSA TENGGARA BARAT", "Satkr_ID26": "693914", "PPK_Name26": "PPK 1.3", "Traffic_26": null, "VCR_26": "0.4699", "AADT_26": "8703.1", "Tipe_Jb_26": null, "Lat_26": -8.5903997421299998, "Long_26": 116.50360107399999, "Tgl_Ins_26": "6\/13\/2024", "Ket_26": null }, "geometry": { "type": "Point", "coordinates": [ 116.503601074, -8.59039974213 ] } },
{ "type": "Feature", "properties": { "KDRUAS_UPD": "42014", "NOJBT_UPD": "42.014.006.0", "NM_RUAS_UP": "REMPUNG - LABUHAN  LOMBOK", "NM_JBT_UPD": "SORDANG", "PROVINSI": "NUSA TENGGARA BARAT", "No_Prov_26": "42", "ID_Jbt_26": "4200103", "Kd_Ruas_26": "42014", "Suffix_26": null, "Nm_Ruas_26": "REMPUNG - LABUHAN  LOMBOK", "Lintas_26": "JALAN LINTAS PULAU LOMBOK", "No_Jbt_26": "42.014.006.0", "Nm_Jbt_26": "SORDANG", "Status_26": "N", "Fungsi_26": "A", "Lks_Dr_26": "MTR", "Lks_km_26": 502.0, "F_STA_26": "360", "Cadin_26": "LTR", "Pjg_Jbt_26": 15.0, "Btg_Pjg_26": 14.7, "Jml_Btg_26": "1", "Lb_Jl_Ms26": 7.36, "Lb_Jl_Kl26": 7.36, "Lb_Lalin26": 7.36, "Lb_Bh_Ki26": 0.5, "Lb_Bh_Ka26": 0.25, "Lb_Dr_Ki26": 0.1, "Lb_Dr_Ka26": 0.12, "Lb_Tr_Ki26": 1.3, "Lb_Tr_Ka26": 1.33, "Lb_TS_Ki26": 0.0, "Lb_TS_Ka26": 0.0, "Lb_Med_26": 0.0, "Lbr_Jbt_26": 10.96, "Bgn_Ats_26": "GTP", "Jns_Jbt_26": "STANDAR", "Thn_Bgn_26": "1984", "BA_26": "2", "LNT_26": "2", "BB_26": "1", "DAS_26": "2", "OP_26": "2", "UT_26": "0", "GR_26": "0", "LB_26": "0", "JBT_26": "2", "Tp_Lnts_26": "SUNGAI", "Dt_Lnts_26": "SUNGAI LURUS (STRAIGHT)", "Pnangnn_26": "RUTIN", "Pmriksn_26": "RUTIN", "Pnglola_26": "BPJN NUSA TENGGARA BARAT", "Satkr_ID26": "693914", "PPK_Name26": "PPK 1.3", "Traffic_26": null, "VCR_26": "0.4699", "AADT_26": "8703.1", "Tipe_Jb_26": null, "Lat_26": -8.5877103805499999, "Long_26": 116.50749206499999, "Tgl_Ins_26": "6\/13\/2024", "Ket_26": null }, "geometry": { "type": "Point", "coordinates": [ 116.507492065, -8.58771038055 ] } },
{ "type": "Feature", "properties": { "KDRUAS_UPD": "42014", "NOJBT_UPD": "42.014.007.0", "NM_RUAS_UP": "REMPUNG - LABUHAN  LOMBOK", "NM_JBT_UPD": "LENEK I\/GELUMPANG", "PROVINSI": "NUSA TENGGARA BARAT", "No_Prov_26": "42", "ID_Jbt_26": "4200104", "Kd_Ruas_26": "42014", "Suffix_26": null, "Nm_Ruas_26": "REMPUNG - LABUHAN  LOMBOK", "Lintas_26": "JALAN LINTAS PULAU LOMBOK", "No_Jbt_26": "42.014.007.0", "Nm_Jbt_26": "LENEK I\/GELUMPANG", "Status_26": "N", "Fungsi_26": "A", "Lks_Dr_26": "MTR", "Lks_km_26": 509.0, "F_STA_26": "430", "Cadin_26": "LTR", "Pjg_Jbt_26": 16.8, "Btg_Pjg_26": 16.5, "Jml_Btg_26": "1", "Lb_Jl_Ms26": 6.66, "Lb_Jl_Kl26": 6.66, "Lb_Lalin26": 6.66, "Lb_Bh_Ki26": 0.15, "Lb_Bh_Ka26": 0.25, "Lb_Dr_Ki26": 0.2, "Lb_Dr_Ka26": 0.2, "Lb_Tr_Ki26": 0.92, "Lb_Tr_Ka26": 0.9, "Lb_TS_Ki26": 0.0, "Lb_TS_Ka26": 0.0, "Lb_Med_26": 0.0, "Lbr_Jbt_26": 9.28, "Bgn_Ats_26": "GTP", "Jns_Jbt_26": "STANDAR", "Thn_Bgn_26": "1984", "BA_26": "2", "LNT_26": "2", "BB_26": "2", "DAS_26": "2", "OP_26": "2", "UT_26": "0", "GR_26": "0", "LB_26": "0", "JBT_26": "2", "Tp_Lnts_26": "SUNGAI", "Dt_Lnts_26": "SUNGAI LURUS (STRAIGHT)", "Pnangnn_26": "RUTIN", "Pmriksn_26": "RUTIN", "Pnglola_26": "BPJN NUSA TENGGARA BARAT", "Satkr_ID26": "693914", "PPK_Name26": "PPK 1.3", "Traffic_26": null, "VCR_26": "0.4699", "AADT_26": "8703.1", "Tipe_Jb_26": null, "Lat_26": -8.58292, "Long_26": 116.51122, "Tgl_Ins_26": "6\/13\/2024", "Ket_26": null }, "geometry": { "type": "Point", "coordinates": [ 116.51122, -8.58292 ] } },
{ "type": "Feature", "properties": { "KDRUAS_UPD": "42014", "NOJBT_UPD": "42.014.008.0", "NM_RUAS_UP": "REMPUNG - LABUHAN  LOMBOK", "NM_JBT_UPD": "LENEK II", "PROVINSI": "NUSA TENGGARA BARAT", "No_Prov_26": "42", "ID_Jbt_26": "4200105", "Kd_Ruas_26": "42014", "Suffix_26": null, "Nm_Ruas_26": "REMPUNG - LABUHAN  LOMBOK", "Lintas_26": "JALAN LINTAS PULAU LOMBOK", "No_Jbt_26": "42.014.008.0", "Nm_Jbt_26": "LENEK II", "Status_26": "N", "Fungsi_26": "A", "Lks_Dr_26": "MTR", "Lks_km_26": 514.0, "F_STA_26": "470", "Cadin_26": "LTR", "Pjg_Jbt_26": 6.7, "Btg_Pjg_26": 6.3, "Jml_Btg_26": "1", "Lb_Jl_Ms26": 6.61, "Lb_Jl_Kl26": 6.61, "Lb_Lalin26": 6.61, "Lb_Bh_Ki26": 0.7, "Lb_Bh_Ka26": 0.65, "Lb_Dr_Ki26": 0.1, "Lb_Dr_Ka26": 0.2, "Lb_Tr_Ki26": 0.96, "Lb_Tr_Ka26": 0.9, "Lb_TS_Ki26": 0.0, "Lb_TS_Ka26": 0.0, "Lb_Med_26": 0.0, "Lbr_Jbt_26": 10.12, "Bgn_Ats_26": "ETP", "Jns_Jbt_26": "STANDAR", "Thn_Bgn_26": "1970", "BA_26": "2", "LNT_26": "2", "BB_26": "2", "DAS_26": "2", "OP_26": "2", "UT_26": "0", "GR_26": "0", "LB_26": "0", "JBT_26": "2", "Tp_Lnts_26": "SUNGAI", "Dt_Lnts_26": "SUNGAI LURUS (STRAIGHT)", "Pnangnn_26": "RUTIN", "Pmriksn_26": "RUTIN", "Pnglola_26": "BPJN NUSA TENGGARA BARAT", "Satkr_ID26": "693914", "PPK_Name26": "PPK 1.3", "Traffic_26": null, "VCR_26": "0.4699", "AADT_26": "8703.1", "Tipe_Jb_26": null, "Lat_26": -8.5805702209499994, "Long_26": 116.514198303, "Tgl_Ins_26": "6\/10\/2025", "Ket_26": null }, "geometry": { "type": "Point", "coordinates": [ 116.514198303, -8.580570220949999 ] } },
{ "type": "Feature", "properties": { "KDRUAS_UPD": "42014", "NOJBT_UPD": "42.014.009.0", "NM_RUAS_UP": "REMPUNG - LABUHAN  LOMBOK", "NM_JBT_UPD": "NYIURBAYA", "PROVINSI": "NUSA TENGGARA BARAT", "No_Prov_26": "42", "ID_Jbt_26": "4200106", "Kd_Ruas_26": "42014", "Suffix_26": null, "Nm_Ruas_26": "REMPUNG - LABUHAN  LOMBOK", "Lintas_26": "JALAN LINTAS PULAU LOMBOK", "No_Jbt_26": "42.014.009.0", "Nm_Jbt_26": "NYIURBAYA", "Status_26": "N", "Fungsi_26": "A", "Lks_Dr_26": "MTR", "Lks_km_26": 524.0, "F_STA_26": "570", "Cadin_26": "LTR", "Pjg_Jbt_26": 16.0, "Btg_Pjg_26": 15.8, "Jml_Btg_26": "1", "Lb_Jl_Ms26": 6.57, "Lb_Jl_Kl26": 6.57, "Lb_Lalin26": 6.57, "Lb_Bh_Ki26": 0.15, "Lb_Bh_Ka26": 0.2, "Lb_Dr_Ki26": 0.1, "Lb_Dr_Ka26": 0.15, "Lb_Tr_Ki26": 0.97, "Lb_Tr_Ka26": 0.97, "Lb_TS_Ki26": 0.0, "Lb_TS_Ka26": 0.0, "Lb_Med_26": 0.0, "Lbr_Jbt_26": 9.11, "Bgn_Ats_26": "GBP", "Jns_Jbt_26": "STANDAR", "Thn_Bgn_26": "1991", "BA_26": "2", "LNT_26": "2", "BB_26": "1", "DAS_26": "1", "OP_26": "1", "UT_26": "0", "GR_26": "0", "LB_26": "0", "JBT_26": "2", "Tp_Lnts_26": "SUNGAI", "Dt_Lnts_26": "SUNGAI LURUS (STRAIGHT)", "Pnangnn_26": "RUTIN", "Pmriksn_26": "INVENTARISASI", "Pnglola_26": "BPJN NUSA TENGGARA BARAT", "Satkr_ID26": "693914", "PPK_Name26": "PPK 1.3", "Traffic_26": null, "VCR_26": "0.4699", "AADT_26": "8703.1", "Tipe_Jb_26": null, "Lat_26": -8.5737199783300007, "Long_26": 116.52094268800001, "Tgl_Ins_26": "5\/9\/2026", "Ket_26": null }, "geometry": { "type": "Point", "coordinates": [ 116.520942688, -8.573719978330001 ] } },
{ "type": "Feature", "properties": { "KDRUAS_UPD": "4200412", "NOJBT_UPD": "42.004.001.0.12", "NM_RUAS_UP": "JLN. ENERGI (MATARAM)", "NM_JBT_UPD": "KP. BANJAR", "PROVINSI": "NUSA TENGGARA BARAT", "No_Prov_26": "42", "ID_Jbt_26": "4200039", "Kd_Ruas_26": "4200412", "Suffix_26": "12", "Nm_Ruas_26": "JLN. ENERGI (MATARAM)", "Lintas_26": "NON LINTAS", "No_Jbt_26": "42.004.001.0.12", "Nm_Jbt_26": "KP. BANJAR", "Status_26": "N", "Fungsi_26": "A", "Lks_Dr_26": "MTR", "Lks_km_26": 4.0, "F_STA_26": "20", "Cadin_26": "KMR", "Pjg_Jbt_26": 45.0, "Btg_Pjg_26": 44.7, "Jml_Btg_26": "1", "Lb_Jl_Ms26": 6.02, "Lb_Jl_Kl26": 6.02, "Lb_Lalin26": 6.26, "Lb_Bh_Ki26": 0.45, "Lb_Bh_Ka26": 0.45, "Lb_Dr_Ki26": 0.1, "Lb_Dr_Ka26": 0.1, "Lb_Tr_Ki26": 1.2, "Lb_Tr_Ka26": 1.5, "Lb_TS_Ki26": 0.0, "Lb_TS_Ka26": 0.0, "Lb_Med_26": 0.0, "Lbr_Jbt_26": 10.06, "Bgn_Ats_26": "RBP", "Jns_Jbt_26": "STANDAR", "Thn_Bgn_26": "1990", "BA_26": "2", "LNT_26": "2", "BB_26": "2", "DAS_26": "2", "OP_26": "2", "UT_26": "0", "GR_26": "0", "LB_26": "0", "JBT_26": "2", "Tp_Lnts_26": "SUNGAI", "Dt_Lnts_26": "SUNGAI LURUS (STRAIGHT)", "Pnangnn_26": "RUTIN", "Pmriksn_26": "RUTIN", "Pnglola_26": "BPJN NUSA TENGGARA BARAT", "Satkr_ID26": "693914", "PPK_Name26": "PPK 1.3", "Traffic_26": null, "VCR_26": "0.406", "AADT_26": "7108.4", "Tipe_Jb_26": null, "Lat_26": -8.5730695724500006, "Long_26": 116.07621002200001, "Tgl_Ins_26": "6\/14\/2025", "Ket_26": null }, "geometry": { "type": "Point", "coordinates": [ 116.076210022, -8.573069572450001 ] } },
{ "type": "Feature", "properties": { "KDRUAS_UPD": "4200413", "NOJBT_UPD": "42.004.002.0.13", "NM_RUAS_UP": "JLN. RAYA BANJAR GETAS (MATARAM)", "NM_JBT_UPD": "TJ. KARANG I", "PROVINSI": "NUSA TENGGARA BARAT", "No_Prov_26": "42", "ID_Jbt_26": "4200041", "Kd_Ruas_26": "4200413", "Suffix_26": "13", "Nm_Ruas_26": "JLN. RAYA BANJAR GETAS (MATARAM)", "Lintas_26": "NON LINTAS", "No_Jbt_26": "42.004.002.0.13", "Nm_Jbt_26": "TJ. KARANG I", "Status_26": "N", "Fungsi_26": "A", "Lks_Dr_26": "MTR", "Lks_km_26": 62.0, "F_STA_26": "70", "Cadin_26": "KMR", "Pjg_Jbt_26": 7.5, "Btg_Pjg_26": 6.7, "Jml_Btg_26": "1", "Lb_Jl_Ms26": 5.86, "Lb_Jl_Kl26": 6.5, "Lb_Lalin26": 5.86, "Lb_Bh_Ki26": 0.3, "Lb_Bh_Ka26": 0.1, "Lb_Dr_Ki26": 0.1, "Lb_Dr_Ka26": 0.0, "Lb_Tr_Ki26": 0.95, "Lb_Tr_Ka26": 0.95, "Lb_TS_Ki26": 0.0, "Lb_TS_Ka26": 0.0, "Lb_Med_26": 0.0, "Lbr_Jbt_26": 8.26, "Bgn_Ats_26": "PTP", "Jns_Jbt_26": "STANDAR", "Thn_Bgn_26": "2013", "BA_26": "2", "LNT_26": "2", "BB_26": "0", "DAS_26": "2", "OP_26": "2", "UT_26": "2", "GR_26": "0", "LB_26": "0", "JBT_26": "2", "Tp_Lnts_26": "SUNGAI", "Dt_Lnts_26": "SUNGAI LURUS (STRAIGHT)", "Pnangnn_26": "RUTIN", "Pmriksn_26": "RUTIN", "Pnglola_26": "BPJN NUSA TENGGARA BARAT", "Satkr_ID26": "693914", "PPK_Name26": "PPK 1.3", "Traffic_26": null, "VCR_26": "0.5394", "AADT_26": "39593.4", "Tipe_Jb_26": null, "Lat_26": -8.6009702682500002, "Long_26": 116.07553100600001, "Tgl_Ins_26": "4\/7\/2024", "Ket_26": null }, "geometry": { "type": "Point", "coordinates": [ 116.075531006, -8.600970268250048 ] } },
{ "type": "Feature", "properties": { "KDRUAS_UPD": "4200414", "NOJBT_UPD": "42.004.002.B.14", "NM_RUAS_UP": "JLN. DR. SUJONO (MATARAM)", "NM_JBT_UPD": "LOANG BALOK B", "PROVINSI": "NUSA TENGGARA BARAT", "No_Prov_26": "42", "ID_Jbt_26": "4200044", "Kd_Ruas_26": "4200414", "Suffix_26": "14", "Nm_Ruas_26": "JLN. DR. SUJONO (MATARAM)", "Lintas_26": "NON LINTAS", "No_Jbt_26": "42.004.002.B.14", "Nm_Jbt_26": "LOANG BALOK B", "Status_26": "N", "Fungsi_26": "A", "Lks_Dr_26": "MTR", "Lks_km_26": 73.0, "F_STA_26": "0", "Cadin_26": "KMR", "Pjg_Jbt_26": 20.7, "Btg_Pjg_26": 19.7, "Jml_Btg_26": "1", "Lb_Jl_Ms26": 6.68, "Lb_Jl_Kl26": 6.68, "Lb_Lalin26": 6.68, "Lb_Bh_Ki26": 0.12, "Lb_Bh_Ka26": 0.22, "Lb_Dr_Ki26": 0.0, "Lb_Dr_Ka26": 0.0, "Lb_Tr_Ki26": 0.65, "Lb_Tr_Ka26": 0.95, "Lb_TS_Ki26": 0.3, "Lb_TS_Ka26": 0.3, "Lb_Med_26": 0.0, "Lbr_Jbt_26": 9.22, "Bgn_Ats_26": "GPP", "Jns_Jbt_26": "STANDAR", "Thn_Bgn_26": "2013", "BA_26": "2", "LNT_26": "2", "BB_26": "1", "DAS_26": "1", "OP_26": "2", "UT_26": "0", "GR_26": "0", "LB_26": "0", "JBT_26": "2", "Tp_Lnts_26": "SUNGAI", "Dt_Lnts_26": "SUNGAI LURUS (STRAIGHT)", "Pnangnn_26": "RUTIN", "Pmriksn_26": "RUTIN", "Pnglola_26": "BPJN NUSA TENGGARA BARAT", "Satkr_ID26": "693914", "PPK_Name26": "PPK 1.3", "Traffic_26": null, "VCR_26": "0.349", "AADT_26": "46672.4", "Tipe_Jb_26": null, "Lat_26": -8.61228, "Long_26": 116.07609, "Tgl_Ins_26": "6\/5\/2024", "Ket_26": null }, "geometry": { "type": "Point", "coordinates": [ 116.07609, -8.612280000000114 ] } },
{ "type": "Feature", "properties": { "KDRUAS_UPD": "42008", "NOJBT_UPD": "42.008.002.0", "NM_RUAS_UP": "BTS. KOTA GERUNG - LEMBAR", "NM_JBT_UPD": "BREMI", "PROVINSI": "NUSA TENGGARA BARAT", "No_Prov_26": "42", "ID_Jbt_26": "4200062", "Kd_Ruas_26": "42008", "Suffix_26": null, "Nm_Ruas_26": "BTS. KOTA GERUNG - LEMBAR", "Lintas_26": "JALAN LINTAS PULAU LOMBOK", "No_Jbt_26": "42.008.002.0", "Nm_Jbt_26": "BREMI", "Status_26": "N", "Fungsi_26": "A", "Lks_Dr_26": "MTR", "Lks_km_26": 186.0, "F_STA_26": "360", "Cadin_26": "LBR", "Pjg_Jbt_26": 9.1, "Btg_Pjg_26": 8.9, "Jml_Btg_26": "1", "Lb_Jl_Ms26": 6.94, "Lb_Jl_Kl26": 6.94, "Lb_Lalin26": 6.94, "Lb_Bh_Ki26": 0.35, "Lb_Bh_Ka26": 0.28, "Lb_Dr_Ki26": 0.1, "Lb_Dr_Ka26": 0.05, "Lb_Tr_Ki26": 0.8, "Lb_Tr_Ka26": 0.8, "Lb_TS_Ki26": 0.0, "Lb_TS_Ka26": 0.0, "Lb_Med_26": 0.0, "Lbr_Jbt_26": 9.32, "Bgn_Ats_26": "GTP", "Jns_Jbt_26": "STANDAR", "Thn_Bgn_26": "1979", "BA_26": "2", "LNT_26": "2", "BB_26": "1", "DAS_26": "2", "OP_26": "0", "UT_26": "0", "GR_26": "0", "LB_26": "0", "JBT_26": "2", "Tp_Lnts_26": "SUNGAI", "Dt_Lnts_26": "SUNGAI LURUS (STRAIGHT)", "Pnangnn_26": "RUTIN", "Pmriksn_26": "RUTIN", "Pnglola_26": "BPJN NUSA TENGGARA BARAT", "Satkr_ID26": "693914", "PPK_Name26": "PPK 1.3", "Traffic_26": null, "VCR_26": "0.4619", "AADT_26": "34121.4", "Tipe_Jb_26": null, "Lat_26": -8.7073297500599995, "Long_26": 116.083717346, "Tgl_Ins_26": "5\/29\/2024", "Ket_26": null }, "geometry": { "type": "Point", "coordinates": [ 116.083717346, -8.70732975006 ] } },
{ "type": "Feature", "properties": { "KDRUAS_UPD": "4200812", "NOJBT_UPD": "42.008.001.A.12", "NM_RUAS_UP": "JLN. A. YANI 2  (GERUNG)", "NM_JBT_UPD": "DODOKAN A", "PROVINSI": "NUSA TENGGARA BARAT", "No_Prov_26": "42", "ID_Jbt_26": "4200020", "Kd_Ruas_26": "4200812", "Suffix_26": "12", "Nm_Ruas_26": "JLN. A. YANI 2  (GERUNG)", "Lintas_26": "JALAN LINTAS PULAU LOMBOK", "No_Jbt_26": "42.008.001.A.12", "Nm_Jbt_26": "DODOKAN A", "Status_26": "N", "Fungsi_26": "A", "Lks_Dr_26": "MTR", "Lks_km_26": 146.0, "F_STA_26": "0", "Cadin_26": "LBR", "Pjg_Jbt_26": 70.0, "Btg_Pjg_26": 45.7, "Jml_Btg_26": "2", "Lb_Jl_Ms26": 6.98, "Lb_Jl_Kl26": 6.98, "Lb_Lalin26": 6.98, "Lb_Bh_Ki26": 0.23, "Lb_Bh_Ka26": 0.26, "Lb_Dr_Ki26": 0.0, "Lb_Dr_Ka26": 0.0, "Lb_Tr_Ki26": 1.35, "Lb_Tr_Ka26": 1.35, "Lb_TS_Ki26": 0.0, "Lb_TS_Ka26": 0.0, "Lb_Med_26": 0.0, "Lbr_Jbt_26": 10.17, "Bgn_Ats_26": "GPP", "Jns_Jbt_26": "STANDAR", "Thn_Bgn_26": "2017", "BA_26": "2", "LNT_26": "2", "BB_26": "2", "DAS_26": "1", "OP_26": "1", "UT_26": "0", "GR_26": "0", "LB_26": "0", "JBT_26": "2", "Tp_Lnts_26": "SUNGAI", "Dt_Lnts_26": "SUNGAI LURUS (STRAIGHT)", "Pnangnn_26": "RUTIN", "Pmriksn_26": "RUTIN", "Pnglola_26": "BPJN NUSA TENGGARA BARAT", "Satkr_ID26": "693914", "PPK_Name26": "PPK 1.3", "Traffic_26": null, "VCR_26": "0.3821", "AADT_26": "47035.8", "Tipe_Jb_26": null, "Lat_26": -8.69069, "Long_26": 116.1127, "Tgl_Ins_26": "5\/29\/2024", "Ket_26": null }, "geometry": { "type": "Point", "coordinates": [ 116.1127, -8.690690000000361 ] } },
{ "type": "Feature", "properties": { "KDRUAS_UPD": "42014", "NOJBT_UPD": "42.014.010.0", "NM_RUAS_UP": "REMPUNG - LABUHAN  LOMBOK", "NM_JBT_UPD": "REBAN BULUK", "PROVINSI": "NUSA TENGGARA BARAT", "No_Prov_26": "42", "ID_Jbt_26": "4200107", "Kd_Ruas_26": "42014", "Suffix_26": null, "Nm_Ruas_26": "REMPUNG - LABUHAN  LOMBOK", "Lintas_26": "JALAN LINTAS PULAU LOMBOK", "No_Jbt_26": "42.014.010.0", "Nm_Jbt_26": "REBAN BULUK", "Status_26": "N", "Fungsi_26": "A", "Lks_Dr_26": "MTR", "Lks_km_26": 527.0, "F_STA_26": "600", "Cadin_26": "LTR", "Pjg_Jbt_26": 15.5, "Btg_Pjg_26": 15.2, "Jml_Btg_26": "1", "Lb_Jl_Ms26": 6.59, "Lb_Jl_Kl26": 6.59, "Lb_Lalin26": 6.59, "Lb_Bh_Ki26": 0.3, "Lb_Bh_Ka26": 0.2, "Lb_Dr_Ki26": 0.15, "Lb_Dr_Ka26": 0.15, "Lb_Tr_Ki26": 1.27, "Lb_Tr_Ka26": 1.3, "Lb_TS_Ki26": 0.0, "Lb_TS_Ka26": 0.0, "Lb_Med_26": 0.0, "Lbr_Jbt_26": 9.96, "Bgn_Ats_26": "GTP", "Jns_Jbt_26": "STANDAR", "Thn_Bgn_26": "1991", "BA_26": "2", "LNT_26": "2", "BB_26": "2", "DAS_26": "1", "OP_26": "0", "UT_26": "0", "GR_26": "0", "LB_26": "0", "JBT_26": "2", "Tp_Lnts_26": "SUNGAI", "Dt_Lnts_26": "SUNGAI LURUS (STRAIGHT)", "Pnangnn_26": "RUTIN", "Pmriksn_26": "RUTIN", "Pnglola_26": "BPJN NUSA TENGGARA BARAT", "Satkr_ID26": "693914", "PPK_Name26": "PPK 1.3", "Traffic_26": null, "VCR_26": "0.4699", "AADT_26": "8703.1", "Tipe_Jb_26": null, "Lat_26": -8.572336, "Long_26": 116.522415, "Tgl_Ins_26": "7\/6\/2024", "Ket_26": null }, "geometry": { "type": "Point", "coordinates": [ 116.522415, -8.572336 ] } },
{ "type": "Feature", "properties": { "KDRUAS_UPD": "42014", "NOJBT_UPD": "42.014.011.0", "NM_RUAS_UP": "REMPUNG - LABUHAN  LOMBOK", "NM_JBT_UPD": "PUNGKANG", "PROVINSI": "NUSA TENGGARA BARAT", "No_Prov_26": "42", "ID_Jbt_26": "4200108", "Kd_Ruas_26": "42014", "Suffix_26": null, "Nm_Ruas_26": "REMPUNG - LABUHAN  LOMBOK", "Lintas_26": "JALAN LINTAS PULAU LOMBOK", "No_Jbt_26": "42.014.011.0", "Nm_Jbt_26": "PUNGKANG", "Status_26": "N", "Fungsi_26": "A", "Lks_Dr_26": "MTR", "Lks_km_26": 529.0, "F_STA_26": "620", "Cadin_26": "LTR", "Pjg_Jbt_26": 15.0, "Btg_Pjg_26": 14.7, "Jml_Btg_26": "1", "Lb_Jl_Ms26": 6.37, "Lb_Jl_Kl26": 6.37, "Lb_Lalin26": 6.37, "Lb_Bh_Ki26": 0.5, "Lb_Bh_Ka26": 0.3, "Lb_Dr_Ki26": 0.2, "Lb_Dr_Ka26": 0.1, "Lb_Tr_Ki26": 1.3, "Lb_Tr_Ka26": 1.3, "Lb_TS_Ki26": 0.0, "Lb_TS_Ka26": 0.0, "Lb_Med_26": 0.0, "Lbr_Jbt_26": 10.07, "Bgn_Ats_26": "GTP", "Jns_Jbt_26": "STANDAR", "Thn_Bgn_26": "1991", "BA_26": "2", "LNT_26": "2", "BB_26": "2", "DAS_26": "1", "OP_26": "1", "UT_26": "0", "GR_26": "0", "LB_26": "0", "JBT_26": "2", "Tp_Lnts_26": "SUNGAI", "Dt_Lnts_26": "SUNGAI LURUS (STRAIGHT)", "Pnangnn_26": "RUTIN", "Pmriksn_26": "RUTIN", "Pnglola_26": "BPJN NUSA TENGGARA BARAT", "Satkr_ID26": "693914", "PPK_Name26": "PPK 1.3", "Traffic_26": null, "VCR_26": "0.4699", "AADT_26": "8703.1", "Tipe_Jb_26": null, "Lat_26": -8.57122533201, "Long_26": 116.52399025699999, "Tgl_Ins_26": "6\/13\/2024", "Ket_26": null }, "geometry": { "type": "Point", "coordinates": [ 116.523990256603994, -8.571225332007719 ] } },
{ "type": "Feature", "properties": { "KDRUAS_UPD": "42014", "NOJBT_UPD": "42.014.012.0", "NM_RUAS_UP": "REMPUNG - LABUHAN  LOMBOK", "NM_JBT_UPD": "AIKMEL", "PROVINSI": "NUSA TENGGARA BARAT", "No_Prov_26": "42", "ID_Jbt_26": "4200109", "Kd_Ruas_26": "42014", "Suffix_26": null, "Nm_Ruas_26": "REMPUNG - LABUHAN  LOMBOK", "Lintas_26": "JALAN LINTAS PULAU LOMBOK", "No_Jbt_26": "42.014.012.0", "Nm_Jbt_26": "AIKMEL", "Status_26": "N", "Fungsi_26": "A", "Lks_Dr_26": "MTR", "Lks_km_26": 536.0, "F_STA_26": "690", "Cadin_26": "LTR", "Pjg_Jbt_26": 14.1, "Btg_Pjg_26": 13.8, "Jml_Btg_26": "1", "Lb_Jl_Ms26": 7.26, "Lb_Jl_Kl26": 7.26, "Lb_Lalin26": 7.26, "Lb_Bh_Ki26": 0.4, "Lb_Bh_Ka26": 0.35, "Lb_Dr_Ki26": 0.15, "Lb_Dr_Ka26": 0.15, "Lb_Tr_Ki26": 1.0, "Lb_Tr_Ka26": 1.0, "Lb_TS_Ki26": 0.0, "Lb_TS_Ka26": 0.0, "Lb_Med_26": 0.0, "Lbr_Jbt_26": 10.31, "Bgn_Ats_26": "GTP", "Jns_Jbt_26": "STANDAR", "Thn_Bgn_26": "1975", "BA_26": "2", "LNT_26": "2", "BB_26": "0", "DAS_26": "2", "OP_26": "1", "UT_26": "0", "GR_26": "0", "LB_26": "0", "JBT_26": "2", "Tp_Lnts_26": "SUNGAI", "Dt_Lnts_26": "SUNGAI LURUS (STRAIGHT)", "Pnangnn_26": "RUTIN", "Pmriksn_26": "RUTIN", "Pnglola_26": "BPJN NUSA TENGGARA BARAT", "Satkr_ID26": "693914", "PPK_Name26": "PPK 1.3", "Traffic_26": null, "VCR_26": "0.4699", "AADT_26": "8703.1", "Tipe_Jb_26": null, "Lat_26": -8.5677900314300004, "Long_26": 116.529472351, "Tgl_Ins_26": "6\/13\/2024", "Ket_26": null }, "geometry": { "type": "Point", "coordinates": [ 116.529472351, -8.56779003143 ] } },
{ "type": "Feature", "properties": { "KDRUAS_UPD": "42014", "NOJBT_UPD": "42.014.013.0", "NM_RUAS_UP": "REMPUNG - LABUHAN  LOMBOK", "NM_JBT_UPD": "TELABAH PANCOR", "PROVINSI": "NUSA TENGGARA BARAT", "No_Prov_26": "42", "ID_Jbt_26": "4200110", "Kd_Ruas_26": "42014", "Suffix_26": null, "Nm_Ruas_26": "REMPUNG - LABUHAN  LOMBOK", "Lintas_26": "JALAN LINTAS PULAU LOMBOK", "No_Jbt_26": "42.014.013.0", "Nm_Jbt_26": "TELABAH PANCOR", "Status_26": "N", "Fungsi_26": "A", "Lks_Dr_26": "MTR", "Lks_km_26": 554.0, "F_STA_26": "870", "Cadin_26": "LTR", "Pjg_Jbt_26": 20.7, "Btg_Pjg_26": 19.7, "Jml_Btg_26": "1", "Lb_Jl_Ms26": 8.06, "Lb_Jl_Kl26": 8.06, "Lb_Lalin26": 8.06, "Lb_Bh_Ki26": 0.37, "Lb_Bh_Ka26": 0.27, "Lb_Dr_Ki26": 0.0, "Lb_Dr_Ka26": 0.0, "Lb_Tr_Ki26": 1.03, "Lb_Tr_Ka26": 1.05, "Lb_TS_Ki26": 0.3, "Lb_TS_Ka26": 0.3, "Lb_Med_26": 0.0, "Lbr_Jbt_26": 11.38, "Bgn_Ats_26": "GPP", "Jns_Jbt_26": "STANDAR", "Thn_Bgn_26": "2015", "BA_26": "2", "LNT_26": "2", "BB_26": "2", "DAS_26": "2", "OP_26": "1", "UT_26": "0", "GR_26": "0", "LB_26": "0", "JBT_26": "2", "Tp_Lnts_26": "SUNGAI", "Dt_Lnts_26": "SUNGAI LURUS (STRAIGHT)", "Pnangnn_26": "RUTIN", "Pmriksn_26": "RUTIN", "Pnglola_26": "BPJN NUSA TENGGARA BARAT", "Satkr_ID26": "693914", "PPK_Name26": "PPK 1.3", "Traffic_26": null, "VCR_26": "0.4699", "AADT_26": "8703.1", "Tipe_Jb_26": null, "Lat_26": -8.5736574037400004, "Long_26": 116.544476199, "Tgl_Ins_26": "6\/24\/2024", "Ket_26": null }, "geometry": { "type": "Point", "coordinates": [ 116.544476198941993, -8.57365740374342 ] } },
{ "type": "Feature", "properties": { "KDRUAS_UPD": "42014", "NOJBT_UPD": "42.014.014.0", "NM_RUAS_UP": "REMPUNG - LABUHAN  LOMBOK", "NM_JBT_UPD": "DS. BEMBEK\/AIK ARE", "PROVINSI": "NUSA TENGGARA BARAT", "No_Prov_26": "42", "ID_Jbt_26": "4200111", "Kd_Ruas_26": "42014", "Suffix_26": null, "Nm_Ruas_26": "REMPUNG - LABUHAN  LOMBOK", "Lintas_26": "JALAN LINTAS PULAU LOMBOK", "No_Jbt_26": "42.014.014.0", "Nm_Jbt_26": "DS. BEMBEK\/AIK ARE", "Status_26": "N", "Fungsi_26": "A", "Lks_Dr_26": "MTR", "Lks_km_26": 567.0, "F_STA_26": "1000", "Cadin_26": "LTR", "Pjg_Jbt_26": 14.8, "Btg_Pjg_26": 14.5, "Jml_Btg_26": "1", "Lb_Jl_Ms26": 6.5, "Lb_Jl_Kl26": 6.5, "Lb_Lalin26": 6.5, "Lb_Bh_Ki26": 0.25, "Lb_Bh_Ka26": 0.3, "Lb_Dr_Ki26": 0.1, "Lb_Dr_Ka26": 0.1, "Lb_Tr_Ki26": 1.26, "Lb_Tr_Ka26": 1.27, "Lb_TS_Ki26": 0.0, "Lb_TS_Ka26": 0.0, "Lb_Med_26": 0.0, "Lbr_Jbt_26": 9.78, "Bgn_Ats_26": "GTP", "Jns_Jbt_26": "STANDAR", "Thn_Bgn_26": "1992", "BA_26": "2", "LNT_26": "2", "BB_26": "1", "DAS_26": "0", "OP_26": "1", "UT_26": "0", "GR_26": "0", "LB_26": "0", "JBT_26": "2", "Tp_Lnts_26": "SUNGAI", "Dt_Lnts_26": "SUNGAI LURUS (STRAIGHT)", "Pnangnn_26": "RUTIN", "Pmriksn_26": "RUTIN", "Pnglola_26": "BPJN NUSA TENGGARA BARAT", "Satkr_ID26": "693914", "PPK_Name26": "PPK 1.3", "Traffic_26": null, "VCR_26": "0.4699", "AADT_26": "8703.1", "Tipe_Jb_26": null, "Lat_26": -8.57528, "Long_26": 116.55562, "Tgl_Ins_26": "6\/25\/2024", "Ket_26": null }, "geometry": { "type": "Point", "coordinates": [ 116.55562, -8.57528 ] } },
{ "type": "Feature", "properties": { "KDRUAS_UPD": "42014", "NOJBT_UPD": "42.014.015.0", "NM_RUAS_UP": "REMPUNG - LABUHAN  LOMBOK", "NM_JBT_UPD": "TANGGEK", "PROVINSI": "NUSA TENGGARA BARAT", "No_Prov_26": "42", "ID_Jbt_26": "4200112", "Kd_Ruas_26": "42014", "Suffix_26": null, "Nm_Ruas_26": "REMPUNG - LABUHAN  LOMBOK", "Lintas_26": "JALAN LINTAS PULAU LOMBOK", "No_Jbt_26": "42.014.015.0", "Nm_Jbt_26": "TANGGEK", "Status_26": "N", "Fungsi_26": "A", "Lks_Dr_26": "MTR", "Lks_km_26": 57.0, "F_STA_26": "1040", "Cadin_26": "LTR", "Pjg_Jbt_26": 15.2, "Btg_Pjg_26": 14.8, "Jml_Btg_26": "1", "Lb_Jl_Ms26": 8.53, "Lb_Jl_Kl26": 8.53, "Lb_Lalin26": 8.53, "Lb_Bh_Ki26": 0.25, "Lb_Bh_Ka26": 0.3, "Lb_Dr_Ki26": 0.15, "Lb_Dr_Ka26": 0.15, "Lb_Tr_Ki26": 0.9, "Lb_Tr_Ka26": 0.85, "Lb_TS_Ki26": 0.0, "Lb_TS_Ka26": 0.0, "Lb_Med_26": 0.0, "Lbr_Jbt_26": 11.13, "Bgn_Ats_26": "GTP", "Jns_Jbt_26": "STANDAR", "Thn_Bgn_26": "1982", "BA_26": "2", "LNT_26": "2", "BB_26": "1", "DAS_26": "1", "OP_26": "0", "UT_26": "0", "GR_26": "0", "LB_26": "0", "JBT_26": "2", "Tp_Lnts_26": "SUNGAI", "Dt_Lnts_26": "SUNGAI LURUS (STRAIGHT)", "Pnangnn_26": "RUTIN", "Pmriksn_26": "RUTIN", "Pnglola_26": "BPJN NUSA TENGGARA BARAT", "Satkr_ID26": "693914", "PPK_Name26": "PPK 1.3", "Traffic_26": null, "VCR_26": "0.4699", "AADT_26": "8703.1", "Tipe_Jb_26": null, "Lat_26": -8.5752350886599995, "Long_26": 116.559007955, "Tgl_Ins_26": "6\/13\/2024", "Ket_26": null }, "geometry": { "type": "Point", "coordinates": [ 116.559007955091005, -8.575235088655569 ] } },
{ "type": "Feature", "properties": { "KDRUAS_UPD": "42014", "NOJBT_UPD": "42.014.016.0", "NM_RUAS_UP": "REMPUNG - LABUHAN  LOMBOK", "NM_JBT_UPD": "TANGGEK II", "PROVINSI": "NUSA TENGGARA BARAT", "No_Prov_26": "42", "ID_Jbt_26": "4200113", "Kd_Ruas_26": "42014", "Suffix_26": null, "Nm_Ruas_26": "REMPUNG - LABUHAN  LOMBOK", "Lintas_26": "JALAN LINTAS PULAU LOMBOK", "No_Jbt_26": "42.014.016.0", "Nm_Jbt_26": "TANGGEK II", "Status_26": "N", "Fungsi_26": "A", "Lks_Dr_26": "MTR", "Lks_km_26": 572.0, "F_STA_26": "1050", "Cadin_26": "LTH", "Pjg_Jbt_26": 7.0, "Btg_Pjg_26": 6.7, "Jml_Btg_26": "1", "Lb_Jl_Ms26": 6.51, "Lb_Jl_Kl26": 6.51, "Lb_Lalin26": 6.51, "Lb_Bh_Ki26": 0.87, "Lb_Bh_Ka26": 0.94, "Lb_Dr_Ki26": 0.0, "Lb_Dr_Ka26": 0.0, "Lb_Tr_Ki26": 0.0, "Lb_Tr_Ka26": 0.0, "Lb_TS_Ki26": 0.3, "Lb_TS_Ka26": 0.3, "Lb_Med_26": 0.0, "Lbr_Jbt_26": 8.92, "Bgn_Ats_26": "ETP", "Jns_Jbt_26": "STANDAR", "Thn_Bgn_26": "1960", "BA_26": "2", "LNT_26": "2", "BB_26": "2", "DAS_26": "2", "OP_26": "0", "UT_26": "0", "GR_26": "0", "LB_26": "0", "JBT_26": "2", "Tp_Lnts_26": "SUNGAI", "Dt_Lnts_26": "SUNGAI LURUS (STRAIGHT)", "Pnangnn_26": "RUTIN", "Pmriksn_26": "RUTIN", "Pnglola_26": "BPJN NUSA TENGGARA BARAT", "Satkr_ID26": "693914", "PPK_Name26": "PPK 1.3", "Traffic_26": null, "VCR_26": "0.4699", "AADT_26": "8703.1", "Tipe_Jb_26": null, "Lat_26": -8.5739603042599999, "Long_26": 116.55922699, "Tgl_Ins_26": "6\/11\/2025", "Ket_26": null }, "geometry": { "type": "Point", "coordinates": [ 116.55922699, -8.57396030426 ] } },
{ "type": "Feature", "properties": { "KDRUAS_UPD": "42014", "NOJBT_UPD": "42.014.017.0", "NM_RUAS_UP": "REMPUNG - LABUHAN  LOMBOK", "NM_JBT_UPD": "TERUTUK", "PROVINSI": "NUSA TENGGARA BARAT", "No_Prov_26": "42", "ID_Jbt_26": "4200114", "Kd_Ruas_26": "42014", "Suffix_26": null, "Nm_Ruas_26": "REMPUNG - LABUHAN  LOMBOK", "Lintas_26": "JALAN LINTAS PULAU LOMBOK", "No_Jbt_26": "42.014.017.0", "Nm_Jbt_26": "TERUTUK", "Status_26": "N", "Fungsi_26": "A", "Lks_Dr_26": "MTR", "Lks_km_26": 578.0, "F_STA_26": "1110", "Cadin_26": "LTR", "Pjg_Jbt_26": 10.2, "Btg_Pjg_26": 9.8, "Jml_Btg_26": "1", "Lb_Jl_Ms26": 7.09, "Lb_Jl_Kl26": 7.09, "Lb_Lalin26": 7.09, "Lb_Bh_Ki26": 0.3, "Lb_Bh_Ka26": 0.25, "Lb_Dr_Ki26": 0.15, "Lb_Dr_Ka26": 0.1, "Lb_Tr_Ki26": 0.97, "Lb_Tr_Ka26": 1.05, "Lb_TS_Ki26": 0.0, "Lb_TS_Ka26": 0.0, "Lb_Med_26": 0.0, "Lbr_Jbt_26": 9.91, "Bgn_Ats_26": "GTP", "Jns_Jbt_26": "STANDAR", "Thn_Bgn_26": "1991", "BA_26": "2", "LNT_26": "2", "BB_26": "1", "DAS_26": "1", "OP_26": "2", "UT_26": "0", "GR_26": "0", "LB_26": "0", "JBT_26": "2", "Tp_Lnts_26": "SUNGAI", "Dt_Lnts_26": "SUNGAI LURUS (STRAIGHT)", "Pnangnn_26": "RUTIN", "Pmriksn_26": "RUTIN", "Pnglola_26": "BPJN NUSA TENGGARA BARAT", "Satkr_ID26": "693914", "PPK_Name26": "PPK 1.3", "Traffic_26": null, "VCR_26": "0.4699", "AADT_26": "8703.1", "Tipe_Jb_26": null, "Lat_26": -8.5699300766000004, "Long_26": 116.56272125200002, "Tgl_Ins_26": "6\/13\/2024", "Ket_26": null }, "geometry": { "type": "Point", "coordinates": [ 116.562721252, -8.5699300766 ] } },
{ "type": "Feature", "properties": { "KDRUAS_UPD": "42014", "NOJBT_UPD": "42.014.018.0", "NM_RUAS_UP": "REMPUNG - LABUHAN  LOMBOK", "NM_JBT_UPD": "KAWOR LALANG", "PROVINSI": "NUSA TENGGARA BARAT", "No_Prov_26": "42", "ID_Jbt_26": "4200115", "Kd_Ruas_26": "42014", "Suffix_26": null, "Nm_Ruas_26": "REMPUNG - LABUHAN  LOMBOK", "Lintas_26": "JALAN LINTAS PULAU LOMBOK", "No_Jbt_26": "42.014.018.0", "Nm_Jbt_26": "KAWOR LALANG", "Status_26": "N", "Fungsi_26": "A", "Lks_Dr_26": "MTR", "Lks_km_26": 643.0, "F_STA_26": "1760", "Cadin_26": "LTR", "Pjg_Jbt_26": 32.0, "Btg_Pjg_26": 15.7, "Jml_Btg_26": "2", "Lb_Jl_Ms26": 6.58, "Lb_Jl_Kl26": 6.58, "Lb_Lalin26": 6.58, "Lb_Bh_Ki26": 0.2, "Lb_Bh_Ka26": 0.25, "Lb_Dr_Ki26": 0.2, "Lb_Dr_Ka26": 0.2, "Lb_Tr_Ki26": 1.3, "Lb_Tr_Ka26": 1.3, "Lb_TS_Ki26": 0.0, "Lb_TS_Ka26": 0.0, "Lb_Med_26": 0.0, "Lbr_Jbt_26": 10.03, "Bgn_Ats_26": "GTP", "Jns_Jbt_26": "STANDAR", "Thn_Bgn_26": "1991", "BA_26": "2", "LNT_26": "2", "BB_26": "2", "DAS_26": "2", "OP_26": "2", "UT_26": "1", "GR_26": "0", "LB_26": "0", "JBT_26": "2", "Tp_Lnts_26": "SUNGAI", "Dt_Lnts_26": "SUNGAI LURUS (STRAIGHT)", "Pnangnn_26": "RUTIN", "Pmriksn_26": "RUTIN", "Pnglola_26": "BPJN NUSA TENGGARA BARAT", "Satkr_ID26": "693914", "PPK_Name26": "PPK 1.3", "Traffic_26": null, "VCR_26": "0.4699", "AADT_26": "8703.1", "Tipe_Jb_26": null, "Lat_26": -8.5687799453700002, "Long_26": 116.618209839, "Tgl_Ins_26": "6\/11\/2025", "Ket_26": null }, "geometry": { "type": "Point", "coordinates": [ 116.618209839, -8.56877994537 ] } },
{ "type": "Feature", "properties": { "KDRUAS_UPD": "42014", "NOJBT_UPD": "42.014.019.0", "NM_RUAS_UP": "REMPUNG - LABUHAN  LOMBOK", "NM_JBT_UPD": "EYAT KERU", "PROVINSI": "NUSA TENGGARA BARAT", "No_Prov_26": "42", "ID_Jbt_26": "4200116", "Kd_Ruas_26": "42014", "Suffix_26": null, "Nm_Ruas_26": "REMPUNG - LABUHAN  LOMBOK", "Lintas_26": "JALAN LINTAS PULAU LOMBOK", "No_Jbt_26": "42.014.019.0", "Nm_Jbt_26": "EYAT KERU", "Status_26": "N", "Fungsi_26": "A", "Lks_Dr_26": "MTR", "Lks_km_26": 647.0, "F_STA_26": "1810", "Cadin_26": "LTR", "Pjg_Jbt_26": 10.0, "Btg_Pjg_26": 9.7, "Jml_Btg_26": "1", "Lb_Jl_Ms26": 7.16, "Lb_Jl_Kl26": 7.16, "Lb_Lalin26": 7.16, "Lb_Bh_Ki26": 0.35, "Lb_Bh_Ka26": 0.2, "Lb_Dr_Ki26": 0.1, "Lb_Dr_Ka26": 0.3, "Lb_Tr_Ki26": 1.3, "Lb_Tr_Ka26": 1.27, "Lb_TS_Ki26": 0.0, "Lb_TS_Ka26": 0.0, "Lb_Med_26": 0.0, "Lbr_Jbt_26": 10.68, "Bgn_Ats_26": "GTP", "Jns_Jbt_26": "STANDAR", "Thn_Bgn_26": "1991", "BA_26": "2", "LNT_26": "2", "BB_26": "2", "DAS_26": "2", "OP_26": "2", "UT_26": "0", "GR_26": "0", "LB_26": "0", "JBT_26": "2", "Tp_Lnts_26": "SUNGAI", "Dt_Lnts_26": "SUNGAI LURUS (STRAIGHT)", "Pnangnn_26": "RUTIN", "Pmriksn_26": "RUTIN", "Pnglola_26": "BPJN NUSA TENGGARA BARAT", "Satkr_ID26": "693914", "PPK_Name26": "PPK 1.3", "Traffic_26": null, "VCR_26": "0.4699", "AADT_26": "8703.1", "Tipe_Jb_26": null, "Lat_26": -8.5653696060200009, "Long_26": 116.62074279799998, "Tgl_Ins_26": "6\/13\/2024", "Ket_26": null }, "geometry": { "type": "Point", "coordinates": [ 116.620742798, -8.565369606020001 ] } },
{ "type": "Feature", "properties": { "KDRUAS_UPD": "42014", "NOJBT_UPD": "42.014.020.0", "NM_RUAS_UP": "REMPUNG - LABUHAN  LOMBOK", "NM_JBT_UPD": "KOKOK DESA", "PROVINSI": "NUSA TENGGARA BARAT", "No_Prov_26": "42", "ID_Jbt_26": "4200117", "Kd_Ruas_26": "42014", "Suffix_26": null, "Nm_Ruas_26": "REMPUNG - LABUHAN  LOMBOK", "Lintas_26": "JALAN LINTAS PULAU LOMBOK", "No_Jbt_26": "42.014.020.0", "Nm_Jbt_26": "KOKOK DESA", "Status_26": "N", "Fungsi_26": "A", "Lks_Dr_26": "MTR", "Lks_km_26": 676.0, "F_STA_26": "2100", "Cadin_26": "LTR", "Pjg_Jbt_26": 46.2, "Btg_Pjg_26": 45.7, "Jml_Btg_26": "1", "Lb_Jl_Ms26": 5.54, "Lb_Jl_Kl26": 5.54, "Lb_Lalin26": 5.54, "Lb_Bh_Ki26": 0.15, "Lb_Bh_Ka26": 0.1, "Lb_Dr_Ki26": 0.1, "Lb_Dr_Ka26": 0.05, "Lb_Tr_Ki26": 0.56, "Lb_Tr_Ka26": 0.52, "Lb_TS_Ki26": 0.0, "Lb_TS_Ka26": 0.0, "Lb_Med_26": 0.0, "Lbr_Jbt_26": 7.02, "Bgn_Ats_26": "RBP", "Jns_Jbt_26": "STANDAR", "Thn_Bgn_26": "1989", "BA_26": "2", "LNT_26": "2", "BB_26": "2", "DAS_26": "1", "OP_26": "1", "UT_26": "0", "GR_26": "0", "LB_26": "0", "JBT_26": "2", "Tp_Lnts_26": "SUNGAI", "Dt_Lnts_26": "SUNGAI LURUS (STRAIGHT)", "Pnangnn_26": "RUTIN", "Pmriksn_26": "RUTIN", "Pnglola_26": "BPJN NUSA TENGGARA BARAT", "Satkr_ID26": "693914", "PPK_Name26": "PPK 1.3", "Traffic_26": null, "VCR_26": "0.4699", "AADT_26": "8703.1", "Tipe_Jb_26": null, "Lat_26": -8.5469799041699996, "Long_26": 116.632423401, "Tgl_Ins_26": "7\/7\/2024", "Ket_26": null }, "geometry": { "type": "Point", "coordinates": [ 116.632423401, -8.54697990417 ] } },
{ "type": "Feature", "properties": { "KDRUAS_UPD": "42014", "NOJBT_UPD": "42.014.021.0", "NM_RUAS_UP": "REMPUNG - LABUHAN  LOMBOK", "NM_JBT_UPD": "BRANG BANTUN", "PROVINSI": "NUSA TENGGARA BARAT", "No_Prov_26": "42", "ID_Jbt_26": "4200118", "Kd_Ruas_26": "42014", "Suffix_26": null, "Nm_Ruas_26": "REMPUNG - LABUHAN  LOMBOK", "Lintas_26": "JALAN LINTAS PULAU LOMBOK", "No_Jbt_26": "42.014.021.0", "Nm_Jbt_26": "BRANG BANTUN", "Status_26": "N", "Fungsi_26": "A", "Lks_Dr_26": "MTR", "Lks_km_26": 694.0, "F_STA_26": "2280", "Cadin_26": "LTR", "Pjg_Jbt_26": 12.0, "Btg_Pjg_26": 11.7, "Jml_Btg_26": "1", "Lb_Jl_Ms26": 6.86, "Lb_Jl_Kl26": 6.86, "Lb_Lalin26": 6.86, "Lb_Bh_Ki26": 0.35, "Lb_Bh_Ka26": 0.3, "Lb_Dr_Ki26": 0.15, "Lb_Dr_Ka26": 0.1, "Lb_Tr_Ki26": 0.8, "Lb_Tr_Ka26": 0.9, "Lb_TS_Ki26": 0.0, "Lb_TS_Ka26": 0.0, "Lb_Med_26": 0.0, "Lbr_Jbt_26": 9.46, "Bgn_Ats_26": "GTP", "Jns_Jbt_26": "STANDAR", "Thn_Bgn_26": "1991", "BA_26": "2", "LNT_26": "2", "BB_26": "0", "DAS_26": "1", "OP_26": "2", "UT_26": "0", "GR_26": "0", "LB_26": "0", "JBT_26": "2", "Tp_Lnts_26": "SUNGAI", "Dt_Lnts_26": "SUNGAI LURUS (STRAIGHT)", "Pnangnn_26": "RUTIN", "Pmriksn_26": "RUTIN", "Pnglola_26": "BPJN NUSA TENGGARA BARAT", "Satkr_ID26": "693914", "PPK_Name26": "PPK 1.3", "Traffic_26": null, "VCR_26": "0.4699", "AADT_26": "8703.1", "Tipe_Jb_26": null, "Lat_26": -8.5321798324600007, "Long_26": 116.63735199, "Tgl_Ins_26": "6\/13\/2024", "Ket_26": null }, "geometry": { "type": "Point", "coordinates": [ 116.63735199, -8.532179832460001 ] } },
{ "type": "Feature", "properties": { "KDRUAS_UPD": "42014", "NOJBT_UPD": "42.014.022.0", "NM_RUAS_UP": "REMPUNG - LABUHAN  LOMBOK", "NM_JBT_UPD": "PETARIK", "PROVINSI": "NUSA TENGGARA BARAT", "No_Prov_26": "42", "ID_Jbt_26": "4200119", "Kd_Ruas_26": "42014", "Suffix_26": null, "Nm_Ruas_26": "REMPUNG - LABUHAN  LOMBOK", "Lintas_26": "JALAN LINTAS PULAU LOMBOK", "No_Jbt_26": "42.014.022.0", "Nm_Jbt_26": "PETARIK", "Status_26": "N", "Fungsi_26": "A", "Lks_Dr_26": "MTR", "Lks_km_26": 703.0, "F_STA_26": "2370", "Cadin_26": "LTR", "Pjg_Jbt_26": 8.5, "Btg_Pjg_26": 8.2, "Jml_Btg_26": "1", "Lb_Jl_Ms26": 6.46, "Lb_Jl_Kl26": 6.46, "Lb_Lalin26": 6.46, "Lb_Bh_Ki26": 0.45, "Lb_Bh_Ka26": 0.2, "Lb_Dr_Ki26": 0.15, "Lb_Dr_Ka26": 0.1, "Lb_Tr_Ki26": 1.25, "Lb_Tr_Ka26": 1.25, "Lb_TS_Ki26": 0.0, "Lb_TS_Ka26": 0.0, "Lb_Med_26": 0.0, "Lbr_Jbt_26": 9.86, "Bgn_Ats_26": "GTP", "Jns_Jbt_26": "STANDAR", "Thn_Bgn_26": "1991", "BA_26": "2", "LNT_26": "2", "BB_26": "2", "DAS_26": "2", "OP_26": "2", "UT_26": "1", "GR_26": "0", "LB_26": "0", "JBT_26": "2", "Tp_Lnts_26": "SUNGAI", "Dt_Lnts_26": "SUNGAI LURUS (STRAIGHT)", "Pnangnn_26": "RUTIN", "Pmriksn_26": "RUTIN", "Pnglola_26": "BPJN NUSA TENGGARA BARAT", "Satkr_ID26": "693914", "PPK_Name26": "PPK 1.3", "Traffic_26": null, "VCR_26": "0.4699", "AADT_26": "8703.1", "Tipe_Jb_26": null, "Lat_26": -8.5245271457499996, "Long_26": 116.64060102800001, "Tgl_Ins_26": "6\/11\/2025", "Ket_26": null }, "geometry": { "type": "Point", "coordinates": [ 116.640601028389, -8.52452714575155 ] } },
{ "type": "Feature", "properties": { "KDRUAS_UPD": "42016", "NOJBT_UPD": "42.016.002.0", "NM_RUAS_UP": "PL. POTOTANO - SIMPANG NEGARA", "NM_JBT_UPD": "T A N O II", "PROVINSI": "NUSA TENGGARA BARAT", "No_Prov_26": "42", "ID_Jbt_26": "4200122", "Kd_Ruas_26": "42016", "Suffix_26": null, "Nm_Ruas_26": "PL. POTOTANO - SIMPANG NEGARA", "Lintas_26": "JALAN LINTAS PULAU SUMBAWA", "No_Jbt_26": "42.016.002.0", "Nm_Jbt_26": "T A N O II", "Status_26": "N", "Fungsi_26": "A", "Lks_Dr_26": "SBW", "Lks_km_26": 8365.0, "F_STA_26": "110", "Cadin_26": "SBR", "Pjg_Jbt_26": 10.0, "Btg_Pjg_26": 9.9, "Jml_Btg_26": "1", "Lb_Jl_Ms26": 6.37, "Lb_Jl_Kl26": 6.37, "Lb_Lalin26": 6.49, "Lb_Bh_Ki26": 0.22, "Lb_Bh_Ka26": 0.22, "Lb_Dr_Ki26": 0.15, "Lb_Dr_Ka26": 0.15, "Lb_Tr_Ki26": 1.0, "Lb_Tr_Ka26": 1.0, "Lb_TS_Ki26": 0.23, "Lb_TS_Ka26": 0.26, "Lb_Med_26": 0.0, "Lbr_Jbt_26": 9.72, "Bgn_Ats_26": "GTP", "Jns_Jbt_26": "STANDAR", "Thn_Bgn_26": "2013", "BA_26": "2", "LNT_26": "2", "BB_26": "0", "DAS_26": "0", "OP_26": "1", "UT_26": "0", "GR_26": "0", "LB_26": "0", "JBT_26": "2", "Tp_Lnts_26": "SUNGAI", "Dt_Lnts_26": "SUNGAI LURUS (STRAIGHT)", "Pnangnn_26": "RUTIN", "Pmriksn_26": "RUTIN", "Pnglola_26": "BPJN NUSA TENGGARA BARAT", "Satkr_ID26": "693915", "PPK_Name26": "PPK 2.1", "Traffic_26": null, "VCR_26": "0.0674", "AADT_26": "1139.2", "Tipe_Jb_26": null, "Lat_26": -8.5310201644900001, "Long_26": 116.88938140899999, "Tgl_Ins_26": "5\/14\/2024", "Ket_26": null }, "geometry": { "type": "Point", "coordinates": [ 116.889381409, -8.53102016449 ] } },
{ "type": "Feature", "properties": { "KDRUAS_UPD": "42017", "NOJBT_UPD": "42.017.001.0", "NM_RUAS_UP": "SIMPANG NEGARA - BTS. KOTA SUMBAWA BESAR", "NM_JBT_UPD": "BADAS", "PROVINSI": "NUSA TENGGARA BARAT", "No_Prov_26": "42", "ID_Jbt_26": "4200123", "Kd_Ruas_26": "42017", "Suffix_26": null, "Nm_Ruas_26": "SIMPANG NEGARA - BTS. KOTA SUMBAWA BESAR", "Lintas_26": "JALAN LINTAS PULAU SUMBAWA", "No_Jbt_26": "42.017.001.0", "Nm_Jbt_26": "BADAS", "Status_26": "N", "Fungsi_26": "A", "Lks_Dr_26": "SBW", "Lks_km_26": 94.0, "F_STA_26": "200", "Cadin_26": "SBW", "Pjg_Jbt_26": 10.9, "Btg_Pjg_26": 10.57, "Jml_Btg_26": "1", "Lb_Jl_Ms26": 6.12, "Lb_Jl_Kl26": 6.12, "Lb_Lalin26": 6.24, "Lb_Bh_Ki26": 0.42, "Lb_Bh_Ka26": 0.38, "Lb_Dr_Ki26": 0.3, "Lb_Dr_Ka26": 0.45, "Lb_Tr_Ki26": 1.34, "Lb_Tr_Ka26": 1.28, "Lb_TS_Ki26": 0.0, "Lb_TS_Ka26": 0.0, "Lb_Med_26": 0.0, "Lbr_Jbt_26": 10.41, "Bgn_Ats_26": "GTP", "Jns_Jbt_26": "STANDAR", "Thn_Bgn_26": "2019", "BA_26": "2", "LNT_26": "2", "BB_26": "1", "DAS_26": "1", "OP_26": "1", "UT_26": "0", "GR_26": "0", "LB_26": "0", "JBT_26": "2", "Tp_Lnts_26": "SUNGAI", "Dt_Lnts_26": "SUNGAI LURUS (STRAIGHT)", "Pnangnn_26": "RUTIN", "Pmriksn_26": "RUTIN", "Pnglola_26": "BPJN NUSA TENGGARA BARAT", "Satkr_ID26": "693915", "PPK_Name26": "PPK 2.2", "Traffic_26": null, "VCR_26": "0.5345", "AADT_26": "6456.7", "Tipe_Jb_26": null, "Lat_26": -8.4702100753800007, "Long_26": 117.365852356, "Tgl_Ins_26": "5\/17\/2024", "Ket_26": null }, "geometry": { "type": "Point", "coordinates": [ 117.365852356, -8.470210075380001 ] } },
{ "type": "Feature", "properties": { "KDRUAS_UPD": "42017", "NOJBT_UPD": "42.017.002.0", "NM_RUAS_UP": "SIMPANG NEGARA - BTS. KOTA SUMBAWA BESAR", "NM_JBT_UPD": "EMPAN", "PROVINSI": "NUSA TENGGARA BARAT", "No_Prov_26": "42", "ID_Jbt_26": "4200124", "Kd_Ruas_26": "42017", "Suffix_26": null, "Nm_Ruas_26": "SIMPANG NEGARA - BTS. KOTA SUMBAWA BESAR", "Lintas_26": "JALAN LINTAS PULAU SUMBAWA", "No_Jbt_26": "42.017.002.0", "Nm_Jbt_26": "EMPAN", "Status_26": "N", "Fungsi_26": "A", "Lks_Dr_26": "SBW", "Lks_km_26": 13.0, "F_STA_26": "550", "Cadin_26": "SBW", "Pjg_Jbt_26": 10.9, "Btg_Pjg_26": 10.1, "Jml_Btg_26": "1", "Lb_Jl_Ms26": 6.24, "Lb_Jl_Kl26": 6.24, "Lb_Lalin26": 6.36, "Lb_Bh_Ki26": 0.42, "Lb_Bh_Ka26": 0.38, "Lb_Dr_Ki26": 0.42, "Lb_Dr_Ka26": 0.37, "Lb_Tr_Ki26": 1.29, "Lb_Tr_Ka26": 1.25, "Lb_TS_Ki26": 0.0, "Lb_TS_Ka26": 0.0, "Lb_Med_26": 0.0, "Lbr_Jbt_26": 10.49, "Bgn_Ats_26": "GTP", "Jns_Jbt_26": "STANDAR", "Thn_Bgn_26": "2019", "BA_26": "2", "LNT_26": "2", "BB_26": "2", "DAS_26": "0", "OP_26": "1", "UT_26": "0", "GR_26": "0", "LB_26": "0", "JBT_26": "2", "Tp_Lnts_26": "SUNGAI", "Dt_Lnts_26": "SUNGAI LURUS (STRAIGHT)", "Pnangnn_26": "RUTIN", "Pmriksn_26": "RUTIN", "Pnglola_26": "BPJN NUSA TENGGARA BARAT", "Satkr_ID26": "693915", "PPK_Name26": "PPK 2.2", "Traffic_26": null, "VCR_26": "0.5345", "AADT_26": "6456.7", "Tipe_Jb_26": null, "Lat_26": -8.4579000473000008, "Long_26": 117.35466003400002, "Tgl_Ins_26": "5\/17\/2024", "Ket_26": null }, "geometry": { "type": "Point", "coordinates": [ 117.354660034, -8.457900047300001 ] } },
{ "type": "Feature", "properties": { "KDRUAS_UPD": "42017", "NOJBT_UPD": "42.017.003.0", "NM_RUAS_UP": "SIMPANG NEGARA - BTS. KOTA SUMBAWA BESAR", "NM_JBT_UPD": "KANAR I", "PROVINSI": "NUSA TENGGARA BARAT", "No_Prov_26": "42", "ID_Jbt_26": "4200125", "Kd_Ruas_26": "42017", "Suffix_26": null, "Nm_Ruas_26": "SIMPANG NEGARA - BTS. KOTA SUMBAWA BESAR", "Lintas_26": "JALAN LINTAS PULAU SUMBAWA", "No_Jbt_26": "42.017.003.0", "Nm_Jbt_26": "KANAR I", "Status_26": "N", "Fungsi_26": "A", "Lks_Dr_26": "SBW", "Lks_km_26": 1675.0, "F_STA_26": "930", "Cadin_26": "SBW", "Pjg_Jbt_26": 20.5, "Btg_Pjg_26": 20.03, "Jml_Btg_26": "1", "Lb_Jl_Ms26": 4.84, "Lb_Jl_Kl26": 4.84, "Lb_Lalin26": 4.96, "Lb_Bh_Ki26": 0.26, "Lb_Bh_Ka26": 0.26, "Lb_Dr_Ki26": 0.25, "Lb_Dr_Ka26": 0.25, "Lb_Tr_Ki26": 0.48, "Lb_Tr_Ka26": 0.48, "Lb_TS_Ki26": 0.0, "Lb_TS_Ka26": 0.0, "Lb_Med_26": 0.0, "Lbr_Jbt_26": 6.94, "Bgn_Ats_26": "GBP", "Jns_Jbt_26": "STANDAR", "Thn_Bgn_26": "1988", "BA_26": "2", "LNT_26": "2", "BB_26": "1", "DAS_26": "1", "OP_26": "0", "UT_26": "0", "GR_26": "0", "LB_26": "0", "JBT_26": "2", "Tp_Lnts_26": "SUNGAI", "Dt_Lnts_26": "SUNGAI LURUS (STRAIGHT)", "Pnangnn_26": "RUTIN", "Pmriksn_26": "RUTIN", "Pnglola_26": "BPJN NUSA TENGGARA BARAT", "Satkr_ID26": "693915", "PPK_Name26": "PPK 2.2", "Traffic_26": null, "VCR_26": "0.5345", "AADT_26": "6456.7", "Tipe_Jb_26": null, "Lat_26": -8.4549903869600005, "Long_26": 117.331008911, "Tgl_Ins_26": "5\/17\/2024", "Ket_26": null }, "geometry": { "type": "Point", "coordinates": [ 117.331008911, -8.45499038696 ] } },
{ "type": "Feature", "properties": { "KDRUAS_UPD": "42017", "NOJBT_UPD": "42.017.004.0", "NM_RUAS_UP": "SIMPANG NEGARA - BTS. KOTA SUMBAWA BESAR", "NM_JBT_UPD": "KANAR II", "PROVINSI": "NUSA TENGGARA BARAT", "No_Prov_26": "42", "ID_Jbt_26": "4200126", "Kd_Ruas_26": "42017", "Suffix_26": null, "Nm_Ruas_26": "SIMPANG NEGARA - BTS. KOTA SUMBAWA BESAR", "Lintas_26": "JALAN LINTAS PULAU SUMBAWA", "No_Jbt_26": "42.017.004.0", "Nm_Jbt_26": "KANAR II", "Status_26": "N", "Fungsi_26": "A", "Lks_Dr_26": "SBW", "Lks_km_26": 179.0, "F_STA_26": "1040", "Cadin_26": "SBW", "Pjg_Jbt_26": 6.3, "Btg_Pjg_26": 5.85, "Jml_Btg_26": "1", "Lb_Jl_Ms26": 6.2, "Lb_Jl_Kl26": 6.2, "Lb_Lalin26": 6.32, "Lb_Bh_Ki26": 0.26, "Lb_Bh_Ka26": 0.85, "Lb_Dr_Ki26": 0.81, "Lb_Dr_Ka26": 0.35, "Lb_Tr_Ki26": 0.56, "Lb_Tr_Ka26": 0.58, "Lb_TS_Ki26": 0.0, "Lb_TS_Ka26": 0.0, "Lb_Med_26": 0.0, "Lbr_Jbt_26": 9.73, "Bgn_Ats_26": "GTP", "Jns_Jbt_26": "STANDAR", "Thn_Bgn_26": "1980", "BA_26": "2", "LNT_26": "2", "BB_26": "2", "DAS_26": "0", "OP_26": "1", "UT_26": "0", "GR_26": "0", "LB_26": "0", "JBT_26": "2", "Tp_Lnts_26": "SUNGAI", "Dt_Lnts_26": "SUNGAI LURUS (STRAIGHT)", "Pnangnn_26": "RUTIN", "Pmriksn_26": "RUTIN", "Pnglola_26": "BPJN NUSA TENGGARA BARAT", "Satkr_ID26": "693915", "PPK_Name26": "PPK 2.2", "Traffic_26": null, "VCR_26": "0.5345", "AADT_26": "6456.7", "Tipe_Jb_26": null, "Lat_26": -8.4470396041899996, "Long_26": 117.33038330100001, "Tgl_Ins_26": "5\/17\/2024", "Ket_26": null }, "geometry": { "type": "Point", "coordinates": [ 117.330383301, -8.44703960419 ] } },
{ "type": "Feature", "properties": { "KDRUAS_UPD": "42017", "NOJBT_UPD": "42.017.005.0", "NM_RUAS_UP": "SIMPANG NEGARA - BTS. KOTA SUMBAWA BESAR", "NM_JBT_UPD": "KANAR III", "PROVINSI": "NUSA TENGGARA BARAT", "No_Prov_26": "42", "ID_Jbt_26": "4200127", "Kd_Ruas_26": "42017", "Suffix_26": null, "Nm_Ruas_26": "SIMPANG NEGARA - BTS. KOTA SUMBAWA BESAR", "Lintas_26": "JALAN LINTAS PULAU SUMBAWA", "No_Jbt_26": "42.017.005.0", "Nm_Jbt_26": "KANAR III", "Status_26": "N", "Fungsi_26": "A", "Lks_Dr_26": "SBW", "Lks_km_26": 207.0, "F_STA_26": "1260", "Cadin_26": "SBW", "Pjg_Jbt_26": 11.0, "Btg_Pjg_26": 10.55, "Jml_Btg_26": "1", "Lb_Jl_Ms26": 6.02, "Lb_Jl_Kl26": 6.02, "Lb_Lalin26": 6.14, "Lb_Bh_Ki26": 0.23, "Lb_Bh_Ka26": 0.37, "Lb_Dr_Ki26": 0.25, "Lb_Dr_Ka26": 0.25, "Lb_Tr_Ki26": 1.26, "Lb_Tr_Ka26": 1.24, "Lb_TS_Ki26": 0.0, "Lb_TS_Ka26": 0.0, "Lb_Med_26": 0.0, "Lbr_Jbt_26": 9.74, "Bgn_Ats_26": "GTP", "Jns_Jbt_26": "STANDAR", "Thn_Bgn_26": "2019", "BA_26": "1", "LNT_26": "1", "BB_26": "2", "DAS_26": "0", "OP_26": "2", "UT_26": "0", "GR_26": "0", "LB_26": "0", "JBT_26": "2", "Tp_Lnts_26": "SUNGAI", "Dt_Lnts_26": "SUNGAI LURUS (STRAIGHT)", "Pnangnn_26": "RUTIN", "Pmriksn_26": "RUTIN", "Pnglola_26": "BPJN NUSA TENGGARA BARAT", "Satkr_ID26": "693915", "PPK_Name26": "PPK 2.2", "Traffic_26": null, "VCR_26": "0.5345", "AADT_26": "6456.7", "Tipe_Jb_26": null, "Lat_26": -8.4403095245399999, "Long_26": 117.315589905, "Tgl_Ins_26": "7\/7\/2024", "Ket_26": null }, "geometry": { "type": "Point", "coordinates": [ 117.315589905, -8.44030952454 ] } },
{ "type": "Feature", "properties": { "KDRUAS_UPD": "42017", "NOJBT_UPD": "42.017.006.0", "NM_RUAS_UP": "SIMPANG NEGARA - BTS. KOTA SUMBAWA BESAR", "NM_JBT_UPD": "BRANG LUK", "PROVINSI": "NUSA TENGGARA BARAT", "No_Prov_26": "42", "ID_Jbt_26": "4200128", "Kd_Ruas_26": "42017", "Suffix_26": null, "Nm_Ruas_26": "SIMPANG NEGARA - BTS. KOTA SUMBAWA BESAR", "Lintas_26": "JALAN LINTAS PULAU SUMBAWA", "No_Jbt_26": "42.017.006.0", "Nm_Jbt_26": "BRANG LUK", "Status_26": "N", "Fungsi_26": "A", "Lks_Dr_26": "SBW", "Lks_km_26": 229.0, "F_STA_26": "1550", "Cadin_26": "SBW", "Pjg_Jbt_26": 10.0, "Btg_Pjg_26": 9.7, "Jml_Btg_26": "1", "Lb_Jl_Ms26": 6.16, "Lb_Jl_Kl26": 6.16, "Lb_Lalin26": 6.28, "Lb_Bh_Ki26": 0.29, "Lb_Bh_Ka26": 0.225, "Lb_Dr_Ki26": 0.3, "Lb_Dr_Ka26": 0.5, "Lb_Tr_Ki26": 1.12, "Lb_Tr_Ka26": 1.26, "Lb_TS_Ki26": 0.0, "Lb_TS_Ka26": 0.0, "Lb_Med_26": 0.0, "Lbr_Jbt_26": 9.975, "Bgn_Ats_26": "GTP", "Jns_Jbt_26": "STANDAR", "Thn_Bgn_26": "2019", "BA_26": "1", "LNT_26": "1", "BB_26": "2", "DAS_26": "2", "OP_26": "2", "UT_26": "0", "GR_26": "0", "LB_26": "0", "JBT_26": "2", "Tp_Lnts_26": "SUNGAI", "Dt_Lnts_26": "SUNGAI LURUS (STRAIGHT)", "Pnangnn_26": "RUTIN", "Pmriksn_26": "RUTIN", "Pnglola_26": "BPJN NUSA TENGGARA BARAT", "Satkr_ID26": "693915", "PPK_Name26": "PPK 2.2", "Traffic_26": null, "VCR_26": "0.5345", "AADT_26": "6456.7", "Tipe_Jb_26": null, "Lat_26": -8.4428701400800001, "Long_26": 117.300598145, "Tgl_Ins_26": "6\/20\/2025", "Ket_26": null }, "geometry": { "type": "Point", "coordinates": [ 117.300598145, -8.44287014008 ] } },
{ "type": "Feature", "properties": { "KDRUAS_UPD": "42017", "NOJBT_UPD": "42.017.007.0", "NM_RUAS_UP": "SIMPANG NEGARA - BTS. KOTA SUMBAWA BESAR", "NM_JBT_UPD": "BERMANG", "PROVINSI": "NUSA TENGGARA BARAT", "No_Prov_26": "42", "ID_Jbt_26": "4200129", "Kd_Ruas_26": "42017", "Suffix_26": null, "Nm_Ruas_26": "SIMPANG NEGARA - BTS. KOTA SUMBAWA BESAR", "Lintas_26": "JALAN LINTAS PULAU SUMBAWA", "No_Jbt_26": "42.017.007.0", "Nm_Jbt_26": "BERMANG", "Status_26": "N", "Fungsi_26": "A", "Lks_Dr_26": "SBW", "Lks_km_26": 257.0, "F_STA_26": "1830", "Cadin_26": "SBW", "Pjg_Jbt_26": 7.7, "Btg_Pjg_26": 7.5, "Jml_Btg_26": "1", "Lb_Jl_Ms26": 7.45, "Lb_Jl_Kl26": 7.45, "Lb_Lalin26": 7.57, "Lb_Bh_Ki26": 0.35, "Lb_Bh_Ka26": 0.5, "Lb_Dr_Ki26": 0.0, "Lb_Dr_Ka26": 0.5, "Lb_Tr_Ki26": 0.82, "Lb_Tr_Ka26": 0.45, "Lb_TS_Ki26": 0.0, "Lb_TS_Ka26": 0.0, "Lb_Med_26": 0.0, "Lbr_Jbt_26": 10.19, "Bgn_Ats_26": "GTP", "Jns_Jbt_26": "STANDAR", "Thn_Bgn_26": "1981", "BA_26": "2", "LNT_26": "2", "BB_26": "1", "DAS_26": "0", "OP_26": "1", "UT_26": "0", "GR_26": "0", "LB_26": "0", "JBT_26": "2", "Tp_Lnts_26": "SUNGAI", "Dt_Lnts_26": "SUNGAI LURUS (STRAIGHT)", "Pnangnn_26": "RUTIN", "Pmriksn_26": "RUTIN", "Pnglola_26": "BPJN NUSA TENGGARA BARAT", "Satkr_ID26": "693915", "PPK_Name26": "PPK 2.2", "Traffic_26": null, "VCR_26": "0.5345", "AADT_26": "6456.7", "Tipe_Jb_26": null, "Lat_26": -8.4386901855499996, "Long_26": 117.29308319100001, "Tgl_Ins_26": "5\/18\/2024", "Ket_26": null }, "geometry": { "type": "Point", "coordinates": [ 117.293083191, -8.43869018555 ] } },
{ "type": "Feature", "properties": { "KDRUAS_UPD": "42017", "NOJBT_UPD": "42.017.008.0", "NM_RUAS_UP": "SIMPANG NEGARA - BTS. KOTA SUMBAWA BESAR", "NM_JBT_UPD": "SEGARA", "PROVINSI": "NUSA TENGGARA BARAT", "No_Prov_26": "42", "ID_Jbt_26": "4200130", "Kd_Ruas_26": "42017", "Suffix_26": null, "Nm_Ruas_26": "SIMPANG NEGARA - BTS. KOTA SUMBAWA BESAR", "Lintas_26": "JALAN LINTAS PULAU SUMBAWA", "No_Jbt_26": "42.017.008.0", "Nm_Jbt_26": "SEGARA", "Status_26": "N", "Fungsi_26": "A", "Lks_Dr_26": "SBW", "Lks_km_26": 269.0, "F_STA_26": "1950", "Cadin_26": "SBW", "Pjg_Jbt_26": 13.0, "Btg_Pjg_26": 12.65, "Jml_Btg_26": "1", "Lb_Jl_Ms26": 5.53, "Lb_Jl_Kl26": 5.53, "Lb_Lalin26": 5.65, "Lb_Bh_Ki26": 0.38, "Lb_Bh_Ka26": 0.42, "Lb_Dr_Ki26": 0.33, "Lb_Dr_Ka26": 0.28, "Lb_Tr_Ki26": 1.29, "Lb_Tr_Ka26": 1.32, "Lb_TS_Ki26": 0.0, "Lb_TS_Ka26": 0.0, "Lb_Med_26": 0.0, "Lbr_Jbt_26": 9.67, "Bgn_Ats_26": "GTP", "Jns_Jbt_26": "STANDAR", "Thn_Bgn_26": "1992", "BA_26": "2", "LNT_26": "2", "BB_26": "2", "DAS_26": "1", "OP_26": "2", "UT_26": "0", "GR_26": "0", "LB_26": "0", "JBT_26": "2", "Tp_Lnts_26": "SUNGAI", "Dt_Lnts_26": "SUNGAI LURUS (STRAIGHT)", "Pnangnn_26": "RUTIN", "Pmriksn_26": "RUTIN", "Pnglola_26": "BPJN NUSA TENGGARA BARAT", "Satkr_ID26": "693915", "PPK_Name26": "PPK 2.2", "Traffic_26": null, "VCR_26": "0.5345", "AADT_26": "6456.7", "Tipe_Jb_26": null, "Lat_26": -8.4310998916600006, "Long_26": 117.292747498, "Tgl_Ins_26": "5\/18\/2024", "Ket_26": null }, "geometry": { "type": "Point", "coordinates": [ 117.292747498, -8.431099891660001 ] } },
{ "type": "Feature", "properties": { "KDRUAS_UPD": "42017", "NOJBT_UPD": "42.017.009.0", "NM_RUAS_UP": "SIMPANG NEGARA - BTS. KOTA SUMBAWA BESAR", "NM_JBT_UPD": "POTO PEDU", "PROVINSI": "NUSA TENGGARA BARAT", "No_Prov_26": "42", "ID_Jbt_26": "4200131", "Kd_Ruas_26": "42017", "Suffix_26": null, "Nm_Ruas_26": "SIMPANG NEGARA - BTS. KOTA SUMBAWA BESAR", "Lintas_26": "JALAN LINTAS PULAU SUMBAWA", "No_Jbt_26": "42.017.009.0", "Nm_Jbt_26": "POTO PEDU", "Status_26": "N", "Fungsi_26": "A", "Lks_Dr_26": "SBW", "Lks_km_26": 321.0, "F_STA_26": "2480", "Cadin_26": "SBW", "Pjg_Jbt_26": 15.7, "Btg_Pjg_26": 15.5, "Jml_Btg_26": "1", "Lb_Jl_Ms26": 6.01, "Lb_Jl_Kl26": 6.01, "Lb_Lalin26": 6.13, "Lb_Bh_Ki26": 0.29, "Lb_Bh_Ka26": 0.28, "Lb_Dr_Ki26": 0.27, "Lb_Dr_Ka26": 0.26, "Lb_Tr_Ki26": 0.49, "Lb_Tr_Ka26": 0.4, "Lb_TS_Ki26": 0.0, "Lb_TS_Ka26": 0.0, "Lb_Med_26": 0.0, "Lbr_Jbt_26": 8.12, "Bgn_Ats_26": "GTP", "Jns_Jbt_26": "STANDAR", "Thn_Bgn_26": "1981", "BA_26": "2", "LNT_26": "2", "BB_26": "2", "DAS_26": "1", "OP_26": "2", "UT_26": "0", "GR_26": "0", "LB_26": "0", "JBT_26": "2", "Tp_Lnts_26": "SUNGAI", "Dt_Lnts_26": "SUNGAI BERKELOK (MEANDERING)", "Pnangnn_26": "RUTIN", "Pmriksn_26": "RUTIN", "Pnglola_26": "BPJN NUSA TENGGARA BARAT", "Satkr_ID26": "693915", "PPK_Name26": "PPK 2.2", "Traffic_26": null, "VCR_26": "0.5345", "AADT_26": "6456.7", "Tipe_Jb_26": null, "Lat_26": -8.4197902679399999, "Long_26": 117.24900817899999, "Tgl_Ins_26": "5\/18\/2024", "Ket_26": null }, "geometry": { "type": "Point", "coordinates": [ 117.249008179, -8.41979026794 ] } },
{ "type": "Feature", "properties": { "KDRUAS_UPD": "42017", "NOJBT_UPD": "42.017.010.A", "NM_RUAS_UP": "SIMPANG NEGARA - BTS. KOTA SUMBAWA BESAR", "NM_JBT_UPD": "BRANG RHEE A (TDK DIPAKAI)", "PROVINSI": "NUSA TENGGARA BARAT", "No_Prov_26": "42", "ID_Jbt_26": "4200132", "Kd_Ruas_26": "42017", "Suffix_26": null, "Nm_Ruas_26": "SIMPANG NEGARA - BTS. KOTA SUMBAWA BESAR", "Lintas_26": "JALAN LINTAS PULAU SUMBAWA", "No_Jbt_26": "42.017.010.A", "Nm_Jbt_26": "BRANG RHEE A (TDK DIPAKAI)", "Status_26": "N", "Fungsi_26": "A", "Lks_Dr_26": "SBW", "Lks_km_26": 341.0, "F_STA_26": "2670", "Cadin_26": "SBW", "Pjg_Jbt_26": 77.7, "Btg_Pjg_26": 77.2, "Jml_Btg_26": "1", "Lb_Jl_Ms26": 3.5, "Lb_Jl_Kl26": 3.5, "Lb_Lalin26": 3.5, "Lb_Bh_Ki26": 0.0, "Lb_Bh_Ka26": 0.0, "Lb_Dr_Ki26": 0.0, "Lb_Dr_Ka26": 0.0, "Lb_Tr_Ki26": 1.1, "Lb_Tr_Ka26": 1.1, "Lb_TS_Ki26": 0.0, "Lb_TS_Ka26": 0.0, "Lb_Med_26": 0.0, "Lbr_Jbt_26": 5.7, "Bgn_Ats_26": "TBP", "Jns_Jbt_26": "STANDAR", "Thn_Bgn_26": "1970", "BA_26": "4", "LNT_26": "4", "BB_26": "2", "DAS_26": "1", "OP_26": "1", "UT_26": "0", "GR_26": "0", "LB_26": "0", "JBT_26": "4", "Tp_Lnts_26": "SUNGAI", "Dt_Lnts_26": "SUNGAI LURUS (STRAIGHT)", "Pnangnn_26": "TIDAK ADA PENANGANAN", "Pmriksn_26": "RUTIN", "Pnglola_26": "BPJN NUSA TENGGARA BARAT", "Satkr_ID26": "693915", "PPK_Name26": "PPK 2.2", "Traffic_26": null, "VCR_26": "0.5345", "AADT_26": "6456.7", "Tipe_Jb_26": null, "Lat_26": -8.419217, "Long_26": 117.233354, "Tgl_Ins_26": "6\/21\/2025", "Ket_26": null }, "geometry": { "type": "Point", "coordinates": [ 117.233354, -8.419217 ] } },
{ "type": "Feature", "properties": { "KDRUAS_UPD": "42017", "NOJBT_UPD": "42.017.010.B", "NM_RUAS_UP": "SIMPANG NEGARA - BTS. KOTA SUMBAWA BESAR", "NM_JBT_UPD": "BRANG RHEE B", "PROVINSI": "NUSA TENGGARA BARAT", "No_Prov_26": "42", "ID_Jbt_26": "4200133", "Kd_Ruas_26": "42017", "Suffix_26": null, "Nm_Ruas_26": "SIMPANG NEGARA - BTS. KOTA SUMBAWA BESAR", "Lintas_26": "JALAN LINTAS PULAU SUMBAWA", "No_Jbt_26": "42.017.010.B", "Nm_Jbt_26": "BRANG RHEE B", "Status_26": "N", "Fungsi_26": "A", "Lks_Dr_26": "SBW", "Lks_km_26": 341.0, "F_STA_26": "2670", "Cadin_26": "SBW", "Pjg_Jbt_26": 90.0, "Btg_Pjg_26": 46.0, "Jml_Btg_26": "2", "Lb_Jl_Ms26": 4.8, "Lb_Jl_Kl26": 7.0, "Lb_Lalin26": 4.92, "Lb_Bh_Ki26": 0.32, "Lb_Bh_Ka26": 0.27, "Lb_Dr_Ki26": 0.16, "Lb_Dr_Ka26": 0.18, "Lb_Tr_Ki26": 0.51, "Lb_Tr_Ka26": 0.51, "Lb_TS_Ki26": 0.0, "Lb_TS_Ka26": 0.0, "Lb_Med_26": 0.0, "Lbr_Jbt_26": 6.87, "Bgn_Ats_26": "RBP", "Jns_Jbt_26": "STANDAR", "Thn_Bgn_26": "1992", "BA_26": "2", "LNT_26": "2", "BB_26": "1", "DAS_26": "1", "OP_26": "1", "UT_26": "0", "GR_26": "0", "LB_26": "0", "JBT_26": "2", "Tp_Lnts_26": "SUNGAI", "Dt_Lnts_26": "SUNGAI LURUS (STRAIGHT)", "Pnangnn_26": "RUTIN", "Pmriksn_26": "RUTIN", "Pnglola_26": "BPJN NUSA TENGGARA BARAT", "Satkr_ID26": "693915", "PPK_Name26": "PPK 2.2", "Traffic_26": null, "VCR_26": "0.5345", "AADT_26": "6456.7", "Tipe_Jb_26": null, "Lat_26": -8.4191102981599997, "Long_26": 117.23336792000001, "Tgl_Ins_26": "5\/18\/2024", "Ket_26": null }, "geometry": { "type": "Point", "coordinates": [ 117.23336792, -8.41911029816 ] } },
{ "type": "Feature", "properties": { "KDRUAS_UPD": "42017", "NOJBT_UPD": "42.017.011.0", "NM_RUAS_UP": "SIMPANG NEGARA - BTS. KOTA SUMBAWA BESAR", "NM_JBT_UPD": "KOKAR MENINI", "PROVINSI": "NUSA TENGGARA BARAT", "No_Prov_26": "42", "ID_Jbt_26": "4200134", "Kd_Ruas_26": "42017", "Suffix_26": null, "Nm_Ruas_26": "SIMPANG NEGARA - BTS. KOTA SUMBAWA BESAR", "Lintas_26": "JALAN LINTAS PULAU SUMBAWA", "No_Jbt_26": "42.017.011.0", "Nm_Jbt_26": "KOKAR MENINI", "Status_26": "N", "Fungsi_26": "A", "Lks_Dr_26": "SBW", "Lks_km_26": 368.0, "F_STA_26": "2940", "Cadin_26": "SBW", "Pjg_Jbt_26": 9.0, "Btg_Pjg_26": 8.6, "Jml_Btg_26": "1", "Lb_Jl_Ms26": 5.44, "Lb_Jl_Kl26": 5.44, "Lb_Lalin26": 5.56, "Lb_Bh_Ki26": 0.41, "Lb_Bh_Ka26": 2.15, "Lb_Dr_Ki26": 0.0, "Lb_Dr_Ka26": 0.0, "Lb_Tr_Ki26": 0.61, "Lb_Tr_Ka26": 0.69, "Lb_TS_Ki26": 0.0, "Lb_TS_Ka26": 0.0, "Lb_Med_26": 0.0, "Lbr_Jbt_26": 9.42, "Bgn_Ats_26": "GTP", "Jns_Jbt_26": "STANDAR", "Thn_Bgn_26": "1981", "BA_26": "2", "LNT_26": "2", "BB_26": "2", "DAS_26": "1", "OP_26": "1", "UT_26": "0", "GR_26": "0", "LB_26": "0", "JBT_26": "2", "Tp_Lnts_26": "SUNGAI", "Dt_Lnts_26": "SUNGAI LURUS (STRAIGHT)", "Pnangnn_26": "RUTIN", "Pmriksn_26": "RUTIN", "Pnglola_26": "BPJN NUSA TENGGARA BARAT", "Satkr_ID26": "693915", "PPK_Name26": "PPK 2.2", "Traffic_26": null, "VCR_26": "0.5345", "AADT_26": "6456.7", "Tipe_Jb_26": null, "Lat_26": -8.4114999771099992, "Long_26": 117.21650695800001, "Tgl_Ins_26": "5\/19\/2024", "Ket_26": null }, "geometry": { "type": "Point", "coordinates": [ 117.216506958, -8.411499977109999 ] } },
{ "type": "Feature", "properties": { "KDRUAS_UPD": "42017", "NOJBT_UPD": "42.017.012.0", "NM_RUAS_UP": "SIMPANG NEGARA - BTS. KOTA SUMBAWA BESAR", "NM_JBT_UPD": "KOKAR MENO", "PROVINSI": "NUSA TENGGARA BARAT", "No_Prov_26": "42", "ID_Jbt_26": "4200135", "Kd_Ruas_26": "42017", "Suffix_26": null, "Nm_Ruas_26": "SIMPANG NEGARA - BTS. KOTA SUMBAWA BESAR", "Lintas_26": "JALAN LINTAS PULAU SUMBAWA", "No_Jbt_26": "42.017.012.0", "Nm_Jbt_26": "KOKAR MENO", "Status_26": "N", "Fungsi_26": "A", "Lks_Dr_26": "SBW", "Lks_km_26": 386.0, "F_STA_26": "3130", "Cadin_26": "SBW", "Pjg_Jbt_26": 11.3, "Btg_Pjg_26": 10.35, "Jml_Btg_26": "1", "Lb_Jl_Ms26": 6.08, "Lb_Jl_Kl26": 6.08, "Lb_Lalin26": 6.2, "Lb_Bh_Ki26": 0.25, "Lb_Bh_Ka26": 0.42, "Lb_Dr_Ki26": 0.37, "Lb_Dr_Ka26": 0.35, "Lb_Tr_Ki26": 1.23, "Lb_Tr_Ka26": 1.28, "Lb_TS_Ki26": 0.0, "Lb_TS_Ka26": 0.0, "Lb_Med_26": 0.0, "Lbr_Jbt_26": 10.1, "Bgn_Ats_26": "GTP", "Jns_Jbt_26": "STANDAR", "Thn_Bgn_26": "1981", "BA_26": "2", "LNT_26": "2", "BB_26": "1", "DAS_26": "1", "OP_26": "2", "UT_26": "0", "GR_26": "0", "LB_26": "0", "JBT_26": "2", "Tp_Lnts_26": "SUNGAI", "Dt_Lnts_26": "SUNGAI LURUS (STRAIGHT)", "Pnangnn_26": "RUTIN", "Pmriksn_26": "DETAIL", "Pnglola_26": "BPJN NUSA TENGGARA BARAT", "Satkr_ID26": "693915", "PPK_Name26": "PPK 2.2", "Traffic_26": null, "VCR_26": "0.5345", "AADT_26": "6456.7", "Tipe_Jb_26": null, "Lat_26": -8.4073200225800004, "Long_26": 117.20115661600001, "Tgl_Ins_26": "6\/3\/2026", "Ket_26": null }, "geometry": { "type": "Point", "coordinates": [ 117.201156616, -8.40732002258 ] } },
{ "type": "Feature", "properties": { "KDRUAS_UPD": "42017", "NOJBT_UPD": "42.017.013.0", "NM_RUAS_UP": "SIMPANG NEGARA - BTS. KOTA SUMBAWA BESAR", "NM_JBT_UPD": "DALAP", "PROVINSI": "NUSA TENGGARA BARAT", "No_Prov_26": "42", "ID_Jbt_26": "4200136", "Kd_Ruas_26": "42017", "Suffix_26": null, "Nm_Ruas_26": "SIMPANG NEGARA - BTS. KOTA SUMBAWA BESAR", "Lintas_26": "JALAN LINTAS PULAU SUMBAWA", "No_Jbt_26": "42.017.013.0", "Nm_Jbt_26": "DALAP", "Status_26": "N", "Fungsi_26": "A", "Lks_Dr_26": "SBW", "Lks_km_26": 4185.0, "F_STA_26": "3450", "Cadin_26": "SBW", "Pjg_Jbt_26": 10.0, "Btg_Pjg_26": 9.7, "Jml_Btg_26": "1", "Lb_Jl_Ms26": 6.31, "Lb_Jl_Kl26": 6.31, "Lb_Lalin26": 6.43, "Lb_Bh_Ki26": 0.28, "Lb_Bh_Ka26": 0.25, "Lb_Dr_Ki26": 0.15, "Lb_Dr_Ka26": 0.16, "Lb_Tr_Ki26": 1.26, "Lb_Tr_Ka26": 1.28, "Lb_TS_Ki26": 0.0, "Lb_TS_Ka26": 0.0, "Lb_Med_26": 0.0, "Lbr_Jbt_26": 9.81, "Bgn_Ats_26": "GTP", "Jns_Jbt_26": "STANDAR", "Thn_Bgn_26": "2010", "BA_26": "1", "LNT_26": "0", "BB_26": "1", "DAS_26": "1", "OP_26": "1", "UT_26": "0", "GR_26": "0", "LB_26": "0", "JBT_26": "1", "Tp_Lnts_26": "SUNGAI", "Dt_Lnts_26": "SUNGAI LURUS (STRAIGHT)", "Pnangnn_26": "RUTIN", "Pmriksn_26": "RUTIN", "Pnglola_26": "BPJN NUSA TENGGARA BARAT", "Satkr_ID26": "693915", "PPK_Name26": "PPK 2.2", "Traffic_26": null, "VCR_26": "0.5345", "AADT_26": "6456.7", "Tipe_Jb_26": null, "Lat_26": -8.4077196121199993, "Long_26": 117.17964172400001, "Tgl_Ins_26": "5\/19\/2024", "Ket_26": null }, "geometry": { "type": "Point", "coordinates": [ 117.179641724, -8.407719612119999 ] } },
{ "type": "Feature", "properties": { "KDRUAS_UPD": "42017", "NOJBT_UPD": "42.017.014.A", "NM_RUAS_UP": "SIMPANG NEGARA - BTS. KOTA SUMBAWA BESAR", "NM_JBT_UPD": "KOKAR BURUK A", "PROVINSI": "NUSA TENGGARA BARAT", "No_Prov_26": "42", "ID_Jbt_26": "4200137", "Kd_Ruas_26": "42017", "Suffix_26": null, "Nm_Ruas_26": "SIMPANG NEGARA - BTS. KOTA SUMBAWA BESAR", "Lintas_26": "JALAN LINTAS PULAU SUMBAWA", "No_Jbt_26": "42.017.014.A", "Nm_Jbt_26": "KOKAR BURUK A", "Status_26": "N", "Fungsi_26": "A", "Lks_Dr_26": "SBW", "Lks_km_26": 436.0, "F_STA_26": "3620", "Cadin_26": "SBW", "Pjg_Jbt_26": 9.0, "Btg_Pjg_26": 8.2, "Jml_Btg_26": "1", "Lb_Jl_Ms26": 5.1, "Lb_Jl_Kl26": 5.1, "Lb_Lalin26": 5.22, "Lb_Bh_Ki26": 0.45, "Lb_Bh_Ka26": 0.35, "Lb_Dr_Ki26": 0.15, "Lb_Dr_Ka26": 0.25, "Lb_Tr_Ki26": 0.83, "Lb_Tr_Ka26": 0.79, "Lb_TS_Ki26": 0.0, "Lb_TS_Ka26": 0.0, "Lb_Med_26": 0.0, "Lbr_Jbt_26": 8.04, "Bgn_Ats_26": "GTP", "Jns_Jbt_26": "STANDAR", "Thn_Bgn_26": "1981", "BA_26": "2", "LNT_26": "2", "BB_26": "1", "DAS_26": "0", "OP_26": "0", "UT_26": "0", "GR_26": "0", "LB_26": "0", "JBT_26": "2", "Tp_Lnts_26": "SUNGAI", "Dt_Lnts_26": "SUNGAI LURUS (STRAIGHT)", "Pnangnn_26": "RUTIN", "Pmriksn_26": "RUTIN", "Pnglola_26": "BPJN NUSA TENGGARA BARAT", "Satkr_ID26": "693915", "PPK_Name26": "PPK 2.2", "Traffic_26": null, "VCR_26": "0.5345", "AADT_26": "6456.7", "Tipe_Jb_26": null, "Lat_26": -8.40515, "Long_26": 117.16555, "Tgl_Ins_26": "5\/19\/2024", "Ket_26": null }, "geometry": { "type": "Point", "coordinates": [ 117.16555, -8.40515 ] } },
{ "type": "Feature", "properties": { "KDRUAS_UPD": "42017", "NOJBT_UPD": "42.017.014.B", "NM_RUAS_UP": "SIMPANG NEGARA - BTS. KOTA SUMBAWA BESAR", "NM_JBT_UPD": "KOKAR BURUK B", "PROVINSI": "NUSA TENGGARA BARAT", "No_Prov_26": "42", "ID_Jbt_26": "4200138", "Kd_Ruas_26": "42017", "Suffix_26": null, "Nm_Ruas_26": "SIMPANG NEGARA - BTS. KOTA SUMBAWA BESAR", "Lintas_26": "JALAN LINTAS PULAU SUMBAWA", "No_Jbt_26": "42.017.014.B", "Nm_Jbt_26": "KOKAR BURUK B", "Status_26": "N", "Fungsi_26": "A", "Lks_Dr_26": "SBW", "Lks_km_26": 436.0, "F_STA_26": "3620", "Cadin_26": "SBW", "Pjg_Jbt_26": 15.0, "Btg_Pjg_26": 14.7, "Jml_Btg_26": "1", "Lb_Jl_Ms26": 6.16, "Lb_Jl_Kl26": 6.16, "Lb_Lalin26": 6.28, "Lb_Bh_Ki26": 0.51, "Lb_Bh_Ka26": 0.38, "Lb_Dr_Ki26": 0.15, "Lb_Dr_Ka26": 0.2, "Lb_Tr_Ki26": 1.15, "Lb_Tr_Ka26": 1.16, "Lb_TS_Ki26": 0.0, "Lb_TS_Ka26": 0.0, "Lb_Med_26": 0.0, "Lbr_Jbt_26": 9.83, "Bgn_Ats_26": "GTP", "Jns_Jbt_26": "STANDAR", "Thn_Bgn_26": "2006", "BA_26": "2", "LNT_26": "2", "BB_26": "0", "DAS_26": "1", "OP_26": "1", "UT_26": "0", "GR_26": "0", "LB_26": "0", "JBT_26": "2", "Tp_Lnts_26": "SUNGAI", "Dt_Lnts_26": "SUNGAI LURUS (STRAIGHT)", "Pnangnn_26": "RUTIN", "Pmriksn_26": "RUTIN", "Pnglola_26": "BPJN NUSA TENGGARA BARAT", "Satkr_ID26": "693915", "PPK_Name26": "PPK 2.2", "Traffic_26": null, "VCR_26": "0.5345", "AADT_26": "6456.7", "Tipe_Jb_26": null, "Lat_26": -8.40501, "Long_26": 117.16553, "Tgl_Ins_26": "5\/19\/2024", "Ket_26": null }, "geometry": { "type": "Point", "coordinates": [ 117.16553, -8.40501 ] } },
{ "type": "Feature", "properties": { "KDRUAS_UPD": "42017", "NOJBT_UPD": "42.017.015.0", "NM_RUAS_UP": "SIMPANG NEGARA - BTS. KOTA SUMBAWA BESAR", "NM_JBT_UPD": "BRANG SEMONTE", "PROVINSI": "NUSA TENGGARA BARAT", "No_Prov_26": "42", "ID_Jbt_26": "4200139", "Kd_Ruas_26": "42017", "Suffix_26": null, "Nm_Ruas_26": "SIMPANG NEGARA - BTS. KOTA SUMBAWA BESAR", "Lintas_26": "JALAN LINTAS PULAU SUMBAWA", "No_Jbt_26": "42.017.015.0", "Nm_Jbt_26": "BRANG SEMONTE", "Status_26": "N", "Fungsi_26": "A", "Lks_Dr_26": "SBW", "Lks_km_26": 45.0, "F_STA_26": "3760", "Cadin_26": "SBW", "Pjg_Jbt_26": 40.0, "Btg_Pjg_26": 39.68, "Jml_Btg_26": "1", "Lb_Jl_Ms26": 4.9, "Lb_Jl_Kl26": 4.9, "Lb_Lalin26": 5.02, "Lb_Bh_Ki26": 0.25, "Lb_Bh_Ka26": 0.35, "Lb_Dr_Ki26": 0.3, "Lb_Dr_Ka26": 0.24, "Lb_Tr_Ki26": 0.48, "Lb_Tr_Ka26": 0.56, "Lb_TS_Ki26": 0.0, "Lb_TS_Ka26": 0.0, "Lb_Med_26": 0.0, "Lbr_Jbt_26": 7.2, "Bgn_Ats_26": "RBP", "Jns_Jbt_26": "STANDAR", "Thn_Bgn_26": "1985", "BA_26": "2", "LNT_26": "2", "BB_26": "1", "DAS_26": "1", "OP_26": "1", "UT_26": "0", "GR_26": "0", "LB_26": "0", "JBT_26": "2", "Tp_Lnts_26": "SUNGAI", "Dt_Lnts_26": "SUNGAI BERKELOK (MEANDERING)", "Pnangnn_26": "RUTIN", "Pmriksn_26": "RUTIN", "Pnglola_26": "BPJN NUSA TENGGARA BARAT", "Satkr_ID26": "693915", "PPK_Name26": "PPK 2.2", "Traffic_26": null, "VCR_26": "0.5345", "AADT_26": "6456.7", "Tipe_Jb_26": null, "Lat_26": -8.4073600769, "Long_26": 117.15387725799999, "Tgl_Ins_26": "5\/19\/2024", "Ket_26": null }, "geometry": { "type": "Point", "coordinates": [ 117.153877258, -8.4073600769 ] } },
{ "type": "Feature", "properties": { "KDRUAS_UPD": "42017", "NOJBT_UPD": "42.017.016.B", "NM_RUAS_UP": "SIMPANG NEGARA - BTS. KOTA SUMBAWA BESAR", "NM_JBT_UPD": "BRANG UTAN B", "PROVINSI": "NUSA TENGGARA BARAT", "No_Prov_26": "42", "ID_Jbt_26": "4200141", "Kd_Ruas_26": "42017", "Suffix_26": null, "Nm_Ruas_26": "SIMPANG NEGARA - BTS. KOTA SUMBAWA BESAR", "Lintas_26": "JALAN LINTAS PULAU SUMBAWA", "No_Jbt_26": "42.017.016.B", "Nm_Jbt_26": "BRANG UTAN B", "Status_26": "N", "Fungsi_26": "A", "Lks_Dr_26": "SBW", "Lks_km_26": 483.0, "F_STA_26": "4070", "Cadin_26": "SBW", "Pjg_Jbt_26": 112.9, "Btg_Pjg_26": 61.2, "Jml_Btg_26": "2", "Lb_Jl_Ms26": 5.12, "Lb_Jl_Kl26": 7.0, "Lb_Lalin26": 5.24, "Lb_Bh_Ki26": 0.28, "Lb_Bh_Ka26": 0.18, "Lb_Dr_Ki26": 0.18, "Lb_Dr_Ka26": 0.24, "Lb_Tr_Ki26": 0.46, "Lb_Tr_Ka26": 0.46, "Lb_TS_Ki26": 0.0, "Lb_TS_Ka26": 0.0, "Lb_Med_26": 0.0, "Lbr_Jbt_26": 7.04, "Bgn_Ats_26": "RBP", "Jns_Jbt_26": "STANDAR", "Thn_Bgn_26": "1992", "BA_26": "2", "LNT_26": "2", "BB_26": "2", "DAS_26": "2", "OP_26": "1", "UT_26": "0", "GR_26": "0", "LB_26": "0", "JBT_26": "2", "Tp_Lnts_26": "SUNGAI", "Dt_Lnts_26": "SUNGAI LURUS (STRAIGHT)", "Pnangnn_26": "RUTIN", "Pmriksn_26": "RUTIN", "Pnglola_26": "BPJN NUSA TENGGARA BARAT", "Satkr_ID26": "693915", "PPK_Name26": "PPK 2.2", "Traffic_26": null, "VCR_26": "0.5345", "AADT_26": "6456.7", "Tipe_Jb_26": null, "Lat_26": -8.4146604537999998, "Long_26": 117.12760162399999, "Tgl_Ins_26": "5\/19\/2024", "Ket_26": null }, "geometry": { "type": "Point", "coordinates": [ 117.127601624, -8.4146604538 ] } },
{ "type": "Feature", "properties": { "KDRUAS_UPD": "42017", "NOJBT_UPD": "42.017.017.0", "NM_RUAS_UP": "SIMPANG NEGARA - BTS. KOTA SUMBAWA BESAR", "NM_JBT_UPD": "LAPAN REA", "PROVINSI": "NUSA TENGGARA BARAT", "No_Prov_26": "42", "ID_Jbt_26": "4200142", "Kd_Ruas_26": "42017", "Suffix_26": null, "Nm_Ruas_26": "SIMPANG NEGARA - BTS. KOTA SUMBAWA BESAR", "Lintas_26": "JALAN LINTAS PULAU SUMBAWA", "No_Jbt_26": "42.017.017.0", "Nm_Jbt_26": "LAPAN REA", "Status_26": "N", "Fungsi_26": "A", "Lks_Dr_26": "SBW", "Lks_km_26": 488.0, "F_STA_26": "4120", "Cadin_26": "SBW", "Pjg_Jbt_26": 11.0, "Btg_Pjg_26": 10.56, "Jml_Btg_26": "1", "Lb_Jl_Ms26": 6.19, "Lb_Jl_Kl26": 6.19, "Lb_Lalin26": 6.31, "Lb_Bh_Ki26": 0.33, "Lb_Bh_Ka26": 0.24, "Lb_Dr_Ki26": 0.46, "Lb_Dr_Ka26": 0.3, "Lb_Tr_Ki26": 1.11, "Lb_Tr_Ka26": 1.14, "Lb_TS_Ki26": 0.0, "Lb_TS_Ka26": 0.0, "Lb_Med_26": 0.0, "Lbr_Jbt_26": 9.89, "Bgn_Ats_26": "GTP", "Jns_Jbt_26": "STANDAR", "Thn_Bgn_26": "1991", "BA_26": "2", "LNT_26": "2", "BB_26": "1", "DAS_26": "1", "OP_26": "0", "UT_26": "0", "GR_26": "0", "LB_26": "0", "JBT_26": "2", "Tp_Lnts_26": "SUNGAI", "Dt_Lnts_26": "SUNGAI LURUS (STRAIGHT)", "Pnangnn_26": "RUTIN", "Pmriksn_26": "RUTIN", "Pnglola_26": "BPJN NUSA TENGGARA BARAT", "Satkr_ID26": "693915", "PPK_Name26": "PPK 2.2", "Traffic_26": null, "VCR_26": "0.5345", "AADT_26": "6456.7", "Tipe_Jb_26": null, "Lat_26": -8.4164199829099999, "Long_26": 117.12332153299998, "Tgl_Ins_26": "5\/19\/2024", "Ket_26": null }, "geometry": { "type": "Point", "coordinates": [ 117.123321533, -8.41641998291 ] } },
{ "type": "Feature", "properties": { "KDRUAS_UPD": "42017", "NOJBT_UPD": "42.017.018.0", "NM_RUAS_UP": "SIMPANG NEGARA - BTS. KOTA SUMBAWA BESAR", "NM_JBT_UPD": "KOKAR TENONG", "PROVINSI": "NUSA TENGGARA BARAT", "No_Prov_26": "42", "ID_Jbt_26": "4200143", "Kd_Ruas_26": "42017", "Suffix_26": null, "Nm_Ruas_26": "SIMPANG NEGARA - BTS. KOTA SUMBAWA BESAR", "Lintas_26": "JALAN LINTAS PULAU SUMBAWA", "No_Jbt_26": "42.017.018.0", "Nm_Jbt_26": "KOKAR TENONG", "Status_26": "N", "Fungsi_26": "A", "Lks_Dr_26": "SBW", "Lks_km_26": 503.0, "F_STA_26": "4270", "Cadin_26": "SBW", "Pjg_Jbt_26": 10.7, "Btg_Pjg_26": 10.2, "Jml_Btg_26": "1", "Lb_Jl_Ms26": 6.2, "Lb_Jl_Kl26": 6.2, "Lb_Lalin26": 6.32, "Lb_Bh_Ki26": 0.3, "Lb_Bh_Ka26": 0.45, "Lb_Dr_Ki26": 0.3, "Lb_Dr_Ka26": 0.2, "Lb_Tr_Ki26": 0.95, "Lb_Tr_Ka26": 0.95, "Lb_TS_Ki26": 0.26, "Lb_TS_Ka26": 0.28, "Lb_Med_26": 0.0, "Lbr_Jbt_26": 10.01, "Bgn_Ats_26": "VPP", "Jns_Jbt_26": "STANDAR", "Thn_Bgn_26": "2014", "BA_26": "2", "LNT_26": "2", "BB_26": "0", "DAS_26": "1", "OP_26": "1", "UT_26": "0", "GR_26": "0", "LB_26": "0", "JBT_26": "2", "Tp_Lnts_26": "SUNGAI", "Dt_Lnts_26": "SUNGAI LURUS (STRAIGHT)", "Pnangnn_26": "RUTIN", "Pmriksn_26": "RUTIN", "Pnglola_26": "BPJN NUSA TENGGARA BARAT", "Satkr_ID26": "693915", "PPK_Name26": "PPK 2.2", "Traffic_26": null, "VCR_26": "0.5345", "AADT_26": "6456.7", "Tipe_Jb_26": null, "Lat_26": -8.42082023621, "Long_26": 117.110496521, "Tgl_Ins_26": "5\/19\/2024", "Ket_26": null }, "geometry": { "type": "Point", "coordinates": [ 117.110496521, -8.42082023621 ] } },
{ "type": "Feature", "properties": { "KDRUAS_UPD": "42017", "NOJBT_UPD": "42.017.019.0", "NM_RUAS_UP": "SIMPANG NEGARA - BTS. KOTA SUMBAWA BESAR", "NM_JBT_UPD": "KOKAR LEPO", "PROVINSI": "NUSA TENGGARA BARAT", "No_Prov_26": "42", "ID_Jbt_26": "4200144", "Kd_Ruas_26": "42017", "Suffix_26": null, "Nm_Ruas_26": "SIMPANG NEGARA - BTS. KOTA SUMBAWA BESAR", "Lintas_26": "JALAN LINTAS PULAU SUMBAWA", "No_Jbt_26": "42.017.019.0", "Nm_Jbt_26": "KOKAR LEPO", "Status_26": "N", "Fungsi_26": "A", "Lks_Dr_26": "SBW", "Lks_km_26": 538.0, "F_STA_26": "4620", "Cadin_26": "SBW", "Pjg_Jbt_26": 10.0, "Btg_Pjg_26": 9.5, "Jml_Btg_26": "1", "Lb_Jl_Ms26": 6.14, "Lb_Jl_Kl26": 6.14, "Lb_Lalin26": 6.26, "Lb_Bh_Ki26": 0.33, "Lb_Bh_Ka26": 0.39, "Lb_Dr_Ki26": 0.21, "Lb_Dr_Ka26": 0.21, "Lb_Tr_Ki26": 0.82, "Lb_Tr_Ka26": 0.84, "Lb_TS_Ki26": 0.3, "Lb_TS_Ka26": 0.27, "Lb_Med_26": 0.0, "Lbr_Jbt_26": 9.63, "Bgn_Ats_26": "GTP", "Jns_Jbt_26": "STANDAR", "Thn_Bgn_26": "2011", "BA_26": "1", "LNT_26": "0", "BB_26": "0", "DAS_26": "1", "OP_26": "1", "UT_26": "0", "GR_26": "0", "LB_26": "0", "JBT_26": "1", "Tp_Lnts_26": "SUNGAI", "Dt_Lnts_26": "SUNGAI LURUS (STRAIGHT)", "Pnangnn_26": "RUTIN", "Pmriksn_26": "RUTIN", "Pnglola_26": "BPJN NUSA TENGGARA BARAT", "Satkr_ID26": "693915", "PPK_Name26": "PPK 2.2", "Traffic_26": null, "VCR_26": "0.5345", "AADT_26": "6456.7", "Tipe_Jb_26": null, "Lat_26": -8.4337396621699998, "Long_26": 117.08289337200002, "Tgl_Ins_26": "5\/20\/2024", "Ket_26": null }, "geometry": { "type": "Point", "coordinates": [ 117.082893372, -8.43373966217 ] } },
{ "type": "Feature", "properties": { "KDRUAS_UPD": "42017", "NOJBT_UPD": "42.017.020.0", "NM_RUAS_UP": "SIMPANG NEGARA - BTS. KOTA SUMBAWA BESAR", "NM_JBT_UPD": "KOKAR PENYEGAR", "PROVINSI": "NUSA TENGGARA BARAT", "No_Prov_26": "42", "ID_Jbt_26": "4200145", "Kd_Ruas_26": "42017", "Suffix_26": null, "Nm_Ruas_26": "SIMPANG NEGARA - BTS. KOTA SUMBAWA BESAR", "Lintas_26": "JALAN LINTAS PULAU SUMBAWA", "No_Jbt_26": "42.017.020.0", "Nm_Jbt_26": "KOKAR PENYEGAR", "Status_26": "N", "Fungsi_26": "A", "Lks_Dr_26": "SBW", "Lks_km_26": 522.0, "F_STA_26": "4770", "Cadin_26": "SBW", "Pjg_Jbt_26": 15.0, "Btg_Pjg_26": 14.65, "Jml_Btg_26": "1", "Lb_Jl_Ms26": 6.08, "Lb_Jl_Kl26": 6.08, "Lb_Lalin26": 6.2, "Lb_Bh_Ki26": 0.4, "Lb_Bh_Ka26": 0.51, "Lb_Dr_Ki26": 0.0, "Lb_Dr_Ka26": 0.18, "Lb_Tr_Ki26": 1.02, "Lb_Tr_Ka26": 1.0, "Lb_TS_Ki26": 0.25, "Lb_TS_Ka26": 0.28, "Lb_Med_26": 0.0, "Lbr_Jbt_26": 9.84, "Bgn_Ats_26": "VPP", "Jns_Jbt_26": "STANDAR", "Thn_Bgn_26": "2017", "BA_26": "2", "LNT_26": "0", "BB_26": "2", "DAS_26": "1", "OP_26": "1", "UT_26": "0", "GR_26": "0", "LB_26": "0", "JBT_26": "2", "Tp_Lnts_26": "SUNGAI", "Dt_Lnts_26": "SUNGAI LURUS (STRAIGHT)", "Pnangnn_26": "RUTIN", "Pmriksn_26": "RUTIN", "Pnglola_26": "BPJN NUSA TENGGARA BARAT", "Satkr_ID26": "693915", "PPK_Name26": "PPK 2.2", "Traffic_26": null, "VCR_26": "0.5345", "AADT_26": "6456.7", "Tipe_Jb_26": null, "Lat_26": -8.4411001205399998, "Long_26": 117.071800232, "Tgl_Ins_26": "5\/20\/2024", "Ket_26": null }, "geometry": { "type": "Point", "coordinates": [ 117.071800232, -8.44110012054 ] } },
{ "type": "Feature", "properties": { "KDRUAS_UPD": "42017", "NOJBT_UPD": "42.017.021.0", "NM_RUAS_UP": "SIMPANG NEGARA - BTS. KOTA SUMBAWA BESAR", "NM_JBT_UPD": "BRANG BERU", "PROVINSI": "NUSA TENGGARA BARAT", "No_Prov_26": "42", "ID_Jbt_26": "4200146", "Kd_Ruas_26": "42017", "Suffix_26": null, "Nm_Ruas_26": "SIMPANG NEGARA - BTS. KOTA SUMBAWA BESAR", "Lintas_26": "JALAN LINTAS PULAU SUMBAWA", "No_Jbt_26": "42.017.021.0", "Nm_Jbt_26": "BRANG BERU", "Status_26": "N", "Fungsi_26": "A", "Lks_Dr_26": "SBW", "Lks_km_26": 566.0, "F_STA_26": "4890", "Cadin_26": "SBW", "Pjg_Jbt_26": 20.0, "Btg_Pjg_26": 19.7, "Jml_Btg_26": "1", "Lb_Jl_Ms26": 5.18, "Lb_Jl_Kl26": 6.9, "Lb_Lalin26": 5.3, "Lb_Bh_Ki26": 0.26, "Lb_Bh_Ka26": 0.35, "Lb_Dr_Ki26": 0.22, "Lb_Dr_Ka26": 0.3, "Lb_Tr_Ki26": 0.97, "Lb_Tr_Ka26": 1.0, "Lb_TS_Ki26": 0.0, "Lb_TS_Ka26": 0.0, "Lb_Med_26": 0.0, "Lbr_Jbt_26": 8.4, "Bgn_Ats_26": "GTP", "Jns_Jbt_26": "STANDAR", "Thn_Bgn_26": "1980", "BA_26": "2", "LNT_26": "2", "BB_26": "2", "DAS_26": "2", "OP_26": "1", "UT_26": "0", "GR_26": "0", "LB_26": "0", "JBT_26": "2", "Tp_Lnts_26": "SUNGAI", "Dt_Lnts_26": "SUNGAI LURUS (STRAIGHT)", "Pnangnn_26": "RUTIN", "Pmriksn_26": "DETAIL", "Pnglola_26": "BPJN NUSA TENGGARA BARAT", "Satkr_ID26": "693915", "PPK_Name26": "PPK 2.2", "Traffic_26": null, "VCR_26": "0.5345", "AADT_26": "6456.7", "Tipe_Jb_26": null, "Lat_26": -8.4460000991800008, "Long_26": 117.06192016599998, "Tgl_Ins_26": "6\/3\/2026", "Ket_26": null }, "geometry": { "type": "Point", "coordinates": [ 117.061920166, -8.446000099180001 ] } },
{ "type": "Feature", "properties": { "KDRUAS_UPD": "42017", "NOJBT_UPD": "42.017.022.0", "NM_RUAS_UP": "SIMPANG NEGARA - BTS. KOTA SUMBAWA BESAR", "NM_JBT_UPD": "BRANG LOKA", "PROVINSI": "NUSA TENGGARA BARAT", "No_Prov_26": "42", "ID_Jbt_26": "4200147", "Kd_Ruas_26": "42017", "Suffix_26": null, "Nm_Ruas_26": "SIMPANG NEGARA - BTS. KOTA SUMBAWA BESAR", "Lintas_26": "JALAN LINTAS PULAU SUMBAWA", "No_Jbt_26": "42.017.022.0", "Nm_Jbt_26": "BRANG LOKA", "Status_26": "N", "Fungsi_26": "A", "Lks_Dr_26": "SBW", "Lks_km_26": 568.0, "F_STA_26": "4930", "Cadin_26": "SBW", "Pjg_Jbt_26": 6.8, "Btg_Pjg_26": 6.6, "Jml_Btg_26": "1", "Lb_Jl_Ms26": 6.04, "Lb_Jl_Kl26": 6.04, "Lb_Lalin26": 6.16, "Lb_Bh_Ki26": 0.42, "Lb_Bh_Ka26": 0.42, "Lb_Dr_Ki26": 0.2, "Lb_Dr_Ka26": 0.18, "Lb_Tr_Ki26": 1.19, "Lb_Tr_Ka26": 1.23, "Lb_TS_Ki26": 0.0, "Lb_TS_Ka26": 0.0, "Lb_Med_26": 0.0, "Lbr_Jbt_26": 9.8, "Bgn_Ats_26": "GTP", "Jns_Jbt_26": "STANDAR", "Thn_Bgn_26": "1992", "BA_26": "2", "LNT_26": "1", "BB_26": "0", "DAS_26": "3", "OP_26": "2", "UT_26": "0", "GR_26": "0", "LB_26": "0", "JBT_26": "3", "Tp_Lnts_26": "SUNGAI", "Dt_Lnts_26": "SUNGAI LURUS (STRAIGHT)", "Pnangnn_26": "BERKALA", "Pmriksn_26": "DETAIL", "Pnglola_26": "BPJN NUSA TENGGARA BARAT", "Satkr_ID26": "693915", "PPK_Name26": "PPK 2.2", "Traffic_26": null, "VCR_26": "0.5345", "AADT_26": "6456.7", "Tipe_Jb_26": null, "Lat_26": -8.4474000930800006, "Long_26": 117.059082031, "Tgl_Ins_26": "6\/3\/2026", "Ket_26": null }, "geometry": { "type": "Point", "coordinates": [ 117.059082031, -8.447400093080001 ] } },
{ "type": "Feature", "properties": { "KDRUAS_UPD": "42017", "NOJBT_UPD": "42.017.023.0", "NM_RUAS_UP": "SIMPANG NEGARA - BTS. KOTA SUMBAWA BESAR", "NM_JBT_UPD": "PROPOK", "PROVINSI": "NUSA TENGGARA BARAT", "No_Prov_26": "42", "ID_Jbt_26": "4200148", "Kd_Ruas_26": "42017", "Suffix_26": null, "Nm_Ruas_26": "SIMPANG NEGARA - BTS. KOTA SUMBAWA BESAR", "Lintas_26": "JALAN LINTAS PULAU SUMBAWA", "No_Jbt_26": "42.017.023.0", "Nm_Jbt_26": "PROPOK", "Status_26": "N", "Fungsi_26": "A", "Lks_Dr_26": "SBW", "Lks_km_26": 585.0, "F_STA_26": "5090", "Cadin_26": "SBW", "Pjg_Jbt_26": 20.7, "Btg_Pjg_26": 20.4, "Jml_Btg_26": "1", "Lb_Jl_Ms26": 6.18, "Lb_Jl_Kl26": 6.18, "Lb_Lalin26": 6.3, "Lb_Bh_Ki26": 0.35, "Lb_Bh_Ka26": 0.31, "Lb_Dr_Ki26": 0.2, "Lb_Dr_Ka26": 0.23, "Lb_Tr_Ki26": 0.58, "Lb_Tr_Ka26": 0.58, "Lb_TS_Ki26": 0.0, "Lb_TS_Ka26": 0.0, "Lb_Med_26": 0.0, "Lbr_Jbt_26": 8.55, "Bgn_Ats_26": "GTP", "Jns_Jbt_26": "STANDAR", "Thn_Bgn_26": "1980", "BA_26": "2", "LNT_26": "2", "BB_26": "2", "DAS_26": "1", "OP_26": "1", "UT_26": "0", "GR_26": "0", "LB_26": "0", "JBT_26": "2", "Tp_Lnts_26": "SUNGAI", "Dt_Lnts_26": "SUNGAI LURUS (STRAIGHT)", "Pnangnn_26": "RUTIN", "Pmriksn_26": "RUTIN", "Pnglola_26": "BPJN NUSA TENGGARA BARAT", "Satkr_ID26": "693915", "PPK_Name26": "PPK 2.2", "Traffic_26": null, "VCR_26": "0.5345", "AADT_26": "6456.7", "Tipe_Jb_26": null, "Lat_26": -8.4556503295900001, "Long_26": 117.04734802199998, "Tgl_Ins_26": "5\/20\/2024", "Ket_26": null }, "geometry": { "type": "Point", "coordinates": [ 117.047348022, -8.45565032959 ] } },
{ "type": "Feature", "properties": { "KDRUAS_UPD": "42017", "NOJBT_UPD": "42.017.024.0", "NM_RUAS_UP": "SIMPANG NEGARA - BTS. KOTA SUMBAWA BESAR", "NM_JBT_UPD": "PERENANG", "PROVINSI": "NUSA TENGGARA BARAT", "No_Prov_26": "42", "ID_Jbt_26": "4200149", "Kd_Ruas_26": "42017", "Suffix_26": null, "Nm_Ruas_26": "SIMPANG NEGARA - BTS. KOTA SUMBAWA BESAR", "Lintas_26": "JALAN LINTAS PULAU SUMBAWA", "No_Jbt_26": "42.017.024.0", "Nm_Jbt_26": "PERENANG", "Status_26": "N", "Fungsi_26": "A", "Lks_Dr_26": "SBW", "Lks_km_26": 5975.0, "F_STA_26": "5160", "Cadin_26": "SBW", "Pjg_Jbt_26": 41.7, "Btg_Pjg_26": 40.67, "Jml_Btg_26": "1", "Lb_Jl_Ms26": 4.8, "Lb_Jl_Kl26": 4.8, "Lb_Lalin26": 4.92, "Lb_Bh_Ki26": 0.34, "Lb_Bh_Ka26": 0.27, "Lb_Dr_Ki26": 0.22, "Lb_Dr_Ka26": 0.25, "Lb_Tr_Ki26": 0.51, "Lb_Tr_Ka26": 0.5, "Lb_TS_Ki26": 0.0, "Lb_TS_Ka26": 0.0, "Lb_Med_26": 0.0, "Lbr_Jbt_26": 7.01, "Bgn_Ats_26": "RBP", "Jns_Jbt_26": "STANDAR", "Thn_Bgn_26": "1985", "BA_26": "2", "LNT_26": "1", "BB_26": "2", "DAS_26": "1", "OP_26": "2", "UT_26": "0", "GR_26": "0", "LB_26": "0", "JBT_26": "2", "Tp_Lnts_26": "SUNGAI", "Dt_Lnts_26": "SUNGAI BERKELOK (MEANDERING)", "Pnangnn_26": "BERKALA", "Pmriksn_26": "DETAIL", "Pnglola_26": "BPJN NUSA TENGGARA BARAT", "Satkr_ID26": "693915", "PPK_Name26": "PPK 2.2", "Traffic_26": null, "VCR_26": "0.5345", "AADT_26": "6456.7", "Tipe_Jb_26": null, "Lat_26": -8.4590997695900008, "Long_26": 117.042663574, "Tgl_Ins_26": "6\/3\/2026", "Ket_26": null }, "geometry": { "type": "Point", "coordinates": [ 117.042663574, -8.459099769590001 ] } },
{ "type": "Feature", "properties": { "KDRUAS_UPD": "42017", "NOJBT_UPD": "42.017.028.0", "NM_RUAS_UP": "SIMPANG NEGARA - BTS. KOTA SUMBAWA BESAR", "NM_JBT_UPD": "TERUSA II", "PROVINSI": "NUSA TENGGARA BARAT", "No_Prov_26": "42", "ID_Jbt_26": "4200153", "Kd_Ruas_26": "42017", "Suffix_26": null, "Nm_Ruas_26": "SIMPANG NEGARA - BTS. KOTA SUMBAWA BESAR", "Lintas_26": "JALAN LINTAS PULAU SUMBAWA", "No_Jbt_26": "42.017.028.0", "Nm_Jbt_26": "TERUSA II", "Status_26": "N", "Fungsi_26": "A", "Lks_Dr_26": "SBW", "Lks_km_26": 618.0, "F_STA_26": "5420", "Cadin_26": "SBW", "Pjg_Jbt_26": 20.0, "Btg_Pjg_26": 19.8, "Jml_Btg_26": "1", "Lb_Jl_Ms26": 6.22, "Lb_Jl_Kl26": 6.22, "Lb_Lalin26": 6.34, "Lb_Bh_Ki26": 0.37, "Lb_Bh_Ka26": 0.42, "Lb_Dr_Ki26": 0.2, "Lb_Dr_Ka26": 0.18, "Lb_Tr_Ki26": 0.93, "Lb_Tr_Ka26": 0.89, "Lb_TS_Ki26": 0.0, "Lb_TS_Ka26": 0.0, "Lb_Med_26": 0.0, "Lbr_Jbt_26": 9.33, "Bgn_Ats_26": "GTP", "Jns_Jbt_26": "STANDAR", "Thn_Bgn_26": "1991", "BA_26": "2", "LNT_26": "2", "BB_26": "0", "DAS_26": "0", "OP_26": "0", "UT_26": "0", "GR_26": "0", "LB_26": "0", "JBT_26": "2", "Tp_Lnts_26": "SUNGAI", "Dt_Lnts_26": "SUNGAI LURUS (STRAIGHT)", "Pnangnn_26": "RUTIN", "Pmriksn_26": "RUTIN", "Pnglola_26": "BPJN NUSA TENGGARA BARAT", "Satkr_ID26": "693915", "PPK_Name26": "PPK 2.2", "Traffic_26": null, "VCR_26": "0.5345", "AADT_26": "6456.7", "Tipe_Jb_26": null, "Lat_26": -8.4734897613500006, "Long_26": 117.024559021, "Tgl_Ins_26": "5\/20\/2024", "Ket_26": null }, "geometry": { "type": "Point", "coordinates": [ 117.024559021, -8.473489761350001 ] } },
{ "type": "Feature", "properties": { "KDRUAS_UPD": "42017", "NOJBT_UPD": "42.017.029.0", "NM_RUAS_UP": "SIMPANG NEGARA - BTS. KOTA SUMBAWA BESAR", "NM_JBT_UPD": "KRAMAT", "PROVINSI": "NUSA TENGGARA BARAT", "No_Prov_26": "42", "ID_Jbt_26": "4200154", "Kd_Ruas_26": "42017", "Suffix_26": null, "Nm_Ruas_26": "SIMPANG NEGARA - BTS. KOTA SUMBAWA BESAR", "Lintas_26": "JALAN LINTAS PULAU SUMBAWA", "No_Jbt_26": "42.017.029.0", "Nm_Jbt_26": "KRAMAT", "Status_26": "N", "Fungsi_26": "A", "Lks_Dr_26": "SBW", "Lks_km_26": 624.0, "F_STA_26": "5470", "Cadin_26": "SBW", "Pjg_Jbt_26": 10.0, "Btg_Pjg_26": 9.7, "Jml_Btg_26": "1", "Lb_Jl_Ms26": 5.91, "Lb_Jl_Kl26": 5.91, "Lb_Lalin26": 6.03, "Lb_Bh_Ki26": 0.39, "Lb_Bh_Ka26": 0.35, "Lb_Dr_Ki26": 0.27, "Lb_Dr_Ka26": 0.15, "Lb_Tr_Ki26": 1.0, "Lb_Tr_Ka26": 1.0, "Lb_TS_Ki26": 0.26, "Lb_TS_Ka26": 0.26, "Lb_Med_26": 0.0, "Lbr_Jbt_26": 9.71, "Bgn_Ats_26": "GTP", "Jns_Jbt_26": "STANDAR", "Thn_Bgn_26": "2013", "BA_26": "1", "LNT_26": "1", "BB_26": "1", "DAS_26": "1", "OP_26": "0", "UT_26": "0", "GR_26": "0", "LB_26": "0", "JBT_26": "1", "Tp_Lnts_26": "SUNGAI", "Dt_Lnts_26": "SUNGAI LURUS (STRAIGHT)", "Pnangnn_26": "RUTIN", "Pmriksn_26": "RUTIN", "Pnglola_26": "BPJN NUSA TENGGARA BARAT", "Satkr_ID26": "693915", "PPK_Name26": "PPK 2.2", "Traffic_26": null, "VCR_26": "0.5345", "AADT_26": "6456.7", "Tipe_Jb_26": null, "Lat_26": -8.475215, "Long_26": 117.020312, "Tgl_Ins_26": "5\/20\/2024", "Ket_26": null }, "geometry": { "type": "Point", "coordinates": [ 117.020312, -8.475215 ] } },
{ "type": "Feature", "properties": { "KDRUAS_UPD": "42017", "NOJBT_UPD": "42.017.030.0", "NM_RUAS_UP": "SIMPANG NEGARA - BTS. KOTA SUMBAWA BESAR", "NM_JBT_UPD": "KOKAR PUMPUNG", "PROVINSI": "NUSA TENGGARA BARAT", "No_Prov_26": "42", "ID_Jbt_26": "4200155", "Kd_Ruas_26": "42017", "Suffix_26": null, "Nm_Ruas_26": "SIMPANG NEGARA - BTS. KOTA SUMBAWA BESAR", "Lintas_26": "JALAN LINTAS PULAU SUMBAWA", "No_Jbt_26": "42.017.030.0", "Nm_Jbt_26": "KOKAR PUMPUNG", "Status_26": "N", "Fungsi_26": "A", "Lks_Dr_26": "SBW", "Lks_km_26": 636.0, "F_STA_26": "5590", "Cadin_26": "SBW", "Pjg_Jbt_26": 6.0, "Btg_Pjg_26": 5.8, "Jml_Btg_26": "1", "Lb_Jl_Ms26": 5.96, "Lb_Jl_Kl26": 5.96, "Lb_Lalin26": 6.08, "Lb_Bh_Ki26": 0.4, "Lb_Bh_Ka26": 0.34, "Lb_Dr_Ki26": 0.2, "Lb_Dr_Ka26": 0.2, "Lb_Tr_Ki26": 1.0, "Lb_Tr_Ka26": 1.0, "Lb_TS_Ki26": 0.26, "Lb_TS_Ka26": 0.26, "Lb_Med_26": 0.0, "Lbr_Jbt_26": 9.74, "Bgn_Ats_26": "GTP", "Jns_Jbt_26": "STANDAR", "Thn_Bgn_26": "2013", "BA_26": "2", "LNT_26": "2", "BB_26": "1", "DAS_26": "1", "OP_26": "1", "UT_26": "0", "GR_26": "0", "LB_26": "0", "JBT_26": "2", "Tp_Lnts_26": "SUNGAI", "Dt_Lnts_26": "SUNGAI LURUS (STRAIGHT)", "Pnangnn_26": "RUTIN", "Pmriksn_26": "RUTIN", "Pnglola_26": "BPJN NUSA TENGGARA BARAT", "Satkr_ID26": "693915", "PPK_Name26": "PPK 2.2", "Traffic_26": null, "VCR_26": "0.5345", "AADT_26": "6456.7", "Tipe_Jb_26": null, "Lat_26": -8.4823398590100005, "Long_26": 117.01416015600002, "Tgl_Ins_26": "5\/20\/2024", "Ket_26": null }, "geometry": { "type": "Point", "coordinates": [ 117.014160156, -8.482339859010001 ] } },
{ "type": "Feature", "properties": { "KDRUAS_UPD": "42017", "NOJBT_UPD": "42.017.031.0", "NM_RUAS_UP": "SIMPANG NEGARA - BTS. KOTA SUMBAWA BESAR", "NM_JBT_UPD": "KOKAR MATAGANA", "PROVINSI": "NUSA TENGGARA BARAT", "No_Prov_26": "42", "ID_Jbt_26": "4200156", "Kd_Ruas_26": "42017", "Suffix_26": null, "Nm_Ruas_26": "SIMPANG NEGARA - BTS. KOTA SUMBAWA BESAR", "Lintas_26": "JALAN LINTAS PULAU SUMBAWA", "No_Jbt_26": "42.017.031.0", "Nm_Jbt_26": "KOKAR MATAGANA", "Status_26": "N", "Fungsi_26": "A", "Lks_Dr_26": "SBW", "Lks_km_26": 669.0, "F_STA_26": "5920", "Cadin_26": "SBW", "Pjg_Jbt_26": 8.8, "Btg_Pjg_26": 8.5, "Jml_Btg_26": "1", "Lb_Jl_Ms26": 5.9, "Lb_Jl_Kl26": 5.9, "Lb_Lalin26": 6.02, "Lb_Bh_Ki26": 0.45, "Lb_Bh_Ka26": 0.29, "Lb_Dr_Ki26": 0.2, "Lb_Dr_Ka26": 0.31, "Lb_Tr_Ki26": 1.32, "Lb_Tr_Ka26": 1.29, "Lb_TS_Ki26": 0.0, "Lb_TS_Ka26": 0.0, "Lb_Med_26": 0.0, "Lbr_Jbt_26": 9.88, "Bgn_Ats_26": "GTP", "Jns_Jbt_26": "STANDAR", "Thn_Bgn_26": "1991", "BA_26": "2", "LNT_26": "1", "BB_26": "2", "DAS_26": "1", "OP_26": "1", "UT_26": "0", "GR_26": "1", "LB_26": "0", "JBT_26": "2", "Tp_Lnts_26": "SUNGAI", "Dt_Lnts_26": "SUNGAI LURUS (STRAIGHT)", "Pnangnn_26": "RUTIN", "Pmriksn_26": "RUTIN", "Pnglola_26": "BPJN NUSA TENGGARA BARAT", "Satkr_ID26": "693915", "PPK_Name26": "PPK 2.2", "Traffic_26": null, "VCR_26": "0.5345", "AADT_26": "6456.7", "Tipe_Jb_26": null, "Lat_26": -8.5045099258400008, "Long_26": 117.008377075, "Tgl_Ins_26": "5\/21\/2024", "Ket_26": null }, "geometry": { "type": "Point", "coordinates": [ 117.008377075, -8.504509925840001 ] } },
{ "type": "Feature", "properties": { "KDRUAS_UPD": "42017", "NOJBT_UPD": "42.017.032.0", "NM_RUAS_UP": "SIMPANG NEGARA - BTS. KOTA SUMBAWA BESAR", "NM_JBT_UPD": "BRANG PASAR", "PROVINSI": "NUSA TENGGARA BARAT", "No_Prov_26": "42", "ID_Jbt_26": "4200157", "Kd_Ruas_26": "42017", "Suffix_26": null, "Nm_Ruas_26": "SIMPANG NEGARA - BTS. KOTA SUMBAWA BESAR", "Lintas_26": "JALAN LINTAS PULAU SUMBAWA", "No_Jbt_26": "42.017.032.0", "Nm_Jbt_26": "BRANG PASAR", "Status_26": "N", "Fungsi_26": "A", "Lks_Dr_26": "SBW", "Lks_km_26": 6725.0, "F_STA_26": "5960", "Cadin_26": "SBW", "Pjg_Jbt_26": 12.8, "Btg_Pjg_26": 11.4, "Jml_Btg_26": "1", "Lb_Jl_Ms26": 5.44, "Lb_Jl_Kl26": 5.44, "Lb_Lalin26": 5.56, "Lb_Bh_Ki26": 0.33, "Lb_Bh_Ka26": 0.265, "Lb_Dr_Ki26": 0.0, "Lb_Dr_Ka26": 0.2, "Lb_Tr_Ki26": 0.37, "Lb_Tr_Ka26": 0.33, "Lb_TS_Ki26": 0.0, "Lb_TS_Ka26": 0.0, "Lb_Med_26": 0.0, "Lbr_Jbt_26": 7.055, "Bgn_Ats_26": "GTP", "Jns_Jbt_26": "STANDAR", "Thn_Bgn_26": "1991", "BA_26": "2", "LNT_26": "2", "BB_26": "2", "DAS_26": "0", "OP_26": "0", "UT_26": "0", "GR_26": "0", "LB_26": "0", "JBT_26": "2", "Tp_Lnts_26": "SUNGAI", "Dt_Lnts_26": "SUNGAI LURUS (STRAIGHT)", "Pnangnn_26": "RUTIN", "Pmriksn_26": "RUTIN", "Pnglola_26": "BPJN NUSA TENGGARA BARAT", "Satkr_ID26": "693915", "PPK_Name26": "PPK 2.2", "Traffic_26": null, "VCR_26": "0.5345", "AADT_26": "6456.7", "Tipe_Jb_26": null, "Lat_26": -8.5059299469000003, "Long_26": 117.004867554, "Tgl_Ins_26": "5\/21\/2024", "Ket_26": null }, "geometry": { "type": "Point", "coordinates": [ 117.004867554, -8.5059299469 ] } },
{ "type": "Feature", "properties": { "KDRUAS_UPD": "42017", "NOJBT_UPD": "42.017.033.0", "NM_RUAS_UP": "SIMPANG NEGARA - BTS. KOTA SUMBAWA BESAR", "NM_JBT_UPD": "BRANG REA", "PROVINSI": "NUSA TENGGARA BARAT", "No_Prov_26": "42", "ID_Jbt_26": "4200158", "Kd_Ruas_26": "42017", "Suffix_26": null, "Nm_Ruas_26": "SIMPANG NEGARA - BTS. KOTA SUMBAWA BESAR", "Lintas_26": "JALAN LINTAS PULAU SUMBAWA", "No_Jbt_26": "42.017.033.0", "Nm_Jbt_26": "BRANG REA", "Status_26": "N", "Fungsi_26": "A", "Lks_Dr_26": "SBW", "Lks_km_26": 695.0, "F_STA_26": "6190", "Cadin_26": "SBW", "Pjg_Jbt_26": 19.0, "Btg_Pjg_26": 18.5, "Jml_Btg_26": "1", "Lb_Jl_Ms26": 6.69, "Lb_Jl_Kl26": 6.69, "Lb_Lalin26": 6.81, "Lb_Bh_Ki26": 0.3, "Lb_Bh_Ka26": 0.41, "Lb_Dr_Ki26": 0.25, "Lb_Dr_Ka26": 0.2, "Lb_Tr_Ki26": 1.34, "Lb_Tr_Ka26": 1.32, "Lb_TS_Ki26": 0.0, "Lb_TS_Ka26": 0.0, "Lb_Med_26": 0.0, "Lbr_Jbt_26": 10.63, "Bgn_Ats_26": "GTP", "Jns_Jbt_26": "STANDAR", "Thn_Bgn_26": "1981", "BA_26": "2", "LNT_26": "2", "BB_26": "1", "DAS_26": "1", "OP_26": "2", "UT_26": "0", "GR_26": "0", "LB_26": "0", "JBT_26": "2", "Tp_Lnts_26": "SUNGAI", "Dt_Lnts_26": "SUNGAI LURUS (STRAIGHT)", "Pnangnn_26": "RUTIN", "Pmriksn_26": "RUTIN", "Pnglola_26": "BPJN NUSA TENGGARA BARAT", "Satkr_ID26": "693915", "PPK_Name26": "PPK 2.2", "Traffic_26": null, "VCR_26": "0.5345", "AADT_26": "6456.7", "Tipe_Jb_26": null, "Lat_26": -8.5186300277699996, "Long_26": 116.99508667000001, "Tgl_Ins_26": "5\/21\/2024", "Ket_26": null }, "geometry": { "type": "Point", "coordinates": [ 116.99508667, -8.51863002777 ] } },
{ "type": "Feature", "properties": { "KDRUAS_UPD": "42017", "NOJBT_UPD": "42.017.034.0", "NM_RUAS_UP": "SIMPANG NEGARA - BTS. KOTA SUMBAWA BESAR", "NM_JBT_UPD": "BRANG ODE", "PROVINSI": "NUSA TENGGARA BARAT", "No_Prov_26": "42", "ID_Jbt_26": "4200159", "Kd_Ruas_26": "42017", "Suffix_26": null, "Nm_Ruas_26": "SIMPANG NEGARA - BTS. KOTA SUMBAWA BESAR", "Lintas_26": "JALAN LINTAS PULAU SUMBAWA", "No_Jbt_26": "42.017.034.0", "Nm_Jbt_26": "BRANG ODE", "Status_26": "N", "Fungsi_26": "A", "Lks_Dr_26": "SBW", "Lks_km_26": 702.0, "F_STA_26": "6270", "Cadin_26": "SBW", "Pjg_Jbt_26": 50.0, "Btg_Pjg_26": 49.7, "Jml_Btg_26": "1", "Lb_Jl_Ms26": 4.99, "Lb_Jl_Kl26": 4.99, "Lb_Lalin26": 5.11, "Lb_Bh_Ki26": 0.4, "Lb_Bh_Ka26": 0.29, "Lb_Dr_Ki26": 0.1, "Lb_Dr_Ka26": 0.1, "Lb_Tr_Ki26": 0.45, "Lb_Tr_Ka26": 0.48, "Lb_TS_Ki26": 0.0, "Lb_TS_Ka26": 0.0, "Lb_Med_26": 0.0, "Lbr_Jbt_26": 6.93, "Bgn_Ats_26": "RBP", "Jns_Jbt_26": "STANDAR", "Thn_Bgn_26": "1989", "BA_26": "2", "LNT_26": "2", "BB_26": "1", "DAS_26": "1", "OP_26": "0", "UT_26": "0", "GR_26": "0", "LB_26": "0", "JBT_26": "2", "Tp_Lnts_26": "SUNGAI", "Dt_Lnts_26": "SUNGAI LURUS (STRAIGHT)", "Pnangnn_26": "RUTIN", "Pmriksn_26": "RUTIN", "Pnglola_26": "BPJN NUSA TENGGARA BARAT", "Satkr_ID26": "693915", "PPK_Name26": "PPK 2.2", "Traffic_26": null, "VCR_26": "0.5345", "AADT_26": "6456.7", "Tipe_Jb_26": null, "Lat_26": -8.5197200775099997, "Long_26": 116.99044799799998, "Tgl_Ins_26": "5\/21\/2024", "Ket_26": null }, "geometry": { "type": "Point", "coordinates": [ 116.990447998, -8.51972007751 ] } },
{ "type": "Feature", "properties": { "KDRUAS_UPD": "42017", "NOJBT_UPD": "42.017.035.0", "NM_RUAS_UP": "SIMPANG NEGARA - BTS. KOTA SUMBAWA BESAR", "NM_JBT_UPD": "GONTAR", "PROVINSI": "NUSA TENGGARA BARAT", "No_Prov_26": "42", "ID_Jbt_26": "4200160", "Kd_Ruas_26": "42017", "Suffix_26": null, "Nm_Ruas_26": "SIMPANG NEGARA - BTS. KOTA SUMBAWA BESAR", "Lintas_26": "JALAN LINTAS PULAU SUMBAWA", "No_Jbt_26": "42.017.035.0", "Nm_Jbt_26": "GONTAR", "Status_26": "N", "Fungsi_26": "A", "Lks_Dr_26": "SBW", "Lks_km_26": 724.0, "F_STA_26": "6480", "Cadin_26": "SBW", "Pjg_Jbt_26": 6.8, "Btg_Pjg_26": 6.5, "Jml_Btg_26": "1", "Lb_Jl_Ms26": 5.34, "Lb_Jl_Kl26": 5.34, "Lb_Lalin26": 5.46, "Lb_Bh_Ki26": 0.45, "Lb_Bh_Ka26": 0.38, "Lb_Dr_Ki26": 0.48, "Lb_Dr_Ka26": 0.5, "Lb_Tr_Ki26": 1.26, "Lb_Tr_Ka26": 1.26, "Lb_TS_Ki26": 0.0, "Lb_TS_Ka26": 0.0, "Lb_Med_26": 0.0, "Lbr_Jbt_26": 9.79, "Bgn_Ats_26": "GTP", "Jns_Jbt_26": "STANDAR", "Thn_Bgn_26": "1991", "BA_26": "2", "LNT_26": "2", "BB_26": "2", "DAS_26": "0", "OP_26": "1", "UT_26": "0", "GR_26": "0", "LB_26": "0", "JBT_26": "2", "Tp_Lnts_26": "SUNGAI", "Dt_Lnts_26": "SUNGAI LURUS (STRAIGHT)", "Pnangnn_26": "RUTIN", "Pmriksn_26": "RUTIN", "Pnglola_26": "BPJN NUSA TENGGARA BARAT", "Satkr_ID26": "693915", "PPK_Name26": "PPK 2.2", "Traffic_26": null, "VCR_26": "0.5345", "AADT_26": "6456.7", "Tipe_Jb_26": null, "Lat_26": -8.5138902664200007, "Long_26": 116.97460174599999, "Tgl_Ins_26": "6\/27\/2025", "Ket_26": null }, "geometry": { "type": "Point", "coordinates": [ 116.974601746, -8.513890266420001 ] } },
{ "type": "Feature", "properties": { "KDRUAS_UPD": "42017", "NOJBT_UPD": "42.017.036.0", "NM_RUAS_UP": "SIMPANG NEGARA - BTS. KOTA SUMBAWA BESAR", "NM_JBT_UPD": "BRANG LEKONG", "PROVINSI": "NUSA TENGGARA BARAT", "No_Prov_26": "42", "ID_Jbt_26": "4200161", "Kd_Ruas_26": "42017", "Suffix_26": null, "Nm_Ruas_26": "SIMPANG NEGARA - BTS. KOTA SUMBAWA BESAR", "Lintas_26": "JALAN LINTAS PULAU SUMBAWA", "No_Jbt_26": "42.017.036.0", "Nm_Jbt_26": "BRANG LEKONG", "Status_26": "N", "Fungsi_26": "A", "Lks_Dr_26": "SBW", "Lks_km_26": 756.0, "F_STA_26": "6800", "Cadin_26": "SBW", "Pjg_Jbt_26": 20.0, "Btg_Pjg_26": 19.7, "Jml_Btg_26": "1", "Lb_Jl_Ms26": 5.06, "Lb_Jl_Kl26": 5.06, "Lb_Lalin26": 5.18, "Lb_Bh_Ki26": 0.12, "Lb_Bh_Ka26": 0.2, "Lb_Dr_Ki26": 0.3, "Lb_Dr_Ka26": 0.3, "Lb_Tr_Ki26": 0.5, "Lb_Tr_Ka26": 0.5, "Lb_TS_Ki26": 0.0, "Lb_TS_Ka26": 0.0, "Lb_Med_26": 0.0, "Lbr_Jbt_26": 7.1, "Bgn_Ats_26": "GBP", "Jns_Jbt_26": "STANDAR", "Thn_Bgn_26": "1991", "BA_26": "2", "LNT_26": "2", "BB_26": "2", "DAS_26": "2", "OP_26": "2", "UT_26": "0", "GR_26": "0", "LB_26": "0", "JBT_26": "2", "Tp_Lnts_26": "SUNGAI", "Dt_Lnts_26": "SUNGAI BERKELOK (MEANDERING)", "Pnangnn_26": "RUTIN", "Pmriksn_26": "RUTIN", "Pnglola_26": "BPJN NUSA TENGGARA BARAT", "Satkr_ID26": "693915", "PPK_Name26": "PPK 2.2", "Traffic_26": null, "VCR_26": "0.5345", "AADT_26": "6456.7", "Tipe_Jb_26": null, "Lat_26": -8.5213003158599996, "Long_26": 116.94821929899999, "Tgl_Ins_26": "6\/27\/2025", "Ket_26": null }, "geometry": { "type": "Point", "coordinates": [ 116.948219299, -8.52130031586 ] } },
{ "type": "Feature", "properties": { "KDRUAS_UPD": "42017", "NOJBT_UPD": "42.017.037.0", "NM_RUAS_UP": "SIMPANG NEGARA - BTS. KOTA SUMBAWA BESAR", "NM_JBT_UPD": "BRANG MAPIN", "PROVINSI": "NUSA TENGGARA BARAT", "No_Prov_26": "42", "ID_Jbt_26": "4200162", "Kd_Ruas_26": "42017", "Suffix_26": null, "Nm_Ruas_26": "SIMPANG NEGARA - BTS. KOTA SUMBAWA BESAR", "Lintas_26": "JALAN LINTAS PULAU SUMBAWA", "No_Jbt_26": "42.017.037.0", "Nm_Jbt_26": "BRANG MAPIN", "Status_26": "N", "Fungsi_26": "A", "Lks_Dr_26": "SBW", "Lks_km_26": 768.0, "F_STA_26": "6920", "Cadin_26": "SBW", "Pjg_Jbt_26": 30.3, "Btg_Pjg_26": 30.0, "Jml_Btg_26": "1", "Lb_Jl_Ms26": 6.25, "Lb_Jl_Kl26": 6.25, "Lb_Lalin26": 6.37, "Lb_Bh_Ki26": 0.38, "Lb_Bh_Ka26": 0.29, "Lb_Dr_Ki26": 0.15, "Lb_Dr_Ka26": 0.15, "Lb_Tr_Ki26": 0.85, "Lb_Tr_Ka26": 0.85, "Lb_TS_Ki26": 0.28, "Lb_TS_Ka26": 0.26, "Lb_Med_26": 0.0, "Lbr_Jbt_26": 9.58, "Bgn_Ats_26": "GBP", "Jns_Jbt_26": "STANDAR", "Thn_Bgn_26": "2012", "BA_26": "2", "LNT_26": "2", "BB_26": "2", "DAS_26": "1", "OP_26": "1", "UT_26": "0", "GR_26": "0", "LB_26": "0", "JBT_26": "2", "Tp_Lnts_26": "SUNGAI", "Dt_Lnts_26": "SUNGAI LURUS (STRAIGHT)", "Pnangnn_26": "RUTIN", "Pmriksn_26": "RUTIN", "Pnglola_26": "BPJN NUSA TENGGARA BARAT", "Satkr_ID26": "693915", "PPK_Name26": "PPK 2.2", "Traffic_26": null, "VCR_26": "0.5345", "AADT_26": "6456.7", "Tipe_Jb_26": null, "Lat_26": -8.5219898223899992, "Long_26": 116.937408447, "Tgl_Ins_26": "5\/22\/2024", "Ket_26": null }, "geometry": { "type": "Point", "coordinates": [ 116.937408447, -8.521989822389999 ] } },
{ "type": "Feature", "properties": { "KDRUAS_UPD": "42017", "NOJBT_UPD": "42.017.038.0", "NM_RUAS_UP": "SIMPANG NEGARA - BTS. KOTA SUMBAWA BESAR", "NM_JBT_UPD": "KETUJIR", "PROVINSI": "NUSA TENGGARA BARAT", "No_Prov_26": "42", "ID_Jbt_26": "4200163", "Kd_Ruas_26": "42017", "Suffix_26": null, "Nm_Ruas_26": "SIMPANG NEGARA - BTS. KOTA SUMBAWA BESAR", "Lintas_26": "JALAN LINTAS PULAU SUMBAWA", "No_Jbt_26": "42.017.038.0", "Nm_Jbt_26": "KETUJIR", "Status_26": "N", "Fungsi_26": "A", "Lks_Dr_26": "SBW", "Lks_km_26": 805.0, "F_STA_26": "7280", "Cadin_26": "SBW", "Pjg_Jbt_26": 7.0, "Btg_Pjg_26": 6.45, "Jml_Btg_26": "1", "Lb_Jl_Ms26": 7.8, "Lb_Jl_Kl26": 7.8, "Lb_Lalin26": 7.92, "Lb_Bh_Ki26": 0.7, "Lb_Bh_Ka26": 0.4, "Lb_Dr_Ki26": 0.15, "Lb_Dr_Ka26": 0.15, "Lb_Tr_Ki26": 1.0, "Lb_Tr_Ka26": 1.0, "Lb_TS_Ki26": 0.26, "Lb_TS_Ka26": 0.26, "Lb_Med_26": 0.0, "Lbr_Jbt_26": 11.84, "Bgn_Ats_26": "GTP", "Jns_Jbt_26": "STANDAR", "Thn_Bgn_26": "2004", "BA_26": "2", "LNT_26": "2", "BB_26": "2", "DAS_26": "1", "OP_26": "1", "UT_26": "0", "GR_26": "0", "LB_26": "0", "JBT_26": "2", "Tp_Lnts_26": "SUNGAI", "Dt_Lnts_26": "SUNGAI LURUS (STRAIGHT)", "Pnangnn_26": "RUTIN", "Pmriksn_26": "RUTIN", "Pnglola_26": "BPJN NUSA TENGGARA BARAT", "Satkr_ID26": "693915", "PPK_Name26": "PPK 2.2", "Traffic_26": null, "VCR_26": "0.5345", "AADT_26": "6456.7", "Tipe_Jb_26": null, "Lat_26": -8.5312595367400004, "Long_26": 116.90644836399998, "Tgl_Ins_26": "5\/22\/2024", "Ket_26": null }, "geometry": { "type": "Point", "coordinates": [ 116.906448364, -8.53125953674 ] } },
{ "type": "Feature", "properties": { "KDRUAS_UPD": "4201711", "NOJBT_UPD": "42.017.001.A.11", "NM_RUAS_UP": "JLN. GARUDA (SUMBAWA BESAR)", "NM_JBT_UPD": "PELEMPIT A", "PROVINSI": "NUSA TENGGARA BARAT", "No_Prov_26": "42", "ID_Jbt_26": "4200165", "Kd_Ruas_26": "4201711", "Suffix_26": "11", "Nm_Ruas_26": "JLN. GARUDA 1 (SUMBAWA BESAR)", "Lintas_26": "JALAN LINTAS PULAU SUMBAWA", "No_Jbt_26": "42.017.001.A.11", "Nm_Jbt_26": "PELEMPIT A", "Status_26": "N", "Fungsi_26": "K1", "Lks_Dr_26": "SBW", "Lks_km_26": 16.0, "F_STA_26": "0", "Cadin_26": "SBW", "Pjg_Jbt_26": 66.3, "Btg_Pjg_26": 32.53, "Jml_Btg_26": "2", "Lb_Jl_Ms26": 5.86, "Lb_Jl_Kl26": 5.86, "Lb_Lalin26": 5.98, "Lb_Bh_Ki26": 0.26, "Lb_Bh_Ka26": 0.32, "Lb_Dr_Ki26": 0.17, "Lb_Dr_Ka26": 0.15, "Lb_Tr_Ki26": 0.95, "Lb_Tr_Ka26": 0.98, "Lb_TS_Ki26": 0.0, "Lb_TS_Ka26": 0.0, "Lb_Med_26": 0.0, "Lbr_Jbt_26": 8.81, "Bgn_Ats_26": "RBU", "Jns_Jbt_26": "STANDAR", "Thn_Bgn_26": "1978", "BA_26": "2", "LNT_26": "2", "BB_26": "2", "DAS_26": "0", "OP_26": "2", "UT_26": "0", "GR_26": "0", "LB_26": "0", "JBT_26": "2", "Tp_Lnts_26": "SUNGAI", "Dt_Lnts_26": "SUNGAI LURUS (STRAIGHT)", "Pnangnn_26": "RUTIN", "Pmriksn_26": "DETAIL", "Pnglola_26": "BPJN NUSA TENGGARA BARAT", "Satkr_ID26": "693915", "PPK_Name26": "PPK 2.2", "Traffic_26": null, "VCR_26": "0.2392", "AADT_26": "26158.2", "Tipe_Jb_26": null, "Lat_26": -8.4889402389500006, "Long_26": 117.416908264, "Tgl_Ins_26": "4\/30\/2026", "Ket_26": null }, "geometry": { "type": "Point", "coordinates": [ 117.416908263999986, -8.488940238950155 ] } },
{ "type": "Feature", "properties": { "KDRUAS_UPD": "4201711", "NOJBT_UPD": "42.017.003.A.11", "NM_RUAS_UP": "JLN. GARUDA (SUMBAWA BESAR)", "NM_JBT_UPD": "BRANG PEMULUNG A", "PROVINSI": "NUSA TENGGARA BARAT", "No_Prov_26": "42", "ID_Jbt_26": "4200167", "Kd_Ruas_26": "4201711", "Suffix_26": "11", "Nm_Ruas_26": "JLN. GARUDA 1 (SUMBAWA BESAR)", "Lintas_26": "JALAN LINTAS PULAU SUMBAWA", "No_Jbt_26": "42.017.003.A.11", "Nm_Jbt_26": "BRANG PEMULUNG A", "Status_26": "N", "Fungsi_26": "K1", "Lks_Dr_26": "SBW", "Lks_km_26": 56.0, "F_STA_26": "0", "Cadin_26": "SBW", "Pjg_Jbt_26": 25.0, "Btg_Pjg_26": 24.7, "Jml_Btg_26": "1", "Lb_Jl_Ms26": 4.94, "Lb_Jl_Kl26": 4.94, "Lb_Lalin26": 5.06, "Lb_Bh_Ki26": 0.49, "Lb_Bh_Ka26": 0.35, "Lb_Dr_Ki26": 0.15, "Lb_Dr_Ka26": 0.12, "Lb_Tr_Ki26": 0.65, "Lb_Tr_Ka26": 0.66, "Lb_TS_Ki26": 0.0, "Lb_TS_Ka26": 0.0, "Lb_Med_26": 0.0, "Lbr_Jbt_26": 7.48, "Bgn_Ats_26": "GBP", "Jns_Jbt_26": "STANDAR", "Thn_Bgn_26": "1998", "BA_26": "1", "LNT_26": "1", "BB_26": "2", "DAS_26": "0", "OP_26": "1", "UT_26": "0", "GR_26": "0", "LB_26": "0", "JBT_26": "2", "Tp_Lnts_26": "SUNGAI", "Dt_Lnts_26": "SUNGAI LURUS (STRAIGHT)", "Pnangnn_26": "RUTIN", "Pmriksn_26": "RUTIN", "Pnglola_26": "BPJN NUSA TENGGARA BARAT", "Satkr_ID26": "693915", "PPK_Name26": "PPK 2.2", "Traffic_26": null, "VCR_26": "0.2392", "AADT_26": "26158.2", "Tipe_Jb_26": null, "Lat_26": -8.47468, "Long_26": 117.39214, "Tgl_Ins_26": "5\/22\/2024", "Ket_26": null }, "geometry": { "type": "Point", "coordinates": [ 117.39214, -8.474679999999768 ] } },
{ "type": "Feature", "properties": { "KDRUAS_UPD": "4201711", "NOJBT_UPD": "42.017.003.B.11", "NM_RUAS_UP": "JLN. GARUDA (SUMBAWA BESAR)", "NM_JBT_UPD": "BRANG PEMULUNG B", "PROVINSI": "NUSA TENGGARA BARAT", "No_Prov_26": "42", "ID_Jbt_26": "4200168", "Kd_Ruas_26": "4201711", "Suffix_26": "11", "Nm_Ruas_26": "JLN. GARUDA 1 (SUMBAWA BESAR)", "Lintas_26": "JALAN LINTAS PULAU SUMBAWA", "No_Jbt_26": "42.017.003.B.11", "Nm_Jbt_26": "BRANG PEMULUNG B", "Status_26": "N", "Fungsi_26": "K1", "Lks_Dr_26": "SBW", "Lks_km_26": 56.0, "F_STA_26": "0", "Cadin_26": "SBW", "Pjg_Jbt_26": 25.0, "Btg_Pjg_26": 24.7, "Jml_Btg_26": "1", "Lb_Jl_Ms26": 6.4, "Lb_Jl_Kl26": 6.4, "Lb_Lalin26": 6.52, "Lb_Bh_Ki26": 0.23, "Lb_Bh_Ka26": 0.33, "Lb_Dr_Ki26": 0.15, "Lb_Dr_Ka26": 0.1, "Lb_Tr_Ki26": 1.16, "Lb_Tr_Ka26": 1.14, "Lb_TS_Ki26": 0.0, "Lb_TS_Ka26": 0.0, "Lb_Med_26": 0.0, "Lbr_Jbt_26": 9.63, "Bgn_Ats_26": "GBP", "Jns_Jbt_26": "STANDAR", "Thn_Bgn_26": "2008", "BA_26": "2", "LNT_26": "2", "BB_26": "2", "DAS_26": "1", "OP_26": "1", "UT_26": "0", "GR_26": "0", "LB_26": "0", "JBT_26": "2", "Tp_Lnts_26": "SUNGAI", "Dt_Lnts_26": "SUNGAI LURUS (STRAIGHT)", "Pnangnn_26": "RUTIN", "Pmriksn_26": "RUTIN", "Pnglola_26": "BPJN NUSA TENGGARA BARAT", "Satkr_ID26": "693915", "PPK_Name26": "PPK 2.2", "Traffic_26": null, "VCR_26": "0.2392", "AADT_26": "26158.2", "Tipe_Jb_26": null, "Lat_26": -8.47457, "Long_26": 117.39217, "Tgl_Ins_26": "5\/22\/2024", "Ket_26": null }, "geometry": { "type": "Point", "coordinates": [ 117.39217, -8.47457 ] } },
{ "type": "Feature", "properties": { "KDRUAS_UPD": "4201711", "NOJBT_UPD": "42.017.001.0.13", "NM_RUAS_UP": "JLN. GARUDA (SUMBAWA BESAR)", "NM_JBT_UPD": "BRANG BANGKONG", "PROVINSI": "NUSA TENGGARA BARAT", "No_Prov_26": "42", "ID_Jbt_26": "4200169", "Kd_Ruas_26": "4201711", "Suffix_26": "11", "Nm_Ruas_26": "JLN. GARUDA 2 (SUMBAWA BESAR)", "Lintas_26": "JALAN LINTAS PULAU SUMBAWA", "No_Jbt_26": "42.017.001.0.13", "Nm_Jbt_26": "BRANG BANGKONG", "Status_26": "N", "Fungsi_26": "K1", "Lks_Dr_26": "SBW", "Lks_km_26": 72.0, "F_STA_26": "130", "Cadin_26": "SBW", "Pjg_Jbt_26": 16.0, "Btg_Pjg_26": 14.5, "Jml_Btg_26": "1", "Lb_Jl_Ms26": 4.91, "Lb_Jl_Kl26": 7.2, "Lb_Lalin26": 5.03, "Lb_Bh_Ki26": 0.24, "Lb_Bh_Ka26": 0.25, "Lb_Dr_Ki26": 0.17, "Lb_Dr_Ka26": 0.25, "Lb_Tr_Ki26": 0.74, "Lb_Tr_Ka26": 0.74, "Lb_TS_Ki26": 0.0, "Lb_TS_Ka26": 0.0, "Lb_Med_26": 0.43, "Lbr_Jbt_26": 7.85, "Bgn_Ats_26": "GTP", "Jns_Jbt_26": "STANDAR", "Thn_Bgn_26": "1988", "BA_26": "2", "LNT_26": "2", "BB_26": "1", "DAS_26": "1", "OP_26": "1", "UT_26": "0", "GR_26": "0", "LB_26": "0", "JBT_26": "2", "Tp_Lnts_26": "SUNGAI", "Dt_Lnts_26": "SUNGAI LURUS (STRAIGHT)", "Pnangnn_26": "RUTIN", "Pmriksn_26": "RUTIN", "Pnglola_26": "BPJN NUSA TENGGARA BARAT", "Satkr_ID26": "693915", "PPK_Name26": "PPK 2.2", "Traffic_26": null, "VCR_26": "0.2392", "AADT_26": "26158.2", "Tipe_Jb_26": null, "Lat_26": -8.4713001251200009, "Long_26": 117.37812805199999, "Tgl_Ins_26": "5\/17\/2024", "Ket_26": null }, "geometry": { "type": "Point", "coordinates": [ 117.378128052, -8.471300125120001 ] } },
{ "type": "Feature", "properties": { "KDRUAS_UPD": "4201811", "NOJBT_UPD": "42.018.001.0.11", "NM_RUAS_UP": "SIMPANG NEGARA\/SIMPANG JLN. GARUDA - SERING - SP. TERMINAL", "NM_JBT_UPD": "PUNGKA I", "PROVINSI": "NUSA TENGGARA BARAT", "No_Prov_26": "42", "ID_Jbt_26": "4200170", "Kd_Ruas_26": "4201811", "Suffix_26": "11", "Nm_Ruas_26": "SIMPANG NEGARA\/SIMPANG JLN. GARUDA - SERING - SP. TERMINAL", "Lintas_26": "JALAN LINTAS PULAU SUMBAWA", "No_Jbt_26": "42.018.001.0.11", "Nm_Jbt_26": "PUNGKA I", "Status_26": "N", "Fungsi_26": "A", "Lks_Dr_26": "SBW", "Lks_km_26": 47.0, "F_STA_26": "70", "Cadin_26": "SBW", "Pjg_Jbt_26": 7.0, "Btg_Pjg_26": 2.9, "Jml_Btg_26": "2", "Lb_Jl_Ms26": 6.25, "Lb_Jl_Kl26": 6.25, "Lb_Lalin26": 6.37, "Lb_Bh_Ki26": 4.14, "Lb_Bh_Ka26": 2.51, "Lb_Dr_Ki26": 0.0, "Lb_Dr_Ka26": 0.0, "Lb_Tr_Ki26": 0.0, "Lb_Tr_Ka26": 0.0, "Lb_TS_Ki26": 0.53, "Lb_TS_Ka26": 0.53, "Lb_Med_26": 0.0, "Lbr_Jbt_26": 14.08, "Bgn_Ats_26": "BTP", "Jns_Jbt_26": "STANDAR", "Thn_Bgn_26": "2010", "BA_26": "1", "LNT_26": "1", "BB_26": "0", "DAS_26": "1", "OP_26": "0", "UT_26": "1", "GR_26": "0", "LB_26": "0", "JBT_26": "1", "Tp_Lnts_26": "SUNGAI", "Dt_Lnts_26": "SUNGAI LURUS (STRAIGHT)", "Pnangnn_26": "RUTIN", "Pmriksn_26": "RUTIN", "Pnglola_26": "BPJN NUSA TENGGARA BARAT", "Satkr_ID26": "693915", "PPK_Name26": "PPK 2.2", "Traffic_26": null, "VCR_26": "0.2918", "AADT_26": "3989.3", "Tipe_Jb_26": null, "Lat_26": -8.5290498733500009, "Long_26": 117.42652130099999, "Tgl_Ins_26": "5\/22\/2024", "Ket_26": null }, "geometry": { "type": "Point", "coordinates": [ 117.426521301, -8.529049873350001 ] } },
{ "type": "Feature", "properties": { "KDRUAS_UPD": "4201811", "NOJBT_UPD": "42.018.002.0.11", "NM_RUAS_UP": "SIMPANG NEGARA\/SIMPANG JLN. GARUDA - SERING - SP. TERMINAL", "NM_JBT_UPD": "PUNGKA II", "PROVINSI": "NUSA TENGGARA BARAT", "No_Prov_26": "42", "ID_Jbt_26": "4200171", "Kd_Ruas_26": "4201811", "Suffix_26": "11", "Nm_Ruas_26": "SIMPANG NEGARA\/SIMPANG JLN. GARUDA - SERING - SP. TERMINAL", "Lintas_26": "JALAN LINTAS PULAU SUMBAWA", "No_Jbt_26": "42.018.002.0.11", "Nm_Jbt_26": "PUNGKA II", "Status_26": "N", "Fungsi_26": "A", "Lks_Dr_26": "SBW", "Lks_km_26": 56.0, "F_STA_26": "170", "Cadin_26": "SBW", "Pjg_Jbt_26": 50.0, "Btg_Pjg_26": 49.7, "Jml_Btg_26": "1", "Lb_Jl_Ms26": 5.03, "Lb_Jl_Kl26": 5.03, "Lb_Lalin26": 5.15, "Lb_Bh_Ki26": 0.25, "Lb_Bh_Ka26": 0.27, "Lb_Dr_Ki26": 0.15, "Lb_Dr_Ka26": 0.15, "Lb_Tr_Ki26": 0.47, "Lb_Tr_Ka26": 0.5, "Lb_TS_Ki26": 0.0, "Lb_TS_Ka26": 0.0, "Lb_Med_26": 0.0, "Lbr_Jbt_26": 6.94, "Bgn_Ats_26": "RBP", "Jns_Jbt_26": "STANDAR", "Thn_Bgn_26": "1995", "BA_26": "2", "LNT_26": "1", "BB_26": "2", "DAS_26": "0", "OP_26": "2", "UT_26": "0", "GR_26": "0", "LB_26": "0", "JBT_26": "2", "Tp_Lnts_26": "SUNGAI", "Dt_Lnts_26": "SUNGAI LURUS (STRAIGHT)", "Pnangnn_26": "BERKALA", "Pmriksn_26": "DETAIL", "Pnglola_26": "BPJN NUSA TENGGARA BARAT", "Satkr_ID26": "693915", "PPK_Name26": "PPK 2.2", "Traffic_26": null, "VCR_26": "0.2918", "AADT_26": "3989.3", "Tipe_Jb_26": null, "Lat_26": -8.5269403457599999, "Long_26": 117.41847229, "Tgl_Ins_26": "4\/30\/2026", "Ket_26": null }, "geometry": { "type": "Point", "coordinates": [ 117.41847229, -8.52694034576 ] } },
{ "type": "Feature", "properties": { "KDRUAS_UPD": "4201811", "NOJBT_UPD": "42.018.003.0.11", "NM_RUAS_UP": "SIMPANG NEGARA\/SIMPANG JLN. GARUDA - SERING - SP. TERMINAL", "NM_JBT_UPD": "JOROK I", "PROVINSI": "NUSA TENGGARA BARAT", "No_Prov_26": "42", "ID_Jbt_26": "4200172", "Kd_Ruas_26": "4201811", "Suffix_26": "11", "Nm_Ruas_26": "SIMPANG NEGARA\/SIMPANG JLN. GARUDA - SERING - SP. TERMINAL", "Lintas_26": "JALAN LINTAS PULAU SUMBAWA", "No_Jbt_26": "42.018.003.0.11", "Nm_Jbt_26": "JOROK I", "Status_26": "N", "Fungsi_26": "A", "Lks_Dr_26": "SBW", "Lks_km_26": 58.0, "F_STA_26": "190", "Cadin_26": "SBW", "Pjg_Jbt_26": 6.0, "Btg_Pjg_26": 5.6, "Jml_Btg_26": "1", "Lb_Jl_Ms26": 5.96, "Lb_Jl_Kl26": 5.96, "Lb_Lalin26": 6.08, "Lb_Bh_Ki26": 0.53, "Lb_Bh_Ka26": 0.22, "Lb_Dr_Ki26": 0.23, "Lb_Dr_Ka26": 0.2, "Lb_Tr_Ki26": 1.21, "Lb_Tr_Ka26": 1.23, "Lb_TS_Ki26": 0.0, "Lb_TS_Ka26": 0.0, "Lb_Med_26": 0.0, "Lbr_Jbt_26": 9.7, "Bgn_Ats_26": "GTP", "Jns_Jbt_26": "STANDAR", "Thn_Bgn_26": "1994", "BA_26": "1", "LNT_26": "1", "BB_26": "1", "DAS_26": "0", "OP_26": "1", "UT_26": "0", "GR_26": "0", "LB_26": "0", "JBT_26": "1", "Tp_Lnts_26": "SUNGAI", "Dt_Lnts_26": "SUNGAI LURUS (STRAIGHT)", "Pnangnn_26": "RUTIN", "Pmriksn_26": "RUTIN", "Pnglola_26": "BPJN NUSA TENGGARA BARAT", "Satkr_ID26": "693915", "PPK_Name26": "PPK 2.2", "Traffic_26": null, "VCR_26": "0.2918", "AADT_26": "3989.3", "Tipe_Jb_26": null, "Lat_26": -8.5257701873799991, "Long_26": 117.416908264, "Tgl_Ins_26": "5\/22\/2024", "Ket_26": null }, "geometry": { "type": "Point", "coordinates": [ 117.416908264, -8.525770187379999 ] } },
{ "type": "Feature", "properties": { "KDRUAS_UPD": "4201811", "NOJBT_UPD": "42.018.004.0.11", "NM_RUAS_UP": "SIMPANG NEGARA\/SIMPANG JLN. GARUDA - SERING - SP. TERMINAL", "NM_JBT_UPD": "JOROK II", "PROVINSI": "NUSA TENGGARA BARAT", "No_Prov_26": "42", "ID_Jbt_26": "4200173", "Kd_Ruas_26": "4201811", "Suffix_26": "11", "Nm_Ruas_26": "SIMPANG NEGARA\/SIMPANG JLN. GARUDA - SERING - SP. TERMINAL", "Lintas_26": "JALAN LINTAS PULAU SUMBAWA", "No_Jbt_26": "42.018.004.0.11", "Nm_Jbt_26": "JOROK II", "Status_26": "N", "Fungsi_26": "A", "Lks_Dr_26": "SBW", "Lks_km_26": 68.0, "F_STA_26": "280", "Cadin_26": "SBW", "Pjg_Jbt_26": 10.0, "Btg_Pjg_26": 9.7, "Jml_Btg_26": "1", "Lb_Jl_Ms26": 5.91, "Lb_Jl_Kl26": 5.91, "Lb_Lalin26": 6.03, "Lb_Bh_Ki26": 0.24, "Lb_Bh_Ka26": 0.51, "Lb_Dr_Ki26": 0.3, "Lb_Dr_Ka26": 0.18, "Lb_Tr_Ki26": 1.14, "Lb_Tr_Ka26": 1.3, "Lb_TS_Ki26": 0.0, "Lb_TS_Ka26": 0.0, "Lb_Med_26": 0.0, "Lbr_Jbt_26": 9.7, "Bgn_Ats_26": "GTP", "Jns_Jbt_26": "STANDAR", "Thn_Bgn_26": "1995", "BA_26": "2", "LNT_26": "2", "BB_26": "2", "DAS_26": "0", "OP_26": "2", "UT_26": "0", "GR_26": "0", "LB_26": "0", "JBT_26": "2", "Tp_Lnts_26": "SUNGAI", "Dt_Lnts_26": "SUNGAI LURUS (STRAIGHT)", "Pnangnn_26": "RUTIN", "Pmriksn_26": "RUTIN", "Pnglola_26": "BPJN NUSA TENGGARA BARAT", "Satkr_ID26": "693915", "PPK_Name26": "PPK 2.2", "Traffic_26": null, "VCR_26": "0.2918", "AADT_26": "3989.3", "Tipe_Jb_26": null, "Lat_26": -8.5186195373500002, "Long_26": 117.41314697299998, "Tgl_Ins_26": "5\/23\/2024", "Ket_26": null }, "geometry": { "type": "Point", "coordinates": [ 117.413146973, -8.51861953735 ] } },
{ "type": "Feature", "properties": { "KDRUAS_UPD": "4201811", "NOJBT_UPD": "42.018.005.0.11", "NM_RUAS_UP": "SIMPANG NEGARA\/SIMPANG JLN. GARUDA - SERING - SP. TERMINAL", "NM_JBT_UPD": "SERING I", "PROVINSI": "NUSA TENGGARA BARAT", "No_Prov_26": "42", "ID_Jbt_26": "4200174", "Kd_Ruas_26": "4201811", "Suffix_26": "11", "Nm_Ruas_26": "SIMPANG NEGARA\/SIMPANG JLN. GARUDA - SERING - SP. TERMINAL", "Lintas_26": "JALAN LINTAS PULAU SUMBAWA", "No_Jbt_26": "42.018.005.0.11", "Nm_Jbt_26": "SERING I", "Status_26": "N", "Fungsi_26": "A", "Lks_Dr_26": "SBW", "Lks_km_26": 76.0, "F_STA_26": "450", "Cadin_26": "SBW", "Pjg_Jbt_26": 13.1, "Btg_Pjg_26": 12.75, "Jml_Btg_26": "1", "Lb_Jl_Ms26": 6.47, "Lb_Jl_Kl26": 6.47, "Lb_Lalin26": 6.59, "Lb_Bh_Ki26": 0.29, "Lb_Bh_Ka26": 0.16, "Lb_Dr_Ki26": 0.15, "Lb_Dr_Ka26": 0.15, "Lb_Tr_Ki26": 1.28, "Lb_Tr_Ka26": 1.3, "Lb_TS_Ki26": 0.0, "Lb_TS_Ka26": 0.0, "Lb_Med_26": 0.0, "Lbr_Jbt_26": 9.92, "Bgn_Ats_26": "ABP", "Jns_Jbt_26": "STANDAR", "Thn_Bgn_26": "1995", "BA_26": "2", "LNT_26": "2", "BB_26": "0", "DAS_26": "2", "OP_26": "1", "UT_26": "0", "GR_26": "2", "LB_26": "0", "JBT_26": "2", "Tp_Lnts_26": "SUNGAI", "Dt_Lnts_26": "SUNGAI LURUS (STRAIGHT)", "Pnangnn_26": "BERKALA", "Pmriksn_26": "DETAIL", "Pnglola_26": "BPJN NUSA TENGGARA BARAT", "Satkr_ID26": "693915", "PPK_Name26": "PPK 2.2", "Traffic_26": null, "VCR_26": "0.2918", "AADT_26": "3989.3", "Tipe_Jb_26": null, "Lat_26": -8.5057296752900005, "Long_26": 117.408752441, "Tgl_Ins_26": "4\/30\/2026", "Ket_26": null }, "geometry": { "type": "Point", "coordinates": [ 117.408752441, -8.50572967529 ] } },
{ "type": "Feature", "properties": { "KDRUAS_UPD": "4201811", "NOJBT_UPD": "42.018.006.0.11", "NM_RUAS_UP": "SIMPANG NEGARA\/SIMPANG JLN. GARUDA - SERING - SP. TERMINAL", "NM_JBT_UPD": "SERING II", "PROVINSI": "NUSA TENGGARA BARAT", "No_Prov_26": "42", "ID_Jbt_26": "4200175", "Kd_Ruas_26": "4201811", "Suffix_26": "11", "Nm_Ruas_26": "SIMPANG NEGARA\/SIMPANG JLN. GARUDA - SERING - SP. TERMINAL", "Lintas_26": "JALAN LINTAS PULAU SUMBAWA", "No_Jbt_26": "42.018.006.0.11", "Nm_Jbt_26": "SERING II", "Status_26": "N", "Fungsi_26": "A", "Lks_Dr_26": "SBW", "Lks_km_26": 85.0, "F_STA_26": "540", "Cadin_26": "SBW", "Pjg_Jbt_26": 6.5, "Btg_Pjg_26": 6.35, "Jml_Btg_26": "1", "Lb_Jl_Ms26": 6.38, "Lb_Jl_Kl26": 6.38, "Lb_Lalin26": 6.5, "Lb_Bh_Ki26": 0.25, "Lb_Bh_Ka26": 0.22, "Lb_Dr_Ki26": 0.11, "Lb_Dr_Ka26": 0.12, "Lb_Tr_Ki26": 1.25, "Lb_Tr_Ka26": 1.2, "Lb_TS_Ki26": 0.0, "Lb_TS_Ka26": 0.0, "Lb_Med_26": 0.0, "Lbr_Jbt_26": 9.65, "Bgn_Ats_26": "GTP", "Jns_Jbt_26": "STANDAR", "Thn_Bgn_26": "1995", "BA_26": "2", "LNT_26": "2", "BB_26": "2", "DAS_26": "1", "OP_26": "1", "UT_26": "0", "GR_26": "0", "LB_26": "0", "JBT_26": "2", "Tp_Lnts_26": "SUNGAI", "Dt_Lnts_26": "SUNGAI LURUS (STRAIGHT)", "Pnangnn_26": "BERKALA", "Pmriksn_26": "RUTIN", "Pnglola_26": "BPJN NUSA TENGGARA BARAT", "Satkr_ID26": "693915", "PPK_Name26": "PPK 2.2", "Traffic_26": null, "VCR_26": "0.2918", "AADT_26": "3989.3", "Tipe_Jb_26": null, "Lat_26": -8.4991798400899992, "Long_26": 117.404388428, "Tgl_Ins_26": "5\/23\/2024", "Ket_26": null }, "geometry": { "type": "Point", "coordinates": [ 117.404388428, -8.499179840089999 ] } },
{ "type": "Feature", "properties": { "KDRUAS_UPD": "4201811", "NOJBT_UPD": "42.018.007.0.11", "NM_RUAS_UP": "SIMPANG NEGARA\/SIMPANG JLN. GARUDA - SERING - SP. TERMINAL", "NM_JBT_UPD": "KARANG DIMA", "PROVINSI": "NUSA TENGGARA BARAT", "No_Prov_26": "42", "ID_Jbt_26": "4200176", "Kd_Ruas_26": "4201811", "Suffix_26": "11", "Nm_Ruas_26": "SIMPANG NEGARA\/SIMPANG JLN. GARUDA - SERING - SP. TERMINAL", "Lintas_26": "JALAN LINTAS PULAU SUMBAWA", "No_Jbt_26": "42.018.007.0.11", "Nm_Jbt_26": "KARANG DIMA", "Status_26": "N", "Fungsi_26": "A", "Lks_Dr_26": "SBW", "Lks_km_26": 135.0, "F_STA_26": "850", "Cadin_26": "SBW", "Pjg_Jbt_26": 16.0, "Btg_Pjg_26": 15.8, "Jml_Btg_26": "1", "Lb_Jl_Ms26": 6.41, "Lb_Jl_Kl26": 6.41, "Lb_Lalin26": 6.53, "Lb_Bh_Ki26": 0.38, "Lb_Bh_Ka26": 0.2, "Lb_Dr_Ki26": 0.13, "Lb_Dr_Ka26": 0.14, "Lb_Tr_Ki26": 1.27, "Lb_Tr_Ka26": 1.27, "Lb_TS_Ki26": 0.0, "Lb_TS_Ka26": 0.0, "Lb_Med_26": 0.0, "Lbr_Jbt_26": 9.92, "Bgn_Ats_26": "GTP", "Jns_Jbt_26": "STANDAR", "Thn_Bgn_26": "2007", "BA_26": "2", "LNT_26": "2", "BB_26": "2", "DAS_26": "1", "OP_26": "1", "UT_26": "0", "GR_26": "0", "LB_26": "0", "JBT_26": "2", "Tp_Lnts_26": "SUNGAI", "Dt_Lnts_26": "SUNGAI LURUS (STRAIGHT)", "Pnangnn_26": "RUTIN", "Pmriksn_26": "RUTIN", "Pnglola_26": "BPJN NUSA TENGGARA BARAT", "Satkr_ID26": "693915", "PPK_Name26": "PPK 2.2", "Traffic_26": null, "VCR_26": "0.2918", "AADT_26": "3989.3", "Tipe_Jb_26": null, "Lat_26": -8.4781398773200003, "Long_26": 117.392799377, "Tgl_Ins_26": "5\/23\/2024", "Ket_26": null }, "geometry": { "type": "Point", "coordinates": [ 117.392799377, -8.47813987732 ] } },
{ "type": "Feature", "properties": { "KDRUAS_UPD": "42020", "NOJBT_UPD": "42.020.001.0", "NM_RUAS_UP": "PAL IV (KM 4.00) - KM 70.00", "NM_JBT_UPD": "SRADING", "PROVINSI": "NUSA TENGGARA BARAT", "No_Prov_26": "42", "ID_Jbt_26": "4200177", "Kd_Ruas_26": "42020", "Suffix_26": null, "Nm_Ruas_26": "PAL IV (KM 4.00) - KM 70.00", "Lintas_26": "JALAN LINTAS PULAU SUMBAWA", "No_Jbt_26": "42.020.001.0", "Nm_Jbt_26": "SRADING", "Status_26": "N", "Fungsi_26": "A", "Lks_Dr_26": "SBW", "Lks_km_26": 114.0, "F_STA_26": "670", "Cadin_26": "SBW", "Pjg_Jbt_26": 40.0, "Btg_Pjg_26": 39.7, "Jml_Btg_26": "1", "Lb_Jl_Ms26": 6.7, "Lb_Jl_Kl26": 6.7, "Lb_Lalin26": 4.85, "Lb_Bh_Ki26": 0.34, "Lb_Bh_Ka26": 0.35, "Lb_Dr_Ki26": 0.2, "Lb_Dr_Ka26": 0.25, "Lb_Tr_Ki26": 0.58, "Lb_Tr_Ka26": 0.56, "Lb_TS_Ki26": 0.0, "Lb_TS_Ka26": 0.0, "Lb_Med_26": 0.0, "Lbr_Jbt_26": 7.13, "Bgn_Ats_26": "RBP", "Jns_Jbt_26": "STANDAR", "Thn_Bgn_26": "1984", "BA_26": "2", "LNT_26": "2", "BB_26": "1", "DAS_26": "1", "OP_26": "1", "UT_26": "0", "GR_26": "0", "LB_26": "0", "JBT_26": "2", "Tp_Lnts_26": "SUNGAI", "Dt_Lnts_26": "SUNGAI BERKELOK (MEANDERING)", "Pnangnn_26": "BERKALA", "Pmriksn_26": "RUTIN", "Pnglola_26": "BPJN NUSA TENGGARA BARAT", "Satkr_ID26": "693915", "PPK_Name26": "PPK 2.3", "Traffic_26": null, "VCR_26": "0.243", "AADT_26": "3698.9", "Tipe_Jb_26": null, "Lat_26": -8.5513496398900006, "Long_26": 117.48741149900002, "Tgl_Ins_26": "5\/24\/2024", "Ket_26": null }, "geometry": { "type": "Point", "coordinates": [ 117.487411499, -8.551349639890001 ] } },
{ "type": "Feature", "properties": { "KDRUAS_UPD": "42020", "NOJBT_UPD": "42.020.003.A", "NM_RUAS_UP": "PAL IV (KM 4.00) - KM 70.00", "NM_JBT_UPD": "AIK PUNTUK A", "PROVINSI": "NUSA TENGGARA BARAT", "No_Prov_26": "42", "ID_Jbt_26": "4200002", "Kd_Ruas_26": "42020", "Suffix_26": null, "Nm_Ruas_26": "PAL IV (KM 4.00) - KM 70.00", "Lintas_26": "JALAN LINTAS PULAU SUMBAWA", "No_Jbt_26": "42.020.003.A", "Nm_Jbt_26": "AIK PUNTUK A", "Status_26": "N", "Fungsi_26": "A", "Lks_Dr_26": "SBW", "Lks_km_26": 168.0, "F_STA_26": "1210", "Cadin_26": "SBW", "Pjg_Jbt_26": 20.8, "Btg_Pjg_26": 20.3, "Jml_Btg_26": "1", "Lb_Jl_Ms26": 6.15, "Lb_Jl_Kl26": 6.15, "Lb_Lalin26": 6.27, "Lb_Bh_Ki26": 0.42, "Lb_Bh_Ka26": 0.51, "Lb_Dr_Ki26": 0.13, "Lb_Dr_Ka26": 0.12, "Lb_Tr_Ki26": 1.21, "Lb_Tr_Ka26": 1.23, "Lb_TS_Ki26": 0.0, "Lb_TS_Ka26": 0.0, "Lb_Med_26": 0.0, "Lbr_Jbt_26": 9.89, "Bgn_Ats_26": "GPP", "Jns_Jbt_26": "STANDAR", "Thn_Bgn_26": "2015", "BA_26": "2", "LNT_26": "2", "BB_26": "2", "DAS_26": "1", "OP_26": "0", "UT_26": "0", "GR_26": "0", "LB_26": "0", "JBT_26": "2", "Tp_Lnts_26": "SUNGAI", "Dt_Lnts_26": "SUNGAI LURUS (STRAIGHT)", "Pnangnn_26": "RUTIN", "Pmriksn_26": "DETAIL", "Pnglola_26": "BPJN NUSA TENGGARA BARAT", "Satkr_ID26": "693915", "PPK_Name26": "PPK 2.3", "Traffic_26": null, "VCR_26": "0.243", "AADT_26": "3698.9", "Tipe_Jb_26": null, "Lat_26": -8.58455, "Long_26": 117.51493, "Tgl_Ins_26": "5\/1\/2026", "Ket_26": null }, "geometry": { "type": "Point", "coordinates": [ 117.51493, -8.58455 ] } },
{ "type": "Feature", "properties": { "KDRUAS_UPD": "42020", "NOJBT_UPD": "42.020.003.B", "NM_RUAS_UP": "PAL IV (KM 4.00) - KM 70.00", "NM_JBT_UPD": "AIK PUNTUK B", "PROVINSI": "NUSA TENGGARA BARAT", "No_Prov_26": "42", "ID_Jbt_26": "4200003", "Kd_Ruas_26": "42020", "Suffix_26": null, "Nm_Ruas_26": "PAL IV (KM 4.00) - KM 70.00", "Lintas_26": "JALAN LINTAS PULAU SUMBAWA", "No_Jbt_26": "42.020.003.B", "Nm_Jbt_26": "AIK PUNTUK B", "Status_26": "N", "Fungsi_26": "A", "Lks_Dr_26": "SBW", "Lks_km_26": 168.0, "F_STA_26": "1210", "Cadin_26": "SBW", "Pjg_Jbt_26": 15.8, "Btg_Pjg_26": 15.5, "Jml_Btg_26": "1", "Lb_Jl_Ms26": 5.22, "Lb_Jl_Kl26": 5.22, "Lb_Lalin26": 5.34, "Lb_Bh_Ki26": 0.33, "Lb_Bh_Ka26": 0.28, "Lb_Dr_Ki26": 0.1, "Lb_Dr_Ka26": 0.15, "Lb_Tr_Ki26": 0.53, "Lb_Tr_Ka26": 0.53, "Lb_TS_Ki26": 0.0, "Lb_TS_Ka26": 0.0, "Lb_Med_26": 0.0, "Lbr_Jbt_26": 7.26, "Bgn_Ats_26": "GTP", "Jns_Jbt_26": "STANDAR", "Thn_Bgn_26": "1979", "BA_26": "1", "LNT_26": "1", "BB_26": "1", "DAS_26": "1", "OP_26": "0", "UT_26": "0", "GR_26": "0", "LB_26": "0", "JBT_26": "1", "Tp_Lnts_26": "SUNGAI", "Dt_Lnts_26": "SUNGAI LURUS (STRAIGHT)", "Pnangnn_26": "RUTIN", "Pmriksn_26": "RUTIN", "Pnglola_26": "BPJN NUSA TENGGARA BARAT", "Satkr_ID26": "693915", "PPK_Name26": "PPK 2.3", "Traffic_26": null, "VCR_26": "0.243", "AADT_26": "3698.9", "Tipe_Jb_26": null, "Lat_26": -8.58471, "Long_26": 117.5149, "Tgl_Ins_26": "5\/5\/2024", "Ket_26": null }, "geometry": { "type": "Point", "coordinates": [ 117.5149, -8.58471 ] } },
{ "type": "Feature", "properties": { "KDRUAS_UPD": "42020", "NOJBT_UPD": "42.020.004.A", "NM_RUAS_UP": "PAL IV (KM 4.00) - KM 70.00", "NM_JBT_UPD": "NEMONYONG A", "PROVINSI": "NUSA TENGGARA BARAT", "No_Prov_26": "42", "ID_Jbt_26": "4200004", "Kd_Ruas_26": "42020", "Suffix_26": null, "Nm_Ruas_26": "PAL IV (KM 4.00) - KM 70.00", "Lintas_26": "JALAN LINTAS PULAU SUMBAWA", "No_Jbt_26": "42.020.004.A", "Nm_Jbt_26": "NEMONYONG A", "Status_26": "N", "Fungsi_26": "A", "Lks_Dr_26": "SBW", "Lks_km_26": 183.0, "F_STA_26": "1310", "Cadin_26": "SBW", "Pjg_Jbt_26": 13.7, "Btg_Pjg_26": 13.3, "Jml_Btg_26": "1", "Lb_Jl_Ms26": 6.26, "Lb_Jl_Kl26": 6.26, "Lb_Lalin26": 6.38, "Lb_Bh_Ki26": 0.4, "Lb_Bh_Ka26": 0.32, "Lb_Dr_Ki26": 0.13, "Lb_Dr_Ka26": 0.12, "Lb_Tr_Ki26": 0.96, "Lb_Tr_Ka26": 0.99, "Lb_TS_Ki26": 0.25, "Lb_TS_Ka26": 0.26, "Lb_Med_26": 0.0, "Lbr_Jbt_26": 9.81, "Bgn_Ats_26": "VPP", "Jns_Jbt_26": "STANDAR", "Thn_Bgn_26": "2015", "BA_26": "2", "LNT_26": "2", "BB_26": "1", "DAS_26": "1", "OP_26": "1", "UT_26": "0", "GR_26": "0", "LB_26": "0", "JBT_26": "2", "Tp_Lnts_26": "SUNGAI", "Dt_Lnts_26": "SUNGAI LURUS (STRAIGHT)", "Pnangnn_26": "RUTIN", "Pmriksn_26": "DETAIL", "Pnglola_26": "BPJN NUSA TENGGARA BARAT", "Satkr_ID26": "693915", "PPK_Name26": "PPK 2.3", "Traffic_26": null, "VCR_26": "0.243", "AADT_26": "3698.9", "Tipe_Jb_26": null, "Lat_26": -8.590836, "Long_26": 117.521066, "Tgl_Ins_26": "5\/1\/2026", "Ket_26": null }, "geometry": { "type": "Point", "coordinates": [ 117.521066, -8.590836 ] } },
{ "type": "Feature", "properties": { "KDRUAS_UPD": "42020", "NOJBT_UPD": "42.020.004.B", "NM_RUAS_UP": "PAL IV (KM 4.00) - KM 70.00", "NM_JBT_UPD": "NEMONYONG B", "PROVINSI": "NUSA TENGGARA BARAT", "No_Prov_26": "42", "ID_Jbt_26": "4200005", "Kd_Ruas_26": "42020", "Suffix_26": null, "Nm_Ruas_26": "PAL IV (KM 4.00) - KM 70.00", "Lintas_26": "JALAN LINTAS PULAU SUMBAWA", "No_Jbt_26": "42.020.004.B", "Nm_Jbt_26": "NEMONYONG B", "Status_26": "N", "Fungsi_26": "A", "Lks_Dr_26": "SBW", "Lks_km_26": 183.0, "F_STA_26": "1310", "Cadin_26": "SBW", "Pjg_Jbt_26": 7.0, "Btg_Pjg_26": 6.75, "Jml_Btg_26": "1", "Lb_Jl_Ms26": 5.3, "Lb_Jl_Kl26": 5.3, "Lb_Lalin26": 5.42, "Lb_Bh_Ki26": 0.29, "Lb_Bh_Ka26": 0.45, "Lb_Dr_Ki26": 0.2, "Lb_Dr_Ka26": 0.0, "Lb_Tr_Ki26": 0.92, "Lb_Tr_Ka26": 0.9, "Lb_TS_Ki26": 0.0, "Lb_TS_Ka26": 0.0, "Lb_Med_26": 0.0, "Lbr_Jbt_26": 8.18, "Bgn_Ats_26": "GTP", "Jns_Jbt_26": "STANDAR", "Thn_Bgn_26": "1979", "BA_26": "2", "LNT_26": "2", "BB_26": "2", "DAS_26": "2", "OP_26": "2", "UT_26": "0", "GR_26": "0", "LB_26": "0", "JBT_26": "2", "Tp_Lnts_26": "SUNGAI", "Dt_Lnts_26": "SUNGAI LURUS (STRAIGHT)", "Pnangnn_26": "RUTIN", "Pmriksn_26": "DETAIL", "Pnglola_26": "BPJN NUSA TENGGARA BARAT", "Satkr_ID26": "693915", "PPK_Name26": "PPK 2.3", "Traffic_26": null, "VCR_26": "0.243", "AADT_26": "3698.9", "Tipe_Jb_26": null, "Lat_26": -8.5909700393699993, "Long_26": 117.52107238799999, "Tgl_Ins_26": "5\/1\/2026", "Ket_26": null }, "geometry": { "type": "Point", "coordinates": [ 117.521072388, -8.590970039369999 ] } },
{ "type": "Feature", "properties": { "KDRUAS_UPD": "42020", "NOJBT_UPD": "42.020.005.0", "NM_RUAS_UP": "PAL IV (KM 4.00) - KM 70.00", "NM_JBT_UPD": "PENEMUNG", "PROVINSI": "NUSA TENGGARA BARAT", "No_Prov_26": "42", "ID_Jbt_26": "4200179", "Kd_Ruas_26": "42020", "Suffix_26": null, "Nm_Ruas_26": "PAL IV (KM 4.00) - KM 70.00", "Lintas_26": "JALAN LINTAS PULAU SUMBAWA", "No_Jbt_26": "42.020.005.0", "Nm_Jbt_26": "PENEMUNG", "Status_26": "N", "Fungsi_26": "A", "Lks_Dr_26": "SBW", "Lks_km_26": 20.0, "F_STA_26": "1530", "Cadin_26": "SBW", "Pjg_Jbt_26": 40.0, "Btg_Pjg_26": 39.4, "Jml_Btg_26": "1", "Lb_Jl_Ms26": 6.35, "Lb_Jl_Kl26": 6.35, "Lb_Lalin26": 5.05, "Lb_Bh_Ki26": 0.27, "Lb_Bh_Ka26": 0.31, "Lb_Dr_Ki26": 0.13, "Lb_Dr_Ka26": 0.2, "Lb_Tr_Ki26": 0.5, "Lb_Tr_Ka26": 0.49, "Lb_TS_Ki26": 0.0, "Lb_TS_Ka26": 0.0, "Lb_Med_26": 0.0, "Lbr_Jbt_26": 6.95, "Bgn_Ats_26": "RBP", "Jns_Jbt_26": "STANDAR", "Thn_Bgn_26": "1985", "BA_26": "2", "LNT_26": "2", "BB_26": "1", "DAS_26": "1", "OP_26": "0", "UT_26": "0", "GR_26": "0", "LB_26": "0", "JBT_26": "2", "Tp_Lnts_26": "SUNGAI", "Dt_Lnts_26": "SUNGAI LURUS (STRAIGHT)", "Pnangnn_26": "RUTIN", "Pmriksn_26": "DETAIL", "Pnglola_26": "BPJN NUSA TENGGARA BARAT", "Satkr_ID26": "693915", "PPK_Name26": "PPK 2.3", "Traffic_26": null, "VCR_26": "0.243", "AADT_26": "3698.9", "Tipe_Jb_26": null, "Lat_26": -8.5960798263499996, "Long_26": 117.538887024, "Tgl_Ins_26": "5\/1\/2026", "Ket_26": null }, "geometry": { "type": "Point", "coordinates": [ 117.538887024, -8.59607982635 ] } },
{ "type": "Feature", "properties": { "KDRUAS_UPD": "42020", "NOJBT_UPD": "42.020.006.0", "NM_RUAS_UP": "PAL IV (KM 4.00) - KM 70.00", "NM_JBT_UPD": "BRANG LOPOK", "PROVINSI": "NUSA TENGGARA BARAT", "No_Prov_26": "42", "ID_Jbt_26": "4200180", "Kd_Ruas_26": "42020", "Suffix_26": null, "Nm_Ruas_26": "PAL IV (KM 4.00) - KM 70.00", "Lintas_26": "JALAN LINTAS PULAU SUMBAWA", "No_Jbt_26": "42.020.006.0", "Nm_Jbt_26": "BRANG LOPOK", "Status_26": "N", "Fungsi_26": "A", "Lks_Dr_26": "SBW", "Lks_km_26": 216.0, "F_STA_26": "1690", "Cadin_26": "SBW", "Pjg_Jbt_26": 9.0, "Btg_Pjg_26": 8.5, "Jml_Btg_26": "1", "Lb_Jl_Ms26": 5.61, "Lb_Jl_Kl26": 5.61, "Lb_Lalin26": 5.73, "Lb_Bh_Ki26": 0.4, "Lb_Bh_Ka26": 0.23, "Lb_Dr_Ki26": 0.0, "Lb_Dr_Ka26": 0.45, "Lb_Tr_Ki26": 0.35, "Lb_Tr_Ka26": 0.93, "Lb_TS_Ki26": 0.0, "Lb_TS_Ka26": 0.0, "Lb_Med_26": 0.0, "Lbr_Jbt_26": 8.09, "Bgn_Ats_26": "GTP", "Jns_Jbt_26": "STANDAR", "Thn_Bgn_26": "1980", "BA_26": "2", "LNT_26": "2", "BB_26": "1", "DAS_26": "0", "OP_26": "2", "UT_26": "0", "GR_26": "0", "LB_26": "0", "JBT_26": "2", "Tp_Lnts_26": "SUNGAI", "Dt_Lnts_26": "SUNGAI LURUS (STRAIGHT)", "Pnangnn_26": "RUTIN", "Pmriksn_26": "DETAIL", "Pnglola_26": "BPJN NUSA TENGGARA BARAT", "Satkr_ID26": "693915", "PPK_Name26": "PPK 2.3", "Traffic_26": null, "VCR_26": "0.243", "AADT_26": "3698.9", "Tipe_Jb_26": null, "Lat_26": -8.6056499481199999, "Long_26": 117.546836853, "Tgl_Ins_26": "5\/1\/2026", "Ket_26": null }, "geometry": { "type": "Point", "coordinates": [ 117.546836853, -8.60564994812 ] } },
{ "type": "Feature", "properties": { "KDRUAS_UPD": "42020", "NOJBT_UPD": "42.020.008.0", "NM_RUAS_UP": "PAL IV (KM 4.00) - KM 70.00", "NM_JBT_UPD": "HIJRAH II", "PROVINSI": "NUSA TENGGARA BARAT", "No_Prov_26": "42", "ID_Jbt_26": "4200182", "Kd_Ruas_26": "42020", "Suffix_26": null, "Nm_Ruas_26": "PAL IV (KM 4.00) - KM 70.00", "Lintas_26": "JALAN LINTAS PULAU SUMBAWA", "No_Jbt_26": "42.020.008.0", "Nm_Jbt_26": "HIJRAH II", "Status_26": "N", "Fungsi_26": "A", "Lks_Dr_26": "SBW", "Lks_km_26": 284.0, "F_STA_26": "2380", "Cadin_26": "SBW", "Pjg_Jbt_26": 6.8, "Btg_Pjg_26": 6.45, "Jml_Btg_26": "1", "Lb_Jl_Ms26": 5.48, "Lb_Jl_Kl26": 5.48, "Lb_Lalin26": 5.6, "Lb_Bh_Ki26": 0.79, "Lb_Bh_Ka26": 0.82, "Lb_Dr_Ki26": 0.2, "Lb_Dr_Ka26": 0.0, "Lb_Tr_Ki26": 1.29, "Lb_Tr_Ka26": 1.3, "Lb_TS_Ki26": 0.0, "Lb_TS_Ka26": 0.0, "Lb_Med_26": 0.0, "Lbr_Jbt_26": 10.0, "Bgn_Ats_26": "PTP", "Jns_Jbt_26": "STANDAR", "Thn_Bgn_26": "1992", "BA_26": "2", "LNT_26": "2", "BB_26": "2", "DAS_26": "1", "OP_26": "0", "UT_26": "0", "GR_26": "0", "LB_26": "0", "JBT_26": "2", "Tp_Lnts_26": "SUNGAI", "Dt_Lnts_26": "SUNGAI LURUS (STRAIGHT)", "Pnangnn_26": "RUTIN", "Pmriksn_26": "RUTIN", "Pnglola_26": "BPJN NUSA TENGGARA BARAT", "Satkr_ID26": "693915", "PPK_Name26": "PPK 2.3", "Traffic_26": null, "VCR_26": "0.243", "AADT_26": "3698.9", "Tipe_Jb_26": null, "Lat_26": -8.6240301132199999, "Long_26": 117.598060608, "Tgl_Ins_26": "5\/22\/2025", "Ket_26": null }, "geometry": { "type": "Point", "coordinates": [ 117.598060608, -8.62403011322 ] } },
{ "type": "Feature", "properties": { "KDRUAS_UPD": "42020", "NOJBT_UPD": "42.020.009.0", "NM_RUAS_UP": "PAL IV (KM 4.00) - KM 70.00", "NM_JBT_UPD": "BRANG LAPE", "PROVINSI": "NUSA TENGGARA BARAT", "No_Prov_26": "42", "ID_Jbt_26": "4200183", "Kd_Ruas_26": "42020", "Suffix_26": null, "Nm_Ruas_26": "PAL IV (KM 4.00) - KM 70.00", "Lintas_26": "JALAN LINTAS PULAU SUMBAWA", "No_Jbt_26": "42.020.009.0", "Nm_Jbt_26": "BRANG LAPE", "Status_26": "N", "Fungsi_26": "A", "Lks_Dr_26": "SBW", "Lks_km_26": 299.0, "F_STA_26": "2500", "Cadin_26": "SBW", "Pjg_Jbt_26": 25.5, "Btg_Pjg_26": 25.2, "Jml_Btg_26": "1", "Lb_Jl_Ms26": 7.6, "Lb_Jl_Kl26": 7.6, "Lb_Lalin26": 5.13, "Lb_Bh_Ki26": 0.35, "Lb_Bh_Ka26": 0.3, "Lb_Dr_Ki26": 0.12, "Lb_Dr_Ka26": 0.15, "Lb_Tr_Ki26": 0.47, "Lb_Tr_Ka26": 0.45, "Lb_TS_Ki26": 0.0, "Lb_TS_Ka26": 0.0, "Lb_Med_26": 0.0, "Lbr_Jbt_26": 6.97, "Bgn_Ats_26": "GBP", "Jns_Jbt_26": "STANDAR", "Thn_Bgn_26": "1983", "BA_26": "2", "LNT_26": "2", "BB_26": "2", "DAS_26": "1", "OP_26": "1", "UT_26": "0", "GR_26": "0", "LB_26": "0", "JBT_26": "2", "Tp_Lnts_26": "SUNGAI", "Dt_Lnts_26": "SUNGAI LURUS (STRAIGHT)", "Pnangnn_26": "BERKALA", "Pmriksn_26": "RUTIN", "Pnglola_26": "BPJN NUSA TENGGARA BARAT", "Satkr_ID26": "693915", "PPK_Name26": "PPK 2.3", "Traffic_26": null, "VCR_26": "0.243", "AADT_26": "3698.9", "Tipe_Jb_26": null, "Lat_26": -8.6314697265600007, "Long_26": 117.605079651, "Tgl_Ins_26": "5\/24\/2024", "Ket_26": null }, "geometry": { "type": "Point", "coordinates": [ 117.605079651, -8.631469726560001 ] } },
{ "type": "Feature", "properties": { "KDRUAS_UPD": "42020", "NOJBT_UPD": "42.020.010.0", "NM_RUAS_UP": "PAL IV (KM 4.00) - KM 70.00", "NM_JBT_UPD": "PUMPUNG", "PROVINSI": "NUSA TENGGARA BARAT", "No_Prov_26": "42", "ID_Jbt_26": "4200184", "Kd_Ruas_26": "42020", "Suffix_26": null, "Nm_Ruas_26": "PAL IV (KM 4.00) - KM 70.00", "Lintas_26": "JALAN LINTAS PULAU SUMBAWA", "No_Jbt_26": "42.020.010.0", "Nm_Jbt_26": "PUMPUNG", "Status_26": "N", "Fungsi_26": "A", "Lks_Dr_26": "SBW", "Lks_km_26": 302.0, "F_STA_26": "2550", "Cadin_26": "SBW", "Pjg_Jbt_26": 13.0, "Btg_Pjg_26": 12.7, "Jml_Btg_26": "1", "Lb_Jl_Ms26": 6.08, "Lb_Jl_Kl26": 6.08, "Lb_Lalin26": 6.2, "Lb_Bh_Ki26": 0.58, "Lb_Bh_Ka26": 0.93, "Lb_Dr_Ki26": 0.0, "Lb_Dr_Ka26": 0.17, "Lb_Tr_Ki26": 1.06, "Lb_Tr_Ka26": 1.17, "Lb_TS_Ki26": 0.0, "Lb_TS_Ka26": 0.0, "Lb_Med_26": 0.0, "Lbr_Jbt_26": 10.11, "Bgn_Ats_26": "GTP", "Jns_Jbt_26": "STANDAR", "Thn_Bgn_26": "1986", "BA_26": "2", "LNT_26": "2", "BB_26": "1", "DAS_26": "1", "OP_26": "1", "UT_26": "0", "GR_26": "0", "LB_26": "0", "JBT_26": "2", "Tp_Lnts_26": "SUNGAI", "Dt_Lnts_26": "SUNGAI LURUS (STRAIGHT)", "Pnangnn_26": "BERKALA", "Pmriksn_26": "RUTIN", "Pnglola_26": "BPJN NUSA TENGGARA BARAT", "Satkr_ID26": "693915", "PPK_Name26": "PPK 2.3", "Traffic_26": null, "VCR_26": "0.243", "AADT_26": "3698.9", "Tipe_Jb_26": null, "Lat_26": -8.6323499679599998, "Long_26": 117.60968780499999, "Tgl_Ins_26": "5\/24\/2024", "Ket_26": null }, "geometry": { "type": "Point", "coordinates": [ 117.609687805, -8.63234996796 ] } },
{ "type": "Feature", "properties": { "KDRUAS_UPD": "42020", "NOJBT_UPD": "42.020.011.0", "NM_RUAS_UP": "PAL IV (KM 4.00) - KM 70.00", "NM_JBT_UPD": "KOKAR INIL I", "PROVINSI": "NUSA TENGGARA BARAT", "No_Prov_26": "42", "ID_Jbt_26": "4200185", "Kd_Ruas_26": "42020", "Suffix_26": null, "Nm_Ruas_26": "PAL IV (KM 4.00) - KM 70.00", "Lintas_26": "JALAN LINTAS PULAU SUMBAWA", "No_Jbt_26": "42.020.011.0", "Nm_Jbt_26": "KOKAR INIL I", "Status_26": "N", "Fungsi_26": "A", "Lks_Dr_26": "SBW", "Lks_km_26": 31.0, "F_STA_26": "2630", "Cadin_26": "SBW", "Pjg_Jbt_26": 10.0, "Btg_Pjg_26": 9.7, "Jml_Btg_26": "1", "Lb_Jl_Ms26": 5.37, "Lb_Jl_Kl26": 5.37, "Lb_Lalin26": 5.49, "Lb_Bh_Ki26": 0.78, "Lb_Bh_Ka26": 0.68, "Lb_Dr_Ki26": 0.2, "Lb_Dr_Ka26": 0.18, "Lb_Tr_Ki26": 1.26, "Lb_Tr_Ka26": 1.23, "Lb_TS_Ki26": 0.0, "Lb_TS_Ka26": 0.0, "Lb_Med_26": 0.0, "Lbr_Jbt_26": 9.82, "Bgn_Ats_26": "GTP", "Jns_Jbt_26": "STANDAR", "Thn_Bgn_26": "2010", "BA_26": "2", "LNT_26": "2", "BB_26": "1", "DAS_26": "0", "OP_26": "1", "UT_26": "0", "GR_26": "0", "LB_26": "0", "JBT_26": "2", "Tp_Lnts_26": "SUNGAI", "Dt_Lnts_26": "SUNGAI LURUS (STRAIGHT)", "Pnangnn_26": "BERKALA", "Pmriksn_26": "RUTIN", "Pnglola_26": "BPJN NUSA TENGGARA BARAT", "Satkr_ID26": "693915", "PPK_Name26": "PPK 2.3", "Traffic_26": null, "VCR_26": "0.243", "AADT_26": "3698.9", "Tipe_Jb_26": null, "Lat_26": -8.6288995742800001, "Long_26": 117.61566925, "Tgl_Ins_26": "5\/24\/2024", "Ket_26": null }, "geometry": { "type": "Point", "coordinates": [ 117.61566925, -8.62889957428 ] } },
{ "type": "Feature", "properties": { "KDRUAS_UPD": "42020", "NOJBT_UPD": "42.020.012.0", "NM_RUAS_UP": "PAL IV (KM 4.00) - KM 70.00", "NM_JBT_UPD": "KOKAR INIL II", "PROVINSI": "NUSA TENGGARA BARAT", "No_Prov_26": "42", "ID_Jbt_26": "4200186", "Kd_Ruas_26": "42020", "Suffix_26": null, "Nm_Ruas_26": "PAL IV (KM 4.00) - KM 70.00", "Lintas_26": "JALAN LINTAS PULAU SUMBAWA", "No_Jbt_26": "42.020.012.0", "Nm_Jbt_26": "KOKAR INIL II", "Status_26": "N", "Fungsi_26": "A", "Lks_Dr_26": "SBW", "Lks_km_26": 323.0, "F_STA_26": "2760", "Cadin_26": "SBW", "Pjg_Jbt_26": 6.0, "Btg_Pjg_26": 5.058, "Jml_Btg_26": "1", "Lb_Jl_Ms26": 5.7, "Lb_Jl_Kl26": 5.7, "Lb_Lalin26": 5.82, "Lb_Bh_Ki26": 1.08, "Lb_Bh_Ka26": 1.92, "Lb_Dr_Ki26": 0.0, "Lb_Dr_Ka26": 0.0, "Lb_Tr_Ki26": 1.44, "Lb_Tr_Ka26": 1.23, "Lb_TS_Ki26": 0.0, "Lb_TS_Ka26": 0.0, "Lb_Med_26": 0.0, "Lbr_Jbt_26": 11.49, "Bgn_Ats_26": "PTP", "Jns_Jbt_26": "STANDAR", "Thn_Bgn_26": "1966", "BA_26": "2", "LNT_26": "1", "BB_26": "2", "DAS_26": "1", "OP_26": "0", "UT_26": "0", "GR_26": "0", "LB_26": "0", "JBT_26": "2", "Tp_Lnts_26": "SUNGAI", "Dt_Lnts_26": "SUNGAI LURUS (STRAIGHT)", "Pnangnn_26": "BERKALA", "Pmriksn_26": "RUTIN", "Pnglola_26": "BPJN NUSA TENGGARA BARAT", "Satkr_ID26": "693915", "PPK_Name26": "PPK 2.3", "Traffic_26": null, "VCR_26": "0.243", "AADT_26": "3698.9", "Tipe_Jb_26": null, "Lat_26": -8.6252202987699995, "Long_26": 117.62664032000001, "Tgl_Ins_26": "5\/22\/2025", "Ket_26": null }, "geometry": { "type": "Point", "coordinates": [ 117.62664032, -8.62522029877 ] } },
{ "type": "Feature", "properties": { "KDRUAS_UPD": "42020", "NOJBT_UPD": "42.020.013.0", "NM_RUAS_UP": "PAL IV (KM 4.00) - KM 70.00", "NM_JBT_UPD": "BANGKOANG", "PROVINSI": "NUSA TENGGARA BARAT", "No_Prov_26": "42", "ID_Jbt_26": "4200187", "Kd_Ruas_26": "42020", "Suffix_26": null, "Nm_Ruas_26": "PAL IV (KM 4.00) - KM 70.00", "Lintas_26": "JALAN LINTAS PULAU SUMBAWA", "No_Jbt_26": "42.020.013.0", "Nm_Jbt_26": "BANGKOANG", "Status_26": "N", "Fungsi_26": "A", "Lks_Dr_26": "SBW", "Lks_km_26": 3335.0, "F_STA_26": "2870", "Cadin_26": "SBW", "Pjg_Jbt_26": 12.0, "Btg_Pjg_26": 11.75, "Jml_Btg_26": "1", "Lb_Jl_Ms26": 6.18, "Lb_Jl_Kl26": 6.18, "Lb_Lalin26": 6.3, "Lb_Bh_Ki26": 0.28, "Lb_Bh_Ka26": 0.23, "Lb_Dr_Ki26": 0.2, "Lb_Dr_Ka26": 0.22, "Lb_Tr_Ki26": 0.8, "Lb_Tr_Ka26": 0.83, "Lb_TS_Ki26": 0.265, "Lb_TS_Ka26": 0.27, "Lb_Med_26": 0.0, "Lbr_Jbt_26": 9.395, "Bgn_Ats_26": "GTP", "Jns_Jbt_26": "STANDAR", "Thn_Bgn_26": "2013", "BA_26": "1", "LNT_26": "0", "BB_26": "1", "DAS_26": "1", "OP_26": "1", "UT_26": "0", "GR_26": "0", "LB_26": "0", "JBT_26": "1", "Tp_Lnts_26": "SUNGAI", "Dt_Lnts_26": "SUNGAI LURUS (STRAIGHT)", "Pnangnn_26": "RUTIN", "Pmriksn_26": "RUTIN", "Pnglola_26": "BPJN NUSA TENGGARA BARAT", "Satkr_ID26": "693915", "PPK_Name26": "PPK 2.3", "Traffic_26": null, "VCR_26": "0.243", "AADT_26": "3698.9", "Tipe_Jb_26": null, "Lat_26": -8.6266803741500002, "Long_26": 117.63620758099999, "Tgl_Ins_26": "5\/24\/2024", "Ket_26": null }, "geometry": { "type": "Point", "coordinates": [ 117.636207581, -8.62668037415 ] } },
{ "type": "Feature", "properties": { "KDRUAS_UPD": "42020", "NOJBT_UPD": "42.020.014.0", "NM_RUAS_UP": "PAL IV (KM 4.00) - KM 70.00", "NM_JBT_UPD": "UMA BALONG", "PROVINSI": "NUSA TENGGARA BARAT", "No_Prov_26": "42", "ID_Jbt_26": "4200188", "Kd_Ruas_26": "42020", "Suffix_26": null, "Nm_Ruas_26": "PAL IV (KM 4.00) - KM 70.00", "Lintas_26": "JALAN LINTAS PULAU SUMBAWA", "No_Jbt_26": "42.020.014.0", "Nm_Jbt_26": "UMA BALONG", "Status_26": "N", "Fungsi_26": "A", "Lks_Dr_26": "SBW", "Lks_km_26": 347.0, "F_STA_26": "3000", "Cadin_26": "SBW", "Pjg_Jbt_26": 12.7, "Btg_Pjg_26": 12.5, "Jml_Btg_26": "1", "Lb_Jl_Ms26": 5.2, "Lb_Jl_Kl26": 5.2, "Lb_Lalin26": 5.32, "Lb_Bh_Ki26": 0.69, "Lb_Bh_Ka26": 0.69, "Lb_Dr_Ki26": 0.14, "Lb_Dr_Ka26": 0.15, "Lb_Tr_Ki26": 1.29, "Lb_Tr_Ka26": 1.28, "Lb_TS_Ki26": 0.0, "Lb_TS_Ka26": 0.0, "Lb_Med_26": 0.36, "Lbr_Jbt_26": 9.92, "Bgn_Ats_26": "GTP", "Jns_Jbt_26": "STANDAR", "Thn_Bgn_26": "1994", "BA_26": "2", "LNT_26": "2", "BB_26": "1", "DAS_26": "1", "OP_26": "1", "UT_26": "0", "GR_26": "0", "LB_26": "0", "JBT_26": "2", "Tp_Lnts_26": "SUNGAI", "Dt_Lnts_26": "SUNGAI LURUS (STRAIGHT)", "Pnangnn_26": "BERKALA", "Pmriksn_26": "RUTIN", "Pnglola_26": "BPJN NUSA TENGGARA BARAT", "Satkr_ID26": "693915", "PPK_Name26": "PPK 2.3", "Traffic_26": null, "VCR_26": "0.243", "AADT_26": "3698.9", "Tipe_Jb_26": null, "Lat_26": -8.6302795410200002, "Long_26": 117.647453308, "Tgl_Ins_26": "5\/24\/2024", "Ket_26": null }, "geometry": { "type": "Point", "coordinates": [ 117.647453308, -8.63027954102 ] } },
{ "type": "Feature", "properties": { "KDRUAS_UPD": "42020", "NOJBT_UPD": "42.020.019.0", "NM_RUAS_UP": "PAL IV (KM 4.00) - KM 70.00", "NM_JBT_UPD": "BRANG SIMU", "PROVINSI": "NUSA TENGGARA BARAT", "No_Prov_26": "42", "ID_Jbt_26": "4200193", "Kd_Ruas_26": "42020", "Suffix_26": null, "Nm_Ruas_26": "PAL IV (KM 4.00) - KM 70.00", "Lintas_26": "JALAN LINTAS PULAU SUMBAWA", "No_Jbt_26": "42.020.019.0", "Nm_Jbt_26": "BRANG SIMU", "Status_26": "N", "Fungsi_26": "A", "Lks_Dr_26": "SBW", "Lks_km_26": 417.0, "F_STA_26": "3710", "Cadin_26": "SBW", "Pjg_Jbt_26": 41.6, "Btg_Pjg_26": 41.0, "Jml_Btg_26": "1", "Lb_Jl_Ms26": 5.03, "Lb_Jl_Kl26": 5.03, "Lb_Lalin26": 5.15, "Lb_Bh_Ki26": 0.19, "Lb_Bh_Ka26": 0.18, "Lb_Dr_Ki26": 0.11, "Lb_Dr_Ka26": 0.12, "Lb_Tr_Ki26": 0.51, "Lb_Tr_Ka26": 0.5, "Lb_TS_Ki26": 0.0, "Lb_TS_Ka26": 0.0, "Lb_Med_26": 0.36, "Lbr_Jbt_26": 7.12, "Bgn_Ats_26": "RBP", "Jns_Jbt_26": "STANDAR", "Thn_Bgn_26": "1987", "BA_26": "2", "LNT_26": "2", "BB_26": "1", "DAS_26": "1", "OP_26": "1", "UT_26": "0", "GR_26": "0", "LB_26": "0", "JBT_26": "2", "Tp_Lnts_26": "SUNGAI", "Dt_Lnts_26": "SUNGAI LURUS (STRAIGHT)", "Pnangnn_26": "BERKALA", "Pmriksn_26": "RUTIN", "Pnglola_26": "BPJN NUSA TENGGARA BARAT", "Satkr_ID26": "693915", "PPK_Name26": "PPK 2.3", "Traffic_26": null, "VCR_26": "0.243", "AADT_26": "3698.9", "Tipe_Jb_26": null, "Lat_26": -8.6672000884999996, "Long_26": 117.693397522, "Tgl_Ins_26": "5\/27\/2024", "Ket_26": null }, "geometry": { "type": "Point", "coordinates": [ 117.693397522, -8.6672000885 ] } },
{ "type": "Feature", "properties": { "KDRUAS_UPD": "42020", "NOJBT_UPD": "42.020.020.0", "NM_RUAS_UP": "PAL IV (KM 4.00) - KM 70.00", "NM_JBT_UPD": "MARONGGE I", "PROVINSI": "NUSA TENGGARA BARAT", "No_Prov_26": "42", "ID_Jbt_26": "4200194", "Kd_Ruas_26": "42020", "Suffix_26": null, "Nm_Ruas_26": "PAL IV (KM 4.00) - KM 70.00", "Lintas_26": "JALAN LINTAS PULAU SUMBAWA", "No_Jbt_26": "42.020.020.0", "Nm_Jbt_26": "MARONGGE I", "Status_26": "N", "Fungsi_26": "A", "Lks_Dr_26": "SBW", "Lks_km_26": 4559.0, "F_STA_26": "4090", "Cadin_26": "SBW", "Pjg_Jbt_26": 23.0, "Btg_Pjg_26": 3.54, "Jml_Btg_26": "6", "Lb_Jl_Ms26": 5.57, "Lb_Jl_Kl26": 5.57, "Lb_Lalin26": 5.69, "Lb_Bh_Ki26": 0.33, "Lb_Bh_Ka26": 0.33, "Lb_Dr_Ki26": 0.0, "Lb_Dr_Ka26": 0.0, "Lb_Tr_Ki26": 2.68, "Lb_Tr_Ka26": 2.275, "Lb_TS_Ki26": 0.0, "Lb_TS_Ka26": 0.0, "Lb_Med_26": 0.0, "Lbr_Jbt_26": 11.305, "Bgn_Ats_26": "BTP", "Jns_Jbt_26": "STANDAR", "Thn_Bgn_26": "2011", "BA_26": "0", "LNT_26": "0", "BB_26": "0", "DAS_26": "2", "OP_26": "0", "UT_26": "1", "GR_26": "0", "LB_26": "0", "JBT_26": "2", "Tp_Lnts_26": "SUNGAI", "Dt_Lnts_26": "SUNGAI LURUS (STRAIGHT)", "Pnangnn_26": "BERKALA", "Pmriksn_26": "RUTIN", "Pnglola_26": "BPJN NUSA TENGGARA BARAT", "Satkr_ID26": "693915", "PPK_Name26": "PPK 2.3", "Traffic_26": null, "VCR_26": "0.243", "AADT_26": "3698.9", "Tipe_Jb_26": null, "Lat_26": -8.6845703125, "Long_26": 117.713783264, "Tgl_Ins_26": "5\/27\/2024", "Ket_26": null }, "geometry": { "type": "Point", "coordinates": [ 117.713783264, -8.6845703125 ] } },
{ "type": "Feature", "properties": { "KDRUAS_UPD": "42020", "NOJBT_UPD": "42.020.021.0", "NM_RUAS_UP": "PAL IV (KM 4.00) - KM 70.00", "NM_JBT_UPD": "MARONGGE II", "PROVINSI": "NUSA TENGGARA BARAT", "No_Prov_26": "42", "ID_Jbt_26": "4200195", "Kd_Ruas_26": "42020", "Suffix_26": null, "Nm_Ruas_26": "PAL IV (KM 4.00) - KM 70.00", "Lintas_26": "JALAN LINTAS PULAU SUMBAWA", "No_Jbt_26": "42.020.021.0", "Nm_Jbt_26": "MARONGGE II", "Status_26": "N", "Fungsi_26": "A", "Lks_Dr_26": "SBW", "Lks_km_26": 456.0, "F_STA_26": "4110", "Cadin_26": "SBW", "Pjg_Jbt_26": 6.0, "Btg_Pjg_26": 4.84, "Jml_Btg_26": "1", "Lb_Jl_Ms26": 5.72, "Lb_Jl_Kl26": 5.72, "Lb_Lalin26": 5.84, "Lb_Bh_Ki26": 0.25, "Lb_Bh_Ka26": 0.25, "Lb_Dr_Ki26": 0.0, "Lb_Dr_Ka26": 0.0, "Lb_Tr_Ki26": 1.4, "Lb_Tr_Ka26": 1.64, "Lb_TS_Ki26": 0.0, "Lb_TS_Ka26": 0.0, "Lb_Med_26": 0.0, "Lbr_Jbt_26": 9.38, "Bgn_Ats_26": "PTP", "Jns_Jbt_26": "STANDAR", "Thn_Bgn_26": "1966", "BA_26": "2", "LNT_26": "2", "BB_26": "0", "DAS_26": "3", "OP_26": "2", "UT_26": "0", "GR_26": "0", "LB_26": "0", "JBT_26": "3", "Tp_Lnts_26": "SUNGAI", "Dt_Lnts_26": "SUNGAI LURUS (STRAIGHT)", "Pnangnn_26": "BERKALA", "Pmriksn_26": "DETAIL", "Pnglola_26": "BPJN NUSA TENGGARA BARAT", "Satkr_ID26": "693915", "PPK_Name26": "PPK 2.3", "Traffic_26": null, "VCR_26": "0.243", "AADT_26": "3698.9", "Tipe_Jb_26": null, "Lat_26": -8.6854896545399995, "Long_26": 117.715072632, "Tgl_Ins_26": "6\/4\/2026", "Ket_26": null }, "geometry": { "type": "Point", "coordinates": [ 117.715072632, -8.68548965454 ] } },
{ "type": "Feature", "properties": { "KDRUAS_UPD": "42020", "NOJBT_UPD": "42.020.022.0", "NM_RUAS_UP": "PAL IV (KM 4.00) - KM 70.00", "NM_JBT_UPD": "BRANG KOLONG", "PROVINSI": "NUSA TENGGARA BARAT", "No_Prov_26": "42", "ID_Jbt_26": "4200196", "Kd_Ruas_26": "42020", "Suffix_26": null, "Nm_Ruas_26": "PAL IV (KM 4.00) - KM 70.00", "Lintas_26": "JALAN LINTAS PULAU SUMBAWA", "No_Jbt_26": "42.020.022.0", "Nm_Jbt_26": "BRANG KOLONG", "Status_26": "N", "Fungsi_26": "A", "Lks_Dr_26": "SBW", "Lks_km_26": 4865.0, "F_STA_26": "4400", "Cadin_26": "SBW", "Pjg_Jbt_26": 24.4, "Btg_Pjg_26": 5.32, "Jml_Btg_26": "4", "Lb_Jl_Ms26": 5.7, "Lb_Jl_Kl26": 5.7, "Lb_Lalin26": 5.82, "Lb_Bh_Ki26": 1.1, "Lb_Bh_Ka26": 0.91, "Lb_Dr_Ki26": 0.11, "Lb_Dr_Ka26": 0.11, "Lb_Tr_Ki26": 1.29, "Lb_Tr_Ka26": 1.26, "Lb_TS_Ki26": 0.0, "Lb_TS_Ka26": 0.0, "Lb_Med_26": 0.0, "Lbr_Jbt_26": 10.6, "Bgn_Ats_26": "BTP", "Jns_Jbt_26": "STANDAR", "Thn_Bgn_26": "1994", "BA_26": "1", "LNT_26": "1", "BB_26": "0", "DAS_26": "1", "OP_26": "1", "UT_26": "1", "GR_26": "0", "LB_26": "0", "JBT_26": "1", "Tp_Lnts_26": "SUNGAI", "Dt_Lnts_26": "SUNGAI LURUS (STRAIGHT)", "Pnangnn_26": "RUTIN", "Pmriksn_26": "RUTIN", "Pnglola_26": "BPJN NUSA TENGGARA BARAT", "Satkr_ID26": "693915", "PPK_Name26": "PPK 2.3", "Traffic_26": null, "VCR_26": "0.243", "AADT_26": "3698.9", "Tipe_Jb_26": null, "Lat_26": -8.7042398452800001, "Long_26": 117.731491089, "Tgl_Ins_26": "5\/27\/2024", "Ket_26": null }, "geometry": { "type": "Point", "coordinates": [ 117.731491089, -8.70423984528 ] } },
{ "type": "Feature", "properties": { "KDRUAS_UPD": "42020", "NOJBT_UPD": "42.020.023.0", "NM_RUAS_UP": "PAL IV (KM 4.00) - KM 70.00", "NM_JBT_UPD": "MUIR I", "PROVINSI": "NUSA TENGGARA BARAT", "No_Prov_26": "42", "ID_Jbt_26": "4200197", "Kd_Ruas_26": "42020", "Suffix_26": null, "Nm_Ruas_26": "PAL IV (KM 4.00) - KM 70.00", "Lintas_26": "JALAN LINTAS PULAU SUMBAWA", "No_Jbt_26": "42.020.023.0", "Nm_Jbt_26": "MUIR I", "Status_26": "N", "Fungsi_26": "A", "Lks_Dr_26": "SBW", "Lks_km_26": 541.0, "F_STA_26": "4940", "Cadin_26": "SBW", "Pjg_Jbt_26": 11.0, "Btg_Pjg_26": 10.8, "Jml_Btg_26": "1", "Lb_Jl_Ms26": 5.4, "Lb_Jl_Kl26": 5.4, "Lb_Lalin26": 5.52, "Lb_Bh_Ki26": 0.86, "Lb_Bh_Ka26": 0.5, "Lb_Dr_Ki26": 0.14, "Lb_Dr_Ka26": 0.2, "Lb_Tr_Ki26": 1.28, "Lb_Tr_Ka26": 1.3, "Lb_TS_Ki26": 0.0, "Lb_TS_Ka26": 0.0, "Lb_Med_26": 0.0, "Lbr_Jbt_26": 9.8, "Bgn_Ats_26": "GTP", "Jns_Jbt_26": "STANDAR", "Thn_Bgn_26": "2008", "BA_26": "2", "LNT_26": "2", "BB_26": "1", "DAS_26": "2", "OP_26": "2", "UT_26": "0", "GR_26": "0", "LB_26": "0", "JBT_26": "2", "Tp_Lnts_26": "SUNGAI", "Dt_Lnts_26": "SUNGAI LURUS (STRAIGHT)", "Pnangnn_26": "RUTIN", "Pmriksn_26": "DETAIL", "Pnglola_26": "BPJN NUSA TENGGARA BARAT", "Satkr_ID26": "693915", "PPK_Name26": "PPK 2.3", "Traffic_26": null, "VCR_26": "0.243", "AADT_26": "3698.9", "Tipe_Jb_26": null, "Lat_26": -8.7472095489499999, "Long_26": 117.7289505, "Tgl_Ins_26": "5\/3\/2026", "Ket_26": null }, "geometry": { "type": "Point", "coordinates": [ 117.7289505, -8.74720954895 ] } },
{ "type": "Feature", "properties": { "KDRUAS_UPD": "42020", "NOJBT_UPD": "42.020.024.0", "NM_RUAS_UP": "PAL IV (KM 4.00) - KM 70.00", "NM_JBT_UPD": "MUIR II", "PROVINSI": "NUSA TENGGARA BARAT", "No_Prov_26": "42", "ID_Jbt_26": "4200198", "Kd_Ruas_26": "42020", "Suffix_26": null, "Nm_Ruas_26": "PAL IV (KM 4.00) - KM 70.00", "Lintas_26": "JALAN LINTAS PULAU SUMBAWA", "No_Jbt_26": "42.020.024.0", "Nm_Jbt_26": "MUIR II", "Status_26": "N", "Fungsi_26": "A", "Lks_Dr_26": "SBW", "Lks_km_26": 545.0, "F_STA_26": "4980", "Cadin_26": "SBW", "Pjg_Jbt_26": 11.0, "Btg_Pjg_26": 10.7, "Jml_Btg_26": "1", "Lb_Jl_Ms26": 5.45, "Lb_Jl_Kl26": 5.45, "Lb_Lalin26": 5.57, "Lb_Bh_Ki26": 1.09, "Lb_Bh_Ka26": 0.46, "Lb_Dr_Ki26": 0.21, "Lb_Dr_Ka26": 0.21, "Lb_Tr_Ki26": 1.2, "Lb_Tr_Ka26": 1.2, "Lb_TS_Ki26": 0.0, "Lb_TS_Ka26": 0.0, "Lb_Med_26": 0.0, "Lbr_Jbt_26": 9.94, "Bgn_Ats_26": "GTP", "Jns_Jbt_26": "STANDAR", "Thn_Bgn_26": "2008", "BA_26": "2", "LNT_26": "1", "BB_26": "2", "DAS_26": "1", "OP_26": "0", "UT_26": "0", "GR_26": "0", "LB_26": "0", "JBT_26": "2", "Tp_Lnts_26": "SUNGAI", "Dt_Lnts_26": "SUNGAI LURUS (STRAIGHT)", "Pnangnn_26": "BERKALA", "Pmriksn_26": "DETAIL", "Pnglola_26": "BPJN NUSA TENGGARA BARAT", "Satkr_ID26": "693915", "PPK_Name26": "PPK 2.3", "Traffic_26": null, "VCR_26": "0.243", "AADT_26": "3698.9", "Tipe_Jb_26": null, "Lat_26": -8.7497196197499996, "Long_26": 117.73178100600001, "Tgl_Ins_26": "5\/3\/2026", "Ket_26": null }, "geometry": { "type": "Point", "coordinates": [ 117.731781006, -8.74971961975 ] } },
{ "type": "Feature", "properties": { "KDRUAS_UPD": "42020", "NOJBT_UPD": "42.020.026.0", "NM_RUAS_UP": "PAL IV (KM 4.00) - KM 70.00", "NM_JBT_UPD": "JOMPONG I", "PROVINSI": "NUSA TENGGARA BARAT", "No_Prov_26": "42", "ID_Jbt_26": "4200200", "Kd_Ruas_26": "42020", "Suffix_26": null, "Nm_Ruas_26": "PAL IV (KM 4.00) - KM 70.00", "Lintas_26": "JALAN LINTAS PULAU SUMBAWA", "No_Jbt_26": "42.020.026.0", "Nm_Jbt_26": "JOMPONG I", "Status_26": "N", "Fungsi_26": "A", "Lks_Dr_26": "SBW", "Lks_km_26": 568.0, "F_STA_26": "5160", "Cadin_26": "SBW", "Pjg_Jbt_26": 6.7, "Btg_Pjg_26": 6.56, "Jml_Btg_26": "1", "Lb_Jl_Ms26": 5.47, "Lb_Jl_Kl26": 5.47, "Lb_Lalin26": 5.59, "Lb_Bh_Ki26": 0.68, "Lb_Bh_Ka26": 0.95, "Lb_Dr_Ki26": 0.23, "Lb_Dr_Ka26": 0.2, "Lb_Tr_Ki26": 1.14, "Lb_Tr_Ka26": 1.15, "Lb_TS_Ki26": 0.0, "Lb_TS_Ka26": 0.0, "Lb_Med_26": 0.0, "Lbr_Jbt_26": 9.94, "Bgn_Ats_26": "GTP", "Jns_Jbt_26": "STANDAR", "Thn_Bgn_26": "1966", "BA_26": "2", "LNT_26": "2", "BB_26": "2", "DAS_26": "2", "OP_26": "2", "UT_26": "0", "GR_26": "0", "LB_26": "0", "JBT_26": "2", "Tp_Lnts_26": "SUNGAI", "Dt_Lnts_26": "SUNGAI LURUS (STRAIGHT)", "Pnangnn_26": "RUTIN", "Pmriksn_26": "DETAIL", "Pnglola_26": "BPJN NUSA TENGGARA BARAT", "Satkr_ID26": "693915", "PPK_Name26": "PPK 2.3", "Traffic_26": null, "VCR_26": "0.243", "AADT_26": "3698.9", "Tipe_Jb_26": null, "Lat_26": -8.7594604492200006, "Long_26": 117.74266815199999, "Tgl_Ins_26": "5\/3\/2026", "Ket_26": null }, "geometry": { "type": "Point", "coordinates": [ 117.742668152, -8.759460449220001 ] } },
{ "type": "Feature", "properties": { "KDRUAS_UPD": "42020", "NOJBT_UPD": "42.020.027.0", "NM_RUAS_UP": "PAL IV (KM 4.00) - KM 70.00", "NM_JBT_UPD": "JOMPONG II", "PROVINSI": "NUSA TENGGARA BARAT", "No_Prov_26": "42", "ID_Jbt_26": "4200201", "Kd_Ruas_26": "42020", "Suffix_26": null, "Nm_Ruas_26": "PAL IV (KM 4.00) - KM 70.00", "Lintas_26": "JALAN LINTAS PULAU SUMBAWA", "No_Jbt_26": "42.020.027.0", "Nm_Jbt_26": "JOMPONG II", "Status_26": "N", "Fungsi_26": "A", "Lks_Dr_26": "SBW", "Lks_km_26": 581.0, "F_STA_26": "5350", "Cadin_26": "SBW", "Pjg_Jbt_26": 7.4, "Btg_Pjg_26": 3.54, "Jml_Btg_26": "2", "Lb_Jl_Ms26": 5.53, "Lb_Jl_Kl26": 5.53, "Lb_Lalin26": 5.65, "Lb_Bh_Ki26": 12.87, "Lb_Bh_Ka26": 7.47, "Lb_Dr_Ki26": 0.0, "Lb_Dr_Ka26": 0.0, "Lb_Tr_Ki26": 0.0, "Lb_Tr_Ka26": 0.0, "Lb_TS_Ki26": 0.38, "Lb_TS_Ka26": 0.21, "Lb_Med_26": 0.0, "Lbr_Jbt_26": 26.58, "Bgn_Ats_26": "BTP", "Jns_Jbt_26": "STANDAR", "Thn_Bgn_26": "2012", "BA_26": "1", "LNT_26": "0", "BB_26": "0", "DAS_26": "2", "OP_26": "0", "UT_26": "0", "GR_26": "1", "LB_26": "0", "JBT_26": "2", "Tp_Lnts_26": "SUNGAI", "Dt_Lnts_26": "SUNGAI LURUS (STRAIGHT)", "Pnangnn_26": "RUTIN", "Pmriksn_26": "RUTIN", "Pnglola_26": "BPJN NUSA TENGGARA BARAT", "Satkr_ID26": "693915", "PPK_Name26": "PPK 2.3", "Traffic_26": null, "VCR_26": "0.243", "AADT_26": "3698.9", "Tipe_Jb_26": null, "Lat_26": -8.7695503234899999, "Long_26": 117.755889893, "Tgl_Ins_26": "5\/24\/2025", "Ket_26": null }, "geometry": { "type": "Point", "coordinates": [ 117.755889893, -8.76955032349 ] } },
{ "type": "Feature", "properties": { "KDRUAS_UPD": "42020", "NOJBT_UPD": "42.020.028.0", "NM_RUAS_UP": "PAL IV (KM 4.00) - KM 70.00", "NM_JBT_UPD": "SEJARI I", "PROVINSI": "NUSA TENGGARA BARAT", "No_Prov_26": "42", "ID_Jbt_26": "4200202", "Kd_Ruas_26": "42020", "Suffix_26": null, "Nm_Ruas_26": "PAL IV (KM 4.00) - KM 70.00", "Lintas_26": "JALAN LINTAS PULAU SUMBAWA", "No_Jbt_26": "42.020.028.0", "Nm_Jbt_26": "SEJARI I", "Status_26": "N", "Fungsi_26": "A", "Lks_Dr_26": "SBW", "Lks_km_26": 591.0, "F_STA_26": "5440", "Cadin_26": "SBW", "Pjg_Jbt_26": 11.0, "Btg_Pjg_26": 3.05, "Jml_Btg_26": "3", "Lb_Jl_Ms26": 5.78, "Lb_Jl_Kl26": 5.78, "Lb_Lalin26": 5.9, "Lb_Bh_Ki26": 4.55, "Lb_Bh_Ka26": 2.75, "Lb_Dr_Ki26": 0.0, "Lb_Dr_Ka26": 0.0, "Lb_Tr_Ki26": 0.2, "Lb_Tr_Ka26": 0.2, "Lb_TS_Ki26": 0.0, "Lb_TS_Ka26": 0.0, "Lb_Med_26": 0.0, "Lbr_Jbt_26": 13.6, "Bgn_Ats_26": "BTP", "Jns_Jbt_26": "STANDAR", "Thn_Bgn_26": "2012", "BA_26": "0", "LNT_26": "0", "BB_26": "0", "DAS_26": "0", "OP_26": "1", "UT_26": "0", "GR_26": "1", "LB_26": "0", "JBT_26": "1", "Tp_Lnts_26": "SUNGAI", "Dt_Lnts_26": "SUNGAI LURUS (STRAIGHT)", "Pnangnn_26": "RUTIN", "Pmriksn_26": "RUTIN", "Pnglola_26": "BPJN NUSA TENGGARA BARAT", "Satkr_ID26": "693915", "PPK_Name26": "PPK 2.3", "Traffic_26": null, "VCR_26": "0.243", "AADT_26": "3698.9", "Tipe_Jb_26": null, "Lat_26": -8.7772197723400005, "Long_26": 117.759147644, "Tgl_Ins_26": "5\/24\/2025", "Ket_26": null }, "geometry": { "type": "Point", "coordinates": [ 117.759147644, -8.777219772340001 ] } },
{ "type": "Feature", "properties": { "KDRUAS_UPD": "42020", "NOJBT_UPD": "42.020.029.0", "NM_RUAS_UP": "PAL IV (KM 4.00) - KM 70.00", "NM_JBT_UPD": "SEJARI II", "PROVINSI": "NUSA TENGGARA BARAT", "No_Prov_26": "42", "ID_Jbt_26": "4200203", "Kd_Ruas_26": "42020", "Suffix_26": null, "Nm_Ruas_26": "PAL IV (KM 4.00) - KM 70.00", "Lintas_26": "JALAN LINTAS PULAU SUMBAWA", "No_Jbt_26": "42.020.029.0", "Nm_Jbt_26": "SEJARI II", "Status_26": "N", "Fungsi_26": "A", "Lks_Dr_26": "SBW", "Lks_km_26": 597.0, "F_STA_26": "5500", "Cadin_26": "SBW", "Pjg_Jbt_26": 7.1, "Btg_Pjg_26": 6.3, "Jml_Btg_26": "1", "Lb_Jl_Ms26": 6.24, "Lb_Jl_Kl26": 6.24, "Lb_Lalin26": 6.36, "Lb_Bh_Ki26": 0.34, "Lb_Bh_Ka26": 0.86, "Lb_Dr_Ki26": 0.4, "Lb_Dr_Ka26": 0.16, "Lb_Tr_Ki26": 1.28, "Lb_Tr_Ka26": 1.7, "Lb_TS_Ki26": 0.0, "Lb_TS_Ka26": 0.0, "Lb_Med_26": 0.0, "Lbr_Jbt_26": 11.1, "Bgn_Ats_26": "GTP", "Jns_Jbt_26": "STANDAR", "Thn_Bgn_26": "1997", "BA_26": "2", "LNT_26": "2", "BB_26": "1", "DAS_26": "2", "OP_26": "2", "UT_26": "0", "GR_26": "0", "LB_26": "0", "JBT_26": "2", "Tp_Lnts_26": "SUNGAI", "Dt_Lnts_26": "SUNGAI LURUS (STRAIGHT)", "Pnangnn_26": "RUTIN", "Pmriksn_26": "DETAIL", "Pnglola_26": "BPJN NUSA TENGGARA BARAT", "Satkr_ID26": "693915", "PPK_Name26": "PPK 2.3", "Traffic_26": null, "VCR_26": "0.243", "AADT_26": "3698.9", "Tipe_Jb_26": null, "Lat_26": -8.7794599533100008, "Long_26": 117.76431274399999, "Tgl_Ins_26": "5\/3\/2026", "Ket_26": null }, "geometry": { "type": "Point", "coordinates": [ 117.764312744, -8.779459953310001 ] } },
{ "type": "Feature", "properties": { "KDRUAS_UPD": "42020", "NOJBT_UPD": "42.020.030.0", "NM_RUAS_UP": "PAL IV (KM 4.00) - KM 70.00", "NM_JBT_UPD": "BRANG SEMAN", "PROVINSI": "NUSA TENGGARA BARAT", "No_Prov_26": "42", "ID_Jbt_26": "4200204", "Kd_Ruas_26": "42020", "Suffix_26": null, "Nm_Ruas_26": "PAL IV (KM 4.00) - KM 70.00", "Lintas_26": "JALAN LINTAS PULAU SUMBAWA", "No_Jbt_26": "42.020.030.0", "Nm_Jbt_26": "BRANG SEMAN", "Status_26": "N", "Fungsi_26": "A", "Lks_Dr_26": "SBW", "Lks_km_26": 614.0, "F_STA_26": "5660", "Cadin_26": "SBW", "Pjg_Jbt_26": 15.0, "Btg_Pjg_26": 14.7, "Jml_Btg_26": "1", "Lb_Jl_Ms26": 6.08, "Lb_Jl_Kl26": 6.08, "Lb_Lalin26": 6.2, "Lb_Bh_Ki26": 0.29, "Lb_Bh_Ka26": 0.48, "Lb_Dr_Ki26": 0.11, "Lb_Dr_Ka26": 0.2, "Lb_Tr_Ki26": 1.3, "Lb_Tr_Ka26": 1.28, "Lb_TS_Ki26": 0.0, "Lb_TS_Ka26": 0.0, "Lb_Med_26": 0.0, "Lbr_Jbt_26": 9.86, "Bgn_Ats_26": "GTP", "Jns_Jbt_26": "STANDAR", "Thn_Bgn_26": "2008", "BA_26": "2", "LNT_26": "0", "BB_26": "1", "DAS_26": "1", "OP_26": "1", "UT_26": "0", "GR_26": "0", "LB_26": "0", "JBT_26": "2", "Tp_Lnts_26": "SUNGAI", "Dt_Lnts_26": "SUNGAI LURUS (STRAIGHT)", "Pnangnn_26": "BERKALA", "Pmriksn_26": "RUTIN", "Pnglola_26": "BPJN NUSA TENGGARA BARAT", "Satkr_ID26": "693915", "PPK_Name26": "PPK 2.3", "Traffic_26": null, "VCR_26": "0.243", "AADT_26": "3698.9", "Tipe_Jb_26": null, "Lat_26": -8.7912797927900002, "Long_26": 117.77187347399999, "Tgl_Ins_26": "5\/27\/2024", "Ket_26": null }, "geometry": { "type": "Point", "coordinates": [ 117.771873474, -8.79127979279 ] } },
{ "type": "Feature", "properties": { "KDRUAS_UPD": "42020", "NOJBT_UPD": "42.020.031.0", "NM_RUAS_UP": "PAL IV (KM 4.00) - KM 70.00", "NM_JBT_UPD": "BRANG PLAMPANG I", "PROVINSI": "NUSA TENGGARA BARAT", "No_Prov_26": "42", "ID_Jbt_26": "4200205", "Kd_Ruas_26": "42020", "Suffix_26": null, "Nm_Ruas_26": "PAL IV (KM 4.00) - KM 70.00", "Lintas_26": "JALAN LINTAS PULAU SUMBAWA", "No_Jbt_26": "42.020.031.0", "Nm_Jbt_26": "BRANG PLAMPANG I", "Status_26": "N", "Fungsi_26": "A", "Lks_Dr_26": "SBW", "Lks_km_26": 627.0, "F_STA_26": "5800", "Cadin_26": "SBW", "Pjg_Jbt_26": 25.0, "Btg_Pjg_26": 24.76, "Jml_Btg_26": "1", "Lb_Jl_Ms26": 4.96, "Lb_Jl_Kl26": 4.96, "Lb_Lalin26": 5.08, "Lb_Bh_Ki26": 0.31, "Lb_Bh_Ka26": 0.24, "Lb_Dr_Ki26": 0.11, "Lb_Dr_Ka26": 0.28, "Lb_Tr_Ki26": 0.53, "Lb_Tr_Ka26": 0.53, "Lb_TS_Ki26": 0.0, "Lb_TS_Ka26": 0.0, "Lb_Med_26": 0.0, "Lbr_Jbt_26": 7.08, "Bgn_Ats_26": "GBP", "Jns_Jbt_26": "STANDAR", "Thn_Bgn_26": "1988", "BA_26": "2", "LNT_26": "2", "BB_26": "1", "DAS_26": "0", "OP_26": "2", "UT_26": "0", "GR_26": "0", "LB_26": "0", "JBT_26": "2", "Tp_Lnts_26": "SUNGAI", "Dt_Lnts_26": "SUNGAI LURUS (STRAIGHT)", "Pnangnn_26": "BERKALA", "Pmriksn_26": "DETAIL", "Pnglola_26": "BPJN NUSA TENGGARA BARAT", "Satkr_ID26": "693915", "PPK_Name26": "PPK 2.3", "Traffic_26": null, "VCR_26": "0.243", "AADT_26": "3698.9", "Tipe_Jb_26": null, "Lat_26": -8.7980699539200007, "Long_26": 117.781852722, "Tgl_Ins_26": "5\/3\/2026", "Ket_26": null }, "geometry": { "type": "Point", "coordinates": [ 117.781852722, -8.798069953920001 ] } },
{ "type": "Feature", "properties": { "KDRUAS_UPD": "42020", "NOJBT_UPD": "42.020.032.0", "NM_RUAS_UP": "PAL IV (KM 4.00) - KM 70.00", "NM_JBT_UPD": "BRANG PLAMPANG II", "PROVINSI": "NUSA TENGGARA BARAT", "No_Prov_26": "42", "ID_Jbt_26": "4200206", "Kd_Ruas_26": "42020", "Suffix_26": null, "Nm_Ruas_26": "PAL IV (KM 4.00) - KM 70.00", "Lintas_26": "JALAN LINTAS PULAU SUMBAWA", "No_Jbt_26": "42.020.032.0", "Nm_Jbt_26": "BRANG PLAMPANG II", "Status_26": "N", "Fungsi_26": "A", "Lks_Dr_26": "SBW", "Lks_km_26": 647.0, "F_STA_26": "6010", "Cadin_26": "SBW", "Pjg_Jbt_26": 7.0, "Btg_Pjg_26": 2.76, "Jml_Btg_26": "2", "Lb_Jl_Ms26": 6.46, "Lb_Jl_Kl26": 6.46, "Lb_Lalin26": 6.58, "Lb_Bh_Ki26": 0.88, "Lb_Bh_Ka26": 0.68, "Lb_Dr_Ki26": 0.62, "Lb_Dr_Ka26": 0.62, "Lb_Tr_Ki26": 0.74, "Lb_Tr_Ka26": 0.76, "Lb_TS_Ki26": 0.0, "Lb_TS_Ka26": 0.0, "Lb_Med_26": 0.0, "Lbr_Jbt_26": 10.88, "Bgn_Ats_26": "PTP", "Jns_Jbt_26": "STANDAR", "Thn_Bgn_26": "1980", "BA_26": "2", "LNT_26": "1", "BB_26": "2", "DAS_26": "0", "OP_26": "2", "UT_26": "0", "GR_26": "0", "LB_26": "0", "JBT_26": "2", "Tp_Lnts_26": "SUNGAI", "Dt_Lnts_26": "SUNGAI LURUS (STRAIGHT)", "Pnangnn_26": "BERKALA", "Pmriksn_26": "RUTIN", "Pnglola_26": "BPJN NUSA TENGGARA BARAT", "Satkr_ID26": "693915", "PPK_Name26": "PPK 2.3", "Traffic_26": null, "VCR_26": "0.243", "AADT_26": "3698.9", "Tipe_Jb_26": null, "Lat_26": -8.7922296523999997, "Long_26": 117.79792022700001, "Tgl_Ins_26": "5\/27\/2024", "Ket_26": null }, "geometry": { "type": "Point", "coordinates": [ 117.797920227, -8.7922296524 ] } },
{ "type": "Feature", "properties": { "KDRUAS_UPD": "42020", "NOJBT_UPD": "42.020.033.0", "NM_RUAS_UP": "PAL IV (KM 4.00) - KM 70.00", "NM_JBT_UPD": "PRODE I", "PROVINSI": "NUSA TENGGARA BARAT", "No_Prov_26": "42", "ID_Jbt_26": "4200207", "Kd_Ruas_26": "42020", "Suffix_26": null, "Nm_Ruas_26": "PAL IV (KM 4.00) - KM 70.00", "Lintas_26": "JALAN LINTAS PULAU SUMBAWA", "No_Jbt_26": "42.020.033.0", "Nm_Jbt_26": "PRODE I", "Status_26": "N", "Fungsi_26": "A", "Lks_Dr_26": "SBW", "Lks_km_26": 66.0, "F_STA_26": "6130", "Cadin_26": "SBW", "Pjg_Jbt_26": 32.4, "Btg_Pjg_26": 16.0, "Jml_Btg_26": "2", "Lb_Jl_Ms26": 6.36, "Lb_Jl_Kl26": 6.36, "Lb_Lalin26": 6.48, "Lb_Bh_Ki26": 0.37, "Lb_Bh_Ka26": 0.22, "Lb_Dr_Ki26": 0.2, "Lb_Dr_Ka26": 0.27, "Lb_Tr_Ki26": 1.23, "Lb_Tr_Ka26": 1.22, "Lb_TS_Ki26": 0.0, "Lb_TS_Ka26": 0.0, "Lb_Med_26": 0.0, "Lbr_Jbt_26": 9.99, "Bgn_Ats_26": "GTP", "Jns_Jbt_26": "STANDAR", "Thn_Bgn_26": "1993", "BA_26": "2", "LNT_26": "2", "BB_26": "1", "DAS_26": "2", "OP_26": "2", "UT_26": "0", "GR_26": "0", "LB_26": "0", "JBT_26": "2", "Tp_Lnts_26": "SUNGAI", "Dt_Lnts_26": "SUNGAI LURUS (STRAIGHT)", "Pnangnn_26": "RUTIN", "Pmriksn_26": "DETAIL", "Pnglola_26": "BPJN NUSA TENGGARA BARAT", "Satkr_ID26": "693915", "PPK_Name26": "PPK 2.3", "Traffic_26": null, "VCR_26": "0.243", "AADT_26": "3698.9", "Tipe_Jb_26": null, "Lat_26": -8.7883195877099993, "Long_26": 117.80827331499999, "Tgl_Ins_26": "5\/4\/2026", "Ket_26": null }, "geometry": { "type": "Point", "coordinates": [ 117.808273315, -8.788319587709999 ] } },
{ "type": "Feature", "properties": { "KDRUAS_UPD": "42020", "NOJBT_UPD": "42.020.036.0", "NM_RUAS_UP": "PAL IV (KM 4.00) - KM 70.00", "NM_JBT_UPD": "SEMPROK", "PROVINSI": "NUSA TENGGARA BARAT", "No_Prov_26": "42", "ID_Jbt_26": "4200210", "Kd_Ruas_26": "42020", "Suffix_26": null, "Nm_Ruas_26": "PAL IV (KM 4.00) - KM 70.00", "Lintas_26": "JALAN LINTAS PULAU SUMBAWA", "No_Jbt_26": "42.020.036.0", "Nm_Jbt_26": "SEMPROK", "Status_26": "N", "Fungsi_26": "A", "Lks_Dr_26": "SBW", "Lks_km_26": 682.0, "F_STA_26": "6350", "Cadin_26": "SBW", "Pjg_Jbt_26": 15.0, "Btg_Pjg_26": 14.65, "Jml_Btg_26": "1", "Lb_Jl_Ms26": 6.15, "Lb_Jl_Kl26": 6.15, "Lb_Lalin26": 6.27, "Lb_Bh_Ki26": 0.29, "Lb_Bh_Ka26": 0.36, "Lb_Dr_Ki26": 0.27, "Lb_Dr_Ka26": 0.24, "Lb_Tr_Ki26": 1.32, "Lb_Tr_Ka26": 1.32, "Lb_TS_Ki26": 0.0, "Lb_TS_Ka26": 0.0, "Lb_Med_26": 0.0, "Lbr_Jbt_26": 10.07, "Bgn_Ats_26": "GTP", "Jns_Jbt_26": "STANDAR", "Thn_Bgn_26": "1987", "BA_26": "2", "LNT_26": "2", "BB_26": "1", "DAS_26": "1", "OP_26": "2", "UT_26": "0", "GR_26": "0", "LB_26": "0", "JBT_26": "2", "Tp_Lnts_26": "SUNGAI", "Dt_Lnts_26": "SUNGAI LURUS (STRAIGHT)", "Pnangnn_26": "RUTIN", "Pmriksn_26": "DETAIL", "Pnglola_26": "BPJN NUSA TENGGARA BARAT", "Satkr_ID26": "693915", "PPK_Name26": "PPK 2.3", "Traffic_26": null, "VCR_26": "0.243", "AADT_26": "3698.9", "Tipe_Jb_26": null, "Lat_26": -8.7765302658100008, "Long_26": 117.824378967, "Tgl_Ins_26": "5\/4\/2026", "Ket_26": null }, "geometry": { "type": "Point", "coordinates": [ 117.824378967, -8.776530265810001 ] } },
{ "type": "Feature", "properties": { "KDRUAS_UPD": "42021", "NOJBT_UPD": "42.021.001.0", "NM_RUAS_UP": "KM. 70.00 - BTS. KAB. DOMPU (KM.130. SBW)", "NM_JBT_UPD": "SEPAYUNG II", "PROVINSI": "NUSA TENGGARA BARAT", "No_Prov_26": "42", "ID_Jbt_26": "4200212", "Kd_Ruas_26": "42021", "Suffix_26": null, "Nm_Ruas_26": "KM. 70.00 - BTS. KAB. DOMPU (KM.130. SBW)", "Lintas_26": "JALAN LINTAS PULAU SUMBAWA", "No_Jbt_26": "42.021.001.0", "Nm_Jbt_26": "SEPAYUNG II", "Status_26": "N", "Fungsi_26": "A", "Lks_Dr_26": "SBW", "Lks_km_26": 7202.0, "F_STA_26": "200", "Cadin_26": "SBW", "Pjg_Jbt_26": 10.0, "Btg_Pjg_26": 9.37, "Jml_Btg_26": "1", "Lb_Jl_Ms26": 6.43, "Lb_Jl_Kl26": 6.43, "Lb_Lalin26": 6.55, "Lb_Bh_Ki26": 0.41, "Lb_Bh_Ka26": 0.35, "Lb_Dr_Ki26": 0.0, "Lb_Dr_Ka26": 0.0, "Lb_Tr_Ki26": 0.87, "Lb_Tr_Ka26": 0.88, "Lb_TS_Ki26": 0.3, "Lb_TS_Ka26": 0.36, "Lb_Med_26": 0.0, "Lbr_Jbt_26": 9.72, "Bgn_Ats_26": "VPP", "Jns_Jbt_26": "STANDAR", "Thn_Bgn_26": "2021", "BA_26": "2", "LNT_26": "1", "BB_26": "1", "DAS_26": "0", "OP_26": "2", "UT_26": "0", "GR_26": "0", "LB_26": "0", "JBT_26": "2", "Tp_Lnts_26": "SUNGAI", "Dt_Lnts_26": "SUNGAI LURUS (STRAIGHT)", "Pnangnn_26": "RUTIN", "Pmriksn_26": "DETAIL", "Pnglola_26": "BPJN NUSA TENGGARA BARAT", "Satkr_ID26": "693915", "PPK_Name26": "PPK 2.3", "Traffic_26": null, "VCR_26": "0.1975", "AADT_26": "2855.3", "Tipe_Jb_26": null, "Lat_26": -8.7498903274500002, "Long_26": 117.84413909900002, "Tgl_Ins_26": "5\/4\/2026", "Ket_26": null }, "geometry": { "type": "Point", "coordinates": [ 117.844139099, -8.74989032745 ] } },
{ "type": "Feature", "properties": { "KDRUAS_UPD": "42021", "NOJBT_UPD": "42.021.002.0", "NM_RUAS_UP": "KM. 70.00 - BTS. KAB. DOMPU (KM.130. SBW)", "NM_JBT_UPD": "DUNGGA I", "PROVINSI": "NUSA TENGGARA BARAT", "No_Prov_26": "42", "ID_Jbt_26": "4200213", "Kd_Ruas_26": "42021", "Suffix_26": null, "Nm_Ruas_26": "KM. 70.00 - BTS. KAB. DOMPU (KM.130. SBW)", "Lintas_26": "JALAN LINTAS PULAU SUMBAWA", "No_Jbt_26": "42.021.002.0", "Nm_Jbt_26": "DUNGGA I", "Status_26": "N", "Fungsi_26": "A", "Lks_Dr_26": "SBW", "Lks_km_26": 753.0, "F_STA_26": "510", "Cadin_26": "SBW", "Pjg_Jbt_26": 14.4, "Btg_Pjg_26": 3.0, "Jml_Btg_26": "2", "Lb_Jl_Ms26": 6.27, "Lb_Jl_Kl26": 6.27, "Lb_Lalin26": 6.39, "Lb_Bh_Ki26": 0.34, "Lb_Bh_Ka26": 0.54, "Lb_Dr_Ki26": 0.18, "Lb_Dr_Ka26": 0.3, "Lb_Tr_Ki26": 1.35, "Lb_Tr_Ka26": 1.32, "Lb_TS_Ki26": 0.52, "Lb_TS_Ka26": 0.52, "Lb_Med_26": 0.0, "Lbr_Jbt_26": 11.46, "Bgn_Ats_26": "BTP", "Jns_Jbt_26": "STANDAR", "Thn_Bgn_26": "2015", "BA_26": "2", "LNT_26": "2", "BB_26": "0", "DAS_26": "1", "OP_26": "2", "UT_26": "2", "GR_26": "0", "LB_26": "0", "JBT_26": "2", "Tp_Lnts_26": "SUNGAI", "Dt_Lnts_26": "SUNGAI LURUS (STRAIGHT)", "Pnangnn_26": "BERKALA", "Pmriksn_26": "RUTIN", "Pnglola_26": "BPJN NUSA TENGGARA BARAT", "Satkr_ID26": "693915", "PPK_Name26": "PPK 2.3", "Traffic_26": null, "VCR_26": "0.1975", "AADT_26": "2855.3", "Tipe_Jb_26": null, "Lat_26": -8.7343101501499998, "Long_26": 117.86605835, "Tgl_Ins_26": "5\/27\/2024", "Ket_26": null }, "geometry": { "type": "Point", "coordinates": [ 117.86605835, -8.73431015015 ] } },
{ "type": "Feature", "properties": { "KDRUAS_UPD": "42021", "NOJBT_UPD": "42.021.003.0", "NM_RUAS_UP": "KM. 70.00 - BTS. KAB. DOMPU (KM.130. SBW)", "NM_JBT_UPD": "DUNGGA II", "PROVINSI": "NUSA TENGGARA BARAT", "No_Prov_26": "42", "ID_Jbt_26": "4200214", "Kd_Ruas_26": "42021", "Suffix_26": null, "Nm_Ruas_26": "KM. 70.00 - BTS. KAB. DOMPU (KM.130. SBW)", "Lintas_26": "JALAN LINTAS PULAU SUMBAWA", "No_Jbt_26": "42.021.003.0", "Nm_Jbt_26": "DUNGGA II", "Status_26": "N", "Fungsi_26": "A", "Lks_Dr_26": "SBW", "Lks_km_26": 754.0, "F_STA_26": "530", "Cadin_26": "SBW", "Pjg_Jbt_26": 8.0, "Btg_Pjg_26": 3.14, "Jml_Btg_26": "2", "Lb_Jl_Ms26": 6.28, "Lb_Jl_Kl26": 6.28, "Lb_Lalin26": 6.4, "Lb_Bh_Ki26": 0.4, "Lb_Bh_Ka26": 0.37, "Lb_Dr_Ki26": 0.0, "Lb_Dr_Ka26": 0.0, "Lb_Tr_Ki26": 1.6, "Lb_Tr_Ka26": 1.75, "Lb_TS_Ki26": 0.49, "Lb_TS_Ka26": 0.46, "Lb_Med_26": 0.0, "Lbr_Jbt_26": 11.47, "Bgn_Ats_26": "PTP", "Jns_Jbt_26": "STANDAR", "Thn_Bgn_26": "1975", "BA_26": "3", "LNT_26": "0", "BB_26": "0", "DAS_26": "2", "OP_26": "0", "UT_26": "0", "GR_26": "0", "LB_26": "0", "JBT_26": "3", "Tp_Lnts_26": "SUNGAI", "Dt_Lnts_26": "SUNGAI LURUS (STRAIGHT)", "Pnangnn_26": "RUTIN", "Pmriksn_26": "INVENTARISASI", "Pnglola_26": "BPJN NUSA TENGGARA BARAT", "Satkr_ID26": "693915", "PPK_Name26": "PPK 2.3", "Traffic_26": null, "VCR_26": "0.1975", "AADT_26": "2855.3", "Tipe_Jb_26": null, "Lat_26": -8.7338600158700004, "Long_26": 117.86710357699999, "Tgl_Ins_26": "5\/4\/2026", "Ket_26": null }, "geometry": { "type": "Point", "coordinates": [ 117.867103577, -8.73386001587 ] } },
{ "type": "Feature", "properties": { "KDRUAS_UPD": "42021", "NOJBT_UPD": "42.021.004.0", "NM_RUAS_UP": "KM. 70.00 - BTS. KAB. DOMPU (KM.130. SBW)", "NM_JBT_UPD": "BAKO I", "PROVINSI": "NUSA TENGGARA BARAT", "No_Prov_26": "42", "ID_Jbt_26": "4200215", "Kd_Ruas_26": "42021", "Suffix_26": null, "Nm_Ruas_26": "KM. 70.00 - BTS. KAB. DOMPU (KM.130. SBW)", "Lintas_26": "JALAN LINTAS PULAU SUMBAWA", "No_Jbt_26": "42.021.004.0", "Nm_Jbt_26": "BAKO I", "Status_26": "N", "Fungsi_26": "A", "Lks_Dr_26": "SBW", "Lks_km_26": 7995.0, "F_STA_26": "990", "Cadin_26": "SBW", "Pjg_Jbt_26": 13.7, "Btg_Pjg_26": 13.4, "Jml_Btg_26": "1", "Lb_Jl_Ms26": 5.98, "Lb_Jl_Kl26": 5.98, "Lb_Lalin26": 6.1, "Lb_Bh_Ki26": 0.58, "Lb_Bh_Ka26": 0.63, "Lb_Dr_Ki26": 0.0, "Lb_Dr_Ka26": 0.0, "Lb_Tr_Ki26": 0.99, "Lb_Tr_Ka26": 0.98, "Lb_TS_Ki26": 0.25, "Lb_TS_Ka26": 0.3, "Lb_Med_26": 0.0, "Lbr_Jbt_26": 9.83, "Bgn_Ats_26": "VPP", "Jns_Jbt_26": "STANDAR", "Thn_Bgn_26": "2015", "BA_26": "1", "LNT_26": "1", "BB_26": "2", "DAS_26": "2", "OP_26": "2", "UT_26": "0", "GR_26": "0", "LB_26": "0", "JBT_26": "2", "Tp_Lnts_26": "SUNGAI", "Dt_Lnts_26": "SUNGAI LURUS (STRAIGHT)", "Pnangnn_26": "RUTIN", "Pmriksn_26": "DETAIL", "Pnglola_26": "BPJN NUSA TENGGARA BARAT", "Satkr_ID26": "693915", "PPK_Name26": "PPK 2.3", "Traffic_26": null, "VCR_26": "0.1975", "AADT_26": "2855.3", "Tipe_Jb_26": null, "Lat_26": -8.7365999221799999, "Long_26": 117.899497986, "Tgl_Ins_26": "5\/4\/2026", "Ket_26": null }, "geometry": { "type": "Point", "coordinates": [ 117.899497986, -8.73659992218 ] } },
{ "type": "Feature", "properties": { "KDRUAS_UPD": "42021", "NOJBT_UPD": "42.021.005.0", "NM_RUAS_UP": "KM. 70.00 - BTS. KAB. DOMPU (KM.130. SBW)", "NM_JBT_UPD": "PANDAK TALAS", "PROVINSI": "NUSA TENGGARA BARAT", "No_Prov_26": "42", "ID_Jbt_26": "4200216", "Kd_Ruas_26": "42021", "Suffix_26": null, "Nm_Ruas_26": "KM. 70.00 - BTS. KAB. DOMPU (KM.130. SBW)", "Lintas_26": "JALAN LINTAS PULAU SUMBAWA", "No_Jbt_26": "42.021.005.0", "Nm_Jbt_26": "PANDAK TALAS", "Status_26": "N", "Fungsi_26": "A", "Lks_Dr_26": "SBW", "Lks_km_26": 819.0, "F_STA_26": "1180", "Cadin_26": "SBW", "Pjg_Jbt_26": 13.0, "Btg_Pjg_26": 12.7, "Jml_Btg_26": "1", "Lb_Jl_Ms26": 6.03, "Lb_Jl_Kl26": 6.03, "Lb_Lalin26": 6.15, "Lb_Bh_Ki26": 0.38, "Lb_Bh_Ka26": 0.33, "Lb_Dr_Ki26": 0.13, "Lb_Dr_Ka26": 0.11, "Lb_Tr_Ki26": 1.0, "Lb_Tr_Ka26": 1.0, "Lb_TS_Ki26": 0.24, "Lb_TS_Ka26": 0.24, "Lb_Med_26": 0.0, "Lbr_Jbt_26": 9.58, "Bgn_Ats_26": "VPP", "Jns_Jbt_26": "STANDAR", "Thn_Bgn_26": "2018", "BA_26": "2", "LNT_26": "2", "BB_26": "0", "DAS_26": "2", "OP_26": "2", "UT_26": "0", "GR_26": "0", "LB_26": "0", "JBT_26": "2", "Tp_Lnts_26": "SUNGAI", "Dt_Lnts_26": "SUNGAI LURUS (STRAIGHT)", "Pnangnn_26": "BERKALA", "Pmriksn_26": "RUTIN", "Pnglola_26": "BPJN NUSA TENGGARA BARAT", "Satkr_ID26": "693915", "PPK_Name26": "PPK 2.3", "Traffic_26": null, "VCR_26": "0.1975", "AADT_26": "2855.3", "Tipe_Jb_26": null, "Lat_26": -8.7466201782200006, "Long_26": 117.91001129199999, "Tgl_Ins_26": "5\/28\/2024", "Ket_26": null }, "geometry": { "type": "Point", "coordinates": [ 117.910011292, -8.746620178220001 ] } },
{ "type": "Feature", "properties": { "KDRUAS_UPD": "42021", "NOJBT_UPD": "42.021.006.0", "NM_RUAS_UP": "KM. 70.00 - BTS. KAB. DOMPU (KM.130. SBW)", "NM_JBT_UPD": "NANGA REAK", "PROVINSI": "NUSA TENGGARA BARAT", "No_Prov_26": "42", "ID_Jbt_26": "4200217", "Kd_Ruas_26": "42021", "Suffix_26": null, "Nm_Ruas_26": "KM. 70.00 - BTS. KAB. DOMPU (KM.130. SBW)", "Lintas_26": "JALAN LINTAS PULAU SUMBAWA", "No_Jbt_26": "42.021.006.0", "Nm_Jbt_26": "NANGA REAK", "Status_26": "N", "Fungsi_26": "A", "Lks_Dr_26": "SBW", "Lks_km_26": 843.0, "F_STA_26": "1430", "Cadin_26": "SBW", "Pjg_Jbt_26": 6.6, "Btg_Pjg_26": 5.88, "Jml_Btg_26": "1", "Lb_Jl_Ms26": 6.5, "Lb_Jl_Kl26": 6.5, "Lb_Lalin26": 6.62, "Lb_Bh_Ki26": 1.04, "Lb_Bh_Ka26": 1.3, "Lb_Dr_Ki26": 0.0, "Lb_Dr_Ka26": 0.0, "Lb_Tr_Ki26": 1.0, "Lb_Tr_Ka26": 1.32, "Lb_TS_Ki26": 0.0, "Lb_TS_Ka26": 0.0, "Lb_Med_26": 0.0, "Lbr_Jbt_26": 11.28, "Bgn_Ats_26": "ETP", "Jns_Jbt_26": "STANDAR", "Thn_Bgn_26": "1970", "BA_26": "1", "LNT_26": "0", "BB_26": "1", "DAS_26": "0", "OP_26": "1", "UT_26": "0", "GR_26": "0", "LB_26": "0", "JBT_26": "1", "Tp_Lnts_26": "SUNGAI", "Dt_Lnts_26": "SUNGAI LURUS (STRAIGHT)", "Pnangnn_26": "RUTIN", "Pmriksn_26": "RUTIN", "Pnglola_26": "BPJN NUSA TENGGARA BARAT", "Satkr_ID26": "693915", "PPK_Name26": "PPK 2.3", "Traffic_26": null, "VCR_26": "0.1975", "AADT_26": "2855.3", "Tipe_Jb_26": null, "Lat_26": -8.7577896118199998, "Long_26": 117.928268433, "Tgl_Ins_26": "5\/28\/2024", "Ket_26": null }, "geometry": { "type": "Point", "coordinates": [ 117.928268433, -8.75778961182 ] } },
{ "type": "Feature", "properties": { "KDRUAS_UPD": "42021", "NOJBT_UPD": "42.021.007.0", "NM_RUAS_UP": "KM. 70.00 - BTS. KAB. DOMPU (KM.130. SBW)", "NM_JBT_UPD": "BRANG PENGAT", "PROVINSI": "NUSA TENGGARA BARAT", "No_Prov_26": "42", "ID_Jbt_26": "4200218", "Kd_Ruas_26": "42021", "Suffix_26": null, "Nm_Ruas_26": "KM. 70.00 - BTS. KAB. DOMPU (KM.130. SBW)", "Lintas_26": "JALAN LINTAS PULAU SUMBAWA", "No_Jbt_26": "42.021.007.0", "Nm_Jbt_26": "BRANG PENGAT", "Status_26": "N", "Fungsi_26": "A", "Lks_Dr_26": "SBW", "Lks_km_26": 846.0, "F_STA_26": "1450", "Cadin_26": "SBW", "Pjg_Jbt_26": 15.7, "Btg_Pjg_26": 15.4, "Jml_Btg_26": "1", "Lb_Jl_Ms26": 6.1, "Lb_Jl_Kl26": 6.1, "Lb_Lalin26": 6.22, "Lb_Bh_Ki26": 0.56, "Lb_Bh_Ka26": 0.52, "Lb_Dr_Ki26": 0.0, "Lb_Dr_Ka26": 0.0, "Lb_Tr_Ki26": 0.93, "Lb_Tr_Ka26": 0.9, "Lb_TS_Ki26": 0.32, "Lb_TS_Ka26": 0.32, "Lb_Med_26": 0.0, "Lbr_Jbt_26": 9.77, "Bgn_Ats_26": "VPP", "Jns_Jbt_26": "STANDAR", "Thn_Bgn_26": "2015", "BA_26": "1", "LNT_26": "0", "BB_26": "1", "DAS_26": "0", "OP_26": "1", "UT_26": "0", "GR_26": "0", "LB_26": "0", "JBT_26": "1", "Tp_Lnts_26": "SUNGAI", "Dt_Lnts_26": "SUNGAI LURUS (STRAIGHT)", "Pnangnn_26": "RUTIN", "Pmriksn_26": "DETAIL", "Pnglola_26": "BPJN NUSA TENGGARA BARAT", "Satkr_ID26": "693915", "PPK_Name26": "PPK 2.3", "Traffic_26": null, "VCR_26": "0.1975", "AADT_26": "2855.3", "Tipe_Jb_26": null, "Lat_26": -8.7593898773200003, "Long_26": 117.92983245800002, "Tgl_Ins_26": "5\/4\/2026", "Ket_26": null }, "geometry": { "type": "Point", "coordinates": [ 117.929832458, -8.75938987732 ] } },
{ "type": "Feature", "properties": { "KDRUAS_UPD": "42021", "NOJBT_UPD": "42.021.008.0", "NM_RUAS_UP": "KM. 70.00 - BTS. KAB. DOMPU (KM.130. SBW)", "NM_JBT_UPD": "BRANG GAPIT", "PROVINSI": "NUSA TENGGARA BARAT", "No_Prov_26": "42", "ID_Jbt_26": "4200219", "Kd_Ruas_26": "42021", "Suffix_26": null, "Nm_Ruas_26": "KM. 70.00 - BTS. KAB. DOMPU (KM.130. SBW)", "Lintas_26": "JALAN LINTAS PULAU SUMBAWA", "No_Jbt_26": "42.021.008.0", "Nm_Jbt_26": "BRANG GAPIT", "Status_26": "N", "Fungsi_26": "A", "Lks_Dr_26": "SBW", "Lks_km_26": 861.0, "F_STA_26": "1610", "Cadin_26": "SBW", "Pjg_Jbt_26": 31.0, "Btg_Pjg_26": 30.8, "Jml_Btg_26": "1", "Lb_Jl_Ms26": 4.91, "Lb_Jl_Kl26": 4.91, "Lb_Lalin26": 5.03, "Lb_Bh_Ki26": 0.21, "Lb_Bh_Ka26": 0.2, "Lb_Dr_Ki26": 0.29, "Lb_Dr_Ka26": 0.3, "Lb_Tr_Ki26": 0.53, "Lb_Tr_Ka26": 0.49, "Lb_TS_Ki26": 0.0, "Lb_TS_Ka26": 0.0, "Lb_Med_26": 0.0, "Lbr_Jbt_26": 7.05, "Bgn_Ats_26": "RBP", "Jns_Jbt_26": "STANDAR", "Thn_Bgn_26": "1986", "BA_26": "3", "LNT_26": "2", "BB_26": "1", "DAS_26": "1", "OP_26": "1", "UT_26": "0", "GR_26": "0", "LB_26": "0", "JBT_26": "3", "Tp_Lnts_26": "SUNGAI", "Dt_Lnts_26": "SUNGAI LURUS (STRAIGHT)", "Pnangnn_26": "RUTIN", "Pmriksn_26": "DETAIL", "Pnglola_26": "BPJN NUSA TENGGARA BARAT", "Satkr_ID26": "693915", "PPK_Name26": "PPK 2.3", "Traffic_26": null, "VCR_26": "0.1975", "AADT_26": "2855.3", "Tipe_Jb_26": null, "Lat_26": -8.7692804336499997, "Long_26": 117.94003295900001, "Tgl_Ins_26": "5\/4\/2026", "Ket_26": null }, "geometry": { "type": "Point", "coordinates": [ 117.940032959, -8.76928043365 ] } },
{ "type": "Feature", "properties": { "KDRUAS_UPD": "42021", "NOJBT_UPD": "42.021.009.0", "NM_RUAS_UP": "KM. 70.00 - BTS. KAB. DOMPU (KM.130. SBW)", "NM_JBT_UPD": "BRANG SEMAMPAS", "PROVINSI": "NUSA TENGGARA BARAT", "No_Prov_26": "42", "ID_Jbt_26": "4200220", "Kd_Ruas_26": "42021", "Suffix_26": null, "Nm_Ruas_26": "KM. 70.00 - BTS. KAB. DOMPU (KM.130. SBW)", "Lintas_26": "JALAN LINTAS PULAU SUMBAWA", "No_Jbt_26": "42.021.009.0", "Nm_Jbt_26": "BRANG SEMAMPAS", "Status_26": "N", "Fungsi_26": "A", "Lks_Dr_26": "SBW", "Lks_km_26": 892.0, "F_STA_26": "1850", "Cadin_26": "SBW", "Pjg_Jbt_26": 7.0, "Btg_Pjg_26": 6.7, "Jml_Btg_26": "1", "Lb_Jl_Ms26": 5.97, "Lb_Jl_Kl26": 5.97, "Lb_Lalin26": 6.09, "Lb_Bh_Ki26": 0.2, "Lb_Bh_Ka26": 0.42, "Lb_Dr_Ki26": 0.2, "Lb_Dr_Ka26": 0.2, "Lb_Tr_Ki26": 0.95, "Lb_Tr_Ka26": 0.96, "Lb_TS_Ki26": 0.275, "Lb_TS_Ka26": 0.295, "Lb_Med_26": 0.0, "Lbr_Jbt_26": 9.59, "Bgn_Ats_26": "GTP", "Jns_Jbt_26": "STANDAR", "Thn_Bgn_26": "2013", "BA_26": "1", "LNT_26": "1", "BB_26": "1", "DAS_26": "0", "OP_26": "1", "UT_26": "0", "GR_26": "0", "LB_26": "0", "JBT_26": "1", "Tp_Lnts_26": "SUNGAI", "Dt_Lnts_26": "SUNGAI BERKELOK (MEANDERING)", "Pnangnn_26": "RUTIN", "Pmriksn_26": "RUTIN", "Pnglola_26": "BPJN NUSA TENGGARA BARAT", "Satkr_ID26": "693915", "PPK_Name26": "PPK 2.3", "Traffic_26": null, "VCR_26": "0.1975", "AADT_26": "2855.3", "Tipe_Jb_26": null, "Lat_26": -8.7722101211499997, "Long_26": 117.96131897, "Tgl_Ins_26": "5\/28\/2024", "Ket_26": null }, "geometry": { "type": "Point", "coordinates": [ 117.96131897, -8.77221012115 ] } },
{ "type": "Feature", "properties": { "KDRUAS_UPD": "42021", "NOJBT_UPD": "42.021.010.0", "NM_RUAS_UP": "KM. 70.00 - BTS. KAB. DOMPU (KM.130. SBW)", "NM_JBT_UPD": "BRANG BOAL", "PROVINSI": "NUSA TENGGARA BARAT", "No_Prov_26": "42", "ID_Jbt_26": "4200221", "Kd_Ruas_26": "42021", "Suffix_26": null, "Nm_Ruas_26": "KM. 70.00 - BTS. KAB. DOMPU (KM.130. SBW)", "Lintas_26": "JALAN LINTAS PULAU SUMBAWA", "No_Jbt_26": "42.021.010.0", "Nm_Jbt_26": "BRANG BOAL", "Status_26": "N", "Fungsi_26": "A", "Lks_Dr_26": "SBW", "Lks_km_26": 894.0, "F_STA_26": "1950", "Cadin_26": "SBW", "Pjg_Jbt_26": 16.7, "Btg_Pjg_26": 16.35, "Jml_Btg_26": "1", "Lb_Jl_Ms26": 5.25, "Lb_Jl_Kl26": 5.25, "Lb_Lalin26": 5.37, "Lb_Bh_Ki26": 0.17, "Lb_Bh_Ka26": 0.26, "Lb_Dr_Ki26": 0.27, "Lb_Dr_Ka26": 0.26, "Lb_Tr_Ki26": 0.66, "Lb_Tr_Ka26": 0.65, "Lb_TS_Ki26": 0.0, "Lb_TS_Ka26": 0.0, "Lb_Med_26": 0.0, "Lbr_Jbt_26": 7.64, "Bgn_Ats_26": "GTP", "Jns_Jbt_26": "STANDAR", "Thn_Bgn_26": "1985", "BA_26": "2", "LNT_26": "1", "BB_26": "1", "DAS_26": "0", "OP_26": "2", "UT_26": "0", "GR_26": "0", "LB_26": "0", "JBT_26": "2", "Tp_Lnts_26": "SUNGAI", "Dt_Lnts_26": "SUNGAI BERKELOK (MEANDERING)", "Pnangnn_26": "RUTIN", "Pmriksn_26": "DETAIL", "Pnglola_26": "BPJN NUSA TENGGARA BARAT", "Satkr_ID26": "693915", "PPK_Name26": "PPK 2.3", "Traffic_26": null, "VCR_26": "0.1975", "AADT_26": "2855.3", "Tipe_Jb_26": null, "Lat_26": -8.7726202011099996, "Long_26": 117.97035980199999, "Tgl_Ins_26": "5\/4\/2026", "Ket_26": null }, "geometry": { "type": "Point", "coordinates": [ 117.970359802, -8.77262020111 ] } },
{ "type": "Feature", "properties": { "KDRUAS_UPD": "42021", "NOJBT_UPD": "42.021.011.0", "NM_RUAS_UP": "KM. 70.00 - BTS. KAB. DOMPU (KM.130. SBW)", "NM_JBT_UPD": "LAMENTA", "PROVINSI": "NUSA TENGGARA BARAT", "No_Prov_26": "42", "ID_Jbt_26": "4200222", "Kd_Ruas_26": "42021", "Suffix_26": null, "Nm_Ruas_26": "KM. 70.00 - BTS. KAB. DOMPU (KM.130. SBW)", "Lintas_26": "JALAN LINTAS PULAU SUMBAWA", "No_Jbt_26": "42.021.011.0", "Nm_Jbt_26": "LAMENTA", "Status_26": "N", "Fungsi_26": "A", "Lks_Dr_26": "SBW", "Lks_km_26": 909.0, "F_STA_26": "2090", "Cadin_26": "SBW", "Pjg_Jbt_26": 19.0, "Btg_Pjg_26": 18.7, "Jml_Btg_26": "1", "Lb_Jl_Ms26": 5.86, "Lb_Jl_Kl26": 5.86, "Lb_Lalin26": 5.98, "Lb_Bh_Ki26": 0.32, "Lb_Bh_Ka26": 0.33, "Lb_Dr_Ki26": 0.2, "Lb_Dr_Ka26": 0.29, "Lb_Tr_Ki26": 1.32, "Lb_Tr_Ka26": 1.32, "Lb_TS_Ki26": 0.0, "Lb_TS_Ka26": 0.0, "Lb_Med_26": 0.0, "Lbr_Jbt_26": 9.76, "Bgn_Ats_26": "GTP", "Jns_Jbt_26": "STANDAR", "Thn_Bgn_26": "1984", "BA_26": "2", "LNT_26": "2", "BB_26": "2", "DAS_26": "2", "OP_26": "0", "UT_26": "0", "GR_26": "0", "LB_26": "0", "JBT_26": "2", "Tp_Lnts_26": "SUNGAI", "Dt_Lnts_26": "SUNGAI LURUS (STRAIGHT)", "Pnangnn_26": "RUTIN", "Pmriksn_26": "DETAIL", "Pnglola_26": "BPJN NUSA TENGGARA BARAT", "Satkr_ID26": "693915", "PPK_Name26": "PPK 2.3", "Traffic_26": null, "VCR_26": "0.1975", "AADT_26": "2855.3", "Tipe_Jb_26": null, "Lat_26": -8.7758502960199998, "Long_26": 117.982551575, "Tgl_Ins_26": "5\/5\/2026", "Ket_26": null }, "geometry": { "type": "Point", "coordinates": [ 117.982551575, -8.77585029602 ] } },
{ "type": "Feature", "properties": { "KDRUAS_UPD": "42021", "NOJBT_UPD": "42.021.013.0", "NM_RUAS_UP": "KM. 70.00 - BTS. KAB. DOMPU (KM.130. SBW)", "NM_JBT_UPD": "KESAMING", "PROVINSI": "NUSA TENGGARA BARAT", "No_Prov_26": "42", "ID_Jbt_26": "4200224", "Kd_Ruas_26": "42021", "Suffix_26": null, "Nm_Ruas_26": "KM. 70.00 - BTS. KAB. DOMPU (KM.130. SBW)", "Lintas_26": "JALAN LINTAS PULAU SUMBAWA", "No_Jbt_26": "42.021.013.0", "Nm_Jbt_26": "KESAMING", "Status_26": "N", "Fungsi_26": "A", "Lks_Dr_26": "SBW", "Lks_km_26": 95.0, "F_STA_26": "2510", "Cadin_26": "SBW", "Pjg_Jbt_26": 25.5, "Btg_Pjg_26": 25.25, "Jml_Btg_26": "1", "Lb_Jl_Ms26": 6.29, "Lb_Jl_Kl26": 6.29, "Lb_Lalin26": 6.41, "Lb_Bh_Ki26": 0.22, "Lb_Bh_Ka26": 0.21, "Lb_Dr_Ki26": 0.2, "Lb_Dr_Ka26": 0.18, "Lb_Tr_Ki26": 0.9, "Lb_Tr_Ka26": 0.91, "Lb_TS_Ki26": 0.25, "Lb_TS_Ka26": 0.27, "Lb_Med_26": 0.0, "Lbr_Jbt_26": 9.55, "Bgn_Ats_26": "GBP", "Jns_Jbt_26": "STANDAR", "Thn_Bgn_26": "2008", "BA_26": "2", "LNT_26": "2", "BB_26": "2", "DAS_26": "1", "OP_26": "0", "UT_26": "0", "GR_26": "0", "LB_26": "0", "JBT_26": "2", "Tp_Lnts_26": "SUNGAI", "Dt_Lnts_26": "SUNGAI BERKELOK (MEANDERING)", "Pnangnn_26": "RUTIN", "Pmriksn_26": "DETAIL", "Pnglola_26": "BPJN NUSA TENGGARA BARAT", "Satkr_ID26": "693915", "PPK_Name26": "PPK 2.3", "Traffic_26": null, "VCR_26": "0.1975", "AADT_26": "2855.3", "Tipe_Jb_26": null, "Lat_26": -8.7571601867699993, "Long_26": 117.997390747, "Tgl_Ins_26": "5\/5\/2026", "Ket_26": null }, "geometry": { "type": "Point", "coordinates": [ 117.997390747, -8.757160186769999 ] } },
{ "type": "Feature", "properties": { "KDRUAS_UPD": "42021", "NOJBT_UPD": "42.021.014.0", "NM_RUAS_UP": "KM. 70.00 - BTS. KAB. DOMPU (KM.130. SBW)", "NM_JBT_UPD": "B O N T O", "PROVINSI": "NUSA TENGGARA BARAT", "No_Prov_26": "42", "ID_Jbt_26": "4200225", "Kd_Ruas_26": "42021", "Suffix_26": null, "Nm_Ruas_26": "KM. 70.00 - BTS. KAB. DOMPU (KM.130. SBW)", "Lintas_26": "JALAN LINTAS PULAU SUMBAWA", "No_Jbt_26": "42.021.014.0", "Nm_Jbt_26": "B O N T O", "Status_26": "N", "Fungsi_26": "A", "Lks_Dr_26": "SBW", "Lks_km_26": 965.0, "F_STA_26": "2650", "Cadin_26": "SBW", "Pjg_Jbt_26": 15.0, "Btg_Pjg_26": 14.5, "Jml_Btg_26": "1", "Lb_Jl_Ms26": 6.3, "Lb_Jl_Kl26": 6.3, "Lb_Lalin26": 6.42, "Lb_Bh_Ki26": 0.26, "Lb_Bh_Ka26": 0.24, "Lb_Dr_Ki26": 0.18, "Lb_Dr_Ka26": 0.22, "Lb_Tr_Ki26": 1.28, "Lb_Tr_Ka26": 1.3, "Lb_TS_Ki26": 0.0, "Lb_TS_Ka26": 0.0, "Lb_Med_26": 0.0, "Lbr_Jbt_26": 9.9, "Bgn_Ats_26": "GTP", "Jns_Jbt_26": "STANDAR", "Thn_Bgn_26": "2008", "BA_26": "1", "LNT_26": "1", "BB_26": "1", "DAS_26": "1", "OP_26": "0", "UT_26": "0", "GR_26": "0", "LB_26": "0", "JBT_26": "1", "Tp_Lnts_26": "SUNGAI", "Dt_Lnts_26": "SUNGAI LURUS (STRAIGHT)", "Pnangnn_26": "RUTIN", "Pmriksn_26": "DETAIL", "Pnglola_26": "BPJN NUSA TENGGARA BARAT", "Satkr_ID26": "693915", "PPK_Name26": "PPK 2.3", "Traffic_26": null, "VCR_26": "0.1975", "AADT_26": "2855.3", "Tipe_Jb_26": null, "Lat_26": -8.7450895309399996, "Long_26": 117.99476623499999, "Tgl_Ins_26": "5\/5\/2026", "Ket_26": null }, "geometry": { "type": "Point", "coordinates": [ 117.994766235, -8.74508953094 ] } },
{ "type": "Feature", "properties": { "KDRUAS_UPD": "42021", "NOJBT_UPD": "42.021.015.A", "NM_RUAS_UP": "KM. 70.00 - BTS. KAB. DOMPU (KM.130. SBW)", "NM_JBT_UPD": "JAMBU A", "PROVINSI": "NUSA TENGGARA BARAT", "No_Prov_26": "42", "ID_Jbt_26": "4200006", "Kd_Ruas_26": "42021", "Suffix_26": null, "Nm_Ruas_26": "KM. 70.00 - BTS. KAB. DOMPU (KM.130. SBW)", "Lintas_26": "JALAN LINTAS PULAU SUMBAWA", "No_Jbt_26": "42.021.015.A", "Nm_Jbt_26": "JAMBU A", "Status_26": "N", "Fungsi_26": "A", "Lks_Dr_26": "SBW", "Lks_km_26": 1031.0, "F_STA_26": "3310", "Cadin_26": "SBW", "Pjg_Jbt_26": 20.65, "Btg_Pjg_26": 20.35, "Jml_Btg_26": "1", "Lb_Jl_Ms26": 6.16, "Lb_Jl_Kl26": 6.16, "Lb_Lalin26": 6.28, "Lb_Bh_Ki26": 0.38, "Lb_Bh_Ka26": 0.38, "Lb_Dr_Ki26": 0.0, "Lb_Dr_Ka26": 0.0, "Lb_Tr_Ki26": 0.95, "Lb_Tr_Ka26": 0.95, "Lb_TS_Ki26": 0.31, "Lb_TS_Ka26": 0.32, "Lb_Med_26": 0.0, "Lbr_Jbt_26": 9.57, "Bgn_Ats_26": "GPP", "Jns_Jbt_26": "STANDAR", "Thn_Bgn_26": "2026", "BA_26": "0", "LNT_26": "0", "BB_26": "0", "DAS_26": "0", "OP_26": "0", "UT_26": "0", "GR_26": "0", "LB_26": "0", "JBT_26": "0", "Tp_Lnts_26": "SUNGAI", "Dt_Lnts_26": "SUNGAI LURUS (STRAIGHT)", "Pnangnn_26": "PENGGANTIAN", "Pmriksn_26": "INVENTARISASI", "Pnglola_26": "BPJN NUSA TENGGARA BARAT", "Satkr_ID26": "693915", "PPK_Name26": "PPK 2.3", "Traffic_26": null, "VCR_26": "0.1975", "AADT_26": "2855.3", "Tipe_Jb_26": null, "Lat_26": -8.695309, "Long_26": 118.022288, "Tgl_Ins_26": "5\/5\/2026", "Ket_26": null }, "geometry": { "type": "Point", "coordinates": [ 118.022288, -8.695309 ] } },
{ "type": "Feature", "properties": { "KDRUAS_UPD": "42021", "NOJBT_UPD": "42.021.015.B", "NM_RUAS_UP": "KM. 70.00 - BTS. KAB. DOMPU (KM.130. SBW)", "NM_JBT_UPD": "JAMBU B", "PROVINSI": "NUSA TENGGARA BARAT", "No_Prov_26": "42", "ID_Jbt_26": "4200007", "Kd_Ruas_26": "42021", "Suffix_26": null, "Nm_Ruas_26": "KM. 70.00 - BTS. KAB. DOMPU (KM.130. SBW)", "Lintas_26": "JALAN LINTAS PULAU SUMBAWA", "No_Jbt_26": "42.021.015.B", "Nm_Jbt_26": "JAMBU B", "Status_26": "N", "Fungsi_26": "A", "Lks_Dr_26": "SBW", "Lks_km_26": 1031.0, "F_STA_26": "3310", "Cadin_26": "SBW", "Pjg_Jbt_26": 21.0, "Btg_Pjg_26": 20.43, "Jml_Btg_26": "1", "Lb_Jl_Ms26": 6.18, "Lb_Jl_Kl26": 6.18, "Lb_Lalin26": 6.3, "Lb_Bh_Ki26": 0.33, "Lb_Bh_Ka26": 0.29, "Lb_Dr_Ki26": 0.16, "Lb_Dr_Ka26": 0.11, "Lb_Tr_Ki26": 0.88, "Lb_Tr_Ka26": 0.87, "Lb_TS_Ki26": 0.29, "Lb_TS_Ka26": 0.26, "Lb_Med_26": 0.0, "Lbr_Jbt_26": 9.49, "Bgn_Ats_26": "GPP", "Jns_Jbt_26": "STANDAR", "Thn_Bgn_26": "2014", "BA_26": "2", "LNT_26": "2", "BB_26": "2", "DAS_26": "0", "OP_26": "2", "UT_26": "0", "GR_26": "0", "LB_26": "0", "JBT_26": "2", "Tp_Lnts_26": "SUNGAI", "Dt_Lnts_26": "SUNGAI LURUS (STRAIGHT)", "Pnangnn_26": "BERKALA", "Pmriksn_26": "RUTIN", "Pnglola_26": "BPJN NUSA TENGGARA BARAT", "Satkr_ID26": "693915", "PPK_Name26": "PPK 2.3", "Traffic_26": null, "VCR_26": "0.1975", "AADT_26": "2855.3", "Tipe_Jb_26": null, "Lat_26": -8.695344, "Long_26": 118.022431, "Tgl_Ins_26": "7\/10\/2024", "Ket_26": null }, "geometry": { "type": "Point", "coordinates": [ 118.022431, -8.695344 ] } },
{ "type": "Feature", "properties": { "KDRUAS_UPD": "42021", "NOJBT_UPD": "42.021.016.0", "NM_RUAS_UP": "KM. 70.00 - BTS. KAB. DOMPU (KM.130. SBW)", "NM_JBT_UPD": "MAMAK", "PROVINSI": "NUSA TENGGARA BARAT", "No_Prov_26": "42", "ID_Jbt_26": "4200226", "Kd_Ruas_26": "42021", "Suffix_26": null, "Nm_Ruas_26": "KM. 70.00 - BTS. KAB. DOMPU (KM.130. SBW)", "Lintas_26": "JALAN LINTAS PULAU SUMBAWA", "No_Jbt_26": "42.021.016.0", "Nm_Jbt_26": "MAMAK", "Status_26": "N", "Fungsi_26": "A", "Lks_Dr_26": "SBW", "Lks_km_26": 1067.0, "F_STA_26": "3640", "Cadin_26": "SBW", "Pjg_Jbt_26": 15.0, "Btg_Pjg_26": 14.8, "Jml_Btg_26": "1", "Lb_Jl_Ms26": 6.3, "Lb_Jl_Kl26": 6.3, "Lb_Lalin26": 6.42, "Lb_Bh_Ki26": 0.25, "Lb_Bh_Ka26": 0.35, "Lb_Dr_Ki26": 0.26, "Lb_Dr_Ka26": 0.05, "Lb_Tr_Ki26": 1.33, "Lb_Tr_Ka26": 1.19, "Lb_TS_Ki26": 0.0, "Lb_TS_Ka26": 0.0, "Lb_Med_26": 0.0, "Lbr_Jbt_26": 9.85, "Bgn_Ats_26": "GTP", "Jns_Jbt_26": "STANDAR", "Thn_Bgn_26": "2006", "BA_26": "2", "LNT_26": "2", "BB_26": "1", "DAS_26": "1", "OP_26": "2", "UT_26": "0", "GR_26": "0", "LB_26": "0", "JBT_26": "2", "Tp_Lnts_26": "SUNGAI", "Dt_Lnts_26": "SUNGAI LURUS (STRAIGHT)", "Pnangnn_26": "RUTIN", "Pmriksn_26": "RUTIN", "Pnglola_26": "BPJN NUSA TENGGARA BARAT", "Satkr_ID26": "693915", "PPK_Name26": "PPK 2.3", "Traffic_26": null, "VCR_26": "0.1975", "AADT_26": "2855.3", "Tipe_Jb_26": null, "Lat_26": -8.6786499023400001, "Long_26": 118.041610718, "Tgl_Ins_26": "5\/27\/2025", "Ket_26": null }, "geometry": { "type": "Point", "coordinates": [ 118.041610718, -8.67864990234 ] } },
{ "type": "Feature", "properties": { "KDRUAS_UPD": "42021", "NOJBT_UPD": "42.021.019.0", "NM_RUAS_UP": "KM. 70.00 - BTS. KAB. DOMPU (KM.130. SBW)", "NM_JBT_UPD": "LABU RANGGO", "PROVINSI": "NUSA TENGGARA BARAT", "No_Prov_26": "42", "ID_Jbt_26": "4200229", "Kd_Ruas_26": "42021", "Suffix_26": null, "Nm_Ruas_26": "KM. 70.00 - BTS. KAB. DOMPU (KM.130. SBW)", "Lintas_26": "JALAN LINTAS PULAU SUMBAWA", "No_Jbt_26": "42.021.019.0", "Nm_Jbt_26": "LABU RANGGO", "Status_26": "N", "Fungsi_26": "A", "Lks_Dr_26": "SBW", "Lks_km_26": 1117.0, "F_STA_26": "4170", "Cadin_26": "SBW", "Pjg_Jbt_26": 12.0, "Btg_Pjg_26": 10.7, "Jml_Btg_26": "1", "Lb_Jl_Ms26": 6.26, "Lb_Jl_Kl26": 6.26, "Lb_Lalin26": 6.38, "Lb_Bh_Ki26": 0.34, "Lb_Bh_Ka26": 0.32, "Lb_Dr_Ki26": 0.15, "Lb_Dr_Ka26": 0.16, "Lb_Tr_Ki26": 1.34, "Lb_Tr_Ka26": 1.15, "Lb_TS_Ki26": 0.0, "Lb_TS_Ka26": 0.0, "Lb_Med_26": 0.0, "Lbr_Jbt_26": 9.84, "Bgn_Ats_26": "GTP", "Jns_Jbt_26": "STANDAR", "Thn_Bgn_26": "2010", "BA_26": "2", "LNT_26": "2", "BB_26": "1", "DAS_26": "1", "OP_26": "2", "UT_26": "0", "GR_26": "0", "LB_26": "0", "JBT_26": "2", "Tp_Lnts_26": "SUNGAI", "Dt_Lnts_26": "SUNGAI LURUS (STRAIGHT)", "Pnangnn_26": "RUTIN", "Pmriksn_26": "RUTIN", "Pnglola_26": "BPJN NUSA TENGGARA BARAT", "Satkr_ID26": "693915", "PPK_Name26": "PPK 2.3", "Traffic_26": null, "VCR_26": "0.1975", "AADT_26": "2855.3", "Tipe_Jb_26": null, "Lat_26": -8.6654100418100004, "Long_26": 118.06993103000001, "Tgl_Ins_26": "5\/27\/2025", "Ket_26": null }, "geometry": { "type": "Point", "coordinates": [ 118.06993103, -8.66541004181 ] } },
{ "type": "Feature", "properties": { "KDRUAS_UPD": "42021", "NOJBT_UPD": "42.021.021.0", "NM_RUAS_UP": "KM. 70.00 - BTS. KAB. DOMPU (KM.130. SBW)", "NM_JBT_UPD": "KUNIL I", "PROVINSI": "NUSA TENGGARA BARAT", "No_Prov_26": "42", "ID_Jbt_26": "4200231", "Kd_Ruas_26": "42021", "Suffix_26": null, "Nm_Ruas_26": "KM. 70.00 - BTS. KAB. DOMPU (KM.130. SBW)", "Lintas_26": "JALAN LINTAS PULAU SUMBAWA", "No_Jbt_26": "42.021.021.0", "Nm_Jbt_26": "KUNIL I", "Status_26": "N", "Fungsi_26": "A", "Lks_Dr_26": "SBW", "Lks_km_26": 1129.0, "F_STA_26": "4300", "Cadin_26": "SBW", "Pjg_Jbt_26": 19.8, "Btg_Pjg_26": 19.55, "Jml_Btg_26": "1", "Lb_Jl_Ms26": 6.03, "Lb_Jl_Kl26": 6.03, "Lb_Lalin26": 6.15, "Lb_Bh_Ki26": 0.29, "Lb_Bh_Ka26": 0.24, "Lb_Dr_Ki26": 0.28, "Lb_Dr_Ka26": 0.3, "Lb_Tr_Ki26": 1.21, "Lb_Tr_Ka26": 1.26, "Lb_TS_Ki26": 0.0, "Lb_TS_Ka26": 0.0, "Lb_Med_26": 0.0, "Lbr_Jbt_26": 9.73, "Bgn_Ats_26": "GTP", "Jns_Jbt_26": "STANDAR", "Thn_Bgn_26": "1991", "BA_26": "2", "LNT_26": "2", "BB_26": "1", "DAS_26": "0", "OP_26": "2", "UT_26": "0", "GR_26": "0", "LB_26": "0", "JBT_26": "2", "Tp_Lnts_26": "SUNGAI", "Dt_Lnts_26": "SUNGAI LURUS (STRAIGHT)", "Pnangnn_26": "RUTIN", "Pmriksn_26": "DETAIL", "Pnglola_26": "BPJN NUSA TENGGARA BARAT", "Satkr_ID26": "693915", "PPK_Name26": "PPK 2.3", "Traffic_26": null, "VCR_26": "0.1975", "AADT_26": "2855.3", "Tipe_Jb_26": null, "Lat_26": -8.6675395965599993, "Long_26": 118.07823181199998, "Tgl_Ins_26": "5\/5\/2026", "Ket_26": null }, "geometry": { "type": "Point", "coordinates": [ 118.078231812, -8.667539596559999 ] } },
{ "type": "Feature", "properties": { "KDRUAS_UPD": "42021", "NOJBT_UPD": "42.021.023.0", "NM_RUAS_UP": "KM. 70.00 - BTS. KAB. DOMPU (KM.130. SBW)", "NM_JBT_UPD": "PIDANG", "PROVINSI": "NUSA TENGGARA BARAT", "No_Prov_26": "42", "ID_Jbt_26": "4200233", "Kd_Ruas_26": "42021", "Suffix_26": null, "Nm_Ruas_26": "KM. 70.00 - BTS. KAB. DOMPU (KM.130. SBW)", "Lintas_26": "JALAN LINTAS PULAU SUMBAWA", "No_Jbt_26": "42.021.023.0", "Nm_Jbt_26": "PIDANG", "Status_26": "N", "Fungsi_26": "A", "Lks_Dr_26": "SBW", "Lks_km_26": 1182.0, "F_STA_26": "4830", "Cadin_26": "SBW", "Pjg_Jbt_26": 20.0, "Btg_Pjg_26": 19.7, "Jml_Btg_26": "1", "Lb_Jl_Ms26": 6.5, "Lb_Jl_Kl26": 6.5, "Lb_Lalin26": 5.09, "Lb_Bh_Ki26": 0.23, "Lb_Bh_Ka26": 0.25, "Lb_Dr_Ki26": 0.26, "Lb_Dr_Ka26": 0.25, "Lb_Tr_Ki26": 0.47, "Lb_Tr_Ka26": 0.47, "Lb_TS_Ki26": 0.0, "Lb_TS_Ka26": 0.0, "Lb_Med_26": 0.0, "Lbr_Jbt_26": 7.02, "Bgn_Ats_26": "GBP", "Jns_Jbt_26": "STANDAR", "Thn_Bgn_26": "1992", "BA_26": "1", "LNT_26": "1", "BB_26": "2", "DAS_26": "0", "OP_26": "2", "UT_26": "0", "GR_26": "0", "LB_26": "0", "JBT_26": "2", "Tp_Lnts_26": "SUNGAI", "Dt_Lnts_26": "SUNGAI LURUS (STRAIGHT)", "Pnangnn_26": "BERKALA", "Pmriksn_26": "RUTIN", "Pnglola_26": "BPJN NUSA TENGGARA BARAT", "Satkr_ID26": "693915", "PPK_Name26": "PPK 2.3", "Traffic_26": null, "VCR_26": "0.1975", "AADT_26": "2855.3", "Tipe_Jb_26": null, "Lat_26": -8.65785980225, "Long_26": 118.11128234900001, "Tgl_Ins_26": "5\/28\/2024", "Ket_26": null }, "geometry": { "type": "Point", "coordinates": [ 118.111282349, -8.65785980225 ] } },
{ "type": "Feature", "properties": { "KDRUAS_UPD": "42021", "NOJBT_UPD": "42.021.024.0", "NM_RUAS_UP": "KM. 70.00 - BTS. KAB. DOMPU (KM.130. SBW)", "NM_JBT_UPD": "BRANG DANGO", "PROVINSI": "NUSA TENGGARA BARAT", "No_Prov_26": "42", "ID_Jbt_26": "4200234", "Kd_Ruas_26": "42021", "Suffix_26": null, "Nm_Ruas_26": "KM. 70.00 - BTS. KAB. DOMPU (KM.130. SBW)", "Lintas_26": "JALAN LINTAS PULAU SUMBAWA", "No_Jbt_26": "42.021.024.0", "Nm_Jbt_26": "BRANG DANGO", "Status_26": "N", "Fungsi_26": "A", "Lks_Dr_26": "SBW", "Lks_km_26": 1199.0, "F_STA_26": "5000", "Cadin_26": "SBW", "Pjg_Jbt_26": 20.0, "Btg_Pjg_26": 19.7, "Jml_Btg_26": "1", "Lb_Jl_Ms26": 5.03, "Lb_Jl_Kl26": 5.03, "Lb_Lalin26": 5.15, "Lb_Bh_Ki26": 0.3, "Lb_Bh_Ka26": 0.29, "Lb_Dr_Ki26": 0.18, "Lb_Dr_Ka26": 0.16, "Lb_Tr_Ki26": 0.48, "Lb_Tr_Ka26": 0.47, "Lb_TS_Ki26": 0.0, "Lb_TS_Ka26": 0.0, "Lb_Med_26": 0.0, "Lbr_Jbt_26": 7.03, "Bgn_Ats_26": "GBP", "Jns_Jbt_26": "STANDAR", "Thn_Bgn_26": "1992", "BA_26": "1", "LNT_26": "1", "BB_26": "0", "DAS_26": "0", "OP_26": "0", "UT_26": "0", "GR_26": "0", "LB_26": "0", "JBT_26": "1", "Tp_Lnts_26": "SUNGAI", "Dt_Lnts_26": "SUNGAI LURUS (STRAIGHT)", "Pnangnn_26": "RUTIN", "Pmriksn_26": "INVENTARISASI", "Pnglola_26": "BPJN NUSA TENGGARA BARAT", "Satkr_ID26": "693915", "PPK_Name26": "PPK 2.3", "Traffic_26": null, "VCR_26": "0.1975", "AADT_26": "2855.3", "Tipe_Jb_26": null, "Lat_26": -8.6603002548199992, "Long_26": 118.122062683, "Tgl_Ins_26": "5\/5\/2026", "Ket_26": null }, "geometry": { "type": "Point", "coordinates": [ 118.122062683, -8.660300254819999 ] } },
{ "type": "Feature", "properties": { "KDRUAS_UPD": "42021", "NOJBT_UPD": "42.021.025.0", "NM_RUAS_UP": "KM. 70.00 - BTS. KAB. DOMPU (KM.130. SBW)", "NM_JBT_UPD": "REBONG I", "PROVINSI": "NUSA TENGGARA BARAT", "No_Prov_26": "42", "ID_Jbt_26": "4200235", "Kd_Ruas_26": "42021", "Suffix_26": null, "Nm_Ruas_26": "KM. 70.00 - BTS. KAB. DOMPU (KM.130. SBW)", "Lintas_26": "JALAN LINTAS PULAU SUMBAWA", "No_Jbt_26": "42.021.025.0", "Nm_Jbt_26": "REBONG I", "Status_26": "N", "Fungsi_26": "A", "Lks_Dr_26": "SBW", "Lks_km_26": 1217.0, "F_STA_26": "5180", "Cadin_26": "SBW", "Pjg_Jbt_26": 25.5, "Btg_Pjg_26": 4.22, "Jml_Btg_26": "3", "Lb_Jl_Ms26": 6.6, "Lb_Jl_Kl26": 6.6, "Lb_Lalin26": 6.09, "Lb_Bh_Ki26": 0.7, "Lb_Bh_Ka26": 0.7, "Lb_Dr_Ki26": 0.0, "Lb_Dr_Ka26": 0.0, "Lb_Tr_Ki26": 1.92, "Lb_Tr_Ka26": 1.57, "Lb_TS_Ki26": 0.0, "Lb_TS_Ka26": 0.0, "Lb_Med_26": 0.0, "Lbr_Jbt_26": 10.98, "Bgn_Ats_26": "BTP", "Jns_Jbt_26": "STANDAR", "Thn_Bgn_26": "2012", "BA_26": "1", "LNT_26": "1", "BB_26": "0", "DAS_26": "1", "OP_26": "0", "UT_26": "1", "GR_26": "0", "LB_26": "0", "JBT_26": "1", "Tp_Lnts_26": "SUNGAI", "Dt_Lnts_26": "SUNGAI LURUS (STRAIGHT)", "Pnangnn_26": "RUTIN", "Pmriksn_26": "RUTIN", "Pnglola_26": "BPJN NUSA TENGGARA BARAT", "Satkr_ID26": "693915", "PPK_Name26": "PPK 2.3", "Traffic_26": null, "VCR_26": "0.1975", "AADT_26": "2855.3", "Tipe_Jb_26": null, "Lat_26": -8.6572103500399997, "Long_26": 118.13494873, "Tgl_Ins_26": "5\/28\/2024", "Ket_26": null }, "geometry": { "type": "Point", "coordinates": [ 118.13494873, -8.65721035004 ] } },
{ "type": "Feature", "properties": { "KDRUAS_UPD": "42021", "NOJBT_UPD": "42.021.026.0", "NM_RUAS_UP": "KM. 70.00 - BTS. KAB. DOMPU (KM.130. SBW)", "NM_JBT_UPD": "REBONG II", "PROVINSI": "NUSA TENGGARA BARAT", "No_Prov_26": "42", "ID_Jbt_26": "4200236", "Kd_Ruas_26": "42021", "Suffix_26": null, "Nm_Ruas_26": "KM. 70.00 - BTS. KAB. DOMPU (KM.130. SBW)", "Lintas_26": "JALAN LINTAS PULAU SUMBAWA", "No_Jbt_26": "42.021.026.0", "Nm_Jbt_26": "REBONG II", "Status_26": "N", "Fungsi_26": "A", "Lks_Dr_26": "SBW", "Lks_km_26": 1219.0, "F_STA_26": "5200", "Cadin_26": "SBW", "Pjg_Jbt_26": 20.0, "Btg_Pjg_26": 19.65, "Jml_Btg_26": "1", "Lb_Jl_Ms26": 5.04, "Lb_Jl_Kl26": 5.04, "Lb_Lalin26": 5.16, "Lb_Bh_Ki26": 0.22, "Lb_Bh_Ka26": 0.27, "Lb_Dr_Ki26": 0.24, "Lb_Dr_Ka26": 0.18, "Lb_Tr_Ki26": 0.46, "Lb_Tr_Ka26": 0.45, "Lb_TS_Ki26": 0.0, "Lb_TS_Ka26": 0.0, "Lb_Med_26": 0.0, "Lbr_Jbt_26": 6.98, "Bgn_Ats_26": "GBP", "Jns_Jbt_26": "STANDAR", "Thn_Bgn_26": "1992", "BA_26": "2", "LNT_26": "2", "BB_26": "2", "DAS_26": "2", "OP_26": "2", "UT_26": "0", "GR_26": "0", "LB_26": "0", "JBT_26": "2", "Tp_Lnts_26": "SUNGAI", "Dt_Lnts_26": "SUNGAI LURUS (STRAIGHT)", "Pnangnn_26": "RUTIN", "Pmriksn_26": "DETAIL", "Pnglola_26": "BPJN NUSA TENGGARA BARAT", "Satkr_ID26": "693915", "PPK_Name26": "PPK 2.3", "Traffic_26": null, "VCR_26": "0.1975", "AADT_26": "2855.3", "Tipe_Jb_26": null, "Lat_26": -8.6562900543199994, "Long_26": 118.136993408, "Tgl_Ins_26": "6\/8\/2026", "Ket_26": null }, "geometry": { "type": "Point", "coordinates": [ 118.136993408, -8.656290054319999 ] } },
{ "type": "Feature", "properties": { "KDRUAS_UPD": "42021", "NOJBT_UPD": "42.021.027.0", "NM_RUAS_UP": "KM. 70.00 - BTS. KAB. DOMPU (KM.130. SBW)", "NM_JBT_UPD": "BAKO ROMO I\/SORI KUE", "PROVINSI": "NUSA TENGGARA BARAT", "No_Prov_26": "42", "ID_Jbt_26": "4200237", "Kd_Ruas_26": "42021", "Suffix_26": null, "Nm_Ruas_26": "KM. 70.00 - BTS. KAB. DOMPU (KM.130. SBW)", "Lintas_26": "JALAN LINTAS PULAU SUMBAWA", "No_Jbt_26": "42.021.027.0", "Nm_Jbt_26": "BAKO ROMO I\/SORI KUE", "Status_26": "N", "Fungsi_26": "A", "Lks_Dr_26": "SBW", "Lks_km_26": 1232.0, "F_STA_26": "5340", "Cadin_26": "SBW", "Pjg_Jbt_26": 20.0, "Btg_Pjg_26": 19.73, "Jml_Btg_26": "1", "Lb_Jl_Ms26": 4.9, "Lb_Jl_Kl26": 4.9, "Lb_Lalin26": 5.02, "Lb_Bh_Ki26": 0.26, "Lb_Bh_Ka26": 0.27, "Lb_Dr_Ki26": 0.26, "Lb_Dr_Ka26": 0.17, "Lb_Tr_Ki26": 0.47, "Lb_Tr_Ka26": 0.48, "Lb_TS_Ki26": 0.0, "Lb_TS_Ka26": 0.0, "Lb_Med_26": 0.0, "Lbr_Jbt_26": 6.93, "Bgn_Ats_26": "GBP", "Jns_Jbt_26": "STANDAR", "Thn_Bgn_26": "1992", "BA_26": "2", "LNT_26": "2", "BB_26": "0", "DAS_26": "0", "OP_26": "2", "UT_26": "0", "GR_26": "0", "LB_26": "0", "JBT_26": "2", "Tp_Lnts_26": "SUNGAI", "Dt_Lnts_26": "SUNGAI LURUS (STRAIGHT)", "Pnangnn_26": "RUTIN", "Pmriksn_26": "DETAIL", "Pnglola_26": "BPJN NUSA TENGGARA BARAT", "Satkr_ID26": "693915", "PPK_Name26": "PPK 2.3", "Traffic_26": null, "VCR_26": "0.1975", "AADT_26": "2855.3", "Tipe_Jb_26": null, "Lat_26": -8.6627397537200004, "Long_26": 118.144996643, "Tgl_Ins_26": "6\/8\/2026", "Ket_26": null }, "geometry": { "type": "Point", "coordinates": [ 118.144996643, -8.66273975372 ] } },
{ "type": "Feature", "properties": { "KDRUAS_UPD": "42021", "NOJBT_UPD": "42.021.028.0", "NM_RUAS_UP": "KM. 70.00 - BTS. KAB. DOMPU (KM.130. SBW)", "NM_JBT_UPD": "BAKO ROMO II", "PROVINSI": "NUSA TENGGARA BARAT", "No_Prov_26": "42", "ID_Jbt_26": "4200238", "Kd_Ruas_26": "42021", "Suffix_26": null, "Nm_Ruas_26": "KM. 70.00 - BTS. KAB. DOMPU (KM.130. SBW)", "Lintas_26": "JALAN LINTAS PULAU SUMBAWA", "No_Jbt_26": "42.021.028.0", "Nm_Jbt_26": "BAKO ROMO II", "Status_26": "N", "Fungsi_26": "A", "Lks_Dr_26": "SBW", "Lks_km_26": 1238.0, "F_STA_26": "5380", "Cadin_26": "SBW", "Pjg_Jbt_26": 9.6, "Btg_Pjg_26": 3.0, "Jml_Btg_26": "3", "Lb_Jl_Ms26": 6.32, "Lb_Jl_Kl26": 6.32, "Lb_Lalin26": 6.44, "Lb_Bh_Ki26": 0.38, "Lb_Bh_Ka26": 0.42, "Lb_Dr_Ki26": 0.0, "Lb_Dr_Ka26": 0.0, "Lb_Tr_Ki26": 3.23, "Lb_Tr_Ka26": 3.3, "Lb_TS_Ki26": 0.0, "Lb_TS_Ka26": 0.0, "Lb_Med_26": 0.0, "Lbr_Jbt_26": 13.77, "Bgn_Ats_26": "BTP", "Jns_Jbt_26": "STANDAR", "Thn_Bgn_26": "2012", "BA_26": "1", "LNT_26": "1", "BB_26": "0", "DAS_26": "1", "OP_26": "0", "UT_26": "0", "GR_26": "1", "LB_26": "0", "JBT_26": "1", "Tp_Lnts_26": "SUNGAI", "Dt_Lnts_26": "SUNGAI LURUS (STRAIGHT)", "Pnangnn_26": "RUTIN", "Pmriksn_26": "DETAIL", "Pnglola_26": "BPJN NUSA TENGGARA BARAT", "Satkr_ID26": "693915", "PPK_Name26": "PPK 2.3", "Traffic_26": null, "VCR_26": "0.1975", "AADT_26": "2855.3", "Tipe_Jb_26": null, "Lat_26": -8.6601800918599992, "Long_26": 118.1460495, "Tgl_Ins_26": "6\/8\/2026", "Ket_26": null }, "geometry": { "type": "Point", "coordinates": [ 118.1460495, -8.660180091859999 ] } },
{ "type": "Feature", "properties": { "KDRUAS_UPD": "42021", "NOJBT_UPD": "42.021.029.0", "NM_RUAS_UP": "KM. 70.00 - BTS. KAB. DOMPU (KM.130. SBW)", "NM_JBT_UPD": "BAKO MATE I", "PROVINSI": "NUSA TENGGARA BARAT", "No_Prov_26": "42", "ID_Jbt_26": "4200239", "Kd_Ruas_26": "42021", "Suffix_26": null, "Nm_Ruas_26": "KM. 70.00 - BTS. KAB. DOMPU (KM.130. SBW)", "Lintas_26": "JALAN LINTAS PULAU SUMBAWA", "No_Jbt_26": "42.021.029.0", "Nm_Jbt_26": "BAKO MATE I", "Status_26": "N", "Fungsi_26": "A", "Lks_Dr_26": "SBW", "Lks_km_26": 1254.0, "F_STA_26": "5560", "Cadin_26": "SBW", "Pjg_Jbt_26": 14.9, "Btg_Pjg_26": 14.65, "Jml_Btg_26": "1", "Lb_Jl_Ms26": 6.62, "Lb_Jl_Kl26": 6.62, "Lb_Lalin26": 6.74, "Lb_Bh_Ki26": 0.34, "Lb_Bh_Ka26": 0.28, "Lb_Dr_Ki26": 0.4, "Lb_Dr_Ka26": 0.4, "Lb_Tr_Ki26": 0.95, "Lb_Tr_Ka26": 0.97, "Lb_TS_Ki26": 0.0, "Lb_TS_Ka26": 0.0, "Lb_Med_26": 0.0, "Lbr_Jbt_26": 10.08, "Bgn_Ats_26": "GTP", "Jns_Jbt_26": "STANDAR", "Thn_Bgn_26": "1991", "BA_26": "2", "LNT_26": "2", "BB_26": "2", "DAS_26": "0", "OP_26": "2", "UT_26": "0", "GR_26": "0", "LB_26": "0", "JBT_26": "2", "Tp_Lnts_26": "SUNGAI", "Dt_Lnts_26": "SUNGAI LURUS (STRAIGHT)", "Pnangnn_26": "RUTIN", "Pmriksn_26": "DETAIL", "Pnglola_26": "BPJN NUSA TENGGARA BARAT", "Satkr_ID26": "693915", "PPK_Name26": "PPK 2.3", "Traffic_26": null, "VCR_26": "0.1975", "AADT_26": "2855.3", "Tipe_Jb_26": null, "Lat_26": -8.6613302230800002, "Long_26": 118.150817871, "Tgl_Ins_26": "5\/8\/2026", "Ket_26": null }, "geometry": { "type": "Point", "coordinates": [ 118.150817871, -8.66133022308 ] } },
{ "type": "Feature", "properties": { "KDRUAS_UPD": "42021", "NOJBT_UPD": "42.021.030.0", "NM_RUAS_UP": "KM. 70.00 - BTS. KAB. DOMPU (KM.130. SBW)", "NM_JBT_UPD": "BAKO MATE II", "PROVINSI": "NUSA TENGGARA BARAT", "No_Prov_26": "42", "ID_Jbt_26": "4200240", "Kd_Ruas_26": "42021", "Suffix_26": null, "Nm_Ruas_26": "KM. 70.00 - BTS. KAB. DOMPU (KM.130. SBW)", "Lintas_26": "JALAN LINTAS PULAU SUMBAWA", "No_Jbt_26": "42.021.030.0", "Nm_Jbt_26": "BAKO MATE II", "Status_26": "N", "Fungsi_26": "A", "Lks_Dr_26": "SBW", "Lks_km_26": 1264.0, "F_STA_26": "5650", "Cadin_26": "SBW", "Pjg_Jbt_26": 12.0, "Btg_Pjg_26": 3.88, "Jml_Btg_26": "3", "Lb_Jl_Ms26": 5.7, "Lb_Jl_Kl26": 5.7, "Lb_Lalin26": 5.82, "Lb_Bh_Ki26": 0.2, "Lb_Bh_Ka26": 0.41, "Lb_Dr_Ki26": 0.0, "Lb_Dr_Ka26": 0.0, "Lb_Tr_Ki26": 3.35, "Lb_Tr_Ka26": 3.46, "Lb_TS_Ki26": 0.0, "Lb_TS_Ka26": 0.0, "Lb_Med_26": 0.0, "Lbr_Jbt_26": 13.24, "Bgn_Ats_26": "BTP", "Jns_Jbt_26": "STANDAR", "Thn_Bgn_26": "2012", "BA_26": "0", "LNT_26": "0", "BB_26": "0", "DAS_26": "1", "OP_26": "1", "UT_26": "1", "GR_26": "0", "LB_26": "0", "JBT_26": "1", "Tp_Lnts_26": "SUNGAI", "Dt_Lnts_26": "SUNGAI LURUS (STRAIGHT)", "Pnangnn_26": "RUTIN", "Pmriksn_26": "RUTIN", "Pnglola_26": "BPJN NUSA TENGGARA BARAT", "Satkr_ID26": "693915", "PPK_Name26": "PPK 2.3", "Traffic_26": null, "VCR_26": "0.1975", "AADT_26": "2855.3", "Tipe_Jb_26": null, "Lat_26": -8.6590003967300007, "Long_26": 118.157981873, "Tgl_Ins_26": "5\/29\/2024", "Ket_26": null }, "geometry": { "type": "Point", "coordinates": [ 118.157981873, -8.659000396730001 ] } },
{ "type": "Feature", "properties": { "KDRUAS_UPD": "42021", "NOJBT_UPD": "42.021.031.0", "NM_RUAS_UP": "KM. 70.00 - BTS. KAB. DOMPU (KM.130. SBW)", "NM_JBT_UPD": "BAKO RANCA I", "PROVINSI": "NUSA TENGGARA BARAT", "No_Prov_26": "42", "ID_Jbt_26": "4200241", "Kd_Ruas_26": "42021", "Suffix_26": null, "Nm_Ruas_26": "KM. 70.00 - BTS. KAB. DOMPU (KM.130. SBW)", "Lintas_26": "JALAN LINTAS PULAU SUMBAWA", "No_Jbt_26": "42.021.031.0", "Nm_Jbt_26": "BAKO RANCA I", "Status_26": "N", "Fungsi_26": "A", "Lks_Dr_26": "SBW", "Lks_km_26": 1275.0, "F_STA_26": "5770", "Cadin_26": "SBW", "Pjg_Jbt_26": 16.5, "Btg_Pjg_26": 2.58, "Jml_Btg_26": "6", "Lb_Jl_Ms26": 6.77, "Lb_Jl_Kl26": 6.77, "Lb_Lalin26": 6.89, "Lb_Bh_Ki26": 0.36, "Lb_Bh_Ka26": 0.41, "Lb_Dr_Ki26": 0.0, "Lb_Dr_Ka26": 0.0, "Lb_Tr_Ki26": 2.62, "Lb_Tr_Ka26": 4.3, "Lb_TS_Ki26": 0.25, "Lb_TS_Ka26": 0.25, "Lb_Med_26": 0.0, "Lbr_Jbt_26": 15.08, "Bgn_Ats_26": "BTP", "Jns_Jbt_26": "STANDAR", "Thn_Bgn_26": "2012", "BA_26": "1", "LNT_26": "1", "BB_26": "0", "DAS_26": "1", "OP_26": "0", "UT_26": "2", "GR_26": "0", "LB_26": "0", "JBT_26": "2", "Tp_Lnts_26": "SUNGAI", "Dt_Lnts_26": "SUNGAI LURUS (STRAIGHT)", "Pnangnn_26": "BERKALA", "Pmriksn_26": "RUTIN", "Pnglola_26": "BPJN NUSA TENGGARA BARAT", "Satkr_ID26": "693915", "PPK_Name26": "PPK 2.3", "Traffic_26": null, "VCR_26": "0.1975", "AADT_26": "2855.3", "Tipe_Jb_26": null, "Lat_26": -8.65540027618, "Long_26": 118.16168975799998, "Tgl_Ins_26": "5\/29\/2024", "Ket_26": null }, "geometry": { "type": "Point", "coordinates": [ 118.161689758, -8.65540027618 ] } },
{ "type": "Feature", "properties": { "KDRUAS_UPD": "42021", "NOJBT_UPD": "42.021.032.0", "NM_RUAS_UP": "KM. 70.00 - BTS. KAB. DOMPU (KM.130. SBW)", "NM_JBT_UPD": "BAKO RANCA II", "PROVINSI": "NUSA TENGGARA BARAT", "No_Prov_26": "42", "ID_Jbt_26": "4200242", "Kd_Ruas_26": "42021", "Suffix_26": null, "Nm_Ruas_26": "KM. 70.00 - BTS. KAB. DOMPU (KM.130. SBW)", "Lintas_26": "JALAN LINTAS PULAU SUMBAWA", "No_Jbt_26": "42.021.032.0", "Nm_Jbt_26": "BAKO RANCA II", "Status_26": "N", "Fungsi_26": "A", "Lks_Dr_26": "SBW", "Lks_km_26": 1276.0, "F_STA_26": "5780", "Cadin_26": "SBW", "Pjg_Jbt_26": 9.0, "Btg_Pjg_26": 3.08, "Jml_Btg_26": "3", "Lb_Jl_Ms26": 5.8, "Lb_Jl_Kl26": 5.8, "Lb_Lalin26": 5.92, "Lb_Bh_Ki26": 0.55, "Lb_Bh_Ka26": 1.55, "Lb_Dr_Ki26": 0.0, "Lb_Dr_Ka26": 0.0, "Lb_Tr_Ki26": 2.01, "Lb_Tr_Ka26": 1.93, "Lb_TS_Ki26": 0.0, "Lb_TS_Ka26": 0.0, "Lb_Med_26": 0.0, "Lbr_Jbt_26": 11.96, "Bgn_Ats_26": "BTP", "Jns_Jbt_26": "STANDAR", "Thn_Bgn_26": "2012", "BA_26": "0", "LNT_26": "0", "BB_26": "0", "DAS_26": "0", "OP_26": "0", "UT_26": "1", "GR_26": "2", "LB_26": "0", "JBT_26": "2", "Tp_Lnts_26": "SUNGAI", "Dt_Lnts_26": "SUNGAI LURUS (STRAIGHT)", "Pnangnn_26": "RUTIN", "Pmriksn_26": "DETAIL", "Pnglola_26": "BPJN NUSA TENGGARA BARAT", "Satkr_ID26": "693915", "PPK_Name26": "PPK 2.3", "Traffic_26": null, "VCR_26": "0.1975", "AADT_26": "2855.3", "Tipe_Jb_26": null, "Lat_26": -8.6553001403799996, "Long_26": 118.16226196300001, "Tgl_Ins_26": "6\/8\/2026", "Ket_26": null }, "geometry": { "type": "Point", "coordinates": [ 118.162261963, -8.65530014038 ] } },
{ "type": "Feature", "properties": { "KDRUAS_UPD": "42021", "NOJBT_UPD": "42.021.033.0", "NM_RUAS_UP": "KM. 70.00 - BTS. KAB. DOMPU (KM.130. SBW)", "NM_JBT_UPD": "BAKO RANCA III", "PROVINSI": "NUSA TENGGARA BARAT", "No_Prov_26": "42", "ID_Jbt_26": "4200243", "Kd_Ruas_26": "42021", "Suffix_26": null, "Nm_Ruas_26": "KM. 70.00 - BTS. KAB. DOMPU (KM.130. SBW)", "Lintas_26": "JALAN LINTAS PULAU SUMBAWA", "No_Jbt_26": "42.021.033.0", "Nm_Jbt_26": "BAKO RANCA III", "Status_26": "N", "Fungsi_26": "A", "Lks_Dr_26": "SBW", "Lks_km_26": 1282.0, "F_STA_26": "5840", "Cadin_26": "SBW", "Pjg_Jbt_26": 13.0, "Btg_Pjg_26": 12.55, "Jml_Btg_26": "1", "Lb_Jl_Ms26": 6.1, "Lb_Jl_Kl26": 6.1, "Lb_Lalin26": 6.22, "Lb_Bh_Ki26": 0.23, "Lb_Bh_Ka26": 0.3, "Lb_Dr_Ki26": 1.0, "Lb_Dr_Ka26": 0.0, "Lb_Tr_Ki26": 0.58, "Lb_Tr_Ka26": 1.99, "Lb_TS_Ki26": 0.0, "Lb_TS_Ka26": 0.0, "Lb_Med_26": 0.0, "Lbr_Jbt_26": 10.32, "Bgn_Ats_26": "GTP", "Jns_Jbt_26": "STANDAR", "Thn_Bgn_26": "1995", "BA_26": "2", "LNT_26": "2", "BB_26": "2", "DAS_26": "1", "OP_26": "0", "UT_26": "0", "GR_26": "0", "LB_26": "0", "JBT_26": "2", "Tp_Lnts_26": "SUNGAI", "Dt_Lnts_26": "SUNGAI LURUS (STRAIGHT)", "Pnangnn_26": "BERKALA", "Pmriksn_26": "RUTIN", "Pnglola_26": "BPJN NUSA TENGGARA BARAT", "Satkr_ID26": "693915", "PPK_Name26": "PPK 2.3", "Traffic_26": null, "VCR_26": "0.1975", "AADT_26": "2855.3", "Tipe_Jb_26": null, "Lat_26": -8.6542797088600008, "Long_26": 118.165756226, "Tgl_Ins_26": "5\/29\/2024", "Ket_26": null }, "geometry": { "type": "Point", "coordinates": [ 118.165756226, -8.654279708860001 ] } },
{ "type": "Feature", "properties": { "KDRUAS_UPD": "42021", "NOJBT_UPD": "42.021.034.0", "NM_RUAS_UP": "KM. 70.00 - BTS. KAB. DOMPU (KM.130. SBW)", "NM_JBT_UPD": "KARUNGGU I", "PROVINSI": "NUSA TENGGARA BARAT", "No_Prov_26": "42", "ID_Jbt_26": "4200244", "Kd_Ruas_26": "42021", "Suffix_26": null, "Nm_Ruas_26": "KM. 70.00 - BTS. KAB. DOMPU (KM.130. SBW)", "Lintas_26": "JALAN LINTAS PULAU SUMBAWA", "No_Jbt_26": "42.021.034.0", "Nm_Jbt_26": "KARUNGGU I", "Status_26": "N", "Fungsi_26": "A", "Lks_Dr_26": "SBW", "Lks_km_26": 1296.0, "F_STA_26": "5960", "Cadin_26": "SBW", "Pjg_Jbt_26": 9.5, "Btg_Pjg_26": 9.0, "Jml_Btg_26": "1", "Lb_Jl_Ms26": 5.33, "Lb_Jl_Kl26": 5.33, "Lb_Lalin26": 5.45, "Lb_Bh_Ki26": 0.22, "Lb_Bh_Ka26": 0.45, "Lb_Dr_Ki26": 0.18, "Lb_Dr_Ka26": 0.1, "Lb_Tr_Ki26": 1.19, "Lb_Tr_Ka26": 1.17, "Lb_TS_Ki26": 0.0, "Lb_TS_Ka26": 0.0, "Lb_Med_26": 0.0, "Lbr_Jbt_26": 8.76, "Bgn_Ats_26": "GTP", "Jns_Jbt_26": "STANDAR", "Thn_Bgn_26": "1990", "BA_26": "2", "LNT_26": "2", "BB_26": "2", "DAS_26": "0", "OP_26": "2", "UT_26": "0", "GR_26": "0", "LB_26": "0", "JBT_26": "2", "Tp_Lnts_26": "SUNGAI", "Dt_Lnts_26": "SUNGAI LURUS (STRAIGHT)", "Pnangnn_26": "RUTIN", "Pmriksn_26": "DETAIL", "Pnglola_26": "BPJN NUSA TENGGARA BARAT", "Satkr_ID26": "693915", "PPK_Name26": "PPK 2.3", "Traffic_26": null, "VCR_26": "0.1975", "AADT_26": "2855.3", "Tipe_Jb_26": null, "Lat_26": -8.6607904434199998, "Long_26": 118.170280457, "Tgl_Ins_26": "5\/8\/2026", "Ket_26": null }, "geometry": { "type": "Point", "coordinates": [ 118.170280457, -8.66079044342 ] } },
{ "type": "Feature", "properties": { "KDRUAS_UPD": "42021", "NOJBT_UPD": "42.021.035.0", "NM_RUAS_UP": "KM. 70.00 - BTS. KAB. DOMPU (KM.130. SBW)", "NM_JBT_UPD": "KARUNGGU II", "PROVINSI": "NUSA TENGGARA BARAT", "No_Prov_26": "42", "ID_Jbt_26": "4200245", "Kd_Ruas_26": "42021", "Suffix_26": null, "Nm_Ruas_26": "KM. 70.00 - BTS. KAB. DOMPU (KM.130. SBW)", "Lintas_26": "JALAN LINTAS PULAU SUMBAWA", "No_Jbt_26": "42.021.035.0", "Nm_Jbt_26": "KARUNGGU II", "Status_26": "N", "Fungsi_26": "A", "Lks_Dr_26": "SBW", "Lks_km_26": 1298.0, "F_STA_26": "5990", "Cadin_26": "SBW", "Pjg_Jbt_26": 9.5, "Btg_Pjg_26": 9.3, "Jml_Btg_26": "1", "Lb_Jl_Ms26": 5.29, "Lb_Jl_Kl26": 5.29, "Lb_Lalin26": 5.41, "Lb_Bh_Ki26": 0.25, "Lb_Bh_Ka26": 0.33, "Lb_Dr_Ki26": 0.18, "Lb_Dr_Ka26": 0.1, "Lb_Tr_Ki26": 1.2, "Lb_Tr_Ka26": 1.2, "Lb_TS_Ki26": 0.0, "Lb_TS_Ka26": 0.0, "Lb_Med_26": 0.0, "Lbr_Jbt_26": 8.67, "Bgn_Ats_26": "GTP", "Jns_Jbt_26": "STANDAR", "Thn_Bgn_26": "1980", "BA_26": "2", "LNT_26": "2", "BB_26": "2", "DAS_26": "0", "OP_26": "2", "UT_26": "0", "GR_26": "0", "LB_26": "0", "JBT_26": "2", "Tp_Lnts_26": "SUNGAI", "Dt_Lnts_26": "SUNGAI LURUS (STRAIGHT)", "Pnangnn_26": "RUTIN", "Pmriksn_26": "DETAIL", "Pnglola_26": "BPJN NUSA TENGGARA BARAT", "Satkr_ID26": "693915", "PPK_Name26": "PPK 2.3", "Traffic_26": null, "VCR_26": "0.1975", "AADT_26": "2855.3", "Tipe_Jb_26": null, "Lat_26": -8.6620101928699995, "Long_26": 118.17237854, "Tgl_Ins_26": "5\/8\/2026", "Ket_26": null }, "geometry": { "type": "Point", "coordinates": [ 118.17237854, -8.66201019287 ] } },
{ "type": "Feature", "properties": { "KDRUAS_UPD": "42022", "NOJBT_UPD": "42.022.001.0", "NM_RUAS_UP": "BTS. KAB. DOMPU (KM.130.SBW)  - BANGGO", "NM_JBT_UPD": "SORI MEE", "PROVINSI": "NUSA TENGGARA BARAT", "No_Prov_26": "42", "ID_Jbt_26": "4200247", "Kd_Ruas_26": "42022", "Suffix_26": null, "Nm_Ruas_26": "BTS. KAB. DOMPU (KM.130.SBW)  - BANGGO", "Lintas_26": "JALAN LINTAS PULAU SUMBAWA", "No_Jbt_26": "42.022.001.0", "Nm_Jbt_26": "SORI MEE", "Status_26": "N", "Fungsi_26": "A", "Lks_Dr_26": "SBW", "Lks_km_26": 867.0, "F_STA_26": "60", "Cadin_26": "DOM", "Pjg_Jbt_26": 11.2, "Btg_Pjg_26": 10.2, "Jml_Btg_26": "1", "Lb_Jl_Ms26": 5.72, "Lb_Jl_Kl26": 5.72, "Lb_Lalin26": 5.84, "Lb_Bh_Ki26": 0.35, "Lb_Bh_Ka26": 0.85, "Lb_Dr_Ki26": 0.2, "Lb_Dr_Ka26": 0.2, "Lb_Tr_Ki26": 1.29, "Lb_Tr_Ka26": 1.3, "Lb_TS_Ki26": 0.0, "Lb_TS_Ka26": 0.0, "Lb_Med_26": 0.0, "Lbr_Jbt_26": 10.03, "Bgn_Ats_26": "GTP", "Jns_Jbt_26": "STANDAR", "Thn_Bgn_26": "2011", "BA_26": "2", "LNT_26": "2", "BB_26": "1", "DAS_26": "2", "OP_26": "2", "UT_26": "0", "GR_26": "0", "LB_26": "0", "JBT_26": "2", "Tp_Lnts_26": "SUNGAI", "Dt_Lnts_26": "SUNGAI LURUS (STRAIGHT)", "Pnangnn_26": "RUTIN", "Pmriksn_26": "RUTIN", "Pnglola_26": "BPJN NUSA TENGGARA BARAT", "Satkr_ID26": "693916", "PPK_Name26": "PPK 3.1", "Traffic_26": null, "VCR_26": "0.176", "AADT_26": "2478.9", "Tipe_Jb_26": null, "Lat_26": -8.5237903594999995, "Long_26": 118.31652069099999, "Tgl_Ins_26": "5\/31\/2025", "Ket_26": null }, "geometry": { "type": "Point", "coordinates": [ 118.316520691, -8.5237903595 ] } },
{ "type": "Feature", "properties": { "KDRUAS_UPD": "42022", "NOJBT_UPD": "42.022.003.0", "NM_RUAS_UP": "BTS. KAB. DOMPU (KM.130.SBW)  - BANGGO", "NM_JBT_UPD": "SORI DEI II", "PROVINSI": "NUSA TENGGARA BARAT", "No_Prov_26": "42", "ID_Jbt_26": "4200249", "Kd_Ruas_26": "42022", "Suffix_26": null, "Nm_Ruas_26": "BTS. KAB. DOMPU (KM.130.SBW)  - BANGGO", "Lintas_26": "JALAN LINTAS PULAU SUMBAWA", "No_Jbt_26": "42.022.003.0", "Nm_Jbt_26": "SORI DEI II", "Status_26": "N", "Fungsi_26": "A", "Lks_Dr_26": "SBW", "Lks_km_26": 922.0, "F_STA_26": "600", "Cadin_26": "DOM", "Pjg_Jbt_26": 15.0, "Btg_Pjg_26": 14.8, "Jml_Btg_26": "1", "Lb_Jl_Ms26": 6.0, "Lb_Jl_Kl26": 6.0, "Lb_Lalin26": 6.22, "Lb_Bh_Ki26": 0.35, "Lb_Bh_Ka26": 0.31, "Lb_Dr_Ki26": 0.2, "Lb_Dr_Ka26": 0.31, "Lb_Tr_Ki26": 1.23, "Lb_Tr_Ka26": 1.23, "Lb_TS_Ki26": 0.0, "Lb_TS_Ka26": 0.0, "Lb_Med_26": 0.0, "Lbr_Jbt_26": 9.85, "Bgn_Ats_26": "GTP", "Jns_Jbt_26": "STANDAR", "Thn_Bgn_26": "1988", "BA_26": "2", "LNT_26": "2", "BB_26": "0", "DAS_26": "2", "OP_26": "2", "UT_26": "0", "GR_26": "0", "LB_26": "0", "JBT_26": "2", "Tp_Lnts_26": "SUNGAI", "Dt_Lnts_26": "SUNGAI LURUS (STRAIGHT)", "Pnangnn_26": "RUTIN", "Pmriksn_26": "RUTIN", "Pnglola_26": "BPJN NUSA TENGGARA BARAT", "Satkr_ID26": "693916", "PPK_Name26": "PPK 3.1", "Traffic_26": null, "VCR_26": "0.176", "AADT_26": "2478.9", "Tipe_Jb_26": null, "Lat_26": -8.5624399185200009, "Long_26": 118.28871154799999, "Tgl_Ins_26": "5\/31\/2025", "Ket_26": null }, "geometry": { "type": "Point", "coordinates": [ 118.288711548, -8.562439918520001 ] } },
{ "type": "Feature", "properties": { "KDRUAS_UPD": "42022", "NOJBT_UPD": "42.022.004.0", "NM_RUAS_UP": "BTS. KAB. DOMPU (KM.130.SBW)  - BANGGO", "NM_JBT_UPD": "KANTU ALA", "PROVINSI": "NUSA TENGGARA BARAT", "No_Prov_26": "42", "ID_Jbt_26": "4200250", "Kd_Ruas_26": "42022", "Suffix_26": null, "Nm_Ruas_26": "BTS. KAB. DOMPU (KM.130.SBW)  - BANGGO", "Lintas_26": "JALAN LINTAS PULAU SUMBAWA", "No_Jbt_26": "42.022.004.0", "Nm_Jbt_26": "KANTU ALA", "Status_26": "N", "Fungsi_26": "A", "Lks_Dr_26": "SBW", "Lks_km_26": 929.0, "F_STA_26": "680", "Cadin_26": "DOM", "Pjg_Jbt_26": 9.5, "Btg_Pjg_26": 9.1, "Jml_Btg_26": "1", "Lb_Jl_Ms26": 5.5, "Lb_Jl_Kl26": 5.5, "Lb_Lalin26": 5.62, "Lb_Bh_Ki26": 0.8, "Lb_Bh_Ka26": 0.6, "Lb_Dr_Ki26": 0.2, "Lb_Dr_Ka26": 0.2, "Lb_Tr_Ki26": 1.22, "Lb_Tr_Ka26": 1.21, "Lb_TS_Ki26": 0.0, "Lb_TS_Ka26": 0.0, "Lb_Med_26": 0.0, "Lbr_Jbt_26": 9.85, "Bgn_Ats_26": "GTP", "Jns_Jbt_26": "STANDAR", "Thn_Bgn_26": "1993", "BA_26": "1", "LNT_26": "1", "BB_26": "1", "DAS_26": "0", "OP_26": "1", "UT_26": "0", "GR_26": "0", "LB_26": "0", "JBT_26": "1", "Tp_Lnts_26": "SUNGAI", "Dt_Lnts_26": "SUNGAI LURUS (STRAIGHT)", "Pnangnn_26": "RUTIN", "Pmriksn_26": "RUTIN", "Pnglola_26": "BPJN NUSA TENGGARA BARAT", "Satkr_ID26": "693916", "PPK_Name26": "PPK 3.1", "Traffic_26": null, "VCR_26": "0.176", "AADT_26": "2478.9", "Tipe_Jb_26": null, "Lat_26": -8.5689096450799997, "Long_26": 118.28717804, "Tgl_Ins_26": "7\/2\/2024", "Ket_26": null }, "geometry": { "type": "Point", "coordinates": [ 118.28717804, -8.56890964508 ] } },
{ "type": "Feature", "properties": { "KDRUAS_UPD": "42022", "NOJBT_UPD": "42.022.005.0", "NM_RUAS_UP": "BTS. KAB. DOMPU (KM.130.SBW)  - BANGGO", "NM_JBT_UPD": "NANGA TOMPU", "PROVINSI": "NUSA TENGGARA BARAT", "No_Prov_26": "42", "ID_Jbt_26": "4200251", "Kd_Ruas_26": "42022", "Suffix_26": null, "Nm_Ruas_26": "BTS. KAB. DOMPU (KM.130.SBW)  - BANGGO", "Lintas_26": "JALAN LINTAS PULAU SUMBAWA", "No_Jbt_26": "42.022.005.0", "Nm_Jbt_26": "NANGA TOMPU", "Status_26": "N", "Fungsi_26": "A", "Lks_Dr_26": "SBW", "Lks_km_26": 998.0, "F_STA_26": "1350", "Cadin_26": "DOM", "Pjg_Jbt_26": 8.0, "Btg_Pjg_26": 5.0, "Jml_Btg_26": "1", "Lb_Jl_Ms26": 10.22, "Lb_Jl_Kl26": 10.22, "Lb_Lalin26": 10.34, "Lb_Bh_Ki26": 2.35, "Lb_Bh_Ka26": 2.42, "Lb_Dr_Ki26": 0.0, "Lb_Dr_Ka26": 0.0, "Lb_Tr_Ki26": 1.0, "Lb_Tr_Ka26": 1.0, "Lb_TS_Ki26": 0.0, "Lb_TS_Ka26": 0.0, "Lb_Med_26": 0.0, "Lbr_Jbt_26": 17.11, "Bgn_Ats_26": "GTP", "Jns_Jbt_26": "STANDAR", "Thn_Bgn_26": "1990", "BA_26": "2", "LNT_26": "2", "BB_26": "2", "DAS_26": "2", "OP_26": "0", "UT_26": "0", "GR_26": "0", "LB_26": "0", "JBT_26": "2", "Tp_Lnts_26": "SUNGAI", "Dt_Lnts_26": "SUNGAI LURUS (STRAIGHT)", "Pnangnn_26": "RUTIN", "Pmriksn_26": "RUTIN", "Pnglola_26": "BPJN NUSA TENGGARA BARAT", "Satkr_ID26": "693916", "PPK_Name26": "PPK 3.1", "Traffic_26": null, "VCR_26": "0.176", "AADT_26": "2478.9", "Tipe_Jb_26": null, "Lat_26": -8.5933504104599994, "Long_26": 118.290771484, "Tgl_Ins_26": "5\/30\/2025", "Ket_26": null }, "geometry": { "type": "Point", "coordinates": [ 118.290771484, -8.593350410459999 ] } },
{ "type": "Feature", "properties": { "KDRUAS_UPD": "42022", "NOJBT_UPD": "42.022.006.0", "NM_RUAS_UP": "BTS. KAB. DOMPU (KM.130.SBW)  - BANGGO", "NM_JBT_UPD": "NAPA KECIL", "PROVINSI": "NUSA TENGGARA BARAT", "No_Prov_26": "42", "ID_Jbt_26": "4200252", "Kd_Ruas_26": "42022", "Suffix_26": null, "Nm_Ruas_26": "BTS. KAB. DOMPU (KM.130.SBW)  - BANGGO", "Lintas_26": "JALAN LINTAS PULAU SUMBAWA", "No_Jbt_26": "42.022.006.0", "Nm_Jbt_26": "NAPA KECIL", "Status_26": "N", "Fungsi_26": "A", "Lks_Dr_26": "SBW", "Lks_km_26": 1038.0, "F_STA_26": "1750", "Cadin_26": "DOM", "Pjg_Jbt_26": 10.0, "Btg_Pjg_26": 9.7, "Jml_Btg_26": "1", "Lb_Jl_Ms26": 6.2, "Lb_Jl_Kl26": 6.2, "Lb_Lalin26": 6.32, "Lb_Bh_Ki26": 0.53, "Lb_Bh_Ka26": 0.46, "Lb_Dr_Ki26": 0.25, "Lb_Dr_Ka26": 0.17, "Lb_Tr_Ki26": 1.24, "Lb_Tr_Ka26": 1.29, "Lb_TS_Ki26": 0.0, "Lb_TS_Ka26": 0.0, "Lb_Med_26": 0.0, "Lbr_Jbt_26": 10.26, "Bgn_Ats_26": "GTP", "Jns_Jbt_26": "STANDAR", "Thn_Bgn_26": "2010", "BA_26": "1", "LNT_26": "0", "BB_26": "1", "DAS_26": "1", "OP_26": "1", "UT_26": "0", "GR_26": "0", "LB_26": "0", "JBT_26": "1", "Tp_Lnts_26": "SUNGAI", "Dt_Lnts_26": "SUNGAI LURUS (STRAIGHT)", "Pnangnn_26": "RUTIN", "Pmriksn_26": "RUTIN", "Pnglola_26": "BPJN NUSA TENGGARA BARAT", "Satkr_ID26": "693916", "PPK_Name26": "PPK 3.1", "Traffic_26": null, "VCR_26": "0.176", "AADT_26": "2478.9", "Tipe_Jb_26": null, "Lat_26": -8.6249399185200009, "Long_26": 118.290893555, "Tgl_Ins_26": "7\/2\/2024", "Ket_26": null }, "geometry": { "type": "Point", "coordinates": [ 118.290893555, -8.624939918520001 ] } },
{ "type": "Feature", "properties": { "KDRUAS_UPD": "42022", "NOJBT_UPD": "42.022.007.0", "NM_RUAS_UP": "BTS. KAB. DOMPU (KM.130.SBW)  - BANGGO", "NM_JBT_UPD": "NAPA BESAR", "PROVINSI": "NUSA TENGGARA BARAT", "No_Prov_26": "42", "ID_Jbt_26": "4200253", "Kd_Ruas_26": "42022", "Suffix_26": null, "Nm_Ruas_26": "BTS. KAB. DOMPU (KM.130.SBW)  - BANGGO", "Lintas_26": "JALAN LINTAS PULAU SUMBAWA", "No_Jbt_26": "42.022.007.0", "Nm_Jbt_26": "NAPA BESAR", "Status_26": "N", "Fungsi_26": "A", "Lks_Dr_26": "SBW", "Lks_km_26": 1043.0, "F_STA_26": "1800", "Cadin_26": "DOM", "Pjg_Jbt_26": 16.8, "Btg_Pjg_26": 16.45, "Jml_Btg_26": "1", "Lb_Jl_Ms26": 7.0, "Lb_Jl_Kl26": 7.0, "Lb_Lalin26": 5.02, "Lb_Bh_Ki26": 0.59, "Lb_Bh_Ka26": 0.6, "Lb_Dr_Ki26": 0.32, "Lb_Dr_Ka26": 0.34, "Lb_Tr_Ki26": 0.69, "Lb_Tr_Ka26": 0.67, "Lb_TS_Ki26": 0.0, "Lb_TS_Ka26": 0.0, "Lb_Med_26": 0.0, "Lbr_Jbt_26": 8.23, "Bgn_Ats_26": "GTP", "Jns_Jbt_26": "STANDAR", "Thn_Bgn_26": "1987", "BA_26": "1", "LNT_26": "1", "BB_26": "1", "DAS_26": "0", "OP_26": "2", "UT_26": "0", "GR_26": "0", "LB_26": "0", "JBT_26": "2", "Tp_Lnts_26": "SUNGAI", "Dt_Lnts_26": "SUNGAI BERKELOK (MEANDERING)", "Pnangnn_26": "RUTIN", "Pmriksn_26": "RUTIN", "Pnglola_26": "BPJN NUSA TENGGARA BARAT", "Satkr_ID26": "693916", "PPK_Name26": "PPK 3.1", "Traffic_26": null, "VCR_26": "0.176", "AADT_26": "2478.9", "Tipe_Jb_26": null, "Lat_26": -8.6288900375399997, "Long_26": 118.291091919, "Tgl_Ins_26": "4\/1\/2024", "Ket_26": null }, "geometry": { "type": "Point", "coordinates": [ 118.291091919, -8.62889003754 ] } },
{ "type": "Feature", "properties": { "KDRUAS_UPD": "42022", "NOJBT_UPD": "42.022.008.0", "NM_RUAS_UP": "BTS. KAB. DOMPU (KM.130.SBW)  - BANGGO", "NM_JBT_UPD": "NANGA KEMPO", "PROVINSI": "NUSA TENGGARA BARAT", "No_Prov_26": "42", "ID_Jbt_26": "4200254", "Kd_Ruas_26": "42022", "Suffix_26": null, "Nm_Ruas_26": "BTS. KAB. DOMPU (KM.130.SBW)  - BANGGO", "Lintas_26": "JALAN LINTAS PULAU SUMBAWA", "No_Jbt_26": "42.022.008.0", "Nm_Jbt_26": "NANGA KEMPO", "Status_26": "N", "Fungsi_26": "A", "Lks_Dr_26": "SBW", "Lks_km_26": 10665.0, "F_STA_26": "2020", "Cadin_26": "DOM", "Pjg_Jbt_26": 15.0, "Btg_Pjg_26": 14.8, "Jml_Btg_26": "1", "Lb_Jl_Ms26": 6.23, "Lb_Jl_Kl26": 6.23, "Lb_Lalin26": 6.35, "Lb_Bh_Ki26": 1.03, "Lb_Bh_Ka26": 0.81, "Lb_Dr_Ki26": 0.35, "Lb_Dr_Ka26": 0.42, "Lb_Tr_Ki26": 0.92, "Lb_Tr_Ka26": 0.91, "Lb_TS_Ki26": 0.0, "Lb_TS_Ka26": 0.0, "Lb_Med_26": 0.0, "Lbr_Jbt_26": 10.79, "Bgn_Ats_26": "GTP", "Jns_Jbt_26": "STANDAR", "Thn_Bgn_26": "1970", "BA_26": "1", "LNT_26": "1", "BB_26": "2", "DAS_26": "2", "OP_26": "2", "UT_26": "0", "GR_26": "0", "LB_26": "0", "JBT_26": "2", "Tp_Lnts_26": "SUNGAI", "Dt_Lnts_26": "SUNGAI LURUS (STRAIGHT)", "Pnangnn_26": "RUTIN", "Pmriksn_26": "RUTIN", "Pnglola_26": "BPJN NUSA TENGGARA BARAT", "Satkr_ID26": "693916", "PPK_Name26": "PPK 3.1", "Traffic_26": null, "VCR_26": "0.176", "AADT_26": "2478.9", "Tipe_Jb_26": null, "Lat_26": -8.6482400894199998, "Long_26": 118.287696838, "Tgl_Ins_26": "5\/30\/2025", "Ket_26": null }, "geometry": { "type": "Point", "coordinates": [ 118.287696838, -8.64824008942 ] } },
{ "type": "Feature", "properties": { "KDRUAS_UPD": "42022", "NOJBT_UPD": "42.022.010.0", "NM_RUAS_UP": "BTS. KAB. DOMPU (KM.130.SBW)  - BANGGO", "NM_JBT_UPD": "LARA II", "PROVINSI": "NUSA TENGGARA BARAT", "No_Prov_26": "42", "ID_Jbt_26": "4200256", "Kd_Ruas_26": "42022", "Suffix_26": null, "Nm_Ruas_26": "BTS. KAB. DOMPU (KM.130.SBW)  - BANGGO", "Lintas_26": "JALAN LINTAS PULAU SUMBAWA", "No_Jbt_26": "42.022.010.0", "Nm_Jbt_26": "LARA II", "Status_26": "N", "Fungsi_26": "A", "Lks_Dr_26": "SBW", "Lks_km_26": 1098.0, "F_STA_26": "2360", "Cadin_26": "DOM", "Pjg_Jbt_26": 14.9, "Btg_Pjg_26": 14.5, "Jml_Btg_26": "1", "Lb_Jl_Ms26": 6.14, "Lb_Jl_Kl26": 6.14, "Lb_Lalin26": 6.26, "Lb_Bh_Ki26": 0.62, "Lb_Bh_Ka26": 0.5, "Lb_Dr_Ki26": 0.32, "Lb_Dr_Ka26": 0.3, "Lb_Tr_Ki26": 1.295, "Lb_Tr_Ka26": 1.26, "Lb_TS_Ki26": 0.0, "Lb_TS_Ka26": 0.0, "Lb_Med_26": 0.0, "Lbr_Jbt_26": 10.555, "Bgn_Ats_26": "GTP", "Jns_Jbt_26": "STANDAR", "Thn_Bgn_26": "1999", "BA_26": "2", "LNT_26": "2", "BB_26": "1", "DAS_26": "2", "OP_26": "0", "UT_26": "0", "GR_26": "0", "LB_26": "0", "JBT_26": "2", "Tp_Lnts_26": "SUNGAI", "Dt_Lnts_26": "SUNGAI LURUS (STRAIGHT)", "Pnangnn_26": "RUTIN", "Pmriksn_26": "RUTIN", "Pnglola_26": "BPJN NUSA TENGGARA BARAT", "Satkr_ID26": "693916", "PPK_Name26": "PPK 3.1", "Traffic_26": null, "VCR_26": "0.176", "AADT_26": "2478.9", "Tipe_Jb_26": null, "Lat_26": -8.6613597869899994, "Long_26": 118.27295684800001, "Tgl_Ins_26": "6\/25\/2024", "Ket_26": null }, "geometry": { "type": "Point", "coordinates": [ 118.272956848, -8.661359786989999 ] } },
{ "type": "Feature", "properties": { "KDRUAS_UPD": "42022", "NOJBT_UPD": "42.022.011.0", "NM_RUAS_UP": "BTS. KAB. DOMPU (KM.130.SBW)  - BANGGO", "NM_JBT_UPD": "ANGCUNI I", "PROVINSI": "NUSA TENGGARA BARAT", "No_Prov_26": "42", "ID_Jbt_26": "4200257", "Kd_Ruas_26": "42022", "Suffix_26": null, "Nm_Ruas_26": "BTS. KAB. DOMPU (KM.130.SBW)  - BANGGO", "Lintas_26": "JALAN LINTAS PULAU SUMBAWA", "No_Jbt_26": "42.022.011.0", "Nm_Jbt_26": "ANGCUNI I", "Status_26": "N", "Fungsi_26": "A", "Lks_Dr_26": "SBW", "Lks_km_26": 1102.0, "F_STA_26": "2420", "Cadin_26": "DOM", "Pjg_Jbt_26": 7.7, "Btg_Pjg_26": 7.45, "Jml_Btg_26": "1", "Lb_Jl_Ms26": 6.02, "Lb_Jl_Kl26": 6.02, "Lb_Lalin26": 6.14, "Lb_Bh_Ki26": 0.34, "Lb_Bh_Ka26": 0.38, "Lb_Dr_Ki26": 0.0, "Lb_Dr_Ka26": 0.0, "Lb_Tr_Ki26": 0.99, "Lb_Tr_Ka26": 1.0, "Lb_TS_Ki26": 0.3, "Lb_TS_Ka26": 0.27, "Lb_Med_26": 0.0, "Lbr_Jbt_26": 9.42, "Bgn_Ats_26": "GTP", "Jns_Jbt_26": "STANDAR", "Thn_Bgn_26": "2010", "BA_26": "1", "LNT_26": "0", "BB_26": "1", "DAS_26": "0", "OP_26": "2", "UT_26": "0", "GR_26": "0", "LB_26": "0", "JBT_26": "2", "Tp_Lnts_26": "SUNGAI", "Dt_Lnts_26": "SUNGAI LURUS (STRAIGHT)", "Pnangnn_26": "RUTIN", "Pmriksn_26": "RUTIN", "Pnglola_26": "BPJN NUSA TENGGARA BARAT", "Satkr_ID26": "693916", "PPK_Name26": "PPK 3.1", "Traffic_26": null, "VCR_26": "0.176", "AADT_26": "2478.9", "Tipe_Jb_26": null, "Lat_26": -8.6627502441399997, "Long_26": 118.26776886, "Tgl_Ins_26": "4\/1\/2024", "Ket_26": null }, "geometry": { "type": "Point", "coordinates": [ 118.26776886, -8.66275024414 ] } },
{ "type": "Feature", "properties": { "KDRUAS_UPD": "42022", "NOJBT_UPD": "42.022.016.0", "NM_RUAS_UP": "BTS. KAB. DOMPU (KM.130.SBW)  - BANGGO", "NM_JBT_UPD": "ANGCUNI VI", "PROVINSI": "NUSA TENGGARA BARAT", "No_Prov_26": "42", "ID_Jbt_26": "4200262", "Kd_Ruas_26": "42022", "Suffix_26": null, "Nm_Ruas_26": "BTS. KAB. DOMPU (KM.130.SBW)  - BANGGO", "Lintas_26": "JALAN LINTAS PULAU SUMBAWA", "No_Jbt_26": "42.022.016.0", "Nm_Jbt_26": "ANGCUNI VI", "Status_26": "N", "Fungsi_26": "A", "Lks_Dr_26": "SBW", "Lks_km_26": 1144.0, "F_STA_26": "2810", "Cadin_26": "DOM", "Pjg_Jbt_26": 7.0, "Btg_Pjg_26": 6.7, "Jml_Btg_26": "1", "Lb_Jl_Ms26": 5.85, "Lb_Jl_Kl26": 5.85, "Lb_Lalin26": 5.97, "Lb_Bh_Ki26": 0.4, "Lb_Bh_Ka26": 1.8, "Lb_Dr_Ki26": 0.0, "Lb_Dr_Ka26": 0.0, "Lb_Tr_Ki26": 1.15, "Lb_Tr_Ka26": 0.63, "Lb_TS_Ki26": 0.0, "Lb_TS_Ka26": 0.0, "Lb_Med_26": 0.0, "Lbr_Jbt_26": 9.95, "Bgn_Ats_26": "GTP", "Jns_Jbt_26": "STANDAR", "Thn_Bgn_26": "1985", "BA_26": "2", "LNT_26": "2", "BB_26": "1", "DAS_26": "2", "OP_26": "2", "UT_26": "0", "GR_26": "0", "LB_26": "0", "JBT_26": "2", "Tp_Lnts_26": "SUNGAI", "Dt_Lnts_26": "SUNGAI LURUS (STRAIGHT)", "Pnangnn_26": "RUTIN", "Pmriksn_26": "RUTIN", "Pnglola_26": "BPJN NUSA TENGGARA BARAT", "Satkr_ID26": "693916", "PPK_Name26": "PPK 3.1", "Traffic_26": null, "VCR_26": "0.176", "AADT_26": "2478.9", "Tipe_Jb_26": null, "Lat_26": -8.6728000640899996, "Long_26": 118.24269104, "Tgl_Ins_26": "6\/29\/2025", "Ket_26": null }, "geometry": { "type": "Point", "coordinates": [ 118.24269104, -8.67280006409 ] } },
{ "type": "Feature", "properties": { "KDRUAS_UPD": "42022", "NOJBT_UPD": "42.022.017.0", "NM_RUAS_UP": "BTS. KAB. DOMPU (KM.130.SBW)  - BANGGO", "NM_JBT_UPD": "KOWANGKO", "PROVINSI": "NUSA TENGGARA BARAT", "No_Prov_26": "42", "ID_Jbt_26": "4200263", "Kd_Ruas_26": "42022", "Suffix_26": null, "Nm_Ruas_26": "BTS. KAB. DOMPU (KM.130.SBW)  - BANGGO", "Lintas_26": "JALAN LINTAS PULAU SUMBAWA", "No_Jbt_26": "42.022.017.0", "Nm_Jbt_26": "KOWANGKO", "Status_26": "N", "Fungsi_26": "A", "Lks_Dr_26": "SBW", "Lks_km_26": 1172.0, "F_STA_26": "3120", "Cadin_26": "DOM", "Pjg_Jbt_26": 30.0, "Btg_Pjg_26": 29.7, "Jml_Btg_26": "1", "Lb_Jl_Ms26": 7.3, "Lb_Jl_Kl26": 7.3, "Lb_Lalin26": 5.21, "Lb_Bh_Ki26": 0.3, "Lb_Bh_Ka26": 0.25, "Lb_Dr_Ki26": 0.15, "Lb_Dr_Ka26": 0.15, "Lb_Tr_Ki26": 0.47, "Lb_Tr_Ka26": 0.5, "Lb_TS_Ki26": 0.0, "Lb_TS_Ka26": 0.0, "Lb_Med_26": 0.0, "Lbr_Jbt_26": 7.03, "Bgn_Ats_26": "GBP", "Jns_Jbt_26": "STANDAR", "Thn_Bgn_26": "1992", "BA_26": "2", "LNT_26": "2", "BB_26": "2", "DAS_26": "0", "OP_26": "2", "UT_26": "0", "GR_26": "0", "LB_26": "0", "JBT_26": "2", "Tp_Lnts_26": "SUNGAI", "Dt_Lnts_26": "SUNGAI BERKELOK (MEANDERING)", "Pnangnn_26": "RUTIN", "Pmriksn_26": "RUTIN", "Pnglola_26": "BPJN NUSA TENGGARA BARAT", "Satkr_ID26": "693916", "PPK_Name26": "PPK 3.1", "Traffic_26": null, "VCR_26": "0.176", "AADT_26": "2478.9", "Tipe_Jb_26": null, "Lat_26": -8.67541980743, "Long_26": 118.221252441, "Tgl_Ins_26": "5\/29\/2025", "Ket_26": null }, "geometry": { "type": "Point", "coordinates": [ 118.221252441, -8.67541980743 ] } },
{ "type": "Feature", "properties": { "KDRUAS_UPD": "42022", "NOJBT_UPD": "42.022.018.0", "NM_RUAS_UP": "BTS. KAB. DOMPU (KM.130.SBW)  - BANGGO", "NM_JBT_UPD": "POLI", "PROVINSI": "NUSA TENGGARA BARAT", "No_Prov_26": "42", "ID_Jbt_26": "4200264", "Kd_Ruas_26": "42022", "Suffix_26": null, "Nm_Ruas_26": "BTS. KAB. DOMPU (KM.130.SBW)  - BANGGO", "Lintas_26": "JALAN LINTAS PULAU SUMBAWA", "No_Jbt_26": "42.022.018.0", "Nm_Jbt_26": "POLI", "Status_26": "N", "Fungsi_26": "A", "Lks_Dr_26": "SBW", "Lks_km_26": 1182.0, "F_STA_26": "3190", "Cadin_26": "DOM", "Pjg_Jbt_26": 9.0, "Btg_Pjg_26": 8.6, "Jml_Btg_26": "1", "Lb_Jl_Ms26": 5.42, "Lb_Jl_Kl26": 5.42, "Lb_Lalin26": 5.54, "Lb_Bh_Ki26": 0.28, "Lb_Bh_Ka26": 0.23, "Lb_Dr_Ki26": 0.2, "Lb_Dr_Ka26": 0.25, "Lb_Tr_Ki26": 1.1, "Lb_Tr_Ka26": 1.12, "Lb_TS_Ki26": 0.0, "Lb_TS_Ka26": 0.0, "Lb_Med_26": 0.0, "Lbr_Jbt_26": 8.72, "Bgn_Ats_26": "GTP", "Jns_Jbt_26": "STANDAR", "Thn_Bgn_26": "1970", "BA_26": "2", "LNT_26": "2", "BB_26": "2", "DAS_26": "0", "OP_26": "0", "UT_26": "0", "GR_26": "0", "LB_26": "0", "JBT_26": "2", "Tp_Lnts_26": "SUNGAI", "Dt_Lnts_26": "SUNGAI LURUS (STRAIGHT)", "Pnangnn_26": "RUTIN", "Pmriksn_26": "RUTIN", "Pnglola_26": "BPJN NUSA TENGGARA BARAT", "Satkr_ID26": "693916", "PPK_Name26": "PPK 3.1", "Traffic_26": null, "VCR_26": "0.176", "AADT_26": "2478.9", "Tipe_Jb_26": null, "Lat_26": -8.6718397140499999, "Long_26": 118.21614837600001, "Tgl_Ins_26": "5\/29\/2025", "Ket_26": null }, "geometry": { "type": "Point", "coordinates": [ 118.216148376, -8.67183971405 ] } },
{ "type": "Feature", "properties": { "KDRUAS_UPD": "42022", "NOJBT_UPD": "42.022.019.0", "NM_RUAS_UP": "BTS. KAB. DOMPU (KM.130.SBW)  - BANGGO", "NM_JBT_UPD": "SORI KUE", "PROVINSI": "NUSA TENGGARA BARAT", "No_Prov_26": "42", "ID_Jbt_26": "4200265", "Kd_Ruas_26": "42022", "Suffix_26": null, "Nm_Ruas_26": "BTS. KAB. DOMPU (KM.130.SBW)  - BANGGO", "Lintas_26": "JALAN LINTAS PULAU SUMBAWA", "No_Jbt_26": "42.022.019.0", "Nm_Jbt_26": "SORI KUE", "Status_26": "N", "Fungsi_26": "A", "Lks_Dr_26": "SBW", "Lks_km_26": 1201.0, "F_STA_26": "3390", "Cadin_26": "DOM", "Pjg_Jbt_26": 12.5, "Btg_Pjg_26": 12.2, "Jml_Btg_26": "1", "Lb_Jl_Ms26": 5.45, "Lb_Jl_Kl26": 5.45, "Lb_Lalin26": 5.57, "Lb_Bh_Ki26": 1.28, "Lb_Bh_Ka26": 1.17, "Lb_Dr_Ki26": 0.0, "Lb_Dr_Ka26": 0.0, "Lb_Tr_Ki26": 1.55, "Lb_Tr_Ka26": 1.55, "Lb_TS_Ki26": 0.0, "Lb_TS_Ka26": 0.0, "Lb_Med_26": 0.0, "Lbr_Jbt_26": 11.12, "Bgn_Ats_26": "GTP", "Jns_Jbt_26": "STANDAR", "Thn_Bgn_26": "1991", "BA_26": "2", "LNT_26": "2", "BB_26": "0", "DAS_26": "0", "OP_26": "0", "UT_26": "0", "GR_26": "0", "LB_26": "0", "JBT_26": "2", "Tp_Lnts_26": "SUNGAI", "Dt_Lnts_26": "SUNGAI LURUS (STRAIGHT)", "Pnangnn_26": "RUTIN", "Pmriksn_26": "RUTIN", "Pnglola_26": "BPJN NUSA TENGGARA BARAT", "Satkr_ID26": "693916", "PPK_Name26": "PPK 3.1", "Traffic_26": null, "VCR_26": "0.176", "AADT_26": "2478.9", "Tipe_Jb_26": null, "Lat_26": -8.6744098663300004, "Long_26": 118.20130920399998, "Tgl_Ins_26": "3\/21\/2024", "Ket_26": null }, "geometry": { "type": "Point", "coordinates": [ 118.201309204, -8.67440986633 ] } },
{ "type": "Feature", "properties": { "KDRUAS_UPD": "42022", "NOJBT_UPD": "42.022.021.0", "NM_RUAS_UP": "BTS. KAB. DOMPU (KM.130.SBW)  - BANGGO", "NM_JBT_UPD": "SORI WALA", "PROVINSI": "NUSA TENGGARA BARAT", "No_Prov_26": "42", "ID_Jbt_26": "4200267", "Kd_Ruas_26": "42022", "Suffix_26": null, "Nm_Ruas_26": "BTS. KAB. DOMPU (KM.130.SBW)  - BANGGO", "Lintas_26": "JALAN LINTAS PULAU SUMBAWA", "No_Jbt_26": "42.022.021.0", "Nm_Jbt_26": "SORI WALA", "Status_26": "N", "Fungsi_26": "A", "Lks_Dr_26": "SBW", "Lks_km_26": 1227.0, "F_STA_26": "3650", "Cadin_26": "DOM", "Pjg_Jbt_26": 9.0, "Btg_Pjg_26": 8.9, "Jml_Btg_26": "1", "Lb_Jl_Ms26": 5.5, "Lb_Jl_Kl26": 5.5, "Lb_Lalin26": 5.62, "Lb_Bh_Ki26": 0.35, "Lb_Bh_Ka26": 0.48, "Lb_Dr_Ki26": 0.2, "Lb_Dr_Ka26": 0.14, "Lb_Tr_Ki26": 0.52, "Lb_Tr_Ka26": 0.5, "Lb_TS_Ki26": 0.0, "Lb_TS_Ka26": 0.0, "Lb_Med_26": 0.0, "Lbr_Jbt_26": 7.81, "Bgn_Ats_26": "GTP", "Jns_Jbt_26": "STANDAR", "Thn_Bgn_26": "1985", "BA_26": "2", "LNT_26": "1", "BB_26": "2", "DAS_26": "0", "OP_26": "2", "UT_26": "0", "GR_26": "0", "LB_26": "0", "JBT_26": "2", "Tp_Lnts_26": "SUNGAI", "Dt_Lnts_26": "SUNGAI LURUS (STRAIGHT)", "Pnangnn_26": "RUTIN", "Pmriksn_26": "DETAIL", "Pnglola_26": "BPJN NUSA TENGGARA BARAT", "Satkr_ID26": "693916", "PPK_Name26": "PPK 3.1", "Traffic_26": null, "VCR_26": "0.176", "AADT_26": "2478.9", "Tipe_Jb_26": null, "Lat_26": -8.6688899993900002, "Long_26": 118.18374633800002, "Tgl_Ins_26": "6\/9\/2026", "Ket_26": null }, "geometry": { "type": "Point", "coordinates": [ 118.183746338, -8.66888999939 ] } },
{ "type": "Feature", "properties": { "KDRUAS_UPD": "42023", "NOJBT_UPD": "42.023.001.0", "NM_RUAS_UP": "BANGGO - BTS. KOTA DOMPU", "NM_JBT_UPD": "SORI SABA", "PROVINSI": "NUSA TENGGARA BARAT", "No_Prov_26": "42", "ID_Jbt_26": "4200272", "Kd_Ruas_26": "42023", "Suffix_26": null, "Nm_Ruas_26": "BANGGO - BTS. KOTA DOMPU", "Lintas_26": "JALAN LINTAS PULAU SUMBAWA", "No_Jbt_26": "42.023.001.0", "Nm_Jbt_26": "SORI SABA", "Status_26": "N", "Fungsi_26": "A", "Lks_Dr_26": "RBA", "Lks_km_26": 812.0, "F_STA_26": "0", "Cadin_26": "DOM", "Pjg_Jbt_26": 11.0, "Btg_Pjg_26": 10.45, "Jml_Btg_26": "1", "Lb_Jl_Ms26": 5.76, "Lb_Jl_Kl26": 5.76, "Lb_Lalin26": 5.88, "Lb_Bh_Ki26": 0.63, "Lb_Bh_Ka26": 0.67, "Lb_Dr_Ki26": 0.0, "Lb_Dr_Ka26": 0.0, "Lb_Tr_Ki26": 1.21, "Lb_Tr_Ka26": 1.21, "Lb_TS_Ki26": 0.0, "Lb_TS_Ka26": 0.0, "Lb_Med_26": 0.0, "Lbr_Jbt_26": 9.6, "Bgn_Ats_26": "VPP", "Jns_Jbt_26": "STANDAR", "Thn_Bgn_26": "2014", "BA_26": "2", "LNT_26": "2", "BB_26": "1", "DAS_26": "1", "OP_26": "2", "UT_26": "0", "GR_26": "0", "LB_26": "0", "JBT_26": "2", "Tp_Lnts_26": "SUNGAI", "Dt_Lnts_26": "SUNGAI LURUS (STRAIGHT)", "Pnangnn_26": "RUTIN", "Pmriksn_26": "RUTIN", "Pnglola_26": "BPJN NUSA TENGGARA BARAT", "Satkr_ID26": "693916", "PPK_Name26": "PPK 3.1", "Traffic_26": null, "VCR_26": "0.2704", "AADT_26": "3238.4", "Tipe_Jb_26": null, "Lat_26": -8.5465602874800002, "Long_26": 118.33808898900001, "Tgl_Ins_26": "5\/31\/2025", "Ket_26": null }, "geometry": { "type": "Point", "coordinates": [ 118.338088989, -8.546560287479522 ] } },
{ "type": "Feature", "properties": { "KDRUAS_UPD": "42023", "NOJBT_UPD": "42.023.002.0", "NM_RUAS_UP": "BANGGO - BTS. KOTA DOMPU", "NM_JBT_UPD": "SORI JATI", "PROVINSI": "NUSA TENGGARA BARAT", "No_Prov_26": "42", "ID_Jbt_26": "4200273", "Kd_Ruas_26": "42023", "Suffix_26": null, "Nm_Ruas_26": "BANGGO - BTS. KOTA DOMPU", "Lintas_26": "JALAN LINTAS PULAU SUMBAWA", "No_Jbt_26": "42.023.002.0", "Nm_Jbt_26": "SORI JATI", "Status_26": "N", "Fungsi_26": "A", "Lks_Dr_26": "RBA", "Lks_km_26": 8325.0, "F_STA_26": "0", "Cadin_26": "DOM", "Pjg_Jbt_26": 10.0, "Btg_Pjg_26": 9.7, "Jml_Btg_26": "1", "Lb_Jl_Ms26": 5.9, "Lb_Jl_Kl26": 5.9, "Lb_Lalin26": 6.02, "Lb_Bh_Ki26": 0.39, "Lb_Bh_Ka26": 0.38, "Lb_Dr_Ki26": 0.0, "Lb_Dr_Ka26": 0.0, "Lb_Tr_Ki26": 0.95, "Lb_Tr_Ka26": 0.95, "Lb_TS_Ki26": 0.29, "Lb_TS_Ka26": 0.27, "Lb_Med_26": 0.4, "Lbr_Jbt_26": 9.65, "Bgn_Ats_26": "GTP", "Jns_Jbt_26": "STANDAR", "Thn_Bgn_26": "2012", "BA_26": "1", "LNT_26": "1", "BB_26": "1", "DAS_26": "0", "OP_26": "1", "UT_26": "0", "GR_26": "0", "LB_26": "0", "JBT_26": "1", "Tp_Lnts_26": "SUNGAI", "Dt_Lnts_26": "SUNGAI LURUS (STRAIGHT)", "Pnangnn_26": "RUTIN", "Pmriksn_26": "RUTIN", "Pnglola_26": "BPJN NUSA TENGGARA BARAT", "Satkr_ID26": "693916", "PPK_Name26": "PPK 3.1", "Traffic_26": null, "VCR_26": "0.2704", "AADT_26": "3238.4", "Tipe_Jb_26": null, "Lat_26": -8.5306396484399993, "Long_26": 118.341789246, "Tgl_Ins_26": "6\/1\/2024", "Ket_26": null }, "geometry": { "type": "Point", "coordinates": [ 118.341789246, -8.530639648439937 ] } },
{ "type": "Feature", "properties": { "KDRUAS_UPD": "42023", "NOJBT_UPD": "42.023.003.0", "NM_RUAS_UP": "BANGGO - BTS. KOTA DOMPU", "NM_JBT_UPD": "KAMPAJA", "PROVINSI": "NUSA TENGGARA BARAT", "No_Prov_26": "42", "ID_Jbt_26": "4200274", "Kd_Ruas_26": "42023", "Suffix_26": null, "Nm_Ruas_26": "BANGGO - BTS. KOTA DOMPU", "Lintas_26": "JALAN LINTAS PULAU SUMBAWA", "No_Jbt_26": "42.023.003.0", "Nm_Jbt_26": "KAMPAJA", "Status_26": "N", "Fungsi_26": "A", "Lks_Dr_26": "RBA", "Lks_km_26": 834.0, "F_STA_26": "0", "Cadin_26": "DOM", "Pjg_Jbt_26": 11.9, "Btg_Pjg_26": 11.85, "Jml_Btg_26": "1", "Lb_Jl_Ms26": 5.86, "Lb_Jl_Kl26": 5.86, "Lb_Lalin26": 5.98, "Lb_Bh_Ki26": 0.28, "Lb_Bh_Ka26": 0.18, "Lb_Dr_Ki26": 0.35, "Lb_Dr_Ka26": 0.51, "Lb_Tr_Ki26": 1.51, "Lb_Tr_Ka26": 1.48, "Lb_TS_Ki26": 0.0, "Lb_TS_Ka26": 0.0, "Lb_Med_26": 0.0, "Lbr_Jbt_26": 10.29, "Bgn_Ats_26": "GTP", "Jns_Jbt_26": "STANDAR", "Thn_Bgn_26": "1993", "BA_26": "2", "LNT_26": "2", "BB_26": "2", "DAS_26": "0", "OP_26": "1", "UT_26": "0", "GR_26": "0", "LB_26": "0", "JBT_26": "2", "Tp_Lnts_26": "SUNGAI", "Dt_Lnts_26": "SUNGAI LURUS (STRAIGHT)", "Pnangnn_26": "RUTIN", "Pmriksn_26": "RUTIN", "Pnglola_26": "BPJN NUSA TENGGARA BARAT", "Satkr_ID26": "693916", "PPK_Name26": "PPK 3.1", "Traffic_26": null, "VCR_26": "0.2704", "AADT_26": "3238.4", "Tipe_Jb_26": null, "Lat_26": -8.5295495986900001, "Long_26": 118.34121704099999, "Tgl_Ins_26": "5\/28\/2024", "Ket_26": null }, "geometry": { "type": "Point", "coordinates": [ 118.341217041, -8.52954959869005 ] } },
{ "type": "Feature", "properties": { "KDRUAS_UPD": "42024", "NOJBT_UPD": "42.024.001.0", "NM_RUAS_UP": "BTS. KOTA DOMPU - SILA", "NM_JBT_UPD": "SILA", "PROVINSI": "NUSA TENGGARA BARAT", "No_Prov_26": "42", "ID_Jbt_26": "4200281", "Kd_Ruas_26": "42024", "Suffix_26": null, "Nm_Ruas_26": "BTS. KOTA DOMPU - SILA", "Lintas_26": "JALAN LINTAS PULAU SUMBAWA", "No_Jbt_26": "42.024.001.0", "Nm_Jbt_26": "SILA", "Status_26": "N", "Fungsi_26": "A", "Lks_Dr_26": "RBA", "Lks_km_26": 389.0, "F_STA_26": "30", "Cadin_26": "BIM", "Pjg_Jbt_26": 10.0, "Btg_Pjg_26": 9.7, "Jml_Btg_26": "1", "Lb_Jl_Ms26": 6.16, "Lb_Jl_Kl26": 6.16, "Lb_Lalin26": 6.28, "Lb_Bh_Ki26": 0.42, "Lb_Bh_Ka26": 0.4, "Lb_Dr_Ki26": 0.0, "Lb_Dr_Ka26": 0.0, "Lb_Tr_Ki26": 0.91, "Lb_Tr_Ka26": 0.94, "Lb_TS_Ki26": 0.24, "Lb_TS_Ka26": 0.25, "Lb_Med_26": 0.0, "Lbr_Jbt_26": 9.44, "Bgn_Ats_26": "GTP", "Jns_Jbt_26": "STANDAR", "Thn_Bgn_26": "2012", "BA_26": "2", "LNT_26": "2", "BB_26": "1", "DAS_26": "1", "OP_26": "1", "UT_26": "0", "GR_26": "0", "LB_26": "0", "JBT_26": "2", "Tp_Lnts_26": "SUNGAI", "Dt_Lnts_26": "SUNGAI LURUS (STRAIGHT)", "Pnangnn_26": "RUTIN", "Pmriksn_26": "RUTIN", "Pnglola_26": "BPJN NUSA TENGGARA BARAT", "Satkr_ID26": "693916", "PPK_Name26": "PPK 3.3", "Traffic_26": null, "VCR_26": "0.3133", "AADT_26": "5241.5", "Tipe_Jb_26": null, "Lat_26": -8.505896, "Long_26": 118.619193, "Tgl_Ins_26": "5\/30\/2024", "Ket_26": null }, "geometry": { "type": "Point", "coordinates": [ 118.619193, -8.505896 ] } },
{ "type": "Feature", "properties": { "KDRUAS_UPD": "42024", "NOJBT_UPD": "42.024.002.0", "NM_RUAS_UP": "BTS. KOTA DOMPU - SILA", "NM_JBT_UPD": "TAMBE", "PROVINSI": "NUSA TENGGARA BARAT", "No_Prov_26": "42", "ID_Jbt_26": "4200282", "Kd_Ruas_26": "42024", "Suffix_26": null, "Nm_Ruas_26": "BTS. KOTA DOMPU - SILA", "Lintas_26": "JALAN LINTAS PULAU SUMBAWA", "No_Jbt_26": "42.024.002.0", "Nm_Jbt_26": "TAMBE", "Status_26": "N", "Fungsi_26": "A", "Lks_Dr_26": "RBA", "Lks_km_26": 408.0, "F_STA_26": "210", "Cadin_26": "BIM", "Pjg_Jbt_26": 10.1, "Btg_Pjg_26": 9.74, "Jml_Btg_26": "1", "Lb_Jl_Ms26": 6.48, "Lb_Jl_Kl26": 6.48, "Lb_Lalin26": 6.6, "Lb_Bh_Ki26": 0.36, "Lb_Bh_Ka26": 0.21, "Lb_Dr_Ki26": 0.0, "Lb_Dr_Ka26": 0.22, "Lb_Tr_Ki26": 1.28, "Lb_Tr_Ka26": 1.35, "Lb_TS_Ki26": 0.0, "Lb_TS_Ka26": 0.0, "Lb_Med_26": 0.0, "Lbr_Jbt_26": 10.02, "Bgn_Ats_26": "GTP", "Jns_Jbt_26": "STANDAR", "Thn_Bgn_26": "1991", "BA_26": "2", "LNT_26": "2", "BB_26": "2", "DAS_26": "1", "OP_26": "1", "UT_26": "0", "GR_26": "0", "LB_26": "0", "JBT_26": "2", "Tp_Lnts_26": "SUNGAI", "Dt_Lnts_26": "SUNGAI LURUS (STRAIGHT)", "Pnangnn_26": "RUTIN", "Pmriksn_26": "RUTIN", "Pnglola_26": "BPJN NUSA TENGGARA BARAT", "Satkr_ID26": "693916", "PPK_Name26": "PPK 3.3", "Traffic_26": null, "VCR_26": "0.3133", "AADT_26": "5241.5", "Tipe_Jb_26": null, "Lat_26": -8.5105895996100003, "Long_26": 118.60471344, "Tgl_Ins_26": "7\/9\/2025", "Ket_26": null }, "geometry": { "type": "Point", "coordinates": [ 118.60471344, -8.51058959961 ] } },
{ "type": "Feature", "properties": { "KDRUAS_UPD": "42024", "NOJBT_UPD": "42.024.003.0", "NM_RUAS_UP": "BTS. KOTA DOMPU - SILA", "NM_JBT_UPD": "BOLO", "PROVINSI": "NUSA TENGGARA BARAT", "No_Prov_26": "42", "ID_Jbt_26": "4200283", "Kd_Ruas_26": "42024", "Suffix_26": null, "Nm_Ruas_26": "BTS. KOTA DOMPU - SILA", "Lintas_26": "JALAN LINTAS PULAU SUMBAWA", "No_Jbt_26": "42.024.003.0", "Nm_Jbt_26": "BOLO", "Status_26": "N", "Fungsi_26": "A", "Lks_Dr_26": "RBA", "Lks_km_26": 431.0, "F_STA_26": "450", "Cadin_26": "BIM", "Pjg_Jbt_26": 20.0, "Btg_Pjg_26": 19.7, "Jml_Btg_26": "1", "Lb_Jl_Ms26": 7.15, "Lb_Jl_Kl26": 7.15, "Lb_Lalin26": 5.15, "Lb_Bh_Ki26": 0.27, "Lb_Bh_Ka26": 0.31, "Lb_Dr_Ki26": 0.23, "Lb_Dr_Ka26": 0.2, "Lb_Tr_Ki26": 0.48, "Lb_Tr_Ka26": 0.47, "Lb_TS_Ki26": 0.0, "Lb_TS_Ka26": 0.0, "Lb_Med_26": 0.0, "Lbr_Jbt_26": 7.11, "Bgn_Ats_26": "GBP", "Jns_Jbt_26": "STANDAR", "Thn_Bgn_26": "1992", "BA_26": "1", "LNT_26": "1", "BB_26": "1", "DAS_26": "0", "OP_26": "1", "UT_26": "0", "GR_26": "0", "LB_26": "0", "JBT_26": "1", "Tp_Lnts_26": "SUNGAI", "Dt_Lnts_26": "SUNGAI LURUS (STRAIGHT)", "Pnangnn_26": "RUTIN", "Pmriksn_26": "RUTIN", "Pnglola_26": "BPJN NUSA TENGGARA BARAT", "Satkr_ID26": "693916", "PPK_Name26": "PPK 3.3", "Traffic_26": null, "VCR_26": "0.3133", "AADT_26": "5241.5", "Tipe_Jb_26": null, "Lat_26": -8.5127801895099999, "Long_26": 118.583282471, "Tgl_Ins_26": "5\/30\/2024", "Ket_26": null }, "geometry": { "type": "Point", "coordinates": [ 118.583282471, -8.51278018951 ] } },
{ "type": "Feature", "properties": { "KDRUAS_UPD": "42024", "NOJBT_UPD": "42.024.004.0", "NM_RUAS_UP": "BTS. KOTA DOMPU - SILA", "NM_JBT_UPD": "SORI MANGGO I", "PROVINSI": "NUSA TENGGARA BARAT", "No_Prov_26": "42", "ID_Jbt_26": "4200284", "Kd_Ruas_26": "42024", "Suffix_26": null, "Nm_Ruas_26": "BTS. KOTA DOMPU - SILA", "Lintas_26": "JALAN LINTAS PULAU SUMBAWA", "No_Jbt_26": "42.024.004.0", "Nm_Jbt_26": "SORI MANGGO I", "Status_26": "N", "Fungsi_26": "A", "Lks_Dr_26": "RBA", "Lks_km_26": 46.0, "F_STA_26": "740", "Cadin_26": "BIM", "Pjg_Jbt_26": 12.9, "Btg_Pjg_26": 12.35, "Jml_Btg_26": "1", "Lb_Jl_Ms26": 5.96, "Lb_Jl_Kl26": 5.96, "Lb_Lalin26": 6.08, "Lb_Bh_Ki26": 0.395, "Lb_Bh_Ka26": 0.3, "Lb_Dr_Ki26": 0.18, "Lb_Dr_Ka26": 0.1, "Lb_Tr_Ki26": 1.0, "Lb_Tr_Ka26": 1.02, "Lb_TS_Ki26": 0.3, "Lb_TS_Ka26": 0.3, "Lb_Med_26": 0.0, "Lbr_Jbt_26": 9.675, "Bgn_Ats_26": "VPP", "Jns_Jbt_26": "STANDAR", "Thn_Bgn_26": "2014", "BA_26": "0", "LNT_26": "0", "BB_26": "1", "DAS_26": "1", "OP_26": "1", "UT_26": "0", "GR_26": "0", "LB_26": "0", "JBT_26": "1", "Tp_Lnts_26": "SUNGAI", "Dt_Lnts_26": "SUNGAI LURUS (STRAIGHT)", "Pnangnn_26": "RUTIN", "Pmriksn_26": "RUTIN", "Pnglola_26": "BPJN NUSA TENGGARA BARAT", "Satkr_ID26": "693916", "PPK_Name26": "PPK 3.3", "Traffic_26": null, "VCR_26": "0.3133", "AADT_26": "5241.5", "Tipe_Jb_26": null, "Lat_26": -8.5013599395800004, "Long_26": 118.56234741199999, "Tgl_Ins_26": "5\/30\/2024", "Ket_26": null }, "geometry": { "type": "Point", "coordinates": [ 118.562347412, -8.50135993958 ] } },
{ "type": "Feature", "properties": { "KDRUAS_UPD": "42024", "NOJBT_UPD": "42.024.006.A", "NM_RUAS_UP": "BTS. KOTA DOMPU - SILA", "NM_JBT_UPD": "NDANO I A", "PROVINSI": "NUSA TENGGARA BARAT", "No_Prov_26": "42", "ID_Jbt_26": "4200286", "Kd_Ruas_26": "42024", "Suffix_26": null, "Nm_Ruas_26": "BTS. KOTA DOMPU - SILA", "Lintas_26": "JALAN LINTAS PULAU SUMBAWA", "No_Jbt_26": "42.024.006.A", "Nm_Jbt_26": "NDANO I A", "Status_26": "N", "Fungsi_26": "A", "Lks_Dr_26": "RBA", "Lks_km_26": 487.0, "F_STA_26": "1010", "Cadin_26": "BIM", "Pjg_Jbt_26": 46.5, "Btg_Pjg_26": 46.2, "Jml_Btg_26": "1", "Lb_Jl_Ms26": 4.96, "Lb_Jl_Kl26": 4.96, "Lb_Lalin26": 5.08, "Lb_Bh_Ki26": 0.4, "Lb_Bh_Ka26": 0.21, "Lb_Dr_Ki26": 0.12, "Lb_Dr_Ka26": 0.2, "Lb_Tr_Ki26": 0.0, "Lb_Tr_Ka26": 0.0, "Lb_TS_Ki26": 0.0, "Lb_TS_Ka26": 0.0, "Lb_Med_26": 0.0, "Lbr_Jbt_26": 6.01, "Bgn_Ats_26": "RBU", "Jns_Jbt_26": "STANDAR", "Thn_Bgn_26": "1977", "BA_26": "2", "LNT_26": "2", "BB_26": "1", "DAS_26": "2", "OP_26": "0", "UT_26": "1", "GR_26": "0", "LB_26": "0", "JBT_26": "2", "Tp_Lnts_26": "SUNGAI", "Dt_Lnts_26": "SUNGAI BERKELOK (MEANDERING)", "Pnangnn_26": "RUTIN", "Pmriksn_26": "DETAIL", "Pnglola_26": "BPJN NUSA TENGGARA BARAT", "Satkr_ID26": "693916", "PPK_Name26": "PPK 3.3", "Traffic_26": null, "VCR_26": "0.3133", "AADT_26": "5241.5", "Tipe_Jb_26": null, "Lat_26": -8.495722963, "Long_26": 118.544237, "Tgl_Ins_26": "5\/13\/2026", "Ket_26": null }, "geometry": { "type": "Point", "coordinates": [ 118.544237, -8.495722963 ] } },
{ "type": "Feature", "properties": { "KDRUAS_UPD": "42024", "NOJBT_UPD": "42.024.007.0", "NM_RUAS_UP": "BTS. KOTA DOMPU - SILA", "NM_JBT_UPD": "NDANO II", "PROVINSI": "NUSA TENGGARA BARAT", "No_Prov_26": "42", "ID_Jbt_26": "4200287", "Kd_Ruas_26": "42024", "Suffix_26": null, "Nm_Ruas_26": "BTS. KOTA DOMPU - SILA", "Lintas_26": "JALAN LINTAS PULAU SUMBAWA", "No_Jbt_26": "42.024.007.0", "Nm_Jbt_26": "NDANO II", "Status_26": "N", "Fungsi_26": "A", "Lks_Dr_26": "RBA", "Lks_km_26": 50.0, "F_STA_26": "1140", "Cadin_26": "BIM", "Pjg_Jbt_26": 12.6, "Btg_Pjg_26": 12.22, "Jml_Btg_26": "1", "Lb_Jl_Ms26": 6.56, "Lb_Jl_Kl26": 6.56, "Lb_Lalin26": 6.68, "Lb_Bh_Ki26": 0.3, "Lb_Bh_Ka26": 0.3, "Lb_Dr_Ki26": 0.15, "Lb_Dr_Ka26": 0.15, "Lb_Tr_Ki26": 1.21, "Lb_Tr_Ka26": 1.28, "Lb_TS_Ki26": 0.0, "Lb_TS_Ka26": 0.0, "Lb_Med_26": 0.0, "Lbr_Jbt_26": 10.07, "Bgn_Ats_26": "GTP", "Jns_Jbt_26": "STANDAR", "Thn_Bgn_26": "1991", "BA_26": "2", "LNT_26": "2", "BB_26": "2", "DAS_26": "2", "OP_26": "2", "UT_26": "0", "GR_26": "0", "LB_26": "0", "JBT_26": "2", "Tp_Lnts_26": "SUNGAI", "Dt_Lnts_26": "SUNGAI LURUS (STRAIGHT)", "Pnangnn_26": "RUTIN", "Pmriksn_26": "DETAIL", "Pnglola_26": "BPJN NUSA TENGGARA BARAT", "Satkr_ID26": "693916", "PPK_Name26": "PPK 3.3", "Traffic_26": null, "VCR_26": "0.3133", "AADT_26": "5241.5", "Tipe_Jb_26": null, "Lat_26": -8.4935998916600006, "Long_26": 118.53634643600002, "Tgl_Ins_26": "5\/13\/2026", "Ket_26": null }, "geometry": { "type": "Point", "coordinates": [ 118.536346436, -8.493599891660001 ] } },
{ "type": "Feature", "properties": { "KDRUAS_UPD": "42024", "NOJBT_UPD": "42.024.008.0", "NM_RUAS_UP": "BTS. KOTA DOMPU - SILA", "NM_JBT_UPD": "MPUJA", "PROVINSI": "NUSA TENGGARA BARAT", "No_Prov_26": "42", "ID_Jbt_26": "4200288", "Kd_Ruas_26": "42024", "Suffix_26": null, "Nm_Ruas_26": "BTS. KOTA DOMPU - SILA", "Lintas_26": "JALAN LINTAS PULAU SUMBAWA", "No_Jbt_26": "42.024.008.0", "Nm_Jbt_26": "MPUJA", "Status_26": "N", "Fungsi_26": "A", "Lks_Dr_26": "RBA", "Lks_km_26": 514.0, "F_STA_26": "1290", "Cadin_26": "BIM", "Pjg_Jbt_26": 17.0, "Btg_Pjg_26": 16.6, "Jml_Btg_26": "1", "Lb_Jl_Ms26": 6.31, "Lb_Jl_Kl26": 6.31, "Lb_Lalin26": 6.43, "Lb_Bh_Ki26": 0.305, "Lb_Bh_Ka26": 0.245, "Lb_Dr_Ki26": 0.15, "Lb_Dr_Ka26": 0.25, "Lb_Tr_Ki26": 1.215, "Lb_Tr_Ka26": 1.325, "Lb_TS_Ki26": 0.0, "Lb_TS_Ka26": 0.0, "Lb_Med_26": 0.0, "Lbr_Jbt_26": 9.92, "Bgn_Ats_26": "GTP", "Jns_Jbt_26": "STANDAR", "Thn_Bgn_26": "1982", "BA_26": "2", "LNT_26": "2", "BB_26": "1", "DAS_26": "0", "OP_26": "0", "UT_26": "0", "GR_26": "0", "LB_26": "0", "JBT_26": "2", "Tp_Lnts_26": "SUNGAI", "Dt_Lnts_26": "SUNGAI LURUS (STRAIGHT)", "Pnangnn_26": "RUTIN", "Pmriksn_26": "RUTIN", "Pnglola_26": "BPJN NUSA TENGGARA BARAT", "Satkr_ID26": "693916", "PPK_Name26": "PPK 3.3", "Traffic_26": null, "VCR_26": "0.3133", "AADT_26": "5241.5", "Tipe_Jb_26": null, "Lat_26": -8.4944696426400004, "Long_26": 118.528747559, "Tgl_Ins_26": "5\/30\/2024", "Ket_26": null }, "geometry": { "type": "Point", "coordinates": [ 118.528747559, -8.49446964264 ] } },
{ "type": "Feature", "properties": { "KDRUAS_UPD": "42024", "NOJBT_UPD": "42.024.009.0", "NM_RUAS_UP": "BTS. KOTA DOMPU - SILA", "NM_JBT_UPD": "MADALINDU", "PROVINSI": "NUSA TENGGARA BARAT", "No_Prov_26": "42", "ID_Jbt_26": "4200289", "Kd_Ruas_26": "42024", "Suffix_26": null, "Nm_Ruas_26": "BTS. KOTA DOMPU - SILA", "Lintas_26": "JALAN LINTAS PULAU SUMBAWA", "No_Jbt_26": "42.024.009.0", "Nm_Jbt_26": "MADALINDU", "Status_26": "N", "Fungsi_26": "A", "Lks_Dr_26": "RBA", "Lks_km_26": 549.0, "F_STA_26": "1630", "Cadin_26": "BIM", "Pjg_Jbt_26": 16.7, "Btg_Pjg_26": 16.4, "Jml_Btg_26": "1", "Lb_Jl_Ms26": 6.24, "Lb_Jl_Kl26": 6.24, "Lb_Lalin26": 6.36, "Lb_Bh_Ki26": 0.19, "Lb_Bh_Ka26": 0.29, "Lb_Dr_Ki26": 0.35, "Lb_Dr_Ka26": 0.3, "Lb_Tr_Ki26": 0.69, "Lb_Tr_Ka26": 0.75, "Lb_TS_Ki26": 0.0, "Lb_TS_Ka26": 0.0, "Lb_Med_26": 0.0, "Lbr_Jbt_26": 8.93, "Bgn_Ats_26": "GTP", "Jns_Jbt_26": "STANDAR", "Thn_Bgn_26": "1978", "BA_26": "2", "LNT_26": "2", "BB_26": "2", "DAS_26": "0", "OP_26": "1", "UT_26": "0", "GR_26": "0", "LB_26": "0", "JBT_26": "2", "Tp_Lnts_26": "SUNGAI", "Dt_Lnts_26": "SUNGAI LURUS (STRAIGHT)", "Pnangnn_26": "RUTIN", "Pmriksn_26": "RUTIN", "Pnglola_26": "BPJN NUSA TENGGARA BARAT", "Satkr_ID26": "693916", "PPK_Name26": "PPK 3.3", "Traffic_26": null, "VCR_26": "0.3133", "AADT_26": "5241.5", "Tipe_Jb_26": null, "Lat_26": -8.4762802124000007, "Long_26": 118.516120911, "Tgl_Ins_26": "5\/30\/2024", "Ket_26": null }, "geometry": { "type": "Point", "coordinates": [ 118.516120911, -8.476280212400001 ] } },
{ "type": "Feature", "properties": { "KDRUAS_UPD": "42024", "NOJBT_UPD": "42.024.011.0", "NM_RUAS_UP": "BTS. KOTA DOMPU - SILA", "NM_JBT_UPD": "SORI KUTA", "PROVINSI": "NUSA TENGGARA BARAT", "No_Prov_26": "42", "ID_Jbt_26": "4200291", "Kd_Ruas_26": "42024", "Suffix_26": null, "Nm_Ruas_26": "BTS. KOTA DOMPU - SILA", "Lintas_26": "JALAN LINTAS PULAU SUMBAWA", "No_Jbt_26": "42.024.011.0", "Nm_Jbt_26": "SORI KUTA", "Status_26": "N", "Fungsi_26": "A", "Lks_Dr_26": "RBA", "Lks_km_26": 5915.0, "F_STA_26": "2060", "Cadin_26": "DOM", "Pjg_Jbt_26": 19.0, "Btg_Pjg_26": 18.65, "Jml_Btg_26": "1", "Lb_Jl_Ms26": 6.14, "Lb_Jl_Kl26": 6.14, "Lb_Lalin26": 6.26, "Lb_Bh_Ki26": 0.41, "Lb_Bh_Ka26": 0.41, "Lb_Dr_Ki26": 0.18, "Lb_Dr_Ka26": 0.0, "Lb_Tr_Ki26": 1.01, "Lb_Tr_Ka26": 0.96, "Lb_TS_Ki26": 0.23, "Lb_TS_Ka26": 0.28, "Lb_Med_26": 0.0, "Lbr_Jbt_26": 9.74, "Bgn_Ats_26": "GTP", "Jns_Jbt_26": "STANDAR", "Thn_Bgn_26": "1986", "BA_26": "2", "LNT_26": "2", "BB_26": "2", "DAS_26": "0", "OP_26": "1", "UT_26": "0", "GR_26": "0", "LB_26": "0", "JBT_26": "2", "Tp_Lnts_26": "SUNGAI", "Dt_Lnts_26": "SUNGAI BERKELOK (MEANDERING)", "Pnangnn_26": "REHABILITASI", "Pmriksn_26": "DETAIL", "Pnglola_26": "BPJN NUSA TENGGARA BARAT", "Satkr_ID26": "693916", "PPK_Name26": "PPK 3.3", "Traffic_26": null, "VCR_26": "0.3133", "AADT_26": "5241.5", "Tipe_Jb_26": null, "Lat_26": -8.4959001541100001, "Long_26": 118.491783142, "Tgl_Ins_26": "5\/12\/2026", "Ket_26": null }, "geometry": { "type": "Point", "coordinates": [ 118.491783142, -8.49590015411 ] } },
{ "type": "Feature", "properties": { "KDRUAS_UPD": "4202412", "NOJBT_UPD": "42.024.001.0.12", "NM_RUAS_UP": "JLN. SYEH MUHAMAD (DOMPU)", "NM_JBT_UPD": "SAWETE I\/SORI SILO", "PROVINSI": "NUSA TENGGARA BARAT", "No_Prov_26": "42", "ID_Jbt_26": "4200293", "Kd_Ruas_26": "4202412", "Suffix_26": "12", "Nm_Ruas_26": "JLN. SYEH MUHAMAD (DOMPU)", "Lintas_26": "JALAN LINTAS PULAU SUMBAWA", "No_Jbt_26": "42.024.001.0.12", "Nm_Jbt_26": "SAWETE I\/SORI SILO", "Status_26": "N", "Fungsi_26": "A", "Lks_Dr_26": "RBA", "Lks_km_26": 65.0, "F_STA_26": "0", "Cadin_26": "DOM", "Pjg_Jbt_26": 12.6, "Btg_Pjg_26": 12.25, "Jml_Btg_26": "1", "Lb_Jl_Ms26": 5.5, "Lb_Jl_Kl26": 5.5, "Lb_Lalin26": 5.62, "Lb_Bh_Ki26": 0.55, "Lb_Bh_Ka26": 0.96, "Lb_Dr_Ki26": 0.0, "Lb_Dr_Ka26": 0.0, "Lb_Tr_Ki26": 0.94, "Lb_Tr_Ka26": 0.92, "Lb_TS_Ki26": 0.3, "Lb_TS_Ka26": 0.3, "Lb_Med_26": 0.0, "Lbr_Jbt_26": 9.59, "Bgn_Ats_26": "VPP", "Jns_Jbt_26": "STANDAR", "Thn_Bgn_26": "2014", "BA_26": "2", "LNT_26": "2", "BB_26": "2", "DAS_26": "0", "OP_26": "2", "UT_26": "0", "GR_26": "0", "LB_26": "0", "JBT_26": "2", "Tp_Lnts_26": "SUNGAI", "Dt_Lnts_26": "SUNGAI LURUS (STRAIGHT)", "Pnangnn_26": "RUTIN", "Pmriksn_26": "RUTIN", "Pnglola_26": "BPJN NUSA TENGGARA BARAT", "Satkr_ID26": "693916", "PPK_Name26": "PPK 3.1", "Traffic_26": null, "VCR_26": "0.2648", "AADT_26": "4462.4", "Tipe_Jb_26": null, "Lat_26": -8.5281400680499999, "Long_26": 118.465896606, "Tgl_Ins_26": "5\/29\/2024", "Ket_26": null }, "geometry": { "type": "Point", "coordinates": [ 118.465896606, -8.528140068050337 ] } },
{ "type": "Feature", "properties": { "KDRUAS_UPD": "4202412", "NOJBT_UPD": "42.024.002.0.12", "NM_RUAS_UP": "JLN. SYEH MUHAMAD (DOMPU)", "NM_JBT_UPD": "SAWETE II\/SORI LAN", "PROVINSI": "NUSA TENGGARA BARAT", "No_Prov_26": "42", "ID_Jbt_26": "4200294", "Kd_Ruas_26": "4202412", "Suffix_26": "12", "Nm_Ruas_26": "JLN. SYEH MUHAMAD (DOMPU)", "Lintas_26": "JALAN LINTAS PULAU SUMBAWA", "No_Jbt_26": "42.024.002.0.12", "Nm_Jbt_26": "SAWETE II\/SORI LAN", "Status_26": "N", "Fungsi_26": "A", "Lks_Dr_26": "RBA", "Lks_km_26": 66.0, "F_STA_26": "0", "Cadin_26": "DOM", "Pjg_Jbt_26": 12.8, "Btg_Pjg_26": 12.39, "Jml_Btg_26": "1", "Lb_Jl_Ms26": 6.71, "Lb_Jl_Kl26": 6.71, "Lb_Lalin26": 6.83, "Lb_Bh_Ki26": 0.49, "Lb_Bh_Ka26": 0.51, "Lb_Dr_Ki26": 0.0, "Lb_Dr_Ka26": 0.0, "Lb_Tr_Ki26": 1.04, "Lb_Tr_Ka26": 1.04, "Lb_TS_Ki26": 0.33, "Lb_TS_Ka26": 0.35, "Lb_Med_26": 0.0, "Lbr_Jbt_26": 10.59, "Bgn_Ats_26": "VPP", "Jns_Jbt_26": "STANDAR", "Thn_Bgn_26": "2014", "BA_26": "1", "LNT_26": "1", "BB_26": "2", "DAS_26": "2", "OP_26": "2", "UT_26": "0", "GR_26": "0", "LB_26": "0", "JBT_26": "2", "Tp_Lnts_26": "SUNGAI", "Dt_Lnts_26": "SUNGAI LURUS (STRAIGHT)", "Pnangnn_26": "RUTIN", "Pmriksn_26": "RUTIN", "Pnglola_26": "BPJN NUSA TENGGARA BARAT", "Satkr_ID26": "693916", "PPK_Name26": "PPK 3.1", "Traffic_26": null, "VCR_26": "0.2648", "AADT_26": "4462.4", "Tipe_Jb_26": null, "Lat_26": -8.5351495742800001, "Long_26": 118.448791504, "Tgl_Ins_26": "6\/1\/2025", "Ket_26": null }, "geometry": { "type": "Point", "coordinates": [ 118.448791504, -8.53514957428 ] } },
{ "type": "Feature", "properties": { "KDRUAS_UPD": "4202411", "NOJBT_UPD": "42.024.002.0.11", "NM_RUAS_UP": "JLN. BALIBUNGA - MADAPRAMA (DOMPU)", "NM_JBT_UPD": "BALIBUNGA I", "PROVINSI": "NUSA TENGGARA BARAT", "No_Prov_26": "42", "ID_Jbt_26": "4200296", "Kd_Ruas_26": "4202411", "Suffix_26": "11", "Nm_Ruas_26": "MADAPRAMA (DOMPU) - JLN. BALIBUNGA", "Lintas_26": "JALAN LINTAS PULAU SUMBAWA", "No_Jbt_26": "42.024.002.0.11", "Nm_Jbt_26": "BALIBUNGA I", "Status_26": "N", "Fungsi_26": "A", "Lks_Dr_26": "RBA", "Lks_km_26": 697.0, "F_STA_26": "0", "Cadin_26": "DOM", "Pjg_Jbt_26": 50.0, "Btg_Pjg_26": 49.7, "Jml_Btg_26": "1", "Lb_Jl_Ms26": 6.03, "Lb_Jl_Kl26": 6.03, "Lb_Lalin26": 6.15, "Lb_Bh_Ki26": 0.0, "Lb_Bh_Ka26": 0.0, "Lb_Dr_Ki26": 0.1, "Lb_Dr_Ka26": 0.1, "Lb_Tr_Ki26": 0.52, "Lb_Tr_Ka26": 0.5, "Lb_TS_Ki26": 0.0, "Lb_TS_Ka26": 0.0, "Lb_Med_26": 0.0, "Lbr_Jbt_26": 7.37, "Bgn_Ats_26": "RBP", "Jns_Jbt_26": "STANDAR", "Thn_Bgn_26": "2006", "BA_26": "2", "LNT_26": "2", "BB_26": "2", "DAS_26": "0", "OP_26": "2", "UT_26": "0", "GR_26": "0", "LB_26": "0", "JBT_26": "2", "Tp_Lnts_26": "SUNGAI", "Dt_Lnts_26": "SUNGAI BERKELOK (MEANDERING)", "Pnangnn_26": "BERKALA", "Pmriksn_26": "RUTIN", "Pnglola_26": "BPJN NUSA TENGGARA BARAT", "Satkr_ID26": "693916", "PPK_Name26": "PPK 3.1", "Traffic_26": null, "VCR_26": "0.1407", "AADT_26": "1718.9", "Tipe_Jb_26": null, "Lat_26": -8.5383300781300004, "Long_26": 118.430053711, "Tgl_Ins_26": "5\/31\/2025", "Ket_26": null }, "geometry": { "type": "Point", "coordinates": [ 118.430053711, -8.53833007813 ] } },
{ "type": "Feature", "properties": { "KDRUAS_UPD": "4202411", "NOJBT_UPD": "42.024.003.0.11", "NM_RUAS_UP": "JLN. BALIBUNGA - MADAPRAMA (DOMPU)", "NM_JBT_UPD": "BALIBUNGA II", "PROVINSI": "NUSA TENGGARA BARAT", "No_Prov_26": "42", "ID_Jbt_26": "4200297", "Kd_Ruas_26": "4202411", "Suffix_26": "11", "Nm_Ruas_26": "MADAPRAMA (DOMPU) - JLN. BALIBUNGA", "Lintas_26": "JALAN LINTAS PULAU SUMBAWA", "No_Jbt_26": "42.024.003.0.11", "Nm_Jbt_26": "BALIBUNGA II", "Status_26": "N", "Fungsi_26": "A", "Lks_Dr_26": "RBA", "Lks_km_26": 698.0, "F_STA_26": "0", "Cadin_26": "DOM", "Pjg_Jbt_26": 11.5, "Btg_Pjg_26": 9.42, "Jml_Btg_26": "1", "Lb_Jl_Ms26": 5.39, "Lb_Jl_Kl26": 5.39, "Lb_Lalin26": 5.51, "Lb_Bh_Ki26": 0.28, "Lb_Bh_Ka26": 0.34, "Lb_Dr_Ki26": 0.33, "Lb_Dr_Ka26": 0.39, "Lb_Tr_Ki26": 1.0, "Lb_Tr_Ka26": 1.06, "Lb_TS_Ki26": 0.0, "Lb_TS_Ka26": 0.0, "Lb_Med_26": 0.0, "Lbr_Jbt_26": 8.91, "Bgn_Ats_26": "GTP", "Jns_Jbt_26": "STANDAR", "Thn_Bgn_26": "2006", "BA_26": "2", "LNT_26": "2", "BB_26": "2", "DAS_26": "0", "OP_26": "0", "UT_26": "0", "GR_26": "0", "LB_26": "0", "JBT_26": "2", "Tp_Lnts_26": "SUNGAI", "Dt_Lnts_26": "SUNGAI LURUS (STRAIGHT)", "Pnangnn_26": "RUTIN", "Pmriksn_26": "RUTIN", "Pnglola_26": "BPJN NUSA TENGGARA BARAT", "Satkr_ID26": "693916", "PPK_Name26": "PPK 3.1", "Traffic_26": null, "VCR_26": "0.1407", "AADT_26": "1718.9", "Tipe_Jb_26": null, "Lat_26": -8.5379495620700006, "Long_26": 118.42855072, "Tgl_Ins_26": "5\/29\/2024", "Ket_26": null }, "geometry": { "type": "Point", "coordinates": [ 118.42855072, -8.537949562070001 ] } },
{ "type": "Feature", "properties": { "KDRUAS_UPD": "42025", "NOJBT_UPD": "42.025.002.0", "NM_RUAS_UP": "SILA - TALABIU", "NM_JBT_UPD": "PENAPALI II", "PROVINSI": "NUSA TENGGARA BARAT", "No_Prov_26": "42", "ID_Jbt_26": "4200299", "Kd_Ruas_26": "42025", "Suffix_26": null, "Nm_Ruas_26": "SILA - TALABIU", "Lintas_26": "JALAN LINTAS PULAU SUMBAWA", "No_Jbt_26": "42.025.002.0", "Nm_Jbt_26": "PENAPALI II", "Status_26": "N", "Fungsi_26": "A", "Lks_Dr_26": "RBA", "Lks_km_26": 2375.0, "F_STA_26": "170", "Cadin_26": "BIM", "Pjg_Jbt_26": 8.4, "Btg_Pjg_26": 8.1, "Jml_Btg_26": "1", "Lb_Jl_Ms26": 6.67, "Lb_Jl_Kl26": 6.67, "Lb_Lalin26": 6.79, "Lb_Bh_Ki26": 0.18, "Lb_Bh_Ka26": 0.17, "Lb_Dr_Ki26": 0.25, "Lb_Dr_Ka26": 0.2, "Lb_Tr_Ki26": 1.09, "Lb_Tr_Ka26": 1.15, "Lb_TS_Ki26": 0.0, "Lb_TS_Ka26": 0.0, "Lb_Med_26": 0.0, "Lbr_Jbt_26": 9.83, "Bgn_Ats_26": "PTP", "Jns_Jbt_26": "STANDAR", "Thn_Bgn_26": "1979", "BA_26": "2", "LNT_26": "2", "BB_26": "2", "DAS_26": "1", "OP_26": "0", "UT_26": "0", "GR_26": "0", "LB_26": "0", "JBT_26": "2", "Tp_Lnts_26": "SUNGAI", "Dt_Lnts_26": "SUNGAI LURUS (STRAIGHT)", "Pnangnn_26": "RUTIN", "Pmriksn_26": "RUTIN", "Pnglola_26": "BPJN NUSA TENGGARA BARAT", "Satkr_ID26": "693916", "PPK_Name26": "PPK 3.3", "Traffic_26": null, "VCR_26": "0.3985", "AADT_26": "6595.8", "Tipe_Jb_26": null, "Lat_26": -8.5590295791600006, "Long_26": 118.680679321, "Tgl_Ins_26": "6\/16\/2025", "Ket_26": null }, "geometry": { "type": "Point", "coordinates": [ 118.680679321, -8.559029579160001 ] } },
{ "type": "Feature", "properties": { "KDRUAS_UPD": "42025", "NOJBT_UPD": "42.025.003.0", "NM_RUAS_UP": "SILA - TALABIU", "NM_JBT_UPD": "PENAPALI III", "PROVINSI": "NUSA TENGGARA BARAT", "No_Prov_26": "42", "ID_Jbt_26": "4200300", "Kd_Ruas_26": "42025", "Suffix_26": null, "Nm_Ruas_26": "SILA - TALABIU", "Lintas_26": "JALAN LINTAS PULAU SUMBAWA", "No_Jbt_26": "42.025.003.0", "Nm_Jbt_26": "PENAPALI III", "Status_26": "N", "Fungsi_26": "A", "Lks_Dr_26": "RBA", "Lks_km_26": 2445.0, "F_STA_26": "240", "Cadin_26": "BIM", "Pjg_Jbt_26": 25.0, "Btg_Pjg_26": 24.7, "Jml_Btg_26": "1", "Lb_Jl_Ms26": 6.27, "Lb_Jl_Kl26": 6.27, "Lb_Lalin26": 6.39, "Lb_Bh_Ki26": 0.4, "Lb_Bh_Ka26": 0.47, "Lb_Dr_Ki26": 0.0, "Lb_Dr_Ka26": 0.0, "Lb_Tr_Ki26": 0.93, "Lb_Tr_Ka26": 0.94, "Lb_TS_Ki26": 0.25, "Lb_TS_Ka26": 0.25, "Lb_Med_26": 0.0, "Lbr_Jbt_26": 9.63, "Bgn_Ats_26": "GBP", "Jns_Jbt_26": "STANDAR", "Thn_Bgn_26": "2007", "BA_26": "2", "LNT_26": "2", "BB_26": "2", "DAS_26": "1", "OP_26": "0", "UT_26": "0", "GR_26": "0", "LB_26": "0", "JBT_26": "2", "Tp_Lnts_26": "SUNGAI", "Dt_Lnts_26": "SUNGAI LURUS (STRAIGHT)", "Pnangnn_26": "RUTIN", "Pmriksn_26": "RUTIN", "Pnglola_26": "BPJN NUSA TENGGARA BARAT", "Satkr_ID26": "693916", "PPK_Name26": "PPK 3.3", "Traffic_26": null, "VCR_26": "0.3985", "AADT_26": "6595.8", "Tipe_Jb_26": null, "Lat_26": -8.5600299835199998, "Long_26": 118.67489624, "Tgl_Ins_26": "6\/25\/2024", "Ket_26": null }, "geometry": { "type": "Point", "coordinates": [ 118.67489624, -8.56002998352 ] } },
{ "type": "Feature", "properties": { "KDRUAS_UPD": "42025", "NOJBT_UPD": "42.025.004.0", "NM_RUAS_UP": "SILA - TALABIU", "NM_JBT_UPD": "GODO I", "PROVINSI": "NUSA TENGGARA BARAT", "No_Prov_26": "42", "ID_Jbt_26": "4200301", "Kd_Ruas_26": "42025", "Suffix_26": null, "Nm_Ruas_26": "SILA - TALABIU", "Lintas_26": "JALAN LINTAS PULAU SUMBAWA", "No_Jbt_26": "42.025.004.0", "Nm_Jbt_26": "GODO I", "Status_26": "N", "Fungsi_26": "A", "Lks_Dr_26": "RBA", "Lks_km_26": 252.0, "F_STA_26": "310", "Cadin_26": "BIM", "Pjg_Jbt_26": 10.0, "Btg_Pjg_26": 9.7, "Jml_Btg_26": "1", "Lb_Jl_Ms26": 5.95, "Lb_Jl_Kl26": 5.95, "Lb_Lalin26": 6.07, "Lb_Bh_Ki26": 0.58, "Lb_Bh_Ka26": 0.41, "Lb_Dr_Ki26": 0.0, "Lb_Dr_Ka26": 0.0, "Lb_Tr_Ki26": 1.02, "Lb_Tr_Ka26": 0.96, "Lb_TS_Ki26": 0.27, "Lb_TS_Ka26": 0.29, "Lb_Med_26": 0.0, "Lbr_Jbt_26": 9.6, "Bgn_Ats_26": "GTP", "Jns_Jbt_26": "STANDAR", "Thn_Bgn_26": "2012", "BA_26": "2", "LNT_26": "2", "BB_26": "2", "DAS_26": "0", "OP_26": "1", "UT_26": "0", "GR_26": "0", "LB_26": "0", "JBT_26": "2", "Tp_Lnts_26": "SUNGAI", "Dt_Lnts_26": "SUNGAI LURUS (STRAIGHT)", "Pnangnn_26": "RUTIN", "Pmriksn_26": "RUTIN", "Pnglola_26": "BPJN NUSA TENGGARA BARAT", "Satkr_ID26": "693916", "PPK_Name26": "PPK 3.3", "Traffic_26": null, "VCR_26": "0.3985", "AADT_26": "6595.8", "Tipe_Jb_26": null, "Lat_26": -8.5611200332599999, "Long_26": 118.66811370800001, "Tgl_Ins_26": "5\/30\/2024", "Ket_26": null }, "geometry": { "type": "Point", "coordinates": [ 118.668113708, -8.56112003326 ] } },
{ "type": "Feature", "properties": { "KDRUAS_UPD": "42025", "NOJBT_UPD": "42.025.005.0", "NM_RUAS_UP": "SILA - TALABIU", "NM_JBT_UPD": "GODO II", "PROVINSI": "NUSA TENGGARA BARAT", "No_Prov_26": "42", "ID_Jbt_26": "4200302", "Kd_Ruas_26": "42025", "Suffix_26": null, "Nm_Ruas_26": "SILA - TALABIU", "Lintas_26": "JALAN LINTAS PULAU SUMBAWA", "No_Jbt_26": "42.025.005.0", "Nm_Jbt_26": "GODO II", "Status_26": "N", "Fungsi_26": "A", "Lks_Dr_26": "RBA", "Lks_km_26": 253.0, "F_STA_26": "320", "Cadin_26": "BIM", "Pjg_Jbt_26": 12.5, "Btg_Pjg_26": 12.4, "Jml_Btg_26": "1", "Lb_Jl_Ms26": 6.23, "Lb_Jl_Kl26": 6.23, "Lb_Lalin26": 6.35, "Lb_Bh_Ki26": 0.33, "Lb_Bh_Ka26": 0.39, "Lb_Dr_Ki26": 0.0, "Lb_Dr_Ka26": 0.0, "Lb_Tr_Ki26": 0.96, "Lb_Tr_Ka26": 1.0, "Lb_TS_Ki26": 0.25, "Lb_TS_Ka26": 0.25, "Lb_Med_26": 0.0, "Lbr_Jbt_26": 9.53, "Bgn_Ats_26": "GTP", "Jns_Jbt_26": "STANDAR", "Thn_Bgn_26": "2012", "BA_26": "2", "LNT_26": "2", "BB_26": "2", "DAS_26": "0", "OP_26": "2", "UT_26": "0", "GR_26": "0", "LB_26": "0", "JBT_26": "2", "Tp_Lnts_26": "SUNGAI", "Dt_Lnts_26": "SUNGAI LURUS (STRAIGHT)", "Pnangnn_26": "RUTIN", "Pmriksn_26": "RUTIN", "Pnglola_26": "BPJN NUSA TENGGARA BARAT", "Satkr_ID26": "693916", "PPK_Name26": "PPK 3.3", "Traffic_26": null, "VCR_26": "0.3985", "AADT_26": "6595.8", "Tipe_Jb_26": null, "Lat_26": -8.5612697601299992, "Long_26": 118.667198181, "Tgl_Ins_26": "5\/30\/2024", "Ket_26": null }, "geometry": { "type": "Point", "coordinates": [ 118.667198181, -8.561269760129999 ] } },
{ "type": "Feature", "properties": { "KDRUAS_UPD": "42025", "NOJBT_UPD": "42.025.006.0", "NM_RUAS_UP": "SILA - TALABIU", "NM_JBT_UPD": "GODO III", "PROVINSI": "NUSA TENGGARA BARAT", "No_Prov_26": "42", "ID_Jbt_26": "4200303", "Kd_Ruas_26": "42025", "Suffix_26": null, "Nm_Ruas_26": "SILA - TALABIU", "Lintas_26": "JALAN LINTAS PULAU SUMBAWA", "No_Jbt_26": "42.025.006.0", "Nm_Jbt_26": "GODO III", "Status_26": "N", "Fungsi_26": "A", "Lks_Dr_26": "RBA", "Lks_km_26": 255.0, "F_STA_26": "340", "Cadin_26": "BIM", "Pjg_Jbt_26": 12.9, "Btg_Pjg_26": 12.65, "Jml_Btg_26": "1", "Lb_Jl_Ms26": 6.8, "Lb_Jl_Kl26": 6.8, "Lb_Lalin26": 5.43, "Lb_Bh_Ki26": 0.24, "Lb_Bh_Ka26": 0.17, "Lb_Dr_Ki26": 0.15, "Lb_Dr_Ka26": 0.15, "Lb_Tr_Ki26": 0.81, "Lb_Tr_Ka26": 0.76, "Lb_TS_Ki26": 0.0, "Lb_TS_Ka26": 0.0, "Lb_Med_26": 0.0, "Lbr_Jbt_26": 7.71, "Bgn_Ats_26": "GTP", "Jns_Jbt_26": "STANDAR", "Thn_Bgn_26": "1987", "BA_26": "2", "LNT_26": "2", "BB_26": "2", "DAS_26": "1", "OP_26": "1", "UT_26": "0", "GR_26": "0", "LB_26": "0", "JBT_26": "2", "Tp_Lnts_26": "SUNGAI", "Dt_Lnts_26": "SUNGAI LURUS (STRAIGHT)", "Pnangnn_26": "RUTIN", "Pmriksn_26": "RUTIN", "Pnglola_26": "BPJN NUSA TENGGARA BARAT", "Satkr_ID26": "693916", "PPK_Name26": "PPK 3.3", "Traffic_26": null, "VCR_26": "0.3985", "AADT_26": "6595.8", "Tipe_Jb_26": null, "Lat_26": -8.5615701675399993, "Long_26": 118.66532897899999, "Tgl_Ins_26": "5\/30\/2024", "Ket_26": null }, "geometry": { "type": "Point", "coordinates": [ 118.665328979, -8.561570167539999 ] } },
{ "type": "Feature", "properties": { "KDRUAS_UPD": "42025", "NOJBT_UPD": "42.025.009.0", "NM_RUAS_UP": "SILA - TALABIU", "NM_JBT_UPD": "GODO VI", "PROVINSI": "NUSA TENGGARA BARAT", "No_Prov_26": "42", "ID_Jbt_26": "4200306", "Kd_Ruas_26": "42025", "Suffix_26": null, "Nm_Ruas_26": "SILA - TALABIU", "Lintas_26": "JALAN LINTAS PULAU SUMBAWA", "No_Jbt_26": "42.025.009.0", "Nm_Jbt_26": "GODO VI", "Status_26": "N", "Fungsi_26": "A", "Lks_Dr_26": "RBA", "Lks_km_26": 283.0, "F_STA_26": "630", "Cadin_26": "BIM", "Pjg_Jbt_26": 10.0, "Btg_Pjg_26": 9.7, "Jml_Btg_26": "1", "Lb_Jl_Ms26": 6.17, "Lb_Jl_Kl26": 6.17, "Lb_Lalin26": 6.29, "Lb_Bh_Ki26": 0.53, "Lb_Bh_Ka26": 0.47, "Lb_Dr_Ki26": 0.0, "Lb_Dr_Ka26": 0.0, "Lb_Tr_Ki26": 0.95, "Lb_Tr_Ka26": 0.96, "Lb_TS_Ki26": 0.25, "Lb_TS_Ka26": 0.26, "Lb_Med_26": 0.0, "Lbr_Jbt_26": 9.71, "Bgn_Ats_26": "VPP", "Jns_Jbt_26": "STANDAR", "Thn_Bgn_26": "2022", "BA_26": "1", "LNT_26": "0", "BB_26": "2", "DAS_26": "1", "OP_26": "1", "UT_26": "0", "GR_26": "0", "LB_26": "0", "JBT_26": "2", "Tp_Lnts_26": "SUNGAI", "Dt_Lnts_26": "SUNGAI LURUS (STRAIGHT)", "Pnangnn_26": "RUTIN", "Pmriksn_26": "RUTIN", "Pnglola_26": "BPJN NUSA TENGGARA BARAT", "Satkr_ID26": "693916", "PPK_Name26": "PPK 3.3", "Traffic_26": null, "VCR_26": "0.3985", "AADT_26": "6595.8", "Tipe_Jb_26": null, "Lat_26": -8.5572595596299994, "Long_26": 118.64263153100001, "Tgl_Ins_26": "6\/25\/2024", "Ket_26": null }, "geometry": { "type": "Point", "coordinates": [ 118.642631531, -8.557259559629999 ] } },
{ "type": "Feature", "properties": { "KDRUAS_UPD": "42025", "NOJBT_UPD": "42.025.012.0", "NM_RUAS_UP": "SILA - TALABIU", "NM_JBT_UPD": "SORI SONCO", "PROVINSI": "NUSA TENGGARA BARAT", "No_Prov_26": "42", "ID_Jbt_26": "4200309", "Kd_Ruas_26": "42025", "Suffix_26": null, "Nm_Ruas_26": "SILA - TALABIU", "Lintas_26": "JALAN LINTAS PULAU SUMBAWA", "No_Jbt_26": "42.025.012.0", "Nm_Jbt_26": "SORI SONCO", "Status_26": "N", "Fungsi_26": "A", "Lks_Dr_26": "RBA", "Lks_km_26": 331.0, "F_STA_26": "1110", "Cadin_26": "BIM", "Pjg_Jbt_26": 7.0, "Btg_Pjg_26": 6.7, "Jml_Btg_26": "1", "Lb_Jl_Ms26": 6.59, "Lb_Jl_Kl26": 6.59, "Lb_Lalin26": 6.71, "Lb_Bh_Ki26": 0.33, "Lb_Bh_Ka26": 0.46, "Lb_Dr_Ki26": 0.0, "Lb_Dr_Ka26": 0.0, "Lb_Tr_Ki26": 1.205, "Lb_Tr_Ka26": 1.205, "Lb_TS_Ki26": 0.0, "Lb_TS_Ka26": 0.0, "Lb_Med_26": 0.0, "Lbr_Jbt_26": 9.91, "Bgn_Ats_26": "GTP", "Jns_Jbt_26": "STANDAR", "Thn_Bgn_26": "2010", "BA_26": "2", "LNT_26": "2", "BB_26": "2", "DAS_26": "0", "OP_26": "1", "UT_26": "0", "GR_26": "0", "LB_26": "0", "JBT_26": "2", "Tp_Lnts_26": "SUNGAI", "Dt_Lnts_26": "SUNGAI LURUS (STRAIGHT)", "Pnangnn_26": "RUTIN", "Pmriksn_26": "RUTIN", "Pnglola_26": "BPJN NUSA TENGGARA BARAT", "Satkr_ID26": "693916", "PPK_Name26": "PPK 3.3", "Traffic_26": null, "VCR_26": "0.3985", "AADT_26": "6595.8", "Tipe_Jb_26": null, "Lat_26": -8.52952003479, "Long_26": 118.64874267599998, "Tgl_Ins_26": "5\/30\/2024", "Ket_26": null }, "geometry": { "type": "Point", "coordinates": [ 118.648742676, -8.52952003479 ] } },
{ "type": "Feature", "properties": { "KDRUAS_UPD": "42025", "NOJBT_UPD": "42.025.013.0", "NM_RUAS_UP": "SILA - TALABIU", "NM_JBT_UPD": "SONDOSIA", "PROVINSI": "NUSA TENGGARA BARAT", "No_Prov_26": "42", "ID_Jbt_26": "4200310", "Kd_Ruas_26": "42025", "Suffix_26": null, "Nm_Ruas_26": "SILA - TALABIU", "Lintas_26": "JALAN LINTAS PULAU SUMBAWA", "No_Jbt_26": "42.025.013.0", "Nm_Jbt_26": "SONDOSIA", "Status_26": "N", "Fungsi_26": "A", "Lks_Dr_26": "RBA", "Lks_km_26": 344.0, "F_STA_26": "1230", "Cadin_26": "BIM", "Pjg_Jbt_26": 40.8, "Btg_Pjg_26": 40.5, "Jml_Btg_26": "1", "Lb_Jl_Ms26": 5.92, "Lb_Jl_Kl26": 5.92, "Lb_Lalin26": 6.04, "Lb_Bh_Ki26": 0.35, "Lb_Bh_Ka26": 0.415, "Lb_Dr_Ki26": 0.0, "Lb_Dr_Ka26": 0.0, "Lb_Tr_Ki26": 1.25, "Lb_Tr_Ka26": 1.25, "Lb_TS_Ki26": 0.0, "Lb_TS_Ka26": 0.0, "Lb_Med_26": 0.0, "Lbr_Jbt_26": 9.305, "Bgn_Ats_26": "GPP", "Jns_Jbt_26": "STANDAR", "Thn_Bgn_26": "2023", "BA_26": "1", "LNT_26": "1", "BB_26": "1", "DAS_26": "0", "OP_26": "0", "UT_26": "0", "GR_26": "0", "LB_26": "0", "JBT_26": "1", "Tp_Lnts_26": "SUNGAI", "Dt_Lnts_26": "SUNGAI LURUS (STRAIGHT)", "Pnangnn_26": "RUTIN", "Pmriksn_26": "RUTIN", "Pnglola_26": "BPJN NUSA TENGGARA BARAT", "Satkr_ID26": "693916", "PPK_Name26": "PPK 3.3", "Traffic_26": null, "VCR_26": "0.3985", "AADT_26": "6595.8", "Tipe_Jb_26": null, "Lat_26": -8.5190095901500005, "Long_26": 118.652282715, "Tgl_Ins_26": "5\/31\/2024", "Ket_26": null }, "geometry": { "type": "Point", "coordinates": [ 118.652282715, -8.51900959015 ] } },
{ "type": "Feature", "properties": { "KDRUAS_UPD": "42025", "NOJBT_UPD": "42.025.015.0", "NM_RUAS_UP": "SILA - TALABIU", "NM_JBT_UPD": "T I M U", "PROVINSI": "NUSA TENGGARA BARAT", "No_Prov_26": "42", "ID_Jbt_26": "4200312", "Kd_Ruas_26": "42025", "Suffix_26": null, "Nm_Ruas_26": "SILA - TALABIU", "Lintas_26": "JALAN LINTAS PULAU SUMBAWA", "No_Jbt_26": "42.025.015.0", "Nm_Jbt_26": "T I M U", "Status_26": "N", "Fungsi_26": "A", "Lks_Dr_26": "RBA", "Lks_km_26": 377.0, "F_STA_26": "1560", "Cadin_26": "BIM", "Pjg_Jbt_26": 6.8, "Btg_Pjg_26": 6.72, "Jml_Btg_26": "1", "Lb_Jl_Ms26": 7.2, "Lb_Jl_Kl26": 7.2, "Lb_Lalin26": 5.23, "Lb_Bh_Ki26": 0.25, "Lb_Bh_Ka26": 0.21, "Lb_Dr_Ki26": 0.0, "Lb_Dr_Ka26": 0.35, "Lb_Tr_Ki26": 1.01, "Lb_Tr_Ka26": 0.97, "Lb_TS_Ki26": 0.0, "Lb_TS_Ka26": 0.0, "Lb_Med_26": 0.0, "Lbr_Jbt_26": 8.02, "Bgn_Ats_26": "GTP", "Jns_Jbt_26": "STANDAR", "Thn_Bgn_26": "1990", "BA_26": "1", "LNT_26": "1", "BB_26": "1", "DAS_26": "0", "OP_26": "1", "UT_26": "0", "GR_26": "0", "LB_26": "0", "JBT_26": "1", "Tp_Lnts_26": "SUNGAI", "Dt_Lnts_26": "SUNGAI LURUS (STRAIGHT)", "Pnangnn_26": "RUTIN", "Pmriksn_26": "RUTIN", "Pnglola_26": "BPJN NUSA TENGGARA BARAT", "Satkr_ID26": "693916", "PPK_Name26": "PPK 3.3", "Traffic_26": null, "VCR_26": "0.3985", "AADT_26": "6595.8", "Tipe_Jb_26": null, "Lat_26": -8.5078296661399992, "Long_26": 118.630867004, "Tgl_Ins_26": "5\/31\/2024", "Ket_26": null }, "geometry": { "type": "Point", "coordinates": [ 118.630867004, -8.507829666139999 ] } },
{ "type": "Feature", "properties": { "KDRUAS_UPD": "42026", "NOJBT_UPD": "42.026.001.A", "NM_RUAS_UP": "TALABIU - BTS. KOTA BIMA", "NM_JBT_UPD": "NIU A", "PROVINSI": "NUSA TENGGARA BARAT", "No_Prov_26": "42", "ID_Jbt_26": "4200313", "Kd_Ruas_26": "42026", "Suffix_26": null, "Nm_Ruas_26": "TALABIU - BTS. KOTA BIMA", "Lintas_26": "JALAN LINTAS PULAU SUMBAWA", "No_Jbt_26": "42.026.001.A", "Nm_Jbt_26": "NIU A", "Status_26": "N", "Fungsi_26": "A", "Lks_Dr_26": "RBA", "Lks_km_26": 109.0, "F_STA_26": "450", "Cadin_26": "BIM", "Pjg_Jbt_26": 10.5, "Btg_Pjg_26": 10.2, "Jml_Btg_26": "1", "Lb_Jl_Ms26": 6.04, "Lb_Jl_Kl26": 6.04, "Lb_Lalin26": 6.16, "Lb_Bh_Ki26": 0.6, "Lb_Bh_Ka26": 0.26, "Lb_Dr_Ki26": 0.0, "Lb_Dr_Ka26": 0.0, "Lb_Tr_Ki26": 0.96, "Lb_Tr_Ka26": 0.96, "Lb_TS_Ki26": 0.25, "Lb_TS_Ka26": 0.25, "Lb_Med_26": 0.0, "Lbr_Jbt_26": 9.44, "Bgn_Ats_26": "GTP", "Jns_Jbt_26": "STANDAR", "Thn_Bgn_26": "2012", "BA_26": "2", "LNT_26": "2", "BB_26": "2", "DAS_26": "2", "OP_26": "0", "UT_26": "0", "GR_26": "0", "LB_26": "0", "JBT_26": "2", "Tp_Lnts_26": "SUNGAI", "Dt_Lnts_26": "SUNGAI LURUS (STRAIGHT)", "Pnangnn_26": "RUTIN", "Pmriksn_26": "RUTIN", "Pnglola_26": "BPJN NUSA TENGGARA BARAT", "Satkr_ID26": "693916", "PPK_Name26": "PPK 3.3", "Traffic_26": null, "VCR_26": "0.1375", "AADT_26": "8294.6", "Tipe_Jb_26": null, "Lat_26": -8.49638, "Long_26": 118.71405, "Tgl_Ins_26": "5\/31\/2024", "Ket_26": null }, "geometry": { "type": "Point", "coordinates": [ 118.71405, -8.49638 ] } },
{ "type": "Feature", "properties": { "KDRUAS_UPD": "42026", "NOJBT_UPD": "42.026.001.B", "NM_RUAS_UP": "TALABIU - BTS. KOTA BIMA", "NM_JBT_UPD": "NIU B", "PROVINSI": "NUSA TENGGARA BARAT", "No_Prov_26": "42", "ID_Jbt_26": "4200314", "Kd_Ruas_26": "42026", "Suffix_26": null, "Nm_Ruas_26": "TALABIU - BTS. KOTA BIMA", "Lintas_26": "JALAN LINTAS PULAU SUMBAWA", "No_Jbt_26": "42.026.001.B", "Nm_Jbt_26": "NIU B", "Status_26": "N", "Fungsi_26": "A", "Lks_Dr_26": "RBA", "Lks_km_26": 109.0, "F_STA_26": "450", "Cadin_26": "BIM", "Pjg_Jbt_26": 10.5, "Btg_Pjg_26": 10.3, "Jml_Btg_26": "1", "Lb_Jl_Ms26": 6.24, "Lb_Jl_Kl26": 6.24, "Lb_Lalin26": 6.36, "Lb_Bh_Ki26": 0.37, "Lb_Bh_Ka26": 0.33, "Lb_Dr_Ki26": 0.0, "Lb_Dr_Ka26": 0.0, "Lb_Tr_Ki26": 0.94, "Lb_Tr_Ka26": 0.94, "Lb_TS_Ki26": 0.25, "Lb_TS_Ka26": 0.26, "Lb_Med_26": 0.0, "Lbr_Jbt_26": 9.45, "Bgn_Ats_26": "GTP", "Jns_Jbt_26": "STANDAR", "Thn_Bgn_26": "2012", "BA_26": "1", "LNT_26": "0", "BB_26": "2", "DAS_26": "2", "OP_26": "0", "UT_26": "0", "GR_26": "0", "LB_26": "0", "JBT_26": "2", "Tp_Lnts_26": "SUNGAI", "Dt_Lnts_26": "SUNGAI LURUS (STRAIGHT)", "Pnangnn_26": "RUTIN", "Pmriksn_26": "RUTIN", "Pnglola_26": "BPJN NUSA TENGGARA BARAT", "Satkr_ID26": "693916", "PPK_Name26": "PPK 3.3", "Traffic_26": null, "VCR_26": "0.1375", "AADT_26": "8294.6", "Tipe_Jb_26": null, "Lat_26": -8.49637, "Long_26": 118.71395, "Tgl_Ins_26": "5\/31\/2024", "Ket_26": null }, "geometry": { "type": "Point", "coordinates": [ 118.71395, -8.49637 ] } },
{ "type": "Feature", "properties": { "KDRUAS_UPD": "42026", "NOJBT_UPD": "42.026.002.A", "NM_RUAS_UP": "TALABIU - BTS. KOTA BIMA", "NM_JBT_UPD": "PANDA A", "PROVINSI": "NUSA TENGGARA BARAT", "No_Prov_26": "42", "ID_Jbt_26": "4200315", "Kd_Ruas_26": "42026", "Suffix_26": null, "Nm_Ruas_26": "TALABIU - BTS. KOTA BIMA", "Lintas_26": "JALAN LINTAS PULAU SUMBAWA", "No_Jbt_26": "42.026.002.A", "Nm_Jbt_26": "PANDA A", "Status_26": "N", "Fungsi_26": "A", "Lks_Dr_26": "RBA", "Lks_km_26": 135.0, "F_STA_26": "710", "Cadin_26": "BIM", "Pjg_Jbt_26": 13.0, "Btg_Pjg_26": 12.7, "Jml_Btg_26": "1", "Lb_Jl_Ms26": 6.49, "Lb_Jl_Kl26": 6.49, "Lb_Lalin26": 6.61, "Lb_Bh_Ki26": 0.29, "Lb_Bh_Ka26": 0.23, "Lb_Dr_Ki26": 0.08, "Lb_Dr_Ka26": 0.08, "Lb_Tr_Ki26": 1.42, "Lb_Tr_Ka26": 1.41, "Lb_TS_Ki26": 0.0, "Lb_TS_Ka26": 0.0, "Lb_Med_26": 0.0, "Lbr_Jbt_26": 10.12, "Bgn_Ats_26": "GTP", "Jns_Jbt_26": "STANDAR", "Thn_Bgn_26": "1987", "BA_26": "2", "LNT_26": "2", "BB_26": "2", "DAS_26": "2", "OP_26": "2", "UT_26": "0", "GR_26": "0", "LB_26": "0", "JBT_26": "2", "Tp_Lnts_26": "SUNGAI", "Dt_Lnts_26": "SUNGAI LURUS (STRAIGHT)", "Pnangnn_26": "RUTIN", "Pmriksn_26": "RUTIN", "Pnglola_26": "BPJN NUSA TENGGARA BARAT", "Satkr_ID26": "693916", "PPK_Name26": "PPK 3.3", "Traffic_26": null, "VCR_26": "0.1375", "AADT_26": "8294.6", "Tipe_Jb_26": null, "Lat_26": -8.5154199600199991, "Long_26": 118.701179504, "Tgl_Ins_26": "6\/14\/2025", "Ket_26": null }, "geometry": { "type": "Point", "coordinates": [ 118.701179504, -8.515419960019999 ] } },
{ "type": "Feature", "properties": { "KDRUAS_UPD": "42026", "NOJBT_UPD": "42.026.003.0", "NM_RUAS_UP": "TALABIU - BTS. KOTA BIMA", "NM_JBT_UPD": "PALIBELO I", "PROVINSI": "NUSA TENGGARA BARAT", "No_Prov_26": "42", "ID_Jbt_26": "4200316", "Kd_Ruas_26": "42026", "Suffix_26": null, "Nm_Ruas_26": "TALABIU - BTS. KOTA BIMA", "Lintas_26": "JALAN LINTAS PULAU SUMBAWA", "No_Jbt_26": "42.026.003.0", "Nm_Jbt_26": "PALIBELO I", "Status_26": "N", "Fungsi_26": "A", "Lks_Dr_26": "RBA", "Lks_km_26": 207.0, "F_STA_26": "1440", "Cadin_26": "BIM", "Pjg_Jbt_26": 40.0, "Btg_Pjg_26": 39.8, "Jml_Btg_26": "1", "Lb_Jl_Ms26": 6.12, "Lb_Jl_Kl26": 6.12, "Lb_Lalin26": 6.24, "Lb_Bh_Ki26": 0.18, "Lb_Bh_Ka26": 0.28, "Lb_Dr_Ki26": 0.15, "Lb_Dr_Ka26": 0.2, "Lb_Tr_Ki26": 0.96, "Lb_Tr_Ka26": 0.96, "Lb_TS_Ki26": 0.0, "Lb_TS_Ka26": 0.0, "Lb_Med_26": 0.0, "Lbr_Jbt_26": 8.97, "Bgn_Ats_26": "RBP", "Jns_Jbt_26": "STANDAR", "Thn_Bgn_26": "2008", "BA_26": "1", "LNT_26": "1", "BB_26": "1", "DAS_26": "2", "OP_26": "1", "UT_26": "0", "GR_26": "0", "LB_26": "0", "JBT_26": "2", "Tp_Lnts_26": "SUNGAI", "Dt_Lnts_26": "SUNGAI LURUS (STRAIGHT)", "Pnangnn_26": "RUTIN", "Pmriksn_26": "RUTIN", "Pnglola_26": "BPJN NUSA TENGGARA BARAT", "Satkr_ID26": "693916", "PPK_Name26": "PPK 3.3", "Traffic_26": null, "VCR_26": "0.1375", "AADT_26": "8294.6", "Tipe_Jb_26": null, "Lat_26": -8.54566955566, "Long_26": 118.69428253200002, "Tgl_Ins_26": "5\/31\/2024", "Ket_26": null }, "geometry": { "type": "Point", "coordinates": [ 118.694282532, -8.54566955566 ] } },
{ "type": "Feature", "properties": { "KDRUAS_UPD": "4202711", "NOJBT_UPD": "42.027.001.0.11", "NM_RUAS_UP": "BIMA - RABA (JL. SOEKARNO HATTA)", "NM_JBT_UPD": "PENATOI", "PROVINSI": "NUSA TENGGARA BARAT", "No_Prov_26": "42", "ID_Jbt_26": "4200321", "Kd_Ruas_26": "4202711", "Suffix_26": "11", "Nm_Ruas_26": "BIMA - RABA (JL. SOEKARNO HATTA)", "Lintas_26": "JALAN LINTAS PULAU SUMBAWA", "No_Jbt_26": "42.027.001.0.11", "Nm_Jbt_26": "PENATOI", "Status_26": "N", "Fungsi_26": "A", "Lks_Dr_26": "RBA", "Lks_km_26": 13.0, "F_STA_26": "150", "Cadin_26": "KBM", "Pjg_Jbt_26": 20.0, "Btg_Pjg_26": 19.7, "Jml_Btg_26": "1", "Lb_Jl_Ms26": 11.37, "Lb_Jl_Kl26": 11.37, "Lb_Lalin26": 11.49, "Lb_Bh_Ki26": 0.24, "Lb_Bh_Ka26": 0.27, "Lb_Dr_Ki26": 0.13, "Lb_Dr_Ka26": 0.1, "Lb_Tr_Ki26": 0.95, "Lb_Tr_Ka26": 0.97, "Lb_TS_Ki26": 0.25, "Lb_TS_Ka26": 0.24, "Lb_Med_26": 0.0, "Lbr_Jbt_26": 14.64, "Bgn_Ats_26": "GPP", "Jns_Jbt_26": "STANDAR", "Thn_Bgn_26": "2018", "BA_26": "1", "LNT_26": "1", "BB_26": "1", "DAS_26": "1", "OP_26": "2", "UT_26": "0", "GR_26": "0", "LB_26": "0", "JBT_26": "2", "Tp_Lnts_26": "SUNGAI", "Dt_Lnts_26": "SUNGAI BERKELOK (MEANDERING)", "Pnangnn_26": "RUTIN", "Pmriksn_26": "RUTIN", "Pnglola_26": "BPJN NUSA TENGGARA BARAT", "Satkr_ID26": "693916", "PPK_Name26": "PPK 3.3", "Traffic_26": null, "VCR_26": "0.2441", "AADT_26": "28148", "Tipe_Jb_26": null, "Lat_26": -8.4644002914400005, "Long_26": 118.753417969, "Tgl_Ins_26": "7\/2\/2024", "Ket_26": null }, "geometry": { "type": "Point", "coordinates": [ 118.753417969, -8.464400291440001 ] } },
{ "type": "Feature", "properties": { "KDRUAS_UPD": "4202711", "NOJBT_UPD": "42.027.002.A.11", "NM_RUAS_UP": "BIMA - RABA (JL. SOEKARNO HATTA)", "NM_JBT_UPD": "GUNUNG DUA A", "PROVINSI": "NUSA TENGGARA BARAT", "No_Prov_26": "42", "ID_Jbt_26": "4200322", "Kd_Ruas_26": "4202711", "Suffix_26": "11", "Nm_Ruas_26": "BIMA - RABA (JL. SOEKARNO HATTA)", "Lintas_26": "JALAN LINTAS PULAU SUMBAWA", "No_Jbt_26": "42.027.002.A.11", "Nm_Jbt_26": "GUNUNG DUA A", "Status_26": "N", "Fungsi_26": "A", "Lks_Dr_26": "RBA", "Lks_km_26": 29.0, "F_STA_26": "290", "Cadin_26": "KBM", "Pjg_Jbt_26": 9.6, "Btg_Pjg_26": 4.2, "Jml_Btg_26": "2", "Lb_Jl_Ms26": 6.1, "Lb_Jl_Kl26": 6.1, "Lb_Lalin26": 6.22, "Lb_Bh_Ki26": 0.43, "Lb_Bh_Ka26": 0.41, "Lb_Dr_Ki26": 0.12, "Lb_Dr_Ka26": 0.09, "Lb_Tr_Ki26": 0.85, "Lb_Tr_Ka26": 0.84, "Lb_TS_Ki26": 0.0, "Lb_TS_Ka26": 0.0, "Lb_Med_26": 0.0, "Lbr_Jbt_26": 8.96, "Bgn_Ats_26": "ETP", "Jns_Jbt_26": "STANDAR", "Thn_Bgn_26": "1980", "BA_26": "2", "LNT_26": "2", "BB_26": "1", "DAS_26": "2", "OP_26": "1", "UT_26": "0", "GR_26": "0", "LB_26": "0", "JBT_26": "2", "Tp_Lnts_26": "SUNGAI", "Dt_Lnts_26": "SUNGAI LURUS (STRAIGHT)", "Pnangnn_26": "RUTIN", "Pmriksn_26": "RUTIN", "Pnglola_26": "BPJN NUSA TENGGARA BARAT", "Satkr_ID26": "693916", "PPK_Name26": "PPK 3.3", "Traffic_26": null, "VCR_26": "0.2441", "AADT_26": "28148", "Tipe_Jb_26": null, "Lat_26": -8.4604797363300008, "Long_26": 118.741798401, "Tgl_Ins_26": "5\/31\/2024", "Ket_26": null }, "geometry": { "type": "Point", "coordinates": [ 118.741798401, -8.460479736330001 ] } },
{ "type": "Feature", "properties": { "KDRUAS_UPD": "4202811", "NOJBT_UPD": "42.028.001.0.11", "NM_RUAS_UP": "SONCO TENGGE - KUMBE (BIMA)", "NM_JBT_UPD": "KUMBE", "PROVINSI": "NUSA TENGGARA BARAT", "No_Prov_26": "42", "ID_Jbt_26": "4200324", "Kd_Ruas_26": "4202811", "Suffix_26": "11", "Nm_Ruas_26": "SONCO TENGGE - KUMBE (BIMA)", "Lintas_26": "NON LINTAS", "No_Jbt_26": "42.028.001.0.11", "Nm_Jbt_26": "KUMBE", "Status_26": "N", "Fungsi_26": "A", "Lks_Dr_26": "RBA", "Lks_km_26": 11.0, "F_STA_26": "30", "Cadin_26": "KBM", "Pjg_Jbt_26": 40.8, "Btg_Pjg_26": 40.5, "Jml_Btg_26": "1", "Lb_Jl_Ms26": 6.31, "Lb_Jl_Kl26": 6.31, "Lb_Lalin26": 6.43, "Lb_Bh_Ki26": 0.31, "Lb_Bh_Ka26": 0.28, "Lb_Dr_Ki26": 0.0, "Lb_Dr_Ka26": 0.0, "Lb_Tr_Ki26": 0.95, "Lb_Tr_Ka26": 0.98, "Lb_TS_Ki26": 0.26, "Lb_TS_Ka26": 0.25, "Lb_Med_26": 0.0, "Lbr_Jbt_26": 9.46, "Bgn_Ats_26": "GPP", "Jns_Jbt_26": "STANDAR", "Thn_Bgn_26": "2012", "BA_26": "2", "LNT_26": "2", "BB_26": "1", "DAS_26": "0", "OP_26": "1", "UT_26": "0", "GR_26": "0", "LB_26": "0", "JBT_26": "2", "Tp_Lnts_26": "SUNGAI", "Dt_Lnts_26": "SUNGAI LURUS (STRAIGHT)", "Pnangnn_26": "RUTIN", "Pmriksn_26": "RUTIN", "Pnglola_26": "BPJN NUSA TENGGARA BARAT", "Satkr_ID26": "693916", "PPK_Name26": "PPK 3.3", "Traffic_26": null, "VCR_26": "0.1484", "AADT_26": "1661.9", "Tipe_Jb_26": null, "Lat_26": -8.4881601333599992, "Long_26": 118.770431519, "Tgl_Ins_26": "6\/1\/2024", "Ket_26": null }, "geometry": { "type": "Point", "coordinates": [ 118.770431519, -8.488160133359999 ] } },
{ "type": "Feature", "properties": { "KDRUAS_UPD": "42029", "NOJBT_UPD": "42.029.001.0", "NM_RUAS_UP": "RABA - SAPE (LABUHAN BAJO)", "NM_JBT_UPD": "KODO I", "PROVINSI": "NUSA TENGGARA BARAT", "No_Prov_26": "42", "ID_Jbt_26": "4200325", "Kd_Ruas_26": "42029", "Suffix_26": null, "Nm_Ruas_26": "RABA - SAPE (LABUHAN BAJO)", "Lintas_26": "JALAN LINTAS PULAU SUMBAWA", "No_Jbt_26": "42.029.001.0", "Nm_Jbt_26": "KODO I", "Status_26": "N", "Fungsi_26": "A", "Lks_Dr_26": "RBA", "Lks_km_26": 39.0, "F_STA_26": "210", "Cadin_26": "BIM", "Pjg_Jbt_26": 40.0, "Btg_Pjg_26": 39.8, "Jml_Btg_26": "1", "Lb_Jl_Ms26": 5.96, "Lb_Jl_Kl26": 5.96, "Lb_Lalin26": 6.08, "Lb_Bh_Ki26": 0.45, "Lb_Bh_Ka26": 0.37, "Lb_Dr_Ki26": 0.0, "Lb_Dr_Ka26": 0.0, "Lb_Tr_Ki26": 1.01, "Lb_Tr_Ka26": 1.02, "Lb_TS_Ki26": 0.0, "Lb_TS_Ka26": 0.0, "Lb_Med_26": 0.0, "Lbr_Jbt_26": 8.93, "Bgn_Ats_26": "RBP", "Jns_Jbt_26": "STANDAR", "Thn_Bgn_26": "2017", "BA_26": "2", "LNT_26": "2", "BB_26": "1", "DAS_26": "0", "OP_26": "1", "UT_26": "0", "GR_26": "0", "LB_26": "0", "JBT_26": "2", "Tp_Lnts_26": "SUNGAI", "Dt_Lnts_26": "SUNGAI LURUS (STRAIGHT)", "Pnangnn_26": "RUTIN", "Pmriksn_26": "RUTIN", "Pnglola_26": "BPJN NUSA TENGGARA BARAT", "Satkr_ID26": "693916", "PPK_Name26": "PPK 3.3", "Traffic_26": null, "VCR_26": "0.0589", "AADT_26": "880", "Tipe_Jb_26": null, "Lat_26": -8.49232006073, "Long_26": 118.786338806, "Tgl_Ins_26": "5\/31\/2024", "Ket_26": null }, "geometry": { "type": "Point", "coordinates": [ 118.786338806, -8.49232006073 ] } },
{ "type": "Feature", "properties": { "KDRUAS_UPD": "42029", "NOJBT_UPD": "42.029.004.0", "NM_RUAS_UP": "RABA - SAPE (LABUHAN BAJO)", "NM_JBT_UPD": "MARIA", "PROVINSI": "NUSA TENGGARA BARAT", "No_Prov_26": "42", "ID_Jbt_26": "4200328", "Kd_Ruas_26": "42029", "Suffix_26": null, "Nm_Ruas_26": "RABA - SAPE (LABUHAN BAJO)", "Lintas_26": "JALAN LINTAS PULAU SUMBAWA", "No_Jbt_26": "42.029.004.0", "Nm_Jbt_26": "MARIA", "Status_26": "N", "Fungsi_26": "A", "Lks_Dr_26": "RBA", "Lks_km_26": 167.0, "F_STA_26": "1490", "Cadin_26": "BIM", "Pjg_Jbt_26": 6.8, "Btg_Pjg_26": 6.6, "Jml_Btg_26": "1", "Lb_Jl_Ms26": 5.17, "Lb_Jl_Kl26": 5.17, "Lb_Lalin26": 5.29, "Lb_Bh_Ki26": 0.23, "Lb_Bh_Ka26": 0.19, "Lb_Dr_Ki26": 0.0, "Lb_Dr_Ka26": 0.0, "Lb_Tr_Ki26": 1.05, "Lb_Tr_Ka26": 1.02, "Lb_TS_Ki26": 0.0, "Lb_TS_Ka26": 0.0, "Lb_Med_26": 0.0, "Lbr_Jbt_26": 7.78, "Bgn_Ats_26": "GTP", "Jns_Jbt_26": "STANDAR", "Thn_Bgn_26": "1979", "BA_26": "1", "LNT_26": "1", "BB_26": "1", "DAS_26": "0", "OP_26": "1", "UT_26": "0", "GR_26": "0", "LB_26": "0", "JBT_26": "1", "Tp_Lnts_26": "SUNGAI", "Dt_Lnts_26": "SUNGAI LURUS (STRAIGHT)", "Pnangnn_26": "RUTIN", "Pmriksn_26": "RUTIN", "Pnglola_26": "BPJN NUSA TENGGARA BARAT", "Satkr_ID26": "693916", "PPK_Name26": "PPK 3.3", "Traffic_26": null, "VCR_26": "0.0589", "AADT_26": "880", "Tipe_Jb_26": null, "Lat_26": -8.5201301574699997, "Long_26": 118.842788696, "Tgl_Ins_26": "5\/31\/2024", "Ket_26": null }, "geometry": { "type": "Point", "coordinates": [ 118.842788696, -8.52013015747 ] } },
{ "type": "Feature", "properties": { "KDRUAS_UPD": "42029", "NOJBT_UPD": "42.029.005.0", "NM_RUAS_UP": "RABA - SAPE (LABUHAN BAJO)", "NM_JBT_UPD": "PESA", "PROVINSI": "NUSA TENGGARA BARAT", "No_Prov_26": "42", "ID_Jbt_26": "4200329", "Kd_Ruas_26": "42029", "Suffix_26": null, "Nm_Ruas_26": "RABA - SAPE (LABUHAN BAJO)", "Lintas_26": "JALAN LINTAS PULAU SUMBAWA", "No_Jbt_26": "42.029.005.0", "Nm_Jbt_26": "PESA", "Status_26": "N", "Fungsi_26": "A", "Lks_Dr_26": "RBA", "Lks_km_26": 183.0, "F_STA_26": "1650", "Cadin_26": "BIM", "Pjg_Jbt_26": 6.2, "Btg_Pjg_26": 3.509, "Jml_Btg_26": "1", "Lb_Jl_Ms26": 6.33, "Lb_Jl_Kl26": 6.33, "Lb_Lalin26": 6.45, "Lb_Bh_Ki26": 0.41, "Lb_Bh_Ka26": 0.06, "Lb_Dr_Ki26": 0.0, "Lb_Dr_Ka26": 0.3, "Lb_Tr_Ki26": 1.14, "Lb_Tr_Ka26": 1.04, "Lb_TS_Ki26": 0.0, "Lb_TS_Ka26": 0.0, "Lb_Med_26": 0.0, "Lbr_Jbt_26": 9.4, "Bgn_Ats_26": "PTP", "Jns_Jbt_26": "STANDAR", "Thn_Bgn_26": "1988", "BA_26": "2", "LNT_26": "2", "BB_26": "2", "DAS_26": "1", "OP_26": "2", "UT_26": "0", "GR_26": "0", "LB_26": "0", "JBT_26": "2", "Tp_Lnts_26": "SUNGAI", "Dt_Lnts_26": "SUNGAI LURUS (STRAIGHT)", "Pnangnn_26": "RUTIN", "Pmriksn_26": "RUTIN", "Pnglola_26": "BPJN NUSA TENGGARA BARAT", "Satkr_ID26": "693916", "PPK_Name26": "PPK 3.3", "Traffic_26": null, "VCR_26": "0.0589", "AADT_26": "880", "Tipe_Jb_26": null, "Lat_26": -8.5331201553299998, "Long_26": 118.84770965600001, "Tgl_Ins_26": "7\/2\/2025", "Ket_26": null }, "geometry": { "type": "Point", "coordinates": [ 118.847709656, -8.53312015533 ] } },
{ "type": "Feature", "properties": { "KDRUAS_UPD": "42029", "NOJBT_UPD": "42.029.006.0", "NM_RUAS_UP": "RABA - SAPE (LABUHAN BAJO)", "NM_JBT_UPD": "KAMBILO", "PROVINSI": "NUSA TENGGARA BARAT", "No_Prov_26": "42", "ID_Jbt_26": "4200330", "Kd_Ruas_26": "42029", "Suffix_26": null, "Nm_Ruas_26": "RABA - SAPE (LABUHAN BAJO)", "Lintas_26": "JALAN LINTAS PULAU SUMBAWA", "No_Jbt_26": "42.029.006.0", "Nm_Jbt_26": "KAMBILO", "Status_26": "N", "Fungsi_26": "A", "Lks_Dr_26": "RBA", "Lks_km_26": 193.0, "F_STA_26": "1740", "Cadin_26": "BIM", "Pjg_Jbt_26": 7.9, "Btg_Pjg_26": 7.65, "Jml_Btg_26": "1", "Lb_Jl_Ms26": 6.51, "Lb_Jl_Kl26": 6.51, "Lb_Lalin26": 6.63, "Lb_Bh_Ki26": 0.28, "Lb_Bh_Ka26": 0.31, "Lb_Dr_Ki26": 0.15, "Lb_Dr_Ka26": 0.17, "Lb_Tr_Ki26": 1.1, "Lb_Tr_Ka26": 1.2, "Lb_TS_Ki26": 0.0, "Lb_TS_Ka26": 0.0, "Lb_Med_26": 0.0, "Lbr_Jbt_26": 9.84, "Bgn_Ats_26": "GTP", "Jns_Jbt_26": "STANDAR", "Thn_Bgn_26": "1988", "BA_26": "2", "LNT_26": "2", "BB_26": "1", "DAS_26": "2", "OP_26": "2", "UT_26": "0", "GR_26": "0", "LB_26": "0", "JBT_26": "2", "Tp_Lnts_26": "SUNGAI", "Dt_Lnts_26": "SUNGAI LURUS (STRAIGHT)", "Pnangnn_26": "RUTIN", "Pmriksn_26": "RUTIN", "Pnglola_26": "BPJN NUSA TENGGARA BARAT", "Satkr_ID26": "693916", "PPK_Name26": "PPK 3.3", "Traffic_26": null, "VCR_26": "0.0589", "AADT_26": "880", "Tipe_Jb_26": null, "Lat_26": -8.5388603210399996, "Long_26": 118.85218811, "Tgl_Ins_26": "6\/19\/2025", "Ket_26": null }, "geometry": { "type": "Point", "coordinates": [ 118.85218811, -8.53886032104 ] } },
{ "type": "Feature", "properties": { "KDRUAS_UPD": "42029", "NOJBT_UPD": "42.029.007.0", "NM_RUAS_UP": "RABA - SAPE (LABUHAN BAJO)", "NM_JBT_UPD": "SORI KOMBO I", "PROVINSI": "NUSA TENGGARA BARAT", "No_Prov_26": "42", "ID_Jbt_26": "4200331", "Kd_Ruas_26": "42029", "Suffix_26": null, "Nm_Ruas_26": "RABA - SAPE (LABUHAN BAJO)", "Lintas_26": "JALAN LINTAS PULAU SUMBAWA", "No_Jbt_26": "42.029.007.0", "Nm_Jbt_26": "SORI KOMBO I", "Status_26": "N", "Fungsi_26": "A", "Lks_Dr_26": "RBA", "Lks_km_26": 201.0, "F_STA_26": "1830", "Cadin_26": "BIM", "Pjg_Jbt_26": 7.8, "Btg_Pjg_26": 7.58, "Jml_Btg_26": "1", "Lb_Jl_Ms26": 7.0, "Lb_Jl_Kl26": 7.0, "Lb_Lalin26": 5.48, "Lb_Bh_Ki26": 0.16, "Lb_Bh_Ka26": 0.24, "Lb_Dr_Ki26": 0.3, "Lb_Dr_Ka26": 0.0, "Lb_Tr_Ki26": 0.98, "Lb_Tr_Ka26": 0.97, "Lb_TS_Ki26": 0.0, "Lb_TS_Ka26": 0.0, "Lb_Med_26": 0.0, "Lbr_Jbt_26": 8.13, "Bgn_Ats_26": "GTP", "Jns_Jbt_26": "STANDAR", "Thn_Bgn_26": "1988", "BA_26": "2", "LNT_26": "2", "BB_26": "0", "DAS_26": "2", "OP_26": "2", "UT_26": "0", "GR_26": "0", "LB_26": "0", "JBT_26": "2", "Tp_Lnts_26": "SUNGAI", "Dt_Lnts_26": "SUNGAI LURUS (STRAIGHT)", "Pnangnn_26": "RUTIN", "Pmriksn_26": "RUTIN", "Pnglola_26": "BPJN NUSA TENGGARA BARAT", "Satkr_ID26": "693916", "PPK_Name26": "PPK 3.3", "Traffic_26": null, "VCR_26": "0.0589", "AADT_26": "880", "Tipe_Jb_26": null, "Lat_26": -8.5462703704800003, "Long_26": 118.852119446, "Tgl_Ins_26": "6\/19\/2025", "Ket_26": null }, "geometry": { "type": "Point", "coordinates": [ 118.852119446, -8.54627037048 ] } },
{ "type": "Feature", "properties": { "KDRUAS_UPD": "42029", "NOJBT_UPD": "42.029.008.0", "NM_RUAS_UP": "RABA - SAPE (LABUHAN BAJO)", "NM_JBT_UPD": "SORI KOMBO II", "PROVINSI": "NUSA TENGGARA BARAT", "No_Prov_26": "42", "ID_Jbt_26": "4200332", "Kd_Ruas_26": "42029", "Suffix_26": null, "Nm_Ruas_26": "RABA - SAPE (LABUHAN BAJO)", "Lintas_26": "JALAN LINTAS PULAU SUMBAWA", "No_Jbt_26": "42.029.008.0", "Nm_Jbt_26": "SORI KOMBO II", "Status_26": "N", "Fungsi_26": "A", "Lks_Dr_26": "RBA", "Lks_km_26": 216.0, "F_STA_26": "1980", "Cadin_26": "BIM", "Pjg_Jbt_26": 6.0, "Btg_Pjg_26": 5.7, "Jml_Btg_26": "1", "Lb_Jl_Ms26": 5.49, "Lb_Jl_Kl26": 5.49, "Lb_Lalin26": 5.61, "Lb_Bh_Ki26": 0.17, "Lb_Bh_Ka26": 0.25, "Lb_Dr_Ki26": 0.0, "Lb_Dr_Ka26": 0.0, "Lb_Tr_Ki26": 1.0, "Lb_Tr_Ka26": 1.0, "Lb_TS_Ki26": 0.0, "Lb_TS_Ka26": 0.0, "Lb_Med_26": 0.0, "Lbr_Jbt_26": 8.03, "Bgn_Ats_26": "GTP", "Jns_Jbt_26": "STANDAR", "Thn_Bgn_26": "1988", "BA_26": "2", "LNT_26": "2", "BB_26": "1", "DAS_26": "0", "OP_26": "1", "UT_26": "0", "GR_26": "0", "LB_26": "0", "JBT_26": "2", "Tp_Lnts_26": "SUNGAI", "Dt_Lnts_26": "SUNGAI LURUS (STRAIGHT)", "Pnangnn_26": "RUTIN", "Pmriksn_26": "RUTIN", "Pnglola_26": "BPJN NUSA TENGGARA BARAT", "Satkr_ID26": "693916", "PPK_Name26": "PPK 3.3", "Traffic_26": null, "VCR_26": "0.0589", "AADT_26": "880", "Tipe_Jb_26": null, "Lat_26": -8.5551204681400002, "Long_26": 118.859443665, "Tgl_Ins_26": "7\/2\/2024", "Ket_26": null }, "geometry": { "type": "Point", "coordinates": [ 118.859443665, -8.55512046814 ] } },
{ "type": "Feature", "properties": { "KDRUAS_UPD": "42029", "NOJBT_UPD": "42.029.009.0", "NM_RUAS_UP": "RABA - SAPE (LABUHAN BAJO)", "NM_JBT_UPD": "RABA I\/SORI RABA I", "PROVINSI": "NUSA TENGGARA BARAT", "No_Prov_26": "42", "ID_Jbt_26": "4200333", "Kd_Ruas_26": "42029", "Suffix_26": null, "Nm_Ruas_26": "RABA - SAPE (LABUHAN BAJO)", "Lintas_26": "JALAN LINTAS PULAU SUMBAWA", "No_Jbt_26": "42.029.009.0", "Nm_Jbt_26": "RABA I\/SORI RABA I", "Status_26": "N", "Fungsi_26": "A", "Lks_Dr_26": "RBA", "Lks_km_26": 221.0, "F_STA_26": "2030", "Cadin_26": "BIM", "Pjg_Jbt_26": 9.0, "Btg_Pjg_26": 8.7, "Jml_Btg_26": "1", "Lb_Jl_Ms26": 6.4, "Lb_Jl_Kl26": 6.4, "Lb_Lalin26": 6.52, "Lb_Bh_Ki26": 0.48, "Lb_Bh_Ka26": 0.02, "Lb_Dr_Ki26": 0.2, "Lb_Dr_Ka26": 0.18, "Lb_Tr_Ki26": 1.2, "Lb_Tr_Ka26": 1.25, "Lb_TS_Ki26": 0.0, "Lb_TS_Ka26": 0.0, "Lb_Med_26": 0.0, "Lbr_Jbt_26": 9.85, "Bgn_Ats_26": "GTP", "Jns_Jbt_26": "STANDAR", "Thn_Bgn_26": "2010", "BA_26": "2", "LNT_26": "2", "BB_26": "1", "DAS_26": "2", "OP_26": "1", "UT_26": "0", "GR_26": "0", "LB_26": "0", "JBT_26": "2", "Tp_Lnts_26": "SUNGAI", "Dt_Lnts_26": "SUNGAI LURUS (STRAIGHT)", "Pnangnn_26": "RUTIN", "Pmriksn_26": "RUTIN", "Pnglola_26": "BPJN NUSA TENGGARA BARAT", "Satkr_ID26": "693916", "PPK_Name26": "PPK 3.3", "Traffic_26": null, "VCR_26": "0.0589", "AADT_26": "880", "Tipe_Jb_26": null, "Lat_26": -8.5592699050899999, "Long_26": 118.86160278300001, "Tgl_Ins_26": "7\/2\/2024", "Ket_26": null }, "geometry": { "type": "Point", "coordinates": [ 118.861602783, -8.55926990509 ] } },
{ "type": "Feature", "properties": { "KDRUAS_UPD": "42029", "NOJBT_UPD": "42.029.011.0", "NM_RUAS_UP": "RABA - SAPE (LABUHAN BAJO)", "NM_JBT_UPD": "SORI NAE", "PROVINSI": "NUSA TENGGARA BARAT", "No_Prov_26": "42", "ID_Jbt_26": "4200335", "Kd_Ruas_26": "42029", "Suffix_26": null, "Nm_Ruas_26": "RABA - SAPE (LABUHAN BAJO)", "Lintas_26": "JALAN LINTAS PULAU SUMBAWA", "No_Jbt_26": "42.029.011.0", "Nm_Jbt_26": "SORI NAE", "Status_26": "N", "Fungsi_26": "A", "Lks_Dr_26": "RBA", "Lks_km_26": 289.0, "F_STA_26": "2710", "Cadin_26": "BIM", "Pjg_Jbt_26": 30.6, "Btg_Pjg_26": 30.0, "Jml_Btg_26": "1", "Lb_Jl_Ms26": 5.32, "Lb_Jl_Kl26": 5.32, "Lb_Lalin26": 5.44, "Lb_Bh_Ki26": 0.21, "Lb_Bh_Ka26": 0.16, "Lb_Dr_Ki26": 0.0, "Lb_Dr_Ka26": 0.27, "Lb_Tr_Ki26": 0.48, "Lb_Tr_Ka26": 0.52, "Lb_TS_Ki26": 0.0, "Lb_TS_Ka26": 0.0, "Lb_Med_26": 0.0, "Lbr_Jbt_26": 7.08, "Bgn_Ats_26": "GBP", "Jns_Jbt_26": "STANDAR", "Thn_Bgn_26": "1979", "BA_26": "2", "LNT_26": "2", "BB_26": "1", "DAS_26": "0", "OP_26": "1", "UT_26": "0", "GR_26": "0", "LB_26": "0", "JBT_26": "2", "Tp_Lnts_26": "SUNGAI", "Dt_Lnts_26": "SUNGAI LURUS (STRAIGHT)", "Pnangnn_26": "RUTIN", "Pmriksn_26": "RUTIN", "Pnglola_26": "BPJN NUSA TENGGARA BARAT", "Satkr_ID26": "693916", "PPK_Name26": "PPK 3.3", "Traffic_26": null, "VCR_26": "0.0589", "AADT_26": "880", "Tipe_Jb_26": null, "Lat_26": -8.5771198272699998, "Long_26": 118.893531799, "Tgl_Ins_26": "6\/18\/2025", "Ket_26": null }, "geometry": { "type": "Point", "coordinates": [ 118.893531799, -8.57711982727 ] } },
{ "type": "Feature", "properties": { "KDRUAS_UPD": "42029", "NOJBT_UPD": "42.029.012.0", "NM_RUAS_UP": "RABA - SAPE (LABUHAN BAJO)", "NM_JBT_UPD": "SORI KENTU", "PROVINSI": "NUSA TENGGARA BARAT", "No_Prov_26": "42", "ID_Jbt_26": "4200336", "Kd_Ruas_26": "42029", "Suffix_26": null, "Nm_Ruas_26": "RABA - SAPE (LABUHAN BAJO)", "Lintas_26": "JALAN LINTAS PULAU SUMBAWA", "No_Jbt_26": "42.029.012.0", "Nm_Jbt_26": "SORI KENTU", "Status_26": "N", "Fungsi_26": "A", "Lks_Dr_26": "RBA", "Lks_km_26": 307.0, "F_STA_26": "2880", "Cadin_26": "BIM", "Pjg_Jbt_26": 7.4, "Btg_Pjg_26": 7.1, "Jml_Btg_26": "1", "Lb_Jl_Ms26": 7.0, "Lb_Jl_Kl26": 7.0, "Lb_Lalin26": 5.85, "Lb_Bh_Ki26": 0.0, "Lb_Bh_Ka26": 0.0, "Lb_Dr_Ki26": 0.23, "Lb_Dr_Ka26": 0.18, "Lb_Tr_Ki26": 0.96, "Lb_Tr_Ka26": 1.03, "Lb_TS_Ki26": 0.0, "Lb_TS_Ka26": 0.0, "Lb_Med_26": 0.0, "Lbr_Jbt_26": 8.25, "Bgn_Ats_26": "GTP", "Jns_Jbt_26": "STANDAR", "Thn_Bgn_26": "1983", "BA_26": "2", "LNT_26": "2", "BB_26": "0", "DAS_26": "2", "OP_26": "1", "UT_26": "0", "GR_26": "0", "LB_26": "0", "JBT_26": "2", "Tp_Lnts_26": "SUNGAI", "Dt_Lnts_26": "SUNGAI LURUS (STRAIGHT)", "Pnangnn_26": "RUTIN", "Pmriksn_26": "RUTIN", "Pnglola_26": "BPJN NUSA TENGGARA BARAT", "Satkr_ID26": "693916", "PPK_Name26": "PPK 3.3", "Traffic_26": null, "VCR_26": "0.0589", "AADT_26": "880", "Tipe_Jb_26": null, "Lat_26": -8.5728998184199998, "Long_26": 118.90744018599999, "Tgl_Ins_26": "6\/18\/2025", "Ket_26": null }, "geometry": { "type": "Point", "coordinates": [ 118.907440186, -8.57289981842 ] } },
{ "type": "Feature", "properties": { "KDRUAS_UPD": "42029", "NOJBT_UPD": "42.029.013.0", "NM_RUAS_UP": "RABA - SAPE (LABUHAN BAJO)", "NM_JBT_UPD": "SORI SARI", "PROVINSI": "NUSA TENGGARA BARAT", "No_Prov_26": "42", "ID_Jbt_26": "4200337", "Kd_Ruas_26": "42029", "Suffix_26": null, "Nm_Ruas_26": "RABA - SAPE (LABUHAN BAJO)", "Lintas_26": "JALAN LINTAS PULAU SUMBAWA", "No_Jbt_26": "42.029.013.0", "Nm_Jbt_26": "SORI SARI", "Status_26": "N", "Fungsi_26": "A", "Lks_Dr_26": "RBA", "Lks_km_26": 31.0, "F_STA_26": "2910", "Cadin_26": "BIM", "Pjg_Jbt_26": 7.0, "Btg_Pjg_26": 2.02, "Jml_Btg_26": "2", "Lb_Jl_Ms26": 6.5, "Lb_Jl_Kl26": 6.5, "Lb_Lalin26": 6.62, "Lb_Bh_Ki26": 0.4, "Lb_Bh_Ka26": 0.3, "Lb_Dr_Ki26": 0.0, "Lb_Dr_Ka26": 0.0, "Lb_Tr_Ki26": 0.49, "Lb_Tr_Ka26": 0.2, "Lb_TS_Ki26": 0.0, "Lb_TS_Ka26": 0.0, "Lb_Med_26": 0.0, "Lbr_Jbt_26": 8.01, "Bgn_Ats_26": "PTP", "Jns_Jbt_26": "STANDAR", "Thn_Bgn_26": "1983", "BA_26": "1", "LNT_26": "0", "BB_26": "1", "DAS_26": "2", "OP_26": "2", "UT_26": "0", "GR_26": "0", "LB_26": "0", "JBT_26": "2", "Tp_Lnts_26": "SUNGAI", "Dt_Lnts_26": "SUNGAI LURUS (STRAIGHT)", "Pnangnn_26": "RUTIN", "Pmriksn_26": "RUTIN", "Pnglola_26": "BPJN NUSA TENGGARA BARAT", "Satkr_ID26": "693916", "PPK_Name26": "PPK 3.3", "Traffic_26": null, "VCR_26": "0.0589", "AADT_26": "880", "Tipe_Jb_26": null, "Lat_26": -8.5729103088399992, "Long_26": 118.91046905500001, "Tgl_Ins_26": "6\/18\/2025", "Ket_26": null }, "geometry": { "type": "Point", "coordinates": [ 118.910469055, -8.572910308839999 ] } },
{ "type": "Feature", "properties": { "KDRUAS_UPD": "42029", "NOJBT_UPD": "42.029.015.0", "NM_RUAS_UP": "RABA - SAPE (LABUHAN BAJO)", "NM_JBT_UPD": "SORI BORE", "PROVINSI": "NUSA TENGGARA BARAT", "No_Prov_26": "42", "ID_Jbt_26": "4200339", "Kd_Ruas_26": "42029", "Suffix_26": null, "Nm_Ruas_26": "RABA - SAPE (LABUHAN BAJO)", "Lintas_26": "JALAN LINTAS PULAU SUMBAWA", "No_Jbt_26": "42.029.015.0", "Nm_Jbt_26": "SORI BORE", "Status_26": "N", "Fungsi_26": "A", "Lks_Dr_26": "RBA", "Lks_km_26": 32.0, "F_STA_26": "3010", "Cadin_26": "BIM", "Pjg_Jbt_26": 6.0, "Btg_Pjg_26": 5.8, "Jml_Btg_26": "1", "Lb_Jl_Ms26": 5.84, "Lb_Jl_Kl26": 5.84, "Lb_Lalin26": 5.96, "Lb_Bh_Ki26": 0.32, "Lb_Bh_Ka26": 0.48, "Lb_Dr_Ki26": 0.0, "Lb_Dr_Ka26": 0.0, "Lb_Tr_Ki26": 0.52, "Lb_Tr_Ka26": 0.5, "Lb_TS_Ki26": 0.0, "Lb_TS_Ka26": 0.0, "Lb_Med_26": 0.0, "Lbr_Jbt_26": 7.78, "Bgn_Ats_26": "GTP", "Jns_Jbt_26": "STANDAR", "Thn_Bgn_26": "1989", "BA_26": "1", "LNT_26": "1", "BB_26": "1", "DAS_26": "2", "OP_26": "2", "UT_26": "0", "GR_26": "0", "LB_26": "0", "JBT_26": "2", "Tp_Lnts_26": "SUNGAI", "Dt_Lnts_26": "SUNGAI LURUS (STRAIGHT)", "Pnangnn_26": "RUTIN", "Pmriksn_26": "RUTIN", "Pnglola_26": "BPJN NUSA TENGGARA BARAT", "Satkr_ID26": "693916", "PPK_Name26": "PPK 3.3", "Traffic_26": null, "VCR_26": "0.0589", "AADT_26": "880", "Tipe_Jb_26": null, "Lat_26": -8.5719404220600008, "Long_26": 118.918312073, "Tgl_Ins_26": "6\/17\/2025", "Ket_26": null }, "geometry": { "type": "Point", "coordinates": [ 118.918312073, -8.571940422060001 ] } },
{ "type": "Feature", "properties": { "KDRUAS_UPD": "42029", "NOJBT_UPD": "42.029.021.0", "NM_RUAS_UP": "RABA - SAPE (LABUHAN BAJO)", "NM_JBT_UPD": "SORI PAJI", "PROVINSI": "NUSA TENGGARA BARAT", "No_Prov_26": "42", "ID_Jbt_26": "4200345", "Kd_Ruas_26": "42029", "Suffix_26": null, "Nm_Ruas_26": "RABA - SAPE (LABUHAN BAJO)", "Lintas_26": "JALAN LINTAS PULAU SUMBAWA", "No_Jbt_26": "42.029.021.0", "Nm_Jbt_26": "SORI PAJI", "Status_26": "N", "Fungsi_26": "A", "Lks_Dr_26": "RBA", "Lks_km_26": 382.0, "F_STA_26": "3640", "Cadin_26": "BIM", "Pjg_Jbt_26": 6.0, "Btg_Pjg_26": 5.73, "Jml_Btg_26": "1", "Lb_Jl_Ms26": 6.29, "Lb_Jl_Kl26": 6.29, "Lb_Lalin26": 6.41, "Lb_Bh_Ki26": 0.29, "Lb_Bh_Ka26": 0.28, "Lb_Dr_Ki26": 0.19, "Lb_Dr_Ka26": 0.24, "Lb_Tr_Ki26": 1.06, "Lb_Tr_Ka26": 1.04, "Lb_TS_Ki26": 0.0, "Lb_TS_Ka26": 0.0, "Lb_Med_26": 0.0, "Lbr_Jbt_26": 9.51, "Bgn_Ats_26": "GTP", "Jns_Jbt_26": "STANDAR", "Thn_Bgn_26": "1970", "BA_26": "2", "LNT_26": "2", "BB_26": "1", "DAS_26": "0", "OP_26": "1", "UT_26": "0", "GR_26": "0", "LB_26": "0", "JBT_26": "2", "Tp_Lnts_26": "SUNGAI", "Dt_Lnts_26": "SUNGAI LURUS (STRAIGHT)", "Pnangnn_26": "RUTIN", "Pmriksn_26": "RUTIN", "Pnglola_26": "BPJN NUSA TENGGARA BARAT", "Satkr_ID26": "693916", "PPK_Name26": "PPK 3.3", "Traffic_26": null, "VCR_26": "0.0589", "AADT_26": "880", "Tipe_Jb_26": null, "Lat_26": -8.5702400207499991, "Long_26": 118.95993042000001, "Tgl_Ins_26": "6\/17\/2025", "Ket_26": null }, "geometry": { "type": "Point", "coordinates": [ 118.95993042, -8.570240020749999 ] } },
{ "type": "Feature", "properties": { "KDRUAS_UPD": "42029", "NOJBT_UPD": "42.029.024.0", "NM_RUAS_UP": "RABA - SAPE (LABUHAN BAJO)", "NM_JBT_UPD": "S A P E", "PROVINSI": "NUSA TENGGARA BARAT", "No_Prov_26": "42", "ID_Jbt_26": "4200348", "Kd_Ruas_26": "42029", "Suffix_26": null, "Nm_Ruas_26": "RABA - SAPE (LABUHAN BAJO)", "Lintas_26": "JALAN LINTAS PULAU SUMBAWA", "No_Jbt_26": "42.029.024.0", "Nm_Jbt_26": "S A P E", "Status_26": "N", "Fungsi_26": "A", "Lks_Dr_26": "RBA", "Lks_km_26": 42.0, "F_STA_26": "3950", "Cadin_26": "BIM", "Pjg_Jbt_26": 6.1, "Btg_Pjg_26": 2.2, "Jml_Btg_26": "1", "Lb_Jl_Ms26": 7.18, "Lb_Jl_Kl26": 7.18, "Lb_Lalin26": 7.3, "Lb_Bh_Ki26": 0.34, "Lb_Bh_Ka26": 0.36, "Lb_Dr_Ki26": 0.0, "Lb_Dr_Ka26": 0.0, "Lb_Tr_Ki26": 3.34, "Lb_Tr_Ka26": 1.34, "Lb_TS_Ki26": 0.0, "Lb_TS_Ka26": 0.0, "Lb_Med_26": 0.0, "Lbr_Jbt_26": 12.68, "Bgn_Ats_26": "PTP", "Jns_Jbt_26": "STANDAR", "Thn_Bgn_26": "1986", "BA_26": "2", "LNT_26": "2", "BB_26": "2", "DAS_26": "2", "OP_26": "0", "UT_26": "0", "GR_26": "0", "LB_26": "0", "JBT_26": "2", "Tp_Lnts_26": "SUNGAI", "Dt_Lnts_26": "SUNGAI LURUS (STRAIGHT)", "Pnangnn_26": "RUTIN", "Pmriksn_26": "RUTIN", "Pnglola_26": "BPJN NUSA TENGGARA BARAT", "Satkr_ID26": "693916", "PPK_Name26": "PPK 3.3", "Traffic_26": null, "VCR_26": "0.0589", "AADT_26": "880", "Tipe_Jb_26": null, "Lat_26": -8.5676698684700003, "Long_26": 118.98489379900001, "Tgl_Ins_26": "6\/17\/2025", "Ket_26": null }, "geometry": { "type": "Point", "coordinates": [ 118.984893799, -8.56766986847 ] } },
{ "type": "Feature", "properties": { "KDRUAS_UPD": "42030", "NOJBT_UPD": "42.030.002.0", "NM_RUAS_UP": "KOPANG - BTS. KOTA PRAYA", "NM_JBT_UPD": "IWAN", "PROVINSI": "NUSA TENGGARA BARAT", "No_Prov_26": "42", "ID_Jbt_26": "4200350", "Kd_Ruas_26": "42030", "Suffix_26": null, "Nm_Ruas_26": "KOPANG - BTS. KOTA PRAYA", "Lintas_26": "NON LINTAS", "No_Jbt_26": "42.030.002.0", "Nm_Jbt_26": "IWAN", "Status_26": "N", "Fungsi_26": "A", "Lks_Dr_26": "MTR", "Lks_km_26": 33.0, "F_STA_26": "400", "Cadin_26": "LTH", "Pjg_Jbt_26": 10.0, "Btg_Pjg_26": 9.7, "Jml_Btg_26": "1", "Lb_Jl_Ms26": 6.1, "Lb_Jl_Kl26": 6.1, "Lb_Lalin26": 6.1, "Lb_Bh_Ki26": 0.45, "Lb_Bh_Ka26": 0.45, "Lb_Dr_Ki26": 0.0, "Lb_Dr_Ka26": 0.0, "Lb_Tr_Ki26": 0.95, "Lb_Tr_Ka26": 0.9, "Lb_TS_Ki26": 0.4, "Lb_TS_Ka26": 0.3, "Lb_Med_26": 0.0, "Lbr_Jbt_26": 9.55, "Bgn_Ats_26": "GTP", "Jns_Jbt_26": "STANDAR", "Thn_Bgn_26": "2012", "BA_26": "2", "LNT_26": "2", "BB_26": "2", "DAS_26": "2", "OP_26": "2", "UT_26": "0", "GR_26": "0", "LB_26": "0", "JBT_26": "2", "Tp_Lnts_26": "SUNGAI", "Dt_Lnts_26": "SUNGAI LURUS (STRAIGHT)", "Pnangnn_26": "BERKALA", "Pmriksn_26": "RUTIN", "Pnglola_26": "BPJN NUSA TENGGARA BARAT", "Satkr_ID26": "693914", "PPK_Name26": "PPK 1.1", "Traffic_26": null, "VCR_26": "0.3425", "AADT_26": "6010.3", "Tipe_Jb_26": null, "Lat_26": -8.6653203964200003, "Long_26": 116.339508057, "Tgl_Ins_26": "6\/30\/2025", "Ket_26": null }, "geometry": { "type": "Point", "coordinates": [ 116.339508057, -8.66532039642 ] } },
{ "type": "Feature", "properties": { "KDRUAS_UPD": "4203012", "NOJBT_UPD": "42.030.001.A.12", "NM_RUAS_UP": "JLN. SUDIRMAN (PRAYA)", "NM_JBT_UPD": "SURABAYA A", "PROVINSI": "NUSA TENGGARA BARAT", "No_Prov_26": "42", "ID_Jbt_26": "4200353", "Kd_Ruas_26": "4203012", "Suffix_26": "12", "Nm_Ruas_26": "JLN. SUDIRMAN (PRAYA)", "Lintas_26": "NON LINTAS", "No_Jbt_26": "42.030.001.A.12", "Nm_Jbt_26": "SURABAYA A", "Status_26": "N", "Fungsi_26": "A", "Lks_Dr_26": "MTR", "Lks_km_26": 416.0, "F_STA_26": "0", "Cadin_26": "LTH", "Pjg_Jbt_26": 25.0, "Btg_Pjg_26": 11.7, "Jml_Btg_26": "2", "Lb_Jl_Ms26": 5.8, "Lb_Jl_Kl26": 5.8, "Lb_Lalin26": 5.8, "Lb_Bh_Ki26": 0.0, "Lb_Bh_Ka26": 0.0, "Lb_Dr_Ki26": 0.25, "Lb_Dr_Ka26": 0.2, "Lb_Tr_Ki26": 0.8, "Lb_Tr_Ka26": 0.75, "Lb_TS_Ki26": 0.0, "Lb_TS_Ka26": 0.0, "Lb_Med_26": 0.0, "Lbr_Jbt_26": 7.8, "Bgn_Ats_26": "GBP", "Jns_Jbt_26": "STANDAR", "Thn_Bgn_26": "1980", "BA_26": "2", "LNT_26": "2", "BB_26": "2", "DAS_26": "2", "OP_26": "2", "UT_26": "0", "GR_26": "0", "LB_26": "0", "JBT_26": "2", "Tp_Lnts_26": "SUNGAI", "Dt_Lnts_26": "SUNGAI LURUS (STRAIGHT)", "Pnangnn_26": "RUTIN", "Pmriksn_26": "RUTIN", "Pnglola_26": "BPJN NUSA TENGGARA BARAT", "Satkr_ID26": "693914", "PPK_Name26": "PPK 1.1", "Traffic_26": null, "VCR_26": "0.344", "AADT_26": "12991.3", "Tipe_Jb_26": null, "Lat_26": -8.7130899429300008, "Long_26": 116.28485107399999, "Tgl_Ins_26": "6\/19\/2025", "Ket_26": null }, "geometry": { "type": "Point", "coordinates": [ 116.284851074, -8.713089942930001 ] } },
{ "type": "Feature", "properties": { "KDRUAS_UPD": "4203012", "NOJBT_UPD": "42.030.002.A.12", "NM_RUAS_UP": "JLN. SUDIRMAN (PRAYA)", "NM_JBT_UPD": "KOKOK DESA A", "PROVINSI": "NUSA TENGGARA BARAT", "No_Prov_26": "42", "ID_Jbt_26": "4200354", "Kd_Ruas_26": "4203012", "Suffix_26": "12", "Nm_Ruas_26": "JLN. SUDIRMAN (PRAYA)", "Lintas_26": "NON LINTAS", "No_Jbt_26": "42.030.002.A.12", "Nm_Jbt_26": "KOKOK DESA A", "Status_26": "N", "Fungsi_26": "A", "Lks_Dr_26": "MTR", "Lks_km_26": 421.0, "F_STA_26": "0", "Cadin_26": "LTH", "Pjg_Jbt_26": 17.7, "Btg_Pjg_26": 17.3, "Jml_Btg_26": "1", "Lb_Jl_Ms26": 6.45, "Lb_Jl_Kl26": 6.45, "Lb_Lalin26": 6.45, "Lb_Bh_Ki26": 0.25, "Lb_Bh_Ka26": 0.3, "Lb_Dr_Ki26": 0.15, "Lb_Dr_Ka26": 0.1, "Lb_Tr_Ki26": 0.85, "Lb_Tr_Ka26": 0.82, "Lb_TS_Ki26": 0.0, "Lb_TS_Ka26": 0.0, "Lb_Med_26": 0.0, "Lbr_Jbt_26": 8.92, "Bgn_Ats_26": "GTP", "Jns_Jbt_26": "STANDAR", "Thn_Bgn_26": "1981", "BA_26": "2", "LNT_26": "0", "BB_26": "1", "DAS_26": "1", "OP_26": "2", "UT_26": "0", "GR_26": "0", "LB_26": "0", "JBT_26": "2", "Tp_Lnts_26": "SUNGAI", "Dt_Lnts_26": "SUNGAI LURUS (STRAIGHT)", "Pnangnn_26": "RUTIN", "Pmriksn_26": "RUTIN", "Pnglola_26": "BPJN NUSA TENGGARA BARAT", "Satkr_ID26": "693914", "PPK_Name26": "PPK 1.1", "Traffic_26": null, "VCR_26": "0.344", "AADT_26": "12991.3", "Tipe_Jb_26": null, "Lat_26": -8.7111997604399996, "Long_26": 116.280921936, "Tgl_Ins_26": "5\/27\/2024", "Ket_26": null }, "geometry": { "type": "Point", "coordinates": [ 116.280921936, -8.71119976044 ] } },
{ "type": "Feature", "properties": { "KDRUAS_UPD": "42031", "NOJBT_UPD": "42.031.001.A", "NM_RUAS_UP": "PRAYA - SP. PENUNJAK", "NM_JBT_UPD": "URIP A", "PROVINSI": "NUSA TENGGARA BARAT", "No_Prov_26": "42", "ID_Jbt_26": "4200356", "Kd_Ruas_26": "42031", "Suffix_26": null, "Nm_Ruas_26": "PRAYA - SP. PENUNJAK", "Lintas_26": "NON LINTAS", "No_Jbt_26": "42.031.001.A", "Nm_Jbt_26": "URIP A", "Status_26": "N", "Fungsi_26": "A", "Lks_Dr_26": "MTR", "Lks_km_26": 4463.0, "F_STA_26": "140", "Cadin_26": "LTH", "Pjg_Jbt_26": 7.0, "Btg_Pjg_26": 6.5, "Jml_Btg_26": "1", "Lb_Jl_Ms26": 6.2, "Lb_Jl_Kl26": 5.76, "Lb_Lalin26": 5.76, "Lb_Bh_Ki26": 0.22, "Lb_Bh_Ka26": 0.24, "Lb_Dr_Ki26": 0.0, "Lb_Dr_Ka26": 0.0, "Lb_Tr_Ki26": 0.2, "Lb_Tr_Ka26": 0.2, "Lb_TS_Ki26": 0.4, "Lb_TS_Ka26": 0.4, "Lb_Med_26": 1.6, "Lbr_Jbt_26": 9.02, "Bgn_Ats_26": "PTP", "Jns_Jbt_26": "STANDAR", "Thn_Bgn_26": "2014", "BA_26": "2", "LNT_26": "0", "BB_26": "2", "DAS_26": "0", "OP_26": "0", "UT_26": "0", "GR_26": "0", "LB_26": "0", "JBT_26": "2", "Tp_Lnts_26": "SUNGAI", "Dt_Lnts_26": "SUNGAI LURUS (STRAIGHT)", "Pnangnn_26": "RUTIN", "Pmriksn_26": "RUTIN", "Pnglola_26": "BPJN NUSA TENGGARA BARAT", "Satkr_ID26": "693914", "PPK_Name26": "PPK 1.1", "Traffic_26": null, "VCR_26": "0.2997", "AADT_26": "10810.2", "Tipe_Jb_26": null, "Lat_26": -8.71268, "Long_26": 116.26182, "Tgl_Ins_26": "5\/27\/2024", "Ket_26": null }, "geometry": { "type": "Point", "coordinates": [ 116.26182, -8.71268 ] } },
{ "type": "Feature", "properties": { "KDRUAS_UPD": "42031", "NOJBT_UPD": "42.031.001.B", "NM_RUAS_UP": "PRAYA - SP. PENUNJAK", "NM_JBT_UPD": "URIP B", "PROVINSI": "NUSA TENGGARA BARAT", "No_Prov_26": "42", "ID_Jbt_26": "4200357", "Kd_Ruas_26": "42031", "Suffix_26": null, "Nm_Ruas_26": "PRAYA - SP. PENUNJAK", "Lintas_26": "NON LINTAS", "No_Jbt_26": "42.031.001.B", "Nm_Jbt_26": "URIP B", "Status_26": "N", "Fungsi_26": "A", "Lks_Dr_26": "MTR", "Lks_km_26": 4463.0, "F_STA_26": "140", "Cadin_26": "LTH", "Pjg_Jbt_26": 7.0, "Btg_Pjg_26": 6.5, "Jml_Btg_26": "1", "Lb_Jl_Ms26": 6.56, "Lb_Jl_Kl26": 6.56, "Lb_Lalin26": 6.56, "Lb_Bh_Ki26": 0.25, "Lb_Bh_Ka26": 0.3, "Lb_Dr_Ki26": 0.0, "Lb_Dr_Ka26": 0.0, "Lb_Tr_Ki26": 1.3, "Lb_Tr_Ka26": 0.3, "Lb_TS_Ki26": 0.4, "Lb_TS_Ka26": 0.45, "Lb_Med_26": 1.6, "Lbr_Jbt_26": 11.16, "Bgn_Ats_26": "BTP", "Jns_Jbt_26": "STANDAR", "Thn_Bgn_26": "2014", "BA_26": "1", "LNT_26": "1", "BB_26": "0", "DAS_26": "0", "OP_26": "1", "UT_26": "2", "GR_26": "0", "LB_26": "0", "JBT_26": "2", "Tp_Lnts_26": "SUNGAI", "Dt_Lnts_26": "SUNGAI LURUS (STRAIGHT)", "Pnangnn_26": "RUTIN", "Pmriksn_26": "RUTIN", "Pnglola_26": "BPJN NUSA TENGGARA BARAT", "Satkr_ID26": "693914", "PPK_Name26": "PPK 1.1", "Traffic_26": null, "VCR_26": "0.2997", "AADT_26": "10810.2", "Tipe_Jb_26": null, "Lat_26": -8.71267, "Long_26": 116.26179, "Tgl_Ins_26": "5\/27\/2024", "Ket_26": null }, "geometry": { "type": "Point", "coordinates": [ 116.26179, -8.71267 ] } },
{ "type": "Feature", "properties": { "KDRUAS_UPD": "42032", "NOJBT_UPD": "42.032.001.A", "NM_RUAS_UP": "SP. PENUNJAK - TANAH AWU (BANDARA INTERNASIONAL LOMBOK)", "NM_JBT_UPD": "BATU JAI A", "PROVINSI": "NUSA TENGGARA BARAT", "No_Prov_26": "42", "ID_Jbt_26": "4200358", "Kd_Ruas_26": "42032", "Suffix_26": null, "Nm_Ruas_26": "SP. PENUNJAK - TANAH AWU (BANDARA INTERNASIONAL LOMBOK)", "Lintas_26": "NON LINTAS", "No_Jbt_26": "42.032.001.A", "Nm_Jbt_26": "BATU JAI A", "Status_26": "N", "Fungsi_26": "A", "Lks_Dr_26": "MTR", "Lks_km_26": 2963.0, "F_STA_26": "30", "Cadin_26": "LTH", "Pjg_Jbt_26": 8.0, "Btg_Pjg_26": 7.7, "Jml_Btg_26": "1", "Lb_Jl_Ms26": 7.56, "Lb_Jl_Kl26": 7.56, "Lb_Lalin26": 7.56, "Lb_Bh_Ki26": 0.25, "Lb_Bh_Ka26": 0.13, "Lb_Dr_Ki26": 0.0, "Lb_Dr_Ka26": 0.0, "Lb_Tr_Ki26": 0.0, "Lb_Tr_Ka26": 1.3, "Lb_TS_Ki26": 0.42, "Lb_TS_Ka26": 0.0, "Lb_Med_26": 2.0, "Lbr_Jbt_26": 11.66, "Bgn_Ats_26": "GTP", "Jns_Jbt_26": "STANDAR", "Thn_Bgn_26": "2011", "BA_26": "2", "LNT_26": "2", "BB_26": "2", "DAS_26": "2", "OP_26": "2", "UT_26": "0", "GR_26": "0", "LB_26": "0", "JBT_26": "2", "Tp_Lnts_26": "SUNGAI", "Dt_Lnts_26": "SUNGAI LURUS (STRAIGHT)", "Pnangnn_26": "RUTIN", "Pmriksn_26": "RUTIN", "Pnglola_26": "BPJN NUSA TENGGARA BARAT", "Satkr_ID26": "693914", "PPK_Name26": "PPK 1.1", "Traffic_26": null, "VCR_26": "0.2507", "AADT_26": "47090.4", "Tipe_Jb_26": null, "Lat_26": -8.73978, "Long_26": 116.24667, "Tgl_Ins_26": "6\/20\/2025", "Ket_26": null }, "geometry": { "type": "Point", "coordinates": [ 116.24667, -8.73978 ] } },
{ "type": "Feature", "properties": { "KDRUAS_UPD": "42032", "NOJBT_UPD": "42.032.001.B", "NM_RUAS_UP": "SP. PENUNJAK - TANAH AWU (BANDARA INTERNASIONAL LOMBOK)", "NM_JBT_UPD": "BATU JAI B", "PROVINSI": "NUSA TENGGARA BARAT", "No_Prov_26": "42", "ID_Jbt_26": "4200359", "Kd_Ruas_26": "42032", "Suffix_26": null, "Nm_Ruas_26": "SP. PENUNJAK - TANAH AWU (BANDARA INTERNASIONAL LOMBOK)", "Lintas_26": "NON LINTAS", "No_Jbt_26": "42.032.001.B", "Nm_Jbt_26": "BATU JAI B", "Status_26": "N", "Fungsi_26": "A", "Lks_Dr_26": "MTR", "Lks_km_26": 2963.0, "F_STA_26": "30", "Cadin_26": "LTH", "Pjg_Jbt_26": 8.0, "Btg_Pjg_26": 7.7, "Jml_Btg_26": "1", "Lb_Jl_Ms26": 7.46, "Lb_Jl_Kl26": 7.46, "Lb_Lalin26": 7.46, "Lb_Bh_Ki26": 0.25, "Lb_Bh_Ka26": 0.2, "Lb_Dr_Ki26": 0.0, "Lb_Dr_Ka26": 0.0, "Lb_Tr_Ki26": 1.35, "Lb_Tr_Ka26": 0.0, "Lb_TS_Ki26": 0.0, "Lb_TS_Ka26": 0.48, "Lb_Med_26": 2.0, "Lbr_Jbt_26": 11.74, "Bgn_Ats_26": "GTP", "Jns_Jbt_26": "STANDAR", "Thn_Bgn_26": "2011", "BA_26": "2", "LNT_26": "2", "BB_26": "2", "DAS_26": "2", "OP_26": "0", "UT_26": "0", "GR_26": "0", "LB_26": "0", "JBT_26": "2", "Tp_Lnts_26": "SUNGAI", "Dt_Lnts_26": "SUNGAI LURUS (STRAIGHT)", "Pnangnn_26": "RUTIN", "Pmriksn_26": "RUTIN", "Pnglola_26": "BPJN NUSA TENGGARA BARAT", "Satkr_ID26": "693914", "PPK_Name26": "PPK 1.1", "Traffic_26": null, "VCR_26": "0.2507", "AADT_26": "47090.4", "Tipe_Jb_26": null, "Lat_26": -8.73995, "Long_26": 116.24657, "Tgl_Ins_26": "6\/20\/2025", "Ket_26": null }, "geometry": { "type": "Point", "coordinates": [ 116.24657, -8.73995 ] } },
{ "type": "Feature", "properties": { "KDRUAS_UPD": "42032", "NOJBT_UPD": "42.032.002.A", "NM_RUAS_UP": "SP. PENUNJAK - TANAH AWU (BANDARA INTERNASIONAL LOMBOK)", "NM_JBT_UPD": "PENUJAK A", "PROVINSI": "NUSA TENGGARA BARAT", "No_Prov_26": "42", "ID_Jbt_26": "4200360", "Kd_Ruas_26": "42032", "Suffix_26": null, "Nm_Ruas_26": "SP. PENUNJAK - TANAH AWU (BANDARA INTERNASIONAL LOMBOK)", "Lintas_26": "NON LINTAS", "No_Jbt_26": "42.032.002.A", "Nm_Jbt_26": "PENUJAK A", "Status_26": "N", "Fungsi_26": "A", "Lks_Dr_26": "MTR", "Lks_km_26": 3008.0, "F_STA_26": "70", "Cadin_26": "LTH", "Pjg_Jbt_26": 62.0, "Btg_Pjg_26": 30.7, "Jml_Btg_26": "2", "Lb_Jl_Ms26": 6.61, "Lb_Jl_Kl26": 6.61, "Lb_Lalin26": 6.61, "Lb_Bh_Ki26": 0.23, "Lb_Bh_Ka26": 0.13, "Lb_Dr_Ki26": 0.0, "Lb_Dr_Ka26": 0.0, "Lb_Tr_Ki26": 1.0, "Lb_Tr_Ka26": 1.0, "Lb_TS_Ki26": 0.3, "Lb_TS_Ka26": 0.3, "Lb_Med_26": 0.0, "Lbr_Jbt_26": 9.57, "Bgn_Ats_26": "GPP", "Jns_Jbt_26": "STANDAR", "Thn_Bgn_26": "2011", "BA_26": "2", "LNT_26": "2", "BB_26": "1", "DAS_26": "1", "OP_26": "1", "UT_26": "0", "GR_26": "0", "LB_26": "0", "JBT_26": "2", "Tp_Lnts_26": "SUNGAI", "Dt_Lnts_26": "SUNGAI LURUS (STRAIGHT)", "Pnangnn_26": "RUTIN", "Pmriksn_26": "RUTIN", "Pnglola_26": "BPJN NUSA TENGGARA BARAT", "Satkr_ID26": "693914", "PPK_Name26": "PPK 1.1", "Traffic_26": null, "VCR_26": "0.2507", "AADT_26": "47090.4", "Tipe_Jb_26": null, "Lat_26": -8.74302, "Long_26": 116.24884, "Tgl_Ins_26": "6\/9\/2024", "Ket_26": null }, "geometry": { "type": "Point", "coordinates": [ 116.24884, -8.74302 ] } },
{ "type": "Feature", "properties": { "KDRUAS_UPD": "42032", "NOJBT_UPD": "42.032.002.B", "NM_RUAS_UP": "SP. PENUNJAK - TANAH AWU (BANDARA INTERNASIONAL LOMBOK)", "NM_JBT_UPD": "PENUJAK B", "PROVINSI": "NUSA TENGGARA BARAT", "No_Prov_26": "42", "ID_Jbt_26": "4200361", "Kd_Ruas_26": "42032", "Suffix_26": null, "Nm_Ruas_26": "SP. PENUNJAK - TANAH AWU (BANDARA INTERNASIONAL LOMBOK)", "Lintas_26": "NON LINTAS", "No_Jbt_26": "42.032.002.B", "Nm_Jbt_26": "PENUJAK B", "Status_26": "N", "Fungsi_26": "A", "Lks_Dr_26": "MTR", "Lks_km_26": 3008.0, "F_STA_26": "70", "Cadin_26": "LTH", "Pjg_Jbt_26": 62.0, "Btg_Pjg_26": 30.7, "Jml_Btg_26": "2", "Lb_Jl_Ms26": 6.51, "Lb_Jl_Kl26": 6.51, "Lb_Lalin26": 6.51, "Lb_Bh_Ki26": 0.25, "Lb_Bh_Ka26": 0.2, "Lb_Dr_Ki26": 0.0, "Lb_Dr_Ka26": 0.0, "Lb_Tr_Ki26": 1.0, "Lb_Tr_Ka26": 1.0, "Lb_TS_Ki26": 0.3, "Lb_TS_Ka26": 0.3, "Lb_Med_26": 0.0, "Lbr_Jbt_26": 9.56, "Bgn_Ats_26": "GPP", "Jns_Jbt_26": "STANDAR", "Thn_Bgn_26": "2010", "BA_26": "2", "LNT_26": "2", "BB_26": "1", "DAS_26": "1", "OP_26": "1", "UT_26": "0", "GR_26": "0", "LB_26": "0", "JBT_26": "2", "Tp_Lnts_26": "SUNGAI", "Dt_Lnts_26": "SUNGAI LURUS (STRAIGHT)", "Pnangnn_26": "RUTIN", "Pmriksn_26": "RUTIN", "Pnglola_26": "BPJN NUSA TENGGARA BARAT", "Satkr_ID26": "693914", "PPK_Name26": "PPK 1.1", "Traffic_26": null, "VCR_26": "0.2507", "AADT_26": "47090.4", "Tipe_Jb_26": null, "Lat_26": -8.743045, "Long_26": 116.24873, "Tgl_Ins_26": "6\/9\/2024", "Ket_26": null }, "geometry": { "type": "Point", "coordinates": [ 116.24873, -8.743045 ] } },
{ "type": "Feature", "properties": { "KDRUAS_UPD": "42034", "NOJBT_UPD": "42.034.004.0", "NM_RUAS_UP": "SENGKOL - KUTA", "NM_JBT_UPD": "LENGSER", "PROVINSI": "NUSA TENGGARA BARAT", "No_Prov_26": "42", "ID_Jbt_26": "4200366", "Kd_Ruas_26": "42034", "Suffix_26": null, "Nm_Ruas_26": "SENGKOL - KUTA", "Lintas_26": "NON LINTAS", "No_Jbt_26": "42.034.004.0", "Nm_Jbt_26": "LENGSER", "Status_26": "N", "Fungsi_26": "K1", "Lks_Dr_26": "MTR", "Lks_km_26": 4697.0, "F_STA_26": "830", "Cadin_26": "LTH", "Pjg_Jbt_26": 7.8, "Btg_Pjg_26": 3.5, "Jml_Btg_26": "2", "Lb_Jl_Ms26": 5.76, "Lb_Jl_Kl26": 5.76, "Lb_Lalin26": 5.76, "Lb_Bh_Ki26": 2.6, "Lb_Bh_Ka26": 2.0, "Lb_Dr_Ki26": 0.0, "Lb_Dr_Ka26": 0.0, "Lb_Tr_Ki26": 0.0, "Lb_Tr_Ka26": 0.0, "Lb_TS_Ki26": 0.4, "Lb_TS_Ka26": 0.4, "Lb_Med_26": 0.0, "Lbr_Jbt_26": 11.16, "Bgn_Ats_26": "PTP", "Jns_Jbt_26": "STANDAR", "Thn_Bgn_26": "1990", "BA_26": "1", "LNT_26": "0", "BB_26": "2", "DAS_26": "2", "OP_26": "2", "UT_26": "0", "GR_26": "0", "LB_26": "0", "JBT_26": "2", "Tp_Lnts_26": "SUNGAI", "Dt_Lnts_26": "SUNGAI LURUS (STRAIGHT)", "Pnangnn_26": "RUTIN", "Pmriksn_26": "RUTIN", "Pnglola_26": "BPJN NUSA TENGGARA BARAT", "Satkr_ID26": "693914", "PPK_Name26": "PPK 1.1", "Traffic_26": null, "VCR_26": "0.3484", "AADT_26": "5537.1", "Tipe_Jb_26": null, "Lat_26": -8.8707103729199996, "Long_26": 116.28089904799999, "Tgl_Ins_26": "6\/20\/2025", "Ket_26": null }, "geometry": { "type": "Point", "coordinates": [ 116.280899048, -8.87071037292 ] } },
{ "type": "Feature", "properties": { "KDRUAS_UPD": "42035", "NOJBT_UPD": "42.035.001.A", "NM_RUAS_UP": "GERUNG - KURIPAN", "NM_JBT_UPD": "KARANG RUMAK A", "PROVINSI": "NUSA TENGGARA BARAT", "No_Prov_26": "42", "ID_Jbt_26": "4200367", "Kd_Ruas_26": "42035", "Suffix_26": null, "Nm_Ruas_26": "GERUNG - KURIPAN", "Lintas_26": "NON LINTAS", "No_Jbt_26": "42.035.001.A", "Nm_Jbt_26": "KARANG RUMAK A", "Status_26": "N", "Fungsi_26": "A", "Lks_Dr_26": "MTR", "Lks_km_26": 1552.0, "F_STA_26": "230", "Cadin_26": "LBR", "Pjg_Jbt_26": 40.9, "Btg_Pjg_26": 40.7, "Jml_Btg_26": "1", "Lb_Jl_Ms26": 6.71, "Lb_Jl_Kl26": 6.71, "Lb_Lalin26": 6.71, "Lb_Bh_Ki26": 0.2, "Lb_Bh_Ka26": 0.17, "Lb_Dr_Ki26": 0.0, "Lb_Dr_Ka26": 0.0, "Lb_Tr_Ki26": 0.98, "Lb_Tr_Ka26": 1.0, "Lb_TS_Ki26": 0.3, "Lb_TS_Ka26": 0.3, "Lb_Med_26": 0.0, "Lbr_Jbt_26": 9.66, "Bgn_Ats_26": "GPP", "Jns_Jbt_26": "STANDAR", "Thn_Bgn_26": "2010", "BA_26": "2", "LNT_26": "2", "BB_26": "1", "DAS_26": "2", "OP_26": "2", "UT_26": "0", "GR_26": "0", "LB_26": "0", "JBT_26": "2", "Tp_Lnts_26": "SUNGAI", "Dt_Lnts_26": "SUNGAI LURUS (STRAIGHT)", "Pnangnn_26": "RUTIN", "Pmriksn_26": "RUTIN", "Pnglola_26": "BPJN NUSA TENGGARA BARAT", "Satkr_ID26": "693914", "PPK_Name26": "PPK 1.1", "Traffic_26": null, "VCR_26": "0.3283", "AADT_26": "12687.4", "Tipe_Jb_26": null, "Lat_26": -8.66362, "Long_26": 116.15093, "Tgl_Ins_26": "6\/11\/2024", "Ket_26": null }, "geometry": { "type": "Point", "coordinates": [ 116.15093, -8.66362 ] } },
{ "type": "Feature", "properties": { "KDRUAS_UPD": "42035", "NOJBT_UPD": "42.035.001.B", "NM_RUAS_UP": "GERUNG - KURIPAN", "NM_JBT_UPD": "KARANG RUMAK B", "PROVINSI": "NUSA TENGGARA BARAT", "No_Prov_26": "42", "ID_Jbt_26": "4200368", "Kd_Ruas_26": "42035", "Suffix_26": null, "Nm_Ruas_26": "GERUNG - KURIPAN", "Lintas_26": "NON LINTAS", "No_Jbt_26": "42.035.001.B", "Nm_Jbt_26": "KARANG RUMAK B", "Status_26": "N", "Fungsi_26": "A", "Lks_Dr_26": "MTR", "Lks_km_26": 1552.0, "F_STA_26": "230", "Cadin_26": "LBR", "Pjg_Jbt_26": 40.9, "Btg_Pjg_26": 40.7, "Jml_Btg_26": "1", "Lb_Jl_Ms26": 6.76, "Lb_Jl_Kl26": 6.76, "Lb_Lalin26": 6.76, "Lb_Bh_Ki26": 0.15, "Lb_Bh_Ka26": 0.1, "Lb_Dr_Ki26": 0.0, "Lb_Dr_Ka26": 0.0, "Lb_Tr_Ki26": 1.0, "Lb_Tr_Ka26": 1.2, "Lb_TS_Ki26": 0.3, "Lb_TS_Ka26": 0.3, "Lb_Med_26": 0.0, "Lbr_Jbt_26": 9.81, "Bgn_Ats_26": "GPP", "Jns_Jbt_26": "STANDAR", "Thn_Bgn_26": "2010", "BA_26": "2", "LNT_26": "2", "BB_26": "1", "DAS_26": "2", "OP_26": "1", "UT_26": "0", "GR_26": "1", "LB_26": "0", "JBT_26": "2", "Tp_Lnts_26": "SUNGAI", "Dt_Lnts_26": "SUNGAI LURUS (STRAIGHT)", "Pnangnn_26": "RUTIN", "Pmriksn_26": "RUTIN", "Pnglola_26": "BPJN NUSA TENGGARA BARAT", "Satkr_ID26": "693914", "PPK_Name26": "PPK 1.1", "Traffic_26": null, "VCR_26": "0.3283", "AADT_26": "12687.4", "Tipe_Jb_26": null, "Lat_26": -8.66373, "Long_26": 116.15087, "Tgl_Ins_26": "6\/11\/2024", "Ket_26": null }, "geometry": { "type": "Point", "coordinates": [ 116.15087, -8.66373 ] } },
{ "type": "Feature", "properties": { "KDRUAS_UPD": "42035", "NOJBT_UPD": "42.035.003.A", "NM_RUAS_UP": "GERUNG - KURIPAN", "NM_JBT_UPD": "KURIPAN A", "PROVINSI": "NUSA TENGGARA BARAT", "No_Prov_26": "42", "ID_Jbt_26": "4200371", "Kd_Ruas_26": "42035", "Suffix_26": null, "Nm_Ruas_26": "GERUNG - KURIPAN", "Lintas_26": "NON LINTAS", "No_Jbt_26": "42.035.003.A", "Nm_Jbt_26": "KURIPAN A", "Status_26": "N", "Fungsi_26": "A", "Lks_Dr_26": "MTR", "Lks_km_26": 165.0, "F_STA_26": "330", "Cadin_26": "LBR", "Pjg_Jbt_26": 6.1, "Btg_Pjg_26": 5.8, "Jml_Btg_26": "1", "Lb_Jl_Ms26": 7.26, "Lb_Jl_Kl26": 7.26, "Lb_Lalin26": 7.26, "Lb_Bh_Ki26": 2.7, "Lb_Bh_Ka26": 0.23, "Lb_Dr_Ki26": 0.0, "Lb_Dr_Ka26": 0.0, "Lb_Tr_Ki26": 0.0, "Lb_Tr_Ka26": 1.0, "Lb_TS_Ki26": 0.35, "Lb_TS_Ka26": 0.0, "Lb_Med_26": 2.0, "Lbr_Jbt_26": 13.54, "Bgn_Ats_26": "GTP", "Jns_Jbt_26": "STANDAR", "Thn_Bgn_26": "2007", "BA_26": "2", "LNT_26": "2", "BB_26": "2", "DAS_26": "2", "OP_26": "1", "UT_26": "0", "GR_26": "0", "LB_26": "0", "JBT_26": "2", "Tp_Lnts_26": "SUNGAI", "Dt_Lnts_26": "SUNGAI LURUS (STRAIGHT)", "Pnangnn_26": "RUTIN", "Pmriksn_26": "RUTIN", "Pnglola_26": "BPJN NUSA TENGGARA BARAT", "Satkr_ID26": "693914", "PPK_Name26": "PPK 1.1", "Traffic_26": null, "VCR_26": "0.3283", "AADT_26": "12687.4", "Tipe_Jb_26": null, "Lat_26": -8.66654, "Long_26": 116.15945, "Tgl_Ins_26": "6\/16\/2025", "Ket_26": null }, "geometry": { "type": "Point", "coordinates": [ 116.15945, -8.66654 ] } },
{ "type": "Feature", "properties": { "KDRUAS_UPD": "42035", "NOJBT_UPD": "42.035.003.B", "NM_RUAS_UP": "GERUNG - KURIPAN", "NM_JBT_UPD": "KURIPAN B", "PROVINSI": "NUSA TENGGARA BARAT", "No_Prov_26": "42", "ID_Jbt_26": "4200372", "Kd_Ruas_26": "42035", "Suffix_26": null, "Nm_Ruas_26": "GERUNG - KURIPAN", "Lintas_26": "NON LINTAS", "No_Jbt_26": "42.035.003.B", "Nm_Jbt_26": "KURIPAN B", "Status_26": "N", "Fungsi_26": "A", "Lks_Dr_26": "MTR", "Lks_km_26": 165.0, "F_STA_26": "330", "Cadin_26": "LBR", "Pjg_Jbt_26": 6.1, "Btg_Pjg_26": 5.8, "Jml_Btg_26": "1", "Lb_Jl_Ms26": 7.21, "Lb_Jl_Kl26": 7.21, "Lb_Lalin26": 7.21, "Lb_Bh_Ki26": 0.23, "Lb_Bh_Ka26": 2.2, "Lb_Dr_Ki26": 0.0, "Lb_Dr_Ka26": 0.0, "Lb_Tr_Ki26": 1.0, "Lb_Tr_Ka26": 0.0, "Lb_TS_Ki26": 0.0, "Lb_TS_Ka26": 0.4, "Lb_Med_26": 2.0, "Lbr_Jbt_26": 13.04, "Bgn_Ats_26": "GTP", "Jns_Jbt_26": "STANDAR", "Thn_Bgn_26": "2007", "BA_26": "2", "LNT_26": "2", "BB_26": "2", "DAS_26": "2", "OP_26": "1", "UT_26": "0", "GR_26": "0", "LB_26": "0", "JBT_26": "2", "Tp_Lnts_26": "SUNGAI", "Dt_Lnts_26": "SUNGAI LURUS (STRAIGHT)", "Pnangnn_26": "BERKALA", "Pmriksn_26": "DETAIL", "Pnglola_26": "BPJN NUSA TENGGARA BARAT", "Satkr_ID26": "693914", "PPK_Name26": "PPK 1.1", "Traffic_26": null, "VCR_26": "0.3283", "AADT_26": "12687.4", "Tipe_Jb_26": null, "Lat_26": -8.66669, "Long_26": 116.15951, "Tgl_Ins_26": "4\/30\/2026", "Ket_26": null }, "geometry": { "type": "Point", "coordinates": [ 116.15951, -8.66669 ] } },
{ "type": "Feature", "properties": { "KDRUAS_UPD": "42035", "NOJBT_UPD": "42.035.005.A", "NM_RUAS_UP": "GERUNG - KURIPAN", "NM_JBT_UPD": "KARANG TUMBUK A", "PROVINSI": "NUSA TENGGARA BARAT", "No_Prov_26": "42", "ID_Jbt_26": "4200375", "Kd_Ruas_26": "42035", "Suffix_26": null, "Nm_Ruas_26": "GERUNG - KURIPAN", "Lintas_26": "NON LINTAS", "No_Jbt_26": "42.035.005.A", "Nm_Jbt_26": "KARANG TUMBUK A", "Status_26": "N", "Fungsi_26": "A", "Lks_Dr_26": "MTR", "Lks_km_26": 1752.0, "F_STA_26": "430", "Cadin_26": "LBR", "Pjg_Jbt_26": 40.9, "Btg_Pjg_26": 40.7, "Jml_Btg_26": "1", "Lb_Jl_Ms26": 6.47, "Lb_Jl_Kl26": 6.47, "Lb_Lalin26": 6.71, "Lb_Bh_Ki26": 0.15, "Lb_Bh_Ka26": 0.15, "Lb_Dr_Ki26": 0.0, "Lb_Dr_Ka26": 0.0, "Lb_Tr_Ki26": 1.0, "Lb_Tr_Ka26": 1.0, "Lb_TS_Ki26": 0.3, "Lb_TS_Ka26": 0.3, "Lb_Med_26": 0.0, "Lbr_Jbt_26": 9.61, "Bgn_Ats_26": "GPP", "Jns_Jbt_26": "STANDAR", "Thn_Bgn_26": "2010", "BA_26": "2", "LNT_26": "2", "BB_26": "2", "DAS_26": "0", "OP_26": "1", "UT_26": "0", "GR_26": "1", "LB_26": "0", "JBT_26": "2", "Tp_Lnts_26": "SUNGAI", "Dt_Lnts_26": "SUNGAI LURUS (STRAIGHT)", "Pnangnn_26": "RUTIN", "Pmriksn_26": "RUTIN", "Pnglola_26": "BPJN NUSA TENGGARA BARAT", "Satkr_ID26": "693914", "PPK_Name26": "PPK 1.1", "Traffic_26": null, "VCR_26": "0.3283", "AADT_26": "12687.4", "Tipe_Jb_26": null, "Lat_26": -8.66908, "Long_26": 116.16812, "Tgl_Ins_26": "6\/11\/2024", "Ket_26": null }, "geometry": { "type": "Point", "coordinates": [ 116.16812, -8.66908 ] } },
{ "type": "Feature", "properties": { "KDRUAS_UPD": "42035", "NOJBT_UPD": "42.035.005.B", "NM_RUAS_UP": "GERUNG - KURIPAN", "NM_JBT_UPD": "KARANG TUMBUK B", "PROVINSI": "NUSA TENGGARA BARAT", "No_Prov_26": "42", "ID_Jbt_26": "4200376", "Kd_Ruas_26": "42035", "Suffix_26": null, "Nm_Ruas_26": "GERUNG - KURIPAN", "Lintas_26": "NON LINTAS", "No_Jbt_26": "42.035.005.B", "Nm_Jbt_26": "KARANG TUMBUK B", "Status_26": "N", "Fungsi_26": "A", "Lks_Dr_26": "MTR", "Lks_km_26": 1752.0, "F_STA_26": "430", "Cadin_26": "LBR", "Pjg_Jbt_26": 40.9, "Btg_Pjg_26": 40.7, "Jml_Btg_26": "1", "Lb_Jl_Ms26": 6.49, "Lb_Jl_Kl26": 6.49, "Lb_Lalin26": 6.49, "Lb_Bh_Ki26": 0.25, "Lb_Bh_Ka26": 0.25, "Lb_Dr_Ki26": 0.0, "Lb_Dr_Ka26": 0.0, "Lb_Tr_Ki26": 1.0, "Lb_Tr_Ka26": 1.0, "Lb_TS_Ki26": 0.3, "Lb_TS_Ka26": 0.3, "Lb_Med_26": 0.0, "Lbr_Jbt_26": 9.59, "Bgn_Ats_26": "GPP", "Jns_Jbt_26": "STANDAR", "Thn_Bgn_26": "2011", "BA_26": "2", "LNT_26": "2", "BB_26": "1", "DAS_26": "0", "OP_26": "1", "UT_26": "0", "GR_26": "0", "LB_26": "0", "JBT_26": "2", "Tp_Lnts_26": "SUNGAI", "Dt_Lnts_26": "SUNGAI LURUS (STRAIGHT)", "Pnangnn_26": "RUTIN", "Pmriksn_26": "RUTIN", "Pnglola_26": "BPJN NUSA TENGGARA BARAT", "Satkr_ID26": "693914", "PPK_Name26": "PPK 1.1", "Traffic_26": null, "VCR_26": "0.3283", "AADT_26": "12687.4", "Tipe_Jb_26": null, "Lat_26": -8.66916, "Long_26": 116.16811, "Tgl_Ins_26": "6\/11\/2024", "Ket_26": null }, "geometry": { "type": "Point", "coordinates": [ 116.16811, -8.66916 ] } },
{ "type": "Feature", "properties": { "KDRUAS_UPD": "42036", "NOJBT_UPD": "42.036.001.A", "NM_RUAS_UP": "KURIPAN - SULIN", "NM_JBT_UPD": "KARANG SULIN A", "PROVINSI": "NUSA TENGGARA BARAT", "No_Prov_26": "42", "ID_Jbt_26": "4200379", "Kd_Ruas_26": "42036", "Suffix_26": null, "Nm_Ruas_26": "KURIPAN - SULIN", "Lintas_26": "NON LINTAS", "No_Jbt_26": "42.036.001.A", "Nm_Jbt_26": "KARANG SULIN A", "Status_26": "N", "Fungsi_26": "A", "Lks_Dr_26": "MTR", "Lks_km_26": 1817.0, "F_STA_26": "0", "Cadin_26": "LTH", "Pjg_Jbt_26": 62.0, "Btg_Pjg_26": 30.7, "Jml_Btg_26": "2", "Lb_Jl_Ms26": 6.42, "Lb_Jl_Kl26": 6.42, "Lb_Lalin26": 6.42, "Lb_Bh_Ki26": 0.31, "Lb_Bh_Ka26": 0.39, "Lb_Dr_Ki26": 0.0, "Lb_Dr_Ka26": 0.0, "Lb_Tr_Ki26": 1.0, "Lb_Tr_Ka26": 1.0, "Lb_TS_Ki26": 0.3, "Lb_TS_Ka26": 0.3, "Lb_Med_26": 0.0, "Lbr_Jbt_26": 9.72, "Bgn_Ats_26": "GPP", "Jns_Jbt_26": "STANDAR", "Thn_Bgn_26": "2010", "BA_26": "2", "LNT_26": "2", "BB_26": "1", "DAS_26": "1", "OP_26": "2", "UT_26": "1", "GR_26": "0", "LB_26": "0", "JBT_26": "2", "Tp_Lnts_26": "SUNGAI", "Dt_Lnts_26": "SUNGAI BERKELOK (MEANDERING)", "Pnangnn_26": "RUTIN", "Pmriksn_26": "RUTIN", "Pnglola_26": "BPJN NUSA TENGGARA BARAT", "Satkr_ID26": "693914", "PPK_Name26": "PPK 1.1", "Traffic_26": null, "VCR_26": "0.2642", "AADT_26": "44646.5", "Tipe_Jb_26": null, "Lat_26": -8.67235, "Long_26": 116.17176, "Tgl_Ins_26": "6\/9\/2024", "Ket_26": null }, "geometry": { "type": "Point", "coordinates": [ 116.17176, -8.67235 ] } },
{ "type": "Feature", "properties": { "KDRUAS_UPD": "42036", "NOJBT_UPD": "42.036.001.B", "NM_RUAS_UP": "KURIPAN - SULIN", "NM_JBT_UPD": "KARANG SULIN B", "PROVINSI": "NUSA TENGGARA BARAT", "No_Prov_26": "42", "ID_Jbt_26": "4200380", "Kd_Ruas_26": "42036", "Suffix_26": null, "Nm_Ruas_26": "KURIPAN - SULIN", "Lintas_26": "NON LINTAS", "No_Jbt_26": "42.036.001.B", "Nm_Jbt_26": "KARANG SULIN B", "Status_26": "N", "Fungsi_26": "A", "Lks_Dr_26": "MTR", "Lks_km_26": 1817.0, "F_STA_26": "0", "Cadin_26": "LTH", "Pjg_Jbt_26": 62.0, "Btg_Pjg_26": 30.7, "Jml_Btg_26": "2", "Lb_Jl_Ms26": 6.58, "Lb_Jl_Kl26": 6.58, "Lb_Lalin26": 6.58, "Lb_Bh_Ki26": 0.27, "Lb_Bh_Ka26": 0.2, "Lb_Dr_Ki26": 0.0, "Lb_Dr_Ka26": 0.0, "Lb_Tr_Ki26": 1.0, "Lb_Tr_Ka26": 1.0, "Lb_TS_Ki26": 0.3, "Lb_TS_Ka26": 0.3, "Lb_Med_26": 0.0, "Lbr_Jbt_26": 9.65, "Bgn_Ats_26": "GPP", "Jns_Jbt_26": "STANDAR", "Thn_Bgn_26": "2011", "BA_26": "2", "LNT_26": "2", "BB_26": "1", "DAS_26": "1", "OP_26": "1", "UT_26": "0", "GR_26": "0", "LB_26": "0", "JBT_26": "2", "Tp_Lnts_26": "SUNGAI", "Dt_Lnts_26": "SUNGAI BERKELOK (MEANDERING)", "Pnangnn_26": "RUTIN", "Pmriksn_26": "RUTIN", "Pnglola_26": "BPJN NUSA TENGGARA BARAT", "Satkr_ID26": "693914", "PPK_Name26": "PPK 1.1", "Traffic_26": null, "VCR_26": "0.2642", "AADT_26": "44646.5", "Tipe_Jb_26": null, "Lat_26": -8.67236, "Long_26": 116.17163, "Tgl_Ins_26": "6\/9\/2024", "Ket_26": null }, "geometry": { "type": "Point", "coordinates": [ 116.17163, -8.67236 ] } },
{ "type": "Feature", "properties": { "KDRUAS_UPD": "42037", "NOJBT_UPD": "42.037.001.B", "NM_RUAS_UP": "SULIN - SP. PENUNJAK", "NM_JBT_UPD": "ONGGE B", "PROVINSI": "NUSA TENGGARA BARAT", "No_Prov_26": "42", "ID_Jbt_26": "4200381", "Kd_Ruas_26": "42037", "Suffix_26": null, "Nm_Ruas_26": "SULIN - SP. PENUNJAK", "Lintas_26": "NON LINTAS", "No_Jbt_26": "42.037.001.B", "Nm_Jbt_26": "ONGGE B", "Status_26": "N", "Fungsi_26": "A", "Lks_Dr_26": "MTR", "Lks_km_26": 2253.0, "F_STA_26": "160", "Cadin_26": "LTH", "Pjg_Jbt_26": 6.0, "Btg_Pjg_26": 5.7, "Jml_Btg_26": "1", "Lb_Jl_Ms26": 7.26, "Lb_Jl_Kl26": 7.26, "Lb_Lalin26": 7.26, "Lb_Bh_Ki26": 0.75, "Lb_Bh_Ka26": 0.8, "Lb_Dr_Ki26": 0.0, "Lb_Dr_Ka26": 0.0, "Lb_Tr_Ki26": 0.0, "Lb_Tr_Ka26": 0.0, "Lb_TS_Ki26": 0.47, "Lb_TS_Ka26": 0.45, "Lb_Med_26": 0.0, "Lbr_Jbt_26": 9.73, "Bgn_Ats_26": "GTP", "Jns_Jbt_26": "STANDAR", "Thn_Bgn_26": "2010", "BA_26": "2", "LNT_26": "2", "BB_26": "1", "DAS_26": "1", "OP_26": "1", "UT_26": "0", "GR_26": "0", "LB_26": "0", "JBT_26": "2", "Tp_Lnts_26": "SUNGAI", "Dt_Lnts_26": "SUNGAI LURUS (STRAIGHT)", "Pnangnn_26": "RUTIN", "Pmriksn_26": "RUTIN", "Pnglola_26": "BPJN NUSA TENGGARA BARAT", "Satkr_ID26": "693914", "PPK_Name26": "PPK 1.1", "Traffic_26": null, "VCR_26": "0.2054", "AADT_26": "38475", "Tipe_Jb_26": null, "Lat_26": -8.69653, "Long_26": 116.20003, "Tgl_Ins_26": "7\/3\/2024", "Ket_26": null }, "geometry": { "type": "Point", "coordinates": [ 116.20003, -8.69653 ] } },
{ "type": "Feature", "properties": { "KDRUAS_UPD": "42038", "NOJBT_UPD": "42.038.001.0", "NM_RUAS_UP": "SIMPANG NEGARA - TALIWANG", "NM_JBT_UPD": "KOKAR LIAN", "PROVINSI": "NUSA TENGGARA BARAT", "No_Prov_26": "42", "ID_Jbt_26": "4200384", "Kd_Ruas_26": "42038", "Suffix_26": null, "Nm_Ruas_26": "SIMPANG NEGARA - TALIWANG", "Lintas_26": "NON LINTAS", "No_Jbt_26": "42.038.001.0", "Nm_Jbt_26": "KOKAR LIAN", "Status_26": "N", "Fungsi_26": "A", "Lks_Dr_26": "SBW", "Lks_km_26": 857.0, "F_STA_26": "340", "Cadin_26": "SBR", "Pjg_Jbt_26": 15.9, "Btg_Pjg_26": 14.77, "Jml_Btg_26": "1", "Lb_Jl_Ms26": 6.25, "Lb_Jl_Kl26": 6.25, "Lb_Lalin26": 6.37, "Lb_Bh_Ki26": 0.2, "Lb_Bh_Ka26": 0.4, "Lb_Dr_Ki26": 0.1, "Lb_Dr_Ka26": 0.1, "Lb_Tr_Ki26": 0.97, "Lb_Tr_Ka26": 0.97, "Lb_TS_Ki26": 0.26, "Lb_TS_Ka26": 0.28, "Lb_Med_26": 0.0, "Lbr_Jbt_26": 9.65, "Bgn_Ats_26": "GTP", "Jns_Jbt_26": "STANDAR", "Thn_Bgn_26": "2011", "BA_26": "2", "LNT_26": "2", "BB_26": "0", "DAS_26": "0", "OP_26": "1", "UT_26": "0", "GR_26": "0", "LB_26": "0", "JBT_26": "2", "Tp_Lnts_26": "SUNGAI", "Dt_Lnts_26": "SUNGAI LURUS (STRAIGHT)", "Pnangnn_26": "RUTIN", "Pmriksn_26": "RUTIN", "Pnglola_26": "BPJN NUSA TENGGARA BARAT", "Satkr_ID26": "693915", "PPK_Name26": "PPK 2.1", "Traffic_26": null, "VCR_26": "0.3112", "AADT_26": "3904", "Tipe_Jb_26": null, "Lat_26": -8.5535802841200006, "Long_26": 116.87740325900002, "Tgl_Ins_26": "5\/14\/2024", "Ket_26": null }, "geometry": { "type": "Point", "coordinates": [ 116.877403259, -8.553580284120001 ] } },
{ "type": "Feature", "properties": { "KDRUAS_UPD": "42038", "NOJBT_UPD": "42.038.002.0", "NM_RUAS_UP": "SIMPANG NEGARA - TALIWANG", "NM_JBT_UPD": "KOKAR ATAK", "PROVINSI": "NUSA TENGGARA BARAT", "No_Prov_26": "42", "ID_Jbt_26": "4200385", "Kd_Ruas_26": "42038", "Suffix_26": null, "Nm_Ruas_26": "SIMPANG NEGARA - TALIWANG", "Lintas_26": "NON LINTAS", "No_Jbt_26": "42.038.002.0", "Nm_Jbt_26": "KOKAR ATAK", "Status_26": "N", "Fungsi_26": "A", "Lks_Dr_26": "SBW", "Lks_km_26": 918.0, "F_STA_26": "970", "Cadin_26": "SBR", "Pjg_Jbt_26": 16.0, "Btg_Pjg_26": 15.4, "Jml_Btg_26": "1", "Lb_Jl_Ms26": 5.93, "Lb_Jl_Kl26": 5.93, "Lb_Lalin26": 6.05, "Lb_Bh_Ki26": 0.28, "Lb_Bh_Ka26": 0.3, "Lb_Dr_Ki26": 0.31, "Lb_Dr_Ka26": 0.45, "Lb_Tr_Ki26": 1.19, "Lb_Tr_Ka26": 1.22, "Lb_TS_Ki26": 0.0, "Lb_TS_Ka26": 0.0, "Lb_Med_26": 0.0, "Lbr_Jbt_26": 9.8, "Bgn_Ats_26": "GTP", "Jns_Jbt_26": "STANDAR", "Thn_Bgn_26": "2008", "BA_26": "2", "LNT_26": "2", "BB_26": "1", "DAS_26": "1", "OP_26": "2", "UT_26": "0", "GR_26": "0", "LB_26": "0", "JBT_26": "2", "Tp_Lnts_26": "SUNGAI", "Dt_Lnts_26": "SUNGAI LURUS (STRAIGHT)", "Pnangnn_26": "RUTIN", "Pmriksn_26": "RUTIN", "Pnglola_26": "BPJN NUSA TENGGARA BARAT", "Satkr_ID26": "693915", "PPK_Name26": "PPK 2.1", "Traffic_26": null, "VCR_26": "0.3112", "AADT_26": "3904", "Tipe_Jb_26": null, "Lat_26": -8.5808401107800005, "Long_26": 116.84439086899998, "Tgl_Ins_26": "5\/14\/2024", "Ket_26": null }, "geometry": { "type": "Point", "coordinates": [ 116.844390869, -8.580840110780001 ] } },
{ "type": "Feature", "properties": { "KDRUAS_UPD": "42038", "NOJBT_UPD": "42.038.003.0", "NM_RUAS_UP": "SIMPANG NEGARA - TALIWANG", "NM_JBT_UPD": "TANAH LEKAT", "PROVINSI": "NUSA TENGGARA BARAT", "No_Prov_26": "42", "ID_Jbt_26": "4200386", "Kd_Ruas_26": "42038", "Suffix_26": null, "Nm_Ruas_26": "SIMPANG NEGARA - TALIWANG", "Lintas_26": "NON LINTAS", "No_Jbt_26": "42.038.003.0", "Nm_Jbt_26": "TANAH LEKAT", "Status_26": "N", "Fungsi_26": "A", "Lks_Dr_26": "SBW", "Lks_km_26": 921.0, "F_STA_26": "990", "Cadin_26": "SBR", "Pjg_Jbt_26": 7.0, "Btg_Pjg_26": 6.4, "Jml_Btg_26": "1", "Lb_Jl_Ms26": 5.11, "Lb_Jl_Kl26": 5.11, "Lb_Lalin26": 5.23, "Lb_Bh_Ki26": 0.38, "Lb_Bh_Ka26": 0.63, "Lb_Dr_Ki26": 0.51, "Lb_Dr_Ka26": 0.56, "Lb_Tr_Ki26": 0.48, "Lb_Tr_Ka26": 0.48, "Lb_TS_Ki26": 0.0, "Lb_TS_Ka26": 0.0, "Lb_Med_26": 0.0, "Lbr_Jbt_26": 8.27, "Bgn_Ats_26": "BTP", "Jns_Jbt_26": "STANDAR", "Thn_Bgn_26": "2018", "BA_26": "2", "LNT_26": "2", "BB_26": "0", "DAS_26": "0", "OP_26": "2", "UT_26": "0", "GR_26": "2", "LB_26": "0", "JBT_26": "2", "Tp_Lnts_26": "SUNGAI", "Dt_Lnts_26": "SUNGAI LURUS (STRAIGHT)", "Pnangnn_26": "RUTIN", "Pmriksn_26": "RUTIN", "Pnglola_26": "BPJN NUSA TENGGARA BARAT", "Satkr_ID26": "693915", "PPK_Name26": "PPK 2.1", "Traffic_26": null, "VCR_26": "0.3112", "AADT_26": "3904", "Tipe_Jb_26": null, "Lat_26": -8.5830698013299997, "Long_26": 116.84349822999998, "Tgl_Ins_26": "6\/27\/2025", "Ket_26": null }, "geometry": { "type": "Point", "coordinates": [ 116.84349823, -8.58306980133 ] } },
{ "type": "Feature", "properties": { "KDRUAS_UPD": "42038", "NOJBT_UPD": "42.038.004.0", "NM_RUAS_UP": "SIMPANG NEGARA - TALIWANG", "NM_JBT_UPD": "KOKAR KEMBAR I", "PROVINSI": "NUSA TENGGARA BARAT", "No_Prov_26": "42", "ID_Jbt_26": "4200387", "Kd_Ruas_26": "42038", "Suffix_26": null, "Nm_Ruas_26": "SIMPANG NEGARA - TALIWANG", "Lintas_26": "NON LINTAS", "No_Jbt_26": "42.038.004.0", "Nm_Jbt_26": "KOKAR KEMBAR I", "Status_26": "N", "Fungsi_26": "A", "Lks_Dr_26": "SBW", "Lks_km_26": 9315.0, "F_STA_26": "1140", "Cadin_26": "SBR", "Pjg_Jbt_26": 7.9, "Btg_Pjg_26": 7.6, "Jml_Btg_26": "1", "Lb_Jl_Ms26": 5.65, "Lb_Jl_Kl26": 5.65, "Lb_Lalin26": 5.77, "Lb_Bh_Ki26": 0.6, "Lb_Bh_Ka26": 0.29, "Lb_Dr_Ki26": 0.25, "Lb_Dr_Ka26": 0.35, "Lb_Tr_Ki26": 1.24, "Lb_Tr_Ka26": 1.23, "Lb_TS_Ki26": 0.0, "Lb_TS_Ka26": 0.0, "Lb_Med_26": 0.0, "Lbr_Jbt_26": 9.73, "Bgn_Ats_26": "GTP", "Jns_Jbt_26": "STANDAR", "Thn_Bgn_26": "2018", "BA_26": "2", "LNT_26": "2", "BB_26": "1", "DAS_26": "0", "OP_26": "2", "UT_26": "0", "GR_26": "0", "LB_26": "0", "JBT_26": "2", "Tp_Lnts_26": "SUNGAI", "Dt_Lnts_26": "SUNGAI LURUS (STRAIGHT)", "Pnangnn_26": "RUTIN", "Pmriksn_26": "RUTIN", "Pnglola_26": "BPJN NUSA TENGGARA BARAT", "Satkr_ID26": "693915", "PPK_Name26": "PPK 2.1", "Traffic_26": null, "VCR_26": "0.3112", "AADT_26": "3904", "Tipe_Jb_26": null, "Lat_26": -8.5955696106000001, "Long_26": 116.84130096399998, "Tgl_Ins_26": "5\/14\/2024", "Ket_26": null }, "geometry": { "type": "Point", "coordinates": [ 116.841300964, -8.5955696106 ] } },
{ "type": "Feature", "properties": { "KDRUAS_UPD": "42038", "NOJBT_UPD": "42.038.005.0", "NM_RUAS_UP": "SIMPANG NEGARA - TALIWANG", "NM_JBT_UPD": "KOKAR KEMBAR II", "PROVINSI": "NUSA TENGGARA BARAT", "No_Prov_26": "42", "ID_Jbt_26": "4200388", "Kd_Ruas_26": "42038", "Suffix_26": null, "Nm_Ruas_26": "SIMPANG NEGARA - TALIWANG", "Lintas_26": "NON LINTAS", "No_Jbt_26": "42.038.005.0", "Nm_Jbt_26": "KOKAR KEMBAR II", "Status_26": "N", "Fungsi_26": "A", "Lks_Dr_26": "SBW", "Lks_km_26": 949.0, "F_STA_26": "1270", "Cadin_26": "SBR", "Pjg_Jbt_26": 7.8, "Btg_Pjg_26": 7.55, "Jml_Btg_26": "1", "Lb_Jl_Ms26": 5.6, "Lb_Jl_Kl26": 5.6, "Lb_Lalin26": 5.72, "Lb_Bh_Ki26": 0.88, "Lb_Bh_Ka26": 0.41, "Lb_Dr_Ki26": 0.0, "Lb_Dr_Ka26": 0.35, "Lb_Tr_Ki26": 1.25, "Lb_Tr_Ka26": 1.26, "Lb_TS_Ki26": 0.0, "Lb_TS_Ka26": 0.0, "Lb_Med_26": 0.0, "Lbr_Jbt_26": 9.87, "Bgn_Ats_26": "GTP", "Jns_Jbt_26": "STANDAR", "Thn_Bgn_26": "2018", "BA_26": "2", "LNT_26": "2", "BB_26": "1", "DAS_26": "1", "OP_26": "2", "UT_26": "0", "GR_26": "0", "LB_26": "0", "JBT_26": "2", "Tp_Lnts_26": "SUNGAI", "Dt_Lnts_26": "SUNGAI LURUS (STRAIGHT)", "Pnangnn_26": "RUTIN", "Pmriksn_26": "RUTIN", "Pnglola_26": "BPJN NUSA TENGGARA BARAT", "Satkr_ID26": "693915", "PPK_Name26": "PPK 2.1", "Traffic_26": null, "VCR_26": "0.3112", "AADT_26": "3904", "Tipe_Jb_26": null, "Lat_26": -8.6058197021500007, "Long_26": 116.84718322800001, "Tgl_Ins_26": "6\/28\/2025", "Ket_26": null }, "geometry": { "type": "Point", "coordinates": [ 116.847183228, -8.605819702150001 ] } },
{ "type": "Feature", "properties": { "KDRUAS_UPD": "42038", "NOJBT_UPD": "42.038.007.0", "NM_RUAS_UP": "SIMPANG NEGARA - TALIWANG", "NM_JBT_UPD": "BRANG DOYAT", "PROVINSI": "NUSA TENGGARA BARAT", "No_Prov_26": "42", "ID_Jbt_26": "4200390", "Kd_Ruas_26": "42038", "Suffix_26": null, "Nm_Ruas_26": "SIMPANG NEGARA - TALIWANG", "Lintas_26": "NON LINTAS", "No_Jbt_26": "42.038.007.0", "Nm_Jbt_26": "BRANG DOYAT", "Status_26": "N", "Fungsi_26": "A", "Lks_Dr_26": "SBW", "Lks_km_26": 1004.0, "F_STA_26": "1830", "Cadin_26": "SBR", "Pjg_Jbt_26": 10.9, "Btg_Pjg_26": 10.75, "Jml_Btg_26": "1", "Lb_Jl_Ms26": 5.99, "Lb_Jl_Kl26": 5.99, "Lb_Lalin26": 6.11, "Lb_Bh_Ki26": 0.21, "Lb_Bh_Ka26": 0.35, "Lb_Dr_Ki26": 0.2, "Lb_Dr_Ka26": 0.35, "Lb_Tr_Ki26": 1.28, "Lb_Tr_Ka26": 1.29, "Lb_TS_Ki26": 0.0, "Lb_TS_Ka26": 0.0, "Lb_Med_26": 0.0, "Lbr_Jbt_26": 9.79, "Bgn_Ats_26": "GTP", "Jns_Jbt_26": "STANDAR", "Thn_Bgn_26": "1991", "BA_26": "2", "LNT_26": "2", "BB_26": "1", "DAS_26": "0", "OP_26": "2", "UT_26": "0", "GR_26": "0", "LB_26": "0", "JBT_26": "2", "Tp_Lnts_26": "SUNGAI", "Dt_Lnts_26": "SUNGAI LURUS (STRAIGHT)", "Pnangnn_26": "RUTIN", "Pmriksn_26": "RUTIN", "Pnglola_26": "BPJN NUSA TENGGARA BARAT", "Satkr_ID26": "693915", "PPK_Name26": "PPK 2.1", "Traffic_26": null, "VCR_26": "0.3112", "AADT_26": "3904", "Tipe_Jb_26": null, "Lat_26": -8.6434698104900001, "Long_26": 116.85542297400001, "Tgl_Ins_26": "6\/28\/2025", "Ket_26": null }, "geometry": { "type": "Point", "coordinates": [ 116.855422974, -8.64346981049 ] } },
{ "type": "Feature", "properties": { "KDRUAS_UPD": "42038", "NOJBT_UPD": "42.038.008.0", "NM_RUAS_UP": "SIMPANG NEGARA - TALIWANG", "NM_JBT_UPD": "KOKAR DOYAT", "PROVINSI": "NUSA TENGGARA BARAT", "No_Prov_26": "42", "ID_Jbt_26": "4200391", "Kd_Ruas_26": "42038", "Suffix_26": null, "Nm_Ruas_26": "SIMPANG NEGARA - TALIWANG", "Lintas_26": "NON LINTAS", "No_Jbt_26": "42.038.008.0", "Nm_Jbt_26": "KOKAR DOYAT", "Status_26": "N", "Fungsi_26": "A", "Lks_Dr_26": "SBW", "Lks_km_26": 1008.0, "F_STA_26": "1840", "Cadin_26": "SBR", "Pjg_Jbt_26": 6.0, "Btg_Pjg_26": 5.33, "Jml_Btg_26": "1", "Lb_Jl_Ms26": 6.22, "Lb_Jl_Kl26": 6.22, "Lb_Lalin26": 6.34, "Lb_Bh_Ki26": 0.37, "Lb_Bh_Ka26": 0.3, "Lb_Dr_Ki26": 0.0, "Lb_Dr_Ka26": 0.0, "Lb_Tr_Ki26": 0.95, "Lb_Tr_Ka26": 0.93, "Lb_TS_Ki26": 0.0, "Lb_TS_Ka26": 0.0, "Lb_Med_26": 0.0, "Lbr_Jbt_26": 8.89, "Bgn_Ats_26": "GTP", "Jns_Jbt_26": "STANDAR", "Thn_Bgn_26": "2006", "BA_26": "1", "LNT_26": "1", "BB_26": "2", "DAS_26": "0", "OP_26": "1", "UT_26": "0", "GR_26": "0", "LB_26": "0", "JBT_26": "2", "Tp_Lnts_26": "SUNGAI", "Dt_Lnts_26": "SUNGAI LURUS (STRAIGHT)", "Pnangnn_26": "RUTIN", "Pmriksn_26": "RUTIN", "Pnglola_26": "BPJN NUSA TENGGARA BARAT", "Satkr_ID26": "693915", "PPK_Name26": "PPK 2.1", "Traffic_26": null, "VCR_26": "0.3112", "AADT_26": "3904", "Tipe_Jb_26": null, "Lat_26": -8.6445798873899999, "Long_26": 116.855232239, "Tgl_Ins_26": "5\/15\/2024", "Ket_26": null }, "geometry": { "type": "Point", "coordinates": [ 116.855232239, -8.64457988739 ] } },
{ "type": "Feature", "properties": { "KDRUAS_UPD": "42038", "NOJBT_UPD": "42.038.009.0", "NM_RUAS_UP": "SIMPANG NEGARA - TALIWANG", "NM_JBT_UPD": "KOKAR LEPIT", "PROVINSI": "NUSA TENGGARA BARAT", "No_Prov_26": "42", "ID_Jbt_26": "4200392", "Kd_Ruas_26": "42038", "Suffix_26": null, "Nm_Ruas_26": "SIMPANG NEGARA - TALIWANG", "Lintas_26": "NON LINTAS", "No_Jbt_26": "42.038.009.0", "Nm_Jbt_26": "KOKAR LEPIT", "Status_26": "N", "Fungsi_26": "A", "Lks_Dr_26": "SBW", "Lks_km_26": 1026.0, "F_STA_26": "2050", "Cadin_26": "SBR", "Pjg_Jbt_26": 10.0, "Btg_Pjg_26": 9.66, "Jml_Btg_26": "1", "Lb_Jl_Ms26": 5.34, "Lb_Jl_Kl26": 5.34, "Lb_Lalin26": 5.46, "Lb_Bh_Ki26": 0.73, "Lb_Bh_Ka26": 0.6, "Lb_Dr_Ki26": 0.27, "Lb_Dr_Ka26": 0.27, "Lb_Tr_Ki26": 1.275, "Lb_Tr_Ka26": 1.3, "Lb_TS_Ki26": 0.0, "Lb_TS_Ka26": 0.0, "Lb_Med_26": 0.0, "Lbr_Jbt_26": 9.905, "Bgn_Ats_26": "GTP", "Jns_Jbt_26": "STANDAR", "Thn_Bgn_26": "1987", "BA_26": "2", "LNT_26": "2", "BB_26": "2", "DAS_26": "2", "OP_26": "0", "UT_26": "0", "GR_26": "0", "LB_26": "0", "JBT_26": "2", "Tp_Lnts_26": "SUNGAI", "Dt_Lnts_26": "SUNGAI LURUS (STRAIGHT)", "Pnangnn_26": "RUTIN", "Pmriksn_26": "RUTIN", "Pnglola_26": "BPJN NUSA TENGGARA BARAT", "Satkr_ID26": "693915", "PPK_Name26": "PPK 2.1", "Traffic_26": null, "VCR_26": "0.3112", "AADT_26": "3904", "Tipe_Jb_26": null, "Lat_26": -8.6596202850299999, "Long_26": 116.849868774, "Tgl_Ins_26": "6\/29\/2025", "Ket_26": null }, "geometry": { "type": "Point", "coordinates": [ 116.849868774, -8.65962028503 ] } },
{ "type": "Feature", "properties": { "KDRUAS_UPD": "42038", "NOJBT_UPD": "42.038.010.0", "NM_RUAS_UP": "SIMPANG NEGARA - TALIWANG", "NM_JBT_UPD": "BR.TALIWANG", "PROVINSI": "NUSA TENGGARA BARAT", "No_Prov_26": "42", "ID_Jbt_26": "4200393", "Kd_Ruas_26": "42038", "Suffix_26": null, "Nm_Ruas_26": "SIMPANG NEGARA - TALIWANG", "Lintas_26": "NON LINTAS", "No_Jbt_26": "42.038.010.0", "Nm_Jbt_26": "BR.TALIWANG", "Status_26": "N", "Fungsi_26": "A", "Lks_Dr_26": "SBW", "Lks_km_26": 1144.0, "F_STA_26": "3190", "Cadin_26": "SBR", "Pjg_Jbt_26": 72.9, "Btg_Pjg_26": 36.1, "Jml_Btg_26": "2", "Lb_Jl_Ms26": 4.98, "Lb_Jl_Kl26": 4.98, "Lb_Lalin26": 5.1, "Lb_Bh_Ki26": 0.21, "Lb_Bh_Ka26": 0.2, "Lb_Dr_Ki26": 0.21, "Lb_Dr_Ka26": 0.21, "Lb_Tr_Ki26": 0.49, "Lb_Tr_Ka26": 0.49, "Lb_TS_Ki26": 0.0, "Lb_TS_Ka26": 0.0, "Lb_Med_26": 0.0, "Lbr_Jbt_26": 6.91, "Bgn_Ats_26": "RBP", "Jns_Jbt_26": "STANDAR", "Thn_Bgn_26": "1989", "BA_26": "2", "LNT_26": "2", "BB_26": "0", "DAS_26": "1", "OP_26": "0", "UT_26": "0", "GR_26": "0", "LB_26": "0", "JBT_26": "2", "Tp_Lnts_26": "SUNGAI", "Dt_Lnts_26": "SUNGAI LURUS (STRAIGHT)", "Pnangnn_26": "RUTIN", "Pmriksn_26": "RUTIN", "Pnglola_26": "BPJN NUSA TENGGARA BARAT", "Satkr_ID26": "693915", "PPK_Name26": "PPK 2.1", "Traffic_26": null, "VCR_26": "0.3112", "AADT_26": "3904", "Tipe_Jb_26": null, "Lat_26": -8.7396602630599993, "Long_26": 116.84581756599998, "Tgl_Ins_26": "6\/29\/2025", "Ket_26": null }, "geometry": { "type": "Point", "coordinates": [ 116.845817566, -8.739660263059999 ] } },
{ "type": "Feature", "properties": { "KDRUAS_UPD": "42039", "NOJBT_UPD": "42.039.004.0", "NM_RUAS_UP": "TALIWANG - JEREWEH", "NM_JBT_UPD": "LALAR I", "PROVINSI": "NUSA TENGGARA BARAT", "No_Prov_26": "42", "ID_Jbt_26": "4200397", "Kd_Ruas_26": "42039", "Suffix_26": null, "Nm_Ruas_26": "TALIWANG - JEREWEH", "Lintas_26": "NON LINTAS", "No_Jbt_26": "42.039.004.0", "Nm_Jbt_26": "LALAR I", "Status_26": "N", "Fungsi_26": "A", "Lks_Dr_26": "SBW", "Lks_km_26": 1234.0, "F_STA_26": "890", "Cadin_26": "SBR", "Pjg_Jbt_26": 20.4, "Btg_Pjg_26": 20.06, "Jml_Btg_26": "1", "Lb_Jl_Ms26": 5.26, "Lb_Jl_Kl26": 5.26, "Lb_Lalin26": 5.38, "Lb_Bh_Ki26": 0.31, "Lb_Bh_Ka26": 0.31, "Lb_Dr_Ki26": 0.0, "Lb_Dr_Ka26": 0.0, "Lb_Tr_Ki26": 0.46, "Lb_Tr_Ka26": 0.46, "Lb_TS_Ki26": 0.0, "Lb_TS_Ka26": 0.0, "Lb_Med_26": 0.0, "Lbr_Jbt_26": 6.92, "Bgn_Ats_26": "GBP", "Jns_Jbt_26": "STANDAR", "Thn_Bgn_26": "1991", "BA_26": "2", "LNT_26": "2", "BB_26": "1", "DAS_26": "0", "OP_26": "2", "UT_26": "0", "GR_26": "0", "LB_26": "0", "JBT_26": "2", "Tp_Lnts_26": "SUNGAI", "Dt_Lnts_26": "SUNGAI LURUS (STRAIGHT)", "Pnangnn_26": "RUTIN", "Pmriksn_26": "RUTIN", "Pnglola_26": "BPJN NUSA TENGGARA BARAT", "Satkr_ID26": "693915", "PPK_Name26": "PPK 2.1", "Traffic_26": null, "VCR_26": "0.3263", "AADT_26": "4151.2", "Tipe_Jb_26": null, "Lat_26": -8.81595993042, "Long_26": 116.817298889, "Tgl_Ins_26": "6\/29\/2025", "Ket_26": null }, "geometry": { "type": "Point", "coordinates": [ 116.817298889, -8.81595993042 ] } },
{ "type": "Feature", "properties": { "KDRUAS_UPD": "42039", "NOJBT_UPD": "42.039.005.0", "NM_RUAS_UP": "TALIWANG - JEREWEH", "NM_JBT_UPD": "LALAR II", "PROVINSI": "NUSA TENGGARA BARAT", "No_Prov_26": "42", "ID_Jbt_26": "4200398", "Kd_Ruas_26": "42039", "Suffix_26": null, "Nm_Ruas_26": "TALIWANG - JEREWEH", "Lintas_26": "NON LINTAS", "No_Jbt_26": "42.039.005.0", "Nm_Jbt_26": "LALAR II", "Status_26": "N", "Fungsi_26": "A", "Lks_Dr_26": "SBW", "Lks_km_26": 1254.0, "F_STA_26": "990", "Cadin_26": "SBR", "Pjg_Jbt_26": 26.0, "Btg_Pjg_26": 25.7, "Jml_Btg_26": "1", "Lb_Jl_Ms26": 6.1, "Lb_Jl_Kl26": 6.1, "Lb_Lalin26": 6.22, "Lb_Bh_Ki26": 0.44, "Lb_Bh_Ka26": 0.26, "Lb_Dr_Ki26": 0.12, "Lb_Dr_Ka26": 0.21, "Lb_Tr_Ki26": 0.9, "Lb_Tr_Ka26": 0.94, "Lb_TS_Ki26": 0.28, "Lb_TS_Ka26": 0.28, "Lb_Med_26": 0.0, "Lbr_Jbt_26": 9.65, "Bgn_Ats_26": "GPP", "Jns_Jbt_26": "STANDAR", "Thn_Bgn_26": "2018", "BA_26": "1", "LNT_26": "1", "BB_26": "1", "DAS_26": "1", "OP_26": "0", "UT_26": "0", "GR_26": "0", "LB_26": "0", "JBT_26": "1", "Tp_Lnts_26": "SUNGAI", "Dt_Lnts_26": "SUNGAI LURUS (STRAIGHT)", "Pnangnn_26": "RUTIN", "Pmriksn_26": "RUTIN", "Pnglola_26": "BPJN NUSA TENGGARA BARAT", "Satkr_ID26": "693915", "PPK_Name26": "PPK 2.1", "Traffic_26": null, "VCR_26": "0.3263", "AADT_26": "4151.2", "Tipe_Jb_26": null, "Lat_26": -8.8247203826899998, "Long_26": 116.81816864, "Tgl_Ins_26": "5\/16\/2024", "Ket_26": null }, "geometry": { "type": "Point", "coordinates": [ 116.81816864, -8.82472038269 ] } },
{ "type": "Feature", "properties": { "KDRUAS_UPD": "42039", "NOJBT_UPD": "42.039.006.0", "NM_RUAS_UP": "TALIWANG - JEREWEH", "NM_JBT_UPD": "BRANG GOA (LR.IV)", "PROVINSI": "NUSA TENGGARA BARAT", "No_Prov_26": "42", "ID_Jbt_26": "4200399", "Kd_Ruas_26": "42039", "Suffix_26": null, "Nm_Ruas_26": "TALIWANG - JEREWEH", "Lintas_26": "NON LINTAS", "No_Jbt_26": "42.039.006.0", "Nm_Jbt_26": "BRANG GOA (LR.IV)", "Status_26": "N", "Fungsi_26": "A", "Lks_Dr_26": "SBW", "Lks_km_26": 128.0, "F_STA_26": "1240", "Cadin_26": "SBR", "Pjg_Jbt_26": 15.0, "Btg_Pjg_26": 14.5, "Jml_Btg_26": "1", "Lb_Jl_Ms26": 5.48, "Lb_Jl_Kl26": 5.48, "Lb_Lalin26": 5.6, "Lb_Bh_Ki26": 0.33, "Lb_Bh_Ka26": 0.36, "Lb_Dr_Ki26": 0.0, "Lb_Dr_Ka26": 0.0, "Lb_Tr_Ki26": 0.78, "Lb_Tr_Ka26": 0.77, "Lb_TS_Ki26": 0.0, "Lb_TS_Ka26": 0.0, "Lb_Med_26": 0.0, "Lbr_Jbt_26": 7.84, "Bgn_Ats_26": "GTP", "Jns_Jbt_26": "STANDAR", "Thn_Bgn_26": "1994", "BA_26": "2", "LNT_26": "2", "BB_26": "1", "DAS_26": "2", "OP_26": "2", "UT_26": "0", "GR_26": "0", "LB_26": "0", "JBT_26": "2", "Tp_Lnts_26": "SUNGAI", "Dt_Lnts_26": "SUNGAI LURUS (STRAIGHT)", "Pnangnn_26": "RUTIN", "Pmriksn_26": "RUTIN", "Pnglola_26": "BPJN NUSA TENGGARA BARAT", "Satkr_ID26": "693915", "PPK_Name26": "PPK 2.1", "Traffic_26": null, "VCR_26": "0.3263", "AADT_26": "4151.2", "Tipe_Jb_26": null, "Lat_26": -8.8456296920799993, "Long_26": 116.819969177, "Tgl_Ins_26": "6\/29\/2025", "Ket_26": null }, "geometry": { "type": "Point", "coordinates": [ 116.819969177, -8.845629692079999 ] } },
{ "type": "Feature", "properties": { "KDRUAS_UPD": "42040", "NOJBT_UPD": "42.040.001.0", "NM_RUAS_UP": "JEREWEH - BENETE (PELABUHAN)", "NM_JBT_UPD": "JEREWEH", "PROVINSI": "NUSA TENGGARA BARAT", "No_Prov_26": "42", "ID_Jbt_26": "4200400", "Kd_Ruas_26": "42040", "Suffix_26": null, "Nm_Ruas_26": "JEREWEH - BENETE (PELABUHAN)", "Lintas_26": "NON LINTAS", "No_Jbt_26": "42.040.001.0", "Nm_Jbt_26": "JEREWEH", "Status_26": "N", "Fungsi_26": "A", "Lks_Dr_26": "SBW", "Lks_km_26": 1299.0, "F_STA_26": "10", "Cadin_26": "SBR", "Pjg_Jbt_26": 40.0, "Btg_Pjg_26": 39.7, "Jml_Btg_26": "1", "Lb_Jl_Ms26": 6.13, "Lb_Jl_Kl26": 6.13, "Lb_Lalin26": 6.25, "Lb_Bh_Ki26": 0.18, "Lb_Bh_Ka26": 0.25, "Lb_Dr_Ki26": 0.2, "Lb_Dr_Ka26": 0.15, "Lb_Tr_Ki26": 1.0, "Lb_Tr_Ka26": 1.0, "Lb_TS_Ki26": 0.0, "Lb_TS_Ka26": 0.0, "Lb_Med_26": 0.0, "Lbr_Jbt_26": 9.03, "Bgn_Ats_26": "RBP", "Jns_Jbt_26": "STANDAR", "Thn_Bgn_26": "2008", "BA_26": "1", "LNT_26": "1", "BB_26": "0", "DAS_26": "1", "OP_26": "0", "UT_26": "0", "GR_26": "0", "LB_26": "0", "JBT_26": "1", "Tp_Lnts_26": "SUNGAI", "Dt_Lnts_26": "SUNGAI LURUS (STRAIGHT)", "Pnangnn_26": "RUTIN", "Pmriksn_26": "RUTIN", "Pnglola_26": "BPJN NUSA TENGGARA BARAT", "Satkr_ID26": "693915", "PPK_Name26": "PPK 2.1", "Traffic_26": null, "VCR_26": "0.2684", "AADT_26": "2600.2", "Tipe_Jb_26": null, "Lat_26": -8.8597097396900004, "Long_26": 116.82238006599999, "Tgl_Ins_26": "5\/16\/2024", "Ket_26": null }, "geometry": { "type": "Point", "coordinates": [ 116.822380066, -8.85970973969 ] } },
{ "type": "Feature", "properties": { "KDRUAS_UPD": "42040", "NOJBT_UPD": "42.040.002.0", "NM_RUAS_UP": "JEREWEH - BENETE (PELABUHAN)", "NM_JBT_UPD": "BRANG KODE", "PROVINSI": "NUSA TENGGARA BARAT", "No_Prov_26": "42", "ID_Jbt_26": "4200401", "Kd_Ruas_26": "42040", "Suffix_26": null, "Nm_Ruas_26": "JEREWEH - BENETE (PELABUHAN)", "Lintas_26": "NON LINTAS", "No_Jbt_26": "42.040.002.0", "Nm_Jbt_26": "BRANG KODE", "Status_26": "N", "Fungsi_26": "A", "Lks_Dr_26": "SBW", "Lks_km_26": 134.0, "F_STA_26": "410", "Cadin_26": "SBR", "Pjg_Jbt_26": 8.1, "Btg_Pjg_26": 7.6, "Jml_Btg_26": "1", "Lb_Jl_Ms26": 5.2, "Lb_Jl_Kl26": 5.2, "Lb_Lalin26": 5.32, "Lb_Bh_Ki26": 0.3, "Lb_Bh_Ka26": 0.2, "Lb_Dr_Ki26": 0.0, "Lb_Dr_Ka26": 0.0, "Lb_Tr_Ki26": 0.72, "Lb_Tr_Ka26": 0.8, "Lb_TS_Ki26": 0.27, "Lb_TS_Ka26": 0.26, "Lb_Med_26": 0.0, "Lbr_Jbt_26": 7.87, "Bgn_Ats_26": "GTP", "Jns_Jbt_26": "STANDAR", "Thn_Bgn_26": "1997", "BA_26": "2", "LNT_26": "2", "BB_26": "2", "DAS_26": "0", "OP_26": "2", "UT_26": "0", "GR_26": "0", "LB_26": "0", "JBT_26": "2", "Tp_Lnts_26": "SUNGAI", "Dt_Lnts_26": "SUNGAI LURUS (STRAIGHT)", "Pnangnn_26": "RUTIN", "Pmriksn_26": "RUTIN", "Pnglola_26": "BPJN NUSA TENGGARA BARAT", "Satkr_ID26": "693915", "PPK_Name26": "PPK 2.1", "Traffic_26": null, "VCR_26": "0.2684", "AADT_26": "2600.2", "Tipe_Jb_26": null, "Lat_26": -8.8748998641999997, "Long_26": 116.801811218, "Tgl_Ins_26": "5\/16\/2024", "Ket_26": null }, "geometry": { "type": "Point", "coordinates": [ 116.801811218, -8.8748998642 ] } },
{ "type": "Feature", "properties": { "KDRUAS_UPD": "42040", "NOJBT_UPD": "42.040.003.0", "NM_RUAS_UP": "JEREWEH - BENETE (PELABUHAN)", "NM_JBT_UPD": "BENETE I", "PROVINSI": "NUSA TENGGARA BARAT", "No_Prov_26": "42", "ID_Jbt_26": "4200402", "Kd_Ruas_26": "42040", "Suffix_26": null, "Nm_Ruas_26": "JEREWEH - BENETE (PELABUHAN)", "Lintas_26": "NON LINTAS", "No_Jbt_26": "42.040.003.0", "Nm_Jbt_26": "BENETE I", "Status_26": "N", "Fungsi_26": "A", "Lks_Dr_26": "SBW", "Lks_km_26": 1403.0, "F_STA_26": "1020", "Cadin_26": "SBR", "Pjg_Jbt_26": 8.0, "Btg_Pjg_26": 5.78, "Jml_Btg_26": "1", "Lb_Jl_Ms26": 5.07, "Lb_Jl_Kl26": 5.07, "Lb_Lalin26": 5.19, "Lb_Bh_Ki26": 0.2, "Lb_Bh_Ka26": 0.18, "Lb_Dr_Ki26": 0.0, "Lb_Dr_Ka26": 0.5, "Lb_Tr_Ki26": 0.99, "Lb_Tr_Ka26": 0.74, "Lb_TS_Ki26": 0.0, "Lb_TS_Ka26": 0.0, "Lb_Med_26": 0.0, "Lbr_Jbt_26": 7.8, "Bgn_Ats_26": "PTP", "Jns_Jbt_26": "STANDAR", "Thn_Bgn_26": "1994", "BA_26": "2", "LNT_26": "2", "BB_26": "2", "DAS_26": "0", "OP_26": "2", "UT_26": "0", "GR_26": "0", "LB_26": "0", "JBT_26": "2", "Tp_Lnts_26": "SUNGAI", "Dt_Lnts_26": "SUNGAI LURUS (STRAIGHT)", "Pnangnn_26": "RUTIN", "Pmriksn_26": "RUTIN", "Pnglola_26": "BPJN NUSA TENGGARA BARAT", "Satkr_ID26": "693915", "PPK_Name26": "PPK 2.1", "Traffic_26": null, "VCR_26": "0.2684", "AADT_26": "2600.2", "Tipe_Jb_26": null, "Lat_26": -8.8953695297199999, "Long_26": 116.77623748800001, "Tgl_Ins_26": "6\/29\/2025", "Ket_26": null }, "geometry": { "type": "Point", "coordinates": [ 116.776237488, -8.89536952972 ] } },
{ "type": "Feature", "properties": { "KDRUAS_UPD": "42040", "NOJBT_UPD": "42.040.004.0", "NM_RUAS_UP": "JEREWEH - BENETE (PELABUHAN)", "NM_JBT_UPD": "BENETE II", "PROVINSI": "NUSA TENGGARA BARAT", "No_Prov_26": "42", "ID_Jbt_26": "4200403", "Kd_Ruas_26": "42040", "Suffix_26": null, "Nm_Ruas_26": "JEREWEH - BENETE (PELABUHAN)", "Lintas_26": "NON LINTAS", "No_Jbt_26": "42.040.004.0", "Nm_Jbt_26": "BENETE II", "Status_26": "N", "Fungsi_26": "A", "Lks_Dr_26": "SBW", "Lks_km_26": 1414.0, "F_STA_26": "1140", "Cadin_26": "SBR", "Pjg_Jbt_26": 13.0, "Btg_Pjg_26": 12.5, "Jml_Btg_26": "1", "Lb_Jl_Ms26": 4.82, "Lb_Jl_Kl26": 4.82, "Lb_Lalin26": 4.94, "Lb_Bh_Ki26": 0.35, "Lb_Bh_Ka26": 0.44, "Lb_Dr_Ki26": 0.4, "Lb_Dr_Ka26": 0.6, "Lb_Tr_Ki26": 0.24, "Lb_Tr_Ka26": 0.23, "Lb_TS_Ki26": 0.26, "Lb_TS_Ka26": 0.27, "Lb_Med_26": 0.0, "Lbr_Jbt_26": 7.73, "Bgn_Ats_26": "GTP", "Jns_Jbt_26": "STANDAR", "Thn_Bgn_26": "1996", "BA_26": "2", "LNT_26": "2", "BB_26": "1", "DAS_26": "1", "OP_26": "0", "UT_26": "0", "GR_26": "0", "LB_26": "0", "JBT_26": "2", "Tp_Lnts_26": "SUNGAI", "Dt_Lnts_26": "SUNGAI LURUS (STRAIGHT)", "Pnangnn_26": "RUTIN", "Pmriksn_26": "RUTIN", "Pnglola_26": "BPJN NUSA TENGGARA BARAT", "Satkr_ID26": "693915", "PPK_Name26": "PPK 2.1", "Traffic_26": null, "VCR_26": "0.2684", "AADT_26": "2600.2", "Tipe_Jb_26": null, "Lat_26": -8.8933095931999997, "Long_26": 116.76653289799999, "Tgl_Ins_26": "6\/29\/2025", "Ket_26": null }, "geometry": { "type": "Point", "coordinates": [ 116.766532898, -8.8933095932 ] } },
{ "type": "Feature", "properties": { "KDRUAS_UPD": "42041", "NOJBT_UPD": "42.041.001.0", "NM_RUAS_UP": "MATARAM - GERUNG", "NM_JBT_UPD": "UNDER PASS I", "PROVINSI": "NUSA TENGGARA BARAT", "No_Prov_26": "42", "ID_Jbt_26": "4200008", "Kd_Ruas_26": "42041", "Suffix_26": null, "Nm_Ruas_26": "MATARAM - GERUNG", "Lintas_26": "NON LINTAS", "No_Jbt_26": "42.041.001.0", "Nm_Jbt_26": "UNDER PASS I", "Status_26": "N", "Fungsi_26": "A", "Lks_Dr_26": "MTR", "Lks_km_26": 117.0, "F_STA_26": "90", "Cadin_26": "KMR", "Pjg_Jbt_26": 11.4, "Btg_Pjg_26": 5.2, "Jml_Btg_26": "2", "Lb_Jl_Ms26": 13.8, "Lb_Jl_Kl26": 13.8, "Lb_Lalin26": 14.52, "Lb_Bh_Ki26": 0.55, "Lb_Bh_Ka26": 0.75, "Lb_Dr_Ki26": 0.0, "Lb_Dr_Ka26": 0.0, "Lb_Tr_Ki26": 0.8, "Lb_Tr_Ka26": 0.8, "Lb_TS_Ki26": 0.35, "Lb_TS_Ka26": 0.45, "Lb_Med_26": 3.9, "Lbr_Jbt_26": 22.12, "Bgn_Ats_26": "BTP", "Jns_Jbt_26": "STANDAR", "Thn_Bgn_26": "2015", "BA_26": "1", "LNT_26": "0", "BB_26": "0", "DAS_26": "0", "OP_26": "1", "UT_26": "2", "GR_26": "0", "LB_26": "0", "JBT_26": "2", "Tp_Lnts_26": "JALAN", "Dt_Lnts_26": "JALAN", "Pnangnn_26": "RUTIN", "Pmriksn_26": "RUTIN", "Pnglola_26": "BPJN NUSA TENGGARA BARAT", "Satkr_ID26": "693914", "PPK_Name26": "PPK 1.1", "Traffic_26": null, "VCR_26": "0.2178", "AADT_26": "62852.7", "Tipe_Jb_26": null, "Lat_26": -8.62795, "Long_26": 116.09872, "Tgl_Ins_26": "6\/9\/2024", "Ket_26": null }, "geometry": { "type": "Point", "coordinates": [ 116.09872, -8.62795 ] } },
{ "type": "Feature", "properties": { "KDRUAS_UPD": "42041", "NOJBT_UPD": "42.041.002.A", "NM_RUAS_UP": "MATARAM - GERUNG", "NM_JBT_UPD": "BANYU MULEK 3A", "PROVINSI": "NUSA TENGGARA BARAT", "No_Prov_26": "42", "ID_Jbt_26": "4200009", "Kd_Ruas_26": "42041", "Suffix_26": null, "Nm_Ruas_26": "MATARAM - GERUNG", "Lintas_26": "NON LINTAS", "No_Jbt_26": "42.041.002.A", "Nm_Jbt_26": "BANYU MULEK 3A", "Status_26": "N", "Fungsi_26": "A", "Lks_Dr_26": "MTR", "Lks_km_26": 119.0, "F_STA_26": "110", "Cadin_26": "LBR", "Pjg_Jbt_26": 12.8, "Btg_Pjg_26": 12.5, "Jml_Btg_26": "1", "Lb_Jl_Ms26": 12.18, "Lb_Jl_Kl26": 12.18, "Lb_Lalin26": 12.54, "Lb_Bh_Ki26": 0.64, "Lb_Bh_Ka26": 0.83, "Lb_Dr_Ki26": 0.0, "Lb_Dr_Ka26": 0.0, "Lb_Tr_Ki26": 1.63, "Lb_Tr_Ka26": 1.22, "Lb_TS_Ki26": 0.27, "Lb_TS_Ka26": 0.25, "Lb_Med_26": 1.3, "Lbr_Jbt_26": 18.68, "Bgn_Ats_26": "VPP", "Jns_Jbt_26": "STANDAR", "Thn_Bgn_26": "2014", "BA_26": "1", "LNT_26": "1", "BB_26": "2", "DAS_26": "1", "OP_26": "0", "UT_26": "0", "GR_26": "0", "LB_26": "0", "JBT_26": "2", "Tp_Lnts_26": "SUNGAI", "Dt_Lnts_26": "SUNGAI LURUS (STRAIGHT)", "Pnangnn_26": "RUTIN", "Pmriksn_26": "RUTIN", "Pnglola_26": "BPJN NUSA TENGGARA BARAT", "Satkr_ID26": "693914", "PPK_Name26": "PPK 1.1", "Traffic_26": null, "VCR_26": "0.2178", "AADT_26": "62852.7", "Tipe_Jb_26": null, "Lat_26": -8.62994, "Long_26": 116.09965, "Tgl_Ins_26": "6\/10\/2024", "Ket_26": null }, "geometry": { "type": "Point", "coordinates": [ 116.09965, -8.62994 ] } },
{ "type": "Feature", "properties": { "KDRUAS_UPD": "42041", "NOJBT_UPD": "42.041.002.B", "NM_RUAS_UP": "MATARAM - GERUNG", "NM_JBT_UPD": "BANYU MULEK 3B", "PROVINSI": "NUSA TENGGARA BARAT", "No_Prov_26": "42", "ID_Jbt_26": "4200010", "Kd_Ruas_26": "42041", "Suffix_26": null, "Nm_Ruas_26": "MATARAM - GERUNG", "Lintas_26": "NON LINTAS", "No_Jbt_26": "42.041.002.B", "Nm_Jbt_26": "BANYU MULEK 3B", "Status_26": "N", "Fungsi_26": "A", "Lks_Dr_26": "MTR", "Lks_km_26": 119.0, "F_STA_26": "110", "Cadin_26": "LBR", "Pjg_Jbt_26": 12.8, "Btg_Pjg_26": 12.5, "Jml_Btg_26": "1", "Lb_Jl_Ms26": 11.96, "Lb_Jl_Kl26": 11.96, "Lb_Lalin26": 12.32, "Lb_Bh_Ki26": 0.94, "Lb_Bh_Ka26": 0.59, "Lb_Dr_Ki26": 0.0, "Lb_Dr_Ka26": 0.0, "Lb_Tr_Ki26": 1.2, "Lb_Tr_Ka26": 1.5, "Lb_TS_Ki26": 0.3, "Lb_TS_Ka26": 0.3, "Lb_Med_26": 1.3, "Lbr_Jbt_26": 18.45, "Bgn_Ats_26": "VPP", "Jns_Jbt_26": "STANDAR", "Thn_Bgn_26": "2014", "BA_26": "1", "LNT_26": "1", "BB_26": "1", "DAS_26": "1", "OP_26": "1", "UT_26": "0", "GR_26": "0", "LB_26": "0", "JBT_26": "1", "Tp_Lnts_26": "SUNGAI", "Dt_Lnts_26": "SUNGAI LURUS (STRAIGHT)", "Pnangnn_26": "RUTIN", "Pmriksn_26": "RUTIN", "Pnglola_26": "BPJN NUSA TENGGARA BARAT", "Satkr_ID26": "693914", "PPK_Name26": "PPK 1.1", "Traffic_26": null, "VCR_26": "0.2178", "AADT_26": "62852.7", "Tipe_Jb_26": null, "Lat_26": -8.62985, "Long_26": 116.0995, "Tgl_Ins_26": "6\/10\/2024", "Ket_26": null }, "geometry": { "type": "Point", "coordinates": [ 116.0995, -8.62985 ] } },
{ "type": "Feature", "properties": { "KDRUAS_UPD": "42041", "NOJBT_UPD": "42.041.003.0", "NM_RUAS_UP": "MATARAM - GERUNG", "NM_JBT_UPD": "UNDER PASS II", "PROVINSI": "NUSA TENGGARA BARAT", "No_Prov_26": "42", "ID_Jbt_26": "4200011", "Kd_Ruas_26": "42041", "Suffix_26": null, "Nm_Ruas_26": "MATARAM - GERUNG", "Lintas_26": "NON LINTAS", "No_Jbt_26": "42.041.003.0", "Nm_Jbt_26": "UNDER PASS II", "Status_26": "N", "Fungsi_26": "A", "Lks_Dr_26": "MTR", "Lks_km_26": 126.0, "F_STA_26": "280", "Cadin_26": "LBR", "Pjg_Jbt_26": 12.1, "Btg_Pjg_26": 5.55, "Jml_Btg_26": "2", "Lb_Jl_Ms26": 13.12, "Lb_Jl_Kl26": 13.12, "Lb_Lalin26": 13.72, "Lb_Bh_Ki26": 0.5, "Lb_Bh_Ka26": 0.45, "Lb_Dr_Ki26": 0.0, "Lb_Dr_Ka26": 0.0, "Lb_Tr_Ki26": 0.75, "Lb_Tr_Ka26": 0.72, "Lb_TS_Ki26": 0.77, "Lb_TS_Ka26": 0.77, "Lb_Med_26": 3.2, "Lbr_Jbt_26": 20.88, "Bgn_Ats_26": "BTP", "Jns_Jbt_26": "STANDAR", "Thn_Bgn_26": "2014", "BA_26": "0", "LNT_26": "0", "BB_26": "0", "DAS_26": "0", "OP_26": "1", "UT_26": "1", "GR_26": "0", "LB_26": "0", "JBT_26": "1", "Tp_Lnts_26": "JALAN", "Dt_Lnts_26": "JALAN", "Pnangnn_26": "RUTIN", "Pmriksn_26": "RUTIN", "Pnglola_26": "BPJN NUSA TENGGARA BARAT", "Satkr_ID26": "693914", "PPK_Name26": "PPK 1.1", "Traffic_26": null, "VCR_26": "0.2178", "AADT_26": "62852.7", "Tipe_Jb_26": null, "Lat_26": -8.63985, "Long_26": 116.11057, "Tgl_Ins_26": "6\/10\/2024", "Ket_26": null }, "geometry": { "type": "Point", "coordinates": [ 116.11057, -8.63985 ] } },
{ "type": "Feature", "properties": { "KDRUAS_UPD": "42041", "NOJBT_UPD": "42.041.004.A", "NM_RUAS_UP": "MATARAM - GERUNG", "NM_JBT_UPD": "BANYU MULEK 2A", "PROVINSI": "NUSA TENGGARA BARAT", "No_Prov_26": "42", "ID_Jbt_26": "4200012", "Kd_Ruas_26": "42041", "Suffix_26": null, "Nm_Ruas_26": "MATARAM - GERUNG", "Lintas_26": "NON LINTAS", "No_Jbt_26": "42.041.004.A", "Nm_Jbt_26": "BANYU MULEK 2A", "Status_26": "N", "Fungsi_26": "A", "Lks_Dr_26": "MTR", "Lks_km_26": 127.0, "F_STA_26": "300", "Cadin_26": "LBR", "Pjg_Jbt_26": 120.0, "Btg_Pjg_26": 39.7, "Jml_Btg_26": "3", "Lb_Jl_Ms26": 12.19, "Lb_Jl_Kl26": 12.19, "Lb_Lalin26": 12.55, "Lb_Bh_Ki26": 0.76, "Lb_Bh_Ka26": 0.71, "Lb_Dr_Ki26": 0.0, "Lb_Dr_Ka26": 0.0, "Lb_Tr_Ki26": 1.0, "Lb_Tr_Ka26": 1.7, "Lb_TS_Ki26": 0.25, "Lb_TS_Ka26": 0.25, "Lb_Med_26": 1.25, "Lbr_Jbt_26": 18.47, "Bgn_Ats_26": "GPP", "Jns_Jbt_26": "STANDAR", "Thn_Bgn_26": "2014", "BA_26": "2", "LNT_26": "2", "BB_26": "2", "DAS_26": "0", "OP_26": "0", "UT_26": "0", "GR_26": "0", "LB_26": "0", "JBT_26": "2", "Tp_Lnts_26": "SUNGAI", "Dt_Lnts_26": "SUNGAI LURUS (STRAIGHT)", "Pnangnn_26": "RUTIN", "Pmriksn_26": "RUTIN", "Pnglola_26": "BPJN NUSA TENGGARA BARAT", "Satkr_ID26": "693914", "PPK_Name26": "PPK 1.1", "Traffic_26": null, "VCR_26": "0.2178", "AADT_26": "62852.7", "Tipe_Jb_26": null, "Lat_26": -8.6414, "Long_26": 116.11182, "Tgl_Ins_26": "6\/9\/2024", "Ket_26": null }, "geometry": { "type": "Point", "coordinates": [ 116.11182, -8.6414 ] } },
{ "type": "Feature", "properties": { "KDRUAS_UPD": "42041", "NOJBT_UPD": "42.041.004.B", "NM_RUAS_UP": "MATARAM - GERUNG", "NM_JBT_UPD": "BANYU MULEK 2B", "PROVINSI": "NUSA TENGGARA BARAT", "No_Prov_26": "42", "ID_Jbt_26": "4200013", "Kd_Ruas_26": "42041", "Suffix_26": null, "Nm_Ruas_26": "MATARAM - GERUNG", "Lintas_26": "NON LINTAS", "No_Jbt_26": "42.041.004.B", "Nm_Jbt_26": "BANYU MULEK 2B", "Status_26": "N", "Fungsi_26": "A", "Lks_Dr_26": "MTR", "Lks_km_26": 127.0, "F_STA_26": "300", "Cadin_26": "LBR", "Pjg_Jbt_26": 120.0, "Btg_Pjg_26": 39.7, "Jml_Btg_26": "3", "Lb_Jl_Ms26": 14.16, "Lb_Jl_Kl26": 14.16, "Lb_Lalin26": 14.16, "Lb_Bh_Ki26": 0.51, "Lb_Bh_Ka26": 0.42, "Lb_Dr_Ki26": 0.0, "Lb_Dr_Ka26": 0.0, "Lb_Tr_Ki26": 1.6, "Lb_Tr_Ka26": 0.9, "Lb_TS_Ki26": 0.25, "Lb_TS_Ka26": 0.3, "Lb_Med_26": 0.0, "Lbr_Jbt_26": 18.14, "Bgn_Ats_26": "GPP", "Jns_Jbt_26": "STANDAR", "Thn_Bgn_26": "2015", "BA_26": "2", "LNT_26": "2", "BB_26": "2", "DAS_26": "2", "OP_26": "1", "UT_26": "0", "GR_26": "0", "LB_26": "0", "JBT_26": "2", "Tp_Lnts_26": "SUNGAI", "Dt_Lnts_26": "SUNGAI LURUS (STRAIGHT)", "Pnangnn_26": "RUTIN", "Pmriksn_26": "RUTIN", "Pnglola_26": "BPJN NUSA TENGGARA BARAT", "Satkr_ID26": "693914", "PPK_Name26": "PPK 1.1", "Traffic_26": null, "VCR_26": "0.2178", "AADT_26": "62852.7", "Tipe_Jb_26": null, "Lat_26": -8.64151, "Long_26": 116.11169, "Tgl_Ins_26": "6\/15\/2025", "Ket_26": null }, "geometry": { "type": "Point", "coordinates": [ 116.11169, -8.64151 ] } },
{ "type": "Feature", "properties": { "KDRUAS_UPD": "42041", "NOJBT_UPD": "42.041.005.0", "NM_RUAS_UP": "MATARAM - GERUNG", "NM_JBT_UPD": "UNDER PASS III", "PROVINSI": "NUSA TENGGARA BARAT", "No_Prov_26": "42", "ID_Jbt_26": "4200014", "Kd_Ruas_26": "42041", "Suffix_26": null, "Nm_Ruas_26": "MATARAM - GERUNG", "Lintas_26": "NON LINTAS", "No_Jbt_26": "42.041.005.0", "Nm_Jbt_26": "UNDER PASS III", "Status_26": "N", "Fungsi_26": "A", "Lks_Dr_26": "MTR", "Lks_km_26": 134.0, "F_STA_26": "390", "Cadin_26": "LBR", "Pjg_Jbt_26": 12.4, "Btg_Pjg_26": 5.7, "Jml_Btg_26": "2", "Lb_Jl_Ms26": 14.17, "Lb_Jl_Kl26": 14.17, "Lb_Lalin26": 14.77, "Lb_Bh_Ki26": 0.9, "Lb_Bh_Ka26": 0.95, "Lb_Dr_Ki26": 0.0, "Lb_Dr_Ka26": 0.0, "Lb_Tr_Ki26": 0.75, "Lb_Tr_Ka26": 0.5, "Lb_TS_Ki26": 0.5, "Lb_TS_Ka26": 0.5, "Lb_Med_26": 4.0, "Lbr_Jbt_26": 22.87, "Bgn_Ats_26": "BTP", "Jns_Jbt_26": "STANDAR", "Thn_Bgn_26": "2014", "BA_26": "1", "LNT_26": "1", "BB_26": "0", "DAS_26": "0", "OP_26": "1", "UT_26": "1", "GR_26": "0", "LB_26": "0", "JBT_26": "1", "Tp_Lnts_26": "JALAN", "Dt_Lnts_26": "JALAN", "Pnangnn_26": "RUTIN", "Pmriksn_26": "RUTIN", "Pnglola_26": "BPJN NUSA TENGGARA BARAT", "Satkr_ID26": "693914", "PPK_Name26": "PPK 1.1", "Traffic_26": null, "VCR_26": "0.2178", "AADT_26": "62852.7", "Tipe_Jb_26": null, "Lat_26": -8.64823, "Long_26": 116.116, "Tgl_Ins_26": "6\/10\/2024", "Ket_26": null }, "geometry": { "type": "Point", "coordinates": [ 116.116, -8.64823 ] } },
{ "type": "Feature", "properties": { "KDRUAS_UPD": "42041", "NOJBT_UPD": "42.041.006.0", "NM_RUAS_UP": "MATARAM - GERUNG", "NM_JBT_UPD": "UNDER PASS IV", "PROVINSI": "NUSA TENGGARA BARAT", "No_Prov_26": "42", "ID_Jbt_26": "4200015", "Kd_Ruas_26": "42041", "Suffix_26": null, "Nm_Ruas_26": "MATARAM - GERUNG", "Lintas_26": "NON LINTAS", "No_Jbt_26": "42.041.006.0", "Nm_Jbt_26": "UNDER PASS IV", "Status_26": "N", "Fungsi_26": "A", "Lks_Dr_26": "MTR", "Lks_km_26": 134.0, "F_STA_26": "510", "Cadin_26": "LBR", "Pjg_Jbt_26": 11.6, "Btg_Pjg_26": 5.3, "Jml_Btg_26": "2", "Lb_Jl_Ms26": 14.01, "Lb_Jl_Kl26": 14.01, "Lb_Lalin26": 14.37, "Lb_Bh_Ki26": 1.07, "Lb_Bh_Ka26": 1.31, "Lb_Dr_Ki26": 0.0, "Lb_Dr_Ka26": 0.0, "Lb_Tr_Ki26": 0.85, "Lb_Tr_Ka26": 0.54, "Lb_TS_Ki26": 0.2, "Lb_TS_Ka26": 0.2, "Lb_Med_26": 4.0, "Lbr_Jbt_26": 22.54, "Bgn_Ats_26": "BTP", "Jns_Jbt_26": "STANDAR", "Thn_Bgn_26": "2014", "BA_26": "0", "LNT_26": "0", "BB_26": "0", "DAS_26": "0", "OP_26": "1", "UT_26": "1", "GR_26": "0", "LB_26": "0", "JBT_26": "1", "Tp_Lnts_26": "JALAN", "Dt_Lnts_26": "JALAN", "Pnangnn_26": "RUTIN", "Pmriksn_26": "RUTIN", "Pnglola_26": "BPJN NUSA TENGGARA BARAT", "Satkr_ID26": "693914", "PPK_Name26": "PPK 1.1", "Traffic_26": null, "VCR_26": "0.2178", "AADT_26": "62852.7", "Tipe_Jb_26": null, "Lat_26": -8.65895, "Long_26": 116.11587, "Tgl_Ins_26": "6\/10\/2024", "Ket_26": null }, "geometry": { "type": "Point", "coordinates": [ 116.11587, -8.65895 ] } },
{ "type": "Feature", "properties": { "KDRUAS_UPD": "42041", "NOJBT_UPD": "42.041.007.A", "NM_RUAS_UP": "MATARAM - GERUNG", "NM_JBT_UPD": "BANYU MULEK 1A", "PROVINSI": "NUSA TENGGARA BARAT", "No_Prov_26": "42", "ID_Jbt_26": "4200016", "Kd_Ruas_26": "42041", "Suffix_26": null, "Nm_Ruas_26": "MATARAM - GERUNG", "Lintas_26": "NON LINTAS", "No_Jbt_26": "42.041.007.A", "Nm_Jbt_26": "BANYU MULEK 1A", "Status_26": "N", "Fungsi_26": "A", "Lks_Dr_26": "MTR", "Lks_km_26": 157.0, "F_STA_26": "620", "Cadin_26": "LBR", "Pjg_Jbt_26": 30.0, "Btg_Pjg_26": 29.7, "Jml_Btg_26": "1", "Lb_Jl_Ms26": 12.02, "Lb_Jl_Kl26": 12.02, "Lb_Lalin26": 12.38, "Lb_Bh_Ki26": 0.64, "Lb_Bh_Ka26": 0.97, "Lb_Dr_Ki26": 0.0, "Lb_Dr_Ka26": 0.0, "Lb_Tr_Ki26": 1.9, "Lb_Tr_Ka26": 1.15, "Lb_TS_Ki26": 0.27, "Lb_TS_Ka26": 0.27, "Lb_Med_26": 1.25, "Lbr_Jbt_26": 18.83, "Bgn_Ats_26": "GPP", "Jns_Jbt_26": "STANDAR", "Thn_Bgn_26": "2014", "BA_26": "2", "LNT_26": "2", "BB_26": "1", "DAS_26": "0", "OP_26": "1", "UT_26": "0", "GR_26": "0", "LB_26": "0", "JBT_26": "2", "Tp_Lnts_26": "SUNGAI", "Dt_Lnts_26": "SUNGAI LURUS (STRAIGHT)", "Pnangnn_26": "RUTIN", "Pmriksn_26": "RUTIN", "Pnglola_26": "BPJN NUSA TENGGARA BARAT", "Satkr_ID26": "693914", "PPK_Name26": "PPK 1.1", "Traffic_26": null, "VCR_26": "0.2178", "AADT_26": "62852.7", "Tipe_Jb_26": null, "Lat_26": -8.66524, "Long_26": 116.12167, "Tgl_Ins_26": "6\/10\/2024", "Ket_26": null }, "geometry": { "type": "Point", "coordinates": [ 116.12167, -8.66524 ] } },
{ "type": "Feature", "properties": { "KDRUAS_UPD": "42041", "NOJBT_UPD": "42.041.007.B", "NM_RUAS_UP": "MATARAM - GERUNG", "NM_JBT_UPD": "BANYU MULEK 1B", "PROVINSI": "NUSA TENGGARA BARAT", "No_Prov_26": "42", "ID_Jbt_26": "4200017", "Kd_Ruas_26": "42041", "Suffix_26": null, "Nm_Ruas_26": "MATARAM - GERUNG", "Lintas_26": "NON LINTAS", "No_Jbt_26": "42.041.007.B", "Nm_Jbt_26": "BANYU MULEK 1B", "Status_26": "N", "Fungsi_26": "A", "Lks_Dr_26": "MTR", "Lks_km_26": 157.0, "F_STA_26": "620", "Cadin_26": "LBR", "Pjg_Jbt_26": 30.0, "Btg_Pjg_26": 29.7, "Jml_Btg_26": "1", "Lb_Jl_Ms26": 11.72, "Lb_Jl_Kl26": 11.72, "Lb_Lalin26": 12.32, "Lb_Bh_Ki26": 0.7, "Lb_Bh_Ka26": 0.4, "Lb_Dr_Ki26": 0.0, "Lb_Dr_Ka26": 0.0, "Lb_Tr_Ki26": 1.27, "Lb_Tr_Ka26": 1.98, "Lb_TS_Ki26": 0.3, "Lb_TS_Ka26": 0.3, "Lb_Med_26": 1.25, "Lbr_Jbt_26": 18.52, "Bgn_Ats_26": "GPP", "Jns_Jbt_26": "STANDAR", "Thn_Bgn_26": "2014", "BA_26": "2", "LNT_26": "2", "BB_26": "2", "DAS_26": "0", "OP_26": "1", "UT_26": "0", "GR_26": "0", "LB_26": "0", "JBT_26": "2", "Tp_Lnts_26": "SUNGAI", "Dt_Lnts_26": "SUNGAI LURUS (STRAIGHT)", "Pnangnn_26": "RUTIN", "Pmriksn_26": "RUTIN", "Pnglola_26": "BPJN NUSA TENGGARA BARAT", "Satkr_ID26": "693914", "PPK_Name26": "PPK 1.1", "Traffic_26": null, "VCR_26": "0.2178", "AADT_26": "62852.7", "Tipe_Jb_26": null, "Lat_26": -8.66536, "Long_26": 116.12164, "Tgl_Ins_26": "6\/16\/2024", "Ket_26": null }, "geometry": { "type": "Point", "coordinates": [ 116.12164, -8.66536 ] } },
{ "type": "Feature", "properties": { "KDRUAS_UPD": "42042", "NOJBT_UPD": "42.042.003.0", "NM_RUAS_UP": "AMPENAN - PAMENANG", "NM_JBT_UPD": "BATU LAYAR", "PROVINSI": "NUSA TENGGARA BARAT", "No_Prov_26": "42", "ID_Jbt_26": "4200406", "Kd_Ruas_26": "42042", "Suffix_26": null, "Nm_Ruas_26": "AMPENAN - PAMENANG", "Lintas_26": "NON LINTAS", "No_Jbt_26": "42.042.003.0", "Nm_Jbt_26": "BATU LAYAR", "Status_26": "N", "Fungsi_26": "K1", "Lks_Dr_26": "MTR", "Lks_km_26": 102.0, "F_STA_26": "400", "Cadin_26": "LBR", "Pjg_Jbt_26": 12.7, "Btg_Pjg_26": 12.2, "Jml_Btg_26": "1", "Lb_Jl_Ms26": 6.2, "Lb_Jl_Kl26": 6.0, "Lb_Lalin26": 5.61, "Lb_Bh_Ki26": 0.15, "Lb_Bh_Ka26": 0.2, "Lb_Dr_Ki26": 0.1, "Lb_Dr_Ka26": 0.1, "Lb_Tr_Ki26": 0.8, "Lb_Tr_Ka26": 0.87, "Lb_TS_Ki26": 0.0, "Lb_TS_Ka26": 0.0, "Lb_Med_26": 0.0, "Lbr_Jbt_26": 7.83, "Bgn_Ats_26": "GTP", "Jns_Jbt_26": "STANDAR", "Thn_Bgn_26": "1981", "BA_26": "2", "LNT_26": "2", "BB_26": "0", "DAS_26": "0", "OP_26": "2", "UT_26": "0", "GR_26": "0", "LB_26": "0", "JBT_26": "2", "Tp_Lnts_26": "SUNGAI", "Dt_Lnts_26": "SUNGAI LURUS (STRAIGHT)", "Pnangnn_26": "RUTIN", "Pmriksn_26": "RUTIN", "Pnglola_26": "BPJN NUSA TENGGARA BARAT", "Satkr_ID26": "693914", "PPK_Name26": "PPK 1.2", "Traffic_26": null, "VCR_26": "0.6323", "AADT_26": "8915.5", "Tipe_Jb_26": null, "Lat_26": -8.5186395645099999, "Long_26": 116.06333923299999, "Tgl_Ins_26": "5\/17\/2024", "Ket_26": null }, "geometry": { "type": "Point", "coordinates": [ 116.063339233, -8.51863956451 ] } },
{ "type": "Feature", "properties": { "KDRUAS_UPD": "42042", "NOJBT_UPD": "42.042.004.0", "NM_RUAS_UP": "AMPENAN - PAMENANG", "NM_JBT_UPD": "DUDUK", "PROVINSI": "NUSA TENGGARA BARAT", "No_Prov_26": "42", "ID_Jbt_26": "4200407", "Kd_Ruas_26": "42042", "Suffix_26": null, "Nm_Ruas_26": "AMPENAN - PAMENANG", "Lintas_26": "NON LINTAS", "No_Jbt_26": "42.042.004.0", "Nm_Jbt_26": "DUDUK", "Status_26": "N", "Fungsi_26": "K1", "Lks_Dr_26": "MTR", "Lks_km_26": 1145.0, "F_STA_26": "510", "Cadin_26": "LBR", "Pjg_Jbt_26": 11.5, "Btg_Pjg_26": 11.2, "Jml_Btg_26": "1", "Lb_Jl_Ms26": 6.25, "Lb_Jl_Kl26": 6.2, "Lb_Lalin26": 5.66, "Lb_Bh_Ki26": 0.2, "Lb_Bh_Ka26": 0.2, "Lb_Dr_Ki26": 0.1, "Lb_Dr_Ka26": 0.1, "Lb_Tr_Ki26": 0.8, "Lb_Tr_Ka26": 0.8, "Lb_TS_Ki26": 0.0, "Lb_TS_Ka26": 0.0, "Lb_Med_26": 0.0, "Lbr_Jbt_26": 7.86, "Bgn_Ats_26": "GTP", "Jns_Jbt_26": "STANDAR", "Thn_Bgn_26": "1980", "BA_26": "2", "LNT_26": "2", "BB_26": "1", "DAS_26": "1", "OP_26": "2", "UT_26": "0", "GR_26": "0", "LB_26": "0", "JBT_26": "2", "Tp_Lnts_26": "SUNGAI", "Dt_Lnts_26": "SUNGAI LURUS (STRAIGHT)", "Pnangnn_26": "RUTIN", "Pmriksn_26": "RUTIN", "Pnglola_26": "BPJN NUSA TENGGARA BARAT", "Satkr_ID26": "693914", "PPK_Name26": "PPK 1.2", "Traffic_26": null, "VCR_26": "0.6323", "AADT_26": "8915.5", "Tipe_Jb_26": null, "Lat_26": -8.5119495391799997, "Long_26": 116.06025695800001, "Tgl_Ins_26": "5\/21\/2024", "Ket_26": null }, "geometry": { "type": "Point", "coordinates": [ 116.060256958, -8.51194953918 ] } },
{ "type": "Feature", "properties": { "KDRUAS_UPD": "42042", "NOJBT_UPD": "42.042.005.0", "NM_RUAS_UP": "AMPENAN - PAMENANG", "NM_JBT_UPD": "BATU BOLONG", "PROVINSI": "NUSA TENGGARA BARAT", "No_Prov_26": "42", "ID_Jbt_26": "4200408", "Kd_Ruas_26": "42042", "Suffix_26": null, "Nm_Ruas_26": "AMPENAN - PAMENANG", "Lintas_26": "NON LINTAS", "No_Jbt_26": "42.042.005.0", "Nm_Jbt_26": "BATU BOLONG", "Status_26": "N", "Fungsi_26": "K1", "Lks_Dr_26": "MTR", "Lks_km_26": 121.0, "F_STA_26": "580", "Cadin_26": "LBR", "Pjg_Jbt_26": 16.0, "Btg_Pjg_26": 15.5, "Jml_Btg_26": "1", "Lb_Jl_Ms26": 6.96, "Lb_Jl_Kl26": 6.96, "Lb_Lalin26": 6.96, "Lb_Bh_Ki26": 0.1, "Lb_Bh_Ka26": 0.1, "Lb_Dr_Ki26": 0.1, "Lb_Dr_Ka26": 0.1, "Lb_Tr_Ki26": 1.3, "Lb_Tr_Ka26": 1.35, "Lb_TS_Ki26": 0.0, "Lb_TS_Ka26": 0.0, "Lb_Med_26": 0.0, "Lbr_Jbt_26": 10.01, "Bgn_Ats_26": "GTP", "Jns_Jbt_26": "STANDAR", "Thn_Bgn_26": "1996", "BA_26": "2", "LNT_26": "2", "BB_26": "2", "DAS_26": "2", "OP_26": "2", "UT_26": "0", "GR_26": "0", "LB_26": "0", "JBT_26": "2", "Tp_Lnts_26": "SUNGAI", "Dt_Lnts_26": "SUNGAI LURUS (STRAIGHT)", "Pnangnn_26": "RUTIN", "Pmriksn_26": "RUTIN", "Pnglola_26": "BPJN NUSA TENGGARA BARAT", "Satkr_ID26": "693914", "PPK_Name26": "PPK 1.2", "Traffic_26": null, "VCR_26": "0.6323", "AADT_26": "8915.5", "Tipe_Jb_26": null, "Lat_26": -8.5074100494400007, "Long_26": 116.05732727100001, "Tgl_Ins_26": "5\/21\/2024", "Ket_26": null }, "geometry": { "type": "Point", "coordinates": [ 116.057327271, -8.507410049440001 ] } },
{ "type": "Feature", "properties": { "KDRUAS_UPD": "42042", "NOJBT_UPD": "42.042.007.0", "NM_RUAS_UP": "AMPENAN - PAMENANG", "NM_JBT_UPD": "SENGGIGI II", "PROVINSI": "NUSA TENGGARA BARAT", "No_Prov_26": "42", "ID_Jbt_26": "4200410", "Kd_Ruas_26": "42042", "Suffix_26": null, "Nm_Ruas_26": "AMPENAN - PAMENANG", "Lintas_26": "NON LINTAS", "No_Jbt_26": "42.042.007.0", "Nm_Jbt_26": "SENGGIGI II", "Status_26": "N", "Fungsi_26": "K1", "Lks_Dr_26": "MTR", "Lks_km_26": 139.0, "F_STA_26": "760", "Cadin_26": "LBR", "Pjg_Jbt_26": 10.0, "Btg_Pjg_26": 4.8, "Jml_Btg_26": "2", "Lb_Jl_Ms26": 11.81, "Lb_Jl_Kl26": 11.81, "Lb_Lalin26": 11.81, "Lb_Bh_Ki26": 0.15, "Lb_Bh_Ka26": 0.1, "Lb_Dr_Ki26": 0.15, "Lb_Dr_Ka26": 0.15, "Lb_Tr_Ki26": 1.0, "Lb_Tr_Ka26": 1.0, "Lb_TS_Ki26": 0.0, "Lb_TS_Ka26": 0.0, "Lb_Med_26": 0.0, "Lbr_Jbt_26": 14.36, "Bgn_Ats_26": "ETP", "Jns_Jbt_26": "STANDAR", "Thn_Bgn_26": "1989", "BA_26": "2", "LNT_26": "2", "BB_26": "2", "DAS_26": "2", "OP_26": "2", "UT_26": "0", "GR_26": "0", "LB_26": "0", "JBT_26": "2", "Tp_Lnts_26": "SUNGAI", "Dt_Lnts_26": "SUNGAI LURUS (STRAIGHT)", "Pnangnn_26": "RUTIN", "Pmriksn_26": "RUTIN", "Pnglola_26": "BPJN NUSA TENGGARA BARAT", "Satkr_ID26": "693914", "PPK_Name26": "PPK 1.2", "Traffic_26": null, "VCR_26": "0.6323", "AADT_26": "8915.5", "Tipe_Jb_26": null, "Lat_26": -8.4965000152600005, "Long_26": 116.04815673799999, "Tgl_Ins_26": "5\/22\/2024", "Ket_26": null }, "geometry": { "type": "Point", "coordinates": [ 116.048156738, -8.496500015260001 ] } },
{ "type": "Feature", "properties": { "KDRUAS_UPD": "42042", "NOJBT_UPD": "42.042.008.0", "NM_RUAS_UP": "AMPENAN - PAMENANG", "NM_JBT_UPD": "KERANDANGAN", "PROVINSI": "NUSA TENGGARA BARAT", "No_Prov_26": "42", "ID_Jbt_26": "4200411", "Kd_Ruas_26": "42042", "Suffix_26": null, "Nm_Ruas_26": "AMPENAN - PAMENANG", "Lintas_26": "NON LINTAS", "No_Jbt_26": "42.042.008.0", "Nm_Jbt_26": "KERANDANGAN", "Status_26": "N", "Fungsi_26": "K1", "Lks_Dr_26": "MTR", "Lks_km_26": 163.0, "F_STA_26": "990", "Cadin_26": "LBR", "Pjg_Jbt_26": 11.6, "Btg_Pjg_26": 10.7, "Jml_Btg_26": "1", "Lb_Jl_Ms26": 6.3, "Lb_Jl_Kl26": 6.24, "Lb_Lalin26": 6.06, "Lb_Bh_Ki26": 0.1, "Lb_Bh_Ka26": 0.1, "Lb_Dr_Ki26": 0.15, "Lb_Dr_Ka26": 0.1, "Lb_Tr_Ki26": 0.7, "Lb_Tr_Ka26": 0.7, "Lb_TS_Ki26": 0.0, "Lb_TS_Ka26": 0.0, "Lb_Med_26": 0.0, "Lbr_Jbt_26": 7.91, "Bgn_Ats_26": "GTP", "Jns_Jbt_26": "STANDAR", "Thn_Bgn_26": "1995", "BA_26": "2", "LNT_26": "2", "BB_26": "2", "DAS_26": "1", "OP_26": "2", "UT_26": "0", "GR_26": "0", "LB_26": "0", "JBT_26": "2", "Tp_Lnts_26": "SUNGAI", "Dt_Lnts_26": "SUNGAI LURUS (STRAIGHT)", "Pnangnn_26": "RUTIN", "Pmriksn_26": "RUTIN", "Pnglola_26": "BPJN NUSA TENGGARA BARAT", "Satkr_ID26": "693914", "PPK_Name26": "PPK 1.2", "Traffic_26": null, "VCR_26": "0.6323", "AADT_26": "8915.5", "Tipe_Jb_26": null, "Lat_26": -8.4878501892100005, "Long_26": 116.03987121599999, "Tgl_Ins_26": "5\/22\/2024", "Ket_26": null }, "geometry": { "type": "Point", "coordinates": [ 116.039871216, -8.48785018921 ] } },
{ "type": "Feature", "properties": { "KDRUAS_UPD": "42042", "NOJBT_UPD": "42.042.009.0", "NM_RUAS_UP": "AMPENAN - PAMENANG", "NM_JBT_UPD": "MANGSIT", "PROVINSI": "NUSA TENGGARA BARAT", "No_Prov_26": "42", "ID_Jbt_26": "4200412", "Kd_Ruas_26": "42042", "Suffix_26": null, "Nm_Ruas_26": "AMPENAN - PAMENANG", "Lintas_26": "NON LINTAS", "No_Jbt_26": "42.042.009.0", "Nm_Jbt_26": "MANGSIT", "Status_26": "N", "Fungsi_26": "K1", "Lks_Dr_26": "MTR", "Lks_km_26": 1795.0, "F_STA_26": "1160", "Cadin_26": "LBR", "Pjg_Jbt_26": 7.8, "Btg_Pjg_26": 7.3, "Jml_Btg_26": "1", "Lb_Jl_Ms26": 6.4, "Lb_Jl_Kl26": 6.25, "Lb_Lalin26": 5.78, "Lb_Bh_Ki26": 0.15, "Lb_Bh_Ka26": 0.15, "Lb_Dr_Ki26": 0.05, "Lb_Dr_Ka26": 0.1, "Lb_Tr_Ki26": 0.8, "Lb_Tr_Ka26": 0.9, "Lb_TS_Ki26": 0.0, "Lb_TS_Ka26": 0.0, "Lb_Med_26": 0.0, "Lbr_Jbt_26": 7.93, "Bgn_Ats_26": "GTP", "Jns_Jbt_26": "STANDAR", "Thn_Bgn_26": "1990", "BA_26": "2", "LNT_26": "2", "BB_26": "2", "DAS_26": "2", "OP_26": "1", "UT_26": "0", "GR_26": "0", "LB_26": "0", "JBT_26": "2", "Tp_Lnts_26": "SUNGAI", "Dt_Lnts_26": "SUNGAI LURUS (STRAIGHT)", "Pnangnn_26": "RUTIN", "Pmriksn_26": "RUTIN", "Pnglola_26": "BPJN NUSA TENGGARA BARAT", "Satkr_ID26": "693914", "PPK_Name26": "PPK 1.2", "Traffic_26": null, "VCR_26": "0.6323", "AADT_26": "8915.5", "Tipe_Jb_26": null, "Lat_26": -8.4761800766000004, "Long_26": 116.038963318, "Tgl_Ins_26": "5\/22\/2024", "Ket_26": null }, "geometry": { "type": "Point", "coordinates": [ 116.038963318, -8.4761800766 ] } },
{ "type": "Feature", "properties": { "KDRUAS_UPD": "42042", "NOJBT_UPD": "42.042.010.0", "NM_RUAS_UP": "AMPENAN - PAMENANG", "NM_JBT_UPD": "MANGKOK LEPANG", "PROVINSI": "NUSA TENGGARA BARAT", "No_Prov_26": "42", "ID_Jbt_26": "4200413", "Kd_Ruas_26": "42042", "Suffix_26": null, "Nm_Ruas_26": "AMPENAN - PAMENANG", "Lintas_26": "NON LINTAS", "No_Jbt_26": "42.042.010.0", "Nm_Jbt_26": "MANGKOK LEPANG", "Status_26": "N", "Fungsi_26": "K1", "Lks_Dr_26": "MTR", "Lks_km_26": 192.0, "F_STA_26": "1280", "Cadin_26": "LBR", "Pjg_Jbt_26": 6.0, "Btg_Pjg_26": 5.25, "Jml_Btg_26": "1", "Lb_Jl_Ms26": 5.39, "Lb_Jl_Kl26": 5.39, "Lb_Lalin26": 5.39, "Lb_Bh_Ki26": 0.4, "Lb_Bh_Ka26": 0.25, "Lb_Dr_Ki26": 0.1, "Lb_Dr_Ka26": 0.1, "Lb_Tr_Ki26": 0.8, "Lb_Tr_Ka26": 0.8, "Lb_TS_Ki26": 0.0, "Lb_TS_Ka26": 0.0, "Lb_Med_26": 0.0, "Lbr_Jbt_26": 7.84, "Bgn_Ats_26": "PTP", "Jns_Jbt_26": "STANDAR", "Thn_Bgn_26": "1988", "BA_26": "2", "LNT_26": "2", "BB_26": "2", "DAS_26": "2", "OP_26": "1", "UT_26": "0", "GR_26": "0", "LB_26": "0", "JBT_26": "2", "Tp_Lnts_26": "SUNGAI", "Dt_Lnts_26": "SUNGAI BERKELOK (MEANDERING)", "Pnangnn_26": "RUTIN", "Pmriksn_26": "RUTIN", "Pnglola_26": "BPJN NUSA TENGGARA BARAT", "Satkr_ID26": "693914", "PPK_Name26": "PPK 1.2", "Traffic_26": null, "VCR_26": "0.6323", "AADT_26": "8915.5", "Tipe_Jb_26": null, "Lat_26": -8.4667701721200004, "Long_26": 116.03832244899999, "Tgl_Ins_26": "5\/24\/2024", "Ket_26": null }, "geometry": { "type": "Point", "coordinates": [ 116.038322449, -8.46677017212 ] } },
{ "type": "Feature", "properties": { "KDRUAS_UPD": "42042", "NOJBT_UPD": "42.042.011.0", "NM_RUAS_UP": "AMPENAN - PAMENANG", "NM_JBT_UPD": "LENDANG LUAR", "PROVINSI": "NUSA TENGGARA BARAT", "No_Prov_26": "42", "ID_Jbt_26": "4200414", "Kd_Ruas_26": "42042", "Suffix_26": null, "Nm_Ruas_26": "AMPENAN - PAMENANG", "Lintas_26": "NON LINTAS", "No_Jbt_26": "42.042.011.0", "Nm_Jbt_26": "LENDANG LUAR", "Status_26": "N", "Fungsi_26": "K1", "Lks_Dr_26": "MTR", "Lks_km_26": 198.0, "F_STA_26": "1340", "Cadin_26": "LBR", "Pjg_Jbt_26": 15.6, "Btg_Pjg_26": 15.4, "Jml_Btg_26": "1", "Lb_Jl_Ms26": 7.5, "Lb_Jl_Kl26": 7.5, "Lb_Lalin26": 7.5, "Lb_Bh_Ki26": 0.25, "Lb_Bh_Ka26": 0.2, "Lb_Dr_Ki26": 0.0, "Lb_Dr_Ka26": 0.0, "Lb_Tr_Ki26": 0.9, "Lb_Tr_Ka26": 0.9, "Lb_TS_Ki26": 0.3, "Lb_TS_Ka26": 0.3, "Lb_Med_26": 0.0, "Lbr_Jbt_26": 10.35, "Bgn_Ats_26": "VPP", "Jns_Jbt_26": "STANDAR", "Thn_Bgn_26": "2017", "BA_26": "1", "LNT_26": "1", "BB_26": "2", "DAS_26": "2", "OP_26": "0", "UT_26": "0", "GR_26": "0", "LB_26": "0", "JBT_26": "2", "Tp_Lnts_26": "SUNGAI", "Dt_Lnts_26": "SUNGAI LURUS (STRAIGHT)", "Pnangnn_26": "RUTIN", "Pmriksn_26": "RUTIN", "Pnglola_26": "BPJN NUSA TENGGARA BARAT", "Satkr_ID26": "693914", "PPK_Name26": "PPK 1.2", "Traffic_26": null, "VCR_26": "0.6323", "AADT_26": "8915.5", "Tipe_Jb_26": null, "Lat_26": -8.4634799957299993, "Long_26": 116.03675842300001, "Tgl_Ins_26": "5\/24\/2024", "Ket_26": null }, "geometry": { "type": "Point", "coordinates": [ 116.036758423, -8.463479995729999 ] } },
{ "type": "Feature", "properties": { "KDRUAS_UPD": "42042", "NOJBT_UPD": "42.042.013.0", "NM_RUAS_UP": "AMPENAN - PAMENANG", "NM_JBT_UPD": "MALIMBO", "PROVINSI": "NUSA TENGGARA BARAT", "No_Prov_26": "42", "ID_Jbt_26": "4200416", "Kd_Ruas_26": "42042", "Suffix_26": null, "Nm_Ruas_26": "AMPENAN - PAMENANG", "Lintas_26": "NON LINTAS", "No_Jbt_26": "42.042.013.0", "Nm_Jbt_26": "MALIMBO", "Status_26": "N", "Fungsi_26": "K1", "Lks_Dr_26": "MTR", "Lks_km_26": 248.0, "F_STA_26": "1760", "Cadin_26": "LBR", "Pjg_Jbt_26": 8.0, "Btg_Pjg_26": 7.55, "Jml_Btg_26": "1", "Lb_Jl_Ms26": 5.59, "Lb_Jl_Kl26": 5.59, "Lb_Lalin26": 5.59, "Lb_Bh_Ki26": 0.25, "Lb_Bh_Ka26": 0.2, "Lb_Dr_Ki26": 0.1, "Lb_Dr_Ka26": 0.1, "Lb_Tr_Ki26": 0.85, "Lb_Tr_Ka26": 0.85, "Lb_TS_Ki26": 0.0, "Lb_TS_Ka26": 0.0, "Lb_Med_26": 0.0, "Lbr_Jbt_26": 7.94, "Bgn_Ats_26": "GTP", "Jns_Jbt_26": "STANDAR", "Thn_Bgn_26": "1990", "BA_26": "2", "LNT_26": "1", "BB_26": "2", "DAS_26": "2", "OP_26": "2", "UT_26": "1", "GR_26": "0", "LB_26": "0", "JBT_26": "2", "Tp_Lnts_26": "SUNGAI", "Dt_Lnts_26": "SUNGAI LURUS (STRAIGHT)", "Pnangnn_26": "RUTIN", "Pmriksn_26": "DETAIL", "Pnglola_26": "BPJN NUSA TENGGARA BARAT", "Satkr_ID26": "693914", "PPK_Name26": "PPK 1.2", "Traffic_26": null, "VCR_26": "0.6323", "AADT_26": "8915.5", "Tipe_Jb_26": null, "Lat_26": -8.4437103271500007, "Long_26": 116.04126739500002, "Tgl_Ins_26": "6\/2\/2026", "Ket_26": null }, "geometry": { "type": "Point", "coordinates": [ 116.041267395, -8.443710327150001 ] } },
{ "type": "Feature", "properties": { "KDRUAS_UPD": "42042", "NOJBT_UPD": "42.042.014.0", "NM_RUAS_UP": "AMPENAN - PAMENANG", "NM_JBT_UPD": "NIPAH", "PROVINSI": "NUSA TENGGARA BARAT", "No_Prov_26": "42", "ID_Jbt_26": "4200417", "Kd_Ruas_26": "42042", "Suffix_26": null, "Nm_Ruas_26": "AMPENAN - PAMENANG", "Lintas_26": "NON LINTAS", "No_Jbt_26": "42.042.014.0", "Nm_Jbt_26": "NIPAH", "Status_26": "N", "Fungsi_26": "K1", "Lks_Dr_26": "MTR", "Lks_km_26": 256.0, "F_STA_26": "2000", "Cadin_26": "LBR", "Pjg_Jbt_26": 7.1, "Btg_Pjg_26": 6.8, "Jml_Btg_26": "1", "Lb_Jl_Ms26": 5.76, "Lb_Jl_Kl26": 5.76, "Lb_Lalin26": 5.76, "Lb_Bh_Ki26": 0.1, "Lb_Bh_Ka26": 0.2, "Lb_Dr_Ki26": 0.15, "Lb_Dr_Ka26": 0.15, "Lb_Tr_Ki26": 0.8, "Lb_Tr_Ka26": 0.8, "Lb_TS_Ki26": 0.0, "Lb_TS_Ka26": 0.0, "Lb_Med_26": 0.0, "Lbr_Jbt_26": 7.96, "Bgn_Ats_26": "BTP", "Jns_Jbt_26": "STANDAR", "Thn_Bgn_26": "1990", "BA_26": "2", "LNT_26": "2", "BB_26": "0", "DAS_26": "1", "OP_26": "1", "UT_26": "2", "GR_26": "0", "LB_26": "0", "JBT_26": "2", "Tp_Lnts_26": "SUNGAI", "Dt_Lnts_26": "SUNGAI LURUS (STRAIGHT)", "Pnangnn_26": "RUTIN", "Pmriksn_26": "RUTIN", "Pnglola_26": "BPJN NUSA TENGGARA BARAT", "Satkr_ID26": "693914", "PPK_Name26": "PPK 1.2", "Traffic_26": null, "VCR_26": "0.6323", "AADT_26": "8915.5", "Tipe_Jb_26": null, "Lat_26": -8.4320802688600001, "Long_26": 116.04833984399998, "Tgl_Ins_26": "5\/24\/2024", "Ket_26": null }, "geometry": { "type": "Point", "coordinates": [ 116.048339844, -8.43208026886 ] } },
{ "type": "Feature", "properties": { "KDRUAS_UPD": "42042", "NOJBT_UPD": "42.042.015.0", "NM_RUAS_UP": "AMPENAN - PAMENANG", "NM_JBT_UPD": "PANDANAN", "PROVINSI": "NUSA TENGGARA BARAT", "No_Prov_26": "42", "ID_Jbt_26": "4200418", "Kd_Ruas_26": "42042", "Suffix_26": null, "Nm_Ruas_26": "AMPENAN - PAMENANG", "Lintas_26": "NON LINTAS", "No_Jbt_26": "42.042.015.0", "Nm_Jbt_26": "PANDANAN", "Status_26": "N", "Fungsi_26": "K1", "Lks_Dr_26": "MTR", "Lks_km_26": 30.0, "F_STA_26": "2330", "Cadin_26": "KLU", "Pjg_Jbt_26": 10.0, "Btg_Pjg_26": 9.7, "Jml_Btg_26": "1", "Lb_Jl_Ms26": 6.78, "Lb_Jl_Kl26": 6.78, "Lb_Lalin26": 6.78, "Lb_Bh_Ki26": 0.15, "Lb_Bh_Ka26": 0.13, "Lb_Dr_Ki26": 0.0, "Lb_Dr_Ka26": 0.0, "Lb_Tr_Ki26": 0.95, "Lb_Tr_Ka26": 0.95, "Lb_TS_Ki26": 0.3, "Lb_TS_Ka26": 0.25, "Lb_Med_26": 0.0, "Lbr_Jbt_26": 9.51, "Bgn_Ats_26": "GTP", "Jns_Jbt_26": "STANDAR", "Thn_Bgn_26": "2012", "BA_26": "0", "LNT_26": "0", "BB_26": "2", "DAS_26": "0", "OP_26": "2", "UT_26": "0", "GR_26": "1", "LB_26": "0", "JBT_26": "2", "Tp_Lnts_26": "SUNGAI", "Dt_Lnts_26": "SUNGAI LURUS (STRAIGHT)", "Pnangnn_26": "RUTIN", "Pmriksn_26": "RUTIN", "Pnglola_26": "BPJN NUSA TENGGARA BARAT", "Satkr_ID26": "693914", "PPK_Name26": "PPK 1.2", "Traffic_26": null, "VCR_26": "0.6323", "AADT_26": "8915.5", "Tipe_Jb_26": null, "Lat_26": -8.4182500839200003, "Long_26": 116.054977417, "Tgl_Ins_26": "5\/31\/2024", "Ket_26": null }, "geometry": { "type": "Point", "coordinates": [ 116.054977417, -8.41825008392 ] } },
{ "type": "Feature", "properties": { "KDRUAS_UPD": "42042", "NOJBT_UPD": "42.042.016.0", "NM_RUAS_UP": "AMPENAN - PAMENANG", "NM_JBT_UPD": "TELUK BOROK", "PROVINSI": "NUSA TENGGARA BARAT", "No_Prov_26": "42", "ID_Jbt_26": "4200419", "Kd_Ruas_26": "42042", "Suffix_26": null, "Nm_Ruas_26": "AMPENAN - PAMENANG", "Lintas_26": "NON LINTAS", "No_Jbt_26": "42.042.016.0", "Nm_Jbt_26": "TELUK BOROK", "Status_26": "N", "Fungsi_26": "K1", "Lks_Dr_26": "MTR", "Lks_km_26": 333.0, "F_STA_26": "2770", "Cadin_26": "KLU", "Pjg_Jbt_26": 8.0, "Btg_Pjg_26": 7.7, "Jml_Btg_26": "1", "Lb_Jl_Ms26": 6.47, "Lb_Jl_Kl26": 6.47, "Lb_Lalin26": 6.47, "Lb_Bh_Ki26": 0.3, "Lb_Bh_Ka26": 0.2, "Lb_Dr_Ki26": 0.15, "Lb_Dr_Ka26": 0.15, "Lb_Tr_Ki26": 1.1, "Lb_Tr_Ka26": 1.1, "Lb_TS_Ki26": 0.0, "Lb_TS_Ka26": 0.0, "Lb_Med_26": 0.0, "Lbr_Jbt_26": 9.47, "Bgn_Ats_26": "GTP", "Jns_Jbt_26": "STANDAR", "Thn_Bgn_26": "2003", "BA_26": "2", "LNT_26": "2", "BB_26": "2", "DAS_26": "2", "OP_26": "2", "UT_26": "0", "GR_26": "1", "LB_26": "0", "JBT_26": "2", "Tp_Lnts_26": "SUNGAI", "Dt_Lnts_26": "SUNGAI LURUS (STRAIGHT)", "Pnangnn_26": "RUTIN", "Pmriksn_26": "RUTIN", "Pnglola_26": "BPJN NUSA TENGGARA BARAT", "Satkr_ID26": "693914", "PPK_Name26": "PPK 1.2", "Traffic_26": null, "VCR_26": "0.6323", "AADT_26": "8915.5", "Tipe_Jb_26": null, "Lat_26": -8.4071998596200004, "Long_26": 116.072387695, "Tgl_Ins_26": "5\/24\/2024", "Ket_26": null }, "geometry": { "type": "Point", "coordinates": [ 116.072387695, -8.40719985962 ] } },
{ "type": "Feature", "properties": { "KDRUAS_UPD": "42042", "NOJBT_UPD": "42.042.017.0", "NM_RUAS_UP": "AMPENAN - PAMENANG", "NM_JBT_UPD": "TELUK NARA", "PROVINSI": "NUSA TENGGARA BARAT", "No_Prov_26": "42", "ID_Jbt_26": "4200420", "Kd_Ruas_26": "42042", "Suffix_26": null, "Nm_Ruas_26": "AMPENAN - PAMENANG", "Lintas_26": "NON LINTAS", "No_Jbt_26": "42.042.017.0", "Nm_Jbt_26": "TELUK NARA", "Status_26": "N", "Fungsi_26": "K1", "Lks_Dr_26": "MTR", "Lks_km_26": 344.0, "F_STA_26": "2800", "Cadin_26": "KLU", "Pjg_Jbt_26": 10.8, "Btg_Pjg_26": 10.5, "Jml_Btg_26": "1", "Lb_Jl_Ms26": 5.51, "Lb_Jl_Kl26": 5.51, "Lb_Lalin26": 5.51, "Lb_Bh_Ki26": 0.2, "Lb_Bh_Ka26": 0.3, "Lb_Dr_Ki26": 0.1, "Lb_Dr_Ka26": 0.15, "Lb_Tr_Ki26": 0.75, "Lb_Tr_Ka26": 0.75, "Lb_TS_Ki26": 0.0, "Lb_TS_Ka26": 0.0, "Lb_Med_26": 0.0, "Lbr_Jbt_26": 7.76, "Bgn_Ats_26": "GTP", "Jns_Jbt_26": "STANDAR", "Thn_Bgn_26": "1990", "BA_26": "2", "LNT_26": "2", "BB_26": "1", "DAS_26": "2", "OP_26": "2", "UT_26": "0", "GR_26": "0", "LB_26": "0", "JBT_26": "2", "Tp_Lnts_26": "SUNGAI", "Dt_Lnts_26": "SUNGAI LURUS (STRAIGHT)", "Pnangnn_26": "RUTIN", "Pmriksn_26": "RUTIN", "Pnglola_26": "BPJN NUSA TENGGARA BARAT", "Satkr_ID26": "693914", "PPK_Name26": "PPK 1.2", "Traffic_26": null, "VCR_26": "0.6323", "AADT_26": "8915.5", "Tipe_Jb_26": null, "Lat_26": -8.4072704315200006, "Long_26": 116.075286865, "Tgl_Ins_26": "5\/22\/2025", "Ket_26": null }, "geometry": { "type": "Point", "coordinates": [ 116.075286865, -8.407270431520001 ] } },
{ "type": "Feature", "properties": { "KDRUAS_UPD": "42042", "NOJBT_UPD": "42.042.018.0", "NM_RUAS_UP": "AMPENAN - PAMENANG", "NM_JBT_UPD": "TELUK KODOK", "PROVINSI": "NUSA TENGGARA BARAT", "No_Prov_26": "42", "ID_Jbt_26": "4200421", "Kd_Ruas_26": "42042", "Suffix_26": null, "Nm_Ruas_26": "AMPENAN - PAMENANG", "Lintas_26": "NON LINTAS", "No_Jbt_26": "42.042.018.0", "Nm_Jbt_26": "TELUK KODOK", "Status_26": "N", "Fungsi_26": "K1", "Lks_Dr_26": "MTR", "Lks_km_26": 346.0, "F_STA_26": "2840", "Cadin_26": "KLU", "Pjg_Jbt_26": 6.0, "Btg_Pjg_26": 5.7, "Jml_Btg_26": "1", "Lb_Jl_Ms26": 5.69, "Lb_Jl_Kl26": 5.69, "Lb_Lalin26": 5.69, "Lb_Bh_Ki26": 0.1, "Lb_Bh_Ka26": 0.2, "Lb_Dr_Ki26": 0.15, "Lb_Dr_Ka26": 0.2, "Lb_Tr_Ki26": 0.75, "Lb_Tr_Ka26": 0.7, "Lb_TS_Ki26": 0.0, "Lb_TS_Ka26": 0.0, "Lb_Med_26": 0.0, "Lbr_Jbt_26": 7.79, "Bgn_Ats_26": "PTP", "Jns_Jbt_26": "STANDAR", "Thn_Bgn_26": "1970", "BA_26": "2", "LNT_26": "2", "BB_26": "2", "DAS_26": "2", "OP_26": "2", "UT_26": "0", "GR_26": "0", "LB_26": "0", "JBT_26": "2", "Tp_Lnts_26": "SUNGAI", "Dt_Lnts_26": "SUNGAI LURUS (STRAIGHT)", "Pnangnn_26": "RUTIN", "Pmriksn_26": "RUTIN", "Pnglola_26": "BPJN NUSA TENGGARA BARAT", "Satkr_ID26": "693914", "PPK_Name26": "PPK 1.2", "Traffic_26": null, "VCR_26": "0.6323", "AADT_26": "8915.5", "Tipe_Jb_26": null, "Lat_26": -8.4073896408100008, "Long_26": 116.078559875, "Tgl_Ins_26": "5\/21\/2024", "Ket_26": null }, "geometry": { "type": "Point", "coordinates": [ 116.078559875, -8.407389640810001 ] } },
{ "type": "Feature", "properties": { "KDRUAS_UPD": "4204211", "NOJBT_UPD": "42.042.001.A.11", "NM_RUAS_UP": "JLN. SALEH SUNGKAR 2 (MATARAM)", "NM_JBT_UPD": "MENINTING A", "PROVINSI": "NUSA TENGGARA BARAT", "No_Prov_26": "42", "ID_Jbt_26": "4200423", "Kd_Ruas_26": "4204211", "Suffix_26": "11", "Nm_Ruas_26": "JLN. SALEH SUNGKAR 2 (MATARAM)", "Lintas_26": "NON LINTAS", "No_Jbt_26": "42.042.001.A.11", "Nm_Jbt_26": "MENINTING A", "Status_26": "N", "Fungsi_26": "K1", "Lks_Dr_26": "MTR", "Lks_km_26": 61.0, "F_STA_26": "0", "Cadin_26": "KMR", "Pjg_Jbt_26": 62.0, "Btg_Pjg_26": 30.7, "Jml_Btg_26": "2", "Lb_Jl_Ms26": 6.27, "Lb_Jl_Kl26": 6.27, "Lb_Lalin26": 6.51, "Lb_Bh_Ki26": 0.25, "Lb_Bh_Ka26": 0.25, "Lb_Dr_Ki26": 0.0, "Lb_Dr_Ka26": 0.0, "Lb_Tr_Ki26": 1.15, "Lb_Tr_Ka26": 1.15, "Lb_TS_Ki26": 0.3, "Lb_TS_Ka26": 0.3, "Lb_Med_26": 0.0, "Lbr_Jbt_26": 9.91, "Bgn_Ats_26": "GPP", "Jns_Jbt_26": "STANDAR", "Thn_Bgn_26": "2012", "BA_26": "2", "LNT_26": "2", "BB_26": "2", "DAS_26": "2", "OP_26": "2", "UT_26": "0", "GR_26": "0", "LB_26": "0", "JBT_26": "2", "Tp_Lnts_26": "SUNGAI", "Dt_Lnts_26": "SUNGAI LURUS (STRAIGHT)", "Pnangnn_26": "RUTIN", "Pmriksn_26": "RUTIN", "Pnglola_26": "BPJN NUSA TENGGARA BARAT", "Satkr_ID26": "693914", "PPK_Name26": "PPK 1.3", "Traffic_26": null, "VCR_26": "0.637", "AADT_26": "61938.8", "Tipe_Jb_26": null, "Lat_26": -8.55294, "Long_26": 116.07397, "Tgl_Ins_26": "6\/14\/2025", "Ket_26": null }, "geometry": { "type": "Point", "coordinates": [ 116.07397, -8.55294 ] } },
{ "type": "Feature", "properties": { "KDRUAS_UPD": "42043", "NOJBT_UPD": "42.043.001.0", "NM_RUAS_UP": "PEMENANG - BAYAN", "NM_JBT_UPD": "CUPEK I", "PROVINSI": "NUSA TENGGARA BARAT", "No_Prov_26": "42", "ID_Jbt_26": "4200425", "Kd_Ruas_26": "42043", "Suffix_26": null, "Nm_Ruas_26": "PEMENANG - BAYAN", "Lintas_26": "NON LINTAS", "No_Jbt_26": "42.043.001.0", "Nm_Jbt_26": "CUPEK I", "Status_26": "N", "Fungsi_26": "K1", "Lks_Dr_26": "MTR", "Lks_km_26": 3926.0, "F_STA_26": "130", "Cadin_26": "KLU", "Pjg_Jbt_26": 7.1, "Btg_Pjg_26": 6.85, "Jml_Btg_26": "1", "Lb_Jl_Ms26": 8.51, "Lb_Jl_Kl26": 8.51, "Lb_Lalin26": 8.51, "Lb_Bh_Ki26": 0.2, "Lb_Bh_Ka26": 0.4, "Lb_Dr_Ki26": 0.15, "Lb_Dr_Ka26": 0.15, "Lb_Tr_Ki26": 0.5, "Lb_Tr_Ka26": 0.5, "Lb_TS_Ki26": 0.0, "Lb_TS_Ka26": 0.0, "Lb_Med_26": 0.0, "Lbr_Jbt_26": 10.41, "Bgn_Ats_26": "GTP", "Jns_Jbt_26": "STANDAR", "Thn_Bgn_26": "1998", "BA_26": "2", "LNT_26": "2", "BB_26": "2", "DAS_26": "1", "OP_26": "2", "UT_26": "0", "GR_26": "0", "LB_26": "0", "JBT_26": "2", "Tp_Lnts_26": "SUNGAI", "Dt_Lnts_26": "SUNGAI LURUS (STRAIGHT)", "Pnangnn_26": "RUTIN", "Pmriksn_26": "RUTIN", "Pnglola_26": "BPJN NUSA TENGGARA BARAT", "Satkr_ID26": "693914", "PPK_Name26": "PPK 1.2", "Traffic_26": null, "VCR_26": "0.5244", "AADT_26": "3013.7", "Tipe_Jb_26": null, "Lat_26": -8.3939599990799998, "Long_26": 116.10717010499999, "Tgl_Ins_26": "6\/3\/2024", "Ket_26": null }, "geometry": { "type": "Point", "coordinates": [ 116.107170105, -8.39395999908 ] } },
{ "type": "Feature", "properties": { "KDRUAS_UPD": "42043", "NOJBT_UPD": "42.043.002.0", "NM_RUAS_UP": "PEMENANG - BAYAN", "NM_JBT_UPD": "CUPEK II", "PROVINSI": "NUSA TENGGARA BARAT", "No_Prov_26": "42", "ID_Jbt_26": "4200426", "Kd_Ruas_26": "42043", "Suffix_26": null, "Nm_Ruas_26": "PEMENANG - BAYAN", "Lintas_26": "NON LINTAS", "No_Jbt_26": "42.043.002.0", "Nm_Jbt_26": "CUPEK II", "Status_26": "N", "Fungsi_26": "K1", "Lks_Dr_26": "MTR", "Lks_km_26": 4006.0, "F_STA_26": "200", "Cadin_26": "KLU", "Pjg_Jbt_26": 24.0, "Btg_Pjg_26": 12.0, "Jml_Btg_26": "2", "Lb_Jl_Ms26": 5.51, "Lb_Jl_Kl26": 5.51, "Lb_Lalin26": 5.51, "Lb_Bh_Ki26": 0.2, "Lb_Bh_Ka26": 0.2, "Lb_Dr_Ki26": 0.1, "Lb_Dr_Ka26": 0.15, "Lb_Tr_Ki26": 0.85, "Lb_Tr_Ka26": 0.85, "Lb_TS_Ki26": 0.0, "Lb_TS_Ka26": 0.0, "Lb_Med_26": 0.0, "Lbr_Jbt_26": 7.86, "Bgn_Ats_26": "GTP", "Jns_Jbt_26": "STANDAR", "Thn_Bgn_26": "1991", "BA_26": "2", "LNT_26": "2", "BB_26": "2", "DAS_26": "2", "OP_26": "2", "UT_26": "0", "GR_26": "0", "LB_26": "0", "JBT_26": "2", "Tp_Lnts_26": "SUNGAI", "Dt_Lnts_26": "SUNGAI LURUS (STRAIGHT)", "Pnangnn_26": "RUTIN", "Pmriksn_26": "RUTIN", "Pnglola_26": "BPJN NUSA TENGGARA BARAT", "Satkr_ID26": "693914", "PPK_Name26": "PPK 1.2", "Traffic_26": null, "VCR_26": "0.5244", "AADT_26": "3013.7", "Tipe_Jb_26": null, "Lat_26": -8.3886804580700005, "Long_26": 116.110733032, "Tgl_Ins_26": "6\/3\/2024", "Ket_26": null }, "geometry": { "type": "Point", "coordinates": [ 116.110733032, -8.388680458070001 ] } },
{ "type": "Feature", "properties": { "KDRUAS_UPD": "42043", "NOJBT_UPD": "42.043.003.0", "NM_RUAS_UP": "PEMENANG - BAYAN", "NM_JBT_UPD": "TEMBOBOR", "PROVINSI": "NUSA TENGGARA BARAT", "No_Prov_26": "42", "ID_Jbt_26": "4200427", "Kd_Ruas_26": "42043", "Suffix_26": null, "Nm_Ruas_26": "PEMENANG - BAYAN", "Lintas_26": "NON LINTAS", "No_Jbt_26": "42.043.003.0", "Nm_Jbt_26": "TEMBOBOR", "Status_26": "N", "Fungsi_26": "K1", "Lks_Dr_26": "MTR", "Lks_km_26": 4206.0, "F_STA_26": "390", "Cadin_26": "KLU", "Pjg_Jbt_26": 12.6, "Btg_Pjg_26": 12.4, "Jml_Btg_26": "1", "Lb_Jl_Ms26": 5.4, "Lb_Jl_Kl26": 5.4, "Lb_Lalin26": 5.4, "Lb_Bh_Ki26": 0.2, "Lb_Bh_Ka26": 0.2, "Lb_Dr_Ki26": 0.15, "Lb_Dr_Ka26": 0.15, "Lb_Tr_Ki26": 0.86, "Lb_Tr_Ka26": 0.88, "Lb_TS_Ki26": 0.0, "Lb_TS_Ka26": 0.0, "Lb_Med_26": 0.0, "Lbr_Jbt_26": 7.84, "Bgn_Ats_26": "GTP", "Jns_Jbt_26": "STANDAR", "Thn_Bgn_26": "1992", "BA_26": "2", "LNT_26": "2", "BB_26": "2", "DAS_26": "1", "OP_26": "2", "UT_26": "0", "GR_26": "0", "LB_26": "0", "JBT_26": "2", "Tp_Lnts_26": "SUNGAI", "Dt_Lnts_26": "SUNGAI LURUS (STRAIGHT)", "Pnangnn_26": "RUTIN", "Pmriksn_26": "RUTIN", "Pnglola_26": "BPJN NUSA TENGGARA BARAT", "Satkr_ID26": "693914", "PPK_Name26": "PPK 1.2", "Traffic_26": null, "VCR_26": "0.5244", "AADT_26": "3013.7", "Tipe_Jb_26": null, "Lat_26": -8.3776197433499995, "Long_26": 116.12223053, "Tgl_Ins_26": "6\/3\/2024", "Ket_26": null }, "geometry": { "type": "Point", "coordinates": [ 116.12223053, -8.377619743349999 ] } },
{ "type": "Feature", "properties": { "KDRUAS_UPD": "42043", "NOJBT_UPD": "42.043.005.0", "NM_RUAS_UP": "PEMENANG - BAYAN", "NM_JBT_UPD": "TL. TELUK DALAM KEREN", "PROVINSI": "NUSA TENGGARA BARAT", "No_Prov_26": "42", "ID_Jbt_26": "4200429", "Kd_Ruas_26": "42043", "Suffix_26": null, "Nm_Ruas_26": "PEMENANG - BAYAN", "Lintas_26": "NON LINTAS", "No_Jbt_26": "42.043.005.0", "Nm_Jbt_26": "TL. TELUK DALAM KEREN", "Status_26": "N", "Fungsi_26": "K1", "Lks_Dr_26": "MTR", "Lks_km_26": 4446.0, "F_STA_26": "630", "Cadin_26": "KLU", "Pjg_Jbt_26": 6.0, "Btg_Pjg_26": 5.7, "Jml_Btg_26": "1", "Lb_Jl_Ms26": 5.56, "Lb_Jl_Kl26": 5.56, "Lb_Lalin26": 5.56, "Lb_Bh_Ki26": 0.2, "Lb_Bh_Ka26": 0.2, "Lb_Dr_Ki26": 0.0, "Lb_Dr_Ka26": 0.0, "Lb_Tr_Ki26": 1.2, "Lb_Tr_Ka26": 0.95, "Lb_TS_Ki26": 0.0, "Lb_TS_Ka26": 0.0, "Lb_Med_26": 0.0, "Lbr_Jbt_26": 8.11, "Bgn_Ats_26": "PTP", "Jns_Jbt_26": "STANDAR", "Thn_Bgn_26": "1979", "BA_26": "2", "LNT_26": "1", "BB_26": "2", "DAS_26": "2", "OP_26": "2", "UT_26": "0", "GR_26": "0", "LB_26": "0", "JBT_26": "2", "Tp_Lnts_26": "SUNGAI", "Dt_Lnts_26": "SUNGAI LURUS (STRAIGHT)", "Pnangnn_26": "RUTIN", "Pmriksn_26": "RUTIN", "Pnglola_26": "BPJN NUSA TENGGARA BARAT", "Satkr_ID26": "693914", "PPK_Name26": "PPK 1.2", "Traffic_26": null, "VCR_26": "0.5244", "AADT_26": "3013.7", "Tipe_Jb_26": null, "Lat_26": -8.3647804260300003, "Long_26": 116.13469696, "Tgl_Ins_26": "6\/3\/2024", "Ket_26": null }, "geometry": { "type": "Point", "coordinates": [ 116.13469696, -8.36478042603 ] } },
{ "type": "Feature", "properties": { "KDRUAS_UPD": "42043", "NOJBT_UPD": "42.043.006.0", "NM_RUAS_UP": "PEMENANG - BAYAN", "NM_JBT_UPD": "SOKONG A", "PROVINSI": "NUSA TENGGARA BARAT", "No_Prov_26": "42", "ID_Jbt_26": "4200430", "Kd_Ruas_26": "42043", "Suffix_26": null, "Nm_Ruas_26": "PEMENANG - BAYAN", "Lintas_26": "NON LINTAS", "No_Jbt_26": "42.043.006.0", "Nm_Jbt_26": "SOKONG A", "Status_26": "N", "Fungsi_26": "K1", "Lks_Dr_26": "MTR", "Lks_km_26": 4686.0, "F_STA_26": "840", "Cadin_26": "KLU", "Pjg_Jbt_26": 60.0, "Btg_Pjg_26": 29.7, "Jml_Btg_26": "2", "Lb_Jl_Ms26": 6.36, "Lb_Jl_Kl26": 6.36, "Lb_Lalin26": 6.36, "Lb_Bh_Ki26": 0.26, "Lb_Bh_Ka26": 0.25, "Lb_Dr_Ki26": 0.0, "Lb_Dr_Ka26": 0.0, "Lb_Tr_Ki26": 1.1, "Lb_Tr_Ka26": 1.68, "Lb_TS_Ki26": 0.27, "Lb_TS_Ka26": 0.3, "Lb_Med_26": 0.0, "Lbr_Jbt_26": 10.22, "Bgn_Ats_26": "GPP", "Jns_Jbt_26": "STANDAR", "Thn_Bgn_26": "2019", "BA_26": "1", "LNT_26": "1", "BB_26": "0", "DAS_26": "1", "OP_26": "0", "UT_26": "1", "GR_26": "0", "LB_26": "0", "JBT_26": "1", "Tp_Lnts_26": "SUNGAI", "Dt_Lnts_26": "SUNGAI LURUS (STRAIGHT)", "Pnangnn_26": "RUTIN", "Pmriksn_26": "RUTIN", "Pnglola_26": "BPJN NUSA TENGGARA BARAT", "Satkr_ID26": "693914", "PPK_Name26": "PPK 1.2", "Traffic_26": null, "VCR_26": "0.5244", "AADT_26": "3013.7", "Tipe_Jb_26": null, "Lat_26": -8.3572196960399996, "Long_26": 116.15232086200001, "Tgl_Ins_26": "6\/3\/2024", "Ket_26": null }, "geometry": { "type": "Point", "coordinates": [ 116.152320862, -8.35721969604 ] } },
{ "type": "Feature", "properties": { "KDRUAS_UPD": "42043", "NOJBT_UPD": "42.043.009.0", "NM_RUAS_UP": "PEMENANG - BAYAN", "NM_JBT_UPD": "KOKOK SEGARA", "PROVINSI": "NUSA TENGGARA BARAT", "No_Prov_26": "42", "ID_Jbt_26": "4200433", "Kd_Ruas_26": "42043", "Suffix_26": null, "Nm_Ruas_26": "PEMENANG - BAYAN", "Lintas_26": "NON LINTAS", "No_Jbt_26": "42.043.009.0", "Nm_Jbt_26": "KOKOK SEGARA", "Status_26": "N", "Fungsi_26": "K1", "Lks_Dr_26": "MTR", "Lks_km_26": 5026.0, "F_STA_26": "1170", "Cadin_26": "KLU", "Pjg_Jbt_26": 60.0, "Btg_Pjg_26": 30.5, "Jml_Btg_26": "2", "Lb_Jl_Ms26": 6.46, "Lb_Jl_Kl26": 6.46, "Lb_Lalin26": 6.46, "Lb_Bh_Ki26": 0.27, "Lb_Bh_Ka26": 0.29, "Lb_Dr_Ki26": 0.0, "Lb_Dr_Ka26": 0.0, "Lb_Tr_Ki26": 1.2, "Lb_Tr_Ka26": 1.2, "Lb_TS_Ki26": 0.3, "Lb_TS_Ka26": 0.3, "Lb_Med_26": 0.0, "Lbr_Jbt_26": 10.02, "Bgn_Ats_26": "GPP", "Jns_Jbt_26": "STANDAR", "Thn_Bgn_26": "2019", "BA_26": "1", "LNT_26": "1", "BB_26": "1", "DAS_26": "0", "OP_26": "1", "UT_26": "0", "GR_26": "0", "LB_26": "0", "JBT_26": "1", "Tp_Lnts_26": "SUNGAI", "Dt_Lnts_26": "SUNGAI LURUS (STRAIGHT)", "Pnangnn_26": "RUTIN", "Pmriksn_26": "RUTIN", "Pnglola_26": "BPJN NUSA TENGGARA BARAT", "Satkr_ID26": "693914", "PPK_Name26": "PPK 1.2", "Traffic_26": null, "VCR_26": "0.5244", "AADT_26": "3013.7", "Tipe_Jb_26": null, "Lat_26": -8.36005020142, "Long_26": 116.174591064, "Tgl_Ins_26": "6\/3\/2024", "Ket_26": null }, "geometry": { "type": "Point", "coordinates": [ 116.174591064, -8.36005020142 ] } },
{ "type": "Feature", "properties": { "KDRUAS_UPD": "42043", "NOJBT_UPD": "42.043.011.0", "NM_RUAS_UP": "PEMENANG - BAYAN", "NM_JBT_UPD": "KALI ORONG", "PROVINSI": "NUSA TENGGARA BARAT", "No_Prov_26": "42", "ID_Jbt_26": "4200435", "Kd_Ruas_26": "42043", "Suffix_26": null, "Nm_Ruas_26": "PEMENANG - BAYAN", "Lintas_26": "NON LINTAS", "No_Jbt_26": "42.043.011.0", "Nm_Jbt_26": "KALI ORONG", "Status_26": "N", "Fungsi_26": "K1", "Lks_Dr_26": "MTR", "Lks_km_26": 5236.0, "F_STA_26": "1390", "Cadin_26": "KLU", "Pjg_Jbt_26": 10.0, "Btg_Pjg_26": 9.9, "Jml_Btg_26": "1", "Lb_Jl_Ms26": 5.56, "Lb_Jl_Kl26": 5.56, "Lb_Lalin26": 5.56, "Lb_Bh_Ki26": 0.15, "Lb_Bh_Ka26": 0.2, "Lb_Dr_Ki26": 0.1, "Lb_Dr_Ka26": 0.15, "Lb_Tr_Ki26": 0.4, "Lb_Tr_Ka26": 0.45, "Lb_TS_Ki26": 0.0, "Lb_TS_Ka26": 0.0, "Lb_Med_26": 0.0, "Lbr_Jbt_26": 7.01, "Bgn_Ats_26": "MBP", "Jns_Jbt_26": "STANDAR", "Thn_Bgn_26": "1980", "BA_26": "2", "LNT_26": "2", "BB_26": "2", "DAS_26": "2", "OP_26": "2", "UT_26": "0", "GR_26": "0", "LB_26": "0", "JBT_26": "2", "Tp_Lnts_26": "SUNGAI", "Dt_Lnts_26": "SUNGAI LURUS (STRAIGHT)", "Pnangnn_26": "RUTIN", "Pmriksn_26": "RUTIN", "Pnglola_26": "BPJN NUSA TENGGARA BARAT", "Satkr_ID26": "693914", "PPK_Name26": "PPK 1.2", "Traffic_26": null, "VCR_26": "0.5244", "AADT_26": "3013.7", "Tipe_Jb_26": null, "Lat_26": -8.3453798294099997, "Long_26": 116.179847717, "Tgl_Ins_26": "6\/3\/2024", "Ket_26": null }, "geometry": { "type": "Point", "coordinates": [ 116.179847717, -8.34537982941 ] } },
{ "type": "Feature", "properties": { "KDRUAS_UPD": "42043", "NOJBT_UPD": "42.043.014.0", "NM_RUAS_UP": "PEMENANG - BAYAN", "NM_JBT_UPD": "TL. KARANG ANYAR", "PROVINSI": "NUSA TENGGARA BARAT", "No_Prov_26": "42", "ID_Jbt_26": "4200438", "Kd_Ruas_26": "42043", "Suffix_26": null, "Nm_Ruas_26": "PEMENANG - BAYAN", "Lintas_26": "NON LINTAS", "No_Jbt_26": "42.043.014.0", "Nm_Jbt_26": "TL. KARANG ANYAR", "Status_26": "N", "Fungsi_26": "K1", "Lks_Dr_26": "MTR", "Lks_km_26": 5396.0, "F_STA_26": "1560", "Cadin_26": "KLU", "Pjg_Jbt_26": 6.4, "Btg_Pjg_26": 6.2, "Jml_Btg_26": "1", "Lb_Jl_Ms26": 6.21, "Lb_Jl_Kl26": 6.3, "Lb_Lalin26": 6.21, "Lb_Bh_Ki26": 0.2, "Lb_Bh_Ka26": 0.4, "Lb_Dr_Ki26": 0.1, "Lb_Dr_Ka26": 0.1, "Lb_Tr_Ki26": 0.55, "Lb_Tr_Ka26": 0.55, "Lb_TS_Ki26": 0.0, "Lb_TS_Ka26": 0.0, "Lb_Med_26": 0.0, "Lbr_Jbt_26": 8.11, "Bgn_Ats_26": "PTP", "Jns_Jbt_26": "STANDAR", "Thn_Bgn_26": "1966", "BA_26": "2", "LNT_26": "2", "BB_26": "2", "DAS_26": "2", "OP_26": "2", "UT_26": "0", "GR_26": "0", "LB_26": "0", "JBT_26": "2", "Tp_Lnts_26": "SUNGAI", "Dt_Lnts_26": "SUNGAI LURUS (STRAIGHT)", "Pnangnn_26": "RUTIN", "Pmriksn_26": "INVENTARISASI", "Pnglola_26": "BPJN NUSA TENGGARA BARAT", "Satkr_ID26": "693914", "PPK_Name26": "PPK 1.2", "Traffic_26": null, "VCR_26": "0.5244", "AADT_26": "3013.7", "Tipe_Jb_26": null, "Lat_26": -8.3365097045900001, "Long_26": 116.19203186000001, "Tgl_Ins_26": "5\/3\/2026", "Ket_26": null }, "geometry": { "type": "Point", "coordinates": [ 116.19203186, -8.33650970459 ] } },
{ "type": "Feature", "properties": { "KDRUAS_UPD": "42043", "NOJBT_UPD": "42.043.016.0", "NM_RUAS_UP": "PEMENANG - BAYAN", "NM_JBT_UPD": "LOKOK RENGKONG", "PROVINSI": "NUSA TENGGARA BARAT", "No_Prov_26": "42", "ID_Jbt_26": "4200440", "Kd_Ruas_26": "42043", "Suffix_26": null, "Nm_Ruas_26": "PEMENANG - BAYAN", "Lintas_26": "NON LINTAS", "No_Jbt_26": "42.043.016.0", "Nm_Jbt_26": "LOKOK RENGKONG", "Status_26": "N", "Fungsi_26": "K1", "Lks_Dr_26": "MTR", "Lks_km_26": 5516.0, "F_STA_26": "1660", "Cadin_26": "KLU", "Pjg_Jbt_26": 15.7, "Btg_Pjg_26": 15.4, "Jml_Btg_26": "1", "Lb_Jl_Ms26": 5.46, "Lb_Jl_Kl26": 5.46, "Lb_Lalin26": 5.46, "Lb_Bh_Ki26": 0.07, "Lb_Bh_Ka26": 0.2, "Lb_Dr_Ki26": 0.0, "Lb_Dr_Ka26": 0.0, "Lb_Tr_Ki26": 0.45, "Lb_Tr_Ka26": 0.4, "Lb_TS_Ki26": 0.0, "Lb_TS_Ka26": 0.0, "Lb_Med_26": 0.0, "Lbr_Jbt_26": 6.58, "Bgn_Ats_26": "GTP", "Jns_Jbt_26": "STANDAR", "Thn_Bgn_26": "1975", "BA_26": "2", "LNT_26": "2", "BB_26": "0", "DAS_26": "1", "OP_26": "2", "UT_26": "0", "GR_26": "0", "LB_26": "0", "JBT_26": "2", "Tp_Lnts_26": "SUNGAI", "Dt_Lnts_26": "SUNGAI LURUS (STRAIGHT)", "Pnangnn_26": "RUTIN", "Pmriksn_26": "RUTIN", "Pnglola_26": "BPJN NUSA TENGGARA BARAT", "Satkr_ID26": "693914", "PPK_Name26": "PPK 1.2", "Traffic_26": null, "VCR_26": "0.5244", "AADT_26": "3013.7", "Tipe_Jb_26": null, "Lat_26": -8.3274202346799999, "Long_26": 116.193603516, "Tgl_Ins_26": "6\/7\/2024", "Ket_26": null }, "geometry": { "type": "Point", "coordinates": [ 116.193603516, -8.32742023468 ] } },
{ "type": "Feature", "properties": { "KDRUAS_UPD": "42043", "NOJBT_UPD": "42.043.017.0", "NM_RUAS_UP": "PEMENANG - BAYAN", "NM_JBT_UPD": "LEMPENGE I", "PROVINSI": "NUSA TENGGARA BARAT", "No_Prov_26": "42", "ID_Jbt_26": "4200441", "Kd_Ruas_26": "42043", "Suffix_26": null, "Nm_Ruas_26": "PEMENANG - BAYAN", "Lintas_26": "NON LINTAS", "No_Jbt_26": "42.043.017.0", "Nm_Jbt_26": "LEMPENGE I", "Status_26": "N", "Fungsi_26": "K1", "Lks_Dr_26": "MTR", "Lks_km_26": 5806.0, "F_STA_26": "1960", "Cadin_26": "KLU", "Pjg_Jbt_26": 27.7, "Btg_Pjg_26": 5.24, "Jml_Btg_26": "5", "Lb_Jl_Ms26": 5.55, "Lb_Jl_Kl26": 5.55, "Lb_Lalin26": 5.55, "Lb_Bh_Ki26": 0.23, "Lb_Bh_Ka26": 0.22, "Lb_Dr_Ki26": 0.12, "Lb_Dr_Ka26": 0.1, "Lb_Tr_Ki26": 0.8, "Lb_Tr_Ka26": 0.75, "Lb_TS_Ki26": 0.0, "Lb_TS_Ka26": 0.0, "Lb_Med_26": 0.0, "Lbr_Jbt_26": 7.77, "Bgn_Ats_26": "BTP", "Jns_Jbt_26": "STANDAR", "Thn_Bgn_26": "1993", "BA_26": "1", "LNT_26": "1", "BB_26": "0", "DAS_26": "1", "OP_26": "2", "UT_26": "2", "GR_26": "0", "LB_26": "0", "JBT_26": "2", "Tp_Lnts_26": "SUNGAI", "Dt_Lnts_26": "SUNGAI LURUS (STRAIGHT)", "Pnangnn_26": "RUTIN", "Pmriksn_26": "RUTIN", "Pnglola_26": "BPJN NUSA TENGGARA BARAT", "Satkr_ID26": "693914", "PPK_Name26": "PPK 1.2", "Traffic_26": null, "VCR_26": "0.5244", "AADT_26": "3013.7", "Tipe_Jb_26": null, "Lat_26": -8.3032598495500007, "Long_26": 116.204551697, "Tgl_Ins_26": "6\/7\/2024", "Ket_26": null }, "geometry": { "type": "Point", "coordinates": [ 116.204551697, -8.303259849550001 ] } },
{ "type": "Feature", "properties": { "KDRUAS_UPD": "42043", "NOJBT_UPD": "42.043.018.0", "NM_RUAS_UP": "PEMENANG - BAYAN", "NM_JBT_UPD": "LEMPENGE II", "PROVINSI": "NUSA TENGGARA BARAT", "No_Prov_26": "42", "ID_Jbt_26": "4200442", "Kd_Ruas_26": "42043", "Suffix_26": null, "Nm_Ruas_26": "PEMENANG - BAYAN", "Lintas_26": "NON LINTAS", "No_Jbt_26": "42.043.018.0", "Nm_Jbt_26": "LEMPENGE II", "Status_26": "N", "Fungsi_26": "K1", "Lks_Dr_26": "MTR", "Lks_km_26": 5816.0, "F_STA_26": "1980", "Cadin_26": "KLU", "Pjg_Jbt_26": 12.9, "Btg_Pjg_26": 12.5, "Jml_Btg_26": "1", "Lb_Jl_Ms26": 5.61, "Lb_Jl_Kl26": 5.61, "Lb_Lalin26": 5.61, "Lb_Bh_Ki26": 0.25, "Lb_Bh_Ka26": 0.2, "Lb_Dr_Ki26": 0.13, "Lb_Dr_Ka26": 0.08, "Lb_Tr_Ki26": 0.83, "Lb_Tr_Ka26": 0.75, "Lb_TS_Ki26": 0.0, "Lb_TS_Ka26": 0.0, "Lb_Med_26": 0.0, "Lbr_Jbt_26": 7.85, "Bgn_Ats_26": "GTP", "Jns_Jbt_26": "STANDAR", "Thn_Bgn_26": "1993", "BA_26": "2", "LNT_26": "1", "BB_26": "1", "DAS_26": "2", "OP_26": "2", "UT_26": "0", "GR_26": "0", "LB_26": "0", "JBT_26": "2", "Tp_Lnts_26": "SUNGAI", "Dt_Lnts_26": "SUNGAI LURUS (STRAIGHT)", "Pnangnn_26": "RUTIN", "Pmriksn_26": "RUTIN", "Pnglola_26": "BPJN NUSA TENGGARA BARAT", "Satkr_ID26": "693914", "PPK_Name26": "PPK 1.2", "Traffic_26": null, "VCR_26": "0.5244", "AADT_26": "3013.7", "Tipe_Jb_26": null, "Lat_26": -8.3023996353099996, "Long_26": 116.20526886, "Tgl_Ins_26": "6\/7\/2024", "Ket_26": null }, "geometry": { "type": "Point", "coordinates": [ 116.20526886, -8.30239963531 ] } },
{ "type": "Feature", "properties": { "KDRUAS_UPD": "42043", "NOJBT_UPD": "42.043.019.0", "NM_RUAS_UP": "PEMENANG - BAYAN", "NM_JBT_UPD": "KOLOH BAGIK DANDAK", "PROVINSI": "NUSA TENGGARA BARAT", "No_Prov_26": "42", "ID_Jbt_26": "4200443", "Kd_Ruas_26": "42043", "Suffix_26": null, "Nm_Ruas_26": "PEMENANG - BAYAN", "Lintas_26": "NON LINTAS", "No_Jbt_26": "42.043.019.0", "Nm_Jbt_26": "KOLOH BAGIK DANDAK", "Status_26": "N", "Fungsi_26": "K1", "Lks_Dr_26": "MTR", "Lks_km_26": 5836.0, "F_STA_26": "2000", "Cadin_26": "KLU", "Pjg_Jbt_26": 7.0, "Btg_Pjg_26": 6.7, "Jml_Btg_26": "1", "Lb_Jl_Ms26": 5.56, "Lb_Jl_Kl26": 5.56, "Lb_Lalin26": 5.56, "Lb_Bh_Ki26": 0.2, "Lb_Bh_Ka26": 0.15, "Lb_Dr_Ki26": 0.1, "Lb_Dr_Ka26": 0.1, "Lb_Tr_Ki26": 0.8, "Lb_Tr_Ka26": 0.8, "Lb_TS_Ki26": 0.0, "Lb_TS_Ka26": 0.0, "Lb_Med_26": 0.0, "Lbr_Jbt_26": 7.71, "Bgn_Ats_26": "GTP", "Jns_Jbt_26": "STANDAR", "Thn_Bgn_26": "1978", "BA_26": "2", "LNT_26": "2", "BB_26": "1", "DAS_26": "0", "OP_26": "1", "UT_26": "0", "GR_26": "0", "LB_26": "0", "JBT_26": "2", "Tp_Lnts_26": "SUNGAI", "Dt_Lnts_26": "SUNGAI LURUS (STRAIGHT)", "Pnangnn_26": "RUTIN", "Pmriksn_26": "RUTIN", "Pnglola_26": "BPJN NUSA TENGGARA BARAT", "Satkr_ID26": "693914", "PPK_Name26": "PPK 1.2", "Traffic_26": null, "VCR_26": "0.5244", "AADT_26": "3013.7", "Tipe_Jb_26": null, "Lat_26": -8.3006401061999995, "Long_26": 116.205299377, "Tgl_Ins_26": "6\/26\/2024", "Ket_26": null }, "geometry": { "type": "Point", "coordinates": [ 116.205299377, -8.300640106199999 ] } },
{ "type": "Feature", "properties": { "KDRUAS_UPD": "42043", "NOJBT_UPD": "42.043.023.0", "NM_RUAS_UP": "PEMENANG - BAYAN", "NM_JBT_UPD": "LOKEK MALINGREMPEK", "PROVINSI": "NUSA TENGGARA BARAT", "No_Prov_26": "42", "ID_Jbt_26": "4200447", "Kd_Ruas_26": "42043", "Suffix_26": null, "Nm_Ruas_26": "PEMENANG - BAYAN", "Lintas_26": "NON LINTAS", "No_Jbt_26": "42.043.023.0", "Nm_Jbt_26": "LOKEK MALINGREMPEK", "Status_26": "N", "Fungsi_26": "K1", "Lks_Dr_26": "MTR", "Lks_km_26": 5966.0, "F_STA_26": "2130", "Cadin_26": "KLU", "Pjg_Jbt_26": 15.8, "Btg_Pjg_26": 15.3, "Jml_Btg_26": "1", "Lb_Jl_Ms26": 5.86, "Lb_Jl_Kl26": 5.86, "Lb_Lalin26": 5.86, "Lb_Bh_Ki26": 0.1, "Lb_Bh_Ka26": 0.0, "Lb_Dr_Ki26": 0.15, "Lb_Dr_Ka26": 0.2, "Lb_Tr_Ki26": 0.9, "Lb_Tr_Ka26": 0.85, "Lb_TS_Ki26": 0.0, "Lb_TS_Ka26": 0.0, "Lb_Med_26": 0.0, "Lbr_Jbt_26": 8.06, "Bgn_Ats_26": "GTP", "Jns_Jbt_26": "STANDAR", "Thn_Bgn_26": "1995", "BA_26": "2", "LNT_26": "2", "BB_26": "1", "DAS_26": "1", "OP_26": "2", "UT_26": "0", "GR_26": "1", "LB_26": "0", "JBT_26": "2", "Tp_Lnts_26": "SUNGAI", "Dt_Lnts_26": "SUNGAI LURUS (STRAIGHT)", "Pnangnn_26": "RUTIN", "Pmriksn_26": "RUTIN", "Pnglola_26": "BPJN NUSA TENGGARA BARAT", "Satkr_ID26": "693914", "PPK_Name26": "PPK 1.2", "Traffic_26": null, "VCR_26": "0.5244", "AADT_26": "3013.7", "Tipe_Jb_26": null, "Lat_26": -8.2918796539299997, "Long_26": 116.212730408, "Tgl_Ins_26": "6\/8\/2024", "Ket_26": null }, "geometry": { "type": "Point", "coordinates": [ 116.212730408, -8.29187965393 ] } },
{ "type": "Feature", "properties": { "KDRUAS_UPD": "42043", "NOJBT_UPD": "42.043.024.0", "NM_RUAS_UP": "PEMENANG - BAYAN", "NM_JBT_UPD": "LUK I", "PROVINSI": "NUSA TENGGARA BARAT", "No_Prov_26": "42", "ID_Jbt_26": "4200448", "Kd_Ruas_26": "42043", "Suffix_26": null, "Nm_Ruas_26": "PEMENANG - BAYAN", "Lintas_26": "NON LINTAS", "No_Jbt_26": "42.043.024.0", "Nm_Jbt_26": "LUK I", "Status_26": "N", "Fungsi_26": "K1", "Lks_Dr_26": "MTR", "Lks_km_26": 6036.0, "F_STA_26": "2190", "Cadin_26": "KLU", "Pjg_Jbt_26": 30.0, "Btg_Pjg_26": 29.7, "Jml_Btg_26": "1", "Lb_Jl_Ms26": 6.56, "Lb_Jl_Kl26": 6.56, "Lb_Lalin26": 6.56, "Lb_Bh_Ki26": 0.3, "Lb_Bh_Ka26": 0.3, "Lb_Dr_Ki26": 0.0, "Lb_Dr_Ka26": 0.0, "Lb_Tr_Ki26": 0.95, "Lb_Tr_Ka26": 0.9, "Lb_TS_Ki26": 0.3, "Lb_TS_Ka26": 0.3, "Lb_Med_26": 0.0, "Lbr_Jbt_26": 9.61, "Bgn_Ats_26": "GPP", "Jns_Jbt_26": "STANDAR", "Thn_Bgn_26": "2019", "BA_26": "2", "LNT_26": "2", "BB_26": "1", "DAS_26": "0", "OP_26": "2", "UT_26": "0", "GR_26": "0", "LB_26": "0", "JBT_26": "2", "Tp_Lnts_26": "SUNGAI", "Dt_Lnts_26": "SUNGAI LURUS (STRAIGHT)", "Pnangnn_26": "RUTIN", "Pmriksn_26": "RUTIN", "Pnglola_26": "BPJN NUSA TENGGARA BARAT", "Satkr_ID26": "693914", "PPK_Name26": "PPK 1.2", "Traffic_26": null, "VCR_26": "0.5244", "AADT_26": "3013.7", "Tipe_Jb_26": null, "Lat_26": -8.2915697097799992, "Long_26": 116.21808624299999, "Tgl_Ins_26": "6\/8\/2024", "Ket_26": null }, "geometry": { "type": "Point", "coordinates": [ 116.218086243, -8.291569709779999 ] } },
{ "type": "Feature", "properties": { "KDRUAS_UPD": "42043", "NOJBT_UPD": "42.043.025.0", "NM_RUAS_UP": "PEMENANG - BAYAN", "NM_JBT_UPD": "LUK II", "PROVINSI": "NUSA TENGGARA BARAT", "No_Prov_26": "42", "ID_Jbt_26": "4200449", "Kd_Ruas_26": "42043", "Suffix_26": null, "Nm_Ruas_26": "PEMENANG - BAYAN", "Lintas_26": "NON LINTAS", "No_Jbt_26": "42.043.025.0", "Nm_Jbt_26": "LUK II", "Status_26": "N", "Fungsi_26": "K1", "Lks_Dr_26": "MTR", "Lks_km_26": 6066.0, "F_STA_26": "2250", "Cadin_26": "KLU", "Pjg_Jbt_26": 10.9, "Btg_Pjg_26": 10.4, "Jml_Btg_26": "1", "Lb_Jl_Ms26": 5.75, "Lb_Jl_Kl26": 5.75, "Lb_Lalin26": 5.75, "Lb_Bh_Ki26": 0.15, "Lb_Bh_Ka26": 0.2, "Lb_Dr_Ki26": 0.1, "Lb_Dr_Ka26": 0.1, "Lb_Tr_Ki26": 0.95, "Lb_Tr_Ka26": 0.85, "Lb_TS_Ki26": 0.0, "Lb_TS_Ka26": 0.0, "Lb_Med_26": 0.0, "Lbr_Jbt_26": 8.1, "Bgn_Ats_26": "GTP", "Jns_Jbt_26": "STANDAR", "Thn_Bgn_26": "1994", "BA_26": "2", "LNT_26": "1", "BB_26": "2", "DAS_26": "0", "OP_26": "1", "UT_26": "0", "GR_26": "1", "LB_26": "0", "JBT_26": "2", "Tp_Lnts_26": "JALAN", "Dt_Lnts_26": "JALAN", "Pnangnn_26": "RUTIN", "Pmriksn_26": "RUTIN", "Pnglola_26": "BPJN NUSA TENGGARA BARAT", "Satkr_ID26": "693914", "PPK_Name26": "PPK 1.2", "Traffic_26": null, "VCR_26": "0.5244", "AADT_26": "3013.7", "Tipe_Jb_26": null, "Lat_26": -8.2876501083399994, "Long_26": 116.22012329099999, "Tgl_Ins_26": "6\/8\/2024", "Ket_26": null }, "geometry": { "type": "Point", "coordinates": [ 116.220123291, -8.287650108339999 ] } },
{ "type": "Feature", "properties": { "KDRUAS_UPD": "42043", "NOJBT_UPD": "42.043.034.0", "NM_RUAS_UP": "PEMENANG - BAYAN", "NM_JBT_UPD": "SEGUNDI I", "PROVINSI": "NUSA TENGGARA BARAT", "No_Prov_26": "42", "ID_Jbt_26": "4200458", "Kd_Ruas_26": "42043", "Suffix_26": null, "Nm_Ruas_26": "PEMENANG - BAYAN", "Lintas_26": "NON LINTAS", "No_Jbt_26": "42.043.034.0", "Nm_Jbt_26": "SEGUNDI I", "Status_26": "N", "Fungsi_26": "K1", "Lks_Dr_26": "MTR", "Lks_km_26": 6446.0, "F_STA_26": "2620", "Cadin_26": "KLU", "Pjg_Jbt_26": 41.0, "Btg_Pjg_26": 4.88, "Jml_Btg_26": "7", "Lb_Jl_Ms26": 5.61, "Lb_Jl_Kl26": 5.61, "Lb_Lalin26": 5.61, "Lb_Bh_Ki26": 0.17, "Lb_Bh_Ka26": 0.2, "Lb_Dr_Ki26": 0.1, "Lb_Dr_Ka26": 0.1, "Lb_Tr_Ki26": 0.7, "Lb_Tr_Ka26": 0.7, "Lb_TS_Ki26": 0.0, "Lb_TS_Ka26": 0.0, "Lb_Med_26": 0.0, "Lbr_Jbt_26": 7.58, "Bgn_Ats_26": "BTP", "Jns_Jbt_26": "STANDAR", "Thn_Bgn_26": "1991", "BA_26": "1", "LNT_26": "1", "BB_26": "0", "DAS_26": "1", "OP_26": "1", "UT_26": "0", "GR_26": "1", "LB_26": "0", "JBT_26": "1", "Tp_Lnts_26": "SUNGAI", "Dt_Lnts_26": "SUNGAI LURUS (STRAIGHT)", "Pnangnn_26": "RUTIN", "Pmriksn_26": "INVENTARISASI", "Pnglola_26": "BPJN NUSA TENGGARA BARAT", "Satkr_ID26": "693914", "PPK_Name26": "PPK 1.2", "Traffic_26": null, "VCR_26": "0.5244", "AADT_26": "3013.7", "Tipe_Jb_26": null, "Lat_26": -8.2657003402699996, "Long_26": 116.24294281, "Tgl_Ins_26": "5\/4\/2026", "Ket_26": null }, "geometry": { "type": "Point", "coordinates": [ 116.24294281, -8.26570034027 ] } },
{ "type": "Feature", "properties": { "KDRUAS_UPD": "42043", "NOJBT_UPD": "42.043.035.0", "NM_RUAS_UP": "PEMENANG - BAYAN", "NM_JBT_UPD": "SEGUNDI II", "PROVINSI": "NUSA TENGGARA BARAT", "No_Prov_26": "42", "ID_Jbt_26": "4200459", "Kd_Ruas_26": "42043", "Suffix_26": null, "Nm_Ruas_26": "PEMENANG - BAYAN", "Lintas_26": "NON LINTAS", "No_Jbt_26": "42.043.035.0", "Nm_Jbt_26": "SEGUNDI II", "Status_26": "N", "Fungsi_26": "K1", "Lks_Dr_26": "MTR", "Lks_km_26": 6546.0, "F_STA_26": "2720", "Cadin_26": "KLU", "Pjg_Jbt_26": 7.4, "Btg_Pjg_26": 6.85, "Jml_Btg_26": "1", "Lb_Jl_Ms26": 5.2, "Lb_Jl_Kl26": 4.99, "Lb_Lalin26": 4.99, "Lb_Bh_Ki26": 0.15, "Lb_Bh_Ka26": 0.25, "Lb_Dr_Ki26": 0.33, "Lb_Dr_Ka26": 0.4, "Lb_Tr_Ki26": 0.48, "Lb_Tr_Ka26": 0.46, "Lb_TS_Ki26": 0.0, "Lb_TS_Ka26": 0.0, "Lb_Med_26": 0.0, "Lbr_Jbt_26": 7.06, "Bgn_Ats_26": "PTP", "Jns_Jbt_26": "STANDAR", "Thn_Bgn_26": "1991", "BA_26": "2", "LNT_26": "2", "BB_26": "2", "DAS_26": "1", "OP_26": "2", "UT_26": "0", "GR_26": "0", "LB_26": "0", "JBT_26": "2", "Tp_Lnts_26": "SUNGAI", "Dt_Lnts_26": "SUNGAI LURUS (STRAIGHT)", "Pnangnn_26": "RUTIN", "Pmriksn_26": "INVENTARISASI", "Pnglola_26": "BPJN NUSA TENGGARA BARAT", "Satkr_ID26": "693914", "PPK_Name26": "PPK 1.2", "Traffic_26": null, "VCR_26": "0.5244", "AADT_26": "3013.7", "Tipe_Jb_26": null, "Lat_26": -8.2591896057100005, "Long_26": 116.24981689500001, "Tgl_Ins_26": "5\/4\/2026", "Ket_26": null }, "geometry": { "type": "Point", "coordinates": [ 116.249816895, -8.25918960571 ] } },
{ "type": "Feature", "properties": { "KDRUAS_UPD": "42043", "NOJBT_UPD": "42.043.037.0", "NM_RUAS_UP": "PEMENANG - BAYAN", "NM_JBT_UPD": "LOKOK RANGAN", "PROVINSI": "NUSA TENGGARA BARAT", "No_Prov_26": "42", "ID_Jbt_26": "4200461", "Kd_Ruas_26": "42043", "Suffix_26": null, "Nm_Ruas_26": "PEMENANG - BAYAN", "Lintas_26": "NON LINTAS", "No_Jbt_26": "42.043.037.0", "Nm_Jbt_26": "LOKOK RANGAN", "Status_26": "N", "Fungsi_26": "K1", "Lks_Dr_26": "MTR", "Lks_km_26": 6716.0, "F_STA_26": "2900", "Cadin_26": "KLU", "Pjg_Jbt_26": 13.5, "Btg_Pjg_26": 13.1, "Jml_Btg_26": "1", "Lb_Jl_Ms26": 5.78, "Lb_Jl_Kl26": 5.78, "Lb_Lalin26": 5.78, "Lb_Bh_Ki26": 0.2, "Lb_Bh_Ka26": 0.15, "Lb_Dr_Ki26": 0.2, "Lb_Dr_Ka26": 0.15, "Lb_Tr_Ki26": 0.85, "Lb_Tr_Ka26": 0.85, "Lb_TS_Ki26": 0.0, "Lb_TS_Ka26": 0.0, "Lb_Med_26": 0.0, "Lbr_Jbt_26": 8.18, "Bgn_Ats_26": "GTP", "Jns_Jbt_26": "STANDAR", "Thn_Bgn_26": "1996", "BA_26": "2", "LNT_26": "2", "BB_26": "1", "DAS_26": "2", "OP_26": "1", "UT_26": "0", "GR_26": "1", "LB_26": "0", "JBT_26": "2", "Tp_Lnts_26": "SUNGAI", "Dt_Lnts_26": "SUNGAI LURUS (STRAIGHT)", "Pnangnn_26": "RUTIN", "Pmriksn_26": "RUTIN", "Pnglola_26": "BPJN NUSA TENGGARA BARAT", "Satkr_ID26": "693914", "PPK_Name26": "PPK 1.2", "Traffic_26": null, "VCR_26": "0.5244", "AADT_26": "3013.7", "Tipe_Jb_26": null, "Lat_26": -8.2546100616500002, "Long_26": 116.26083374, "Tgl_Ins_26": "6\/6\/2024", "Ket_26": null }, "geometry": { "type": "Point", "coordinates": [ 116.26083374, -8.25461006165 ] } },
{ "type": "Feature", "properties": { "KDRUAS_UPD": "42043", "NOJBT_UPD": "42.043.039.0", "NM_RUAS_UP": "PEMENANG - BAYAN", "NM_JBT_UPD": "TL. AMOR", "PROVINSI": "NUSA TENGGARA BARAT", "No_Prov_26": "42", "ID_Jbt_26": "4200463", "Kd_Ruas_26": "42043", "Suffix_26": null, "Nm_Ruas_26": "PEMENANG - BAYAN", "Lintas_26": "NON LINTAS", "No_Jbt_26": "42.043.039.0", "Nm_Jbt_26": "TL. AMOR", "Status_26": "N", "Fungsi_26": "K1", "Lks_Dr_26": "MTR", "Lks_km_26": 6936.0, "F_STA_26": "3100", "Cadin_26": "KLU", "Pjg_Jbt_26": 7.0, "Btg_Pjg_26": 6.7, "Jml_Btg_26": "1", "Lb_Jl_Ms26": 6.3, "Lb_Jl_Kl26": 6.3, "Lb_Lalin26": 5.66, "Lb_Bh_Ki26": 0.2, "Lb_Bh_Ka26": 0.2, "Lb_Dr_Ki26": 0.0, "Lb_Dr_Ka26": 0.0, "Lb_Tr_Ki26": 0.47, "Lb_Tr_Ka26": 0.47, "Lb_TS_Ki26": 0.0, "Lb_TS_Ka26": 0.0, "Lb_Med_26": 0.0, "Lbr_Jbt_26": 7.0, "Bgn_Ats_26": "PTP", "Jns_Jbt_26": "STANDAR", "Thn_Bgn_26": "1982", "BA_26": "2", "LNT_26": "1", "BB_26": "1", "DAS_26": "1", "OP_26": "2", "UT_26": "0", "GR_26": "0", "LB_26": "0", "JBT_26": "2", "Tp_Lnts_26": "SUNGAI", "Dt_Lnts_26": "SUNGAI LURUS (STRAIGHT)", "Pnangnn_26": "RUTIN", "Pmriksn_26": "RUTIN", "Pnglola_26": "BPJN NUSA TENGGARA BARAT", "Satkr_ID26": "693914", "PPK_Name26": "PPK 1.2", "Traffic_26": null, "VCR_26": "0.5244", "AADT_26": "3013.7", "Tipe_Jb_26": null, "Lat_26": -8.2456903457599999, "Long_26": 116.276878357, "Tgl_Ins_26": "6\/6\/2024", "Ket_26": null }, "geometry": { "type": "Point", "coordinates": [ 116.276878357, -8.24569034576 ] } },
{ "type": "Feature", "properties": { "KDRUAS_UPD": "42043", "NOJBT_UPD": "42.043.040.0", "NM_RUAS_UP": "PEMENANG - BAYAN", "NM_JBT_UPD": "AMOR-AMOR I", "PROVINSI": "NUSA TENGGARA BARAT", "No_Prov_26": "42", "ID_Jbt_26": "4200464", "Kd_Ruas_26": "42043", "Suffix_26": null, "Nm_Ruas_26": "PEMENANG - BAYAN", "Lintas_26": "NON LINTAS", "No_Jbt_26": "42.043.040.0", "Nm_Jbt_26": "AMOR-AMOR I", "Status_26": "N", "Fungsi_26": "K1", "Lks_Dr_26": "MTR", "Lks_km_26": 5996.0, "F_STA_26": "3190", "Cadin_26": "KLU", "Pjg_Jbt_26": 6.7, "Btg_Pjg_26": 6.4, "Jml_Btg_26": "1", "Lb_Jl_Ms26": 6.5, "Lb_Jl_Kl26": 6.53, "Lb_Lalin26": 6.56, "Lb_Bh_Ki26": 0.15, "Lb_Bh_Ka26": 0.27, "Lb_Dr_Ki26": 0.0, "Lb_Dr_Ka26": 0.0, "Lb_Tr_Ki26": 0.5, "Lb_Tr_Ka26": 0.5, "Lb_TS_Ki26": 0.0, "Lb_TS_Ka26": 0.0, "Lb_Med_26": 0.0, "Lbr_Jbt_26": 7.98, "Bgn_Ats_26": "PTP", "Jns_Jbt_26": "STANDAR", "Thn_Bgn_26": "1980", "BA_26": "2", "LNT_26": "2", "BB_26": "1", "DAS_26": "1", "OP_26": "2", "UT_26": "0", "GR_26": "0", "LB_26": "0", "JBT_26": "2", "Tp_Lnts_26": "SUNGAI", "Dt_Lnts_26": "SUNGAI LURUS (STRAIGHT)", "Pnangnn_26": "RUTIN", "Pmriksn_26": "INVENTARISASI", "Pnglola_26": "BPJN NUSA TENGGARA BARAT", "Satkr_ID26": "693914", "PPK_Name26": "PPK 1.2", "Traffic_26": null, "VCR_26": "0.5244", "AADT_26": "3013.7", "Tipe_Jb_26": null, "Lat_26": -8.2451496124299997, "Long_26": 116.28424835200001, "Tgl_Ins_26": "5\/5\/2026", "Ket_26": null }, "geometry": { "type": "Point", "coordinates": [ 116.284248352, -8.24514961243 ] } },
{ "type": "Feature", "properties": { "KDRUAS_UPD": "42043", "NOJBT_UPD": "42.043.041.0", "NM_RUAS_UP": "PEMENANG - BAYAN", "NM_JBT_UPD": "AMOR - AMOR II", "PROVINSI": "NUSA TENGGARA BARAT", "No_Prov_26": "42", "ID_Jbt_26": "4200465", "Kd_Ruas_26": "42043", "Suffix_26": null, "Nm_Ruas_26": "PEMENANG - BAYAN", "Lintas_26": "NON LINTAS", "No_Jbt_26": "42.043.041.0", "Nm_Jbt_26": "AMOR - AMOR II", "Status_26": "N", "Fungsi_26": "K1", "Lks_Dr_26": "MTR", "Lks_km_26": 7056.0, "F_STA_26": "3250", "Cadin_26": "KLU", "Pjg_Jbt_26": 25.0, "Btg_Pjg_26": 12.2, "Jml_Btg_26": "2", "Lb_Jl_Ms26": 6.6, "Lb_Jl_Kl26": 6.9, "Lb_Lalin26": 5.66, "Lb_Bh_Ki26": 0.2, "Lb_Bh_Ka26": 0.2, "Lb_Dr_Ki26": 0.1, "Lb_Dr_Ka26": 0.15, "Lb_Tr_Ki26": 0.78, "Lb_Tr_Ka26": 0.7, "Lb_TS_Ki26": 0.0, "Lb_TS_Ka26": 0.0, "Lb_Med_26": 0.0, "Lbr_Jbt_26": 7.79, "Bgn_Ats_26": "GTP", "Jns_Jbt_26": "STANDAR", "Thn_Bgn_26": "1978", "BA_26": "2", "LNT_26": "2", "BB_26": "0", "DAS_26": "2", "OP_26": "2", "UT_26": "0", "GR_26": "0", "LB_26": "0", "JBT_26": "2", "Tp_Lnts_26": "SUNGAI", "Dt_Lnts_26": "SUNGAI LURUS (STRAIGHT)", "Pnangnn_26": "RUTIN", "Pmriksn_26": "RUTIN", "Pnglola_26": "BPJN NUSA TENGGARA BARAT", "Satkr_ID26": "693914", "PPK_Name26": "PPK 1.2", "Traffic_26": null, "VCR_26": "0.5244", "AADT_26": "3013.7", "Tipe_Jb_26": null, "Lat_26": -8.2441101074199992, "Long_26": 116.289756775, "Tgl_Ins_26": "6\/6\/2024", "Ket_26": null }, "geometry": { "type": "Point", "coordinates": [ 116.289756775, -8.244110107419999 ] } },
{ "type": "Feature", "properties": { "KDRUAS_UPD": "42043", "NOJBT_UPD": "42.043.044.0", "NM_RUAS_UP": "PEMENANG - BAYAN", "NM_JBT_UPD": "TAMPES", "PROVINSI": "NUSA TENGGARA BARAT", "No_Prov_26": "42", "ID_Jbt_26": "4200468", "Kd_Ruas_26": "42043", "Suffix_26": null, "Nm_Ruas_26": "PEMENANG - BAYAN", "Lintas_26": "NON LINTAS", "No_Jbt_26": "42.043.044.0", "Nm_Jbt_26": "TAMPES", "Status_26": "N", "Fungsi_26": "K1", "Lks_Dr_26": "MTR", "Lks_km_26": 7226.0, "F_STA_26": "3430", "Cadin_26": "KLU", "Pjg_Jbt_26": 50.0, "Btg_Pjg_26": 49.7, "Jml_Btg_26": "1", "Lb_Jl_Ms26": 6.63, "Lb_Jl_Kl26": 6.63, "Lb_Lalin26": 6.63, "Lb_Bh_Ki26": 0.26, "Lb_Bh_Ka26": 0.25, "Lb_Dr_Ki26": 0.0, "Lb_Dr_Ka26": 0.0, "Lb_Tr_Ki26": 0.9, "Lb_Tr_Ka26": 0.95, "Lb_TS_Ki26": 0.3, "Lb_TS_Ka26": 0.3, "Lb_Med_26": 0.0, "Lbr_Jbt_26": 9.59, "Bgn_Ats_26": "GPP", "Jns_Jbt_26": "STANDAR", "Thn_Bgn_26": "2021", "BA_26": "2", "LNT_26": "2", "BB_26": "1", "DAS_26": "1", "OP_26": "0", "UT_26": "0", "GR_26": "0", "LB_26": "0", "JBT_26": "2", "Tp_Lnts_26": "SUNGAI", "Dt_Lnts_26": "SUNGAI BERKELOK (MEANDERING)", "Pnangnn_26": "RUTIN", "Pmriksn_26": "RUTIN", "Pnglola_26": "BPJN NUSA TENGGARA BARAT", "Satkr_ID26": "693914", "PPK_Name26": "PPK 1.2", "Traffic_26": null, "VCR_26": "0.5244", "AADT_26": "3013.7", "Tipe_Jb_26": null, "Lat_26": -8.2341203689599993, "Long_26": 116.30162811299999, "Tgl_Ins_26": "6\/9\/2024", "Ket_26": null }, "geometry": { "type": "Point", "coordinates": [ 116.301628113, -8.234120368959999 ] } },
{ "type": "Feature", "properties": { "KDRUAS_UPD": "42043", "NOJBT_UPD": "42.043.045.0", "NM_RUAS_UP": "PEMENANG - BAYAN", "NM_JBT_UPD": "KALI PADET", "PROVINSI": "NUSA TENGGARA BARAT", "No_Prov_26": "42", "ID_Jbt_26": "4200469", "Kd_Ruas_26": "42043", "Suffix_26": null, "Nm_Ruas_26": "PEMENANG - BAYAN", "Lintas_26": "NON LINTAS", "No_Jbt_26": "42.043.045.0", "Nm_Jbt_26": "KALI PADET", "Status_26": "N", "Fungsi_26": "K1", "Lks_Dr_26": "MTR", "Lks_km_26": 7316.0, "F_STA_26": "3520", "Cadin_26": "KLU", "Pjg_Jbt_26": 15.0, "Btg_Pjg_26": 14.7, "Jml_Btg_26": "1", "Lb_Jl_Ms26": 6.86, "Lb_Jl_Kl26": 6.86, "Lb_Lalin26": 6.86, "Lb_Bh_Ki26": 0.2, "Lb_Bh_Ka26": 0.15, "Lb_Dr_Ki26": 0.0, "Lb_Dr_Ka26": 0.0, "Lb_Tr_Ki26": 1.0, "Lb_Tr_Ka26": 1.0, "Lb_TS_Ki26": 0.3, "Lb_TS_Ka26": 0.3, "Lb_Med_26": 0.0, "Lbr_Jbt_26": 9.81, "Bgn_Ats_26": "VPP", "Jns_Jbt_26": "STANDAR", "Thn_Bgn_26": "2021", "BA_26": "1", "LNT_26": "1", "BB_26": "1", "DAS_26": "1", "OP_26": "0", "UT_26": "0", "GR_26": "0", "LB_26": "0", "JBT_26": "1", "Tp_Lnts_26": "SUNGAI", "Dt_Lnts_26": "SUNGAI LURUS (STRAIGHT)", "Pnangnn_26": "RUTIN", "Pmriksn_26": "RUTIN", "Pnglola_26": "BPJN NUSA TENGGARA BARAT", "Satkr_ID26": "693914", "PPK_Name26": "PPK 1.2", "Traffic_26": null, "VCR_26": "0.5244", "AADT_26": "3013.7", "Tipe_Jb_26": null, "Lat_26": -8.230509758, "Long_26": 116.30818176299999, "Tgl_Ins_26": "6\/9\/2024", "Ket_26": null }, "geometry": { "type": "Point", "coordinates": [ 116.308181763, -8.230509758 ] } },
{ "type": "Feature", "properties": { "KDRUAS_UPD": "42043", "NOJBT_UPD": "42.043.046.0", "NM_RUAS_UP": "PEMENANG - BAYAN", "NM_JBT_UPD": "PANGGUNG", "PROVINSI": "NUSA TENGGARA BARAT", "No_Prov_26": "42", "ID_Jbt_26": "4200470", "Kd_Ruas_26": "42043", "Suffix_26": null, "Nm_Ruas_26": "PEMENANG - BAYAN", "Lintas_26": "NON LINTAS", "No_Jbt_26": "42.043.046.0", "Nm_Jbt_26": "PANGGUNG", "Status_26": "N", "Fungsi_26": "K1", "Lks_Dr_26": "MTR", "Lks_km_26": 7366.0, "F_STA_26": "3570", "Cadin_26": "KLU", "Pjg_Jbt_26": 13.0, "Btg_Pjg_26": 12.7, "Jml_Btg_26": "1", "Lb_Jl_Ms26": 6.2, "Lb_Jl_Kl26": 6.4, "Lb_Lalin26": 5.34, "Lb_Bh_Ki26": 0.25, "Lb_Bh_Ka26": 0.25, "Lb_Dr_Ki26": 0.15, "Lb_Dr_Ka26": 0.15, "Lb_Tr_Ki26": 1.0, "Lb_Tr_Ka26": 0.85, "Lb_TS_Ki26": 0.0, "Lb_TS_Ka26": 0.0, "Lb_Med_26": 0.0, "Lbr_Jbt_26": 7.99, "Bgn_Ats_26": "GTP", "Jns_Jbt_26": "STANDAR", "Thn_Bgn_26": "1992", "BA_26": "2", "LNT_26": "2", "BB_26": "2", "DAS_26": "2", "OP_26": "2", "UT_26": "0", "GR_26": "0", "LB_26": "0", "JBT_26": "2", "Tp_Lnts_26": "SUNGAI", "Dt_Lnts_26": "SUNGAI LURUS (STRAIGHT)", "Pnangnn_26": "RUTIN", "Pmriksn_26": "RUTIN", "Pnglola_26": "BPJN NUSA TENGGARA BARAT", "Satkr_ID26": "693914", "PPK_Name26": "PPK 1.2", "Traffic_26": null, "VCR_26": "0.5244", "AADT_26": "3013.7", "Tipe_Jb_26": null, "Lat_26": -8.2273902893099997, "Long_26": 116.312202454, "Tgl_Ins_26": "6\/9\/2024", "Ket_26": null }, "geometry": { "type": "Point", "coordinates": [ 116.312202454, -8.22739028931 ] } },
{ "type": "Feature", "properties": { "KDRUAS_UPD": "42043", "NOJBT_UPD": "42.043.047.0", "NM_RUAS_UP": "PEMENANG - BAYAN", "NM_JBT_UPD": "LOKOK PRIA", "PROVINSI": "NUSA TENGGARA BARAT", "No_Prov_26": "42", "ID_Jbt_26": "4200471", "Kd_Ruas_26": "42043", "Suffix_26": null, "Nm_Ruas_26": "PEMENANG - BAYAN", "Lintas_26": "NON LINTAS", "No_Jbt_26": "42.043.047.0", "Nm_Jbt_26": "LOKOK PRIA", "Status_26": "N", "Fungsi_26": "K1", "Lks_Dr_26": "MTR", "Lks_km_26": 7416.0, "F_STA_26": "3620", "Cadin_26": "KLU", "Pjg_Jbt_26": 7.0, "Btg_Pjg_26": 6.7, "Jml_Btg_26": "1", "Lb_Jl_Ms26": 6.32, "Lb_Jl_Kl26": 6.25, "Lb_Lalin26": 5.73, "Lb_Bh_Ki26": 0.25, "Lb_Bh_Ka26": 0.2, "Lb_Dr_Ki26": 0.0, "Lb_Dr_Ka26": 0.0, "Lb_Tr_Ki26": 0.39, "Lb_Tr_Ka26": 0.4, "Lb_TS_Ki26": 0.0, "Lb_TS_Ka26": 0.0, "Lb_Med_26": 0.0, "Lbr_Jbt_26": 6.97, "Bgn_Ats_26": "PTP", "Jns_Jbt_26": "STANDAR", "Thn_Bgn_26": "1989", "BA_26": "1", "LNT_26": "1", "BB_26": "2", "DAS_26": "2", "OP_26": "2", "UT_26": "0", "GR_26": "0", "LB_26": "0", "JBT_26": "2", "Tp_Lnts_26": "SUNGAI", "Dt_Lnts_26": "SUNGAI LURUS (STRAIGHT)", "Pnangnn_26": "RUTIN", "Pmriksn_26": "RUTIN", "Pnglola_26": "BPJN NUSA TENGGARA BARAT", "Satkr_ID26": "693914", "PPK_Name26": "PPK 1.2", "Traffic_26": null, "VCR_26": "0.5244", "AADT_26": "3013.7", "Tipe_Jb_26": null, "Lat_26": -8.2270698547399999, "Long_26": 116.31670379599998, "Tgl_Ins_26": "6\/26\/2024", "Ket_26": null }, "geometry": { "type": "Point", "coordinates": [ 116.316703796, -8.22706985474 ] } },
{ "type": "Feature", "properties": { "KDRUAS_UPD": "42043", "NOJBT_UPD": "42.043.048.0", "NM_RUAS_UP": "PEMENANG - BAYAN", "NM_JBT_UPD": "LOKOK REBAN", "PROVINSI": "NUSA TENGGARA BARAT", "No_Prov_26": "42", "ID_Jbt_26": "4200472", "Kd_Ruas_26": "42043", "Suffix_26": null, "Nm_Ruas_26": "PEMENANG - BAYAN", "Lintas_26": "NON LINTAS", "No_Jbt_26": "42.043.048.0", "Nm_Jbt_26": "LOKOK REBAN", "Status_26": "N", "Fungsi_26": "K1", "Lks_Dr_26": "MTR", "Lks_km_26": 7456.0, "F_STA_26": "3670", "Cadin_26": "KLU", "Pjg_Jbt_26": 6.9, "Btg_Pjg_26": 6.6, "Jml_Btg_26": "1", "Lb_Jl_Ms26": 6.27, "Lb_Jl_Kl26": 6.5, "Lb_Lalin26": 5.6, "Lb_Bh_Ki26": 0.2, "Lb_Bh_Ka26": 0.2, "Lb_Dr_Ki26": 0.1, "Lb_Dr_Ka26": 0.1, "Lb_Tr_Ki26": 0.4, "Lb_Tr_Ka26": 0.4, "Lb_TS_Ki26": 0.0, "Lb_TS_Ka26": 0.0, "Lb_Med_26": 0.0, "Lbr_Jbt_26": 7.0, "Bgn_Ats_26": "PTP", "Jns_Jbt_26": "STANDAR", "Thn_Bgn_26": "1988", "BA_26": "2", "LNT_26": "2", "BB_26": "2", "DAS_26": "2", "OP_26": "2", "UT_26": "0", "GR_26": "0", "LB_26": "0", "JBT_26": "2", "Tp_Lnts_26": "SUNGAI", "Dt_Lnts_26": "SUNGAI LURUS (STRAIGHT)", "Pnangnn_26": "RUTIN", "Pmriksn_26": "RUTIN", "Pnglola_26": "BPJN NUSA TENGGARA BARAT", "Satkr_ID26": "693914", "PPK_Name26": "PPK 1.2", "Traffic_26": null, "VCR_26": "0.5244", "AADT_26": "3013.7", "Tipe_Jb_26": null, "Lat_26": -8.2266902923600007, "Long_26": 116.320533752, "Tgl_Ins_26": "6\/9\/2024", "Ket_26": null }, "geometry": { "type": "Point", "coordinates": [ 116.320533752, -8.226690292360001 ] } },
{ "type": "Feature", "properties": { "KDRUAS_UPD": "42043", "NOJBT_UPD": "42.043.049.0", "NM_RUAS_UP": "PEMENANG - BAYAN", "NM_JBT_UPD": "EMBULAN AIR", "PROVINSI": "NUSA TENGGARA BARAT", "No_Prov_26": "42", "ID_Jbt_26": "4200473", "Kd_Ruas_26": "42043", "Suffix_26": null, "Nm_Ruas_26": "PEMENANG - BAYAN", "Lintas_26": "NON LINTAS", "No_Jbt_26": "42.043.049.0", "Nm_Jbt_26": "EMBULAN AIR", "Status_26": "N", "Fungsi_26": "K1", "Lks_Dr_26": "MTR", "Lks_km_26": 7496.0, "F_STA_26": "3710", "Cadin_26": "KLU", "Pjg_Jbt_26": 6.0, "Btg_Pjg_26": 5.7, "Jml_Btg_26": "1", "Lb_Jl_Ms26": 6.38, "Lb_Jl_Kl26": 6.23, "Lb_Lalin26": 5.81, "Lb_Bh_Ki26": 0.25, "Lb_Bh_Ka26": 0.25, "Lb_Dr_Ki26": 0.1, "Lb_Dr_Ka26": 0.0, "Lb_Tr_Ki26": 0.75, "Lb_Tr_Ka26": 0.75, "Lb_TS_Ki26": 0.0, "Lb_TS_Ka26": 0.0, "Lb_Med_26": 0.0, "Lbr_Jbt_26": 7.91, "Bgn_Ats_26": "GTP", "Jns_Jbt_26": "STANDAR", "Thn_Bgn_26": "1999", "BA_26": "2", "LNT_26": "2", "BB_26": "2", "DAS_26": "2", "OP_26": "2", "UT_26": "0", "GR_26": "0", "LB_26": "0", "JBT_26": "2", "Tp_Lnts_26": "SUNGAI", "Dt_Lnts_26": "SUNGAI LURUS (STRAIGHT)", "Pnangnn_26": "RUTIN", "Pmriksn_26": "RUTIN", "Pnglola_26": "BPJN NUSA TENGGARA BARAT", "Satkr_ID26": "693914", "PPK_Name26": "PPK 1.2", "Traffic_26": null, "VCR_26": "0.5244", "AADT_26": "3013.7", "Tipe_Jb_26": null, "Lat_26": -8.2259397506699994, "Long_26": 116.324111938, "Tgl_Ins_26": "5\/27\/2025", "Ket_26": null }, "geometry": { "type": "Point", "coordinates": [ 116.324111938, -8.225939750669999 ] } },
{ "type": "Feature", "properties": { "KDRUAS_UPD": "42043", "NOJBT_UPD": "42.043.050.0", "NM_RUAS_UP": "PEMENANG - BAYAN", "NM_JBT_UPD": "LOKOK MUMBUL", "PROVINSI": "NUSA TENGGARA BARAT", "No_Prov_26": "42", "ID_Jbt_26": "4200474", "Kd_Ruas_26": "42043", "Suffix_26": null, "Nm_Ruas_26": "PEMENANG - BAYAN", "Lintas_26": "NON LINTAS", "No_Jbt_26": "42.043.050.0", "Nm_Jbt_26": "LOKOK MUMBUL", "Status_26": "N", "Fungsi_26": "K1", "Lks_Dr_26": "MTR", "Lks_km_26": 7571.0, "F_STA_26": "3790", "Cadin_26": "KLU", "Pjg_Jbt_26": 14.8, "Btg_Pjg_26": 14.5, "Jml_Btg_26": "1", "Lb_Jl_Ms26": 5.52, "Lb_Jl_Kl26": 5.52, "Lb_Lalin26": 5.52, "Lb_Bh_Ki26": 0.27, "Lb_Bh_Ka26": 0.1, "Lb_Dr_Ki26": 0.1, "Lb_Dr_Ka26": 0.2, "Lb_Tr_Ki26": 0.85, "Lb_Tr_Ka26": 0.8, "Lb_TS_Ki26": 0.0, "Lb_TS_Ka26": 0.0, "Lb_Med_26": 0.0, "Lbr_Jbt_26": 7.84, "Bgn_Ats_26": "GTP", "Jns_Jbt_26": "STANDAR", "Thn_Bgn_26": "1994", "BA_26": "2", "LNT_26": "2", "BB_26": "2", "DAS_26": "1", "OP_26": "1", "UT_26": "0", "GR_26": "0", "LB_26": "0", "JBT_26": "2", "Tp_Lnts_26": "SUNGAI", "Dt_Lnts_26": "SUNGAI LURUS (STRAIGHT)", "Pnangnn_26": "RUTIN", "Pmriksn_26": "RUTIN", "Pnglola_26": "BPJN NUSA TENGGARA BARAT", "Satkr_ID26": "693914", "PPK_Name26": "PPK 1.2", "Traffic_26": null, "VCR_26": "0.5244", "AADT_26": "3013.7", "Tipe_Jb_26": null, "Lat_26": -8.2231502533, "Long_26": 116.330566406, "Tgl_Ins_26": "6\/9\/2024", "Ket_26": null }, "geometry": { "type": "Point", "coordinates": [ 116.330566406, -8.2231502533 ] } },
{ "type": "Feature", "properties": { "KDRUAS_UPD": "42043", "NOJBT_UPD": "42.043.051.0", "NM_RUAS_UP": "PEMENANG - BAYAN", "NM_JBT_UPD": "LOKOK LEBAK", "PROVINSI": "NUSA TENGGARA BARAT", "No_Prov_26": "42", "ID_Jbt_26": "4200475", "Kd_Ruas_26": "42043", "Suffix_26": null, "Nm_Ruas_26": "PEMENANG - BAYAN", "Lintas_26": "NON LINTAS", "No_Jbt_26": "42.043.051.0", "Nm_Jbt_26": "LOKOK LEBAK", "Status_26": "N", "Fungsi_26": "K1", "Lks_Dr_26": "MTR", "Lks_km_26": 7616.0, "F_STA_26": "3840", "Cadin_26": "KLU", "Pjg_Jbt_26": 7.0, "Btg_Pjg_26": 6.7, "Jml_Btg_26": "1", "Lb_Jl_Ms26": 6.3, "Lb_Jl_Kl26": 6.5, "Lb_Lalin26": 5.46, "Lb_Bh_Ki26": 0.2, "Lb_Bh_Ka26": 0.2, "Lb_Dr_Ki26": 0.2, "Lb_Dr_Ka26": 0.35, "Lb_Tr_Ki26": 0.3, "Lb_Tr_Ka26": 0.3, "Lb_TS_Ki26": 0.0, "Lb_TS_Ka26": 0.0, "Lb_Med_26": 0.0, "Lbr_Jbt_26": 7.01, "Bgn_Ats_26": "PTP", "Jns_Jbt_26": "STANDAR", "Thn_Bgn_26": "1992", "BA_26": "2", "LNT_26": "0", "BB_26": "2", "DAS_26": "2", "OP_26": "2", "UT_26": "0", "GR_26": "0", "LB_26": "0", "JBT_26": "2", "Tp_Lnts_26": "SUNGAI", "Dt_Lnts_26": "SUNGAI LURUS (STRAIGHT)", "Pnangnn_26": "RUTIN", "Pmriksn_26": "RUTIN", "Pnglola_26": "BPJN NUSA TENGGARA BARAT", "Satkr_ID26": "693914", "PPK_Name26": "PPK 1.2", "Traffic_26": null, "VCR_26": "0.5244", "AADT_26": "3013.7", "Tipe_Jb_26": null, "Lat_26": -8.2217597961400006, "Long_26": 116.335037231, "Tgl_Ins_26": "7\/7\/2024", "Ket_26": null }, "geometry": { "type": "Point", "coordinates": [ 116.335037231, -8.221759796140001 ] } },
{ "type": "Feature", "properties": { "KDRUAS_UPD": "42043", "NOJBT_UPD": "42.043.052.0", "NM_RUAS_UP": "PEMENANG - BAYAN", "NM_JBT_UPD": "AKAR-AKAR", "PROVINSI": "NUSA TENGGARA BARAT", "No_Prov_26": "42", "ID_Jbt_26": "4200476", "Kd_Ruas_26": "42043", "Suffix_26": null, "Nm_Ruas_26": "PEMENANG - BAYAN", "Lintas_26": "NON LINTAS", "No_Jbt_26": "42.043.052.0", "Nm_Jbt_26": "AKAR-AKAR", "Status_26": "N", "Fungsi_26": "K1", "Lks_Dr_26": "MTR", "Lks_km_26": 7726.0, "F_STA_26": "3950", "Cadin_26": "KLU", "Pjg_Jbt_26": 8.0, "Btg_Pjg_26": 7.7, "Jml_Btg_26": "1", "Lb_Jl_Ms26": 6.5, "Lb_Jl_Kl26": 6.45, "Lb_Lalin26": 5.55, "Lb_Bh_Ki26": 0.23, "Lb_Bh_Ka26": 0.2, "Lb_Dr_Ki26": 0.07, "Lb_Dr_Ka26": 0.15, "Lb_Tr_Ki26": 0.8, "Lb_Tr_Ka26": 0.85, "Lb_TS_Ki26": 0.0, "Lb_TS_Ka26": 0.0, "Lb_Med_26": 0.0, "Lbr_Jbt_26": 7.85, "Bgn_Ats_26": "ETP", "Jns_Jbt_26": "STANDAR", "Thn_Bgn_26": "1995", "BA_26": "2", "LNT_26": "1", "BB_26": "2", "DAS_26": "2", "OP_26": "0", "UT_26": "0", "GR_26": "0", "LB_26": "0", "JBT_26": "2", "Tp_Lnts_26": "SUNGAI", "Dt_Lnts_26": "SUNGAI LURUS (STRAIGHT)", "Pnangnn_26": "RUTIN", "Pmriksn_26": "RUTIN", "Pnglola_26": "BPJN NUSA TENGGARA BARAT", "Satkr_ID26": "693914", "PPK_Name26": "PPK 1.2", "Traffic_26": null, "VCR_26": "0.5244", "AADT_26": "3013.7", "Tipe_Jb_26": null, "Lat_26": -8.2206802368199998, "Long_26": 116.34472656299999, "Tgl_Ins_26": "6\/9\/2024", "Ket_26": null }, "geometry": { "type": "Point", "coordinates": [ 116.344726563, -8.22068023682 ] } },
{ "type": "Feature", "properties": { "KDRUAS_UPD": "42043", "NOJBT_UPD": "42.043.054.0", "NM_RUAS_UP": "PEMENANG - BAYAN", "NM_JBT_UPD": "TL. EMBAR-EMBAR", "PROVINSI": "NUSA TENGGARA BARAT", "No_Prov_26": "42", "ID_Jbt_26": "4200478", "Kd_Ruas_26": "42043", "Suffix_26": null, "Nm_Ruas_26": "PEMENANG - BAYAN", "Lintas_26": "NON LINTAS", "No_Jbt_26": "42.043.054.0", "Nm_Jbt_26": "TL. EMBAR-EMBAR", "Status_26": "N", "Fungsi_26": "K1", "Lks_Dr_26": "MTR", "Lks_km_26": 7836.0, "F_STA_26": "4060", "Cadin_26": "KLU", "Pjg_Jbt_26": 6.4, "Btg_Pjg_26": 6.1, "Jml_Btg_26": "1", "Lb_Jl_Ms26": 6.74, "Lb_Jl_Kl26": 6.74, "Lb_Lalin26": 6.74, "Lb_Bh_Ki26": 1.3, "Lb_Bh_Ka26": 2.15, "Lb_Dr_Ki26": 0.0, "Lb_Dr_Ka26": 0.0, "Lb_Tr_Ki26": 0.9, "Lb_Tr_Ka26": 0.95, "Lb_TS_Ki26": 0.0, "Lb_TS_Ka26": 0.0, "Lb_Med_26": 0.0, "Lbr_Jbt_26": 12.04, "Bgn_Ats_26": "PTP", "Jns_Jbt_26": "STANDAR", "Thn_Bgn_26": "1998", "BA_26": "2", "LNT_26": "1", "BB_26": "2", "DAS_26": "1", "OP_26": "1", "UT_26": "0", "GR_26": "0", "LB_26": "0", "JBT_26": "2", "Tp_Lnts_26": "SUNGAI", "Dt_Lnts_26": "SUNGAI LURUS (STRAIGHT)", "Pnangnn_26": "RUTIN", "Pmriksn_26": "RUTIN", "Pnglola_26": "BPJN NUSA TENGGARA BARAT", "Satkr_ID26": "693914", "PPK_Name26": "PPK 1.2", "Traffic_26": null, "VCR_26": "0.5244", "AADT_26": "3013.7", "Tipe_Jb_26": null, "Lat_26": -8.2197904586800004, "Long_26": 116.354118347, "Tgl_Ins_26": "6\/8\/2024", "Ket_26": null }, "geometry": { "type": "Point", "coordinates": [ 116.354118347, -8.21979045868 ] } },
{ "type": "Feature", "properties": { "KDRUAS_UPD": "42043", "NOJBT_UPD": "42.043.055.0", "NM_RUAS_UP": "PEMENANG - BAYAN", "NM_JBT_UPD": "EMBAR-EMBAR A", "PROVINSI": "NUSA TENGGARA BARAT", "No_Prov_26": "42", "ID_Jbt_26": "4200479", "Kd_Ruas_26": "42043", "Suffix_26": null, "Nm_Ruas_26": "PEMENANG - BAYAN", "Lintas_26": "NON LINTAS", "No_Jbt_26": "42.043.055.0", "Nm_Jbt_26": "EMBAR-EMBAR A", "Status_26": "N", "Fungsi_26": "K1", "Lks_Dr_26": "MTR", "Lks_km_26": 7876.0, "F_STA_26": "4090", "Cadin_26": "KLU", "Pjg_Jbt_26": 30.7, "Btg_Pjg_26": 30.2, "Jml_Btg_26": "1", "Lb_Jl_Ms26": 6.28, "Lb_Jl_Kl26": 6.2, "Lb_Lalin26": 5.45, "Lb_Bh_Ki26": 0.27, "Lb_Bh_Ka26": 0.2, "Lb_Dr_Ki26": 0.0, "Lb_Dr_Ka26": 0.0, "Lb_Tr_Ki26": 0.48, "Lb_Tr_Ka26": 0.5, "Lb_TS_Ki26": 0.3, "Lb_TS_Ka26": 0.3, "Lb_Med_26": 0.0, "Lbr_Jbt_26": 7.5, "Bgn_Ats_26": "GBP", "Jns_Jbt_26": "STANDAR", "Thn_Bgn_26": "1998", "BA_26": "2", "LNT_26": "2", "BB_26": "2", "DAS_26": "0", "OP_26": "1", "UT_26": "0", "GR_26": "0", "LB_26": "0", "JBT_26": "2", "Tp_Lnts_26": "SUNGAI", "Dt_Lnts_26": "SUNGAI LURUS (STRAIGHT)", "Pnangnn_26": "RUTIN", "Pmriksn_26": "RUTIN", "Pnglola_26": "BPJN NUSA TENGGARA BARAT", "Satkr_ID26": "693914", "PPK_Name26": "PPK 1.2", "Traffic_26": null, "VCR_26": "0.5244", "AADT_26": "3013.7", "Tipe_Jb_26": null, "Lat_26": -8.21891880035, "Long_26": 116.357078552, "Tgl_Ins_26": "6\/8\/2024", "Ket_26": null }, "geometry": { "type": "Point", "coordinates": [ 116.357078552, -8.21891880035 ] } },
{ "type": "Feature", "properties": { "KDRUAS_UPD": "42043", "NOJBT_UPD": "42.043.056.0", "NM_RUAS_UP": "PEMENANG - BAYAN", "NM_JBT_UPD": "KOLOH PETANTANG", "PROVINSI": "NUSA TENGGARA BARAT", "No_Prov_26": "42", "ID_Jbt_26": "4200480", "Kd_Ruas_26": "42043", "Suffix_26": null, "Nm_Ruas_26": "PEMENANG - BAYAN", "Lintas_26": "NON LINTAS", "No_Jbt_26": "42.043.056.0", "Nm_Jbt_26": "KOLOH PETANTANG", "Status_26": "N", "Fungsi_26": "K1", "Lks_Dr_26": "MTR", "Lks_km_26": 8076.0, "F_STA_26": "4230", "Cadin_26": "KLU", "Pjg_Jbt_26": 10.9, "Btg_Pjg_26": 10.7, "Jml_Btg_26": "1", "Lb_Jl_Ms26": 6.4, "Lb_Jl_Kl26": 6.45, "Lb_Lalin26": 5.48, "Lb_Bh_Ki26": 0.2, "Lb_Bh_Ka26": 0.15, "Lb_Dr_Ki26": 0.28, "Lb_Dr_Ka26": 0.15, "Lb_Tr_Ki26": 0.8, "Lb_Tr_Ka26": 0.77, "Lb_TS_Ki26": 0.0, "Lb_TS_Ka26": 0.0, "Lb_Med_26": 0.0, "Lbr_Jbt_26": 7.83, "Bgn_Ats_26": "GTP", "Jns_Jbt_26": "STANDAR", "Thn_Bgn_26": "1995", "BA_26": "1", "LNT_26": "1", "BB_26": "2", "DAS_26": "1", "OP_26": "1", "UT_26": "0", "GR_26": "0", "LB_26": "0", "JBT_26": "2", "Tp_Lnts_26": "SUNGAI", "Dt_Lnts_26": "SUNGAI LURUS (STRAIGHT)", "Pnangnn_26": "RUTIN", "Pmriksn_26": "RUTIN", "Pnglola_26": "BPJN NUSA TENGGARA BARAT", "Satkr_ID26": "693914", "PPK_Name26": "PPK 1.2", "Traffic_26": null, "VCR_26": "0.5244", "AADT_26": "3013.7", "Tipe_Jb_26": null, "Lat_26": -8.21623039246, "Long_26": 116.36856842000002, "Tgl_Ins_26": "6\/11\/2024", "Ket_26": null }, "geometry": { "type": "Point", "coordinates": [ 116.36856842, -8.21623039246 ] } },
{ "type": "Feature", "properties": { "KDRUAS_UPD": "42043", "NOJBT_UPD": "42.043.057.0", "NM_RUAS_UP": "PEMENANG - BAYAN", "NM_JBT_UPD": "LOANG LANDAK", "PROVINSI": "NUSA TENGGARA BARAT", "No_Prov_26": "42", "ID_Jbt_26": "4200481", "Kd_Ruas_26": "42043", "Suffix_26": null, "Nm_Ruas_26": "PEMENANG - BAYAN", "Lintas_26": "NON LINTAS", "No_Jbt_26": "42.043.057.0", "Nm_Jbt_26": "LOANG LANDAK", "Status_26": "N", "Fungsi_26": "K1", "Lks_Dr_26": "MTR", "Lks_km_26": 8116.0, "F_STA_26": "4250", "Cadin_26": "KLU", "Pjg_Jbt_26": 8.0, "Btg_Pjg_26": 7.7, "Jml_Btg_26": "1", "Lb_Jl_Ms26": 7.1, "Lb_Jl_Kl26": 6.9, "Lb_Lalin26": 7.82, "Lb_Bh_Ki26": 0.32, "Lb_Bh_Ka26": 0.17, "Lb_Dr_Ki26": 0.12, "Lb_Dr_Ka26": 0.1, "Lb_Tr_Ki26": 0.8, "Lb_Tr_Ka26": 0.82, "Lb_TS_Ki26": 0.0, "Lb_TS_Ka26": 0.0, "Lb_Med_26": 0.0, "Lbr_Jbt_26": 10.15, "Bgn_Ats_26": "ABP", "Jns_Jbt_26": "STANDAR", "Thn_Bgn_26": "1978", "BA_26": "2", "LNT_26": "2", "BB_26": "0", "DAS_26": "2", "OP_26": "2", "UT_26": "0", "GR_26": "0", "LB_26": "0", "JBT_26": "2", "Tp_Lnts_26": "SUNGAI", "Dt_Lnts_26": "SUNGAI LURUS (STRAIGHT)", "Pnangnn_26": "RUTIN", "Pmriksn_26": "RUTIN", "Pnglola_26": "BPJN NUSA TENGGARA BARAT", "Satkr_ID26": "693914", "PPK_Name26": "PPK 1.2", "Traffic_26": null, "VCR_26": "0.5244", "AADT_26": "3013.7", "Tipe_Jb_26": null, "Lat_26": -8.2154598236100007, "Long_26": 116.37046051, "Tgl_Ins_26": "7\/6\/2024", "Ket_26": null }, "geometry": { "type": "Point", "coordinates": [ 116.37046051, -8.215459823610001 ] } },
{ "type": "Feature", "properties": { "KDRUAS_UPD": "42043", "NOJBT_UPD": "42.043.058.0", "NM_RUAS_UP": "PEMENANG - BAYAN", "NM_JBT_UPD": "KOLOH PERSANI", "PROVINSI": "NUSA TENGGARA BARAT", "No_Prov_26": "42", "ID_Jbt_26": "4200482", "Kd_Ruas_26": "42043", "Suffix_26": null, "Nm_Ruas_26": "PEMENANG - BAYAN", "Lintas_26": "NON LINTAS", "No_Jbt_26": "42.043.058.0", "Nm_Jbt_26": "KOLOH PERSANI", "Status_26": "N", "Fungsi_26": "K1", "Lks_Dr_26": "MTR", "Lks_km_26": 8266.0, "F_STA_26": "4410", "Cadin_26": "KLU", "Pjg_Jbt_26": 11.0, "Btg_Pjg_26": 10.7, "Jml_Btg_26": "1", "Lb_Jl_Ms26": 6.4, "Lb_Jl_Kl26": 6.44, "Lb_Lalin26": 5.56, "Lb_Bh_Ki26": 0.2, "Lb_Bh_Ka26": 0.2, "Lb_Dr_Ki26": 0.1, "Lb_Dr_Ka26": 0.1, "Lb_Tr_Ki26": 1.0, "Lb_Tr_Ka26": 0.86, "Lb_TS_Ki26": 0.0, "Lb_TS_Ka26": 0.0, "Lb_Med_26": 0.0, "Lbr_Jbt_26": 8.02, "Bgn_Ats_26": "ETP", "Jns_Jbt_26": "STANDAR", "Thn_Bgn_26": "1995", "BA_26": "2", "LNT_26": "1", "BB_26": "0", "DAS_26": "2", "OP_26": "2", "UT_26": "0", "GR_26": "0", "LB_26": "0", "JBT_26": "2", "Tp_Lnts_26": "SUNGAI", "Dt_Lnts_26": "SUNGAI LURUS (STRAIGHT)", "Pnangnn_26": "RUTIN", "Pmriksn_26": "RUTIN", "Pnglola_26": "BPJN NUSA TENGGARA BARAT", "Satkr_ID26": "693914", "PPK_Name26": "PPK 1.2", "Traffic_26": null, "VCR_26": "0.5244", "AADT_26": "3013.7", "Tipe_Jb_26": null, "Lat_26": -8.2199697494499997, "Long_26": 116.38295745800002, "Tgl_Ins_26": "6\/12\/2024", "Ket_26": null }, "geometry": { "type": "Point", "coordinates": [ 116.382957458, -8.21996974945 ] } },
{ "type": "Feature", "properties": { "KDRUAS_UPD": "42043", "NOJBT_UPD": "42.043.059.0", "NM_RUAS_UP": "PEMENANG - BAYAN", "NM_JBT_UPD": "DS. KEREPUK I", "PROVINSI": "NUSA TENGGARA BARAT", "No_Prov_26": "42", "ID_Jbt_26": "4200483", "Kd_Ruas_26": "42043", "Suffix_26": null, "Nm_Ruas_26": "PEMENANG - BAYAN", "Lintas_26": "NON LINTAS", "No_Jbt_26": "42.043.059.0", "Nm_Jbt_26": "DS. KEREPUK I", "Status_26": "N", "Fungsi_26": "K1", "Lks_Dr_26": "MTR", "Lks_km_26": 8316.0, "F_STA_26": "4470", "Cadin_26": "KLU", "Pjg_Jbt_26": 10.7, "Btg_Pjg_26": 10.4, "Jml_Btg_26": "1", "Lb_Jl_Ms26": 5.61, "Lb_Jl_Kl26": 5.61, "Lb_Lalin26": 5.61, "Lb_Bh_Ki26": 0.05, "Lb_Bh_Ka26": 0.1, "Lb_Dr_Ki26": 0.2, "Lb_Dr_Ka26": 0.25, "Lb_Tr_Ki26": 0.78, "Lb_Tr_Ka26": 0.75, "Lb_TS_Ki26": 0.0, "Lb_TS_Ka26": 0.0, "Lb_Med_26": 0.0, "Lbr_Jbt_26": 7.74, "Bgn_Ats_26": "GTP", "Jns_Jbt_26": "STANDAR", "Thn_Bgn_26": "1995", "BA_26": "2", "LNT_26": "2", "BB_26": "2", "DAS_26": "1", "OP_26": "1", "UT_26": "0", "GR_26": "0", "LB_26": "0", "JBT_26": "2", "Tp_Lnts_26": "SUNGAI", "Dt_Lnts_26": "SUNGAI LURUS (STRAIGHT)", "Pnangnn_26": "RUTIN", "Pmriksn_26": "RUTIN", "Pnglola_26": "BPJN NUSA TENGGARA BARAT", "Satkr_ID26": "693914", "PPK_Name26": "PPK 1.2", "Traffic_26": null, "VCR_26": "0.5244", "AADT_26": "3013.7", "Tipe_Jb_26": null, "Lat_26": -8.2204399108900006, "Long_26": 116.388633728, "Tgl_Ins_26": "6\/12\/2024", "Ket_26": null }, "geometry": { "type": "Point", "coordinates": [ 116.388633728, -8.220439910890001 ] } },
{ "type": "Feature", "properties": { "KDRUAS_UPD": "42043", "NOJBT_UPD": "42.043.060.0", "NM_RUAS_UP": "PEMENANG - BAYAN", "NM_JBT_UPD": "KOKOK KONDANG", "PROVINSI": "NUSA TENGGARA BARAT", "No_Prov_26": "42", "ID_Jbt_26": "4200484", "Kd_Ruas_26": "42043", "Suffix_26": null, "Nm_Ruas_26": "PEMENANG - BAYAN", "Lintas_26": "NON LINTAS", "No_Jbt_26": "42.043.060.0", "Nm_Jbt_26": "KOKOK KONDANG", "Status_26": "N", "Fungsi_26": "K1", "Lks_Dr_26": "MTR", "Lks_km_26": 84.0, "F_STA_26": "4540", "Cadin_26": "KLU", "Pjg_Jbt_26": 42.2, "Btg_Pjg_26": 20.8, "Jml_Btg_26": "2", "Lb_Jl_Ms26": 5.96, "Lb_Jl_Kl26": 5.96, "Lb_Lalin26": 5.96, "Lb_Bh_Ki26": 0.05, "Lb_Bh_Ka26": 0.05, "Lb_Dr_Ki26": 0.1, "Lb_Dr_Ka26": 0.1, "Lb_Tr_Ki26": 0.85, "Lb_Tr_Ka26": 0.85, "Lb_TS_Ki26": 0.0, "Lb_TS_Ka26": 0.0, "Lb_Med_26": 0.0, "Lbr_Jbt_26": 7.96, "Bgn_Ats_26": "GTP", "Jns_Jbt_26": "STANDAR", "Thn_Bgn_26": "1995", "BA_26": "2", "LNT_26": "2", "BB_26": "2", "DAS_26": "1", "OP_26": "2", "UT_26": "0", "GR_26": "0", "LB_26": "0", "JBT_26": "2", "Tp_Lnts_26": "SUNGAI", "Dt_Lnts_26": "SUNGAI LURUS (STRAIGHT)", "Pnangnn_26": "RUTIN", "Pmriksn_26": "RUTIN", "Pnglola_26": "BPJN NUSA TENGGARA BARAT", "Satkr_ID26": "693914", "PPK_Name26": "PPK 1.2", "Traffic_26": null, "VCR_26": "0.5244", "AADT_26": "3013.7", "Tipe_Jb_26": null, "Lat_26": -8.2206096649199996, "Long_26": 116.39517974899999, "Tgl_Ins_26": "7\/6\/2024", "Ket_26": null }, "geometry": { "type": "Point", "coordinates": [ 116.395179749, -8.22060966492 ] } },
{ "type": "Feature", "properties": { "KDRUAS_UPD": "42043", "NOJBT_UPD": "42.043.061.0", "NM_RUAS_UP": "PEMENANG - BAYAN", "NM_JBT_UPD": "LOKOK SEPET", "PROVINSI": "NUSA TENGGARA BARAT", "No_Prov_26": "42", "ID_Jbt_26": "4200485", "Kd_Ruas_26": "42043", "Suffix_26": null, "Nm_Ruas_26": "PEMENANG - BAYAN", "Lintas_26": "NON LINTAS", "No_Jbt_26": "42.043.061.0", "Nm_Jbt_26": "LOKOK SEPET", "Status_26": "N", "Fungsi_26": "K1", "Lks_Dr_26": "MTR", "Lks_km_26": 8416.0, "F_STA_26": "4560", "Cadin_26": "KLU", "Pjg_Jbt_26": 10.8, "Btg_Pjg_26": 10.7, "Jml_Btg_26": "1", "Lb_Jl_Ms26": 5.61, "Lb_Jl_Kl26": 6.5, "Lb_Lalin26": 5.61, "Lb_Bh_Ki26": 0.2, "Lb_Bh_Ka26": 0.15, "Lb_Dr_Ki26": 0.1, "Lb_Dr_Ka26": 0.1, "Lb_Tr_Ki26": 0.77, "Lb_Tr_Ka26": 0.8, "Lb_TS_Ki26": 0.0, "Lb_TS_Ka26": 0.0, "Lb_Med_26": 0.0, "Lbr_Jbt_26": 7.73, "Bgn_Ats_26": "GTP", "Jns_Jbt_26": "STANDAR", "Thn_Bgn_26": "1994", "BA_26": "2", "LNT_26": "2", "BB_26": "2", "DAS_26": "2", "OP_26": "2", "UT_26": "0", "GR_26": "0", "LB_26": "0", "JBT_26": "2", "Tp_Lnts_26": "SUNGAI", "Dt_Lnts_26": "SUNGAI LURUS (STRAIGHT)", "Pnangnn_26": "RUTIN", "Pmriksn_26": "RUTIN", "Pnglola_26": "BPJN NUSA TENGGARA BARAT", "Satkr_ID26": "693914", "PPK_Name26": "PPK 1.2", "Traffic_26": null, "VCR_26": "0.5244", "AADT_26": "3013.7", "Tipe_Jb_26": null, "Lat_26": -8.2213602066, "Long_26": 116.39685821500001, "Tgl_Ins_26": "7\/6\/2024", "Ket_26": null }, "geometry": { "type": "Point", "coordinates": [ 116.396858215, -8.2213602066 ] } },
{ "type": "Feature", "properties": { "KDRUAS_UPD": "42043", "NOJBT_UPD": "42.043.062.0", "NM_RUAS_UP": "PEMENANG - BAYAN", "NM_JBT_UPD": "KOKOK KOANGAN", "PROVINSI": "NUSA TENGGARA BARAT", "No_Prov_26": "42", "ID_Jbt_26": "4200486", "Kd_Ruas_26": "42043", "Suffix_26": null, "Nm_Ruas_26": "PEMENANG - BAYAN", "Lintas_26": "NON LINTAS", "No_Jbt_26": "42.043.062.0", "Nm_Jbt_26": "KOKOK KOANGAN", "Status_26": "N", "Fungsi_26": "K1", "Lks_Dr_26": "MTR", "Lks_km_26": 8516.0, "F_STA_26": "4670", "Cadin_26": "KLU", "Pjg_Jbt_26": 51.0, "Btg_Pjg_26": 50.7, "Jml_Btg_26": "1", "Lb_Jl_Ms26": 6.5, "Lb_Jl_Kl26": 6.43, "Lb_Lalin26": 5.52, "Lb_Bh_Ki26": 0.15, "Lb_Bh_Ka26": 0.13, "Lb_Dr_Ki26": 0.1, "Lb_Dr_Ka26": 0.1, "Lb_Tr_Ki26": 0.47, "Lb_Tr_Ka26": 0.45, "Lb_TS_Ki26": 0.0, "Lb_TS_Ka26": 0.0, "Lb_Med_26": 0.0, "Lbr_Jbt_26": 6.92, "Bgn_Ats_26": "RBP", "Jns_Jbt_26": "STANDAR", "Thn_Bgn_26": "1995", "BA_26": "2", "LNT_26": "1", "BB_26": "2", "DAS_26": "2", "OP_26": "2", "UT_26": "0", "GR_26": "1", "LB_26": "0", "JBT_26": "2", "Tp_Lnts_26": "SUNGAI", "Dt_Lnts_26": "SUNGAI LURUS (STRAIGHT)", "Pnangnn_26": "RUTIN", "Pmriksn_26": "RUTIN", "Pnglola_26": "BPJN NUSA TENGGARA BARAT", "Satkr_ID26": "693914", "PPK_Name26": "PPK 1.2", "Traffic_26": null, "VCR_26": "0.5244", "AADT_26": "3013.7", "Tipe_Jb_26": null, "Lat_26": -8.2225704193099993, "Long_26": 116.40603637699999, "Tgl_Ins_26": "6\/11\/2024", "Ket_26": null }, "geometry": { "type": "Point", "coordinates": [ 116.406036377, -8.222570419309999 ] } },
{ "type": "Feature", "properties": { "KDRUAS_UPD": "42043", "NOJBT_UPD": "42.043.027.0", "NM_RUAS_UP": "PEMENANG - BAYAN", "NM_JBT_UPD": "KOLOH PENGGOLONG", "PROVINSI": "NUSA TENGGARA BARAT", "No_Prov_26": "42", "ID_Jbt_26": "4200451", "Kd_Ruas_26": "42043", "Suffix_26": null, "Nm_Ruas_26": "PEMENANG - BAYAN", "Lintas_26": "NON LINTAS", "No_Jbt_26": "42.043.027.0", "Nm_Jbt_26": "KOLOH PENGGOLONG", "Status_26": "N", "Fungsi_26": "K1", "Lks_Dr_26": "MTR", "Lks_km_26": 6206.0, "F_STA_26": "2360", "Cadin_26": "KLU", "Pjg_Jbt_26": 50.8, "Btg_Pjg_26": 50.6, "Jml_Btg_26": "1", "Lb_Jl_Ms26": 6.56, "Lb_Jl_Kl26": 6.56, "Lb_Lalin26": 6.56, "Lb_Bh_Ki26": 0.2, "Lb_Bh_Ka26": 0.23, "Lb_Dr_Ki26": 0.0, "Lb_Dr_Ka26": 0.0, "Lb_Tr_Ki26": 0.9, "Lb_Tr_Ka26": 0.98, "Lb_TS_Ki26": 0.3, "Lb_TS_Ka26": 0.3, "Lb_Med_26": 0.0, "Lbr_Jbt_26": 9.47, "Bgn_Ats_26": "GPP", "Jns_Jbt_26": "STANDAR", "Thn_Bgn_26": "2023", "BA_26": "1", "LNT_26": "1", "BB_26": "1", "DAS_26": "0", "OP_26": "1", "UT_26": "0", "GR_26": "0", "LB_26": "0", "JBT_26": "1", "Tp_Lnts_26": "SUNGAI", "Dt_Lnts_26": "SUNGAI LURUS (STRAIGHT)", "Pnangnn_26": "RUTIN", "Pmriksn_26": "RUTIN", "Pnglola_26": "BPJN NUSA TENGGARA BARAT", "Satkr_ID26": "693914", "PPK_Name26": "PPK 1.2", "Traffic_26": null, "VCR_26": "0.5244", "AADT_26": "3013.7", "Tipe_Jb_26": null, "Lat_26": -8.2783603668199994, "Long_26": 116.224159241, "Tgl_Ins_26": "7\/9\/2024", "Ket_26": null }, "geometry": { "type": "Point", "coordinates": [ 116.224159241, -8.278360366819999 ] } },
{ "type": "Feature", "properties": { "KDRUAS_UPD": "42043", "NOJBT_UPD": "42.043.030.0", "NM_RUAS_UP": "PEMENANG - BAYAN", "NM_JBT_UPD": "KOLOH JUGIL", "PROVINSI": "NUSA TENGGARA BARAT", "No_Prov_26": "42", "ID_Jbt_26": "4200454", "Kd_Ruas_26": "42043", "Suffix_26": null, "Nm_Ruas_26": "PEMENANG - BAYAN", "Lintas_26": "NON LINTAS", "No_Jbt_26": "42.043.030.0", "Nm_Jbt_26": "KOLOH JUGIL", "Status_26": "N", "Fungsi_26": "K1", "Lks_Dr_26": "MTR", "Lks_km_26": 6291.0, "F_STA_26": "2450", "Cadin_26": "KLU", "Pjg_Jbt_26": 6.5, "Btg_Pjg_26": 6.0, "Jml_Btg_26": "1", "Lb_Jl_Ms26": 5.56, "Lb_Jl_Kl26": 5.56, "Lb_Lalin26": 5.56, "Lb_Bh_Ki26": 0.15, "Lb_Bh_Ka26": 0.05, "Lb_Dr_Ki26": 0.2, "Lb_Dr_Ka26": 0.1, "Lb_Tr_Ki26": 0.5, "Lb_Tr_Ka26": 0.47, "Lb_TS_Ki26": 0.0, "Lb_TS_Ka26": 0.0, "Lb_Med_26": 0.0, "Lbr_Jbt_26": 7.03, "Bgn_Ats_26": "PTP", "Jns_Jbt_26": "STANDAR", "Thn_Bgn_26": "1985", "BA_26": "2", "LNT_26": "2", "BB_26": "2", "DAS_26": "1", "OP_26": "1", "UT_26": "0", "GR_26": "0", "LB_26": "0", "JBT_26": "2", "Tp_Lnts_26": "SUNGAI", "Dt_Lnts_26": "SUNGAI LURUS (STRAIGHT)", "Pnangnn_26": "RUTIN", "Pmriksn_26": "RUTIN", "Pnglola_26": "BPJN NUSA TENGGARA BARAT", "Satkr_ID26": "693914", "PPK_Name26": "PPK 1.2", "Traffic_26": null, "VCR_26": "0.5244", "AADT_26": "3013.7", "Tipe_Jb_26": null, "Lat_26": -8.27398014069, "Long_26": 116.23061370800001, "Tgl_Ins_26": "6\/9\/2024", "Ket_26": null }, "geometry": { "type": "Point", "coordinates": [ 116.230613708, -8.27398014069 ] } },
{ "type": "Feature", "properties": { "KDRUAS_UPD": "42043", "NOJBT_UPD": "42.043.031.0", "NM_RUAS_UP": "PEMENANG - BAYAN", "NM_JBT_UPD": "PIKO", "PROVINSI": "NUSA TENGGARA BARAT", "No_Prov_26": "42", "ID_Jbt_26": "4200455", "Kd_Ruas_26": "42043", "Suffix_26": null, "Nm_Ruas_26": "PEMENANG - BAYAN", "Lintas_26": "NON LINTAS", "No_Jbt_26": "42.043.031.0", "Nm_Jbt_26": "PIKO", "Status_26": "N", "Fungsi_26": "K1", "Lks_Dr_26": "MTR", "Lks_km_26": 6316.0, "F_STA_26": "2470", "Cadin_26": "KLU", "Pjg_Jbt_26": 11.7, "Btg_Pjg_26": 11.3, "Jml_Btg_26": "1", "Lb_Jl_Ms26": 5.86, "Lb_Jl_Kl26": 5.86, "Lb_Lalin26": 5.86, "Lb_Bh_Ki26": 0.2, "Lb_Bh_Ka26": 0.65, "Lb_Dr_Ki26": 0.1, "Lb_Dr_Ka26": 0.15, "Lb_Tr_Ki26": 0.55, "Lb_Tr_Ka26": 0.6, "Lb_TS_Ki26": 0.0, "Lb_TS_Ka26": 0.0, "Lb_Med_26": 0.0, "Lbr_Jbt_26": 8.11, "Bgn_Ats_26": "GTP", "Jns_Jbt_26": "STANDAR", "Thn_Bgn_26": "1992", "BA_26": "2", "LNT_26": "2", "BB_26": "1", "DAS_26": "1", "OP_26": "1", "UT_26": "0", "GR_26": "0", "LB_26": "0", "JBT_26": "2", "Tp_Lnts_26": "SUNGAI", "Dt_Lnts_26": "SUNGAI LURUS (STRAIGHT)", "Pnangnn_26": "RUTIN", "Pmriksn_26": "RUTIN", "Pnglola_26": "BPJN NUSA TENGGARA BARAT", "Satkr_ID26": "693914", "PPK_Name26": "PPK 1.2", "Traffic_26": null, "VCR_26": "0.5244", "AADT_26": "3013.7", "Tipe_Jb_26": null, "Lat_26": -8.2733097076399993, "Long_26": 116.232429504, "Tgl_Ins_26": "6\/7\/2024", "Ket_26": null }, "geometry": { "type": "Point", "coordinates": [ 116.232429504, -8.273309707639999 ] } },
{ "type": "Feature", "properties": { "KDRUAS_UPD": "42043", "NOJBT_UPD": "42.043.033.0", "NM_RUAS_UP": "PEMENANG - BAYAN", "NM_JBT_UPD": "SIDUTAN", "PROVINSI": "NUSA TENGGARA BARAT", "No_Prov_26": "42", "ID_Jbt_26": "4200457", "Kd_Ruas_26": "42043", "Suffix_26": null, "Nm_Ruas_26": "PEMENANG - BAYAN", "Lintas_26": "NON LINTAS", "No_Jbt_26": "42.043.033.0", "Nm_Jbt_26": "SIDUTAN", "Status_26": "N", "Fungsi_26": "K1", "Lks_Dr_26": "MTR", "Lks_km_26": 6386.0, "F_STA_26": "2550", "Cadin_26": "KLU", "Pjg_Jbt_26": 62.2, "Btg_Pjg_26": 61.9, "Jml_Btg_26": "1", "Lb_Jl_Ms26": 5.36, "Lb_Jl_Kl26": 5.36, "Lb_Lalin26": 5.36, "Lb_Bh_Ki26": 0.3, "Lb_Bh_Ka26": 0.3, "Lb_Dr_Ki26": 0.1, "Lb_Dr_Ka26": 0.1, "Lb_Tr_Ki26": 0.9, "Lb_Tr_Ka26": 0.9, "Lb_TS_Ki26": 0.0, "Lb_TS_Ka26": 0.0, "Lb_Med_26": 0.0, "Lbr_Jbt_26": 7.96, "Bgn_Ats_26": "RBP", "Jns_Jbt_26": "STANDAR", "Thn_Bgn_26": "1995", "BA_26": "2", "LNT_26": "1", "BB_26": "2", "DAS_26": "0", "OP_26": "2", "UT_26": "0", "GR_26": "0", "LB_26": "0", "JBT_26": "2", "Tp_Lnts_26": "SUNGAI", "Dt_Lnts_26": "SUNGAI LURUS (STRAIGHT)", "Pnangnn_26": "RUTIN", "Pmriksn_26": "DETAIL", "Pnglola_26": "BPJN NUSA TENGGARA BARAT", "Satkr_ID26": "693914", "PPK_Name26": "PPK 1.2", "Traffic_26": null, "VCR_26": "0.5244", "AADT_26": "3013.7", "Tipe_Jb_26": null, "Lat_26": -8.2695703506499996, "Long_26": 116.23816680899999, "Tgl_Ins_26": "4\/22\/2026", "Ket_26": null }, "geometry": { "type": "Point", "coordinates": [ 116.238166809, -8.26957035065 ] } },
{ "type": "Feature", "properties": { "KDRUAS_UPD": "42048", "NOJBT_UPD": "42.048.008.0", "NM_RUAS_UP": "HODO - DOROPATI", "NM_JBT_UPD": "BENTENG III", "PROVINSI": "NUSA TENGGARA BARAT", "No_Prov_26": "42", "ID_Jbt_26": "4200573", "Kd_Ruas_26": "42048", "Suffix_26": null, "Nm_Ruas_26": "HODO - DOROPATI", "Lintas_26": "NON LINTAS", "No_Jbt_26": "42.048.008.0", "Nm_Jbt_26": "BENTENG III", "Status_26": "N", "Fungsi_26": "K1", "Lks_Dr_26": "RBA", "Lks_km_26": 1351.0, "F_STA_26": "610", "Cadin_26": "DOM", "Pjg_Jbt_26": 6.7, "Btg_Pjg_26": 6.4, "Jml_Btg_26": "1", "Lb_Jl_Ms26": 5.65, "Lb_Jl_Kl26": 5.65, "Lb_Lalin26": 5.77, "Lb_Bh_Ki26": 0.0, "Lb_Bh_Ka26": 0.0, "Lb_Dr_Ki26": 0.0, "Lb_Dr_Ka26": 0.0, "Lb_Tr_Ki26": 0.33, "Lb_Tr_Ka26": 0.32, "Lb_TS_Ki26": 0.31, "Lb_TS_Ka26": 0.28, "Lb_Med_26": 0.0, "Lbr_Jbt_26": 7.01, "Bgn_Ats_26": "PTP", "Jns_Jbt_26": "STANDAR", "Thn_Bgn_26": "1992", "BA_26": "2", "LNT_26": "2", "BB_26": "1", "DAS_26": "0", "OP_26": "0", "UT_26": "0", "GR_26": "0", "LB_26": "0", "JBT_26": "2", "Tp_Lnts_26": "SUNGAI", "Dt_Lnts_26": "SUNGAI LURUS (STRAIGHT)", "Pnangnn_26": "RUTIN", "Pmriksn_26": "RUTIN", "Pnglola_26": "BPJN NUSA TENGGARA BARAT", "Satkr_ID26": "693916", "PPK_Name26": "PPK 3.2", "Traffic_26": null, "VCR_26": "0.0755", "AADT_26": "799.7", "Tipe_Jb_26": null, "Lat_26": -8.4480895996100003, "Long_26": 118.020591736, "Tgl_Ins_26": "3\/23\/2024", "Ket_26": null }, "geometry": { "type": "Point", "coordinates": [ 118.020591736, -8.44808959961 ] } },
{ "type": "Feature", "properties": { "KDRUAS_UPD": "42048", "NOJBT_UPD": "42.048.009.0", "NM_RUAS_UP": "HODO - DOROPATI", "NM_JBT_UPD": "BENTENG IV", "PROVINSI": "NUSA TENGGARA BARAT", "No_Prov_26": "42", "ID_Jbt_26": "4200574", "Kd_Ruas_26": "42048", "Suffix_26": null, "Nm_Ruas_26": "HODO - DOROPATI", "Lintas_26": "NON LINTAS", "No_Jbt_26": "42.048.009.0", "Nm_Jbt_26": "BENTENG IV", "Status_26": "N", "Fungsi_26": "K1", "Lks_Dr_26": "RBA", "Lks_km_26": 13596.999999999998, "F_STA_26": "660", "Cadin_26": "DOM", "Pjg_Jbt_26": 8.6, "Btg_Pjg_26": 8.5, "Jml_Btg_26": "1", "Lb_Jl_Ms26": 5.16, "Lb_Jl_Kl26": 5.16, "Lb_Lalin26": 5.28, "Lb_Bh_Ki26": 0.24, "Lb_Bh_Ka26": 0.265, "Lb_Dr_Ki26": 0.19, "Lb_Dr_Ka26": 0.21, "Lb_Tr_Ki26": 0.3, "Lb_Tr_Ka26": 0.31, "Lb_TS_Ki26": 0.26, "Lb_TS_Ka26": 0.29, "Lb_Med_26": 0.0, "Lbr_Jbt_26": 7.345, "Bgn_Ats_26": "GTP", "Jns_Jbt_26": "STANDAR", "Thn_Bgn_26": "1995", "BA_26": "2", "LNT_26": "2", "BB_26": "2", "DAS_26": "0", "OP_26": "0", "UT_26": "0", "GR_26": "0", "LB_26": "0", "JBT_26": "2", "Tp_Lnts_26": "SUNGAI", "Dt_Lnts_26": "SUNGAI LURUS (STRAIGHT)", "Pnangnn_26": "RUTIN", "Pmriksn_26": "RUTIN", "Pnglola_26": "BPJN NUSA TENGGARA BARAT", "Satkr_ID26": "693916", "PPK_Name26": "PPK 3.2", "Traffic_26": null, "VCR_26": "0.0755", "AADT_26": "799.7", "Tipe_Jb_26": null, "Lat_26": -8.4493103027299998, "Long_26": 118.016296387, "Tgl_Ins_26": "3\/23\/2024", "Ket_26": null }, "geometry": { "type": "Point", "coordinates": [ 118.016296387, -8.44931030273 ] } },
{ "type": "Feature", "properties": { "KDRUAS_UPD": "42048", "NOJBT_UPD": "42.048.010.0", "NM_RUAS_UP": "HODO - DOROPATI", "NM_JBT_UPD": "BENTENG V", "PROVINSI": "NUSA TENGGARA BARAT", "No_Prov_26": "42", "ID_Jbt_26": "4200575", "Kd_Ruas_26": "42048", "Suffix_26": null, "Nm_Ruas_26": "HODO - DOROPATI", "Lintas_26": "NON LINTAS", "No_Jbt_26": "42.048.010.0", "Nm_Jbt_26": "BENTENG V", "Status_26": "N", "Fungsi_26": "K1", "Lks_Dr_26": "RBA", "Lks_km_26": 1358.0, "F_STA_26": "680", "Cadin_26": "DOM", "Pjg_Jbt_26": 6.0, "Btg_Pjg_26": 5.7, "Jml_Btg_26": "1", "Lb_Jl_Ms26": 5.26, "Lb_Jl_Kl26": 5.26, "Lb_Lalin26": 5.38, "Lb_Bh_Ki26": 0.55, "Lb_Bh_Ka26": 1.04, "Lb_Dr_Ki26": 0.0, "Lb_Dr_Ka26": 0.0, "Lb_Tr_Ki26": 0.35, "Lb_Tr_Ka26": 0.8, "Lb_TS_Ki26": 0.31, "Lb_TS_Ka26": 0.335, "Lb_Med_26": 0.0, "Lbr_Jbt_26": 8.765, "Bgn_Ats_26": "PTP", "Jns_Jbt_26": "STANDAR", "Thn_Bgn_26": "1992", "BA_26": "2", "LNT_26": "2", "BB_26": "2", "DAS_26": "0", "OP_26": "0", "UT_26": "0", "GR_26": "0", "LB_26": "0", "JBT_26": "2", "Tp_Lnts_26": "SUNGAI", "Dt_Lnts_26": "SUNGAI LURUS (STRAIGHT)", "Pnangnn_26": "RUTIN", "Pmriksn_26": "RUTIN", "Pnglola_26": "BPJN NUSA TENGGARA BARAT", "Satkr_ID26": "693916", "PPK_Name26": "PPK 3.2", "Traffic_26": null, "VCR_26": "0.0755", "AADT_26": "799.7", "Tipe_Jb_26": null, "Lat_26": -8.4499197006200006, "Long_26": 118.01429748500001, "Tgl_Ins_26": "3\/23\/2024", "Ket_26": null }, "geometry": { "type": "Point", "coordinates": [ 118.014297485, -8.449919700620001 ] } },
{ "type": "Feature", "properties": { "KDRUAS_UPD": "42048", "NOJBT_UPD": "42.048.011.0", "NM_RUAS_UP": "HODO - DOROPATI", "NM_JBT_UPD": "BENTENG VI", "PROVINSI": "NUSA TENGGARA BARAT", "No_Prov_26": "42", "ID_Jbt_26": "4200576", "Kd_Ruas_26": "42048", "Suffix_26": null, "Nm_Ruas_26": "HODO - DOROPATI", "Lintas_26": "NON LINTAS", "No_Jbt_26": "42.048.011.0", "Nm_Jbt_26": "BENTENG VI", "Status_26": "N", "Fungsi_26": "K1", "Lks_Dr_26": "RBA", "Lks_km_26": 136.0, "F_STA_26": "700", "Cadin_26": "DOM", "Pjg_Jbt_26": 12.0, "Btg_Pjg_26": 11.7, "Jml_Btg_26": "1", "Lb_Jl_Ms26": 5.22, "Lb_Jl_Kl26": 5.22, "Lb_Lalin26": 5.34, "Lb_Bh_Ki26": 0.9, "Lb_Bh_Ka26": 0.94, "Lb_Dr_Ki26": 0.0, "Lb_Dr_Ka26": 0.0, "Lb_Tr_Ki26": 0.53, "Lb_Tr_Ka26": 0.66, "Lb_TS_Ki26": 0.28, "Lb_TS_Ka26": 0.29, "Lb_Med_26": 0.0, "Lbr_Jbt_26": 8.94, "Bgn_Ats_26": "GTP", "Jns_Jbt_26": "STANDAR", "Thn_Bgn_26": "1996", "BA_26": "2", "LNT_26": "2", "BB_26": "2", "DAS_26": "1", "OP_26": "0", "UT_26": "0", "GR_26": "0", "LB_26": "0", "JBT_26": "2", "Tp_Lnts_26": "SUNGAI", "Dt_Lnts_26": "SUNGAI BERKELOK (MEANDERING)", "Pnangnn_26": "RUTIN", "Pmriksn_26": "RUTIN", "Pnglola_26": "BPJN NUSA TENGGARA BARAT", "Satkr_ID26": "693916", "PPK_Name26": "PPK 3.2", "Traffic_26": null, "VCR_26": "0.0755", "AADT_26": "799.7", "Tipe_Jb_26": null, "Lat_26": -8.4504299163799992, "Long_26": 118.012321472, "Tgl_Ins_26": "6\/7\/2025", "Ket_26": null }, "geometry": { "type": "Point", "coordinates": [ 118.012321472, -8.450429916379999 ] } },
{ "type": "Feature", "properties": { "KDRUAS_UPD": "42048", "NOJBT_UPD": "42.048.013.0", "NM_RUAS_UP": "HODO - DOROPATI", "NM_JBT_UPD": "BENTENG K.II", "PROVINSI": "NUSA TENGGARA BARAT", "No_Prov_26": "42", "ID_Jbt_26": "4200578", "Kd_Ruas_26": "42048", "Suffix_26": null, "Nm_Ruas_26": "HODO - DOROPATI", "Lintas_26": "NON LINTAS", "No_Jbt_26": "42.048.013.0", "Nm_Jbt_26": "BENTENG K.II", "Status_26": "N", "Fungsi_26": "K1", "Lks_Dr_26": "RBA", "Lks_km_26": 13615.000000000002, "F_STA_26": "750", "Cadin_26": "DOM", "Pjg_Jbt_26": 18.4, "Btg_Pjg_26": 5.6, "Jml_Btg_26": "3", "Lb_Jl_Ms26": 5.58, "Lb_Jl_Kl26": 5.58, "Lb_Lalin26": 5.7, "Lb_Bh_Ki26": 0.0, "Lb_Bh_Ka26": 0.0, "Lb_Dr_Ki26": 0.2, "Lb_Dr_Ka26": 0.23, "Lb_Tr_Ki26": 0.7, "Lb_Tr_Ka26": 0.7, "Lb_TS_Ki26": 0.0, "Lb_TS_Ka26": 0.0, "Lb_Med_26": 0.0, "Lbr_Jbt_26": 7.53, "Bgn_Ats_26": "BTP", "Jns_Jbt_26": "STANDAR", "Thn_Bgn_26": "2003", "BA_26": "1", "LNT_26": "0", "BB_26": "0", "DAS_26": "1", "OP_26": "1", "UT_26": "2", "GR_26": "0", "LB_26": "0", "JBT_26": "2", "Tp_Lnts_26": "SUNGAI", "Dt_Lnts_26": "SUNGAI LURUS (STRAIGHT)", "Pnangnn_26": "RUTIN", "Pmriksn_26": "RUTIN", "Pnglola_26": "BPJN NUSA TENGGARA BARAT", "Satkr_ID26": "693916", "PPK_Name26": "PPK 3.2", "Traffic_26": null, "VCR_26": "0.0755", "AADT_26": "799.7", "Tipe_Jb_26": null, "Lat_26": -8.4518699646000002, "Long_26": 118.008682251, "Tgl_Ins_26": "6\/12\/2024", "Ket_26": null }, "geometry": { "type": "Point", "coordinates": [ 118.008682251, -8.4518699646 ] } },
{ "type": "Feature", "properties": { "KDRUAS_UPD": "42048", "NOJBT_UPD": "42.048.014.0", "NM_RUAS_UP": "HODO - DOROPATI", "NM_JBT_UPD": "BENTENG VII", "PROVINSI": "NUSA TENGGARA BARAT", "No_Prov_26": "42", "ID_Jbt_26": "4200579", "Kd_Ruas_26": "42048", "Suffix_26": null, "Nm_Ruas_26": "HODO - DOROPATI", "Lintas_26": "NON LINTAS", "No_Jbt_26": "42.048.014.0", "Nm_Jbt_26": "BENTENG VII", "Status_26": "N", "Fungsi_26": "K1", "Lks_Dr_26": "RBA", "Lks_km_26": 1388.0, "F_STA_26": "900", "Cadin_26": "DOM", "Pjg_Jbt_26": 15.0, "Btg_Pjg_26": 14.55, "Jml_Btg_26": "1", "Lb_Jl_Ms26": 6.41, "Lb_Jl_Kl26": 6.41, "Lb_Lalin26": 6.53, "Lb_Bh_Ki26": 0.17, "Lb_Bh_Ka26": 0.19, "Lb_Dr_Ki26": 0.15, "Lb_Dr_Ka26": 0.18, "Lb_Tr_Ki26": 0.92, "Lb_Tr_Ka26": 0.91, "Lb_TS_Ki26": 0.25, "Lb_TS_Ka26": 0.25, "Lb_Med_26": 0.0, "Lbr_Jbt_26": 9.55, "Bgn_Ats_26": "GTP", "Jns_Jbt_26": "STANDAR", "Thn_Bgn_26": "2017", "BA_26": "1", "LNT_26": "1", "BB_26": "1", "DAS_26": "0", "OP_26": "0", "UT_26": "0", "GR_26": "0", "LB_26": "0", "JBT_26": "1", "Tp_Lnts_26": "SUNGAI", "Dt_Lnts_26": "SUNGAI BERKELOK (MEANDERING)", "Pnangnn_26": "RUTIN", "Pmriksn_26": "RUTIN", "Pnglola_26": "BPJN NUSA TENGGARA BARAT", "Satkr_ID26": "693916", "PPK_Name26": "PPK 3.2", "Traffic_26": null, "VCR_26": "0.0755", "AADT_26": "799.7", "Tipe_Jb_26": null, "Lat_26": -8.4540500640899996, "Long_26": 117.99600219699998, "Tgl_Ins_26": "3\/23\/2024", "Ket_26": null }, "geometry": { "type": "Point", "coordinates": [ 117.996002197, -8.45405006409 ] } },
{ "type": "Feature", "properties": { "KDRUAS_UPD": "42048", "NOJBT_UPD": "42.048.015.0", "NM_RUAS_UP": "HODO - DOROPATI", "NM_JBT_UPD": "BENTENG VIII", "PROVINSI": "NUSA TENGGARA BARAT", "No_Prov_26": "42", "ID_Jbt_26": "4200580", "Kd_Ruas_26": "42048", "Suffix_26": null, "Nm_Ruas_26": "HODO - DOROPATI", "Lintas_26": "NON LINTAS", "No_Jbt_26": "42.048.015.0", "Nm_Jbt_26": "BENTENG VIII", "Status_26": "N", "Fungsi_26": "K1", "Lks_Dr_26": "RBA", "Lks_km_26": 139.0, "F_STA_26": "1010", "Cadin_26": "DOM", "Pjg_Jbt_26": 10.0, "Btg_Pjg_26": 9.7, "Jml_Btg_26": "1", "Lb_Jl_Ms26": 6.12, "Lb_Jl_Kl26": 6.12, "Lb_Lalin26": 6.24, "Lb_Bh_Ki26": 0.52, "Lb_Bh_Ka26": 0.47, "Lb_Dr_Ki26": 0.0, "Lb_Dr_Ka26": 0.0, "Lb_Tr_Ki26": 1.04, "Lb_Tr_Ka26": 1.04, "Lb_TS_Ki26": 0.26, "Lb_TS_Ka26": 0.26, "Lb_Med_26": 0.0, "Lbr_Jbt_26": 9.83, "Bgn_Ats_26": "VPP", "Jns_Jbt_26": "STANDAR", "Thn_Bgn_26": "2017", "BA_26": "1", "LNT_26": "1", "BB_26": "2", "DAS_26": "0", "OP_26": "0", "UT_26": "0", "GR_26": "0", "LB_26": "0", "JBT_26": "2", "Tp_Lnts_26": "SUNGAI", "Dt_Lnts_26": "SUNGAI BERKELOK (MEANDERING)", "Pnangnn_26": "RUTIN", "Pmriksn_26": "RUTIN", "Pnglola_26": "BPJN NUSA TENGGARA BARAT", "Satkr_ID26": "693916", "PPK_Name26": "PPK 3.2", "Traffic_26": null, "VCR_26": "0.0755", "AADT_26": "799.7", "Tipe_Jb_26": null, "Lat_26": -8.4470300674400001, "Long_26": 117.988273621, "Tgl_Ins_26": "6\/1\/2024", "Ket_26": null }, "geometry": { "type": "Point", "coordinates": [ 117.988273621, -8.44703006744 ] } },
{ "type": "Feature", "properties": { "KDRUAS_UPD": "42048", "NOJBT_UPD": "42.048.016.0", "NM_RUAS_UP": "HODO - DOROPATI", "NM_JBT_UPD": "DORO NCANGA I", "PROVINSI": "NUSA TENGGARA BARAT", "No_Prov_26": "42", "ID_Jbt_26": "4200581", "Kd_Ruas_26": "42048", "Suffix_26": null, "Nm_Ruas_26": "HODO - DOROPATI", "Lintas_26": "NON LINTAS", "No_Jbt_26": "42.048.016.0", "Nm_Jbt_26": "DORO NCANGA I", "Status_26": "N", "Fungsi_26": "K1", "Lks_Dr_26": "RBA", "Lks_km_26": 1423.0, "F_STA_26": "1370", "Cadin_26": "DOM", "Pjg_Jbt_26": 7.1, "Btg_Pjg_26": 6.9, "Jml_Btg_26": "1", "Lb_Jl_Ms26": 4.95, "Lb_Jl_Kl26": 4.95, "Lb_Lalin26": 5.07, "Lb_Bh_Ki26": 1.03, "Lb_Bh_Ka26": 1.1, "Lb_Dr_Ki26": 0.0, "Lb_Dr_Ka26": 0.0, "Lb_Tr_Ki26": 0.6, "Lb_Tr_Ka26": 0.65, "Lb_TS_Ki26": 0.32, "Lb_TS_Ka26": 0.32, "Lb_Med_26": 0.0, "Lbr_Jbt_26": 9.09, "Bgn_Ats_26": "PTP", "Jns_Jbt_26": "STANDAR", "Thn_Bgn_26": "1982", "BA_26": "2", "LNT_26": "1", "BB_26": "2", "DAS_26": "0", "OP_26": "1", "UT_26": "0", "GR_26": "0", "LB_26": "0", "JBT_26": "2", "Tp_Lnts_26": "SUNGAI", "Dt_Lnts_26": "SUNGAI LURUS (STRAIGHT)", "Pnangnn_26": "RUTIN", "Pmriksn_26": "RUTIN", "Pnglola_26": "BPJN NUSA TENGGARA BARAT", "Satkr_ID26": "693916", "PPK_Name26": "PPK 3.2", "Traffic_26": null, "VCR_26": "0.0755", "AADT_26": "799.7", "Tipe_Jb_26": null, "Lat_26": -8.4312000274700001, "Long_26": 117.96085357699999, "Tgl_Ins_26": "6\/1\/2024", "Ket_26": null }, "geometry": { "type": "Point", "coordinates": [ 117.960853577, -8.43120002747 ] } },
{ "type": "Feature", "properties": { "KDRUAS_UPD": "42043", "NOJBT_UPD": "42.043.063.0", "NM_RUAS_UP": "PEMENANG - BAYAN", "NM_JBT_UPD": "LD. MAMBEN I", "PROVINSI": "NUSA TENGGARA BARAT", "No_Prov_26": "42", "ID_Jbt_26": "4200487", "Kd_Ruas_26": "42043", "Suffix_26": null, "Nm_Ruas_26": "PEMENANG - BAYAN", "Lintas_26": "NON LINTAS", "No_Jbt_26": "42.043.063.0", "Nm_Jbt_26": "LD. MAMBEN I", "Status_26": "N", "Fungsi_26": "K1", "Lks_Dr_26": "MTR", "Lks_km_26": 8676.0, "F_STA_26": "4830", "Cadin_26": "KLU", "Pjg_Jbt_26": 30.5, "Btg_Pjg_26": 30.2, "Jml_Btg_26": "1", "Lb_Jl_Ms26": 6.35, "Lb_Jl_Kl26": 6.14, "Lb_Lalin26": 5.28, "Lb_Bh_Ki26": 0.12, "Lb_Bh_Ka26": 0.15, "Lb_Dr_Ki26": 0.2, "Lb_Dr_Ka26": 0.2, "Lb_Tr_Ki26": 0.5, "Lb_Tr_Ka26": 0.52, "Lb_TS_Ki26": 0.28, "Lb_TS_Ka26": 0.28, "Lb_Med_26": 0.0, "Lbr_Jbt_26": 7.53, "Bgn_Ats_26": "GBP", "Jns_Jbt_26": "STANDAR", "Thn_Bgn_26": "1996", "BA_26": "2", "LNT_26": "2", "BB_26": "2", "DAS_26": "2", "OP_26": "0", "UT_26": "0", "GR_26": "0", "LB_26": "0", "JBT_26": "2", "Tp_Lnts_26": "SUNGAI", "Dt_Lnts_26": "SUNGAI LURUS (STRAIGHT)", "Pnangnn_26": "RUTIN", "Pmriksn_26": "DETAIL", "Pnglola_26": "BPJN NUSA TENGGARA BARAT", "Satkr_ID26": "693914", "PPK_Name26": "PPK 1.2", "Traffic_26": null, "VCR_26": "0.5244", "AADT_26": "3013.7", "Tipe_Jb_26": null, "Lat_26": -8.2300100326500001, "Long_26": 116.416343689, "Tgl_Ins_26": "5\/7\/2026", "Ket_26": null }, "geometry": { "type": "Point", "coordinates": [ 116.416343689, -8.23001003265 ] } },
{ "type": "Feature", "properties": { "KDRUAS_UPD": "42043", "NOJBT_UPD": "42.043.064.0", "NM_RUAS_UP": "PEMENANG - BAYAN", "NM_JBT_UPD": "LD. MAMBEN II", "PROVINSI": "NUSA TENGGARA BARAT", "No_Prov_26": "42", "ID_Jbt_26": "4200488", "Kd_Ruas_26": "42043", "Suffix_26": null, "Nm_Ruas_26": "PEMENANG - BAYAN", "Lintas_26": "NON LINTAS", "No_Jbt_26": "42.043.064.0", "Nm_Jbt_26": "LD. MAMBEN II", "Status_26": "N", "Fungsi_26": "K1", "Lks_Dr_26": "MTR", "Lks_km_26": 8716.0, "F_STA_26": "4860", "Cadin_26": "KLU", "Pjg_Jbt_26": 20.9, "Btg_Pjg_26": 20.6, "Jml_Btg_26": "1", "Lb_Jl_Ms26": 5.9, "Lb_Jl_Kl26": 6.35, "Lb_Lalin26": 5.42, "Lb_Bh_Ki26": 0.1, "Lb_Bh_Ka26": 0.2, "Lb_Dr_Ki26": 0.3, "Lb_Dr_Ka26": 0.25, "Lb_Tr_Ki26": 0.8, "Lb_Tr_Ka26": 0.8, "Lb_TS_Ki26": 0.0, "Lb_TS_Ka26": 0.0, "Lb_Med_26": 0.0, "Lbr_Jbt_26": 7.87, "Bgn_Ats_26": "GTP", "Jns_Jbt_26": "STANDAR", "Thn_Bgn_26": "1996", "BA_26": "2", "LNT_26": "2", "BB_26": "2", "DAS_26": "0", "OP_26": "2", "UT_26": "1", "GR_26": "0", "LB_26": "0", "JBT_26": "2", "Tp_Lnts_26": "SUNGAI", "Dt_Lnts_26": "SUNGAI LURUS (STRAIGHT)", "Pnangnn_26": "RUTIN", "Pmriksn_26": "INVENTARISASI", "Pnglola_26": "BPJN NUSA TENGGARA BARAT", "Satkr_ID26": "693914", "PPK_Name26": "PPK 1.2", "Traffic_26": null, "VCR_26": "0.5244", "AADT_26": "3013.7", "Tipe_Jb_26": null, "Lat_26": -8.2294902801499994, "Long_26": 116.41918182400001, "Tgl_Ins_26": "5\/6\/2026", "Ket_26": null }, "geometry": { "type": "Point", "coordinates": [ 116.419181824, -8.229490280149999 ] } },
{ "type": "Feature", "properties": { "KDRUAS_UPD": "42043", "NOJBT_UPD": "42.043.066.0", "NM_RUAS_UP": "PEMENANG - BAYAN", "NM_JBT_UPD": "LOKOK PASIRAN", "PROVINSI": "NUSA TENGGARA BARAT", "No_Prov_26": "42", "ID_Jbt_26": "4200490", "Kd_Ruas_26": "42043", "Suffix_26": null, "Nm_Ruas_26": "PEMENANG - BAYAN", "Lintas_26": "NON LINTAS", "No_Jbt_26": "42.043.066.0", "Nm_Jbt_26": "LOKOK PASIRAN", "Status_26": "N", "Fungsi_26": "K1", "Lks_Dr_26": "MTR", "Lks_km_26": 9086.0, "F_STA_26": "5250", "Cadin_26": "KLU", "Pjg_Jbt_26": 11.0, "Btg_Pjg_26": 10.7, "Jml_Btg_26": "1", "Lb_Jl_Ms26": 5.75, "Lb_Jl_Kl26": 6.5, "Lb_Lalin26": 5.75, "Lb_Bh_Ki26": 0.15, "Lb_Bh_Ka26": 0.18, "Lb_Dr_Ki26": 0.1, "Lb_Dr_Ka26": 0.1, "Lb_Tr_Ki26": 0.8, "Lb_Tr_Ka26": 0.8, "Lb_TS_Ki26": 0.0, "Lb_TS_Ka26": 0.0, "Lb_Med_26": 0.0, "Lbr_Jbt_26": 7.88, "Bgn_Ats_26": "GTP", "Jns_Jbt_26": "STANDAR", "Thn_Bgn_26": "1995", "BA_26": "2", "LNT_26": "2", "BB_26": "2", "DAS_26": "2", "OP_26": "1", "UT_26": "0", "GR_26": "0", "LB_26": "0", "JBT_26": "2", "Tp_Lnts_26": "SUNGAI", "Dt_Lnts_26": "SUNGAI LURUS (STRAIGHT)", "Pnangnn_26": "RUTIN", "Pmriksn_26": "RUTIN", "Pnglola_26": "BPJN NUSA TENGGARA BARAT", "Satkr_ID26": "693914", "PPK_Name26": "PPK 1.2", "Traffic_26": null, "VCR_26": "0.5244", "AADT_26": "3013.7", "Tipe_Jb_26": null, "Lat_26": -8.2545099258400008, "Long_26": 116.43103027299999, "Tgl_Ins_26": "7\/6\/2024", "Ket_26": null }, "geometry": { "type": "Point", "coordinates": [ 116.431030273, -8.254509925840001 ] } },
{ "type": "Feature", "properties": { "KDRUAS_UPD": "42043", "NOJBT_UPD": "42.043.067.0", "NM_RUAS_UP": "PEMENANG - BAYAN", "NM_JBT_UPD": "LOKOK MONTOR", "PROVINSI": "NUSA TENGGARA BARAT", "No_Prov_26": "42", "ID_Jbt_26": "4200491", "Kd_Ruas_26": "42043", "Suffix_26": null, "Nm_Ruas_26": "PEMENANG - BAYAN", "Lintas_26": "NON LINTAS", "No_Jbt_26": "42.043.067.0", "Nm_Jbt_26": "LOKOK MONTOR", "Status_26": "N", "Fungsi_26": "K1", "Lks_Dr_26": "MTR", "Lks_km_26": 9266.0, "F_STA_26": "5430", "Cadin_26": "KLU", "Pjg_Jbt_26": 14.2, "Btg_Pjg_26": 13.9, "Jml_Btg_26": "1", "Lb_Jl_Ms26": 6.27, "Lb_Jl_Kl26": 6.27, "Lb_Lalin26": 6.51, "Lb_Bh_Ki26": 0.0, "Lb_Bh_Ka26": 0.0, "Lb_Dr_Ki26": 0.0, "Lb_Dr_Ka26": 0.0, "Lb_Tr_Ki26": 0.0, "Lb_Tr_Ka26": 0.0, "Lb_TS_Ki26": 0.45, "Lb_TS_Ka26": 0.4, "Lb_Med_26": 0.0, "Lbr_Jbt_26": 7.36, "Bgn_Ats_26": "ETP", "Jns_Jbt_26": "STANDAR", "Thn_Bgn_26": "1986", "BA_26": "1", "LNT_26": "1", "BB_26": "0", "DAS_26": "2", "OP_26": "2", "UT_26": "0", "GR_26": "0", "LB_26": "0", "JBT_26": "2", "Tp_Lnts_26": "SUNGAI", "Dt_Lnts_26": "SUNGAI LURUS (STRAIGHT)", "Pnangnn_26": "RUTIN", "Pmriksn_26": "RUTIN", "Pnglola_26": "BPJN NUSA TENGGARA BARAT", "Satkr_ID26": "693914", "PPK_Name26": "PPK 1.2", "Traffic_26": null, "VCR_26": "0.5244", "AADT_26": "3013.7", "Tipe_Jb_26": null, "Lat_26": -8.2655897140499999, "Long_26": 116.424728394, "Tgl_Ins_26": "6\/1\/2025", "Ket_26": null }, "geometry": { "type": "Point", "coordinates": [ 116.424728394, -8.26558971405 ] } },
{ "type": "Feature", "properties": { "KDRUAS_UPD": "42043", "NOJBT_UPD": "42.043.068.0", "NM_RUAS_UP": "PEMENANG - BAYAN", "NM_JBT_UPD": "BAYANSEPIT I", "PROVINSI": "NUSA TENGGARA BARAT", "No_Prov_26": "42", "ID_Jbt_26": "4200492", "Kd_Ruas_26": "42043", "Suffix_26": null, "Nm_Ruas_26": "PEMENANG - BAYAN", "Lintas_26": "NON LINTAS", "No_Jbt_26": "42.043.068.0", "Nm_Jbt_26": "BAYANSEPIT I", "Status_26": "N", "Fungsi_26": "K1", "Lks_Dr_26": "MTR", "Lks_km_26": 9356.0, "F_STA_26": "5510", "Cadin_26": "KLU", "Pjg_Jbt_26": 21.0, "Btg_Pjg_26": 20.7, "Jml_Btg_26": "1", "Lb_Jl_Ms26": 5.36, "Lb_Jl_Kl26": 5.36, "Lb_Lalin26": 5.36, "Lb_Bh_Ki26": 0.25, "Lb_Bh_Ka26": 0.2, "Lb_Dr_Ki26": 0.1, "Lb_Dr_Ka26": 0.1, "Lb_Tr_Ki26": 0.27, "Lb_Tr_Ka26": 0.28, "Lb_TS_Ki26": 0.0, "Lb_TS_Ka26": 0.0, "Lb_Med_26": 0.0, "Lbr_Jbt_26": 6.56, "Bgn_Ats_26": "GBP", "Jns_Jbt_26": "STANDAR", "Thn_Bgn_26": "1991", "BA_26": "2", "LNT_26": "2", "BB_26": "1", "DAS_26": "1", "OP_26": "2", "UT_26": "0", "GR_26": "0", "LB_26": "0", "JBT_26": "2", "Tp_Lnts_26": "SUNGAI", "Dt_Lnts_26": "SUNGAI LURUS (STRAIGHT)", "Pnangnn_26": "RUTIN", "Pmriksn_26": "RUTIN", "Pnglola_26": "BPJN NUSA TENGGARA BARAT", "Satkr_ID26": "693914", "PPK_Name26": "PPK 1.2", "Traffic_26": null, "VCR_26": "0.5244", "AADT_26": "3013.7", "Tipe_Jb_26": null, "Lat_26": -8.2700796127299991, "Long_26": 116.42684936499998, "Tgl_Ins_26": "6\/11\/2024", "Ket_26": null }, "geometry": { "type": "Point", "coordinates": [ 116.426849365, -8.270079612729999 ] } },
{ "type": "Feature", "properties": { "KDRUAS_UPD": "42043", "NOJBT_UPD": "42.043.070.0", "NM_RUAS_UP": "PEMENANG - BAYAN", "NM_JBT_UPD": "SEPIT II", "PROVINSI": "NUSA TENGGARA BARAT", "No_Prov_26": "42", "ID_Jbt_26": "4200494", "Kd_Ruas_26": "42043", "Suffix_26": null, "Nm_Ruas_26": "PEMENANG - BAYAN", "Lintas_26": "NON LINTAS", "No_Jbt_26": "42.043.070.0", "Nm_Jbt_26": "SEPIT II", "Status_26": "N", "Fungsi_26": "K1", "Lks_Dr_26": "MTR", "Lks_km_26": 9451.0, "F_STA_26": "5600", "Cadin_26": "KLU", "Pjg_Jbt_26": 25.6, "Btg_Pjg_26": 25.3, "Jml_Btg_26": "1", "Lb_Jl_Ms26": 5.46, "Lb_Jl_Kl26": 6.6, "Lb_Lalin26": 5.46, "Lb_Bh_Ki26": 0.0, "Lb_Bh_Ka26": 0.15, "Lb_Dr_Ki26": 0.1, "Lb_Dr_Ka26": 0.1, "Lb_Tr_Ki26": 0.3, "Lb_Tr_Ka26": 0.3, "Lb_TS_Ki26": 0.0, "Lb_TS_Ka26": 0.0, "Lb_Med_26": 0.0, "Lbr_Jbt_26": 6.41, "Bgn_Ats_26": "GBP", "Jns_Jbt_26": "STANDAR", "Thn_Bgn_26": "1991", "BA_26": "2", "LNT_26": "2", "BB_26": "2", "DAS_26": "0", "OP_26": "1", "UT_26": "0", "GR_26": "0", "LB_26": "0", "JBT_26": "2", "Tp_Lnts_26": "SUNGAI", "Dt_Lnts_26": "SUNGAI LURUS (STRAIGHT)", "Pnangnn_26": "RUTIN", "Pmriksn_26": "RUTIN", "Pnglola_26": "BPJN NUSA TENGGARA BARAT", "Satkr_ID26": "693914", "PPK_Name26": "PPK 1.2", "Traffic_26": null, "VCR_26": "0.5244", "AADT_26": "3013.7", "Tipe_Jb_26": null, "Lat_26": -8.2674198150600002, "Long_26": 116.43312072800001, "Tgl_Ins_26": "6\/11\/2024", "Ket_26": null }, "geometry": { "type": "Point", "coordinates": [ 116.433120728, -8.26741981506 ] } },
{ "type": "Feature", "properties": { "KDRUAS_UPD": "42043", "NOJBT_UPD": "42.043.071.0", "NM_RUAS_UP": "PEMENANG - BAYAN", "NM_JBT_UPD": "KOLOH PEJAGALAN", "PROVINSI": "NUSA TENGGARA BARAT", "No_Prov_26": "42", "ID_Jbt_26": "4200495", "Kd_Ruas_26": "42043", "Suffix_26": null, "Nm_Ruas_26": "PEMENANG - BAYAN", "Lintas_26": "NON LINTAS", "No_Jbt_26": "42.043.071.0", "Nm_Jbt_26": "KOLOH PEJAGALAN", "Status_26": "N", "Fungsi_26": "K1", "Lks_Dr_26": "MTR", "Lks_km_26": 9466.0, "F_STA_26": "5630", "Cadin_26": "KLU", "Pjg_Jbt_26": 6.0, "Btg_Pjg_26": 5.7, "Jml_Btg_26": "1", "Lb_Jl_Ms26": 6.55, "Lb_Jl_Kl26": 6.26, "Lb_Lalin26": 5.76, "Lb_Bh_Ki26": 0.15, "Lb_Bh_Ka26": 0.15, "Lb_Dr_Ki26": 0.0, "Lb_Dr_Ka26": 0.0, "Lb_Tr_Ki26": 0.3, "Lb_Tr_Ka26": 0.3, "Lb_TS_Ki26": 0.0, "Lb_TS_Ka26": 0.0, "Lb_Med_26": 0.0, "Lbr_Jbt_26": 6.66, "Bgn_Ats_26": "PTP", "Jns_Jbt_26": "STANDAR", "Thn_Bgn_26": "1970", "BA_26": "2", "LNT_26": "1", "BB_26": "2", "DAS_26": "1", "OP_26": "2", "UT_26": "0", "GR_26": "0", "LB_26": "0", "JBT_26": "2", "Tp_Lnts_26": "SUNGAI", "Dt_Lnts_26": "SUNGAI LURUS (STRAIGHT)", "Pnangnn_26": "RUTIN", "Pmriksn_26": "RUTIN", "Pnglola_26": "BPJN NUSA TENGGARA BARAT", "Satkr_ID26": "693914", "PPK_Name26": "PPK 1.2", "Traffic_26": null, "VCR_26": "0.5244", "AADT_26": "3013.7", "Tipe_Jb_26": null, "Lat_26": -8.2664203643800001, "Long_26": 116.435020447, "Tgl_Ins_26": "6\/12\/2024", "Ket_26": null }, "geometry": { "type": "Point", "coordinates": [ 116.435020447, -8.26642036438 ] } },
{ "type": "Feature", "properties": { "KDRUAS_UPD": "42043", "NOJBT_UPD": "42.043.075.0", "NM_RUAS_UP": "PEMENANG - BAYAN", "NM_JBT_UPD": "KOKAR AKARLESONG", "PROVINSI": "NUSA TENGGARA BARAT", "No_Prov_26": "42", "ID_Jbt_26": "4200499", "Kd_Ruas_26": "42043", "Suffix_26": null, "Nm_Ruas_26": "PEMENANG - BAYAN", "Lintas_26": "NON LINTAS", "No_Jbt_26": "42.043.075.0", "Nm_Jbt_26": "KOKAR AKARLESONG", "Status_26": "N", "Fungsi_26": "K1", "Lks_Dr_26": "MTR", "Lks_km_26": 9736.0, "F_STA_26": "5840", "Cadin_26": "KLU", "Pjg_Jbt_26": 12.8, "Btg_Pjg_26": 12.45, "Jml_Btg_26": "1", "Lb_Jl_Ms26": 6.25, "Lb_Jl_Kl26": 6.5, "Lb_Lalin26": 5.66, "Lb_Bh_Ki26": 0.2, "Lb_Bh_Ka26": 0.2, "Lb_Dr_Ki26": 0.1, "Lb_Dr_Ka26": 0.15, "Lb_Tr_Ki26": 0.82, "Lb_Tr_Ka26": 0.82, "Lb_TS_Ki26": 0.0, "Lb_TS_Ka26": 0.0, "Lb_Med_26": 0.0, "Lbr_Jbt_26": 7.95, "Bgn_Ats_26": "GTP", "Jns_Jbt_26": "STANDAR", "Thn_Bgn_26": "1995", "BA_26": "2", "LNT_26": "2", "BB_26": "2", "DAS_26": "2", "OP_26": "2", "UT_26": "0", "GR_26": "0", "LB_26": "0", "JBT_26": "2", "Tp_Lnts_26": "SUNGAI", "Dt_Lnts_26": "SUNGAI BERKELOK (MEANDERING)", "Pnangnn_26": "RUTIN", "Pmriksn_26": "RUTIN", "Pnglola_26": "BPJN NUSA TENGGARA BARAT", "Satkr_ID26": "693914", "PPK_Name26": "PPK 1.2", "Traffic_26": null, "VCR_26": "0.5244", "AADT_26": "3013.7", "Tipe_Jb_26": null, "Lat_26": -8.2579402923600007, "Long_26": 116.44529724099999, "Tgl_Ins_26": "6\/12\/2024", "Ket_26": null }, "geometry": { "type": "Point", "coordinates": [ 116.445297241, -8.257940292360001 ] } },
{ "type": "Feature", "properties": { "KDRUAS_UPD": "42043", "NOJBT_UPD": "42.043.076.0", "NM_RUAS_UP": "PEMENANG - BAYAN", "NM_JBT_UPD": "GRENENG", "PROVINSI": "NUSA TENGGARA BARAT", "No_Prov_26": "42", "ID_Jbt_26": "4200500", "Kd_Ruas_26": "42043", "Suffix_26": null, "Nm_Ruas_26": "PEMENANG - BAYAN", "Lintas_26": "NON LINTAS", "No_Jbt_26": "42.043.076.0", "Nm_Jbt_26": "GRENENG", "Status_26": "N", "Fungsi_26": "K1", "Lks_Dr_26": "MTR", "Lks_km_26": 9776.0, "F_STA_26": "5870", "Cadin_26": "KLU", "Pjg_Jbt_26": 16.4, "Btg_Pjg_26": 15.9, "Jml_Btg_26": "1", "Lb_Jl_Ms26": 6.4, "Lb_Jl_Kl26": 6.4, "Lb_Lalin26": 5.62, "Lb_Bh_Ki26": 0.2, "Lb_Bh_Ka26": 0.2, "Lb_Dr_Ki26": 0.1, "Lb_Dr_Ka26": 0.12, "Lb_Tr_Ki26": 0.9, "Lb_Tr_Ka26": 0.9, "Lb_TS_Ki26": 0.0, "Lb_TS_Ka26": 0.0, "Lb_Med_26": 0.0, "Lbr_Jbt_26": 8.04, "Bgn_Ats_26": "GTP", "Jns_Jbt_26": "STANDAR", "Thn_Bgn_26": "1995", "BA_26": "2", "LNT_26": "0", "BB_26": "1", "DAS_26": "0", "OP_26": "1", "UT_26": "0", "GR_26": "0", "LB_26": "0", "JBT_26": "2", "Tp_Lnts_26": "SUNGAI", "Dt_Lnts_26": "SUNGAI LURUS (STRAIGHT)", "Pnangnn_26": "RUTIN", "Pmriksn_26": "RUTIN", "Pnglola_26": "BPJN NUSA TENGGARA BARAT", "Satkr_ID26": "693914", "PPK_Name26": "PPK 1.2", "Traffic_26": null, "VCR_26": "0.5244", "AADT_26": "3013.7", "Tipe_Jb_26": null, "Lat_26": -8.2584695816, "Long_26": 116.447143555, "Tgl_Ins_26": "6\/12\/2024", "Ket_26": null }, "geometry": { "type": "Point", "coordinates": [ 116.447143555, -8.2584695816 ] } },
{ "type": "Feature", "properties": { "KDRUAS_UPD": "42043", "NOJBT_UPD": "42.043.080.0", "NM_RUAS_UP": "PEMENANG - BAYAN", "NM_JBT_UPD": "KOLOH GELUMPANG", "PROVINSI": "NUSA TENGGARA BARAT", "No_Prov_26": "42", "ID_Jbt_26": "4200504", "Kd_Ruas_26": "42043", "Suffix_26": null, "Nm_Ruas_26": "PEMENANG - BAYAN", "Lintas_26": "NON LINTAS", "No_Jbt_26": "42.043.080.0", "Nm_Jbt_26": "KOLOH GELUMPANG", "Status_26": "N", "Fungsi_26": "K1", "Lks_Dr_26": "MTR", "Lks_km_26": 9906.0, "F_STA_26": "5990", "Cadin_26": "KLU", "Pjg_Jbt_26": 6.2, "Btg_Pjg_26": 5.7, "Jml_Btg_26": "1", "Lb_Jl_Ms26": 6.58, "Lb_Jl_Kl26": 6.58, "Lb_Lalin26": 6.58, "Lb_Bh_Ki26": 0.6, "Lb_Bh_Ka26": 0.8, "Lb_Dr_Ki26": 0.1, "Lb_Dr_Ka26": 0.1, "Lb_Tr_Ki26": 0.42, "Lb_Tr_Ka26": 0.43, "Lb_TS_Ki26": 0.0, "Lb_TS_Ka26": 0.0, "Lb_Med_26": 0.0, "Lbr_Jbt_26": 9.03, "Bgn_Ats_26": "PTP", "Jns_Jbt_26": "STANDAR", "Thn_Bgn_26": "1970", "BA_26": "1", "LNT_26": "1", "BB_26": "0", "DAS_26": "1", "OP_26": "2", "UT_26": "0", "GR_26": "1", "LB_26": "0", "JBT_26": "2", "Tp_Lnts_26": "SUNGAI", "Dt_Lnts_26": "SUNGAI LURUS (STRAIGHT)", "Pnangnn_26": "RUTIN", "Pmriksn_26": "RUTIN", "Pnglola_26": "BPJN NUSA TENGGARA BARAT", "Satkr_ID26": "693914", "PPK_Name26": "PPK 1.2", "Traffic_26": null, "VCR_26": "0.5244", "AADT_26": "3013.7", "Tipe_Jb_26": null, "Lat_26": -8.2591800689700001, "Long_26": 116.457580566, "Tgl_Ins_26": "6\/12\/2024", "Ket_26": null }, "geometry": { "type": "Point", "coordinates": [ 116.457580566, -8.25918006897 ] } },
{ "type": "Feature", "properties": { "KDRUAS_UPD": "42043", "NOJBT_UPD": "42.043.081.0", "NM_RUAS_UP": "PEMENANG - BAYAN", "NM_JBT_UPD": "NAWAN", "PROVINSI": "NUSA TENGGARA BARAT", "No_Prov_26": "42", "ID_Jbt_26": "4200505", "Kd_Ruas_26": "42043", "Suffix_26": null, "Nm_Ruas_26": "PEMENANG - BAYAN", "Lintas_26": "NON LINTAS", "No_Jbt_26": "42.043.081.0", "Nm_Jbt_26": "NAWAN", "Status_26": "N", "Fungsi_26": "K1", "Lks_Dr_26": "MTR", "Lks_km_26": 9956.0, "F_STA_26": "6050", "Cadin_26": "KLU", "Pjg_Jbt_26": 13.8, "Btg_Pjg_26": 13.4, "Jml_Btg_26": "1", "Lb_Jl_Ms26": 6.5, "Lb_Jl_Kl26": 6.45, "Lb_Lalin26": 5.25, "Lb_Bh_Ki26": 0.2, "Lb_Bh_Ka26": 0.2, "Lb_Dr_Ki26": 0.15, "Lb_Dr_Ka26": 0.15, "Lb_Tr_Ki26": 1.07, "Lb_Tr_Ka26": 0.95, "Lb_TS_Ki26": 0.0, "Lb_TS_Ka26": 0.0, "Lb_Med_26": 0.0, "Lbr_Jbt_26": 7.97, "Bgn_Ats_26": "GTP", "Jns_Jbt_26": "STANDAR", "Thn_Bgn_26": "1975", "BA_26": "2", "LNT_26": "0", "BB_26": "0", "DAS_26": "1", "OP_26": "0", "UT_26": "0", "GR_26": "0", "LB_26": "0", "JBT_26": "2", "Tp_Lnts_26": "SUNGAI", "Dt_Lnts_26": "SUNGAI LURUS (STRAIGHT)", "Pnangnn_26": "RUTIN", "Pmriksn_26": "RUTIN", "Pnglola_26": "BPJN NUSA TENGGARA BARAT", "Satkr_ID26": "693914", "PPK_Name26": "PPK 1.2", "Traffic_26": null, "VCR_26": "0.5244", "AADT_26": "3013.7", "Tipe_Jb_26": null, "Lat_26": -8.2610998153700006, "Long_26": 116.461929321, "Tgl_Ins_26": "6\/12\/2024", "Ket_26": null }, "geometry": { "type": "Point", "coordinates": [ 116.461929321, -8.261099815370001 ] } },
{ "type": "Feature", "properties": { "KDRUAS_UPD": "42043", "NOJBT_UPD": "42.043.082.0", "NM_RUAS_UP": "PEMENANG - BAYAN", "NM_JBT_UPD": "SAMBI ELEN I", "PROVINSI": "NUSA TENGGARA BARAT", "No_Prov_26": "42", "ID_Jbt_26": "4200506", "Kd_Ruas_26": "42043", "Suffix_26": null, "Nm_Ruas_26": "PEMENANG - BAYAN", "Lintas_26": "NON LINTAS", "No_Jbt_26": "42.043.082.0", "Nm_Jbt_26": "SAMBI ELEN I", "Status_26": "N", "Fungsi_26": "K1", "Lks_Dr_26": "MTR", "Lks_km_26": 10016.0, "F_STA_26": "6120", "Cadin_26": "KLU", "Pjg_Jbt_26": 7.3, "Btg_Pjg_26": 7.0, "Jml_Btg_26": "1", "Lb_Jl_Ms26": 6.5, "Lb_Jl_Kl26": 6.5, "Lb_Lalin26": 6.5, "Lb_Bh_Ki26": 0.2, "Lb_Bh_Ka26": 0.25, "Lb_Dr_Ki26": 0.1, "Lb_Dr_Ka26": 0.1, "Lb_Tr_Ki26": 1.3, "Lb_Tr_Ka26": 1.27, "Lb_TS_Ki26": 0.0, "Lb_TS_Ka26": 0.0, "Lb_Med_26": 0.0, "Lbr_Jbt_26": 9.72, "Bgn_Ats_26": "GTP", "Jns_Jbt_26": "STANDAR", "Thn_Bgn_26": "1995", "BA_26": "2", "LNT_26": "2", "BB_26": "1", "DAS_26": "0", "OP_26": "1", "UT_26": "0", "GR_26": "0", "LB_26": "0", "JBT_26": "2", "Tp_Lnts_26": "SUNGAI", "Dt_Lnts_26": "SUNGAI BERKELOK (MEANDERING)", "Pnangnn_26": "RUTIN", "Pmriksn_26": "RUTIN", "Pnglola_26": "BPJN NUSA TENGGARA BARAT", "Satkr_ID26": "693914", "PPK_Name26": "PPK 1.2", "Traffic_26": null, "VCR_26": "0.5244", "AADT_26": "3013.7", "Tipe_Jb_26": null, "Lat_26": -8.2636499404899997, "Long_26": 116.46604156500001, "Tgl_Ins_26": "6\/12\/2024", "Ket_26": null }, "geometry": { "type": "Point", "coordinates": [ 116.466041565, -8.26364994049 ] } },
{ "type": "Feature", "properties": { "KDRUAS_UPD": "42043", "NOJBT_UPD": "42.043.083.0", "NM_RUAS_UP": "PEMENANG - BAYAN", "NM_JBT_UPD": "KOKOK PUTIK", "PROVINSI": "NUSA TENGGARA BARAT", "No_Prov_26": "42", "ID_Jbt_26": "4200507", "Kd_Ruas_26": "42043", "Suffix_26": null, "Nm_Ruas_26": "PEMENANG - BAYAN", "Lintas_26": "NON LINTAS", "No_Jbt_26": "42.043.083.0", "Nm_Jbt_26": "KOKOK PUTIK", "Status_26": "N", "Fungsi_26": "K1", "Lks_Dr_26": "MTR", "Lks_km_26": 10256.0, "F_STA_26": "6300", "Cadin_26": "KLU", "Pjg_Jbt_26": 40.0, "Btg_Pjg_26": 39.7, "Jml_Btg_26": "1", "Lb_Jl_Ms26": 7.25, "Lb_Jl_Kl26": 7.25, "Lb_Lalin26": 7.25, "Lb_Bh_Ki26": 0.32, "Lb_Bh_Ka26": 0.25, "Lb_Dr_Ki26": 0.0, "Lb_Dr_Ka26": 0.0, "Lb_Tr_Ki26": 1.2, "Lb_Tr_Ka26": 1.2, "Lb_TS_Ki26": 0.35, "Lb_TS_Ka26": 0.45, "Lb_Med_26": 0.0, "Lbr_Jbt_26": 11.02, "Bgn_Ats_26": "GPP", "Jns_Jbt_26": "STANDAR", "Thn_Bgn_26": "2018", "BA_26": "2", "LNT_26": "2", "BB_26": "2", "DAS_26": "1", "OP_26": "1", "UT_26": "0", "GR_26": "0", "LB_26": "0", "JBT_26": "2", "Tp_Lnts_26": "SUNGAI", "Dt_Lnts_26": "SUNGAI BERKELOK (MEANDERING)", "Pnangnn_26": "RUTIN", "Pmriksn_26": "RUTIN", "Pnglola_26": "BPJN NUSA TENGGARA BARAT", "Satkr_ID26": "693914", "PPK_Name26": "PPK 1.2", "Traffic_26": null, "VCR_26": "0.5244", "AADT_26": "3013.7", "Tipe_Jb_26": null, "Lat_26": -8.2613201141400001, "Long_26": 116.47795105, "Tgl_Ins_26": "6\/12\/2024", "Ket_26": null }, "geometry": { "type": "Point", "coordinates": [ 116.47795105, -8.26132011414 ] } },
{ "type": "Feature", "properties": { "KDRUAS_UPD": "42044", "NOJBT_UPD": "42.044.001.0", "NM_RUAS_UP": "BAYAN - SEMBALUN BUBUNG", "NM_JBT_UPD": "SAJANG", "PROVINSI": "NUSA TENGGARA BARAT", "No_Prov_26": "42", "ID_Jbt_26": "4200508", "Kd_Ruas_26": "42044", "Suffix_26": null, "Nm_Ruas_26": "BAYAN - SEMBALUN BUBUNG", "Lintas_26": "NON LINTAS", "No_Jbt_26": "42.044.001.0", "Nm_Jbt_26": "SAJANG", "Status_26": "N", "Fungsi_26": "K1", "Lks_Dr_26": "MTR", "Lks_km_26": 11019.0, "F_STA_26": "900", "Cadin_26": "LTR", "Pjg_Jbt_26": 12.5, "Btg_Pjg_26": 12.2, "Jml_Btg_26": "1", "Lb_Jl_Ms26": 5.81, "Lb_Jl_Kl26": 5.81, "Lb_Lalin26": 5.81, "Lb_Bh_Ki26": 0.25, "Lb_Bh_Ka26": 0.3, "Lb_Dr_Ki26": 0.1, "Lb_Dr_Ka26": 0.2, "Lb_Tr_Ki26": 0.43, "Lb_Tr_Ka26": 0.45, "Lb_TS_Ki26": 0.0, "Lb_TS_Ka26": 0.0, "Lb_Med_26": 0.0, "Lbr_Jbt_26": 7.54, "Bgn_Ats_26": "GTP", "Jns_Jbt_26": "STANDAR", "Thn_Bgn_26": "1984", "BA_26": "2", "LNT_26": "2", "BB_26": "0", "DAS_26": "1", "OP_26": "2", "UT_26": "0", "GR_26": "0", "LB_26": "0", "JBT_26": "2", "Tp_Lnts_26": "SUNGAI", "Dt_Lnts_26": "SUNGAI LURUS (STRAIGHT)", "Pnangnn_26": "RUTIN", "Pmriksn_26": "RUTIN", "Pnglola_26": "BPJN NUSA TENGGARA BARAT", "Satkr_ID26": "693914", "PPK_Name26": "PPK 1.2", "Traffic_26": null, "VCR_26": "0.1851", "AADT_26": "2231.1", "Tipe_Jb_26": null, "Lat_26": -8.3213500976599999, "Long_26": 116.492012024, "Tgl_Ins_26": "6\/12\/2024", "Ket_26": null }, "geometry": { "type": "Point", "coordinates": [ 116.492012024, -8.32135009766 ] } },
{ "type": "Feature", "properties": { "KDRUAS_UPD": "42044", "NOJBT_UPD": "42.044.002.0", "NM_RUAS_UP": "BAYAN - SEMBALUN BUBUNG", "NM_JBT_UPD": "LONGKEN", "PROVINSI": "NUSA TENGGARA BARAT", "No_Prov_26": "42", "ID_Jbt_26": "4200509", "Kd_Ruas_26": "42044", "Suffix_26": null, "Nm_Ruas_26": "BAYAN - SEMBALUN BUBUNG", "Lintas_26": "NON LINTAS", "No_Jbt_26": "42.044.002.0", "Nm_Jbt_26": "LONGKEN", "Status_26": "N", "Fungsi_26": "K1", "Lks_Dr_26": "MTR", "Lks_km_26": 11069.0, "F_STA_26": "960", "Cadin_26": "LTR", "Pjg_Jbt_26": 50.0, "Btg_Pjg_26": 49.7, "Jml_Btg_26": "1", "Lb_Jl_Ms26": 6.52, "Lb_Jl_Kl26": 6.52, "Lb_Lalin26": 6.52, "Lb_Bh_Ki26": 0.3, "Lb_Bh_Ka26": 0.38, "Lb_Dr_Ki26": 0.0, "Lb_Dr_Ka26": 0.0, "Lb_Tr_Ki26": 0.9, "Lb_Tr_Ka26": 0.85, "Lb_TS_Ki26": 0.0, "Lb_TS_Ka26": 0.0, "Lb_Med_26": 0.0, "Lbr_Jbt_26": 8.95, "Bgn_Ats_26": "RBP", "Jns_Jbt_26": "STANDAR", "Thn_Bgn_26": "2021", "BA_26": "2", "LNT_26": "2", "BB_26": "2", "DAS_26": "1", "OP_26": "1", "UT_26": "0", "GR_26": "0", "LB_26": "0", "JBT_26": "2", "Tp_Lnts_26": "SUNGAI", "Dt_Lnts_26": "SUNGAI LURUS (STRAIGHT)", "Pnangnn_26": "RUTIN", "Pmriksn_26": "RUTIN", "Pnglola_26": "BPJN NUSA TENGGARA BARAT", "Satkr_ID26": "693914", "PPK_Name26": "PPK 1.2", "Traffic_26": null, "VCR_26": "0.1851", "AADT_26": "2231.1", "Tipe_Jb_26": null, "Lat_26": -8.320520401, "Long_26": 116.49555969200001, "Tgl_Ins_26": "7\/6\/2024", "Ket_26": null }, "geometry": { "type": "Point", "coordinates": [ 116.495559692, -8.320520401 ] } },
{ "type": "Feature", "properties": { "KDRUAS_UPD": "42044", "NOJBT_UPD": "42.044.004.0", "NM_RUAS_UP": "BAYAN - SEMBALUN BUBUNG", "NM_JBT_UPD": "OLOR GEDANG", "PROVINSI": "NUSA TENGGARA BARAT", "No_Prov_26": "42", "ID_Jbt_26": "4200511", "Kd_Ruas_26": "42044", "Suffix_26": null, "Nm_Ruas_26": "BAYAN - SEMBALUN BUBUNG", "Lintas_26": "NON LINTAS", "No_Jbt_26": "42.044.004.0", "Nm_Jbt_26": "OLOR GEDANG", "Status_26": "N", "Fungsi_26": "K1", "Lks_Dr_26": "MTR", "Lks_km_26": 11439.0, "F_STA_26": "1310", "Cadin_26": "LTR", "Pjg_Jbt_26": 25.0, "Btg_Pjg_26": 24.8, "Jml_Btg_26": "1", "Lb_Jl_Ms26": 6.5, "Lb_Jl_Kl26": 6.5, "Lb_Lalin26": 6.5, "Lb_Bh_Ki26": 0.2, "Lb_Bh_Ka26": 0.2, "Lb_Dr_Ki26": 0.0, "Lb_Dr_Ka26": 0.0, "Lb_Tr_Ki26": 1.05, "Lb_Tr_Ka26": 0.9, "Lb_TS_Ki26": 0.3, "Lb_TS_Ka26": 0.3, "Lb_Med_26": 0.0, "Lbr_Jbt_26": 9.45, "Bgn_Ats_26": "GPP", "Jns_Jbt_26": "STANDAR", "Thn_Bgn_26": "2022", "BA_26": "2", "LNT_26": "2", "BB_26": "2", "DAS_26": "2", "OP_26": "0", "UT_26": "0", "GR_26": "0", "LB_26": "0", "JBT_26": "2", "Tp_Lnts_26": "SUNGAI", "Dt_Lnts_26": "SUNGAI LURUS (STRAIGHT)", "Pnangnn_26": "RUTIN", "Pmriksn_26": "RUTIN", "Pnglola_26": "BPJN NUSA TENGGARA BARAT", "Satkr_ID26": "693914", "PPK_Name26": "PPK 1.2", "Traffic_26": null, "VCR_26": "0.1851", "AADT_26": "2231.1", "Tipe_Jb_26": null, "Lat_26": -8.3457498550399993, "Long_26": 116.508369446, "Tgl_Ins_26": "7\/6\/2024", "Ket_26": null }, "geometry": { "type": "Point", "coordinates": [ 116.508369446, -8.345749855039999 ] } },
{ "type": "Feature", "properties": { "KDRUAS_UPD": "42044", "NOJBT_UPD": "42.044.005.0", "NM_RUAS_UP": "BAYAN - SEMBALUN BUBUNG", "NM_JBT_UPD": "LANTE", "PROVINSI": "NUSA TENGGARA BARAT", "No_Prov_26": "42", "ID_Jbt_26": "4200512", "Kd_Ruas_26": "42044", "Suffix_26": null, "Nm_Ruas_26": "BAYAN - SEMBALUN BUBUNG", "Lintas_26": "NON LINTAS", "No_Jbt_26": "42.044.005.0", "Nm_Jbt_26": "LANTE", "Status_26": "N", "Fungsi_26": "K1", "Lks_Dr_26": "MTR", "Lks_km_26": 11539.0, "F_STA_26": "1420", "Cadin_26": "LTR", "Pjg_Jbt_26": 25.0, "Btg_Pjg_26": 24.7, "Jml_Btg_26": "1", "Lb_Jl_Ms26": 6.66, "Lb_Jl_Kl26": 6.66, "Lb_Lalin26": 6.66, "Lb_Bh_Ki26": 0.2, "Lb_Bh_Ka26": 0.2, "Lb_Dr_Ki26": 0.0, "Lb_Dr_Ka26": 0.0, "Lb_Tr_Ki26": 1.05, "Lb_Tr_Ka26": 1.05, "Lb_TS_Ki26": 0.3, "Lb_TS_Ka26": 0.3, "Lb_Med_26": 0.0, "Lbr_Jbt_26": 9.76, "Bgn_Ats_26": "GPP", "Jns_Jbt_26": "STANDAR", "Thn_Bgn_26": "2022", "BA_26": "2", "LNT_26": "2", "BB_26": "1", "DAS_26": "2", "OP_26": "0", "UT_26": "0", "GR_26": "0", "LB_26": "0", "JBT_26": "2", "Tp_Lnts_26": "SUNGAI", "Dt_Lnts_26": "SUNGAI LURUS (STRAIGHT)", "Pnangnn_26": "RUTIN", "Pmriksn_26": "RUTIN", "Pnglola_26": "BPJN NUSA TENGGARA BARAT", "Satkr_ID26": "693914", "PPK_Name26": "PPK 1.2", "Traffic_26": null, "VCR_26": "0.1851", "AADT_26": "2231.1", "Tipe_Jb_26": null, "Lat_26": -8.35356998444, "Long_26": 116.512550354, "Tgl_Ins_26": "6\/12\/2024", "Ket_26": null }, "geometry": { "type": "Point", "coordinates": [ 116.512550354, -8.35356998444 ] } },
{ "type": "Feature", "properties": { "KDRUAS_UPD": "42044", "NOJBT_UPD": "42.044.006.0", "NM_RUAS_UP": "BAYAN - SEMBALUN BUBUNG", "NM_JBT_UPD": "UNAR", "PROVINSI": "NUSA TENGGARA BARAT", "No_Prov_26": "42", "ID_Jbt_26": "4200513", "Kd_Ruas_26": "42044", "Suffix_26": null, "Nm_Ruas_26": "BAYAN - SEMBALUN BUBUNG", "Lintas_26": "NON LINTAS", "No_Jbt_26": "42.044.006.0", "Nm_Jbt_26": "UNAR", "Status_26": "N", "Fungsi_26": "K1", "Lks_Dr_26": "MTR", "Lks_km_26": 11739.0, "F_STA_26": "1530", "Cadin_26": "LTR", "Pjg_Jbt_26": 21.0, "Btg_Pjg_26": 20.7, "Jml_Btg_26": "1", "Lb_Jl_Ms26": 5.82, "Lb_Jl_Kl26": 5.82, "Lb_Lalin26": 5.82, "Lb_Bh_Ki26": 0.2, "Lb_Bh_Ka26": 0.2, "Lb_Dr_Ki26": 0.1, "Lb_Dr_Ka26": 0.1, "Lb_Tr_Ki26": 0.95, "Lb_Tr_Ka26": 0.96, "Lb_TS_Ki26": 0.0, "Lb_TS_Ka26": 0.0, "Lb_Med_26": 0.0, "Lbr_Jbt_26": 8.33, "Bgn_Ats_26": "GTP", "Jns_Jbt_26": "STANDAR", "Thn_Bgn_26": "1997", "BA_26": "2", "LNT_26": "2", "BB_26": "2", "DAS_26": "1", "OP_26": "2", "UT_26": "0", "GR_26": "0", "LB_26": "0", "JBT_26": "2", "Tp_Lnts_26": "SUNGAI", "Dt_Lnts_26": "SUNGAI LURUS (STRAIGHT)", "Pnangnn_26": "RUTIN", "Pmriksn_26": "RUTIN", "Pnglola_26": "BPJN NUSA TENGGARA BARAT", "Satkr_ID26": "693914", "PPK_Name26": "PPK 1.2", "Traffic_26": null, "VCR_26": "0.1851", "AADT_26": "2231.1", "Tipe_Jb_26": null, "Lat_26": -8.3577404022199993, "Long_26": 116.51882934599999, "Tgl_Ins_26": "6\/12\/2024", "Ket_26": null }, "geometry": { "type": "Point", "coordinates": [ 116.518829346, -8.357740402219999 ] } },
{ "type": "Feature", "properties": { "KDRUAS_UPD": "42044", "NOJBT_UPD": "42.044.009.0", "NM_RUAS_UP": "BAYAN - SEMBALUN BUBUNG", "NM_JBT_UPD": "SEMBALUN I", "PROVINSI": "NUSA TENGGARA BARAT", "No_Prov_26": "42", "ID_Jbt_26": "4200516", "Kd_Ruas_26": "42044", "Suffix_26": null, "Nm_Ruas_26": "BAYAN - SEMBALUN BUBUNG", "Lintas_26": "NON LINTAS", "No_Jbt_26": "42.044.009.0", "Nm_Jbt_26": "SEMBALUN I", "Status_26": "N", "Fungsi_26": "K1", "Lks_Dr_26": "MTR", "Lks_km_26": 12288.999999999998, "F_STA_26": "2100", "Cadin_26": "LTR", "Pjg_Jbt_26": 7.0, "Btg_Pjg_26": 6.7, "Jml_Btg_26": "1", "Lb_Jl_Ms26": 5.56, "Lb_Jl_Kl26": 5.56, "Lb_Lalin26": 5.56, "Lb_Bh_Ki26": 0.25, "Lb_Bh_Ka26": 0.2, "Lb_Dr_Ki26": 0.1, "Lb_Dr_Ka26": 0.15, "Lb_Tr_Ki26": 0.5, "Lb_Tr_Ka26": 0.6, "Lb_TS_Ki26": 0.0, "Lb_TS_Ka26": 0.0, "Lb_Med_26": 0.0, "Lbr_Jbt_26": 7.36, "Bgn_Ats_26": "PTP", "Jns_Jbt_26": "STANDAR", "Thn_Bgn_26": "1992", "BA_26": "2", "LNT_26": "2", "BB_26": "2", "DAS_26": "2", "OP_26": "2", "UT_26": "0", "GR_26": "0", "LB_26": "0", "JBT_26": "2", "Tp_Lnts_26": "SUNGAI", "Dt_Lnts_26": "SUNGAI LURUS (STRAIGHT)", "Pnangnn_26": "RUTIN", "Pmriksn_26": "RUTIN", "Pnglola_26": "BPJN NUSA TENGGARA BARAT", "Satkr_ID26": "693914", "PPK_Name26": "PPK 1.2", "Traffic_26": null, "VCR_26": "0.1851", "AADT_26": "2231.1", "Tipe_Jb_26": null, "Lat_26": -8.38439, "Long_26": 116.54259, "Tgl_Ins_26": "6\/12\/2024", "Ket_26": null }, "geometry": { "type": "Point", "coordinates": [ 116.54259, -8.38439 ] } },
{ "type": "Feature", "properties": { "KDRUAS_UPD": "42044", "NOJBT_UPD": "42.044.010.0", "NM_RUAS_UP": "BAYAN - SEMBALUN BUBUNG", "NM_JBT_UPD": "SEMBALUN II", "PROVINSI": "NUSA TENGGARA BARAT", "No_Prov_26": "42", "ID_Jbt_26": "4200517", "Kd_Ruas_26": "42044", "Suffix_26": null, "Nm_Ruas_26": "BAYAN - SEMBALUN BUBUNG", "Lintas_26": "NON LINTAS", "No_Jbt_26": "42.044.010.0", "Nm_Jbt_26": "SEMBALUN II", "Status_26": "N", "Fungsi_26": "K1", "Lks_Dr_26": "MTR", "Lks_km_26": 12768.999999999998, "F_STA_26": "2200", "Cadin_26": "LTR", "Pjg_Jbt_26": 10.0, "Btg_Pjg_26": 9.7, "Jml_Btg_26": "1", "Lb_Jl_Ms26": 5.5, "Lb_Jl_Kl26": 5.5, "Lb_Lalin26": 5.5, "Lb_Bh_Ki26": 0.2, "Lb_Bh_Ka26": 0.25, "Lb_Dr_Ki26": 0.1, "Lb_Dr_Ka26": 0.15, "Lb_Tr_Ki26": 0.8, "Lb_Tr_Ka26": 0.8, "Lb_TS_Ki26": 0.0, "Lb_TS_Ka26": 0.0, "Lb_Med_26": 0.0, "Lbr_Jbt_26": 7.8, "Bgn_Ats_26": "GTP", "Jns_Jbt_26": "STANDAR", "Thn_Bgn_26": "2012", "BA_26": "2", "LNT_26": "2", "BB_26": "2", "DAS_26": "2", "OP_26": "2", "UT_26": "0", "GR_26": "0", "LB_26": "0", "JBT_26": "2", "Tp_Lnts_26": "SUNGAI", "Dt_Lnts_26": "SUNGAI LURUS (STRAIGHT)", "Pnangnn_26": "RUTIN", "Pmriksn_26": "RUTIN", "Pnglola_26": "BPJN NUSA TENGGARA BARAT", "Satkr_ID26": "693914", "PPK_Name26": "PPK 1.2", "Traffic_26": null, "VCR_26": "0.1851", "AADT_26": "2231.1", "Tipe_Jb_26": null, "Lat_26": -8.39297008514, "Long_26": 116.54176330599999, "Tgl_Ins_26": "6\/12\/2024", "Ket_26": null }, "geometry": { "type": "Point", "coordinates": [ 116.541763306, -8.39297008514 ] } },
{ "type": "Feature", "properties": { "KDRUAS_UPD": "42044", "NOJBT_UPD": "42.044.012.0", "NM_RUAS_UP": "BAYAN - SEMBALUN BUBUNG", "NM_JBT_UPD": "PESUGULAN II", "PROVINSI": "NUSA TENGGARA BARAT", "No_Prov_26": "42", "ID_Jbt_26": "4200018", "Kd_Ruas_26": "42044", "Suffix_26": null, "Nm_Ruas_26": "BAYAN - SEMBALUN BUBUNG", "Lintas_26": "NON LINTAS", "No_Jbt_26": "42.044.012.0", "Nm_Jbt_26": "PESUGULAN II", "Status_26": "N", "Fungsi_26": "K1", "Lks_Dr_26": "MTR", "Lks_km_26": 1349.0, "F_STA_26": "2980", "Cadin_26": "LTR", "Pjg_Jbt_26": 25.6, "Btg_Pjg_26": 24.7, "Jml_Btg_26": "1", "Lb_Jl_Ms26": 6.76, "Lb_Jl_Kl26": 6.76, "Lb_Lalin26": 6.76, "Lb_Bh_Ki26": 0.2, "Lb_Bh_Ka26": 0.23, "Lb_Dr_Ki26": 0.0, "Lb_Dr_Ka26": 0.0, "Lb_Tr_Ki26": 1.1, "Lb_Tr_Ka26": 1.33, "Lb_TS_Ki26": 0.0, "Lb_TS_Ka26": 0.0, "Lb_Med_26": 0.0, "Lbr_Jbt_26": 9.62, "Bgn_Ats_26": "GPP", "Jns_Jbt_26": "STANDAR", "Thn_Bgn_26": "2023", "BA_26": "1", "LNT_26": "1", "BB_26": "1", "DAS_26": "1", "OP_26": "0", "UT_26": "0", "GR_26": "0", "LB_26": "0", "JBT_26": "1", "Tp_Lnts_26": "SUNGAI", "Dt_Lnts_26": "SUNGAI LURUS (STRAIGHT)", "Pnangnn_26": "RUTIN", "Pmriksn_26": "RUTIN", "Pnglola_26": "BPJN NUSA TENGGARA BARAT", "Satkr_ID26": "693914", "PPK_Name26": "PPK 1.2", "Traffic_26": null, "VCR_26": "0.1851", "AADT_26": "2231.1", "Tipe_Jb_26": null, "Lat_26": -8.44174, "Long_26": 116.53053, "Tgl_Ins_26": "6\/12\/2024", "Ket_26": null }, "geometry": { "type": "Point", "coordinates": [ 116.53053, -8.44174 ] } },
{ "type": "Feature", "properties": { "KDRUAS_UPD": "42045", "NOJBT_UPD": "42.045.001.0", "NM_RUAS_UP": "DOMPU - HU'U", "NM_JBT_UPD": "LAJU", "PROVINSI": "NUSA TENGGARA BARAT", "No_Prov_26": "42", "ID_Jbt_26": "4200518", "Kd_Ruas_26": "42045", "Suffix_26": null, "Nm_Ruas_26": "DOMPU - HU'U", "Lintas_26": "NON LINTAS", "No_Jbt_26": "42.045.001.0", "Nm_Jbt_26": "LAJU", "Status_26": "N", "Fungsi_26": "K1", "Lks_Dr_26": "RBA", "Lks_km_26": 665.0, "F_STA_26": "80", "Cadin_26": "DOM", "Pjg_Jbt_26": 50.2, "Btg_Pjg_26": 49.9, "Jml_Btg_26": "1", "Lb_Jl_Ms26": 5.09, "Lb_Jl_Kl26": 5.09, "Lb_Lalin26": 5.21, "Lb_Bh_Ki26": 0.25, "Lb_Bh_Ka26": 0.24, "Lb_Dr_Ki26": 0.1, "Lb_Dr_Ka26": 0.14, "Lb_Tr_Ki26": 0.5, "Lb_Tr_Ka26": 0.49, "Lb_TS_Ki26": 0.0, "Lb_TS_Ka26": 0.0, "Lb_Med_26": 0.0, "Lbr_Jbt_26": 6.93, "Bgn_Ats_26": "RBP", "Jns_Jbt_26": "STANDAR", "Thn_Bgn_26": "1989", "BA_26": "2", "LNT_26": "2", "BB_26": "1", "DAS_26": "1", "OP_26": "2", "UT_26": "0", "GR_26": "0", "LB_26": "0", "JBT_26": "2", "Tp_Lnts_26": "SUNGAI", "Dt_Lnts_26": "SUNGAI LURUS (STRAIGHT)", "Pnangnn_26": "RUTIN", "Pmriksn_26": "RUTIN", "Pnglola_26": "BPJN NUSA TENGGARA BARAT", "Satkr_ID26": "693916", "PPK_Name26": "PPK 3.1", "Traffic_26": null, "VCR_26": "0.133", "AADT_26": "1404.6", "Tipe_Jb_26": null, "Lat_26": -8.5430698394799993, "Long_26": 118.46383667000001, "Tgl_Ins_26": "6\/1\/2025", "Ket_26": null }, "geometry": { "type": "Point", "coordinates": [ 118.46383667, -8.543069839479999 ] } },
{ "type": "Feature", "properties": { "KDRUAS_UPD": "42045", "NOJBT_UPD": "42.045.004.0", "NM_RUAS_UP": "DOMPU - HU'U", "NM_JBT_UPD": "SORI WERA", "PROVINSI": "NUSA TENGGARA BARAT", "No_Prov_26": "42", "ID_Jbt_26": "4200521", "Kd_Ruas_26": "42045", "Suffix_26": null, "Nm_Ruas_26": "DOMPU - HU'U", "Lintas_26": "NON LINTAS", "No_Jbt_26": "42.045.004.0", "Nm_Jbt_26": "SORI WERA", "Status_26": "N", "Fungsi_26": "K1", "Lks_Dr_26": "RBA", "Lks_km_26": 695.0, "F_STA_26": "410", "Cadin_26": "DOM", "Pjg_Jbt_26": 9.0, "Btg_Pjg_26": 8.6, "Jml_Btg_26": "1", "Lb_Jl_Ms26": 5.08, "Lb_Jl_Kl26": 5.08, "Lb_Lalin26": 5.2, "Lb_Bh_Ki26": 0.36, "Lb_Bh_Ka26": 0.3, "Lb_Dr_Ki26": 0.2, "Lb_Dr_Ka26": 0.2, "Lb_Tr_Ki26": 0.75, "Lb_Tr_Ka26": 0.75, "Lb_TS_Ki26": 0.0, "Lb_TS_Ka26": 0.0, "Lb_Med_26": 0.0, "Lbr_Jbt_26": 7.76, "Bgn_Ats_26": "GTP", "Jns_Jbt_26": "STANDAR", "Thn_Bgn_26": "1982", "BA_26": "2", "LNT_26": "2", "BB_26": "1", "DAS_26": "2", "OP_26": "0", "UT_26": "0", "GR_26": "0", "LB_26": "0", "JBT_26": "2", "Tp_Lnts_26": "SUNGAI", "Dt_Lnts_26": "SUNGAI LURUS (STRAIGHT)", "Pnangnn_26": "RUTIN", "Pmriksn_26": "RUTIN", "Pnglola_26": "BPJN NUSA TENGGARA BARAT", "Satkr_ID26": "693916", "PPK_Name26": "PPK 3.1", "Traffic_26": null, "VCR_26": "0.133", "AADT_26": "1404.6", "Tipe_Jb_26": null, "Lat_26": -8.5608501434300006, "Long_26": 118.481132507, "Tgl_Ins_26": "6\/2\/2025", "Ket_26": null }, "geometry": { "type": "Point", "coordinates": [ 118.481132507, -8.560850143430001 ] } },
{ "type": "Feature", "properties": { "KDRUAS_UPD": "42045", "NOJBT_UPD": "42.045.005.0", "NM_RUAS_UP": "DOMPU - HU'U", "NM_JBT_UPD": "LEPADI I", "PROVINSI": "NUSA TENGGARA BARAT", "No_Prov_26": "42", "ID_Jbt_26": "4200522", "Kd_Ruas_26": "42045", "Suffix_26": null, "Nm_Ruas_26": "DOMPU - HU'U", "Lintas_26": "NON LINTAS", "No_Jbt_26": "42.045.005.0", "Nm_Jbt_26": "LEPADI I", "Status_26": "N", "Fungsi_26": "K1", "Lks_Dr_26": "RBA", "Lks_km_26": 695.0, "F_STA_26": "490", "Cadin_26": "DOM", "Pjg_Jbt_26": 8.8, "Btg_Pjg_26": 8.6, "Jml_Btg_26": "1", "Lb_Jl_Ms26": 5.28, "Lb_Jl_Kl26": 5.28, "Lb_Lalin26": 5.4, "Lb_Bh_Ki26": 0.29, "Lb_Bh_Ka26": 0.2, "Lb_Dr_Ki26": 0.2, "Lb_Dr_Ka26": 0.25, "Lb_Tr_Ki26": 0.69, "Lb_Tr_Ka26": 0.76, "Lb_TS_Ki26": 0.0, "Lb_TS_Ka26": 0.0, "Lb_Med_26": 0.0, "Lbr_Jbt_26": 7.79, "Bgn_Ats_26": "GTP", "Jns_Jbt_26": "STANDAR", "Thn_Bgn_26": "1980", "BA_26": "2", "LNT_26": "2", "BB_26": "1", "DAS_26": "2", "OP_26": "2", "UT_26": "0", "GR_26": "0", "LB_26": "0", "JBT_26": "2", "Tp_Lnts_26": "SUNGAI", "Dt_Lnts_26": "SUNGAI LURUS (STRAIGHT)", "Pnangnn_26": "RUTIN", "Pmriksn_26": "RUTIN", "Pnglola_26": "BPJN NUSA TENGGARA BARAT", "Satkr_ID26": "693916", "PPK_Name26": "PPK 3.1", "Traffic_26": null, "VCR_26": "0.133", "AADT_26": "1404.6", "Tipe_Jb_26": null, "Lat_26": -8.5673103332499991, "Long_26": 118.483947754, "Tgl_Ins_26": "6\/1\/2025", "Ket_26": null }, "geometry": { "type": "Point", "coordinates": [ 118.483947754, -8.567310333249999 ] } },
{ "type": "Feature", "properties": { "KDRUAS_UPD": "42045", "NOJBT_UPD": "42.045.008.0", "NM_RUAS_UP": "DOMPU - HU'U", "NM_JBT_UPD": "RANGGO I", "PROVINSI": "NUSA TENGGARA BARAT", "No_Prov_26": "42", "ID_Jbt_26": "4200525", "Kd_Ruas_26": "42045", "Suffix_26": null, "Nm_Ruas_26": "DOMPU - HU'U", "Lintas_26": "NON LINTAS", "No_Jbt_26": "42.045.008.0", "Nm_Jbt_26": "RANGGO I", "Status_26": "N", "Fungsi_26": "K1", "Lks_Dr_26": "RBA", "Lks_km_26": 732.0, "F_STA_26": "780", "Cadin_26": "DOM", "Pjg_Jbt_26": 6.1, "Btg_Pjg_26": 5.73, "Jml_Btg_26": "1", "Lb_Jl_Ms26": 5.04, "Lb_Jl_Kl26": 5.04, "Lb_Lalin26": 5.16, "Lb_Bh_Ki26": 0.51, "Lb_Bh_Ka26": 0.23, "Lb_Dr_Ki26": 0.25, "Lb_Dr_Ka26": 0.18, "Lb_Tr_Ki26": 0.75, "Lb_Tr_Ka26": 0.8, "Lb_TS_Ki26": 0.0, "Lb_TS_Ka26": 0.0, "Lb_Med_26": 0.0, "Lbr_Jbt_26": 7.88, "Bgn_Ats_26": "PTP", "Jns_Jbt_26": "STANDAR", "Thn_Bgn_26": "1984", "BA_26": "1", "LNT_26": "1", "BB_26": "2", "DAS_26": "0", "OP_26": "1", "UT_26": "0", "GR_26": "0", "LB_26": "0", "JBT_26": "2", "Tp_Lnts_26": "SUNGAI", "Dt_Lnts_26": "SUNGAI LURUS (STRAIGHT)", "Pnangnn_26": "RUTIN", "Pmriksn_26": "RUTIN", "Pnglola_26": "BPJN NUSA TENGGARA BARAT", "Satkr_ID26": "693916", "PPK_Name26": "PPK 3.1", "Traffic_26": null, "VCR_26": "0.133", "AADT_26": "1404.6", "Tipe_Jb_26": null, "Lat_26": -8.5927696228000006, "Long_26": 118.488616943, "Tgl_Ins_26": "5\/28\/2024", "Ket_26": null }, "geometry": { "type": "Point", "coordinates": [ 118.488616943, -8.592769622800001 ] } },
{ "type": "Feature", "properties": { "KDRUAS_UPD": "42045", "NOJBT_UPD": "42.045.012.0", "NM_RUAS_UP": "DOMPU - HU'U", "NM_JBT_UPD": "SORI KEHE", "PROVINSI": "NUSA TENGGARA BARAT", "No_Prov_26": "42", "ID_Jbt_26": "4200529", "Kd_Ruas_26": "42045", "Suffix_26": null, "Nm_Ruas_26": "DOMPU - HU'U", "Lintas_26": "NON LINTAS", "No_Jbt_26": "42.045.012.0", "Nm_Jbt_26": "SORI KEHE", "Status_26": "N", "Fungsi_26": "K1", "Lks_Dr_26": "RBA", "Lks_km_26": 779.0, "F_STA_26": "1280", "Cadin_26": "DOM", "Pjg_Jbt_26": 6.2, "Btg_Pjg_26": 5.11, "Jml_Btg_26": "1", "Lb_Jl_Ms26": 6.0, "Lb_Jl_Kl26": 6.0, "Lb_Lalin26": 4.34, "Lb_Bh_Ki26": 0.27, "Lb_Bh_Ka26": 0.18, "Lb_Dr_Ki26": 0.0, "Lb_Dr_Ka26": 0.0, "Lb_Tr_Ki26": 0.28, "Lb_Tr_Ka26": 0.28, "Lb_TS_Ki26": 0.0, "Lb_TS_Ka26": 0.0, "Lb_Med_26": 0.0, "Lbr_Jbt_26": 5.35, "Bgn_Ats_26": "PTP", "Jns_Jbt_26": "STANDAR", "Thn_Bgn_26": "1984", "BA_26": "2", "LNT_26": "0", "BB_26": "2", "DAS_26": "1", "OP_26": "0", "UT_26": "0", "GR_26": "0", "LB_26": "0", "JBT_26": "2", "Tp_Lnts_26": "SUNGAI", "Dt_Lnts_26": "SUNGAI LURUS (STRAIGHT)", "Pnangnn_26": "RUTIN", "Pmriksn_26": "RUTIN", "Pnglola_26": "BPJN NUSA TENGGARA BARAT", "Satkr_ID26": "693916", "PPK_Name26": "PPK 3.1", "Traffic_26": null, "VCR_26": "0.133", "AADT_26": "1404.6", "Tipe_Jb_26": null, "Lat_26": -8.6343002319300002, "Long_26": 118.48204040500001, "Tgl_Ins_26": "5\/29\/2024", "Ket_26": null }, "geometry": { "type": "Point", "coordinates": [ 118.482040405, -8.63430023193 ] } },
{ "type": "Feature", "properties": { "KDRUAS_UPD": "42045", "NOJBT_UPD": "42.045.013.0", "NM_RUAS_UP": "DOMPU - HU'U", "NM_JBT_UPD": "SORI TEMBA", "PROVINSI": "NUSA TENGGARA BARAT", "No_Prov_26": "42", "ID_Jbt_26": "4200530", "Kd_Ruas_26": "42045", "Suffix_26": null, "Nm_Ruas_26": "DOMPU - HU'U", "Lintas_26": "NON LINTAS", "No_Jbt_26": "42.045.013.0", "Nm_Jbt_26": "SORI TEMBA", "Status_26": "N", "Fungsi_26": "K1", "Lks_Dr_26": "RBA", "Lks_km_26": 781.0, "F_STA_26": "1320", "Cadin_26": "DOM", "Pjg_Jbt_26": 30.2, "Btg_Pjg_26": 10.1, "Jml_Btg_26": "3", "Lb_Jl_Ms26": 5.33, "Lb_Jl_Kl26": 5.33, "Lb_Lalin26": 5.45, "Lb_Bh_Ki26": 0.19, "Lb_Bh_Ka26": 0.205, "Lb_Dr_Ki26": 0.15, "Lb_Dr_Ka26": 0.15, "Lb_Tr_Ki26": 0.85, "Lb_Tr_Ka26": 0.9, "Lb_TS_Ki26": 0.0, "Lb_TS_Ka26": 0.0, "Lb_Med_26": 0.0, "Lbr_Jbt_26": 7.895, "Bgn_Ats_26": "GTP", "Jns_Jbt_26": "STANDAR", "Thn_Bgn_26": "1980", "BA_26": "2", "LNT_26": "2", "BB_26": "2", "DAS_26": "1", "OP_26": "1", "UT_26": "0", "GR_26": "0", "LB_26": "0", "JBT_26": "2", "Tp_Lnts_26": "SUNGAI", "Dt_Lnts_26": "SUNGAI LURUS (STRAIGHT)", "Pnangnn_26": "RUTIN", "Pmriksn_26": "RUTIN", "Pnglola_26": "BPJN NUSA TENGGARA BARAT", "Satkr_ID26": "693916", "PPK_Name26": "PPK 3.1", "Traffic_26": null, "VCR_26": "0.133", "AADT_26": "1404.6", "Tipe_Jb_26": null, "Lat_26": -8.6365995407099998, "Long_26": 118.479881287, "Tgl_Ins_26": "5\/29\/2024", "Ket_26": null }, "geometry": { "type": "Point", "coordinates": [ 118.479881287, -8.63659954071 ] } },
{ "type": "Feature", "properties": { "KDRUAS_UPD": "42045", "NOJBT_UPD": "42.045.014.0", "NM_RUAS_UP": "DOMPU - HU'U", "NM_JBT_UPD": "SORI DEPA I", "PROVINSI": "NUSA TENGGARA BARAT", "No_Prov_26": "42", "ID_Jbt_26": "4200531", "Kd_Ruas_26": "42045", "Suffix_26": null, "Nm_Ruas_26": "DOMPU - HU'U", "Lintas_26": "NON LINTAS", "No_Jbt_26": "42.045.014.0", "Nm_Jbt_26": "SORI DEPA I", "Status_26": "N", "Fungsi_26": "K1", "Lks_Dr_26": "RBA", "Lks_km_26": 792.0, "F_STA_26": "1410", "Cadin_26": "DOM", "Pjg_Jbt_26": 50.0, "Btg_Pjg_26": 49.85, "Jml_Btg_26": "1", "Lb_Jl_Ms26": 6.39, "Lb_Jl_Kl26": 6.39, "Lb_Lalin26": 6.51, "Lb_Bh_Ki26": 0.185, "Lb_Bh_Ka26": 0.22, "Lb_Dr_Ki26": 0.16, "Lb_Dr_Ka26": 0.12, "Lb_Tr_Ki26": 0.94, "Lb_Tr_Ka26": 0.96, "Lb_TS_Ki26": 0.24, "Lb_TS_Ka26": 0.26, "Lb_Med_26": 0.0, "Lbr_Jbt_26": 9.595, "Bgn_Ats_26": "GPP", "Jns_Jbt_26": "STANDAR", "Thn_Bgn_26": "2019", "BA_26": "1", "LNT_26": "1", "BB_26": "1", "DAS_26": "1", "OP_26": "1", "UT_26": "0", "GR_26": "0", "LB_26": "0", "JBT_26": "1", "Tp_Lnts_26": "SUNGAI", "Dt_Lnts_26": "SUNGAI BERKELOK (MEANDERING)", "Pnangnn_26": "RUTIN", "Pmriksn_26": "RUTIN", "Pnglola_26": "BPJN NUSA TENGGARA BARAT", "Satkr_ID26": "693916", "PPK_Name26": "PPK 3.1", "Traffic_26": null, "VCR_26": "0.133", "AADT_26": "1404.6", "Tipe_Jb_26": null, "Lat_26": -8.6438398361199997, "Long_26": 118.477088928, "Tgl_Ins_26": "7\/2\/2024", "Ket_26": null }, "geometry": { "type": "Point", "coordinates": [ 118.477088928, -8.64383983612 ] } },
{ "type": "Feature", "properties": { "KDRUAS_UPD": "42045", "NOJBT_UPD": "42.045.019.0", "NM_RUAS_UP": "DOMPU - HU'U", "NM_JBT_UPD": "ADU I", "PROVINSI": "NUSA TENGGARA BARAT", "No_Prov_26": "42", "ID_Jbt_26": "4200536", "Kd_Ruas_26": "42045", "Suffix_26": null, "Nm_Ruas_26": "DOMPU - HU'U", "Lintas_26": "NON LINTAS", "No_Jbt_26": "42.045.019.0", "Nm_Jbt_26": "ADU I", "Status_26": "N", "Fungsi_26": "K1", "Lks_Dr_26": "RBA", "Lks_km_26": 861.0, "F_STA_26": "2100", "Cadin_26": "DOM", "Pjg_Jbt_26": 6.0, "Btg_Pjg_26": 5.8, "Jml_Btg_26": "1", "Lb_Jl_Ms26": 5.38, "Lb_Jl_Kl26": 5.38, "Lb_Lalin26": 5.5, "Lb_Bh_Ki26": 0.58, "Lb_Bh_Ka26": 0.36, "Lb_Dr_Ki26": 0.2, "Lb_Dr_Ka26": 0.2, "Lb_Tr_Ki26": 0.72, "Lb_Tr_Ka26": 0.65, "Lb_TS_Ki26": 0.0, "Lb_TS_Ka26": 0.0, "Lb_Med_26": 0.0, "Lbr_Jbt_26": 8.21, "Bgn_Ats_26": "PTP", "Jns_Jbt_26": "STANDAR", "Thn_Bgn_26": "1987", "BA_26": "2", "LNT_26": "2", "BB_26": "1", "DAS_26": "0", "OP_26": "1", "UT_26": "0", "GR_26": "0", "LB_26": "0", "JBT_26": "2", "Tp_Lnts_26": "SUNGAI", "Dt_Lnts_26": "SUNGAI LURUS (STRAIGHT)", "Pnangnn_26": "RUTIN", "Pmriksn_26": "RUTIN", "Pnglola_26": "BPJN NUSA TENGGARA BARAT", "Satkr_ID26": "693916", "PPK_Name26": "PPK 3.1", "Traffic_26": null, "VCR_26": "0.133", "AADT_26": "1404.6", "Tipe_Jb_26": null, "Lat_26": -8.6940298080399998, "Long_26": 118.471839905, "Tgl_Ins_26": "5\/1\/2024", "Ket_26": null }, "geometry": { "type": "Point", "coordinates": [ 118.471839905, -8.69402980804 ] } },
{ "type": "Feature", "properties": { "KDRUAS_UPD": "42045", "NOJBT_UPD": "42.045.025.0", "NM_RUAS_UP": "DOMPU - HU'U", "NM_JBT_UPD": "SAWE", "PROVINSI": "NUSA TENGGARA BARAT", "No_Prov_26": "42", "ID_Jbt_26": "4200542", "Kd_Ruas_26": "42045", "Suffix_26": null, "Nm_Ruas_26": "DOMPU - HU'U", "Lintas_26": "NON LINTAS", "No_Jbt_26": "42.045.025.0", "Nm_Jbt_26": "SAWE", "Status_26": "N", "Fungsi_26": "K1", "Lks_Dr_26": "RBA", "Lks_km_26": 902.0, "F_STA_26": "2540", "Cadin_26": "DOM", "Pjg_Jbt_26": 8.0, "Btg_Pjg_26": 6.02, "Jml_Btg_26": "1", "Lb_Jl_Ms26": 5.45, "Lb_Jl_Kl26": 5.45, "Lb_Lalin26": 5.57, "Lb_Bh_Ki26": 0.29, "Lb_Bh_Ka26": 0.07, "Lb_Dr_Ki26": 0.0, "Lb_Dr_Ka26": 0.23, "Lb_Tr_Ki26": 0.64, "Lb_Tr_Ka26": 0.4, "Lb_TS_Ki26": 0.0, "Lb_TS_Ka26": 0.0, "Lb_Med_26": 0.0, "Lbr_Jbt_26": 7.2, "Bgn_Ats_26": "ETP", "Jns_Jbt_26": "STANDAR", "Thn_Bgn_26": "1981", "BA_26": "1", "LNT_26": "1", "BB_26": "1", "DAS_26": "0", "OP_26": "1", "UT_26": "0", "GR_26": "0", "LB_26": "0", "JBT_26": "1", "Tp_Lnts_26": "SUNGAI", "Dt_Lnts_26": "SUNGAI LURUS (STRAIGHT)", "Pnangnn_26": "BERKALA", "Pmriksn_26": "DETAIL", "Pnglola_26": "BPJN NUSA TENGGARA BARAT", "Satkr_ID26": "693916", "PPK_Name26": "PPK 3.1", "Traffic_26": null, "VCR_26": "0.133", "AADT_26": "1404.6", "Tipe_Jb_26": null, "Lat_26": -8.7231903076199995, "Long_26": 118.45657348600001, "Tgl_Ins_26": "6\/9\/2026", "Ket_26": null }, "geometry": { "type": "Point", "coordinates": [ 118.456573486, -8.723190307619999 ] } },
{ "type": "Feature", "properties": { "KDRUAS_UPD": "42045", "NOJBT_UPD": "42.045.027.0", "NM_RUAS_UP": "DOMPU - HU'U", "NM_JBT_UPD": "DAHA I", "PROVINSI": "NUSA TENGGARA BARAT", "No_Prov_26": "42", "ID_Jbt_26": "4200544", "Kd_Ruas_26": "42045", "Suffix_26": null, "Nm_Ruas_26": "DOMPU - HU'U", "Lintas_26": "NON LINTAS", "No_Jbt_26": "42.045.027.0", "Nm_Jbt_26": "DAHA I", "Status_26": "N", "Fungsi_26": "K1", "Lks_Dr_26": "RBA", "Lks_km_26": 935.0, "F_STA_26": "2890", "Cadin_26": "DOM", "Pjg_Jbt_26": 51.0, "Btg_Pjg_26": 50.7, "Jml_Btg_26": "1", "Lb_Jl_Ms26": 5.02, "Lb_Jl_Kl26": 5.02, "Lb_Lalin26": 5.14, "Lb_Bh_Ki26": 0.22, "Lb_Bh_Ka26": 0.23, "Lb_Dr_Ki26": 0.23, "Lb_Dr_Ka26": 0.22, "Lb_Tr_Ki26": 0.465, "Lb_Tr_Ka26": 0.47, "Lb_TS_Ki26": 0.0, "Lb_TS_Ka26": 0.0, "Lb_Med_26": 0.0, "Lbr_Jbt_26": 6.975, "Bgn_Ats_26": "RBP", "Jns_Jbt_26": "STANDAR", "Thn_Bgn_26": "1991", "BA_26": "2", "LNT_26": "2", "BB_26": "1", "DAS_26": "2", "OP_26": "0", "UT_26": "0", "GR_26": "0", "LB_26": "0", "JBT_26": "2", "Tp_Lnts_26": "SUNGAI", "Dt_Lnts_26": "SUNGAI LURUS (STRAIGHT)", "Pnangnn_26": "RUTIN", "Pmriksn_26": "RUTIN", "Pnglola_26": "BPJN NUSA TENGGARA BARAT", "Satkr_ID26": "693916", "PPK_Name26": "PPK 3.1", "Traffic_26": null, "VCR_26": "0.133", "AADT_26": "1404.6", "Tipe_Jb_26": null, "Lat_26": -8.7440004348800002, "Long_26": 118.434288025, "Tgl_Ins_26": "6\/3\/2025", "Ket_26": null }, "geometry": { "type": "Point", "coordinates": [ 118.434288025, -8.74400043488 ] } },
{ "type": "Feature", "properties": { "KDRUAS_UPD": "42045", "NOJBT_UPD": "42.045.029.0", "NM_RUAS_UP": "DOMPU - HU'U", "NM_JBT_UPD": "MADAWA I", "PROVINSI": "NUSA TENGGARA BARAT", "No_Prov_26": "42", "ID_Jbt_26": "4200546", "Kd_Ruas_26": "42045", "Suffix_26": null, "Nm_Ruas_26": "DOMPU - HU'U", "Lintas_26": "NON LINTAS", "No_Jbt_26": "42.045.029.0", "Nm_Jbt_26": "MADAWA I", "Status_26": "N", "Fungsi_26": "K1", "Lks_Dr_26": "RBA", "Lks_km_26": 955.0, "F_STA_26": "3100", "Cadin_26": "DOM", "Pjg_Jbt_26": 6.1, "Btg_Pjg_26": 5.009, "Jml_Btg_26": "1", "Lb_Jl_Ms26": 4.92, "Lb_Jl_Kl26": 4.92, "Lb_Lalin26": 5.04, "Lb_Bh_Ki26": 0.43, "Lb_Bh_Ka26": 0.51, "Lb_Dr_Ki26": 0.0, "Lb_Dr_Ka26": 0.0, "Lb_Tr_Ki26": 0.48, "Lb_Tr_Ka26": 0.52, "Lb_TS_Ki26": 0.0, "Lb_TS_Ka26": 0.0, "Lb_Med_26": 0.0, "Lbr_Jbt_26": 6.98, "Bgn_Ats_26": "ETP", "Jns_Jbt_26": "STANDAR", "Thn_Bgn_26": "1990", "BA_26": "2", "LNT_26": "2", "BB_26": "0", "DAS_26": "0", "OP_26": "0", "UT_26": "0", "GR_26": "0", "LB_26": "0", "JBT_26": "2", "Tp_Lnts_26": "SUNGAI", "Dt_Lnts_26": "SUNGAI LURUS (STRAIGHT)", "Pnangnn_26": "RUTIN", "Pmriksn_26": "RUTIN", "Pnglola_26": "BPJN NUSA TENGGARA BARAT", "Satkr_ID26": "693916", "PPK_Name26": "PPK 3.1", "Traffic_26": null, "VCR_26": "0.133", "AADT_26": "1404.6", "Tipe_Jb_26": null, "Lat_26": -8.7568998336800004, "Long_26": 118.42855072, "Tgl_Ins_26": "5\/29\/2024", "Ket_26": null }, "geometry": { "type": "Point", "coordinates": [ 118.42855072, -8.75689983368 ] } },
{ "type": "Feature", "properties": { "KDRUAS_UPD": "42045", "NOJBT_UPD": "42.045.030.0", "NM_RUAS_UP": "DOMPU - HU'U", "NM_JBT_UPD": "MADAWA II", "PROVINSI": "NUSA TENGGARA BARAT", "No_Prov_26": "42", "ID_Jbt_26": "4200547", "Kd_Ruas_26": "42045", "Suffix_26": null, "Nm_Ruas_26": "DOMPU - HU'U", "Lintas_26": "NON LINTAS", "No_Jbt_26": "42.045.030.0", "Nm_Jbt_26": "MADAWA II", "Status_26": "N", "Fungsi_26": "K1", "Lks_Dr_26": "RBA", "Lks_km_26": 956.0, "F_STA_26": "3100", "Cadin_26": "DOM", "Pjg_Jbt_26": 10.8, "Btg_Pjg_26": 10.53, "Jml_Btg_26": "1", "Lb_Jl_Ms26": 5.31, "Lb_Jl_Kl26": 5.31, "Lb_Lalin26": 5.43, "Lb_Bh_Ki26": 0.32, "Lb_Bh_Ka26": 0.26, "Lb_Dr_Ki26": 0.27, "Lb_Dr_Ka26": 0.22, "Lb_Tr_Ki26": 0.77, "Lb_Tr_Ka26": 0.745, "Lb_TS_Ki26": 0.0, "Lb_TS_Ka26": 0.0, "Lb_Med_26": 0.0, "Lbr_Jbt_26": 8.015, "Bgn_Ats_26": "GTP", "Jns_Jbt_26": "STANDAR", "Thn_Bgn_26": "1990", "BA_26": "2", "LNT_26": "2", "BB_26": "1", "DAS_26": "0", "OP_26": "2", "UT_26": "0", "GR_26": "0", "LB_26": "0", "JBT_26": "2", "Tp_Lnts_26": "SUNGAI", "Dt_Lnts_26": "SUNGAI LURUS (STRAIGHT)", "Pnangnn_26": "RUTIN", "Pmriksn_26": "RUTIN", "Pnglola_26": "BPJN NUSA TENGGARA BARAT", "Satkr_ID26": "693916", "PPK_Name26": "PPK 3.1", "Traffic_26": null, "VCR_26": "0.133", "AADT_26": "1404.6", "Tipe_Jb_26": null, "Lat_26": -8.75689029694, "Long_26": 118.427940369, "Tgl_Ins_26": "5\/29\/2024", "Ket_26": null }, "geometry": { "type": "Point", "coordinates": [ 118.427940369, -8.75689029694 ] } },
{ "type": "Feature", "properties": { "KDRUAS_UPD": "42045", "NOJBT_UPD": "42.045.031.0", "NM_RUAS_UP": "DOMPU - HU'U", "NM_JBT_UPD": "NANGASIA", "PROVINSI": "NUSA TENGGARA BARAT", "No_Prov_26": "42", "ID_Jbt_26": "4200548", "Kd_Ruas_26": "42045", "Suffix_26": null, "Nm_Ruas_26": "DOMPU - HU'U", "Lintas_26": "NON LINTAS", "No_Jbt_26": "42.045.031.0", "Nm_Jbt_26": "NANGASIA", "Status_26": "N", "Fungsi_26": "K1", "Lks_Dr_26": "RBA", "Lks_km_26": 965.0, "F_STA_26": "3320", "Cadin_26": "DOM", "Pjg_Jbt_26": 6.8, "Btg_Pjg_26": 6.35, "Jml_Btg_26": "1", "Lb_Jl_Ms26": 5.49, "Lb_Jl_Kl26": 5.49, "Lb_Lalin26": 5.61, "Lb_Bh_Ki26": 0.2, "Lb_Bh_Ka26": 0.19, "Lb_Dr_Ki26": 0.29, "Lb_Dr_Ka26": 0.4, "Lb_Tr_Ki26": 0.625, "Lb_Tr_Ka26": 0.64, "Lb_TS_Ki26": 0.0, "Lb_TS_Ka26": 0.0, "Lb_Med_26": 0.0, "Lbr_Jbt_26": 7.955, "Bgn_Ats_26": "GTP", "Jns_Jbt_26": "STANDAR", "Thn_Bgn_26": "1990", "BA_26": "2", "LNT_26": "2", "BB_26": "1", "DAS_26": "0", "OP_26": "1", "UT_26": "0", "GR_26": "0", "LB_26": "0", "JBT_26": "2", "Tp_Lnts_26": "SUNGAI", "Dt_Lnts_26": "SUNGAI LURUS (STRAIGHT)", "Pnangnn_26": "RUTIN", "Pmriksn_26": "RUTIN", "Pnglola_26": "BPJN NUSA TENGGARA BARAT", "Satkr_ID26": "693916", "PPK_Name26": "PPK 3.1", "Traffic_26": null, "VCR_26": "0.133", "AADT_26": "1404.6", "Tipe_Jb_26": null, "Lat_26": -8.7575084966199999, "Long_26": 118.41060707299999, "Tgl_Ins_26": "5\/29\/2024", "Ket_26": null }, "geometry": { "type": "Point", "coordinates": [ 118.410607073201007, -8.75750849661539 ] } },
{ "type": "Feature", "properties": { "KDRUAS_UPD": "42045", "NOJBT_UPD": "42.045.032.0", "NM_RUAS_UP": "DOMPU - HU'U", "NM_JBT_UPD": "HUU I", "PROVINSI": "NUSA TENGGARA BARAT", "No_Prov_26": "42", "ID_Jbt_26": "4200549", "Kd_Ruas_26": "42045", "Suffix_26": null, "Nm_Ruas_26": "DOMPU - HU'U", "Lintas_26": "NON LINTAS", "No_Jbt_26": "42.045.032.0", "Nm_Jbt_26": "HUU I", "Status_26": "N", "Fungsi_26": "K1", "Lks_Dr_26": "RBA", "Lks_km_26": 991.0, "F_STA_26": "3490", "Cadin_26": "DOM", "Pjg_Jbt_26": 8.0, "Btg_Pjg_26": 7.7, "Jml_Btg_26": "1", "Lb_Jl_Ms26": 4.13, "Lb_Jl_Kl26": 4.13, "Lb_Lalin26": 4.25, "Lb_Bh_Ki26": 0.25, "Lb_Bh_Ka26": 0.26, "Lb_Dr_Ki26": 0.0, "Lb_Dr_Ka26": 0.0, "Lb_Tr_Ki26": 0.43, "Lb_Tr_Ka26": 0.47, "Lb_TS_Ki26": 0.0, "Lb_TS_Ka26": 0.0, "Lb_Med_26": 0.0, "Lbr_Jbt_26": 5.66, "Bgn_Ats_26": "GTP", "Jns_Jbt_26": "STANDAR", "Thn_Bgn_26": "1982", "BA_26": "2", "LNT_26": "2", "BB_26": "2", "DAS_26": "0", "OP_26": "2", "UT_26": "0", "GR_26": "0", "LB_26": "0", "JBT_26": "2", "Tp_Lnts_26": "SUNGAI", "Dt_Lnts_26": "SUNGAI LURUS (STRAIGHT)", "Pnangnn_26": "RUTIN", "Pmriksn_26": "DETAIL", "Pnglola_26": "BPJN NUSA TENGGARA BARAT", "Satkr_ID26": "693916", "PPK_Name26": "PPK 3.1", "Traffic_26": null, "VCR_26": "0.133", "AADT_26": "1404.6", "Tipe_Jb_26": null, "Lat_26": -8.7654695510899998, "Long_26": 118.397743225, "Tgl_Ins_26": "5\/12\/2026", "Ket_26": null }, "geometry": { "type": "Point", "coordinates": [ 118.397743225, -8.76546955109 ] } },
{ "type": "Feature", "properties": { "KDRUAS_UPD": "42046", "NOJBT_UPD": "42.046.001.0", "NM_RUAS_UP": "SP. BANGGO - KEMPO", "NM_JBT_UPD": "KEMPO", "PROVINSI": "NUSA TENGGARA BARAT", "No_Prov_26": "42", "ID_Jbt_26": "4200550", "Kd_Ruas_26": "42046", "Suffix_26": null, "Nm_Ruas_26": "SP. BANGGO - KEMPO", "Lintas_26": "NON LINTAS", "No_Jbt_26": "42.046.001.0", "Nm_Jbt_26": "KEMPO", "Status_26": "N", "Fungsi_26": "K1", "Lks_Dr_26": "RBA", "Lks_km_26": 953.0, "F_STA_26": "950", "Cadin_26": "DOM", "Pjg_Jbt_26": 17.7, "Btg_Pjg_26": 17.4, "Jml_Btg_26": "1", "Lb_Jl_Ms26": 5.31, "Lb_Jl_Kl26": 5.31, "Lb_Lalin26": 5.43, "Lb_Bh_Ki26": 0.19, "Lb_Bh_Ka26": 0.14, "Lb_Dr_Ki26": 0.22, "Lb_Dr_Ka26": 0.22, "Lb_Tr_Ki26": 0.9, "Lb_Tr_Ka26": 0.9, "Lb_TS_Ki26": 0.0, "Lb_TS_Ka26": 0.0, "Lb_Med_26": 0.0, "Lbr_Jbt_26": 8.0, "Bgn_Ats_26": "GTP", "Jns_Jbt_26": "STANDAR", "Thn_Bgn_26": "1988", "BA_26": "2", "LNT_26": "2", "BB_26": "0", "DAS_26": "1", "OP_26": "2", "UT_26": "0", "GR_26": "0", "LB_26": "0", "JBT_26": "2", "Tp_Lnts_26": "SUNGAI", "Dt_Lnts_26": "SUNGAI BERKELOK (MEANDERING)", "Pnangnn_26": "RUTIN", "Pmriksn_26": "RUTIN", "Pnglola_26": "BPJN NUSA TENGGARA BARAT", "Satkr_ID26": "693916", "PPK_Name26": "PPK 3.2", "Traffic_26": null, "VCR_26": "0.353", "AADT_26": "4394.7", "Tipe_Jb_26": null, "Lat_26": -8.5401401519799993, "Long_26": 118.25176239000001, "Tgl_Ins_26": "5\/30\/2024", "Ket_26": null }, "geometry": { "type": "Point", "coordinates": [ 118.25176239, -8.540140151979999 ] } },
{ "type": "Feature", "properties": { "KDRUAS_UPD": "42047", "NOJBT_UPD": "42.047.008.0", "NM_RUAS_UP": "KEMPO - KESI - HODO", "NM_JBT_UPD": "KARAMA", "PROVINSI": "NUSA TENGGARA BARAT", "No_Prov_26": "42", "ID_Jbt_26": "4200562", "Kd_Ruas_26": "42047", "Suffix_26": null, "Nm_Ruas_26": "KEMPO - KESI - HODO", "Lintas_26": "NON LINTAS", "No_Jbt_26": "42.047.008.0", "Nm_Jbt_26": "KARAMA", "Status_26": "N", "Fungsi_26": "K1", "Lks_Dr_26": "RBA", "Lks_km_26": 11615.0, "F_STA_26": "1470", "Cadin_26": "DOM", "Pjg_Jbt_26": 10.5, "Btg_Pjg_26": 10.2, "Jml_Btg_26": "1", "Lb_Jl_Ms26": 5.85, "Lb_Jl_Kl26": 5.85, "Lb_Lalin26": 4.27, "Lb_Bh_Ki26": 0.15, "Lb_Bh_Ka26": 0.2, "Lb_Dr_Ki26": 0.0, "Lb_Dr_Ka26": 0.0, "Lb_Tr_Ki26": 0.25, "Lb_Tr_Ka26": 0.25, "Lb_TS_Ki26": 0.0, "Lb_TS_Ka26": 0.0, "Lb_Med_26": 0.0, "Lbr_Jbt_26": 5.12, "Bgn_Ats_26": "GTP", "Jns_Jbt_26": "STANDAR", "Thn_Bgn_26": "1980", "BA_26": "2", "LNT_26": "1", "BB_26": "1", "DAS_26": "0", "OP_26": "1", "UT_26": "0", "GR_26": "0", "LB_26": "0", "JBT_26": "2", "Tp_Lnts_26": "SUNGAI", "Dt_Lnts_26": "SUNGAI LURUS (STRAIGHT)", "Pnangnn_26": "RUTIN", "Pmriksn_26": "RUTIN", "Pnglola_26": "BPJN NUSA TENGGARA BARAT", "Satkr_ID26": "693916", "PPK_Name26": "PPK 3.2", "Traffic_26": null, "VCR_26": "0.0582", "AADT_26": "622", "Tipe_Jb_26": null, "Lat_26": -8.4925298690800002, "Long_26": 118.134933472, "Tgl_Ins_26": "5\/29\/2024", "Ket_26": null }, "geometry": { "type": "Point", "coordinates": [ 118.134933472, -8.49252986908 ] } },
{ "type": "Feature", "properties": { "KDRUAS_UPD": "42047", "NOJBT_UPD": "42.047.009.0", "NM_RUAS_UP": "KEMPO - KESI - HODO", "NM_JBT_UPD": "TOMPO", "PROVINSI": "NUSA TENGGARA BARAT", "No_Prov_26": "42", "ID_Jbt_26": "4200563", "Kd_Ruas_26": "42047", "Suffix_26": null, "Nm_Ruas_26": "KEMPO - KESI - HODO", "Lintas_26": "NON LINTAS", "No_Jbt_26": "42.047.009.0", "Nm_Jbt_26": "TOMPO", "Status_26": "N", "Fungsi_26": "K1", "Lks_Dr_26": "RBA", "Lks_km_26": 12104.999999999998, "F_STA_26": "1960", "Cadin_26": "DOM", "Pjg_Jbt_26": 18.0, "Btg_Pjg_26": 17.8, "Jml_Btg_26": "1", "Lb_Jl_Ms26": 5.8, "Lb_Jl_Kl26": 5.8, "Lb_Lalin26": 5.92, "Lb_Bh_Ki26": 0.0, "Lb_Bh_Ka26": 0.0, "Lb_Dr_Ki26": 0.32, "Lb_Dr_Ka26": 0.38, "Lb_Tr_Ki26": 0.5, "Lb_Tr_Ka26": 0.5, "Lb_TS_Ki26": 0.0, "Lb_TS_Ka26": 0.0, "Lb_Med_26": 0.0, "Lbr_Jbt_26": 7.62, "Bgn_Ats_26": "GTP", "Jns_Jbt_26": "STANDAR", "Thn_Bgn_26": "1992", "BA_26": "2", "LNT_26": "2", "BB_26": "1", "DAS_26": "0", "OP_26": "1", "UT_26": "0", "GR_26": "0", "LB_26": "0", "JBT_26": "2", "Tp_Lnts_26": "SUNGAI", "Dt_Lnts_26": "SUNGAI LURUS (STRAIGHT)", "Pnangnn_26": "RUTIN", "Pmriksn_26": "RUTIN", "Pnglola_26": "BPJN NUSA TENGGARA BARAT", "Satkr_ID26": "693916", "PPK_Name26": "PPK 3.2", "Traffic_26": null, "VCR_26": "0.0582", "AADT_26": "622", "Tipe_Jb_26": null, "Lat_26": -8.4682502746600008, "Long_26": 118.12531280499999, "Tgl_Ins_26": "5\/29\/2024", "Ket_26": null }, "geometry": { "type": "Point", "coordinates": [ 118.125312805, -8.468250274660001 ] } },
{ "type": "Feature", "properties": { "KDRUAS_UPD": "42047", "NOJBT_UPD": "42.047.010.0", "NM_RUAS_UP": "KEMPO - KESI - HODO", "NM_JBT_UPD": "HODO I", "PROVINSI": "NUSA TENGGARA BARAT", "No_Prov_26": "42", "ID_Jbt_26": "4200564", "Kd_Ruas_26": "42047", "Suffix_26": null, "Nm_Ruas_26": "KEMPO - KESI - HODO", "Lintas_26": "NON LINTAS", "No_Jbt_26": "42.047.010.0", "Nm_Jbt_26": "HODO I", "Status_26": "N", "Fungsi_26": "K1", "Lks_Dr_26": "RBA", "Lks_km_26": 12708.0, "F_STA_26": "2610", "Cadin_26": "DOM", "Pjg_Jbt_26": 10.6, "Btg_Pjg_26": 10.3, "Jml_Btg_26": "1", "Lb_Jl_Ms26": 5.03, "Lb_Jl_Kl26": 5.03, "Lb_Lalin26": 5.15, "Lb_Bh_Ki26": 0.43, "Lb_Bh_Ka26": 0.41, "Lb_Dr_Ki26": 0.45, "Lb_Dr_Ka26": 0.0, "Lb_Tr_Ki26": 0.41, "Lb_Tr_Ka26": 0.4, "Lb_TS_Ki26": 0.3, "Lb_TS_Ka26": 0.3, "Lb_Med_26": 0.0, "Lbr_Jbt_26": 7.85, "Bgn_Ats_26": "GTP", "Jns_Jbt_26": "STANDAR", "Thn_Bgn_26": "1995", "BA_26": "2", "LNT_26": "2", "BB_26": "2", "DAS_26": "0", "OP_26": "0", "UT_26": "0", "GR_26": "0", "LB_26": "0", "JBT_26": "2", "Tp_Lnts_26": "SUNGAI", "Dt_Lnts_26": "SUNGAI LURUS (STRAIGHT)", "Pnangnn_26": "RUTIN", "Pmriksn_26": "RUTIN", "Pnglola_26": "BPJN NUSA TENGGARA BARAT", "Satkr_ID26": "693916", "PPK_Name26": "PPK 3.2", "Traffic_26": null, "VCR_26": "0.0582", "AADT_26": "622", "Tipe_Jb_26": null, "Lat_26": -8.4494600296000009, "Long_26": 118.076339722, "Tgl_Ins_26": "5\/29\/2024", "Ket_26": null }, "geometry": { "type": "Point", "coordinates": [ 118.076339722, -8.449460029600001 ] } },
{ "type": "Feature", "properties": { "KDRUAS_UPD": "42047", "NOJBT_UPD": "42.047.011.0", "NM_RUAS_UP": "KEMPO - KESI - HODO", "NM_JBT_UPD": "HODO II", "PROVINSI": "NUSA TENGGARA BARAT", "No_Prov_26": "42", "ID_Jbt_26": "4200565", "Kd_Ruas_26": "42047", "Suffix_26": null, "Nm_Ruas_26": "KEMPO - KESI - HODO", "Lintas_26": "NON LINTAS", "No_Jbt_26": "42.047.011.0", "Nm_Jbt_26": "HODO II", "Status_26": "N", "Fungsi_26": "K1", "Lks_Dr_26": "DOM", "Lks_km_26": 12755.000000000002, "F_STA_26": "2650", "Cadin_26": "DOM", "Pjg_Jbt_26": 11.2, "Btg_Pjg_26": 10.9, "Jml_Btg_26": "1", "Lb_Jl_Ms26": 5.2, "Lb_Jl_Kl26": 5.2, "Lb_Lalin26": 5.32, "Lb_Bh_Ki26": 0.0, "Lb_Bh_Ka26": 0.0, "Lb_Dr_Ki26": 0.0, "Lb_Dr_Ka26": 0.0, "Lb_Tr_Ki26": 0.9, "Lb_Tr_Ka26": 0.9, "Lb_TS_Ki26": 0.3, "Lb_TS_Ka26": 0.3, "Lb_Med_26": 0.0, "Lbr_Jbt_26": 7.72, "Bgn_Ats_26": "GTP", "Jns_Jbt_26": "STANDAR", "Thn_Bgn_26": "1980", "BA_26": "2", "LNT_26": "1", "BB_26": "2", "DAS_26": "0", "OP_26": "1", "UT_26": "0", "GR_26": "0", "LB_26": "0", "JBT_26": "2", "Tp_Lnts_26": "SUNGAI", "Dt_Lnts_26": "SUNGAI LURUS (STRAIGHT)", "Pnangnn_26": "RUTIN", "Pmriksn_26": "RUTIN", "Pnglola_26": "BPJN NUSA TENGGARA BARAT", "Satkr_ID26": "693916", "PPK_Name26": "PPK 3.2", "Traffic_26": null, "VCR_26": "0.0582", "AADT_26": "622", "Tipe_Jb_26": null, "Lat_26": -8.4487800598099998, "Long_26": 118.07235717799999, "Tgl_Ins_26": "5\/29\/2024", "Ket_26": null }, "geometry": { "type": "Point", "coordinates": [ 118.072357178, -8.44878005981 ] } },
{ "type": "Feature", "properties": { "KDRUAS_UPD": "42048", "NOJBT_UPD": "42.048.001.0", "NM_RUAS_UP": "HODO - DOROPATI", "NM_JBT_UPD": "HODO III", "PROVINSI": "NUSA TENGGARA BARAT", "No_Prov_26": "42", "ID_Jbt_26": "4200566", "Kd_Ruas_26": "42048", "Suffix_26": null, "Nm_Ruas_26": "HODO - DOROPATI", "Lintas_26": "NON LINTAS", "No_Jbt_26": "42.048.001.0", "Nm_Jbt_26": "HODO III", "Status_26": "N", "Fungsi_26": "K1", "Lks_Dr_26": "RBA", "Lks_km_26": 1291.0, "F_STA_26": "70", "Cadin_26": "DOM", "Pjg_Jbt_26": 12.6, "Btg_Pjg_26": 12.3, "Jml_Btg_26": "1", "Lb_Jl_Ms26": 4.95, "Lb_Jl_Kl26": 4.95, "Lb_Lalin26": 5.07, "Lb_Bh_Ki26": 0.18, "Lb_Bh_Ka26": 0.16, "Lb_Dr_Ki26": 0.41, "Lb_Dr_Ka26": 0.36, "Lb_Tr_Ki26": 0.81, "Lb_Tr_Ka26": 0.76, "Lb_TS_Ki26": 0.0, "Lb_TS_Ka26": 0.0, "Lb_Med_26": 0.0, "Lbr_Jbt_26": 7.75, "Bgn_Ats_26": "GTP", "Jns_Jbt_26": "STANDAR", "Thn_Bgn_26": "1994", "BA_26": "2", "LNT_26": "2", "BB_26": "2", "DAS_26": "0", "OP_26": "0", "UT_26": "0", "GR_26": "0", "LB_26": "0", "JBT_26": "2", "Tp_Lnts_26": "SUNGAI", "Dt_Lnts_26": "SUNGAI LURUS (STRAIGHT)", "Pnangnn_26": "RUTIN", "Pmriksn_26": "RUTIN", "Pnglola_26": "BPJN NUSA TENGGARA BARAT", "Satkr_ID26": "693916", "PPK_Name26": "PPK 3.2", "Traffic_26": null, "VCR_26": "0.0755", "AADT_26": "799.7", "Tipe_Jb_26": null, "Lat_26": -8.44863986969, "Long_26": 118.06529998800001, "Tgl_Ins_26": "3\/23\/2024", "Ket_26": null }, "geometry": { "type": "Point", "coordinates": [ 118.065299988, -8.44863986969 ] } },
{ "type": "Feature", "properties": { "KDRUAS_UPD": "42048", "NOJBT_UPD": "42.048.002.0", "NM_RUAS_UP": "HODO - DOROPATI", "NM_JBT_UPD": "HODO IV", "PROVINSI": "NUSA TENGGARA BARAT", "No_Prov_26": "42", "ID_Jbt_26": "4200567", "Kd_Ruas_26": "42048", "Suffix_26": null, "Nm_Ruas_26": "HODO - DOROPATI", "Lintas_26": "NON LINTAS", "No_Jbt_26": "42.048.002.0", "Nm_Jbt_26": "HODO IV", "Status_26": "N", "Fungsi_26": "K1", "Lks_Dr_26": "RBA", "Lks_km_26": 1294.0, "F_STA_26": "100", "Cadin_26": "DOM", "Pjg_Jbt_26": 21.0, "Btg_Pjg_26": 20.7, "Jml_Btg_26": "1", "Lb_Jl_Ms26": 4.82, "Lb_Jl_Kl26": 4.82, "Lb_Lalin26": 4.94, "Lb_Bh_Ki26": 0.28, "Lb_Bh_Ka26": 0.33, "Lb_Dr_Ki26": 0.23, "Lb_Dr_Ka26": 0.41, "Lb_Tr_Ki26": 0.79, "Lb_Tr_Ka26": 0.81, "Lb_TS_Ki26": 0.0, "Lb_TS_Ka26": 0.0, "Lb_Med_26": 0.0, "Lbr_Jbt_26": 7.79, "Bgn_Ats_26": "GTP", "Jns_Jbt_26": "STANDAR", "Thn_Bgn_26": "1992", "BA_26": "2", "LNT_26": "2", "BB_26": "2", "DAS_26": "1", "OP_26": "1", "UT_26": "0", "GR_26": "0", "LB_26": "0", "JBT_26": "2", "Tp_Lnts_26": "SUNGAI", "Dt_Lnts_26": "SUNGAI LURUS (STRAIGHT)", "Pnangnn_26": "RUTIN", "Pmriksn_26": "RUTIN", "Pnglola_26": "BPJN NUSA TENGGARA BARAT", "Satkr_ID26": "693916", "PPK_Name26": "PPK 3.2", "Traffic_26": null, "VCR_26": "0.0755", "AADT_26": "799.7", "Tipe_Jb_26": null, "Lat_26": -8.4490299224900003, "Long_26": 118.06304168700001, "Tgl_Ins_26": "6\/6\/2025", "Ket_26": null }, "geometry": { "type": "Point", "coordinates": [ 118.063041687, -8.44902992249 ] } },
{ "type": "Feature", "properties": { "KDRUAS_UPD": "42048", "NOJBT_UPD": "42.048.003.0", "NM_RUAS_UP": "HODO - DOROPATI", "NM_JBT_UPD": "HODO V", "PROVINSI": "NUSA TENGGARA BARAT", "No_Prov_26": "42", "ID_Jbt_26": "4200568", "Kd_Ruas_26": "42048", "Suffix_26": null, "Nm_Ruas_26": "HODO - DOROPATI", "Lintas_26": "NON LINTAS", "No_Jbt_26": "42.048.003.0", "Nm_Jbt_26": "HODO V", "Status_26": "N", "Fungsi_26": "K1", "Lks_Dr_26": "RBA", "Lks_km_26": 1302.0, "F_STA_26": "170", "Cadin_26": "DOM", "Pjg_Jbt_26": 6.9, "Btg_Pjg_26": 6.6, "Jml_Btg_26": "1", "Lb_Jl_Ms26": 6.0, "Lb_Jl_Kl26": 6.0, "Lb_Lalin26": 5.1, "Lb_Bh_Ki26": 1.27, "Lb_Bh_Ka26": 1.2, "Lb_Dr_Ki26": 0.0, "Lb_Dr_Ka26": 0.0, "Lb_Tr_Ki26": 1.0, "Lb_Tr_Ka26": 1.0, "Lb_TS_Ki26": 0.28, "Lb_TS_Ka26": 0.28, "Lb_Med_26": 0.0, "Lbr_Jbt_26": 10.13, "Bgn_Ats_26": "PTP", "Jns_Jbt_26": "STANDAR", "Thn_Bgn_26": "1992", "BA_26": "2", "LNT_26": "2", "BB_26": "1", "DAS_26": "0", "OP_26": "0", "UT_26": "0", "GR_26": "0", "LB_26": "0", "JBT_26": "2", "Tp_Lnts_26": "SUNGAI", "Dt_Lnts_26": "SUNGAI LURUS (STRAIGHT)", "Pnangnn_26": "RUTIN", "Pmriksn_26": "RUTIN", "Pnglola_26": "BPJN NUSA TENGGARA BARAT", "Satkr_ID26": "693916", "PPK_Name26": "PPK 3.2", "Traffic_26": null, "VCR_26": "0.0755", "AADT_26": "799.7", "Tipe_Jb_26": null, "Lat_26": -8.4490003585799993, "Long_26": 118.057136536, "Tgl_Ins_26": "3\/23\/2024", "Ket_26": null }, "geometry": { "type": "Point", "coordinates": [ 118.057136536, -8.449000358579999 ] } },
{ "type": "Feature", "properties": { "KDRUAS_UPD": "42048", "NOJBT_UPD": "42.048.004.0", "NM_RUAS_UP": "HODO - DOROPATI", "NM_JBT_UPD": "PRANGGA PANDA I", "PROVINSI": "NUSA TENGGARA BARAT", "No_Prov_26": "42", "ID_Jbt_26": "4200569", "Kd_Ruas_26": "42048", "Suffix_26": null, "Nm_Ruas_26": "HODO - DOROPATI", "Lintas_26": "NON LINTAS", "No_Jbt_26": "42.048.004.0", "Nm_Jbt_26": "PRANGGA PANDA I", "Status_26": "N", "Fungsi_26": "K1", "Lks_Dr_26": "RBA", "Lks_km_26": 1306.0, "F_STA_26": "220", "Cadin_26": "DOM", "Pjg_Jbt_26": 10.8, "Btg_Pjg_26": 10.7, "Jml_Btg_26": "1", "Lb_Jl_Ms26": 4.96, "Lb_Jl_Kl26": 4.96, "Lb_Lalin26": 5.08, "Lb_Bh_Ki26": 0.38, "Lb_Bh_Ka26": 0.5, "Lb_Dr_Ki26": 0.41, "Lb_Dr_Ka26": 0.0, "Lb_Tr_Ki26": 0.66, "Lb_Tr_Ka26": 0.69, "Lb_TS_Ki26": 0.0, "Lb_TS_Ka26": 0.0, "Lb_Med_26": 0.0, "Lbr_Jbt_26": 7.72, "Bgn_Ats_26": "GTP", "Jns_Jbt_26": "STANDAR", "Thn_Bgn_26": "1993", "BA_26": "2", "LNT_26": "2", "BB_26": "2", "DAS_26": "0", "OP_26": "2", "UT_26": "0", "GR_26": "0", "LB_26": "0", "JBT_26": "2", "Tp_Lnts_26": "SUNGAI", "Dt_Lnts_26": "SUNGAI BERKELOK (MEANDERING)", "Pnangnn_26": "BERKALA", "Pmriksn_26": "RUTIN", "Pnglola_26": "BPJN NUSA TENGGARA BARAT", "Satkr_ID26": "693916", "PPK_Name26": "PPK 3.2", "Traffic_26": null, "VCR_26": "0.0755", "AADT_26": "799.7", "Tipe_Jb_26": null, "Lat_26": -8.4480495452900009, "Long_26": 118.052612305, "Tgl_Ins_26": "6\/6\/2025", "Ket_26": null }, "geometry": { "type": "Point", "coordinates": [ 118.052612305, -8.448049545290001 ] } },
{ "type": "Feature", "properties": { "KDRUAS_UPD": "42048", "NOJBT_UPD": "42.048.005.0", "NM_RUAS_UP": "HODO - DOROPATI", "NM_JBT_UPD": "PRANGGA PANDA II", "PROVINSI": "NUSA TENGGARA BARAT", "No_Prov_26": "42", "ID_Jbt_26": "4200570", "Kd_Ruas_26": "42048", "Suffix_26": null, "Nm_Ruas_26": "HODO - DOROPATI", "Lintas_26": "NON LINTAS", "No_Jbt_26": "42.048.005.0", "Nm_Jbt_26": "PRANGGA PANDA II", "Status_26": "N", "Fungsi_26": "K1", "Lks_Dr_26": "RBA", "Lks_km_26": 1312.0, "F_STA_26": "270", "Cadin_26": "DOM", "Pjg_Jbt_26": 10.7, "Btg_Pjg_26": 10.4, "Jml_Btg_26": "1", "Lb_Jl_Ms26": 4.96, "Lb_Jl_Kl26": 4.96, "Lb_Lalin26": 5.08, "Lb_Bh_Ki26": 0.23, "Lb_Bh_Ka26": 0.36, "Lb_Dr_Ki26": 0.3, "Lb_Dr_Ka26": 0.41, "Lb_Tr_Ki26": 0.77, "Lb_Tr_Ka26": 0.71, "Lb_TS_Ki26": 0.0, "Lb_TS_Ka26": 0.0, "Lb_Med_26": 0.0, "Lbr_Jbt_26": 7.86, "Bgn_Ats_26": "GTP", "Jns_Jbt_26": "STANDAR", "Thn_Bgn_26": "1993", "BA_26": "2", "LNT_26": "2", "BB_26": "2", "DAS_26": "2", "OP_26": "1", "UT_26": "0", "GR_26": "0", "LB_26": "0", "JBT_26": "2", "Tp_Lnts_26": "SUNGAI", "Dt_Lnts_26": "SUNGAI LURUS (STRAIGHT)", "Pnangnn_26": "RUTIN", "Pmriksn_26": "RUTIN", "Pnglola_26": "BPJN NUSA TENGGARA BARAT", "Satkr_ID26": "693916", "PPK_Name26": "PPK 3.2", "Traffic_26": null, "VCR_26": "0.0755", "AADT_26": "799.7", "Tipe_Jb_26": null, "Lat_26": -8.4462404251100001, "Long_26": 118.048606873, "Tgl_Ins_26": "6\/6\/2025", "Ket_26": null }, "geometry": { "type": "Point", "coordinates": [ 118.048606873, -8.44624042511 ] } },
{ "type": "Feature", "properties": { "KDRUAS_UPD": "42048", "NOJBT_UPD": "42.048.006.0", "NM_RUAS_UP": "HODO - DOROPATI", "NM_JBT_UPD": "BENTENG I", "PROVINSI": "NUSA TENGGARA BARAT", "No_Prov_26": "42", "ID_Jbt_26": "4200571", "Kd_Ruas_26": "42048", "Suffix_26": null, "Nm_Ruas_26": "HODO - DOROPATI", "Lintas_26": "NON LINTAS", "No_Jbt_26": "42.048.006.0", "Nm_Jbt_26": "BENTENG I", "Status_26": "N", "Fungsi_26": "K1", "Lks_Dr_26": "RBA", "Lks_km_26": 13495.000000000002, "F_STA_26": "570", "Cadin_26": "DOM", "Pjg_Jbt_26": 8.7, "Btg_Pjg_26": 8.5, "Jml_Btg_26": "1", "Lb_Jl_Ms26": 5.76, "Lb_Jl_Kl26": 5.76, "Lb_Lalin26": 5.88, "Lb_Bh_Ki26": 0.0, "Lb_Bh_Ka26": 0.0, "Lb_Dr_Ki26": 0.0, "Lb_Dr_Ka26": 0.0, "Lb_Tr_Ki26": 0.29, "Lb_Tr_Ka26": 1.0, "Lb_TS_Ki26": 0.3, "Lb_TS_Ka26": 0.3, "Lb_Med_26": 0.0, "Lbr_Jbt_26": 7.77, "Bgn_Ats_26": "GTP", "Jns_Jbt_26": "STANDAR", "Thn_Bgn_26": "1995", "BA_26": "2", "LNT_26": "2", "BB_26": "2", "DAS_26": "0", "OP_26": "1", "UT_26": "0", "GR_26": "0", "LB_26": "0", "JBT_26": "2", "Tp_Lnts_26": "SUNGAI", "Dt_Lnts_26": "SUNGAI BERKELOK (MEANDERING)", "Pnangnn_26": "BERKALA", "Pmriksn_26": "RUTIN", "Pnglola_26": "BPJN NUSA TENGGARA BARAT", "Satkr_ID26": "693916", "PPK_Name26": "PPK 3.2", "Traffic_26": null, "VCR_26": "0.0755", "AADT_26": "799.7", "Tipe_Jb_26": null, "Lat_26": -8.4473495483400001, "Long_26": 118.024032593, "Tgl_Ins_26": "6\/6\/2025", "Ket_26": null }, "geometry": { "type": "Point", "coordinates": [ 118.024032593, -8.44734954834 ] } },
{ "type": "Feature", "properties": { "KDRUAS_UPD": "42048", "NOJBT_UPD": "42.048.007.0", "NM_RUAS_UP": "HODO - DOROPATI", "NM_JBT_UPD": "BENTENG II", "PROVINSI": "NUSA TENGGARA BARAT", "No_Prov_26": "42", "ID_Jbt_26": "4200572", "Kd_Ruas_26": "42048", "Suffix_26": null, "Nm_Ruas_26": "HODO - DOROPATI", "Lintas_26": "NON LINTAS", "No_Jbt_26": "42.048.007.0", "Nm_Jbt_26": "BENTENG II", "Status_26": "N", "Fungsi_26": "K1", "Lks_Dr_26": "RBA", "Lks_km_26": 13495.000000000002, "F_STA_26": "590", "Cadin_26": "DOM", "Pjg_Jbt_26": 8.7, "Btg_Pjg_26": 8.3, "Jml_Btg_26": "1", "Lb_Jl_Ms26": 4.42, "Lb_Jl_Kl26": 4.42, "Lb_Lalin26": 4.54, "Lb_Bh_Ki26": 0.23, "Lb_Bh_Ka26": 0.29, "Lb_Dr_Ki26": 0.3, "Lb_Dr_Ka26": 0.56, "Lb_Tr_Ki26": 0.3, "Lb_Tr_Ka26": 0.26, "Lb_TS_Ki26": 0.37, "Lb_TS_Ka26": 0.34, "Lb_Med_26": 0.0, "Lbr_Jbt_26": 7.19, "Bgn_Ats_26": "GTP", "Jns_Jbt_26": "STANDAR", "Thn_Bgn_26": "1995", "BA_26": "2", "LNT_26": "2", "BB_26": "2", "DAS_26": "0", "OP_26": "0", "UT_26": "0", "GR_26": "0", "LB_26": "0", "JBT_26": "2", "Tp_Lnts_26": "SUNGAI", "Dt_Lnts_26": "SUNGAI LURUS (STRAIGHT)", "Pnangnn_26": "RUTIN", "Pmriksn_26": "RUTIN", "Pnglola_26": "BPJN NUSA TENGGARA BARAT", "Satkr_ID26": "693916", "PPK_Name26": "PPK 3.2", "Traffic_26": null, "VCR_26": "0.0755", "AADT_26": "799.7", "Tipe_Jb_26": null, "Lat_26": -8.4477100372299994, "Long_26": 118.02239227299999, "Tgl_Ins_26": "3\/23\/2024", "Ket_26": null }, "geometry": { "type": "Point", "coordinates": [ 118.022392273, -8.447710037229999 ] } },
{ "type": "Feature", "properties": { "KDRUAS_UPD": "42048", "NOJBT_UPD": "42.048.018.0", "NM_RUAS_UP": "HODO - DOROPATI", "NM_JBT_UPD": "LAWAJA", "PROVINSI": "NUSA TENGGARA BARAT", "No_Prov_26": "42", "ID_Jbt_26": "4200583", "Kd_Ruas_26": "42048", "Suffix_26": null, "Nm_Ruas_26": "HODO - DOROPATI", "Lintas_26": "NON LINTAS", "No_Jbt_26": "42.048.018.0", "Nm_Jbt_26": "LAWAJA", "Status_26": "N", "Fungsi_26": "K1", "Lks_Dr_26": "RBA", "Lks_km_26": 1446.0, "F_STA_26": "1590", "Cadin_26": "DOM", "Pjg_Jbt_26": 8.2, "Btg_Pjg_26": 8.0, "Jml_Btg_26": "1", "Lb_Jl_Ms26": 5.43, "Lb_Jl_Kl26": 5.43, "Lb_Lalin26": 5.55, "Lb_Bh_Ki26": 0.0, "Lb_Bh_Ka26": 0.0, "Lb_Dr_Ki26": 0.0, "Lb_Dr_Ka26": 0.0, "Lb_Tr_Ki26": 0.79, "Lb_Tr_Ka26": 1.16, "Lb_TS_Ki26": 0.3, "Lb_TS_Ka26": 0.29, "Lb_Med_26": 0.0, "Lbr_Jbt_26": 8.09, "Bgn_Ats_26": "GTP", "Jns_Jbt_26": "STANDAR", "Thn_Bgn_26": "1996", "BA_26": "2", "LNT_26": "2", "BB_26": "1", "DAS_26": "1", "OP_26": "1", "UT_26": "0", "GR_26": "0", "LB_26": "0", "JBT_26": "2", "Tp_Lnts_26": "SUNGAI", "Dt_Lnts_26": "SUNGAI BERKELOK (MEANDERING)", "Pnangnn_26": "RUTIN", "Pmriksn_26": "RUTIN", "Pnglola_26": "BPJN NUSA TENGGARA BARAT", "Satkr_ID26": "693916", "PPK_Name26": "PPK 3.2", "Traffic_26": null, "VCR_26": "0.0755", "AADT_26": "799.7", "Tipe_Jb_26": null, "Lat_26": -8.4190797805800006, "Long_26": 117.94419860799999, "Tgl_Ins_26": "6\/1\/2024", "Ket_26": null }, "geometry": { "type": "Point", "coordinates": [ 117.944198608, -8.419079780580001 ] } },
{ "type": "Feature", "properties": { "KDRUAS_UPD": "42048", "NOJBT_UPD": "42.048.019.0", "NM_RUAS_UP": "HODO - DOROPATI", "NM_JBT_UPD": "DOROMBOHA I", "PROVINSI": "NUSA TENGGARA BARAT", "No_Prov_26": "42", "ID_Jbt_26": "4200584", "Kd_Ruas_26": "42048", "Suffix_26": null, "Nm_Ruas_26": "HODO - DOROPATI", "Lintas_26": "NON LINTAS", "No_Jbt_26": "42.048.019.0", "Nm_Jbt_26": "DOROMBOHA I", "Status_26": "N", "Fungsi_26": "K1", "Lks_Dr_26": "RBA", "Lks_km_26": 146.0, "F_STA_26": "1740", "Cadin_26": "DOM", "Pjg_Jbt_26": 8.6, "Btg_Pjg_26": 8.5, "Jml_Btg_26": "1", "Lb_Jl_Ms26": 5.72, "Lb_Jl_Kl26": 5.72, "Lb_Lalin26": 5.84, "Lb_Bh_Ki26": 0.0, "Lb_Bh_Ka26": 0.0, "Lb_Dr_Ki26": 0.23, "Lb_Dr_Ka26": 0.2, "Lb_Tr_Ki26": 0.41, "Lb_Tr_Ka26": 0.39, "Lb_TS_Ki26": 0.3, "Lb_TS_Ka26": 0.31, "Lb_Med_26": 0.0, "Lbr_Jbt_26": 7.68, "Bgn_Ats_26": "GTP", "Jns_Jbt_26": "STANDAR", "Thn_Bgn_26": "1993", "BA_26": "1", "LNT_26": "1", "BB_26": "2", "DAS_26": "1", "OP_26": "1", "UT_26": "0", "GR_26": "0", "LB_26": "0", "JBT_26": "2", "Tp_Lnts_26": "SUNGAI", "Dt_Lnts_26": "SUNGAI LURUS (STRAIGHT)", "Pnangnn_26": "RUTIN", "Pmriksn_26": "RUTIN", "Pnglola_26": "BPJN NUSA TENGGARA BARAT", "Satkr_ID26": "693916", "PPK_Name26": "PPK 3.2", "Traffic_26": null, "VCR_26": "0.0755", "AADT_26": "799.7", "Tipe_Jb_26": null, "Lat_26": -8.4127101898200003, "Long_26": 117.93292236300002, "Tgl_Ins_26": "6\/1\/2024", "Ket_26": null }, "geometry": { "type": "Point", "coordinates": [ 117.932922363, -8.41271018982 ] } },
{ "type": "Feature", "properties": { "KDRUAS_UPD": "42048", "NOJBT_UPD": "42.048.020.0", "NM_RUAS_UP": "HODO - DOROPATI", "NM_JBT_UPD": "DOROMBOHA II", "PROVINSI": "NUSA TENGGARA BARAT", "No_Prov_26": "42", "ID_Jbt_26": "4200585", "Kd_Ruas_26": "42048", "Suffix_26": null, "Nm_Ruas_26": "HODO - DOROPATI", "Lintas_26": "NON LINTAS", "No_Jbt_26": "42.048.020.0", "Nm_Jbt_26": "DOROMBOHA II", "Status_26": "N", "Fungsi_26": "K1", "Lks_Dr_26": "RBA", "Lks_km_26": 1462.0, "F_STA_26": "1760", "Cadin_26": "DOM", "Pjg_Jbt_26": 9.6, "Btg_Pjg_26": 9.45, "Jml_Btg_26": "1", "Lb_Jl_Ms26": 5.67, "Lb_Jl_Kl26": 5.67, "Lb_Lalin26": 5.79, "Lb_Bh_Ki26": 0.0, "Lb_Bh_Ka26": 0.0, "Lb_Dr_Ki26": 0.18, "Lb_Dr_Ka26": 0.18, "Lb_Tr_Ki26": 0.89, "Lb_Tr_Ka26": 0.89, "Lb_TS_Ki26": 0.0, "Lb_TS_Ka26": 0.0, "Lb_Med_26": 0.0, "Lbr_Jbt_26": 7.93, "Bgn_Ats_26": "GTP", "Jns_Jbt_26": "STANDAR", "Thn_Bgn_26": "1993", "BA_26": "1", "LNT_26": "1", "BB_26": "1", "DAS_26": "2", "OP_26": "1", "UT_26": "0", "GR_26": "0", "LB_26": "0", "JBT_26": "2", "Tp_Lnts_26": "SUNGAI", "Dt_Lnts_26": "SUNGAI LURUS (STRAIGHT)", "Pnangnn_26": "RUTIN", "Pmriksn_26": "RUTIN", "Pnglola_26": "BPJN NUSA TENGGARA BARAT", "Satkr_ID26": "693916", "PPK_Name26": "PPK 3.2", "Traffic_26": null, "VCR_26": "0.0755", "AADT_26": "799.7", "Tipe_Jb_26": null, "Lat_26": -8.4120798111, "Long_26": 117.93138885500001, "Tgl_Ins_26": "6\/1\/2024", "Ket_26": null }, "geometry": { "type": "Point", "coordinates": [ 117.931388855, -8.4120798111 ] } },
{ "type": "Feature", "properties": { "KDRUAS_UPD": "42048", "NOJBT_UPD": "42.048.022.0", "NM_RUAS_UP": "HODO - DOROPATI", "NM_JBT_UPD": "DOROMBOHA IV", "PROVINSI": "NUSA TENGGARA BARAT", "No_Prov_26": "42", "ID_Jbt_26": "4200587", "Kd_Ruas_26": "42048", "Suffix_26": null, "Nm_Ruas_26": "HODO - DOROPATI", "Lintas_26": "NON LINTAS", "No_Jbt_26": "42.048.022.0", "Nm_Jbt_26": "DOROMBOHA IV", "Status_26": "N", "Fungsi_26": "K1", "Lks_Dr_26": "RBA", "Lks_km_26": 1485.0, "F_STA_26": "1830", "Cadin_26": "DOM", "Pjg_Jbt_26": 6.2, "Btg_Pjg_26": 5.9, "Jml_Btg_26": "1", "Lb_Jl_Ms26": 5.41, "Lb_Jl_Kl26": 5.41, "Lb_Lalin26": 5.53, "Lb_Bh_Ki26": 0.26, "Lb_Bh_Ka26": 0.25, "Lb_Dr_Ki26": 0.22, "Lb_Dr_Ka26": 0.3, "Lb_Tr_Ki26": 0.44, "Lb_Tr_Ka26": 0.43, "Lb_TS_Ki26": 0.28, "Lb_TS_Ka26": 0.3, "Lb_Med_26": 0.0, "Lbr_Jbt_26": 8.01, "Bgn_Ats_26": "PTP", "Jns_Jbt_26": "STANDAR", "Thn_Bgn_26": "1985", "BA_26": "2", "LNT_26": "2", "BB_26": "2", "DAS_26": "1", "OP_26": "1", "UT_26": "0", "GR_26": "0", "LB_26": "0", "JBT_26": "2", "Tp_Lnts_26": "SUNGAI", "Dt_Lnts_26": "SUNGAI LURUS (STRAIGHT)", "Pnangnn_26": "RUTIN", "Pmriksn_26": "RUTIN", "Pnglola_26": "BPJN NUSA TENGGARA BARAT", "Satkr_ID26": "693916", "PPK_Name26": "PPK 3.2", "Traffic_26": null, "VCR_26": "0.0755", "AADT_26": "799.7", "Tipe_Jb_26": null, "Lat_26": -8.4095697403000003, "Long_26": 117.92575073199998, "Tgl_Ins_26": "6\/12\/2024", "Ket_26": null }, "geometry": { "type": "Point", "coordinates": [ 117.925750732, -8.4095697403 ] } },
{ "type": "Feature", "properties": { "KDRUAS_UPD": "42048", "NOJBT_UPD": "42.048.023.0", "NM_RUAS_UP": "HODO - DOROPATI", "NM_JBT_UPD": "DOROMBOHA VI", "PROVINSI": "NUSA TENGGARA BARAT", "No_Prov_26": "42", "ID_Jbt_26": "4200588", "Kd_Ruas_26": "42048", "Suffix_26": null, "Nm_Ruas_26": "HODO - DOROPATI", "Lintas_26": "NON LINTAS", "No_Jbt_26": "42.048.023.0", "Nm_Jbt_26": "DOROMBOHA VI", "Status_26": "N", "Fungsi_26": "K1", "Lks_Dr_26": "RBA", "Lks_km_26": 1495.0, "F_STA_26": "1950", "Cadin_26": "DOM", "Pjg_Jbt_26": 7.0, "Btg_Pjg_26": 6.7, "Jml_Btg_26": "1", "Lb_Jl_Ms26": 5.37, "Lb_Jl_Kl26": 5.37, "Lb_Lalin26": 5.49, "Lb_Bh_Ki26": 0.26, "Lb_Bh_Ka26": 0.35, "Lb_Dr_Ki26": 0.0, "Lb_Dr_Ka26": 0.0, "Lb_Tr_Ki26": 0.98, "Lb_Tr_Ka26": 0.86, "Lb_TS_Ki26": 0.0, "Lb_TS_Ka26": 0.0, "Lb_Med_26": 0.0, "Lbr_Jbt_26": 7.94, "Bgn_Ats_26": "GTP", "Jns_Jbt_26": "STANDAR", "Thn_Bgn_26": "1993", "BA_26": "2", "LNT_26": "2", "BB_26": "2", "DAS_26": "2", "OP_26": "2", "UT_26": "0", "GR_26": "0", "LB_26": "0", "JBT_26": "2", "Tp_Lnts_26": "SUNGAI", "Dt_Lnts_26": "SUNGAI LURUS (STRAIGHT)", "Pnangnn_26": "RUTIN", "Pmriksn_26": "RUTIN", "Pnglola_26": "BPJN NUSA TENGGARA BARAT", "Satkr_ID26": "693916", "PPK_Name26": "PPK 3.2", "Traffic_26": null, "VCR_26": "0.0755", "AADT_26": "799.7", "Tipe_Jb_26": null, "Lat_26": -8.4056396484399993, "Long_26": 117.915390015, "Tgl_Ins_26": "6\/1\/2024", "Ket_26": null }, "geometry": { "type": "Point", "coordinates": [ 117.915390015, -8.405639648439999 ] } },
{ "type": "Feature", "properties": { "KDRUAS_UPD": "42046", "NOJBT_UPD": "42.046.002.0", "NM_RUAS_UP": "SP. BANGGO - KEMPO", "NM_JBT_UPD": "SORO I", "PROVINSI": "NUSA TENGGARA BARAT", "No_Prov_26": "42", "ID_Jbt_26": "4200551", "Kd_Ruas_26": "42046", "Suffix_26": null, "Nm_Ruas_26": "SP. BANGGO - KEMPO", "Lintas_26": "NON LINTAS", "No_Jbt_26": "42.046.002.0", "Nm_Jbt_26": "SORO I", "Status_26": "N", "Fungsi_26": "K1", "Lks_Dr_26": "RBA", "Lks_km_26": 981.0, "F_STA_26": "1260", "Cadin_26": "DOM", "Pjg_Jbt_26": 6.0, "Btg_Pjg_26": 5.7, "Jml_Btg_26": "1", "Lb_Jl_Ms26": 5.06, "Lb_Jl_Kl26": 5.06, "Lb_Lalin26": 5.18, "Lb_Bh_Ki26": 0.45, "Lb_Bh_Ka26": 0.45, "Lb_Dr_Ki26": 0.4, "Lb_Dr_Ka26": 0.3, "Lb_Tr_Ki26": 0.85, "Lb_Tr_Ka26": 0.85, "Lb_TS_Ki26": 0.0, "Lb_TS_Ka26": 0.0, "Lb_Med_26": 0.0, "Lbr_Jbt_26": 8.48, "Bgn_Ats_26": "GTP", "Jns_Jbt_26": "STANDAR", "Thn_Bgn_26": "1994", "BA_26": "2", "LNT_26": "2", "BB_26": "1", "DAS_26": "2", "OP_26": "0", "UT_26": "0", "GR_26": "0", "LB_26": "0", "JBT_26": "2", "Tp_Lnts_26": "SUNGAI", "Dt_Lnts_26": "SUNGAI LURUS (STRAIGHT)", "Pnangnn_26": "RUTIN", "Pmriksn_26": "RUTIN", "Pnglola_26": "BPJN NUSA TENGGARA BARAT", "Satkr_ID26": "693916", "PPK_Name26": "PPK 3.2", "Traffic_26": null, "VCR_26": "0.353", "AADT_26": "4394.7", "Tipe_Jb_26": null, "Lat_26": -8.5566301345800007, "Long_26": 118.23677825900002, "Tgl_Ins_26": "6\/25\/2024", "Ket_26": null }, "geometry": { "type": "Point", "coordinates": [ 118.236778259, -8.556630134580001 ] } },
{ "type": "Feature", "properties": { "KDRUAS_UPD": "42046", "NOJBT_UPD": "42.046.003.0", "NM_RUAS_UP": "SP. BANGGO - KEMPO", "NM_JBT_UPD": "SORO II", "PROVINSI": "NUSA TENGGARA BARAT", "No_Prov_26": "42", "ID_Jbt_26": "4200552", "Kd_Ruas_26": "42046", "Suffix_26": null, "Nm_Ruas_26": "SP. BANGGO - KEMPO", "Lintas_26": "NON LINTAS", "No_Jbt_26": "42.046.003.0", "Nm_Jbt_26": "SORO II", "Status_26": "N", "Fungsi_26": "K1", "Lks_Dr_26": "RBA", "Lks_km_26": 994.0, "F_STA_26": "1290", "Cadin_26": "DOM", "Pjg_Jbt_26": 11.8, "Btg_Pjg_26": 11.6, "Jml_Btg_26": "1", "Lb_Jl_Ms26": 4.885, "Lb_Jl_Kl26": 4.885, "Lb_Lalin26": 5.005, "Lb_Bh_Ki26": 0.6, "Lb_Bh_Ka26": 0.46, "Lb_Dr_Ki26": 0.0, "Lb_Dr_Ka26": 0.0, "Lb_Tr_Ki26": 0.9, "Lb_Tr_Ka26": 0.9, "Lb_TS_Ki26": 0.0, "Lb_TS_Ka26": 0.0, "Lb_Med_26": 0.0, "Lbr_Jbt_26": 7.865, "Bgn_Ats_26": "ETP", "Jns_Jbt_26": "STANDAR", "Thn_Bgn_26": "1994", "BA_26": "2", "LNT_26": "2", "BB_26": "2", "DAS_26": "0", "OP_26": "2", "UT_26": "0", "GR_26": "0", "LB_26": "0", "JBT_26": "2", "Tp_Lnts_26": "SUNGAI", "Dt_Lnts_26": "SUNGAI LURUS (STRAIGHT)", "Pnangnn_26": "RUTIN", "Pmriksn_26": "RUTIN", "Pnglola_26": "BPJN NUSA TENGGARA BARAT", "Satkr_ID26": "693916", "PPK_Name26": "PPK 3.2", "Traffic_26": null, "VCR_26": "0.353", "AADT_26": "4394.7", "Tipe_Jb_26": null, "Lat_26": -8.5546703338600008, "Long_26": 118.23475646999998, "Tgl_Ins_26": "5\/30\/2024", "Ket_26": null }, "geometry": { "type": "Point", "coordinates": [ 118.23475647, -8.554670333860001 ] } },
{ "type": "Feature", "properties": { "KDRUAS_UPD": "42046", "NOJBT_UPD": "42.046.004.0", "NM_RUAS_UP": "SP. BANGGO - KEMPO", "NM_JBT_UPD": "SORI MPARA I", "PROVINSI": "NUSA TENGGARA BARAT", "No_Prov_26": "42", "ID_Jbt_26": "4200553", "Kd_Ruas_26": "42046", "Suffix_26": null, "Nm_Ruas_26": "SP. BANGGO - KEMPO", "Lintas_26": "NON LINTAS", "No_Jbt_26": "42.046.004.0", "Nm_Jbt_26": "SORI MPARA I", "Status_26": "N", "Fungsi_26": "K1", "Lks_Dr_26": "RBA", "Lks_km_26": 1008.0, "F_STA_26": "1510", "Cadin_26": "DOM", "Pjg_Jbt_26": 10.6, "Btg_Pjg_26": 10.3, "Jml_Btg_26": "1", "Lb_Jl_Ms26": 5.97, "Lb_Jl_Kl26": 5.97, "Lb_Lalin26": 6.09, "Lb_Bh_Ki26": 0.61, "Lb_Bh_Ka26": 0.4, "Lb_Dr_Ki26": 0.0, "Lb_Dr_Ka26": 0.0, "Lb_Tr_Ki26": 0.97, "Lb_Tr_Ka26": 0.94, "Lb_TS_Ki26": 0.32, "Lb_TS_Ka26": 0.31, "Lb_Med_26": 0.0, "Lbr_Jbt_26": 9.64, "Bgn_Ats_26": "VPP", "Jns_Jbt_26": "STANDAR", "Thn_Bgn_26": "2014", "BA_26": "2", "LNT_26": "2", "BB_26": "2", "DAS_26": "0", "OP_26": "0", "UT_26": "1", "GR_26": "0", "LB_26": "0", "JBT_26": "2", "Tp_Lnts_26": "SUNGAI", "Dt_Lnts_26": "SUNGAI LURUS (STRAIGHT)", "Pnangnn_26": "RUTIN", "Pmriksn_26": "RUTIN", "Pnglola_26": "BPJN NUSA TENGGARA BARAT", "Satkr_ID26": "693916", "PPK_Name26": "PPK 3.2", "Traffic_26": null, "VCR_26": "0.353", "AADT_26": "4394.7", "Tipe_Jb_26": null, "Lat_26": -8.53732013702, "Long_26": 118.23359680199999, "Tgl_Ins_26": "6\/6\/2025", "Ket_26": null }, "geometry": { "type": "Point", "coordinates": [ 118.233596802, -8.53732013702 ] } },
{ "type": "Feature", "properties": { "KDRUAS_UPD": "42047", "NOJBT_UPD": "42.047.001.0", "NM_RUAS_UP": "KEMPO - KESI - HODO", "NM_JBT_UPD": "SORI DUMU", "PROVINSI": "NUSA TENGGARA BARAT", "No_Prov_26": "42", "ID_Jbt_26": "4200555", "Kd_Ruas_26": "42047", "Suffix_26": null, "Nm_Ruas_26": "KEMPO - KESI - HODO", "Lintas_26": "NON LINTAS", "No_Jbt_26": "42.047.001.0", "Nm_Jbt_26": "SORI DUMU", "Status_26": "N", "Fungsi_26": "K1", "Lks_Dr_26": "RBA", "Lks_km_26": 10515.0, "F_STA_26": "350", "Cadin_26": "DOM", "Pjg_Jbt_26": 11.0, "Btg_Pjg_26": 10.7, "Jml_Btg_26": "1", "Lb_Jl_Ms26": 6.0, "Lb_Jl_Kl26": 6.0, "Lb_Lalin26": 3.55, "Lb_Bh_Ki26": 0.4, "Lb_Bh_Ka26": 0.32, "Lb_Dr_Ki26": 0.0, "Lb_Dr_Ka26": 0.0, "Lb_Tr_Ki26": 0.46, "Lb_Tr_Ka26": 0.34, "Lb_TS_Ki26": 0.0, "Lb_TS_Ka26": 0.0, "Lb_Med_26": 0.0, "Lbr_Jbt_26": 5.07, "Bgn_Ats_26": "GTP", "Jns_Jbt_26": "STANDAR", "Thn_Bgn_26": "1982", "BA_26": "2", "LNT_26": "0", "BB_26": "0", "DAS_26": "0", "OP_26": "2", "UT_26": "0", "GR_26": "0", "LB_26": "0", "JBT_26": "2", "Tp_Lnts_26": "SUNGAI", "Dt_Lnts_26": "SUNGAI BERKELOK (MEANDERING)", "Pnangnn_26": "RUTIN", "Pmriksn_26": "RUTIN", "Pnglola_26": "BPJN NUSA TENGGARA BARAT", "Satkr_ID26": "693916", "PPK_Name26": "PPK 3.2", "Traffic_26": null, "VCR_26": "0.0582", "AADT_26": "622", "Tipe_Jb_26": null, "Lat_26": -8.5263900756800002, "Long_26": 118.208557129, "Tgl_Ins_26": "5\/30\/2024", "Ket_26": null }, "geometry": { "type": "Point", "coordinates": [ 118.208557129, -8.52639007568 ] } },
{ "type": "Feature", "properties": { "KDRUAS_UPD": "42047", "NOJBT_UPD": "42.047.002.0", "NM_RUAS_UP": "KEMPO - KESI - HODO", "NM_JBT_UPD": "SORI BONTO I", "PROVINSI": "NUSA TENGGARA BARAT", "No_Prov_26": "42", "ID_Jbt_26": "4200556", "Kd_Ruas_26": "42047", "Suffix_26": null, "Nm_Ruas_26": "KEMPO - KESI - HODO", "Lintas_26": "NON LINTAS", "No_Jbt_26": "42.047.002.0", "Nm_Jbt_26": "SORI BONTO I", "Status_26": "N", "Fungsi_26": "K1", "Lks_Dr_26": "RBA", "Lks_km_26": 10815.0, "F_STA_26": "640", "Cadin_26": "DOM", "Pjg_Jbt_26": 9.0, "Btg_Pjg_26": 8.7, "Jml_Btg_26": "1", "Lb_Jl_Ms26": 6.0, "Lb_Jl_Kl26": 6.0, "Lb_Lalin26": 3.78, "Lb_Bh_Ki26": 0.3, "Lb_Bh_Ka26": 0.4, "Lb_Dr_Ki26": 0.0, "Lb_Dr_Ka26": 0.0, "Lb_Tr_Ki26": 0.51, "Lb_Tr_Ka26": 0.46, "Lb_TS_Ki26": 0.0, "Lb_TS_Ka26": 0.0, "Lb_Med_26": 0.0, "Lbr_Jbt_26": 5.45, "Bgn_Ats_26": "GTP", "Jns_Jbt_26": "STANDAR", "Thn_Bgn_26": "1982", "BA_26": "2", "LNT_26": "2", "BB_26": "1", "DAS_26": "2", "OP_26": "0", "UT_26": "0", "GR_26": "0", "LB_26": "0", "JBT_26": "2", "Tp_Lnts_26": "SUNGAI", "Dt_Lnts_26": "SUNGAI LURUS (STRAIGHT)", "Pnangnn_26": "RUTIN", "Pmriksn_26": "RUTIN", "Pnglola_26": "BPJN NUSA TENGGARA BARAT", "Satkr_ID26": "693916", "PPK_Name26": "PPK 3.2", "Traffic_26": null, "VCR_26": "0.0582", "AADT_26": "622", "Tipe_Jb_26": null, "Lat_26": -8.5336503982499998, "Long_26": 118.186607361, "Tgl_Ins_26": "5\/30\/2024", "Ket_26": null }, "geometry": { "type": "Point", "coordinates": [ 118.186607361, -8.53365039825 ] } },
{ "type": "Feature", "properties": { "KDRUAS_UPD": "42047", "NOJBT_UPD": "42.047.004.0", "NM_RUAS_UP": "KEMPO - KESI - HODO", "NM_JBT_UPD": "DIWU KOLO", "PROVINSI": "NUSA TENGGARA BARAT", "No_Prov_26": "42", "ID_Jbt_26": "4200558", "Kd_Ruas_26": "42047", "Suffix_26": null, "Nm_Ruas_26": "KEMPO - KESI - HODO", "Lintas_26": "NON LINTAS", "No_Jbt_26": "42.047.004.0", "Nm_Jbt_26": "DIWU KOLO", "Status_26": "N", "Fungsi_26": "K1", "Lks_Dr_26": "RBA", "Lks_km_26": 11025.0, "F_STA_26": "860", "Cadin_26": "DOM", "Pjg_Jbt_26": 11.3, "Btg_Pjg_26": 11.0, "Jml_Btg_26": "1", "Lb_Jl_Ms26": 5.01, "Lb_Jl_Kl26": 5.01, "Lb_Lalin26": 5.13, "Lb_Bh_Ki26": 0.25, "Lb_Bh_Ka26": 0.3, "Lb_Dr_Ki26": 0.35, "Lb_Dr_Ka26": 0.26, "Lb_Tr_Ki26": 0.92, "Lb_Tr_Ka26": 0.83, "Lb_TS_Ki26": 0.0, "Lb_TS_Ka26": 0.0, "Lb_Med_26": 0.0, "Lbr_Jbt_26": 8.04, "Bgn_Ats_26": "GTP", "Jns_Jbt_26": "STANDAR", "Thn_Bgn_26": "1982", "BA_26": "2", "LNT_26": "2", "BB_26": "0", "DAS_26": "2", "OP_26": "1", "UT_26": "0", "GR_26": "0", "LB_26": "0", "JBT_26": "2", "Tp_Lnts_26": "SUNGAI", "Dt_Lnts_26": "SUNGAI BERKELOK (MEANDERING)", "Pnangnn_26": "RUTIN", "Pmriksn_26": "RUTIN", "Pnglola_26": "BPJN NUSA TENGGARA BARAT", "Satkr_ID26": "693916", "PPK_Name26": "PPK 3.2", "Traffic_26": null, "VCR_26": "0.0582", "AADT_26": "622", "Tipe_Jb_26": null, "Lat_26": -8.5243701934799994, "Long_26": 118.16961669899999, "Tgl_Ins_26": "5\/30\/2024", "Ket_26": null }, "geometry": { "type": "Point", "coordinates": [ 118.169616699, -8.524370193479999 ] } },
{ "type": "Feature", "properties": { "KDRUAS_UPD": "42047", "NOJBT_UPD": "42.047.005.0", "NM_RUAS_UP": "KEMPO - KESI - HODO", "NM_JBT_UPD": "SORI KALATE I", "PROVINSI": "NUSA TENGGARA BARAT", "No_Prov_26": "42", "ID_Jbt_26": "4200559", "Kd_Ruas_26": "42047", "Suffix_26": null, "Nm_Ruas_26": "KEMPO - KESI - HODO", "Lintas_26": "NON LINTAS", "No_Jbt_26": "42.047.005.0", "Nm_Jbt_26": "SORI KALATE I", "Status_26": "N", "Fungsi_26": "K1", "Lks_Dr_26": "RBA", "Lks_km_26": 11185.0, "F_STA_26": "1020", "Cadin_26": "DOM", "Pjg_Jbt_26": 9.1, "Btg_Pjg_26": 8.7, "Jml_Btg_26": "1", "Lb_Jl_Ms26": 4.13, "Lb_Jl_Kl26": 4.13, "Lb_Lalin26": 4.25, "Lb_Bh_Ki26": 0.31, "Lb_Bh_Ka26": 0.2, "Lb_Dr_Ki26": 0.27, "Lb_Dr_Ka26": 0.0, "Lb_Tr_Ki26": 0.31, "Lb_Tr_Ka26": 0.29, "Lb_TS_Ki26": 0.0, "Lb_TS_Ka26": 0.0, "Lb_Med_26": 0.0, "Lbr_Jbt_26": 5.63, "Bgn_Ats_26": "GTP", "Jns_Jbt_26": "STANDAR", "Thn_Bgn_26": "1983", "BA_26": "2", "LNT_26": "2", "BB_26": "0", "DAS_26": "0", "OP_26": "1", "UT_26": "0", "GR_26": "0", "LB_26": "0", "JBT_26": "2", "Tp_Lnts_26": "SUNGAI", "Dt_Lnts_26": "SUNGAI BERKELOK (MEANDERING)", "Pnangnn_26": "RUTIN", "Pmriksn_26": "RUTIN", "Pnglola_26": "BPJN NUSA TENGGARA BARAT", "Satkr_ID26": "693916", "PPK_Name26": "PPK 3.2", "Traffic_26": null, "VCR_26": "0.0582", "AADT_26": "622", "Tipe_Jb_26": null, "Lat_26": -8.5174903869600005, "Long_26": 118.157112122, "Tgl_Ins_26": "5\/30\/2024", "Ket_26": null }, "geometry": { "type": "Point", "coordinates": [ 118.157112122, -8.51749038696 ] } },
{ "type": "Feature", "properties": { "KDRUAS_UPD": "42047", "NOJBT_UPD": "42.047.007.0", "NM_RUAS_UP": "KEMPO - KESI - HODO", "NM_JBT_UPD": "SORI BORO", "PROVINSI": "NUSA TENGGARA BARAT", "No_Prov_26": "42", "ID_Jbt_26": "4200561", "Kd_Ruas_26": "42047", "Suffix_26": null, "Nm_Ruas_26": "KEMPO - KESI - HODO", "Lintas_26": "NON LINTAS", "No_Jbt_26": "42.047.007.0", "Nm_Jbt_26": "SORI BORO", "Status_26": "N", "Fungsi_26": "K1", "Lks_Dr_26": "RBA", "Lks_km_26": 11315.0, "F_STA_26": "1160", "Cadin_26": "DOM", "Pjg_Jbt_26": 10.5, "Btg_Pjg_26": 10.15, "Jml_Btg_26": "1", "Lb_Jl_Ms26": 4.45, "Lb_Jl_Kl26": 4.45, "Lb_Lalin26": 3.62, "Lb_Bh_Ki26": 0.28, "Lb_Bh_Ka26": 0.0, "Lb_Dr_Ki26": 0.08, "Lb_Dr_Ka26": 0.6, "Lb_Tr_Ki26": 0.29, "Lb_Tr_Ka26": 0.6, "Lb_TS_Ki26": 0.0, "Lb_TS_Ka26": 0.0, "Lb_Med_26": 0.0, "Lbr_Jbt_26": 5.47, "Bgn_Ats_26": "GTP", "Jns_Jbt_26": "STANDAR", "Thn_Bgn_26": "1980", "BA_26": "2", "LNT_26": "1", "BB_26": "1", "DAS_26": "0", "OP_26": "0", "UT_26": "0", "GR_26": "0", "LB_26": "0", "JBT_26": "2", "Tp_Lnts_26": "SUNGAI", "Dt_Lnts_26": "SUNGAI LURUS (STRAIGHT)", "Pnangnn_26": "RUTIN", "Pmriksn_26": "RUTIN", "Pnglola_26": "BPJN NUSA TENGGARA BARAT", "Satkr_ID26": "693916", "PPK_Name26": "PPK 3.2", "Traffic_26": null, "VCR_26": "0.0582", "AADT_26": "622", "Tipe_Jb_26": null, "Lat_26": -8.5102500915500006, "Long_26": 118.14762878400001, "Tgl_Ins_26": "5\/29\/2024", "Ket_26": null }, "geometry": { "type": "Point", "coordinates": [ 118.147628784, -8.510250091550001 ] } },
{ "type": "Feature", "properties": { "KDRUAS_UPD": "42017", "NOJBT_UPD": "42.017.039.0", "NM_RUAS_UP": "SIMPANG NEGARA - BTS. KOTA SUMBAWA BESAR", "NM_JBT_UPD": "AIK JATI", "PROVINSI": "NUSA TENGGARA BARAT", "No_Prov_26": "42", "ID_Jbt_26": "4200164", "Kd_Ruas_26": "42017", "Suffix_26": null, "Nm_Ruas_26": "SIMPANG NEGARA - BTS. KOTA SUMBAWA BESAR", "Lintas_26": "JALAN LINTAS PULAU SUMBAWA", "No_Jbt_26": "42.017.039.0", "Nm_Jbt_26": "AIK JATI", "Status_26": "N", "Fungsi_26": "A", "Lks_Dr_26": "SBW", "Lks_km_26": 8205.0, "F_STA_26": "7450", "Cadin_26": "SBW", "Pjg_Jbt_26": 10.0, "Btg_Pjg_26": 9.92, "Jml_Btg_26": "1", "Lb_Jl_Ms26": 5.96, "Lb_Jl_Kl26": 5.96, "Lb_Lalin26": 6.08, "Lb_Bh_Ki26": 0.4, "Lb_Bh_Ka26": 0.4, "Lb_Dr_Ki26": 0.15, "Lb_Dr_Ka26": 0.15, "Lb_Tr_Ki26": 0.97, "Lb_Tr_Ka26": 0.95, "Lb_TS_Ki26": 0.26, "Lb_TS_Ka26": 0.26, "Lb_Med_26": 0.0, "Lbr_Jbt_26": 9.62, "Bgn_Ats_26": "GTP", "Jns_Jbt_26": "STANDAR", "Thn_Bgn_26": "2012", "BA_26": "0", "LNT_26": "0", "BB_26": "2", "DAS_26": "2", "OP_26": "1", "UT_26": "0", "GR_26": "0", "LB_26": "0", "JBT_26": "2", "Tp_Lnts_26": "SUNGAI", "Dt_Lnts_26": "SUNGAI LURUS (STRAIGHT)", "Pnangnn_26": "RUTIN", "Pmriksn_26": "RUTIN", "Pnglola_26": "BPJN NUSA TENGGARA BARAT", "Satkr_ID26": "693915", "PPK_Name26": "PPK 2.2", "Traffic_26": null, "VCR_26": "0.5345", "AADT_26": "6456.7", "Tipe_Jb_26": null, "Lat_26": -8.5400800705000002, "Long_26": 116.89431762700001, "Tgl_Ins_26": "12\/24\/2025", "Ket_26": null }, "geometry": { "type": "Point", "coordinates": [ 116.894317627, -8.5400800705 ] } },
{ "type": "Feature", "properties": { "KDRUAS_UPD": "42023", "NOJBT_UPD": "42.023.004.0", "NM_RUAS_UP": "BANGGO - BTS. KOTA DOMPU", "NM_JBT_UPD": "SORI UTU", "PROVINSI": "NUSA TENGGARA BARAT", "No_Prov_26": "42", "ID_Jbt_26": "4200275", "Kd_Ruas_26": "42023", "Suffix_26": null, "Nm_Ruas_26": "BANGGO - BTS. KOTA DOMPU", "Lintas_26": "JALAN LINTAS PULAU SUMBAWA", "No_Jbt_26": "42.023.004.0", "Nm_Jbt_26": "SORI UTU", "Status_26": "N", "Fungsi_26": "A", "Lks_Dr_26": "RBA", "Lks_km_26": 85.0, "F_STA_26": "0", "Cadin_26": "DOM", "Pjg_Jbt_26": 12.5, "Btg_Pjg_26": 12.2, "Jml_Btg_26": "1", "Lb_Jl_Ms26": 5.99, "Lb_Jl_Kl26": 5.99, "Lb_Lalin26": 6.11, "Lb_Bh_Ki26": 0.47, "Lb_Bh_Ka26": 0.54, "Lb_Dr_Ki26": 0.0, "Lb_Dr_Ka26": 0.0, "Lb_Tr_Ki26": 0.95, "Lb_Tr_Ka26": 0.99, "Lb_TS_Ki26": 0.25, "Lb_TS_Ka26": 0.25, "Lb_Med_26": 0.0, "Lbr_Jbt_26": 9.56, "Bgn_Ats_26": "GTP", "Jns_Jbt_26": "STANDAR", "Thn_Bgn_26": "2012", "BA_26": "1", "LNT_26": "1", "BB_26": "1", "DAS_26": "1", "OP_26": "0", "UT_26": "0", "GR_26": "0", "LB_26": "0", "JBT_26": "1", "Tp_Lnts_26": "SUNGAI", "Dt_Lnts_26": "SUNGAI LURUS (STRAIGHT)", "Pnangnn_26": "RUTIN", "Pmriksn_26": "RUTIN", "Pnglola_26": "BPJN NUSA TENGGARA BARAT", "Satkr_ID26": "693916", "PPK_Name26": "PPK 3.1", "Traffic_26": null, "VCR_26": "0.2704", "AADT_26": "3238.4", "Tipe_Jb_26": null, "Lat_26": -8.5216102600100001, "Long_26": 118.329620361, "Tgl_Ins_26": "5\/28\/2024", "Ket_26": null }, "geometry": { "type": "Point", "coordinates": [ 118.329620361, -8.52161026001 ] } },
{ "type": "Feature", "properties": { "KDRUAS_UPD": "42024", "NOJBT_UPD": "42.024.012.0", "NM_RUAS_UP": "BTS. KOTA DOMPU - SILA", "NM_JBT_UPD": "SORI KATUA", "PROVINSI": "NUSA TENGGARA BARAT", "No_Prov_26": "42", "ID_Jbt_26": "4200292", "Kd_Ruas_26": "42024", "Suffix_26": null, "Nm_Ruas_26": "BTS. KOTA DOMPU - SILA", "Lintas_26": "JALAN LINTAS PULAU SUMBAWA", "No_Jbt_26": "42.024.012.0", "Nm_Jbt_26": "SORI KATUA", "Status_26": "N", "Fungsi_26": "A", "Lks_Dr_26": "RBA", "Lks_km_26": 6015.0, "F_STA_26": "2180", "Cadin_26": "DOM", "Pjg_Jbt_26": 31.2, "Btg_Pjg_26": 31.0, "Jml_Btg_26": "1", "Lb_Jl_Ms26": 6.14, "Lb_Jl_Kl26": 6.14, "Lb_Lalin26": 6.26, "Lb_Bh_Ki26": 0.16, "Lb_Bh_Ka26": 0.14, "Lb_Dr_Ki26": 0.24, "Lb_Dr_Ka26": 0.2, "Lb_Tr_Ki26": 0.99, "Lb_Tr_Ka26": 1.0, "Lb_TS_Ki26": 0.0, "Lb_TS_Ka26": 0.0, "Lb_Med_26": 0.0, "Lbr_Jbt_26": 8.99, "Bgn_Ats_26": "RBP", "Jns_Jbt_26": "STANDAR", "Thn_Bgn_26": "1990", "BA_26": "2", "LNT_26": "1", "BB_26": "1", "DAS_26": "1", "OP_26": "1", "UT_26": "0", "GR_26": "0", "LB_26": "0", "JBT_26": "2", "Tp_Lnts_26": "SUNGAI", "Dt_Lnts_26": "SUNGAI LURUS (STRAIGHT)", "Pnangnn_26": "RUTIN", "Pmriksn_26": "RUTIN", "Pnglola_26": "BPJN NUSA TENGGARA BARAT", "Satkr_ID26": "693916", "PPK_Name26": "PPK 3.3", "Traffic_26": null, "VCR_26": "0.3133", "AADT_26": "5241.5", "Tipe_Jb_26": null, "Lat_26": -8.5018396377599998, "Long_26": 118.488189697, "Tgl_Ins_26": "5\/31\/2024", "Ket_26": null }, "geometry": { "type": "Point", "coordinates": [ 118.488189697, -8.50183963776 ] } },
{ "type": "Feature", "properties": { "KDRUAS_UPD": "4202411", "NOJBT_UPD": "42.024.001.0.11", "NM_RUAS_UP": "JLN. BALIBUNGA - MADAPRAMA (DOMPU)", "NM_JBT_UPD": "MADA PAKU TERMINAL", "PROVINSI": "NUSA TENGGARA BARAT", "No_Prov_26": "42", "ID_Jbt_26": "4200295", "Kd_Ruas_26": "4202411", "Suffix_26": "11", "Nm_Ruas_26": "MADAPRAMA (DOMPU) - JLN. BALIBUNGA", "Lintas_26": "JALAN LINTAS PULAU SUMBAWA", "No_Jbt_26": "42.024.001.0.11", "Nm_Jbt_26": "MADA PAKU TERMINAL", "Status_26": "N", "Fungsi_26": "A", "Lks_Dr_26": "RBA", "Lks_km_26": 681.0, "F_STA_26": "0", "Cadin_26": "DOM", "Pjg_Jbt_26": 10.7, "Btg_Pjg_26": 10.35, "Jml_Btg_26": "1", "Lb_Jl_Ms26": 5.88, "Lb_Jl_Kl26": 5.88, "Lb_Lalin26": 6.0, "Lb_Bh_Ki26": 0.61, "Lb_Bh_Ka26": 0.62, "Lb_Dr_Ki26": 0.0, "Lb_Dr_Ka26": 0.0, "Lb_Tr_Ki26": 0.95, "Lb_Tr_Ka26": 0.98, "Lb_TS_Ki26": 0.29, "Lb_TS_Ka26": 0.29, "Lb_Med_26": 0.0, "Lbr_Jbt_26": 9.74, "Bgn_Ats_26": "VPP", "Jns_Jbt_26": "STANDAR", "Thn_Bgn_26": "2014", "BA_26": "2", "LNT_26": "2", "BB_26": "2", "DAS_26": "0", "OP_26": "0", "UT_26": "0", "GR_26": "0", "LB_26": "0", "JBT_26": "2", "Tp_Lnts_26": "SUNGAI", "Dt_Lnts_26": "SUNGAI LURUS (STRAIGHT)", "Pnangnn_26": "RUTIN", "Pmriksn_26": "RUTIN", "Pnglola_26": "BPJN NUSA TENGGARA BARAT", "Satkr_ID26": "693916", "PPK_Name26": "PPK 3.1", "Traffic_26": null, "VCR_26": "0.1407", "AADT_26": "1718.9", "Tipe_Jb_26": null, "Lat_26": -8.53892993927, "Long_26": 118.44332122800002, "Tgl_Ins_26": "5\/29\/2024", "Ket_26": null }, "geometry": { "type": "Point", "coordinates": [ 118.443321228, -8.53892993927 ] } },
{ "type": "Feature", "properties": { "KDRUAS_UPD": "42026", "NOJBT_UPD": "42.026.004.0", "NM_RUAS_UP": "TALABIU - BTS. KOTA BIMA", "NM_JBT_UPD": "PALIBELO II", "PROVINSI": "NUSA TENGGARA BARAT", "No_Prov_26": "42", "ID_Jbt_26": "4200317", "Kd_Ruas_26": "42026", "Suffix_26": null, "Nm_Ruas_26": "TALABIU - BTS. KOTA BIMA", "Lintas_26": "JALAN LINTAS PULAU SUMBAWA", "No_Jbt_26": "42.026.004.0", "Nm_Jbt_26": "PALIBELO II", "Status_26": "N", "Fungsi_26": "A", "Lks_Dr_26": "RBA", "Lks_km_26": 218.0, "F_STA_26": "1490", "Cadin_26": "BIM", "Pjg_Jbt_26": 7.0, "Btg_Pjg_26": 6.6, "Jml_Btg_26": "1", "Lb_Jl_Ms26": 6.4, "Lb_Jl_Kl26": 6.4, "Lb_Lalin26": 6.52, "Lb_Bh_Ki26": 0.35, "Lb_Bh_Ka26": 0.28, "Lb_Dr_Ki26": 0.24, "Lb_Dr_Ka26": 0.0, "Lb_Tr_Ki26": 1.16, "Lb_Tr_Ka26": 1.16, "Lb_TS_Ki26": 0.0, "Lb_TS_Ka26": 0.0, "Lb_Med_26": 0.0, "Lbr_Jbt_26": 9.71, "Bgn_Ats_26": "GTP", "Jns_Jbt_26": "STANDAR", "Thn_Bgn_26": "1967", "BA_26": "2", "LNT_26": "2", "BB_26": "1", "DAS_26": "0", "OP_26": "2", "UT_26": "0", "GR_26": "0", "LB_26": "0", "JBT_26": "2", "Tp_Lnts_26": "SUNGAI", "Dt_Lnts_26": "SUNGAI LURUS (STRAIGHT)", "Pnangnn_26": "RUTIN", "Pmriksn_26": "RUTIN", "Pnglola_26": "BPJN NUSA TENGGARA BARAT", "Satkr_ID26": "693916", "PPK_Name26": "PPK 3.3", "Traffic_26": null, "VCR_26": "0.1375", "AADT_26": "8294.6", "Tipe_Jb_26": null, "Lat_26": -8.5497102737400006, "Long_26": 118.69484710699999, "Tgl_Ins_26": "6\/14\/2025", "Ket_26": null }, "geometry": { "type": "Point", "coordinates": [ 118.694847107, -8.549710273740001 ] } },
{ "type": "Feature", "properties": { "KDRUAS_UPD": "4202611", "NOJBT_UPD": "42.026.001.0.11", "NM_RUAS_UP": "JLN. SULTAN SALAHUDIN (BIMA)", "NM_JBT_UPD": "AMA HAMI", "PROVINSI": "NUSA TENGGARA BARAT", "No_Prov_26": "42", "ID_Jbt_26": "4200318", "Kd_Ruas_26": "4202611", "Suffix_26": "11", "Nm_Ruas_26": "JLN. SULTAN SALAHUDIN (BIMA)", "Lintas_26": "JALAN LINTAS PULAU SUMBAWA", "No_Jbt_26": "42.026.001.0.11", "Nm_Jbt_26": "AMA HAMI", "Status_26": "N", "Fungsi_26": "A", "Lks_Dr_26": "RBA", "Lks_km_26": 59.0, "F_STA_26": "0", "Cadin_26": "KBM", "Pjg_Jbt_26": 6.0, "Btg_Pjg_26": 5.24, "Jml_Btg_26": "1", "Lb_Jl_Ms26": 7.05, "Lb_Jl_Kl26": 7.05, "Lb_Lalin26": 12.23, "Lb_Bh_Ki26": 0.34, "Lb_Bh_Ka26": 0.51, "Lb_Dr_Ki26": 0.0, "Lb_Dr_Ka26": 0.0, "Lb_Tr_Ki26": 2.67, "Lb_Tr_Ka26": 2.7, "Lb_TS_Ki26": 0.0, "Lb_TS_Ka26": 0.0, "Lb_Med_26": 2.7, "Lbr_Jbt_26": 21.15, "Bgn_Ats_26": "BTP", "Jns_Jbt_26": "STANDAR", "Thn_Bgn_26": "1988", "BA_26": "1", "LNT_26": "1", "BB_26": "0", "DAS_26": "0", "OP_26": "0", "UT_26": "2", "GR_26": "0", "LB_26": "0", "JBT_26": "2", "Tp_Lnts_26": "SUNGAI", "Dt_Lnts_26": "SUNGAI LURUS (STRAIGHT)", "Pnangnn_26": "RUTIN", "Pmriksn_26": "RUTIN", "Pnglola_26": "BPJN NUSA TENGGARA BARAT", "Satkr_ID26": "693916", "PPK_Name26": "PPK 3.3", "Traffic_26": null, "VCR_26": "0.2776", "AADT_26": "7786.8", "Tipe_Jb_26": null, "Lat_26": -8.463944, "Long_26": 118.723193, "Tgl_Ins_26": "5\/5\/2024", "Ket_26": null }, "geometry": { "type": "Point", "coordinates": [ 118.723193, -8.463944 ] } },
{ "type": "Feature", "properties": { "KDRUAS_UPD": "4202612", "NOJBT_UPD": "42.026.001.0.12", "NM_RUAS_UP": "JLN. SULTAN KAHARUDIN (BIMA)", "NM_JBT_UPD": "PADOLO", "PROVINSI": "NUSA TENGGARA BARAT", "No_Prov_26": "42", "ID_Jbt_26": "4200319", "Kd_Ruas_26": "4202612", "Suffix_26": "12", "Nm_Ruas_26": "JLN. SULTAN KAHARUDIN (BIMA)", "Lintas_26": "JALAN LINTAS PULAU SUMBAWA", "No_Jbt_26": "42.026.001.0.12", "Nm_Jbt_26": "PADOLO", "Status_26": "N", "Fungsi_26": "A", "Lks_Dr_26": "RBA", "Lks_km_26": 52.0, "F_STA_26": "0", "Cadin_26": "KBM", "Pjg_Jbt_26": 30.0, "Btg_Pjg_26": 29.7, "Jml_Btg_26": "1", "Lb_Jl_Ms26": 11.38, "Lb_Jl_Kl26": 11.38, "Lb_Lalin26": 11.5, "Lb_Bh_Ki26": 0.18, "Lb_Bh_Ka26": 0.23, "Lb_Dr_Ki26": 0.13, "Lb_Dr_Ka26": 0.11, "Lb_Tr_Ki26": 0.95, "Lb_Tr_Ka26": 0.95, "Lb_TS_Ki26": 0.25, "Lb_TS_Ka26": 0.25, "Lb_Med_26": 0.0, "Lbr_Jbt_26": 14.55, "Bgn_Ats_26": "GPP", "Jns_Jbt_26": "STANDAR", "Thn_Bgn_26": "2018", "BA_26": "2", "LNT_26": "2", "BB_26": "1", "DAS_26": "0", "OP_26": "0", "UT_26": "0", "GR_26": "0", "LB_26": "0", "JBT_26": "2", "Tp_Lnts_26": "SUNGAI", "Dt_Lnts_26": "SUNGAI LURUS (STRAIGHT)", "Pnangnn_26": "RUTIN", "Pmriksn_26": "RUTIN", "Pnglola_26": "BPJN NUSA TENGGARA BARAT", "Satkr_ID26": "693916", "PPK_Name26": "PPK 3.3", "Traffic_26": null, "VCR_26": "0.6311", "AADT_26": "12359.8", "Tipe_Jb_26": null, "Lat_26": -8.4556503295900001, "Long_26": 118.724082947, "Tgl_Ins_26": "5\/31\/2024", "Ket_26": null }, "geometry": { "type": "Point", "coordinates": [ 118.724082947, -8.45565032959 ] } },
{ "type": "Feature", "properties": { "KDRUAS_UPD": "4202613", "NOJBT_UPD": "42.026.001.0.13", "NM_RUAS_UP": "JLN. MARTADINATA (BIMA)", "NM_JBT_UPD": "TANJUNG", "PROVINSI": "NUSA TENGGARA BARAT", "No_Prov_26": "42", "ID_Jbt_26": "4200320", "Kd_Ruas_26": "4202613", "Suffix_26": "13", "Nm_Ruas_26": "JLN. MARTADINATA (BIMA)", "Lintas_26": "JALAN LINTAS PULAU SUMBAWA", "No_Jbt_26": "42.026.001.0.13", "Nm_Jbt_26": "TANJUNG", "Status_26": "N", "Fungsi_26": "A", "Lks_Dr_26": "RBA", "Lks_km_26": 41.0, "F_STA_26": "0", "Cadin_26": "KBM", "Pjg_Jbt_26": 10.6, "Btg_Pjg_26": 10.4, "Jml_Btg_26": "1", "Lb_Jl_Ms26": 6.57, "Lb_Jl_Kl26": 6.57, "Lb_Lalin26": 6.69, "Lb_Bh_Ki26": 0.29, "Lb_Bh_Ka26": 0.34, "Lb_Dr_Ki26": 0.19, "Lb_Dr_Ka26": 0.22, "Lb_Tr_Ki26": 1.03, "Lb_Tr_Ka26": 1.0, "Lb_TS_Ki26": 0.0, "Lb_TS_Ka26": 0.0, "Lb_Med_26": 0.0, "Lbr_Jbt_26": 9.76, "Bgn_Ats_26": "GTP", "Jns_Jbt_26": "STANDAR", "Thn_Bgn_26": "1996", "BA_26": "2", "LNT_26": "2", "BB_26": "1", "DAS_26": "0", "OP_26": "0", "UT_26": "0", "GR_26": "0", "LB_26": "0", "JBT_26": "2", "Tp_Lnts_26": "SUNGAI", "Dt_Lnts_26": "SUNGAI LURUS (STRAIGHT)", "Pnangnn_26": "RUTIN", "Pmriksn_26": "RUTIN", "Pnglola_26": "BPJN NUSA TENGGARA BARAT", "Satkr_ID26": "693916", "PPK_Name26": "PPK 3.3", "Traffic_26": null, "VCR_26": "0.2349", "AADT_26": "2940.3", "Tipe_Jb_26": null, "Lat_26": -8.451533, "Long_26": 118.723584, "Tgl_Ins_26": "6\/12\/2025", "Ket_26": null }, "geometry": { "type": "Point", "coordinates": [ 118.723584, -8.451533 ] } },
{ "type": "Feature", "properties": { "KDRUAS_UPD": "42030", "NOJBT_UPD": "42.030.004.0", "NM_RUAS_UP": "KOPANG - BTS. KOTA PRAYA", "NM_JBT_UPD": "JURANG JALER", "PROVINSI": "NUSA TENGGARA BARAT", "No_Prov_26": "42", "ID_Jbt_26": "4200352", "Kd_Ruas_26": "42030", "Suffix_26": null, "Nm_Ruas_26": "KOPANG - BTS. KOTA PRAYA", "Lintas_26": "NON LINTAS", "No_Jbt_26": "42.030.004.0", "Nm_Jbt_26": "JURANG JALER", "Status_26": "N", "Fungsi_26": "A", "Lks_Dr_26": "MTR", "Lks_km_26": 376.0, "F_STA_26": "850", "Cadin_26": "LTH", "Pjg_Jbt_26": 6.0, "Btg_Pjg_26": 5.7, "Jml_Btg_26": "1", "Lb_Jl_Ms26": 7.21, "Lb_Jl_Kl26": 7.21, "Lb_Lalin26": 7.21, "Lb_Bh_Ki26": 0.4, "Lb_Bh_Ka26": 0.0, "Lb_Dr_Ki26": 0.0, "Lb_Dr_Ka26": 0.0, "Lb_Tr_Ki26": 0.75, "Lb_Tr_Ka26": 0.65, "Lb_TS_Ki26": 0.27, "Lb_TS_Ka26": 0.26, "Lb_Med_26": 0.0, "Lbr_Jbt_26": 9.54, "Bgn_Ats_26": "PTP", "Jns_Jbt_26": "STANDAR", "Thn_Bgn_26": "1979", "BA_26": "2", "LNT_26": "2", "BB_26": "2", "DAS_26": "2", "OP_26": "2", "UT_26": "0", "GR_26": "0", "LB_26": "0", "JBT_26": "2", "Tp_Lnts_26": "SUNGAI", "Dt_Lnts_26": "SUNGAI LURUS (STRAIGHT)", "Pnangnn_26": "RUTIN", "Pmriksn_26": "RUTIN", "Pnglola_26": "BPJN NUSA TENGGARA BARAT", "Satkr_ID26": "693914", "PPK_Name26": "PPK 1.1", "Traffic_26": null, "VCR_26": "0.3425", "AADT_26": "6010.3", "Tipe_Jb_26": null, "Lat_26": -8.6970195770299998, "Long_26": 116.31510162399999, "Tgl_Ins_26": "5\/27\/2024", "Ket_26": null }, "geometry": { "type": "Point", "coordinates": [ 116.315101624, -8.69701957703 ] } },
{ "type": "Feature", "properties": { "KDRUAS_UPD": "4203012", "NOJBT_UPD": "42.030.001.B.12", "NM_RUAS_UP": "JLN. SUDIRMAN (PRAYA)", "NM_JBT_UPD": "SURABAYA B", "PROVINSI": "NUSA TENGGARA BARAT", "No_Prov_26": "42", "ID_Jbt_26": "4200023", "Kd_Ruas_26": "4203012", "Suffix_26": "12", "Nm_Ruas_26": "JLN. SUDIRMAN (PRAYA)", "Lintas_26": "NON LINTAS", "No_Jbt_26": "42.030.001.B.12", "Nm_Jbt_26": "SURABAYA B", "Status_26": "N", "Fungsi_26": "A", "Lks_Dr_26": "MTR", "Lks_km_26": 416.0, "F_STA_26": "0", "Cadin_26": "LTH", "Pjg_Jbt_26": 40.0, "Btg_Pjg_26": 39.7, "Jml_Btg_26": "1", "Lb_Jl_Ms26": 14.33, "Lb_Jl_Kl26": 14.33, "Lb_Lalin26": 14.69, "Lb_Bh_Ki26": 0.5, "Lb_Bh_Ka26": 0.5, "Lb_Dr_Ki26": 0.0, "Lb_Dr_Ka26": 0.0, "Lb_Tr_Ki26": 1.7, "Lb_Tr_Ka26": 1.6, "Lb_TS_Ki26": 0.33, "Lb_TS_Ka26": 0.32, "Lb_Med_26": 2.0, "Lbr_Jbt_26": 21.64, "Bgn_Ats_26": "GPP", "Jns_Jbt_26": "STANDAR", "Thn_Bgn_26": "2018", "BA_26": "2", "LNT_26": "2", "BB_26": "2", "DAS_26": "1", "OP_26": "0", "UT_26": "0", "GR_26": "0", "LB_26": "0", "JBT_26": "2", "Tp_Lnts_26": "SUNGAI", "Dt_Lnts_26": "SUNGAI LURUS (STRAIGHT)", "Pnangnn_26": "RUTIN", "Pmriksn_26": "RUTIN", "Pnglola_26": "BPJN NUSA TENGGARA BARAT", "Satkr_ID26": "693914", "PPK_Name26": "PPK 1.1", "Traffic_26": null, "VCR_26": "0.344", "AADT_26": "12991.3", "Tipe_Jb_26": null, "Lat_26": -8.7130349466200006, "Long_26": 116.28511568099999, "Tgl_Ins_26": "5\/27\/2024", "Ket_26": null }, "geometry": { "type": "Point", "coordinates": [ 116.285115681351996, -8.713034946623599 ] } },
{ "type": "Feature", "properties": { "KDRUAS_UPD": "4203012", "NOJBT_UPD": "42.030.002.B.12", "NM_RUAS_UP": "JLN. SUDIRMAN (PRAYA)", "NM_JBT_UPD": "KOKOK DESA B", "PROVINSI": "NUSA TENGGARA BARAT", "No_Prov_26": "42", "ID_Jbt_26": "4200022", "Kd_Ruas_26": "4203012", "Suffix_26": "12", "Nm_Ruas_26": "JLN. SUDIRMAN (PRAYA)", "Lintas_26": "NON LINTAS", "No_Jbt_26": "42.030.002.B.12", "Nm_Jbt_26": "KOKOK DESA B", "Status_26": "N", "Fungsi_26": "A", "Lks_Dr_26": "MTR", "Lks_km_26": 421.0, "F_STA_26": "0", "Cadin_26": "LTH", "Pjg_Jbt_26": 22.6, "Btg_Pjg_26": 22.4, "Jml_Btg_26": "1", "Lb_Jl_Ms26": 4.06, "Lb_Jl_Kl26": 4.06, "Lb_Lalin26": 4.06, "Lb_Bh_Ki26": 3.12, "Lb_Bh_Ka26": 0.0, "Lb_Dr_Ki26": 0.25, "Lb_Dr_Ka26": 1.05, "Lb_Tr_Ki26": 0.0, "Lb_Tr_Ka26": 0.0, "Lb_TS_Ki26": 0.45, "Lb_TS_Ka26": 0.33, "Lb_Med_26": 0.0, "Lbr_Jbt_26": 9.26, "Bgn_Ats_26": "GPP", "Jns_Jbt_26": "STANDAR", "Thn_Bgn_26": "2018", "BA_26": "2", "LNT_26": "2", "BB_26": "2", "DAS_26": "2", "OP_26": "0", "UT_26": "0", "GR_26": "0", "LB_26": "0", "JBT_26": "2", "Tp_Lnts_26": "SUNGAI", "Dt_Lnts_26": "SUNGAI LURUS (STRAIGHT)", "Pnangnn_26": "RUTIN", "Pmriksn_26": "RUTIN", "Pnglola_26": "BPJN NUSA TENGGARA BARAT", "Satkr_ID26": "693914", "PPK_Name26": "PPK 1.1", "Traffic_26": null, "VCR_26": "0.344", "AADT_26": "12991.3", "Tipe_Jb_26": null, "Lat_26": -8.7112, "Long_26": 116.28104, "Tgl_Ins_26": "5\/26\/2024", "Ket_26": null }, "geometry": { "type": "Point", "coordinates": [ 116.28104, -8.7112 ] } },
{ "type": "Feature", "properties": { "KDRUAS_UPD": "42042", "NOJBT_UPD": "42.042.019.0", "NM_RUAS_UP": "AMPENAN - PAMENANG", "NM_JBT_UPD": "TELUK KOMBAL", "PROVINSI": "NUSA TENGGARA BARAT", "No_Prov_26": "42", "ID_Jbt_26": "4200422", "Kd_Ruas_26": "42042", "Suffix_26": null, "Nm_Ruas_26": "AMPENAN - PAMENANG", "Lintas_26": "NON LINTAS", "No_Jbt_26": "42.042.019.0", "Nm_Jbt_26": "TELUK KOMBAL", "Status_26": "N", "Fungsi_26": "K1", "Lks_Dr_26": "MTR", "Lks_km_26": 37.0, "F_STA_26": "3070", "Cadin_26": "KLU", "Pjg_Jbt_26": 24.6, "Btg_Pjg_26": 11.85, "Jml_Btg_26": "2", "Lb_Jl_Ms26": 5.52, "Lb_Jl_Kl26": 5.52, "Lb_Lalin26": 5.52, "Lb_Bh_Ki26": 0.2, "Lb_Bh_Ka26": 0.2, "Lb_Dr_Ki26": 0.05, "Lb_Dr_Ka26": 0.05, "Lb_Tr_Ki26": 0.86, "Lb_Tr_Ka26": 0.85, "Lb_TS_Ki26": 0.0, "Lb_TS_Ka26": 0.0, "Lb_Med_26": 0.0, "Lbr_Jbt_26": 7.73, "Bgn_Ats_26": "GTP", "Jns_Jbt_26": "STANDAR", "Thn_Bgn_26": "1982", "BA_26": "2", "LNT_26": "2", "BB_26": "2", "DAS_26": "2", "OP_26": "2", "UT_26": "0", "GR_26": "0", "LB_26": "0", "JBT_26": "2", "Tp_Lnts_26": "SUNGAI", "Dt_Lnts_26": "SUNGAI LURUS (STRAIGHT)", "Pnangnn_26": "RUTIN", "Pmriksn_26": "RUTIN", "Pnglola_26": "BPJN NUSA TENGGARA BARAT", "Satkr_ID26": "693914", "PPK_Name26": "PPK 1.2", "Traffic_26": null, "VCR_26": "0.6323", "AADT_26": "8915.5", "Tipe_Jb_26": null, "Lat_26": -8.4027700424200003, "Long_26": 116.09362793, "Tgl_Ins_26": "6\/3\/2024", "Ket_26": null }, "geometry": { "type": "Point", "coordinates": [ 116.09362793, -8.40277004242 ] } },
{ "type": "Feature", "properties": { "KDRUAS_UPD": "4204211", "NOJBT_UPD": "42.042.001.B.11", "NM_RUAS_UP": "JLN. SALEH SUNGKAR 2 (MATARAM)", "NM_JBT_UPD": "MENINTING B", "PROVINSI": "NUSA TENGGARA BARAT", "No_Prov_26": "42", "ID_Jbt_26": "4200424", "Kd_Ruas_26": "4204211", "Suffix_26": "11", "Nm_Ruas_26": "JLN. SALEH SUNGKAR 2 (MATARAM)", "Lintas_26": "NON LINTAS", "No_Jbt_26": "42.042.001.B.11", "Nm_Jbt_26": "MENINTING B", "Status_26": "N", "Fungsi_26": "K1", "Lks_Dr_26": "MTR", "Lks_km_26": 61.0, "F_STA_26": "0", "Cadin_26": "KMR", "Pjg_Jbt_26": 60.8, "Btg_Pjg_26": 39.7, "Jml_Btg_26": "1", "Lb_Jl_Ms26": 6.62, "Lb_Jl_Kl26": 6.62, "Lb_Lalin26": 6.62, "Lb_Bh_Ki26": 0.2, "Lb_Bh_Ka26": 0.2, "Lb_Dr_Ki26": 0.0, "Lb_Dr_Ka26": 0.0, "Lb_Tr_Ki26": 1.05, "Lb_Tr_Ka26": 1.05, "Lb_TS_Ki26": 0.2, "Lb_TS_Ka26": 0.2, "Lb_Med_26": 0.0, "Lbr_Jbt_26": 9.52, "Bgn_Ats_26": "GPP", "Jns_Jbt_26": "STANDAR", "Thn_Bgn_26": "2024", "BA_26": "0", "LNT_26": "0", "BB_26": "0", "DAS_26": "0", "OP_26": "0", "UT_26": "0", "GR_26": "0", "LB_26": "0", "JBT_26": "0", "Tp_Lnts_26": "SUNGAI", "Dt_Lnts_26": "SUNGAI LURUS (STRAIGHT)", "Pnangnn_26": "RUTIN", "Pmriksn_26": "RUTIN", "Pnglola_26": "BPJN NUSA TENGGARA BARAT", "Satkr_ID26": "693914", "PPK_Name26": "PPK 1.3", "Traffic_26": null, "VCR_26": "0.637", "AADT_26": "61938.8", "Tipe_Jb_26": null, "Lat_26": -8.55283, "Long_26": 116.07384, "Tgl_Ins_26": "6\/14\/2025", "Ket_26": null }, "geometry": { "type": "Point", "coordinates": [ 116.07384, -8.55283 ] } },
{ "type": "Feature", "properties": { "KDRUAS_UPD": "42048", "NOJBT_UPD": "42.048.024.0", "NM_RUAS_UP": "HODO - DOROPATI", "NM_JBT_UPD": "LAHADU I", "PROVINSI": "NUSA TENGGARA BARAT", "No_Prov_26": "42", "ID_Jbt_26": "4200589", "Kd_Ruas_26": "42048", "Suffix_26": null, "Nm_Ruas_26": "HODO - DOROPATI", "Lintas_26": "NON LINTAS", "No_Jbt_26": "42.048.024.0", "Nm_Jbt_26": "LAHADU I", "Status_26": "N", "Fungsi_26": "K1", "Lks_Dr_26": "RBA", "Lks_km_26": 1497.0, "F_STA_26": "2080", "Cadin_26": "DOM", "Pjg_Jbt_26": 7.3, "Btg_Pjg_26": 7.0, "Jml_Btg_26": "1", "Lb_Jl_Ms26": 5.2, "Lb_Jl_Kl26": 5.2, "Lb_Lalin26": 4.81, "Lb_Bh_Ki26": 0.0, "Lb_Bh_Ka26": 0.0, "Lb_Dr_Ki26": 0.23, "Lb_Dr_Ka26": 0.21, "Lb_Tr_Ki26": 0.23, "Lb_Tr_Ka26": 0.21, "Lb_TS_Ki26": 0.31, "Lb_TS_Ka26": 0.31, "Lb_Med_26": 0.0, "Lbr_Jbt_26": 6.31, "Bgn_Ats_26": "GTP", "Jns_Jbt_26": "STANDAR", "Thn_Bgn_26": "1993", "BA_26": "2", "LNT_26": "2", "BB_26": "0", "DAS_26": "0", "OP_26": "1", "UT_26": "0", "GR_26": "0", "LB_26": "0", "JBT_26": "2", "Tp_Lnts_26": "SUNGAI", "Dt_Lnts_26": "SUNGAI LURUS (STRAIGHT)", "Pnangnn_26": "RUTIN", "Pmriksn_26": "RUTIN", "Pnglola_26": "BPJN NUSA TENGGARA BARAT", "Satkr_ID26": "693916", "PPK_Name26": "PPK 3.2", "Traffic_26": null, "VCR_26": "0.0755", "AADT_26": "799.7", "Tipe_Jb_26": null, "Lat_26": -8.4001302719099993, "Long_26": 117.90573883100001, "Tgl_Ins_26": "6\/1\/2024", "Ket_26": null }, "geometry": { "type": "Point", "coordinates": [ 117.905738831, -8.400130271909999 ] } },
{ "type": "Feature", "properties": { "KDRUAS_UPD": "42048", "NOJBT_UPD": "42.048.025.0", "NM_RUAS_UP": "HODO - DOROPATI", "NM_JBT_UPD": "LAHADU II", "PROVINSI": "NUSA TENGGARA BARAT", "No_Prov_26": "42", "ID_Jbt_26": "4200590", "Kd_Ruas_26": "42048", "Suffix_26": null, "Nm_Ruas_26": "HODO - DOROPATI", "Lintas_26": "NON LINTAS", "No_Jbt_26": "42.048.025.0", "Nm_Jbt_26": "LAHADU II", "Status_26": "N", "Fungsi_26": "K1", "Lks_Dr_26": "RBA", "Lks_km_26": 1498.0, "F_STA_26": "2100", "Cadin_26": "DOM", "Pjg_Jbt_26": 7.5, "Btg_Pjg_26": 7.2, "Jml_Btg_26": "1", "Lb_Jl_Ms26": 5.45, "Lb_Jl_Kl26": 5.45, "Lb_Lalin26": 4.72, "Lb_Bh_Ki26": 0.0, "Lb_Bh_Ka26": 0.0, "Lb_Dr_Ki26": 0.0, "Lb_Dr_Ka26": 0.0, "Lb_Tr_Ki26": 0.0, "Lb_Tr_Ka26": 0.0, "Lb_TS_Ki26": 0.2, "Lb_TS_Ka26": 0.2, "Lb_Med_26": 0.0, "Lbr_Jbt_26": 5.12, "Bgn_Ats_26": "GTP", "Jns_Jbt_26": "STANDAR", "Thn_Bgn_26": "1992", "BA_26": "1", "LNT_26": "1", "BB_26": "1", "DAS_26": "2", "OP_26": "0", "UT_26": "0", "GR_26": "0", "LB_26": "0", "JBT_26": "2", "Tp_Lnts_26": "SUNGAI", "Dt_Lnts_26": "SUNGAI LURUS (STRAIGHT)", "Pnangnn_26": "RUTIN", "Pmriksn_26": "RUTIN", "Pnglola_26": "BPJN NUSA TENGGARA BARAT", "Satkr_ID26": "693916", "PPK_Name26": "PPK 3.2", "Traffic_26": null, "VCR_26": "0.0755", "AADT_26": "799.7", "Tipe_Jb_26": null, "Lat_26": -8.3993797302199997, "Long_26": 117.904289246, "Tgl_Ins_26": "6\/1\/2024", "Ket_26": null }, "geometry": { "type": "Point", "coordinates": [ 117.904289246, -8.39937973022 ] } },
{ "type": "Feature", "properties": { "KDRUAS_UPD": "42048", "NOJBT_UPD": "42.048.026.0", "NM_RUAS_UP": "HODO - DOROPATI", "NM_JBT_UPD": "LAHADU III", "PROVINSI": "NUSA TENGGARA BARAT", "No_Prov_26": "42", "ID_Jbt_26": "4200591", "Kd_Ruas_26": "42048", "Suffix_26": null, "Nm_Ruas_26": "HODO - DOROPATI", "Lintas_26": "NON LINTAS", "No_Jbt_26": "42.048.026.0", "Nm_Jbt_26": "LAHADU III", "Status_26": "N", "Fungsi_26": "K1", "Lks_Dr_26": "RBA", "Lks_km_26": 1499.0, "F_STA_26": "2100", "Cadin_26": "DOM", "Pjg_Jbt_26": 15.0, "Btg_Pjg_26": 14.7, "Jml_Btg_26": "1", "Lb_Jl_Ms26": 6.46, "Lb_Jl_Kl26": 6.46, "Lb_Lalin26": 6.58, "Lb_Bh_Ki26": 0.35, "Lb_Bh_Ka26": 0.36, "Lb_Dr_Ki26": 0.0, "Lb_Dr_Ka26": 0.0, "Lb_Tr_Ki26": 0.84, "Lb_Tr_Ka26": 0.86, "Lb_TS_Ki26": 0.25, "Lb_TS_Ka26": 0.25, "Lb_Med_26": 0.0, "Lbr_Jbt_26": 9.49, "Bgn_Ats_26": "VPP", "Jns_Jbt_26": "STANDAR", "Thn_Bgn_26": "2020", "BA_26": "1", "LNT_26": "1", "BB_26": "1", "DAS_26": "0", "OP_26": "0", "UT_26": "0", "GR_26": "0", "LB_26": "0", "JBT_26": "1", "Tp_Lnts_26": "SUNGAI", "Dt_Lnts_26": "SUNGAI BERKELOK (MEANDERING)", "Pnangnn_26": "RUTIN", "Pmriksn_26": "RUTIN", "Pnglola_26": "BPJN NUSA TENGGARA BARAT", "Satkr_ID26": "693916", "PPK_Name26": "PPK 3.2", "Traffic_26": null, "VCR_26": "0.0755", "AADT_26": "799.7", "Tipe_Jb_26": null, "Lat_26": -8.3990497589099995, "Long_26": 117.903640747, "Tgl_Ins_26": "7\/2\/2024", "Ket_26": null }, "geometry": { "type": "Point", "coordinates": [ 117.903640747, -8.399049758909999 ] } },
{ "type": "Feature", "properties": { "KDRUAS_UPD": "42048", "NOJBT_UPD": "42.048.027.0", "NM_RUAS_UP": "HODO - DOROPATI", "NM_JBT_UPD": "LAHADU IV", "PROVINSI": "NUSA TENGGARA BARAT", "No_Prov_26": "42", "ID_Jbt_26": "4200592", "Kd_Ruas_26": "42048", "Suffix_26": null, "Nm_Ruas_26": "HODO - DOROPATI", "Lintas_26": "NON LINTAS", "No_Jbt_26": "42.048.027.0", "Nm_Jbt_26": "LAHADU IV", "Status_26": "N", "Fungsi_26": "K1", "Lks_Dr_26": "RBA", "Lks_km_26": 1517.0, "F_STA_26": "2120", "Cadin_26": "DOM", "Pjg_Jbt_26": 15.0, "Btg_Pjg_26": 14.7, "Jml_Btg_26": "1", "Lb_Jl_Ms26": 6.4, "Lb_Jl_Kl26": 6.4, "Lb_Lalin26": 6.52, "Lb_Bh_Ki26": 0.3, "Lb_Bh_Ka26": 0.19, "Lb_Dr_Ki26": 0.1, "Lb_Dr_Ka26": 0.18, "Lb_Tr_Ki26": 0.86, "Lb_Tr_Ka26": 0.84, "Lb_TS_Ki26": 0.27, "Lb_TS_Ka26": 0.24, "Lb_Med_26": 0.0, "Lbr_Jbt_26": 9.5, "Bgn_Ats_26": "VPP", "Jns_Jbt_26": "STANDAR", "Thn_Bgn_26": "2020", "BA_26": "1", "LNT_26": "1", "BB_26": "2", "DAS_26": "0", "OP_26": "2", "UT_26": "0", "GR_26": "0", "LB_26": "0", "JBT_26": "2", "Tp_Lnts_26": "SUNGAI", "Dt_Lnts_26": "SUNGAI BERKELOK (MEANDERING)", "Pnangnn_26": "RUTIN", "Pmriksn_26": "RUTIN", "Pnglola_26": "BPJN NUSA TENGGARA BARAT", "Satkr_ID26": "693916", "PPK_Name26": "PPK 3.2", "Traffic_26": null, "VCR_26": "0.0755", "AADT_26": "799.7", "Tipe_Jb_26": null, "Lat_26": -8.398225, "Long_26": 117.90197, "Tgl_Ins_26": "6\/1\/2024", "Ket_26": null }, "geometry": { "type": "Point", "coordinates": [ 117.90197, -8.398225 ] } },
{ "type": "Feature", "properties": { "KDRUAS_UPD": "42048", "NOJBT_UPD": "42.048.027.3", "NM_RUAS_UP": "HODO - DOROPATI", "NM_JBT_UPD": "LAHADU V", "PROVINSI": "NUSA TENGGARA BARAT", "No_Prov_26": "42", "ID_Jbt_26": "4200019", "Kd_Ruas_26": "42048", "Suffix_26": null, "Nm_Ruas_26": "HODO - DOROPATI", "Lintas_26": "NON LINTAS", "No_Jbt_26": "42.048.027.3", "Nm_Jbt_26": "LAHADU V", "Status_26": "N", "Fungsi_26": "K1", "Lks_Dr_26": "RBA", "Lks_km_26": 15188.999999999998, "F_STA_26": "2300", "Cadin_26": "DOM", "Pjg_Jbt_26": 7.4, "Btg_Pjg_26": 6.4, "Jml_Btg_26": "1", "Lb_Jl_Ms26": 6.0, "Lb_Jl_Kl26": 6.0, "Lb_Lalin26": 4.09, "Lb_Bh_Ki26": 0.36, "Lb_Bh_Ka26": 0.29, "Lb_Dr_Ki26": 0.0, "Lb_Dr_Ka26": 0.0, "Lb_Tr_Ki26": 0.0, "Lb_Tr_Ka26": 0.0, "Lb_TS_Ki26": 0.27, "Lb_TS_Ka26": 0.26, "Lb_Med_26": 0.0, "Lbr_Jbt_26": 5.27, "Bgn_Ats_26": "PTP", "Jns_Jbt_26": "STANDAR", "Thn_Bgn_26": "1990", "BA_26": "2", "LNT_26": "2", "BB_26": "0", "DAS_26": "0", "OP_26": "1", "UT_26": "0", "GR_26": "0", "LB_26": "0", "JBT_26": "2", "Tp_Lnts_26": "SUNGAI", "Dt_Lnts_26": "SUNGAI LURUS (STRAIGHT)", "Pnangnn_26": "RUTIN", "Pmriksn_26": "RUTIN", "Pnglola_26": "BPJN NUSA TENGGARA BARAT", "Satkr_ID26": "693916", "PPK_Name26": "PPK 3.2", "Traffic_26": null, "VCR_26": "0.0755", "AADT_26": "799.7", "Tipe_Jb_26": null, "Lat_26": -8.3923797607400008, "Long_26": 117.88760376, "Tgl_Ins_26": "3\/25\/2024", "Ket_26": null }, "geometry": { "type": "Point", "coordinates": [ 117.88760376, -8.392379760740001 ] } },
{ "type": "Feature", "properties": { "KDRUAS_UPD": "42048", "NOJBT_UPD": "42.048.028.0", "NM_RUAS_UP": "HODO - DOROPATI", "NM_JBT_UPD": "SORI TULA I", "PROVINSI": "NUSA TENGGARA BARAT", "No_Prov_26": "42", "ID_Jbt_26": "4200593", "Kd_Ruas_26": "42048", "Suffix_26": null, "Nm_Ruas_26": "HODO - DOROPATI", "Lintas_26": "NON LINTAS", "No_Jbt_26": "42.048.028.0", "Nm_Jbt_26": "SORI TULA I", "Status_26": "N", "Fungsi_26": "K1", "Lks_Dr_26": "RBA", "Lks_km_26": 1525.0, "F_STA_26": "2380", "Cadin_26": "DOM", "Pjg_Jbt_26": 10.5, "Btg_Pjg_26": 10.2, "Jml_Btg_26": "1", "Lb_Jl_Ms26": 6.0, "Lb_Jl_Kl26": 6.0, "Lb_Lalin26": 4.26, "Lb_Bh_Ki26": 0.2, "Lb_Bh_Ka26": 0.22, "Lb_Dr_Ki26": 0.0, "Lb_Dr_Ka26": 0.0, "Lb_Tr_Ki26": 0.4, "Lb_Tr_Ka26": 0.42, "Lb_TS_Ki26": 0.0, "Lb_TS_Ka26": 0.0, "Lb_Med_26": 0.0, "Lbr_Jbt_26": 5.5, "Bgn_Ats_26": "GTP", "Jns_Jbt_26": "STANDAR", "Thn_Bgn_26": "1982", "BA_26": "2", "LNT_26": "2", "BB_26": "2", "DAS_26": "0", "OP_26": "4", "UT_26": "0", "GR_26": "0", "LB_26": "0", "JBT_26": "4", "Tp_Lnts_26": "SUNGAI", "Dt_Lnts_26": "SUNGAI LURUS (STRAIGHT)", "Pnangnn_26": "PENGGANTIAN", "Pmriksn_26": "DETAIL", "Pnglola_26": "BPJN NUSA TENGGARA BARAT", "Satkr_ID26": "693916", "PPK_Name26": "PPK 3.2", "Traffic_26": null, "VCR_26": "0.0755", "AADT_26": "799.7", "Tipe_Jb_26": null, "Lat_26": -8.3909702301000006, "Long_26": 117.880599976, "Tgl_Ins_26": "6\/11\/2026", "Ket_26": null }, "geometry": { "type": "Point", "coordinates": [ 117.880599976, -8.390970230100001 ] } },
{ "type": "Feature", "properties": { "KDRUAS_UPD": "42048", "NOJBT_UPD": "42.048.029.0", "NM_RUAS_UP": "HODO - DOROPATI", "NM_JBT_UPD": "SORI TULA II", "PROVINSI": "NUSA TENGGARA BARAT", "No_Prov_26": "42", "ID_Jbt_26": "4200594", "Kd_Ruas_26": "42048", "Suffix_26": null, "Nm_Ruas_26": "HODO - DOROPATI", "Lintas_26": "NON LINTAS", "No_Jbt_26": "42.048.029.0", "Nm_Jbt_26": "SORI TULA II", "Status_26": "N", "Fungsi_26": "K1", "Lks_Dr_26": "RBA", "Lks_km_26": 1526.0, "F_STA_26": "2390", "Cadin_26": "DOM", "Pjg_Jbt_26": 6.7, "Btg_Pjg_26": 5.1, "Jml_Btg_26": "1", "Lb_Jl_Ms26": 6.0, "Lb_Jl_Kl26": 6.0, "Lb_Lalin26": 3.84, "Lb_Bh_Ki26": 0.36, "Lb_Bh_Ka26": 0.52, "Lb_Dr_Ki26": 0.0, "Lb_Dr_Ka26": 0.0, "Lb_Tr_Ki26": 0.5, "Lb_Tr_Ka26": 0.44, "Lb_TS_Ki26": 0.0, "Lb_TS_Ka26": 0.0, "Lb_Med_26": 0.0, "Lbr_Jbt_26": 5.66, "Bgn_Ats_26": "PTP", "Jns_Jbt_26": "STANDAR", "Thn_Bgn_26": "1985", "BA_26": "1", "LNT_26": "0", "BB_26": "2", "DAS_26": "0", "OP_26": "3", "UT_26": "0", "GR_26": "0", "LB_26": "0", "JBT_26": "3", "Tp_Lnts_26": "SUNGAI", "Dt_Lnts_26": "SUNGAI BERKELOK (MEANDERING)", "Pnangnn_26": "REHABILITASI", "Pmriksn_26": "DETAIL", "Pnglola_26": "BPJN NUSA TENGGARA BARAT", "Satkr_ID26": "693916", "PPK_Name26": "PPK 3.2", "Traffic_26": null, "VCR_26": "0.0755", "AADT_26": "799.7", "Tipe_Jb_26": null, "Lat_26": -8.3901901245099992, "Long_26": 117.879829407, "Tgl_Ins_26": "6\/11\/2026", "Ket_26": null }, "geometry": { "type": "Point", "coordinates": [ 117.879829407, -8.390190124509999 ] } },
{ "type": "Feature", "properties": { "KDRUAS_UPD": "42048", "NOJBT_UPD": "42.048.030.0", "NM_RUAS_UP": "HODO - DOROPATI", "NM_JBT_UPD": "MANGGE", "PROVINSI": "NUSA TENGGARA BARAT", "No_Prov_26": "42", "ID_Jbt_26": "4200595", "Kd_Ruas_26": "42048", "Suffix_26": null, "Nm_Ruas_26": "HODO - DOROPATI", "Lintas_26": "NON LINTAS", "No_Jbt_26": "42.048.030.0", "Nm_Jbt_26": "MANGGE", "Status_26": "N", "Fungsi_26": "K1", "Lks_Dr_26": "RBA", "Lks_km_26": 1546.0, "F_STA_26": "2580", "Cadin_26": "DOM", "Pjg_Jbt_26": 10.5, "Btg_Pjg_26": 10.0, "Jml_Btg_26": "1", "Lb_Jl_Ms26": 6.0, "Lb_Jl_Kl26": 6.0, "Lb_Lalin26": 4.12, "Lb_Bh_Ki26": 0.2, "Lb_Bh_Ka26": 0.27, "Lb_Dr_Ki26": 0.0, "Lb_Dr_Ka26": 0.0, "Lb_Tr_Ki26": 0.35, "Lb_Tr_Ka26": 0.25, "Lb_TS_Ki26": 0.0, "Lb_TS_Ka26": 0.0, "Lb_Med_26": 0.0, "Lbr_Jbt_26": 5.19, "Bgn_Ats_26": "GTP", "Jns_Jbt_26": "STANDAR", "Thn_Bgn_26": "1985", "BA_26": "1", "LNT_26": "1", "BB_26": "1", "DAS_26": "0", "OP_26": "1", "UT_26": "1", "GR_26": "0", "LB_26": "0", "JBT_26": "1", "Tp_Lnts_26": "SUNGAI", "Dt_Lnts_26": "SUNGAI LURUS (STRAIGHT)", "Pnangnn_26": "BERKALA", "Pmriksn_26": "DETAIL", "Pnglola_26": "BPJN NUSA TENGGARA BARAT", "Satkr_ID26": "693916", "PPK_Name26": "PPK 3.2", "Traffic_26": null, "VCR_26": "0.0755", "AADT_26": "799.7", "Tipe_Jb_26": null, "Lat_26": -8.3822603225699996, "Long_26": 117.86428833, "Tgl_Ins_26": "6\/11\/2026", "Ket_26": null }, "geometry": { "type": "Point", "coordinates": [ 117.86428833, -8.38226032257 ] } },
{ "type": "Feature", "properties": { "KDRUAS_UPD": "42048", "NOJBT_UPD": "42.048.031.0", "NM_RUAS_UP": "HODO - DOROPATI", "NM_JBT_UPD": "TATANGGA", "PROVINSI": "NUSA TENGGARA BARAT", "No_Prov_26": "42", "ID_Jbt_26": "4200596", "Kd_Ruas_26": "42048", "Suffix_26": null, "Nm_Ruas_26": "HODO - DOROPATI", "Lintas_26": "NON LINTAS", "No_Jbt_26": "42.048.031.0", "Nm_Jbt_26": "TATANGGA", "Status_26": "N", "Fungsi_26": "K1", "Lks_Dr_26": "RBA", "Lks_km_26": 1564.0, "F_STA_26": "2760", "Cadin_26": "DOM", "Pjg_Jbt_26": 10.6, "Btg_Pjg_26": 10.3, "Jml_Btg_26": "1", "Lb_Jl_Ms26": 3.87, "Lb_Jl_Kl26": 3.87, "Lb_Lalin26": 3.99, "Lb_Bh_Ki26": 0.24, "Lb_Bh_Ka26": 0.1, "Lb_Dr_Ki26": 0.15, "Lb_Dr_Ka26": 0.2, "Lb_Tr_Ki26": 0.43, "Lb_Tr_Ka26": 0.45, "Lb_TS_Ki26": 0.0, "Lb_TS_Ka26": 0.0, "Lb_Med_26": 0.0, "Lbr_Jbt_26": 5.56, "Bgn_Ats_26": "GTP", "Jns_Jbt_26": "STANDAR", "Thn_Bgn_26": "1985", "BA_26": "2", "LNT_26": "2", "BB_26": "1", "DAS_26": "3", "OP_26": "1", "UT_26": "0", "GR_26": "0", "LB_26": "0", "JBT_26": "3", "Tp_Lnts_26": "SUNGAI", "Dt_Lnts_26": "SUNGAI BERKELOK (MEANDERING)", "Pnangnn_26": "REHABILITASI", "Pmriksn_26": "DETAIL", "Pnglola_26": "BPJN NUSA TENGGARA BARAT", "Satkr_ID26": "693916", "PPK_Name26": "PPK 3.2", "Traffic_26": null, "VCR_26": "0.0755", "AADT_26": "799.7", "Tipe_Jb_26": null, "Lat_26": -8.371509552, "Long_26": 117.852722168, "Tgl_Ins_26": "6\/11\/2026", "Ket_26": null }, "geometry": { "type": "Point", "coordinates": [ 117.852722168, -8.371509552 ] } },
{ "type": "Feature", "properties": { "KDRUAS_UPD": "42048", "NOJBT_UPD": "42.048.032.0", "NM_RUAS_UP": "HODO - DOROPATI", "NM_JBT_UPD": "DOROPETI", "PROVINSI": "NUSA TENGGARA BARAT", "No_Prov_26": "42", "ID_Jbt_26": "4200597", "Kd_Ruas_26": "42048", "Suffix_26": null, "Nm_Ruas_26": "HODO - DOROPATI", "Lintas_26": "NON LINTAS", "No_Jbt_26": "42.048.032.0", "Nm_Jbt_26": "DOROPETI", "Status_26": "N", "Fungsi_26": "K1", "Lks_Dr_26": "RBA", "Lks_km_26": 1606.0, "F_STA_26": "3180", "Cadin_26": "DOM", "Pjg_Jbt_26": 10.6, "Btg_Pjg_26": 10.3, "Jml_Btg_26": "1", "Lb_Jl_Ms26": 3.74, "Lb_Jl_Kl26": 3.74, "Lb_Lalin26": 3.86, "Lb_Bh_Ki26": 0.27, "Lb_Bh_Ka26": 0.28, "Lb_Dr_Ki26": 0.1, "Lb_Dr_Ka26": 0.1, "Lb_Tr_Ki26": 0.25, "Lb_Tr_Ka26": 0.25, "Lb_TS_Ki26": 0.0, "Lb_TS_Ka26": 0.0, "Lb_Med_26": 0.0, "Lbr_Jbt_26": 5.11, "Bgn_Ats_26": "GTP", "Jns_Jbt_26": "STANDAR", "Thn_Bgn_26": "1985", "BA_26": "0", "LNT_26": "0", "BB_26": "4", "DAS_26": "0", "OP_26": "0", "UT_26": "0", "GR_26": "0", "LB_26": "0", "JBT_26": "4", "Tp_Lnts_26": "SUNGAI", "Dt_Lnts_26": "SUNGAI BERKELOK (MEANDERING)", "Pnangnn_26": "PENGGANTIAN", "Pmriksn_26": "DETAIL", "Pnglola_26": "BPJN NUSA TENGGARA BARAT", "Satkr_ID26": "693916", "PPK_Name26": "PPK 3.2", "Traffic_26": null, "VCR_26": "0.0755", "AADT_26": "799.7", "Tipe_Jb_26": null, "Lat_26": -8.3477802276599995, "Long_26": 117.825241089, "Tgl_Ins_26": "6\/19\/2026", "Ket_26": null }, "geometry": { "type": "Point", "coordinates": [ 117.825241089, -8.347780227659999 ] } },
{ "type": "Feature", "properties": { "KDRUAS_UPD": "42049", "NOJBT_UPD": "42.049.001.0", "NM_RUAS_UP": "DOROPATI - LB. KENANGA", "NM_JBT_UPD": "AMA DIJA", "PROVINSI": "NUSA TENGGARA BARAT", "No_Prov_26": "42", "ID_Jbt_26": "4200598", "Kd_Ruas_26": "42049", "Suffix_26": null, "Nm_Ruas_26": "DOROPATI - LB. KENANGA", "Lintas_26": "NON LINTAS", "No_Jbt_26": "42.049.001.0", "Nm_Jbt_26": "AMA DIJA", "Status_26": "N", "Fungsi_26": "K1", "Lks_Dr_26": "RBA", "Lks_km_26": 1618.0, "F_STA_26": "100", "Cadin_26": "DOM", "Pjg_Jbt_26": 8.8, "Btg_Pjg_26": 8.5, "Jml_Btg_26": "1", "Lb_Jl_Ms26": 6.0, "Lb_Jl_Kl26": 6.0, "Lb_Lalin26": 4.22, "Lb_Bh_Ki26": 0.38, "Lb_Bh_Ka26": 0.4, "Lb_Dr_Ki26": 0.0, "Lb_Dr_Ka26": 0.0, "Lb_Tr_Ki26": 0.5, "Lb_Tr_Ka26": 0.55, "Lb_TS_Ki26": 0.0, "Lb_TS_Ka26": 0.0, "Lb_Med_26": 0.0, "Lbr_Jbt_26": 6.05, "Bgn_Ats_26": "GTP", "Jns_Jbt_26": "STANDAR", "Thn_Bgn_26": "1985", "BA_26": "2", "LNT_26": "2", "BB_26": "0", "DAS_26": "1", "OP_26": "1", "UT_26": "0", "GR_26": "0", "LB_26": "0", "JBT_26": "2", "Tp_Lnts_26": "SUNGAI", "Dt_Lnts_26": "SUNGAI LURUS (STRAIGHT)", "Pnangnn_26": "RUTIN", "Pmriksn_26": "RUTIN", "Pnglola_26": "BPJN NUSA TENGGARA BARAT", "Satkr_ID26": "693916", "PPK_Name26": "PPK 3.2", "Traffic_26": null, "VCR_26": "0.0961", "AADT_26": "1065.9", "Tipe_Jb_26": null, "Lat_26": -8.3414402008100001, "Long_26": 117.814422607, "Tgl_Ins_26": "5\/5\/2024", "Ket_26": null }, "geometry": { "type": "Point", "coordinates": [ 117.814422607, -8.34144020081 ] } },
{ "type": "Feature", "properties": { "KDRUAS_UPD": "42049", "NOJBT_UPD": "42.049.002.0", "NM_RUAS_UP": "DOROPATI - LB. KENANGA", "NM_JBT_UPD": "SAPAHU", "PROVINSI": "NUSA TENGGARA BARAT", "No_Prov_26": "42", "ID_Jbt_26": "4200599", "Kd_Ruas_26": "42049", "Suffix_26": null, "Nm_Ruas_26": "DOROPATI - LB. KENANGA", "Lintas_26": "NON LINTAS", "No_Jbt_26": "42.049.002.0", "Nm_Jbt_26": "SAPAHU", "Status_26": "N", "Fungsi_26": "K1", "Lks_Dr_26": "RBA", "Lks_km_26": 1628.0, "F_STA_26": "170", "Cadin_26": "DOM", "Pjg_Jbt_26": 7.0, "Btg_Pjg_26": 5.343, "Jml_Btg_26": "1", "Lb_Jl_Ms26": 6.0, "Lb_Jl_Kl26": 6.0, "Lb_Lalin26": 3.91, "Lb_Bh_Ki26": 0.0, "Lb_Bh_Ka26": 0.0, "Lb_Dr_Ki26": 0.0, "Lb_Dr_Ka26": 0.0, "Lb_Tr_Ki26": 0.85, "Lb_Tr_Ka26": 0.8, "Lb_TS_Ki26": 0.0, "Lb_TS_Ka26": 0.0, "Lb_Med_26": 0.0, "Lbr_Jbt_26": 5.56, "Bgn_Ats_26": "PTP", "Jns_Jbt_26": "STANDAR", "Thn_Bgn_26": "1985", "BA_26": "2", "LNT_26": "0", "BB_26": "2", "DAS_26": "1", "OP_26": "1", "UT_26": "0", "GR_26": "0", "LB_26": "0", "JBT_26": "2", "Tp_Lnts_26": "SUNGAI", "Dt_Lnts_26": "SUNGAI LURUS (STRAIGHT)", "Pnangnn_26": "RUTIN", "Pmriksn_26": "RUTIN", "Pnglola_26": "BPJN NUSA TENGGARA BARAT", "Satkr_ID26": "693916", "PPK_Name26": "PPK 3.2", "Traffic_26": null, "VCR_26": "0.0961", "AADT_26": "1065.9", "Tipe_Jb_26": null, "Lat_26": -8.3374900817899995, "Long_26": 117.80886077899999, "Tgl_Ins_26": "5\/29\/2024", "Ket_26": null }, "geometry": { "type": "Point", "coordinates": [ 117.808860779, -8.33749008179 ] } },
{ "type": "Feature", "properties": { "KDRUAS_UPD": "42049", "NOJBT_UPD": "42.049.003.0", "NM_RUAS_UP": "DOROPATI - LB. KENANGA", "NM_JBT_UPD": "MPODE", "PROVINSI": "NUSA TENGGARA BARAT", "No_Prov_26": "42", "ID_Jbt_26": "4200600", "Kd_Ruas_26": "42049", "Suffix_26": null, "Nm_Ruas_26": "DOROPATI - LB. KENANGA", "Lintas_26": "NON LINTAS", "No_Jbt_26": "42.049.003.0", "Nm_Jbt_26": "MPODE", "Status_26": "N", "Fungsi_26": "K1", "Lks_Dr_26": "RBA", "Lks_km_26": 1637.0, "F_STA_26": "280", "Cadin_26": "DOM", "Pjg_Jbt_26": 10.7, "Btg_Pjg_26": 10.6, "Jml_Btg_26": "1", "Lb_Jl_Ms26": 6.0, "Lb_Jl_Kl26": 6.0, "Lb_Lalin26": 3.94, "Lb_Bh_Ki26": 0.0, "Lb_Bh_Ka26": 0.0, "Lb_Dr_Ki26": 0.0, "Lb_Dr_Ka26": 0.0, "Lb_Tr_Ki26": 0.68, "Lb_Tr_Ka26": 0.75, "Lb_TS_Ki26": 0.0, "Lb_TS_Ka26": 0.0, "Lb_Med_26": 0.0, "Lbr_Jbt_26": 5.37, "Bgn_Ats_26": "GTP", "Jns_Jbt_26": "STANDAR", "Thn_Bgn_26": "1985", "BA_26": "2", "LNT_26": "2", "BB_26": "1", "DAS_26": "1", "OP_26": "1", "UT_26": "0", "GR_26": "0", "LB_26": "0", "JBT_26": "2", "Tp_Lnts_26": "SUNGAI", "Dt_Lnts_26": "SUNGAI LURUS (STRAIGHT)", "Pnangnn_26": "RUTIN", "Pmriksn_26": "RUTIN", "Pnglola_26": "BPJN NUSA TENGGARA BARAT", "Satkr_ID26": "693916", "PPK_Name26": "PPK 3.2", "Traffic_26": null, "VCR_26": "0.0961", "AADT_26": "1065.9", "Tipe_Jb_26": null, "Lat_26": -8.3299303054799996, "Long_26": 117.80304718, "Tgl_Ins_26": "5\/29\/2024", "Ket_26": null }, "geometry": { "type": "Point", "coordinates": [ 117.80304718, -8.32993030548 ] } },
{ "type": "Feature", "properties": { "KDRUAS_UPD": "42049", "NOJBT_UPD": "42.049.004.0", "NM_RUAS_UP": "DOROPATI - LB. KENANGA", "NM_JBT_UPD": "SONCO WADU", "PROVINSI": "NUSA TENGGARA BARAT", "No_Prov_26": "42", "ID_Jbt_26": "4200601", "Kd_Ruas_26": "42049", "Suffix_26": null, "Nm_Ruas_26": "DOROPATI - LB. KENANGA", "Lintas_26": "NON LINTAS", "No_Jbt_26": "42.049.004.0", "Nm_Jbt_26": "SONCO WADU", "Status_26": "N", "Fungsi_26": "K1", "Lks_Dr_26": "RBA", "Lks_km_26": 1653.0, "F_STA_26": "420", "Cadin_26": "DOM", "Pjg_Jbt_26": 9.8, "Btg_Pjg_26": 9.45, "Jml_Btg_26": "1", "Lb_Jl_Ms26": 4.15, "Lb_Jl_Kl26": 4.15, "Lb_Lalin26": 4.27, "Lb_Bh_Ki26": 0.26, "Lb_Bh_Ka26": 0.29, "Lb_Dr_Ki26": 0.0, "Lb_Dr_Ka26": 0.0, "Lb_Tr_Ki26": 0.6, "Lb_Tr_Ka26": 0.54, "Lb_TS_Ki26": 0.0, "Lb_TS_Ka26": 0.0, "Lb_Med_26": 0.0, "Lbr_Jbt_26": 5.96, "Bgn_Ats_26": "GTP", "Jns_Jbt_26": "STANDAR", "Thn_Bgn_26": "1985", "BA_26": "2", "LNT_26": "2", "BB_26": "2", "DAS_26": "0", "OP_26": "1", "UT_26": "0", "GR_26": "0", "LB_26": "0", "JBT_26": "2", "Tp_Lnts_26": "SUNGAI", "Dt_Lnts_26": "SUNGAI BERKELOK (MEANDERING)", "Pnangnn_26": "REHABILITASI", "Pmriksn_26": "DETAIL", "Pnglola_26": "BPJN NUSA TENGGARA BARAT", "Satkr_ID26": "693916", "PPK_Name26": "PPK 3.2", "Traffic_26": null, "VCR_26": "0.0961", "AADT_26": "1065.9", "Tipe_Jb_26": null, "Lat_26": -8.3225898742699993, "Long_26": 117.793922424, "Tgl_Ins_26": "6\/11\/2026", "Ket_26": null }, "geometry": { "type": "Point", "coordinates": [ 117.793922424, -8.322589874269999 ] } },
{ "type": "Feature", "properties": { "KDRUAS_UPD": "42049", "NOJBT_UPD": "42.049.005.0", "NM_RUAS_UP": "DOROPATI - LB. KENANGA", "NM_JBT_UPD": "NANGA KARA", "PROVINSI": "NUSA TENGGARA BARAT", "No_Prov_26": "42", "ID_Jbt_26": "4200602", "Kd_Ruas_26": "42049", "Suffix_26": null, "Nm_Ruas_26": "DOROPATI - LB. KENANGA", "Lintas_26": "NON LINTAS", "No_Jbt_26": "42.049.005.0", "Nm_Jbt_26": "NANGA KARA", "Status_26": "N", "Fungsi_26": "K1", "Lks_Dr_26": "RBA", "Lks_km_26": 1657.0, "F_STA_26": "450", "Cadin_26": "DOM", "Pjg_Jbt_26": 10.8, "Btg_Pjg_26": 10.7, "Jml_Btg_26": "1", "Lb_Jl_Ms26": 4.0, "Lb_Jl_Kl26": 4.0, "Lb_Lalin26": 4.12, "Lb_Bh_Ki26": 0.23, "Lb_Bh_Ka26": 0.28, "Lb_Dr_Ki26": 0.0, "Lb_Dr_Ka26": 0.0, "Lb_Tr_Ki26": 0.33, "Lb_Tr_Ka26": 0.41, "Lb_TS_Ki26": 0.0, "Lb_TS_Ka26": 0.0, "Lb_Med_26": 0.0, "Lbr_Jbt_26": 5.37, "Bgn_Ats_26": "GTP", "Jns_Jbt_26": "STANDAR", "Thn_Bgn_26": "1985", "BA_26": "2", "LNT_26": "1", "BB_26": "1", "DAS_26": "0", "OP_26": "1", "UT_26": "0", "GR_26": "0", "LB_26": "0", "JBT_26": "2", "Tp_Lnts_26": "SUNGAI", "Dt_Lnts_26": "SUNGAI LURUS (STRAIGHT)", "Pnangnn_26": "RUTIN", "Pmriksn_26": "RUTIN", "Pnglola_26": "BPJN NUSA TENGGARA BARAT", "Satkr_ID26": "693916", "PPK_Name26": "PPK 3.2", "Traffic_26": null, "VCR_26": "0.0961", "AADT_26": "1065.9", "Tipe_Jb_26": null, "Lat_26": -8.3201398849500006, "Long_26": 117.79273986799998, "Tgl_Ins_26": "5\/30\/2024", "Ket_26": null }, "geometry": { "type": "Point", "coordinates": [ 117.792739868, -8.320139884950001 ] } },
{ "type": "Feature", "properties": { "KDRUAS_UPD": "42049", "NOJBT_UPD": "42.049.006.0", "NM_RUAS_UP": "DOROPATI - LB. KENANGA", "NM_JBT_UPD": "BARA", "PROVINSI": "NUSA TENGGARA BARAT", "No_Prov_26": "42", "ID_Jbt_26": "4200603", "Kd_Ruas_26": "42049", "Suffix_26": null, "Nm_Ruas_26": "DOROPATI - LB. KENANGA", "Lintas_26": "NON LINTAS", "No_Jbt_26": "42.049.006.0", "Nm_Jbt_26": "BARA", "Status_26": "N", "Fungsi_26": "K1", "Lks_Dr_26": "RBA", "Lks_km_26": 1659.0, "F_STA_26": "500", "Cadin_26": "DOM", "Pjg_Jbt_26": 10.0, "Btg_Pjg_26": 9.7, "Jml_Btg_26": "1", "Lb_Jl_Ms26": 5.8, "Lb_Jl_Kl26": 5.8, "Lb_Lalin26": 4.1, "Lb_Bh_Ki26": 0.32, "Lb_Bh_Ka26": 0.27, "Lb_Dr_Ki26": 0.0, "Lb_Dr_Ka26": 0.0, "Lb_Tr_Ki26": 0.53, "Lb_Tr_Ka26": 0.56, "Lb_TS_Ki26": 0.0, "Lb_TS_Ka26": 0.0, "Lb_Med_26": 0.0, "Lbr_Jbt_26": 5.78, "Bgn_Ats_26": "GTP", "Jns_Jbt_26": "STANDAR", "Thn_Bgn_26": "1985", "BA_26": "1", "LNT_26": "1", "BB_26": "0", "DAS_26": "1", "OP_26": "1", "UT_26": "0", "GR_26": "0", "LB_26": "0", "JBT_26": "1", "Tp_Lnts_26": "SUNGAI", "Dt_Lnts_26": "SUNGAI LURUS (STRAIGHT)", "Pnangnn_26": "RUTIN", "Pmriksn_26": "RUTIN", "Pnglola_26": "BPJN NUSA TENGGARA BARAT", "Satkr_ID26": "693916", "PPK_Name26": "PPK 3.2", "Traffic_26": null, "VCR_26": "0.0961", "AADT_26": "1065.9", "Tipe_Jb_26": null, "Lat_26": -8.31715965271, "Long_26": 117.78917694099999, "Tgl_Ins_26": "5\/30\/2024", "Ket_26": null }, "geometry": { "type": "Point", "coordinates": [ 117.789176941, -8.31715965271 ] } },
{ "type": "Feature", "properties": { "KDRUAS_UPD": "42049", "NOJBT_UPD": "42.049.007.0", "NM_RUAS_UP": "DOROPATI - LB. KENANGA", "NM_JBT_UPD": "NAA", "PROVINSI": "NUSA TENGGARA BARAT", "No_Prov_26": "42", "ID_Jbt_26": "4200604", "Kd_Ruas_26": "42049", "Suffix_26": null, "Nm_Ruas_26": "DOROPATI - LB. KENANGA", "Lintas_26": "NON LINTAS", "No_Jbt_26": "42.049.007.0", "Nm_Jbt_26": "NAA", "Status_26": "N", "Fungsi_26": "K1", "Lks_Dr_26": "RBA", "Lks_km_26": 1672.0, "F_STA_26": "630", "Cadin_26": "DOM", "Pjg_Jbt_26": 7.7, "Btg_Pjg_26": 7.4, "Jml_Btg_26": "1", "Lb_Jl_Ms26": 6.25, "Lb_Jl_Kl26": 6.25, "Lb_Lalin26": 4.27, "Lb_Bh_Ki26": 0.47, "Lb_Bh_Ka26": 0.36, "Lb_Dr_Ki26": 0.0, "Lb_Dr_Ka26": 0.0, "Lb_Tr_Ki26": 0.23, "Lb_Tr_Ka26": 0.41, "Lb_TS_Ki26": 0.0, "Lb_TS_Ka26": 0.0, "Lb_Med_26": 0.0, "Lbr_Jbt_26": 5.74, "Bgn_Ats_26": "GTP", "Jns_Jbt_26": "STANDAR", "Thn_Bgn_26": "1984", "BA_26": "2", "LNT_26": "2", "BB_26": "0", "DAS_26": "0", "OP_26": "1", "UT_26": "0", "GR_26": "0", "LB_26": "0", "JBT_26": "2", "Tp_Lnts_26": "SUNGAI", "Dt_Lnts_26": "SUNGAI LURUS (STRAIGHT)", "Pnangnn_26": "RUTIN", "Pmriksn_26": "RUTIN", "Pnglola_26": "BPJN NUSA TENGGARA BARAT", "Satkr_ID26": "693916", "PPK_Name26": "PPK 3.2", "Traffic_26": null, "VCR_26": "0.0961", "AADT_26": "1065.9", "Tipe_Jb_26": null, "Lat_26": -8.3079795837399999, "Long_26": 117.782539368, "Tgl_Ins_26": "5\/30\/2024", "Ket_26": null }, "geometry": { "type": "Point", "coordinates": [ 117.782539368, -8.30797958374 ] } },
{ "type": "Feature", "properties": { "KDRUAS_UPD": "42049", "NOJBT_UPD": "42.049.008.0", "NM_RUAS_UP": "DOROPATI - LB. KENANGA", "NM_JBT_UPD": "NOMO", "PROVINSI": "NUSA TENGGARA BARAT", "No_Prov_26": "42", "ID_Jbt_26": "4200605", "Kd_Ruas_26": "42049", "Suffix_26": null, "Nm_Ruas_26": "DOROPATI - LB. KENANGA", "Lintas_26": "NON LINTAS", "No_Jbt_26": "42.049.008.0", "Nm_Jbt_26": "NOMO", "Status_26": "N", "Fungsi_26": "K1", "Lks_Dr_26": "RBA", "Lks_km_26": 1678.0, "F_STA_26": "700", "Cadin_26": "DOM", "Pjg_Jbt_26": 15.0, "Btg_Pjg_26": 14.7, "Jml_Btg_26": "1", "Lb_Jl_Ms26": 6.15, "Lb_Jl_Kl26": 6.15, "Lb_Lalin26": 3.99, "Lb_Bh_Ki26": 0.4, "Lb_Bh_Ka26": 0.47, "Lb_Dr_Ki26": 0.0, "Lb_Dr_Ka26": 0.0, "Lb_Tr_Ki26": 0.41, "Lb_Tr_Ka26": 0.25, "Lb_TS_Ki26": 0.0, "Lb_TS_Ka26": 0.0, "Lb_Med_26": 0.0, "Lbr_Jbt_26": 5.52, "Bgn_Ats_26": "GTP", "Jns_Jbt_26": "STANDAR", "Thn_Bgn_26": "1984", "BA_26": "2", "LNT_26": "2", "BB_26": "1", "DAS_26": "2", "OP_26": "2", "UT_26": "0", "GR_26": "0", "LB_26": "0", "JBT_26": "2", "Tp_Lnts_26": "SUNGAI", "Dt_Lnts_26": "SUNGAI BERKELOK (MEANDERING)", "Pnangnn_26": "RUTIN", "Pmriksn_26": "RUTIN", "Pnglola_26": "BPJN NUSA TENGGARA BARAT", "Satkr_ID26": "693916", "PPK_Name26": "PPK 3.2", "Traffic_26": null, "VCR_26": "0.0961", "AADT_26": "1065.9", "Tipe_Jb_26": null, "Lat_26": -8.30749034882, "Long_26": 117.77713012700001, "Tgl_Ins_26": "6\/10\/2025", "Ket_26": null }, "geometry": { "type": "Point", "coordinates": [ 117.777130127, -8.30749034882 ] } },
{ "type": "Feature", "properties": { "KDRUAS_UPD": "42049", "NOJBT_UPD": "42.049.009.0", "NM_RUAS_UP": "DOROPATI - LB. KENANGA", "NM_JBT_UPD": "PETO", "PROVINSI": "NUSA TENGGARA BARAT", "No_Prov_26": "42", "ID_Jbt_26": "4200606", "Kd_Ruas_26": "42049", "Suffix_26": null, "Nm_Ruas_26": "DOROPATI - LB. KENANGA", "Lintas_26": "NON LINTAS", "No_Jbt_26": "42.049.009.0", "Nm_Jbt_26": "PETO", "Status_26": "N", "Fungsi_26": "K1", "Lks_Dr_26": "RBA", "Lks_km_26": 1697.0, "F_STA_26": "860", "Cadin_26": "DOM", "Pjg_Jbt_26": 8.5, "Btg_Pjg_26": 8.0, "Jml_Btg_26": "1", "Lb_Jl_Ms26": 6.0, "Lb_Jl_Kl26": 6.0, "Lb_Lalin26": 4.09, "Lb_Bh_Ki26": 0.2, "Lb_Bh_Ka26": 0.25, "Lb_Dr_Ki26": 0.0, "Lb_Dr_Ka26": 0.0, "Lb_Tr_Ki26": 0.5, "Lb_Tr_Ka26": 0.4, "Lb_TS_Ki26": 0.0, "Lb_TS_Ka26": 0.0, "Lb_Med_26": 0.0, "Lbr_Jbt_26": 5.44, "Bgn_Ats_26": "GTP", "Jns_Jbt_26": "STANDAR", "Thn_Bgn_26": "1983", "BA_26": "2", "LNT_26": "2", "BB_26": "0", "DAS_26": "1", "OP_26": "1", "UT_26": "0", "GR_26": "0", "LB_26": "0", "JBT_26": "2", "Tp_Lnts_26": "SUNGAI", "Dt_Lnts_26": "SUNGAI LURUS (STRAIGHT)", "Pnangnn_26": "RUTIN", "Pmriksn_26": "RUTIN", "Pnglola_26": "BPJN NUSA TENGGARA BARAT", "Satkr_ID26": "693916", "PPK_Name26": "PPK 3.2", "Traffic_26": null, "VCR_26": "0.0961", "AADT_26": "1065.9", "Tipe_Jb_26": null, "Lat_26": -8.2959699630700001, "Long_26": 117.770080566, "Tgl_Ins_26": "7\/2\/2024", "Ket_26": null }, "geometry": { "type": "Point", "coordinates": [ 117.770080566, -8.29596996307 ] } },
{ "type": "Feature", "properties": { "KDRUAS_UPD": "42049", "NOJBT_UPD": "42.049.010.0", "NM_RUAS_UP": "DOROPATI - LB. KENANGA", "NM_JBT_UPD": "KALO", "PROVINSI": "NUSA TENGGARA BARAT", "No_Prov_26": "42", "ID_Jbt_26": "4200607", "Kd_Ruas_26": "42049", "Suffix_26": null, "Nm_Ruas_26": "DOROPATI - LB. KENANGA", "Lintas_26": "NON LINTAS", "No_Jbt_26": "42.049.010.0", "Nm_Jbt_26": "KALO", "Status_26": "N", "Fungsi_26": "K1", "Lks_Dr_26": "RBA", "Lks_km_26": 1712.0, "F_STA_26": "1040", "Cadin_26": "DOM", "Pjg_Jbt_26": 10.5, "Btg_Pjg_26": 10.2, "Jml_Btg_26": "1", "Lb_Jl_Ms26": 6.0, "Lb_Jl_Kl26": 6.0, "Lb_Lalin26": 3.78, "Lb_Bh_Ki26": 0.28, "Lb_Bh_Ka26": 0.2, "Lb_Dr_Ki26": 0.15, "Lb_Dr_Ka26": 0.15, "Lb_Tr_Ki26": 0.0, "Lb_Tr_Ka26": 0.0, "Lb_TS_Ki26": 0.32, "Lb_TS_Ka26": 0.29, "Lb_Med_26": 0.0, "Lbr_Jbt_26": 5.17, "Bgn_Ats_26": "GTP", "Jns_Jbt_26": "STANDAR", "Thn_Bgn_26": "1983", "BA_26": "2", "LNT_26": "2", "BB_26": "1", "DAS_26": "0", "OP_26": "1", "UT_26": "0", "GR_26": "0", "LB_26": "0", "JBT_26": "2", "Tp_Lnts_26": "SUNGAI", "Dt_Lnts_26": "SUNGAI BERKELOK (MEANDERING)", "Pnangnn_26": "RUTIN", "Pmriksn_26": "RUTIN", "Pnglola_26": "BPJN NUSA TENGGARA BARAT", "Satkr_ID26": "693916", "PPK_Name26": "PPK 3.2", "Traffic_26": null, "VCR_26": "0.0961", "AADT_26": "1065.9", "Tipe_Jb_26": null, "Lat_26": -8.2827100753800007, "Long_26": 117.763122559, "Tgl_Ins_26": "5\/30\/2024", "Ket_26": null }, "geometry": { "type": "Point", "coordinates": [ 117.763122559, -8.282710075380001 ] } },
{ "type": "Feature", "properties": { "KDRUAS_UPD": "42049", "NOJBT_UPD": "42.049.011.0", "NM_RUAS_UP": "DOROPATI - LB. KENANGA", "NM_JBT_UPD": "WILA", "PROVINSI": "NUSA TENGGARA BARAT", "No_Prov_26": "42", "ID_Jbt_26": "4200608", "Kd_Ruas_26": "42049", "Suffix_26": null, "Nm_Ruas_26": "DOROPATI - LB. KENANGA", "Lintas_26": "NON LINTAS", "No_Jbt_26": "42.049.011.0", "Nm_Jbt_26": "WILA", "Status_26": "N", "Fungsi_26": "K1", "Lks_Dr_26": "RBA", "Lks_km_26": 1757.0, "F_STA_26": "1450", "Cadin_26": "DOM", "Pjg_Jbt_26": 8.2, "Btg_Pjg_26": 8.0, "Jml_Btg_26": "1", "Lb_Jl_Ms26": 4.26, "Lb_Jl_Kl26": 4.26, "Lb_Lalin26": 4.38, "Lb_Bh_Ki26": 0.0, "Lb_Bh_Ka26": 0.0, "Lb_Dr_Ki26": 0.0, "Lb_Dr_Ka26": 0.0, "Lb_Tr_Ki26": 0.52, "Lb_Tr_Ka26": 0.51, "Lb_TS_Ki26": 0.0, "Lb_TS_Ka26": 0.0, "Lb_Med_26": 0.0, "Lbr_Jbt_26": 5.41, "Bgn_Ats_26": "GTP", "Jns_Jbt_26": "STANDAR", "Thn_Bgn_26": "1985", "BA_26": "2", "LNT_26": "2", "BB_26": "1", "DAS_26": "1", "OP_26": "1", "UT_26": "0", "GR_26": "0", "LB_26": "0", "JBT_26": "2", "Tp_Lnts_26": "SUNGAI", "Dt_Lnts_26": "SUNGAI LURUS (STRAIGHT)", "Pnangnn_26": "RUTIN", "Pmriksn_26": "RUTIN", "Pnglola_26": "BPJN NUSA TENGGARA BARAT", "Satkr_ID26": "693916", "PPK_Name26": "PPK 3.2", "Traffic_26": null, "VCR_26": "0.0961", "AADT_26": "1065.9", "Tipe_Jb_26": null, "Lat_26": -8.2598695754999998, "Long_26": 117.73628234900001, "Tgl_Ins_26": "7\/2\/2024", "Ket_26": null }, "geometry": { "type": "Point", "coordinates": [ 117.736282349, -8.2598695755 ] } },
{ "type": "Feature", "properties": { "KDRUAS_UPD": "42049", "NOJBT_UPD": "42.049.012.0", "NM_RUAS_UP": "DOROPATI - LB. KENANGA", "NM_JBT_UPD": "SOGA I", "PROVINSI": "NUSA TENGGARA BARAT", "No_Prov_26": "42", "ID_Jbt_26": "4200609", "Kd_Ruas_26": "42049", "Suffix_26": null, "Nm_Ruas_26": "DOROPATI - LB. KENANGA", "Lintas_26": "NON LINTAS", "No_Jbt_26": "42.049.012.0", "Nm_Jbt_26": "SOGA I", "Status_26": "N", "Fungsi_26": "K1", "Lks_Dr_26": "RBA", "Lks_km_26": 1763.0, "F_STA_26": "1520", "Cadin_26": "DOM", "Pjg_Jbt_26": 11.0, "Btg_Pjg_26": 10.7, "Jml_Btg_26": "1", "Lb_Jl_Ms26": 4.52, "Lb_Jl_Kl26": 4.52, "Lb_Lalin26": 4.64, "Lb_Bh_Ki26": 0.0, "Lb_Bh_Ka26": 0.0, "Lb_Dr_Ki26": 0.0, "Lb_Dr_Ka26": 0.0, "Lb_Tr_Ki26": 0.55, "Lb_Tr_Ka26": 0.45, "Lb_TS_Ki26": 0.0, "Lb_TS_Ka26": 0.0, "Lb_Med_26": 0.0, "Lbr_Jbt_26": 5.64, "Bgn_Ats_26": "GTP", "Jns_Jbt_26": "STANDAR", "Thn_Bgn_26": "1984", "BA_26": "2", "LNT_26": "2", "BB_26": "2", "DAS_26": "1", "OP_26": "1", "UT_26": "0", "GR_26": "0", "LB_26": "0", "JBT_26": "2", "Tp_Lnts_26": "SUNGAI", "Dt_Lnts_26": "SUNGAI LURUS (STRAIGHT)", "Pnangnn_26": "RUTIN", "Pmriksn_26": "RUTIN", "Pnglola_26": "BPJN NUSA TENGGARA BARAT", "Satkr_ID26": "693916", "PPK_Name26": "PPK 3.2", "Traffic_26": null, "VCR_26": "0.0961", "AADT_26": "1065.9", "Tipe_Jb_26": null, "Lat_26": -8.2549800872799999, "Long_26": 117.73326873800002, "Tgl_Ins_26": "5\/29\/2024", "Ket_26": null }, "geometry": { "type": "Point", "coordinates": [ 117.733268738, -8.25498008728 ] } },
{ "type": "Feature", "properties": { "KDRUAS_UPD": "42049", "NOJBT_UPD": "42.049.013.0", "NM_RUAS_UP": "DOROPATI - LB. KENANGA", "NM_JBT_UPD": "SOGA II", "PROVINSI": "NUSA TENGGARA BARAT", "No_Prov_26": "42", "ID_Jbt_26": "4200610", "Kd_Ruas_26": "42049", "Suffix_26": null, "Nm_Ruas_26": "DOROPATI - LB. KENANGA", "Lintas_26": "NON LINTAS", "No_Jbt_26": "42.049.013.0", "Nm_Jbt_26": "SOGA II", "Status_26": "N", "Fungsi_26": "K1", "Lks_Dr_26": "RBA", "Lks_km_26": 1769.0, "F_STA_26": "1580", "Cadin_26": "DOM", "Pjg_Jbt_26": 8.8, "Btg_Pjg_26": 2.54, "Jml_Btg_26": "3", "Lb_Jl_Ms26": 6.06, "Lb_Jl_Kl26": 6.06, "Lb_Lalin26": 6.18, "Lb_Bh_Ki26": 0.0, "Lb_Bh_Ka26": 0.0, "Lb_Dr_Ki26": 0.0, "Lb_Dr_Ka26": 0.0, "Lb_Tr_Ki26": 0.7, "Lb_Tr_Ka26": 1.06, "Lb_TS_Ki26": 0.21, "Lb_TS_Ka26": 0.22, "Lb_Med_26": 0.0, "Lbr_Jbt_26": 8.37, "Bgn_Ats_26": "BTP", "Jns_Jbt_26": "STANDAR", "Thn_Bgn_26": "1980", "BA_26": "0", "LNT_26": "0", "BB_26": "0", "DAS_26": "1", "OP_26": "0", "UT_26": "2", "GR_26": "0", "LB_26": "0", "JBT_26": "2", "Tp_Lnts_26": "SUNGAI", "Dt_Lnts_26": "SUNGAI LURUS (STRAIGHT)", "Pnangnn_26": "RUTIN", "Pmriksn_26": "RUTIN", "Pnglola_26": "BPJN NUSA TENGGARA BARAT", "Satkr_ID26": "693916", "PPK_Name26": "PPK 3.2", "Traffic_26": null, "VCR_26": "0.0961", "AADT_26": "1065.9", "Tipe_Jb_26": null, "Lat_26": -8.2514400482199992, "Long_26": 117.72914123499999, "Tgl_Ins_26": "5\/29\/2024", "Ket_26": null }, "geometry": { "type": "Point", "coordinates": [ 117.729141235, -8.251440048219999 ] } },
{ "type": "Feature", "properties": { "KDRUAS_UPD": "42049", "NOJBT_UPD": "42.049.014.0", "NM_RUAS_UP": "DOROPATI - LB. KENANGA", "NM_JBT_UPD": "PEKAT I", "PROVINSI": "NUSA TENGGARA BARAT", "No_Prov_26": "42", "ID_Jbt_26": "4200611", "Kd_Ruas_26": "42049", "Suffix_26": null, "Nm_Ruas_26": "DOROPATI - LB. KENANGA", "Lintas_26": "NON LINTAS", "No_Jbt_26": "42.049.014.0", "Nm_Jbt_26": "PEKAT I", "Status_26": "N", "Fungsi_26": "K1", "Lks_Dr_26": "RBA", "Lks_km_26": 1794.0, "F_STA_26": "1820", "Cadin_26": "DOM", "Pjg_Jbt_26": 21.2, "Btg_Pjg_26": 20.9, "Jml_Btg_26": "1", "Lb_Jl_Ms26": 4.68, "Lb_Jl_Kl26": 4.68, "Lb_Lalin26": 4.8, "Lb_Bh_Ki26": 0.0, "Lb_Bh_Ka26": 0.0, "Lb_Dr_Ki26": 0.8, "Lb_Dr_Ka26": 0.9, "Lb_Tr_Ki26": 0.75, "Lb_Tr_Ka26": 0.7, "Lb_TS_Ki26": 0.0, "Lb_TS_Ka26": 0.0, "Lb_Med_26": 0.0, "Lbr_Jbt_26": 7.95, "Bgn_Ats_26": "GTP", "Jns_Jbt_26": "STANDAR", "Thn_Bgn_26": "1985", "BA_26": "2", "LNT_26": "2", "BB_26": "1", "DAS_26": "1", "OP_26": "1", "UT_26": "0", "GR_26": "0", "LB_26": "0", "JBT_26": "2", "Tp_Lnts_26": "SUNGAI", "Dt_Lnts_26": "SUNGAI LURUS (STRAIGHT)", "Pnangnn_26": "RUTIN", "Pmriksn_26": "RUTIN", "Pnglola_26": "BPJN NUSA TENGGARA BARAT", "Satkr_ID26": "693916", "PPK_Name26": "PPK 3.2", "Traffic_26": null, "VCR_26": "0.0961", "AADT_26": "1065.9", "Tipe_Jb_26": null, "Lat_26": -8.2335700988799996, "Long_26": 117.725898743, "Tgl_Ins_26": "5\/29\/2024", "Ket_26": null }, "geometry": { "type": "Point", "coordinates": [ 117.725898743, -8.23357009888 ] } },
{ "type": "Feature", "properties": { "KDRUAS_UPD": "42049", "NOJBT_UPD": "42.049.015.0", "NM_RUAS_UP": "DOROPATI - LB. KENANGA", "NM_JBT_UPD": "PEKAT II", "PROVINSI": "NUSA TENGGARA BARAT", "No_Prov_26": "42", "ID_Jbt_26": "4200612", "Kd_Ruas_26": "42049", "Suffix_26": null, "Nm_Ruas_26": "DOROPATI - LB. KENANGA", "Lintas_26": "NON LINTAS", "No_Jbt_26": "42.049.015.0", "Nm_Jbt_26": "PEKAT II", "Status_26": "N", "Fungsi_26": "K1", "Lks_Dr_26": "RBA", "Lks_km_26": 1805.0, "F_STA_26": "1940", "Cadin_26": "DOM", "Pjg_Jbt_26": 8.0, "Btg_Pjg_26": 7.7, "Jml_Btg_26": "1", "Lb_Jl_Ms26": 4.57, "Lb_Jl_Kl26": 4.57, "Lb_Lalin26": 4.69, "Lb_Bh_Ki26": 0.0, "Lb_Bh_Ka26": 0.0, "Lb_Dr_Ki26": 0.81, "Lb_Dr_Ka26": 0.83, "Lb_Tr_Ki26": 0.7, "Lb_Tr_Ka26": 0.72, "Lb_TS_Ki26": 0.0, "Lb_TS_Ka26": 0.0, "Lb_Med_26": 0.0, "Lbr_Jbt_26": 7.75, "Bgn_Ats_26": "GTP", "Jns_Jbt_26": "STANDAR", "Thn_Bgn_26": "1985", "BA_26": "2", "LNT_26": "2", "BB_26": "1", "DAS_26": "1", "OP_26": "2", "UT_26": "0", "GR_26": "0", "LB_26": "0", "JBT_26": "2", "Tp_Lnts_26": "SUNGAI", "Dt_Lnts_26": "SUNGAI LURUS (STRAIGHT)", "Pnangnn_26": "RUTIN", "Pmriksn_26": "RUTIN", "Pnglola_26": "BPJN NUSA TENGGARA BARAT", "Satkr_ID26": "693916", "PPK_Name26": "PPK 3.2", "Traffic_26": null, "VCR_26": "0.0961", "AADT_26": "1065.9", "Tipe_Jb_26": null, "Lat_26": -8.2245998382599996, "Long_26": 117.721420288, "Tgl_Ins_26": "5\/30\/2024", "Ket_26": null }, "geometry": { "type": "Point", "coordinates": [ 117.721420288, -8.22459983826 ] } },
{ "type": "Feature", "properties": { "KDRUAS_UPD": "42049", "NOJBT_UPD": "42.049.016.0", "NM_RUAS_UP": "DOROPATI - LB. KENANGA", "NM_JBT_UPD": "PEKAT III", "PROVINSI": "NUSA TENGGARA BARAT", "No_Prov_26": "42", "ID_Jbt_26": "4200613", "Kd_Ruas_26": "42049", "Suffix_26": null, "Nm_Ruas_26": "DOROPATI - LB. KENANGA", "Lintas_26": "NON LINTAS", "No_Jbt_26": "42.049.016.0", "Nm_Jbt_26": "PEKAT III", "Status_26": "N", "Fungsi_26": "K1", "Lks_Dr_26": "RBA", "Lks_km_26": 1808.0, "F_STA_26": "1970", "Cadin_26": "DOM", "Pjg_Jbt_26": 7.0, "Btg_Pjg_26": 6.7, "Jml_Btg_26": "1", "Lb_Jl_Ms26": 4.35, "Lb_Jl_Kl26": 4.35, "Lb_Lalin26": 4.47, "Lb_Bh_Ki26": 0.0, "Lb_Bh_Ka26": 0.0, "Lb_Dr_Ki26": 0.0, "Lb_Dr_Ka26": 0.0, "Lb_Tr_Ki26": 0.75, "Lb_Tr_Ka26": 0.6, "Lb_TS_Ki26": 0.0, "Lb_TS_Ka26": 0.0, "Lb_Med_26": 0.0, "Lbr_Jbt_26": 5.82, "Bgn_Ats_26": "GTP", "Jns_Jbt_26": "STANDAR", "Thn_Bgn_26": "1985", "BA_26": "2", "LNT_26": "2", "BB_26": "2", "DAS_26": "1", "OP_26": "0", "UT_26": "0", "GR_26": "0", "LB_26": "0", "JBT_26": "2", "Tp_Lnts_26": "SUNGAI", "Dt_Lnts_26": "SUNGAI LURUS (STRAIGHT)", "Pnangnn_26": "RUTIN", "Pmriksn_26": "RUTIN", "Pnglola_26": "BPJN NUSA TENGGARA BARAT", "Satkr_ID26": "693916", "PPK_Name26": "PPK 3.2", "Traffic_26": null, "VCR_26": "0.0961", "AADT_26": "1065.9", "Tipe_Jb_26": null, "Lat_26": -8.2224302291899996, "Long_26": 117.719367981, "Tgl_Ins_26": "5\/30\/2024", "Ket_26": null }, "geometry": { "type": "Point", "coordinates": [ 117.719367981, -8.22243022919 ] } },
{ "type": "Feature", "properties": { "KDRUAS_UPD": "42049", "NOJBT_UPD": "42.049.017.0", "NM_RUAS_UP": "DOROPATI - LB. KENANGA", "NM_JBT_UPD": "CALABAI I", "PROVINSI": "NUSA TENGGARA BARAT", "No_Prov_26": "42", "ID_Jbt_26": "4200614", "Kd_Ruas_26": "42049", "Suffix_26": null, "Nm_Ruas_26": "DOROPATI - LB. KENANGA", "Lintas_26": "NON LINTAS", "No_Jbt_26": "42.049.017.0", "Nm_Jbt_26": "CALABAI I", "Status_26": "N", "Fungsi_26": "K1", "Lks_Dr_26": "RBA", "Lks_km_26": 1838.0, "F_STA_26": "2170", "Cadin_26": "DOM", "Pjg_Jbt_26": 8.0, "Btg_Pjg_26": 7.7, "Jml_Btg_26": "1", "Lb_Jl_Ms26": 4.1, "Lb_Jl_Kl26": 4.1, "Lb_Lalin26": 4.22, "Lb_Bh_Ki26": 0.0, "Lb_Bh_Ka26": 0.0, "Lb_Dr_Ki26": 0.3, "Lb_Dr_Ka26": 0.22, "Lb_Tr_Ki26": 0.47, "Lb_Tr_Ka26": 0.47, "Lb_TS_Ki26": 0.0, "Lb_TS_Ka26": 0.0, "Lb_Med_26": 0.0, "Lbr_Jbt_26": 5.68, "Bgn_Ats_26": "GTP", "Jns_Jbt_26": "STANDAR", "Thn_Bgn_26": "1985", "BA_26": "2", "LNT_26": "2", "BB_26": "2", "DAS_26": "2", "OP_26": "3", "UT_26": "1", "GR_26": "0", "LB_26": "0", "JBT_26": "3", "Tp_Lnts_26": "SUNGAI", "Dt_Lnts_26": "SUNGAI LURUS (STRAIGHT)", "Pnangnn_26": "RUTIN", "Pmriksn_26": "RUTIN", "Pnglola_26": "BPJN NUSA TENGGARA BARAT", "Satkr_ID26": "693916", "PPK_Name26": "PPK 3.2", "Traffic_26": null, "VCR_26": "0.0961", "AADT_26": "1065.9", "Tipe_Jb_26": null, "Lat_26": -8.2093801498399994, "Long_26": 117.71021270800001, "Tgl_Ins_26": "6\/13\/2026", "Ket_26": null }, "geometry": { "type": "Point", "coordinates": [ 117.710212708, -8.209380149839999 ] } },
{ "type": "Feature", "properties": { "KDRUAS_UPD": "42049", "NOJBT_UPD": "42.049.018.0", "NM_RUAS_UP": "DOROPATI - LB. KENANGA", "NM_JBT_UPD": "CALABAI II", "PROVINSI": "NUSA TENGGARA BARAT", "No_Prov_26": "42", "ID_Jbt_26": "4200615", "Kd_Ruas_26": "42049", "Suffix_26": null, "Nm_Ruas_26": "DOROPATI - LB. KENANGA", "Lintas_26": "NON LINTAS", "No_Jbt_26": "42.049.018.0", "Nm_Jbt_26": "CALABAI II", "Status_26": "N", "Fungsi_26": "K1", "Lks_Dr_26": "RBA", "Lks_km_26": 1831.0, "F_STA_26": "2200", "Cadin_26": "DOM", "Pjg_Jbt_26": 10.5, "Btg_Pjg_26": 10.2, "Jml_Btg_26": "1", "Lb_Jl_Ms26": 4.3, "Lb_Jl_Kl26": 4.3, "Lb_Lalin26": 4.42, "Lb_Bh_Ki26": 0.0, "Lb_Bh_Ka26": 0.0, "Lb_Dr_Ki26": 0.2, "Lb_Dr_Ka26": 0.3, "Lb_Tr_Ki26": 0.43, "Lb_Tr_Ka26": 0.41, "Lb_TS_Ki26": 0.0, "Lb_TS_Ka26": 0.0, "Lb_Med_26": 0.0, "Lbr_Jbt_26": 5.76, "Bgn_Ats_26": "GTP", "Jns_Jbt_26": "STANDAR", "Thn_Bgn_26": "1985", "BA_26": "2", "LNT_26": "2", "BB_26": "2", "DAS_26": "2", "OP_26": "1", "UT_26": "0", "GR_26": "0", "LB_26": "0", "JBT_26": "2", "Tp_Lnts_26": "SUNGAI", "Dt_Lnts_26": "SUNGAI LURUS (STRAIGHT)", "Pnangnn_26": "RUTIN", "Pmriksn_26": "RUTIN", "Pnglola_26": "BPJN NUSA TENGGARA BARAT", "Satkr_ID26": "693916", "PPK_Name26": "PPK 3.2", "Traffic_26": null, "VCR_26": "0.0961", "AADT_26": "1065.9", "Tipe_Jb_26": null, "Lat_26": -8.2065801620500007, "Long_26": 117.710960388, "Tgl_Ins_26": "5\/30\/2024", "Ket_26": null }, "geometry": { "type": "Point", "coordinates": [ 117.710960388, -8.206580162050001 ] } },
{ "type": "Feature", "properties": { "KDRUAS_UPD": "42049", "NOJBT_UPD": "42.049.019.0", "NM_RUAS_UP": "DOROPATI - LB. KENANGA", "NM_JBT_UPD": "KARUMBO", "PROVINSI": "NUSA TENGGARA BARAT", "No_Prov_26": "42", "ID_Jbt_26": "4200616", "Kd_Ruas_26": "42049", "Suffix_26": null, "Nm_Ruas_26": "DOROPATI - LB. KENANGA", "Lintas_26": "NON LINTAS", "No_Jbt_26": "42.049.019.0", "Nm_Jbt_26": "KARUMBO", "Status_26": "N", "Fungsi_26": "K1", "Lks_Dr_26": "RBA", "Lks_km_26": 1862.0, "F_STA_26": "2500", "Cadin_26": "DOM", "Pjg_Jbt_26": 11.3, "Btg_Pjg_26": 11.0, "Jml_Btg_26": "1", "Lb_Jl_Ms26": 4.3, "Lb_Jl_Kl26": 4.3, "Lb_Lalin26": 4.42, "Lb_Bh_Ki26": 0.0, "Lb_Bh_Ka26": 0.0, "Lb_Dr_Ki26": 0.0, "Lb_Dr_Ka26": 0.0, "Lb_Tr_Ki26": 0.47, "Lb_Tr_Ka26": 0.86, "Lb_TS_Ki26": 0.0, "Lb_TS_Ka26": 0.0, "Lb_Med_26": 0.0, "Lbr_Jbt_26": 5.75, "Bgn_Ats_26": "GTP", "Jns_Jbt_26": "STANDAR", "Thn_Bgn_26": "1989", "BA_26": "2", "LNT_26": "2", "BB_26": "1", "DAS_26": "1", "OP_26": "0", "UT_26": "0", "GR_26": "0", "LB_26": "0", "JBT_26": "2", "Tp_Lnts_26": "SUNGAI", "Dt_Lnts_26": "SUNGAI BERKELOK (MEANDERING)", "Pnangnn_26": "RUTIN", "Pmriksn_26": "RUTIN", "Pnglola_26": "BPJN NUSA TENGGARA BARAT", "Satkr_ID26": "693916", "PPK_Name26": "PPK 3.2", "Traffic_26": null, "VCR_26": "0.0961", "AADT_26": "1065.9", "Tipe_Jb_26": null, "Lat_26": -8.1815795898400001, "Long_26": 117.71784973099999, "Tgl_Ins_26": "5\/30\/2024", "Ket_26": null }, "geometry": { "type": "Point", "coordinates": [ 117.717849731, -8.18157958984 ] } },
{ "type": "Feature", "properties": { "KDRUAS_UPD": "42049", "NOJBT_UPD": "42.049.020.0", "NM_RUAS_UP": "DOROPATI - LB. KENANGA", "NM_JBT_UPD": "NANGA MIRO I", "PROVINSI": "NUSA TENGGARA BARAT", "No_Prov_26": "42", "ID_Jbt_26": "4200617", "Kd_Ruas_26": "42049", "Suffix_26": null, "Nm_Ruas_26": "DOROPATI - LB. KENANGA", "Lintas_26": "NON LINTAS", "No_Jbt_26": "42.049.020.0", "Nm_Jbt_26": "NANGA MIRO I", "Status_26": "N", "Fungsi_26": "K1", "Lks_Dr_26": "RBA", "Lks_km_26": 1907.0, "F_STA_26": "2980", "Cadin_26": "DOM", "Pjg_Jbt_26": 25.6, "Btg_Pjg_26": 25.35, "Jml_Btg_26": "1", "Lb_Jl_Ms26": 5.62, "Lb_Jl_Kl26": 5.62, "Lb_Lalin26": 5.74, "Lb_Bh_Ki26": 0.73, "Lb_Bh_Ka26": 0.55, "Lb_Dr_Ki26": 0.28, "Lb_Dr_Ka26": 0.21, "Lb_Tr_Ki26": 0.95, "Lb_Tr_Ka26": 0.95, "Lb_TS_Ki26": 0.25, "Lb_TS_Ka26": 0.25, "Lb_Med_26": 0.0, "Lbr_Jbt_26": 9.91, "Bgn_Ats_26": "GPP", "Jns_Jbt_26": "STANDAR", "Thn_Bgn_26": "2014", "BA_26": "2", "LNT_26": "2", "BB_26": "1", "DAS_26": "1", "OP_26": "0", "UT_26": "0", "GR_26": "0", "LB_26": "0", "JBT_26": "2", "Tp_Lnts_26": "SUNGAI", "Dt_Lnts_26": "SUNGAI LURUS (STRAIGHT)", "Pnangnn_26": "RUTIN", "Pmriksn_26": "RUTIN", "Pnglola_26": "BPJN NUSA TENGGARA BARAT", "Satkr_ID26": "693916", "PPK_Name26": "PPK 3.2", "Traffic_26": null, "VCR_26": "0.0961", "AADT_26": "1065.9", "Tipe_Jb_26": null, "Lat_26": -8.1599397659299999, "Long_26": 117.73744201699999, "Tgl_Ins_26": "5\/30\/2024", "Ket_26": null }, "geometry": { "type": "Point", "coordinates": [ 117.737442017, -8.15993976593 ] } },
{ "type": "Feature", "properties": { "KDRUAS_UPD": "42049", "NOJBT_UPD": "42.049.021.0", "NM_RUAS_UP": "DOROPATI - LB. KENANGA", "NM_JBT_UPD": "NANGA MIRO II", "PROVINSI": "NUSA TENGGARA BARAT", "No_Prov_26": "42", "ID_Jbt_26": "4200618", "Kd_Ruas_26": "42049", "Suffix_26": null, "Nm_Ruas_26": "DOROPATI - LB. KENANGA", "Lintas_26": "NON LINTAS", "No_Jbt_26": "42.049.021.0", "Nm_Jbt_26": "NANGA MIRO II", "Status_26": "N", "Fungsi_26": "K1", "Lks_Dr_26": "RBA", "Lks_km_26": 1913.0, "F_STA_26": "3050", "Cadin_26": "DOM", "Pjg_Jbt_26": 21.7, "Btg_Pjg_26": 20.6, "Jml_Btg_26": "1", "Lb_Jl_Ms26": 5.83, "Lb_Jl_Kl26": 5.83, "Lb_Lalin26": 5.95, "Lb_Bh_Ki26": 0.26, "Lb_Bh_Ka26": 0.36, "Lb_Dr_Ki26": 0.2, "Lb_Dr_Ka26": 0.2, "Lb_Tr_Ki26": 0.96, "Lb_Tr_Ka26": 0.98, "Lb_TS_Ki26": 0.25, "Lb_TS_Ka26": 0.26, "Lb_Med_26": 0.0, "Lbr_Jbt_26": 9.42, "Bgn_Ats_26": "GPP", "Jns_Jbt_26": "STANDAR", "Thn_Bgn_26": "2014", "BA_26": "2", "LNT_26": "2", "BB_26": "1", "DAS_26": "1", "OP_26": "0", "UT_26": "0", "GR_26": "0", "LB_26": "0", "JBT_26": "2", "Tp_Lnts_26": "SUNGAI", "Dt_Lnts_26": "SUNGAI LURUS (STRAIGHT)", "Pnangnn_26": "RUTIN", "Pmriksn_26": "RUTIN", "Pnglola_26": "BPJN NUSA TENGGARA BARAT", "Satkr_ID26": "693916", "PPK_Name26": "PPK 3.2", "Traffic_26": null, "VCR_26": "0.0961", "AADT_26": "1065.9", "Tipe_Jb_26": null, "Lat_26": -8.1576499938999998, "Long_26": 117.7423172, "Tgl_Ins_26": "5\/30\/2024", "Ket_26": null }, "geometry": { "type": "Point", "coordinates": [ 117.7423172, -8.1576499939 ] } },
{ "type": "Feature", "properties": { "KDRUAS_UPD": "42049", "NOJBT_UPD": "42.049.022.0", "NM_RUAS_UP": "DOROPATI - LB. KENANGA", "NM_JBT_UPD": "SORI MILA I", "PROVINSI": "NUSA TENGGARA BARAT", "No_Prov_26": "42", "ID_Jbt_26": "4200619", "Kd_Ruas_26": "42049", "Suffix_26": null, "Nm_Ruas_26": "DOROPATI - LB. KENANGA", "Lintas_26": "NON LINTAS", "No_Jbt_26": "42.049.022.0", "Nm_Jbt_26": "SORI MILA I", "Status_26": "N", "Fungsi_26": "K1", "Lks_Dr_26": "RBA", "Lks_km_26": 1948.0, "F_STA_26": "3180", "Cadin_26": "DOM", "Pjg_Jbt_26": 30.0, "Btg_Pjg_26": 29.7, "Jml_Btg_26": "1", "Lb_Jl_Ms26": 6.4, "Lb_Jl_Kl26": 6.4, "Lb_Lalin26": 6.52, "Lb_Bh_Ki26": 0.22, "Lb_Bh_Ka26": 0.26, "Lb_Dr_Ki26": 0.2, "Lb_Dr_Ka26": 0.15, "Lb_Tr_Ki26": 0.88, "Lb_Tr_Ka26": 0.88, "Lb_TS_Ki26": 0.26, "Lb_TS_Ka26": 0.25, "Lb_Med_26": 0.0, "Lbr_Jbt_26": 9.62, "Bgn_Ats_26": "GPP", "Jns_Jbt_26": "STANDAR", "Thn_Bgn_26": "2019", "BA_26": "2", "LNT_26": "2", "BB_26": "2", "DAS_26": "1", "OP_26": "1", "UT_26": "0", "GR_26": "0", "LB_26": "0", "JBT_26": "2", "Tp_Lnts_26": "SUNGAI", "Dt_Lnts_26": "SUNGAI LURUS (STRAIGHT)", "Pnangnn_26": "RUTIN", "Pmriksn_26": "RUTIN", "Pnglola_26": "BPJN NUSA TENGGARA BARAT", "Satkr_ID26": "693916", "PPK_Name26": "PPK 3.2", "Traffic_26": null, "VCR_26": "0.0961", "AADT_26": "1065.9", "Tipe_Jb_26": null, "Lat_26": -8.151773, "Long_26": 117.751623, "Tgl_Ins_26": "5\/30\/2024", "Ket_26": null }, "geometry": { "type": "Point", "coordinates": [ 117.751623, -8.151773 ] } },
{ "type": "Feature", "properties": { "KDRUAS_UPD": "42049", "NOJBT_UPD": "42.049.023.0", "NM_RUAS_UP": "DOROPATI - LB. KENANGA", "NM_JBT_UPD": "SORI MILA II", "PROVINSI": "NUSA TENGGARA BARAT", "No_Prov_26": "42", "ID_Jbt_26": "4200620", "Kd_Ruas_26": "42049", "Suffix_26": null, "Nm_Ruas_26": "DOROPATI - LB. KENANGA", "Lintas_26": "NON LINTAS", "No_Jbt_26": "42.049.023.0", "Nm_Jbt_26": "SORI MILA II", "Status_26": "N", "Fungsi_26": "K1", "Lks_Dr_26": "RBA", "Lks_km_26": 1951.0, "F_STA_26": "3360", "Cadin_26": "DOM", "Pjg_Jbt_26": 30.0, "Btg_Pjg_26": 29.7, "Jml_Btg_26": "1", "Lb_Jl_Ms26": 6.15, "Lb_Jl_Kl26": 6.15, "Lb_Lalin26": 6.27, "Lb_Bh_Ki26": 0.48, "Lb_Bh_Ka26": 0.49, "Lb_Dr_Ki26": 0.0, "Lb_Dr_Ka26": 0.0, "Lb_Tr_Ki26": 0.9, "Lb_Tr_Ka26": 0.85, "Lb_TS_Ki26": 0.25, "Lb_TS_Ka26": 0.27, "Lb_Med_26": 0.0, "Lbr_Jbt_26": 9.51, "Bgn_Ats_26": "GPP", "Jns_Jbt_26": "STANDAR", "Thn_Bgn_26": "2020", "BA_26": "2", "LNT_26": "2", "BB_26": "1", "DAS_26": "2", "OP_26": "0", "UT_26": "0", "GR_26": "0", "LB_26": "0", "JBT_26": "2", "Tp_Lnts_26": "SUNGAI", "Dt_Lnts_26": "SUNGAI LURUS (STRAIGHT)", "Pnangnn_26": "RUTIN", "Pmriksn_26": "RUTIN", "Pnglola_26": "BPJN NUSA TENGGARA BARAT", "Satkr_ID26": "693916", "PPK_Name26": "PPK 3.2", "Traffic_26": null, "VCR_26": "0.0961", "AADT_26": "1065.9", "Tipe_Jb_26": null, "Lat_26": -8.1448297500599995, "Long_26": 117.762390137, "Tgl_Ins_26": "5\/30\/2024", "Ket_26": null }, "geometry": { "type": "Point", "coordinates": [ 117.762390137, -8.14482975006 ] } },
{ "type": "Feature", "properties": { "KDRUAS_UPD": "42026", "NOJBT_UPD": "42.026.002.B", "NM_RUAS_UP": "TALABIU - BTS. KOTA BIMA", "NM_JBT_UPD": "PANDA B", "PROVINSI": "NUSA TENGGARA BARAT", "No_Prov_26": "42", "ID_Jbt_26": "4200021", "Kd_Ruas_26": "42026", "Suffix_26": null, "Nm_Ruas_26": "TALABIU - BTS. KOTA BIMA", "Lintas_26": "JALAN LINTAS PULAU SUMBAWA", "No_Jbt_26": "42.026.002.B", "Nm_Jbt_26": "PANDA B", "Status_26": "N", "Fungsi_26": "A", "Lks_Dr_26": "RBA", "Lks_km_26": 135.0, "F_STA_26": "0", "Cadin_26": "BIM", "Pjg_Jbt_26": 25.0, "Btg_Pjg_26": 24.7, "Jml_Btg_26": "1", "Lb_Jl_Ms26": 6.35, "Lb_Jl_Kl26": 6.35, "Lb_Lalin26": 6.47, "Lb_Bh_Ki26": 0.23, "Lb_Bh_Ka26": 0.2, "Lb_Dr_Ki26": 0.1, "Lb_Dr_Ka26": 0.12, "Lb_Tr_Ki26": 0.87, "Lb_Tr_Ka26": 0.89, "Lb_TS_Ki26": 0.27, "Lb_TS_Ka26": 0.26, "Lb_Med_26": 0.0, "Lbr_Jbt_26": 9.41, "Bgn_Ats_26": "GPP", "Jns_Jbt_26": "STANDAR", "Thn_Bgn_26": "2017", "BA_26": "2", "LNT_26": "2", "BB_26": "1", "DAS_26": "1", "OP_26": "0", "UT_26": "0", "GR_26": "0", "LB_26": "0", "JBT_26": "2", "Tp_Lnts_26": "SUNGAI", "Dt_Lnts_26": "SUNGAI LURUS (STRAIGHT)", "Pnangnn_26": "RUTIN", "Pmriksn_26": "RUTIN", "Pnglola_26": "BPJN NUSA TENGGARA BARAT", "Satkr_ID26": "693916", "PPK_Name26": "PPK 3.3", "Traffic_26": null, "VCR_26": "0.1375", "AADT_26": "8294.6", "Tipe_Jb_26": null, "Lat_26": -8.5113683151099995, "Long_26": 118.69564441199999, "Tgl_Ins_26": "5\/31\/2024", "Ket_26": null }, "geometry": { "type": "Point", "coordinates": [ 118.695644411738002, -8.51136831511158 ] } },
{ "type": "Feature", "properties": { "KDRUAS_UPD": "4202711", "NOJBT_UPD": "42.027.002.B.11", "NM_RUAS_UP": "BIMA - RABA (JL. SOEKARNO HATTA)", "NM_JBT_UPD": "GUNUNG DUA B", "PROVINSI": "NUSA TENGGARA BARAT", "No_Prov_26": "42", "ID_Jbt_26": "4200323", "Kd_Ruas_26": "4202711", "Suffix_26": "11", "Nm_Ruas_26": "BIMA - RABA (JL. SOEKARNO HATTA)", "Lintas_26": "JALAN LINTAS PULAU SUMBAWA", "No_Jbt_26": "42.027.002.B.11", "Nm_Jbt_26": "GUNUNG DUA B", "Status_26": "N", "Fungsi_26": "A", "Lks_Dr_26": "RBA", "Lks_km_26": 29.0, "F_STA_26": "300", "Cadin_26": "KBM", "Pjg_Jbt_26": 7.0, "Btg_Pjg_26": 6.7, "Jml_Btg_26": "1", "Lb_Jl_Ms26": 6.2, "Lb_Jl_Kl26": 6.2, "Lb_Lalin26": 6.32, "Lb_Bh_Ki26": 0.2, "Lb_Bh_Ka26": 0.4, "Lb_Dr_Ki26": 0.26, "Lb_Dr_Ka26": 0.2, "Lb_Tr_Ki26": 1.48, "Lb_Tr_Ka26": 1.45, "Lb_TS_Ki26": 0.0, "Lb_TS_Ka26": 0.0, "Lb_Med_26": 0.0, "Lbr_Jbt_26": 10.31, "Bgn_Ats_26": "GTP", "Jns_Jbt_26": "STANDAR", "Thn_Bgn_26": "1996", "BA_26": "2", "LNT_26": "2", "BB_26": "0", "DAS_26": "0", "OP_26": "0", "UT_26": "0", "GR_26": "0", "LB_26": "0", "JBT_26": "2", "Tp_Lnts_26": "SUNGAI", "Dt_Lnts_26": "SUNGAI LURUS (STRAIGHT)", "Pnangnn_26": "RUTIN", "Pmriksn_26": "RUTIN", "Pnglola_26": "BPJN NUSA TENGGARA BARAT", "Satkr_ID26": "693916", "PPK_Name26": "PPK 3.3", "Traffic_26": null, "VCR_26": "0.2441", "AADT_26": "28148", "Tipe_Jb_26": null, "Lat_26": -8.4594097137500004, "Long_26": 118.740600586, "Tgl_Ins_26": "5\/31\/2024", "Ket_26": null }, "geometry": { "type": "Point", "coordinates": [ 118.740600586, -8.45940971375 ] } },
{ "type": "Feature", "properties": { "KDRUAS_UPD": "42020", "NOJBT_UPD": "42.020.002.0", "NM_RUAS_UP": "PAL IV (KM 4.00) - KM 70.00", "NM_JBT_UPD": "AIK JATI", "PROVINSI": "NUSA TENGGARA BARAT", "No_Prov_26": "42", "ID_Jbt_26": "4200178", "Kd_Ruas_26": "42020", "Suffix_26": null, "Nm_Ruas_26": "PAL IV (KM 4.00) - KM 70.00", "Lintas_26": "JALAN LINTAS PULAU SUMBAWA", "No_Jbt_26": "42.020.002.0", "Nm_Jbt_26": "AIK JATI", "Status_26": "N", "Fungsi_26": "A", "Lks_Dr_26": "SBW", "Lks_km_26": 125.0, "F_STA_26": "730", "Cadin_26": "SBW", "Pjg_Jbt_26": 6.2, "Btg_Pjg_26": 5.8, "Jml_Btg_26": "1", "Lb_Jl_Ms26": 6.22, "Lb_Jl_Kl26": 6.22, "Lb_Lalin26": 6.34, "Lb_Bh_Ki26": 0.36, "Lb_Bh_Ka26": 0.3, "Lb_Dr_Ki26": 0.0, "Lb_Dr_Ka26": 0.62, "Lb_Tr_Ki26": 0.43, "Lb_Tr_Ka26": 0.98, "Lb_TS_Ki26": 0.0, "Lb_TS_Ka26": 0.0, "Lb_Med_26": 0.0, "Lbr_Jbt_26": 9.03, "Bgn_Ats_26": "GTP", "Jns_Jbt_26": "STANDAR", "Thn_Bgn_26": "1997", "BA_26": "2", "LNT_26": "2", "BB_26": "1", "DAS_26": "0", "OP_26": "2", "UT_26": "0", "GR_26": "0", "LB_26": "0", "JBT_26": "2", "Tp_Lnts_26": "SUNGAI", "Dt_Lnts_26": "SUNGAI LURUS (STRAIGHT)", "Pnangnn_26": "RUTIN", "Pmriksn_26": "DETAIL", "Pnglola_26": "BPJN NUSA TENGGARA BARAT", "Satkr_ID26": "693915", "PPK_Name26": "PPK 2.3", "Traffic_26": null, "VCR_26": "0.243", "AADT_26": "3698.9", "Tipe_Jb_26": null, "Lat_26": -8.5544395446799992, "Long_26": 117.491317749, "Tgl_Ins_26": "5\/1\/2026", "Ket_26": null }, "geometry": { "type": "Point", "coordinates": [ 117.491317749, -8.554439544679999 ] } },
{ "type": "Feature", "properties": { "KDRUAS_UPD": "42048", "NOJBT_UPD": "42.048.013.1", "NM_RUAS_UP": "HODO - DOROPATI", "NM_JBT_UPD": "BENTENG K.III", "PROVINSI": "NUSA TENGGARA BARAT", "No_Prov_26": "42", "ID_Jbt_26": "4200028", "Kd_Ruas_26": "42048", "Suffix_26": null, "Nm_Ruas_26": "HODO - DOROPATI", "Lintas_26": "NON LINTAS", "No_Jbt_26": "42.048.013.1", "Nm_Jbt_26": "BENTENG K.III", "Status_26": "N", "Fungsi_26": "K1", "Lks_Dr_26": "RBA", "Lks_km_26": 13706.0, "F_STA_26": "850", "Cadin_26": "DOM", "Pjg_Jbt_26": 10.8, "Btg_Pjg_26": 10.5, "Jml_Btg_26": "1", "Lb_Jl_Ms26": 6.28, "Lb_Jl_Kl26": 6.28, "Lb_Lalin26": 6.4, "Lb_Bh_Ki26": 0.28, "Lb_Bh_Ka26": 0.34, "Lb_Dr_Ki26": 0.0, "Lb_Dr_Ka26": 0.0, "Lb_Tr_Ki26": 1.07, "Lb_Tr_Ka26": 1.03, "Lb_TS_Ki26": 0.29, "Lb_TS_Ka26": 0.28, "Lb_Med_26": 0.0, "Lbr_Jbt_26": 9.69, "Bgn_Ats_26": "VPP", "Jns_Jbt_26": "STANDAR", "Thn_Bgn_26": "2019", "BA_26": "2", "LNT_26": "2", "BB_26": "1", "DAS_26": "0", "OP_26": "0", "UT_26": "0", "GR_26": "0", "LB_26": "0", "JBT_26": "2", "Tp_Lnts_26": "SUNGAI", "Dt_Lnts_26": "SUNGAI LURUS (STRAIGHT)", "Pnangnn_26": "RUTIN", "Pmriksn_26": "RUTIN", "Pnglola_26": "BPJN NUSA TENGGARA BARAT", "Satkr_ID26": "693916", "PPK_Name26": "PPK 3.2", "Traffic_26": null, "VCR_26": "0.0755", "AADT_26": "799.7", "Tipe_Jb_26": null, "Lat_26": -8.4548559188799999, "Long_26": 118.00038146999998, "Tgl_Ins_26": "6\/1\/2024", "Ket_26": null }, "geometry": { "type": "Point", "coordinates": [ 118.00038147, -8.45485591888 ] } },
{ "type": "Feature", "properties": { "KDRUAS_UPD": "42024", "NOJBT_UPD": "42.024.006.B", "NM_RUAS_UP": "BTS. KOTA DOMPU - SILA", "NM_JBT_UPD": "NDANO I B", "PROVINSI": "NUSA TENGGARA BARAT", "No_Prov_26": "42", "ID_Jbt_26": "4200034", "Kd_Ruas_26": "42024", "Suffix_26": null, "Nm_Ruas_26": "BTS. KOTA DOMPU - SILA", "Lintas_26": "JALAN LINTAS PULAU SUMBAWA", "No_Jbt_26": "42.024.006.B", "Nm_Jbt_26": "NDANO I B", "Status_26": "N", "Fungsi_26": "A", "Lks_Dr_26": "RBA", "Lks_km_26": 487.0, "F_STA_26": "1010", "Cadin_26": "BIM", "Pjg_Jbt_26": 50.0, "Btg_Pjg_26": 49.7, "Jml_Btg_26": "1", "Lb_Jl_Ms26": 6.385, "Lb_Jl_Kl26": 6.385, "Lb_Lalin26": 6.505, "Lb_Bh_Ki26": 0.39, "Lb_Bh_Ka26": 0.34, "Lb_Dr_Ki26": 0.0, "Lb_Dr_Ka26": 0.0, "Lb_Tr_Ki26": 0.92, "Lb_Tr_Ka26": 0.93, "Lb_TS_Ki26": 0.267, "Lb_TS_Ka26": 0.25, "Lb_Med_26": 0.0, "Lbr_Jbt_26": 9.602, "Bgn_Ats_26": "GPP", "Jns_Jbt_26": "STANDAR", "Thn_Bgn_26": "2020", "BA_26": "1", "LNT_26": "1", "BB_26": "1", "DAS_26": "0", "OP_26": "1", "UT_26": "0", "GR_26": "0", "LB_26": "0", "JBT_26": "1", "Tp_Lnts_26": "SUNGAI", "Dt_Lnts_26": "SUNGAI BERKELOK (MEANDERING)", "Pnangnn_26": "RUTIN", "Pmriksn_26": "RUTIN", "Pnglola_26": "BPJN NUSA TENGGARA BARAT", "Satkr_ID26": "693916", "PPK_Name26": "PPK 3.3", "Traffic_26": null, "VCR_26": "0.3133", "AADT_26": "5241.5", "Tipe_Jb_26": null, "Lat_26": -8.495579, "Long_26": 118.544225, "Tgl_Ins_26": "5\/30\/2024", "Ket_26": null }, "geometry": { "type": "Point", "coordinates": [ 118.544225, -8.495579 ] } },
{ "type": "Feature", "properties": { "KDRUAS_UPD": "42048", "NOJBT_UPD": "42.048.005.1", "NM_RUAS_UP": "HODO - DOROPATI", "NM_JBT_UPD": "PRANGGA PANDA III", "PROVINSI": "NUSA TENGGARA BARAT", "No_Prov_26": "42", "ID_Jbt_26": "4200027", "Kd_Ruas_26": "42048", "Suffix_26": null, "Nm_Ruas_26": "HODO - DOROPATI", "Lintas_26": "NON LINTAS", "No_Jbt_26": "42.048.005.1", "Nm_Jbt_26": "PRANGGA PANDA III", "Status_26": "N", "Fungsi_26": "K1", "Lks_Dr_26": "RBA", "Lks_km_26": 13243.000000000002, "F_STA_26": "520", "Cadin_26": "DOM", "Pjg_Jbt_26": 10.8, "Btg_Pjg_26": 10.55, "Jml_Btg_26": "1", "Lb_Jl_Ms26": 6.325, "Lb_Jl_Kl26": 6.325, "Lb_Lalin26": 6.445, "Lb_Bh_Ki26": 0.29, "Lb_Bh_Ka26": 0.25, "Lb_Dr_Ki26": 0.0, "Lb_Dr_Ka26": 0.0, "Lb_Tr_Ki26": 1.02, "Lb_Tr_Ka26": 1.02, "Lb_TS_Ki26": 0.3, "Lb_TS_Ka26": 0.3, "Lb_Med_26": 0.0, "Lbr_Jbt_26": 9.625, "Bgn_Ats_26": "VPP", "Jns_Jbt_26": "STANDAR", "Thn_Bgn_26": "2019", "BA_26": "1", "LNT_26": "0", "BB_26": "2", "DAS_26": "0", "OP_26": "0", "UT_26": "0", "GR_26": "0", "LB_26": "0", "JBT_26": "2", "Tp_Lnts_26": "SUNGAI", "Dt_Lnts_26": "SUNGAI LURUS (STRAIGHT)", "Pnangnn_26": "RUTIN", "Pmriksn_26": "RUTIN", "Pnglola_26": "BPJN NUSA TENGGARA BARAT", "Satkr_ID26": "693916", "PPK_Name26": "PPK 3.2", "Traffic_26": null, "VCR_26": "0.0755", "AADT_26": "799.7", "Tipe_Jb_26": null, "Lat_26": -8.4465036392199995, "Long_26": 118.02837371800001, "Tgl_Ins_26": "3\/23\/2024", "Ket_26": null }, "geometry": { "type": "Point", "coordinates": [ 118.028373718, -8.446503639219999 ] } },
{ "type": "Feature", "properties": { "KDRUAS_UPD": "4201711", "NOJBT_UPD": "42.017.001.B.11", "NM_RUAS_UP": "JLN. GARUDA (SUMBAWA BESAR)", "NM_JBT_UPD": "PELEMPIT B", "PROVINSI": "NUSA TENGGARA BARAT", "No_Prov_26": "42", "ID_Jbt_26": "4200625", "Kd_Ruas_26": "4201711", "Suffix_26": "11", "Nm_Ruas_26": "JLN. GARUDA 1 (SUMBAWA BESAR)", "Lintas_26": "JALAN LINTAS PULAU SUMBAWA", "No_Jbt_26": "42.017.001.B.11", "Nm_Jbt_26": "PELEMPIT B", "Status_26": "N", "Fungsi_26": "K1", "Lks_Dr_26": "SBW", "Lks_km_26": 16.0, "F_STA_26": "0", "Cadin_26": "SBW", "Pjg_Jbt_26": 70.0, "Btg_Pjg_26": 50.3, "Jml_Btg_26": "2", "Lb_Jl_Ms26": 6.19, "Lb_Jl_Kl26": 6.19, "Lb_Lalin26": 6.31, "Lb_Bh_Ki26": 0.34, "Lb_Bh_Ka26": 0.33, "Lb_Dr_Ki26": 0.0, "Lb_Dr_Ka26": 0.0, "Lb_Tr_Ki26": 1.26, "Lb_Tr_Ka26": 1.18, "Lb_TS_Ki26": 0.26, "Lb_TS_Ka26": 0.26, "Lb_Med_26": 0.0, "Lbr_Jbt_26": 9.94, "Bgn_Ats_26": "GPP", "Jns_Jbt_26": "STANDAR", "Thn_Bgn_26": "2021", "BA_26": "2", "LNT_26": "2", "BB_26": "2", "DAS_26": "0", "OP_26": "0", "UT_26": "0", "GR_26": "0", "LB_26": "0", "JBT_26": "2", "Tp_Lnts_26": "SUNGAI", "Dt_Lnts_26": "SUNGAI LURUS (STRAIGHT)", "Pnangnn_26": "RUTIN", "Pmriksn_26": "RUTIN", "Pnglola_26": "BPJN NUSA TENGGARA BARAT", "Satkr_ID26": "693915", "PPK_Name26": "PPK 2.2", "Traffic_26": null, "VCR_26": "0.2392", "AADT_26": "26158.2", "Tipe_Jb_26": null, "Lat_26": -8.48894024, "Long_26": 117.4169083, "Tgl_Ins_26": "5\/13\/2024", "Ket_26": null }, "geometry": { "type": "Point", "coordinates": [ 117.4169083, -8.48894024 ] } },
{ "type": "Feature", "properties": { "KDRUAS_UPD": "42021", "NOJBT_UPD": "42.021.004.1", "NM_RUAS_UP": "KM. 70.00 - BTS. KAB. DOMPU (KM.130. SBW)", "NM_JBT_UPD": "BAKO II", "PROVINSI": "NUSA TENGGARA BARAT", "No_Prov_26": "42", "ID_Jbt_26": "4200029", "Kd_Ruas_26": "42021", "Suffix_26": null, "Nm_Ruas_26": "KM. 70.00 - BTS. KAB. DOMPU (KM.130. SBW)", "Lintas_26": "JALAN LINTAS PULAU SUMBAWA", "No_Jbt_26": "42.021.004.1", "Nm_Jbt_26": "BAKO II", "Status_26": "N", "Fungsi_26": "A", "Lks_Dr_26": "SBW", "Lks_km_26": 8005.0, "F_STA_26": "1000", "Cadin_26": "SBW", "Pjg_Jbt_26": 10.0, "Btg_Pjg_26": 9.65, "Jml_Btg_26": "1", "Lb_Jl_Ms26": 6.07, "Lb_Jl_Kl26": 6.07, "Lb_Lalin26": 6.19, "Lb_Bh_Ki26": 0.44, "Lb_Bh_Ka26": 0.53, "Lb_Dr_Ki26": 0.0, "Lb_Dr_Ka26": 0.0, "Lb_Tr_Ki26": 0.93, "Lb_Tr_Ka26": 0.97, "Lb_TS_Ki26": 0.35, "Lb_TS_Ka26": 0.34, "Lb_Med_26": 0.0, "Lbr_Jbt_26": 9.75, "Bgn_Ats_26": "VPP", "Jns_Jbt_26": "STANDAR", "Thn_Bgn_26": "2021", "BA_26": "2", "LNT_26": "1", "BB_26": "2", "DAS_26": "2", "OP_26": "0", "UT_26": "0", "GR_26": "0", "LB_26": "0", "JBT_26": "2", "Tp_Lnts_26": "SUNGAI", "Dt_Lnts_26": "SUNGAI LURUS (STRAIGHT)", "Pnangnn_26": "RUTIN", "Pmriksn_26": "DETAIL", "Pnglola_26": "BPJN NUSA TENGGARA BARAT", "Satkr_ID26": "693915", "PPK_Name26": "PPK 2.3", "Traffic_26": null, "VCR_26": "0.1975", "AADT_26": "2855.3", "Tipe_Jb_26": null, "Lat_26": -8.7368087768600002, "Long_26": 117.90058136, "Tgl_Ins_26": "5\/4\/2026", "Ket_26": null }, "geometry": { "type": "Point", "coordinates": [ 117.900581359862997, -8.736808776855471 ] } },
{ "type": "Feature", "properties": { "KDRUAS_UPD": "42034", "NOJBT_UPD": "42.034.001.0", "NM_RUAS_UP": "SENGKOL - KUTA", "NM_JBT_UPD": "NGELEDEK", "PROVINSI": "NUSA TENGGARA BARAT", "No_Prov_26": "42", "ID_Jbt_26": "4200627", "Kd_Ruas_26": "42034", "Suffix_26": null, "Nm_Ruas_26": "SENGKOL - KUTA", "Lintas_26": "NON LINTAS", "No_Jbt_26": "42.034.001.0", "Nm_Jbt_26": "NGELEDEK", "Status_26": "N", "Fungsi_26": "K1", "Lks_Dr_26": "MTR", "Lks_km_26": 4402.0, "F_STA_26": "530", "Cadin_26": "LTH", "Pjg_Jbt_26": 10.0, "Btg_Pjg_26": 9.7, "Jml_Btg_26": "1", "Lb_Jl_Ms26": 6.88, "Lb_Jl_Kl26": 6.88, "Lb_Lalin26": 6.88, "Lb_Bh_Ki26": 0.23, "Lb_Bh_Ka26": 0.15, "Lb_Dr_Ki26": 0.0, "Lb_Dr_Ka26": 0.0, "Lb_Tr_Ki26": 0.98, "Lb_Tr_Ka26": 1.0, "Lb_TS_Ki26": 0.3, "Lb_TS_Ka26": 0.27, "Lb_Med_26": 0.0, "Lbr_Jbt_26": 9.81, "Bgn_Ats_26": "VPP", "Jns_Jbt_26": "STANDAR", "Thn_Bgn_26": "2021", "BA_26": "1", "LNT_26": "0", "BB_26": "0", "DAS_26": "0", "OP_26": "1", "UT_26": "0", "GR_26": "0", "LB_26": "0", "JBT_26": "1", "Tp_Lnts_26": "SUNGAI", "Dt_Lnts_26": "SUNGAI LURUS (STRAIGHT)", "Pnangnn_26": "RUTIN", "Pmriksn_26": "RUTIN", "Pnglola_26": "BPJN NUSA TENGGARA BARAT", "Satkr_ID26": "693914", "PPK_Name26": "PPK 1.1", "Traffic_26": null, "VCR_26": "0.3484", "AADT_26": "5537.1", "Tipe_Jb_26": null, "Lat_26": -8.8478002548199992, "Long_26": 116.28861236600001, "Tgl_Ins_26": "6\/1\/2024", "Ket_26": null }, "geometry": { "type": "Point", "coordinates": [ 116.288612365722997, -8.847800254821779 ] } },
{ "type": "Feature", "properties": { "KDRUAS_UPD": "4202614", "NOJBT_UPD": "42.026.003.0.14", "NM_RUAS_UP": "JLN. PADOLO III (AKSES PELABUHAN BIMA)", "NM_JBT_UPD": "PADOLO III", "PROVINSI": "NUSA TENGGARA BARAT", "No_Prov_26": "42", "ID_Jbt_26": "4200658", "Kd_Ruas_26": "4202614", "Suffix_26": "14", "Nm_Ruas_26": "JLN. PADOLO III (AKSES PELABUHAN BIMA)", "Lintas_26": "JALAN LINTAS PULAU SUMBAWA", "No_Jbt_26": "42.026.003.0.14", "Nm_Jbt_26": "PADOLO III", "Status_26": "N", "Fungsi_26": "A", "Lks_Dr_26": "RBA", "Lks_km_26": 725.0, "F_STA_26": "80", "Cadin_26": "KBM", "Pjg_Jbt_26": 35.5, "Btg_Pjg_26": 35.2, "Jml_Btg_26": "1", "Lb_Jl_Ms26": 7.0, "Lb_Jl_Kl26": 7.0, "Lb_Lalin26": 12.72, "Lb_Bh_Ki26": 0.34, "Lb_Bh_Ka26": 0.38, "Lb_Dr_Ki26": 0.0, "Lb_Dr_Ka26": 0.0, "Lb_Tr_Ki26": 1.93, "Lb_Tr_Ka26": 1.94, "Lb_TS_Ki26": 0.33, "Lb_TS_Ka26": 0.33, "Lb_Med_26": 2.65, "Lbr_Jbt_26": 20.62, "Bgn_Ats_26": "GPP", "Jns_Jbt_26": "STANDAR", "Thn_Bgn_26": "2014", "BA_26": "2", "LNT_26": "2", "BB_26": "2", "DAS_26": "0", "OP_26": "0", "UT_26": "0", "GR_26": "0", "LB_26": "0", "JBT_26": "2", "Tp_Lnts_26": "SUNGAI", "Dt_Lnts_26": "SUNGAI LURUS (STRAIGHT)", "Pnangnn_26": "RUTIN", "Pmriksn_26": "RUTIN", "Pnglola_26": "BPJN NUSA TENGGARA BARAT", "Satkr_ID26": "693916", "PPK_Name26": "PPK 3.3", "Traffic_26": null, "VCR_26": "0.1025", "AADT_26": "10761.9", "Tipe_Jb_26": null, "Lat_26": -8.45814, "Long_26": 118.7177901, "Tgl_Ins_26": "6\/1\/2024", "Ket_26": null }, "geometry": { "type": "Point", "coordinates": [ 118.7177901, -8.45814 ] } },
{ "type": "Feature", "properties": { "KDRUAS_UPD": "42050", "NOJBT_UPD": "42.050.001.A", "NM_RUAS_UP": "BYPASS BIL - MANDALIKA", "NM_JBT_UPD": "TANAH AWU A", "PROVINSI": "NUSA TENGGARA BARAT", "No_Prov_26": "42", "ID_Jbt_26": "4200628", "Kd_Ruas_26": "42050", "Suffix_26": null, "Nm_Ruas_26": "BYPASS BIL - MANDALIKA", "Lintas_26": "NON LINTAS", "No_Jbt_26": "42.050.001.A", "Nm_Jbt_26": "TANAH AWU A", "Status_26": "N", "Fungsi_26": "A", "Lks_Dr_26": "MTR", "Lks_km_26": 34692.0, "F_STA_26": "40", "Cadin_26": "LTH", "Pjg_Jbt_26": 15.8, "Btg_Pjg_26": 15.2, "Jml_Btg_26": "1", "Lb_Jl_Ms26": 12.56, "Lb_Jl_Kl26": 12.56, "Lb_Lalin26": 12.8, "Lb_Bh_Ki26": 0.0, "Lb_Bh_Ka26": 0.47, "Lb_Dr_Ki26": 0.0, "Lb_Dr_Ka26": 0.0, "Lb_Tr_Ki26": 0.88, "Lb_Tr_Ka26": 0.86, "Lb_TS_Ki26": 0.3, "Lb_TS_Ka26": 0.37, "Lb_Med_26": 1.15, "Lbr_Jbt_26": 16.83, "Bgn_Ats_26": "GPP", "Jns_Jbt_26": "STANDAR", "Thn_Bgn_26": "2021", "BA_26": "2", "LNT_26": "2", "BB_26": "1", "DAS_26": "1", "OP_26": "0", "UT_26": "0", "GR_26": "0", "LB_26": "0", "JBT_26": "2", "Tp_Lnts_26": "JALAN", "Dt_Lnts_26": "JALAN", "Pnangnn_26": "RUTIN", "Pmriksn_26": "RUTIN", "Pnglola_26": "BPJN NUSA TENGGARA BARAT", "Satkr_ID26": "693914", "PPK_Name26": "PPK 1.1", "Traffic_26": null, "VCR_26": "0.0489", "AADT_26": "7404.2", "Tipe_Jb_26": null, "Lat_26": -8.7709261, "Long_26": 116.27175721999998, "Tgl_Ins_26": "6\/10\/2024", "Ket_26": null }, "geometry": { "type": "Point", "coordinates": [ 116.27175722, -8.7709261 ] } },
{ "type": "Feature", "properties": { "KDRUAS_UPD": "42050", "NOJBT_UPD": "42.050.001.B", "NM_RUAS_UP": "BYPASS BIL - MANDALIKA", "NM_JBT_UPD": "TANAH AWU B", "PROVINSI": "NUSA TENGGARA BARAT", "No_Prov_26": "42", "ID_Jbt_26": "4200629", "Kd_Ruas_26": "42050", "Suffix_26": null, "Nm_Ruas_26": "BYPASS BIL - MANDALIKA", "Lintas_26": "NON LINTAS", "No_Jbt_26": "42.050.001.B", "Nm_Jbt_26": "TANAH AWU B", "Status_26": "N", "Fungsi_26": "A", "Lks_Dr_26": "MTR", "Lks_km_26": 34692.0, "F_STA_26": "40", "Cadin_26": "LTH", "Pjg_Jbt_26": 15.8, "Btg_Pjg_26": 15.4, "Jml_Btg_26": "1", "Lb_Jl_Ms26": 13.79, "Lb_Jl_Kl26": 13.79, "Lb_Lalin26": 13.79, "Lb_Bh_Ki26": 0.35, "Lb_Bh_Ka26": 0.3, "Lb_Dr_Ki26": 0.0, "Lb_Dr_Ka26": 0.0, "Lb_Tr_Ki26": 0.8, "Lb_Tr_Ka26": 0.7, "Lb_TS_Ki26": 0.35, "Lb_TS_Ka26": 0.3, "Lb_Med_26": 1.25, "Lbr_Jbt_26": 17.84, "Bgn_Ats_26": "GPP", "Jns_Jbt_26": "STANDAR", "Thn_Bgn_26": "2021", "BA_26": "2", "LNT_26": "2", "BB_26": "2", "DAS_26": "0", "OP_26": "1", "UT_26": "0", "GR_26": "0", "LB_26": "0", "JBT_26": "2", "Tp_Lnts_26": "JALAN", "Dt_Lnts_26": "JALAN", "Pnangnn_26": "RUTIN", "Pmriksn_26": "RUTIN", "Pnglola_26": "BPJN NUSA TENGGARA BARAT", "Satkr_ID26": "693914", "PPK_Name26": "PPK 1.1", "Traffic_26": null, "VCR_26": "0.0489", "AADT_26": "7404.2", "Tipe_Jb_26": null, "Lat_26": -8.7710092, "Long_26": 116.27175721999998, "Tgl_Ins_26": "6\/10\/2024", "Ket_26": null }, "geometry": { "type": "Point", "coordinates": [ 116.27175722, -8.7710092 ] } },
{ "type": "Feature", "properties": { "KDRUAS_UPD": "42050", "NOJBT_UPD": "42.050.002.0", "NM_RUAS_UP": "BYPASS BIL - MANDALIKA", "NM_JBT_UPD": "KOKOH ADUS", "PROVINSI": "NUSA TENGGARA BARAT", "No_Prov_26": "42", "ID_Jbt_26": "4200630", "Kd_Ruas_26": "42050", "Suffix_26": null, "Nm_Ruas_26": "BYPASS BIL - MANDALIKA", "Lintas_26": "NON LINTAS", "No_Jbt_26": "42.050.002.0", "Nm_Jbt_26": "KOKOH ADUS", "Status_26": "N", "Fungsi_26": "A", "Lks_Dr_26": "MTR", "Lks_km_26": 35292.0, "F_STA_26": "100", "Cadin_26": "LTH", "Pjg_Jbt_26": 7.2, "Btg_Pjg_26": 3.2, "Jml_Btg_26": "2", "Lb_Jl_Ms26": 13.81, "Lb_Jl_Kl26": 13.81, "Lb_Lalin26": 13.81, "Lb_Bh_Ki26": 14.5, "Lb_Bh_Ka26": 12.2, "Lb_Dr_Ki26": 0.0, "Lb_Dr_Ka26": 0.0, "Lb_Tr_Ki26": 0.0, "Lb_Tr_Ka26": 0.0, "Lb_TS_Ki26": 0.0, "Lb_TS_Ka26": 0.0, "Lb_Med_26": 4.0, "Lbr_Jbt_26": 44.51, "Bgn_Ats_26": "BTP", "Jns_Jbt_26": "STANDAR", "Thn_Bgn_26": "2021", "BA_26": "1", "LNT_26": "0", "BB_26": "0", "DAS_26": "1", "OP_26": "1", "UT_26": "2", "GR_26": "0", "LB_26": "0", "JBT_26": "2", "Tp_Lnts_26": "SUNGAI", "Dt_Lnts_26": "SUNGAI LURUS (STRAIGHT)", "Pnangnn_26": "RUTIN", "Pmriksn_26": "RUTIN", "Pnglola_26": "BPJN NUSA TENGGARA BARAT", "Satkr_ID26": "693914", "PPK_Name26": "PPK 1.1", "Traffic_26": null, "VCR_26": "0.0489", "AADT_26": "7404.2", "Tipe_Jb_26": null, "Lat_26": -8.7747872, "Long_26": 116.27565, "Tgl_Ins_26": "6\/10\/2024", "Ket_26": null }, "geometry": { "type": "Point", "coordinates": [ 116.27565, -8.7747872 ] } },
{ "type": "Feature", "properties": { "KDRUAS_UPD": "42050", "NOJBT_UPD": "42.050.004.A", "NM_RUAS_UP": "BYPASS BIL - MANDALIKA", "NM_JBT_UPD": "KETARA A", "PROVINSI": "NUSA TENGGARA BARAT", "No_Prov_26": "42", "ID_Jbt_26": "4200632", "Kd_Ruas_26": "42050", "Suffix_26": null, "Nm_Ruas_26": "BYPASS BIL - MANDALIKA", "Lintas_26": "NON LINTAS", "No_Jbt_26": "42.050.004.A", "Nm_Jbt_26": "KETARA A", "Status_26": "N", "Fungsi_26": "A", "Lks_Dr_26": "MTR", "Lks_km_26": 36392.0, "F_STA_26": "210", "Cadin_26": "LTH", "Pjg_Jbt_26": 15.9, "Btg_Pjg_26": 15.4, "Jml_Btg_26": "1", "Lb_Jl_Ms26": 7.08, "Lb_Jl_Kl26": 7.08, "Lb_Lalin26": 7.08, "Lb_Bh_Ki26": 0.3, "Lb_Bh_Ka26": 0.45, "Lb_Dr_Ki26": 0.0, "Lb_Dr_Ka26": 0.0, "Lb_Tr_Ki26": 0.7, "Lb_Tr_Ka26": 0.7, "Lb_TS_Ki26": 0.3, "Lb_TS_Ka26": 0.35, "Lb_Med_26": 0.0, "Lbr_Jbt_26": 9.88, "Bgn_Ats_26": "VPP", "Jns_Jbt_26": "STANDAR", "Thn_Bgn_26": "2021", "BA_26": "1", "LNT_26": "0", "BB_26": "1", "DAS_26": "0", "OP_26": "2", "UT_26": "0", "GR_26": "0", "LB_26": "0", "JBT_26": "2", "Tp_Lnts_26": "JALAN", "Dt_Lnts_26": "JALAN", "Pnangnn_26": "RUTIN", "Pmriksn_26": "RUTIN", "Pnglola_26": "BPJN NUSA TENGGARA BARAT", "Satkr_ID26": "693914", "PPK_Name26": "PPK 1.1", "Traffic_26": null, "VCR_26": "0.0489", "AADT_26": "7404.2", "Tipe_Jb_26": null, "Lat_26": -8.7811567, "Long_26": 116.28291083000001, "Tgl_Ins_26": "6\/11\/2024", "Ket_26": null }, "geometry": { "type": "Point", "coordinates": [ 116.28291083, -8.7811567 ] } },
{ "type": "Feature", "properties": { "KDRUAS_UPD": "42050", "NOJBT_UPD": "42.050.004.B", "NM_RUAS_UP": "BYPASS BIL - MANDALIKA", "NM_JBT_UPD": "KETARA B", "PROVINSI": "NUSA TENGGARA BARAT", "No_Prov_26": "42", "ID_Jbt_26": "4200633", "Kd_Ruas_26": "42050", "Suffix_26": null, "Nm_Ruas_26": "BYPASS BIL - MANDALIKA", "Lintas_26": "NON LINTAS", "No_Jbt_26": "42.050.004.B", "Nm_Jbt_26": "KETARA B", "Status_26": "N", "Fungsi_26": "A", "Lks_Dr_26": "MTR", "Lks_km_26": 36392.0, "F_STA_26": "210", "Cadin_26": "LTH", "Pjg_Jbt_26": 15.9, "Btg_Pjg_26": 15.4, "Jml_Btg_26": "1", "Lb_Jl_Ms26": 7.16, "Lb_Jl_Kl26": 7.16, "Lb_Lalin26": 7.16, "Lb_Bh_Ki26": 0.35, "Lb_Bh_Ka26": 0.27, "Lb_Dr_Ki26": 0.0, "Lb_Dr_Ka26": 0.0, "Lb_Tr_Ki26": 0.65, "Lb_Tr_Ka26": 0.7, "Lb_TS_Ki26": 0.3, "Lb_TS_Ka26": 0.35, "Lb_Med_26": 0.0, "Lbr_Jbt_26": 9.78, "Bgn_Ats_26": "VPP", "Jns_Jbt_26": "STANDAR", "Thn_Bgn_26": "2021", "BA_26": "1", "LNT_26": "0", "BB_26": "1", "DAS_26": "0", "OP_26": "0", "UT_26": "0", "GR_26": "1", "LB_26": "0", "JBT_26": "1", "Tp_Lnts_26": "JALAN", "Dt_Lnts_26": "JALAN", "Pnangnn_26": "RUTIN", "Pmriksn_26": "RUTIN", "Pnglola_26": "BPJN NUSA TENGGARA BARAT", "Satkr_ID26": "693914", "PPK_Name26": "PPK 1.1", "Traffic_26": null, "VCR_26": "0.0489", "AADT_26": "7404.2", "Tipe_Jb_26": null, "Lat_26": -8.7812375, "Long_26": 116.28283833, "Tgl_Ins_26": "6\/11\/2024", "Ket_26": null }, "geometry": { "type": "Point", "coordinates": [ 116.28283833, -8.7812375 ] } },
{ "type": "Feature", "properties": { "KDRUAS_UPD": "42050", "NOJBT_UPD": "42.050.006.A", "NM_RUAS_UP": "BYPASS BIL - MANDALIKA", "NM_JBT_UPD": "SEGALA ANYAR A", "PROVINSI": "NUSA TENGGARA BARAT", "No_Prov_26": "42", "ID_Jbt_26": "4200635", "Kd_Ruas_26": "42050", "Suffix_26": null, "Nm_Ruas_26": "BYPASS BIL - MANDALIKA", "Lintas_26": "NON LINTAS", "No_Jbt_26": "42.050.006.A", "Nm_Jbt_26": "SEGALA ANYAR A", "Status_26": "N", "Fungsi_26": "A", "Lks_Dr_26": "MTR", "Lks_km_26": 38892.0, "F_STA_26": "460", "Cadin_26": "LTH", "Pjg_Jbt_26": 15.8, "Btg_Pjg_26": 15.4, "Jml_Btg_26": "1", "Lb_Jl_Ms26": 7.16, "Lb_Jl_Kl26": 7.16, "Lb_Lalin26": 7.16, "Lb_Bh_Ki26": 0.15, "Lb_Bh_Ka26": 0.46, "Lb_Dr_Ki26": 0.0, "Lb_Dr_Ka26": 0.0, "Lb_Tr_Ki26": 0.7, "Lb_Tr_Ka26": 0.75, "Lb_TS_Ki26": 0.25, "Lb_TS_Ka26": 0.27, "Lb_Med_26": 0.0, "Lbr_Jbt_26": 9.74, "Bgn_Ats_26": "VPP", "Jns_Jbt_26": "STANDAR", "Thn_Bgn_26": "2021", "BA_26": "1", "LNT_26": "1", "BB_26": "1", "DAS_26": "0", "OP_26": "1", "UT_26": "0", "GR_26": "0", "LB_26": "0", "JBT_26": "1", "Tp_Lnts_26": "JALAN", "Dt_Lnts_26": "JALAN", "Pnangnn_26": "RUTIN", "Pmriksn_26": "RUTIN", "Pnglola_26": "BPJN NUSA TENGGARA BARAT", "Satkr_ID26": "693914", "PPK_Name26": "PPK 1.1", "Traffic_26": null, "VCR_26": "0.0489", "AADT_26": "7404.2", "Tipe_Jb_26": null, "Lat_26": -8.7959086, "Long_26": 116.29980166999998, "Tgl_Ins_26": "6\/11\/2024", "Ket_26": null }, "geometry": { "type": "Point", "coordinates": [ 116.29980167, -8.7959086 ] } },
{ "type": "Feature", "properties": { "KDRUAS_UPD": "42050", "NOJBT_UPD": "42.050.006.B", "NM_RUAS_UP": "BYPASS BIL - MANDALIKA", "NM_JBT_UPD": "SEGALA ANYAR B", "PROVINSI": "NUSA TENGGARA BARAT", "No_Prov_26": "42", "ID_Jbt_26": "4200636", "Kd_Ruas_26": "42050", "Suffix_26": null, "Nm_Ruas_26": "BYPASS BIL - MANDALIKA", "Lintas_26": "NON LINTAS", "No_Jbt_26": "42.050.006.B", "Nm_Jbt_26": "SEGALA ANYAR B", "Status_26": "N", "Fungsi_26": "A", "Lks_Dr_26": "MTR", "Lks_km_26": 38892.0, "F_STA_26": "460", "Cadin_26": "LTH", "Pjg_Jbt_26": 15.8, "Btg_Pjg_26": 15.4, "Jml_Btg_26": "1", "Lb_Jl_Ms26": 7.09, "Lb_Jl_Kl26": 7.09, "Lb_Lalin26": 7.09, "Lb_Bh_Ki26": 0.4, "Lb_Bh_Ka26": 0.2, "Lb_Dr_Ki26": 0.0, "Lb_Dr_Ka26": 0.0, "Lb_Tr_Ki26": 0.7, "Lb_Tr_Ka26": 0.73, "Lb_TS_Ki26": 0.28, "Lb_TS_Ka26": 0.3, "Lb_Med_26": 0.0, "Lbr_Jbt_26": 9.7, "Bgn_Ats_26": "VPP", "Jns_Jbt_26": "STANDAR", "Thn_Bgn_26": "2021", "BA_26": "0", "LNT_26": "0", "BB_26": "2", "DAS_26": "0", "OP_26": "0", "UT_26": "0", "GR_26": "0", "LB_26": "0", "JBT_26": "2", "Tp_Lnts_26": "JALAN", "Dt_Lnts_26": "JALAN", "Pnangnn_26": "RUTIN", "Pmriksn_26": "RUTIN", "Pnglola_26": "BPJN NUSA TENGGARA BARAT", "Satkr_ID26": "693914", "PPK_Name26": "PPK 1.1", "Traffic_26": null, "VCR_26": "0.0489", "AADT_26": "7404.2", "Tipe_Jb_26": null, "Lat_26": -8.7959536, "Long_26": 116.299705, "Tgl_Ins_26": "6\/11\/2024", "Ket_26": null }, "geometry": { "type": "Point", "coordinates": [ 116.299705, -8.7959536 ] } },
{ "type": "Feature", "properties": { "KDRUAS_UPD": "42050", "NOJBT_UPD": "42.050.007.0", "NM_RUAS_UP": "BYPASS BIL - MANDALIKA", "NM_JBT_UPD": "OVERPASS TONJER", "PROVINSI": "NUSA TENGGARA BARAT", "No_Prov_26": "42", "ID_Jbt_26": "4200637", "Kd_Ruas_26": "42050", "Suffix_26": null, "Nm_Ruas_26": "BYPASS BIL - MANDALIKA", "Lintas_26": "NON LINTAS", "No_Jbt_26": "42.050.007.0", "Nm_Jbt_26": "OVERPASS TONJER", "Status_26": "N", "Fungsi_26": "A", "Lks_Dr_26": "MTR", "Lks_km_26": 40992.0, "F_STA_26": "680", "Cadin_26": "LTH", "Pjg_Jbt_26": 13.5, "Btg_Pjg_26": 6.35, "Jml_Btg_26": "2", "Lb_Jl_Ms26": 13.91, "Lb_Jl_Kl26": 13.91, "Lb_Lalin26": 14.27, "Lb_Bh_Ki26": 0.81, "Lb_Bh_Ka26": 0.83, "Lb_Dr_Ki26": 0.0, "Lb_Dr_Ka26": 0.0, "Lb_Tr_Ki26": 1.09, "Lb_Tr_Ka26": 1.05, "Lb_TS_Ki26": 0.3, "Lb_TS_Ka26": 0.3, "Lb_Med_26": 4.0, "Lbr_Jbt_26": 22.65, "Bgn_Ats_26": "BTP", "Jns_Jbt_26": "STANDAR", "Thn_Bgn_26": "2021", "BA_26": "0", "LNT_26": "0", "BB_26": "0", "DAS_26": "0", "OP_26": "1", "UT_26": "2", "GR_26": "0", "LB_26": "0", "JBT_26": "2", "Tp_Lnts_26": "JALAN", "Dt_Lnts_26": "JALAN", "Pnangnn_26": "RUTIN", "Pmriksn_26": "RUTIN", "Pnglola_26": "BPJN NUSA TENGGARA BARAT", "Satkr_ID26": "693914", "PPK_Name26": "PPK 1.1", "Traffic_26": null, "VCR_26": "0.0489", "AADT_26": "7404.2", "Tipe_Jb_26": null, "Lat_26": -8.8139236, "Long_26": 116.3067175, "Tgl_Ins_26": "6\/10\/2024", "Ket_26": null }, "geometry": { "type": "Point", "coordinates": [ 116.3067175, -8.8139236 ] } },
{ "type": "Feature", "properties": { "KDRUAS_UPD": "42050", "NOJBT_UPD": "42.050.009.0", "NM_RUAS_UP": "BYPASS BIL - MANDALIKA", "NM_JBT_UPD": "OVERPASS SUKADANA", "PROVINSI": "NUSA TENGGARA BARAT", "No_Prov_26": "42", "ID_Jbt_26": "4200639", "Kd_Ruas_26": "42050", "Suffix_26": null, "Nm_Ruas_26": "BYPASS BIL - MANDALIKA", "Lintas_26": "NON LINTAS", "No_Jbt_26": "42.050.009.0", "Nm_Jbt_26": "OVERPASS SUKADANA", "Status_26": "N", "Fungsi_26": "A", "Lks_Dr_26": "MTR", "Lks_km_26": 41892.0, "F_STA_26": "770", "Cadin_26": "LTH", "Pjg_Jbt_26": 13.8, "Btg_Pjg_26": 6.5, "Jml_Btg_26": "2", "Lb_Jl_Ms26": 13.86, "Lb_Jl_Kl26": 13.86, "Lb_Lalin26": 14.22, "Lb_Bh_Ki26": 1.0, "Lb_Bh_Ka26": 1.0, "Lb_Dr_Ki26": 0.0, "Lb_Dr_Ka26": 0.0, "Lb_Tr_Ki26": 1.3, "Lb_Tr_Ka26": 1.5, "Lb_TS_Ki26": 0.3, "Lb_TS_Ka26": 0.3, "Lb_Med_26": 3.8, "Lbr_Jbt_26": 23.42, "Bgn_Ats_26": "BTP", "Jns_Jbt_26": "STANDAR", "Thn_Bgn_26": "2021", "BA_26": "0", "LNT_26": "0", "BB_26": "0", "DAS_26": "0", "OP_26": "1", "UT_26": "2", "GR_26": "0", "LB_26": "0", "JBT_26": "2", "Tp_Lnts_26": "JALAN", "Dt_Lnts_26": "JALAN", "Pnangnn_26": "RUTIN", "Pmriksn_26": "RUTIN", "Pnglola_26": "BPJN NUSA TENGGARA BARAT", "Satkr_ID26": "693914", "PPK_Name26": "PPK 1.1", "Traffic_26": null, "VCR_26": "0.0489", "AADT_26": "7404.2", "Tipe_Jb_26": null, "Lat_26": -8.8211728, "Long_26": 116.31008306, "Tgl_Ins_26": "6\/1\/2024", "Ket_26": null }, "geometry": { "type": "Point", "coordinates": [ 116.31008306, -8.8211728 ] } },
{ "type": "Feature", "properties": { "KDRUAS_UPD": "42050", "NOJBT_UPD": "42.050.010.A", "NM_RUAS_UP": "BYPASS BIL - MANDALIKA", "NM_JBT_UPD": "SUKADANA A", "PROVINSI": "NUSA TENGGARA BARAT", "No_Prov_26": "42", "ID_Jbt_26": "4200640", "Kd_Ruas_26": "42050", "Suffix_26": null, "Nm_Ruas_26": "BYPASS BIL - MANDALIKA", "Lintas_26": "NON LINTAS", "No_Jbt_26": "42.050.010.A", "Nm_Jbt_26": "SUKADANA A", "Status_26": "N", "Fungsi_26": "A", "Lks_Dr_26": "MTR", "Lks_km_26": 42092.0, "F_STA_26": "780", "Cadin_26": "LTH", "Pjg_Jbt_26": 25.8, "Btg_Pjg_26": 25.5, "Jml_Btg_26": "1", "Lb_Jl_Ms26": 11.76, "Lb_Jl_Kl26": 11.76, "Lb_Lalin26": 11.76, "Lb_Bh_Ki26": 0.56, "Lb_Bh_Ka26": 0.9, "Lb_Dr_Ki26": 0.0, "Lb_Dr_Ka26": 0.0, "Lb_Tr_Ki26": 1.06, "Lb_Tr_Ka26": 1.03, "Lb_TS_Ki26": 0.3, "Lb_TS_Ka26": 0.3, "Lb_Med_26": 1.08, "Lbr_Jbt_26": 16.99, "Bgn_Ats_26": "GPP", "Jns_Jbt_26": "STANDAR", "Thn_Bgn_26": "2021", "BA_26": "2", "LNT_26": "2", "BB_26": "2", "DAS_26": "0", "OP_26": "1", "UT_26": "0", "GR_26": "0", "LB_26": "0", "JBT_26": "2", "Tp_Lnts_26": "SUNGAI", "Dt_Lnts_26": "SUNGAI BERKELOK (MEANDERING)", "Pnangnn_26": "RUTIN", "Pmriksn_26": "RUTIN", "Pnglola_26": "BPJN NUSA TENGGARA BARAT", "Satkr_ID26": "693914", "PPK_Name26": "PPK 1.1", "Traffic_26": null, "VCR_26": "0.0489", "AADT_26": "7404.2", "Tipe_Jb_26": null, "Lat_26": -8.8215681, "Long_26": 116.31127, "Tgl_Ins_26": "6\/1\/2024", "Ket_26": null }, "geometry": { "type": "Point", "coordinates": [ 116.31127, -8.8215681 ] } },
{ "type": "Feature", "properties": { "KDRUAS_UPD": "42050", "NOJBT_UPD": "42.050.010.B", "NM_RUAS_UP": "BYPASS BIL - MANDALIKA", "NM_JBT_UPD": "SUKADANA B", "PROVINSI": "NUSA TENGGARA BARAT", "No_Prov_26": "42", "ID_Jbt_26": "4200641", "Kd_Ruas_26": "42050", "Suffix_26": null, "Nm_Ruas_26": "BYPASS BIL - MANDALIKA", "Lintas_26": "NON LINTAS", "No_Jbt_26": "42.050.010.B", "Nm_Jbt_26": "SUKADANA B", "Status_26": "N", "Fungsi_26": "A", "Lks_Dr_26": "MTR", "Lks_km_26": 42092.0, "F_STA_26": "780", "Cadin_26": "LTH", "Pjg_Jbt_26": 25.8, "Btg_Pjg_26": 25.5, "Jml_Btg_26": "1", "Lb_Jl_Ms26": 11.71, "Lb_Jl_Kl26": 11.71, "Lb_Lalin26": 11.71, "Lb_Bh_Ki26": 0.9, "Lb_Bh_Ka26": 0.61, "Lb_Dr_Ki26": 0.0, "Lb_Dr_Ka26": 0.0, "Lb_Tr_Ki26": 1.05, "Lb_Tr_Ka26": 1.03, "Lb_TS_Ki26": 0.3, "Lb_TS_Ka26": 0.3, "Lb_Med_26": 1.07, "Lbr_Jbt_26": 16.97, "Bgn_Ats_26": "GPP", "Jns_Jbt_26": "STANDAR", "Thn_Bgn_26": "2021", "BA_26": "1", "LNT_26": "0", "BB_26": "2", "DAS_26": "0", "OP_26": "2", "UT_26": "0", "GR_26": "0", "LB_26": "0", "JBT_26": "2", "Tp_Lnts_26": "SUNGAI", "Dt_Lnts_26": "SUNGAI BERKELOK (MEANDERING)", "Pnangnn_26": "RUTIN", "Pmriksn_26": "RUTIN", "Pnglola_26": "BPJN NUSA TENGGARA BARAT", "Satkr_ID26": "693914", "PPK_Name26": "PPK 1.1", "Traffic_26": null, "VCR_26": "0.0489", "AADT_26": "7404.2", "Tipe_Jb_26": null, "Lat_26": -8.8216703, "Long_26": 116.31124083, "Tgl_Ins_26": "6\/1\/2024", "Ket_26": null }, "geometry": { "type": "Point", "coordinates": [ 116.31124083, -8.8216703 ] } },
{ "type": "Feature", "properties": { "KDRUAS_UPD": "42050", "NOJBT_UPD": "42.050.013.0", "NM_RUAS_UP": "BYPASS BIL - MANDALIKA", "NM_JBT_UPD": "OVERPASS PENGENGAT 1", "PROVINSI": "NUSA TENGGARA BARAT", "No_Prov_26": "42", "ID_Jbt_26": "4200644", "Kd_Ruas_26": "42050", "Suffix_26": null, "Nm_Ruas_26": "BYPASS BIL - MANDALIKA", "Lintas_26": "NON LINTAS", "No_Jbt_26": "42.050.013.0", "Nm_Jbt_26": "OVERPASS PENGENGAT 1", "Status_26": "N", "Fungsi_26": "A", "Lks_Dr_26": "MTR", "Lks_km_26": 43592.0, "F_STA_26": "940", "Cadin_26": "LTH", "Pjg_Jbt_26": 13.8, "Btg_Pjg_26": 6.5, "Jml_Btg_26": "2", "Lb_Jl_Ms26": 13.55, "Lb_Jl_Kl26": 13.55, "Lb_Lalin26": 14.27, "Lb_Bh_Ki26": 0.65, "Lb_Bh_Ka26": 0.55, "Lb_Dr_Ki26": 0.0, "Lb_Dr_Ka26": 0.0, "Lb_Tr_Ki26": 0.97, "Lb_Tr_Ka26": 1.65, "Lb_TS_Ki26": 0.55, "Lb_TS_Ka26": 0.55, "Lb_Med_26": 3.45, "Lbr_Jbt_26": 22.64, "Bgn_Ats_26": "BTP", "Jns_Jbt_26": "STANDAR", "Thn_Bgn_26": "2021", "BA_26": "1", "LNT_26": "0", "BB_26": "0", "DAS_26": "0", "OP_26": "2", "UT_26": "2", "GR_26": "0", "LB_26": "0", "JBT_26": "2", "Tp_Lnts_26": "JALAN", "Dt_Lnts_26": "JALAN", "Pnangnn_26": "RUTIN", "Pmriksn_26": "RUTIN", "Pnglola_26": "BPJN NUSA TENGGARA BARAT", "Satkr_ID26": "693914", "PPK_Name26": "PPK 1.1", "Traffic_26": null, "VCR_26": "0.0489", "AADT_26": "7404.2", "Tipe_Jb_26": null, "Lat_26": -8.8273319, "Long_26": 116.322935, "Tgl_Ins_26": "6\/2\/2024", "Ket_26": null }, "geometry": { "type": "Point", "coordinates": [ 116.322935, -8.8273319 ] } },
{ "type": "Feature", "properties": { "KDRUAS_UPD": "42050", "NOJBT_UPD": "42.050.014.0", "NM_RUAS_UP": "BYPASS BIL - MANDALIKA", "NM_JBT_UPD": "OVERPASS PENGENGAT 2", "PROVINSI": "NUSA TENGGARA BARAT", "No_Prov_26": "42", "ID_Jbt_26": "4200645", "Kd_Ruas_26": "42050", "Suffix_26": null, "Nm_Ruas_26": "BYPASS BIL - MANDALIKA", "Lintas_26": "NON LINTAS", "No_Jbt_26": "42.050.014.0", "Nm_Jbt_26": "OVERPASS PENGENGAT 2", "Status_26": "N", "Fungsi_26": "A", "Lks_Dr_26": "MTR", "Lks_km_26": 44792.0, "F_STA_26": "1060", "Cadin_26": "LTH", "Pjg_Jbt_26": 8.3, "Btg_Pjg_26": 7.4, "Jml_Btg_26": "1", "Lb_Jl_Ms26": 13.5, "Lb_Jl_Kl26": 13.5, "Lb_Lalin26": 14.22, "Lb_Bh_Ki26": 0.6, "Lb_Bh_Ka26": 0.5, "Lb_Dr_Ki26": 0.0, "Lb_Dr_Ka26": 0.0, "Lb_Tr_Ki26": 0.88, "Lb_Tr_Ka26": 1.76, "Lb_TS_Ki26": 0.4, "Lb_TS_Ka26": 0.4, "Lb_Med_26": 4.0, "Lbr_Jbt_26": 22.76, "Bgn_Ats_26": "BTP", "Jns_Jbt_26": "STANDAR", "Thn_Bgn_26": "2021", "BA_26": "0", "LNT_26": "0", "BB_26": "0", "DAS_26": "0", "OP_26": "1", "UT_26": "2", "GR_26": "1", "LB_26": "0", "JBT_26": "2", "Tp_Lnts_26": "JALAN", "Dt_Lnts_26": "JALAN", "Pnangnn_26": "RUTIN", "Pmriksn_26": "RUTIN", "Pnglola_26": "BPJN NUSA TENGGARA BARAT", "Satkr_ID26": "693914", "PPK_Name26": "PPK 1.1", "Traffic_26": null, "VCR_26": "0.0489", "AADT_26": "7404.2", "Tipe_Jb_26": null, "Lat_26": -8.8384969, "Long_26": 116.32356028, "Tgl_Ins_26": "6\/2\/2024", "Ket_26": null }, "geometry": { "type": "Point", "coordinates": [ 116.32356028, -8.8384969 ] } },
{ "type": "Feature", "properties": { "KDRUAS_UPD": "42050", "NOJBT_UPD": "42.050.017.0", "NM_RUAS_UP": "BYPASS BIL - MANDALIKA", "NM_JBT_UPD": "OVERPASS PENGENGAT 3", "PROVINSI": "NUSA TENGGARA BARAT", "No_Prov_26": "42", "ID_Jbt_26": "4200648", "Kd_Ruas_26": "42050", "Suffix_26": null, "Nm_Ruas_26": "BYPASS BIL - MANDALIKA", "Lintas_26": "NON LINTAS", "No_Jbt_26": "42.050.017.0", "Nm_Jbt_26": "OVERPASS PENGENGAT 3", "Status_26": "N", "Fungsi_26": "A", "Lks_Dr_26": "MTR", "Lks_km_26": 46792.0, "F_STA_26": "1260", "Cadin_26": "LTH", "Pjg_Jbt_26": 8.2, "Btg_Pjg_26": 7.3, "Jml_Btg_26": "1", "Lb_Jl_Ms26": 13.65, "Lb_Jl_Kl26": 13.65, "Lb_Lalin26": 14.37, "Lb_Bh_Ki26": 0.85, "Lb_Bh_Ka26": 1.0, "Lb_Dr_Ki26": 0.0, "Lb_Dr_Ka26": 0.0, "Lb_Tr_Ki26": 1.5, "Lb_Tr_Ka26": 1.5, "Lb_TS_Ki26": 0.4, "Lb_TS_Ka26": 0.4, "Lb_Med_26": 4.0, "Lbr_Jbt_26": 24.02, "Bgn_Ats_26": "BTP", "Jns_Jbt_26": "STANDAR", "Thn_Bgn_26": "2021", "BA_26": "1", "LNT_26": "0", "BB_26": "0", "DAS_26": "0", "OP_26": "2", "UT_26": "2", "GR_26": "0", "LB_26": "0", "JBT_26": "2", "Tp_Lnts_26": "JALAN", "Dt_Lnts_26": "JALAN", "Pnangnn_26": "RUTIN", "Pmriksn_26": "RUTIN", "Pnglola_26": "BPJN NUSA TENGGARA BARAT", "Satkr_ID26": "693914", "PPK_Name26": "PPK 1.1", "Traffic_26": null, "VCR_26": "0.0489", "AADT_26": "7404.2", "Tipe_Jb_26": null, "Lat_26": -8.8561172, "Long_26": 116.32704444, "Tgl_Ins_26": "6\/2\/2024", "Ket_26": null }, "geometry": { "type": "Point", "coordinates": [ 116.32704444, -8.8561172 ] } },
{ "type": "Feature", "properties": { "KDRUAS_UPD": "42050", "NOJBT_UPD": "42.050.020.0", "NM_RUAS_UP": "BYPASS BIL - MANDALIKA", "NM_JBT_UPD": "OVERPASS SERUPI", "PROVINSI": "NUSA TENGGARA BARAT", "No_Prov_26": "42", "ID_Jbt_26": "4200651", "Kd_Ruas_26": "42050", "Suffix_26": null, "Nm_Ruas_26": "BYPASS BIL - MANDALIKA", "Lintas_26": "NON LINTAS", "No_Jbt_26": "42.050.020.0", "Nm_Jbt_26": "OVERPASS SERUPI", "Status_26": "N", "Fungsi_26": "A", "Lks_Dr_26": "MTR", "Lks_km_26": 48691.999999999993, "F_STA_26": "1450", "Cadin_26": "LTH", "Pjg_Jbt_26": 8.0, "Btg_Pjg_26": 7.1, "Jml_Btg_26": "1", "Lb_Jl_Ms26": 13.7, "Lb_Jl_Kl26": 13.7, "Lb_Lalin26": 14.42, "Lb_Bh_Ki26": 0.55, "Lb_Bh_Ka26": 0.5, "Lb_Dr_Ki26": 0.0, "Lb_Dr_Ka26": 0.0, "Lb_Tr_Ki26": 1.45, "Lb_Tr_Ka26": 1.5, "Lb_TS_Ki26": 0.55, "Lb_TS_Ka26": 0.55, "Lb_Med_26": 4.0, "Lbr_Jbt_26": 23.52, "Bgn_Ats_26": "BTP", "Jns_Jbt_26": "STANDAR", "Thn_Bgn_26": "2021", "BA_26": "1", "LNT_26": "1", "BB_26": "0", "DAS_26": "0", "OP_26": "0", "UT_26": "2", "GR_26": "0", "LB_26": "0", "JBT_26": "2", "Tp_Lnts_26": "JALAN", "Dt_Lnts_26": "JALAN", "Pnangnn_26": "RUTIN", "Pmriksn_26": "RUTIN", "Pnglola_26": "BPJN NUSA TENGGARA BARAT", "Satkr_ID26": "693914", "PPK_Name26": "PPK 1.1", "Traffic_26": null, "VCR_26": "0.0489", "AADT_26": "7404.2", "Tipe_Jb_26": null, "Lat_26": -8.8721528, "Long_26": 116.33028333, "Tgl_Ins_26": "6\/2\/2024", "Ket_26": null }, "geometry": { "type": "Point", "coordinates": [ 116.33028333, -8.8721528 ] } },
{ "type": "Feature", "properties": { "KDRUAS_UPD": "42050", "NOJBT_UPD": "42.050.021.0", "NM_RUAS_UP": "BYPASS BIL - MANDALIKA", "NM_JBT_UPD": "BERAMI", "PROVINSI": "NUSA TENGGARA BARAT", "No_Prov_26": "42", "ID_Jbt_26": "4200652", "Kd_Ruas_26": "42050", "Suffix_26": null, "Nm_Ruas_26": "BYPASS BIL - MANDALIKA", "Lintas_26": "NON LINTAS", "No_Jbt_26": "42.050.021.0", "Nm_Jbt_26": "BERAMI", "Status_26": "N", "Fungsi_26": "A", "Lks_Dr_26": "MTR", "Lks_km_26": 48892.000000000007, "F_STA_26": "1480", "Cadin_26": "LTH", "Pjg_Jbt_26": 9.5, "Btg_Pjg_26": 4.35, "Jml_Btg_26": "2", "Lb_Jl_Ms26": 25.36, "Lb_Jl_Kl26": 25.36, "Lb_Lalin26": 14.32, "Lb_Bh_Ki26": 18.3, "Lb_Bh_Ka26": 10.35, "Lb_Dr_Ki26": 0.0, "Lb_Dr_Ka26": 0.0, "Lb_Tr_Ki26": 0.55, "Lb_Tr_Ka26": 0.55, "Lb_TS_Ki26": 0.0, "Lb_TS_Ka26": 0.0, "Lb_Med_26": 3.9, "Lbr_Jbt_26": 47.97, "Bgn_Ats_26": "BTP", "Jns_Jbt_26": "STANDAR", "Thn_Bgn_26": "2021", "BA_26": "2", "LNT_26": "2", "BB_26": "0", "DAS_26": "2", "OP_26": "2", "UT_26": "2", "GR_26": "0", "LB_26": "0", "JBT_26": "2", "Tp_Lnts_26": "SUNGAI", "Dt_Lnts_26": "SUNGAI LURUS (STRAIGHT)", "Pnangnn_26": "RUTIN", "Pmriksn_26": "RUTIN", "Pnglola_26": "BPJN NUSA TENGGARA BARAT", "Satkr_ID26": "693914", "PPK_Name26": "PPK 1.1", "Traffic_26": null, "VCR_26": "0.0489", "AADT_26": "7404.2", "Tipe_Jb_26": null, "Lat_26": -8.8743111, "Long_26": 116.32943611, "Tgl_Ins_26": "6\/2\/2024", "Ket_26": null }, "geometry": { "type": "Point", "coordinates": [ 116.32943611, -8.8743111 ] } },
{ "type": "Feature", "properties": { "KDRUAS_UPD": "42050", "NOJBT_UPD": "42.050.022.0", "NM_RUAS_UP": "BYPASS BIL - MANDALIKA", "NM_JBT_UPD": "OVERPASS BERAMI", "PROVINSI": "NUSA TENGGARA BARAT", "No_Prov_26": "42", "ID_Jbt_26": "4200653", "Kd_Ruas_26": "42050", "Suffix_26": null, "Nm_Ruas_26": "BYPASS BIL - MANDALIKA", "Lintas_26": "NON LINTAS", "No_Jbt_26": "42.050.022.0", "Nm_Jbt_26": "OVERPASS BERAMI", "Status_26": "N", "Fungsi_26": "A", "Lks_Dr_26": "MTR", "Lks_km_26": 48992.0, "F_STA_26": "1490", "Cadin_26": "LTH", "Pjg_Jbt_26": 8.0, "Btg_Pjg_26": 7.6, "Jml_Btg_26": "1", "Lb_Jl_Ms26": 13.66, "Lb_Jl_Kl26": 13.66, "Lb_Lalin26": 14.02, "Lb_Bh_Ki26": 9.0, "Lb_Bh_Ka26": 10.0, "Lb_Dr_Ki26": 0.0, "Lb_Dr_Ka26": 0.0, "Lb_Tr_Ki26": 0.45, "Lb_Tr_Ka26": 0.45, "Lb_TS_Ki26": 0.5, "Lb_TS_Ka26": 0.5, "Lb_Med_26": 3.9, "Lbr_Jbt_26": 38.82, "Bgn_Ats_26": "BTP", "Jns_Jbt_26": "STANDAR", "Thn_Bgn_26": "2021", "BA_26": "0", "LNT_26": "0", "BB_26": "0", "DAS_26": "0", "OP_26": "2", "UT_26": "2", "GR_26": "0", "LB_26": "0", "JBT_26": "2", "Tp_Lnts_26": "JALAN", "Dt_Lnts_26": "JALAN", "Pnangnn_26": "RUTIN", "Pmriksn_26": "RUTIN", "Pnglola_26": "BPJN NUSA TENGGARA BARAT", "Satkr_ID26": "693914", "PPK_Name26": "PPK 1.1", "Traffic_26": null, "VCR_26": "0.0489", "AADT_26": "7404.2", "Tipe_Jb_26": null, "Lat_26": -8.8749944, "Long_26": 116.32884444, "Tgl_Ins_26": "6\/2\/2024", "Ket_26": null }, "geometry": { "type": "Point", "coordinates": [ 116.32884444, -8.8749944 ] } },
{ "type": "Feature", "properties": { "KDRUAS_UPD": "42050", "NOJBT_UPD": "42.050.023.0", "NM_RUAS_UP": "BYPASS BIL - MANDALIKA", "NM_JBT_UPD": "OVERPASS BAJA", "PROVINSI": "NUSA TENGGARA BARAT", "No_Prov_26": "42", "ID_Jbt_26": "4200654", "Kd_Ruas_26": "42050", "Suffix_26": null, "Nm_Ruas_26": "BYPASS BIL - MANDALIKA", "Lintas_26": "NON LINTAS", "No_Jbt_26": "42.050.023.0", "Nm_Jbt_26": "OVERPASS BAJA", "Status_26": "N", "Fungsi_26": "A", "Lks_Dr_26": "MTR", "Lks_km_26": 49792.0, "F_STA_26": "1560", "Cadin_26": "LTH", "Pjg_Jbt_26": 8.0, "Btg_Pjg_26": 7.6, "Jml_Btg_26": "1", "Lb_Jl_Ms26": 13.91, "Lb_Jl_Kl26": 13.91, "Lb_Lalin26": 14.27, "Lb_Bh_Ki26": 0.85, "Lb_Bh_Ka26": 0.9, "Lb_Dr_Ki26": 0.0, "Lb_Dr_Ka26": 0.0, "Lb_Tr_Ki26": 1.52, "Lb_Tr_Ka26": 1.47, "Lb_TS_Ki26": 0.5, "Lb_TS_Ka26": 0.5, "Lb_Med_26": 4.0, "Lbr_Jbt_26": 24.01, "Bgn_Ats_26": "BTP", "Jns_Jbt_26": "STANDAR", "Thn_Bgn_26": "2021", "BA_26": "0", "LNT_26": "0", "BB_26": "0", "DAS_26": "0", "OP_26": "1", "UT_26": "2", "GR_26": "0", "LB_26": "0", "JBT_26": "2", "Tp_Lnts_26": "JALAN", "Dt_Lnts_26": "JALAN", "Pnangnn_26": "RUTIN", "Pmriksn_26": "RUTIN", "Pnglola_26": "BPJN NUSA TENGGARA BARAT", "Satkr_ID26": "693914", "PPK_Name26": "PPK 1.1", "Traffic_26": null, "VCR_26": "0.0489", "AADT_26": "7404.2", "Tipe_Jb_26": null, "Lat_26": -8.8796583, "Long_26": 116.32390277999998, "Tgl_Ins_26": "6\/2\/2024", "Ket_26": null }, "geometry": { "type": "Point", "coordinates": [ 116.32390278, -8.8796583 ] } },
{ "type": "Feature", "properties": { "KDRUAS_UPD": "42050", "NOJBT_UPD": "42.050.024.0", "NM_RUAS_UP": "BYPASS BIL - MANDALIKA", "NM_JBT_UPD": "OVERPASS SONGGONG", "PROVINSI": "NUSA TENGGARA BARAT", "No_Prov_26": "42", "ID_Jbt_26": "4200655", "Kd_Ruas_26": "42050", "Suffix_26": null, "Nm_Ruas_26": "BYPASS BIL - MANDALIKA", "Lintas_26": "NON LINTAS", "No_Jbt_26": "42.050.024.0", "Nm_Jbt_26": "OVERPASS SONGGONG", "Status_26": "N", "Fungsi_26": "A", "Lks_Dr_26": "MTR", "Lks_km_26": 51292.000000000007, "F_STA_26": "1710", "Cadin_26": "LTH", "Pjg_Jbt_26": 9.0, "Btg_Pjg_26": 8.6, "Jml_Btg_26": "1", "Lb_Jl_Ms26": 13.66, "Lb_Jl_Kl26": 13.66, "Lb_Lalin26": 14.02, "Lb_Bh_Ki26": 1.15, "Lb_Bh_Ka26": 1.0, "Lb_Dr_Ki26": 0.0, "Lb_Dr_Ka26": 0.0, "Lb_Tr_Ki26": 1.8, "Lb_Tr_Ka26": 2.04, "Lb_TS_Ki26": 0.5, "Lb_TS_Ka26": 0.5, "Lb_Med_26": 4.0, "Lbr_Jbt_26": 25.01, "Bgn_Ats_26": "BTP", "Jns_Jbt_26": "STANDAR", "Thn_Bgn_26": "2021", "BA_26": "0", "LNT_26": "0", "BB_26": "0", "DAS_26": "0", "OP_26": "0", "UT_26": "2", "GR_26": "0", "LB_26": "0", "JBT_26": "2", "Tp_Lnts_26": "JALAN", "Dt_Lnts_26": "JALAN", "Pnangnn_26": "RUTIN", "Pmriksn_26": "RUTIN", "Pnglola_26": "BPJN NUSA TENGGARA BARAT", "Satkr_ID26": "693914", "PPK_Name26": "PPK 1.1", "Traffic_26": null, "VCR_26": "0.0489", "AADT_26": "7404.2", "Tipe_Jb_26": null, "Lat_26": -8.8917028, "Long_26": 116.321175, "Tgl_Ins_26": "6\/2\/2024", "Ket_26": null }, "geometry": { "type": "Point", "coordinates": [ 116.321175, -8.8917028 ] } },
{ "type": "Feature", "properties": { "KDRUAS_UPD": "42025", "NOJBT_UPD": "42.025.008.0", "NM_RUAS_UP": "SILA - TALABIU", "NM_JBT_UPD": "GODO V", "PROVINSI": "NUSA TENGGARA BARAT", "No_Prov_26": "42", "ID_Jbt_26": "4200305", "Kd_Ruas_26": "42025", "Suffix_26": null, "Nm_Ruas_26": "SILA - TALABIU", "Lintas_26": "JALAN LINTAS PULAU SUMBAWA", "No_Jbt_26": "42.025.008.0", "Nm_Jbt_26": "GODO V", "Status_26": "N", "Fungsi_26": "A", "Lks_Dr_26": "RBA", "Lks_km_26": 271.0, "F_STA_26": "510", "Cadin_26": "BIM", "Pjg_Jbt_26": 10.6, "Btg_Pjg_26": 10.3, "Jml_Btg_26": "1", "Lb_Jl_Ms26": 6.27, "Lb_Jl_Kl26": 6.27, "Lb_Lalin26": 6.39, "Lb_Bh_Ki26": 0.39, "Lb_Bh_Ka26": 0.37, "Lb_Dr_Ki26": 0.0, "Lb_Dr_Ka26": 0.0, "Lb_Tr_Ki26": 1.21, "Lb_Tr_Ka26": 1.21, "Lb_TS_Ki26": 0.0, "Lb_TS_Ka26": 0.0, "Lb_Med_26": 0.0, "Lbr_Jbt_26": 9.57, "Bgn_Ats_26": "VPP", "Jns_Jbt_26": "STANDAR", "Thn_Bgn_26": "2023", "BA_26": "0", "LNT_26": "0", "BB_26": "1", "DAS_26": "0", "OP_26": "2", "UT_26": "0", "GR_26": "0", "LB_26": "0", "JBT_26": "2", "Tp_Lnts_26": "SUNGAI", "Dt_Lnts_26": "SUNGAI LURUS (STRAIGHT)", "Pnangnn_26": "RUTIN", "Pmriksn_26": "RUTIN", "Pnglola_26": "BPJN NUSA TENGGARA BARAT", "Satkr_ID26": "693916", "PPK_Name26": "PPK 3.3", "Traffic_26": null, "VCR_26": "0.3985", "AADT_26": "6595.8", "Tipe_Jb_26": null, "Lat_26": -8.5639095306400002, "Long_26": 118.651000977, "Tgl_Ins_26": "7\/3\/2024", "Ket_26": null }, "geometry": { "type": "Point", "coordinates": [ 118.651000976562997, -8.56390953063965 ] } },
{ "type": "Feature", "properties": { "KDRUAS_UPD": "42043", "NOJBT_UPD": "42.043.053.0", "NM_RUAS_UP": "PEMENANG - BAYAN", "NM_JBT_UPD": "LOKOK LENGKUKUN", "PROVINSI": "NUSA TENGGARA BARAT", "No_Prov_26": "42", "ID_Jbt_26": "4200477", "Kd_Ruas_26": "42043", "Suffix_26": null, "Nm_Ruas_26": "PEMENANG - BAYAN", "Lintas_26": "NON LINTAS", "No_Jbt_26": "42.043.053.0", "Nm_Jbt_26": "LOKOK LENGKUKUN", "Status_26": "N", "Fungsi_26": "K1", "Lks_Dr_26": "MTR", "Lks_km_26": 7816.0, "F_STA_26": "4040", "Cadin_26": "KLU", "Pjg_Jbt_26": 15.6, "Btg_Pjg_26": 14.7, "Jml_Btg_26": "1", "Lb_Jl_Ms26": 6.73, "Lb_Jl_Kl26": 6.73, "Lb_Lalin26": 6.73, "Lb_Bh_Ki26": 0.15, "Lb_Bh_Ka26": 0.17, "Lb_Dr_Ki26": 0.0, "Lb_Dr_Ka26": 0.0, "Lb_Tr_Ki26": 1.05, "Lb_Tr_Ka26": 1.05, "Lb_TS_Ki26": 0.32, "Lb_TS_Ka26": 0.3, "Lb_Med_26": 0.0, "Lbr_Jbt_26": 9.77, "Bgn_Ats_26": "VPP", "Jns_Jbt_26": "STANDAR", "Thn_Bgn_26": "2023", "BA_26": "1", "LNT_26": "0", "BB_26": "1", "DAS_26": "0", "OP_26": "0", "UT_26": "0", "GR_26": "0", "LB_26": "0", "JBT_26": "1", "Tp_Lnts_26": "SUNGAI", "Dt_Lnts_26": "SUNGAI LURUS (STRAIGHT)", "Pnangnn_26": "RUTIN", "Pmriksn_26": "RUTIN", "Pnglola_26": "BPJN NUSA TENGGARA BARAT", "Satkr_ID26": "693914", "PPK_Name26": "PPK 1.2", "Traffic_26": null, "VCR_26": "0.5244", "AADT_26": "3013.7", "Tipe_Jb_26": null, "Lat_26": -8.21963, "Long_26": 116.35244, "Tgl_Ins_26": "7\/9\/2024", "Ket_26": null }, "geometry": { "type": "Point", "coordinates": [ 116.35244, -8.21963 ] } },
{ "type": "Feature", "properties": { "KDRUAS_UPD": "42044", "NOJBT_UPD": "42.044.003.0", "NM_RUAS_UP": "BAYAN - SEMBALUN BUBUNG", "NM_JBT_UPD": "TL. LONGKEN", "PROVINSI": "NUSA TENGGARA BARAT", "No_Prov_26": "42", "ID_Jbt_26": "4200510", "Kd_Ruas_26": "42044", "Suffix_26": null, "Nm_Ruas_26": "BAYAN - SEMBALUN BUBUNG", "Lintas_26": "NON LINTAS", "No_Jbt_26": "42.044.003.0", "Nm_Jbt_26": "TL. LONGKEN", "Status_26": "N", "Fungsi_26": "K1", "Lks_Dr_26": "MTR", "Lks_km_26": 112.0, "F_STA_26": "1240", "Cadin_26": "LTR", "Pjg_Jbt_26": 10.5, "Btg_Pjg_26": 9.7, "Jml_Btg_26": "1", "Lb_Jl_Ms26": 6.56, "Lb_Jl_Kl26": 6.56, "Lb_Lalin26": 6.56, "Lb_Bh_Ki26": 0.2, "Lb_Bh_Ka26": 0.25, "Lb_Dr_Ki26": 0.0, "Lb_Dr_Ka26": 0.0, "Lb_Tr_Ki26": 1.0, "Lb_Tr_Ka26": 1.0, "Lb_TS_Ki26": 0.3, "Lb_TS_Ka26": 0.3, "Lb_Med_26": 0.0, "Lbr_Jbt_26": 9.61, "Bgn_Ats_26": "GPP", "Jns_Jbt_26": "STANDAR", "Thn_Bgn_26": "2023", "BA_26": "1", "LNT_26": "1", "BB_26": "1", "DAS_26": "1", "OP_26": "0", "UT_26": "0", "GR_26": "0", "LB_26": "0", "JBT_26": "1", "Tp_Lnts_26": "SUNGAI", "Dt_Lnts_26": "SUNGAI LURUS (STRAIGHT)", "Pnangnn_26": "RUTIN", "Pmriksn_26": "RUTIN", "Pnglola_26": "BPJN NUSA TENGGARA BARAT", "Satkr_ID26": "693914", "PPK_Name26": "PPK 1.2", "Traffic_26": null, "VCR_26": "0.1851", "AADT_26": "2231.1", "Tipe_Jb_26": null, "Lat_26": -8.34206, "Long_26": 116.503723, "Tgl_Ins_26": "7\/10\/2024", "Ket_26": null }, "geometry": { "type": "Point", "coordinates": [ 116.503723, -8.34206 ] } },
{ "type": "Feature", "properties": { "KDRUAS_UPD": "4202614", "NOJBT_UPD": "42.026.004.0.14", "NM_RUAS_UP": "JLN. PADOLO III (AKSES PELABUHAN BIMA)", "NM_JBT_UPD": "TANJUNG III", "PROVINSI": "NUSA TENGGARA BARAT", "No_Prov_26": "42", "ID_Jbt_26": "4200659", "Kd_Ruas_26": "4202614", "Suffix_26": "14", "Nm_Ruas_26": "JLN. PADOLO III (AKSES PELABUHAN BIMA)", "Lintas_26": "JALAN LINTAS PULAU SUMBAWA", "No_Jbt_26": "42.026.004.0.14", "Nm_Jbt_26": "TANJUNG III", "Status_26": "N", "Fungsi_26": "A", "Lks_Dr_26": "RBA", "Lks_km_26": 74.0, "F_STA_26": "170", "Cadin_26": "KBM", "Pjg_Jbt_26": 6.3, "Btg_Pjg_26": 2.5, "Jml_Btg_26": "2", "Lb_Jl_Ms26": 6.48, "Lb_Jl_Kl26": 6.48, "Lb_Lalin26": 11.03, "Lb_Bh_Ki26": 0.59, "Lb_Bh_Ka26": 0.56, "Lb_Dr_Ki26": 0.0, "Lb_Dr_Ka26": 0.0, "Lb_Tr_Ki26": 1.8, "Lb_Tr_Ka26": 1.5, "Lb_TS_Ki26": 0.54, "Lb_TS_Ka26": 0.54, "Lb_Med_26": 1.53, "Lbr_Jbt_26": 18.09, "Bgn_Ats_26": "PTP", "Jns_Jbt_26": "STANDAR", "Thn_Bgn_26": "2014", "BA_26": "2", "LNT_26": "1", "BB_26": "1", "DAS_26": "1", "OP_26": "1", "UT_26": "0", "GR_26": "0", "LB_26": "0", "JBT_26": "2", "Tp_Lnts_26": "SUNGAI", "Dt_Lnts_26": "SUNGAI LURUS (STRAIGHT)", "Pnangnn_26": "RUTIN", "Pmriksn_26": "RUTIN", "Pnglola_26": "BPJN NUSA TENGGARA BARAT", "Satkr_ID26": "693916", "PPK_Name26": "PPK 3.3", "Traffic_26": null, "VCR_26": "0.1025", "AADT_26": "10761.9", "Tipe_Jb_26": null, "Lat_26": -8.4504799903700007, "Long_26": 118.71913998100001, "Tgl_Ins_26": "6\/1\/2024", "Ket_26": null }, "geometry": { "type": "Point", "coordinates": [ 118.719139981178458, -8.450479990368711 ] } },
{ "type": "Feature", "properties": { "KDRUAS_UPD": "42025", "NOJBT_UPD": "42.025.011.0", "NM_RUAS_UP": "SILA - TALABIU", "NM_JBT_UPD": "SANOLO", "PROVINSI": "NUSA TENGGARA BARAT", "No_Prov_26": "42", "ID_Jbt_26": "4200308", "Kd_Ruas_26": "42025", "Suffix_26": null, "Nm_Ruas_26": "SILA - TALABIU", "Lintas_26": "JALAN LINTAS PULAU SUMBAWA", "No_Jbt_26": "42.025.011.0", "Nm_Jbt_26": "SANOLO", "Status_26": "N", "Fungsi_26": "A", "Lks_Dr_26": "RBA", "Lks_km_26": 299.0, "F_STA_26": "780", "Cadin_26": "BIM", "Pjg_Jbt_26": 10.6, "Btg_Pjg_26": 10.35, "Jml_Btg_26": "1", "Lb_Jl_Ms26": 6.15, "Lb_Jl_Kl26": 6.15, "Lb_Lalin26": 6.27, "Lb_Bh_Ki26": 0.38, "Lb_Bh_Ka26": 0.37, "Lb_Dr_Ki26": 0.0, "Lb_Dr_Ka26": 0.0, "Lb_Tr_Ki26": 0.98, "Lb_Tr_Ka26": 0.97, "Lb_TS_Ki26": 0.29, "Lb_TS_Ka26": 0.3, "Lb_Med_26": 0.0, "Lbr_Jbt_26": 9.56, "Bgn_Ats_26": "VPP", "Jns_Jbt_26": "STANDAR", "Thn_Bgn_26": "2024", "BA_26": "0", "LNT_26": "0", "BB_26": "1", "DAS_26": "2", "OP_26": "0", "UT_26": "0", "GR_26": "0", "LB_26": "0", "JBT_26": "2", "Tp_Lnts_26": "SUNGAI", "Dt_Lnts_26": "SUNGAI LURUS (STRAIGHT)", "Pnangnn_26": "RUTIN", "Pmriksn_26": "RUTIN", "Pnglola_26": "BPJN NUSA TENGGARA BARAT", "Satkr_ID26": "693916", "PPK_Name26": "PPK 3.3", "Traffic_26": null, "VCR_26": "0.3985", "AADT_26": "6595.8", "Tipe_Jb_26": null, "Lat_26": -8.54798, "Long_26": 118.63208, "Tgl_Ins_26": "8\/6\/2025", "Ket_26": null }, "geometry": { "type": "Point", "coordinates": [ 118.63208, -8.54798 ] } },
{ "type": "Feature", "properties": { "KDRUAS_UPD": "42038", "NOJBT_UPD": "42.038.006.0", "NM_RUAS_UP": "SIMPANG NEGARA - TALIWANG", "NM_JBT_UPD": "KOKAR SENAYAN", "PROVINSI": "NUSA TENGGARA BARAT", "No_Prov_26": "42", "ID_Jbt_26": "4200389", "Kd_Ruas_26": "42038", "Suffix_26": null, "Nm_Ruas_26": "SIMPANG NEGARA - TALIWANG", "Lintas_26": "NON LINTAS", "No_Jbt_26": "42.038.006.0", "Nm_Jbt_26": "KOKAR SENAYAN", "Status_26": "N", "Fungsi_26": "A", "Lks_Dr_26": "SBW", "Lks_km_26": 96.0, "F_STA_26": "1390", "Cadin_26": "SBR", "Pjg_Jbt_26": 6.3, "Btg_Pjg_26": 6.0, "Jml_Btg_26": "1", "Lb_Jl_Ms26": 5.97, "Lb_Jl_Kl26": 5.97, "Lb_Lalin26": 6.09, "Lb_Bh_Ki26": 0.48, "Lb_Bh_Ka26": 0.46, "Lb_Dr_Ki26": 0.0, "Lb_Dr_Ka26": 0.0, "Lb_Tr_Ki26": 1.74, "Lb_Tr_Ka26": 1.6, "Lb_TS_Ki26": 0.23, "Lb_TS_Ka26": 0.21, "Lb_Med_26": 0.0, "Lbr_Jbt_26": 10.81, "Bgn_Ats_26": "BTP", "Jns_Jbt_26": "STANDAR", "Thn_Bgn_26": "2024", "BA_26": "2", "LNT_26": "2", "BB_26": "1", "DAS_26": "0", "OP_26": "0", "UT_26": "0", "GR_26": "0", "LB_26": "0", "JBT_26": "2", "Tp_Lnts_26": "SUNGAI", "Dt_Lnts_26": "SUNGAI LURUS (STRAIGHT)", "Pnangnn_26": "RUTIN", "Pmriksn_26": "RUTIN", "Pnglola_26": "BPJN NUSA TENGGARA BARAT", "Satkr_ID26": "693915", "PPK_Name26": "PPK 2.1", "Traffic_26": null, "VCR_26": "0.3112", "AADT_26": "3904", "Tipe_Jb_26": null, "Lat_26": -8.61427, "Long_26": 116.852859, "Tgl_Ins_26": "6\/28\/2025", "Ket_26": null }, "geometry": { "type": "Point", "coordinates": [ 116.852859, -8.61427 ] } },
{ "type": "Feature", "properties": { "KDRUAS_UPD": "42042", "NOJBT_UPD": "42.042.006.0", "NM_RUAS_UP": "AMPENAN - PAMENANG", "NM_JBT_UPD": "SENGGIGI I", "PROVINSI": "NUSA TENGGARA BARAT", "No_Prov_26": "42", "ID_Jbt_26": "4200409", "Kd_Ruas_26": "42042", "Suffix_26": null, "Nm_Ruas_26": "AMPENAN - PAMENANG", "Lintas_26": "NON LINTAS", "No_Jbt_26": "42.042.006.0", "Nm_Jbt_26": "SENGGIGI I", "Status_26": "N", "Fungsi_26": "K1", "Lks_Dr_26": "MTR", "Lks_km_26": 13.0, "F_STA_26": "670", "Cadin_26": "LBR", "Pjg_Jbt_26": 6.0, "Btg_Pjg_26": 5.7, "Jml_Btg_26": "1", "Lb_Jl_Ms26": 11.16, "Lb_Jl_Kl26": 11.16, "Lb_Lalin26": 11.16, "Lb_Bh_Ki26": 0.2, "Lb_Bh_Ka26": 0.3, "Lb_Dr_Ki26": 0.0, "Lb_Dr_Ka26": 0.6, "Lb_Tr_Ki26": 0.4, "Lb_Tr_Ka26": 0.05, "Lb_TS_Ki26": 0.4, "Lb_TS_Ka26": 0.0, "Lb_Med_26": 0.0, "Lbr_Jbt_26": 13.11, "Bgn_Ats_26": "BTP", "Jns_Jbt_26": "STANDAR", "Thn_Bgn_26": "2024", "BA_26": "0", "LNT_26": "0", "BB_26": "0", "DAS_26": "0", "OP_26": "0", "UT_26": "0", "GR_26": "0", "LB_26": "0", "JBT_26": "0", "Tp_Lnts_26": "SUNGAI", "Dt_Lnts_26": "SUNGAI LURUS (STRAIGHT)", "Pnangnn_26": "RUTIN", "Pmriksn_26": "RUTIN", "Pnglola_26": "BPJN NUSA TENGGARA BARAT", "Satkr_ID26": "693914", "PPK_Name26": "PPK 1.2", "Traffic_26": null, "VCR_26": "0.6323", "AADT_26": "8915.5", "Tipe_Jb_26": null, "Lat_26": -8.50192, "Long_26": 116.052399, "Tgl_Ins_26": "5\/21\/2025", "Ket_26": null }, "geometry": { "type": "Point", "coordinates": [ 116.052399, -8.50192 ] } },
{ "type": "Feature", "properties": { "KDRUAS_UPD": "42045", "NOJBT_UPD": "42.045.026.0", "NM_RUAS_UP": "DOMPU - HU'U", "NM_JBT_UPD": "LAPOCU", "PROVINSI": "NUSA TENGGARA BARAT", "No_Prov_26": "42", "ID_Jbt_26": "4200543", "Kd_Ruas_26": "42045", "Suffix_26": null, "Nm_Ruas_26": "DOMPU - HU'U", "Lintas_26": "NON LINTAS", "No_Jbt_26": "42.045.026.0", "Nm_Jbt_26": "LAPOCU", "Status_26": "N", "Fungsi_26": "K1", "Lks_Dr_26": "RBA", "Lks_km_26": 913.0, "F_STA_26": "2650", "Cadin_26": "DOM", "Pjg_Jbt_26": 10.6, "Btg_Pjg_26": 10.34, "Jml_Btg_26": "1", "Lb_Jl_Ms26": 6.18, "Lb_Jl_Kl26": 6.18, "Lb_Lalin26": 6.3, "Lb_Bh_Ki26": 0.39, "Lb_Bh_Ka26": 0.35, "Lb_Dr_Ki26": 0.0, "Lb_Dr_Ka26": 0.0, "Lb_Tr_Ki26": 0.98, "Lb_Tr_Ka26": 1.0, "Lb_TS_Ki26": 0.31, "Lb_TS_Ka26": 0.3, "Lb_Med_26": 0.0, "Lbr_Jbt_26": 9.63, "Bgn_Ats_26": "VPP", "Jns_Jbt_26": "STANDAR", "Thn_Bgn_26": "2024", "BA_26": "1", "LNT_26": "0", "BB_26": "1", "DAS_26": "1", "OP_26": "1", "UT_26": "0", "GR_26": "0", "LB_26": "0", "JBT_26": "1", "Tp_Lnts_26": "SUNGAI", "Dt_Lnts_26": "SUNGAI LURUS (STRAIGHT)", "Pnangnn_26": "RUTIN", "Pmriksn_26": "RUTIN", "Pnglola_26": "BPJN NUSA TENGGARA BARAT", "Satkr_ID26": "693916", "PPK_Name26": "PPK 3.1", "Traffic_26": null, "VCR_26": "0.133", "AADT_26": "1404.6", "Tipe_Jb_26": null, "Lat_26": -8.730362, "Long_26": 118.448803, "Tgl_Ins_26": "6\/3\/2025", "Ket_26": null }, "geometry": { "type": "Point", "coordinates": [ 118.448803, -8.730362 ] } },
{ "type": "Feature", "properties": { "KDRUAS_UPD": "42051", "NOJBT_UPD": "42.051.002.0", "NM_RUAS_UP": "JALAN BARU SAMOTA", "NM_JBT_UPD": "LABU SAWO", "PROVINSI": "NUSA TENGGARA BARAT", "No_Prov_26": "42", "ID_Jbt_26": null, "Kd_Ruas_26": "42051", "Suffix_26": null, "Nm_Ruas_26": "JALAN BARU SAMOTA", "Lintas_26": "NON LINTAS", "No_Jbt_26": "42.051.002.0", "Nm_Jbt_26": "LABU SAWO", "Status_26": "NS", "Fungsi_26": null, "Lks_Dr_26": "SBW", "Lks_km_26": 1222.0, "F_STA_26": null, "Cadin_26": "SBW", "Pjg_Jbt_26": 95.0, "Btg_Pjg_26": 40.65, "Jml_Btg_26": "3", "Lb_Jl_Ms26": 6.48, "Lb_Jl_Kl26": 6.48, "Lb_Lalin26": 6.6, "Lb_Bh_Ki26": 0.26, "Lb_Bh_Ka26": 0.25, "Lb_Dr_Ki26": 0.0, "Lb_Dr_Ka26": 0.0, "Lb_Tr_Ki26": 1.12, "Lb_Tr_Ka26": 1.15, "Lb_TS_Ki26": 0.2, "Lb_TS_Ka26": 0.22, "Lb_Med_26": 0.0, "Lbr_Jbt_26": 9.8, "Bgn_Ats_26": "GPP", "Jns_Jbt_26": "STANDAR", "Thn_Bgn_26": "2019", "BA_26": "2", "LNT_26": "2", "BB_26": "2", "DAS_26": "0", "OP_26": "2", "UT_26": "1", "GR_26": "0", "LB_26": "0", "JBT_26": "2", "Tp_Lnts_26": "SUNGAI", "Dt_Lnts_26": "SUNGAI LURUS (STRAIGHT)", "Pnangnn_26": "RUTIN", "Pmriksn_26": "RUTIN", "Pnglola_26": "BPJN NUSA TENGGARA BARAT", "Satkr_ID26": "693915", "PPK_Name26": "PPK 2.3", "Traffic_26": null, "VCR_26": "0", "AADT_26": "0", "Tipe_Jb_26": null, "Lat_26": -8.41887, "Long_26": 117.475, "Tgl_Ins_26": "7\/7\/2024", "Ket_26": null }, "geometry": { "type": "Point", "coordinates": [ 117.475, -8.41887 ] } },
{ "type": "Feature", "properties": { "KDRUAS_UPD": "42051", "NOJBT_UPD": "42.051.001.0", "NM_RUAS_UP": "JALAN BARU SAMOTA", "NM_JBT_UPD": "SAMOTA", "PROVINSI": "NUSA TENGGARA BARAT", "No_Prov_26": "42", "ID_Jbt_26": null, "Kd_Ruas_26": "42051", "Suffix_26": null, "Nm_Ruas_26": "JALAN BARU SAMOTA", "Lintas_26": "NON LINTAS", "No_Jbt_26": "42.051.001.0", "Nm_Jbt_26": "SAMOTA", "Status_26": "NS", "Fungsi_26": null, "Lks_Dr_26": "SBW", "Lks_km_26": 41.0, "F_STA_26": null, "Cadin_26": "SBW", "Pjg_Jbt_26": 240.0, "Btg_Pjg_26": 80.4, "Jml_Btg_26": "5", "Lb_Jl_Ms26": 6.13, "Lb_Jl_Kl26": 6.13, "Lb_Lalin26": 6.25, "Lb_Bh_Ki26": 0.39, "Lb_Bh_Ka26": 0.39, "Lb_Dr_Ki26": 0.0, "Lb_Dr_Ka26": 0.0, "Lb_Tr_Ki26": 1.0, "Lb_Tr_Ka26": 0.95, "Lb_TS_Ki26": 0.25, "Lb_TS_Ka26": 0.25, "Lb_Med_26": 0.0, "Lbr_Jbt_26": 9.48, "Bgn_Ats_26": "LTP", "Jns_Jbt_26": "KHUSUS", "Thn_Bgn_26": "2017", "BA_26": "2", "LNT_26": "2", "BB_26": "1", "DAS_26": "0", "OP_26": "2", "UT_26": "0", "GR_26": "0", "LB_26": "0", "JBT_26": "2", "Tp_Lnts_26": "SUNGAI", "Dt_Lnts_26": "SUNGAI LURUS (STRAIGHT)", "Pnangnn_26": "RUTIN", "Pmriksn_26": "DETAIL", "Pnglola_26": "BPJN NUSA TENGGARA BARAT", "Satkr_ID26": "693915", "PPK_Name26": "PPK 2.3", "Traffic_26": null, "VCR_26": "0", "AADT_26": "0", "Tipe_Jb_26": null, "Lat_26": -8.468611, "Long_26": 117.4102, "Tgl_Ins_26": "5\/24\/2026", "Ket_26": null }, "geometry": { "type": "Point", "coordinates": [ 117.4102, -8.468611 ] } },
{ "type": "Feature", "properties": { "KDRUAS_UPD": "42043", "NOJBT_UPD": "42.043.020.0", "NM_RUAS_UP": "PEMENANG - BAYAN", "NM_JBT_UPD": "LENDANG REDUI", "PROVINSI": "NUSA TENGGARA BARAT", "No_Prov_26": "42", "ID_Jbt_26": null, "Kd_Ruas_26": "42043", "Suffix_26": null, "Nm_Ruas_26": "PEMENANG - BAYAN", "Lintas_26": "NON LINTAS", "No_Jbt_26": "42.043.020.0", "Nm_Jbt_26": "LENDANG REDUI", "Status_26": "N", "Fungsi_26": "K1", "Lks_Dr_26": "MTR", "Lks_km_26": 5876.0, "F_STA_26": null, "Cadin_26": "KLU", "Pjg_Jbt_26": 9.2, "Btg_Pjg_26": 8.0, "Jml_Btg_26": "1", "Lb_Jl_Ms26": 6.63, "Lb_Jl_Kl26": 6.63, "Lb_Lalin26": 6.63, "Lb_Bh_Ki26": 0.2, "Lb_Bh_Ka26": 0.2, "Lb_Dr_Ki26": 0.0, "Lb_Dr_Ka26": 0.0, "Lb_Tr_Ki26": 0.9, "Lb_Tr_Ka26": 1.05, "Lb_TS_Ki26": 0.3, "Lb_TS_Ka26": 0.3, "Lb_Med_26": 0.0, "Lbr_Jbt_26": 9.58, "Bgn_Ats_26": "BTP", "Jns_Jbt_26": "STANDAR", "Thn_Bgn_26": "2025", "BA_26": "0", "LNT_26": "0", "BB_26": "0", "DAS_26": "0", "OP_26": "0", "UT_26": "0", "GR_26": "0", "LB_26": "0", "JBT_26": "0", "Tp_Lnts_26": "SUNGAI", "Dt_Lnts_26": "SUNGAI LURUS (STRAIGHT)", "Pnangnn_26": "RUTIN", "Pmriksn_26": "INVENTARISASI", "Pnglola_26": "BPJN NUSA TENGGARA BARAT", "Satkr_ID26": "693914", "PPK_Name26": "PPK 1.2", "Traffic_26": null, "VCR_26": "0.5244", "AADT_26": "3013.7", "Tipe_Jb_26": null, "Lat_26": -8.29805, "Long_26": 116.207458, "Tgl_Ins_26": "5\/3\/2026", "Ket_26": null }, "geometry": { "type": "Point", "coordinates": [ 116.207458, -8.29805 ] } }
]
}
