{
"type": "FeatureCollection",
"name": "Papua Selatan_2026_Q",
"crs": { "type": "name", "properties": { "name": "urn:ogc:def:crs:OGC:1.3:CRS84" } },
"features": [
{ "type": "Feature", "properties": { "KDRUAS_UPD": "620272", "NOJBT_UPD": "62.027.063.0.2", "NM_RUAS_UP": "BTS. KAB. BOVEN DIGOEL /MERAUKE - MUTING", "NM_JBT_UPD": "ALAM 8 BOX", "PROVINSI": "PAPUA SELATAN (MERAUKE)", "No_Prov_26": "62", "ID_Jbt_26": "6201107", "Kd_Ruas_26": "620272", "Suffix_26": "2", "Nm_Ruas_26": "BTS. KAB. BOVEN DIGOEL /MERAUKE - MUTING", "Lintas_26": "JALAN LINTAS PERBATASAN", "No_Jbt_26": "62.027.063.0.2", "Nm_Jbt_26": "ALAM 8 BOX", "Status_26": "N", "Fungsi_26": "K", "Lks_Dr_26": "MTG", "Lks_km_26": 33.669, "F_STA_26": "1490", "Cadin_26": "GTR", "Pjg_Jbt_26": 6.9, "Btg_Pjg_26": 3.0, "Jml_Btg_26": "2", "Lb_Jl_Ms26": 4.42, "Lb_Jl_Kl26": 4.42, "Lb_Lalin26": 4.42, "Lb_Bh_Ki26": 1.66, "Lb_Bh_Ka26": 1.24, "Lb_Dr_Ki26": 0.0, "Lb_Dr_Ka26": 0.0, "Lb_Tr_Ki26": 0.0, "Lb_Tr_Ka26": 0.0, "Lb_TS_Ki26": 0.34, "Lb_TS_Ka26": 0.25, "Lb_Med_26": 0.0, "Lbr_Jbt_26": 7.91, "Bgn_Ats_26": "BTP", "Jns_Jbt_26": "STANDAR", "Thn_Bgn_26": "2012", "BA_26": "2", "LNT_26": "0", "BB_26": "1", "DAS_26": "2", "OP_26": "0", "UT_26": "0", "GR_26": "0", "LB_26": "0", "JBT_26": "2", "Tp_Lnts_26": "SUNGAI", "Dt_Lnts_26": "LURUS", "Pnangnn_26": "RUTIN", "Pmriksn_26": "RUTIN", "Pnglola_26": "BPJN PAPUA SELATAN", "Satkr_ID26": "693944", "PPK_Name26": "PPK 1.3 PROVINSI PAPUA SELATAN", "Traffic_26": null, "VCR_26": "0.2076", "AADT_26": "0", "Tipe_Jb_26": null, "Lat_26": -7.157724034, "Long_26": 140.741121, "Tgl_Ins_26": "26/04/2021", "Ket_26": null }, "geometry": { "type": "Point", "coordinates": [ 140.740906000011933, -7.157556000409045 ] } },
{ "type": "Feature", "properties": { "KDRUAS_UPD": "620271", "NOJBT_UPD": "62.027.002.0.1", "NM_RUAS_UP": "GENTENTIRI - BTS. KAB. MERAUKE / BOVEN DIGOEL", "NM_JBT_UPD": "ANAK KALI MANDOM I", "PROVINSI": "PAPUA SELATAN (MERAUKE)", "No_Prov_26": "62", "ID_Jbt_26": "6201360", "Kd_Ruas_26": "620271", "Suffix_26": "1", "Nm_Ruas_26": "GENTENTIRI - BTS. KAB. MERAUKE / BOVEN DIGOEL", "Lintas_26": "JALAN LINTAS PERBATASAN", "No_Jbt_26": "62.027.002.0.1", "Nm_Jbt_26": "ANAK KALI MANDOM I", "Status_26": "N", "Fungsi_26": "K", "Lks_Dr_26": "MTG", "Lks_km_26": 0.123, "F_STA_26": "7590", "Cadin_26": "GTR", "Pjg_Jbt_26": 20.5, "Btg_Pjg_26": 20.13, "Jml_Btg_26": "1", "Lb_Jl_Ms26": 5.48, "Lb_Jl_Kl26": 5.48, "Lb_Lalin26": 5.48, "Lb_Bh_Ki26": 0.7, "Lb_Bh_Ka26": 0.77, "Lb_Dr_Ki26": 0.07, "Lb_Dr_Ka26": 0.07, "Lb_Tr_Ki26": 0.945, "Lb_Tr_Ka26": 0.95, "Lb_TS_Ki26": 0.3, "Lb_TS_Ka26": 0.3, "Lb_Med_26": 0.0, "Lbr_Jbt_26": 9.59, "Bgn_Ats_26": "GBP", "Jns_Jbt_26": "STANDAR", "Thn_Bgn_26": "2018", "BA_26": "1", "LNT_26": "0", "BB_26": "1", "DAS_26": "1", "OP_26": "0", "UT_26": "0", "GR_26": "0", "LB_26": "0", "JBT_26": "1", "Tp_Lnts_26": "LINTASAN AIR LAINNYA", "Dt_Lnts_26": "RAWA", "Pnangnn_26": "RUTIN", "Pmriksn_26": "RUTIN", "Pnglola_26": "BPJN PAPUA SELATAN", "Satkr_ID26": "693947", "PPK_Name26": "PPK 2.1 PROVINSI PAPUA SELATAN", "Traffic_26": null, "VCR_26": "0.0244", "AADT_26": "0", "Tipe_Jb_26": null, "Lat_26": -7.030893015, "Long_26": 140.717023, "Tgl_Ins_26": "19/04/2021", "Ket_26": null }, "geometry": { "type": "Point", "coordinates": [ 140.722425000313592, -7.019158999787976 ] } },
{ "type": "Feature", "properties": { "KDRUAS_UPD": "620271", "NOJBT_UPD": "62.027.012.0.1", "NM_RUAS_UP": "GENTENTIRI - BTS. KAB. MERAUKE / BOVEN DIGOEL", "NM_JBT_UPD": "ANAK KALI MANDOM II", "PROVINSI": "PAPUA SELATAN (MERAUKE)", "No_Prov_26": "62", "ID_Jbt_26": "6201369", "Kd_Ruas_26": "620271", "Suffix_26": "1", "Nm_Ruas_26": "GENTENTIRI - BTS. KAB. MERAUKE / BOVEN DIGOEL", "Lintas_26": "JALAN LINTAS PERBATASAN", "No_Jbt_26": "62.027.012.0.1", "Nm_Jbt_26": "ANAK KALI MANDOM II", "Status_26": "N", "Fungsi_26": "K", "Lks_Dr_26": "MTG", "Lks_km_26": 12.722, "F_STA_26": "6510", "Cadin_26": "GTR", "Pjg_Jbt_26": 6.0, "Btg_Pjg_26": 2.6, "Jml_Btg_26": "2", "Lb_Jl_Ms26": 5.2, "Lb_Jl_Kl26": 5.2, "Lb_Lalin26": 5.2, "Lb_Bh_Ki26": 1.25, "Lb_Bh_Ka26": 2.25, "Lb_Dr_Ki26": 0.0, "Lb_Dr_Ka26": 0.0, "Lb_Tr_Ki26": 0.0, "Lb_Tr_Ka26": 0.0, "Lb_TS_Ki26": 0.28, "Lb_TS_Ka26": 0.31, "Lb_Med_26": 0.0, "Lbr_Jbt_26": 9.29, "Bgn_Ats_26": "BTP", "Jns_Jbt_26": "STANDAR", "Thn_Bgn_26": "2014", "BA_26": "1", "LNT_26": "0", "BB_26": "0", "DAS_26": "1", "OP_26": "0", "UT_26": "0", "GR_26": "0", "LB_26": "0", "JBT_26": "1", "Tp_Lnts_26": "SUNGAI", "Dt_Lnts_26": "BERKELOK", "Pnangnn_26": "RUTIN", "Pmriksn_26": "RUTIN", "Pnglola_26": "BPJN PAPUA SELATAN", "Satkr_ID26": "693947", "PPK_Name26": "PPK 2.1 PROVINSI PAPUA SELATAN", "Traffic_26": null, "VCR_26": "0.0244", "AADT_26": "0", "Tipe_Jb_26": null, "Lat_26": -6.959777009, "Long_26": 140.665327, "Tgl_Ins_26": "19/04/2021", "Ket_26": null }, "geometry": { "type": "Point", "coordinates": [ 140.665328999633743, -6.959757999831766 ] } },
{ "type": "Feature", "properties": { "KDRUAS_UPD": "620271", "NOJBT_UPD": "62.027.016.0.1", "NM_RUAS_UP": "GENTENTIRI - BTS. KAB. MERAUKE / BOVEN DIGOEL", "NM_JBT_UPD": "ANAK KALI TAPI", "PROVINSI": "PAPUA SELATAN (MERAUKE)", "No_Prov_26": "62", "ID_Jbt_26": "6202093", "Kd_Ruas_26": "620271", "Suffix_26": "1", "Nm_Ruas_26": "GENTENTIRI - BTS. KAB. MERAUKE / BOVEN DIGOEL", "Lintas_26": "JALAN LINTAS PERBATASAN", "No_Jbt_26": "62.027.016.0.1", "Nm_Jbt_26": "ANAK KALI TAPI", "Status_26": "N", "Fungsi_26": "K", "Lks_Dr_26": "MTG", "Lks_km_26": 15.674, "F_STA_26": "5480", "Cadin_26": "GTR", "Pjg_Jbt_26": 25.0, "Btg_Pjg_26": 25.0, "Jml_Btg_26": "1", "Lb_Jl_Ms26": 6.82, "Lb_Jl_Kl26": 6.82, "Lb_Lalin26": 6.82, "Lb_Bh_Ki26": 0.0, "Lb_Bh_Ka26": 0.0, "Lb_Dr_Ki26": 0.06, "Lb_Dr_Ka26": 0.1, "Lb_Tr_Ki26": 0.98, "Lb_Tr_Ka26": 0.96, "Lb_TS_Ki26": 0.25, "Lb_TS_Ka26": 0.3, "Lb_Med_26": 0.0, "Lbr_Jbt_26": 9.47, "Bgn_Ats_26": "GBP", "Jns_Jbt_26": "STANDAR", "Thn_Bgn_26": "2016", "BA_26": "2", "LNT_26": "2", "BB_26": "1", "DAS_26": "2", "OP_26": "0", "UT_26": "0", "GR_26": "0", "LB_26": "0", "JBT_26": "2", "Tp_Lnts_26": "SUNGAI", "Dt_Lnts_26": "LURUS", "Pnangnn_26": "RUTIN", "Pmriksn_26": "RUTIN", "Pnglola_26": "BPJN PAPUA SELATAN", "Satkr_ID26": "693947", "PPK_Name26": "PPK 2.1 PROVINSI PAPUA SELATAN", "Traffic_26": null, "VCR_26": "0.0244", "AADT_26": "0", "Tipe_Jb_26": null, "Lat_26": -6.884497963, "Long_26": 140.621659, "Tgl_Ins_26": "19/04/2021", "Ket_26": null }, "geometry": { "type": "Point", "coordinates": [ 140.621811000077628, -6.884592000420412 ] } },
{ "type": "Feature", "properties": { "KDRUAS_UPD": "62029", "NOJBT_UPD": "62.029.036.0", "NM_RUAS_UP": "BUPUL - ERAMBU - SOTA", "NM_JBT_UPD": "ANAK KALI WANGGO I", "PROVINSI": "PAPUA SELATAN (MERAUKE)", "No_Prov_26": "62", "ID_Jbt_26": "6200435", "Kd_Ruas_26": "62029", "Suffix_26": null, "Nm_Ruas_26": "BUPUL - ERAMBU - SOTA", "Lintas_26": "JALAN LINTAS PERBATASAN", "No_Jbt_26": "62.029.036.0", "Nm_Jbt_26": "ANAK KALI WANGGO I", "Status_26": "N", "Fungsi_26": "K", "Lks_Dr_26": "BPL", "Lks_km_26": 43.164, "F_STA_26": "6720", "Cadin_26": "MTG", "Pjg_Jbt_26": 40.0, "Btg_Pjg_26": 40.0, "Jml_Btg_26": "1", "Lb_Jl_Ms26": 5.8, "Lb_Jl_Kl26": 5.8, "Lb_Lalin26": 5.8, "Lb_Bh_Ki26": 0.0, "Lb_Bh_Ka26": 0.0, "Lb_Dr_Ki26": 0.08, "Lb_Dr_Ka26": 0.08, "Lb_Tr_Ki26": 0.48, "Lb_Tr_Ka26": 0.49, "Lb_TS_Ki26": 0.0, "Lb_TS_Ka26": 0.0, "Lb_Med_26": 0.0, "Lbr_Jbt_26": 6.93, "Bgn_Ats_26": "RBP", "Jns_Jbt_26": "STANDAR", "Thn_Bgn_26": "2014", "BA_26": "2", "LNT_26": "2", "BB_26": "2", "DAS_26": "1", "OP_26": "1", "UT_26": "0", "GR_26": "0", "LB_26": "0", "JBT_26": "2", "Tp_Lnts_26": "SUNGAI", "Dt_Lnts_26": "LURUS", "Pnangnn_26": "RUTIN", "Pmriksn_26": "RUTIN", "Pnglola_26": "BPJN PAPUA SELATAN", "Satkr_ID26": "693944", "PPK_Name26": "PPK 1.4 PROVINSI PAPUA SELATAN", "Traffic_26": null, "VCR_26": "0.0072", "AADT_26": "749", "Tipe_Jb_26": null, "Lat_26": -8.049470019, "Long_26": 141.008171, "Tgl_Ins_26": "20/05/2024", "Ket_26": null }, "geometry": { "type": "Point", "coordinates": [ 141.008118000045783, -8.049642999724597 ] } },
{ "type": "Feature", "properties": { "KDRUAS_UPD": "620271", "NOJBT_UPD": "62.027.021.0.1", "NM_RUAS_UP": "GENTENTIRI - BTS. KAB. MERAUKE / BOVEN DIGOEL", "NM_JBT_UPD": "ARIO (KUMAAF I)", "PROVINSI": "PAPUA SELATAN (MERAUKE)", "No_Prov_26": "62", "ID_Jbt_26": "6200401", "Kd_Ruas_26": "620271", "Suffix_26": "1", "Nm_Ruas_26": "GENTENTIRI - BTS. KAB. MERAUKE / BOVEN DIGOEL", "Lintas_26": "JALAN LINTAS PERBATASAN", "No_Jbt_26": "62.027.021.0.1", "Nm_Jbt_26": "ARIO (KUMAAF I)", "Status_26": "N", "Fungsi_26": "K", "Lks_Dr_26": "MTG", "Lks_km_26": 33.668, "F_STA_26": "4370", "Cadin_26": "GTR", "Pjg_Jbt_26": 20.0, "Btg_Pjg_26": 20.0, "Jml_Btg_26": "1", "Lb_Jl_Ms26": 6.63, "Lb_Jl_Kl26": 6.63, "Lb_Lalin26": 6.63, "Lb_Bh_Ki26": 0.0, "Lb_Bh_Ka26": 0.18, "Lb_Dr_Ki26": 0.1, "Lb_Dr_Ka26": 0.1, "Lb_Tr_Ki26": 0.78, "Lb_Tr_Ka26": 0.87, "Lb_TS_Ki26": 0.42, "Lb_TS_Ka26": 0.42, "Lb_Med_26": 0.0, "Lbr_Jbt_26": 9.5, "Bgn_Ats_26": "GBP", "Jns_Jbt_26": "STANDAR", "Thn_Bgn_26": "2010", "BA_26": "2", "LNT_26": "2", "BB_26": "0", "DAS_26": "2", "OP_26": "0", "UT_26": "0", "GR_26": "0", "LB_26": "0", "JBT_26": "2", "Tp_Lnts_26": "SUNGAI", "Dt_Lnts_26": "LURUS", "Pnangnn_26": "RUTIN", "Pmriksn_26": "RUTIN", "Pnglola_26": "BPJN PAPUA SELATAN", "Satkr_ID26": "693947", "PPK_Name26": "PPK 2.1 PROVINSI PAPUA SELATAN", "Traffic_26": null, "VCR_26": "0.0244", "AADT_26": "0", "Tipe_Jb_26": null, "Lat_26": -6.807505, "Long_26": 140.570165, "Tgl_Ins_26": "19/04/2021", "Ket_26": null }, "geometry": { "type": "Point", "coordinates": [ 140.569808999585689, -6.808059000022809 ] } },
{ "type": "Feature", "properties": { "KDRUAS_UPD": "62025", "NOJBT_UPD": "62.025.012.0", "NM_RUAS_UP": "MINDIPTANA - TANAH MERAH", "NM_JBT_UPD": "ATEN", "PROVINSI": "PAPUA SELATAN (MERAUKE)", "No_Prov_26": "62", "ID_Jbt_26": "6201562", "Kd_Ruas_26": "62025", "Suffix_26": null, "Nm_Ruas_26": "MINDIPTANA - TANAH MERAH", "Lintas_26": "JALAN LINTAS PERBATASAN", "No_Jbt_26": "62.025.012.0", "Nm_Jbt_26": "ATEN", "Status_26": "N", "Fungsi_26": "K", "Lks_Dr_26": "TMR", "Lks_km_26": 75.658, "F_STA_26": "400", "Cadin_26": "MDT", "Pjg_Jbt_26": 30.0, "Btg_Pjg_26": 30.1, "Jml_Btg_26": "1", "Lb_Jl_Ms26": 5.88, "Lb_Jl_Kl26": 5.88, "Lb_Lalin26": 5.88, "Lb_Bh_Ki26": 0.0, "Lb_Bh_Ka26": 0.0, "Lb_Dr_Ki26": 0.1, "Lb_Dr_Ka26": 0.1, "Lb_Tr_Ki26": 0.39, "Lb_Tr_Ka26": 0.38, "Lb_TS_Ki26": 0.26, "Lb_TS_Ka26": 0.22, "Lb_Med_26": 0.0, "Lbr_Jbt_26": 7.33, "Bgn_Ats_26": "GBP", "Jns_Jbt_26": "STANDAR", "Thn_Bgn_26": "2016", "BA_26": "2", "LNT_26": "2", "BB_26": "0", "DAS_26": "1", "OP_26": "0", "UT_26": "0", "GR_26": "0", "LB_26": "0", "JBT_26": "2", "Tp_Lnts_26": "SUNGAI", "Dt_Lnts_26": "LURUS", "Pnangnn_26": "RUTIN", "Pmriksn_26": "RUTIN", "Pnglola_26": "BPJN PAPUA SELATAN", "Satkr_ID26": "693947", "PPK_Name26": "PPK 2.2 PROVINSI PAPUA SELATAN", "Traffic_26": null, "VCR_26": "0.3086", "AADT_26": "1356", "Tipe_Jb_26": null, "Lat_26": -5.874064984, "Long_26": 140.656933, "Tgl_Ins_26": "19/04/2021", "Ket_26": null }, "geometry": { "type": "Point", "coordinates": [ 140.656647000358817, -5.874369000428999 ] } },
{ "type": "Feature", "properties": { "KDRUAS_UPD": "620272", "NOJBT_UPD": "62.027.057.0.2", "NM_RUAS_UP": "BTS. KAB. BOVEN DIGOEL /MERAUKE - MUTING", "NM_JBT_UPD": "BENCANA ALAM 5", "PROVINSI": "PAPUA SELATAN (MERAUKE)", "No_Prov_26": "62", "ID_Jbt_26": "6202266", "Kd_Ruas_26": "620272", "Suffix_26": "2", "Nm_Ruas_26": "BTS. KAB. BOVEN DIGOEL /MERAUKE - MUTING", "Lintas_26": "JALAN LINTAS PERBATASAN", "No_Jbt_26": "62.027.057.0.2", "Nm_Jbt_26": "BENCANA ALAM 5", "Status_26": "N", "Fungsi_26": "K", "Lks_Dr_26": "MTG", "Lks_km_26": 28.885, "F_STA_26": "1950", "Cadin_26": "GTR", "Pjg_Jbt_26": 6.4, "Btg_Pjg_26": 3.0, "Jml_Btg_26": "2", "Lb_Jl_Ms26": 4.6, "Lb_Jl_Kl26": 4.6, "Lb_Lalin26": 4.6, "Lb_Bh_Ki26": 1.85, "Lb_Bh_Ka26": 1.49, "Lb_Dr_Ki26": 0.0, "Lb_Dr_Ka26": 0.0, "Lb_Tr_Ki26": 0.0, "Lb_Tr_Ka26": 0.0, "Lb_TS_Ki26": 0.0, "Lb_TS_Ka26": 0.0, "Lb_Med_26": 0.0, "Lbr_Jbt_26": 7.94, "Bgn_Ats_26": "BTP", "Jns_Jbt_26": "STANDAR", "Thn_Bgn_26": "2012", "BA_26": "1", "LNT_26": "0", "BB_26": "1", "DAS_26": "2", "OP_26": "0", "UT_26": "0", "GR_26": "0", "LB_26": "0", "JBT_26": "2", "Tp_Lnts_26": "SUNGAI", "Dt_Lnts_26": "LURUS", "Pnangnn_26": "RUTIN", "Pmriksn_26": "RUTIN", "Pnglola_26": "BPJN PAPUA SELATAN", "Satkr_ID26": "693944", "PPK_Name26": "PPK 1.3 PROVINSI PAPUA SELATAN", "Traffic_26": null, "VCR_26": "0.2076", "AADT_26": "0", "Tipe_Jb_26": null, "Lat_26": -7.191923037, "Long_26": 140.763391, "Tgl_Ins_26": "26/04/2021", "Ket_26": null }, "geometry": { "type": "Point", "coordinates": [ 140.763350999948784, -7.191730999885692 ] } },
{ "type": "Feature", "properties": { "KDRUAS_UPD": "620272", "NOJBT_UPD": "62.027.050.0.2", "NM_RUAS_UP": "BTS. KAB. BOVEN DIGOEL /MERAUKE - MUTING", "NM_JBT_UPD": "BENCANA ALAM I", "PROVINSI": "PAPUA SELATAN (MERAUKE)", "No_Prov_26": "62", "ID_Jbt_26": "6202259", "Kd_Ruas_26": "620272", "Suffix_26": "2", "Nm_Ruas_26": "BTS. KAB. BOVEN DIGOEL /MERAUKE - MUTING", "Lintas_26": "JALAN LINTAS PERBATASAN", "No_Jbt_26": "62.027.050.0.2", "Nm_Jbt_26": "BENCANA ALAM I", "Status_26": "N", "Fungsi_26": "K", "Lks_Dr_26": "MTG", "Lks_km_26": 22.26, "F_STA_26": "2440", "Cadin_26": "GTR", "Pjg_Jbt_26": 25.0, "Btg_Pjg_26": 25.17, "Jml_Btg_26": "1", "Lb_Jl_Ms26": 5.2, "Lb_Jl_Kl26": 5.2, "Lb_Lalin26": 5.2, "Lb_Bh_Ki26": 0.0, "Lb_Bh_Ka26": 0.0, "Lb_Dr_Ki26": 0.1, "Lb_Dr_Ka26": 0.1, "Lb_Tr_Ki26": 0.74, "Lb_Tr_Ka26": 0.72, "Lb_TS_Ki26": 0.3, "Lb_TS_Ka26": 0.31, "Lb_Med_26": 0.0, "Lbr_Jbt_26": 7.47, "Bgn_Ats_26": "GBP", "Jns_Jbt_26": "STANDAR", "Thn_Bgn_26": "2014", "BA_26": "2", "LNT_26": "2", "BB_26": "1", "DAS_26": "2", "OP_26": "0", "UT_26": "0", "GR_26": "0", "LB_26": "0", "JBT_26": "2", "Tp_Lnts_26": "SUNGAI", "Dt_Lnts_26": "LURUS", "Pnangnn_26": "RUTIN", "Pmriksn_26": "RUTIN", "Pnglola_26": "BPJN PAPUA SELATAN", "Satkr_ID26": "693944", "PPK_Name26": "PPK 1.3 PROVINSI PAPUA SELATAN", "Traffic_26": null, "VCR_26": "0.2076", "AADT_26": "0", "Tipe_Jb_26": null, "Lat_26": -7.230203021, "Long_26": 140.7521, "Tgl_Ins_26": "26/04/2021", "Ket_26": null }, "geometry": { "type": "Point", "coordinates": [ 140.752089999553846, -7.229983000315144 ] } },
{ "type": "Feature", "properties": { "KDRUAS_UPD": "620272", "NOJBT_UPD": "62.027.051.0.2", "NM_RUAS_UP": "BTS. KAB. BOVEN DIGOEL /MERAUKE - MUTING", "NM_JBT_UPD": "BENCANA ALAM II", "PROVINSI": "PAPUA SELATAN (MERAUKE)", "No_Prov_26": "62", "ID_Jbt_26": "6202260", "Kd_Ruas_26": "620272", "Suffix_26": "2", "Nm_Ruas_26": "BTS. KAB. BOVEN DIGOEL /MERAUKE - MUTING", "Lintas_26": "JALAN LINTAS PERBATASAN", "No_Jbt_26": "62.027.051.0.2", "Nm_Jbt_26": "BENCANA ALAM II", "Status_26": "N", "Fungsi_26": "K", "Lks_Dr_26": "MTG", "Lks_km_26": 24.08, "F_STA_26": "2250", "Cadin_26": "GTR", "Pjg_Jbt_26": 25.0, "Btg_Pjg_26": 25.37, "Jml_Btg_26": "1", "Lb_Jl_Ms26": 5.83, "Lb_Jl_Kl26": 5.83, "Lb_Lalin26": 5.83, "Lb_Bh_Ki26": 0.0, "Lb_Bh_Ka26": 0.0, "Lb_Dr_Ki26": 0.1, "Lb_Dr_Ka26": 0.1, "Lb_Tr_Ki26": 0.41, "Lb_Tr_Ka26": 0.35, "Lb_TS_Ki26": 0.29, "Lb_TS_Ka26": 0.25, "Lb_Med_26": 0.0, "Lbr_Jbt_26": 7.33, "Bgn_Ats_26": "GBP", "Jns_Jbt_26": "STANDAR", "Thn_Bgn_26": "2014", "BA_26": "1", "LNT_26": "1", "BB_26": "1", "DAS_26": "1", "OP_26": "0", "UT_26": "0", "GR_26": "0", "LB_26": "0", "JBT_26": "1", "Tp_Lnts_26": "SUNGAI", "Dt_Lnts_26": "LURUS", "Pnangnn_26": "RUTIN", "Pmriksn_26": "RUTIN", "Pnglola_26": "BPJN PAPUA SELATAN", "Satkr_ID26": "693944", "PPK_Name26": "PPK 1.3 PROVINSI PAPUA SELATAN", "Traffic_26": null, "VCR_26": "0.2076", "AADT_26": "0", "Tipe_Jb_26": null, "Lat_26": -7.214688035, "Long_26": 140.756227, "Tgl_Ins_26": "26/04/2021", "Ket_26": null }, "geometry": { "type": "Point", "coordinates": [ 140.756378000344512, -7.214512000028719 ] } },
{ "type": "Feature", "properties": { "KDRUAS_UPD": "620272", "NOJBT_UPD": "62.027.052.0.2", "NM_RUAS_UP": "BTS. KAB. BOVEN DIGOEL /MERAUKE - MUTING", "NM_JBT_UPD": "BENCANA ALAM III", "PROVINSI": "PAPUA SELATAN (MERAUKE)", "No_Prov_26": "62", "ID_Jbt_26": "6202261", "Kd_Ruas_26": "620272", "Suffix_26": "2", "Nm_Ruas_26": "BTS. KAB. BOVEN DIGOEL /MERAUKE - MUTING", "Lintas_26": "JALAN LINTAS PERBATASAN", "No_Jbt_26": "62.027.052.0.2", "Nm_Jbt_26": "BENCANA ALAM III", "Status_26": "N", "Fungsi_26": "K", "Lks_Dr_26": "MTG", "Lks_km_26": 24.9, "F_STA_26": "2180", "Cadin_26": "GTR", "Pjg_Jbt_26": 7.5, "Btg_Pjg_26": 3.0, "Jml_Btg_26": "2", "Lb_Jl_Ms26": 4.55, "Lb_Jl_Kl26": 4.55, "Lb_Lalin26": 4.55, "Lb_Bh_Ki26": 1.4, "Lb_Bh_Ka26": 1.43, "Lb_Dr_Ki26": 0.0, "Lb_Dr_Ka26": 0.0, "Lb_Tr_Ki26": 0.0, "Lb_Tr_Ka26": 0.0, "Lb_TS_Ki26": 0.29, "Lb_TS_Ka26": 0.3, "Lb_Med_26": 0.0, "Lbr_Jbt_26": 7.97, "Bgn_Ats_26": "BTP", "Jns_Jbt_26": "STANDAR", "Thn_Bgn_26": "2012", "BA_26": "1", "LNT_26": "0", "BB_26": "1", "DAS_26": "1", "OP_26": "0", "UT_26": "0", "GR_26": "0", "LB_26": "0", "JBT_26": "1", "Tp_Lnts_26": "LINTASAN AIR LAINNYA", "Dt_Lnts_26": "RAWA", "Pnangnn_26": "RUTIN", "Pmriksn_26": "RUTIN", "Pnglola_26": "BPJN PAPUA SELATAN", "Satkr_ID26": "693944", "PPK_Name26": "PPK 1.3 PROVINSI PAPUA SELATAN", "Traffic_26": null, "VCR_26": "0.2076", "AADT_26": "0", "Tipe_Jb_26": null, "Lat_26": -7.211098988, "Long_26": 140.762451, "Tgl_Ins_26": "26/04/2021", "Ket_26": null }, "geometry": { "type": "Point", "coordinates": [ 140.762465999606206, -7.211166000410572 ] } },
{ "type": "Feature", "properties": { "KDRUAS_UPD": "62025", "NOJBT_UPD": "62.025.008.0", "NM_RUAS_UP": "MINDIPTANA - TANAH MERAH", "NM_JBT_UPD": "BENNY", "PROVINSI": "PAPUA SELATAN (MERAUKE)", "No_Prov_26": "62", "ID_Jbt_26": "6200374", "Kd_Ruas_26": "62025", "Suffix_26": null, "Nm_Ruas_26": "MINDIPTANA - TANAH MERAH", "Lintas_26": "JALAN LINTAS PERBATASAN", "No_Jbt_26": "62.025.008.0", "Nm_Jbt_26": "BENNY", "Status_26": "N", "Fungsi_26": "K", "Lks_Dr_26": "TMR", "Lks_km_26": 69.316, "F_STA_26": "940", "Cadin_26": "MDT", "Pjg_Jbt_26": 30.0, "Btg_Pjg_26": 30.1, "Jml_Btg_26": "1", "Lb_Jl_Ms26": 5.76, "Lb_Jl_Kl26": 5.76, "Lb_Lalin26": 5.76, "Lb_Bh_Ki26": 0.0, "Lb_Bh_Ka26": 0.0, "Lb_Dr_Ki26": 0.1, "Lb_Dr_Ka26": 0.08, "Lb_Tr_Ki26": 0.42, "Lb_Tr_Ka26": 0.485, "Lb_TS_Ki26": 0.26, "Lb_TS_Ka26": 0.24, "Lb_Med_26": 0.0, "Lbr_Jbt_26": 7.35, "Bgn_Ats_26": "GBP", "Jns_Jbt_26": "STANDAR", "Thn_Bgn_26": "2014", "BA_26": "2", "LNT_26": "2", "BB_26": "0", "DAS_26": "1", "OP_26": "0", "UT_26": "0", "GR_26": "0", "LB_26": "0", "JBT_26": "2", "Tp_Lnts_26": "SUNGAI", "Dt_Lnts_26": "LURUS", "Pnangnn_26": "RUTIN", "Pmriksn_26": "RUTIN", "Pnglola_26": "BPJN PAPUA SELATAN", "Satkr_ID26": "693947", "PPK_Name26": "PPK 2.2 PROVINSI PAPUA SELATAN", "Traffic_26": null, "VCR_26": "0.3086", "AADT_26": "1356", "Tipe_Jb_26": null, "Lat_26": -5.876750965, "Long_26": 140.614128, "Tgl_Ins_26": "16/04/2021", "Ket_26": null }, "geometry": { "type": "Point", "coordinates": [ 140.613678000039727, -5.876701000051071 ] } },
{ "type": "Feature", "properties": { "KDRUAS_UPD": "620271", "NOJBT_UPD": "62.027.022.0.1", "NM_RUAS_UP": "GENTENTIRI - BTS. KAB. MERAUKE / BOVEN DIGOEL", "NM_JBT_UPD": "BERTHO", "PROVINSI": "PAPUA SELATAN (MERAUKE)", "No_Prov_26": "62", "ID_Jbt_26": "6200402", "Kd_Ruas_26": "620271", "Suffix_26": "1", "Nm_Ruas_26": "GENTENTIRI - BTS. KAB. MERAUKE / BOVEN DIGOEL", "Lintas_26": "JALAN LINTAS PERBATASAN", "No_Jbt_26": "62.027.022.0.1", "Nm_Jbt_26": "BERTHO", "Status_26": "N", "Fungsi_26": "K", "Lks_Dr_26": "MTG", "Lks_km_26": 36.241, "F_STA_26": "4080", "Cadin_26": "GTR", "Pjg_Jbt_26": 60.0, "Btg_Pjg_26": 60.0, "Jml_Btg_26": "1", "Lb_Jl_Ms26": 5.73, "Lb_Jl_Kl26": 5.73, "Lb_Lalin26": 5.73, "Lb_Bh_Ki26": 0.0, "Lb_Bh_Ka26": 0.0, "Lb_Dr_Ki26": 0.13, "Lb_Dr_Ka26": 0.1, "Lb_Tr_Ki26": 0.44, "Lb_Tr_Ka26": 0.46, "Lb_TS_Ki26": 0.0, "Lb_TS_Ka26": 0.0, "Lb_Med_26": 0.0, "Lbr_Jbt_26": 6.86, "Bgn_Ats_26": "RBP", "Jns_Jbt_26": "STANDAR", "Thn_Bgn_26": "2014", "BA_26": "2", "LNT_26": "2", "BB_26": "1", "DAS_26": "1", "OP_26": "1", "UT_26": "0", "GR_26": "0", "LB_26": "0", "JBT_26": "2", "Tp_Lnts_26": "SUNGAI", "Dt_Lnts_26": "LURUS", "Pnangnn_26": "RUTIN", "Pmriksn_26": "RUTIN", "Pnglola_26": "BPJN PAPUA SELATAN", "Satkr_ID26": "693947", "PPK_Name26": "PPK 2.1 PROVINSI PAPUA SELATAN", "Traffic_26": null, "VCR_26": "0.0244", "AADT_26": "0", "Tipe_Jb_26": null, "Lat_26": -6.783454958, "Long_26": 140.571591, "Tgl_Ins_26": "21/05/2024", "Ket_26": null }, "geometry": { "type": "Point", "coordinates": [ 140.571563999578984, -6.783270999956642 ] } },
{ "type": "Feature", "properties": { "KDRUAS_UPD": "620271", "NOJBT_UPD": "62.027.020.0.1", "NM_RUAS_UP": "GENTENTIRI - BTS. KAB. MERAUKE / BOVEN DIGOEL", "NM_JBT_UPD": "BONJOS", "PROVINSI": "PAPUA SELATAN (MERAUKE)", "No_Prov_26": "62", "ID_Jbt_26": "6200400", "Kd_Ruas_26": "620271", "Suffix_26": "1", "Nm_Ruas_26": "GENTENTIRI - BTS. KAB. MERAUKE / BOVEN DIGOEL", "Lintas_26": "JALAN LINTAS PERBATASAN", "No_Jbt_26": "62.027.020.0.1", "Nm_Jbt_26": "BONJOS", "Status_26": "N", "Fungsi_26": "K", "Lks_Dr_26": "MTG", "Lks_km_26": 29.723, "F_STA_26": "4760", "Cadin_26": "GTR", "Pjg_Jbt_26": 25.8, "Btg_Pjg_26": 25.3, "Jml_Btg_26": "1", "Lb_Jl_Ms26": 5.5, "Lb_Jl_Kl26": 5.5, "Lb_Lalin26": 5.5, "Lb_Bh_Ki26": 0.8, "Lb_Bh_Ka26": 0.6, "Lb_Dr_Ki26": 0.1, "Lb_Dr_Ka26": 0.07, "Lb_Tr_Ki26": 0.92, "Lb_Tr_Ka26": 0.91, "Lb_TS_Ki26": 0.28, "Lb_TS_Ka26": 0.275, "Lb_Med_26": 0.0, "Lbr_Jbt_26": 9.46, "Bgn_Ats_26": "GBP", "Jns_Jbt_26": "STANDAR", "Thn_Bgn_26": "2010", "BA_26": "2", "LNT_26": "2", "BB_26": "0", "DAS_26": "1", "OP_26": "0", "UT_26": "0", "GR_26": "0", "LB_26": "0", "JBT_26": "2", "Tp_Lnts_26": "SUNGAI", "Dt_Lnts_26": "LURUS", "Pnangnn_26": "RUTIN", "Pmriksn_26": "RUTIN", "Pnglola_26": "BPJN PAPUA SELATAN", "Satkr_ID26": "693947", "PPK_Name26": "PPK 2.1 PROVINSI PAPUA SELATAN", "Traffic_26": null, "VCR_26": "0.0244", "AADT_26": "0", "Tipe_Jb_26": null, "Lat_26": -6.839500973, "Long_26": 140.579691, "Tgl_Ins_26": "19/04/2021", "Ket_26": null }, "geometry": { "type": "Point", "coordinates": [ 140.579696999616885, -6.839473999925133 ] } },
{ "type": "Feature", "properties": { "KDRUAS_UPD": "62029", "NOJBT_UPD": "62.029.051.0", "NM_RUAS_UP": "BUPUL - ERAMBU - SOTA", "NM_JBT_UPD": "BOX 134+450", "PROVINSI": "PAPUA SELATAN (MERAUKE)", "No_Prov_26": "62", "ID_Jbt_26": "6201257", "Kd_Ruas_26": "62029", "Suffix_26": null, "Nm_Ruas_26": "BUPUL - ERAMBU - SOTA", "Lintas_26": "JALAN LINTAS PERBATASAN", "No_Jbt_26": "62.029.051.0", "Nm_Jbt_26": "BOX 134+450", "Status_26": "N", "Fungsi_26": "K", "Lks_Dr_26": "BPL", "Lks_km_26": 53.925, "F_STA_26": "5650", "Cadin_26": "MTG", "Pjg_Jbt_26": 6.0, "Btg_Pjg_26": 2.9, "Jml_Btg_26": "2", "Lb_Jl_Ms26": 4.6, "Lb_Jl_Kl26": 4.6, "Lb_Lalin26": 4.6, "Lb_Bh_Ki26": 1.14, "Lb_Bh_Ka26": 0.9, "Lb_Dr_Ki26": 0.0, "Lb_Dr_Ka26": 0.0, "Lb_Tr_Ki26": 0.0, "Lb_Tr_Ka26": 0.0, "Lb_TS_Ki26": 0.23, "Lb_TS_Ka26": 0.23, "Lb_Med_26": 0.0, "Lbr_Jbt_26": 7.1, "Bgn_Ats_26": "BTP", "Jns_Jbt_26": "STANDAR", "Thn_Bgn_26": "2012", "BA_26": "0", "LNT_26": "0", "BB_26": "1", "DAS_26": "1", "OP_26": "0", "UT_26": "0", "GR_26": "2", "LB_26": "0", "JBT_26": "2", "Tp_Lnts_26": "SUNGAI", "Dt_Lnts_26": "LURUS", "Pnangnn_26": "RUTIN", "Pmriksn_26": "RUTIN", "Pnglola_26": "BPJN PAPUA SELATAN", "Satkr_ID26": "693944", "PPK_Name26": "PPK 1.4 PROVINSI PAPUA SELATAN", "Traffic_26": null, "VCR_26": "0.0072", "AADT_26": "749", "Tipe_Jb_26": null, "Lat_26": -7.959866971, "Long_26": 140.990316, "Tgl_Ins_26": "17/05/2021", "Ket_26": null }, "geometry": { "type": "Point", "coordinates": [ 140.990204000414337, -7.959827000115922 ] } },
{ "type": "Feature", "properties": { "KDRUAS_UPD": "62029", "NOJBT_UPD": "62.029.093.0", "NM_RUAS_UP": "BUPUL - ERAMBU - SOTA", "NM_JBT_UPD": "BOX 157+150", "PROVINSI": "PAPUA SELATAN (MERAUKE)", "No_Prov_26": "62", "ID_Jbt_26": "6201299", "Kd_Ruas_26": "62029", "Suffix_26": null, "Nm_Ruas_26": "BUPUL - ERAMBU - SOTA", "Lintas_26": "JALAN LINTAS PERBATASAN", "No_Jbt_26": "62.029.093.0", "Nm_Jbt_26": "BOX 157+150", "Status_26": "N", "Fungsi_26": "K", "Lks_Dr_26": "BPL", "Lks_km_26": 77.38, "F_STA_26": "3260", "Cadin_26": "MTG", "Pjg_Jbt_26": 6.35, "Btg_Pjg_26": 3.0, "Jml_Btg_26": "2", "Lb_Jl_Ms26": 4.56, "Lb_Jl_Kl26": 4.56, "Lb_Lalin26": 4.56, "Lb_Bh_Ki26": 1.39, "Lb_Bh_Ka26": 1.6, "Lb_Dr_Ki26": 0.0, "Lb_Dr_Ka26": 0.0, "Lb_Tr_Ki26": 0.0, "Lb_Tr_Ka26": 0.0, "Lb_TS_Ki26": 0.2, "Lb_TS_Ka26": 0.2, "Lb_Med_26": 0.0, "Lbr_Jbt_26": 7.95, "Bgn_Ats_26": "BTP", "Jns_Jbt_26": "STANDAR", "Thn_Bgn_26": "2012", "BA_26": "1", "LNT_26": "0", "BB_26": "1", "DAS_26": "1", "OP_26": "0", "UT_26": "0", "GR_26": "0", "LB_26": "0", "JBT_26": "1", "Tp_Lnts_26": "SUNGAI", "Dt_Lnts_26": "LURUS", "Pnangnn_26": "RUTIN", "Pmriksn_26": "RUTIN", "Pnglola_26": "BPJN PAPUA SELATAN", "Satkr_ID26": "693944", "PPK_Name26": "PPK 1.4 PROVINSI PAPUA SELATAN", "Traffic_26": null, "VCR_26": "0.0072", "AADT_26": "749", "Tipe_Jb_26": null, "Lat_26": -7.771878988, "Long_26": 140.999681, "Tgl_Ins_26": "18/05/2021", "Ket_26": null }, "geometry": { "type": "Point", "coordinates": [ 140.999663999593963, -7.771890000123335 ] } },
{ "type": "Feature", "properties": { "KDRUAS_UPD": "62029", "NOJBT_UPD": "62.029.106.0", "NM_RUAS_UP": "BUPUL - ERAMBU - SOTA", "NM_JBT_UPD": "BOX 162+600", "PROVINSI": "PAPUA SELATAN (MERAUKE)", "No_Prov_26": "62", "ID_Jbt_26": "6201312", "Kd_Ruas_26": "62029", "Suffix_26": null, "Nm_Ruas_26": "BUPUL - ERAMBU - SOTA", "Lintas_26": "JALAN LINTAS PERBATASAN", "No_Jbt_26": "62.029.106.0", "Nm_Jbt_26": "BOX 162+600", "Status_26": "N", "Fungsi_26": "K", "Lks_Dr_26": "BPL", "Lks_km_26": 83.018, "F_STA_26": "2750", "Cadin_26": "MTG", "Pjg_Jbt_26": 7.0, "Btg_Pjg_26": 3.0, "Jml_Btg_26": "2", "Lb_Jl_Ms26": 4.54, "Lb_Jl_Kl26": 4.54, "Lb_Lalin26": 4.54, "Lb_Bh_Ki26": 0.87, "Lb_Bh_Ka26": 1.0, "Lb_Dr_Ki26": 0.0, "Lb_Dr_Ka26": 0.0, "Lb_Tr_Ki26": 0.0, "Lb_Tr_Ka26": 0.0, "Lb_TS_Ki26": 0.0, "Lb_TS_Ka26": 0.0, "Lb_Med_26": 0.0, "Lbr_Jbt_26": 6.41, "Bgn_Ats_26": "BTP", "Jns_Jbt_26": "STANDAR", "Thn_Bgn_26": "2009", "BA_26": "0", "LNT_26": "0", "BB_26": "1", "DAS_26": "1", "OP_26": "0", "UT_26": "0", "GR_26": "0", "LB_26": "0", "JBT_26": "1", "Tp_Lnts_26": "SUNGAI", "Dt_Lnts_26": "LURUS", "Pnangnn_26": "RUTIN", "Pmriksn_26": "RUTIN", "Pnglola_26": "BPJN PAPUA SELATAN", "Satkr_ID26": "693944", "PPK_Name26": "PPK 1.4 PROVINSI PAPUA SELATAN", "Traffic_26": null, "VCR_26": "0.0072", "AADT_26": "749", "Tipe_Jb_26": null, "Lat_26": -7.729824968, "Long_26": 140.994414, "Tgl_Ins_26": "18/05/2021", "Ket_26": null }, "geometry": { "type": "Point", "coordinates": [ 140.994293000121957, -7.729650000147331 ] } },
{ "type": "Feature", "properties": { "KDRUAS_UPD": "62028", "NOJBT_UPD": "62.028.034.0", "NM_RUAS_UP": "MUTING - BUPUL", "NM_JBT_UPD": "BOX 216+750", "PROVINSI": "PAPUA SELATAN (MERAUKE)", "No_Prov_26": "62", "ID_Jbt_26": "6202319", "Kd_Ruas_26": "62028", "Suffix_26": null, "Nm_Ruas_26": "MUTING - BUPUL", "Lintas_26": "JALAN LINTAS PERBATASAN", "No_Jbt_26": "62.028.034.0", "Nm_Jbt_26": "BOX 216+750", "Status_26": "N", "Fungsi_26": "K", "Lks_Dr_26": "BPL", "Lks_km_26": 33.83, "F_STA_26": "920", "Cadin_26": "MTG", "Pjg_Jbt_26": 6.5, "Btg_Pjg_26": 1.5, "Jml_Btg_26": "2", "Lb_Jl_Ms26": 4.2, "Lb_Jl_Kl26": 4.2, "Lb_Lalin26": 4.2, "Lb_Bh_Ki26": 1.35, "Lb_Bh_Ka26": 1.5, "Lb_Dr_Ki26": 0.0, "Lb_Dr_Ka26": 0.0, "Lb_Tr_Ki26": 0.4, "Lb_Tr_Ka26": 0.4, "Lb_TS_Ki26": 0.0, "Lb_TS_Ka26": 0.0, "Lb_Med_26": 0.0, "Lbr_Jbt_26": 7.85, "Bgn_Ats_26": "BTP", "Jns_Jbt_26": "STANDAR", "Thn_Bgn_26": "2014", "BA_26": "0", "LNT_26": "0", "BB_26": "2", "DAS_26": "1", "OP_26": "0", "UT_26": "0", "GR_26": "0", "LB_26": "0", "JBT_26": "2", "Tp_Lnts_26": "SUNGAI", "Dt_Lnts_26": "LURUS", "Pnangnn_26": "RUTIN", "Pmriksn_26": "RUTIN", "Pnglola_26": "BPJN PAPUA SELATAN", "Satkr_ID26": "693944", "PPK_Name26": "PPK 1.3 PROVINSI PAPUA SELATAN", "Traffic_26": null, "VCR_26": "0.0136", "AADT_26": "2252", "Tipe_Jb_26": null, "Lat_26": -7.427316969, "Long_26": 140.653482, "Tgl_Ins_26": "29/04/2021", "Ket_26": null }, "geometry": { "type": "Point", "coordinates": [ 140.653457999886882, -7.427278000179513 ] } },
{ "type": "Feature", "properties": { "KDRUAS_UPD": "620271", "NOJBT_UPD": "62.027.017.0.1", "NM_RUAS_UP": "GENTENTIRI - BTS. KAB. MERAUKE / BOVEN DIGOEL", "NM_JBT_UPD": "BOX 219", "PROVINSI": "PAPUA SELATAN (MERAUKE)", "No_Prov_26": "62", "ID_Jbt_26": "6200397", "Kd_Ruas_26": "620271", "Suffix_26": "1", "Nm_Ruas_26": "GENTENTIRI - BTS. KAB. MERAUKE / BOVEN DIGOEL", "Lintas_26": "JALAN LINTAS PERBATASAN", "No_Jbt_26": "62.027.017.0.1", "Nm_Jbt_26": "BOX 219", "Status_26": "N", "Fungsi_26": "K", "Lks_Dr_26": "MTG", "Lks_km_26": 22.57, "F_STA_26": "5450", "Cadin_26": "GTR", "Pjg_Jbt_26": 6.4, "Btg_Pjg_26": 2.0, "Jml_Btg_26": "1", "Lb_Jl_Ms26": 5.2, "Lb_Jl_Kl26": 5.2, "Lb_Lalin26": 5.2, "Lb_Bh_Ki26": 1.45, "Lb_Bh_Ka26": 1.83, "Lb_Dr_Ki26": 0.0, "Lb_Dr_Ka26": 0.0, "Lb_Tr_Ki26": 0.0, "Lb_Tr_Ka26": 0.0, "Lb_TS_Ki26": 0.3, "Lb_TS_Ka26": 0.25, "Lb_Med_26": 0.0, "Lbr_Jbt_26": 9.03, "Bgn_Ats_26": "BTP", "Jns_Jbt_26": "STANDAR", "Thn_Bgn_26": "2010", "BA_26": "2", "LNT_26": "1", "BB_26": "0", "DAS_26": "2", "OP_26": "0", "UT_26": "0", "GR_26": "0", "LB_26": "0", "JBT_26": "2", "Tp_Lnts_26": "SUNGAI", "Dt_Lnts_26": "LURUS", "Pnangnn_26": "RUTIN", "Pmriksn_26": "RUTIN", "Pnglola_26": "BPJN PAPUA SELATAN", "Satkr_ID26": "693947", "PPK_Name26": "PPK 2.1 PROVINSI PAPUA SELATAN", "Traffic_26": null, "VCR_26": "0.0244", "AADT_26": "0", "Tipe_Jb_26": null, "Lat_26": -6.883507976, "Long_26": 140.619665, "Tgl_Ins_26": "19/04/2021", "Ket_26": null }, "geometry": { "type": "Point", "coordinates": [ 140.619614000385923, -6.883487999871249 ] } },
{ "type": "Feature", "properties": { "KDRUAS_UPD": "62028", "NOJBT_UPD": "62.028.045.0", "NM_RUAS_UP": "MUTING - BUPUL", "NM_JBT_UPD": "BOX 222", "PROVINSI": "PAPUA SELATAN (MERAUKE)", "No_Prov_26": "62", "ID_Jbt_26": "6202330", "Kd_Ruas_26": "62028", "Suffix_26": null, "Nm_Ruas_26": "MUTING - BUPUL", "Lintas_26": "JALAN LINTAS PERBATASAN", "No_Jbt_26": "62.028.045.0", "Nm_Jbt_26": "BOX 222", "Status_26": "N", "Fungsi_26": "K", "Lks_Dr_26": "BPL", "Lks_km_26": 43.951, "F_STA_26": "70", "Cadin_26": "MTG", "Pjg_Jbt_26": 7.0, "Btg_Pjg_26": 3.0, "Jml_Btg_26": "2", "Lb_Jl_Ms26": 4.4, "Lb_Jl_Kl26": 4.4, "Lb_Lalin26": 4.4, "Lb_Bh_Ki26": 1.6, "Lb_Bh_Ka26": 1.4, "Lb_Dr_Ki26": 0.0, "Lb_Dr_Ka26": 0.0, "Lb_Tr_Ki26": 0.0, "Lb_Tr_Ka26": 0.0, "Lb_TS_Ki26": 0.3, "Lb_TS_Ka26": 0.3, "Lb_Med_26": 0.0, "Lbr_Jbt_26": 8.0, "Bgn_Ats_26": "BTP", "Jns_Jbt_26": "STANDAR", "Thn_Bgn_26": "2014", "BA_26": "0", "LNT_26": "0", "BB_26": "1", "DAS_26": "1", "OP_26": "0", "UT_26": "0", "GR_26": "0", "LB_26": "0", "JBT_26": "1", "Tp_Lnts_26": "SUNGAI", "Dt_Lnts_26": "LURUS", "Pnangnn_26": "RUTIN", "Pmriksn_26": "RUTIN", "Pnglola_26": "BPJN PAPUA SELATAN", "Satkr_ID26": "693944", "PPK_Name26": "PPK 1.3 PROVINSI PAPUA SELATAN", "Traffic_26": null, "VCR_26": "0.0136", "AADT_26": "2252", "Tipe_Jb_26": null, "Lat_26": -7.359526986, "Long_26": 140.656578, "Tgl_Ins_26": "29/04/2021", "Ket_26": null }, "geometry": { "type": "Point", "coordinates": [ 140.656525000128681, -7.359412000163616 ] } },
{ "type": "Feature", "properties": { "KDRUAS_UPD": "62028", "NOJBT_UPD": "62.028.044.0", "NM_RUAS_UP": "MUTING - BUPUL", "NM_JBT_UPD": "BOX 223+650", "PROVINSI": "PAPUA SELATAN (MERAUKE)", "No_Prov_26": "62", "ID_Jbt_26": "6202329", "Kd_Ruas_26": "62028", "Suffix_26": null, "Nm_Ruas_26": "MUTING - BUPUL", "Lintas_26": "JALAN LINTAS PERBATASAN", "No_Jbt_26": "62.028.044.0", "Nm_Jbt_26": "BOX 223+650", "Status_26": "N", "Fungsi_26": "K", "Lks_Dr_26": "BPL", "Lks_km_26": 42.226, "F_STA_26": "210", "Cadin_26": "MTG", "Pjg_Jbt_26": 6.9, "Btg_Pjg_26": 2.0, "Jml_Btg_26": "3", "Lb_Jl_Ms26": 4.47, "Lb_Jl_Kl26": 4.47, "Lb_Lalin26": 4.47, "Lb_Bh_Ki26": 0.81, "Lb_Bh_Ka26": 1.05, "Lb_Dr_Ki26": 0.0, "Lb_Dr_Ka26": 0.0, "Lb_Tr_Ki26": 0.0, "Lb_Tr_Ka26": 0.0, "Lb_TS_Ki26": 0.26, "Lb_TS_Ka26": 0.3, "Lb_Med_26": 0.0, "Lbr_Jbt_26": 6.89, "Bgn_Ats_26": "BTP", "Jns_Jbt_26": "STANDAR", "Thn_Bgn_26": "2014", "BA_26": "1", "LNT_26": "0", "BB_26": "2", "DAS_26": "1", "OP_26": "0", "UT_26": "0", "GR_26": "0", "LB_26": "0", "JBT_26": "2", "Tp_Lnts_26": "SUNGAI", "Dt_Lnts_26": "LURUS", "Pnangnn_26": "RUTIN", "Pmriksn_26": "RUTIN", "Pnglola_26": "BPJN PAPUA SELATAN", "Satkr_ID26": "693944", "PPK_Name26": "PPK 1.3 PROVINSI PAPUA SELATAN", "Traffic_26": null, "VCR_26": "0.0136", "AADT_26": "2252", "Tipe_Jb_26": null, "Lat_26": -7.370854, "Long_26": 140.651431, "Tgl_Ins_26": "29/04/2021", "Ket_26": null }, "geometry": { "type": "Point", "coordinates": [ 140.651427999802422, -7.370739000004789 ] } },
{ "type": "Feature", "properties": { "KDRUAS_UPD": "62029", "NOJBT_UPD": "62.029.032.0", "NM_RUAS_UP": "BUPUL - ERAMBU - SOTA", "NM_JBT_UPD": "BOX 59", "PROVINSI": "PAPUA SELATAN (MERAUKE)", "No_Prov_26": "62", "ID_Jbt_26": "6200432", "Kd_Ruas_26": "62029", "Suffix_26": null, "Nm_Ruas_26": "BUPUL - ERAMBU - SOTA", "Lintas_26": "JALAN LINTAS PERBATASAN", "No_Jbt_26": "62.029.032.0", "Nm_Jbt_26": "BOX 59", "Status_26": "N", "Fungsi_26": "K", "Lks_Dr_26": "BPL", "Lks_km_26": 39.909, "F_STA_26": "7040", "Cadin_26": "MTG", "Pjg_Jbt_26": 6.9, "Btg_Pjg_26": 3.0, "Jml_Btg_26": "2", "Lb_Jl_Ms26": 6.7, "Lb_Jl_Kl26": 6.7, "Lb_Lalin26": 6.7, "Lb_Bh_Ki26": 0.4, "Lb_Bh_Ka26": 0.37, "Lb_Dr_Ki26": 0.0, "Lb_Dr_Ka26": 0.0, "Lb_Tr_Ki26": 0.12, "Lb_Tr_Ka26": 0.12, "Lb_TS_Ki26": 0.0, "Lb_TS_Ka26": 0.0, "Lb_Med_26": 0.0, "Lbr_Jbt_26": 7.71, "Bgn_Ats_26": "BTP", "Jns_Jbt_26": "STANDAR", "Thn_Bgn_26": "2000", "BA_26": "0", "LNT_26": "0", "BB_26": "1", "DAS_26": "2", "OP_26": "0", "UT_26": "0", "GR_26": "0", "LB_26": "0", "JBT_26": "2", "Tp_Lnts_26": "SUNGAI", "Dt_Lnts_26": "LURUS", "Pnangnn_26": "RUTIN", "Pmriksn_26": "RUTIN", "Pnglola_26": "BPJN PAPUA SELATAN", "Satkr_ID26": "693944", "PPK_Name26": "PPK 1.4 PROVINSI PAPUA SELATAN", "Traffic_26": null, "VCR_26": "0.0072", "AADT_26": "749", "Tipe_Jb_26": null, "Lat_26": -8.07745602, "Long_26": 141.012621, "Tgl_Ins_26": "16/05/2021", "Ket_26": null }, "geometry": { "type": "Point", "coordinates": [ 141.012604000074589, -8.077470999686852 ] } },
{ "type": "Feature", "properties": { "KDRUAS_UPD": "62029", "NOJBT_UPD": "62.029.037.0", "NM_RUAS_UP": "BUPUL - ERAMBU - SOTA", "NM_JBT_UPD": "BOX 62", "PROVINSI": "PAPUA SELATAN (MERAUKE)", "No_Prov_26": "62", "ID_Jbt_26": "6200436", "Kd_Ruas_26": "62029", "Suffix_26": null, "Nm_Ruas_26": "BUPUL - ERAMBU - SOTA", "Lintas_26": "JALAN LINTAS PERBATASAN", "No_Jbt_26": "62.029.037.0", "Nm_Jbt_26": "BOX 62", "Status_26": "N", "Fungsi_26": "K", "Lks_Dr_26": "BPL", "Lks_km_26": 43.406, "F_STA_26": "6700", "Cadin_26": "MTG", "Pjg_Jbt_26": 7.8, "Btg_Pjg_26": 3.0, "Jml_Btg_26": "2", "Lb_Jl_Ms26": 4.42, "Lb_Jl_Kl26": 4.42, "Lb_Lalin26": 4.42, "Lb_Bh_Ki26": 0.6, "Lb_Bh_Ka26": 1.42, "Lb_Dr_Ki26": 0.0, "Lb_Dr_Ka26": 0.0, "Lb_Tr_Ki26": 0.0, "Lb_Tr_Ka26": 0.0, "Lb_TS_Ki26": 0.24, "Lb_TS_Ka26": 0.23, "Lb_Med_26": 0.0, "Lbr_Jbt_26": 6.91, "Bgn_Ats_26": "BTP", "Jns_Jbt_26": "STANDAR", "Thn_Bgn_26": "2014", "BA_26": "1", "LNT_26": "0", "BB_26": "1", "DAS_26": "1", "OP_26": "0", "UT_26": "0", "GR_26": "0", "LB_26": "0", "JBT_26": "1", "Tp_Lnts_26": "SUNGAI", "Dt_Lnts_26": "LURUS", "Pnangnn_26": "RUTIN", "Pmriksn_26": "RUTIN", "Pnglola_26": "BPJN PAPUA SELATAN", "Satkr_ID26": "693944", "PPK_Name26": "PPK 1.4 PROVINSI PAPUA SELATAN", "Traffic_26": null, "VCR_26": "0.0072", "AADT_26": "749", "Tipe_Jb_26": null, "Lat_26": -8.047504965, "Long_26": 141.008234, "Tgl_Ins_26": "16/05/2021", "Ket_26": null }, "geometry": { "type": "Point", "coordinates": [ 141.008269999860659, -8.047327999987147 ] } },
{ "type": "Feature", "properties": { "KDRUAS_UPD": "62029", "NOJBT_UPD": "62.029.045.0", "NM_RUAS_UP": "BUPUL - ERAMBU - SOTA", "NM_JBT_UPD": "BOX 67", "PROVINSI": "PAPUA SELATAN (MERAUKE)", "No_Prov_26": "62", "ID_Jbt_26": "6201251", "Kd_Ruas_26": "62029", "Suffix_26": null, "Nm_Ruas_26": "BUPUL - ERAMBU - SOTA", "Lintas_26": "JALAN LINTAS PERBATASAN", "No_Jbt_26": "62.029.045.0", "Nm_Jbt_26": "BOX 67", "Status_26": "N", "Fungsi_26": "K", "Lks_Dr_26": "BPL", "Lks_km_26": 48.381, "F_STA_26": "6200", "Cadin_26": "MTG", "Pjg_Jbt_26": 10.0, "Btg_Pjg_26": 1.5, "Jml_Btg_26": "2", "Lb_Jl_Ms26": 4.42, "Lb_Jl_Kl26": 4.42, "Lb_Lalin26": 4.42, "Lb_Bh_Ki26": 0.6, "Lb_Bh_Ka26": 1.42, "Lb_Dr_Ki26": 0.0, "Lb_Dr_Ka26": 0.0, "Lb_Tr_Ki26": 0.0, "Lb_Tr_Ka26": 0.0, "Lb_TS_Ki26": 0.24, "Lb_TS_Ka26": 0.23, "Lb_Med_26": 0.0, "Lbr_Jbt_26": 6.91, "Bgn_Ats_26": "BTP", "Jns_Jbt_26": "STANDAR", "Thn_Bgn_26": "2014", "BA_26": "0", "LNT_26": "0", "BB_26": "0", "DAS_26": "0", "OP_26": "1", "UT_26": "0", "GR_26": "1", "LB_26": "0", "JBT_26": "1", "Tp_Lnts_26": "SUNGAI", "Dt_Lnts_26": "LURUS", "Pnangnn_26": "RUTIN", "Pmriksn_26": "RUTIN", "Pnglola_26": "BPJN PAPUA SELATAN", "Satkr_ID26": "693944", "PPK_Name26": "PPK 1.4 PROVINSI PAPUA SELATAN", "Traffic_26": null, "VCR_26": "0.0072", "AADT_26": "0", "Tipe_Jb_26": null, "Lat_26": -8.006010018, "Long_26": 140.999711, "Tgl_Ins_26": "02/07/2026", "Ket_26": null }, "geometry": { "type": "Point", "coordinates": [ 140.99963400000911, -8.005970000215314 ] } },
{ "type": "Feature", "properties": { "KDRUAS_UPD": "62030", "NOJBT_UPD": "62.030.017.0", "NM_RUAS_UP": "SOTA - KM 40", "NM_JBT_UPD": "BOX 71+400", "PROVINSI": "PAPUA SELATAN (MERAUKE)", "No_Prov_26": "62", "ID_Jbt_26": "6202345", "Kd_Ruas_26": "62030", "Suffix_26": null, "Nm_Ruas_26": "SOTA - KM 40", "Lintas_26": "JALAN LINTAS PERBATASAN", "No_Jbt_26": "62.030.017.0", "Nm_Jbt_26": "BOX 71+400", "Status_26": "N", "Fungsi_26": "K", "Lks_Dr_26": "SOT", "Lks_km_26": 33.597, "F_STA_26": "480", "Cadin_26": "SOT", "Pjg_Jbt_26": 7.4, "Btg_Pjg_26": 2.0, "Jml_Btg_26": "1", "Lb_Jl_Ms26": 4.65, "Lb_Jl_Kl26": 4.65, "Lb_Lalin26": 4.65, "Lb_Bh_Ki26": 3.62, "Lb_Bh_Ka26": 2.2, "Lb_Dr_Ki26": 0.0, "Lb_Dr_Ka26": 0.0, "Lb_Tr_Ki26": 0.0, "Lb_Tr_Ka26": 0.22, "Lb_TS_Ki26": 0.24, "Lb_TS_Ka26": 0.24, "Lb_Med_26": 0.0, "Lbr_Jbt_26": 11.17, "Bgn_Ats_26": "BTP", "Jns_Jbt_26": "STANDAR", "Thn_Bgn_26": "2009", "BA_26": "1", "LNT_26": "0", "BB_26": "0", "DAS_26": "1", "OP_26": "0", "UT_26": "0", "GR_26": "0", "LB_26": "0", "JBT_26": "1", "Tp_Lnts_26": "SUNGAI", "Dt_Lnts_26": "LURUS", "Pnangnn_26": "RUTIN", "Pmriksn_26": "RUTIN", "Pnglola_26": "BPJN PAPUA SELATAN", "Satkr_ID26": null, "PPK_Name26": "PPK 1.1 PROVINSI PAPUA SELATAN", "Traffic_26": null, "VCR_26": "0.0207", "AADT_26": "6396", "Tipe_Jb_26": null, "Lat_26": -8.430183018, "Long_26": 140.9547, "Tgl_Ins_26": "03/05/2021", "Ket_26": null }, "geometry": { "type": "Point", "coordinates": [ 140.954803000158449, -8.430111000222439 ] } },
{ "type": "Feature", "properties": { "KDRUAS_UPD": "62029", "NOJBT_UPD": "62.029.095.0", "NM_RUAS_UP": "BUPUL - ERAMBU - SOTA", "NM_JBT_UPD": "BOX 81", "PROVINSI": "PAPUA SELATAN (MERAUKE)", "No_Prov_26": "62", "ID_Jbt_26": "6201301", "Kd_Ruas_26": "62029", "Suffix_26": null, "Nm_Ruas_26": "BUPUL - ERAMBU - SOTA", "Lintas_26": "JALAN LINTAS PERBATASAN", "No_Jbt_26": "62.029.095.0", "Nm_Jbt_26": "BOX 81", "Status_26": "N", "Fungsi_26": "K", "Lks_Dr_26": "BPL", "Lks_km_26": 78.149, "F_STA_26": "3190", "Cadin_26": "MTG", "Pjg_Jbt_26": 8.0, "Btg_Pjg_26": 2.0, "Jml_Btg_26": "1", "Lb_Jl_Ms26": 4.5, "Lb_Jl_Kl26": 4.5, "Lb_Lalin26": 4.5, "Lb_Bh_Ki26": 1.14, "Lb_Bh_Ka26": 1.0, "Lb_Dr_Ki26": 0.0, "Lb_Dr_Ka26": 0.0, "Lb_Tr_Ki26": 0.0, "Lb_Tr_Ka26": 0.0, "Lb_TS_Ki26": 0.0, "Lb_TS_Ka26": 0.0, "Lb_Med_26": 0.0, "Lbr_Jbt_26": 6.64, "Bgn_Ats_26": "BTP", "Jns_Jbt_26": "STANDAR", "Thn_Bgn_26": "2012", "BA_26": "1", "LNT_26": "0", "BB_26": "0", "DAS_26": "1", "OP_26": "0", "UT_26": "0", "GR_26": "0", "LB_26": "0", "JBT_26": "1", "Tp_Lnts_26": "SUNGAI", "Dt_Lnts_26": "LURUS", "Pnangnn_26": "RUTIN", "Pmriksn_26": "RUTIN", "Pnglola_26": "BPJN PAPUA SELATAN", "Satkr_ID26": "693944", "PPK_Name26": "PPK 1.4 PROVINSI PAPUA SELATAN", "Traffic_26": null, "VCR_26": "0.0072", "AADT_26": "749", "Tipe_Jb_26": null, "Lat_26": -7.766590007, "Long_26": 140.996956, "Tgl_Ins_26": "18/05/2021", "Ket_26": null }, "geometry": { "type": "Point", "coordinates": [ 140.996856999650845, -7.766405999936921 ] } },
{ "type": "Feature", "properties": { "KDRUAS_UPD": "62029", "NOJBT_UPD": "62.029.112.0", "NM_RUAS_UP": "BUPUL - ERAMBU - SOTA", "NM_JBT_UPD": "BOX 86", "PROVINSI": "PAPUA SELATAN (MERAUKE)", "No_Prov_26": "62", "ID_Jbt_26": "6201318", "Kd_Ruas_26": "62029", "Suffix_26": null, "Nm_Ruas_26": "BUPUL - ERAMBU - SOTA", "Lintas_26": "JALAN LINTAS PERBATASAN", "No_Jbt_26": "62.029.112.0", "Nm_Jbt_26": "BOX 86", "Status_26": "N", "Fungsi_26": "K", "Lks_Dr_26": "BPL", "Lks_km_26": 85.978, "F_STA_26": "2460", "Cadin_26": "MTG", "Pjg_Jbt_26": 6.0, "Btg_Pjg_26": 1.5, "Jml_Btg_26": "3", "Lb_Jl_Ms26": 4.89, "Lb_Jl_Kl26": 4.89, "Lb_Lalin26": 4.89, "Lb_Bh_Ki26": 1.4, "Lb_Bh_Ka26": 1.31, "Lb_Dr_Ki26": 0.0, "Lb_Dr_Ka26": 0.0, "Lb_Tr_Ki26": 0.0, "Lb_Tr_Ka26": 0.0, "Lb_TS_Ki26": 0.0, "Lb_TS_Ka26": 0.0, "Lb_Med_26": 0.0, "Lbr_Jbt_26": 7.6, "Bgn_Ats_26": "BTP", "Jns_Jbt_26": "STANDAR", "Thn_Bgn_26": "2009", "BA_26": "0", "LNT_26": "0", "BB_26": "2", "DAS_26": "1", "OP_26": "0", "UT_26": "0", "GR_26": "0", "LB_26": "0", "JBT_26": "2", "Tp_Lnts_26": "SUNGAI", "Dt_Lnts_26": "LURUS", "Pnangnn_26": "RUTIN", "Pmriksn_26": "RUTIN", "Pnglola_26": "BPJN PAPUA SELATAN", "Satkr_ID26": "693944", "PPK_Name26": "PPK 1.4 PROVINSI PAPUA SELATAN", "Traffic_26": null, "VCR_26": "0.0072", "AADT_26": "749", "Tipe_Jb_26": null, "Lat_26": -7.713013971, "Long_26": 140.974052, "Tgl_Ins_26": "18/05/2021", "Ket_26": null }, "geometry": { "type": "Point", "coordinates": [ 140.974152000314575, -7.712981000372849 ] } },
{ "type": "Feature", "properties": { "KDRUAS_UPD": "62029", "NOJBT_UPD": "62.029.116.0", "NM_RUAS_UP": "BUPUL - ERAMBU - SOTA", "NM_JBT_UPD": "BOX 88", "PROVINSI": "PAPUA SELATAN (MERAUKE)", "No_Prov_26": "62", "ID_Jbt_26": "6201322", "Kd_Ruas_26": "62029", "Suffix_26": null, "Nm_Ruas_26": "BUPUL - ERAMBU - SOTA", "Lintas_26": "JALAN LINTAS PERBATASAN", "No_Jbt_26": "62.029.116.0", "Nm_Jbt_26": "BOX 88", "Status_26": "N", "Fungsi_26": "K", "Lks_Dr_26": "BPL", "Lks_km_26": 87.225, "F_STA_26": "2230", "Cadin_26": "MTG", "Pjg_Jbt_26": 6.75, "Btg_Pjg_26": 3.0, "Jml_Btg_26": "2", "Lb_Jl_Ms26": 4.55, "Lb_Jl_Kl26": 4.55, "Lb_Lalin26": 4.55, "Lb_Bh_Ki26": 1.73, "Lb_Bh_Ka26": 1.34, "Lb_Dr_Ki26": 0.0, "Lb_Dr_Ka26": 0.0, "Lb_Tr_Ki26": 0.0, "Lb_Tr_Ka26": 0.0, "Lb_TS_Ki26": 0.2, "Lb_TS_Ka26": 0.2, "Lb_Med_26": 0.0, "Lbr_Jbt_26": 8.02, "Bgn_Ats_26": "BTP", "Jns_Jbt_26": "STANDAR", "Thn_Bgn_26": "2009", "BA_26": "0", "LNT_26": "0", "BB_26": "1", "DAS_26": "1", "OP_26": "0", "UT_26": "0", "GR_26": "0", "LB_26": "0", "JBT_26": "1", "Tp_Lnts_26": "SUNGAI", "Dt_Lnts_26": "LURUS", "Pnangnn_26": "RUTIN", "Pmriksn_26": "RUTIN", "Pnglola_26": "BPJN PAPUA SELATAN", "Satkr_ID26": "693944", "PPK_Name26": "PPK 1.4 PROVINSI PAPUA SELATAN", "Traffic_26": null, "VCR_26": "0.0072", "AADT_26": "749", "Tipe_Jb_26": null, "Lat_26": -7.698864983, "Long_26": 140.958955, "Tgl_Ins_26": "18/05/2021", "Ket_26": null }, "geometry": { "type": "Point", "coordinates": [ 140.959029999934614, -7.698900000334675 ] } },
{ "type": "Feature", "properties": { "KDRUAS_UPD": "62029", "NOJBT_UPD": "62.029.117.0", "NM_RUAS_UP": "BUPUL - ERAMBU - SOTA", "NM_JBT_UPD": "BOX 89", "PROVINSI": "PAPUA SELATAN (MERAUKE)", "No_Prov_26": "62", "ID_Jbt_26": "6201323", "Kd_Ruas_26": "62029", "Suffix_26": null, "Nm_Ruas_26": "BUPUL - ERAMBU - SOTA", "Lintas_26": "JALAN LINTAS PERBATASAN", "No_Jbt_26": "62.029.117.0", "Nm_Jbt_26": "BOX 89", "Status_26": "N", "Fungsi_26": "K", "Lks_Dr_26": "BPL", "Lks_km_26": 88.278, "F_STA_26": "2170", "Cadin_26": "MTG", "Pjg_Jbt_26": 8.7, "Btg_Pjg_26": 1.5, "Jml_Btg_26": "3", "Lb_Jl_Ms26": 5.14, "Lb_Jl_Kl26": 5.14, "Lb_Lalin26": 5.14, "Lb_Bh_Ki26": 1.2, "Lb_Bh_Ka26": 1.5, "Lb_Dr_Ki26": 0.0, "Lb_Dr_Ka26": 0.0, "Lb_Tr_Ki26": 0.0, "Lb_Tr_Ka26": 0.0, "Lb_TS_Ki26": 0.25, "Lb_TS_Ka26": 0.23, "Lb_Med_26": 0.0, "Lbr_Jbt_26": 8.32, "Bgn_Ats_26": "BTP", "Jns_Jbt_26": "STANDAR", "Thn_Bgn_26": "2009", "BA_26": "0", "LNT_26": "0", "BB_26": "1", "DAS_26": "1", "OP_26": "0", "UT_26": "0", "GR_26": "0", "LB_26": "0", "JBT_26": "1", "Tp_Lnts_26": "SUNGAI", "Dt_Lnts_26": "LURUS", "Pnangnn_26": "RUTIN", "Pmriksn_26": "RUTIN", "Pnglola_26": "BPJN PAPUA SELATAN", "Satkr_ID26": "693944", "PPK_Name26": "PPK 1.4 PROVINSI PAPUA SELATAN", "Traffic_26": null, "VCR_26": "0.0072", "AADT_26": "749", "Tipe_Jb_26": null, "Lat_26": -7.694878969, "Long_26": 140.954827, "Tgl_Ins_26": "18/05/2021", "Ket_26": null }, "geometry": { "type": "Point", "coordinates": [ 140.954909999696838, -7.694902000327033 ] } },
{ "type": "Feature", "properties": { "KDRUAS_UPD": "62029", "NOJBT_UPD": "62.029.131.0", "NM_RUAS_UP": "BUPUL - ERAMBU - SOTA", "NM_JBT_UPD": "BOX 93", "PROVINSI": "PAPUA SELATAN (MERAUKE)", "No_Prov_26": "62", "ID_Jbt_26": "6201337", "Kd_Ruas_26": "62029", "Suffix_26": null, "Nm_Ruas_26": "BUPUL - ERAMBU - SOTA", "Lintas_26": "JALAN LINTAS PERBATASAN", "No_Jbt_26": "62.029.131.0", "Nm_Jbt_26": "BOX 93", "Status_26": "N", "Fungsi_26": "K", "Lks_Dr_26": "BPL", "Lks_km_26": 99.785, "F_STA_26": "1080", "Cadin_26": "MTG", "Pjg_Jbt_26": 6.8, "Btg_Pjg_26": 1.5, "Jml_Btg_26": "2", "Lb_Jl_Ms26": 5.74, "Lb_Jl_Kl26": 5.74, "Lb_Lalin26": 5.74, "Lb_Bh_Ki26": 0.71, "Lb_Bh_Ka26": 1.57, "Lb_Dr_Ki26": 0.0, "Lb_Dr_Ka26": 0.0, "Lb_Tr_Ki26": 0.25, "Lb_Tr_Ka26": 0.25, "Lb_TS_Ki26": 0.23, "Lb_TS_Ka26": 0.23, "Lb_Med_26": 0.0, "Lbr_Jbt_26": 8.98, "Bgn_Ats_26": "BTP", "Jns_Jbt_26": "STANDAR", "Thn_Bgn_26": "2011", "BA_26": "1", "LNT_26": "0", "BB_26": "1", "DAS_26": "1", "OP_26": "0", "UT_26": "0", "GR_26": "0", "LB_26": "0", "JBT_26": "1", "Tp_Lnts_26": "SUNGAI", "Dt_Lnts_26": "LURUS", "Pnangnn_26": "RUTIN", "Pmriksn_26": "RUTIN", "Pnglola_26": "BPJN PAPUA SELATAN", "Satkr_ID26": "693944", "PPK_Name26": "PPK 1.4 PROVINSI PAPUA SELATAN", "Traffic_26": null, "VCR_26": "0.0072", "AADT_26": "749", "Tipe_Jb_26": null, "Lat_26": -7.632042021, "Long_26": 140.8873, "Tgl_Ins_26": "19/05/2021", "Ket_26": null }, "geometry": { "type": "Point", "coordinates": [ 140.887207000003059, -7.632024000107492 ] } },
{ "type": "Feature", "properties": { "KDRUAS_UPD": "62029", "NOJBT_UPD": "62.029.146.0", "NM_RUAS_UP": "BUPUL - ERAMBU - SOTA", "NM_JBT_UPD": "BOX 99", "PROVINSI": "PAPUA SELATAN (MERAUKE)", "No_Prov_26": "62", "ID_Jbt_26": "6201352", "Kd_Ruas_26": "62029", "Suffix_26": null, "Nm_Ruas_26": "BUPUL - ERAMBU - SOTA", "Lintas_26": "JALAN LINTAS PERBATASAN", "No_Jbt_26": "62.029.146.0", "Nm_Jbt_26": "BOX 99", "Status_26": "N", "Fungsi_26": "K", "Lks_Dr_26": "BPL", "Lks_km_26": 107.929, "F_STA_26": "270", "Cadin_26": "MTG", "Pjg_Jbt_26": 11.0, "Btg_Pjg_26": 3.0, "Jml_Btg_26": "2", "Lb_Jl_Ms26": 4.6, "Lb_Jl_Kl26": 4.6, "Lb_Lalin26": 4.6, "Lb_Bh_Ki26": 1.5, "Lb_Bh_Ka26": 1.14, "Lb_Dr_Ki26": 0.0, "Lb_Dr_Ka26": 0.0, "Lb_Tr_Ki26": 0.0, "Lb_Tr_Ka26": 0.0, "Lb_TS_Ki26": 0.3, "Lb_TS_Ka26": 0.3, "Lb_Med_26": 0.0, "Lbr_Jbt_26": 7.84, "Bgn_Ats_26": "BTP", "Jns_Jbt_26": "STANDAR", "Thn_Bgn_26": "2009", "BA_26": "1", "LNT_26": "0", "BB_26": "1", "DAS_26": "1", "OP_26": "0", "UT_26": "0", "GR_26": "0", "LB_26": "0", "JBT_26": "1", "Tp_Lnts_26": "SUNGAI", "Dt_Lnts_26": "LURUS", "Pnangnn_26": "RUTIN", "Pmriksn_26": "RUTIN", "Pnglola_26": "BPJN PAPUA SELATAN", "Satkr_ID26": "693944", "PPK_Name26": "PPK 1.4 PROVINSI PAPUA SELATAN", "Traffic_26": null, "VCR_26": "0.0072", "AADT_26": "749", "Tipe_Jb_26": null, "Lat_26": -7.568760999, "Long_26": 140.865087, "Tgl_Ins_26": "19/05/2021", "Ket_26": null }, "geometry": { "type": "Point", "coordinates": [ 140.865112000018826, -7.568844000350282 ] } },
{ "type": "Feature", "properties": { "KDRUAS_UPD": "620272", "NOJBT_UPD": "62.027.065.0.2", "NM_RUAS_UP": "BTS. KAB. BOVEN DIGOEL /MERAUKE - MUTING", "NM_JBT_UPD": "BOX ALAM 10", "PROVINSI": "PAPUA SELATAN (MERAUKE)", "No_Prov_26": "62", "ID_Jbt_26": "6201108", "Kd_Ruas_26": "620272", "Suffix_26": "2", "Nm_Ruas_26": "BTS. KAB. BOVEN DIGOEL /MERAUKE - MUTING", "Lintas_26": "JALAN LINTAS PERBATASAN", "No_Jbt_26": "62.027.065.0.2", "Nm_Jbt_26": "BOX ALAM 10", "Status_26": "N", "Fungsi_26": "K", "Lks_Dr_26": "MTG", "Lks_km_26": 34.965, "F_STA_26": "1370", "Cadin_26": "GTR", "Pjg_Jbt_26": 7.0, "Btg_Pjg_26": 3.0, "Jml_Btg_26": "2", "Lb_Jl_Ms26": 4.54, "Lb_Jl_Kl26": 4.54, "Lb_Lalin26": 4.54, "Lb_Bh_Ki26": 1.66, "Lb_Bh_Ka26": 1.45, "Lb_Dr_Ki26": 0.0, "Lb_Dr_Ka26": 0.0, "Lb_Tr_Ki26": 0.0, "Lb_Tr_Ka26": 0.0, "Lb_TS_Ki26": 0.21, "Lb_TS_Ka26": 0.2, "Lb_Med_26": 0.0, "Lbr_Jbt_26": 8.06, "Bgn_Ats_26": "BTP", "Jns_Jbt_26": "STANDAR", "Thn_Bgn_26": "2012", "BA_26": "2", "LNT_26": "0", "BB_26": "1", "DAS_26": "2", "OP_26": "0", "UT_26": "0", "GR_26": "0", "LB_26": "0", "JBT_26": "2", "Tp_Lnts_26": "SUNGAI", "Dt_Lnts_26": "LURUS", "Pnangnn_26": "RUTIN", "Pmriksn_26": "RUTIN", "Pnglola_26": "BPJN PAPUA SELATAN", "Satkr_ID26": "693944", "PPK_Name26": "PPK 1.3 PROVINSI PAPUA SELATAN", "Traffic_26": null, "VCR_26": "0.2076", "AADT_26": "0", "Tipe_Jb_26": null, "Lat_26": -7.148153996, "Long_26": 140.736231, "Tgl_Ins_26": "27/04/2021", "Ket_26": null }, "geometry": { "type": "Point", "coordinates": [ 140.736144999891849, -7.14798100042276 ] } },
{ "type": "Feature", "properties": { "KDRUAS_UPD": "620272", "NOJBT_UPD": "62.027.064.0.2", "NM_RUAS_UP": "BTS. KAB. BOVEN DIGOEL /MERAUKE - MUTING", "NM_JBT_UPD": "BOX ALAM 9", "PROVINSI": "PAPUA SELATAN (MERAUKE)", "No_Prov_26": "62", "ID_Jbt_26": "6201128", "Kd_Ruas_26": "620272", "Suffix_26": "2", "Nm_Ruas_26": "BTS. KAB. BOVEN DIGOEL /MERAUKE - MUTING", "Lintas_26": "JALAN LINTAS PERBATASAN", "No_Jbt_26": "62.027.064.0.2", "Nm_Jbt_26": "BOX ALAM 9", "Status_26": "N", "Fungsi_26": "K", "Lks_Dr_26": "MTG", "Lks_km_26": 34.663, "F_STA_26": "1400", "Cadin_26": "GTR", "Pjg_Jbt_26": 7.0, "Btg_Pjg_26": 3.0, "Jml_Btg_26": "2", "Lb_Jl_Ms26": 4.53, "Lb_Jl_Kl26": 4.53, "Lb_Lalin26": 4.53, "Lb_Bh_Ki26": 1.9, "Lb_Bh_Ka26": 1.52, "Lb_Dr_Ki26": 0.0, "Lb_Dr_Ka26": 0.0, "Lb_Tr_Ki26": 0.0, "Lb_Tr_Ka26": 0.0, "Lb_TS_Ki26": 0.0, "Lb_TS_Ka26": 0.0, "Lb_Med_26": 0.0, "Lbr_Jbt_26": 7.95, "Bgn_Ats_26": "BTP", "Jns_Jbt_26": "STANDAR", "Thn_Bgn_26": "2012", "BA_26": "0", "LNT_26": "0", "BB_26": "1", "DAS_26": "2", "OP_26": "0", "UT_26": "0", "GR_26": "0", "LB_26": "0", "JBT_26": "2", "Tp_Lnts_26": "SUNGAI", "Dt_Lnts_26": "LURUS", "Pnangnn_26": "RUTIN", "Pmriksn_26": "RUTIN", "Pnglola_26": "BPJN PAPUA SELATAN", "Satkr_ID26": "693944", "PPK_Name26": "PPK 1.3 PROVINSI PAPUA SELATAN", "Traffic_26": null, "VCR_26": "0.2076", "AADT_26": "0", "Tipe_Jb_26": null, "Lat_26": -7.150684996, "Long_26": 140.736852, "Tgl_Ins_26": "27/04/2021", "Ket_26": null }, "geometry": { "type": "Point", "coordinates": [ 140.736724999659032, -7.150493000251686 ] } },
{ "type": "Feature", "properties": { "KDRUAS_UPD": "62026", "NOJBT_UPD": "62.026.017.0", "NM_RUAS_UP": "TANAH MERAH - GENTENTIRI", "NM_JBT_UPD": "BOX MIRI 374+350", "PROVINSI": "PAPUA SELATAN (MERAUKE)", "No_Prov_26": "62", "ID_Jbt_26": "6200394", "Kd_Ruas_26": "62026", "Suffix_26": null, "Nm_Ruas_26": "TANAH MERAH - GENTENTIRI", "Lintas_26": "JALAN LINTAS PERBATASAN", "No_Jbt_26": "62.026.017.0", "Nm_Jbt_26": "BOX MIRI 374+350", "Status_26": "N", "Fungsi_26": "K", "Lks_Dr_26": "TMR", "Lks_km_26": 25.833, "F_STA_26": "5030", "Cadin_26": "GTR", "Pjg_Jbt_26": 10.86, "Btg_Pjg_26": 2.5, "Jml_Btg_26": "1", "Lb_Jl_Ms26": 5.4, "Lb_Jl_Kl26": 5.4, "Lb_Lalin26": 5.4, "Lb_Bh_Ki26": 2.77, "Lb_Bh_Ka26": 2.0, "Lb_Dr_Ki26": 0.0, "Lb_Dr_Ka26": 0.0, "Lb_Tr_Ki26": 0.0, "Lb_Tr_Ka26": 0.0, "Lb_TS_Ki26": 0.32, "Lb_TS_Ka26": 0.325, "Lb_Med_26": 0.0, "Lbr_Jbt_26": 10.82, "Bgn_Ats_26": "BTP", "Jns_Jbt_26": "STANDAR", "Thn_Bgn_26": "2023", "BA_26": "1", "LNT_26": "1", "BB_26": "0", "DAS_26": "1", "OP_26": "1", "UT_26": "2", "GR_26": "0", "LB_26": "0", "JBT_26": "2", "Tp_Lnts_26": "LINTASAN AIR LAINNYA", "Dt_Lnts_26": "RAWA", "Pnangnn_26": "RUTIN", "Pmriksn_26": "RUTIN", "Pnglola_26": "BPJN PAPUA SELATAN", "Satkr_ID26": "693947", "PPK_Name26": "PPK 2.1 PROVINSI PAPUA SELATAN", "Traffic_26": null, "VCR_26": "0.0252", "AADT_26": "100", "Tipe_Jb_26": null, "Lat_26": -6.388527, "Long_26": 140.42218, "Tgl_Ins_26": "19/05/2024", "Ket_26": null }, "geometry": { "type": "Point", "coordinates": [ 140.42218, -6.388527000000205 ] } },
{ "type": "Feature", "properties": { "KDRUAS_UPD": "62026", "NOJBT_UPD": "62.026.019.0", "NM_RUAS_UP": "TANAH MERAH - GENTENTIRI", "NM_JBT_UPD": "BOX MIRI 383+700", "PROVINSI": "PAPUA SELATAN (MERAUKE)", "No_Prov_26": "62", "ID_Jbt_26": "6200758", "Kd_Ruas_26": "62026", "Suffix_26": null, "Nm_Ruas_26": "TANAH MERAH - GENTENTIRI", "Lintas_26": "JALAN LINTAS PERBATASAN", "No_Jbt_26": "62.026.019.0", "Nm_Jbt_26": "BOX MIRI 383+700", "Status_26": "N", "Fungsi_26": "K", "Lks_Dr_26": "TMR", "Lks_km_26": 33.687, "F_STA_26": "4730", "Cadin_26": "GTR", "Pjg_Jbt_26": 14.0, "Btg_Pjg_26": 13.7, "Jml_Btg_26": "1", "Lb_Jl_Ms26": 6.73, "Lb_Jl_Kl26": 6.73, "Lb_Lalin26": 6.73, "Lb_Bh_Ki26": 0.0, "Lb_Bh_Ka26": 0.1, "Lb_Dr_Ki26": 0.12, "Lb_Dr_Ka26": 0.16, "Lb_Tr_Ki26": 0.965, "Lb_Tr_Ka26": 0.95, "Lb_TS_Ki26": 0.3, "Lb_TS_Ka26": 0.33, "Lb_Med_26": 0.0, "Lbr_Jbt_26": 9.66, "Bgn_Ats_26": "GBP", "Jns_Jbt_26": "STANDAR", "Thn_Bgn_26": "2021", "BA_26": "0", "LNT_26": "0", "BB_26": "0", "DAS_26": "1", "OP_26": "0", "UT_26": "0", "GR_26": "0", "LB_26": "0", "JBT_26": "1", "Tp_Lnts_26": "SUNGAI", "Dt_Lnts_26": "LURUS", "Pnangnn_26": "RUTIN", "Pmriksn_26": "RUTIN", "Pnglola_26": "BPJN PAPUA SELATAN", "Satkr_ID26": "693947", "PPK_Name26": "PPK 2.1 PROVINSI PAPUA SELATAN", "Traffic_26": null, "VCR_26": "0.0252", "AADT_26": "100", "Tipe_Jb_26": null, "Lat_26": -6.386207985, "Long_26": 140.439053, "Tgl_Ins_26": "21/05/2021", "Ket_26": null }, "geometry": { "type": "Point", "coordinates": [ 140.438965000134658, -6.386172999684163 ] } },
{ "type": "Feature", "properties": { "KDRUAS_UPD": "62031", "NOJBT_UPD": "62.031.012.0", "NM_RUAS_UP": "KM 40 - BTS. KOTA MERAUKE", "NM_JBT_UPD": "BOX VII", "PROVINSI": "PAPUA SELATAN (MERAUKE)", "No_Prov_26": "62", "ID_Jbt_26": "6200450", "Kd_Ruas_26": "62031", "Suffix_26": null, "Nm_Ruas_26": "KM 40 - BTS. KOTA MERAUKE", "Lintas_26": "JALAN LINTAS PERBATASAN", "No_Jbt_26": "62.031.012.0", "Nm_Jbt_26": "BOX VII", "Status_26": "N", "Fungsi_26": "K", "Lks_Dr_26": "MRK", "Lks_km_26": 5.48, "F_STA_26": "2960", "Cadin_26": "MRK", "Pjg_Jbt_26": 6.8, "Btg_Pjg_26": 2.9, "Jml_Btg_26": "2", "Lb_Jl_Ms26": 5.6, "Lb_Jl_Kl26": 5.6, "Lb_Lalin26": 5.6, "Lb_Bh_Ki26": 0.8, "Lb_Bh_Ka26": 0.64, "Lb_Dr_Ki26": 0.0, "Lb_Dr_Ka26": 0.0, "Lb_Tr_Ki26": 0.0, "Lb_Tr_Ka26": 0.0, "Lb_TS_Ki26": 0.33, "Lb_TS_Ka26": 0.33, "Lb_Med_26": 0.0, "Lbr_Jbt_26": 7.7, "Bgn_Ats_26": "BTP", "Jns_Jbt_26": "STANDAR", "Thn_Bgn_26": "2010", "BA_26": "0", "LNT_26": "0", "BB_26": "0", "DAS_26": "1", "OP_26": "1", "UT_26": "0", "GR_26": "0", "LB_26": "0", "JBT_26": "1", "Tp_Lnts_26": "SUNGAI", "Dt_Lnts_26": "LURUS", "Pnangnn_26": "RUTIN", "Pmriksn_26": "RUTIN", "Pnglola_26": "BPJN PAPUA SELATAN", "Satkr_ID26": null, "PPK_Name26": "PPK 1.1 PROVINSI PAPUA SELATAN", "Traffic_26": null, "VCR_26": "0.0187", "AADT_26": "409", "Tipe_Jb_26": null, "Lat_26": -8.52131702, "Long_26": 140.436393, "Tgl_Ins_26": "02/08/2025", "Ket_26": null }, "geometry": { "type": "Point", "coordinates": [ 140.43595900000787, -8.519158000341406 ] } },
{ "type": "Feature", "properties": { "KDRUAS_UPD": "62028", "NOJBT_UPD": "62.028.001.0", "NM_RUAS_UP": "MUTING - BUPUL", "NM_JBT_UPD": "BUPUL", "PROVINSI": "PAPUA SELATAN (MERAUKE)", "No_Prov_26": "62", "ID_Jbt_26": "6200407", "Kd_Ruas_26": "62028", "Suffix_26": null, "Nm_Ruas_26": "MUTING - BUPUL", "Lintas_26": "JALAN LINTAS PERBATASAN", "No_Jbt_26": "62.028.001.0", "Nm_Jbt_26": "BUPUL", "Status_26": "N", "Fungsi_26": "K", "Lks_Dr_26": "BPL", "Lks_km_26": 0.079, "F_STA_26": "3780", "Cadin_26": "MTG", "Pjg_Jbt_26": 101.5, "Btg_Pjg_26": 50.0, "Jml_Btg_26": "2", "Lb_Jl_Ms26": 5.67, "Lb_Jl_Kl26": 5.67, "Lb_Lalin26": 5.67, "Lb_Bh_Ki26": 0.0, "Lb_Bh_Ka26": 0.0, "Lb_Dr_Ki26": 0.08, "Lb_Dr_Ka26": 0.12, "Lb_Tr_Ki26": 0.48, "Lb_Tr_Ka26": 0.47, "Lb_TS_Ki26": 0.0, "Lb_TS_Ka26": 0.0, "Lb_Med_26": 0.0, "Lbr_Jbt_26": 6.82, "Bgn_Ats_26": "RBP", "Jns_Jbt_26": "STANDAR", "Thn_Bgn_26": "2011", "BA_26": "2", "LNT_26": "2", "BB_26": "2", "DAS_26": "2", "OP_26": "2", "UT_26": "0", "GR_26": "0", "LB_26": "0", "JBT_26": "2", "Tp_Lnts_26": "SUNGAI", "Dt_Lnts_26": "BERKELOK", "Pnangnn_26": "RUTIN", "Pmriksn_26": "RUTIN", "Pnglola_26": "BPJN PAPUA SELATAN", "Satkr_ID26": "693944", "PPK_Name26": "PPK 1.3 PROVINSI PAPUA SELATAN", "Traffic_26": null, "VCR_26": "0.0136", "AADT_26": "2252", "Tipe_Jb_26": null, "Lat_26": -7.549624, "Long_26": 140.849537, "Tgl_Ins_26": "27/05/2024", "Ket_26": null }, "geometry": { "type": "Point", "coordinates": [ 140.849486999825217, -7.549624999893808 ] } },
{ "type": "Feature", "properties": { "KDRUAS_UPD": "62029", "NOJBT_UPD": "62.029.094.0", "NM_RUAS_UP": "BUPUL - ERAMBU - SOTA", "NM_JBT_UPD": "BUPUL II", "PROVINSI": "PAPUA SELATAN (MERAUKE)", "No_Prov_26": "62", "ID_Jbt_26": "6201300", "Kd_Ruas_26": "62029", "Suffix_26": null, "Nm_Ruas_26": "BUPUL - ERAMBU - SOTA", "Lintas_26": "JALAN LINTAS PERBATASAN", "No_Jbt_26": "62.029.094.0", "Nm_Jbt_26": "BUPUL II", "Status_26": "N", "Fungsi_26": "K", "Lks_Dr_26": "BPL", "Lks_km_26": 77.902, "F_STA_26": "3240", "Cadin_26": "MTG", "Pjg_Jbt_26": 6.8, "Btg_Pjg_26": 3.0, "Jml_Btg_26": "2", "Lb_Jl_Ms26": 4.35, "Lb_Jl_Kl26": 4.35, "Lb_Lalin26": 4.35, "Lb_Bh_Ki26": 1.18, "Lb_Bh_Ka26": 1.08, "Lb_Dr_Ki26": 0.0, "Lb_Dr_Ka26": 0.0, "Lb_Tr_Ki26": 0.0, "Lb_Tr_Ka26": 0.0, "Lb_TS_Ki26": 0.2, "Lb_TS_Ka26": 0.25, "Lb_Med_26": 0.0, "Lbr_Jbt_26": 7.06, "Bgn_Ats_26": "BTP", "Jns_Jbt_26": "STANDAR", "Thn_Bgn_26": "2012", "BA_26": "0", "LNT_26": "0", "BB_26": "1", "DAS_26": "1", "OP_26": "0", "UT_26": "0", "GR_26": "2", "LB_26": "0", "JBT_26": "2", "Tp_Lnts_26": "SUNGAI", "Dt_Lnts_26": "LURUS", "Pnangnn_26": "RUTIN", "Pmriksn_26": "RUTIN", "Pnglola_26": "BPJN PAPUA SELATAN", "Satkr_ID26": "693944", "PPK_Name26": "PPK 1.4 PROVINSI PAPUA SELATAN", "Traffic_26": null, "VCR_26": "0.0072", "AADT_26": "749", "Tipe_Jb_26": null, "Lat_26": -7.769855009, "Long_26": 140.999318, "Tgl_Ins_26": "18/05/2021", "Ket_26": null }, "geometry": { "type": "Point", "coordinates": [ 140.99920700010307, -7.769720999924175 ] } },
{ "type": "Feature", "properties": { "KDRUAS_UPD": "62029", "NOJBT_UPD": "62.029.109.0", "NM_RUAS_UP": "BUPUL - ERAMBU - SOTA", "NM_JBT_UPD": "BUPUL IV", "PROVINSI": "PAPUA SELATAN (MERAUKE)", "No_Prov_26": "62", "ID_Jbt_26": "6202661", "Kd_Ruas_26": "62029", "Suffix_26": null, "Nm_Ruas_26": "BUPUL - ERAMBU - SOTA", "Lintas_26": "JALAN LINTAS PERBATASAN", "No_Jbt_26": "62.029.109.0", "Nm_Jbt_26": "BUPUL IV", "Status_26": "N", "Fungsi_26": "K", "Lks_Dr_26": "BPL", "Lks_km_26": 84.682, "F_STA_26": "2590", "Cadin_26": "MTG", "Pjg_Jbt_26": 6.8, "Btg_Pjg_26": 3.0, "Jml_Btg_26": "2", "Lb_Jl_Ms26": 5.32, "Lb_Jl_Kl26": 5.32, "Lb_Lalin26": 5.32, "Lb_Bh_Ki26": 1.08, "Lb_Bh_Ka26": 1.2, "Lb_Dr_Ki26": 0.0, "Lb_Dr_Ka26": 0.0, "Lb_Tr_Ki26": 0.0, "Lb_Tr_Ka26": 0.0, "Lb_TS_Ki26": 0.2, "Lb_TS_Ka26": 0.23, "Lb_Med_26": 0.0, "Lbr_Jbt_26": 8.03, "Bgn_Ats_26": "BTP", "Jns_Jbt_26": "STANDAR", "Thn_Bgn_26": "2009", "BA_26": "1", "LNT_26": "0", "BB_26": "1", "DAS_26": "1", "OP_26": "0", "UT_26": "0", "GR_26": "0", "LB_26": "0", "JBT_26": "1", "Tp_Lnts_26": "SUNGAI", "Dt_Lnts_26": "BERKELOK", "Pnangnn_26": "RUTIN", "Pmriksn_26": "RUTIN", "Pnglola_26": "BPJN PAPUA SELATAN", "Satkr_ID26": "693944", "PPK_Name26": "PPK 1.4 PROVINSI PAPUA SELATAN", "Traffic_26": null, "VCR_26": "0.0072", "AADT_26": "749", "Tipe_Jb_26": null, "Lat_26": -7.720221989, "Long_26": 140.983287, "Tgl_Ins_26": "00/01/1900", "Ket_26": null }, "geometry": { "type": "Point", "coordinates": [ 140.983124000372413, -7.720105999791997 ] } },
{ "type": "Feature", "properties": { "KDRUAS_UPD": "62028", "NOJBT_UPD": "62.028.020.0", "NM_RUAS_UP": "MUTING - BUPUL", "NM_JBT_UPD": "BUPUL/SIMPATI", "PROVINSI": "PAPUA SELATAN (MERAUKE)", "No_Prov_26": "62", "ID_Jbt_26": "6202305", "Kd_Ruas_26": "62028", "Suffix_26": null, "Nm_Ruas_26": "MUTING - BUPUL", "Lintas_26": "JALAN LINTAS PERBATASAN", "No_Jbt_26": "62.028.020.0", "Nm_Jbt_26": "BUPUL/SIMPATI", "Status_26": "N", "Fungsi_26": "K", "Lks_Dr_26": "BPL", "Lks_km_26": 16.55, "F_STA_26": "2150", "Cadin_26": "MTG", "Pjg_Jbt_26": 25.0, "Btg_Pjg_26": 25.0, "Jml_Btg_26": "1", "Lb_Jl_Ms26": 6.0, "Lb_Jl_Kl26": 6.0, "Lb_Lalin26": 6.0, "Lb_Bh_Ki26": 0.0, "Lb_Bh_Ka26": 0.0, "Lb_Dr_Ki26": 0.07, "Lb_Dr_Ka26": 0.07, "Lb_Tr_Ki26": 0.46, "Lb_Tr_Ka26": 0.46, "Lb_TS_Ki26": 0.275, "Lb_TS_Ka26": 0.225, "Lb_Med_26": 0.0, "Lbr_Jbt_26": 7.56, "Bgn_Ats_26": "GBP", "Jns_Jbt_26": "STANDAR", "Thn_Bgn_26": "2014", "BA_26": "2", "LNT_26": "2", "BB_26": "2", "DAS_26": "2", "OP_26": "0", "UT_26": "0", "GR_26": "0", "LB_26": "0", "JBT_26": "2", "Tp_Lnts_26": "LINTASAN AIR LAINNYA", "Dt_Lnts_26": "RAWA", "Pnangnn_26": "RUTIN", "Pmriksn_26": "RUTIN", "Pnglola_26": "BPJN PAPUA SELATAN", "Satkr_ID26": "693944", "PPK_Name26": "PPK 1.3 PROVINSI PAPUA SELATAN", "Traffic_26": null, "VCR_26": "0.0136", "AADT_26": "2252", "Tipe_Jb_26": null, "Lat_26": -7.480908, "Long_26": 140.73528, "Tgl_Ins_26": "29/04/2021", "Ket_26": null }, "geometry": { "type": "Point", "coordinates": [ 140.735413000309791, -7.481030999580923 ] } },
{ "type": "Feature", "properties": { "KDRUAS_UPD": "62029", "NOJBT_UPD": "62.029.049.0", "NM_RUAS_UP": "BUPUL - ERAMBU - SOTA", "NM_JBT_UPD": "CARUK", "PROVINSI": "PAPUA SELATAN (MERAUKE)", "No_Prov_26": "62", "ID_Jbt_26": "6201255", "Kd_Ruas_26": "62029", "Suffix_26": null, "Nm_Ruas_26": "BUPUL - ERAMBU - SOTA", "Lintas_26": "JALAN LINTAS PERBATASAN", "No_Jbt_26": "62.029.049.0", "Nm_Jbt_26": "CARUK", "Status_26": "N", "Fungsi_26": "K", "Lks_Dr_26": "BPL", "Lks_km_26": 52.435, "F_STA_26": "5790", "Cadin_26": "MTG", "Pjg_Jbt_26": 50.0, "Btg_Pjg_26": 50.0, "Jml_Btg_26": "1", "Lb_Jl_Ms26": 5.9, "Lb_Jl_Kl26": 5.9, "Lb_Lalin26": 5.9, "Lb_Bh_Ki26": 0.0, "Lb_Bh_Ka26": 0.0, "Lb_Dr_Ki26": 0.07, "Lb_Dr_Ka26": 0.07, "Lb_Tr_Ki26": 0.5, "Lb_Tr_Ka26": 0.46, "Lb_TS_Ki26": 0.0, "Lb_TS_Ka26": 0.0, "Lb_Med_26": 0.0, "Lbr_Jbt_26": 7.0, "Bgn_Ats_26": "RBP", "Jns_Jbt_26": "STANDAR", "Thn_Bgn_26": "2012", "BA_26": "3", "LNT_26": "2", "BB_26": "4", "DAS_26": "1", "OP_26": "2", "UT_26": "0", "GR_26": "0", "LB_26": "0", "JBT_26": "4", "Tp_Lnts_26": "SUNGAI", "Dt_Lnts_26": "LURUS", "Pnangnn_26": "PENGGANTIAN", "Pmriksn_26": "DETAIL", "Pnglola_26": "BPJN PAPUA SELATAN", "Satkr_ID26": "693944", "PPK_Name26": "PPK 1.4 PROVINSI PAPUA SELATAN", "Traffic_26": null, "VCR_26": "0.0072", "AADT_26": "749", "Tipe_Jb_26": null, "Lat_26": -7.972241007, "Long_26": 140.992851, "Tgl_Ins_26": "30/07/2025", "Ket_26": null }, "geometry": { "type": "Point", "coordinates": [ 140.99264499966705, -7.971890999769755 ] } },
{ "type": "Feature", "properties": { "KDRUAS_UPD": "62029", "NOJBT_UPD": "62.029.052.0", "NM_RUAS_UP": "BUPUL - ERAMBU - SOTA", "NM_JBT_UPD": "CARUK I", "PROVINSI": "PAPUA SELATAN (MERAUKE)", "No_Prov_26": "62", "ID_Jbt_26": "6201258", "Kd_Ruas_26": "62029", "Suffix_26": null, "Nm_Ruas_26": "BUPUL - ERAMBU - SOTA", "Lintas_26": "JALAN LINTAS PERBATASAN", "No_Jbt_26": "62.029.052.0", "Nm_Jbt_26": "CARUK I", "Status_26": "N", "Fungsi_26": "K", "Lks_Dr_26": "BPL", "Lks_km_26": 55.3, "F_STA_26": "5520", "Cadin_26": "MTG", "Pjg_Jbt_26": 7.9, "Btg_Pjg_26": 3.5, "Jml_Btg_26": "2", "Lb_Jl_Ms26": 4.49, "Lb_Jl_Kl26": 4.49, "Lb_Lalin26": 4.49, "Lb_Bh_Ki26": 0.57, "Lb_Bh_Ka26": 1.23, "Lb_Dr_Ki26": 0.0, "Lb_Dr_Ka26": 0.0, "Lb_Tr_Ki26": 0.0, "Lb_Tr_Ka26": 0.0, "Lb_TS_Ki26": 0.3, "Lb_TS_Ka26": 0.29, "Lb_Med_26": 0.0, "Lbr_Jbt_26": 6.88, "Bgn_Ats_26": "BTP", "Jns_Jbt_26": "STANDAR", "Thn_Bgn_26": "2012", "BA_26": "0", "LNT_26": "0", "BB_26": "1", "DAS_26": "1", "OP_26": "0", "UT_26": "0", "GR_26": "0", "LB_26": "0", "JBT_26": "1", "Tp_Lnts_26": "SUNGAI", "Dt_Lnts_26": "LURUS", "Pnangnn_26": "RUTIN", "Pmriksn_26": "RUTIN", "Pnglola_26": "BPJN PAPUA SELATAN", "Satkr_ID26": "693944", "PPK_Name26": "PPK 1.4 PROVINSI PAPUA SELATAN", "Traffic_26": null, "VCR_26": "0.0072", "AADT_26": "749", "Tipe_Jb_26": null, "Lat_26": -7.947680019, "Long_26": 140.990246, "Tgl_Ins_26": "17/05/2021", "Ket_26": null }, "geometry": { "type": "Point", "coordinates": [ 140.990172999884066, -7.94772599965512 ] } },
{ "type": "Feature", "properties": { "KDRUAS_UPD": "62029", "NOJBT_UPD": "62.029.053.0", "NM_RUAS_UP": "BUPUL - ERAMBU - SOTA", "NM_JBT_UPD": "CARUK II", "PROVINSI": "PAPUA SELATAN (MERAUKE)", "No_Prov_26": "62", "ID_Jbt_26": "6201259", "Kd_Ruas_26": "62029", "Suffix_26": null, "Nm_Ruas_26": "BUPUL - ERAMBU - SOTA", "Lintas_26": "JALAN LINTAS PERBATASAN", "No_Jbt_26": "62.029.053.0", "Nm_Jbt_26": "CARUK II", "Status_26": "N", "Fungsi_26": "K", "Lks_Dr_26": "BPL", "Lks_km_26": 55.67, "F_STA_26": "5480", "Cadin_26": "MTG", "Pjg_Jbt_26": 7.3, "Btg_Pjg_26": 3.0, "Jml_Btg_26": "2", "Lb_Jl_Ms26": 4.75, "Lb_Jl_Kl26": 4.75, "Lb_Lalin26": 4.75, "Lb_Bh_Ki26": 0.63, "Lb_Bh_Ka26": 1.0, "Lb_Dr_Ki26": 0.0, "Lb_Dr_Ka26": 0.0, "Lb_Tr_Ki26": 0.0, "Lb_Tr_Ka26": 0.0, "Lb_TS_Ki26": 0.3, "Lb_TS_Ka26": 0.3, "Lb_Med_26": 0.0, "Lbr_Jbt_26": 6.98, "Bgn_Ats_26": "BTP", "Jns_Jbt_26": "STANDAR", "Thn_Bgn_26": "2012", "BA_26": "1", "LNT_26": "0", "BB_26": "1", "DAS_26": "1", "OP_26": "0", "UT_26": "0", "GR_26": "0", "LB_26": "0", "JBT_26": "1", "Tp_Lnts_26": "SUNGAI", "Dt_Lnts_26": "LURUS", "Pnangnn_26": "RUTIN", "Pmriksn_26": "RUTIN", "Pnglola_26": "BPJN PAPUA SELATAN", "Satkr_ID26": "693944", "PPK_Name26": "PPK 1.4 PROVINSI PAPUA SELATAN", "Traffic_26": null, "VCR_26": "0.0072", "AADT_26": "749", "Tipe_Jb_26": null, "Lat_26": -7.944437983, "Long_26": 140.990703, "Tgl_Ins_26": "17/05/2021", "Ket_26": null }, "geometry": { "type": "Point", "coordinates": [ 140.990615999628744, -7.944507999644429 ] } },
{ "type": "Feature", "properties": { "KDRUAS_UPD": "62028", "NOJBT_UPD": "62.028.026.0", "NM_RUAS_UP": "MUTING - BUPUL", "NM_JBT_UPD": "DEADY", "PROVINSI": "PAPUA SELATAN (MERAUKE)", "No_Prov_26": "62", "ID_Jbt_26": "6202311", "Kd_Ruas_26": "62028", "Suffix_26": null, "Nm_Ruas_26": "MUTING - BUPUL", "Lintas_26": "JALAN LINTAS PERBATASAN", "No_Jbt_26": "62.028.026.0", "Nm_Jbt_26": "DEADY", "Status_26": "N", "Fungsi_26": "K", "Lks_Dr_26": "BPL", "Lks_km_26": 20.04, "F_STA_26": "1800", "Cadin_26": "MTG", "Pjg_Jbt_26": 25.0, "Btg_Pjg_26": 25.0, "Jml_Btg_26": "1", "Lb_Jl_Ms26": 5.8, "Lb_Jl_Kl26": 5.8, "Lb_Lalin26": 5.8, "Lb_Bh_Ki26": 0.0, "Lb_Bh_Ka26": 0.0, "Lb_Dr_Ki26": 0.05, "Lb_Dr_Ka26": 0.06, "Lb_Tr_Ki26": 0.4, "Lb_Tr_Ka26": 0.4, "Lb_TS_Ki26": 0.23, "Lb_TS_Ka26": 0.22, "Lb_Med_26": 0.0, "Lbr_Jbt_26": 7.16, "Bgn_Ats_26": "GBP", "Jns_Jbt_26": "STANDAR", "Thn_Bgn_26": "2014", "BA_26": "2", "LNT_26": "2", "BB_26": "1", "DAS_26": "2", "OP_26": "0", "UT_26": "0", "GR_26": "0", "LB_26": "0", "JBT_26": "2", "Tp_Lnts_26": "SUNGAI", "Dt_Lnts_26": "LURUS", "Pnangnn_26": "RUTIN", "Pmriksn_26": "RUTIN", "Pnglola_26": "BPJN PAPUA SELATAN", "Satkr_ID26": "693944", "PPK_Name26": "PPK 1.3 PROVINSI PAPUA SELATAN", "Traffic_26": null, "VCR_26": "0.0136", "AADT_26": "2252", "Tipe_Jb_26": null, "Lat_26": -7.469619, "Long_26": 140.706338, "Tgl_Ins_26": "29/04/2021", "Ket_26": null }, "geometry": { "type": "Point", "coordinates": [ 140.706283999706898, -7.469639000339555 ] } },
{ "type": "Feature", "properties": { "KDRUAS_UPD": "62029", "NOJBT_UPD": "62.029.017.0", "NM_RUAS_UP": "BUPUL - ERAMBU - SOTA", "NM_JBT_UPD": "ERAMBU VII", "PROVINSI": "PAPUA SELATAN (MERAUKE)", "No_Prov_26": "62", "ID_Jbt_26": "6202140", "Kd_Ruas_26": "62029", "Suffix_26": null, "Nm_Ruas_26": "BUPUL - ERAMBU - SOTA", "Lintas_26": "JALAN LINTAS PERBATASAN", "No_Jbt_26": "62.029.017.0", "Nm_Jbt_26": "ERAMBU VII", "Status_26": "N", "Fungsi_26": "K", "Lks_Dr_26": "BPL", "Lks_km_26": 20.712, "F_STA_26": "8950", "Cadin_26": "MTG", "Pjg_Jbt_26": 6.7, "Btg_Pjg_26": 3.0, "Jml_Btg_26": "2", "Lb_Jl_Ms26": 4.5, "Lb_Jl_Kl26": 4.5, "Lb_Lalin26": 4.5, "Lb_Bh_Ki26": 1.5, "Lb_Bh_Ka26": 1.06, "Lb_Dr_Ki26": 0.0, "Lb_Dr_Ka26": 0.0, "Lb_Tr_Ki26": 0.0, "Lb_Tr_Ka26": 0.0, "Lb_TS_Ki26": 0.23, "Lb_TS_Ka26": 0.2, "Lb_Med_26": 0.0, "Lbr_Jbt_26": 7.49, "Bgn_Ats_26": "BTP", "Jns_Jbt_26": "STANDAR", "Thn_Bgn_26": "2000", "BA_26": "1", "LNT_26": "1", "BB_26": "1", "DAS_26": "1", "OP_26": "0", "UT_26": "0", "GR_26": "0", "LB_26": "0", "JBT_26": "1", "Tp_Lnts_26": "SUNGAI", "Dt_Lnts_26": "LURUS", "Pnangnn_26": "RUTIN", "Pmriksn_26": "RUTIN", "Pnglola_26": "BPJN PAPUA SELATAN", "Satkr_ID26": "693944", "PPK_Name26": "PPK 1.4 PROVINSI PAPUA SELATAN", "Traffic_26": null, "VCR_26": "0.0072", "AADT_26": "749", "Tipe_Jb_26": null, "Lat_26": -8.242754024, "Long_26": 141.015661, "Tgl_Ins_26": "15/05/2021", "Ket_26": null }, "geometry": { "type": "Point", "coordinates": [ 141.015624999993861, -8.242564000228356 ] } },
{ "type": "Feature", "properties": { "KDRUAS_UPD": "62029", "NOJBT_UPD": "62.029.026.0", "NM_RUAS_UP": "BUPUL - ERAMBU - SOTA", "NM_JBT_UPD": "ERAMBU VIII", "PROVINSI": "PAPUA SELATAN (MERAUKE)", "No_Prov_26": "62", "ID_Jbt_26": "6200428", "Kd_Ruas_26": "62029", "Suffix_26": null, "Nm_Ruas_26": "BUPUL - ERAMBU - SOTA", "Lintas_26": "JALAN LINTAS PERBATASAN", "No_Jbt_26": "62.029.026.0", "Nm_Jbt_26": "ERAMBU VIII", "Status_26": "N", "Fungsi_26": "K", "Lks_Dr_26": "BPL", "Lks_km_26": 36.032, "F_STA_26": "7430", "Cadin_26": "MTG", "Pjg_Jbt_26": 6.8, "Btg_Pjg_26": 3.0, "Jml_Btg_26": "2", "Lb_Jl_Ms26": 4.7, "Lb_Jl_Kl26": 4.7, "Lb_Lalin26": 4.7, "Lb_Bh_Ki26": 1.7, "Lb_Bh_Ka26": 1.6, "Lb_Dr_Ki26": 0.0, "Lb_Dr_Ka26": 0.0, "Lb_Tr_Ki26": 0.0, "Lb_Tr_Ka26": 0.0, "Lb_TS_Ki26": 0.0, "Lb_TS_Ka26": 0.0, "Lb_Med_26": 0.0, "Lbr_Jbt_26": 8.0, "Bgn_Ats_26": "BTP", "Jns_Jbt_26": "STANDAR", "Thn_Bgn_26": "2000", "BA_26": "1", "LNT_26": "0", "BB_26": "1", "DAS_26": "1", "OP_26": "0", "UT_26": "0", "GR_26": "0", "LB_26": "0", "JBT_26": "1", "Tp_Lnts_26": "SUNGAI", "Dt_Lnts_26": "LURUS", "Pnangnn_26": "RUTIN", "Pmriksn_26": "RUTIN", "Pnglola_26": "BPJN PAPUA SELATAN", "Satkr_ID26": "693944", "PPK_Name26": "PPK 1.4 PROVINSI PAPUA SELATAN", "Traffic_26": null, "VCR_26": "0.0072", "AADT_26": "749", "Tipe_Jb_26": null, "Lat_26": -8.112119967, "Long_26": 141.011349, "Tgl_Ins_26": "16/05/2021", "Ket_26": null }, "geometry": { "type": "Point", "coordinates": [ 141.011352999941096, -8.112177000268275 ] } },
{ "type": "Feature", "properties": { "KDRUAS_UPD": "62029", "NOJBT_UPD": "62.029.024.0", "NM_RUAS_UP": "BUPUL - ERAMBU - SOTA", "NM_JBT_UPD": "ERAMBU XIII", "PROVINSI": "PAPUA SELATAN (MERAUKE)", "No_Prov_26": "62", "ID_Jbt_26": "6200426", "Kd_Ruas_26": "62029", "Suffix_26": null, "Nm_Ruas_26": "BUPUL - ERAMBU - SOTA", "Lintas_26": "JALAN LINTAS PERBATASAN", "No_Jbt_26": "62.029.024.0", "Nm_Jbt_26": "ERAMBU XIII", "Status_26": "N", "Fungsi_26": "K", "Lks_Dr_26": "BPL", "Lks_km_26": 33.551, "F_STA_26": "7680", "Cadin_26": "MTG", "Pjg_Jbt_26": 6.0, "Btg_Pjg_26": 1.0, "Jml_Btg_26": "3", "Lb_Jl_Ms26": 4.76, "Lb_Jl_Kl26": 4.76, "Lb_Lalin26": 4.76, "Lb_Bh_Ki26": 1.43, "Lb_Bh_Ka26": 0.68, "Lb_Dr_Ki26": 0.0, "Lb_Dr_Ka26": 0.0, "Lb_Tr_Ki26": 0.0, "Lb_Tr_Ka26": 0.0, "Lb_TS_Ki26": 0.27, "Lb_TS_Ka26": 0.32, "Lb_Med_26": 0.0, "Lbr_Jbt_26": 7.46, "Bgn_Ats_26": "YTP", "Jns_Jbt_26": "STANDAR", "Thn_Bgn_26": "2000", "BA_26": "1", "LNT_26": "0", "BB_26": "0", "DAS_26": "1", "OP_26": "0", "UT_26": "0", "GR_26": "0", "LB_26": "0", "JBT_26": "1", "Tp_Lnts_26": "SUNGAI", "Dt_Lnts_26": "LURUS", "Pnangnn_26": "RUTIN", "Pmriksn_26": "RUTIN", "Pnglola_26": "BPJN PAPUA SELATAN", "Satkr_ID26": "693944", "PPK_Name26": "PPK 1.4 PROVINSI PAPUA SELATAN", "Traffic_26": null, "VCR_26": "0.0072", "AADT_26": "749", "Tipe_Jb_26": null, "Lat_26": -8.134423038, "Long_26": 141.009765, "Tgl_Ins_26": "16/05/2021", "Ket_26": null }, "geometry": { "type": "Point", "coordinates": [ 141.009720000177936, -8.134361999906332 ] } },
{ "type": "Feature", "properties": { "KDRUAS_UPD": "62028", "NOJBT_UPD": "62.028.013.0", "NM_RUAS_UP": "MUTING - BUPUL", "NM_JBT_UPD": "IB", "PROVINSI": "PAPUA SELATAN (MERAUKE)", "No_Prov_26": "62", "ID_Jbt_26": "6202298", "Kd_Ruas_26": "62028", "Suffix_26": null, "Nm_Ruas_26": "MUTING - BUPUL", "Lintas_26": "JALAN LINTAS PERBATASAN", "No_Jbt_26": "62.028.013.0", "Nm_Jbt_26": "IB", "Status_26": "N", "Fungsi_26": "K", "Lks_Dr_26": "BPL", "Lks_km_26": 11.28, "F_STA_26": "2670", "Cadin_26": "MTG", "Pjg_Jbt_26": 30.0, "Btg_Pjg_26": 30.5, "Jml_Btg_26": "1", "Lb_Jl_Ms26": 5.9, "Lb_Jl_Kl26": 5.9, "Lb_Lalin26": 5.9, "Lb_Bh_Ki26": 0.0, "Lb_Bh_Ka26": 0.0, "Lb_Dr_Ki26": 0.07, "Lb_Dr_Ka26": 0.05, "Lb_Tr_Ki26": 0.45, "Lb_Tr_Ka26": 0.48, "Lb_TS_Ki26": 0.23, "Lb_TS_Ka26": 0.23, "Lb_Med_26": 0.0, "Lbr_Jbt_26": 7.41, "Bgn_Ats_26": "GBP", "Jns_Jbt_26": "STANDAR", "Thn_Bgn_26": "2010", "BA_26": "1", "LNT_26": "1", "BB_26": "0", "DAS_26": "2", "OP_26": "0", "UT_26": "0", "GR_26": "0", "LB_26": "0", "JBT_26": "2", "Tp_Lnts_26": "SUNGAI", "Dt_Lnts_26": "LURUS", "Pnangnn_26": "RUTIN", "Pmriksn_26": "RUTIN", "Pnglola_26": "BPJN PAPUA SELATAN", "Satkr_ID26": "693944", "PPK_Name26": "PPK 1.3 PROVINSI PAPUA SELATAN", "Traffic_26": null, "VCR_26": "0.0136", "AADT_26": "2252", "Tipe_Jb_26": null, "Lat_26": -7.50406, "Long_26": 140.774463, "Tgl_Ins_26": "28/04/2021", "Ket_26": null }, "geometry": { "type": "Point", "coordinates": [ 140.774689000297144, -7.504131000045561 ] } },
{ "type": "Feature", "properties": { "KDRUAS_UPD": "620272", "NOJBT_UPD": "62.027.072.0.2", "NM_RUAS_UP": "BTS. KAB. BOVEN DIGOEL /MERAUKE - MUTING", "NM_JBT_UPD": "J LOG 3", "PROVINSI": "PAPUA SELATAN (MERAUKE)", "No_Prov_26": "62", "ID_Jbt_26": "6201114", "Kd_Ruas_26": "620272", "Suffix_26": "2", "Nm_Ruas_26": "BTS. KAB. BOVEN DIGOEL /MERAUKE - MUTING", "Lintas_26": "JALAN LINTAS PERBATASAN", "No_Jbt_26": "62.027.072.0.2", "Nm_Jbt_26": "J LOG 3", "Status_26": "N", "Fungsi_26": "K", "Lks_Dr_26": "MTG", "Lks_km_26": 40.984, "F_STA_26": "820", "Cadin_26": "GTR", "Pjg_Jbt_26": 6.7, "Btg_Pjg_26": 3.0, "Jml_Btg_26": "2", "Lb_Jl_Ms26": 4.4, "Lb_Jl_Kl26": 4.4, "Lb_Lalin26": 4.4, "Lb_Bh_Ki26": 1.22, "Lb_Bh_Ka26": 1.9, "Lb_Dr_Ki26": 0.0, "Lb_Dr_Ka26": 0.0, "Lb_Tr_Ki26": 0.0, "Lb_Tr_Ka26": 0.0, "Lb_TS_Ki26": 0.2, "Lb_TS_Ka26": 0.2, "Lb_Med_26": 0.0, "Lbr_Jbt_26": 7.92, "Bgn_Ats_26": "BTP", "Jns_Jbt_26": "STANDAR", "Thn_Bgn_26": "2010", "BA_26": "1", "LNT_26": "1", "BB_26": "1", "DAS_26": "0", "OP_26": "0", "UT_26": "0", "GR_26": "0", "LB_26": "0", "JBT_26": "1", "Tp_Lnts_26": "SUNGAI", "Dt_Lnts_26": "LURUS", "Pnangnn_26": "RUTIN", "Pmriksn_26": "RUTIN", "Pnglola_26": "BPJN PAPUA SELATAN", "Satkr_ID26": "693944", "PPK_Name26": "PPK 1.3 PROVINSI PAPUA SELATAN", "Traffic_26": null, "VCR_26": "0.2076", "AADT_26": "0", "Tipe_Jb_26": null, "Lat_26": -7.106224028, "Long_26": 140.713609, "Tgl_Ins_26": "27/04/2021", "Ket_26": null }, "geometry": { "type": "Point", "coordinates": [ 140.713623000001462, -7.106248999591628 ] } },
{ "type": "Feature", "properties": { "KDRUAS_UPD": "620272", "NOJBT_UPD": "62.027.078.0.2", "NM_RUAS_UP": "BTS. KAB. BOVEN DIGOEL /MERAUKE - MUTING", "NM_JBT_UPD": "J LOG 5", "PROVINSI": "PAPUA SELATAN (MERAUKE)", "No_Prov_26": "62", "ID_Jbt_26": "6201121", "Kd_Ruas_26": "620272", "Suffix_26": "2", "Nm_Ruas_26": "BTS. KAB. BOVEN DIGOEL /MERAUKE - MUTING", "Lintas_26": "JALAN LINTAS PERBATASAN", "No_Jbt_26": "62.027.078.0.2", "Nm_Jbt_26": "J LOG 5", "Status_26": "N", "Fungsi_26": "K", "Lks_Dr_26": "MTG", "Lks_km_26": 44.452, "F_STA_26": "490", "Cadin_26": "GTR", "Pjg_Jbt_26": 6.8, "Btg_Pjg_26": 3.0, "Jml_Btg_26": "2", "Lb_Jl_Ms26": 4.55, "Lb_Jl_Kl26": 4.55, "Lb_Lalin26": 4.55, "Lb_Bh_Ki26": 1.5, "Lb_Bh_Ka26": 1.35, "Lb_Dr_Ki26": 0.0, "Lb_Dr_Ka26": 0.0, "Lb_Tr_Ki26": 0.0, "Lb_Tr_Ka26": 0.0, "Lb_TS_Ki26": 0.31, "Lb_TS_Ka26": 0.32, "Lb_Med_26": 0.0, "Lbr_Jbt_26": 8.03, "Bgn_Ats_26": "BTP", "Jns_Jbt_26": "STANDAR", "Thn_Bgn_26": "2010", "BA_26": "1", "LNT_26": "1", "BB_26": "1", "DAS_26": "2", "OP_26": "0", "UT_26": "0", "GR_26": "0", "LB_26": "0", "JBT_26": "2", "Tp_Lnts_26": "SUNGAI", "Dt_Lnts_26": "LURUS", "Pnangnn_26": "RUTIN", "Pmriksn_26": "RUTIN", "Pnglola_26": "BPJN PAPUA SELATAN", "Satkr_ID26": "693944", "PPK_Name26": "PPK 1.3 PROVINSI PAPUA SELATAN", "Traffic_26": null, "VCR_26": "0.2076", "AADT_26": "0", "Tipe_Jb_26": null, "Lat_26": -7.076204997, "Long_26": 140.713137, "Tgl_Ins_26": "27/04/2021", "Ket_26": null }, "geometry": { "type": "Point", "coordinates": [ 140.713181000302939, -7.076063999753728 ] } },
{ "type": "Feature", "properties": { "KDRUAS_UPD": "620272", "NOJBT_UPD": "62.027.082.0.2", "NM_RUAS_UP": "BTS. KAB. BOVEN DIGOEL /MERAUKE - MUTING", "NM_JBT_UPD": "NAFAX 2 BOX", "PROVINSI": "PAPUA SELATAN (MERAUKE)", "No_Prov_26": "62", "ID_Jbt_26": "6201125", "Kd_Ruas_26": "620272", "Suffix_26": "2", "Nm_Ruas_26": "BTS. KAB. BOVEN DIGOEL /MERAUKE - MUTING", "Lintas_26": "JALAN LINTAS PERBATASAN", "No_Jbt_26": "62.027.082.0.2", "Nm_Jbt_26": "NAFAX 2 BOX", "Status_26": "N", "Fungsi_26": "K", "Lks_Dr_26": "MTG", "Lks_km_26": 46.74, "F_STA_26": "270", "Cadin_26": "GTR", "Pjg_Jbt_26": 7.0, "Btg_Pjg_26": 3.0, "Jml_Btg_26": "2", "Lb_Jl_Ms26": 4.56, "Lb_Jl_Kl26": 4.56, "Lb_Lalin26": 4.56, "Lb_Bh_Ki26": 1.77, "Lb_Bh_Ka26": 1.1, "Lb_Dr_Ki26": 0.0, "Lb_Dr_Ka26": 0.0, "Lb_Tr_Ki26": 0.0, "Lb_Tr_Ka26": 0.0, "Lb_TS_Ki26": 0.32, "Lb_TS_Ka26": 0.31, "Lb_Med_26": 0.0, "Lbr_Jbt_26": 8.06, "Bgn_Ats_26": "BTP", "Jns_Jbt_26": "STANDAR", "Thn_Bgn_26": "2010", "BA_26": "1", "LNT_26": "1", "BB_26": "1", "DAS_26": "2", "OP_26": "0", "UT_26": "0", "GR_26": "0", "LB_26": "0", "JBT_26": "2", "Tp_Lnts_26": "SUNGAI", "Dt_Lnts_26": "LURUS", "Pnangnn_26": "RUTIN", "Pmriksn_26": "RUTIN", "Pnglola_26": "BPJN PAPUA SELATAN", "Satkr_ID26": "693944", "PPK_Name26": "PPK 1.3 PROVINSI PAPUA SELATAN", "Traffic_26": null, "VCR_26": "0.2076", "AADT_26": "0", "Tipe_Jb_26": null, "Lat_26": -7.057355018, "Long_26": 140.715544, "Tgl_Ins_26": "27/04/2021", "Ket_26": null }, "geometry": { "type": "Point", "coordinates": [ 140.71554599964827, -7.057101000310865 ] } },
{ "type": "Feature", "properties": { "KDRUAS_UPD": "62026", "NOJBT_UPD": "62.026.029.0", "NM_RUAS_UP": "TANAH MERAH - GENTENTIRI", "NM_JBT_UPD": "JACKY", "PROVINSI": "PAPUA SELATAN (MERAUKE)", "No_Prov_26": "62", "ID_Jbt_26": "6202354", "Kd_Ruas_26": "62026", "Suffix_26": null, "Nm_Ruas_26": "TANAH MERAH - GENTENTIRI", "Lintas_26": "JALAN LINTAS PERBATASAN", "No_Jbt_26": "62.026.029.0", "Nm_Jbt_26": "JACKY", "Status_26": "N", "Fungsi_26": "K", "Lks_Dr_26": "TMR", "Lks_km_26": 71.875, "F_STA_26": "960", "Cadin_26": "GTR", "Pjg_Jbt_26": 30.5, "Btg_Pjg_26": 30.13, "Jml_Btg_26": "1", "Lb_Jl_Ms26": 6.0, "Lb_Jl_Kl26": 6.0, "Lb_Lalin26": 6.0, "Lb_Bh_Ki26": 0.0, "Lb_Bh_Ka26": 0.0, "Lb_Dr_Ki26": 0.0, "Lb_Dr_Ka26": 0.0, "Lb_Tr_Ki26": 0.42, "Lb_Tr_Ka26": 0.4, "Lb_TS_Ki26": 0.26, "Lb_TS_Ka26": 0.29, "Lb_Med_26": 0.0, "Lbr_Jbt_26": 7.37, "Bgn_Ats_26": "GBP", "Jns_Jbt_26": "STANDAR", "Thn_Bgn_26": "2014", "BA_26": "2", "LNT_26": "2", "BB_26": "1", "DAS_26": "2", "OP_26": "0", "UT_26": "0", "GR_26": "0", "LB_26": "0", "JBT_26": "2", "Tp_Lnts_26": "SUNGAI", "Dt_Lnts_26": "LURUS", "Pnangnn_26": "RUTIN", "Pmriksn_26": "RUTIN", "Pnglola_26": "BPJN PAPUA SELATAN", "Satkr_ID26": "693947", "PPK_Name26": "PPK 2.1 PROVINSI PAPUA SELATAN", "Traffic_26": null, "VCR_26": "0.0252", "AADT_26": "100", "Tipe_Jb_26": null, "Lat_26": -6.17057397, "Long_26": 140.367044, "Tgl_Ins_26": "26/04/2021", "Ket_26": null }, "geometry": { "type": "Point", "coordinates": [ 140.366989000342187, -6.170400000259747 ] } },
{ "type": "Feature", "properties": { "KDRUAS_UPD": "62029", "NOJBT_UPD": "62.029.070.0", "NM_RUAS_UP": "BUPUL - ERAMBU - SOTA", "NM_JBT_UPD": "JEMBATAN BARKI", "PROVINSI": "PAPUA SELATAN (MERAUKE)", "No_Prov_26": "62", "ID_Jbt_26": "6201276", "Kd_Ruas_26": "62029", "Suffix_26": null, "Nm_Ruas_26": "BUPUL - ERAMBU - SOTA", "Lintas_26": "JALAN LINTAS PERBATASAN", "No_Jbt_26": "62.029.070.0", "Nm_Jbt_26": "JEMBATAN BARKI", "Status_26": "N", "Fungsi_26": "K", "Lks_Dr_26": "BPL", "Lks_km_26": 66.053, "F_STA_26": "4440", "Cadin_26": "MTG", "Pjg_Jbt_26": 60.0, "Btg_Pjg_26": 60.0, "Jml_Btg_26": "1", "Lb_Jl_Ms26": 5.7, "Lb_Jl_Kl26": 5.7, "Lb_Lalin26": 5.7, "Lb_Bh_Ki26": 0.0, "Lb_Bh_Ka26": 0.0, "Lb_Dr_Ki26": 0.12, "Lb_Dr_Ka26": 0.12, "Lb_Tr_Ki26": 0.44, "Lb_Tr_Ka26": 0.45, "Lb_TS_Ki26": 0.0, "Lb_TS_Ka26": 0.0, "Lb_Med_26": 0.0, "Lbr_Jbt_26": 6.83, "Bgn_Ats_26": "RBP", "Jns_Jbt_26": "STANDAR", "Thn_Bgn_26": "2011", "BA_26": "3", "LNT_26": "2", "BB_26": "3", "DAS_26": "0", "OP_26": "0", "UT_26": "0", "GR_26": "0", "LB_26": "0", "JBT_26": "3", "Tp_Lnts_26": "SUNGAI", "Dt_Lnts_26": "LURUS", "Pnangnn_26": "REHABILITASI", "Pmriksn_26": "DETAIL", "Pnglola_26": "BPJN PAPUA SELATAN", "Satkr_ID26": "693944", "PPK_Name26": "PPK 1.4 PROVINSI PAPUA SELATAN", "Traffic_26": null, "VCR_26": "0.0072", "AADT_26": "0", "Tipe_Jb_26": null, "Lat_26": -7.857210031, "Long_26": 140.970188, "Tgl_Ins_26": "21/06/2026", "Ket_26": null }, "geometry": { "type": "Point", "coordinates": [ 140.970107999984293, -7.856954000027031 ] } },
{ "type": "Feature", "properties": { "KDRUAS_UPD": "620272", "NOJBT_UPD": "62.027.027.0.2", "NM_RUAS_UP": "BTS. KAB. BOVEN DIGOEL /MERAUKE - MUTING", "NM_JBT_UPD": "KALI KUM", "PROVINSI": "PAPUA SELATAN (MERAUKE)", "No_Prov_26": "62", "ID_Jbt_26": "6202237", "Kd_Ruas_26": "620272", "Suffix_26": "2", "Nm_Ruas_26": "BTS. KAB. BOVEN DIGOEL /MERAUKE - MUTING", "Lintas_26": "JALAN LINTAS PERBATASAN", "No_Jbt_26": "62.027.027.0.2", "Nm_Jbt_26": "KALI KUM", "Status_26": "N", "Fungsi_26": "K", "Lks_Dr_26": "BPL", "Lks_km_26": 0.079, "F_STA_26": "4640", "Cadin_26": "MTG", "Pjg_Jbt_26": 60.0, "Btg_Pjg_26": 60.0, "Jml_Btg_26": "1", "Lb_Jl_Ms26": 5.79, "Lb_Jl_Kl26": 5.79, "Lb_Lalin26": 5.79, "Lb_Bh_Ki26": 0.0, "Lb_Bh_Ka26": 0.0, "Lb_Dr_Ki26": 0.09, "Lb_Dr_Ka26": 0.08, "Lb_Tr_Ki26": 0.51, "Lb_Tr_Ka26": 0.51, "Lb_TS_Ki26": 0.0, "Lb_TS_Ka26": 0.0, "Lb_Med_26": 0.0, "Lbr_Jbt_26": 6.98, "Bgn_Ats_26": "RBP", "Jns_Jbt_26": "STANDAR", "Thn_Bgn_26": "2010", "BA_26": "2", "LNT_26": "2", "BB_26": "1", "DAS_26": "1", "OP_26": "1", "UT_26": "0", "GR_26": "0", "LB_26": "0", "JBT_26": "2", "Tp_Lnts_26": "SUNGAI", "Dt_Lnts_26": "BERKELOK", "Pnangnn_26": "RUTIN", "Pmriksn_26": "RUTIN", "Pnglola_26": "BPJN PAPUA SELATAN", "Satkr_ID26": "693944", "PPK_Name26": "PPK 1.3 PROVINSI PAPUA SELATAN", "Traffic_26": null, "VCR_26": "0.2076", "AADT_26": "0", "Tipe_Jb_26": null, "Lat_26": -7.35384196, "Long_26": 140.6594, "Tgl_Ins_26": "25/05/2024", "Ket_26": null }, "geometry": { "type": "Point", "coordinates": [ 140.659446999979082, -7.353759000277591 ] } },
{ "type": "Feature", "properties": { "KDRUAS_UPD": "62031", "NOJBT_UPD": "62.031.040.0", "NM_RUAS_UP": "KM 40 - BTS. KOTA MERAUKE", "NM_JBT_UPD": "KALI ALU", "PROVINSI": "PAPUA SELATAN (MERAUKE)", "No_Prov_26": "62", "ID_Jbt_26": "6202295", "Kd_Ruas_26": "62031", "Suffix_26": null, "Nm_Ruas_26": "KM 40 - BTS. KOTA MERAUKE", "Lintas_26": "JALAN LINTAS PERBATASAN", "No_Jbt_26": "62.031.040.0", "Nm_Jbt_26": "KALI ALU", "Status_26": "N", "Fungsi_26": "K", "Lks_Dr_26": "MRK", "Lks_km_26": 34.727, "F_STA_26": "10", "Cadin_26": "MRK", "Pjg_Jbt_26": 66.13, "Btg_Pjg_26": 50.0, "Jml_Btg_26": "2", "Lb_Jl_Ms26": 6.78, "Lb_Jl_Kl26": 6.78, "Lb_Lalin26": 6.78, "Lb_Bh_Ki26": 0.0, "Lb_Bh_Ka26": 0.0, "Lb_Dr_Ki26": 0.1, "Lb_Dr_Ka26": 0.13, "Lb_Tr_Ki26": 1.11, "Lb_Tr_Ka26": 1.1, "Lb_TS_Ki26": 0.25, "Lb_TS_Ka26": 0.25, "Lb_Med_26": 0.0, "Lbr_Jbt_26": 9.72, "Bgn_Ats_26": "RBP", "Jns_Jbt_26": "STANDAR", "Thn_Bgn_26": "2010", "BA_26": "2", "LNT_26": "1", "BB_26": "2", "DAS_26": "1", "OP_26": "2", "UT_26": "0", "GR_26": "0", "LB_26": "0", "JBT_26": "2", "Tp_Lnts_26": "SUNGAI", "Dt_Lnts_26": "LURUS", "Pnangnn_26": "RUTIN", "Pmriksn_26": "RUTIN", "Pnglola_26": "BPJN PAPUA SELATAN", "Satkr_ID26": null, "PPK_Name26": "PPK 1.1 PROVINSI PAPUA SELATAN", "Traffic_26": null, "VCR_26": "0.0187", "AADT_26": "409", "Tipe_Jb_26": null, "Lat_26": -8.525361959, "Long_26": 140.683255, "Tgl_Ins_26": "17/05/2024", "Ket_26": null }, "geometry": { "type": "Point", "coordinates": [ 140.682845999843039, -8.525187999626439 ] } },
{ "type": "Feature", "properties": { "KDRUAS_UPD": "62031", "NOJBT_UPD": "62.031.035.0", "NM_RUAS_UP": "KM 40 - BTS. KOTA MERAUKE", "NM_JBT_UPD": "KALI BEO", "PROVINSI": "PAPUA SELATAN (MERAUKE)", "No_Prov_26": "62", "ID_Jbt_26": "6202290", "Kd_Ruas_26": "62031", "Suffix_26": null, "Nm_Ruas_26": "KM 40 - BTS. KOTA MERAUKE", "Lintas_26": "JALAN LINTAS PERBATASAN", "No_Jbt_26": "62.031.035.0", "Nm_Jbt_26": "KALI BEO", "Status_26": "N", "Fungsi_26": "K", "Lks_Dr_26": "MRK", "Lks_km_26": 30.69, "F_STA_26": "410", "Cadin_26": "MRK", "Pjg_Jbt_26": 55.4, "Btg_Pjg_26": 55.0, "Jml_Btg_26": "1", "Lb_Jl_Ms26": 5.9, "Lb_Jl_Kl26": 5.9, "Lb_Lalin26": 5.9, "Lb_Bh_Ki26": 0.0, "Lb_Bh_Ka26": 0.0, "Lb_Dr_Ki26": 0.11, "Lb_Dr_Ka26": 0.1, "Lb_Tr_Ki26": 0.52, "Lb_Tr_Ka26": 0.51, "Lb_TS_Ki26": 0.0, "Lb_TS_Ka26": 0.0, "Lb_Med_26": 0.0, "Lbr_Jbt_26": 7.14, "Bgn_Ats_26": "RBP", "Jns_Jbt_26": "STANDAR", "Thn_Bgn_26": "2010", "BA_26": "2", "LNT_26": "1", "BB_26": "1", "DAS_26": "1", "OP_26": "1", "UT_26": "0", "GR_26": "0", "LB_26": "0", "JBT_26": "2", "Tp_Lnts_26": "SUNGAI", "Dt_Lnts_26": "LURUS", "Pnangnn_26": "RUTIN", "Pmriksn_26": "RUTIN", "Pnglola_26": "BPJN PAPUA SELATAN", "Satkr_ID26": null, "PPK_Name26": "PPK 1.1 PROVINSI PAPUA SELATAN", "Traffic_26": null, "VCR_26": "0.0187", "AADT_26": "409", "Tipe_Jb_26": null, "Lat_26": -8.518197, "Long_26": 140.647535, "Tgl_Ins_26": "17/05/2024", "Ket_26": null }, "geometry": { "type": "Point", "coordinates": [ 140.647094999634646, -8.518148999676555 ] } },
{ "type": "Feature", "properties": { "KDRUAS_UPD": "62031", "NOJBT_UPD": "62.031.010.0", "NM_RUAS_UP": "KM 40 - BTS. KOTA MERAUKE", "NM_JBT_UPD": "KALI DIGU", "PROVINSI": "PAPUA SELATAN (MERAUKE)", "No_Prov_26": "62", "ID_Jbt_26": "6200448", "Kd_Ruas_26": "62031", "Suffix_26": null, "Nm_Ruas_26": "KM 40 - BTS. KOTA MERAUKE", "Lintas_26": "JALAN LINTAS PERBATASAN", "No_Jbt_26": "62.031.010.0", "Nm_Jbt_26": "KALI DIGU", "Status_26": "N", "Fungsi_26": "K", "Lks_Dr_26": "MRK", "Lks_km_26": 4.609, "F_STA_26": "3030", "Cadin_26": "MRK", "Pjg_Jbt_26": 20.7, "Btg_Pjg_26": 20.4, "Jml_Btg_26": "1", "Lb_Jl_Ms26": 6.02, "Lb_Jl_Kl26": 6.02, "Lb_Lalin26": 6.02, "Lb_Bh_Ki26": 0.0, "Lb_Bh_Ka26": 0.0, "Lb_Dr_Ki26": 0.12, "Lb_Dr_Ka26": 0.1, "Lb_Tr_Ki26": 0.52, "Lb_Tr_Ka26": 0.48, "Lb_TS_Ki26": 0.28, "Lb_TS_Ka26": 0.3, "Lb_Med_26": 0.0, "Lbr_Jbt_26": 7.82, "Bgn_Ats_26": "GTP", "Jns_Jbt_26": "STANDAR", "Thn_Bgn_26": "2010", "BA_26": "1", "LNT_26": "0", "BB_26": "2", "DAS_26": "2", "OP_26": "0", "UT_26": "0", "GR_26": "0", "LB_26": "0", "JBT_26": "2", "Tp_Lnts_26": "SUNGAI", "Dt_Lnts_26": "LURUS", "Pnangnn_26": "RUTIN", "Pmriksn_26": "RUTIN", "Pnglola_26": "BPJN PAPUA SELATAN", "Satkr_ID26": null, "PPK_Name26": "PPK 1.1 PROVINSI PAPUA SELATAN", "Traffic_26": null, "VCR_26": "0.0187", "AADT_26": "409", "Tipe_Jb_26": null, "Lat_26": -8.513707006000001, "Long_26": 140.434832, "Tgl_Ins_26": "05/05/2021", "Ket_26": null }, "geometry": { "type": "Point", "coordinates": [ 140.434814000265987, -8.513554000017052 ] } },
{ "type": "Feature", "properties": { "KDRUAS_UPD": "620271", "NOJBT_UPD": "62.027.025.0.1", "NM_RUAS_UP": "GENTENTIRI - BTS. KAB. MERAUKE / BOVEN DIGOEL", "NM_JBT_UPD": "KALI KUMP BESAR", "PROVINSI": "PAPUA SELATAN (MERAUKE)", "No_Prov_26": "62", "ID_Jbt_26": "6200405", "Kd_Ruas_26": "620271", "Suffix_26": "1", "Nm_Ruas_26": "GENTENTIRI - BTS. KAB. MERAUKE / BOVEN DIGOEL", "Lintas_26": "JALAN LINTAS PERBATASAN", "No_Jbt_26": "62.027.025.0.1", "Nm_Jbt_26": "KALI KUMP BESAR", "Status_26": "N", "Fungsi_26": "K", "Lks_Dr_26": "MTG", "Lks_km_26": 54.075, "F_STA_26": "2310", "Cadin_26": "GTR", "Pjg_Jbt_26": 60.0, "Btg_Pjg_26": 60.0, "Jml_Btg_26": "1", "Lb_Jl_Ms26": 5.72, "Lb_Jl_Kl26": 5.72, "Lb_Lalin26": 5.72, "Lb_Bh_Ki26": 0.0, "Lb_Bh_Ka26": 0.0, "Lb_Dr_Ki26": 0.1, "Lb_Dr_Ka26": 0.09, "Lb_Tr_Ki26": 0.45, "Lb_Tr_Ka26": 0.45, "Lb_TS_Ki26": 0.0, "Lb_TS_Ka26": 0.0, "Lb_Med_26": 0.0, "Lbr_Jbt_26": 6.81, "Bgn_Ats_26": "RBP", "Jns_Jbt_26": "STANDAR", "Thn_Bgn_26": "2018", "BA_26": "3", "LNT_26": "3", "BB_26": "2", "DAS_26": "2", "OP_26": "1", "UT_26": "0", "GR_26": "0", "LB_26": "0", "JBT_26": "3", "Tp_Lnts_26": "SUNGAI", "Dt_Lnts_26": "LURUS", "Pnangnn_26": "REHABILITASI", "Pmriksn_26": "DETAIL", "Pnglola_26": "BPJN PAPUA SELATAN", "Satkr_ID26": "693947", "PPK_Name26": "PPK 2.1 PROVINSI PAPUA SELATAN", "Traffic_26": null, "VCR_26": "0.0244", "AADT_26": "0", "Tipe_Jb_26": null, "Lat_26": -6.633078, "Long_26": 140.597816, "Tgl_Ins_26": "25/06/2026", "Ket_26": null }, "geometry": { "type": "Point", "coordinates": [ 140.597991999731107, -6.633563000232243 ] } },
{ "type": "Feature", "properties": { "KDRUAS_UPD": "62031", "NOJBT_UPD": "62.031.004.0", "NM_RUAS_UP": "KM 40 - BTS. KOTA MERAUKE", "NM_JBT_UPD": "KALI TAMU (RAWA)/KELAPA 5", "PROVINSI": "PAPUA SELATAN (MERAUKE)", "No_Prov_26": "62", "ID_Jbt_26": "6200442", "Kd_Ruas_26": "62031", "Suffix_26": null, "Nm_Ruas_26": "KM 40 - BTS. KOTA MERAUKE", "Lintas_26": "JALAN LINTAS PERBATASAN", "No_Jbt_26": "62.031.004.0", "Nm_Jbt_26": "KALI TAMU (RAWA)/KELAPA 5", "Status_26": "N", "Fungsi_26": "K", "Lks_Dr_26": "MRK", "Lks_km_26": 1.329, "F_STA_26": "3350", "Cadin_26": "MRK", "Pjg_Jbt_26": 50.3, "Btg_Pjg_26": 50.0, "Jml_Btg_26": "1", "Lb_Jl_Ms26": 5.78, "Lb_Jl_Kl26": 5.78, "Lb_Lalin26": 5.78, "Lb_Bh_Ki26": 0.0, "Lb_Bh_Ka26": 0.0, "Lb_Dr_Ki26": 0.1, "Lb_Dr_Ka26": 0.07, "Lb_Tr_Ki26": 0.5, "Lb_Tr_Ka26": 0.49, "Lb_TS_Ki26": 0.0, "Lb_TS_Ka26": 0.0, "Lb_Med_26": 0.0, "Lbr_Jbt_26": 6.94, "Bgn_Ats_26": "RBP", "Jns_Jbt_26": "STANDAR", "Thn_Bgn_26": "2011", "BA_26": "2", "LNT_26": "2", "BB_26": "2", "DAS_26": "1", "OP_26": "2", "UT_26": "0", "GR_26": "0", "LB_26": "0", "JBT_26": "2", "Tp_Lnts_26": "SUNGAI", "Dt_Lnts_26": "LURUS", "Pnangnn_26": "RUTIN", "Pmriksn_26": "RUTIN", "Pnglola_26": "BPJN PAPUA SELATAN", "Satkr_ID26": null, "PPK_Name26": "PPK 1.1 PROVINSI PAPUA SELATAN", "Traffic_26": null, "VCR_26": "0.0187", "AADT_26": "409", "Tipe_Jb_26": null, "Lat_26": -8.488286035, "Long_26": 140.424016, "Tgl_Ins_26": "20/05/2024", "Ket_26": null }, "geometry": { "type": "Point", "coordinates": [ 140.423752000054833, -8.488027000045975 ] } },
{ "type": "Feature", "properties": { "KDRUAS_UPD": "62031", "NOJBT_UPD": "62.031.005.0", "NM_RUAS_UP": "KM 40 - BTS. KOTA MERAUKE", "NM_JBT_UPD": "KALI TAMU I", "PROVINSI": "PAPUA SELATAN (MERAUKE)", "No_Prov_26": "62", "ID_Jbt_26": "6200443", "Kd_Ruas_26": "62031", "Suffix_26": null, "Nm_Ruas_26": "KM 40 - BTS. KOTA MERAUKE", "Lintas_26": "JALAN LINTAS PERBATASAN", "No_Jbt_26": "62.031.005.0", "Nm_Jbt_26": "KALI TAMU I", "Status_26": "N", "Fungsi_26": "K", "Lks_Dr_26": "MRK", "Lks_km_26": 2.332, "F_STA_26": "3250", "Cadin_26": "MRK", "Pjg_Jbt_26": 25.7, "Btg_Pjg_26": 25.48, "Jml_Btg_26": "1", "Lb_Jl_Ms26": 6.07, "Lb_Jl_Kl26": 6.07, "Lb_Lalin26": 6.07, "Lb_Bh_Ki26": 0.0, "Lb_Bh_Ka26": 0.0, "Lb_Dr_Ki26": 0.43, "Lb_Dr_Ka26": 0.12, "Lb_Tr_Ki26": 0.85, "Lb_Tr_Ka26": 0.49, "Lb_TS_Ki26": 0.4, "Lb_TS_Ka26": 0.35, "Lb_Med_26": 0.0, "Lbr_Jbt_26": 8.71, "Bgn_Ats_26": "GTP", "Jns_Jbt_26": "STANDAR", "Thn_Bgn_26": "2011", "BA_26": "2", "LNT_26": "2", "BB_26": "2", "DAS_26": "1", "OP_26": "0", "UT_26": "0", "GR_26": "0", "LB_26": "0", "JBT_26": "2", "Tp_Lnts_26": "SUNGAI", "Dt_Lnts_26": "LURUS", "Pnangnn_26": "RUTIN", "Pmriksn_26": "RUTIN", "Pnglola_26": "BPJN PAPUA SELATAN", "Satkr_ID26": null, "PPK_Name26": "PPK 1.1 PROVINSI PAPUA SELATAN", "Traffic_26": null, "VCR_26": "0.0187", "AADT_26": "409", "Tipe_Jb_26": null, "Lat_26": -8.496519998, "Long_26": 140.425162, "Tgl_Ins_26": "28/07/2025", "Ket_26": null }, "geometry": { "type": "Point", "coordinates": [ 140.425048999611704, -8.496291999875837 ] } },
{ "type": "Feature", "properties": { "KDRUAS_UPD": "62029", "NOJBT_UPD": "62.029.038.0", "NM_RUAS_UP": "BUPUL - ERAMBU - SOTA", "NM_JBT_UPD": "KALI WANGGO", "PROVINSI": "PAPUA SELATAN (MERAUKE)", "No_Prov_26": "62", "ID_Jbt_26": "6200437", "Kd_Ruas_26": "62029", "Suffix_26": null, "Nm_Ruas_26": "BUPUL - ERAMBU - SOTA", "Lintas_26": "JALAN LINTAS PERBATASAN", "No_Jbt_26": "62.029.038.0", "Nm_Jbt_26": "KALI WANGGO", "Status_26": "N", "Fungsi_26": "K", "Lks_Dr_26": "BPL", "Lks_km_26": 43.92, "F_STA_26": "6650", "Cadin_26": "MTG", "Pjg_Jbt_26": 81.6, "Btg_Pjg_26": 60.0, "Jml_Btg_26": "2", "Lb_Jl_Ms26": 5.54, "Lb_Jl_Kl26": 5.54, "Lb_Lalin26": 5.54, "Lb_Bh_Ki26": 0.0, "Lb_Bh_Ka26": 0.0, "Lb_Dr_Ki26": 0.1, "Lb_Dr_Ka26": 0.13, "Lb_Tr_Ki26": 0.49, "Lb_Tr_Ka26": 0.5, "Lb_TS_Ki26": 0.25, "Lb_TS_Ka26": 0.27, "Lb_Med_26": 0.0, "Lbr_Jbt_26": 7.28, "Bgn_Ats_26": "RBP", "Jns_Jbt_26": "STANDAR", "Thn_Bgn_26": "2014", "BA_26": "2", "LNT_26": "2", "BB_26": "2", "DAS_26": "0", "OP_26": "0", "UT_26": "0", "GR_26": "0", "LB_26": "0", "JBT_26": "2", "Tp_Lnts_26": "SUNGAI", "Dt_Lnts_26": "LURUS", "Pnangnn_26": "RUTIN", "Pmriksn_26": "RUTIN", "Pnglola_26": "BPJN PAPUA SELATAN", "Satkr_ID26": "693944", "PPK_Name26": "PPK 1.4 PROVINSI PAPUA SELATAN", "Traffic_26": null, "VCR_26": "0.0072", "AADT_26": "749", "Tipe_Jb_26": null, "Lat_26": -8.042665003, "Long_26": 141.008008, "Tgl_Ins_26": "02/07/2026", "Ket_26": null }, "geometry": { "type": "Point", "coordinates": [ 141.008132999838153, -8.042971999657993 ] } },
{ "type": "Feature", "properties": { "KDRUAS_UPD": "62026", "NOJBT_UPD": "62.026.001.0", "NM_RUAS_UP": "TANAH MERAH - GENTENTIRI", "NM_JBT_UPD": "KAO I", "PROVINSI": "PAPUA SELATAN (MERAUKE)", "No_Prov_26": "62", "ID_Jbt_26": "6200378", "Kd_Ruas_26": "62026", "Suffix_26": null, "Nm_Ruas_26": "TANAH MERAH - GENTENTIRI", "Lintas_26": "JALAN LINTAS PERBATASAN", "No_Jbt_26": "62.026.001.0", "Nm_Jbt_26": "KAO I", "Status_26": "N", "Fungsi_26": "K", "Lks_Dr_26": "TMR", "Lks_km_26": 0.072, "F_STA_26": "7260", "Cadin_26": "GTR", "Pjg_Jbt_26": 184.0, "Btg_Pjg_26": 60.0, "Jml_Btg_26": "3", "Lb_Jl_Ms26": 6.0, "Lb_Jl_Kl26": 6.0, "Lb_Lalin26": 6.0, "Lb_Bh_Ki26": 0.0, "Lb_Bh_Ka26": 0.0, "Lb_Dr_Ki26": 0.07, "Lb_Dr_Ka26": 0.07, "Lb_Tr_Ki26": 0.46, "Lb_Tr_Ka26": 0.43, "Lb_TS_Ki26": 0.0, "Lb_TS_Ka26": 0.0, "Lb_Med_26": 0.0, "Lbr_Jbt_26": 7.03, "Bgn_Ats_26": "RBP", "Jns_Jbt_26": "STANDAR", "Thn_Bgn_26": "2012", "BA_26": "2", "LNT_26": "2", "BB_26": "2", "DAS_26": "2", "OP_26": "1", "UT_26": "0", "GR_26": "0", "LB_26": "0", "JBT_26": "2", "Tp_Lnts_26": "SUNGAI", "Dt_Lnts_26": "BERKELOK", "Pnangnn_26": "RUTIN", "Pmriksn_26": "RUTIN", "Pnglola_26": "BPJN PAPUA SELATAN", "Satkr_ID26": "693947", "PPK_Name26": "PPK 2.1 PROVINSI PAPUA SELATAN", "Traffic_26": null, "VCR_26": "0.0252", "AADT_26": "100", "Tipe_Jb_26": null, "Lat_26": -6.539415, "Long_26": 140.456723, "Tgl_Ins_26": "20/05/2024", "Ket_26": null }, "geometry": { "type": "Point", "coordinates": [ 140.456779999697346, -6.539361999856339 ] } },
{ "type": "Feature", "properties": { "KDRUAS_UPD": "62024", "NOJBT_UPD": "62.024.001.0", "NM_RUAS_UP": "WAROPKO - MINDIPTANA", "NM_JBT_UPD": "KAO II", "PROVINSI": "PAPUA SELATAN (MERAUKE)", "No_Prov_26": "62", "ID_Jbt_26": "6200757", "Kd_Ruas_26": "62024", "Suffix_26": null, "Nm_Ruas_26": "WAROPKO - MINDIPTANA", "Lintas_26": "JALAN LINTAS PERBATASAN", "No_Jbt_26": "62.024.001.0", "Nm_Jbt_26": "KAO II", "Status_26": "N", "Fungsi_26": "K", "Lks_Dr_26": "TMR", "Lks_km_26": 0.047, "F_STA_26": "3850", "Cadin_26": "MDT", "Pjg_Jbt_26": 184.0, "Btg_Pjg_26": 60.0, "Jml_Btg_26": "3", "Lb_Jl_Ms26": 6.0, "Lb_Jl_Kl26": 6.0, "Lb_Lalin26": 6.0, "Lb_Bh_Ki26": 0.0, "Lb_Bh_Ka26": 0.0, "Lb_Dr_Ki26": 0.14, "Lb_Dr_Ka26": 0.08, "Lb_Tr_Ki26": 0.51, "Lb_Tr_Ka26": 0.49, "Lb_TS_Ki26": 0.0, "Lb_TS_Ka26": 0.0, "Lb_Med_26": 0.0, "Lbr_Jbt_26": 7.22, "Bgn_Ats_26": "RBP", "Jns_Jbt_26": "STANDAR", "Thn_Bgn_26": "2000", "BA_26": "2", "LNT_26": "2", "BB_26": "1", "DAS_26": "2", "OP_26": "2", "UT_26": "0", "GR_26": "0", "LB_26": "0", "JBT_26": "2", "Tp_Lnts_26": "SUNGAI", "Dt_Lnts_26": "LURUS", "Pnangnn_26": "RUTIN", "Pmriksn_26": "RUTIN", "Pnglola_26": "BPJN PAPUA SELATAN", "Satkr_ID26": "693947", "PPK_Name26": "PPK 2.2 PROVINSI PAPUA SELATAN", "Traffic_26": null, "VCR_26": "0.0301", "AADT_26": "0", "Tipe_Jb_26": null, "Lat_26": -5.874350974, "Long_26": 140.683006, "Tgl_Ins_26": "03/07/2026", "Ket_26": null }, "geometry": { "type": "Point", "coordinates": [ 140.683604999770978, -5.875770000285229 ] } },
{ "type": "Feature", "properties": { "KDRUAS_UPD": "62031", "NOJBT_UPD": "62.031.008.0", "NM_RUAS_UP": "KM 40 - BTS. KOTA MERAUKE", "NM_JBT_UPD": "KUDA MATI", "PROVINSI": "PAPUA SELATAN (MERAUKE)", "No_Prov_26": "62", "ID_Jbt_26": "6200446", "Kd_Ruas_26": "62031", "Suffix_26": null, "Nm_Ruas_26": "KM 40 - BTS. KOTA MERAUKE", "Lintas_26": "JALAN LINTAS PERBATASAN", "No_Jbt_26": "62.031.008.0", "Nm_Jbt_26": "KUDA MATI", "Status_26": "N", "Fungsi_26": "K", "Lks_Dr_26": "MRK", "Lks_km_26": 3.477, "F_STA_26": "3140", "Cadin_26": "MRK", "Pjg_Jbt_26": 10.2, "Btg_Pjg_26": 3.0, "Jml_Btg_26": "3", "Lb_Jl_Ms26": 5.28, "Lb_Jl_Kl26": 5.28, "Lb_Lalin26": 5.28, "Lb_Bh_Ki26": 0.75, "Lb_Bh_Ka26": 0.63, "Lb_Dr_Ki26": 0.0, "Lb_Dr_Ka26": 0.0, "Lb_Tr_Ki26": 0.0, "Lb_Tr_Ka26": 0.0, "Lb_TS_Ki26": 0.34, "Lb_TS_Ka26": 0.37, "Lb_Med_26": 0.0, "Lbr_Jbt_26": 7.37, "Bgn_Ats_26": "BTP", "Jns_Jbt_26": "STANDAR", "Thn_Bgn_26": "2011", "BA_26": "1", "LNT_26": "1", "BB_26": "0", "DAS_26": "1", "OP_26": "1", "UT_26": "2", "GR_26": "0", "LB_26": "0", "JBT_26": "2", "Tp_Lnts_26": "SUNGAI", "Dt_Lnts_26": "LURUS", "Pnangnn_26": "RUTIN", "Pmriksn_26": "RUTIN", "Pnglola_26": "BPJN PAPUA SELATAN", "Satkr_ID26": null, "PPK_Name26": "PPK 1.1 PROVINSI PAPUA SELATAN", "Traffic_26": null, "VCR_26": "0.0187", "AADT_26": "409", "Tipe_Jb_26": null, "Lat_26": -8.503793981, "Long_26": 140.432294, "Tgl_Ins_26": "15/05/2024", "Ket_26": null }, "geometry": { "type": "Point", "coordinates": [ 140.432449000021393, -8.503896999846631 ] } },
{ "type": "Feature", "properties": { "KDRUAS_UPD": "620272", "NOJBT_UPD": "62.027.036.0.2", "NM_RUAS_UP": "BTS. KAB. BOVEN DIGOEL /MERAUKE - MUTING", "NM_JBT_UPD": "KUMAAF", "PROVINSI": "PAPUA SELATAN (MERAUKE)", "No_Prov_26": "62", "ID_Jbt_26": "6202246", "Kd_Ruas_26": "620272", "Suffix_26": "2", "Nm_Ruas_26": "BTS. KAB. BOVEN DIGOEL /MERAUKE - MUTING", "Lintas_26": "JALAN LINTAS PERBATASAN", "No_Jbt_26": "62.027.036.0.2", "Nm_Jbt_26": "KUMAAF", "Status_26": "N", "Fungsi_26": "K", "Lks_Dr_26": "MTG", "Lks_km_26": 5.48, "F_STA_26": "4110", "Cadin_26": "GTR", "Pjg_Jbt_26": 20.0, "Btg_Pjg_26": 19.68, "Jml_Btg_26": "1", "Lb_Jl_Ms26": 5.78, "Lb_Jl_Kl26": 5.78, "Lb_Lalin26": 5.78, "Lb_Bh_Ki26": 0.0, "Lb_Bh_Ka26": 0.0, "Lb_Dr_Ki26": 0.07, "Lb_Dr_Ka26": 0.07, "Lb_Tr_Ki26": 0.42, "Lb_Tr_Ka26": 0.4, "Lb_TS_Ki26": 0.31, "Lb_TS_Ka26": 0.3, "Lb_Med_26": 0.0, "Lbr_Jbt_26": 7.35, "Bgn_Ats_26": "GTP", "Jns_Jbt_26": "STANDAR", "Thn_Bgn_26": "2011", "BA_26": "2", "LNT_26": "2", "BB_26": "1", "DAS_26": "2", "OP_26": "0", "UT_26": "0", "GR_26": "0", "LB_26": "0", "JBT_26": "2", "Tp_Lnts_26": "SUNGAI", "Dt_Lnts_26": "BERKELOK", "Pnangnn_26": "RUTIN", "Pmriksn_26": "RUTIN", "Pnglola_26": "BPJN PAPUA SELATAN", "Satkr_ID26": "693944", "PPK_Name26": "PPK 1.3 PROVINSI PAPUA SELATAN", "Traffic_26": null, "VCR_26": "0.2076", "AADT_26": "0", "Tipe_Jb_26": null, "Lat_26": -7.31497, "Long_26": 140.663186, "Tgl_Ins_26": "21/04/2021", "Ket_26": null }, "geometry": { "type": "Point", "coordinates": [ 140.663207999849419, -7.314934000403753 ] } },
{ "type": "Feature", "properties": { "KDRUAS_UPD": "620272", "NOJBT_UPD": "62.027.039.0.2", "NM_RUAS_UP": "BTS. KAB. BOVEN DIGOEL /MERAUKE - MUTING", "NM_JBT_UPD": "KUMAAF 1", "PROVINSI": "PAPUA SELATAN (MERAUKE)", "No_Prov_26": "62", "ID_Jbt_26": "6202248", "Kd_Ruas_26": "620272", "Suffix_26": "2", "Nm_Ruas_26": "BTS. KAB. BOVEN DIGOEL /MERAUKE - MUTING", "Lintas_26": "JALAN LINTAS PERBATASAN", "No_Jbt_26": "62.027.039.0.2", "Nm_Jbt_26": "KUMAAF 1", "Status_26": "N", "Fungsi_26": "K", "Lks_Dr_26": "MTG", "Lks_km_26": 6.84, "F_STA_26": "3970", "Cadin_26": "GTR", "Pjg_Jbt_26": 20.0, "Btg_Pjg_26": 20.0, "Jml_Btg_26": "1", "Lb_Jl_Ms26": 5.69, "Lb_Jl_Kl26": 5.69, "Lb_Lalin26": 5.69, "Lb_Bh_Ki26": 0.0, "Lb_Bh_Ka26": 0.0, "Lb_Dr_Ki26": 0.15, "Lb_Dr_Ka26": 0.14, "Lb_Tr_Ki26": 0.47, "Lb_Tr_Ka26": 0.49, "Lb_TS_Ki26": 0.28, "Lb_TS_Ka26": 0.28, "Lb_Med_26": 0.0, "Lbr_Jbt_26": 7.5, "Bgn_Ats_26": "GBP", "Jns_Jbt_26": "STANDAR", "Thn_Bgn_26": "2015", "BA_26": "2", "LNT_26": "2", "BB_26": "0", "DAS_26": "2", "OP_26": "0", "UT_26": "0", "GR_26": "0", "LB_26": "0", "JBT_26": "2", "Tp_Lnts_26": "SUNGAI", "Dt_Lnts_26": "LURUS", "Pnangnn_26": "RUTIN", "Pmriksn_26": "RUTIN", "Pnglola_26": "BPJN PAPUA SELATAN", "Satkr_ID26": "693944", "PPK_Name26": "PPK 1.3 PROVINSI PAPUA SELATAN", "Traffic_26": null, "VCR_26": "0.2076", "AADT_26": "0", "Tipe_Jb_26": null, "Lat_26": -7.307955, "Long_26": 140.656839, "Tgl_Ins_26": "21/04/2021", "Ket_26": null }, "geometry": { "type": "Point", "coordinates": [ 140.656937000242465, -7.307841999808375 ] } },
{ "type": "Feature", "properties": { "KDRUAS_UPD": "62029", "NOJBT_UPD": "62.029.130.0", "NM_RUAS_UP": "BUPUL - ERAMBU - SOTA", "NM_JBT_UPD": "KWEIL", "PROVINSI": "PAPUA SELATAN (MERAUKE)", "No_Prov_26": "62", "ID_Jbt_26": "6201336", "Kd_Ruas_26": "62029", "Suffix_26": null, "Nm_Ruas_26": "BUPUL - ERAMBU - SOTA", "Lintas_26": "JALAN LINTAS PERBATASAN", "No_Jbt_26": "62.029.130.0", "Nm_Jbt_26": "KWEIL", "Status_26": "N", "Fungsi_26": "K", "Lks_Dr_26": "BPL", "Lks_km_26": 98.227, "F_STA_26": "1240", "Cadin_26": "MTG", "Pjg_Jbt_26": 25.65, "Btg_Pjg_26": 25.08, "Jml_Btg_26": "1", "Lb_Jl_Ms26": 4.54, "Lb_Jl_Kl26": 4.54, "Lb_Lalin26": 4.54, "Lb_Bh_Ki26": 0.62, "Lb_Bh_Ka26": 0.69, "Lb_Dr_Ki26": 0.12, "Lb_Dr_Ka26": 0.12, "Lb_Tr_Ki26": 0.27, "Lb_Tr_Ka26": 0.3, "Lb_TS_Ki26": 0.32, "Lb_TS_Ka26": 0.27, "Lb_Med_26": 0.0, "Lbr_Jbt_26": 7.25, "Bgn_Ats_26": "GTP", "Jns_Jbt_26": "STANDAR", "Thn_Bgn_26": "2011", "BA_26": "2", "LNT_26": "1", "BB_26": "1", "DAS_26": "2", "OP_26": "0", "UT_26": "0", "GR_26": "0", "LB_26": "0", "JBT_26": "2", "Tp_Lnts_26": "SUNGAI", "Dt_Lnts_26": "LURUS", "Pnangnn_26": "RUTIN", "Pmriksn_26": "RUTIN", "Pnglola_26": "BPJN PAPUA SELATAN", "Satkr_ID26": "693944", "PPK_Name26": "PPK 1.4 PROVINSI PAPUA SELATAN", "Traffic_26": null, "VCR_26": "0.0072", "AADT_26": "749", "Tipe_Jb_26": null, "Lat_26": -7.644339027, "Long_26": 140.890646, "Tgl_Ins_26": "13/05/2021", "Ket_26": null }, "geometry": { "type": "Point", "coordinates": [ 140.890686000358642, -7.644376999598819 ] } },
{ "type": "Feature", "properties": { "KDRUAS_UPD": "62026", "NOJBT_UPD": "62.026.032.0", "NM_RUAS_UP": "TANAH MERAH - GENTENTIRI", "NM_JBT_UPD": "MAAK II", "PROVINSI": "PAPUA SELATAN (MERAUKE)", "No_Prov_26": "62", "ID_Jbt_26": "6202359", "Kd_Ruas_26": "62026", "Suffix_26": null, "Nm_Ruas_26": "TANAH MERAH - GENTENTIRI", "Lintas_26": "JALAN LINTAS PERBATASAN", "No_Jbt_26": "62.026.032.0", "Nm_Jbt_26": "MAAK II", "Status_26": "N", "Fungsi_26": "K", "Lks_Dr_26": "TMR", "Lks_km_26": 79.157, "F_STA_26": "360", "Cadin_26": "GTR", "Pjg_Jbt_26": 7.73, "Btg_Pjg_26": 3.0, "Jml_Btg_26": "3", "Lb_Jl_Ms26": 11.33, "Lb_Jl_Kl26": 11.33, "Lb_Lalin26": 11.33, "Lb_Bh_Ki26": 1.51, "Lb_Bh_Ka26": 0.79, "Lb_Dr_Ki26": 0.0, "Lb_Dr_Ka26": 0.0, "Lb_Tr_Ki26": 0.8, "Lb_Tr_Ka26": 0.35, "Lb_TS_Ki26": 0.31, "Lb_TS_Ka26": 0.32, "Lb_Med_26": 2.35, "Lbr_Jbt_26": 17.76, "Bgn_Ats_26": "BTP", "Jns_Jbt_26": "STANDAR", "Thn_Bgn_26": "2012", "BA_26": "1", "LNT_26": "1", "BB_26": "1", "DAS_26": "0", "OP_26": "0", "UT_26": "0", "GR_26": "0", "LB_26": "0", "JBT_26": "1", "Tp_Lnts_26": "SUNGAI", "Dt_Lnts_26": "LURUS", "Pnangnn_26": "RUTIN", "Pmriksn_26": "RUTIN", "Pnglola_26": "BPJN PAPUA SELATAN", "Satkr_ID26": "693947", "PPK_Name26": "PPK 2.1 PROVINSI PAPUA SELATAN", "Traffic_26": null, "VCR_26": "0.0252", "AADT_26": "100", "Tipe_Jb_26": null, "Lat_26": -6.127790976, "Long_26": 140.336393, "Tgl_Ins_26": "26/04/2021", "Ket_26": null }, "geometry": { "type": "Point", "coordinates": [ 140.336487000274929, -6.127883000100326 ] } },
{ "type": "Feature", "properties": { "KDRUAS_UPD": "62029", "NOJBT_UPD": "62.029.110.0", "NM_RUAS_UP": "BUPUL - ERAMBU - SOTA", "NM_JBT_UPD": "MAKADI", "PROVINSI": "PAPUA SELATAN (MERAUKE)", "No_Prov_26": "62", "ID_Jbt_26": "6201316", "Kd_Ruas_26": "62029", "Suffix_26": null, "Nm_Ruas_26": "BUPUL - ERAMBU - SOTA", "Lintas_26": "JALAN LINTAS PERBATASAN", "No_Jbt_26": "62.029.110.0", "Nm_Jbt_26": "MAKADI", "Status_26": "N", "Fungsi_26": "K", "Lks_Dr_26": "BPL", "Lks_km_26": 85.228, "F_STA_26": "2530", "Cadin_26": "MTG", "Pjg_Jbt_26": 41.4, "Btg_Pjg_26": 40.0, "Jml_Btg_26": "1", "Lb_Jl_Ms26": 5.92, "Lb_Jl_Kl26": 5.92, "Lb_Lalin26": 5.92, "Lb_Bh_Ki26": 0.0, "Lb_Bh_Ka26": 0.0, "Lb_Dr_Ki26": 0.07, "Lb_Dr_Ka26": 0.08, "Lb_Tr_Ki26": 0.49, "Lb_Tr_Ka26": 0.5, "Lb_TS_Ki26": 0.0, "Lb_TS_Ka26": 0.0, "Lb_Med_26": 0.0, "Lbr_Jbt_26": 7.06, "Bgn_Ats_26": "RBP", "Jns_Jbt_26": "STANDAR", "Thn_Bgn_26": "2009", "BA_26": "2", "LNT_26": "2", "BB_26": "2", "DAS_26": "1", "OP_26": "0", "UT_26": "0", "GR_26": "0", "LB_26": "0", "JBT_26": "2", "Tp_Lnts_26": "SUNGAI", "Dt_Lnts_26": "LURUS", "Pnangnn_26": "RUTIN", "Pmriksn_26": "RUTIN", "Pnglola_26": "BPJN PAPUA SELATAN", "Satkr_ID26": "693944", "PPK_Name26": "PPK 1.4 PROVINSI PAPUA SELATAN", "Traffic_26": null, "VCR_26": "0.0072", "AADT_26": "749", "Tipe_Jb_26": null, "Lat_26": -7.717221016, "Long_26": 140.979201, "Tgl_Ins_26": "25/05/2024", "Ket_26": null }, "geometry": { "type": "Point", "coordinates": [ 140.978972999604366, -7.716987999896219 ] } },
{ "type": "Feature", "properties": { "KDRUAS_UPD": "62025", "NOJBT_UPD": "62.025.007.0", "NM_RUAS_UP": "MINDIPTANA - TANAH MERAH", "NM_JBT_UPD": "MANDABO II", "PROVINSI": "PAPUA SELATAN (MERAUKE)", "No_Prov_26": "62", "ID_Jbt_26": "6200373", "Kd_Ruas_26": "62025", "Suffix_26": null, "Nm_Ruas_26": "MINDIPTANA - TANAH MERAH", "Lintas_26": "JALAN LINTAS PERBATASAN", "No_Jbt_26": "62.025.007.0", "Nm_Jbt_26": "MANDABO II", "Status_26": "N", "Fungsi_26": "K", "Lks_Dr_26": "TMR", "Lks_km_26": 59.847, "F_STA_26": "1760", "Cadin_26": "MDT", "Pjg_Jbt_26": 60.0, "Btg_Pjg_26": 60.0, "Jml_Btg_26": "1", "Lb_Jl_Ms26": 5.75, "Lb_Jl_Kl26": 5.75, "Lb_Lalin26": 5.75, "Lb_Bh_Ki26": 0.1, "Lb_Bh_Ka26": 0.1, "Lb_Dr_Ki26": 0.1, "Lb_Dr_Ka26": 0.06, "Lb_Tr_Ki26": 0.46, "Lb_Tr_Ka26": 0.48, "Lb_TS_Ki26": 0.0, "Lb_TS_Ka26": 0.0, "Lb_Med_26": 0.0, "Lbr_Jbt_26": 7.05, "Bgn_Ats_26": "RBP", "Jns_Jbt_26": "STANDAR", "Thn_Bgn_26": "2012", "BA_26": "2", "LNT_26": "2", "BB_26": "2", "DAS_26": "1", "OP_26": "1", "UT_26": "0", "GR_26": "0", "LB_26": "0", "JBT_26": "2", "Tp_Lnts_26": "SUNGAI", "Dt_Lnts_26": "LURUS", "Pnangnn_26": "RUTIN", "Pmriksn_26": "RUTIN", "Pnglola_26": "BPJN PAPUA SELATAN", "Satkr_ID26": "693947", "PPK_Name26": "PPK 2.2 PROVINSI PAPUA SELATAN", "Traffic_26": null, "VCR_26": "0.3086", "AADT_26": "1356", "Tipe_Jb_26": null, "Lat_26": -5.874520959, "Long_26": 140.552759, "Tgl_Ins_26": "17/05/2024", "Ket_26": null }, "geometry": { "type": "Point", "coordinates": [ 140.55212399972288, -5.874834000288843 ] } },
{ "type": "Feature", "properties": { "KDRUAS_UPD": "62026", "NOJBT_UPD": "62.026.028.0", "NM_RUAS_UP": "TANAH MERAH - GENTENTIRI", "NM_JBT_UPD": "MANDOBO 1", "PROVINSI": "PAPUA SELATAN (MERAUKE)", "No_Prov_26": "62", "ID_Jbt_26": "6202353", "Kd_Ruas_26": "62026", "Suffix_26": null, "Nm_Ruas_26": "TANAH MERAH - GENTENTIRI", "Lintas_26": "JALAN LINTAS PERBATASAN", "No_Jbt_26": "62.026.028.0", "Nm_Jbt_26": "MANDOBO 1", "Status_26": "N", "Fungsi_26": "K", "Lks_Dr_26": "TMR", "Lks_km_26": 67.44, "F_STA_26": "1340", "Cadin_26": "GTR", "Pjg_Jbt_26": 155.0, "Btg_Pjg_26": 45.0, "Jml_Btg_26": "4", "Lb_Jl_Ms26": 5.77, "Lb_Jl_Kl26": 5.77, "Lb_Lalin26": 5.77, "Lb_Bh_Ki26": 0.0, "Lb_Bh_Ka26": 0.0, "Lb_Dr_Ki26": 0.13, "Lb_Dr_Ka26": 0.08, "Lb_Tr_Ki26": 0.44, "Lb_Tr_Ka26": 0.45, "Lb_TS_Ki26": 0.0, "Lb_TS_Ka26": 0.0, "Lb_Med_26": 0.0, "Lbr_Jbt_26": 6.87, "Bgn_Ats_26": "RBA", "Jns_Jbt_26": "STANDAR", "Thn_Bgn_26": "1992", "BA_26": "2", "LNT_26": "2", "BB_26": "1", "DAS_26": "1", "OP_26": "2", "UT_26": "0", "GR_26": "0", "LB_26": "0", "JBT_26": "2", "Tp_Lnts_26": "SUNGAI", "Dt_Lnts_26": "BERKELOK", "Pnangnn_26": "RUTIN", "Pmriksn_26": "RUTIN", "Pnglola_26": "BPJN PAPUA SELATAN", "Satkr_ID26": "693947", "PPK_Name26": "PPK 2.1 PROVINSI PAPUA SELATAN", "Traffic_26": null, "VCR_26": "0.0252", "AADT_26": "100", "Tipe_Jb_26": null, "Lat_26": -6.190379, "Long_26": 140.390005, "Tgl_Ins_26": "18/05/2024", "Ket_26": null }, "geometry": { "type": "Point", "coordinates": [ 140.39073199988195, -6.191477000063458 ] } },
{ "type": "Feature", "properties": { "KDRUAS_UPD": "620272", "NOJBT_UPD": "62.027.084.0.2", "NM_RUAS_UP": "BTS. KAB. BOVEN DIGOEL /MERAUKE - MUTING", "NM_JBT_UPD": "MANDOM", "PROVINSI": "PAPUA SELATAN (MERAUKE)", "No_Prov_26": "62", "ID_Jbt_26": "6201127", "Kd_Ruas_26": "620272", "Suffix_26": "2", "Nm_Ruas_26": "BTS. KAB. BOVEN DIGOEL /MERAUKE - MUTING", "Lintas_26": "JALAN LINTAS PERBATASAN", "No_Jbt_26": "62.027.084.0.2", "Nm_Jbt_26": "MANDOM", "Status_26": "N", "Fungsi_26": "K", "Lks_Dr_26": "MTG", "Lks_km_26": 49.623, "F_STA_26": "0", "Cadin_26": "GTR", "Pjg_Jbt_26": 60.0, "Btg_Pjg_26": 60.0, "Jml_Btg_26": "1", "Lb_Jl_Ms26": 5.82, "Lb_Jl_Kl26": 5.82, "Lb_Lalin26": 5.82, "Lb_Bh_Ki26": 0.0, "Lb_Bh_Ka26": 0.0, "Lb_Dr_Ki26": 0.08, "Lb_Dr_Ka26": 0.1, "Lb_Tr_Ki26": 0.52, "Lb_Tr_Ka26": 0.51, "Lb_TS_Ki26": 0.0, "Lb_TS_Ka26": 0.0, "Lb_Med_26": 0.0, "Lbr_Jbt_26": 7.03, "Bgn_Ats_26": "RBP", "Jns_Jbt_26": "STANDAR", "Thn_Bgn_26": "2010", "BA_26": "2", "LNT_26": "2", "BB_26": "2", "DAS_26": "1", "OP_26": "2", "UT_26": "0", "GR_26": "0", "LB_26": "0", "JBT_26": "2", "Tp_Lnts_26": "SUNGAI", "Dt_Lnts_26": "BERKELOK", "Pnangnn_26": "RUTIN", "Pmriksn_26": "RUTIN", "Pnglola_26": "BPJN PAPUA SELATAN", "Satkr_ID26": "693944", "PPK_Name26": "PPK 1.3 PROVINSI PAPUA SELATAN", "Traffic_26": null, "VCR_26": "0.2076", "AADT_26": "0", "Tipe_Jb_26": null, "Lat_26": -7.033224022, "Long_26": 140.715015, "Tgl_Ins_26": "23/05/2024", "Ket_26": null }, "geometry": { "type": "Point", "coordinates": [ 140.714487000274858, -7.033297999802812 ] } },
{ "type": "Feature", "properties": { "KDRUAS_UPD": "62026", "NOJBT_UPD": "62.026.033.0", "NM_RUAS_UP": "TANAH MERAH - GENTENTIRI", "NM_JBT_UPD": "MANSAR", "PROVINSI": "PAPUA SELATAN (MERAUKE)", "No_Prov_26": "62", "ID_Jbt_26": "6202357", "Kd_Ruas_26": "62026", "Suffix_26": null, "Nm_Ruas_26": "TANAH MERAH - GENTENTIRI", "Lintas_26": "JALAN LINTAS PERBATASAN", "No_Jbt_26": "62.026.033.0", "Nm_Jbt_26": "MANSAR", "Status_26": "N", "Fungsi_26": "K", "Lks_Dr_26": "TMR", "Lks_km_26": 81.39, "F_STA_26": "160", "Cadin_26": "GTR", "Pjg_Jbt_26": 25.0, "Btg_Pjg_26": 25.0, "Jml_Btg_26": "1", "Lb_Jl_Ms26": 7.0, "Lb_Jl_Kl26": 7.0, "Lb_Lalin26": 7.0, "Lb_Bh_Ki26": 0.0, "Lb_Bh_Ka26": 0.0, "Lb_Dr_Ki26": 0.0, "Lb_Dr_Ka26": 0.0, "Lb_Tr_Ki26": 0.9, "Lb_Tr_Ka26": 1.3, "Lb_TS_Ki26": 0.35, "Lb_TS_Ka26": 0.36, "Lb_Med_26": 0.0, "Lbr_Jbt_26": 9.91, "Bgn_Ats_26": "GBP", "Jns_Jbt_26": "STANDAR", "Thn_Bgn_26": "2018", "BA_26": "1", "LNT_26": "0", "BB_26": "1", "DAS_26": "2", "OP_26": "0", "UT_26": "0", "GR_26": "0", "LB_26": "0", "JBT_26": "2", "Tp_Lnts_26": "SUNGAI", "Dt_Lnts_26": "LURUS", "Pnangnn_26": "RUTIN", "Pmriksn_26": "RUTIN", "Pnglola_26": "BPJN PAPUA SELATAN", "Satkr_ID26": "693947", "PPK_Name26": "PPK 2.1 PROVINSI PAPUA SELATAN", "Traffic_26": null, "VCR_26": "0.0252", "AADT_26": "100", "Tipe_Jb_26": null, "Lat_26": -6.116196038, "Long_26": 140.324416, "Tgl_Ins_26": "26/04/2021", "Ket_26": null }, "geometry": { "type": "Point", "coordinates": [ 140.324295000114262, -6.116149000376026 ] } },
{ "type": "Feature", "properties": { "KDRUAS_UPD": "62025", "NOJBT_UPD": "62.025.009.0", "NM_RUAS_UP": "MINDIPTANA - TANAH MERAH", "NM_JBT_UPD": "MARVEL", "PROVINSI": "PAPUA SELATAN (MERAUKE)", "No_Prov_26": "62", "ID_Jbt_26": "6200375", "Kd_Ruas_26": "62025", "Suffix_26": null, "Nm_Ruas_26": "MINDIPTANA - TANAH MERAH", "Lintas_26": "JALAN LINTAS PERBATASAN", "No_Jbt_26": "62.025.009.0", "Nm_Jbt_26": "MARVEL", "Status_26": "N", "Fungsi_26": "K", "Lks_Dr_26": "TMR", "Lks_km_26": 70.226, "F_STA_26": "860", "Cadin_26": "MDT", "Pjg_Jbt_26": 30.0, "Btg_Pjg_26": 30.25, "Jml_Btg_26": "1", "Lb_Jl_Ms26": 5.78, "Lb_Jl_Kl26": 5.78, "Lb_Lalin26": 5.78, "Lb_Bh_Ki26": 0.13, "Lb_Bh_Ka26": 0.12, "Lb_Dr_Ki26": 0.07, "Lb_Dr_Ka26": 0.07, "Lb_Tr_Ki26": 0.43, "Lb_Tr_Ka26": 0.43, "Lb_TS_Ki26": 0.22, "Lb_TS_Ka26": 0.19, "Lb_Med_26": 0.0, "Lbr_Jbt_26": 7.44, "Bgn_Ats_26": "GBP", "Jns_Jbt_26": "STANDAR", "Thn_Bgn_26": "2015", "BA_26": "2", "LNT_26": "2", "BB_26": "1", "DAS_26": "2", "OP_26": "0", "UT_26": "0", "GR_26": "0", "LB_26": "0", "JBT_26": "2", "Tp_Lnts_26": "SUNGAI", "Dt_Lnts_26": "LURUS", "Pnangnn_26": "RUTIN", "Pmriksn_26": "RUTIN", "Pnglola_26": "BPJN PAPUA SELATAN", "Satkr_ID26": "693947", "PPK_Name26": "PPK 2.2 PROVINSI PAPUA SELATAN", "Traffic_26": null, "VCR_26": "0.3086", "AADT_26": "1356", "Tipe_Jb_26": null, "Lat_26": -5.877240971, "Long_26": 140.619398, "Tgl_Ins_26": "14/08/2025", "Ket_26": null }, "geometry": { "type": "Point", "coordinates": [ 140.618927000180975, -5.877347000163866 ] } },
{ "type": "Feature", "properties": { "KDRUAS_UPD": "62025", "NOJBT_UPD": "62.025.010.0", "NM_RUAS_UP": "MINDIPTANA - TANAH MERAH", "NM_JBT_UPD": "MARVEL I", "PROVINSI": "PAPUA SELATAN (MERAUKE)", "No_Prov_26": "62", "ID_Jbt_26": "6200376", "Kd_Ruas_26": "62025", "Suffix_26": null, "Nm_Ruas_26": "MINDIPTANA - TANAH MERAH", "Lintas_26": "JALAN LINTAS PERBATASAN", "No_Jbt_26": "62.025.010.0", "Nm_Jbt_26": "MARVEL I", "Status_26": "N", "Fungsi_26": "K", "Lks_Dr_26": "TMR", "Lks_km_26": 71.499, "F_STA_26": "750", "Cadin_26": "MDT", "Pjg_Jbt_26": 11.05, "Btg_Pjg_26": 2.6, "Jml_Btg_26": "2", "Lb_Jl_Ms26": 5.55, "Lb_Jl_Kl26": 5.55, "Lb_Lalin26": 5.55, "Lb_Bh_Ki26": 1.3, "Lb_Bh_Ka26": 2.14, "Lb_Dr_Ki26": 0.0, "Lb_Dr_Ka26": 0.0, "Lb_Tr_Ki26": 0.0, "Lb_Tr_Ka26": 0.0, "Lb_TS_Ki26": 0.31, "Lb_TS_Ka26": 0.32, "Lb_Med_26": 0.0, "Lbr_Jbt_26": 9.62, "Bgn_Ats_26": "BTP", "Jns_Jbt_26": "STANDAR", "Thn_Bgn_26": "2014", "BA_26": "1", "LNT_26": "1", "BB_26": "1", "DAS_26": "0", "OP_26": "0", "UT_26": "0", "GR_26": "2", "LB_26": "0", "JBT_26": "2", "Tp_Lnts_26": "SUNGAI", "Dt_Lnts_26": "LURUS", "Pnangnn_26": "RUTIN", "Pmriksn_26": "RUTIN", "Pnglola_26": "BPJN PAPUA SELATAN", "Satkr_ID26": "693947", "PPK_Name26": "PPK 2.2 PROVINSI PAPUA SELATAN", "Traffic_26": null, "VCR_26": "0.3086", "AADT_26": "1356", "Tipe_Jb_26": null, "Lat_26": -5.877644978, "Long_26": 140.628202, "Tgl_Ins_26": "19/04/2021", "Ket_26": null }, "geometry": { "type": "Point", "coordinates": [ 140.628098000422483, -5.877630999770759 ] } },
{ "type": "Feature", "properties": { "KDRUAS_UPD": "62026", "NOJBT_UPD": "62.026.014.0", "NM_RUAS_UP": "TANAH MERAH - GENTENTIRI", "NM_JBT_UPD": "MIRI 1", "PROVINSI": "PAPUA SELATAN (MERAUKE)", "No_Prov_26": "62", "ID_Jbt_26": "6200391", "Kd_Ruas_26": "62026", "Suffix_26": null, "Nm_Ruas_26": "TANAH MERAH - GENTENTIRI", "Lintas_26": "JALAN LINTAS PERBATASAN", "No_Jbt_26": "62.026.014.0", "Nm_Jbt_26": "MIRI 1", "Status_26": "N", "Fungsi_26": "K", "Lks_Dr_26": "TMR", "Lks_km_26": 22.293, "F_STA_26": "5340", "Cadin_26": "GTR", "Pjg_Jbt_26": 25.0, "Btg_Pjg_26": 25.0, "Jml_Btg_26": "1", "Lb_Jl_Ms26": 6.68, "Lb_Jl_Kl26": 6.68, "Lb_Lalin26": 6.68, "Lb_Bh_Ki26": 0.0, "Lb_Bh_Ka26": 0.0, "Lb_Dr_Ki26": 0.07, "Lb_Dr_Ka26": 0.06, "Lb_Tr_Ki26": 1.0, "Lb_Tr_Ka26": 1.05, "Lb_TS_Ki26": 0.26, "Lb_TS_Ka26": 0.25, "Lb_Med_26": 0.0, "Lbr_Jbt_26": 9.37, "Bgn_Ats_26": "GBP", "Jns_Jbt_26": "STANDAR", "Thn_Bgn_26": "2019", "BA_26": "1", "LNT_26": "1", "BB_26": "1", "DAS_26": "1", "OP_26": "0", "UT_26": "0", "GR_26": "0", "LB_26": "0", "JBT_26": "1", "Tp_Lnts_26": "SUNGAI", "Dt_Lnts_26": "LURUS", "Pnangnn_26": "RUTIN", "Pmriksn_26": "RUTIN", "Pnglola_26": "BPJN PAPUA SELATAN", "Satkr_ID26": "693947", "PPK_Name26": "PPK 2.1 PROVINSI PAPUA SELATAN", "Traffic_26": null, "VCR_26": "0.0252", "AADT_26": "100", "Tipe_Jb_26": null, "Lat_26": -6.416024007, "Long_26": 140.417573, "Tgl_Ins_26": "22/04/2021", "Ket_26": null }, "geometry": { "type": "Point", "coordinates": [ 140.417694000377878, -6.415847000238841 ] } },
{ "type": "Feature", "properties": { "KDRUAS_UPD": "62026", "NOJBT_UPD": "62.026.015.0", "NM_RUAS_UP": "TANAH MERAH - GENTENTIRI", "NM_JBT_UPD": "MIRI 2", "PROVINSI": "PAPUA SELATAN (MERAUKE)", "No_Prov_26": "62", "ID_Jbt_26": "6200392", "Kd_Ruas_26": "62026", "Suffix_26": null, "Nm_Ruas_26": "TANAH MERAH - GENTENTIRI", "Lintas_26": "JALAN LINTAS PERBATASAN", "No_Jbt_26": "62.026.015.0", "Nm_Jbt_26": "MIRI 2", "Status_26": "N", "Fungsi_26": "K", "Lks_Dr_26": "TMR", "Lks_km_26": 24.063, "F_STA_26": "5190", "Cadin_26": "GTR", "Pjg_Jbt_26": 25.0, "Btg_Pjg_26": 25.0, "Jml_Btg_26": "1", "Lb_Jl_Ms26": 6.76, "Lb_Jl_Kl26": 6.76, "Lb_Lalin26": 6.76, "Lb_Bh_Ki26": 0.0, "Lb_Bh_Ka26": 0.0, "Lb_Dr_Ki26": 0.07, "Lb_Dr_Ka26": 0.17, "Lb_Tr_Ki26": 0.865, "Lb_Tr_Ka26": 0.86, "Lb_TS_Ki26": 0.34, "Lb_TS_Ka26": 0.34, "Lb_Med_26": 0.0, "Lbr_Jbt_26": 9.41, "Bgn_Ats_26": "GBP", "Jns_Jbt_26": "STANDAR", "Thn_Bgn_26": "2019", "BA_26": "2", "LNT_26": "1", "BB_26": "1", "DAS_26": "2", "OP_26": "0", "UT_26": "0", "GR_26": "0", "LB_26": "0", "JBT_26": "2", "Tp_Lnts_26": "SUNGAI", "Dt_Lnts_26": "BERKELOK", "Pnangnn_26": "RUTIN", "Pmriksn_26": "RUTIN", "Pnglola_26": "BPJN PAPUA SELATAN", "Satkr_ID26": "693947", "PPK_Name26": "PPK 2.1 PROVINSI PAPUA SELATAN", "Traffic_26": null, "VCR_26": "0.0252", "AADT_26": "100", "Tipe_Jb_26": null, "Lat_26": -6.402488993, "Long_26": 140.421143, "Tgl_Ins_26": "22/04/2021", "Ket_26": null }, "geometry": { "type": "Point", "coordinates": [ 140.421143000249344, -6.402460999875188 ] } },
{ "type": "Feature", "properties": { "KDRUAS_UPD": "62026", "NOJBT_UPD": "62.026.022.0", "NM_RUAS_UP": "TANAH MERAH - GENTENTIRI", "NM_JBT_UPD": "MIRI 7", "PROVINSI": "PAPUA SELATAN (MERAUKE)", "No_Prov_26": "62", "ID_Jbt_26": "6202347", "Kd_Ruas_26": "62026", "Suffix_26": null, "Nm_Ruas_26": "TANAH MERAH - GENTENTIRI", "Lintas_26": "JALAN LINTAS PERBATASAN", "No_Jbt_26": "62.026.022.0", "Nm_Jbt_26": "MIRI 7", "Status_26": "N", "Fungsi_26": "K", "Lks_Dr_26": "TMR", "Lks_km_26": 36.432, "F_STA_26": "4320", "Cadin_26": "GTR", "Pjg_Jbt_26": 11.18, "Btg_Pjg_26": 2.4, "Jml_Btg_26": "1", "Lb_Jl_Ms26": 5.5, "Lb_Jl_Kl26": 5.5, "Lb_Lalin26": 5.5, "Lb_Bh_Ki26": 2.0, "Lb_Bh_Ka26": 2.6, "Lb_Dr_Ki26": 0.0, "Lb_Dr_Ka26": 0.0, "Lb_Tr_Ki26": 0.0, "Lb_Tr_Ka26": 0.0, "Lb_TS_Ki26": 0.34, "Lb_TS_Ka26": 0.35, "Lb_Med_26": 0.0, "Lbr_Jbt_26": 10.79, "Bgn_Ats_26": "BTP", "Jns_Jbt_26": "STANDAR", "Thn_Bgn_26": "2023", "BA_26": "0", "LNT_26": "0", "BB_26": "0", "DAS_26": "1", "OP_26": "0", "UT_26": "1", "GR_26": "0", "LB_26": "0", "JBT_26": "1", "Tp_Lnts_26": "LINTASAN AIR LAINNYA", "Dt_Lnts_26": "RAWA", "Pnangnn_26": "RUTIN", "Pmriksn_26": "RUTIN", "Pnglola_26": "BPJN PAPUA SELATAN", "Satkr_ID26": "693947", "PPK_Name26": "PPK 2.1 PROVINSI PAPUA SELATAN", "Traffic_26": null, "VCR_26": "0.0252", "AADT_26": "100", "Tipe_Jb_26": null, "Lat_26": -6.385530978, "Long_26": 140.469868, "Tgl_Ins_26": "19/05/2024", "Ket_26": null }, "geometry": { "type": "Point", "coordinates": [ 140.4698790003157, -6.385572999894009 ] } },
{ "type": "Feature", "properties": { "KDRUAS_UPD": "620271", "NOJBT_UPD": "62.027.023.0.1", "NM_RUAS_UP": "GENTENTIRI - BTS. KAB. MERAUKE / BOVEN DIGOEL", "NM_JBT_UPD": "MODERN", "PROVINSI": "PAPUA SELATAN (MERAUKE)", "No_Prov_26": "62", "ID_Jbt_26": "6200403", "Kd_Ruas_26": "620271", "Suffix_26": "1", "Nm_Ruas_26": "GENTENTIRI - BTS. KAB. MERAUKE / BOVEN DIGOEL", "Lintas_26": "JALAN LINTAS PERBATASAN", "No_Jbt_26": "62.027.023.0.1", "Nm_Jbt_26": "MODERN", "Status_26": "N", "Fungsi_26": "K", "Lks_Dr_26": "MTG", "Lks_km_26": 44.171, "F_STA_26": "3310", "Cadin_26": "GTR", "Pjg_Jbt_26": 30.0, "Btg_Pjg_26": 30.0, "Jml_Btg_26": "1", "Lb_Jl_Ms26": 5.8, "Lb_Jl_Kl26": 5.8, "Lb_Lalin26": 5.8, "Lb_Bh_Ki26": 0.11, "Lb_Bh_Ka26": 0.07, "Lb_Dr_Ki26": 0.0, "Lb_Dr_Ka26": 0.0, "Lb_Tr_Ki26": 0.49, "Lb_Tr_Ka26": 0.46, "Lb_TS_Ki26": 0.21, "Lb_TS_Ka26": 0.2, "Lb_Med_26": 0.0, "Lbr_Jbt_26": 7.34, "Bgn_Ats_26": "GBP", "Jns_Jbt_26": "STANDAR", "Thn_Bgn_26": "2016", "BA_26": "2", "LNT_26": "2", "BB_26": "2", "DAS_26": "1", "OP_26": "0", "UT_26": "0", "GR_26": "0", "LB_26": "0", "JBT_26": "2", "Tp_Lnts_26": "SUNGAI", "Dt_Lnts_26": "BERKELOK", "Pnangnn_26": "RUTIN", "Pmriksn_26": "RUTIN", "Pnglola_26": "BPJN PAPUA SELATAN", "Satkr_ID26": "693947", "PPK_Name26": "PPK 2.1 PROVINSI PAPUA SELATAN", "Traffic_26": null, "VCR_26": "0.0244", "AADT_26": "0", "Tipe_Jb_26": null, "Lat_26": -6.714509027, "Long_26": 140.577787, "Tgl_Ins_26": "20/04/2021", "Ket_26": null }, "geometry": { "type": "Point", "coordinates": [ 140.577773999970191, -6.714167999553467 ] } },
{ "type": "Feature", "properties": { "KDRUAS_UPD": "62028", "NOJBT_UPD": "62.028.039.0", "NM_RUAS_UP": "MUTING - BUPUL", "NM_JBT_UPD": "MUTING 3/BUPUL III", "PROVINSI": "PAPUA SELATAN (MERAUKE)", "No_Prov_26": "62", "ID_Jbt_26": "6202324", "Kd_Ruas_26": "62028", "Suffix_26": null, "Nm_Ruas_26": "MUTING - BUPUL", "Lintas_26": "JALAN LINTAS PERBATASAN", "No_Jbt_26": "62.028.039.0", "Nm_Jbt_26": "MUTING 3/BUPUL III", "Status_26": "N", "Fungsi_26": "K", "Lks_Dr_26": "BPL", "Lks_km_26": 31.82, "F_STA_26": "540", "Cadin_26": "MTG", "Pjg_Jbt_26": 7.0, "Btg_Pjg_26": 3.0, "Jml_Btg_26": "2", "Lb_Jl_Ms26": 4.42, "Lb_Jl_Kl26": 4.42, "Lb_Lalin26": 4.42, "Lb_Bh_Ki26": 1.97, "Lb_Bh_Ka26": 1.49, "Lb_Dr_Ki26": 0.0, "Lb_Dr_Ka26": 0.0, "Lb_Tr_Ki26": 0.0, "Lb_Tr_Ka26": 0.0, "Lb_TS_Ki26": 0.0, "Lb_TS_Ka26": 0.0, "Lb_Med_26": 0.0, "Lbr_Jbt_26": 7.88, "Bgn_Ats_26": "BTP", "Jns_Jbt_26": "STANDAR", "Thn_Bgn_26": "2012", "BA_26": "2", "LNT_26": "2", "BB_26": "2", "DAS_26": "2", "OP_26": "0", "UT_26": "0", "GR_26": "0", "LB_26": "0", "JBT_26": "2", "Tp_Lnts_26": "SUNGAI", "Dt_Lnts_26": "LURUS", "Pnangnn_26": "RUTIN", "Pmriksn_26": "RUTIN", "Pnglola_26": "BPJN PAPUA SELATAN", "Satkr_ID26": "693944", "PPK_Name26": "PPK 1.3 PROVINSI PAPUA SELATAN", "Traffic_26": null, "VCR_26": "0.0136", "AADT_26": "2252", "Tipe_Jb_26": null, "Lat_26": -7.394605, "Long_26": 140.650491, "Tgl_Ins_26": "30/04/2021", "Ket_26": null }, "geometry": { "type": "Point", "coordinates": [ 140.650466999552464, -7.394668000028105 ] } },
{ "type": "Feature", "properties": { "KDRUAS_UPD": "620272", "NOJBT_UPD": "62.027.066.0.2", "NM_RUAS_UP": "BTS. KAB. BOVEN DIGOEL /MERAUKE - MUTING", "NM_JBT_UPD": "NAFAX", "PROVINSI": "PAPUA SELATAN (MERAUKE)", "No_Prov_26": "62", "ID_Jbt_26": "6201109", "Kd_Ruas_26": "620272", "Suffix_26": "2", "Nm_Ruas_26": "BTS. KAB. BOVEN DIGOEL /MERAUKE - MUTING", "Lintas_26": "JALAN LINTAS PERBATASAN", "No_Jbt_26": "62.027.066.0.2", "Nm_Jbt_26": "NAFAX", "Status_26": "N", "Fungsi_26": "K", "Lks_Dr_26": "MTG", "Lks_km_26": 33.63, "F_STA_26": "1300", "Cadin_26": "GTR", "Pjg_Jbt_26": 41.0, "Btg_Pjg_26": 40.0, "Jml_Btg_26": "1", "Lb_Jl_Ms26": 5.64, "Lb_Jl_Kl26": 5.64, "Lb_Lalin26": 5.64, "Lb_Bh_Ki26": 0.0, "Lb_Bh_Ka26": 0.0, "Lb_Dr_Ki26": 0.1, "Lb_Dr_Ka26": 0.1, "Lb_Tr_Ki26": 0.54, "Lb_Tr_Ka26": 0.52, "Lb_TS_Ki26": 0.0, "Lb_TS_Ka26": 0.0, "Lb_Med_26": 0.0, "Lbr_Jbt_26": 6.9, "Bgn_Ats_26": "RBP", "Jns_Jbt_26": "STANDAR", "Thn_Bgn_26": "2014", "BA_26": "2", "LNT_26": "2", "BB_26": "2", "DAS_26": "1", "OP_26": "1", "UT_26": "0", "GR_26": "0", "LB_26": "0", "JBT_26": "2", "Tp_Lnts_26": "SUNGAI", "Dt_Lnts_26": "BERKELOK", "Pnangnn_26": "RUTIN", "Pmriksn_26": "RUTIN", "Pnglola_26": "BPJN PAPUA SELATAN", "Satkr_ID26": "693944", "PPK_Name26": "PPK 1.3 PROVINSI PAPUA SELATAN", "Traffic_26": null, "VCR_26": "0.2076", "AADT_26": "749", "Tipe_Jb_26": null, "Lat_26": -7.141676964, "Long_26": 140.734909, "Tgl_Ins_26": "03/08/2025", "Ket_26": null }, "geometry": { "type": "Point", "coordinates": [ 140.734863000127461, -7.141777000308252 ] } },
{ "type": "Feature", "properties": { "KDRUAS_UPD": "620272", "NOJBT_UPD": "62.027.083.0.2", "NM_RUAS_UP": "BTS. KAB. BOVEN DIGOEL /MERAUKE - MUTING", "NM_JBT_UPD": "NAFAX 3 BOX", "PROVINSI": "PAPUA SELATAN (MERAUKE)", "No_Prov_26": "62", "ID_Jbt_26": "6201126", "Kd_Ruas_26": "620272", "Suffix_26": "2", "Nm_Ruas_26": "BTS. KAB. BOVEN DIGOEL /MERAUKE - MUTING", "Lintas_26": "JALAN LINTAS PERBATASAN", "No_Jbt_26": "62.027.083.0.2", "Nm_Jbt_26": "NAFAX 3 BOX", "Status_26": "N", "Fungsi_26": "K", "Lks_Dr_26": "MTG", "Lks_km_26": 47.325, "F_STA_26": "220", "Cadin_26": "GTR", "Pjg_Jbt_26": 7.9, "Btg_Pjg_26": 0.9, "Jml_Btg_26": "3", "Lb_Jl_Ms26": 4.92, "Lb_Jl_Kl26": 4.92, "Lb_Lalin26": 4.92, "Lb_Bh_Ki26": 1.11, "Lb_Bh_Ka26": 1.48, "Lb_Dr_Ki26": 0.0, "Lb_Dr_Ka26": 0.0, "Lb_Tr_Ki26": 0.0, "Lb_Tr_Ka26": 0.0, "Lb_TS_Ki26": 0.32, "Lb_TS_Ka26": 0.32, "Lb_Med_26": 0.0, "Lbr_Jbt_26": 8.15, "Bgn_Ats_26": "YTP", "Jns_Jbt_26": "STANDAR", "Thn_Bgn_26": "2010", "BA_26": "0", "LNT_26": "0", "BB_26": "0", "DAS_26": "2", "OP_26": "0", "UT_26": "0", "GR_26": "0", "LB_26": "0", "JBT_26": "2", "Tp_Lnts_26": "LINTASAN AIR LAINNYA", "Dt_Lnts_26": "RAWA", "Pnangnn_26": "RUTIN", "Pmriksn_26": "RUTIN", "Pnglola_26": "BPJN PAPUA SELATAN", "Satkr_ID26": "693944", "PPK_Name26": "PPK 1.3 PROVINSI PAPUA SELATAN", "Traffic_26": null, "VCR_26": "0.2076", "AADT_26": "0", "Tipe_Jb_26": null, "Lat_26": -7.031645039, "Long_26": 140.716614, "Tgl_Ins_26": "27/04/2021", "Ket_26": null }, "geometry": { "type": "Point", "coordinates": [ 140.715332999718271, -7.052361000259907 ] } },
{ "type": "Feature", "properties": { "KDRUAS_UPD": "620272", "NOJBT_UPD": "62.027.068.0.2", "NM_RUAS_UP": "BTS. KAB. BOVEN DIGOEL /MERAUKE - MUTING", "NM_JBT_UPD": "NAFAX I (TEGUH)", "PROVINSI": "PAPUA SELATAN (MERAUKE)", "No_Prov_26": "62", "ID_Jbt_26": "6201111", "Kd_Ruas_26": "620272", "Suffix_26": "2", "Nm_Ruas_26": "BTS. KAB. BOVEN DIGOEL /MERAUKE - MUTING", "Lintas_26": "JALAN LINTAS PERBATASAN", "No_Jbt_26": "62.027.068.0.2", "Nm_Jbt_26": "NAFAX I (TEGUH)", "Status_26": "N", "Fungsi_26": "K", "Lks_Dr_26": "MTG", "Lks_km_26": 35.95, "F_STA_26": "980", "Cadin_26": "GTR", "Pjg_Jbt_26": 31.0, "Btg_Pjg_26": 30.16, "Jml_Btg_26": "1", "Lb_Jl_Ms26": 5.55, "Lb_Jl_Kl26": 5.55, "Lb_Lalin26": 5.55, "Lb_Bh_Ki26": 0.0, "Lb_Bh_Ka26": 0.0, "Lb_Dr_Ki26": 0.13, "Lb_Dr_Ka26": 0.08, "Lb_Tr_Ki26": 0.42, "Lb_Tr_Ka26": 0.47, "Lb_TS_Ki26": 0.26, "Lb_TS_Ka26": 0.23, "Lb_Med_26": 0.0, "Lbr_Jbt_26": 7.14, "Bgn_Ats_26": "GBP", "Jns_Jbt_26": "STANDAR", "Thn_Bgn_26": "2013", "BA_26": "2", "LNT_26": "2", "BB_26": "2", "DAS_26": "1", "OP_26": "0", "UT_26": "0", "GR_26": "0", "LB_26": "0", "JBT_26": "2", "Tp_Lnts_26": "SUNGAI", "Dt_Lnts_26": "LURUS", "Pnangnn_26": "RUTIN", "Pmriksn_26": "RUTIN", "Pnglola_26": "BPJN PAPUA SELATAN", "Satkr_ID26": "693944", "PPK_Name26": "PPK 1.3 PROVINSI PAPUA SELATAN", "Traffic_26": null, "VCR_26": "0.2076", "AADT_26": "0", "Tipe_Jb_26": null, "Lat_26": -7.124331035, "Long_26": 140.725221, "Tgl_Ins_26": "27/04/2021", "Ket_26": null }, "geometry": { "type": "Point", "coordinates": [ 140.719314999887388, -7.118343999775732 ] } },
{ "type": "Feature", "properties": { "KDRUAS_UPD": "62029", "NOJBT_UPD": "62.029.120.0", "NM_RUAS_UP": "BUPUL - ERAMBU - SOTA", "NM_JBT_UPD": "PALDA", "PROVINSI": "PAPUA SELATAN (MERAUKE)", "No_Prov_26": "62", "ID_Jbt_26": "6201326", "Kd_Ruas_26": "62029", "Suffix_26": null, "Nm_Ruas_26": "BUPUL - ERAMBU - SOTA", "Lintas_26": "JALAN LINTAS PERBATASAN", "No_Jbt_26": "62.029.120.0", "Nm_Jbt_26": "PALDA", "Status_26": "N", "Fungsi_26": "K", "Lks_Dr_26": "BPL", "Lks_km_26": 90.438, "F_STA_26": "1930", "Cadin_26": "MTG", "Pjg_Jbt_26": 60.0, "Btg_Pjg_26": 60.0, "Jml_Btg_26": "1", "Lb_Jl_Ms26": 6.0, "Lb_Jl_Kl26": 6.0, "Lb_Lalin26": 6.0, "Lb_Bh_Ki26": 0.0, "Lb_Bh_Ka26": 0.0, "Lb_Dr_Ki26": 0.0, "Lb_Dr_Ka26": 0.0, "Lb_Tr_Ki26": 0.51, "Lb_Tr_Ka26": 0.45, "Lb_TS_Ki26": 0.0, "Lb_TS_Ka26": 0.0, "Lb_Med_26": 0.0, "Lbr_Jbt_26": 6.96, "Bgn_Ats_26": "RBP", "Jns_Jbt_26": "STANDAR", "Thn_Bgn_26": "2009", "BA_26": "2", "LNT_26": "2", "BB_26": "2", "DAS_26": "1", "OP_26": "0", "UT_26": "0", "GR_26": "0", "LB_26": "0", "JBT_26": "2", "Tp_Lnts_26": "SUNGAI", "Dt_Lnts_26": "LURUS", "Pnangnn_26": "RUTIN", "Pmriksn_26": "RUTIN", "Pnglola_26": "BPJN PAPUA SELATAN", "Satkr_ID26": "693944", "PPK_Name26": "PPK 1.4 PROVINSI PAPUA SELATAN", "Traffic_26": null, "VCR_26": "0.0072", "AADT_26": "749", "Tipe_Jb_26": null, "Lat_26": -7.685934976, "Long_26": 140.944073, "Tgl_Ins_26": "20/06/2026", "Ket_26": null }, "geometry": { "type": "Point", "coordinates": [ 140.938263000037523, -7.681801999662525 ] } },
{ "type": "Feature", "properties": { "KDRUAS_UPD": "62025", "NOJBT_UPD": "62.025.006.0", "NM_RUAS_UP": "MINDIPTANA - TANAH MERAH", "NM_JBT_UPD": "PATRIOT", "PROVINSI": "PAPUA SELATAN (MERAUKE)", "No_Prov_26": "62", "ID_Jbt_26": "6200372", "Kd_Ruas_26": "62025", "Suffix_26": null, "Nm_Ruas_26": "MINDIPTANA - TANAH MERAH", "Lintas_26": "JALAN LINTAS PERBATASAN", "No_Jbt_26": "62.025.006.0", "Nm_Jbt_26": "PATRIOT", "Status_26": "N", "Fungsi_26": "K", "Lks_Dr_26": "TMR", "Lks_km_26": 40.628, "F_STA_26": "3490", "Cadin_26": "MDT", "Pjg_Jbt_26": 30.8, "Btg_Pjg_26": 30.0, "Jml_Btg_26": "1", "Lb_Jl_Ms26": 5.93, "Lb_Jl_Kl26": 5.93, "Lb_Lalin26": 5.93, "Lb_Bh_Ki26": 0.2, "Lb_Bh_Ka26": 0.32, "Lb_Dr_Ki26": 0.06, "Lb_Dr_Ka26": 0.06, "Lb_Tr_Ki26": 0.51, "Lb_Tr_Ka26": 0.51, "Lb_TS_Ki26": 0.22, "Lb_TS_Ka26": 0.21, "Lb_Med_26": 0.0, "Lbr_Jbt_26": 8.02, "Bgn_Ats_26": "GBP", "Jns_Jbt_26": "STANDAR", "Thn_Bgn_26": "2014", "BA_26": "2", "LNT_26": "1", "BB_26": "0", "DAS_26": "1", "OP_26": "0", "UT_26": "0", "GR_26": "0", "LB_26": "0", "JBT_26": "2", "Tp_Lnts_26": "LINTASAN AIR LAINNYA", "Dt_Lnts_26": "RAWA", "Pnangnn_26": "RUTIN", "Pmriksn_26": "RUTIN", "Pnglola_26": "BPJN PAPUA SELATAN", "Satkr_ID26": "693947", "PPK_Name26": "PPK 2.2 PROVINSI PAPUA SELATAN", "Traffic_26": null, "VCR_26": "0.3086", "AADT_26": "1356", "Tipe_Jb_26": null, "Lat_26": -5.886945035, "Long_26": 140.482297, "Tgl_Ins_26": "16/04/2021", "Ket_26": null }, "geometry": { "type": "Point", "coordinates": [ 140.481110000226408, -5.889079999842068 ] } },
{ "type": "Feature", "properties": { "KDRUAS_UPD": "62031", "NOJBT_UPD": "62.031.014.0", "NM_RUAS_UP": "KM 40 - BTS. KOTA MERAUKE", "NM_JBT_UPD": "PETERNAKAN I", "PROVINSI": "PAPUA SELATAN (MERAUKE)", "No_Prov_26": "62", "ID_Jbt_26": "6202269", "Kd_Ruas_26": "62031", "Suffix_26": null, "Nm_Ruas_26": "KM 40 - BTS. KOTA MERAUKE", "Lintas_26": "JALAN LINTAS PERBATASAN", "No_Jbt_26": "62.031.014.0", "Nm_Jbt_26": "PETERNAKAN I", "Status_26": "N", "Fungsi_26": "K", "Lks_Dr_26": "MRK", "Lks_km_26": 6.529, "F_STA_26": "2790", "Cadin_26": "MRK", "Pjg_Jbt_26": 20.0, "Btg_Pjg_26": 19.6, "Jml_Btg_26": "1", "Lb_Jl_Ms26": 6.17, "Lb_Jl_Kl26": 6.17, "Lb_Lalin26": 6.17, "Lb_Bh_Ki26": 0.0, "Lb_Bh_Ka26": 0.0, "Lb_Dr_Ki26": 0.1, "Lb_Dr_Ka26": 0.1, "Lb_Tr_Ki26": 0.5, "Lb_Tr_Ka26": 0.49, "Lb_TS_Ki26": 0.31, "Lb_TS_Ka26": 0.35, "Lb_Med_26": 0.0, "Lbr_Jbt_26": 8.02, "Bgn_Ats_26": "GTP", "Jns_Jbt_26": "STANDAR", "Thn_Bgn_26": "2010", "BA_26": "1", "LNT_26": "0", "BB_26": "1", "DAS_26": "2", "OP_26": "0", "UT_26": "0", "GR_26": "0", "LB_26": "0", "JBT_26": "2", "Tp_Lnts_26": "SUNGAI", "Dt_Lnts_26": "LURUS", "Pnangnn_26": "RUTIN", "Pmriksn_26": "RUTIN", "Pnglola_26": "BPJN PAPUA SELATAN", "Satkr_ID26": null, "PPK_Name26": "PPK 1.1 PROVINSI PAPUA SELATAN", "Traffic_26": null, "VCR_26": "0.0187", "AADT_26": "409", "Tipe_Jb_26": null, "Lat_26": -8.530181972, "Long_26": 140.439409, "Tgl_Ins_26": "05/05/2021", "Ket_26": null }, "geometry": { "type": "Point", "coordinates": [ 140.440200999576518, -8.533785000377407 ] } },
{ "type": "Feature", "properties": { "KDRUAS_UPD": "62031", "NOJBT_UPD": "62.031.015.0", "NM_RUAS_UP": "KM 40 - BTS. KOTA MERAUKE", "NM_JBT_UPD": "PETERNAKAN II", "PROVINSI": "PAPUA SELATAN (MERAUKE)", "No_Prov_26": "62", "ID_Jbt_26": "6202270", "Kd_Ruas_26": "62031", "Suffix_26": null, "Nm_Ruas_26": "KM 40 - BTS. KOTA MERAUKE", "Lintas_26": "JALAN LINTAS PERBATASAN", "No_Jbt_26": "62.031.015.0", "Nm_Jbt_26": "PETERNAKAN II", "Status_26": "N", "Fungsi_26": "K", "Lks_Dr_26": "MRK", "Lks_km_26": 7.313, "F_STA_26": "2750", "Cadin_26": "MRK", "Pjg_Jbt_26": 21.0, "Btg_Pjg_26": 20.5, "Jml_Btg_26": "1", "Lb_Jl_Ms26": 6.27, "Lb_Jl_Kl26": 6.27, "Lb_Lalin26": 6.27, "Lb_Bh_Ki26": 0.0, "Lb_Bh_Ka26": 0.0, "Lb_Dr_Ki26": 0.08, "Lb_Dr_Ka26": 0.17, "Lb_Tr_Ki26": 0.48, "Lb_Tr_Ka26": 0.45, "Lb_TS_Ki26": 0.34, "Lb_TS_Ka26": 0.32, "Lb_Med_26": 0.0, "Lbr_Jbt_26": 8.11, "Bgn_Ats_26": "GTP", "Jns_Jbt_26": "STANDAR", "Thn_Bgn_26": "2010", "BA_26": "2", "LNT_26": "0", "BB_26": "1", "DAS_26": "2", "OP_26": "0", "UT_26": "0", "GR_26": "0", "LB_26": "0", "JBT_26": "2", "Tp_Lnts_26": "SUNGAI", "Dt_Lnts_26": "LURUS", "Pnangnn_26": "RUTIN", "Pmriksn_26": "RUTIN", "Pnglola_26": "BPJN PAPUA SELATAN", "Satkr_ID26": null, "PPK_Name26": "PPK 1.1 PROVINSI PAPUA SELATAN", "Traffic_26": null, "VCR_26": "0.0187", "AADT_26": "409", "Tipe_Jb_26": null, "Lat_26": -8.536564037, "Long_26": 140.441925, "Tgl_Ins_26": "05/05/2021", "Ket_26": null }, "geometry": { "type": "Point", "coordinates": [ 140.442032000376571, -8.536700999951165 ] } },
{ "type": "Feature", "properties": { "KDRUAS_UPD": "62031", "NOJBT_UPD": "62.031.001.0", "NM_RUAS_UP": "KM 40 - BTS. KOTA MERAUKE", "NM_JBT_UPD": "PINTU AIR", "PROVINSI": "PAPUA SELATAN (MERAUKE)", "No_Prov_26": "62", "ID_Jbt_26": "6202175", "Kd_Ruas_26": "62031", "Suffix_26": null, "Nm_Ruas_26": "KM 40 - BTS. KOTA MERAUKE", "Lintas_26": "JALAN LINTAS PERBATASAN", "No_Jbt_26": "62.031.001.0", "Nm_Jbt_26": "PINTU AIR", "Status_26": "N", "Fungsi_26": "K", "Lks_Dr_26": "MRK", "Lks_km_26": 0.131, "F_STA_26": "3470", "Cadin_26": "MRK", "Pjg_Jbt_26": 7.6, "Btg_Pjg_26": 2.5, "Jml_Btg_26": "3", "Lb_Jl_Ms26": 4.49, "Lb_Jl_Kl26": 4.49, "Lb_Lalin26": 4.49, "Lb_Bh_Ki26": 3.48, "Lb_Bh_Ka26": 2.86, "Lb_Dr_Ki26": 0.0, "Lb_Dr_Ka26": 0.0, "Lb_Tr_Ki26": 0.0, "Lb_Tr_Ka26": 0.0, "Lb_TS_Ki26": 0.0, "Lb_TS_Ka26": 0.0, "Lb_Med_26": 0.0, "Lbr_Jbt_26": 10.83, "Bgn_Ats_26": "BTP", "Jns_Jbt_26": "STANDAR", "Thn_Bgn_26": "2011", "BA_26": "0", "LNT_26": "0", "BB_26": "0", "DAS_26": "1", "OP_26": "0", "UT_26": "0", "GR_26": "2", "LB_26": "0", "JBT_26": "2", "Tp_Lnts_26": "SUNGAI", "Dt_Lnts_26": "LURUS", "Pnangnn_26": "RUTIN", "Pmriksn_26": "RUTIN", "Pnglola_26": "BPJN PAPUA SELATAN", "Satkr_ID26": null, "PPK_Name26": null, "Traffic_26": null, "VCR_26": "0.0187", "AADT_26": "0", "Tipe_Jb_26": null, "Lat_26": -8.479786031, "Long_26": 140.417505, "Tgl_Ins_26": "02/07/2026", "Ket_26": null }, "geometry": { "type": "Point", "coordinates": [ 140.417495967864738, -8.479793940537888 ] } },
{ "type": "Feature", "properties": { "KDRUAS_UPD": "62029", "NOJBT_UPD": "62.029.139.0", "NM_RUAS_UP": "BUPUL - ERAMBU - SOTA", "NM_JBT_UPD": "RAWA BIM", "PROVINSI": "PAPUA SELATAN (MERAUKE)", "No_Prov_26": "62", "ID_Jbt_26": "6201345", "Kd_Ruas_26": "62029", "Suffix_26": null, "Nm_Ruas_26": "BUPUL - ERAMBU - SOTA", "Lintas_26": "JALAN LINTAS PERBATASAN", "No_Jbt_26": "62.029.139.0", "Nm_Jbt_26": "RAWA BIM", "Status_26": "N", "Fungsi_26": "K", "Lks_Dr_26": "BPL", "Lks_km_26": 104.332, "F_STA_26": "630", "Cadin_26": "MTG", "Pjg_Jbt_26": 40.0, "Btg_Pjg_26": 40.0, "Jml_Btg_26": "1", "Lb_Jl_Ms26": 5.98, "Lb_Jl_Kl26": 5.98, "Lb_Lalin26": 5.98, "Lb_Bh_Ki26": 0.0, "Lb_Bh_Ka26": 0.0, "Lb_Dr_Ki26": 0.1, "Lb_Dr_Ka26": 0.1, "Lb_Tr_Ki26": 0.48, "Lb_Tr_Ka26": 0.49, "Lb_TS_Ki26": 0.0, "Lb_TS_Ka26": 0.0, "Lb_Med_26": 0.0, "Lbr_Jbt_26": 7.15, "Bgn_Ats_26": "RBP", "Jns_Jbt_26": "STANDAR", "Thn_Bgn_26": "2009", "BA_26": "2", "LNT_26": "2", "BB_26": "2", "DAS_26": "2", "OP_26": "2", "UT_26": "0", "GR_26": "0", "LB_26": "0", "JBT_26": "2", "Tp_Lnts_26": "SUNGAI", "Dt_Lnts_26": "LURUS", "Pnangnn_26": "RUTIN", "Pmriksn_26": "RUTIN", "Pnglola_26": "BPJN PAPUA SELATAN", "Satkr_ID26": "693944", "PPK_Name26": "PPK 1.4 PROVINSI PAPUA SELATAN", "Traffic_26": null, "VCR_26": "0.0072", "AADT_26": "749", "Tipe_Jb_26": null, "Lat_26": -7.593855998, "Long_26": 140.882686, "Tgl_Ins_26": "27/05/2024", "Ket_26": null }, "geometry": { "type": "Point", "coordinates": [ 140.882706000181884, -7.594069999930525 ] } },
{ "type": "Feature", "properties": { "KDRUAS_UPD": "62028", "NOJBT_UPD": "62.028.029.0", "NM_RUAS_UP": "MUTING - BUPUL", "NM_JBT_UPD": "RAWA BIO", "PROVINSI": "PAPUA SELATAN (MERAUKE)", "No_Prov_26": "62", "ID_Jbt_26": "6202314", "Kd_Ruas_26": "62028", "Suffix_26": null, "Nm_Ruas_26": "MUTING - BUPUL", "Lintas_26": "JALAN LINTAS PERBATASAN", "No_Jbt_26": "62.028.029.0", "Nm_Jbt_26": "RAWA BIO", "Status_26": "N", "Fungsi_26": "K", "Lks_Dr_26": "BPL", "Lks_km_26": 23.62, "F_STA_26": "1450", "Cadin_26": "MTG", "Pjg_Jbt_26": 30.0, "Btg_Pjg_26": 30.0, "Jml_Btg_26": "1", "Lb_Jl_Ms26": 6.0, "Lb_Jl_Kl26": 6.0, "Lb_Lalin26": 6.0, "Lb_Bh_Ki26": 0.0, "Lb_Bh_Ka26": 0.0, "Lb_Dr_Ki26": 0.1, "Lb_Dr_Ka26": 0.1, "Lb_Tr_Ki26": 0.35, "Lb_Tr_Ka26": 0.39, "Lb_TS_Ki26": 0.27, "Lb_TS_Ka26": 0.27, "Lb_Med_26": 0.0, "Lbr_Jbt_26": 7.48, "Bgn_Ats_26": "GBP", "Jns_Jbt_26": "STANDAR", "Thn_Bgn_26": "2014", "BA_26": "2", "LNT_26": "2", "BB_26": "1", "DAS_26": "1", "OP_26": "0", "UT_26": "0", "GR_26": "0", "LB_26": "0", "JBT_26": "2", "Tp_Lnts_26": "SUNGAI", "Dt_Lnts_26": "BERKELOK", "Pnangnn_26": "RUTIN", "Pmriksn_26": "RUTIN", "Pnglola_26": "BPJN PAPUA SELATAN", "Satkr_ID26": "693944", "PPK_Name26": "PPK 1.3 PROVINSI PAPUA SELATAN", "Traffic_26": null, "VCR_26": "0.0136", "AADT_26": "2252", "Tipe_Jb_26": null, "Lat_26": -7.453038013, "Long_26": 140.678867, "Tgl_Ins_26": "30/04/2021", "Ket_26": null }, "geometry": { "type": "Point", "coordinates": [ 140.679230000364328, -7.453190999964647 ] } },
{ "type": "Feature", "properties": { "KDRUAS_UPD": "62030", "NOJBT_UPD": "62.030.001.0", "NM_RUAS_UP": "SOTA - KM 40", "NM_JBT_UPD": "RAWA BIRU (KALI AL)", "PROVINSI": "PAPUA SELATAN (MERAUKE)", "No_Prov_26": "62", "ID_Jbt_26": "6200438", "Kd_Ruas_26": "62030", "Suffix_26": null, "Nm_Ruas_26": "SOTA - KM 40", "Lintas_26": "JALAN LINTAS PERBATASAN", "No_Jbt_26": "62.030.001.0", "Nm_Jbt_26": "RAWA BIRU (KALI AL)", "Status_26": "N", "Fungsi_26": "K", "Lks_Dr_26": "SOT", "Lks_km_26": 3.116, "F_STA_26": "3530", "Cadin_26": "SOT", "Pjg_Jbt_26": 16.0, "Btg_Pjg_26": 15.5, "Jml_Btg_26": "1", "Lb_Jl_Ms26": 5.87, "Lb_Jl_Kl26": 5.87, "Lb_Lalin26": 5.87, "Lb_Bh_Ki26": 0.0, "Lb_Bh_Ka26": 0.0, "Lb_Dr_Ki26": 0.14, "Lb_Dr_Ka26": 0.13, "Lb_Tr_Ki26": 0.555, "Lb_Tr_Ka26": 0.52, "Lb_TS_Ki26": 0.25, "Lb_TS_Ka26": 0.27, "Lb_Med_26": 0.0, "Lbr_Jbt_26": 7.74, "Bgn_Ats_26": "GTP", "Jns_Jbt_26": "STANDAR", "Thn_Bgn_26": "2011", "BA_26": "1", "LNT_26": "0", "BB_26": "1", "DAS_26": "2", "OP_26": "0", "UT_26": "0", "GR_26": "0", "LB_26": "0", "JBT_26": "2", "Tp_Lnts_26": "SUNGAI", "Dt_Lnts_26": "LURUS", "Pnangnn_26": "RUTIN", "Pmriksn_26": "RUTIN", "Pnglola_26": "BPJN PAPUA SELATAN", "Satkr_ID26": null, "PPK_Name26": "PPK 1.1 PROVINSI PAPUA SELATAN", "Traffic_26": null, "VCR_26": "0.0207", "AADT_26": "6396", "Tipe_Jb_26": null, "Lat_26": -8.53361696, "Long_26": 140.710531, "Tgl_Ins_26": "30/04/2021", "Ket_26": null }, "geometry": { "type": "Point", "coordinates": [ 140.710067999738499, -8.533404999940728 ] } },
{ "type": "Feature", "properties": { "KDRUAS_UPD": "62031", "NOJBT_UPD": "62.031.024.0", "NM_RUAS_UP": "KM 40 - BTS. KOTA MERAUKE", "NM_JBT_UPD": "RAWA WASUR I", "PROVINSI": "PAPUA SELATAN (MERAUKE)", "No_Prov_26": "62", "ID_Jbt_26": "6202279", "Kd_Ruas_26": "62031", "Suffix_26": null, "Nm_Ruas_26": "KM 40 - BTS. KOTA MERAUKE", "Lintas_26": "JALAN LINTAS PERBATASAN", "No_Jbt_26": "62.031.024.0", "Nm_Jbt_26": "RAWA WASUR I", "Status_26": "N", "Fungsi_26": "K", "Lks_Dr_26": "MRK", "Lks_km_26": 15.49, "F_STA_26": "1930", "Cadin_26": "MRK", "Pjg_Jbt_26": 25.7, "Btg_Pjg_26": 25.2, "Jml_Btg_26": "1", "Lb_Jl_Ms26": 6.6, "Lb_Jl_Kl26": 6.6, "Lb_Lalin26": 6.6, "Lb_Bh_Ki26": 0.22, "Lb_Bh_Ka26": 0.1, "Lb_Dr_Ki26": 0.1, "Lb_Dr_Ka26": 0.1, "Lb_Tr_Ki26": 0.48, "Lb_Tr_Ka26": 0.41, "Lb_TS_Ki26": 0.26, "Lb_TS_Ka26": 0.27, "Lb_Med_26": 0.0, "Lbr_Jbt_26": 8.54, "Bgn_Ats_26": "GTP", "Jns_Jbt_26": "STANDAR", "Thn_Bgn_26": "2010", "BA_26": "2", "LNT_26": "1", "BB_26": "1", "DAS_26": "2", "OP_26": "0", "UT_26": "0", "GR_26": "0", "LB_26": "0", "JBT_26": "2", "Tp_Lnts_26": "SUNGAI", "Dt_Lnts_26": "LURUS", "Pnangnn_26": "RUTIN", "Pmriksn_26": "RUTIN", "Pnglola_26": "BPJN PAPUA SELATAN", "Satkr_ID26": null, "PPK_Name26": "PPK 1.1 PROVINSI PAPUA SELATAN", "Traffic_26": null, "VCR_26": "0.0187", "AADT_26": "409", "Tipe_Jb_26": null, "Lat_26": -8.526465017, "Long_26": 140.511331, "Tgl_Ins_26": "21/07/2023", "Ket_26": null }, "geometry": { "type": "Point", "coordinates": [ 140.511612000293667, -8.526401999852339 ] } },
{ "type": "Feature", "properties": { "KDRUAS_UPD": "62026", "NOJBT_UPD": "62.026.018.0", "NM_RUAS_UP": "TANAH MERAH - GENTENTIRI", "NM_JBT_UPD": "RBR MIRI", "PROVINSI": "PAPUA SELATAN (MERAUKE)", "No_Prov_26": "62", "ID_Jbt_26": "6200395", "Kd_Ruas_26": "62026", "Suffix_26": null, "Nm_Ruas_26": "TANAH MERAH - GENTENTIRI", "Lintas_26": "JALAN LINTAS PERBATASAN", "No_Jbt_26": "62.026.018.0", "Nm_Jbt_26": "RBR MIRI", "Status_26": "N", "Fungsi_26": "K", "Lks_Dr_26": "TMR", "Lks_km_26": 29.219, "F_STA_26": "5030", "Cadin_26": "GTR", "Pjg_Jbt_26": 25.0, "Btg_Pjg_26": 25.0, "Jml_Btg_26": "1", "Lb_Jl_Ms26": 6.78, "Lb_Jl_Kl26": 6.78, "Lb_Lalin26": 6.78, "Lb_Bh_Ki26": 0.0, "Lb_Bh_Ka26": 0.0, "Lb_Dr_Ki26": 0.11, "Lb_Dr_Ka26": 0.09, "Lb_Tr_Ki26": 0.91, "Lb_Tr_Ka26": 0.9, "Lb_TS_Ki26": 0.31, "Lb_TS_Ka26": 0.3, "Lb_Med_26": 0.0, "Lbr_Jbt_26": 9.4, "Bgn_Ats_26": "GBP", "Jns_Jbt_26": "STANDAR", "Thn_Bgn_26": "2022", "BA_26": "0", "LNT_26": "0", "BB_26": "0", "DAS_26": "1", "OP_26": "0", "UT_26": "0", "GR_26": "0", "LB_26": "0", "JBT_26": "1", "Tp_Lnts_26": "LINTASAN AIR LAINNYA", "Dt_Lnts_26": "RAWA", "Pnangnn_26": "RUTIN", "Pmriksn_26": "RUTIN", "Pnglola_26": "BPJN PAPUA SELATAN", "Satkr_ID26": "693947", "PPK_Name26": "PPK 2.1 PROVINSI PAPUA SELATAN", "Traffic_26": null, "VCR_26": "0.0252", "AADT_26": "100", "Tipe_Jb_26": null, "Lat_26": -6.38628, "Long_26": 140.42216, "Tgl_Ins_26": "14/07/2023", "Ket_26": null }, "geometry": { "type": "Point", "coordinates": [ 140.422225999830061, -6.388900999581438 ] } },
{ "type": "Feature", "properties": { "KDRUAS_UPD": "62029", "NOJBT_UPD": "62.029.010.0", "NM_RUAS_UP": "BUPUL - ERAMBU - SOTA", "NM_JBT_UPD": "SAMLEBER", "PROVINSI": "PAPUA SELATAN (MERAUKE)", "No_Prov_26": "62", "ID_Jbt_26": "6200419", "Kd_Ruas_26": "62029", "Suffix_26": null, "Nm_Ruas_26": "BUPUL - ERAMBU - SOTA", "Lintas_26": "JALAN LINTAS PERBATASAN", "No_Jbt_26": "62.029.010.0", "Nm_Jbt_26": "SAMLEBER", "Status_26": "N", "Fungsi_26": "K", "Lks_Dr_26": "BPL", "Lks_km_26": 12.891, "F_STA_26": "9740", "Cadin_26": "MTG", "Pjg_Jbt_26": 40.0, "Btg_Pjg_26": 40.0, "Jml_Btg_26": "1", "Lb_Jl_Ms26": 5.92, "Lb_Jl_Kl26": 5.92, "Lb_Lalin26": 5.92, "Lb_Bh_Ki26": 0.0, "Lb_Bh_Ka26": 0.0, "Lb_Dr_Ki26": 0.08, "Lb_Dr_Ka26": 0.07, "Lb_Tr_Ki26": 0.47, "Lb_Tr_Ka26": 0.47, "Lb_TS_Ki26": 0.0, "Lb_TS_Ka26": 0.0, "Lb_Med_26": 0.0, "Lbr_Jbt_26": 7.01, "Bgn_Ats_26": "RBP", "Jns_Jbt_26": "STANDAR", "Thn_Bgn_26": "2012", "BA_26": "2", "LNT_26": "2", "BB_26": "2", "DAS_26": "1", "OP_26": "1", "UT_26": "0", "GR_26": "0", "LB_26": "0", "JBT_26": "2", "Tp_Lnts_26": "SUNGAI", "Dt_Lnts_26": "LURUS", "Pnangnn_26": "RUTIN", "Pmriksn_26": "RUTIN", "Pnglola_26": "BPJN PAPUA SELATAN", "Satkr_ID26": "693944", "PPK_Name26": "PPK 1.4 PROVINSI PAPUA SELATAN", "Traffic_26": null, "VCR_26": "0.0072", "AADT_26": "749", "Tipe_Jb_26": null, "Lat_26": -8.309543962, "Long_26": 141.005903, "Tgl_Ins_26": "19/05/2024", "Ket_26": null }, "geometry": { "type": "Point", "coordinates": [ 141.006134000283964, -8.309851999670002 ] } },
{ "type": "Feature", "properties": { "KDRUAS_UPD": "62028", "NOJBT_UPD": "62.028.006.0", "NM_RUAS_UP": "MUTING - BUPUL", "NM_JBT_UPD": "SAMUTING", "PROVINSI": "PAPUA SELATAN (MERAUKE)", "No_Prov_26": "62", "ID_Jbt_26": "6200412", "Kd_Ruas_26": "62028", "Suffix_26": null, "Nm_Ruas_26": "MUTING - BUPUL", "Lintas_26": "JALAN LINTAS PERBATASAN", "No_Jbt_26": "62.028.006.0", "Nm_Jbt_26": "SAMUTING", "Status_26": "N", "Fungsi_26": "K", "Lks_Dr_26": "BPL", "Lks_km_26": 5.928, "F_STA_26": "3140", "Cadin_26": "MTG", "Pjg_Jbt_26": 20.0, "Btg_Pjg_26": 20.07, "Jml_Btg_26": "1", "Lb_Jl_Ms26": 5.75, "Lb_Jl_Kl26": 5.75, "Lb_Lalin26": 5.75, "Lb_Bh_Ki26": 0.0, "Lb_Bh_Ka26": 0.0, "Lb_Dr_Ki26": 0.1, "Lb_Dr_Ka26": 0.13, "Lb_Tr_Ki26": 0.42, "Lb_Tr_Ka26": 0.42, "Lb_TS_Ki26": 0.22, "Lb_TS_Ka26": 0.24, "Lb_Med_26": 0.0, "Lbr_Jbt_26": 7.28, "Bgn_Ats_26": "GTP", "Jns_Jbt_26": "STANDAR", "Thn_Bgn_26": "2010", "BA_26": "2", "LNT_26": "2", "BB_26": "1", "DAS_26": "0", "OP_26": "0", "UT_26": "0", "GR_26": "0", "LB_26": "0", "JBT_26": "2", "Tp_Lnts_26": "SUNGAI", "Dt_Lnts_26": "BERKELOK", "Pnangnn_26": "RUTIN", "Pmriksn_26": "RUTIN", "Pnglola_26": "BPJN PAPUA SELATAN", "Satkr_ID26": "693944", "PPK_Name26": "PPK 1.3 PROVINSI PAPUA SELATAN", "Traffic_26": null, "VCR_26": "0.0136", "AADT_26": "2252", "Tipe_Jb_26": null, "Lat_26": -7.542577, "Long_26": 140.808471, "Tgl_Ins_26": "28/04/2021", "Ket_26": null }, "geometry": { "type": "Point", "coordinates": [ 140.799468999994474, -7.53309400018793 ] } },
{ "type": "Feature", "properties": { "KDRUAS_UPD": "620271", "NOJBT_UPD": "62.027.026.0.1", "NM_RUAS_UP": "GENTENTIRI - BTS. KAB. MERAUKE / BOVEN DIGOEL", "NM_JBT_UPD": "SAWIT", "PROVINSI": "PAPUA SELATAN (MERAUKE)", "No_Prov_26": "62", "ID_Jbt_26": "6200406", "Kd_Ruas_26": "620271", "Suffix_26": "1", "Nm_Ruas_26": "GENTENTIRI - BTS. KAB. MERAUKE / BOVEN DIGOEL", "Lintas_26": "JALAN LINTAS PERBATASAN", "No_Jbt_26": "62.027.026.0.1", "Nm_Jbt_26": "SAWIT", "Status_26": "N", "Fungsi_26": "K", "Lks_Dr_26": "MTG", "Lks_km_26": 69.242, "F_STA_26": "790", "Cadin_26": "GTR", "Pjg_Jbt_26": 20.5, "Btg_Pjg_26": 19.77, "Jml_Btg_26": "1", "Lb_Jl_Ms26": 6.95, "Lb_Jl_Kl26": 6.95, "Lb_Lalin26": 6.95, "Lb_Bh_Ki26": 0.0, "Lb_Bh_Ka26": 0.0, "Lb_Dr_Ki26": 0.0, "Lb_Dr_Ka26": 0.0, "Lb_Tr_Ki26": 0.91, "Lb_Tr_Ka26": 0.9, "Lb_TS_Ki26": 0.325, "Lb_TS_Ka26": 0.32, "Lb_Med_26": 0.0, "Lbr_Jbt_26": 9.41, "Bgn_Ats_26": "GBP", "Jns_Jbt_26": "STANDAR", "Thn_Bgn_26": "2019", "BA_26": "2", "LNT_26": "2", "BB_26": "1", "DAS_26": "3", "OP_26": "0", "UT_26": "0", "GR_26": "0", "LB_26": "0", "JBT_26": "3", "Tp_Lnts_26": "SUNGAI", "Dt_Lnts_26": "LURUS", "Pnangnn_26": "RUTIN", "Pmriksn_26": "RUTIN", "Pnglola_26": "BPJN PAPUA SELATAN", "Satkr_ID26": "693947", "PPK_Name26": "PPK 2.1 PROVINSI PAPUA SELATAN", "Traffic_26": null, "VCR_26": "0.0244", "AADT_26": "0", "Tipe_Jb_26": null, "Lat_26": -6.578714, "Long_26": 140.498978, "Tgl_Ins_26": "22/06/2026", "Ket_26": null }, "geometry": { "type": "Point", "coordinates": [ 140.498961999696576, -6.579138999565146 ] } },
{ "type": "Feature", "properties": { "KDRUAS_UPD": "62029", "NOJBT_UPD": "62.029.009.0", "NM_RUAS_UP": "BUPUL - ERAMBU - SOTA", "NM_JBT_UPD": "SOTA VIII", "PROVINSI": "PAPUA SELATAN (MERAUKE)", "No_Prov_26": "62", "ID_Jbt_26": "6202087", "Kd_Ruas_26": "62029", "Suffix_26": null, "Nm_Ruas_26": "BUPUL - ERAMBU - SOTA", "Lintas_26": "JALAN LINTAS PERBATASAN", "No_Jbt_26": "62.029.009.0", "Nm_Jbt_26": "SOTA VIII", "Status_26": "N", "Fungsi_26": "K", "Lks_Dr_26": "BPL", "Lks_km_26": 11.941, "F_STA_26": "9830", "Cadin_26": "MTG", "Pjg_Jbt_26": 7.1, "Btg_Pjg_26": 2.0, "Jml_Btg_26": "3", "Lb_Jl_Ms26": 4.5, "Lb_Jl_Kl26": 4.5, "Lb_Lalin26": 4.5, "Lb_Bh_Ki26": 1.3, "Lb_Bh_Ka26": 1.6, "Lb_Dr_Ki26": 0.0, "Lb_Dr_Ka26": 0.0, "Lb_Tr_Ki26": 0.25, "Lb_Tr_Ka26": 0.25, "Lb_TS_Ki26": 0.0, "Lb_TS_Ka26": 0.0, "Lb_Med_26": 0.0, "Lbr_Jbt_26": 7.9, "Bgn_Ats_26": "BTP", "Jns_Jbt_26": "STANDAR", "Thn_Bgn_26": "2000", "BA_26": "1", "LNT_26": "0", "BB_26": "1", "DAS_26": "1", "OP_26": "0", "UT_26": "0", "GR_26": "0", "LB_26": "0", "JBT_26": "1", "Tp_Lnts_26": "SUNGAI", "Dt_Lnts_26": "LURUS", "Pnangnn_26": "RUTIN", "Pmriksn_26": "RUTIN", "Pnglola_26": "BPJN PAPUA SELATAN", "Satkr_ID26": "693944", "PPK_Name26": "PPK 1.4 PROVINSI PAPUA SELATAN", "Traffic_26": null, "VCR_26": "0.0072", "AADT_26": "749", "Tipe_Jb_26": null, "Lat_26": -8.31662097, "Long_26": 141.010883, "Tgl_Ins_26": "15/05/2021", "Ket_26": null }, "geometry": { "type": "Point", "coordinates": [ 141.010971000311429, -8.31674600012775 ] } },
{ "type": "Feature", "properties": { "KDRUAS_UPD": "62030", "NOJBT_UPD": "62.030.007.0", "NM_RUAS_UP": "SOTA - KM 40", "NM_JBT_UPD": "SOTA KM 40 I", "PROVINSI": "PAPUA SELATAN (MERAUKE)", "No_Prov_26": "62", "ID_Jbt_26": "6202335", "Kd_Ruas_26": "62030", "Suffix_26": null, "Nm_Ruas_26": "SOTA - KM 40", "Lintas_26": "JALAN LINTAS PERBATASAN", "No_Jbt_26": "62.030.007.0", "Nm_Jbt_26": "SOTA KM 40 I", "Status_26": "N", "Fungsi_26": "K", "Lks_Dr_26": "SOT", "Lks_km_26": 9.98, "F_STA_26": "2840", "Cadin_26": "SOT", "Pjg_Jbt_26": 14.3, "Btg_Pjg_26": 3.0, "Jml_Btg_26": "2", "Lb_Jl_Ms26": 4.47, "Lb_Jl_Kl26": 4.47, "Lb_Lalin26": 4.47, "Lb_Bh_Ki26": 1.0, "Lb_Bh_Ka26": 1.16, "Lb_Dr_Ki26": 0.0, "Lb_Dr_Ka26": 0.0, "Lb_Tr_Ki26": 0.0, "Lb_Tr_Ka26": 0.0, "Lb_TS_Ki26": 0.25, "Lb_TS_Ka26": 0.26, "Lb_Med_26": 0.0, "Lbr_Jbt_26": 7.14, "Bgn_Ats_26": "BTP", "Jns_Jbt_26": "STANDAR", "Thn_Bgn_26": "2011", "BA_26": "0", "LNT_26": "0", "BB_26": "2", "DAS_26": "1", "OP_26": "0", "UT_26": "0", "GR_26": "0", "LB_26": "0", "JBT_26": "2", "Tp_Lnts_26": "SUNGAI", "Dt_Lnts_26": "LURUS", "Pnangnn_26": "RUTIN", "Pmriksn_26": "RUTIN", "Pnglola_26": "BPJN PAPUA SELATAN", "Satkr_ID26": null, "PPK_Name26": "PPK 1.1 PROVINSI PAPUA SELATAN", "Traffic_26": null, "VCR_26": "0.0207", "AADT_26": "6396", "Tipe_Jb_26": null, "Lat_26": -8.530225977000001, "Long_26": 140.76943, "Tgl_Ins_26": "03/05/2021", "Ket_26": null }, "geometry": { "type": "Point", "coordinates": [ 140.76971400020102, -8.529943000369144 ] } },
{ "type": "Feature", "properties": { "KDRUAS_UPD": "62029", "NOJBT_UPD": "62.029.007.0", "NM_RUAS_UP": "BUPUL - ERAMBU - SOTA", "NM_JBT_UPD": "SOTA VI", "PROVINSI": "PAPUA SELATAN (MERAUKE)", "No_Prov_26": "62", "ID_Jbt_26": "6202085", "Kd_Ruas_26": "62029", "Suffix_26": null, "Nm_Ruas_26": "BUPUL - ERAMBU - SOTA", "Lintas_26": "JALAN LINTAS PERBATASAN", "No_Jbt_26": "62.029.007.0", "Nm_Jbt_26": "SOTA VI", "Status_26": "N", "Fungsi_26": "K", "Lks_Dr_26": "BPL", "Lks_km_26": 11.075, "F_STA_26": "10050", "Cadin_26": "MTG", "Pjg_Jbt_26": 7.0, "Btg_Pjg_26": 3.0, "Jml_Btg_26": "2", "Lb_Jl_Ms26": 4.4, "Lb_Jl_Kl26": 4.4, "Lb_Lalin26": 4.4, "Lb_Bh_Ki26": 1.8, "Lb_Bh_Ka26": 1.8, "Lb_Dr_Ki26": 0.0, "Lb_Dr_Ka26": 0.0, "Lb_Tr_Ki26": 0.0, "Lb_Tr_Ka26": 0.0, "Lb_TS_Ki26": 0.0, "Lb_TS_Ka26": 0.0, "Lb_Med_26": 0.0, "Lbr_Jbt_26": 8.0, "Bgn_Ats_26": "BTP", "Jns_Jbt_26": "STANDAR", "Thn_Bgn_26": "2000", "BA_26": "1", "LNT_26": "0", "BB_26": "1", "DAS_26": "0", "OP_26": "0", "UT_26": "0", "GR_26": "0", "LB_26": "0", "JBT_26": "1", "Tp_Lnts_26": "SUNGAI", "Dt_Lnts_26": "LURUS", "Pnangnn_26": "RUTIN", "Pmriksn_26": "RUTIN", "Pnglola_26": "BPJN PAPUA SELATAN", "Satkr_ID26": "693944", "PPK_Name26": "PPK 1.4 PROVINSI PAPUA SELATAN", "Traffic_26": null, "VCR_26": "0.0072", "AADT_26": "749", "Tipe_Jb_26": null, "Lat_26": -8.336300002, "Long_26": 141.01164, "Tgl_Ins_26": "14/05/2021", "Ket_26": null }, "geometry": { "type": "Point", "coordinates": [ 141.011657999617, -8.336287000144921 ] } },
{ "type": "Feature", "properties": { "KDRUAS_UPD": "62029", "NOJBT_UPD": "62.029.008.0", "NM_RUAS_UP": "BUPUL - ERAMBU - SOTA", "NM_JBT_UPD": "SOTA VII", "PROVINSI": "PAPUA SELATAN (MERAUKE)", "No_Prov_26": "62", "ID_Jbt_26": "6202086", "Kd_Ruas_26": "62029", "Suffix_26": null, "Nm_Ruas_26": "BUPUL - ERAMBU - SOTA", "Lintas_26": "JALAN LINTAS PERBATASAN", "No_Jbt_26": "62.029.008.0", "Nm_Jbt_26": "SOTA VII", "Status_26": "N", "Fungsi_26": "K", "Lks_Dr_26": "BPL", "Lks_km_26": 11.612, "F_STA_26": "9860", "Cadin_26": "MTG", "Pjg_Jbt_26": 14.3, "Btg_Pjg_26": 2.6, "Jml_Btg_26": "5", "Lb_Jl_Ms26": 4.5, "Lb_Jl_Kl26": 4.5, "Lb_Lalin26": 4.5, "Lb_Bh_Ki26": 1.45, "Lb_Bh_Ka26": 1.35, "Lb_Dr_Ki26": 0.0, "Lb_Dr_Ka26": 0.0, "Lb_Tr_Ki26": 0.0, "Lb_Tr_Ka26": 0.0, "Lb_TS_Ki26": 0.37, "Lb_TS_Ka26": 0.33, "Lb_Med_26": 0.0, "Lbr_Jbt_26": 8.0, "Bgn_Ats_26": "BTP", "Jns_Jbt_26": "STANDAR", "Thn_Bgn_26": "2000", "BA_26": "1", "LNT_26": "0", "BB_26": "1", "DAS_26": "1", "OP_26": "0", "UT_26": "0", "GR_26": "0", "LB_26": "0", "JBT_26": "1", "Tp_Lnts_26": "SUNGAI", "Dt_Lnts_26": "LURUS", "Pnangnn_26": "RUTIN", "Pmriksn_26": "RUTIN", "Pnglola_26": "BPJN PAPUA SELATAN", "Satkr_ID26": "693944", "PPK_Name26": "PPK 1.4 PROVINSI PAPUA SELATAN", "Traffic_26": null, "VCR_26": "0.0072", "AADT_26": "749", "Tipe_Jb_26": null, "Lat_26": -8.319407031000001, "Long_26": 141.011721, "Tgl_Ins_26": "15/05/2021", "Ket_26": null }, "geometry": { "type": "Point", "coordinates": [ 141.011734000423871, -8.319229999564755 ] } },
{ "type": "Feature", "properties": { "KDRUAS_UPD": "620272", "NOJBT_UPD": "62.027.043.0.2", "NM_RUAS_UP": "BTS. KAB. BOVEN DIGOEL /MERAUKE - MUTING", "NM_JBT_UPD": "SP 3 BUANA", "PROVINSI": "PAPUA SELATAN (MERAUKE)", "No_Prov_26": "62", "ID_Jbt_26": "6202254", "Kd_Ruas_26": "620272", "Suffix_26": "2", "Nm_Ruas_26": "BTS. KAB. BOVEN DIGOEL /MERAUKE - MUTING", "Lintas_26": "JALAN LINTAS PERBATASAN", "No_Jbt_26": "62.027.043.0.2", "Nm_Jbt_26": "SP 3 BUANA", "Status_26": "N", "Fungsi_26": "K", "Lks_Dr_26": "MTG", "Lks_km_26": 13.818, "F_STA_26": "3360", "Cadin_26": "GTR", "Pjg_Jbt_26": 30.0, "Btg_Pjg_26": 30.0, "Jml_Btg_26": "1", "Lb_Jl_Ms26": 5.83, "Lb_Jl_Kl26": 5.83, "Lb_Lalin26": 5.83, "Lb_Bh_Ki26": 0.0, "Lb_Bh_Ka26": 0.0, "Lb_Dr_Ki26": 0.09, "Lb_Dr_Ka26": 0.11, "Lb_Tr_Ki26": 0.42, "Lb_Tr_Ka26": 0.43, "Lb_TS_Ki26": 0.22, "Lb_TS_Ka26": 0.2, "Lb_Med_26": 0.0, "Lbr_Jbt_26": 7.3, "Bgn_Ats_26": "GBP", "Jns_Jbt_26": "STANDAR", "Thn_Bgn_26": "2014", "BA_26": "2", "LNT_26": "2", "BB_26": "2", "DAS_26": "2", "OP_26": "0", "UT_26": "0", "GR_26": "0", "LB_26": "0", "JBT_26": "2", "Tp_Lnts_26": "LINTASAN AIR LAINNYA", "Dt_Lnts_26": "RAWA", "Pnangnn_26": "RUTIN", "Pmriksn_26": "RUTIN", "Pnglola_26": "BPJN PAPUA SELATAN", "Satkr_ID26": "693944", "PPK_Name26": "PPK 1.3 PROVINSI PAPUA SELATAN", "Traffic_26": null, "VCR_26": "0.2076", "AADT_26": "0", "Tipe_Jb_26": null, "Lat_26": -7.287863, "Long_26": 140.703952, "Tgl_Ins_26": "21/04/2021", "Ket_26": null }, "geometry": { "type": "Point", "coordinates": [ 140.703902999623779, -7.287893999908135 ] } },
{ "type": "Feature", "properties": { "KDRUAS_UPD": "620272", "NOJBT_UPD": "62.027.040.0.2", "NM_RUAS_UP": "BTS. KAB. BOVEN DIGOEL /MERAUKE - MUTING", "NM_JBT_UPD": "SP 3 MUTING", "PROVINSI": "PAPUA SELATAN (MERAUKE)", "No_Prov_26": "62", "ID_Jbt_26": "6202249", "Kd_Ruas_26": "620272", "Suffix_26": "2", "Nm_Ruas_26": "BTS. KAB. BOVEN DIGOEL /MERAUKE - MUTING", "Lintas_26": "JALAN LINTAS PERBATASAN", "No_Jbt_26": "62.027.040.0.2", "Nm_Jbt_26": "SP 3 MUTING", "Status_26": "N", "Fungsi_26": "K", "Lks_Dr_26": "MTG", "Lks_km_26": 9.473, "F_STA_26": "3780", "Cadin_26": "GTR", "Pjg_Jbt_26": 25.0, "Btg_Pjg_26": 25.23, "Jml_Btg_26": "1", "Lb_Jl_Ms26": 5.82, "Lb_Jl_Kl26": 5.82, "Lb_Lalin26": 5.82, "Lb_Bh_Ki26": 0.0, "Lb_Bh_Ka26": 0.0, "Lb_Dr_Ki26": 0.08, "Lb_Dr_Ka26": 0.08, "Lb_Tr_Ki26": 0.45, "Lb_Tr_Ka26": 0.44, "Lb_TS_Ki26": 0.19, "Lb_TS_Ka26": 0.21, "Lb_Med_26": 0.0, "Lbr_Jbt_26": 7.27, "Bgn_Ats_26": "GBP", "Jns_Jbt_26": "STANDAR", "Thn_Bgn_26": "2014", "BA_26": "2", "LNT_26": "2", "BB_26": "0", "DAS_26": "2", "OP_26": "0", "UT_26": "0", "GR_26": "0", "LB_26": "0", "JBT_26": "2", "Tp_Lnts_26": "SUNGAI", "Dt_Lnts_26": "LURUS", "Pnangnn_26": "RUTIN", "Pmriksn_26": "RUTIN", "Pnglola_26": "BPJN PAPUA SELATAN", "Satkr_ID26": "693944", "PPK_Name26": "PPK 1.3 PROVINSI PAPUA SELATAN", "Traffic_26": null, "VCR_26": "0.2076", "AADT_26": "0", "Tipe_Jb_26": null, "Lat_26": -7.297453, "Long_26": 140.693171, "Tgl_Ins_26": "21/04/2021", "Ket_26": null }, "geometry": { "type": "Point", "coordinates": [ 140.673431000040637, -7.302798000127552 ] } },
{ "type": "Feature", "properties": { "KDRUAS_UPD": "620272", "NOJBT_UPD": "62.027.046.0.2", "NM_RUAS_UP": "BTS. KAB. BOVEN DIGOEL /MERAUKE - MUTING", "NM_JBT_UPD": "SP 4 MUTING", "PROVINSI": "PAPUA SELATAN (MERAUKE)", "No_Prov_26": "62", "ID_Jbt_26": "6202255", "Kd_Ruas_26": "620272", "Suffix_26": "2", "Nm_Ruas_26": "BTS. KAB. BOVEN DIGOEL /MERAUKE - MUTING", "Lintas_26": "JALAN LINTAS PERBATASAN", "No_Jbt_26": "62.027.046.0.2", "Nm_Jbt_26": "SP 4 MUTING", "Status_26": "N", "Fungsi_26": "K", "Lks_Dr_26": "MTG", "Lks_km_26": 17.41, "F_STA_26": "2910", "Cadin_26": "GTR", "Pjg_Jbt_26": 31.0, "Btg_Pjg_26": 29.9, "Jml_Btg_26": "1", "Lb_Jl_Ms26": 5.87, "Lb_Jl_Kl26": 5.87, "Lb_Lalin26": 5.87, "Lb_Bh_Ki26": 0.0, "Lb_Bh_Ka26": 0.0, "Lb_Dr_Ki26": 0.0, "Lb_Dr_Ka26": 0.0, "Lb_Tr_Ki26": 0.43, "Lb_Tr_Ka26": 0.4, "Lb_TS_Ki26": 0.31, "Lb_TS_Ka26": 0.33, "Lb_Med_26": 0.0, "Lbr_Jbt_26": 7.34, "Bgn_Ats_26": "GBP", "Jns_Jbt_26": "STANDAR", "Thn_Bgn_26": "2013", "BA_26": "2", "LNT_26": "2", "BB_26": "1", "DAS_26": "1", "OP_26": "0", "UT_26": "0", "GR_26": "0", "LB_26": "0", "JBT_26": "2", "Tp_Lnts_26": "SUNGAI", "Dt_Lnts_26": "LURUS", "Pnangnn_26": "RUTIN", "Pmriksn_26": "RUTIN", "Pnglola_26": "BPJN PAPUA SELATAN", "Satkr_ID26": "693944", "PPK_Name26": "PPK 1.3 PROVINSI PAPUA SELATAN", "Traffic_26": null, "VCR_26": "0.2076", "AADT_26": "0", "Tipe_Jb_26": null, "Lat_26": -7.268734965, "Long_26": 140.738468, "Tgl_Ins_26": "26/04/2021", "Ket_26": null }, "geometry": { "type": "Point", "coordinates": [ 140.738616999674832, -7.268615000282011 ] } },
{ "type": "Feature", "properties": { "KDRUAS_UPD": "620272", "NOJBT_UPD": "62.027.060.0.2", "NM_RUAS_UP": "BTS. KAB. BOVEN DIGOEL /MERAUKE - MUTING", "NM_JBT_UPD": "ULILIN", "PROVINSI": "PAPUA SELATAN (MERAUKE)", "No_Prov_26": "62", "ID_Jbt_26": "6201104", "Kd_Ruas_26": "620272", "Suffix_26": "2", "Nm_Ruas_26": "BTS. KAB. BOVEN DIGOEL /MERAUKE - MUTING", "Lintas_26": "JALAN LINTAS PERBATASAN", "No_Jbt_26": "62.027.060.0.2", "Nm_Jbt_26": "ULILIN", "Status_26": "N", "Fungsi_26": "K", "Lks_Dr_26": "MTG", "Lks_km_26": 28.92, "F_STA_26": "1780", "Cadin_26": "GTR", "Pjg_Jbt_26": 30.0, "Btg_Pjg_26": 30.0, "Jml_Btg_26": "1", "Lb_Jl_Ms26": 5.77, "Lb_Jl_Kl26": 5.77, "Lb_Lalin26": 5.77, "Lb_Bh_Ki26": 0.0, "Lb_Bh_Ka26": 0.0, "Lb_Dr_Ki26": 0.14, "Lb_Dr_Ka26": 0.13, "Lb_Tr_Ki26": 0.43, "Lb_Tr_Ka26": 0.4, "Lb_TS_Ki26": 0.25, "Lb_TS_Ka26": 0.22, "Lb_Med_26": 0.0, "Lbr_Jbt_26": 7.34, "Bgn_Ats_26": "GBP", "Jns_Jbt_26": "STANDAR", "Thn_Bgn_26": "2014", "BA_26": "2", "LNT_26": "2", "BB_26": "1", "DAS_26": "2", "OP_26": "0", "UT_26": "0", "GR_26": "0", "LB_26": "0", "JBT_26": "2", "Tp_Lnts_26": "SUNGAI", "Dt_Lnts_26": "LURUS", "Pnangnn_26": "RUTIN", "Pmriksn_26": "RUTIN", "Pnglola_26": "BPJN PAPUA SELATAN", "Satkr_ID26": "693944", "PPK_Name26": "PPK 1.3 PROVINSI PAPUA SELATAN", "Traffic_26": null, "VCR_26": "0.2076", "AADT_26": "0", "Tipe_Jb_26": null, "Lat_26": -7.178711984, "Long_26": 140.754948, "Tgl_Ins_26": "26/04/2021", "Ket_26": null }, "geometry": { "type": "Point", "coordinates": [ 140.75483700032737, -7.178707000027998 ] } },
{ "type": "Feature", "properties": { "KDRUAS_UPD": "620272", "NOJBT_UPD": "62.027.061.0.2", "NM_RUAS_UP": "BTS. KAB. BOVEN DIGOEL /MERAUKE - MUTING", "NM_JBT_UPD": "ALAM 7", "PROVINSI": "PAPUA SELATAN (MERAUKE)", "No_Prov_26": "62", "ID_Jbt_26": "6201105", "Kd_Ruas_26": "620272", "Suffix_26": "2", "Nm_Ruas_26": "BTS. KAB. BOVEN DIGOEL /MERAUKE - MUTING", "Lintas_26": "JALAN LINTAS PERBATASAN", "No_Jbt_26": "62.027.061.0.2", "Nm_Jbt_26": "ALAM 7", "Status_26": "N", "Fungsi_26": "K", "Lks_Dr_26": "MTG", "Lks_km_26": 29.41, "F_STA_26": "1730", "Cadin_26": "GTR", "Pjg_Jbt_26": 30.0, "Btg_Pjg_26": 30.07, "Jml_Btg_26": "1", "Lb_Jl_Ms26": 5.87, "Lb_Jl_Kl26": 5.87, "Lb_Lalin26": 5.87, "Lb_Bh_Ki26": 0.0, "Lb_Bh_Ka26": 0.0, "Lb_Dr_Ki26": 0.09, "Lb_Dr_Ka26": 0.1, "Lb_Tr_Ki26": 0.39, "Lb_Tr_Ka26": 0.38, "Lb_TS_Ki26": 0.25, "Lb_TS_Ka26": 0.26, "Lb_Med_26": 0.0, "Lbr_Jbt_26": 7.34, "Bgn_Ats_26": "GBP", "Jns_Jbt_26": "STANDAR", "Thn_Bgn_26": "2014", "BA_26": "2", "LNT_26": "2", "BB_26": "2", "DAS_26": "2", "OP_26": "0", "UT_26": "0", "GR_26": "0", "LB_26": "0", "JBT_26": "2", "Tp_Lnts_26": "SUNGAI", "Dt_Lnts_26": "LURUS", "Pnangnn_26": "RUTIN", "Pmriksn_26": "RUTIN", "Pnglola_26": "BPJN PAPUA SELATAN", "Satkr_ID26": "693944", "PPK_Name26": "PPK 1.3 PROVINSI PAPUA SELATAN", "Traffic_26": null, "VCR_26": "0.2076", "AADT_26": "0", "Tipe_Jb_26": null, "Lat_26": -7.17479, "Long_26": 140.75304, "Tgl_Ins_26": "26/04/2021", "Ket_26": null }, "geometry": { "type": "Point", "coordinates": [ 140.75296000010394, -7.174768000043116 ] } },
{ "type": "Feature", "properties": { "KDRUAS_UPD": "620271", "NOJBT_UPD": "62.027.014.0.1", "NM_RUAS_UP": "GENTENTIRI - BTS. KAB. MERAUKE / BOVEN DIGOEL", "NM_JBT_UPD": "SUNUP", "PROVINSI": "PAPUA SELATAN (MERAUKE)", "No_Prov_26": "62", "ID_Jbt_26": "6201371", "Kd_Ruas_26": "620271", "Suffix_26": "1", "Nm_Ruas_26": "GENTENTIRI - BTS. KAB. MERAUKE / BOVEN DIGOEL", "Lintas_26": "JALAN LINTAS PERBATASAN", "No_Jbt_26": "62.027.014.0.1", "Nm_Jbt_26": "SUNUP", "Status_26": "N", "Fungsi_26": "K", "Lks_Dr_26": "MTG", "Lks_km_26": 14.757, "F_STA_26": "6250", "Cadin_26": "GTR", "Pjg_Jbt_26": 60.0, "Btg_Pjg_26": 60.0, "Jml_Btg_26": "1", "Lb_Jl_Ms26": 5.8, "Lb_Jl_Kl26": 5.8, "Lb_Lalin26": 5.8, "Lb_Bh_Ki26": 0.0, "Lb_Bh_Ka26": 0.0, "Lb_Dr_Ki26": 0.08, "Lb_Dr_Ka26": 0.09, "Lb_Tr_Ki26": 0.48, "Lb_Tr_Ka26": 0.49, "Lb_TS_Ki26": 0.0, "Lb_TS_Ka26": 0.0, "Lb_Med_26": 0.0, "Lbr_Jbt_26": 6.94, "Bgn_Ats_26": "RBP", "Jns_Jbt_26": "STANDAR", "Thn_Bgn_26": "2014", "BA_26": "2", "LNT_26": "1", "BB_26": "1", "DAS_26": "1", "OP_26": "2", "UT_26": "0", "GR_26": "0", "LB_26": "0", "JBT_26": "2", "Tp_Lnts_26": "SUNGAI", "Dt_Lnts_26": "BERKELOK", "Pnangnn_26": "RUTIN", "Pmriksn_26": "RUTIN", "Pnglola_26": "BPJN PAPUA SELATAN", "Satkr_ID26": "693947", "PPK_Name26": "PPK 2.1 PROVINSI PAPUA SELATAN", "Traffic_26": null, "VCR_26": "0.0244", "AADT_26": "0", "Tipe_Jb_26": null, "Lat_26": -6.940854024, "Long_26": 140.651299, "Tgl_Ins_26": "21/05/2024", "Ket_26": null }, "geometry": { "type": "Point", "coordinates": [ 140.651717999685957, -6.941159000087737 ] } },
{ "type": "Feature", "properties": { "KDRUAS_UPD": "62025", "NOJBT_UPD": "62.025.002.0", "NM_RUAS_UP": "MINDIPTANA - TANAH MERAH", "NM_JBT_UPD": "TANAH MERAH II", "PROVINSI": "PAPUA SELATAN (MERAUKE)", "No_Prov_26": "62", "ID_Jbt_26": "6200368", "Kd_Ruas_26": "62025", "Suffix_26": null, "Nm_Ruas_26": "MINDIPTANA - TANAH MERAH", "Lintas_26": "JALAN LINTAS PERBATASAN", "No_Jbt_26": "62.025.002.0", "Nm_Jbt_26": "TANAH MERAH II", "Status_26": "N", "Fungsi_26": "K", "Lks_Dr_26": "TMR", "Lks_km_26": 3.661, "F_STA_26": "6660", "Cadin_26": "MDT", "Pjg_Jbt_26": 9.0, "Btg_Pjg_26": 2.8, "Jml_Btg_26": "3", "Lb_Jl_Ms26": 11.42, "Lb_Jl_Kl26": 11.42, "Lb_Lalin26": 11.42, "Lb_Bh_Ki26": 1.89, "Lb_Bh_Ka26": 2.7, "Lb_Dr_Ki26": 0.0, "Lb_Dr_Ka26": 0.0, "Lb_Tr_Ki26": 0.0, "Lb_Tr_Ka26": 0.0, "Lb_TS_Ki26": 0.21, "Lb_TS_Ka26": 0.2, "Lb_Med_26": 1.65, "Lbr_Jbt_26": 18.07, "Bgn_Ats_26": "BTP", "Jns_Jbt_26": "STANDAR", "Thn_Bgn_26": "2012", "BA_26": "1", "LNT_26": "1", "BB_26": "2", "DAS_26": "1", "OP_26": "0", "UT_26": "0", "GR_26": "0", "LB_26": "0", "JBT_26": "2", "Tp_Lnts_26": "SUNGAI", "Dt_Lnts_26": "LURUS", "Pnangnn_26": "RUTIN", "Pmriksn_26": "RUTIN", "Pnglola_26": "BPJN PAPUA SELATAN", "Satkr_ID26": "693947", "PPK_Name26": "PPK 2.2 PROVINSI PAPUA SELATAN", "Traffic_26": null, "VCR_26": "0.3086", "AADT_26": "1356", "Tipe_Jb_26": null, "Lat_26": -6.089022, "Long_26": 140.334379, "Tgl_Ins_26": "15/04/2021", "Ket_26": null }, "geometry": { "type": "Point", "coordinates": [ 140.33430500037548, -6.089071999972759 ] } },
{ "type": "Feature", "properties": { "KDRUAS_UPD": "62025", "NOJBT_UPD": "62.025.003.0", "NM_RUAS_UP": "MINDIPTANA - TANAH MERAH", "NM_JBT_UPD": "TANAH MERAH III", "PROVINSI": "PAPUA SELATAN (MERAUKE)", "No_Prov_26": "62", "ID_Jbt_26": "6200369", "Kd_Ruas_26": "62025", "Suffix_26": null, "Nm_Ruas_26": "MINDIPTANA - TANAH MERAH", "Lintas_26": "JALAN LINTAS PERBATASAN", "No_Jbt_26": "62.025.003.0", "Nm_Jbt_26": "TANAH MERAH III", "Status_26": "N", "Fungsi_26": "K", "Lks_Dr_26": "TMR", "Lks_km_26": 24.214, "F_STA_26": "4890", "Cadin_26": "MDT", "Pjg_Jbt_26": 6.9, "Btg_Pjg_26": 2.8, "Jml_Btg_26": "2", "Lb_Jl_Ms26": 5.62, "Lb_Jl_Kl26": 5.62, "Lb_Lalin26": 5.62, "Lb_Bh_Ki26": 0.9, "Lb_Bh_Ka26": 0.8, "Lb_Dr_Ki26": 0.0, "Lb_Dr_Ka26": 0.0, "Lb_Tr_Ki26": 0.36, "Lb_Tr_Ka26": 0.32, "Lb_TS_Ki26": 0.35, "Lb_TS_Ka26": 0.32, "Lb_Med_26": 0.0, "Lbr_Jbt_26": 8.67, "Bgn_Ats_26": "BTP", "Jns_Jbt_26": "STANDAR", "Thn_Bgn_26": "2012", "BA_26": "1", "LNT_26": "1", "BB_26": "2", "DAS_26": "0", "OP_26": "0", "UT_26": "0", "GR_26": "0", "LB_26": "0", "JBT_26": "2", "Tp_Lnts_26": "SUNGAI", "Dt_Lnts_26": "LURUS", "Pnangnn_26": "RUTIN", "Pmriksn_26": "RUTIN", "Pnglola_26": "BPJN PAPUA SELATAN", "Satkr_ID26": "693947", "PPK_Name26": "PPK 2.2 PROVINSI PAPUA SELATAN", "Traffic_26": null, "VCR_26": "0.3086", "AADT_26": "1356", "Tipe_Jb_26": null, "Lat_26": -5.987275997, "Long_26": 140.420519, "Tgl_Ins_26": "16/04/2021", "Ket_26": null }, "geometry": { "type": "Point", "coordinates": [ 140.420502000367037, -5.987246999649244 ] } },
{ "type": "Feature", "properties": { "KDRUAS_UPD": "62025", "NOJBT_UPD": "62.025.004.0", "NM_RUAS_UP": "MINDIPTANA - TANAH MERAH", "NM_JBT_UPD": "TANAH MERAH IV", "PROVINSI": "PAPUA SELATAN (MERAUKE)", "No_Prov_26": "62", "ID_Jbt_26": "6200370", "Kd_Ruas_26": "62025", "Suffix_26": null, "Nm_Ruas_26": "MINDIPTANA - TANAH MERAH", "Lintas_26": "JALAN LINTAS PERBATASAN", "No_Jbt_26": "62.025.004.0", "Nm_Jbt_26": "TANAH MERAH IV", "Status_26": "N", "Fungsi_26": "K", "Lks_Dr_26": "TMR", "Lks_km_26": 27.286, "F_STA_26": "4630", "Cadin_26": "MDT", "Pjg_Jbt_26": 6.9, "Btg_Pjg_26": 3.1, "Jml_Btg_26": "2", "Lb_Jl_Ms26": 5.47, "Lb_Jl_Kl26": 5.47, "Lb_Lalin26": 5.47, "Lb_Bh_Ki26": 1.02, "Lb_Bh_Ka26": 0.95, "Lb_Dr_Ki26": 0.0, "Lb_Dr_Ka26": 0.0, "Lb_Tr_Ki26": 0.0, "Lb_Tr_Ka26": 0.0, "Lb_TS_Ki26": 0.31, "Lb_TS_Ka26": 0.31, "Lb_Med_26": 0.0, "Lbr_Jbt_26": 8.06, "Bgn_Ats_26": "BTP", "Jns_Jbt_26": "STANDAR", "Thn_Bgn_26": "2012", "BA_26": "0", "LNT_26": "0", "BB_26": "1", "DAS_26": "1", "OP_26": "0", "UT_26": "0", "GR_26": "0", "LB_26": "0", "JBT_26": "1", "Tp_Lnts_26": "LINTASAN AIR LAINNYA", "Dt_Lnts_26": "RAWA", "Pnangnn_26": "RUTIN", "Pmriksn_26": "RUTIN", "Pnglola_26": "BPJN PAPUA SELATAN", "Satkr_ID26": "693947", "PPK_Name26": "PPK 2.2 PROVINSI PAPUA SELATAN", "Traffic_26": null, "VCR_26": "0.3086", "AADT_26": "1356", "Tipe_Jb_26": null, "Lat_26": -5.967954034, "Long_26": 140.432318, "Tgl_Ins_26": "16/04/2021", "Ket_26": null }, "geometry": { "type": "Point", "coordinates": [ 140.432419000436539, -5.967757000185372 ] } },
{ "type": "Feature", "properties": { "KDRUAS_UPD": "620271", "NOJBT_UPD": "62.027.018.0.1", "NM_RUAS_UP": "GENTENTIRI - BTS. KAB. MERAUKE / BOVEN DIGOEL", "NM_JBT_UPD": "TAPPI", "PROVINSI": "PAPUA SELATAN (MERAUKE)", "No_Prov_26": "62", "ID_Jbt_26": "6200398", "Kd_Ruas_26": "620271", "Suffix_26": "1", "Nm_Ruas_26": "GENTENTIRI - BTS. KAB. MERAUKE / BOVEN DIGOEL", "Lintas_26": "JALAN LINTAS PERBATASAN", "No_Jbt_26": "62.027.018.0.1", "Nm_Jbt_26": "TAPPI", "Status_26": "N", "Fungsi_26": "K", "Lks_Dr_26": "MTG", "Lks_km_26": 23.08, "F_STA_26": "5430", "Cadin_26": "GTR", "Pjg_Jbt_26": 60.0, "Btg_Pjg_26": 60.0, "Jml_Btg_26": "1", "Lb_Jl_Ms26": 5.73, "Lb_Jl_Kl26": 5.73, "Lb_Lalin26": 5.73, "Lb_Bh_Ki26": 0.0, "Lb_Bh_Ka26": 0.0, "Lb_Dr_Ki26": 0.1, "Lb_Dr_Ka26": 0.08, "Lb_Tr_Ki26": 0.47, "Lb_Tr_Ka26": 0.47, "Lb_TS_Ki26": 0.0, "Lb_TS_Ka26": 0.0, "Lb_Med_26": 0.0, "Lbr_Jbt_26": 6.85, "Bgn_Ats_26": "RBP", "Jns_Jbt_26": "STANDAR", "Thn_Bgn_26": "2012", "BA_26": "2", "LNT_26": "2", "BB_26": "2", "DAS_26": "1", "OP_26": "2", "UT_26": "0", "GR_26": "0", "LB_26": "0", "JBT_26": "2", "Tp_Lnts_26": "SUNGAI", "Dt_Lnts_26": "LURUS", "Pnangnn_26": "RUTIN", "Pmriksn_26": "RUTIN", "Pnglola_26": "BPJN PAPUA SELATAN", "Satkr_ID26": "693947", "PPK_Name26": "PPK 2.1 PROVINSI PAPUA SELATAN", "Traffic_26": null, "VCR_26": "0.0244", "AADT_26": "0", "Tipe_Jb_26": null, "Lat_26": -6.882416, "Long_26": 140.617418, "Tgl_Ins_26": "21/05/2024", "Ket_26": null }, "geometry": { "type": "Point", "coordinates": [ 140.617843999700881, -6.882718000335387 ] } },
{ "type": "Feature", "properties": { "KDRUAS_UPD": "621024", "NOJBT_UPD": "62.102.008.0.4", "NM_RUAS_UP": "IWUR - WAROPKO", "NM_JBT_UPD": "BOSAVER", "PROVINSI": "PAPUA SELATAN (MERAUKE)", "No_Prov_26": "62", "ID_Jbt_26": "6202827", "Kd_Ruas_26": "621024", "Suffix_26": null, "Nm_Ruas_26": "IWUR - WAROPKO", "Lintas_26": "JALAN LINTAS PERBATASAN", "No_Jbt_26": "62.102.008.0.4", "Nm_Jbt_26": "BOSAVER", "Status_26": "NS", "Fungsi_26": "K", "Lks_Dr_26": null, "Lks_km_26": 0.0, "F_STA_26": "4270", "Cadin_26": null, "Pjg_Jbt_26": 60.0, "Btg_Pjg_26": 60.0, "Jml_Btg_26": "1", "Lb_Jl_Ms26": 7.1, "Lb_Jl_Kl26": 7.1, "Lb_Lalin26": 7.1, "Lb_Bh_Ki26": 0.0, "Lb_Bh_Ka26": 0.0, "Lb_Dr_Ki26": 0.1, "Lb_Dr_Ka26": 0.07, "Lb_Tr_Ki26": 1.0, "Lb_Tr_Ka26": 1.0, "Lb_TS_Ki26": 0.0, "Lb_TS_Ka26": 0.0, "Lb_Med_26": 0.0, "Lbr_Jbt_26": 9.27, "Bgn_Ats_26": "RBP", "Jns_Jbt_26": "STANDAR", "Thn_Bgn_26": "2019", "BA_26": "2", "LNT_26": "2", "BB_26": "2", "DAS_26": "2", "OP_26": "1", "UT_26": "0", "GR_26": "0", "LB_26": "0", "JBT_26": "2", "Tp_Lnts_26": "SUNGAI", "Dt_Lnts_26": "BERKELOK", "Pnangnn_26": "RUTIN", "Pmriksn_26": "TIDAK DISURVEI TA. 2026", "Pnglola_26": "BPJN PAPUA SELATAN", "Satkr_ID26": null, "PPK_Name26": "PPK 2.3 PROVINSI PAPUA SELATAN", "Traffic_26": null, "VCR_26": "-", "AADT_26": "0", "Tipe_Jb_26": null, "Lat_26": -5.408379016, "Long_26": 140.814181, "Tgl_Ins_26": "16/05/2024", "Ket_26": null }, "geometry": { "type": "Point", "coordinates": [ 140.814129900000012, -5.4083909 ] } },
{ "type": "Feature", "properties": { "KDRUAS_UPD": "621024", "NOJBT_UPD": "62.102.012.0.4", "NM_RUAS_UP": "IWUR - WAROPKO", "NM_JBT_UPD": "KALI NYUM KECIL", "PROVINSI": "PAPUA SELATAN (MERAUKE)", "No_Prov_26": "62", "ID_Jbt_26": "6202826", "Kd_Ruas_26": "621024", "Suffix_26": null, "Nm_Ruas_26": "IWUR - WAROPKO", "Lintas_26": "JALAN LINTAS PERBATASAN", "No_Jbt_26": "62.102.012.0.4", "Nm_Jbt_26": "KALI NYUM KECIL", "Status_26": "NS", "Fungsi_26": "K", "Lks_Dr_26": null, "Lks_km_26": 0.0, "F_STA_26": "4260", "Cadin_26": null, "Pjg_Jbt_26": 30.5, "Btg_Pjg_26": 30.0, "Jml_Btg_26": "1", "Lb_Jl_Ms26": 7.0, "Lb_Jl_Kl26": 7.0, "Lb_Lalin26": 7.0, "Lb_Bh_Ki26": 0.0, "Lb_Bh_Ka26": 0.16, "Lb_Dr_Ki26": 0.07, "Lb_Dr_Ka26": 0.07, "Lb_Tr_Ki26": 1.2, "Lb_Tr_Ka26": 1.3, "Lb_TS_Ki26": 0.0, "Lb_TS_Ka26": 0.0, "Lb_Med_26": 0.0, "Lbr_Jbt_26": 9.8, "Bgn_Ats_26": "GBP", "Jns_Jbt_26": "STANDAR", "Thn_Bgn_26": "2023", "BA_26": "1", "LNT_26": "1", "BB_26": "1", "DAS_26": "2", "OP_26": "1", "UT_26": "0", "GR_26": "0", "LB_26": "0", "JBT_26": "2", "Tp_Lnts_26": "SUNGAI", "Dt_Lnts_26": "LURUS", "Pnangnn_26": "RUTIN", "Pmriksn_26": "TIDAK DISURVEI TA. 2026", "Pnglola_26": "BPJN PAPUA SELATAN", "Satkr_ID26": null, "PPK_Name26": null, "Traffic_26": null, "VCR_26": "-", "AADT_26": "0", "Tipe_Jb_26": null, "Lat_26": -5.409136992, "Long_26": 140.814328, "Tgl_Ins_26": "16/05/2024", "Ket_26": null }, "geometry": { "type": "Point", "coordinates": [ 140.814442899999989, -5.4092672 ] } },
{ "type": "Feature", "properties": { "KDRUAS_UPD": "621024", "NOJBT_UPD": "62.102.009.0.4", "NM_RUAS_UP": "IWUR - WAROPKO", "NM_JBT_UPD": "KALI LUTIP 2", "PROVINSI": "PAPUA SELATAN (MERAUKE)", "No_Prov_26": "62", "ID_Jbt_26": "6202833", "Kd_Ruas_26": "621024", "Suffix_26": null, "Nm_Ruas_26": "IWUR - WAROPKO", "Lintas_26": "JALAN LINTAS PERBATASAN", "No_Jbt_26": "62.102.009.0.4", "Nm_Jbt_26": "KALI LUTIP 2", "Status_26": "NS", "Fungsi_26": "K", "Lks_Dr_26": null, "Lks_km_26": 0.0, "F_STA_26": "4410", "Cadin_26": null, "Pjg_Jbt_26": 20.0, "Btg_Pjg_26": 20.0, "Jml_Btg_26": "1", "Lb_Jl_Ms26": 7.0, "Lb_Jl_Kl26": 7.0, "Lb_Lalin26": 7.0, "Lb_Bh_Ki26": 0.0, "Lb_Bh_Ka26": 0.16, "Lb_Dr_Ki26": 0.07, "Lb_Dr_Ka26": 0.07, "Lb_Tr_Ki26": 1.3, "Lb_Tr_Ka26": 1.25, "Lb_TS_Ki26": 0.0, "Lb_TS_Ka26": 0.0, "Lb_Med_26": 0.0, "Lbr_Jbt_26": 9.85, "Bgn_Ats_26": "GBP", "Jns_Jbt_26": "STANDAR", "Thn_Bgn_26": "2021", "BA_26": "1", "LNT_26": "1", "BB_26": "1", "DAS_26": "1", "OP_26": "0", "UT_26": "0", "GR_26": "0", "LB_26": "0", "JBT_26": "1", "Tp_Lnts_26": "SUNGAI", "Dt_Lnts_26": "LURUS", "Pnangnn_26": "RUTIN", "Pmriksn_26": "TIDAK DISURVEI TA. 2026", "Pnglola_26": "BPJN PAPUA SELATAN", "Satkr_ID26": null, "PPK_Name26": "PPK 2.3 PROVINSI PAPUA SELATAN", "Traffic_26": null, "VCR_26": "-", "AADT_26": "0", "Tipe_Jb_26": null, "Lat_26": -5.405409, "Long_26": 140.823638, "Tgl_Ins_26": "00/01/1900", "Ket_26": null }, "geometry": { "type": "Point", "coordinates": [ 140.8235463, -5.4054508 ] } },
{ "type": "Feature", "properties": { "KDRUAS_UPD": "62023", "NOJBT_UPD": "62.023.006.0", "NM_RUAS_UP": "IWUR - WAROPKO", "NM_JBT_UPD": "JEMBATAN LUTIP", "PROVINSI": "PAPUA SELATAN (MERAUKE)", "No_Prov_26": "62", "ID_Jbt_26": "6202831", "Kd_Ruas_26": "62023", "Suffix_26": null, "Nm_Ruas_26": "IWUR - WAROPKO", "Lintas_26": "JALAN LINTAS PERBATASAN", "No_Jbt_26": "62.023.006.0", "Nm_Jbt_26": "JEMBATAN LUTIP", "Status_26": "N", "Fungsi_26": "K", "Lks_Dr_26": "MDT", "Lks_km_26": 1.519, "F_STA_26": "150", "Cadin_26": "WRK", "Pjg_Jbt_26": 40.3, "Btg_Pjg_26": 40.0, "Jml_Btg_26": "1", "Lb_Jl_Ms26": 5.76, "Lb_Jl_Kl26": 5.76, "Lb_Lalin26": 5.76, "Lb_Bh_Ki26": 0.0, "Lb_Bh_Ka26": 0.0, "Lb_Dr_Ki26": 0.09, "Lb_Dr_Ka26": 0.1, "Lb_Tr_Ki26": 0.49, "Lb_Tr_Ka26": 0.47, "Lb_TS_Ki26": 0.0, "Lb_TS_Ka26": 0.0, "Lb_Med_26": 0.0, "Lbr_Jbt_26": 6.91, "Bgn_Ats_26": "RBP", "Jns_Jbt_26": "STANDAR", "Thn_Bgn_26": "2000", "BA_26": "2", "LNT_26": "1", "BB_26": "1", "DAS_26": "1", "OP_26": "2", "UT_26": "0", "GR_26": "0", "LB_26": "0", "JBT_26": "2", "Tp_Lnts_26": "SUNGAI", "Dt_Lnts_26": "LURUS", "Pnangnn_26": "RUTIN", "Pmriksn_26": "RUTIN", "Pnglola_26": "BPJN PAPUA SELATAN", "Satkr_ID26": "693947", "PPK_Name26": "PPK 2.3 PROVINSI PAPUA SELATAN", "Traffic_26": null, "VCR_26": "0.1348", "AADT_26": "0", "Tipe_Jb_26": null, "Lat_26": -5.452763038, "Long_26": 140.84807, "Tgl_Ins_26": "16/05/2024", "Ket_26": null }, "geometry": { "type": "Point", "coordinates": [ 140.8478862, -5.4527827 ] } },
{ "type": "Feature", "properties": { "KDRUAS_UPD": "62023", "NOJBT_UPD": "62.023.007.0", "NM_RUAS_UP": "IWUR - WAROPKO", "NM_JBT_UPD": "KALI KOMEN", "PROVINSI": "PAPUA SELATAN (MERAUKE)", "No_Prov_26": "62", "ID_Jbt_26": "6202832", "Kd_Ruas_26": "62023", "Suffix_26": null, "Nm_Ruas_26": "IWUR - WAROPKO", "Lintas_26": "JALAN LINTAS PERBATASAN", "No_Jbt_26": "62.023.007.0", "Nm_Jbt_26": "KALI KOMEN", "Status_26": "N", "Fungsi_26": "K", "Lks_Dr_26": "MDT", "Lks_km_26": 8.516, "F_STA_26": "850", "Cadin_26": "WRK", "Pjg_Jbt_26": 50.0, "Btg_Pjg_26": 50.0, "Jml_Btg_26": "1", "Lb_Jl_Ms26": 5.75, "Lb_Jl_Kl26": 5.75, "Lb_Lalin26": 5.75, "Lb_Bh_Ki26": 0.0, "Lb_Bh_Ka26": 0.0, "Lb_Dr_Ki26": 0.1, "Lb_Dr_Ka26": 0.1, "Lb_Tr_Ki26": 0.47, "Lb_Tr_Ka26": 0.46, "Lb_TS_Ki26": 0.0, "Lb_TS_Ka26": 0.0, "Lb_Med_26": 0.0, "Lbr_Jbt_26": 6.88, "Bgn_Ats_26": "RBP", "Jns_Jbt_26": "STANDAR", "Thn_Bgn_26": "2018", "BA_26": "2", "LNT_26": "1", "BB_26": "2", "DAS_26": "2", "OP_26": "1", "UT_26": "0", "GR_26": "0", "LB_26": "0", "JBT_26": "2", "Tp_Lnts_26": "SUNGAI", "Dt_Lnts_26": "BERKELOK", "Pnangnn_26": "RUTIN", "Pmriksn_26": "RUTIN", "Pnglola_26": "BPJN PAPUA SELATAN", "Satkr_ID26": "693947", "PPK_Name26": "PPK 2.3 PROVINSI PAPUA SELATAN", "Traffic_26": null, "VCR_26": "0.1348", "AADT_26": "0", "Tipe_Jb_26": null, "Lat_26": -5.504031032, "Long_26": 140.856826, "Tgl_Ins_26": "17/05/2024", "Ket_26": null }, "geometry": { "type": "Point", "coordinates": [ 140.856826, -5.5039502 ] } },
{ "type": "Feature", "properties": { "KDRUAS_UPD": "620272", "NOJBT_UPD": "62.027.070.0.2", "NM_RUAS_UP": "BTS. KAB. BOVEN DIGOEL /MERAUKE - MUTING", "NM_JBT_UPD": "NAFAX III", "PROVINSI": "PAPUA SELATAN (MERAUKE)", "No_Prov_26": "62", "ID_Jbt_26": "6202630", "Kd_Ruas_26": "620272", "Suffix_26": "2", "Nm_Ruas_26": "BTS. KAB. BOVEN DIGOEL /MERAUKE - MUTING", "Lintas_26": "JALAN LINTAS PERBATASAN", "No_Jbt_26": "62.027.070.0.2", "Nm_Jbt_26": "NAFAX III", "Status_26": "N", "Fungsi_26": "K", "Lks_Dr_26": "MTG", "Lks_km_26": 40.089, "F_STA_26": "890", "Cadin_26": "GTR", "Pjg_Jbt_26": 6.5, "Btg_Pjg_26": 3.0, "Jml_Btg_26": "2", "Lb_Jl_Ms26": 4.5, "Lb_Jl_Kl26": 4.5, "Lb_Lalin26": 4.5, "Lb_Bh_Ki26": 1.64, "Lb_Bh_Ka26": 1.55, "Lb_Dr_Ki26": 0.0, "Lb_Dr_Ka26": 0.0, "Lb_Tr_Ki26": 0.0, "Lb_Tr_Ka26": 0.0, "Lb_TS_Ki26": 0.18, "Lb_TS_Ka26": 0.0, "Lb_Med_26": 0.0, "Lbr_Jbt_26": 7.87, "Bgn_Ats_26": "BTP", "Jns_Jbt_26": "STANDAR", "Thn_Bgn_26": "2010", "BA_26": "1", "LNT_26": "0", "BB_26": "1", "DAS_26": "2", "OP_26": "0", "UT_26": "0", "GR_26": "0", "LB_26": "0", "JBT_26": "2", "Tp_Lnts_26": "SUNGAI", "Dt_Lnts_26": "BERKELOK", "Pnangnn_26": "RUTIN", "Pmriksn_26": "RUTIN", "Pnglola_26": "BPJN PAPUA SELATAN", "Satkr_ID26": "693944", "PPK_Name26": "PPK 1.3 PROVINSI PAPUA SELATAN", "Traffic_26": null, "VCR_26": "0.2076", "AADT_26": "0", "Tipe_Jb_26": null, "Lat_26": -7.112293029, "Long_26": 140.713627, "Tgl_Ins_26": "00/01/1900", "Ket_26": null }, "geometry": { "type": "Point", "coordinates": [ 140.713626975192994, -7.112293029203959 ] } },
{ "type": "Feature", "properties": { "KDRUAS_UPD": "62028", "NOJBT_UPD": "62.028.041.0", "NM_RUAS_UP": "MUTING - BUPUL", "NM_JBT_UPD": "BOX III", "PROVINSI": "PAPUA SELATAN (MERAUKE)", "No_Prov_26": "62", "ID_Jbt_26": "6202655", "Kd_Ruas_26": "62028", "Suffix_26": null, "Nm_Ruas_26": "MUTING - BUPUL", "Lintas_26": "JALAN LINTAS PERBATASAN", "No_Jbt_26": "62.028.041.0", "Nm_Jbt_26": "BOX III", "Status_26": "N", "Fungsi_26": "K", "Lks_Dr_26": "BPL", "Lks_km_26": 39.354, "F_STA_26": "420", "Cadin_26": "MTG", "Pjg_Jbt_26": 6.8, "Btg_Pjg_26": 2.5, "Jml_Btg_26": "2", "Lb_Jl_Ms26": 4.37, "Lb_Jl_Kl26": 4.37, "Lb_Lalin26": 4.37, "Lb_Bh_Ki26": 1.87, "Lb_Bh_Ka26": 1.9, "Lb_Dr_Ki26": 0.0, "Lb_Dr_Ka26": 0.0, "Lb_Tr_Ki26": 0.0, "Lb_Tr_Ka26": 0.0, "Lb_TS_Ki26": 0.0, "Lb_TS_Ka26": 0.0, "Lb_Med_26": 0.0, "Lbr_Jbt_26": 8.14, "Bgn_Ats_26": "BTP", "Jns_Jbt_26": "STANDAR", "Thn_Bgn_26": "2014", "BA_26": "0", "LNT_26": "0", "BB_26": "1", "DAS_26": "1", "OP_26": "0", "UT_26": "0", "GR_26": "0", "LB_26": "0", "JBT_26": "1", "Tp_Lnts_26": "SUNGAI", "Dt_Lnts_26": "LURUS", "Pnangnn_26": "RUTIN", "Pmriksn_26": "RUTIN", "Pnglola_26": "BPJN PAPUA SELATAN", "Satkr_ID26": "693944", "PPK_Name26": "PPK 1.3 PROVINSI PAPUA SELATAN", "Traffic_26": null, "VCR_26": "0.0136", "AADT_26": "2252", "Tipe_Jb_26": null, "Lat_26": -7.384901019, "Long_26": 140.644974, "Tgl_Ins_26": "00/01/1900", "Ket_26": null }, "geometry": { "type": "Point", "coordinates": [ 140.644973991438007, -7.38490101881286 ] } },
{ "type": "Feature", "properties": { "KDRUAS_UPD": "62028", "NOJBT_UPD": "62.028.043.0", "NM_RUAS_UP": "MUTING - BUPUL", "NM_JBT_UPD": "BUPUL IV", "PROVINSI": "PAPUA SELATAN (MERAUKE)", "No_Prov_26": "62", "ID_Jbt_26": "6201315", "Kd_Ruas_26": "62028", "Suffix_26": null, "Nm_Ruas_26": "MUTING - BUPUL", "Lintas_26": "JALAN LINTAS PERBATASAN", "No_Jbt_26": "62.028.043.0", "Nm_Jbt_26": "BUPUL IV", "Status_26": "N", "Fungsi_26": "K", "Lks_Dr_26": "BPL", "Lks_km_26": 40.212, "F_STA_26": "630", "Cadin_26": "MTG", "Pjg_Jbt_26": 31.5, "Btg_Pjg_26": 30.07, "Jml_Btg_26": "1", "Lb_Jl_Ms26": 6.0, "Lb_Jl_Kl26": 6.0, "Lb_Lalin26": 6.0, "Lb_Bh_Ki26": 0.0, "Lb_Bh_Ka26": 0.0, "Lb_Dr_Ki26": 0.06, "Lb_Dr_Ka26": 0.06, "Lb_Tr_Ki26": 0.37, "Lb_Tr_Ka26": 0.36, "Lb_TS_Ki26": 0.26, "Lb_TS_Ka26": 0.255, "Lb_Med_26": 0.0, "Lbr_Jbt_26": 7.37, "Bgn_Ats_26": "GBP", "Jns_Jbt_26": "STANDAR", "Thn_Bgn_26": "2014", "BA_26": "0", "LNT_26": "0", "BB_26": "2", "DAS_26": "2", "OP_26": "0", "UT_26": "0", "GR_26": "0", "LB_26": "0", "JBT_26": "2", "Tp_Lnts_26": "SUNGAI", "Dt_Lnts_26": "LURUS", "Pnangnn_26": "RUTIN", "Pmriksn_26": "RUTIN", "Pnglola_26": "BPJN PAPUA SELATAN", "Satkr_ID26": "693944", "PPK_Name26": "PPK 1.3 PROVINSI PAPUA SELATAN", "Traffic_26": null, "VCR_26": "0.0136", "AADT_26": "2252", "Tipe_Jb_26": null, "Lat_26": -7.401303984, "Long_26": 140.654166, "Tgl_Ins_26": "18/05/2021", "Ket_26": null }, "geometry": { "type": "Point", "coordinates": [ 140.654166005550991, -7.40130398422478 ] } },
{ "type": "Feature", "properties": { "KDRUAS_UPD": "62029", "NOJBT_UPD": "62.029.092.0", "NM_RUAS_UP": "BUPUL - ERAMBU - SOTA", "NM_JBT_UPD": "BUPUL I", "PROVINSI": "PAPUA SELATAN (MERAUKE)", "No_Prov_26": "62", "ID_Jbt_26": "6202539", "Kd_Ruas_26": "62029", "Suffix_26": null, "Nm_Ruas_26": "BUPUL - ERAMBU - SOTA", "Lintas_26": "JALAN LINTAS PERBATASAN", "No_Jbt_26": "62.029.092.0", "Nm_Jbt_26": "BUPUL I", "Status_26": "N", "Fungsi_26": "K", "Lks_Dr_26": "BPL", "Lks_km_26": 77.084, "F_STA_26": "3310", "Cadin_26": "MTG", "Pjg_Jbt_26": 6.3, "Btg_Pjg_26": 2.9, "Jml_Btg_26": "2", "Lb_Jl_Ms26": 5.08, "Lb_Jl_Kl26": 5.08, "Lb_Lalin26": 5.08, "Lb_Bh_Ki26": 1.22, "Lb_Bh_Ka26": 1.18, "Lb_Dr_Ki26": 0.0, "Lb_Dr_Ka26": 0.0, "Lb_Tr_Ki26": 0.0, "Lb_Tr_Ka26": 0.0, "Lb_TS_Ki26": 0.25, "Lb_TS_Ka26": 0.26, "Lb_Med_26": 0.0, "Lbr_Jbt_26": 7.99, "Bgn_Ats_26": "BTP", "Jns_Jbt_26": "STANDAR", "Thn_Bgn_26": "2012", "BA_26": "1", "LNT_26": "0", "BB_26": "1", "DAS_26": "1", "OP_26": "0", "UT_26": "0", "GR_26": "0", "LB_26": "0", "JBT_26": "1", "Tp_Lnts_26": "SUNGAI", "Dt_Lnts_26": "BERKELOK", "Pnangnn_26": "RUTIN", "Pmriksn_26": "RUTIN", "Pnglola_26": "BPJN PAPUA SELATAN", "Satkr_ID26": "693944", "PPK_Name26": "PPK 1.4 PROVINSI PAPUA SELATAN", "Traffic_26": null, "VCR_26": "0.0072", "AADT_26": "749", "Tipe_Jb_26": null, "Lat_26": -7.776484005, "Long_26": 140.999813, "Tgl_Ins_26": "00/01/1900", "Ket_26": null }, "geometry": { "type": "Point", "coordinates": [ 140.99981297738799, -7.776484005152929 ] } },
{ "type": "Feature", "properties": { "KDRUAS_UPD": "62029", "NOJBT_UPD": "62.029.137.0", "NM_RUAS_UP": "BUPUL - ERAMBU - SOTA", "NM_JBT_UPD": "BOX 182+580", "PROVINSI": "PAPUA SELATAN (MERAUKE)", "No_Prov_26": "62", "ID_Jbt_26": "6202569", "Kd_Ruas_26": "62029", "Suffix_26": null, "Nm_Ruas_26": "BUPUL - ERAMBU - SOTA", "Lintas_26": "JALAN LINTAS PERBATASAN", "No_Jbt_26": "62.029.137.0", "Nm_Jbt_26": "BOX 182+580", "Status_26": "N", "Fungsi_26": "K", "Lks_Dr_26": "BPL", "Lks_km_26": 102.962, "F_STA_26": "900", "Cadin_26": "MTG", "Pjg_Jbt_26": 19.8, "Btg_Pjg_26": 2.5, "Jml_Btg_26": "3", "Lb_Jl_Ms26": 5.55, "Lb_Jl_Kl26": 5.55, "Lb_Lalin26": 5.55, "Lb_Bh_Ki26": 2.9, "Lb_Bh_Ka26": 3.2, "Lb_Dr_Ki26": 0.0, "Lb_Dr_Ka26": 0.0, "Lb_Tr_Ki26": 0.3, "Lb_Tr_Ka26": 0.3, "Lb_TS_Ki26": 0.3, "Lb_TS_Ka26": 0.31, "Lb_Med_26": 0.0, "Lbr_Jbt_26": 12.86, "Bgn_Ats_26": "BTP", "Jns_Jbt_26": "STANDAR", "Thn_Bgn_26": "2009", "BA_26": "0", "LNT_26": "0", "BB_26": "0", "DAS_26": "1", "OP_26": "0", "UT_26": "0", "GR_26": "0", "LB_26": "0", "JBT_26": "1", "Tp_Lnts_26": "SUNGAI", "Dt_Lnts_26": "LURUS", "Pnangnn_26": "RUTIN", "Pmriksn_26": "RUTIN", "Pnglola_26": "BPJN PAPUA SELATAN", "Satkr_ID26": "693944", "PPK_Name26": "PPK 1.4 PROVINSI PAPUA SELATAN", "Traffic_26": null, "VCR_26": "0.0072", "AADT_26": "749", "Tipe_Jb_26": null, "Lat_26": -7.552604964, "Long_26": 140.852486, "Tgl_Ins_26": "00/01/1900", "Ket_26": null }, "geometry": { "type": "Point", "coordinates": [ 140.852486025541992, -7.552604964002811 ] } },
{ "type": "Feature", "properties": { "KDRUAS_UPD": "620271", "NOJBT_UPD": "62.027.027.0.1", "NM_RUAS_UP": "GENTENTIRI - BTS. KAB. MERAUKE / BOVEN DIGOEL", "NM_JBT_UPD": "SAWIT II", "PROVINSI": "PAPUA SELATAN (MERAUKE)", "No_Prov_26": "62", "ID_Jbt_26": "6202855", "Kd_Ruas_26": "620271", "Suffix_26": "1", "Nm_Ruas_26": "GENTENTIRI - BTS. KAB. MERAUKE / BOVEN DIGOEL", "Lintas_26": "JALAN LINTAS PERBATASAN", "No_Jbt_26": "62.027.027.0.1", "Nm_Jbt_26": "SAWIT II", "Status_26": "N", "Fungsi_26": "K", "Lks_Dr_26": "MTG", "Lks_km_26": 0.0, "F_STA_26": "1550", "Cadin_26": "GTR", "Pjg_Jbt_26": 15.0, "Btg_Pjg_26": 14.6, "Jml_Btg_26": "1", "Lb_Jl_Ms26": 6.98, "Lb_Jl_Kl26": 6.98, "Lb_Lalin26": 6.98, "Lb_Bh_Ki26": 0.0, "Lb_Bh_Ka26": 0.0, "Lb_Dr_Ki26": 0.0, "Lb_Dr_Ka26": 0.0, "Lb_Tr_Ki26": 1.0, "Lb_Tr_Ka26": 0.95, "Lb_TS_Ki26": 0.28, "Lb_TS_Ka26": 0.27, "Lb_Med_26": 0.0, "Lbr_Jbt_26": 9.48, "Bgn_Ats_26": "GBP", "Jns_Jbt_26": "STANDAR", "Thn_Bgn_26": "2023", "BA_26": "1", "LNT_26": "1", "BB_26": "0", "DAS_26": "1", "OP_26": "1", "UT_26": "1", "GR_26": "0", "LB_26": "0", "JBT_26": "1", "Tp_Lnts_26": "SUNGAI", "Dt_Lnts_26": "LURUS", "Pnangnn_26": "RUTIN", "Pmriksn_26": "RUTIN", "Pnglola_26": "BPJN PAPUA SELATAN", "Satkr_ID26": "693947", "PPK_Name26": "PPK 2.1 PROVINSI PAPUA SELATAN", "Traffic_26": null, "VCR_26": "0.0244", "AADT_26": "0", "Tipe_Jb_26": null, "Lat_26": -6.606637035, "Long_26": 140.555058, "Tgl_Ins_26": "21/05/2024", "Ket_26": null }, "geometry": { "type": "Point", "coordinates": [ 140.555057963356006, -6.606637034565121 ] } },
{ "type": "Feature", "properties": { "KDRUAS_UPD": "620271", "NOJBT_UPD": "62.027.028.0.1", "NM_RUAS_UP": "GENTENTIRI - BTS. KAB. MERAUKE / BOVEN DIGOEL", "NM_JBT_UPD": "SAWIT III", "PROVINSI": "PAPUA SELATAN (MERAUKE)", "No_Prov_26": "62", "ID_Jbt_26": "6202856", "Kd_Ruas_26": "620271", "Suffix_26": "1", "Nm_Ruas_26": "GENTENTIRI - BTS. KAB. MERAUKE / BOVEN DIGOEL", "Lintas_26": "JALAN LINTAS PERBATASAN", "No_Jbt_26": "62.027.028.0.1", "Nm_Jbt_26": "SAWIT III", "Status_26": "N", "Fungsi_26": "K", "Lks_Dr_26": "MTG", "Lks_km_26": 0.0, "F_STA_26": "1110", "Cadin_26": "GTR", "Pjg_Jbt_26": 7.1, "Btg_Pjg_26": 6.0, "Jml_Btg_26": "1", "Lb_Jl_Ms26": 7.01, "Lb_Jl_Kl26": 7.01, "Lb_Lalin26": 7.01, "Lb_Bh_Ki26": 0.0, "Lb_Bh_Ka26": 0.0, "Lb_Dr_Ki26": 0.0, "Lb_Dr_Ka26": 0.0, "Lb_Tr_Ki26": 0.93, "Lb_Tr_Ka26": 0.94, "Lb_TS_Ki26": 0.29, "Lb_TS_Ka26": 0.28, "Lb_Med_26": 0.0, "Lbr_Jbt_26": 9.45, "Bgn_Ats_26": "BTP", "Jns_Jbt_26": "STANDAR", "Thn_Bgn_26": "2023", "BA_26": "1", "LNT_26": "1", "BB_26": "0", "DAS_26": "1", "OP_26": "1", "UT_26": "1", "GR_26": "0", "LB_26": "0", "JBT_26": "1", "Tp_Lnts_26": "SUNGAI", "Dt_Lnts_26": "BERKELOK", "Pnangnn_26": "RUTIN", "Pmriksn_26": "RUTIN", "Pnglola_26": "BPJN PAPUA SELATAN", "Satkr_ID26": "693947", "PPK_Name26": "PPK 2.1 PROVINSI PAPUA SELATAN", "Traffic_26": null, "VCR_26": "0.0244", "AADT_26": "0", "Tipe_Jb_26": null, "Lat_26": -6.596793998, "Long_26": 140.537407, "Tgl_Ins_26": "21/05/2024", "Ket_26": null }, "geometry": { "type": "Point", "coordinates": [ 140.537407016380996, -6.596793998032767 ] } },
{ "type": "Feature", "properties": { "KDRUAS_UPD": "620271", "NOJBT_UPD": "62.027.029.0.1", "NM_RUAS_UP": "GENTENTIRI - BTS. KAB. MERAUKE / BOVEN DIGOEL", "NM_JBT_UPD": "SAWIT IV", "PROVINSI": "PAPUA SELATAN (MERAUKE)", "No_Prov_26": "62", "ID_Jbt_26": "6202857", "Kd_Ruas_26": "620271", "Suffix_26": "1", "Nm_Ruas_26": "GENTENTIRI - BTS. KAB. MERAUKE / BOVEN DIGOEL", "Lintas_26": "JALAN LINTAS PERBATASAN", "No_Jbt_26": "62.027.029.0.1", "Nm_Jbt_26": "SAWIT IV", "Status_26": "N", "Fungsi_26": "K", "Lks_Dr_26": "MTG", "Lks_km_26": 0.0, "F_STA_26": "1290", "Cadin_26": "GTR", "Pjg_Jbt_26": 13.5, "Btg_Pjg_26": 12.52, "Jml_Btg_26": "2", "Lb_Jl_Ms26": 6.9, "Lb_Jl_Kl26": 6.9, "Lb_Lalin26": 6.9, "Lb_Bh_Ki26": 0.0, "Lb_Bh_Ka26": 0.0, "Lb_Dr_Ki26": 0.0, "Lb_Dr_Ka26": 0.0, "Lb_Tr_Ki26": 1.02, "Lb_Tr_Ka26": 1.0, "Lb_TS_Ki26": 0.34, "Lb_TS_Ka26": 0.325, "Lb_Med_26": 0.0, "Lbr_Jbt_26": 9.59, "Bgn_Ats_26": "BTP", "Jns_Jbt_26": "STANDAR", "Thn_Bgn_26": "2023", "BA_26": "1", "LNT_26": "1", "BB_26": "0", "DAS_26": "1", "OP_26": "1", "UT_26": "2", "GR_26": "0", "LB_26": "0", "JBT_26": "2", "Tp_Lnts_26": "SUNGAI", "Dt_Lnts_26": "BERKELOK", "Pnangnn_26": "RUTIN", "Pmriksn_26": "RUTIN", "Pnglola_26": "BPJN PAPUA SELATAN", "Satkr_ID26": "693947", "PPK_Name26": "PPK 2.1 PROVINSI PAPUA SELATAN", "Traffic_26": null, "VCR_26": "0.0244", "AADT_26": "0", "Tipe_Jb_26": null, "Lat_26": -6.590662, "Long_26": 140.524315, "Tgl_Ins_26": "21/05/2024", "Ket_26": null }, "geometry": { "type": "Point", "coordinates": [ 140.524315, -6.590662000000108 ] } },
{ "type": "Feature", "properties": { "KDRUAS_UPD": "620271", "NOJBT_UPD": "62.027.030.0.1", "NM_RUAS_UP": "GENTENTIRI - BTS. KAB. MERAUKE / BOVEN DIGOEL", "NM_JBT_UPD": "ANAK KALI MODERN", "PROVINSI": "PAPUA SELATAN (MERAUKE)", "No_Prov_26": "62", "ID_Jbt_26": "6202858", "Kd_Ruas_26": "620271", "Suffix_26": "1", "Nm_Ruas_26": "GENTENTIRI - BTS. KAB. MERAUKE / BOVEN DIGOEL", "Lintas_26": "JALAN LINTAS PERBATASAN", "No_Jbt_26": "62.027.030.0.1", "Nm_Jbt_26": "ANAK KALI MODERN", "Status_26": "N", "Fungsi_26": "K", "Lks_Dr_26": "MTG", "Lks_km_26": 0.0, "F_STA_26": "1550", "Cadin_26": "GTR", "Pjg_Jbt_26": 7.0, "Btg_Pjg_26": 2.5, "Jml_Btg_26": "1", "Lb_Jl_Ms26": 7.45, "Lb_Jl_Kl26": 7.45, "Lb_Lalin26": 7.45, "Lb_Bh_Ki26": 0.15, "Lb_Bh_Ka26": 0.15, "Lb_Dr_Ki26": 0.07, "Lb_Dr_Ka26": 0.07, "Lb_Tr_Ki26": 0.64, "Lb_Tr_Ka26": 0.73, "Lb_TS_Ki26": 0.31, "Lb_TS_Ka26": 0.3, "Lb_Med_26": 0.0, "Lbr_Jbt_26": 9.87, "Bgn_Ats_26": "BTP", "Jns_Jbt_26": "STANDAR", "Thn_Bgn_26": "2023", "BA_26": "1", "LNT_26": "1", "BB_26": "0", "DAS_26": "1", "OP_26": "1", "UT_26": "1", "GR_26": "0", "LB_26": "0", "JBT_26": "1", "Tp_Lnts_26": "SUNGAI", "Dt_Lnts_26": "LURUS", "Pnangnn_26": "RUTIN", "Pmriksn_26": "RUTIN", "Pnglola_26": "BPJN PAPUA SELATAN", "Satkr_ID26": "693947", "PPK_Name26": "PPK 2.1 PROVINSI PAPUA SELATAN", "Traffic_26": null, "VCR_26": "0.0244", "AADT_26": "0", "Tipe_Jb_26": null, "Lat_26": -6.710569, "Long_26": 140.57802, "Tgl_Ins_26": "21/05/2024", "Ket_26": null }, "geometry": { "type": "Point", "coordinates": [ 140.57802, -6.710569 ] } },
{ "type": "Feature", "properties": { "KDRUAS_UPD": "62029", "NOJBT_UPD": "62.029.084.0", "NM_RUAS_UP": "BUPUL - ERAMBU - SOTA", "NM_JBT_UPD": "BOX 78", "PROVINSI": "PAPUA SELATAN (MERAUKE)", "No_Prov_26": "62", "ID_Jbt_26": "6202531", "Kd_Ruas_26": "62029", "Suffix_26": null, "Nm_Ruas_26": "BUPUL - ERAMBU - SOTA", "Lintas_26": "JALAN LINTAS PERBATASAN", "No_Jbt_26": "62.029.084.0", "Nm_Jbt_26": "BOX 78", "Status_26": "N", "Fungsi_26": "K", "Lks_Dr_26": "BPL", "Lks_km_26": 73.312, "F_STA_26": "3720", "Cadin_26": "MTG", "Pjg_Jbt_26": 6.7, "Btg_Pjg_26": 1.5, "Jml_Btg_26": "2", "Lb_Jl_Ms26": 4.6, "Lb_Jl_Kl26": 4.6, "Lb_Lalin26": 4.6, "Lb_Bh_Ki26": 1.64, "Lb_Bh_Ka26": 1.45, "Lb_Dr_Ki26": 0.0, "Lb_Dr_Ka26": 0.0, "Lb_Tr_Ki26": 0.0, "Lb_Tr_Ka26": 0.0, "Lb_TS_Ki26": 0.23, "Lb_TS_Ka26": 0.23, "Lb_Med_26": 0.0, "Lbr_Jbt_26": 8.15, "Bgn_Ats_26": "BTP", "Jns_Jbt_26": "STANDAR", "Thn_Bgn_26": "2011", "BA_26": "1", "LNT_26": "0", "BB_26": "1", "DAS_26": "2", "OP_26": "0", "UT_26": "0", "GR_26": "0", "LB_26": "0", "JBT_26": "2", "Tp_Lnts_26": "SUNGAI", "Dt_Lnts_26": "LURUS", "Pnangnn_26": "RUTIN", "Pmriksn_26": "RUTIN", "Pnglola_26": "BPJN PAPUA SELATAN", "Satkr_ID26": "693944", "PPK_Name26": "PPK 1.4 PROVINSI PAPUA SELATAN", "Traffic_26": null, "VCR_26": "0.0072", "AADT_26": "749", "Tipe_Jb_26": null, "Lat_26": -7.802742999, "Long_26": 140.984299, "Tgl_Ins_26": "00/01/1900", "Ket_26": null }, "geometry": { "type": "Point", "coordinates": [ 140.98429899662699, -7.80274299904704 ] } },
{ "type": "Feature", "properties": { "KDRUAS_UPD": "62029", "NOJBT_UPD": "62.029.098.0", "NM_RUAS_UP": "BUPUL - ERAMBU - SOTA", "NM_JBT_UPD": "BOX 159+100", "PROVINSI": "PAPUA SELATAN (MERAUKE)", "No_Prov_26": "62", "ID_Jbt_26": "6202542", "Kd_Ruas_26": "62029", "Suffix_26": null, "Nm_Ruas_26": "BUPUL - ERAMBU - SOTA", "Lintas_26": "JALAN LINTAS PERBATASAN", "No_Jbt_26": "62.029.098.0", "Nm_Jbt_26": "BOX 159+100", "Status_26": "N", "Fungsi_26": "K", "Lks_Dr_26": "BPL", "Lks_km_26": 79.441, "F_STA_26": "3080", "Cadin_26": "MTG", "Pjg_Jbt_26": 8.3, "Btg_Pjg_26": 1.5, "Jml_Btg_26": "1", "Lb_Jl_Ms26": 4.54, "Lb_Jl_Kl26": 4.54, "Lb_Lalin26": 4.54, "Lb_Bh_Ki26": 1.55, "Lb_Bh_Ka26": 1.5, "Lb_Dr_Ki26": 0.0, "Lb_Dr_Ka26": 0.0, "Lb_Tr_Ki26": 0.0, "Lb_Tr_Ka26": 0.0, "Lb_TS_Ki26": 0.19, "Lb_TS_Ka26": 0.19, "Lb_Med_26": 0.0, "Lbr_Jbt_26": 7.97, "Bgn_Ats_26": "BTP", "Jns_Jbt_26": "STANDAR", "Thn_Bgn_26": "2009", "BA_26": "1", "LNT_26": "0", "BB_26": "1", "DAS_26": "1", "OP_26": "0", "UT_26": "0", "GR_26": "0", "LB_26": "0", "JBT_26": "1", "Tp_Lnts_26": "SUNGAI", "Dt_Lnts_26": "LURUS", "Pnangnn_26": "RUTIN", "Pmriksn_26": "RUTIN", "Pnglola_26": "BPJN PAPUA SELATAN", "Satkr_ID26": "693944", "PPK_Name26": "PPK 1.4 PROVINSI PAPUA SELATAN", "Traffic_26": null, "VCR_26": "0.0072", "AADT_26": "749", "Tipe_Jb_26": null, "Lat_26": -7.75762598, "Long_26": 140.995761, "Tgl_Ins_26": "00/01/1900", "Ket_26": null }, "geometry": { "type": "Point", "coordinates": [ 140.995760997757003, -7.75762598030269 ] } }
]
}
