{
"type": "FeatureCollection",
"name": "Papua_2026_Q",
"crs": { "type": "name", "properties": { "name": "urn:ogc:def:crs:OGC:1.3:CRS84" } },
"features": [
{ "type": "Feature", "properties": { "KDRUAS_UPD": "62032", "NOJBT_UPD": "62.032.003.0", "NM_RUAS_UP": "KOYA KOSA - HOLTEKAMP - SKOW/ BTS. PNG", "NM_JBT_UPD": "KALI BUAYA", "PROVINSI": "PAPUA PEGUNUNGAN (JAYAPURA)", "No_Prov_26": "62", "ID_Jbt_26": "6202420", "Kd_Ruas_26": "62032", "Suffix_26": null, "Nm_Ruas_26": "KOYA KOSA - HOLTEKAMP - SKOW/ BTS. PNG", "Lintas_26": "JALAN LINTAS MENUJU PERBATASAN", "No_Jbt_26": "62.032.003.0", "Nm_Jbt_26": "KALI BUAYA", "Status_26": "N", "Fungsi_26": "A", "Lks_Dr_26": "JPR", "Lks_km_26": 13.516, "F_STA_26": "670", "Cadin_26": "SKW", "Pjg_Jbt_26": 55.0, "Btg_Pjg_26": 55.0, "Jml_Btg_26": "1", "Lb_Jl_Ms26": 7.0, "Lb_Jl_Kl26": 7.0, "Lb_Lalin26": 6.66, "Lb_Bh_Ki26": 0.08, "Lb_Bh_Ka26": 0.14, "Lb_Dr_Ki26": 0.08, "Lb_Dr_Ka26": 0.05, "Lb_Tr_Ki26": 1.02, "Lb_Tr_Ka26": 1.0, "Lb_TS_Ki26": 0.0, "Lb_TS_Ka26": 0.0, "Lb_Med_26": 0.0, "Lbr_Jbt_26": 9.03, "Bgn_Ats_26": "RBR", "Jns_Jbt_26": "STANDAR", "Thn_Bgn_26": "2020", "BA_26": "2", "LNT_26": "2", "BB_26": "1", "DAS_26": "1", "OP_26": "1", "UT_26": "0", "GR_26": "0", "LB_26": "0", "JBT_26": "2", "Tp_Lnts_26": "SUNGAI", "Dt_Lnts_26": "LURUS", "Pnangnn_26": "RUTIN", "Pmriksn_26": "TIDAK DISURVEI TA. 2026", "Pnglola_26": "BBPJN PAPUA-PAPUA PEGUNUNGAN", "Satkr_ID26": "693940", "PPK_Name26": "1.1", "Traffic_26": null, "VCR_26": "0", "AADT_26": "1312", "Tipe_Jb_26": null, "Lat_26": -2.626703, "Long_26": 140.780212, "Tgl_Ins_26": "22/05/2025", "Ket_26": null }, "geometry": { "type": "Point", "coordinates": [ 140.780212402344006, -2.62670302391052 ] } },
{ "type": "Feature", "properties": { "KDRUAS_UPD": "62057", "NOJBT_UPD": "62.057.060.0", "NM_RUAS_UP": "MENAWI - SAUBEBA - YOBI", "NM_JBT_UPD": "ABOMEN", "PROVINSI": "PAPUA PEGUNUNGAN (JAYAPURA)", "No_Prov_26": "62", "ID_Jbt_26": "6201541", "Kd_Ruas_26": "62057", "Suffix_26": null, "Nm_Ruas_26": "MENAWI - SAUBEBA - YOBI", "Lintas_26": "NON LINTAS", "No_Jbt_26": "62.057.060.0", "Nm_Jbt_26": "ABOMEN", "Status_26": "N", "Fungsi_26": "K", "Lks_Dr_26": "SER", "Lks_km_26": 37.971, "F_STA_26": "3750", "Cadin_26": "MEN", "Pjg_Jbt_26": 7.0, "Btg_Pjg_26": 2.0, "Jml_Btg_26": "3", "Lb_Jl_Ms26": 6.0, "Lb_Jl_Kl26": 6.0, "Lb_Lalin26": 6.27, "Lb_Bh_Ki26": 0.8, "Lb_Bh_Ka26": 1.05, "Lb_Dr_Ki26": 0.0, "Lb_Dr_Ka26": 0.0, "Lb_Tr_Ki26": 0.0, "Lb_Tr_Ka26": 0.0, "Lb_TS_Ki26": 0.3, "Lb_TS_Ka26": 0.3, "Lb_Med_26": 0.0, "Lbr_Jbt_26": 8.72, "Bgn_Ats_26": "BTP", "Jns_Jbt_26": "STANDAR", "Thn_Bgn_26": "2014", "BA_26": "0", "LNT_26": "0", "BB_26": "0", "DAS_26": "1", "OP_26": "0", "UT_26": "0", "GR_26": "1", "LB_26": "0", "JBT_26": "1", "Tp_Lnts_26": "SUNGAI", "Dt_Lnts_26": "LURUS", "Pnangnn_26": "RUTIN", "Pmriksn_26": "DETAIL", "Pnglola_26": "BBPJN PAPUA-PAPUA PEGUNUNGAN", "Satkr_ID26": "693941", "PPK_Name26": "3.2", "Traffic_26": null, "VCR_26": "0", "AADT_26": "11", "Tipe_Jb_26": null, "Lat_26": -1.722006, "Long_26": 136.401901, "Tgl_Ins_26": "01/06/2026", "Ket_26": null }, "geometry": { "type": "Point", "coordinates": [ 136.401901000430939, -1.722005999577163 ] } },
{ "type": "Feature", "properties": { "KDRUAS_UPD": "62005", "NOJBT_UPD": "62.005.166.0", "NM_RUAS_UP": "YETTI - SENGGI - MAMBERAMO II (STA 107+300 - 153+970/AKHIR", "NM_JBT_UPD": "AIRU 2", "PROVINSI": "PAPUA PEGUNUNGAN (JAYAPURA)", "No_Prov_26": "62", "ID_Jbt_26": "6201827", "Kd_Ruas_26": "62005", "Suffix_26": "0", "Nm_Ruas_26": "YETTI - SENGGI - MAMBERAMO II (STA 107+300 - 153+970/AKHIR", "Lintas_26": "YETTI - SENGGI - MAMBERAMO", "No_Jbt_26": "62.005.166.0", "Nm_Jbt_26": "AIRU 2", "Status_26": "N", "Fungsi_26": "A", "Lks_Dr_26": "JPR", "Lks_km_26": 144.5, "F_STA_26": "14060", "Cadin_26": "MBR", "Pjg_Jbt_26": 20.0, "Btg_Pjg_26": 19.75, "Jml_Btg_26": "1", "Lb_Jl_Ms26": 6.0, "Lb_Jl_Kl26": 6.0, "Lb_Lalin26": 6.4, "Lb_Bh_Ki26": 0.08, "Lb_Bh_Ka26": 0.18, "Lb_Dr_Ki26": 0.22, "Lb_Dr_Ka26": 0.22, "Lb_Tr_Ki26": 0.83, "Lb_Tr_Ka26": 0.86, "Lb_TS_Ki26": 0.39, "Lb_TS_Ka26": 0.35, "Lb_Med_26": 0.0, "Lbr_Jbt_26": 9.53, "Bgn_Ats_26": "GBP", "Jns_Jbt_26": "STANDAR", "Thn_Bgn_26": "2023", "BA_26": "2", "LNT_26": "1", "BB_26": "2", "DAS_26": "0", "OP_26": "1", "UT_26": "0", "GR_26": "0", "LB_26": "0", "JBT_26": "2", "Tp_Lnts_26": "SUNGAI", "Dt_Lnts_26": "LURUS", "Pnangnn_26": "RUTIN", "Pmriksn_26": "DETAIL", "Pnglola_26": "BBPJN PAPUA-PAPUA PEGUNUNGAN", "Satkr_ID26": "693965", "PPK_Name26": "2.4", "Traffic_26": null, "VCR_26": "0", "AADT_26": "98", "Tipe_Jb_26": null, "Lat_26": -3.669984, "Long_26": 140.207672, "Tgl_Ins_26": "30/05/2026", "Ket_26": null }, "geometry": { "type": "Point", "coordinates": [ 140.20767199996294, -3.669983999561907 ] } },
{ "type": "Feature", "properties": { "KDRUAS_UPD": "62005", "NOJBT_UPD": "62.005.167.0", "NM_RUAS_UP": "YETTI - SENGGI - MAMBERAMO II (STA 107+300 - 153+970/AKHIR", "NM_JBT_UPD": "AIRU 3", "PROVINSI": "PAPUA PEGUNUNGAN (JAYAPURA)", "No_Prov_26": "62", "ID_Jbt_26": "6201828", "Kd_Ruas_26": "62005", "Suffix_26": "0", "Nm_Ruas_26": "YETTI - SENGGI - MAMBERAMO II (STA 107+300 - 153+970/AKHIR", "Lintas_26": "YETTI - SENGGI - MAMBERAMO", "No_Jbt_26": "62.005.167.0", "Nm_Jbt_26": "AIRU 3", "Status_26": "N", "Fungsi_26": "A", "Lks_Dr_26": "JPR", "Lks_km_26": 144.9, "F_STA_26": "14100", "Cadin_26": "MBR", "Pjg_Jbt_26": 20.0, "Btg_Pjg_26": 19.5, "Jml_Btg_26": "1", "Lb_Jl_Ms26": 6.0, "Lb_Jl_Kl26": 6.0, "Lb_Lalin26": 8.4, "Lb_Bh_Ki26": 0.0, "Lb_Bh_Ka26": 0.0, "Lb_Dr_Ki26": 0.0, "Lb_Dr_Ka26": 0.0, "Lb_Tr_Ki26": 0.0, "Lb_Tr_Ka26": 0.0, "Lb_TS_Ki26": 0.0, "Lb_TS_Ka26": 0.0, "Lb_Med_26": 0.0, "Lbr_Jbt_26": 8.4, "Bgn_Ats_26": "GBP", "Jns_Jbt_26": "STANDAR", "Thn_Bgn_26": "2023", "BA_26": "1", "LNT_26": "1", "BB_26": "1", "DAS_26": "1", "OP_26": "0", "UT_26": "0", "GR_26": "0", "LB_26": "0", "JBT_26": "1", "Tp_Lnts_26": "SUNGAI", "Dt_Lnts_26": "LURUS", "Pnangnn_26": "RUTIN", "Pmriksn_26": "TIDAK DISURVEI TA. 2026", "Pnglola_26": "BBPJN PAPUA-PAPUA PEGUNUNGAN", "Satkr_ID26": "693965", "PPK_Name26": "2.4", "Traffic_26": null, "VCR_26": "0", "AADT_26": "98", "Tipe_Jb_26": null, "Lat_26": -3.670234, "Long_26": 140.204269, "Tgl_Ins_26": "22/03/2024", "Ket_26": null }, "geometry": { "type": "Point", "coordinates": [ 140.204269000414115, -3.670234000298819 ] } },
{ "type": "Feature", "properties": { "KDRUAS_UPD": "62005", "NOJBT_UPD": "62.005.171.0", "NM_RUAS_UP": "YETTI - SENGGI - MAMBERAMO II (STA 107+300 - 153+970/AKHIR", "NM_JBT_UPD": "AIRU 4", "PROVINSI": "PAPUA PEGUNUNGAN (JAYAPURA)", "No_Prov_26": "62", "ID_Jbt_26": "6201832", "Kd_Ruas_26": "62005", "Suffix_26": "0", "Nm_Ruas_26": "YETTI - SENGGI - MAMBERAMO II (STA 107+300 - 153+970/AKHIR", "Lintas_26": "YETTI - SENGGI - MAMBERAMO", "No_Jbt_26": "62.005.171.0", "Nm_Jbt_26": "AIRU 4", "Status_26": "N", "Fungsi_26": "A", "Lks_Dr_26": "JPR", "Lks_km_26": 146.15, "F_STA_26": "14220", "Cadin_26": "MBR", "Pjg_Jbt_26": 25.6, "Btg_Pjg_26": 25.15, "Jml_Btg_26": "1", "Lb_Jl_Ms26": 6.0, "Lb_Jl_Kl26": 6.0, "Lb_Lalin26": 6.1, "Lb_Bh_Ki26": 0.18, "Lb_Bh_Ka26": 0.37, "Lb_Dr_Ki26": 0.22, "Lb_Dr_Ka26": 0.16, "Lb_Tr_Ki26": 0.88, "Lb_Tr_Ka26": 0.89, "Lb_TS_Ki26": 0.3, "Lb_TS_Ka26": 0.34, "Lb_Med_26": 0.0, "Lbr_Jbt_26": 9.44, "Bgn_Ats_26": "GBP", "Jns_Jbt_26": "STANDAR", "Thn_Bgn_26": "2023", "BA_26": "2", "LNT_26": "2", "BB_26": "2", "DAS_26": "2", "OP_26": "0", "UT_26": "0", "GR_26": "0", "LB_26": "0", "JBT_26": "2", "Tp_Lnts_26": "SUNGAI", "Dt_Lnts_26": "LURUS", "Pnangnn_26": "RUTIN", "Pmriksn_26": "DETAIL", "Pnglola_26": "BBPJN PAPUA-PAPUA PEGUNUNGAN", "Satkr_ID26": "693965", "PPK_Name26": "2.4", "Traffic_26": null, "VCR_26": "0", "AADT_26": "98", "Tipe_Jb_26": null, "Lat_26": -3.672505, "Long_26": 140.194946, "Tgl_Ins_26": "30/05/2026", "Ket_26": null }, "geometry": { "type": "Point", "coordinates": [ 140.194946000357731, -3.672504999805824 ] } },
{ "type": "Feature", "properties": { "KDRUAS_UPD": "62005", "NOJBT_UPD": "62.005.172.0", "NM_RUAS_UP": "YETTI - SENGGI - MAMBERAMO II (STA 107+300 - 153+970/AKHIR", "NM_JBT_UPD": "AIRU 5", "PROVINSI": "PAPUA PEGUNUNGAN (JAYAPURA)", "No_Prov_26": "62", "ID_Jbt_26": "6201833", "Kd_Ruas_26": "62005", "Suffix_26": "0", "Nm_Ruas_26": "YETTI - SENGGI - MAMBERAMO II (STA 107+300 - 153+970/AKHIR", "Lintas_26": "YETTI - SENGGI - MAMBERAMO", "No_Jbt_26": "62.005.172.0", "Nm_Jbt_26": "AIRU 5", "Status_26": "N", "Fungsi_26": "A", "Lks_Dr_26": "JPR", "Lks_km_26": 146.69, "F_STA_26": "14280", "Cadin_26": "MBR", "Pjg_Jbt_26": 25.5, "Btg_Pjg_26": 24.5, "Jml_Btg_26": "1", "Lb_Jl_Ms26": 6.0, "Lb_Jl_Kl26": 6.0, "Lb_Lalin26": 4.22, "Lb_Bh_Ki26": 0.0, "Lb_Bh_Ka26": 0.0, "Lb_Dr_Ki26": 0.0, "Lb_Dr_Ka26": 0.0, "Lb_Tr_Ki26": 0.2, "Lb_Tr_Ka26": 0.21, "Lb_TS_Ki26": 0.0, "Lb_TS_Ka26": 0.0, "Lb_Med_26": 0.0, "Lbr_Jbt_26": 4.63, "Bgn_Ats_26": "RBT", "Jns_Jbt_26": "STANDAR", "Thn_Bgn_26": "2022", "BA_26": "2", "LNT_26": "2", "BB_26": "0", "DAS_26": "0", "OP_26": "0", "UT_26": "0", "GR_26": "0", "LB_26": "0", "JBT_26": "2", "Tp_Lnts_26": "SUNGAI", "Dt_Lnts_26": "LURUS", "Pnangnn_26": "RUTIN", "Pmriksn_26": "DETAIL", "Pnglola_26": "BBPJN PAPUA-PAPUA PEGUNUNGAN", "Satkr_ID26": "693965", "PPK_Name26": "2.4", "Traffic_26": null, "VCR_26": "0", "AADT_26": "98", "Tipe_Jb_26": null, "Lat_26": -3.670295, "Long_26": 140.1913, "Tgl_Ins_26": "29/05/2026", "Ket_26": null }, "geometry": { "type": "Point", "coordinates": [ 140.191299000348636, -3.670295000413887 ] } },
{ "type": "Feature", "properties": { "KDRUAS_UPD": "62005", "NOJBT_UPD": "62.005.175.0", "NM_RUAS_UP": "YETTI - SENGGI - MAMBERAMO II (STA 107+300 - 153+970/AKHIR", "NM_JBT_UPD": "AIRU 8", "PROVINSI": "PAPUA PEGUNUNGAN (JAYAPURA)", "No_Prov_26": "62", "ID_Jbt_26": "6201836", "Kd_Ruas_26": "62005", "Suffix_26": "0", "Nm_Ruas_26": "YETTI - SENGGI - MAMBERAMO II (STA 107+300 - 153+970/AKHIR", "Lintas_26": "YETTI - SENGGI - MAMBERAMO", "No_Jbt_26": "62.005.175.0", "Nm_Jbt_26": "AIRU 8", "Status_26": "N", "Fungsi_26": "A", "Lks_Dr_26": "JPR", "Lks_km_26": 148.23, "F_STA_26": "14490", "Cadin_26": "MBR", "Pjg_Jbt_26": 20.0, "Btg_Pjg_26": 19.65, "Jml_Btg_26": "1", "Lb_Jl_Ms26": 6.0, "Lb_Jl_Kl26": 6.0, "Lb_Lalin26": 6.28, "Lb_Bh_Ki26": 0.4, "Lb_Bh_Ka26": 0.4, "Lb_Dr_Ki26": 0.08, "Lb_Dr_Ka26": 0.06, "Lb_Tr_Ki26": 0.87, "Lb_Tr_Ka26": 0.86, "Lb_TS_Ki26": 0.4, "Lb_TS_Ka26": 0.39, "Lb_Med_26": 0.0, "Lbr_Jbt_26": 9.74, "Bgn_Ats_26": "GBP", "Jns_Jbt_26": "STANDAR", "Thn_Bgn_26": "2023", "BA_26": "2", "LNT_26": "2", "BB_26": "2", "DAS_26": "0", "OP_26": "2", "UT_26": "0", "GR_26": "0", "LB_26": "0", "JBT_26": "2", "Tp_Lnts_26": "SUNGAI", "Dt_Lnts_26": "LURUS", "Pnangnn_26": "RUTIN", "Pmriksn_26": "DETAIL", "Pnglola_26": "BBPJN PAPUA-PAPUA PEGUNUNGAN", "Satkr_ID26": "693965", "PPK_Name26": "2.4", "Traffic_26": null, "VCR_26": "0", "AADT_26": "98", "Tipe_Jb_26": null, "Lat_26": -3.665903, "Long_26": 140.176666, "Tgl_Ins_26": "29/05/2026", "Ket_26": null }, "geometry": { "type": "Point", "coordinates": [ 140.176666000035993, -3.665903000223238 ] } },
{ "type": "Feature", "properties": { "KDRUAS_UPD": "62019", "NOJBT_UPD": "62.019.037.0", "NM_RUAS_UP": "YETI - UBRUB - YAMBRA *", "NM_JBT_UPD": "AMBOROSSO I", "PROVINSI": "PAPUA PEGUNUNGAN (JAYAPURA)", "No_Prov_26": "62", "ID_Jbt_26": "6200341", "Kd_Ruas_26": "62019", "Suffix_26": "0", "Nm_Ruas_26": "YETI - UBRUB - YAMBRA *", "Lintas_26": "JALAN LINTAS PERBATASAN", "No_Jbt_26": "62.019.037.0", "Nm_Jbt_26": "AMBOROSSO I", "Status_26": "N", "Fungsi_26": "K", "Lks_Dr_26": "JPR", "Lks_km_26": 22.87, "F_STA_26": "2190", "Cadin_26": "UBR", "Pjg_Jbt_26": 20.0, "Btg_Pjg_26": 20.0, "Jml_Btg_26": "1", "Lb_Jl_Ms26": 5.5, "Lb_Jl_Kl26": 5.5, "Lb_Lalin26": 7.02, "Lb_Bh_Ki26": 0.0, "Lb_Bh_Ka26": 0.0, "Lb_Dr_Ki26": 0.05, "Lb_Dr_Ka26": 0.05, "Lb_Tr_Ki26": 1.01, "Lb_Tr_Ka26": 1.02, "Lb_TS_Ki26": 0.22, "Lb_TS_Ka26": 0.24, "Lb_Med_26": 0.0, "Lbr_Jbt_26": 9.61, "Bgn_Ats_26": "GBP", "Jns_Jbt_26": "STANDAR", "Thn_Bgn_26": "2018", "BA_26": "2", "LNT_26": "2", "BB_26": "1", "DAS_26": "1", "OP_26": "0", "UT_26": "0", "GR_26": "0", "LB_26": "0", "JBT_26": "2", "Tp_Lnts_26": "SUNGAI", "Dt_Lnts_26": "LURUS", "Pnangnn_26": "RUTIN", "Pmriksn_26": "RUTIN", "Pnglola_26": "BBPJN PAPUA-PAPUA PEGUNUNGAN", "Satkr_ID26": "693965", "PPK_Name26": "2.2", "Traffic_26": null, "VCR_26": "0", "AADT_26": "34", "Tipe_Jb_26": null, "Lat_26": -3.455415, "Long_26": 140.9005, "Tgl_Ins_26": "01/06/2025", "Ket_26": null }, "geometry": { "type": "Point", "coordinates": [ 140.900513000274827, -3.455414999902302 ] } },
{ "type": "Feature", "properties": { "KDRUAS_UPD": "62019", "NOJBT_UPD": "62.019.038.0", "NM_RUAS_UP": "YETI - UBRUB - YAMBRA *", "NM_JBT_UPD": "AMBOROSSO II", "PROVINSI": "PAPUA PEGUNUNGAN (JAYAPURA)", "No_Prov_26": "62", "ID_Jbt_26": "6200342", "Kd_Ruas_26": "62019", "Suffix_26": "0", "Nm_Ruas_26": "YETI - UBRUB - YAMBRA *", "Lintas_26": "JALAN LINTAS PERBATASAN", "No_Jbt_26": "62.019.038.0", "Nm_Jbt_26": "AMBOROSSO II", "Status_26": "N", "Fungsi_26": "K", "Lks_Dr_26": "JPR", "Lks_km_26": 23.508, "F_STA_26": "2250", "Cadin_26": "UBR", "Pjg_Jbt_26": 25.0, "Btg_Pjg_26": 25.0, "Jml_Btg_26": "1", "Lb_Jl_Ms26": 5.5, "Lb_Jl_Kl26": 5.5, "Lb_Lalin26": 6.82, "Lb_Bh_Ki26": 0.0, "Lb_Bh_Ka26": 0.0, "Lb_Dr_Ki26": 0.1, "Lb_Dr_Ka26": 0.1, "Lb_Tr_Ki26": 1.32, "Lb_Tr_Ka26": 1.32, "Lb_TS_Ki26": 0.0, "Lb_TS_Ka26": 0.0, "Lb_Med_26": 0.0, "Lbr_Jbt_26": 9.66, "Bgn_Ats_26": "GTP", "Jns_Jbt_26": "STANDAR", "Thn_Bgn_26": "2014", "BA_26": "2", "LNT_26": "2", "BB_26": "2", "DAS_26": "1", "OP_26": "0", "UT_26": "0", "GR_26": "0", "LB_26": "0", "JBT_26": "2", "Tp_Lnts_26": "SUNGAI", "Dt_Lnts_26": "LURUS", "Pnangnn_26": "RUTIN", "Pmriksn_26": "RUTIN", "Pnglola_26": "BBPJN PAPUA-PAPUA PEGUNUNGAN", "Satkr_ID26": "693965", "PPK_Name26": "2.2", "Traffic_26": null, "VCR_26": "0", "AADT_26": "34", "Tipe_Jb_26": null, "Lat_26": -3.458084, "Long_26": 140.8964, "Tgl_Ins_26": "31/05/2025", "Ket_26": null }, "geometry": { "type": "Point", "coordinates": [ 140.896422999621791, -3.458083999776704 ] } },
{ "type": "Feature", "properties": { "KDRUAS_UPD": "62005", "NOJBT_UPD": "62.005.039.0", "NM_RUAS_UP": "YETTI - SENGGI - MAMBERAMO I (STA 0+000 - 107+300)", "NM_JBT_UPD": "ANAK KEEROM", "PROVINSI": "PAPUA PEGUNUNGAN (JAYAPURA)", "No_Prov_26": "62", "ID_Jbt_26": "6200085", "Kd_Ruas_26": "62005", "Suffix_26": "0", "Nm_Ruas_26": "YETTI - SENGGI - MAMBERAMO I (STA 0+000 - 107+300)", "Lintas_26": "JALAN LINTAS TENGAH", "No_Jbt_26": "62.005.039.0", "Nm_Jbt_26": "ANAK KEEROM", "Status_26": "N", "Fungsi_26": "A", "Lks_Dr_26": "JPR", "Lks_km_26": 27.066, "F_STA_26": "2630", "Cadin_26": "MBR", "Pjg_Jbt_26": 30.8, "Btg_Pjg_26": 30.1, "Jml_Btg_26": "1", "Lb_Jl_Ms26": 4.5, "Lb_Jl_Kl26": 4.5, "Lb_Lalin26": 6.9, "Lb_Bh_Ki26": 0.0, "Lb_Bh_Ka26": 0.0, "Lb_Dr_Ki26": 0.05, "Lb_Dr_Ka26": 0.1, "Lb_Tr_Ki26": 0.97, "Lb_Tr_Ka26": 1.0, "Lb_TS_Ki26": 0.27, "Lb_TS_Ka26": 0.25, "Lb_Med_26": 0.0, "Lbr_Jbt_26": 9.54, "Bgn_Ats_26": "GBP", "Jns_Jbt_26": "STANDAR", "Thn_Bgn_26": "2015", "BA_26": "2", "LNT_26": "2", "BB_26": "0", "DAS_26": "0", "OP_26": "2", "UT_26": "0", "GR_26": "0", "LB_26": "0", "JBT_26": "2", "Tp_Lnts_26": "SUNGAI", "Dt_Lnts_26": "LURUS", "Pnangnn_26": "RUTIN", "Pmriksn_26": "DETAIL", "Pnglola_26": "BBPJN PAPUA-PAPUA PEGUNUNGAN", "Satkr_ID26": "693965", "PPK_Name26": "2.3", "Traffic_26": null, "VCR_26": "0", "AADT_26": "98", "Tipe_Jb_26": null, "Lat_26": -3.411129, "Long_26": 140.789856, "Tgl_Ins_26": "26/06/2026", "Ket_26": null }, "geometry": { "type": "Point", "coordinates": [ 140.789856000054442, -3.411129000003314 ] } },
{ "type": "Feature", "properties": { "KDRUAS_UPD": "62005", "NOJBT_UPD": "62.005.188.0", "NM_RUAS_UP": "YETTI - SENGGI - MAMBERAMO II (STA 107+300 - 153+970/AKHIR", "NM_JBT_UPD": "ANDREAS", "PROVINSI": "PAPUA PEGUNUNGAN (JAYAPURA)", "No_Prov_26": "62", "ID_Jbt_26": "6201849", "Kd_Ruas_26": "62005", "Suffix_26": "0", "Nm_Ruas_26": "YETTI - SENGGI - MAMBERAMO II (STA 107+300 - 153+970/AKHIR", "Lintas_26": "YETTI - SENGGI - MAMBERAMO", "No_Jbt_26": "62.005.188.0", "Nm_Jbt_26": "ANDREAS", "Status_26": "N", "Fungsi_26": "A", "Lks_Dr_26": "JPR", "Lks_km_26": 156.84, "F_STA_26": "15260", "Cadin_26": "MBR", "Pjg_Jbt_26": 20.6, "Btg_Pjg_26": 20.0, "Jml_Btg_26": "1", "Lb_Jl_Ms26": 6.0, "Lb_Jl_Kl26": 6.0, "Lb_Lalin26": 8.59, "Lb_Bh_Ki26": 0.0, "Lb_Bh_Ka26": 0.0, "Lb_Dr_Ki26": 0.0, "Lb_Dr_Ka26": 0.0, "Lb_Tr_Ki26": 0.0, "Lb_Tr_Ka26": 0.0, "Lb_TS_Ki26": 0.0, "Lb_TS_Ka26": 0.0, "Lb_Med_26": 0.0, "Lbr_Jbt_26": 8.59, "Bgn_Ats_26": "GBP", "Jns_Jbt_26": "STANDAR", "Thn_Bgn_26": "2023", "BA_26": "1", "LNT_26": "1", "BB_26": "1", "DAS_26": "1", "OP_26": "0", "UT_26": "0", "GR_26": "0", "LB_26": "0", "JBT_26": "1", "Tp_Lnts_26": "SUNGAI", "Dt_Lnts_26": "LURUS", "Pnangnn_26": "RUTIN", "Pmriksn_26": "TIDAK DISURVEI TA. 2026", "Pnglola_26": "BBPJN PAPUA-PAPUA PEGUNUNGAN", "Satkr_ID26": "693965", "PPK_Name26": "2.4", "Traffic_26": null, "VCR_26": "0", "AADT_26": "98", "Tipe_Jb_26": null, "Lat_26": -3.681022, "Long_26": 140.123322, "Tgl_Ins_26": "23/03/2024", "Ket_26": null }, "geometry": { "type": "Point", "coordinates": [ 140.123321999710583, -3.681021999565587 ] } },
{ "type": "Feature", "properties": { "KDRUAS_UPD": "62035", "NOJBT_UPD": "62.035.032.0", "NM_RUAS_UP": "NIMBOTONG - BONGGO", "NM_JBT_UPD": "ANGGA", "PROVINSI": "PAPUA PEGUNUNGAN (JAYAPURA)", "No_Prov_26": "62", "ID_Jbt_26": "6202108", "Kd_Ruas_26": "62035", "Suffix_26": null, "Nm_Ruas_26": "NIMBOTONG - BONGGO", "Lintas_26": "JALAN LINTAS UTARA", "No_Jbt_26": "62.035.032.0", "Nm_Jbt_26": "ANGGA", "Status_26": "N", "Fungsi_26": "K", "Lks_Dr_26": "JPR", "Lks_km_26": 35.988, "F_STA_26": "3220", "Cadin_26": "BGO", "Pjg_Jbt_26": 20.6, "Btg_Pjg_26": 20.0, "Jml_Btg_26": "1", "Lb_Jl_Ms26": 5.25, "Lb_Jl_Kl26": 5.25, "Lb_Lalin26": 7.02, "Lb_Bh_Ki26": 0.0, "Lb_Bh_Ka26": 0.0, "Lb_Dr_Ki26": 0.04, "Lb_Dr_Ka26": 0.04, "Lb_Tr_Ki26": 0.98, "Lb_Tr_Ka26": 1.0, "Lb_TS_Ki26": 0.28, "Lb_TS_Ka26": 0.27, "Lb_Med_26": 0.0, "Lbr_Jbt_26": 9.63, "Bgn_Ats_26": "GTP", "Jns_Jbt_26": "STANDAR", "Thn_Bgn_26": "2014", "BA_26": "2", "LNT_26": "2", "BB_26": "0", "DAS_26": "1", "OP_26": "0", "UT_26": "0", "GR_26": "0", "LB_26": "0", "JBT_26": "2", "Tp_Lnts_26": "SUNGAI", "Dt_Lnts_26": "LURUS", "Pnangnn_26": "RUTIN", "Pmriksn_26": "DETAIL", "Pnglola_26": "BBPJN PAPUA-PAPUA PEGUNUNGAN", "Satkr_ID26": "693940", "PPK_Name26": "1.2", "Traffic_26": null, "VCR_26": "0", "AADT_26": "205", "Tipe_Jb_26": null, "Lat_26": -2.521727, "Long_26": 139.917114, "Tgl_Ins_26": "16/05/2026", "Ket_26": null }, "geometry": { "type": "Point", "coordinates": [ 139.917113999811363, -2.521727000400688 ] } },
{ "type": "Feature", "properties": { "KDRUAS_UPD": "62005", "NOJBT_UPD": "62.005.141.0", "NM_RUAS_UP": "YETTI - SENGGI - MAMBERAMO II (STA 107+300 - 153+970/AKHIR", "NM_JBT_UPD": "APIARO", "PROVINSI": "PAPUA PEGUNUNGAN (JAYAPURA)", "No_Prov_26": "62", "ID_Jbt_26": "6200898", "Kd_Ruas_26": "62005", "Suffix_26": "0", "Nm_Ruas_26": "YETTI - SENGGI - MAMBERAMO II (STA 107+300 - 153+970/AKHIR", "Lintas_26": "YETTI - SENGGI - MAMBERAMO", "No_Jbt_26": "62.005.141.0", "Nm_Jbt_26": "APIARO", "Status_26": "N", "Fungsi_26": "A", "Lks_Dr_26": "JPR", "Lks_km_26": 131.82, "F_STA_26": "12800", "Cadin_26": "MBR", "Pjg_Jbt_26": 56.0, "Btg_Pjg_26": 55.0, "Jml_Btg_26": "1", "Lb_Jl_Ms26": 6.0, "Lb_Jl_Kl26": 6.0, "Lb_Lalin26": 5.38, "Lb_Bh_Ki26": 0.26, "Lb_Bh_Ka26": 0.26, "Lb_Dr_Ki26": 0.06, "Lb_Dr_Ka26": 0.08, "Lb_Tr_Ki26": 0.5, "Lb_Tr_Ka26": 0.49, "Lb_TS_Ki26": 0.0, "Lb_TS_Ka26": 0.0, "Lb_Med_26": 0.0, "Lbr_Jbt_26": 7.03, "Bgn_Ats_26": "RBR", "Jns_Jbt_26": "STANDAR", "Thn_Bgn_26": "2014", "BA_26": "2", "LNT_26": "2", "BB_26": "2", "DAS_26": "2", "OP_26": "0", "UT_26": "0", "GR_26": "0", "LB_26": "0", "JBT_26": "2", "Tp_Lnts_26": "SUNGAI", "Dt_Lnts_26": "LURUS", "Pnangnn_26": "RUTIN", "Pmriksn_26": "DETAIL", "Pnglola_26": "BBPJN PAPUA-PAPUA PEGUNUNGAN", "Satkr_ID26": "693965", "PPK_Name26": "2.4", "Traffic_26": null, "VCR_26": "0", "AADT_26": "98", "Tipe_Jb_26": null, "Lat_26": -3.677051, "Long_26": 140.285065, "Tgl_Ins_26": "30/05/2026", "Ket_26": null }, "geometry": { "type": "Point", "coordinates": [ 140.285065000449436, -3.677050999903656 ] } },
{ "type": "Feature", "properties": { "KDRUAS_UPD": "62005", "NOJBT_UPD": "62.005.143.0", "NM_RUAS_UP": "YETTI - SENGGI - MAMBERAMO II (STA 107+300 - 153+970/AKHIR", "NM_JBT_UPD": "APIARO CS 1", "PROVINSI": "PAPUA PEGUNUNGAN (JAYAPURA)", "No_Prov_26": "62", "ID_Jbt_26": "6200900", "Kd_Ruas_26": "62005", "Suffix_26": "0", "Nm_Ruas_26": "YETTI - SENGGI - MAMBERAMO II (STA 107+300 - 153+970/AKHIR", "Lintas_26": "YETTI - SENGGI - MAMBERAMO", "No_Jbt_26": "62.005.143.0", "Nm_Jbt_26": "APIARO CS 1", "Status_26": "N", "Fungsi_26": "A", "Lks_Dr_26": "JPR", "Lks_km_26": 133.2, "F_STA_26": "12940", "Cadin_26": "MBR", "Pjg_Jbt_26": 25.1, "Btg_Pjg_26": 24.6, "Jml_Btg_26": "1", "Lb_Jl_Ms26": 6.0, "Lb_Jl_Kl26": 6.0, "Lb_Lalin26": 6.43, "Lb_Bh_Ki26": 0.29, "Lb_Bh_Ka26": 0.15, "Lb_Dr_Ki26": 0.05, "Lb_Dr_Ka26": 0.23, "Lb_Tr_Ki26": 0.86, "Lb_Tr_Ka26": 0.82, "Lb_TS_Ki26": 0.34, "Lb_TS_Ka26": 0.34, "Lb_Med_26": 0.0, "Lbr_Jbt_26": 9.51, "Bgn_Ats_26": "GBP", "Jns_Jbt_26": "STANDAR", "Thn_Bgn_26": "2023", "BA_26": "2", "LNT_26": "2", "BB_26": "2", "DAS_26": "0", "OP_26": "0", "UT_26": "0", "GR_26": "0", "LB_26": "0", "JBT_26": "2", "Tp_Lnts_26": "SUNGAI", "Dt_Lnts_26": "LURUS", "Pnangnn_26": "RUTIN", "Pmriksn_26": "DETAIL", "Pnglola_26": "BBPJN PAPUA-PAPUA PEGUNUNGAN", "Satkr_ID26": "693965", "PPK_Name26": "2.4", "Traffic_26": null, "VCR_26": "0", "AADT_26": "98", "Tipe_Jb_26": null, "Lat_26": -3.666555, "Long_26": 140.281799, "Tgl_Ins_26": "30/05/2026", "Ket_26": null }, "geometry": { "type": "Point", "coordinates": [ 140.281799000023852, -3.666554999713412 ] } },
{ "type": "Feature", "properties": { "KDRUAS_UPD": "62005", "NOJBT_UPD": "62.005.101.0", "NM_RUAS_UP": "YETTI - SENGGI - MAMBERAMO I (STA 0+000 - 107+300)", "NM_JBT_UPD": "APLE", "PROVINSI": "PAPUA PEGUNUNGAN (JAYAPURA)", "No_Prov_26": "62", "ID_Jbt_26": "6202106", "Kd_Ruas_26": "62005", "Suffix_26": "0", "Nm_Ruas_26": "YETTI - SENGGI - MAMBERAMO I (STA 0+000 - 107+300)", "Lintas_26": "YETTI - SENGGI - MAMBERAMO", "No_Jbt_26": "62.005.101.0", "Nm_Jbt_26": "APLE", "Status_26": "N", "Fungsi_26": "A", "Lks_Dr_26": "JPR", "Lks_km_26": 93.859, "F_STA_26": "9160", "Cadin_26": "MBR", "Pjg_Jbt_26": 17.7, "Btg_Pjg_26": 15.2, "Jml_Btg_26": "1", "Lb_Jl_Ms26": 6.0, "Lb_Jl_Kl26": 6.0, "Lb_Lalin26": 3.9, "Lb_Bh_Ki26": 0.0, "Lb_Bh_Ka26": 0.0, "Lb_Dr_Ki26": 0.0, "Lb_Dr_Ka26": 0.0, "Lb_Tr_Ki26": 0.0, "Lb_Tr_Ka26": 0.0, "Lb_TS_Ki26": 0.0, "Lb_TS_Ka26": 0.0, "Lb_Med_26": 0.0, "Lbr_Jbt_26": 3.9, "Bgn_Ats_26": "GKW", "Jns_Jbt_26": "STANDAR", "Thn_Bgn_26": "2002", "BA_26": "4", "LNT_26": "3", "BB_26": "0", "DAS_26": "2", "OP_26": "2", "UT_26": "0", "GR_26": "0", "LB_26": "0", "JBT_26": "4", "Tp_Lnts_26": "SUNGAI", "Dt_Lnts_26": "LURUS", "Pnangnn_26": "MYC JEMBATAN BARU (PENGGANTIAN)", "Pmriksn_26": "DETAIL", "Pnglola_26": "BBPJN PAPUA-PAPUA PEGUNUNGAN", "Satkr_ID26": "693965", "PPK_Name26": "2.3", "Traffic_26": null, "VCR_26": "0", "AADT_26": "98", "Tipe_Jb_26": null, "Lat_26": -3.707179, "Long_26": 140.455658, "Tgl_Ins_26": "31/05/2026", "Ket_26": null }, "geometry": { "type": "Point", "coordinates": [ 140.455658000116728, -3.707178999810935 ] } },
{ "type": "Feature", "properties": { "KDRUAS_UPD": "62037", "NOJBT_UPD": "62.037.052.0", "NM_RUAS_UP": "SARMI - ARBAIS", "NM_JBT_UPD": "ARBAIS", "PROVINSI": "PAPUA PEGUNUNGAN (JAYAPURA)", "No_Prov_26": "62", "ID_Jbt_26": "6201693", "Kd_Ruas_26": "62037", "Suffix_26": null, "Nm_Ruas_26": "SARMI - ARBAIS", "Lintas_26": "NON LINTAS", "No_Jbt_26": "62.037.052.0", "Nm_Jbt_26": "ARBAIS", "Status_26": "N", "Fungsi_26": "K", "Lks_Dr_26": "SRM", "Lks_km_26": 55.906, "F_STA_26": "4420", "Cadin_26": "ARB", "Pjg_Jbt_26": 24.3, "Btg_Pjg_26": 24.0, "Jml_Btg_26": "1", "Lb_Jl_Ms26": 7.0, "Lb_Jl_Kl26": 7.0, "Lb_Lalin26": 4.2, "Lb_Bh_Ki26": 0.0, "Lb_Bh_Ka26": 0.0, "Lb_Dr_Ki26": 0.0, "Lb_Dr_Ka26": 0.0, "Lb_Tr_Ki26": 0.0, "Lb_Tr_Ka26": 0.0, "Lb_TS_Ki26": 0.0, "Lb_TS_Ka26": 0.0, "Lb_Med_26": 0.0, "Lbr_Jbt_26": 4.2, "Bgn_Ats_26": "RBW", "Jns_Jbt_26": "STANDAR", "Thn_Bgn_26": "2023", "BA_26": "2", "LNT_26": "0", "BB_26": "2", "DAS_26": "1", "OP_26": "0", "UT_26": "0", "GR_26": "0", "LB_26": "0", "JBT_26": "2", "Tp_Lnts_26": "SUNGAI", "Dt_Lnts_26": "LURUS", "Pnangnn_26": "MYC JALAN (RUTIN)", "Pmriksn_26": "TIDAK DISURVEI TA. 2026", "Pnglola_26": "BBPJN PAPUA-PAPUA PEGUNUNGAN", "Satkr_ID26": "693940", "PPK_Name26": "1.3", "Traffic_26": null, "VCR_26": "0", "AADT_26": "690", "Tipe_Jb_26": null, "Lat_26": -1.749528, "Long_26": 138.473099, "Tgl_Ins_26": "14/06/2025", "Ket_26": null }, "geometry": { "type": "Point", "coordinates": [ 138.473098999918989, -1.749527999817303 ] } },
{ "type": "Feature", "properties": { "KDRUAS_UPD": "62036", "NOJBT_UPD": "62.036.046.0", "NM_RUAS_UP": "BONGGO - BETAF - SARMI", "NM_JBT_UPD": "ARERE", "PROVINSI": "PAPUA PEGUNUNGAN (JAYAPURA)", "No_Prov_26": "62", "ID_Jbt_26": "6200764", "Kd_Ruas_26": "62036", "Suffix_26": null, "Nm_Ruas_26": "BONGGO - BETAF - SARMI", "Lintas_26": "JALAN LINTAS UTARA", "No_Jbt_26": "62.036.046.0", "Nm_Jbt_26": "ARERE", "Status_26": "N", "Fungsi_26": "K", "Lks_Dr_26": "JPR", "Lks_km_26": 50.902, "F_STA_26": "5030", "Cadin_26": "SRM", "Pjg_Jbt_26": 10.6, "Btg_Pjg_26": 3.0, "Jml_Btg_26": "3", "Lb_Jl_Ms26": 5.1, "Lb_Jl_Kl26": 5.1, "Lb_Lalin26": 6.05, "Lb_Bh_Ki26": 1.92, "Lb_Bh_Ka26": 2.2, "Lb_Dr_Ki26": 0.0, "Lb_Dr_Ka26": 0.0, "Lb_Tr_Ki26": 0.0, "Lb_Tr_Ka26": 0.0, "Lb_TS_Ki26": 0.0, "Lb_TS_Ka26": 0.0, "Lb_Med_26": 0.0, "Lbr_Jbt_26": 10.17, "Bgn_Ats_26": "BTP", "Jns_Jbt_26": "STANDAR", "Thn_Bgn_26": "2022", "BA_26": "0", "LNT_26": "0", "BB_26": "0", "DAS_26": "1", "OP_26": "0", "UT_26": "1", "GR_26": "0", "LB_26": "0", "JBT_26": "1", "Tp_Lnts_26": "SUNGAI", "Dt_Lnts_26": "LURUS", "Pnangnn_26": "RUTIN", "Pmriksn_26": "TIDAK DISURVEI TA. 2026", "Pnglola_26": "BBPJN PAPUA-PAPUA PEGUNUNGAN", "Satkr_ID26": "693940", "PPK_Name26": "1.3", "Traffic_26": null, "VCR_26": "0", "AADT_26": "791", "Tipe_Jb_26": null, "Lat_26": -2.096934, "Long_26": 139.2265, "Tgl_Ins_26": "28/03/2024", "Ket_26": null }, "geometry": { "type": "Point", "coordinates": [ 139.226471000136598, -2.096934000004069 ] } },
{ "type": "Feature", "properties": { "KDRUAS_UPD": "62036", "NOJBT_UPD": "62.036.047.0", "NM_RUAS_UP": "BONGGO - BETAF - SARMI", "NM_JBT_UPD": "ARERE I", "PROVINSI": "PAPUA PEGUNUNGAN (JAYAPURA)", "No_Prov_26": "62", "ID_Jbt_26": "6200765", "Kd_Ruas_26": "62036", "Suffix_26": null, "Nm_Ruas_26": "BONGGO - BETAF - SARMI", "Lintas_26": "JALAN LINTAS UTARA", "No_Jbt_26": "62.036.047.0", "Nm_Jbt_26": "ARERE I", "Status_26": "N", "Fungsi_26": "K", "Lks_Dr_26": "JPR", "Lks_km_26": 52.177, "F_STA_26": "5150", "Cadin_26": "SRM", "Pjg_Jbt_26": 8.7, "Btg_Pjg_26": 8.0, "Jml_Btg_26": "1", "Lb_Jl_Ms26": 4.55, "Lb_Jl_Kl26": 4.55, "Lb_Lalin26": 3.87, "Lb_Bh_Ki26": 0.0, "Lb_Bh_Ka26": 0.0, "Lb_Dr_Ki26": 0.0, "Lb_Dr_Ka26": 0.0, "Lb_Tr_Ki26": 0.0, "Lb_Tr_Ka26": 0.0, "Lb_TS_Ki26": 0.0, "Lb_TS_Ka26": 0.0, "Lb_Med_26": 0.0, "Lbr_Jbt_26": 3.87, "Bgn_Ats_26": "GKW", "Jns_Jbt_26": "STANDAR", "Thn_Bgn_26": "2005", "BA_26": "4", "LNT_26": "3", "BB_26": "3", "DAS_26": "1", "OP_26": "0", "UT_26": "0", "GR_26": "0", "LB_26": "0", "JBT_26": "4", "Tp_Lnts_26": "SUNGAI", "Dt_Lnts_26": "LURUS", "Pnangnn_26": "REHABILITASI", "Pmriksn_26": "DETAIL", "Pnglola_26": "BBPJN PAPUA-PAPUA PEGUNUNGAN", "Satkr_ID26": "693940", "PPK_Name26": "1.3", "Traffic_26": null, "VCR_26": "0", "AADT_26": "791", "Tipe_Jb_26": null, "Lat_26": -2.090949, "Long_26": 139.217514, "Tgl_Ins_26": "03/06/2026", "Ket_26": null }, "geometry": { "type": "Point", "coordinates": [ 139.217513999871244, -2.090949000096202 ] } },
{ "type": "Feature", "properties": { "KDRUAS_UPD": "62036", "NOJBT_UPD": "62.036.050.0", "NM_RUAS_UP": "BONGGO - BETAF - SARMI", "NM_JBT_UPD": "ARERE II", "PROVINSI": "PAPUA PEGUNUNGAN (JAYAPURA)", "No_Prov_26": "62", "ID_Jbt_26": "6201057", "Kd_Ruas_26": "62036", "Suffix_26": null, "Nm_Ruas_26": "BONGGO - BETAF - SARMI", "Lintas_26": "JALAN LINTAS UTARA", "No_Jbt_26": "62.036.050.0", "Nm_Jbt_26": "ARERE II", "Status_26": "N", "Fungsi_26": "K", "Lks_Dr_26": "JPR", "Lks_km_26": 57.302, "F_STA_26": "5630", "Cadin_26": "SRM", "Pjg_Jbt_26": 40.5, "Btg_Pjg_26": 40.0, "Jml_Btg_26": "1", "Lb_Jl_Ms26": 5.0, "Lb_Jl_Kl26": 5.0, "Lb_Lalin26": 5.95, "Lb_Bh_Ki26": 0.0, "Lb_Bh_Ka26": 0.0, "Lb_Dr_Ki26": 0.05, "Lb_Dr_Ka26": 0.05, "Lb_Tr_Ki26": 0.5, "Lb_Tr_Ka26": 0.5, "Lb_TS_Ki26": 0.0, "Lb_TS_Ka26": 0.0, "Lb_Med_26": 0.0, "Lbr_Jbt_26": 7.05, "Bgn_Ats_26": "RBR", "Jns_Jbt_26": "STANDAR", "Thn_Bgn_26": "2014", "BA_26": "2", "LNT_26": "2", "BB_26": "1", "DAS_26": "1", "OP_26": "0", "UT_26": "0", "GR_26": "0", "LB_26": "0", "JBT_26": "2", "Tp_Lnts_26": "SUNGAI", "Dt_Lnts_26": "LURUS", "Pnangnn_26": "RUTIN", "Pmriksn_26": "TIDAK DISURVEI TA. 2026", "Pnglola_26": "BBPJN PAPUA-PAPUA PEGUNUNGAN", "Satkr_ID26": "693940", "PPK_Name26": "1.3", "Traffic_26": null, "VCR_26": "0", "AADT_26": "791", "Tipe_Jb_26": null, "Lat_26": -2.07439, "Long_26": 139.179001, "Tgl_Ins_26": "15/06/2025", "Ket_26": null }, "geometry": { "type": "Point", "coordinates": [ 139.179000999996219, -2.074389999998459 ] } },
{ "type": "Feature", "properties": { "KDRUAS_UPD": "62036", "NOJBT_UPD": "62.036.052.0", "NM_RUAS_UP": "BONGGO - BETAF - SARMI", "NM_JBT_UPD": "ARERE III", "PROVINSI": "PAPUA PEGUNUNGAN (JAYAPURA)", "No_Prov_26": "62", "ID_Jbt_26": "6201059", "Kd_Ruas_26": "62036", "Suffix_26": null, "Nm_Ruas_26": "BONGGO - BETAF - SARMI", "Lintas_26": "JALAN LINTAS UTARA", "No_Jbt_26": "62.036.052.0", "Nm_Jbt_26": "ARERE III", "Status_26": "N", "Fungsi_26": "K", "Lks_Dr_26": "JPR", "Lks_km_26": 60.603, "F_STA_26": "5720", "Cadin_26": "SRM", "Pjg_Jbt_26": 10.3, "Btg_Pjg_26": 3.0, "Jml_Btg_26": "3", "Lb_Jl_Ms26": 4.8, "Lb_Jl_Kl26": 4.8, "Lb_Lalin26": 5.6, "Lb_Bh_Ki26": 0.9, "Lb_Bh_Ka26": 2.7, "Lb_Dr_Ki26": 0.08, "Lb_Dr_Ka26": 0.08, "Lb_Tr_Ki26": 0.0, "Lb_Tr_Ka26": 0.0, "Lb_TS_Ki26": 0.0, "Lb_TS_Ka26": 0.0, "Lb_Med_26": 0.0, "Lbr_Jbt_26": 9.36, "Bgn_Ats_26": "BTP", "Jns_Jbt_26": "STANDAR", "Thn_Bgn_26": "2007", "BA_26": "2", "LNT_26": "2", "BB_26": "0", "DAS_26": "1", "OP_26": "0", "UT_26": "0", "GR_26": "2", "LB_26": "0", "JBT_26": "2", "Tp_Lnts_26": "SUNGAI", "Dt_Lnts_26": "LURUS", "Pnangnn_26": "RUTIN", "Pmriksn_26": "TIDAK DISURVEI TA. 2026", "Pnglola_26": "BBPJN PAPUA-PAPUA PEGUNUNGAN", "Satkr_ID26": "693940", "PPK_Name26": "1.3", "Traffic_26": null, "VCR_26": "0", "AADT_26": "791", "Tipe_Jb_26": null, "Lat_26": -2.069664, "Long_26": 139.175476, "Tgl_Ins_26": "15/06/2025", "Ket_26": null }, "geometry": { "type": "Point", "coordinates": [ 139.175476000217259, -2.069663999693773 ] } },
{ "type": "Feature", "properties": { "KDRUAS_UPD": "62036", "NOJBT_UPD": "62.036.053.0", "NM_RUAS_UP": "BONGGO - BETAF - SARMI", "NM_JBT_UPD": "ARERE IV", "PROVINSI": "PAPUA PEGUNUNGAN (JAYAPURA)", "No_Prov_26": "62", "ID_Jbt_26": "6201060", "Kd_Ruas_26": "62036", "Suffix_26": null, "Nm_Ruas_26": "BONGGO - BETAF - SARMI", "Lintas_26": "JALAN LINTAS UTARA", "No_Jbt_26": "62.036.053.0", "Nm_Jbt_26": "ARERE IV", "Status_26": "N", "Fungsi_26": "K", "Lks_Dr_26": "JPR", "Lks_km_26": 62.785, "F_STA_26": "5940", "Cadin_26": "SRM", "Pjg_Jbt_26": 16.0, "Btg_Pjg_26": 15.0, "Jml_Btg_26": "1", "Lb_Jl_Ms26": 4.9, "Lb_Jl_Kl26": 4.9, "Lb_Lalin26": 5.95, "Lb_Bh_Ki26": 0.32, "Lb_Bh_Ka26": 0.76, "Lb_Dr_Ki26": 0.03, "Lb_Dr_Ka26": 0.03, "Lb_Tr_Ki26": 0.76, "Lb_Tr_Ka26": 0.87, "Lb_TS_Ki26": 0.0, "Lb_TS_Ka26": 0.0, "Lb_Med_26": 0.0, "Lbr_Jbt_26": 8.72, "Bgn_Ats_26": "GTP", "Jns_Jbt_26": "STANDAR", "Thn_Bgn_26": "2015", "BA_26": "2", "LNT_26": "0", "BB_26": "0", "DAS_26": "1", "OP_26": "0", "UT_26": "0", "GR_26": "0", "LB_26": "0", "JBT_26": "2", "Tp_Lnts_26": "SUNGAI", "Dt_Lnts_26": "LURUS", "Pnangnn_26": "RUTIN", "Pmriksn_26": "DETAIL", "Pnglola_26": "BBPJN PAPUA-PAPUA PEGUNUNGAN", "Satkr_ID26": "693940", "PPK_Name26": "1.3", "Traffic_26": null, "VCR_26": "0", "AADT_26": "791", "Tipe_Jb_26": null, "Lat_26": -2.06008, "Long_26": 139.159027, "Tgl_Ins_26": "03/06/2026", "Ket_26": null }, "geometry": { "type": "Point", "coordinates": [ 139.159026999796311, -2.060080000191817 ] } },
{ "type": "Feature", "properties": { "KDRUAS_UPD": "62037", "NOJBT_UPD": "62.037.046.0", "NM_RUAS_UP": "SARMI - ARBAIS", "NM_JBT_UPD": "ARUSWAR I", "PROVINSI": "PAPUA PEGUNUNGAN (JAYAPURA)", "No_Prov_26": "62", "ID_Jbt_26": "6201687", "Kd_Ruas_26": "62037", "Suffix_26": null, "Nm_Ruas_26": "SARMI - ARBAIS", "Lintas_26": "NON LINTAS", "No_Jbt_26": "62.037.046.0", "Nm_Jbt_26": "ARUSWAR I", "Status_26": "N", "Fungsi_26": "K", "Lks_Dr_26": "SRM", "Lks_km_26": 40.284, "F_STA_26": "3510", "Cadin_26": "ARB", "Pjg_Jbt_26": 21.5, "Btg_Pjg_26": 21.0, "Jml_Btg_26": "1", "Lb_Jl_Ms26": 7.0, "Lb_Jl_Kl26": 7.0, "Lb_Lalin26": 2.1, "Lb_Bh_Ki26": 0.85, "Lb_Bh_Ka26": 0.8, "Lb_Dr_Ki26": 0.0, "Lb_Dr_Ka26": 0.0, "Lb_Tr_Ki26": 0.19, "Lb_Tr_Ka26": 0.19, "Lb_TS_Ki26": 0.0, "Lb_TS_Ka26": 0.0, "Lb_Med_26": 0.0, "Lbr_Jbt_26": 4.13, "Bgn_Ats_26": "RBW", "Jns_Jbt_26": "STANDAR", "Thn_Bgn_26": "2014", "BA_26": "3", "LNT_26": "3", "BB_26": "3", "DAS_26": "1", "OP_26": "0", "UT_26": "0", "GR_26": "0", "LB_26": "0", "JBT_26": "3", "Tp_Lnts_26": "SUNGAI", "Dt_Lnts_26": "LURUS", "Pnangnn_26": "MYC JALAN (RUTIN)", "Pmriksn_26": "DETAIL", "Pnglola_26": "BBPJN PAPUA-PAPUA PEGUNUNGAN", "Satkr_ID26": "693940", "PPK_Name26": "1.3", "Traffic_26": null, "VCR_26": "0", "AADT_26": "690", "Tipe_Jb_26": null, "Lat_26": -1.768045, "Long_26": 138.545319, "Tgl_Ins_26": "24/06/2026", "Ket_26": null }, "geometry": { "type": "Point", "coordinates": [ 138.54531900017173, -1.768045000276516 ] } },
{ "type": "Feature", "properties": { "KDRUAS_UPD": "62037", "NOJBT_UPD": "62.037.047.0", "NM_RUAS_UP": "SARMI - ARBAIS", "NM_JBT_UPD": "ARUSWAR II", "PROVINSI": "PAPUA PEGUNUNGAN (JAYAPURA)", "No_Prov_26": "62", "ID_Jbt_26": "6201688", "Kd_Ruas_26": "62037", "Suffix_26": null, "Nm_Ruas_26": "SARMI - ARBAIS", "Lintas_26": "NON LINTAS", "No_Jbt_26": "62.037.047.0", "Nm_Jbt_26": "ARUSWAR II", "Status_26": "N", "Fungsi_26": "K", "Lks_Dr_26": "SRM", "Lks_km_26": 42.226, "F_STA_26": "3670", "Cadin_26": "ARB", "Pjg_Jbt_26": 18.7, "Btg_Pjg_26": 18.0, "Jml_Btg_26": "1", "Lb_Jl_Ms26": 7.0, "Lb_Jl_Kl26": 7.0, "Lb_Lalin26": 3.52, "Lb_Bh_Ki26": 0.0, "Lb_Bh_Ka26": 0.0, "Lb_Dr_Ki26": 0.0, "Lb_Dr_Ka26": 0.0, "Lb_Tr_Ki26": 0.0, "Lb_Tr_Ka26": 0.0, "Lb_TS_Ki26": 0.0, "Lb_TS_Ka26": 0.0, "Lb_Med_26": 0.0, "Lbr_Jbt_26": 3.52, "Bgn_Ats_26": "RBW", "Jns_Jbt_26": "STANDAR", "Thn_Bgn_26": "2014", "BA_26": "3", "LNT_26": "3", "BB_26": "4", "DAS_26": "1", "OP_26": "2", "UT_26": "0", "GR_26": "0", "LB_26": "0", "JBT_26": "4", "Tp_Lnts_26": "SUNGAI", "Dt_Lnts_26": "LURUS", "Pnangnn_26": "MYC JALAN (RUTIN)", "Pmriksn_26": "DETAIL", "Pnglola_26": "BBPJN PAPUA-PAPUA PEGUNUNGAN", "Satkr_ID26": "693940", "PPK_Name26": "1.3", "Traffic_26": null, "VCR_26": "0", "AADT_26": "690", "Tipe_Jb_26": null, "Lat_26": -1.762859, "Long_26": 138.533508, "Tgl_Ins_26": "22/05/2026", "Ket_26": null }, "geometry": { "type": "Point", "coordinates": [ 138.533507999594576, -1.76285900034253 ] } },
{ "type": "Feature", "properties": { "KDRUAS_UPD": "62019", "NOJBT_UPD": "62.019.002.0", "NM_RUAS_UP": "YETI - UBRUB - YAMBRA *", "NM_JBT_UPD": "ASBIN CS", "PROVINSI": "PAPUA PEGUNUNGAN (JAYAPURA)", "No_Prov_26": "62", "ID_Jbt_26": "6200307", "Kd_Ruas_26": "62019", "Suffix_26": "0", "Nm_Ruas_26": "YETI - UBRUB - YAMBRA *", "Lintas_26": "JALAN LINTAS PERBATASAN", "No_Jbt_26": "62.019.002.0", "Nm_Jbt_26": "ASBIN CS", "Status_26": "N", "Fungsi_26": "K", "Lks_Dr_26": "JPR", "Lks_km_26": 1.843, "F_STA_26": "160", "Cadin_26": "UBR", "Pjg_Jbt_26": 30.7, "Btg_Pjg_26": 30.0, "Jml_Btg_26": "1", "Lb_Jl_Ms26": 5.5, "Lb_Jl_Kl26": 5.5, "Lb_Lalin26": 7.3, "Lb_Bh_Ki26": 0.0, "Lb_Bh_Ka26": 0.0, "Lb_Dr_Ki26": 0.0, "Lb_Dr_Ka26": 0.0, "Lb_Tr_Ki26": 0.7, "Lb_Tr_Ka26": 0.66, "Lb_TS_Ki26": 0.27, "Lb_TS_Ka26": 0.3, "Lb_Med_26": 0.0, "Lbr_Jbt_26": 9.23, "Bgn_Ats_26": "GBP", "Jns_Jbt_26": "STANDAR", "Thn_Bgn_26": "2014", "BA_26": "2", "LNT_26": "2", "BB_26": "2", "DAS_26": "2", "OP_26": "0", "UT_26": "0", "GR_26": "0", "LB_26": "0", "JBT_26": "2", "Tp_Lnts_26": "SUNGAI", "Dt_Lnts_26": "LURUS", "Pnangnn_26": "RUTIN", "Pmriksn_26": "DETAIL", "Pnglola_26": "BBPJN PAPUA-PAPUA PEGUNUNGAN", "Satkr_ID26": "693965", "PPK_Name26": "2.2", "Traffic_26": null, "VCR_26": "0", "AADT_26": "34", "Tipe_Jb_26": null, "Lat_26": -3.30663, "Long_26": 140.9399, "Tgl_Ins_26": "02/06/2026", "Ket_26": null }, "geometry": { "type": "Point", "coordinates": [ 140.9399260002848, -3.306629999574795 ] } },
{ "type": "Feature", "properties": { "KDRUAS_UPD": "62056", "NOJBT_UPD": "62.056.018.0", "NM_RUAS_UP": "BTS. KOTA SERUI - MENAWI", "NM_JBT_UPD": "ATIRI", "PROVINSI": "PAPUA PEGUNUNGAN (JAYAPURA)", "No_Prov_26": "62", "ID_Jbt_26": "6200737", "Kd_Ruas_26": "62056", "Suffix_26": null, "Nm_Ruas_26": "BTS. KOTA SERUI - MENAWI", "Lintas_26": "NON LINTAS", "No_Jbt_26": "62.056.018.0", "Nm_Jbt_26": "ATIRI", "Status_26": "N", "Fungsi_26": "K", "Lks_Dr_26": "SER", "Lks_km_26": 2.798, "F_STA_26": "240", "Cadin_26": "SER", "Pjg_Jbt_26": 7.05, "Btg_Pjg_26": 3.0, "Jml_Btg_26": "2", "Lb_Jl_Ms26": 6.55, "Lb_Jl_Kl26": 6.55, "Lb_Lalin26": 6.7, "Lb_Bh_Ki26": 0.73, "Lb_Bh_Ka26": 0.75, "Lb_Dr_Ki26": 0.0, "Lb_Dr_Ka26": 0.0, "Lb_Tr_Ki26": 0.0, "Lb_Tr_Ka26": 0.0, "Lb_TS_Ki26": 0.0, "Lb_TS_Ka26": 0.0, "Lb_Med_26": 0.0, "Lbr_Jbt_26": 8.18, "Bgn_Ats_26": "BTP", "Jns_Jbt_26": "STANDAR", "Thn_Bgn_26": "2021", "BA_26": "0", "LNT_26": "0", "BB_26": "0", "DAS_26": "0", "OP_26": "0", "UT_26": "1", "GR_26": "0", "LB_26": "0", "JBT_26": "1", "Tp_Lnts_26": "SUNGAI", "Dt_Lnts_26": "LURUS", "Pnangnn_26": "RUTIN", "Pmriksn_26": "TIDAK DISURVEI TA. 2026", "Pnglola_26": "BBPJN PAPUA-PAPUA PEGUNUNGAN", "Satkr_ID26": "693941", "PPK_Name26": null, "Traffic_26": null, "VCR_26": "0", "AADT_26": "254", "Tipe_Jb_26": null, "Lat_26": -1.860884, "Long_26": 136.303, "Tgl_Ins_26": "19/05/2023", "Ket_26": null }, "geometry": { "type": "Point", "coordinates": [ 136.302993999773321, -1.860883999896657 ] } },
{ "type": "Feature", "properties": { "KDRUAS_UPD": "62037", "NOJBT_UPD": "62.037.001.0", "NM_RUAS_UP": "SARMI - ARBAIS", "NM_JBT_UPD": "BANDARA 1", "PROVINSI": "PAPUA PEGUNUNGAN (JAYAPURA)", "No_Prov_26": "62", "ID_Jbt_26": "6200588", "Kd_Ruas_26": "62037", "Suffix_26": null, "Nm_Ruas_26": "SARMI - ARBAIS", "Lintas_26": "NON LINTAS", "No_Jbt_26": "62.037.001.0", "Nm_Jbt_26": "BANDARA 1", "Status_26": "N", "Fungsi_26": "K", "Lks_Dr_26": "SRM", "Lks_km_26": 0.114, "F_STA_26": "30", "Cadin_26": "ARB", "Pjg_Jbt_26": 7.0, "Btg_Pjg_26": 3.0, "Jml_Btg_26": "2", "Lb_Jl_Ms26": 7.0, "Lb_Jl_Kl26": 7.0, "Lb_Lalin26": 19.0, "Lb_Bh_Ki26": 0.0, "Lb_Bh_Ka26": 0.0, "Lb_Dr_Ki26": 0.0, "Lb_Dr_Ka26": 0.0, "Lb_Tr_Ki26": 0.53, "Lb_Tr_Ka26": 0.72, "Lb_TS_Ki26": 0.0, "Lb_TS_Ka26": 0.0, "Lb_Med_26": 0.0, "Lbr_Jbt_26": 20.25, "Bgn_Ats_26": "BTP", "Jns_Jbt_26": "STANDAR", "Thn_Bgn_26": "2015", "BA_26": "1", "LNT_26": "1", "BB_26": "0", "DAS_26": "1", "OP_26": "0", "UT_26": "1", "GR_26": "0", "LB_26": "0", "JBT_26": "1", "Tp_Lnts_26": "SUNGAI", "Dt_Lnts_26": "LURUS", "Pnangnn_26": "MYC JALAN (RUTIN)", "Pmriksn_26": "TIDAK DISURVEI TA. 2026", "Pnglola_26": "BBPJN PAPUA-PAPUA PEGUNUNGAN", "Satkr_ID26": "693940", "PPK_Name26": "1.3", "Traffic_26": null, "VCR_26": "0", "AADT_26": "690", "Tipe_Jb_26": null, "Lat_26": -1.874323, "Long_26": 138.752823, "Tgl_Ins_26": "26/03/2024", "Ket_26": null }, "geometry": { "type": "Point", "coordinates": [ 138.752822999581781, -1.87432300000637 ] } },
{ "type": "Feature", "properties": { "KDRUAS_UPD": "62036", "NOJBT_UPD": "62.036.060.0", "NM_RUAS_UP": "BONGGO - BETAF - SARMI", "NM_JBT_UPD": "BIER", "PROVINSI": "PAPUA PEGUNUNGAN (JAYAPURA)", "No_Prov_26": "62", "ID_Jbt_26": "6201081", "Kd_Ruas_26": "62036", "Suffix_26": null, "Nm_Ruas_26": "BONGGO - BETAF - SARMI", "Lintas_26": "JALAN LINTAS UTARA", "No_Jbt_26": "62.036.060.0", "Nm_Jbt_26": "BIER", "Status_26": "N", "Fungsi_26": "K", "Lks_Dr_26": "JPR", "Lks_km_26": 70.861, "F_STA_26": "6800", "Cadin_26": "SRM", "Pjg_Jbt_26": 105.6, "Btg_Pjg_26": 50.0, "Jml_Btg_26": "2", "Lb_Jl_Ms26": 5.1, "Lb_Jl_Kl26": 5.1, "Lb_Lalin26": 5.84, "Lb_Bh_Ki26": 0.0, "Lb_Bh_Ka26": 0.0, "Lb_Dr_Ki26": 0.06, "Lb_Dr_Ka26": 0.07, "Lb_Tr_Ki26": 0.56, "Lb_Tr_Ka26": 0.49, "Lb_TS_Ki26": 0.0, "Lb_TS_Ka26": 0.0, "Lb_Med_26": 0.0, "Lbr_Jbt_26": 7.02, "Bgn_Ats_26": "RBR", "Jns_Jbt_26": "STANDAR", "Thn_Bgn_26": "2008", "BA_26": "2", "LNT_26": "2", "BB_26": "2", "DAS_26": "1", "OP_26": "0", "UT_26": "0", "GR_26": "0", "LB_26": "0", "JBT_26": "2", "Tp_Lnts_26": "SUNGAI", "Dt_Lnts_26": "BERKELOK (MEANDER)", "Pnangnn_26": "REHABILITASI", "Pmriksn_26": "DETAIL", "Pnglola_26": "BBPJN PAPUA-PAPUA PEGUNUNGAN", "Satkr_ID26": "693940", "PPK_Name26": "1.3", "Traffic_26": null, "VCR_26": "0", "AADT_26": "791", "Tipe_Jb_26": null, "Lat_26": -2.031254, "Long_26": 139.096085, "Tgl_Ins_26": "19/05/2026", "Ket_26": null }, "geometry": { "type": "Point", "coordinates": [ 139.096085000222615, -2.031254000072011 ] } },
{ "type": "Feature", "properties": { "KDRUAS_UPD": "62036", "NOJBT_UPD": "62.036.030.0", "NM_RUAS_UP": "BONGGO - BETAF - SARMI", "NM_JBT_UPD": "BIRI", "PROVINSI": "PAPUA PEGUNUNGAN (JAYAPURA)", "No_Prov_26": "62", "ID_Jbt_26": "6200573", "Kd_Ruas_26": "62036", "Suffix_26": null, "Nm_Ruas_26": "BONGGO - BETAF - SARMI", "Lintas_26": "JALAN LINTAS UTARA", "No_Jbt_26": "62.036.030.0", "Nm_Jbt_26": "BIRI", "Status_26": "N", "Fungsi_26": "K", "Lks_Dr_26": "JPR", "Lks_km_26": 29.628, "F_STA_26": "3060", "Cadin_26": "SRM", "Pjg_Jbt_26": 92.3, "Btg_Pjg_26": 45.3, "Jml_Btg_26": "2", "Lb_Jl_Ms26": 5.6, "Lb_Jl_Kl26": 5.6, "Lb_Lalin26": 5.9, "Lb_Bh_Ki26": 0.0, "Lb_Bh_Ka26": 0.0, "Lb_Dr_Ki26": 0.09, "Lb_Dr_Ka26": 0.09, "Lb_Tr_Ki26": 0.5, "Lb_Tr_Ka26": 0.48, "Lb_TS_Ki26": 0.0, "Lb_TS_Ka26": 0.0, "Lb_Med_26": 0.0, "Lbr_Jbt_26": 7.06, "Bgn_Ats_26": "RBP", "Jns_Jbt_26": "STANDAR", "Thn_Bgn_26": "2007", "BA_26": "2", "LNT_26": "2", "BB_26": "0", "DAS_26": "1", "OP_26": "2", "UT_26": "0", "GR_26": "0", "LB_26": "0", "JBT_26": "2", "Tp_Lnts_26": "SUNGAI", "Dt_Lnts_26": "BERKELOK (MEANDER)", "Pnangnn_26": "REHABILITASI", "Pmriksn_26": "DETAIL", "Pnglola_26": "BBPJN PAPUA-PAPUA PEGUNUNGAN", "Satkr_ID26": "693940", "PPK_Name26": "1.3", "Traffic_26": null, "VCR_26": "0", "AADT_26": "791", "Tipe_Jb_26": null, "Lat_26": -2.183084, "Long_26": 139.353241, "Tgl_Ins_26": "31/05/2026", "Ket_26": null }, "geometry": { "type": "Point", "coordinates": [ 139.353240999672494, -2.183083999626831 ] } },
{ "type": "Feature", "properties": { "KDRUAS_UPD": "62057", "NOJBT_UPD": "62.057.072.0", "NM_RUAS_UP": "MENAWI - SAUBEBA - YOBI", "NM_JBT_UPD": "BOBMAREY", "PROVINSI": "PAPUA PEGUNUNGAN (JAYAPURA)", "No_Prov_26": "62", "ID_Jbt_26": "6201553", "Kd_Ruas_26": "62057", "Suffix_26": null, "Nm_Ruas_26": "MENAWI - SAUBEBA - YOBI", "Lintas_26": "NON LINTAS", "No_Jbt_26": "62.057.072.0", "Nm_Jbt_26": "BOBMAREY", "Status_26": "N", "Fungsi_26": "K", "Lks_Dr_26": "SER", "Lks_km_26": 43.865, "F_STA_26": "4290", "Cadin_26": "MEN", "Pjg_Jbt_26": 7.0, "Btg_Pjg_26": 2.0, "Jml_Btg_26": "3", "Lb_Jl_Ms26": 4.0, "Lb_Jl_Kl26": 4.0, "Lb_Lalin26": 8.4, "Lb_Bh_Ki26": 0.0, "Lb_Bh_Ka26": 0.0, "Lb_Dr_Ki26": 0.0, "Lb_Dr_Ka26": 0.0, "Lb_Tr_Ki26": 0.0, "Lb_Tr_Ka26": 0.0, "Lb_TS_Ki26": 0.0, "Lb_TS_Ka26": 0.0, "Lb_Med_26": 0.0, "Lbr_Jbt_26": 8.4, "Bgn_Ats_26": "BTP", "Jns_Jbt_26": "STANDAR", "Thn_Bgn_26": "2015", "BA_26": "0", "LNT_26": "0", "BB_26": "0", "DAS_26": "1", "OP_26": "2", "UT_26": "0", "GR_26": "2", "LB_26": "0", "JBT_26": "2", "Tp_Lnts_26": "SUNGAI", "Dt_Lnts_26": "LURUS", "Pnangnn_26": "RUTIN", "Pmriksn_26": "TIDAK DISURVEI TA. 2026", "Pnglola_26": "BBPJN PAPUA-PAPUA PEGUNUNGAN", "Satkr_ID26": "693941", "PPK_Name26": "3.2", "Traffic_26": null, "VCR_26": "0", "AADT_26": "11", "Tipe_Jb_26": null, "Lat_26": -1.708864, "Long_26": 136.447067, "Tgl_Ins_26": "31/05/2025", "Ket_26": null }, "geometry": { "type": "Point", "coordinates": [ 136.447067000441734, -1.708863999673781 ] } },
{ "type": "Feature", "properties": { "KDRUAS_UPD": "62036", "NOJBT_UPD": "62.036.078.0", "NM_RUAS_UP": "BONGGO - BETAF - SARMI", "NM_JBT_UPD": "BONGGO I", "PROVINSI": "PAPUA PEGUNUNGAN (JAYAPURA)", "No_Prov_26": "62", "ID_Jbt_26": "6201052", "Kd_Ruas_26": "62036", "Suffix_26": null, "Nm_Ruas_26": "BONGGO - BETAF - SARMI", "Lintas_26": "JALAN LINTAS UTARA", "No_Jbt_26": "62.036.078.0", "Nm_Jbt_26": "BONGGO I", "Status_26": "N", "Fungsi_26": "K", "Lks_Dr_26": "JPR", "Lks_km_26": 104.049, "F_STA_26": "190", "Cadin_26": "SRM", "Pjg_Jbt_26": 8.8, "Btg_Pjg_26": 8.0, "Jml_Btg_26": "1", "Lb_Jl_Ms26": 4.45, "Lb_Jl_Kl26": 4.45, "Lb_Lalin26": 5.6, "Lb_Bh_Ki26": 2.9, "Lb_Bh_Ka26": 2.0, "Lb_Dr_Ki26": 0.0, "Lb_Dr_Ka26": 0.0, "Lb_Tr_Ki26": 0.0, "Lb_Tr_Ka26": 0.0, "Lb_TS_Ki26": 0.0, "Lb_TS_Ka26": 0.0, "Lb_Med_26": 0.0, "Lbr_Jbt_26": 10.5, "Bgn_Ats_26": "GKW", "Jns_Jbt_26": "STANDAR", "Thn_Bgn_26": "2011", "BA_26": "4", "LNT_26": "0", "BB_26": "4", "DAS_26": "1", "OP_26": "0", "UT_26": "0", "GR_26": "0", "LB_26": "0", "JBT_26": "4", "Tp_Lnts_26": "SUNGAI", "Dt_Lnts_26": "LURUS", "Pnangnn_26": "MYC JEMBATAN (PENGGANTIAN)", "Pmriksn_26": "RUTIN", "Pnglola_26": "BBPJN PAPUA-PAPUA PEGUNUNGAN", "Satkr_ID26": "693940", "PPK_Name26": "1.3", "Traffic_26": null, "VCR_26": "0", "AADT_26": "791", "Tipe_Jb_26": null, "Lat_26": -2.286208, "Long_26": 139.547882, "Tgl_Ins_26": "18/05/2026", "Ket_26": null }, "geometry": { "type": "Point", "coordinates": [ 139.549621999655642, -2.285485000432402 ] } },
{ "type": "Feature", "properties": { "KDRUAS_UPD": "62036", "NOJBT_UPD": "62.036.003.0", "NM_RUAS_UP": "BONGGO - BETAF - SARMI", "NM_JBT_UPD": "BONGGO III", "PROVINSI": "PAPUA PEGUNUNGAN (JAYAPURA)", "No_Prov_26": "62", "ID_Jbt_26": "6200549", "Kd_Ruas_26": "62036", "Suffix_26": null, "Nm_Ruas_26": "BONGGO - BETAF - SARMI", "Lintas_26": "JALAN LINTAS UTARA", "No_Jbt_26": "62.036.003.0", "Nm_Jbt_26": "BONGGO III", "Status_26": "N", "Fungsi_26": "K", "Lks_Dr_26": "JPR", "Lks_km_26": 1.868, "F_STA_26": "450", "Cadin_26": "SRM", "Pjg_Jbt_26": 13.2, "Btg_Pjg_26": 3.0, "Jml_Btg_26": "2", "Lb_Jl_Ms26": 4.76, "Lb_Jl_Kl26": 4.76, "Lb_Lalin26": 5.5, "Lb_Bh_Ki26": 2.1, "Lb_Bh_Ka26": 2.4, "Lb_Dr_Ki26": 0.0, "Lb_Dr_Ka26": 0.0, "Lb_Tr_Ki26": 0.0, "Lb_Tr_Ka26": 0.0, "Lb_TS_Ki26": 0.2, "Lb_TS_Ka26": 0.28, "Lb_Med_26": 0.0, "Lbr_Jbt_26": 10.48, "Bgn_Ats_26": "BTP", "Jns_Jbt_26": "STANDAR", "Thn_Bgn_26": "2011", "BA_26": "0", "LNT_26": "0", "BB_26": "0", "DAS_26": "2", "OP_26": "2", "UT_26": "0", "GR_26": "2", "LB_26": "0", "JBT_26": "2", "Tp_Lnts_26": "SUNGAI", "Dt_Lnts_26": "LURUS", "Pnangnn_26": "RUTIN", "Pmriksn_26": "DETAIL", "Pnglola_26": "BBPJN PAPUA-PAPUA PEGUNUNGAN", "Satkr_ID26": "693940", "PPK_Name26": "1.3", "Traffic_26": null, "VCR_26": "0", "AADT_26": "791", "Tipe_Jb_26": null, "Lat_26": -2.267052, "Long_26": 139.545593, "Tgl_Ins_26": "30/05/2026", "Ket_26": null }, "geometry": { "type": "Point", "coordinates": [ 139.545593000016993, -2.267052000249578 ] } },
{ "type": "Feature", "properties": { "KDRUAS_UPD": "62003", "NOJBT_UPD": "62.003.049.0", "NM_RUAS_UP": "ARSO - WARIS", "NM_JBT_UPD": "BOOM", "PROVINSI": "PAPUA PEGUNUNGAN (JAYAPURA)", "No_Prov_26": "62", "ID_Jbt_26": "6200044", "Kd_Ruas_26": "62003", "Suffix_26": null, "Nm_Ruas_26": "ARSO - WARIS", "Lintas_26": "JALAN LINTAS PERBATASAN", "No_Jbt_26": "62.003.049.0", "Nm_Jbt_26": "BOOM", "Status_26": "N", "Fungsi_26": "A", "Lks_Dr_26": "JPR", "Lks_km_26": 56.524, "F_STA_26": "4730", "Cadin_26": "WRS", "Pjg_Jbt_26": 45.6, "Btg_Pjg_26": 45.0, "Jml_Btg_26": "1", "Lb_Jl_Ms26": 6.0, "Lb_Jl_Kl26": 6.0, "Lb_Lalin26": 4.45, "Lb_Bh_Ki26": 0.0, "Lb_Bh_Ka26": 0.0, "Lb_Dr_Ki26": 0.05, "Lb_Dr_Ka26": 0.05, "Lb_Tr_Ki26": 0.48, "Lb_Tr_Ka26": 0.5, "Lb_TS_Ki26": 0.0, "Lb_TS_Ka26": 0.0, "Lb_Med_26": 0.0, "Lbr_Jbt_26": 5.53, "Bgn_Ats_26": "RBA", "Jns_Jbt_26": "STANDAR", "Thn_Bgn_26": "1990", "BA_26": "2", "LNT_26": "2", "BB_26": "2", "DAS_26": "2", "OP_26": "2", "UT_26": "0", "GR_26": "0", "LB_26": "0", "JBT_26": "2", "Tp_Lnts_26": "SUNGAI", "Dt_Lnts_26": "LURUS", "Pnangnn_26": "RUTIN", "Pmriksn_26": "DETAIL", "Pnglola_26": "BBPJN PAPUA-PAPUA PEGUNUNGAN", "Satkr_ID26": "693965", "PPK_Name26": "2.1", "Traffic_26": null, "VCR_26": "0", "AADT_26": "96", "Tipe_Jb_26": null, "Lat_26": -3.213041, "Long_26": 140.934265, "Tgl_Ins_26": "04/06/2026", "Ket_26": null }, "geometry": { "type": "Point", "coordinates": [ 140.934265000029768, -3.213041000441763 ] } },
{ "type": "Feature", "properties": { "KDRUAS_UPD": "62003", "NOJBT_UPD": "62.003.050.0", "NM_RUAS_UP": "ARSO - WARIS", "NM_JBT_UPD": "BOOM 1", "PROVINSI": "PAPUA PEGUNUNGAN (JAYAPURA)", "No_Prov_26": "62", "ID_Jbt_26": "6200934", "Kd_Ruas_26": "62003", "Suffix_26": null, "Nm_Ruas_26": "ARSO - WARIS", "Lintas_26": "ARSO - WARIS", "No_Jbt_26": "62.003.050.0", "Nm_Jbt_26": "BOOM 1", "Status_26": "N", "Fungsi_26": "A", "Lks_Dr_26": "JPR", "Lks_km_26": 56.779, "F_STA_26": "4750", "Cadin_26": "WRS", "Pjg_Jbt_26": 30.4, "Btg_Pjg_26": 29.7, "Jml_Btg_26": "1", "Lb_Jl_Ms26": 6.0, "Lb_Jl_Kl26": 6.0, "Lb_Lalin26": 6.0, "Lb_Bh_Ki26": 0.0, "Lb_Bh_Ka26": 0.0, "Lb_Dr_Ki26": 0.06, "Lb_Dr_Ka26": 0.06, "Lb_Tr_Ki26": 0.46, "Lb_Tr_Ka26": 0.45, "Lb_TS_Ki26": 0.0, "Lb_TS_Ka26": 0.0, "Lb_Med_26": 0.0, "Lbr_Jbt_26": 7.03, "Bgn_Ats_26": "GBP", "Jns_Jbt_26": "STANDAR", "Thn_Bgn_26": "2008", "BA_26": "2", "LNT_26": "2", "BB_26": "2", "DAS_26": "2", "OP_26": "2", "UT_26": "0", "GR_26": "0", "LB_26": "0", "JBT_26": "2", "Tp_Lnts_26": "SUNGAI", "Dt_Lnts_26": "BERKELOK (MEANDER)", "Pnangnn_26": "RUTIN", "Pmriksn_26": "DETAIL", "Pnglola_26": "BBPJN PAPUA-PAPUA PEGUNUNGAN", "Satkr_ID26": "693965", "PPK_Name26": "2.1", "Traffic_26": null, "VCR_26": "0", "AADT_26": "96", "Tipe_Jb_26": null, "Lat_26": -3.21449, "Long_26": 140.935089, "Tgl_Ins_26": "04/06/2026", "Ket_26": null }, "geometry": { "type": "Point", "coordinates": [ 140.935089000257221, -3.214489999813566 ] } },
{ "type": "Feature", "properties": { "KDRUAS_UPD": "62005", "NOJBT_UPD": "62.005.010.0", "NM_RUAS_UP": "YETTI - SENGGI - MAMBERAMO I (STA 0+000 - 107+300)", "NM_JBT_UPD": "BOOMPAY", "PROVINSI": "PAPUA PEGUNUNGAN (JAYAPURA)", "No_Prov_26": "62", "ID_Jbt_26": "6200056", "Kd_Ruas_26": "62005", "Suffix_26": "0", "Nm_Ruas_26": "YETTI - SENGGI - MAMBERAMO I (STA 0+000 - 107+300)", "Lintas_26": "JALAN LINTAS TENGAH", "No_Jbt_26": "62.005.010.0", "Nm_Jbt_26": "BOOMPAY", "Status_26": "N", "Fungsi_26": "A", "Lks_Dr_26": "JPR", "Lks_km_26": 8.885, "F_STA_26": "840", "Cadin_26": "MBR", "Pjg_Jbt_26": 61.4, "Btg_Pjg_26": 60.0, "Jml_Btg_26": "1", "Lb_Jl_Ms26": 5.0, "Lb_Jl_Kl26": 5.0, "Lb_Lalin26": 5.68, "Lb_Bh_Ki26": 0.0, "Lb_Bh_Ka26": 0.0, "Lb_Dr_Ki26": 0.14, "Lb_Dr_Ka26": 0.12, "Lb_Tr_Ki26": 0.49, "Lb_Tr_Ka26": 0.5, "Lb_TS_Ki26": 0.0, "Lb_TS_Ka26": 0.0, "Lb_Med_26": 0.0, "Lbr_Jbt_26": 6.93, "Bgn_Ats_26": "RBA", "Jns_Jbt_26": "STANDAR", "Thn_Bgn_26": "1992", "BA_26": "3", "LNT_26": "2", "BB_26": "2", "DAS_26": "2", "OP_26": "2", "UT_26": "0", "GR_26": "0", "LB_26": "0", "JBT_26": "3", "Tp_Lnts_26": "SUNGAI", "Dt_Lnts_26": "BERKELOK (MEANDER)", "Pnangnn_26": "REHABILITASI", "Pmriksn_26": "DETAIL", "Pnglola_26": "BBPJN PAPUA-PAPUA PEGUNUNGAN", "Satkr_ID26": "693965", "PPK_Name26": "2.3", "Traffic_26": null, "VCR_26": "0", "AADT_26": "98", "Tipe_Jb_26": null, "Lat_26": -3.318224, "Long_26": 140.898438, "Tgl_Ins_26": "07/06/2026", "Ket_26": null }, "geometry": { "type": "Point", "coordinates": [ 140.898437999913881, -3.318224000037503 ] } },
{ "type": "Feature", "properties": { "KDRUAS_UPD": "62005", "NOJBT_UPD": "62.005.012.0", "NM_RUAS_UP": "YETTI - SENGGI - MAMBERAMO I (STA 0+000 - 107+300)", "NM_JBT_UPD": "BOOMPAY I", "PROVINSI": "PAPUA PEGUNUNGAN (JAYAPURA)", "No_Prov_26": "62", "ID_Jbt_26": "6200058", "Kd_Ruas_26": "62005", "Suffix_26": "0", "Nm_Ruas_26": "YETTI - SENGGI - MAMBERAMO I (STA 0+000 - 107+300)", "Lintas_26": "JALAN LINTAS TENGAH", "No_Jbt_26": "62.005.012.0", "Nm_Jbt_26": "BOOMPAY I", "Status_26": "N", "Fungsi_26": "A", "Lks_Dr_26": "JPR", "Lks_km_26": 10.327, "F_STA_26": "990", "Cadin_26": "MBR", "Pjg_Jbt_26": 41.0, "Btg_Pjg_26": 40.0, "Jml_Btg_26": "1", "Lb_Jl_Ms26": 5.0, "Lb_Jl_Kl26": 5.0, "Lb_Lalin26": 6.08, "Lb_Bh_Ki26": 0.0, "Lb_Bh_Ka26": 0.0, "Lb_Dr_Ki26": 0.0, "Lb_Dr_Ka26": 0.0, "Lb_Tr_Ki26": 0.4, "Lb_Tr_Ka26": 0.43, "Lb_TS_Ki26": 0.0, "Lb_TS_Ka26": 0.0, "Lb_Med_26": 0.0, "Lbr_Jbt_26": 6.91, "Bgn_Ats_26": "RBR", "Jns_Jbt_26": "STANDAR", "Thn_Bgn_26": "2005", "BA_26": "2", "LNT_26": "2", "BB_26": "1", "DAS_26": "1", "OP_26": "0", "UT_26": "0", "GR_26": "0", "LB_26": "0", "JBT_26": "2", "Tp_Lnts_26": "SUNGAI", "Dt_Lnts_26": "LURUS", "Pnangnn_26": "RUTIN", "Pmriksn_26": "DETAIL", "Pnglola_26": "BBPJN PAPUA-PAPUA PEGUNUNGAN", "Satkr_ID26": "693965", "PPK_Name26": "2.3", "Traffic_26": null, "VCR_26": "0", "AADT_26": "98", "Tipe_Jb_26": null, "Lat_26": -3.321932, "Long_26": 140.88649, "Tgl_Ins_26": "10/06/2026", "Ket_26": null }, "geometry": { "type": "Point", "coordinates": [ 140.886490000213371, -3.32193200016161 ] } },
{ "type": "Feature", "properties": { "KDRUAS_UPD": "62005", "NOJBT_UPD": "62.005.014.0", "NM_RUAS_UP": "YETTI - SENGGI - MAMBERAMO I (STA 0+000 - 107+300)", "NM_JBT_UPD": "BOOMPAY II", "PROVINSI": "PAPUA PEGUNUNGAN (JAYAPURA)", "No_Prov_26": "62", "ID_Jbt_26": "6200060", "Kd_Ruas_26": "62005", "Suffix_26": "0", "Nm_Ruas_26": "YETTI - SENGGI - MAMBERAMO I (STA 0+000 - 107+300)", "Lintas_26": "JALAN LINTAS TENGAH", "No_Jbt_26": "62.005.014.0", "Nm_Jbt_26": "BOOMPAY II", "Status_26": "N", "Fungsi_26": "A", "Lks_Dr_26": "JPR", "Lks_km_26": 11.717, "F_STA_26": "1120", "Cadin_26": "MBR", "Pjg_Jbt_26": 60.7, "Btg_Pjg_26": 60.0, "Jml_Btg_26": "1", "Lb_Jl_Ms26": 4.5, "Lb_Jl_Kl26": 4.5, "Lb_Lalin26": 6.17, "Lb_Bh_Ki26": 0.0, "Lb_Bh_Ka26": 0.0, "Lb_Dr_Ki26": 0.0, "Lb_Dr_Ka26": 0.0, "Lb_Tr_Ki26": 0.42, "Lb_Tr_Ka26": 0.41, "Lb_TS_Ki26": 0.0, "Lb_TS_Ka26": 0.0, "Lb_Med_26": 0.0, "Lbr_Jbt_26": 7.0, "Bgn_Ats_26": "RBR", "Jns_Jbt_26": "STANDAR", "Thn_Bgn_26": "2008", "BA_26": "2", "LNT_26": "2", "BB_26": "1", "DAS_26": "1", "OP_26": "0", "UT_26": "0", "GR_26": "0", "LB_26": "0", "JBT_26": "2", "Tp_Lnts_26": "SUNGAI", "Dt_Lnts_26": "LURUS", "Pnangnn_26": "RUTIN", "Pmriksn_26": "DETAIL", "Pnglola_26": "BBPJN PAPUA-PAPUA PEGUNUNGAN", "Satkr_ID26": "693965", "PPK_Name26": "2.3", "Traffic_26": null, "VCR_26": "0", "AADT_26": "98", "Tipe_Jb_26": null, "Lat_26": -3.318, "Long_26": 140.875229, "Tgl_Ins_26": "10/06/2026", "Ket_26": null }, "geometry": { "type": "Point", "coordinates": [ 140.875228999818546, -3.317999999600261 ] } },
{ "type": "Feature", "properties": { "KDRUAS_UPD": "62005", "NOJBT_UPD": "62.005.015.0", "NM_RUAS_UP": "YETTI - SENGGI - MAMBERAMO I (STA 0+000 - 107+300)", "NM_JBT_UPD": "BOOMPAY III", "PROVINSI": "PAPUA PEGUNUNGAN (JAYAPURA)", "No_Prov_26": "62", "ID_Jbt_26": "6200061", "Kd_Ruas_26": "62005", "Suffix_26": "0", "Nm_Ruas_26": "YETTI - SENGGI - MAMBERAMO I (STA 0+000 - 107+300)", "Lintas_26": "JALAN LINTAS TENGAH", "No_Jbt_26": "62.005.015.0", "Nm_Jbt_26": "BOOMPAY III", "Status_26": "N", "Fungsi_26": "A", "Lks_Dr_26": "JPR", "Lks_km_26": 12.094, "F_STA_26": "1160", "Cadin_26": "MBR", "Pjg_Jbt_26": 41.0, "Btg_Pjg_26": 40.0, "Jml_Btg_26": "1", "Lb_Jl_Ms26": 4.5, "Lb_Jl_Kl26": 4.5, "Lb_Lalin26": 6.23, "Lb_Bh_Ki26": 0.0, "Lb_Bh_Ka26": 0.0, "Lb_Dr_Ki26": 0.0, "Lb_Dr_Ka26": 0.0, "Lb_Tr_Ki26": 0.39, "Lb_Tr_Ka26": 0.41, "Lb_TS_Ki26": 0.0, "Lb_TS_Ka26": 0.0, "Lb_Med_26": 0.0, "Lbr_Jbt_26": 7.03, "Bgn_Ats_26": "RBR", "Jns_Jbt_26": "STANDAR", "Thn_Bgn_26": "2007", "BA_26": "2", "LNT_26": "0", "BB_26": "2", "DAS_26": "1", "OP_26": "2", "UT_26": "0", "GR_26": "0", "LB_26": "0", "JBT_26": "2", "Tp_Lnts_26": "SUNGAI", "Dt_Lnts_26": "LURUS", "Pnangnn_26": "RUTIN", "Pmriksn_26": "DETAIL", "Pnglola_26": "BBPJN PAPUA-PAPUA PEGUNUNGAN", "Satkr_ID26": "693965", "PPK_Name26": "2.3", "Traffic_26": null, "VCR_26": "0", "AADT_26": "98", "Tipe_Jb_26": null, "Lat_26": -3.318963, "Long_26": 140.87207, "Tgl_Ins_26": "10/06/2026", "Ket_26": null }, "geometry": { "type": "Point", "coordinates": [ 140.872069999830728, -3.318962999942471 ] } },
{ "type": "Feature", "properties": { "KDRUAS_UPD": "62005", "NOJBT_UPD": "62.005.018.0", "NM_RUAS_UP": "YETTI - SENGGI - MAMBERAMO I (STA 0+000 - 107+300)", "NM_JBT_UPD": "BOOMPAY IV", "PROVINSI": "PAPUA PEGUNUNGAN (JAYAPURA)", "No_Prov_26": "62", "ID_Jbt_26": "6200064", "Kd_Ruas_26": "62005", "Suffix_26": "0", "Nm_Ruas_26": "YETTI - SENGGI - MAMBERAMO I (STA 0+000 - 107+300)", "Lintas_26": "JALAN LINTAS TENGAH", "No_Jbt_26": "62.005.018.0", "Nm_Jbt_26": "BOOMPAY IV", "Status_26": "N", "Fungsi_26": "A", "Lks_Dr_26": "JPR", "Lks_km_26": 12.788, "F_STA_26": "1230", "Cadin_26": "MBR", "Pjg_Jbt_26": 45.5, "Btg_Pjg_26": 45.0, "Jml_Btg_26": "1", "Lb_Jl_Ms26": 4.5, "Lb_Jl_Kl26": 4.5, "Lb_Lalin26": 5.94, "Lb_Bh_Ki26": 0.0, "Lb_Bh_Ka26": 0.0, "Lb_Dr_Ki26": 0.0, "Lb_Dr_Ka26": 0.0, "Lb_Tr_Ki26": 0.46, "Lb_Tr_Ka26": 0.45, "Lb_TS_Ki26": 0.0, "Lb_TS_Ka26": 0.0, "Lb_Med_26": 0.0, "Lbr_Jbt_26": 6.85, "Bgn_Ats_26": "RBR", "Jns_Jbt_26": "STANDAR", "Thn_Bgn_26": "2004", "BA_26": "2", "LNT_26": "2", "BB_26": "2", "DAS_26": "2", "OP_26": "1", "UT_26": "0", "GR_26": "0", "LB_26": "0", "JBT_26": "2", "Tp_Lnts_26": "SUNGAI", "Dt_Lnts_26": "LURUS", "Pnangnn_26": "RUTIN", "Pmriksn_26": "DETAIL", "Pnglola_26": "BBPJN PAPUA-PAPUA PEGUNUNGAN", "Satkr_ID26": "693965", "PPK_Name26": "2.3", "Traffic_26": null, "VCR_26": "0", "AADT_26": "98", "Tipe_Jb_26": null, "Lat_26": -3.322494, "Long_26": 140.867081, "Tgl_Ins_26": "10/06/2026", "Ket_26": null }, "geometry": { "type": "Point", "coordinates": [ 140.867080999988275, -3.322493999998073 ] } },
{ "type": "Feature", "properties": { "KDRUAS_UPD": "62005", "NOJBT_UPD": "62.005.025.0", "NM_RUAS_UP": "YETTI - SENGGI - MAMBERAMO I (STA 0+000 - 107+300)", "NM_JBT_UPD": "BOOMPAY IX", "PROVINSI": "PAPUA PEGUNUNGAN (JAYAPURA)", "No_Prov_26": "62", "ID_Jbt_26": "6200071", "Kd_Ruas_26": "62005", "Suffix_26": "0", "Nm_Ruas_26": "YETTI - SENGGI - MAMBERAMO I (STA 0+000 - 107+300)", "Lintas_26": "JALAN LINTAS TENGAH", "No_Jbt_26": "62.005.025.0", "Nm_Jbt_26": "BOOMPAY IX", "Status_26": "N", "Fungsi_26": "A", "Lks_Dr_26": "JPR", "Lks_km_26": 16.28, "F_STA_26": "1570", "Cadin_26": "MBR", "Pjg_Jbt_26": 25.4, "Btg_Pjg_26": 25.25, "Jml_Btg_26": "1", "Lb_Jl_Ms26": 4.5, "Lb_Jl_Kl26": 4.5, "Lb_Lalin26": 5.5, "Lb_Bh_Ki26": 0.0, "Lb_Bh_Ka26": 0.0, "Lb_Dr_Ki26": 0.0, "Lb_Dr_Ka26": 0.0, "Lb_Tr_Ki26": 0.0, "Lb_Tr_Ka26": 0.0, "Lb_TS_Ki26": 0.0, "Lb_TS_Ka26": 0.0, "Lb_Med_26": 0.0, "Lbr_Jbt_26": 5.5, "Bgn_Ats_26": "RBB", "Jns_Jbt_26": "STANDAR", "Thn_Bgn_26": "1995", "BA_26": "2", "LNT_26": "2", "BB_26": "2", "DAS_26": "2", "OP_26": "1", "UT_26": "0", "GR_26": "0", "LB_26": "0", "JBT_26": "2", "Tp_Lnts_26": "SUNGAI", "Dt_Lnts_26": "LURUS", "Pnangnn_26": "RUTIN", "Pmriksn_26": "DETAIL", "Pnglola_26": "BBPJN PAPUA-PAPUA PEGUNUNGAN", "Satkr_ID26": "693965", "PPK_Name26": "2.3", "Traffic_26": null, "VCR_26": "0", "AADT_26": "98", "Tipe_Jb_26": null, "Lat_26": -3.34333, "Long_26": 140.847275, "Tgl_Ins_26": "11/06/2026", "Ket_26": null }, "geometry": { "type": "Point", "coordinates": [ 140.847275000341028, -3.343330000379183 ] } },
{ "type": "Feature", "properties": { "KDRUAS_UPD": "62005", "NOJBT_UPD": "62.005.020.0", "NM_RUAS_UP": "YETTI - SENGGI - MAMBERAMO I (STA 0+000 - 107+300)", "NM_JBT_UPD": "BOOMPAY V", "PROVINSI": "PAPUA PEGUNUNGAN (JAYAPURA)", "No_Prov_26": "62", "ID_Jbt_26": "6200066", "Kd_Ruas_26": "62005", "Suffix_26": "0", "Nm_Ruas_26": "YETTI - SENGGI - MAMBERAMO I (STA 0+000 - 107+300)", "Lintas_26": "JALAN LINTAS TENGAH", "No_Jbt_26": "62.005.020.0", "Nm_Jbt_26": "BOOMPAY V", "Status_26": "N", "Fungsi_26": "A", "Lks_Dr_26": "JPR", "Lks_km_26": 13.202, "F_STA_26": "1270", "Cadin_26": "MBR", "Pjg_Jbt_26": 56.0, "Btg_Pjg_26": 55.0, "Jml_Btg_26": "1", "Lb_Jl_Ms26": 4.5, "Lb_Jl_Kl26": 4.5, "Lb_Lalin26": 6.03, "Lb_Bh_Ki26": 0.0, "Lb_Bh_Ka26": 0.0, "Lb_Dr_Ki26": 0.0, "Lb_Dr_Ka26": 0.0, "Lb_Tr_Ki26": 0.5, "Lb_Tr_Ka26": 0.51, "Lb_TS_Ki26": 0.0, "Lb_TS_Ka26": 0.0, "Lb_Med_26": 0.0, "Lbr_Jbt_26": 7.04, "Bgn_Ats_26": "RBR", "Jns_Jbt_26": "STANDAR", "Thn_Bgn_26": "2004", "BA_26": "2", "LNT_26": "2", "BB_26": "1", "DAS_26": "1", "OP_26": "0", "UT_26": "0", "GR_26": "0", "LB_26": "0", "JBT_26": "2", "Tp_Lnts_26": "SUNGAI", "Dt_Lnts_26": "LURUS", "Pnangnn_26": "RUTIN", "Pmriksn_26": "DETAIL", "Pnglola_26": "BBPJN PAPUA-PAPUA PEGUNUNGAN", "Satkr_ID26": "693965", "PPK_Name26": "2.3", "Traffic_26": null, "VCR_26": "0", "AADT_26": "98", "Tipe_Jb_26": null, "Lat_26": -3.32423, "Long_26": 140.86412, "Tgl_Ins_26": "11/06/2026", "Ket_26": null }, "geometry": { "type": "Point", "coordinates": [ 140.864120000137973, -3.324230000014438 ] } },
{ "type": "Feature", "properties": { "KDRUAS_UPD": "62005", "NOJBT_UPD": "62.005.022.0", "NM_RUAS_UP": "YETTI - SENGGI - MAMBERAMO I (STA 0+000 - 107+300)", "NM_JBT_UPD": "BOOMPAY VI", "PROVINSI": "PAPUA PEGUNUNGAN (JAYAPURA)", "No_Prov_26": "62", "ID_Jbt_26": "6200068", "Kd_Ruas_26": "62005", "Suffix_26": "0", "Nm_Ruas_26": "YETTI - SENGGI - MAMBERAMO I (STA 0+000 - 107+300)", "Lintas_26": "JALAN LINTAS TENGAH", "No_Jbt_26": "62.005.022.0", "Nm_Jbt_26": "BOOMPAY VI", "Status_26": "N", "Fungsi_26": "A", "Lks_Dr_26": "JPR", "Lks_km_26": 14.255, "F_STA_26": "1370", "Cadin_26": "MBR", "Pjg_Jbt_26": 11.35, "Btg_Pjg_26": 5.0, "Jml_Btg_26": "2", "Lb_Jl_Ms26": 4.5, "Lb_Jl_Kl26": 4.5, "Lb_Lalin26": 6.23, "Lb_Bh_Ki26": 1.7, "Lb_Bh_Ka26": 1.03, "Lb_Dr_Ki26": 0.0, "Lb_Dr_Ka26": 0.0, "Lb_Tr_Ki26": 0.0, "Lb_Tr_Ka26": 0.0, "Lb_TS_Ki26": 0.4, "Lb_TS_Ka26": 0.4, "Lb_Med_26": 0.0, "Lbr_Jbt_26": 9.76, "Bgn_Ats_26": "BTP", "Jns_Jbt_26": "STANDAR", "Thn_Bgn_26": "2023", "BA_26": "0", "LNT_26": "0", "BB_26": "0", "DAS_26": "1", "OP_26": "0", "UT_26": "0", "GR_26": "2", "LB_26": "0", "JBT_26": "2", "Tp_Lnts_26": "SUNGAI", "Dt_Lnts_26": "LURUS", "Pnangnn_26": "RUTIN", "Pmriksn_26": "DETAIL", "Pnglola_26": "BBPJN PAPUA-PAPUA PEGUNUNGAN", "Satkr_ID26": "693965", "PPK_Name26": "2.3", "Traffic_26": null, "VCR_26": "0", "AADT_26": "98", "Tipe_Jb_26": null, "Lat_26": -3.329632, "Long_26": 140.856918, "Tgl_Ins_26": "11/06/2026", "Ket_26": null }, "geometry": { "type": "Point", "coordinates": [ 140.856917999865914, -3.329632000016716 ] } },
{ "type": "Feature", "properties": { "KDRUAS_UPD": "62005", "NOJBT_UPD": "62.005.023.0", "NM_RUAS_UP": "YETTI - SENGGI - MAMBERAMO I (STA 0+000 - 107+300)", "NM_JBT_UPD": "BOOMPAY VII", "PROVINSI": "PAPUA PEGUNUNGAN (JAYAPURA)", "No_Prov_26": "62", "ID_Jbt_26": "6200069", "Kd_Ruas_26": "62005", "Suffix_26": "0", "Nm_Ruas_26": "YETTI - SENGGI - MAMBERAMO I (STA 0+000 - 107+300)", "Lintas_26": "JALAN LINTAS TENGAH", "No_Jbt_26": "62.005.023.0", "Nm_Jbt_26": "BOOMPAY VII", "Status_26": "N", "Fungsi_26": "A", "Lks_Dr_26": "JPR", "Lks_km_26": 14.659, "F_STA_26": "1410", "Cadin_26": null, "Pjg_Jbt_26": 20.0, "Btg_Pjg_26": 20.0, "Jml_Btg_26": "1", "Lb_Jl_Ms26": 4.5, "Lb_Jl_Kl26": 4.5, "Lb_Lalin26": 7.05, "Lb_Bh_Ki26": 0.0, "Lb_Bh_Ka26": 0.0, "Lb_Dr_Ki26": 0.08, "Lb_Dr_Ka26": 0.18, "Lb_Tr_Ki26": 0.69, "Lb_Tr_Ka26": 0.69, "Lb_TS_Ki26": 0.3, "Lb_TS_Ka26": 0.3, "Lb_Med_26": 0.0, "Lbr_Jbt_26": 9.29, "Bgn_Ats_26": "GBP", "Jns_Jbt_26": "STANDAR", "Thn_Bgn_26": "2014", "BA_26": "2", "LNT_26": "2", "BB_26": "1", "DAS_26": "2", "OP_26": "1", "UT_26": "0", "GR_26": "0", "LB_26": "0", "JBT_26": "2", "Tp_Lnts_26": "SUNGAI", "Dt_Lnts_26": "LURUS", "Pnangnn_26": "RUTIN", "Pmriksn_26": "DETAIL", "Pnglola_26": "BBPJN PAPUA-PAPUA PEGUNUNGAN", "Satkr_ID26": "693965", "PPK_Name26": "2.3", "Traffic_26": null, "VCR_26": "0", "AADT_26": "98", "Tipe_Jb_26": null, "Lat_26": -3.333104, "Long_26": 140.856277, "Tgl_Ins_26": "25/06/2026", "Ket_26": null }, "geometry": { "type": "Point", "coordinates": [ 140.856276999983606, -3.333104000049502 ] } },
{ "type": "Feature", "properties": { "KDRUAS_UPD": "62005", "NOJBT_UPD": "62.005.024.0", "NM_RUAS_UP": "YETTI - SENGGI - MAMBERAMO I (STA 0+000 - 107+300)", "NM_JBT_UPD": "BOOMPAY VIII", "PROVINSI": "PAPUA PEGUNUNGAN (JAYAPURA)", "No_Prov_26": "62", "ID_Jbt_26": "6200070", "Kd_Ruas_26": "62005", "Suffix_26": "0", "Nm_Ruas_26": "YETTI - SENGGI - MAMBERAMO I (STA 0+000 - 107+300)", "Lintas_26": "JALAN LINTAS TENGAH", "No_Jbt_26": "62.005.024.0", "Nm_Jbt_26": "BOOMPAY VIII", "Status_26": "N", "Fungsi_26": "A", "Lks_Dr_26": "JPR", "Lks_km_26": 15.895, "F_STA_26": "1530", "Cadin_26": null, "Pjg_Jbt_26": 20.0, "Btg_Pjg_26": 20.3, "Jml_Btg_26": "1", "Lb_Jl_Ms26": 4.5, "Lb_Jl_Kl26": 4.5, "Lb_Lalin26": 7.1, "Lb_Bh_Ki26": 0.0, "Lb_Bh_Ka26": 0.0, "Lb_Dr_Ki26": 0.0, "Lb_Dr_Ka26": 0.0, "Lb_Tr_Ki26": 0.93, "Lb_Tr_Ka26": 0.93, "Lb_TS_Ki26": 0.35, "Lb_TS_Ka26": 0.34, "Lb_Med_26": 0.0, "Lbr_Jbt_26": 9.65, "Bgn_Ats_26": "GBP", "Jns_Jbt_26": "STANDAR", "Thn_Bgn_26": "2014", "BA_26": "2", "LNT_26": "2", "BB_26": "2", "DAS_26": "1", "OP_26": "0", "UT_26": "0", "GR_26": "0", "LB_26": "0", "JBT_26": "2", "Tp_Lnts_26": "SUNGAI", "Dt_Lnts_26": "LURUS", "Pnangnn_26": "RUTIN", "Pmriksn_26": "DETAIL", "Pnglola_26": "BBPJN PAPUA-PAPUA PEGUNUNGAN", "Satkr_ID26": "693965", "PPK_Name26": "2.3", "Traffic_26": null, "VCR_26": "0", "AADT_26": "98", "Tipe_Jb_26": null, "Lat_26": -3.340585, "Long_26": 140.849045, "Tgl_Ins_26": "11/06/2026", "Ket_26": null }, "geometry": { "type": "Point", "coordinates": [ 140.849045000126694, -3.34058499969791 ] } },
{ "type": "Feature", "properties": { "KDRUAS_UPD": "62005", "NOJBT_UPD": "62.005.028.0", "NM_RUAS_UP": "YETTI - SENGGI - MAMBERAMO I (STA 0+000 - 107+300)", "NM_JBT_UPD": "BOOMPAY XI", "PROVINSI": "PAPUA PEGUNUNGAN (JAYAPURA)", "No_Prov_26": "62", "ID_Jbt_26": "6200074", "Kd_Ruas_26": "62005", "Suffix_26": "0", "Nm_Ruas_26": "YETTI - SENGGI - MAMBERAMO I (STA 0+000 - 107+300)", "Lintas_26": "JALAN LINTAS TENGAH", "No_Jbt_26": "62.005.028.0", "Nm_Jbt_26": "BOOMPAY XI", "Status_26": "N", "Fungsi_26": "A", "Lks_Dr_26": "JPR", "Lks_km_26": 18.248, "F_STA_26": "1770", "Cadin_26": "MBR", "Pjg_Jbt_26": 19.8, "Btg_Pjg_26": 18.9, "Jml_Btg_26": "1", "Lb_Jl_Ms26": 4.5, "Lb_Jl_Kl26": 4.5, "Lb_Lalin26": 6.8, "Lb_Bh_Ki26": 0.0, "Lb_Bh_Ka26": 0.0, "Lb_Dr_Ki26": 0.13, "Lb_Dr_Ka26": 0.12, "Lb_Tr_Ki26": 1.22, "Lb_Tr_Ka26": 1.21, "Lb_TS_Ki26": 0.0, "Lb_TS_Ka26": 0.0, "Lb_Med_26": 0.0, "Lbr_Jbt_26": 9.48, "Bgn_Ats_26": "GTP", "Jns_Jbt_26": "STANDAR", "Thn_Bgn_26": "2013", "BA_26": "2", "LNT_26": "2", "BB_26": "2", "DAS_26": "2", "OP_26": "3", "UT_26": "0", "GR_26": "0", "LB_26": "0", "JBT_26": "3", "Tp_Lnts_26": "SUNGAI", "Dt_Lnts_26": "LURUS", "Pnangnn_26": "REHABILITASI", "Pmriksn_26": "DETAIL", "Pnglola_26": "BBPJN PAPUA-PAPUA PEGUNUNGAN", "Satkr_ID26": "693965", "PPK_Name26": "2.3", "Traffic_26": null, "VCR_26": "0", "AADT_26": "98", "Tipe_Jb_26": null, "Lat_26": -3.357066, "Long_26": 140.836731, "Tgl_Ins_26": "25/05/2026", "Ket_26": null }, "geometry": { "type": "Point", "coordinates": [ 140.836730999735892, -3.357065999796021 ] } },
{ "type": "Feature", "properties": { "KDRUAS_UPD": "62005", "NOJBT_UPD": "62.005.031.0", "NM_RUAS_UP": "YETTI - SENGGI - MAMBERAMO I (STA 0+000 - 107+300)", "NM_JBT_UPD": "BOOMPAY XII", "PROVINSI": "PAPUA PEGUNUNGAN (JAYAPURA)", "No_Prov_26": "62", "ID_Jbt_26": "6200077", "Kd_Ruas_26": "62005", "Suffix_26": "0", "Nm_Ruas_26": "YETTI - SENGGI - MAMBERAMO I (STA 0+000 - 107+300)", "Lintas_26": "JALAN LINTAS TENGAH", "No_Jbt_26": "62.005.031.0", "Nm_Jbt_26": "BOOMPAY XII", "Status_26": "N", "Fungsi_26": "A", "Lks_Dr_26": "JPR", "Lks_km_26": 19.363, "F_STA_26": "1880", "Cadin_26": "MBR", "Pjg_Jbt_26": 51.0, "Btg_Pjg_26": 50.0, "Jml_Btg_26": "1", "Lb_Jl_Ms26": 4.5, "Lb_Jl_Kl26": 4.5, "Lb_Lalin26": 7.3, "Lb_Bh_Ki26": 0.0, "Lb_Bh_Ka26": 0.0, "Lb_Dr_Ki26": 0.0, "Lb_Dr_Ka26": 0.1, "Lb_Tr_Ki26": 0.82, "Lb_Tr_Ka26": 0.82, "Lb_TS_Ki26": 0.0, "Lb_TS_Ka26": 0.0, "Lb_Med_26": 0.0, "Lbr_Jbt_26": 9.04, "Bgn_Ats_26": "RBR", "Jns_Jbt_26": "STANDAR", "Thn_Bgn_26": "2014", "BA_26": "2", "LNT_26": "2", "BB_26": "2", "DAS_26": "2", "OP_26": "0", "UT_26": "0", "GR_26": "0", "LB_26": "0", "JBT_26": "2", "Tp_Lnts_26": "SUNGAI", "Dt_Lnts_26": "LURUS", "Pnangnn_26": "RUTIN", "Pmriksn_26": "DETAIL", "Pnglola_26": "BBPJN PAPUA-PAPUA PEGUNUNGAN", "Satkr_ID26": "693965", "PPK_Name26": "2.3", "Traffic_26": null, "VCR_26": "0", "AADT_26": "98", "Tipe_Jb_26": null, "Lat_26": -3.362259, "Long_26": 140.829193, "Tgl_Ins_26": "25/05/2026", "Ket_26": null }, "geometry": { "type": "Point", "coordinates": [ 140.82919300015692, -3.362259000052745 ] } },
{ "type": "Feature", "properties": { "KDRUAS_UPD": "62005", "NOJBT_UPD": "62.005.035.0", "NM_RUAS_UP": "YETTI - SENGGI - MAMBERAMO I (STA 0+000 - 107+300)", "NM_JBT_UPD": "BOOMPAY XIII", "PROVINSI": "PAPUA PEGUNUNGAN (JAYAPURA)", "No_Prov_26": "62", "ID_Jbt_26": "6200081", "Kd_Ruas_26": "62005", "Suffix_26": "0", "Nm_Ruas_26": "YETTI - SENGGI - MAMBERAMO I (STA 0+000 - 107+300)", "Lintas_26": "JALAN LINTAS TENGAH", "No_Jbt_26": "62.005.035.0", "Nm_Jbt_26": "BOOMPAY XIII", "Status_26": "N", "Fungsi_26": "A", "Lks_Dr_26": "JPR", "Lks_km_26": 20.681, "F_STA_26": "2000", "Cadin_26": "MBR", "Pjg_Jbt_26": 61.0, "Btg_Pjg_26": 60.0, "Jml_Btg_26": "1", "Lb_Jl_Ms26": 4.5, "Lb_Jl_Kl26": 4.5, "Lb_Lalin26": 5.93, "Lb_Bh_Ki26": 0.0, "Lb_Bh_Ka26": 0.0, "Lb_Dr_Ki26": 0.0, "Lb_Dr_Ka26": 0.08, "Lb_Tr_Ki26": 0.49, "Lb_Tr_Ka26": 0.48, "Lb_TS_Ki26": 0.0, "Lb_TS_Ka26": 0.0, "Lb_Med_26": 0.0, "Lbr_Jbt_26": 6.98, "Bgn_Ats_26": "RBR", "Jns_Jbt_26": "STANDAR", "Thn_Bgn_26": "1997", "BA_26": "2", "LNT_26": "2", "BB_26": "2", "DAS_26": "2", "OP_26": "2", "UT_26": "0", "GR_26": "0", "LB_26": "0", "JBT_26": "2", "Tp_Lnts_26": "SUNGAI", "Dt_Lnts_26": "LURUS", "Pnangnn_26": "RUTIN", "Pmriksn_26": "DETAIL", "Pnglola_26": "BBPJN PAPUA-PAPUA PEGUNUNGAN", "Satkr_ID26": "693965", "PPK_Name26": "2.3", "Traffic_26": null, "VCR_26": "0", "AADT_26": "98", "Tipe_Jb_26": null, "Lat_26": -3.368936, "Long_26": 140.820282, "Tgl_Ins_26": "25/05/2026", "Ket_26": null }, "geometry": { "type": "Point", "coordinates": [ 140.820282000214206, -3.368936000396047 ] } },
{ "type": "Feature", "properties": { "KDRUAS_UPD": "62056", "NOJBT_UPD": "62.056.017.0", "NM_RUAS_UP": "BTS. KOTA SERUI - MENAWI", "NM_JBT_UPD": "BORAI", "PROVINSI": "PAPUA PEGUNUNGAN (JAYAPURA)", "No_Prov_26": "62", "ID_Jbt_26": "6200736", "Kd_Ruas_26": "62056", "Suffix_26": null, "Nm_Ruas_26": "BTS. KOTA SERUI - MENAWI", "Lintas_26": "NON LINTAS", "No_Jbt_26": "62.056.017.0", "Nm_Jbt_26": "BORAI", "Status_26": "N", "Fungsi_26": "K", "Lks_Dr_26": "SER", "Lks_km_26": 2.203, "F_STA_26": "190", "Cadin_26": null, "Pjg_Jbt_26": 30.0, "Btg_Pjg_26": 30.2, "Jml_Btg_26": "1", "Lb_Jl_Ms26": 6.5, "Lb_Jl_Kl26": 6.5, "Lb_Lalin26": 5.9, "Lb_Bh_Ki26": 0.14, "Lb_Bh_Ka26": 0.2, "Lb_Dr_Ki26": 0.08, "Lb_Dr_Ka26": 0.08, "Lb_Tr_Ki26": 0.4, "Lb_Tr_Ka26": 0.4, "Lb_TS_Ki26": 0.0, "Lb_TS_Ka26": 0.0, "Lb_Med_26": 0.0, "Lbr_Jbt_26": 7.2, "Bgn_Ats_26": "GBP", "Jns_Jbt_26": "STANDAR", "Thn_Bgn_26": "2010", "BA_26": "2", "LNT_26": "2", "BB_26": "2", "DAS_26": "1", "OP_26": "0", "UT_26": "1", "GR_26": "0", "LB_26": "0", "JBT_26": "2", "Tp_Lnts_26": "SUNGAI", "Dt_Lnts_26": "LURUS", "Pnangnn_26": "RUTIN", "Pmriksn_26": "TIDAK DISURVEI TA. 2026", "Pnglola_26": "BBPJN PAPUA-PAPUA PEGUNUNGAN", "Satkr_ID26": "693941", "PPK_Name26": null, "Traffic_26": null, "VCR_26": "0", "AADT_26": "254", "Tipe_Jb_26": null, "Lat_26": -1.860584, "Long_26": 136.298584, "Tgl_Ins_26": "26/06/2025", "Ket_26": null }, "geometry": { "type": "Point", "coordinates": [ 136.298583999651896, -1.860583999551864 ] } },
{ "type": "Feature", "properties": { "KDRUAS_UPD": "62005", "NOJBT_UPD": "62.005.027.0", "NM_RUAS_UP": "YETTI - SENGGI - MAMBERAMO I (STA 0+000 - 107+300)", "NM_JBT_UPD": "BOROBUDUR", "PROVINSI": "PAPUA PEGUNUNGAN (JAYAPURA)", "No_Prov_26": "62", "ID_Jbt_26": "6200073", "Kd_Ruas_26": "62005", "Suffix_26": "0", "Nm_Ruas_26": "YETTI - SENGGI - MAMBERAMO I (STA 0+000 - 107+300)", "Lintas_26": "JALAN LINTAS TENGAH", "No_Jbt_26": "62.005.027.0", "Nm_Jbt_26": "BOROBUDUR", "Status_26": "N", "Fungsi_26": "A", "Lks_Dr_26": "JPR", "Lks_km_26": 17.847, "F_STA_26": "1720", "Cadin_26": "MBR", "Pjg_Jbt_26": 45.2, "Btg_Pjg_26": 45.0, "Jml_Btg_26": "1", "Lb_Jl_Ms26": 4.5, "Lb_Jl_Kl26": 4.5, "Lb_Lalin26": 6.05, "Lb_Bh_Ki26": 0.0, "Lb_Bh_Ka26": 0.0, "Lb_Dr_Ki26": 0.0, "Lb_Dr_Ka26": 0.0, "Lb_Tr_Ki26": 0.46, "Lb_Tr_Ka26": 0.46, "Lb_TS_Ki26": 0.0, "Lb_TS_Ka26": 0.0, "Lb_Med_26": 0.0, "Lbr_Jbt_26": 6.97, "Bgn_Ats_26": "RBR", "Jns_Jbt_26": "STANDAR", "Thn_Bgn_26": "1993", "BA_26": "3", "LNT_26": "2", "BB_26": "2", "DAS_26": "0", "OP_26": "2", "UT_26": "0", "GR_26": "0", "LB_26": "0", "JBT_26": "3", "Tp_Lnts_26": "SUNGAI", "Dt_Lnts_26": "LURUS", "Pnangnn_26": "BERKALA", "Pmriksn_26": "DETAIL", "Pnglola_26": "BBPJN PAPUA-PAPUA PEGUNUNGAN", "Satkr_ID26": "693965", "PPK_Name26": "2.3", "Traffic_26": null, "VCR_26": "0", "AADT_26": "98", "Tipe_Jb_26": null, "Lat_26": -3.354715, "Long_26": 140.83963, "Tgl_Ins_26": "25/05/2026", "Ket_26": null }, "geometry": { "type": "Point", "coordinates": [ 140.839630000324291, -3.354715000197075 ] } },
{ "type": "Feature", "properties": { "KDRUAS_UPD": "62035", "NOJBT_UPD": "62.035.014.0", "NM_RUAS_UP": "NIMBOTONG - BONGGO", "NM_JBT_UPD": "BORORWA", "PROVINSI": "PAPUA PEGUNUNGAN (JAYAPURA)", "No_Prov_26": "62", "ID_Jbt_26": "6200483", "Kd_Ruas_26": "62035", "Suffix_26": null, "Nm_Ruas_26": "NIMBOTONG - BONGGO", "Lintas_26": "JALAN LINTAS UTARA", "No_Jbt_26": "62.035.014.0", "Nm_Jbt_26": "BORORWA", "Status_26": "N", "Fungsi_26": "K", "Lks_Dr_26": "JPR", "Lks_km_26": 16.939, "F_STA_26": "1590", "Cadin_26": "BGO", "Pjg_Jbt_26": 12.3, "Btg_Pjg_26": 10.7, "Jml_Btg_26": "1", "Lb_Jl_Ms26": 6.0, "Lb_Jl_Kl26": 6.0, "Lb_Lalin26": 6.35, "Lb_Bh_Ki26": 0.5, "Lb_Bh_Ka26": 0.0, "Lb_Dr_Ki26": 0.0, "Lb_Dr_Ka26": 0.0, "Lb_Tr_Ki26": 0.0, "Lb_Tr_Ka26": 0.0, "Lb_TS_Ki26": 0.0, "Lb_TS_Ka26": 0.0, "Lb_Med_26": 0.0, "Lbr_Jbt_26": 6.85, "Bgn_Ats_26": "ETP", "Jns_Jbt_26": "STANDAR", "Thn_Bgn_26": "2016", "BA_26": "2", "LNT_26": "0", "BB_26": "0", "DAS_26": "2", "OP_26": "0", "UT_26": "0", "GR_26": "0", "LB_26": "0", "JBT_26": "2", "Tp_Lnts_26": "SUNGAI", "Dt_Lnts_26": "LURUS", "Pnangnn_26": "RUTIN", "Pmriksn_26": "DETAIL", "Pnglola_26": "BBPJN PAPUA-PAPUA PEGUNUNGAN", "Satkr_ID26": "693940", "PPK_Name26": "1.2", "Traffic_26": null, "VCR_26": "0", "AADT_26": "205", "Tipe_Jb_26": null, "Lat_26": -2.580156, "Long_26": 140.019531, "Tgl_Ins_26": "15/05/2026", "Ket_26": null }, "geometry": { "type": "Point", "coordinates": [ 140.019530999556082, -2.58015599959964 ] } },
{ "type": "Feature", "properties": { "KDRUAS_UPD": "62035", "NOJBT_UPD": "62.035.011.0", "NM_RUAS_UP": "NIMBOTONG - BONGGO", "NM_JBT_UPD": "BORORWA I", "PROVINSI": "PAPUA PEGUNUNGAN (JAYAPURA)", "No_Prov_26": "62", "ID_Jbt_26": "6200480", "Kd_Ruas_26": "62035", "Suffix_26": null, "Nm_Ruas_26": "NIMBOTONG - BONGGO", "Lintas_26": "JALAN LINTAS UTARA", "No_Jbt_26": "62.035.011.0", "Nm_Jbt_26": "BORORWA I", "Status_26": "N", "Fungsi_26": "K", "Lks_Dr_26": "JPR", "Lks_km_26": 15.064, "F_STA_26": "1430", "Cadin_26": null, "Pjg_Jbt_26": 7.0, "Btg_Pjg_26": 2.9, "Jml_Btg_26": "2", "Lb_Jl_Ms26": 6.0, "Lb_Jl_Kl26": 6.0, "Lb_Lalin26": 5.95, "Lb_Bh_Ki26": 2.7, "Lb_Bh_Ka26": 1.56, "Lb_Dr_Ki26": 0.0, "Lb_Dr_Ka26": 0.0, "Lb_Tr_Ki26": 0.0, "Lb_Tr_Ka26": 0.0, "Lb_TS_Ki26": 0.31, "Lb_TS_Ka26": 0.36, "Lb_Med_26": 0.0, "Lbr_Jbt_26": 10.88, "Bgn_Ats_26": "BTP", "Jns_Jbt_26": "STANDAR", "Thn_Bgn_26": "2010", "BA_26": "0", "LNT_26": "0", "BB_26": "0", "DAS_26": "2", "OP_26": "0", "UT_26": "0", "GR_26": "2", "LB_26": "0", "JBT_26": "2", "Tp_Lnts_26": "SUNGAI", "Dt_Lnts_26": "LURUS", "Pnangnn_26": "RUTIN", "Pmriksn_26": "DETAIL", "Pnglola_26": "BBPJN PAPUA-PAPUA PEGUNUNGAN", "Satkr_ID26": "693940", "PPK_Name26": "1.2", "Traffic_26": null, "VCR_26": "0", "AADT_26": "205", "Tipe_Jb_26": null, "Lat_26": -2.588757, "Long_26": 140.030273, "Tgl_Ins_26": "15/05/2026", "Ket_26": null }, "geometry": { "type": "Point", "coordinates": [ 140.030273000298735, -2.588756999635791 ] } },
{ "type": "Feature", "properties": { "KDRUAS_UPD": "62036", "NOJBT_UPD": "62.036.004.0", "NM_RUAS_UP": "BONGGO - BETAF - SARMI", "NM_JBT_UPD": "BORPA", "PROVINSI": "PAPUA PEGUNUNGAN (JAYAPURA)", "No_Prov_26": "62", "ID_Jbt_26": "6200550", "Kd_Ruas_26": "62036", "Suffix_26": null, "Nm_Ruas_26": "BONGGO - BETAF - SARMI", "Lintas_26": "JALAN LINTAS UTARA", "No_Jbt_26": "62.036.004.0", "Nm_Jbt_26": "BORPA", "Status_26": "N", "Fungsi_26": "K", "Lks_Dr_26": "JPR", "Lks_km_26": 4.763, "F_STA_26": "730", "Cadin_26": "SRM", "Pjg_Jbt_26": 23.0, "Btg_Pjg_26": 22.4, "Jml_Btg_26": "1", "Lb_Jl_Ms26": 5.85, "Lb_Jl_Kl26": 5.85, "Lb_Lalin26": 6.9, "Lb_Bh_Ki26": 0.0, "Lb_Bh_Ka26": 0.0, "Lb_Dr_Ki26": 0.09, "Lb_Dr_Ka26": 0.09, "Lb_Tr_Ki26": 1.3, "Lb_Tr_Ka26": 1.2, "Lb_TS_Ki26": 0.0, "Lb_TS_Ka26": 0.0, "Lb_Med_26": 0.0, "Lbr_Jbt_26": 9.58, "Bgn_Ats_26": "GTP", "Jns_Jbt_26": "STANDAR", "Thn_Bgn_26": "2014", "BA_26": "2", "LNT_26": "0", "BB_26": "3", "DAS_26": "3", "OP_26": "3", "UT_26": "0", "GR_26": "0", "LB_26": "0", "JBT_26": "3", "Tp_Lnts_26": "SUNGAI", "Dt_Lnts_26": "LURUS", "Pnangnn_26": "REHABILITASI", "Pmriksn_26": "DETAIL", "Pnglola_26": "BBPJN PAPUA-PAPUA PEGUNUNGAN", "Satkr_ID26": "693940", "PPK_Name26": "1.3", "Traffic_26": null, "VCR_26": "0", "AADT_26": "791", "Tipe_Jb_26": null, "Lat_26": -2.253592, "Long_26": 139.526291, "Tgl_Ins_26": "30/05/2026", "Ket_26": null }, "geometry": { "type": "Point", "coordinates": [ 139.526290900404774, -2.253592000070682 ] } },
{ "type": "Feature", "properties": { "KDRUAS_UPD": "62035", "NOJBT_UPD": "62.035.013.0", "NM_RUAS_UP": "NIMBOTONG - BONGGO", "NM_JBT_UPD": "BOX 1 BORORWA", "PROVINSI": "PAPUA PEGUNUNGAN (JAYAPURA)", "No_Prov_26": "62", "ID_Jbt_26": "6200482", "Kd_Ruas_26": "62035", "Suffix_26": null, "Nm_Ruas_26": "NIMBOTONG - BONGGO", "Lintas_26": "JALAN LINTAS UTARA", "No_Jbt_26": "62.035.013.0", "Nm_Jbt_26": "BOX 1 BORORWA", "Status_26": "N", "Fungsi_26": "K", "Lks_Dr_26": "JPR", "Lks_km_26": 15.891, "F_STA_26": "1500", "Cadin_26": "BGO", "Pjg_Jbt_26": 7.85, "Btg_Pjg_26": 2.0, "Jml_Btg_26": "2", "Lb_Jl_Ms26": 6.0, "Lb_Jl_Kl26": 6.0, "Lb_Lalin26": 5.1, "Lb_Bh_Ki26": 2.63, "Lb_Bh_Ka26": 3.24, "Lb_Dr_Ki26": 0.0, "Lb_Dr_Ka26": 0.0, "Lb_Tr_Ki26": 0.0, "Lb_Tr_Ka26": 0.0, "Lb_TS_Ki26": 0.24, "Lb_TS_Ka26": 0.2, "Lb_Med_26": 0.0, "Lbr_Jbt_26": 11.41, "Bgn_Ats_26": "BTP", "Jns_Jbt_26": "STANDAR", "Thn_Bgn_26": "2010", "BA_26": "0", "LNT_26": "0", "BB_26": "0", "DAS_26": "1", "OP_26": "0", "UT_26": "0", "GR_26": "2", "LB_26": "0", "JBT_26": "2", "Tp_Lnts_26": "SUNGAI", "Dt_Lnts_26": "LURUS", "Pnangnn_26": "RUTIN", "Pmriksn_26": "DETAIL", "Pnglola_26": "BBPJN PAPUA-PAPUA PEGUNUNGAN", "Satkr_ID26": "693940", "PPK_Name26": "1.2", "Traffic_26": null, "VCR_26": "0", "AADT_26": "205", "Tipe_Jb_26": null, "Lat_26": -2.584157, "Long_26": 140.025955, "Tgl_Ins_26": "15/05/2026", "Ket_26": null }, "geometry": { "type": "Point", "coordinates": [ 140.025954999923329, -2.584156999745687 ] } },
{ "type": "Feature", "properties": { "KDRUAS_UPD": "62036", "NOJBT_UPD": "62.036.077.0", "NM_RUAS_UP": "BONGGO - BETAF - SARMI", "NM_JBT_UPD": "BOX 1 KORAMIL", "PROVINSI": "PAPUA PEGUNUNGAN (JAYAPURA)", "No_Prov_26": "62", "ID_Jbt_26": "6201051", "Kd_Ruas_26": "62036", "Suffix_26": null, "Nm_Ruas_26": "BONGGO - BETAF - SARMI", "Lintas_26": "JALAN LINTAS UTARA", "No_Jbt_26": "62.036.077.0", "Nm_Jbt_26": "BOX 1 KORAMIL", "Status_26": "N", "Fungsi_26": "K", "Lks_Dr_26": "JPR", "Lks_km_26": 103.633, "F_STA_26": "150", "Cadin_26": "SRM", "Pjg_Jbt_26": 6.0, "Btg_Pjg_26": 3.0, "Jml_Btg_26": "2", "Lb_Jl_Ms26": 4.8, "Lb_Jl_Kl26": 4.8, "Lb_Lalin26": 5.6, "Lb_Bh_Ki26": 2.7, "Lb_Bh_Ka26": 2.1, "Lb_Dr_Ki26": 0.0, "Lb_Dr_Ka26": 0.0, "Lb_Tr_Ki26": 0.0, "Lb_Tr_Ka26": 0.0, "Lb_TS_Ki26": 0.0, "Lb_TS_Ka26": 0.0, "Lb_Med_26": 0.0, "Lbr_Jbt_26": 10.4, "Bgn_Ats_26": "BTP", "Jns_Jbt_26": "STANDAR", "Thn_Bgn_26": "2010", "BA_26": "0", "LNT_26": "0", "BB_26": "0", "DAS_26": "1", "OP_26": "0", "UT_26": "0", "GR_26": "2", "LB_26": "0", "JBT_26": "2", "Tp_Lnts_26": "SUNGAI", "Dt_Lnts_26": "LURUS", "Pnangnn_26": "RUTIN", "Pmriksn_26": "TIDAK DISURVEI TA. 2026", "Pnglola_26": "BBPJN PAPUA-PAPUA PEGUNUNGAN", "Satkr_ID26": "693940", "PPK_Name26": "1.3", "Traffic_26": null, "VCR_26": "0", "AADT_26": "791", "Tipe_Jb_26": null, "Lat_26": -2.286144, "Long_26": 139.55275, "Tgl_Ins_26": "06/06/2025", "Ket_26": null }, "geometry": { "type": "Point", "coordinates": [ 139.552750000012566, -2.286144000245372 ] } },
{ "type": "Feature", "properties": { "KDRUAS_UPD": "62035", "NOJBT_UPD": "62.035.009.0", "NM_RUAS_UP": "NIMBOTONG - BONGGO", "NM_JBT_UPD": "BOX 1 SARMUAIB", "PROVINSI": "PAPUA PEGUNUNGAN (JAYAPURA)", "No_Prov_26": "62", "ID_Jbt_26": "6200478", "Kd_Ruas_26": "62035", "Suffix_26": null, "Nm_Ruas_26": "NIMBOTONG - BONGGO", "Lintas_26": "JALAN LINTAS UTARA", "No_Jbt_26": "62.035.009.0", "Nm_Jbt_26": "BOX 1 SARMUAIB", "Status_26": "N", "Fungsi_26": "K", "Lks_Dr_26": "JPR", "Lks_km_26": 13.352, "F_STA_26": "1270", "Cadin_26": "BGO", "Pjg_Jbt_26": 8.8, "Btg_Pjg_26": 3.0, "Jml_Btg_26": "1", "Lb_Jl_Ms26": 6.25, "Lb_Jl_Kl26": 6.25, "Lb_Lalin26": 5.5, "Lb_Bh_Ki26": 1.6, "Lb_Bh_Ka26": 2.2, "Lb_Dr_Ki26": 0.0, "Lb_Dr_Ka26": 0.0, "Lb_Tr_Ki26": 0.0, "Lb_Tr_Ka26": 0.0, "Lb_TS_Ki26": 0.32, "Lb_TS_Ka26": 0.32, "Lb_Med_26": 0.0, "Lbr_Jbt_26": 9.94, "Bgn_Ats_26": "BTP", "Jns_Jbt_26": "STANDAR", "Thn_Bgn_26": "2010", "BA_26": "0", "LNT_26": "0", "BB_26": "0", "DAS_26": "2", "OP_26": "1", "UT_26": "0", "GR_26": "2", "LB_26": "0", "JBT_26": "2", "Tp_Lnts_26": "SUNGAI", "Dt_Lnts_26": "LURUS", "Pnangnn_26": "RUTIN", "Pmriksn_26": "TIDAK DISURVEI TA. 2026", "Pnglola_26": "BBPJN PAPUA-PAPUA PEGUNUNGAN", "Satkr_ID26": "693940", "PPK_Name26": "1.2", "Traffic_26": null, "VCR_26": "0", "AADT_26": "205", "Tipe_Jb_26": null, "Lat_26": -2.600004, "Long_26": 140.037216, "Tgl_Ins_26": "06/06/2025", "Ket_26": null }, "geometry": { "type": "Point", "coordinates": [ 140.037216000318267, -2.600004000284343 ] } },
{ "type": "Feature", "properties": { "KDRUAS_UPD": "62036", "NOJBT_UPD": "62.036.010.0", "NM_RUAS_UP": "BONGGO - BETAF - SARMI", "NM_JBT_UPD": "BOX 2 LIGGING", "PROVINSI": "PAPUA PEGUNUNGAN (JAYAPURA)", "No_Prov_26": "62", "ID_Jbt_26": "6200555", "Kd_Ruas_26": "62036", "Suffix_26": null, "Nm_Ruas_26": "BONGGO - BETAF - SARMI", "Lintas_26": "JALAN LINTAS UTARA", "No_Jbt_26": "62.036.010.0", "Nm_Jbt_26": "BOX 2 LIGGING", "Status_26": "N", "Fungsi_26": "K", "Lks_Dr_26": "JPR", "Lks_km_26": 12.273, "F_STA_26": "1480", "Cadin_26": "SRM", "Pjg_Jbt_26": 14.15, "Btg_Pjg_26": 3.0, "Jml_Btg_26": "2", "Lb_Jl_Ms26": 4.8, "Lb_Jl_Kl26": 4.8, "Lb_Lalin26": 7.8, "Lb_Bh_Ki26": 1.5, "Lb_Bh_Ka26": 1.5, "Lb_Dr_Ki26": 0.0, "Lb_Dr_Ka26": 0.0, "Lb_Tr_Ki26": 0.0, "Lb_Tr_Ka26": 0.0, "Lb_TS_Ki26": 0.0, "Lb_TS_Ka26": 0.0, "Lb_Med_26": 0.0, "Lbr_Jbt_26": 10.8, "Bgn_Ats_26": "BTP", "Jns_Jbt_26": "STANDAR", "Thn_Bgn_26": "2010", "BA_26": "1", "LNT_26": "1", "BB_26": "0", "DAS_26": "1", "OP_26": "2", "UT_26": "0", "GR_26": "2", "LB_26": "0", "JBT_26": "2", "Tp_Lnts_26": "SUNGAI", "Dt_Lnts_26": "LURUS", "Pnangnn_26": "RUTIN", "Pmriksn_26": "TIDAK DISURVEI TA. 2026", "Pnglola_26": "BBPJN PAPUA-PAPUA PEGUNUNGAN", "Satkr_ID26": "693940", "PPK_Name26": "1.3", "Traffic_26": null, "VCR_26": "0", "AADT_26": "791", "Tipe_Jb_26": null, "Lat_26": -2.218981, "Long_26": 139.479233, "Tgl_Ins_26": "07/06/2025", "Ket_26": null }, "geometry": { "type": "Point", "coordinates": [ 139.479233000202839, -2.21898100027289 ] } },
{ "type": "Feature", "properties": { "KDRUAS_UPD": "62035", "NOJBT_UPD": "62.035.086.0", "NM_RUAS_UP": "NIMBOTONG - BONGGO", "NM_JBT_UPD": "BOX 3 SEBER", "PROVINSI": "PAPUA PEGUNUNGAN (JAYAPURA)", "No_Prov_26": "62", "ID_Jbt_26": "6202112", "Kd_Ruas_26": "62035", "Suffix_26": null, "Nm_Ruas_26": "NIMBOTONG - BONGGO", "Lintas_26": "JALAN LINTAS UTARA", "No_Jbt_26": "62.035.086.0", "Nm_Jbt_26": "BOX 3 SEBER", "Status_26": "N", "Fungsi_26": "K", "Lks_Dr_26": "JPR", "Lks_km_26": 87.42, "F_STA_26": "7530", "Cadin_26": "BGO", "Pjg_Jbt_26": 6.0, "Btg_Pjg_26": 3.0, "Jml_Btg_26": "2", "Lb_Jl_Ms26": 6.0, "Lb_Jl_Kl26": 6.0, "Lb_Lalin26": 5.4, "Lb_Bh_Ki26": 2.4, "Lb_Bh_Ka26": 2.2, "Lb_Dr_Ki26": 0.0, "Lb_Dr_Ka26": 0.0, "Lb_Tr_Ki26": 0.0, "Lb_Tr_Ka26": 0.0, "Lb_TS_Ki26": 0.0, "Lb_TS_Ka26": 0.0, "Lb_Med_26": 0.0, "Lbr_Jbt_26": 10.0, "Bgn_Ats_26": "BTP", "Jns_Jbt_26": "STANDAR", "Thn_Bgn_26": "2010", "BA_26": "0", "LNT_26": "0", "BB_26": "0", "DAS_26": "1", "OP_26": "2", "UT_26": "0", "GR_26": "2", "LB_26": "0", "JBT_26": "2", "Tp_Lnts_26": "SUNGAI", "Dt_Lnts_26": "LURUS", "Pnangnn_26": "RUTIN", "Pmriksn_26": "TIDAK DISURVEI TA. 2026", "Pnglola_26": "BBPJN PAPUA-PAPUA PEGUNUNGAN", "Satkr_ID26": "693940", "PPK_Name26": "1.2", "Traffic_26": null, "VCR_26": "0", "AADT_26": "205", "Tipe_Jb_26": null, "Lat_26": -2.343614, "Long_26": 139.625763, "Tgl_Ins_26": "18/06/2025", "Ket_26": null }, "geometry": { "type": "Point", "coordinates": [ 139.62576299996249, -2.343614000185937 ] } },
{ "type": "Feature", "properties": { "KDRUAS_UPD": "62035", "NOJBT_UPD": "62.035.087.0", "NM_RUAS_UP": "NIMBOTONG - BONGGO", "NM_JBT_UPD": "BOX 4 SEBER", "PROVINSI": "PAPUA PEGUNUNGAN (JAYAPURA)", "No_Prov_26": "62", "ID_Jbt_26": "6202113", "Kd_Ruas_26": "62035", "Suffix_26": null, "Nm_Ruas_26": "NIMBOTONG - BONGGO", "Lintas_26": "JALAN LINTAS UTARA", "No_Jbt_26": "62.035.087.0", "Nm_Jbt_26": "BOX 4 SEBER", "Status_26": "N", "Fungsi_26": "K", "Lks_Dr_26": "JPR", "Lks_km_26": 88.038, "F_STA_26": "7580", "Cadin_26": "BGO", "Pjg_Jbt_26": 6.0, "Btg_Pjg_26": 3.0, "Jml_Btg_26": "2", "Lb_Jl_Ms26": 6.0, "Lb_Jl_Kl26": 6.0, "Lb_Lalin26": 5.6, "Lb_Bh_Ki26": 2.7, "Lb_Bh_Ka26": 2.1, "Lb_Dr_Ki26": 0.0, "Lb_Dr_Ka26": 0.0, "Lb_Tr_Ki26": 0.0, "Lb_Tr_Ka26": 0.0, "Lb_TS_Ki26": 0.0, "Lb_TS_Ka26": 0.0, "Lb_Med_26": 0.0, "Lbr_Jbt_26": 10.4, "Bgn_Ats_26": "BTP", "Jns_Jbt_26": "STANDAR", "Thn_Bgn_26": "2010", "BA_26": "0", "LNT_26": "0", "BB_26": "0", "DAS_26": "1", "OP_26": "2", "UT_26": "0", "GR_26": "2", "LB_26": "0", "JBT_26": "2", "Tp_Lnts_26": "SUNGAI", "Dt_Lnts_26": "LURUS", "Pnangnn_26": "RUTIN", "Pmriksn_26": "TIDAK DISURVEI TA. 2026", "Pnglola_26": "BBPJN PAPUA-PAPUA PEGUNUNGAN", "Satkr_ID26": "693940", "PPK_Name26": "1.2", "Traffic_26": null, "VCR_26": "0", "AADT_26": "205", "Tipe_Jb_26": null, "Lat_26": -2.344536, "Long_26": 139.621216, "Tgl_Ins_26": "18/06/2025", "Ket_26": null }, "geometry": { "type": "Point", "coordinates": [ 139.62121599981856, -2.344536000436051 ] } },
{ "type": "Feature", "properties": { "KDRUAS_UPD": "62035", "NOJBT_UPD": "62.035.088.0", "NM_RUAS_UP": "NIMBOTONG - BONGGO", "NM_JBT_UPD": "BOX 5 SEBER", "PROVINSI": "PAPUA PEGUNUNGAN (JAYAPURA)", "No_Prov_26": "62", "ID_Jbt_26": "6202114", "Kd_Ruas_26": "62035", "Suffix_26": null, "Nm_Ruas_26": "NIMBOTONG - BONGGO", "Lintas_26": "JALAN LINTAS UTARA", "No_Jbt_26": "62.035.088.0", "Nm_Jbt_26": "BOX 5 SEBER", "Status_26": "N", "Fungsi_26": "K", "Lks_Dr_26": "JPR", "Lks_km_26": 88.826, "F_STA_26": "7650", "Cadin_26": "BGO", "Pjg_Jbt_26": 6.0, "Btg_Pjg_26": 3.0, "Jml_Btg_26": "2", "Lb_Jl_Ms26": 6.0, "Lb_Jl_Kl26": 6.0, "Lb_Lalin26": 5.5, "Lb_Bh_Ki26": 2.1, "Lb_Bh_Ka26": 2.5, "Lb_Dr_Ki26": 0.0, "Lb_Dr_Ka26": 0.0, "Lb_Tr_Ki26": 0.0, "Lb_Tr_Ka26": 0.0, "Lb_TS_Ki26": 0.0, "Lb_TS_Ka26": 0.0, "Lb_Med_26": 0.0, "Lbr_Jbt_26": 10.1, "Bgn_Ats_26": "BTP", "Jns_Jbt_26": "STANDAR", "Thn_Bgn_26": "2010", "BA_26": "0", "LNT_26": "0", "BB_26": "0", "DAS_26": "1", "OP_26": "0", "UT_26": "0", "GR_26": "2", "LB_26": "0", "JBT_26": "2", "Tp_Lnts_26": "SUNGAI", "Dt_Lnts_26": "LURUS", "Pnangnn_26": "RUTIN", "Pmriksn_26": "TIDAK DISURVEI TA. 2026", "Pnglola_26": "BBPJN PAPUA-PAPUA PEGUNUNGAN", "Satkr_ID26": "693940", "PPK_Name26": "1.2", "Traffic_26": null, "VCR_26": "0", "AADT_26": "205", "Tipe_Jb_26": null, "Lat_26": -2.343341, "Long_26": 139.615479, "Tgl_Ins_26": "18/06/2025", "Ket_26": null }, "geometry": { "type": "Point", "coordinates": [ 139.615478999656148, -2.343341000186967 ] } },
{ "type": "Feature", "properties": { "KDRUAS_UPD": "62035", "NOJBT_UPD": "62.035.090.0", "NM_RUAS_UP": "NIMBOTONG - BONGGO", "NM_JBT_UPD": "BURUWAY", "PROVINSI": "PAPUA PEGUNUNGAN (JAYAPURA)", "No_Prov_26": "62", "ID_Jbt_26": "6202116", "Kd_Ruas_26": "62035", "Suffix_26": null, "Nm_Ruas_26": "NIMBOTONG - BONGGO", "Lintas_26": "JALAN LINTAS UTARA", "No_Jbt_26": "62.035.090.0", "Nm_Jbt_26": "BURUWAY", "Status_26": "N", "Fungsi_26": "K", "Lks_Dr_26": "JPR", "Lks_km_26": 89.942, "F_STA_26": "7750", "Cadin_26": "BGO", "Pjg_Jbt_26": 77.3, "Btg_Pjg_26": 50.0, "Jml_Btg_26": "1", "Lb_Jl_Ms26": 6.0, "Lb_Jl_Kl26": 6.0, "Lb_Lalin26": 4.51, "Lb_Bh_Ki26": 0.0, "Lb_Bh_Ka26": 0.0, "Lb_Dr_Ki26": 0.0, "Lb_Dr_Ka26": 0.0, "Lb_Tr_Ki26": 0.22, "Lb_Tr_Ka26": 0.22, "Lb_TS_Ki26": 0.0, "Lb_TS_Ka26": 0.0, "Lb_Med_26": 0.0, "Lbr_Jbt_26": 4.95, "Bgn_Ats_26": "RBR", "Jns_Jbt_26": "STANDAR", "Thn_Bgn_26": "2000", "BA_26": "3", "LNT_26": "3", "BB_26": "2", "DAS_26": "2", "OP_26": "2", "UT_26": "0", "GR_26": "0", "LB_26": "0", "JBT_26": "3", "Tp_Lnts_26": "SUNGAI", "Dt_Lnts_26": "LURUS", "Pnangnn_26": "REHABILITASI", "Pmriksn_26": "DETAIL", "Pnglola_26": "BBPJN PAPUA-PAPUA PEGUNUNGAN", "Satkr_ID26": "693940", "PPK_Name26": "1.2", "Traffic_26": null, "VCR_26": "0", "AADT_26": "205", "Tipe_Jb_26": null, "Lat_26": -2.349724, "Long_26": 139.611588, "Tgl_Ins_26": "17/05/2026", "Ket_26": null }, "geometry": { "type": "Point", "coordinates": [ 139.611588000086158, -2.349723999562855 ] } },
{ "type": "Feature", "properties": { "KDRUAS_UPD": "62001", "NOJBT_UPD": "62.001.012.0", "NM_RUAS_UP": "BTS. KOTA JAYAPURA - SENTANI", "NM_JBT_UPD": "COMBA", "PROVINSI": "PAPUA PEGUNUNGAN (JAYAPURA)", "No_Prov_26": "62", "ID_Jbt_26": "6200749", "Kd_Ruas_26": "62001", "Suffix_26": null, "Nm_Ruas_26": "BTS. KOTA JAYAPURA - SENTANI", "Lintas_26": "JALAN LINTAS UTARA", "No_Jbt_26": "62.001.012.0", "Nm_Jbt_26": "COMBA", "Status_26": "N", "Fungsi_26": "A", "Lks_Dr_26": "JPR", "Lks_km_26": 17.922, "F_STA_26": "1550", "Cadin_26": "STN", "Pjg_Jbt_26": 21.0, "Btg_Pjg_26": 20.5, "Jml_Btg_26": "1", "Lb_Jl_Ms26": 14.0, "Lb_Jl_Kl26": 14.0, "Lb_Lalin26": 20.36, "Lb_Bh_Ki26": 0.0, "Lb_Bh_Ka26": 0.0, "Lb_Dr_Ki26": 0.0, "Lb_Dr_Ka26": 0.0, "Lb_Tr_Ki26": 0.96, "Lb_Tr_Ka26": 0.97, "Lb_TS_Ki26": 0.0, "Lb_TS_Ka26": 0.0, "Lb_Med_26": 0.5, "Lbr_Jbt_26": 22.79, "Bgn_Ats_26": "GTP", "Jns_Jbt_26": "STANDAR", "Thn_Bgn_26": "2005", "BA_26": "1", "LNT_26": "1", "BB_26": "3", "DAS_26": "2", "OP_26": "1", "UT_26": "0", "GR_26": "0", "LB_26": "0", "JBT_26": "3", "Tp_Lnts_26": "SUNGAI", "Dt_Lnts_26": "LURUS", "Pnangnn_26": "REHABILITASI", "Pmriksn_26": "DETAIL", "Pnglola_26": "BBPJN PAPUA-PAPUA PEGUNUNGAN", "Satkr_ID26": "693940", "PPK_Name26": "1.1", "Traffic_26": null, "VCR_26": "0", "AADT_26": "31342", "Tipe_Jb_26": null, "Lat_26": -2.564919, "Long_26": 140.507339, "Tgl_Ins_26": "15/06/2026", "Ket_26": null }, "geometry": { "type": "Point", "coordinates": [ 140.507339000194747, -2.56491900021166 ] } },
{ "type": "Feature", "properties": { "KDRUAS_UPD": "62037", "NOJBT_UPD": "62.037.025.0", "NM_RUAS_UP": "SARMI - ARBAIS", "NM_JBT_UPD": "FORKAME", "PROVINSI": "PAPUA PEGUNUNGAN (JAYAPURA)", "No_Prov_26": "62", "ID_Jbt_26": "6200610", "Kd_Ruas_26": "62037", "Suffix_26": null, "Nm_Ruas_26": "SARMI - ARBAIS", "Lintas_26": "NON LINTAS", "No_Jbt_26": "62.037.025.0", "Nm_Jbt_26": "FORKAME", "Status_26": "N", "Fungsi_26": "K", "Lks_Dr_26": "SRM", "Lks_km_26": 17.112, "F_STA_26": "1490", "Cadin_26": "ARB", "Pjg_Jbt_26": 60.2, "Btg_Pjg_26": 60.0, "Jml_Btg_26": "1", "Lb_Jl_Ms26": 6.0, "Lb_Jl_Kl26": 6.0, "Lb_Lalin26": 6.9, "Lb_Bh_Ki26": 0.0, "Lb_Bh_Ka26": 0.0, "Lb_Dr_Ki26": 0.09, "Lb_Dr_Ka26": 0.07, "Lb_Tr_Ki26": 1.0, "Lb_Tr_Ka26": 1.0, "Lb_TS_Ki26": 0.0, "Lb_TS_Ka26": 0.0, "Lb_Med_26": 0.0, "Lbr_Jbt_26": 9.06, "Bgn_Ats_26": "RBP", "Jns_Jbt_26": "STANDAR", "Thn_Bgn_26": "2022", "BA_26": "2", "LNT_26": "1", "BB_26": "3", "DAS_26": "0", "OP_26": "2", "UT_26": "0", "GR_26": "0", "LB_26": "0", "JBT_26": "3", "Tp_Lnts_26": "SUNGAI", "Dt_Lnts_26": "LURUS", "Pnangnn_26": "MYC JALAN (RUTIN)", "Pmriksn_26": "DETAIL", "Pnglola_26": "BBPJN PAPUA-PAPUA PEGUNUNGAN", "Satkr_ID26": "693940", "PPK_Name26": "1.3", "Traffic_26": null, "VCR_26": "0", "AADT_26": "690", "Tipe_Jb_26": null, "Lat_26": -1.831811, "Long_26": 138.677765, "Tgl_Ins_26": "21/05/2026", "Ket_26": null }, "geometry": { "type": "Point", "coordinates": [ 138.677764999755027, -1.83181100007755 ] } },
{ "type": "Feature", "properties": { "KDRUAS_UPD": "62005", "NOJBT_UPD": "62.005.055.0", "NM_RUAS_UP": "YETTI - SENGGI - MAMBERAMO I (STA 0+000 - 107+300)", "NM_JBT_UPD": "GEMBO", "PROVINSI": "PAPUA PEGUNUNGAN (JAYAPURA)", "No_Prov_26": "62", "ID_Jbt_26": "6200100", "Kd_Ruas_26": "62005", "Suffix_26": "0", "Nm_Ruas_26": "YETTI - SENGGI - MAMBERAMO I (STA 0+000 - 107+300)", "Lintas_26": "JALAN LINTAS TENGAH", "No_Jbt_26": "62.005.055.0", "Nm_Jbt_26": "GEMBO", "Status_26": "N", "Fungsi_26": "A", "Lks_Dr_26": "JPR", "Lks_km_26": 51.82, "F_STA_26": "5030", "Cadin_26": "MBR", "Pjg_Jbt_26": 35.7, "Btg_Pjg_26": 35.0, "Jml_Btg_26": "1", "Lb_Jl_Ms26": 4.5, "Lb_Jl_Kl26": 4.5, "Lb_Lalin26": 7.48, "Lb_Bh_Ki26": 0.0, "Lb_Bh_Ka26": 0.0, "Lb_Dr_Ki26": 0.0, "Lb_Dr_Ka26": 0.0, "Lb_Tr_Ki26": 0.78, "Lb_Tr_Ka26": 0.78, "Lb_TS_Ki26": 0.21, "Lb_TS_Ka26": 0.23, "Lb_Med_26": 0.0, "Lbr_Jbt_26": 9.48, "Bgn_Ats_26": "GBP", "Jns_Jbt_26": "STANDAR", "Thn_Bgn_26": "2014", "BA_26": "2", "LNT_26": "2", "BB_26": "0", "DAS_26": "0", "OP_26": "0", "UT_26": "0", "GR_26": "0", "LB_26": "0", "JBT_26": "2", "Tp_Lnts_26": "SUNGAI", "Dt_Lnts_26": "LURUS", "Pnangnn_26": "RUTIN", "Pmriksn_26": "DETAIL", "Pnglola_26": "BBPJN PAPUA-PAPUA PEGUNUNGAN", "Satkr_ID26": "693965", "PPK_Name26": "2.3", "Traffic_26": null, "VCR_26": "0", "AADT_26": "98", "Tipe_Jb_26": null, "Lat_26": -3.585901, "Long_26": 140.698196, "Tgl_Ins_26": "27/06/2026", "Ket_26": null }, "geometry": { "type": "Point", "coordinates": [ 140.698195999945483, -3.585900999931141 ] } },
{ "type": "Feature", "properties": { "KDRUAS_UPD": "62035", "NOJBT_UPD": "62.035.004.0", "NM_RUAS_UP": "NIMBOTONG - BONGGO", "NM_JBT_UPD": "GORONG - GORONG 1 MINGGUI", "PROVINSI": "PAPUA PEGUNUNGAN (JAYAPURA)", "No_Prov_26": "62", "ID_Jbt_26": "6200473", "Kd_Ruas_26": "62035", "Suffix_26": null, "Nm_Ruas_26": "NIMBOTONG - BONGGO", "Lintas_26": "JALAN LINTAS UTARA", "No_Jbt_26": "62.035.004.0", "Nm_Jbt_26": "GORONG - GORONG 1 MINGGUI", "Status_26": "N", "Fungsi_26": "K", "Lks_Dr_26": "JPR", "Lks_km_26": 1.323, "F_STA_26": "250", "Cadin_26": "BGO", "Pjg_Jbt_26": 6.3, "Btg_Pjg_26": 1.5, "Jml_Btg_26": "1", "Lb_Jl_Ms26": 6.0, "Lb_Jl_Kl26": 6.0, "Lb_Lalin26": 5.75, "Lb_Bh_Ki26": 2.5, "Lb_Bh_Ka26": 1.0, "Lb_Dr_Ki26": 0.0, "Lb_Dr_Ka26": 0.0, "Lb_Tr_Ki26": 0.0, "Lb_Tr_Ka26": 0.0, "Lb_TS_Ki26": 0.33, "Lb_TS_Ka26": 0.32, "Lb_Med_26": 0.0, "Lbr_Jbt_26": 9.9, "Bgn_Ats_26": "YBP", "Jns_Jbt_26": "STANDAR", "Thn_Bgn_26": "2010", "BA_26": "1", "LNT_26": "1", "BB_26": "0", "DAS_26": "1", "OP_26": "2", "UT_26": "0", "GR_26": "2", "LB_26": "0", "JBT_26": "2", "Tp_Lnts_26": "SUNGAI", "Dt_Lnts_26": "LURUS", "Pnangnn_26": "RUTIN", "Pmriksn_26": "TIDAK DISURVEI TA. 2026", "Pnglola_26": "BBPJN PAPUA-PAPUA PEGUNUNGAN", "Satkr_ID26": "693940", "PPK_Name26": "1.2", "Traffic_26": null, "VCR_26": "0", "AADT_26": "205", "Tipe_Jb_26": null, "Lat_26": -2.563707, "Long_26": 140.089066, "Tgl_Ins_26": "28/05/2025", "Ket_26": null }, "geometry": { "type": "Point", "coordinates": [ 140.089066000095841, -2.563707000077954 ] } },
{ "type": "Feature", "properties": { "KDRUAS_UPD": "62035", "NOJBT_UPD": "62.035.001.0", "NM_RUAS_UP": "NIMBOTONG - BONGGO", "NM_JBT_UPD": "GORONG - GORONG 3 REPANG", "PROVINSI": "PAPUA PEGUNUNGAN (JAYAPURA)", "No_Prov_26": "62", "ID_Jbt_26": "6200470", "Kd_Ruas_26": "62035", "Suffix_26": null, "Nm_Ruas_26": "NIMBOTONG - BONGGO", "Lintas_26": "JALAN LINTAS UTARA", "No_Jbt_26": "62.035.001.0", "Nm_Jbt_26": "GORONG - GORONG 3 REPANG", "Status_26": "N", "Fungsi_26": "K", "Lks_Dr_26": "JPR", "Lks_km_26": 0.193, "F_STA_26": "150", "Cadin_26": "BGO", "Pjg_Jbt_26": 8.45, "Btg_Pjg_26": 1.0, "Jml_Btg_26": "2", "Lb_Jl_Ms26": 6.0, "Lb_Jl_Kl26": 6.0, "Lb_Lalin26": 4.36, "Lb_Bh_Ki26": 1.46, "Lb_Bh_Ka26": 1.09, "Lb_Dr_Ki26": 0.0, "Lb_Dr_Ka26": 0.0, "Lb_Tr_Ki26": 0.0, "Lb_Tr_Ka26": 0.0, "Lb_TS_Ki26": 0.33, "Lb_TS_Ka26": 0.3, "Lb_Med_26": 0.0, "Lbr_Jbt_26": 7.54, "Bgn_Ats_26": "YBP", "Jns_Jbt_26": "STANDAR", "Thn_Bgn_26": "2010", "BA_26": "1", "LNT_26": "1", "BB_26": "0", "DAS_26": "1", "OP_26": "0", "UT_26": "0", "GR_26": "2", "LB_26": "0", "JBT_26": "2", "Tp_Lnts_26": "SUNGAI", "Dt_Lnts_26": "LURUS", "Pnangnn_26": "RUTIN", "Pmriksn_26": "TIDAK DISURVEI TA. 2026", "Pnglola_26": "BBPJN PAPUA-PAPUA PEGUNUNGAN", "Satkr_ID26": "693940", "PPK_Name26": "1.2", "Traffic_26": null, "VCR_26": "0", "AADT_26": "205", "Tipe_Jb_26": null, "Lat_26": -2.56033, "Long_26": 140.09726, "Tgl_Ins_26": "28/05/2025", "Ket_26": null }, "geometry": { "type": "Point", "coordinates": [ 140.097260000248866, -2.560329999929479 ] } },
{ "type": "Feature", "properties": { "KDRUAS_UPD": "62036", "NOJBT_UPD": "62.036.023.0", "NM_RUAS_UP": "BONGGO - BETAF - SARMI", "NM_JBT_UPD": "GUAMGROW", "PROVINSI": "PAPUA PEGUNUNGAN (JAYAPURA)", "No_Prov_26": "62", "ID_Jbt_26": "6200566", "Kd_Ruas_26": "62036", "Suffix_26": null, "Nm_Ruas_26": "BONGGO - BETAF - SARMI", "Lintas_26": "JALAN LINTAS UTARA", "No_Jbt_26": "62.036.023.0", "Nm_Jbt_26": "GUAMGROW", "Status_26": "N", "Fungsi_26": "K", "Lks_Dr_26": "JPR", "Lks_km_26": 24.704, "F_STA_26": "2610", "Cadin_26": "SRM", "Pjg_Jbt_26": 11.17, "Btg_Pjg_26": 4.0, "Jml_Btg_26": "2", "Lb_Jl_Ms26": 4.71, "Lb_Jl_Kl26": 4.71, "Lb_Lalin26": 8.15, "Lb_Bh_Ki26": 0.0, "Lb_Bh_Ka26": 0.0, "Lb_Dr_Ki26": 0.0, "Lb_Dr_Ka26": 0.0, "Lb_Tr_Ki26": 0.0, "Lb_Tr_Ka26": 0.0, "Lb_TS_Ki26": 0.42, "Lb_TS_Ka26": 0.39, "Lb_Med_26": 0.0, "Lbr_Jbt_26": 8.96, "Bgn_Ats_26": "BTP", "Jns_Jbt_26": "STANDAR", "Thn_Bgn_26": "2024", "BA_26": "0", "LNT_26": "0", "BB_26": "0", "DAS_26": "2", "OP_26": "2", "UT_26": "0", "GR_26": "2", "LB_26": "0", "JBT_26": "2", "Tp_Lnts_26": "SUNGAI", "Dt_Lnts_26": "LURUS", "Pnangnn_26": "RUTIN", "Pmriksn_26": "DETAIL", "Pnglola_26": "BBPJN PAPUA-PAPUA PEGUNUNGAN", "Satkr_ID26": "693940", "PPK_Name26": "1.3", "Traffic_26": null, "VCR_26": "0", "AADT_26": "791", "Tipe_Jb_26": null, "Lat_26": -2.202483, "Long_26": 139.385452, "Tgl_Ins_26": "28/06/2026", "Ket_26": null }, "geometry": { "type": "Point", "coordinates": [ 139.38545200030967, -2.202483000290158 ] } },
{ "type": "Feature", "properties": { "KDRUAS_UPD": "62035", "NOJBT_UPD": "62.035.080.0", "NM_RUAS_UP": "NIMBOTONG - BONGGO", "NM_JBT_UPD": "GUIN", "PROVINSI": "PAPUA PEGUNUNGAN (JAYAPURA)", "No_Prov_26": "62", "ID_Jbt_26": "6200546", "Kd_Ruas_26": "62035", "Suffix_26": null, "Nm_Ruas_26": "NIMBOTONG - BONGGO", "Lintas_26": "JALAN LINTAS UTARA", "No_Jbt_26": "62.035.080.0", "Nm_Jbt_26": "GUIN", "Status_26": "N", "Fungsi_26": "K", "Lks_Dr_26": "JPR", "Lks_km_26": 84.414, "F_STA_26": "7280", "Cadin_26": null, "Pjg_Jbt_26": 12.0, "Btg_Pjg_26": 11.5, "Jml_Btg_26": "1", "Lb_Jl_Ms26": 6.0, "Lb_Jl_Kl26": 6.0, "Lb_Lalin26": 5.5, "Lb_Bh_Ki26": 1.86, "Lb_Bh_Ka26": 1.86, "Lb_Dr_Ki26": 0.0, "Lb_Dr_Ka26": 0.0, "Lb_Tr_Ki26": 0.97, "Lb_Tr_Ka26": 0.96, "Lb_TS_Ki26": 0.0, "Lb_TS_Ka26": 0.0, "Lb_Med_26": 0.0, "Lbr_Jbt_26": 11.15, "Bgn_Ats_26": "ETP", "Jns_Jbt_26": "STANDAR", "Thn_Bgn_26": "2019", "BA_26": "1", "LNT_26": "0", "BB_26": "0", "DAS_26": "1", "OP_26": "0", "UT_26": "0", "GR_26": "0", "LB_26": "0", "JBT_26": "1", "Tp_Lnts_26": "SUNGAI", "Dt_Lnts_26": "LURUS", "Pnangnn_26": "RUTIN", "Pmriksn_26": "TIDAK DISURVEI TA. 2026", "Pnglola_26": "BBPJN PAPUA-PAPUA PEGUNUNGAN", "Satkr_ID26": "693940", "PPK_Name26": "1.2", "Traffic_26": null, "VCR_26": "0", "AADT_26": "205", "Tipe_Jb_26": null, "Lat_26": -2.346499, "Long_26": 139.647644, "Tgl_Ins_26": "18/06/2025", "Ket_26": null }, "geometry": { "type": "Point", "coordinates": [ 139.647643999970683, -2.346499000128688 ] } },
{ "type": "Feature", "properties": { "KDRUAS_UPD": "62034", "NOJBT_UPD": "62.034.001.0", "NM_RUAS_UP": "WARUMBAIM - NIMBOTONG", "NM_JBT_UPD": "GUNYOM (NIMBOKRANG)", "PROVINSI": "PAPUA PEGUNUNGAN (JAYAPURA)", "No_Prov_26": "62", "ID_Jbt_26": "6200468", "Kd_Ruas_26": "62034", "Suffix_26": null, "Nm_Ruas_26": "WARUMBAIM - NIMBOTONG", "Lintas_26": "JALAN LINTAS UTARA", "No_Jbt_26": "62.034.001.0", "Nm_Jbt_26": "GUNYOM (NIMBOKRANG)", "Status_26": "N", "Fungsi_26": "K", "Lks_Dr_26": "JPR", "Lks_km_26": 0.0, "F_STA_26": "730", "Cadin_26": "NBK", "Pjg_Jbt_26": 20.5, "Btg_Pjg_26": 20.0, "Jml_Btg_26": "1", "Lb_Jl_Ms26": 5.02, "Lb_Jl_Kl26": 5.02, "Lb_Lalin26": 4.27, "Lb_Bh_Ki26": 0.0, "Lb_Bh_Ka26": 0.0, "Lb_Dr_Ki26": 0.0, "Lb_Dr_Ka26": 0.0, "Lb_Tr_Ki26": 0.53, "Lb_Tr_Ka26": 0.51, "Lb_TS_Ki26": 0.0, "Lb_TS_Ka26": 0.0, "Lb_Med_26": 0.0, "Lbr_Jbt_26": 5.31, "Bgn_Ats_26": "GBP", "Jns_Jbt_26": "STANDAR", "Thn_Bgn_26": "1992", "BA_26": "2", "LNT_26": "2", "BB_26": "0", "DAS_26": "1", "OP_26": "1", "UT_26": "0", "GR_26": "0", "LB_26": "0", "JBT_26": "2", "Tp_Lnts_26": "SUNGAI", "Dt_Lnts_26": "LURUS", "Pnangnn_26": "RUTIN", "Pmriksn_26": "DETAIL", "Pnglola_26": "BBPJN PAPUA-PAPUA PEGUNUNGAN", "Satkr_ID26": "693940", "PPK_Name26": "1.2", "Traffic_26": null, "VCR_26": "0", "AADT_26": "505", "Tipe_Jb_26": null, "Lat_26": -2.557071, "Long_26": 140.128036, "Tgl_Ins_26": "16/05/2026", "Ket_26": null }, "geometry": { "type": "Point", "coordinates": [ 140.128036000361249, -2.557070999826749 ] } },
{ "type": "Feature", "properties": { "KDRUAS_UPD": "62001", "NOJBT_UPD": "62.001.005.A", "NM_RUAS_UP": "BTS. KOTA JAYAPURA - SENTANI", "NM_JBT_UPD": "HARAPAN I A", "PROVINSI": "PAPUA PEGUNUNGAN (JAYAPURA)", "No_Prov_26": "62", "ID_Jbt_26": "6202083", "Kd_Ruas_26": "62001", "Suffix_26": null, "Nm_Ruas_26": "BTS. KOTA JAYAPURA - SENTANI", "Lintas_26": "JALAN LINTAS UTARA", "No_Jbt_26": "62.001.005.A", "Nm_Jbt_26": "HARAPAN I A", "Status_26": "N", "Fungsi_26": "A", "Lks_Dr_26": "JPR", "Lks_km_26": 7.941, "F_STA_26": "690", "Cadin_26": "STN", "Pjg_Jbt_26": 6.0, "Btg_Pjg_26": 6.0, "Jml_Btg_26": "1", "Lb_Jl_Ms26": 7.0, "Lb_Jl_Kl26": 7.0, "Lb_Lalin26": 5.85, "Lb_Bh_Ki26": 0.86, "Lb_Bh_Ka26": 0.32, "Lb_Dr_Ki26": 0.0, "Lb_Dr_Ka26": 0.0, "Lb_Tr_Ki26": 1.41, "Lb_Tr_Ka26": 0.0, "Lb_TS_Ki26": 0.0, "Lb_TS_Ka26": 0.0, "Lb_Med_26": 0.0, "Lbr_Jbt_26": 8.44, "Bgn_Ats_26": "PTP", "Jns_Jbt_26": "STANDAR", "Thn_Bgn_26": "2010", "BA_26": "1", "LNT_26": "0", "BB_26": "1", "DAS_26": "2", "OP_26": "0", "UT_26": "0", "GR_26": "0", "LB_26": "0", "JBT_26": "2", "Tp_Lnts_26": "SUNGAI", "Dt_Lnts_26": "LURUS", "Pnangnn_26": "RUTIN", "Pmriksn_26": "DETAIL", "Pnglola_26": "BBPJN PAPUA-PAPUA PEGUNUNGAN", "Satkr_ID26": "693940", "PPK_Name26": "1.1", "Traffic_26": null, "VCR_26": "0", "AADT_26": "31342", "Tipe_Jb_26": null, "Lat_26": -2.582508295, "Long_26": 140.5768382, "Tgl_Ins_26": "26/05/2026", "Ket_26": null }, "geometry": { "type": "Point", "coordinates": [ 140.576843000204349, -2.582431000190468 ] } },
{ "type": "Feature", "properties": { "KDRUAS_UPD": "62001", "NOJBT_UPD": "62.001.006.A", "NM_RUAS_UP": "BTS. KOTA JAYAPURA - SENTANI", "NM_JBT_UPD": "HARAPAN II A", "PROVINSI": "PAPUA PEGUNUNGAN (JAYAPURA)", "No_Prov_26": "62", "ID_Jbt_26": "6200745", "Kd_Ruas_26": "62001", "Suffix_26": null, "Nm_Ruas_26": "BTS. KOTA JAYAPURA - SENTANI", "Lintas_26": "JALAN LINTAS UTARA", "No_Jbt_26": "62.001.006.A", "Nm_Jbt_26": "HARAPAN II A", "Status_26": "N", "Fungsi_26": "A", "Lks_Dr_26": "JPR", "Lks_km_26": 9.791, "F_STA_26": "760", "Cadin_26": "STN", "Pjg_Jbt_26": 31.0, "Btg_Pjg_26": 30.0, "Jml_Btg_26": "1", "Lb_Jl_Ms26": 7.0, "Lb_Jl_Kl26": 7.0, "Lb_Lalin26": 6.11, "Lb_Bh_Ki26": 0.5, "Lb_Bh_Ka26": 0.54, "Lb_Dr_Ki26": 0.0, "Lb_Dr_Ka26": 0.0, "Lb_Tr_Ki26": 1.01, "Lb_Tr_Ka26": 1.04, "Lb_TS_Ki26": 0.0, "Lb_TS_Ka26": 0.0, "Lb_Med_26": 0.0, "Lbr_Jbt_26": 9.2, "Bgn_Ats_26": "GBP", "Jns_Jbt_26": "STANDAR", "Thn_Bgn_26": "1977", "BA_26": "2", "LNT_26": "2", "BB_26": "2", "DAS_26": "1", "OP_26": "2", "UT_26": "0", "GR_26": "0", "LB_26": "0", "JBT_26": "2", "Tp_Lnts_26": "SUNGAI", "Dt_Lnts_26": "LURUS", "Pnangnn_26": "RUTIN", "Pmriksn_26": "DETAIL", "Pnglola_26": "BBPJN PAPUA-PAPUA PEGUNUNGAN", "Satkr_ID26": "693940", "PPK_Name26": "1.1", "Traffic_26": null, "VCR_26": "0", "AADT_26": "31342", "Tipe_Jb_26": null, "Lat_26": -2.58255, "Long_26": 140.570557, "Tgl_Ins_26": "15/06/2026", "Ket_26": null }, "geometry": { "type": "Point", "coordinates": [ 140.570556999905648, -2.582550000282254 ] } },
{ "type": "Feature", "properties": { "KDRUAS_UPD": "62001", "NOJBT_UPD": "62.001.006.B", "NM_RUAS_UP": "BTS. KOTA JAYAPURA - SENTANI", "NM_JBT_UPD": "HARAPAN II B", "PROVINSI": "PAPUA PEGUNUNGAN (JAYAPURA)", "No_Prov_26": "62", "ID_Jbt_26": "6200746", "Kd_Ruas_26": "62001", "Suffix_26": null, "Nm_Ruas_26": "BTS. KOTA JAYAPURA - SENTANI", "Lintas_26": "JALAN LINTAS UTARA", "No_Jbt_26": "62.001.006.B", "Nm_Jbt_26": "HARAPAN II B", "Status_26": "N", "Fungsi_26": "A", "Lks_Dr_26": "JPR", "Lks_km_26": 9.791, "F_STA_26": "760", "Cadin_26": "STN", "Pjg_Jbt_26": 30.4, "Btg_Pjg_26": 29.9, "Jml_Btg_26": "1", "Lb_Jl_Ms26": 7.0, "Lb_Jl_Kl26": 7.0, "Lb_Lalin26": 6.27, "Lb_Bh_Ki26": 0.38, "Lb_Bh_Ka26": 0.45, "Lb_Dr_Ki26": 0.0, "Lb_Dr_Ka26": 0.0, "Lb_Tr_Ki26": 1.05, "Lb_Tr_Ka26": 1.03, "Lb_TS_Ki26": 0.25, "Lb_TS_Ka26": 0.28, "Lb_Med_26": 0.0, "Lbr_Jbt_26": 9.71, "Bgn_Ats_26": "GBP", "Jns_Jbt_26": "STANDAR", "Thn_Bgn_26": "2014", "BA_26": "2", "LNT_26": "2", "BB_26": "1", "DAS_26": "1", "OP_26": "1", "UT_26": "0", "GR_26": "0", "LB_26": "0", "JBT_26": "2", "Tp_Lnts_26": "SUNGAI", "Dt_Lnts_26": "LURUS", "Pnangnn_26": "RUTIN", "Pmriksn_26": "DETAIL", "Pnglola_26": "BBPJN PAPUA-PAPUA PEGUNUNGAN", "Satkr_ID26": "693940", "PPK_Name26": "1.1", "Traffic_26": null, "VCR_26": "0", "AADT_26": "31342", "Tipe_Jb_26": null, "Lat_26": -2.582477, "Long_26": 140.570572, "Tgl_Ins_26": "16/06/2026", "Ket_26": null }, "geometry": { "type": "Point", "coordinates": [ 140.570571999698132, -2.582476999613789 ] } },
{ "type": "Feature", "properties": { "KDRUAS_UPD": "62001", "NOJBT_UPD": "62.001.009.0", "NM_RUAS_UP": "BTS. KOTA JAYAPURA - SENTANI", "NM_JBT_UPD": "HAWAI", "PROVINSI": "PAPUA PEGUNUNGAN (JAYAPURA)", "No_Prov_26": "62", "ID_Jbt_26": "6200002", "Kd_Ruas_26": "62001", "Suffix_26": null, "Nm_Ruas_26": "BTS. KOTA JAYAPURA - SENTANI", "Lintas_26": "JALAN LINTAS UTARA", "No_Jbt_26": "62.001.009.0", "Nm_Jbt_26": "HAWAI", "Status_26": "N", "Fungsi_26": "A", "Lks_Dr_26": "JPR", "Lks_km_26": 15.277, "F_STA_26": "1330", "Cadin_26": "STN", "Pjg_Jbt_26": 14.0, "Btg_Pjg_26": 14.0, "Jml_Btg_26": "1", "Lb_Jl_Ms26": 14.0, "Lb_Jl_Kl26": 14.0, "Lb_Lalin26": 12.265, "Lb_Bh_Ki26": 1.04, "Lb_Bh_Ka26": 0.72, "Lb_Dr_Ki26": 0.0, "Lb_Dr_Ka26": 0.0, "Lb_Tr_Ki26": 1.18, "Lb_Tr_Ka26": 1.0, "Lb_TS_Ki26": 0.0, "Lb_TS_Ka26": 0.0, "Lb_Med_26": 0.94, "Lbr_Jbt_26": 17.145, "Bgn_Ats_26": "GTP", "Jns_Jbt_26": "STANDAR", "Thn_Bgn_26": "2004", "BA_26": "2", "LNT_26": "2", "BB_26": "2", "DAS_26": "1", "OP_26": "2", "UT_26": "0", "GR_26": "0", "LB_26": "0", "JBT_26": "2", "Tp_Lnts_26": "SUNGAI", "Dt_Lnts_26": "LURUS", "Pnangnn_26": "RUTIN", "Pmriksn_26": "DETAIL", "Pnglola_26": "BBPJN PAPUA-PAPUA PEGUNUNGAN", "Satkr_ID26": "693940", "PPK_Name26": "1.1", "Traffic_26": null, "VCR_26": "0", "AADT_26": "31342", "Tipe_Jb_26": null, "Lat_26": -2.569566, "Long_26": 140.526718, "Tgl_Ins_26": "15/06/2026", "Ket_26": null }, "geometry": { "type": "Point", "coordinates": [ 140.52671799993584, -2.569565999571182 ] } },
{ "type": "Feature", "properties": { "KDRUAS_UPD": "62036", "NOJBT_UPD": "62.036.042.0", "NM_RUAS_UP": "BONGGO - BETAF - SARMI", "NM_JBT_UPD": "HEYO", "PROVINSI": "PAPUA PEGUNUNGAN (JAYAPURA)", "No_Prov_26": "62", "ID_Jbt_26": "6200585", "Kd_Ruas_26": "62036", "Suffix_26": null, "Nm_Ruas_26": "BONGGO - BETAF - SARMI", "Lintas_26": "JALAN LINTAS UTARA", "No_Jbt_26": "62.036.042.0", "Nm_Jbt_26": "HEYO", "Status_26": "N", "Fungsi_26": "K", "Lks_Dr_26": "JPR", "Lks_km_26": 46.287, "F_STA_26": "4610", "Cadin_26": "SRM", "Pjg_Jbt_26": 30.9, "Btg_Pjg_26": 30.2, "Jml_Btg_26": "1", "Lb_Jl_Ms26": 5.0, "Lb_Jl_Kl26": 5.0, "Lb_Lalin26": 6.0, "Lb_Bh_Ki26": 0.0, "Lb_Bh_Ka26": 0.0, "Lb_Dr_Ki26": 0.0, "Lb_Dr_Ka26": 0.0, "Lb_Tr_Ki26": 0.49, "Lb_Tr_Ka26": 0.49, "Lb_TS_Ki26": 0.0, "Lb_TS_Ka26": 0.0, "Lb_Med_26": 0.0, "Lbr_Jbt_26": 6.98, "Bgn_Ats_26": "GBP", "Jns_Jbt_26": "STANDAR", "Thn_Bgn_26": "2016", "BA_26": "2", "LNT_26": "2", "BB_26": "1", "DAS_26": "1", "OP_26": "2", "UT_26": "0", "GR_26": "0", "LB_26": "0", "JBT_26": "2", "Tp_Lnts_26": "SUNGAI", "Dt_Lnts_26": "LURUS", "Pnangnn_26": "RUTIN", "Pmriksn_26": "TIDAK DISURVEI TA. 2026", "Pnglola_26": "BBPJN PAPUA-PAPUA PEGUNUNGAN", "Satkr_ID26": "693940", "PPK_Name26": "1.3", "Traffic_26": null, "VCR_26": "0", "AADT_26": "791", "Tipe_Jb_26": null, "Lat_26": -2.117497, "Long_26": 139.254318, "Tgl_Ins_26": "07/06/2025", "Ket_26": null }, "geometry": { "type": "Point", "coordinates": [ 139.254318000075727, -2.117497000386209 ] } },
{ "type": "Feature", "properties": { "KDRUAS_UPD": "62036", "NOJBT_UPD": "62.036.044.0", "NM_RUAS_UP": "BONGGO - BETAF - SARMI", "NM_JBT_UPD": "HEYOII", "PROVINSI": "PAPUA PEGUNUNGAN (JAYAPURA)", "No_Prov_26": "62", "ID_Jbt_26": "6200587", "Kd_Ruas_26": "62036", "Suffix_26": null, "Nm_Ruas_26": "BONGGO - BETAF - SARMI", "Lintas_26": "JALAN LINTAS UTARA", "No_Jbt_26": "62.036.044.0", "Nm_Jbt_26": "HEYOII", "Status_26": "N", "Fungsi_26": "K", "Lks_Dr_26": "JPR", "Lks_km_26": 49.229, "F_STA_26": "4880", "Cadin_26": "SRM", "Pjg_Jbt_26": 16.8, "Btg_Pjg_26": 3.0, "Jml_Btg_26": "3", "Lb_Jl_Ms26": 4.91, "Lb_Jl_Kl26": 4.91, "Lb_Lalin26": 7.1, "Lb_Bh_Ki26": 1.45, "Lb_Bh_Ka26": 1.5, "Lb_Dr_Ki26": 0.0, "Lb_Dr_Ka26": 0.0, "Lb_Tr_Ki26": 0.0, "Lb_Tr_Ka26": 0.0, "Lb_TS_Ki26": 0.0, "Lb_TS_Ka26": 0.0, "Lb_Med_26": 0.0, "Lbr_Jbt_26": 10.05, "Bgn_Ats_26": "BTP", "Jns_Jbt_26": "STANDAR", "Thn_Bgn_26": "2022", "BA_26": "0", "LNT_26": "0", "BB_26": "0", "DAS_26": "1", "OP_26": "1", "UT_26": "1", "GR_26": "0", "LB_26": "0", "JBT_26": "1", "Tp_Lnts_26": "SUNGAI", "Dt_Lnts_26": "LURUS", "Pnangnn_26": "RUTIN", "Pmriksn_26": "TIDAK DISURVEI TA. 2026", "Pnglola_26": "BBPJN PAPUA-PAPUA PEGUNUNGAN", "Satkr_ID26": "693940", "PPK_Name26": "1.3", "Traffic_26": null, "VCR_26": "0", "AADT_26": "791", "Tipe_Jb_26": null, "Lat_26": -2.103225, "Long_26": 139.237, "Tgl_Ins_26": "11/07/2023", "Ket_26": null }, "geometry": { "type": "Point", "coordinates": [ 139.237029999634842, -2.103224999633994 ] } },
{ "type": "Feature", "properties": { "KDRUAS_UPD": "62003", "NOJBT_UPD": "62.003.004.0", "NM_RUAS_UP": "ARSO - WARIS", "NM_JBT_UPD": "SEITAMI", "PROVINSI": "PAPUA PEGUNUNGAN (JAYAPURA)", "No_Prov_26": "62", "ID_Jbt_26": "6200016", "Kd_Ruas_26": "62003", "Suffix_26": null, "Nm_Ruas_26": "ARSO - WARIS", "Lintas_26": "JALAN LINTAS PERBATASAN", "No_Jbt_26": "62.003.004.0", "Nm_Jbt_26": "SEITAMI", "Status_26": "N", "Fungsi_26": "A", "Lks_Dr_26": "JPR", "Lks_km_26": 4.486, "F_STA_26": "350", "Cadin_26": "ARS", "Pjg_Jbt_26": 61.0, "Btg_Pjg_26": 60.0, "Jml_Btg_26": "1", "Lb_Jl_Ms26": 6.0, "Lb_Jl_Kl26": 6.0, "Lb_Lalin26": 4.5, "Lb_Bh_Ki26": 0.48, "Lb_Bh_Ka26": 0.46, "Lb_Dr_Ki26": 0.05, "Lb_Dr_Ka26": 0.05, "Lb_Tr_Ki26": 0.0, "Lb_Tr_Ka26": 0.0, "Lb_TS_Ki26": 0.0, "Lb_TS_Ka26": 0.0, "Lb_Med_26": 0.0, "Lbr_Jbt_26": 5.54, "Bgn_Ats_26": "RBA", "Jns_Jbt_26": "STANDAR", "Thn_Bgn_26": "2003", "BA_26": "2", "LNT_26": "2", "BB_26": "2", "DAS_26": "2", "OP_26": "2", "UT_26": "0", "GR_26": "0", "LB_26": "0", "JBT_26": "2", "Tp_Lnts_26": "SUNGAI", "Dt_Lnts_26": "LURUS", "Pnangnn_26": "RUTIN", "Pmriksn_26": "DETAIL", "Pnglola_26": "BBPJN PAPUA-PAPUA PEGUNUNGAN", "Satkr_ID26": "693965", "PPK_Name26": "2.1", "Traffic_26": null, "VCR_26": "0", "AADT_26": "96", "Tipe_Jb_26": null, "Lat_26": -3.007495, "Long_26": 140.7597, "Tgl_Ins_26": "23/06/2026", "Ket_26": null }, "geometry": { "type": "Point", "coordinates": [ 140.759719999778213, -3.007494999594485 ] } },
{ "type": "Feature", "properties": { "KDRUAS_UPD": "62035", "NOJBT_UPD": "62.035.024.0", "NM_RUAS_UP": "NIMBOTONG - BONGGO", "NM_JBT_UPD": "HISGRIM", "PROVINSI": "PAPUA PEGUNUNGAN (JAYAPURA)", "No_Prov_26": "62", "ID_Jbt_26": "6200493", "Kd_Ruas_26": "62035", "Suffix_26": null, "Nm_Ruas_26": "NIMBOTONG - BONGGO", "Lintas_26": "JALAN LINTAS UTARA", "No_Jbt_26": "62.035.024.0", "Nm_Jbt_26": "HISGRIM", "Status_26": "N", "Fungsi_26": "K", "Lks_Dr_26": "JPR", "Lks_km_26": 25.803, "F_STA_26": "2350", "Cadin_26": "BGO", "Pjg_Jbt_26": 19.65, "Btg_Pjg_26": 3.0, "Jml_Btg_26": "3", "Lb_Jl_Ms26": 6.0, "Lb_Jl_Kl26": 6.0, "Lb_Lalin26": 6.1, "Lb_Bh_Ki26": 2.25, "Lb_Bh_Ka26": 2.0, "Lb_Dr_Ki26": 0.0, "Lb_Dr_Ka26": 0.0, "Lb_Tr_Ki26": 0.0, "Lb_Tr_Ka26": 0.0, "Lb_TS_Ki26": 0.4, "Lb_TS_Ka26": 0.4, "Lb_Med_26": 0.0, "Lbr_Jbt_26": 11.15, "Bgn_Ats_26": "BTP", "Jns_Jbt_26": "STANDAR", "Thn_Bgn_26": "2014", "BA_26": "0", "LNT_26": "0", "BB_26": "0", "DAS_26": "2", "OP_26": "0", "UT_26": "0", "GR_26": "2", "LB_26": "0", "JBT_26": "2", "Tp_Lnts_26": "SUNGAI", "Dt_Lnts_26": "LURUS", "Pnangnn_26": "RUTIN", "Pmriksn_26": "TIDAK DISURVEI TA. 2026", "Pnglola_26": "BBPJN PAPUA-PAPUA PEGUNUNGAN", "Satkr_ID26": "693940", "PPK_Name26": "1.2", "Traffic_26": null, "VCR_26": "0", "AADT_26": "205", "Tipe_Jb_26": null, "Lat_26": -2.539503, "Long_26": 139.975983, "Tgl_Ins_26": "07/06/2025", "Ket_26": null }, "geometry": { "type": "Point", "coordinates": [ 139.975983000415226, -2.539502999963418 ] } },
{ "type": "Feature", "properties": { "KDRUAS_UPD": "62035", "NOJBT_UPD": "62.035.037.0", "NM_RUAS_UP": "NIMBOTONG - BONGGO", "NM_JBT_UPD": "HISGRIM", "PROVINSI": "PAPUA PEGUNUNGAN (JAYAPURA)", "No_Prov_26": "62", "ID_Jbt_26": "6200504", "Kd_Ruas_26": "62035", "Suffix_26": null, "Nm_Ruas_26": "NIMBOTONG - BONGGO", "Lintas_26": "JALAN LINTAS UTARA", "No_Jbt_26": "62.035.037.0", "Nm_Jbt_26": "HISGRIM", "Status_26": "N", "Fungsi_26": "K", "Lks_Dr_26": "JPR", "Lks_km_26": 41.971, "F_STA_26": "3730", "Cadin_26": "BGO", "Pjg_Jbt_26": 15.0, "Btg_Pjg_26": 2.9, "Jml_Btg_26": "2", "Lb_Jl_Ms26": 5.25, "Lb_Jl_Kl26": 5.25, "Lb_Lalin26": 6.0, "Lb_Bh_Ki26": 2.1, "Lb_Bh_Ka26": 1.9, "Lb_Dr_Ki26": 0.0, "Lb_Dr_Ka26": 0.0, "Lb_Tr_Ki26": 0.0, "Lb_Tr_Ka26": 0.0, "Lb_TS_Ki26": 0.4, "Lb_TS_Ka26": 0.5, "Lb_Med_26": 0.0, "Lbr_Jbt_26": 10.9, "Bgn_Ats_26": "BTP", "Jns_Jbt_26": "STANDAR", "Thn_Bgn_26": "2014", "BA_26": "0", "LNT_26": "0", "BB_26": "0", "DAS_26": "2", "OP_26": "2", "UT_26": "0", "GR_26": "2", "LB_26": "0", "JBT_26": "2", "Tp_Lnts_26": "SUNGAI", "Dt_Lnts_26": "LURUS", "Pnangnn_26": "RUTIN", "Pmriksn_26": "DETAIL", "Pnglola_26": "BBPJN PAPUA-PAPUA PEGUNUNGAN", "Satkr_ID26": "693940", "PPK_Name26": "1.2", "Traffic_26": null, "VCR_26": "0", "AADT_26": "205", "Tipe_Jb_26": null, "Lat_26": -2.499621, "Long_26": 139.884399, "Tgl_Ins_26": "16/05/2026", "Ket_26": null }, "geometry": { "type": "Point", "coordinates": [ 139.884399000213762, -2.499620999909155 ] } },
{ "type": "Feature", "properties": { "KDRUAS_UPD": "6203214", "NOJBT_UPD": "62.032.001.0.14", "NM_RUAS_UP": "HAMADI - HOLTEKAMP (JALAN & JEMBATAN YOUTEFA)", "NM_JBT_UPD": "YOUTEFA", "PROVINSI": "PAPUA PEGUNUNGAN (JAYAPURA)", "No_Prov_26": "62", "ID_Jbt_26": "6200451", "Kd_Ruas_26": "6203214", "Suffix_26": "14", "Nm_Ruas_26": "HAMADI - HOLTEKAMP (JALAN & JEMBATAN YOUTEFA)", "Lintas_26": null, "No_Jbt_26": "62.032.001.0.14", "Nm_Jbt_26": "YOUTEFA", "Status_26": "N", "Fungsi_26": "A", "Lks_Dr_26": "JPR", "Lks_km_26": 3.266, "F_STA_26": "290", "Cadin_26": "SKW", "Pjg_Jbt_26": 891.9, "Btg_Pjg_26": 150.0, "Jml_Btg_26": "34", "Lb_Jl_Ms26": 14.0, "Lb_Jl_Kl26": 14.0, "Lb_Lalin26": 14.1, "Lb_Bh_Ki26": 0.72, "Lb_Bh_Ka26": 0.72, "Lb_Dr_Ki26": 0.2, "Lb_Dr_Ka26": 0.18, "Lb_Tr_Ki26": 1.7, "Lb_Tr_Ka26": 1.7, "Lb_TS_Ki26": 0.5, "Lb_TS_Ka26": 0.5, "Lb_Med_26": 0.53, "Lbr_Jbt_26": 20.85, "Bgn_Ats_26": "LBP", "Jns_Jbt_26": "KHUSUS", "Thn_Bgn_26": "2021", "BA_26": "2", "LNT_26": "2", "BB_26": "2", "DAS_26": "2", "OP_26": "0", "UT_26": "0", "GR_26": "0", "LB_26": "0", "JBT_26": "2", "Tp_Lnts_26": "SUNGAI", "Dt_Lnts_26": "LURUS", "Pnangnn_26": "RUTIN", "Pmriksn_26": "DETAIL", "Pnglola_26": "BBPJN PAPUA-PAPUA PEGUNUNGAN", "Satkr_ID26": "693940", "PPK_Name26": "1.1", "Traffic_26": null, "VCR_26": "0", "AADT_26": "18190", "Tipe_Jb_26": null, "Lat_26": -2.594386, "Long_26": 140.7136, "Tgl_Ins_26": "23/05/2026", "Ket_26": null }, "geometry": { "type": "Point", "coordinates": [ 140.71365399963247, -2.594386000213717 ] } },
{ "type": "Feature", "properties": { "KDRUAS_UPD": "62001", "NOJBT_UPD": "62.001.001.A", "NM_RUAS_UP": "BTS. KOTA JAYAPURA - SENTANI", "NM_JBT_UPD": "HUBAY A", "PROVINSI": "PAPUA PEGUNUNGAN (JAYAPURA)", "No_Prov_26": "62", "ID_Jbt_26": "6200743", "Kd_Ruas_26": "62001", "Suffix_26": null, "Nm_Ruas_26": "BTS. KOTA JAYAPURA - SENTANI", "Lintas_26": "JALAN LINTAS UTARA", "No_Jbt_26": "62.001.001.A", "Nm_Jbt_26": "HUBAY A", "Status_26": "N", "Fungsi_26": "A", "Lks_Dr_26": "JPR", "Lks_km_26": 1.224, "F_STA_26": "110", "Cadin_26": "STN", "Pjg_Jbt_26": 15.5, "Btg_Pjg_26": 15.0, "Jml_Btg_26": "1", "Lb_Jl_Ms26": 7.0, "Lb_Jl_Kl26": 7.0, "Lb_Lalin26": 6.17, "Lb_Bh_Ki26": 0.52, "Lb_Bh_Ka26": 0.5, "Lb_Dr_Ki26": 0.0, "Lb_Dr_Ka26": 0.0, "Lb_Tr_Ki26": 1.41, "Lb_Tr_Ka26": 1.33, "Lb_TS_Ki26": 0.0, "Lb_TS_Ka26": 0.0, "Lb_Med_26": 0.0, "Lbr_Jbt_26": 9.93, "Bgn_Ats_26": "GTP", "Jns_Jbt_26": "STANDAR", "Thn_Bgn_26": "1990", "BA_26": "3", "LNT_26": "0", "BB_26": "2", "DAS_26": "0", "OP_26": "2", "UT_26": "0", "GR_26": "0", "LB_26": "0", "JBT_26": "3", "Tp_Lnts_26": "SUNGAI", "Dt_Lnts_26": "LURUS", "Pnangnn_26": "REHABILITASI", "Pmriksn_26": "DETAIL", "Pnglola_26": "BBPJN PAPUA-PAPUA PEGUNUNGAN", "Satkr_ID26": "693940", "PPK_Name26": "1.1", "Traffic_26": null, "VCR_26": "0", "AADT_26": "31342", "Tipe_Jb_26": null, "Lat_26": -2.590048, "Long_26": 140.616913, "Tgl_Ins_26": "26/05/2026", "Ket_26": null }, "geometry": { "type": "Point", "coordinates": [ 140.616912999935039, -2.590047999815283 ] } },
{ "type": "Feature", "properties": { "KDRUAS_UPD": "62001", "NOJBT_UPD": "62.001.001.B", "NM_RUAS_UP": "BTS. KOTA JAYAPURA - SENTANI", "NM_JBT_UPD": "HUBAY B", "PROVINSI": "PAPUA PEGUNUNGAN (JAYAPURA)", "No_Prov_26": "62", "ID_Jbt_26": "6200744", "Kd_Ruas_26": "62001", "Suffix_26": null, "Nm_Ruas_26": "BTS. KOTA JAYAPURA - SENTANI", "Lintas_26": "JALAN LINTAS UTARA", "No_Jbt_26": "62.001.001.B", "Nm_Jbt_26": "HUBAY B", "Status_26": "N", "Fungsi_26": "A", "Lks_Dr_26": "JPR", "Lks_km_26": 1.224, "F_STA_26": "110", "Cadin_26": "JPR", "Pjg_Jbt_26": 16.6, "Btg_Pjg_26": 16.0, "Jml_Btg_26": "1", "Lb_Jl_Ms26": 7.0, "Lb_Jl_Kl26": 7.0, "Lb_Lalin26": 5.9, "Lb_Bh_Ki26": 0.32, "Lb_Bh_Ka26": 0.77, "Lb_Dr_Ki26": 0.0, "Lb_Dr_Ka26": 0.0, "Lb_Tr_Ki26": 0.94, "Lb_Tr_Ka26": 0.96, "Lb_TS_Ki26": 0.0, "Lb_TS_Ka26": 0.0, "Lb_Med_26": 0.0, "Lbr_Jbt_26": 8.89, "Bgn_Ats_26": "GTP", "Jns_Jbt_26": "STANDAR", "Thn_Bgn_26": "2015", "BA_26": "2", "LNT_26": "2", "BB_26": "2", "DAS_26": "2", "OP_26": "2", "UT_26": "0", "GR_26": "0", "LB_26": "0", "JBT_26": "2", "Tp_Lnts_26": "SUNGAI", "Dt_Lnts_26": "LURUS", "Pnangnn_26": "RUTIN", "Pmriksn_26": "DETAIL", "Pnglola_26": "BBPJN PAPUA-PAPUA PEGUNUNGAN", "Satkr_ID26": "693940", "PPK_Name26": "1.1", "Traffic_26": null, "VCR_26": "0", "AADT_26": "31342", "Tipe_Jb_26": null, "Lat_26": -2.589898, "Long_26": 140.617004, "Tgl_Ins_26": "26/05/2026", "Ket_26": null }, "geometry": { "type": "Point", "coordinates": [ 140.617003999634903, -2.589898000092603 ] } },
{ "type": "Feature", "properties": { "KDRUAS_UPD": "62001", "NOJBT_UPD": "62.001.002.0", "NM_RUAS_UP": "BTS. KOTA JAYAPURA - SENTANI", "NM_JBT_UPD": "HUBAY I", "PROVINSI": "PAPUA PEGUNUNGAN (JAYAPURA)", "No_Prov_26": "62", "ID_Jbt_26": "6200001", "Kd_Ruas_26": "62001", "Suffix_26": null, "Nm_Ruas_26": "BTS. KOTA JAYAPURA - SENTANI", "Lintas_26": "JALAN LINTAS UTARA", "No_Jbt_26": "62.001.002.0", "Nm_Jbt_26": "HUBAY I", "Status_26": "N", "Fungsi_26": "A", "Lks_Dr_26": "JPR", "Lks_km_26": 4.607, "F_STA_26": "410", "Cadin_26": "STN", "Pjg_Jbt_26": 8.4, "Btg_Pjg_26": 3.0, "Jml_Btg_26": "2", "Lb_Jl_Ms26": 14.0, "Lb_Jl_Kl26": 14.0, "Lb_Lalin26": 12.06, "Lb_Bh_Ki26": 2.63, "Lb_Bh_Ka26": 5.21, "Lb_Dr_Ki26": 0.0, "Lb_Dr_Ka26": 0.0, "Lb_Tr_Ki26": 0.0, "Lb_Tr_Ka26": 0.0, "Lb_TS_Ki26": 0.3, "Lb_TS_Ka26": 0.4, "Lb_Med_26": 2.36, "Lbr_Jbt_26": 22.96, "Bgn_Ats_26": "BTP", "Jns_Jbt_26": "STANDAR", "Thn_Bgn_26": "1990", "BA_26": "1", "LNT_26": "0", "BB_26": "0", "DAS_26": "2", "OP_26": "2", "UT_26": "0", "GR_26": "2", "LB_26": "0", "JBT_26": "2", "Tp_Lnts_26": "SUNGAI", "Dt_Lnts_26": "LURUS", "Pnangnn_26": "RUTIN", "Pmriksn_26": "DETAIL", "Pnglola_26": "BBPJN PAPUA-PAPUA PEGUNUNGAN", "Satkr_ID26": "693940", "PPK_Name26": "1.1", "Traffic_26": null, "VCR_26": "0", "AADT_26": "31342", "Tipe_Jb_26": null, "Lat_26": -2.586097, "Long_26": 140.597794, "Tgl_Ins_26": "26/05/2026", "Ket_26": null }, "geometry": { "type": "Point", "coordinates": [ 140.597793999593478, -2.58609700017638 ] } },
{ "type": "Feature", "properties": { "KDRUAS_UPD": "62035", "NOJBT_UPD": "62.035.075.0", "NM_RUAS_UP": "NIMBOTONG - BONGGO", "NM_JBT_UPD": "IVATRAWEY", "PROVINSI": "PAPUA PEGUNUNGAN (JAYAPURA)", "No_Prov_26": "62", "ID_Jbt_26": "6200542", "Kd_Ruas_26": "62035", "Suffix_26": null, "Nm_Ruas_26": "NIMBOTONG - BONGGO", "Lintas_26": "JALAN LINTAS UTARA", "No_Jbt_26": "62.035.075.0", "Nm_Jbt_26": "IVATRAWEY", "Status_26": "N", "Fungsi_26": "K", "Lks_Dr_26": "JPR", "Lks_km_26": 76.616, "F_STA_26": "6810", "Cadin_26": "BGO", "Pjg_Jbt_26": 14.2, "Btg_Pjg_26": 3.0, "Jml_Btg_26": "2", "Lb_Jl_Ms26": 6.0, "Lb_Jl_Kl26": 6.0, "Lb_Lalin26": 5.55, "Lb_Bh_Ki26": 2.55, "Lb_Bh_Ka26": 2.1, "Lb_Dr_Ki26": 0.0, "Lb_Dr_Ka26": 0.0, "Lb_Tr_Ki26": 0.0, "Lb_Tr_Ka26": 0.0, "Lb_TS_Ki26": 0.0, "Lb_TS_Ka26": 0.0, "Lb_Med_26": 0.0, "Lbr_Jbt_26": 10.2, "Bgn_Ats_26": "BTP", "Jns_Jbt_26": "STANDAR", "Thn_Bgn_26": "2018", "BA_26": "0", "LNT_26": "0", "BB_26": "0", "DAS_26": "1", "OP_26": "0", "UT_26": "0", "GR_26": "2", "LB_26": "0", "JBT_26": "2", "Tp_Lnts_26": "SUNGAI", "Dt_Lnts_26": "LURUS", "Pnangnn_26": "RUTIN", "Pmriksn_26": "TIDAK DISURVEI TA. 2026", "Pnglola_26": "BBPJN PAPUA-PAPUA PEGUNUNGAN", "Satkr_ID26": "693940", "PPK_Name26": "1.2", "Traffic_26": null, "VCR_26": "0", "AADT_26": "205", "Tipe_Jb_26": null, "Lat_26": -2.366984, "Long_26": 139.683838, "Tgl_Ins_26": "19/06/2025", "Ket_26": null }, "geometry": { "type": "Point", "coordinates": [ 139.683837999923867, -2.366983999611818 ] } },
{ "type": "Feature", "properties": { "KDRUAS_UPD": "62036", "NOJBT_UPD": "62.036.072.0", "NM_RUAS_UP": "BONGGO - BETAF - SARMI", "NM_JBT_UPD": "JEMBATAN BAMNA", "PROVINSI": "PAPUA PEGUNUNGAN (JAYAPURA)", "No_Prov_26": "62", "ID_Jbt_26": "6201078", "Kd_Ruas_26": "62036", "Suffix_26": null, "Nm_Ruas_26": "BONGGO - BETAF - SARMI", "Lintas_26": "JALAN LINTAS UTARA", "No_Jbt_26": "62.036.072.0", "Nm_Jbt_26": "JEMBATAN BAMNA", "Status_26": "N", "Fungsi_26": "K", "Lks_Dr_26": "JPR", "Lks_km_26": 98.714, "F_STA_26": "9590", "Cadin_26": "SRM", "Pjg_Jbt_26": 25.6, "Btg_Pjg_26": 25.1, "Jml_Btg_26": "1", "Lb_Jl_Ms26": 5.75, "Lb_Jl_Kl26": 5.75, "Lb_Lalin26": 5.4, "Lb_Bh_Ki26": 0.68, "Lb_Bh_Ka26": 0.92, "Lb_Dr_Ki26": 0.0, "Lb_Dr_Ka26": 0.0, "Lb_Tr_Ki26": 0.0, "Lb_Tr_Ka26": 0.0, "Lb_TS_Ki26": 0.0, "Lb_TS_Ka26": 0.0, "Lb_Med_26": 0.0, "Lbr_Jbt_26": 7.0, "Bgn_Ats_26": "GTP", "Jns_Jbt_26": "STANDAR", "Thn_Bgn_26": "2014", "BA_26": "2", "LNT_26": "1", "BB_26": "1", "DAS_26": "1", "OP_26": "1", "UT_26": "0", "GR_26": "0", "LB_26": "0", "JBT_26": "2", "Tp_Lnts_26": "SUNGAI", "Dt_Lnts_26": "LURUS", "Pnangnn_26": "RUTIN", "Pmriksn_26": "TIDAK DISURVEI TA. 2026", "Pnglola_26": "BBPJN PAPUA-PAPUA PEGUNUNGAN", "Satkr_ID26": "693940", "PPK_Name26": "1.3", "Traffic_26": null, "VCR_26": "0", "AADT_26": "791", "Tipe_Jb_26": null, "Lat_26": -1.969723, "Long_26": 138.87738, "Tgl_Ins_26": "10/06/2025", "Ket_26": null }, "geometry": { "type": "Point", "coordinates": [ 138.877379999587333, -1.969722999916485 ] } },
{ "type": "Feature", "properties": { "KDRUAS_UPD": "62003", "NOJBT_UPD": "62.003.048.0", "NM_RUAS_UP": "ARSO - WARIS", "NM_JBT_UPD": "LONGSORAN II", "PROVINSI": "PAPUA PEGUNUNGAN (JAYAPURA)", "No_Prov_26": "62", "ID_Jbt_26": "6200043", "Kd_Ruas_26": "62003", "Suffix_26": null, "Nm_Ruas_26": "ARSO - WARIS", "Lintas_26": "JALAN LINTAS PERBATASAN", "No_Jbt_26": "62.003.048.0", "Nm_Jbt_26": "LONGSORAN II", "Status_26": "N", "Fungsi_26": "A", "Lks_Dr_26": "JPR", "Lks_km_26": 51.878, "F_STA_26": "4350", "Cadin_26": "WRS", "Pjg_Jbt_26": 60.0, "Btg_Pjg_26": 60.0, "Jml_Btg_26": "1", "Lb_Jl_Ms26": 6.0, "Lb_Jl_Kl26": 6.0, "Lb_Lalin26": 7.0, "Lb_Bh_Ki26": 0.0, "Lb_Bh_Ka26": 0.0, "Lb_Dr_Ki26": 0.07, "Lb_Dr_Ka26": 0.07, "Lb_Tr_Ki26": 1.0, "Lb_Tr_Ka26": 0.98, "Lb_TS_Ki26": 0.0, "Lb_TS_Ka26": 0.0, "Lb_Med_26": 0.0, "Lbr_Jbt_26": 9.12, "Bgn_Ats_26": "RBR", "Jns_Jbt_26": "STANDAR", "Thn_Bgn_26": "2022", "BA_26": "2", "LNT_26": "0", "BB_26": "2", "DAS_26": "0", "OP_26": "2", "UT_26": "0", "GR_26": "0", "LB_26": "0", "JBT_26": "2", "Tp_Lnts_26": "SUNGAI", "Dt_Lnts_26": "LURUS", "Pnangnn_26": "RUTIN", "Pmriksn_26": "DETAIL", "Pnglola_26": "BBPJN PAPUA-PAPUA PEGUNUNGAN", "Satkr_ID26": "693965", "PPK_Name26": "2.1", "Traffic_26": null, "VCR_26": "0", "AADT_26": "96", "Tipe_Jb_26": null, "Lat_26": -3.194881, "Long_26": 140.9076, "Tgl_Ins_26": "30/06/2026", "Ket_26": null }, "geometry": { "type": "Point", "coordinates": [ 140.907608000109235, -3.194881000257908 ] } },
{ "type": "Feature", "properties": { "KDRUAS_UPD": "62003", "NOJBT_UPD": "62.003.044.0", "NM_RUAS_UP": "ARSO - WARIS", "NM_JBT_UPD": "LONGSORAN I", "PROVINSI": "PAPUA PEGUNUNGAN (JAYAPURA)", "No_Prov_26": "62", "ID_Jbt_26": "6202166", "Kd_Ruas_26": "62003", "Suffix_26": null, "Nm_Ruas_26": "ARSO - WARIS", "Lintas_26": "ARSO - WARIS", "No_Jbt_26": "62.003.044.0", "Nm_Jbt_26": "LONGSORAN I", "Status_26": "N", "Fungsi_26": "A", "Lks_Dr_26": "JPR", "Lks_km_26": 42.431, "F_STA_26": "3550", "Cadin_26": "WRS", "Pjg_Jbt_26": 60.0, "Btg_Pjg_26": 60.0, "Jml_Btg_26": "1", "Lb_Jl_Ms26": 7.0, "Lb_Jl_Kl26": 7.0, "Lb_Lalin26": 7.05, "Lb_Bh_Ki26": 0.0, "Lb_Bh_Ka26": 0.0, "Lb_Dr_Ki26": 0.0, "Lb_Dr_Ka26": 0.0, "Lb_Tr_Ki26": 0.98, "Lb_Tr_Ka26": 0.98, "Lb_TS_Ki26": 0.0, "Lb_TS_Ka26": 0.0, "Lb_Med_26": 0.0, "Lbr_Jbt_26": 9.01, "Bgn_Ats_26": "RBR", "Jns_Jbt_26": "STANDAR", "Thn_Bgn_26": "2022", "BA_26": "2", "LNT_26": "2", "BB_26": "1", "DAS_26": "0", "OP_26": "4", "UT_26": "0", "GR_26": "0", "LB_26": "0", "JBT_26": "4", "Tp_Lnts_26": "SUNGAI", "Dt_Lnts_26": "LURUS", "Pnangnn_26": "PENGGANTIAN", "Pmriksn_26": "RUTIN", "Pnglola_26": "BBPJN PAPUA-PAPUA PEGUNUNGAN", "Satkr_ID26": "693965", "PPK_Name26": "2.1", "Traffic_26": null, "VCR_26": "0", "AADT_26": "96", "Tipe_Jb_26": null, "Lat_26": -3.15356, "Long_26": 140.8713, "Tgl_Ins_26": "03/06/2025", "Ket_26": null }, "geometry": { "type": "Point", "coordinates": [ 140.87132299955681, -3.153560000393668 ] } },
{ "type": "Feature", "properties": { "KDRUAS_UPD": "62035", "NOJBT_UPD": "62.035.063.0", "NM_RUAS_UP": "NIMBOTONG - BONGGO", "NM_JBT_UPD": "JIKARHO CS", "PROVINSI": "PAPUA PEGUNUNGAN (JAYAPURA)", "No_Prov_26": "62", "ID_Jbt_26": "6200530", "Kd_Ruas_26": "62035", "Suffix_26": null, "Nm_Ruas_26": "NIMBOTONG - BONGGO", "Lintas_26": "JALAN LINTAS UTARA", "No_Jbt_26": "62.035.063.0", "Nm_Jbt_26": "JIKARHO CS", "Status_26": "N", "Fungsi_26": "K", "Lks_Dr_26": "JPR", "Lks_km_26": 70.403, "F_STA_26": "6120", "Cadin_26": "BGO", "Pjg_Jbt_26": 14.3, "Btg_Pjg_26": 2.9, "Jml_Btg_26": "2", "Lb_Jl_Ms26": 6.0, "Lb_Jl_Kl26": 6.0, "Lb_Lalin26": 5.0, "Lb_Bh_Ki26": 2.2, "Lb_Bh_Ka26": 2.9, "Lb_Dr_Ki26": 0.0, "Lb_Dr_Ka26": 0.0, "Lb_Tr_Ki26": 0.0, "Lb_Tr_Ka26": 0.0, "Lb_TS_Ki26": 0.0, "Lb_TS_Ka26": 0.0, "Lb_Med_26": 0.0, "Lbr_Jbt_26": 10.1, "Bgn_Ats_26": "BTP", "Jns_Jbt_26": "STANDAR", "Thn_Bgn_26": "2017", "BA_26": "0", "LNT_26": "0", "BB_26": "0", "DAS_26": "2", "OP_26": "2", "UT_26": "0", "GR_26": "2", "LB_26": "0", "JBT_26": "2", "Tp_Lnts_26": "SUNGAI", "Dt_Lnts_26": "LURUS", "Pnangnn_26": "RUTIN", "Pmriksn_26": "TIDAK DISURVEI TA. 2026", "Pnglola_26": "BBPJN PAPUA-PAPUA PEGUNUNGAN", "Satkr_ID26": "693940", "PPK_Name26": "1.2", "Traffic_26": null, "VCR_26": "0", "AADT_26": "205", "Tipe_Jb_26": null, "Lat_26": -2.396315, "Long_26": 139.73851, "Tgl_Ins_26": "21/06/2025", "Ket_26": null }, "geometry": { "type": "Point", "coordinates": [ 139.738510000336305, -2.396314999637468 ] } },
{ "type": "Feature", "properties": { "KDRUAS_UPD": "62035", "NOJBT_UPD": "62.035.065.0", "NM_RUAS_UP": "NIMBOTONG - BONGGO", "NM_JBT_UPD": "JIKARHO I", "PROVINSI": "PAPUA PEGUNUNGAN (JAYAPURA)", "No_Prov_26": "62", "ID_Jbt_26": "6200532", "Kd_Ruas_26": "62035", "Suffix_26": null, "Nm_Ruas_26": "NIMBOTONG - BONGGO", "Lintas_26": "JALAN LINTAS UTARA", "No_Jbt_26": "62.035.065.0", "Nm_Jbt_26": "JIKARHO I", "Status_26": "N", "Fungsi_26": "K", "Lks_Dr_26": "JPR", "Lks_km_26": 71.672, "F_STA_26": "6230", "Cadin_26": "BGO", "Pjg_Jbt_26": 30.5, "Btg_Pjg_26": 30.0, "Jml_Btg_26": "1", "Lb_Jl_Ms26": 6.0, "Lb_Jl_Kl26": 6.0, "Lb_Lalin26": 6.0, "Lb_Bh_Ki26": 0.0, "Lb_Bh_Ka26": 0.0, "Lb_Dr_Ki26": 0.08, "Lb_Dr_Ka26": 0.08, "Lb_Tr_Ki26": 0.49, "Lb_Tr_Ka26": 0.48, "Lb_TS_Ki26": 0.0, "Lb_TS_Ka26": 0.0, "Lb_Med_26": 0.0, "Lbr_Jbt_26": 7.13, "Bgn_Ats_26": "GBP", "Jns_Jbt_26": "STANDAR", "Thn_Bgn_26": "2013", "BA_26": "2", "LNT_26": "2", "BB_26": "1", "DAS_26": "1", "OP_26": "0", "UT_26": "0", "GR_26": "0", "LB_26": "0", "JBT_26": "2", "Tp_Lnts_26": "SUNGAI", "Dt_Lnts_26": "LURUS", "Pnangnn_26": "RUTIN", "Pmriksn_26": "TIDAK DISURVEI TA. 2026", "Pnglola_26": "BBPJN PAPUA-PAPUA PEGUNUNGAN", "Satkr_ID26": "693940", "PPK_Name26": "1.2", "Traffic_26": null, "VCR_26": "0", "AADT_26": "205", "Tipe_Jb_26": null, "Lat_26": -2.390246, "Long_26": 139.730759, "Tgl_Ins_26": "20/06/2025", "Ket_26": null }, "geometry": { "type": "Point", "coordinates": [ 139.730758999927957, -2.39024600035259 ] } },
{ "type": "Feature", "properties": { "KDRUAS_UPD": "62035", "NOJBT_UPD": "62.035.064.0", "NM_RUAS_UP": "NIMBOTONG - BONGGO", "NM_JBT_UPD": "JIKARHO II", "PROVINSI": "PAPUA PEGUNUNGAN (JAYAPURA)", "No_Prov_26": "62", "ID_Jbt_26": "6200531", "Kd_Ruas_26": "62035", "Suffix_26": null, "Nm_Ruas_26": "NIMBOTONG - BONGGO", "Lintas_26": "JALAN LINTAS UTARA", "No_Jbt_26": "62.035.064.0", "Nm_Jbt_26": "JIKARHO II", "Status_26": "N", "Fungsi_26": "K", "Lks_Dr_26": "JPR", "Lks_km_26": 70.85, "F_STA_26": "6160", "Cadin_26": "BGO", "Pjg_Jbt_26": 20.5, "Btg_Pjg_26": 20.0, "Jml_Btg_26": "1", "Lb_Jl_Ms26": 6.0, "Lb_Jl_Kl26": 6.0, "Lb_Lalin26": 6.88, "Lb_Bh_Ki26": 0.0, "Lb_Bh_Ka26": 0.0, "Lb_Dr_Ki26": 0.09, "Lb_Dr_Ka26": 0.09, "Lb_Tr_Ki26": 1.02, "Lb_Tr_Ka26": 1.03, "Lb_TS_Ki26": 0.22, "Lb_TS_Ka26": 0.21, "Lb_Med_26": 0.0, "Lbr_Jbt_26": 9.54, "Bgn_Ats_26": "GBP", "Jns_Jbt_26": "STANDAR", "Thn_Bgn_26": "2018", "BA_26": "3", "LNT_26": "3", "BB_26": "1", "DAS_26": "0", "OP_26": "2", "UT_26": "0", "GR_26": "0", "LB_26": "0", "JBT_26": "3", "Tp_Lnts_26": "SUNGAI", "Dt_Lnts_26": "LURUS", "Pnangnn_26": "BERKALA", "Pmriksn_26": "DETAIL", "Pnglola_26": "BBPJN PAPUA-PAPUA PEGUNUNGAN", "Satkr_ID26": "693940", "PPK_Name26": "1.2", "Traffic_26": null, "VCR_26": "0", "AADT_26": "205", "Tipe_Jb_26": null, "Lat_26": -2.39412, "Long_26": 139.735886, "Tgl_Ins_26": "17/05/2026", "Ket_26": null }, "geometry": { "type": "Point", "coordinates": [ 139.73588599983907, -2.394120000037901 ] } },
{ "type": "Feature", "properties": { "KDRUAS_UPD": "62035", "NOJBT_UPD": "62.035.035.0", "NM_RUAS_UP": "NIMBOTONG - BONGGO", "NM_JBT_UPD": "JINGGAN", "PROVINSI": "PAPUA PEGUNUNGAN (JAYAPURA)", "No_Prov_26": "62", "ID_Jbt_26": "6200502", "Kd_Ruas_26": "62035", "Suffix_26": null, "Nm_Ruas_26": "NIMBOTONG - BONGGO", "Lintas_26": "JALAN LINTAS UTARA", "No_Jbt_26": "62.035.035.0", "Nm_Jbt_26": "JINGGAN", "Status_26": "N", "Fungsi_26": "K", "Lks_Dr_26": "JPR", "Lks_km_26": 38.406, "F_STA_26": "3430", "Cadin_26": "BGO", "Pjg_Jbt_26": 20.6, "Btg_Pjg_26": 20.05, "Jml_Btg_26": "1", "Lb_Jl_Ms26": 5.25, "Lb_Jl_Kl26": 5.25, "Lb_Lalin26": 7.3, "Lb_Bh_Ki26": 0.0, "Lb_Bh_Ka26": 0.0, "Lb_Dr_Ki26": 0.0, "Lb_Dr_Ka26": 0.0, "Lb_Tr_Ki26": 0.8, "Lb_Tr_Ka26": 0.79, "Lb_TS_Ki26": 0.3, "Lb_TS_Ka26": 0.3, "Lb_Med_26": 0.0, "Lbr_Jbt_26": 9.49, "Bgn_Ats_26": "GTP", "Jns_Jbt_26": "STANDAR", "Thn_Bgn_26": "2014", "BA_26": "2", "LNT_26": "2", "BB_26": "1", "DAS_26": "1", "OP_26": "1", "UT_26": "0", "GR_26": "0", "LB_26": "0", "JBT_26": "2", "Tp_Lnts_26": "SUNGAI", "Dt_Lnts_26": "LURUS", "Pnangnn_26": "RUTIN", "Pmriksn_26": "TIDAK DISURVEI TA. 2026", "Pnglola_26": "BBPJN PAPUA-PAPUA PEGUNUNGAN", "Satkr_ID26": "693940", "PPK_Name26": "1.2", "Traffic_26": null, "VCR_26": "0", "AADT_26": "205", "Tipe_Jb_26": null, "Lat_26": -2.518427, "Long_26": 139.901428, "Tgl_Ins_26": "08/06/2025", "Ket_26": null }, "geometry": { "type": "Point", "coordinates": [ 139.901428000402007, -2.518427000205861 ] } },
{ "type": "Feature", "properties": { "KDRUAS_UPD": "62005", "NOJBT_UPD": "62.005.116.0", "NM_RUAS_UP": "YETTI - SENGGI - MAMBERAMO II (STA 107+300 - 153+970/AKHIR", "NM_JBT_UPD": "JOURIN", "PROVINSI": "PAPUA PEGUNUNGAN (JAYAPURA)", "No_Prov_26": "62", "ID_Jbt_26": "6200873", "Kd_Ruas_26": "62005", "Suffix_26": "0", "Nm_Ruas_26": "YETTI - SENGGI - MAMBERAMO II (STA 107+300 - 153+970/AKHIR", "Lintas_26": "YETTI - SENGGI - MAMBERAMO", "No_Jbt_26": "62.005.116.0", "Nm_Jbt_26": "JOURIN", "Status_26": "N", "Fungsi_26": "A", "Lks_Dr_26": "JPR", "Lks_km_26": 111.548, "F_STA_26": "10840", "Cadin_26": "MBR", "Pjg_Jbt_26": 20.0, "Btg_Pjg_26": 19.6, "Jml_Btg_26": "1", "Lb_Jl_Ms26": 6.0, "Lb_Jl_Kl26": 6.0, "Lb_Lalin26": 6.38, "Lb_Bh_Ki26": 0.17, "Lb_Bh_Ka26": 0.15, "Lb_Dr_Ki26": 0.2, "Lb_Dr_Ka26": 0.2, "Lb_Tr_Ki26": 0.94, "Lb_Tr_Ka26": 0.96, "Lb_TS_Ki26": 0.29, "Lb_TS_Ka26": 0.3, "Lb_Med_26": 0.0, "Lbr_Jbt_26": 9.59, "Bgn_Ats_26": "GBP", "Jns_Jbt_26": "STANDAR", "Thn_Bgn_26": "2023", "BA_26": "2", "LNT_26": "2", "BB_26": "2", "DAS_26": "1", "OP_26": "3", "UT_26": "0", "GR_26": "0", "LB_26": "0", "JBT_26": "3", "Tp_Lnts_26": "SUNGAI", "Dt_Lnts_26": "LURUS", "Pnangnn_26": "RUTIN", "Pmriksn_26": "DETAIL", "Pnglola_26": "BBPJN PAPUA-PAPUA PEGUNUNGAN", "Satkr_ID26": "693965", "PPK_Name26": "2.4", "Traffic_26": null, "VCR_26": "0", "AADT_26": "98", "Tipe_Jb_26": null, "Lat_26": -3.736748, "Long_26": 140.381042, "Tgl_Ins_26": "10/06/2026", "Ket_26": null }, "geometry": { "type": "Point", "coordinates": [ 140.381041999988383, -3.736748000020157 ] } },
{ "type": "Feature", "properties": { "KDRUAS_UPD": "62019", "NOJBT_UPD": "62.019.050.0", "NM_RUAS_UP": "YETI - UBRUB - YAMBRA *", "NM_JBT_UPD": "KALI KNEM 3", "PROVINSI": "PAPUA PEGUNUNGAN (JAYAPURA)", "No_Prov_26": "62", "ID_Jbt_26": "6200354", "Kd_Ruas_26": "62019", "Suffix_26": "0", "Nm_Ruas_26": "YETI - UBRUB - YAMBRA *", "Lintas_26": "JALAN LINTAS PERBATASAN", "No_Jbt_26": "62.019.050.0", "Nm_Jbt_26": "KALI KNEM 3", "Status_26": "N", "Fungsi_26": "K", "Lks_Dr_26": "JPR", "Lks_km_26": 33.961, "F_STA_26": "3260", "Cadin_26": "UBR", "Pjg_Jbt_26": 15.0, "Btg_Pjg_26": 3.15, "Jml_Btg_26": "2", "Lb_Jl_Ms26": 5.5, "Lb_Jl_Kl26": 5.5, "Lb_Lalin26": 5.72, "Lb_Bh_Ki26": 2.33, "Lb_Bh_Ka26": 2.6, "Lb_Dr_Ki26": 0.0, "Lb_Dr_Ka26": 0.0, "Lb_Tr_Ki26": 0.0, "Lb_Tr_Ka26": 0.0, "Lb_TS_Ki26": 0.28, "Lb_TS_Ka26": 0.31, "Lb_Med_26": 0.0, "Lbr_Jbt_26": 11.24, "Bgn_Ats_26": "BTP", "Jns_Jbt_26": "STANDAR", "Thn_Bgn_26": "2018", "BA_26": "1", "LNT_26": "0", "BB_26": "0", "DAS_26": "1", "OP_26": "2", "UT_26": "0", "GR_26": "3", "LB_26": "0", "JBT_26": "3", "Tp_Lnts_26": "SUNGAI", "Dt_Lnts_26": "LURUS", "Pnangnn_26": "RUTIN", "Pmriksn_26": "DETAIL", "Pnglola_26": "BBPJN PAPUA-PAPUA PEGUNUNGAN", "Satkr_ID26": "693965", "PPK_Name26": "2.2", "Traffic_26": null, "VCR_26": "0", "AADT_26": "34", "Tipe_Jb_26": null, "Lat_26": -3.531863, "Long_26": 140.8784, "Tgl_Ins_26": "26/06/2026", "Ket_26": null }, "geometry": { "type": "Point", "coordinates": [ 140.878447999875334, -3.53186299997742 ] } },
{ "type": "Feature", "properties": { "KDRUAS_UPD": "62019", "NOJBT_UPD": "62.019.053.0", "NM_RUAS_UP": "YETI - UBRUB - YAMBRA *", "NM_JBT_UPD": "KALI KNEM 6", "PROVINSI": "PAPUA PEGUNUNGAN (JAYAPURA)", "No_Prov_26": "62", "ID_Jbt_26": "6200357", "Kd_Ruas_26": "62019", "Suffix_26": "0", "Nm_Ruas_26": "YETI - UBRUB - YAMBRA *", "Lintas_26": "JALAN LINTAS PERBATASAN", "No_Jbt_26": "62.019.053.0", "Nm_Jbt_26": "KALI KNEM 6", "Status_26": "N", "Fungsi_26": "K", "Lks_Dr_26": "JPR", "Lks_km_26": 35.949, "F_STA_26": "3450", "Cadin_26": "UBR", "Pjg_Jbt_26": 14.2, "Btg_Pjg_26": 3.0, "Jml_Btg_26": "2", "Lb_Jl_Ms26": 6.0, "Lb_Jl_Kl26": 6.0, "Lb_Lalin26": 5.63, "Lb_Bh_Ki26": 2.45, "Lb_Bh_Ka26": 2.27, "Lb_Dr_Ki26": 0.0, "Lb_Dr_Ka26": 0.0, "Lb_Tr_Ki26": 0.0, "Lb_Tr_Ka26": 0.0, "Lb_TS_Ki26": 0.28, "Lb_TS_Ka26": 0.27, "Lb_Med_26": 0.0, "Lbr_Jbt_26": 10.9, "Bgn_Ats_26": "BTP", "Jns_Jbt_26": "STANDAR", "Thn_Bgn_26": "1993", "BA_26": "0", "LNT_26": "0", "BB_26": "0", "DAS_26": "1", "OP_26": "0", "UT_26": "0", "GR_26": "2", "LB_26": "0", "JBT_26": "2", "Tp_Lnts_26": "SUNGAI", "Dt_Lnts_26": "LURUS", "Pnangnn_26": "RUTIN", "Pmriksn_26": "RUTIN", "Pnglola_26": "BBPJN PAPUA-PAPUA PEGUNUNGAN", "Satkr_ID26": "693965", "PPK_Name26": "2.2", "Traffic_26": null, "VCR_26": "0", "AADT_26": "34", "Tipe_Jb_26": null, "Lat_26": -3.548495, "Long_26": 140.8794, "Tgl_Ins_26": "30/05/2025", "Ket_26": null }, "geometry": { "type": "Point", "coordinates": [ 140.879363999848806, -3.548494999844308 ] } },
{ "type": "Feature", "properties": { "KDRUAS_UPD": "62019", "NOJBT_UPD": "62.019.017.0", "NM_RUAS_UP": "YETI - UBRUB - YAMBRA *", "NM_JBT_UPD": "KALI KODOK", "PROVINSI": "PAPUA PEGUNUNGAN (JAYAPURA)", "No_Prov_26": "62", "ID_Jbt_26": "6200321", "Kd_Ruas_26": "62019", "Suffix_26": "0", "Nm_Ruas_26": "YETI - UBRUB - YAMBRA *", "Lintas_26": "JALAN LINTAS PERBATASAN", "No_Jbt_26": "62.019.017.0", "Nm_Jbt_26": "KALI KODOK", "Status_26": "N", "Fungsi_26": "K", "Lks_Dr_26": "JPR", "Lks_km_26": 14.629, "F_STA_26": "1380", "Cadin_26": "UBR", "Pjg_Jbt_26": 20.4, "Btg_Pjg_26": 19.8, "Jml_Btg_26": "1", "Lb_Jl_Ms26": 5.5, "Lb_Jl_Kl26": 5.5, "Lb_Lalin26": 4.53, "Lb_Bh_Ki26": 0.0, "Lb_Bh_Ka26": 0.0, "Lb_Dr_Ki26": 0.0, "Lb_Dr_Ka26": 0.0, "Lb_Tr_Ki26": 0.0, "Lb_Tr_Ka26": 0.0, "Lb_TS_Ki26": 0.0, "Lb_TS_Ka26": 0.0, "Lb_Med_26": 0.0, "Lbr_Jbt_26": 4.53, "Bgn_Ats_26": "RBT", "Jns_Jbt_26": "STANDAR", "Thn_Bgn_26": "1990", "BA_26": "3", "LNT_26": "3", "BB_26": "0", "DAS_26": "0", "OP_26": "0", "UT_26": "0", "GR_26": "0", "LB_26": "0", "JBT_26": "3", "Tp_Lnts_26": "SUNGAI", "Dt_Lnts_26": "LURUS", "Pnangnn_26": "RUTIN", "Pmriksn_26": "DETAIL", "Pnglola_26": "BBPJN PAPUA-PAPUA PEGUNUNGAN", "Satkr_ID26": "693965", "PPK_Name26": "2.2", "Traffic_26": null, "VCR_26": "0", "AADT_26": "34", "Tipe_Jb_26": null, "Lat_26": -3.393773, "Long_26": 140.9185, "Tgl_Ins_26": "02/06/2026", "Ket_26": null }, "geometry": { "type": "Point", "coordinates": [ 140.91847200018276, -3.393773000023884 ] } },
{ "type": "Feature", "properties": { "KDRUAS_UPD": "62019", "NOJBT_UPD": "62.019.042.0", "NM_RUAS_UP": "YETI - UBRUB - YAMBRA *", "NM_JBT_UPD": "KALI KULINDIP", "PROVINSI": "PAPUA PEGUNUNGAN (JAYAPURA)", "No_Prov_26": "62", "ID_Jbt_26": "6200346", "Kd_Ruas_26": "62019", "Suffix_26": "0", "Nm_Ruas_26": "YETI - UBRUB - YAMBRA *", "Lintas_26": "JALAN LINTAS PERBATASAN", "No_Jbt_26": "62.019.042.0", "Nm_Jbt_26": "KALI KULINDIP", "Status_26": "N", "Fungsi_26": "K", "Lks_Dr_26": "JPR", "Lks_km_26": 27.425, "F_STA_26": "2610", "Cadin_26": "UBR", "Pjg_Jbt_26": 30.8, "Btg_Pjg_26": 30.0, "Jml_Btg_26": "1", "Lb_Jl_Ms26": 5.5, "Lb_Jl_Kl26": 5.5, "Lb_Lalin26": 6.9, "Lb_Bh_Ki26": 0.0, "Lb_Bh_Ka26": 0.0, "Lb_Dr_Ki26": 0.1, "Lb_Dr_Ka26": 0.08, "Lb_Tr_Ki26": 0.94, "Lb_Tr_Ka26": 0.92, "Lb_TS_Ki26": 0.22, "Lb_TS_Ka26": 0.33, "Lb_Med_26": 0.0, "Lbr_Jbt_26": 9.49, "Bgn_Ats_26": "GBP", "Jns_Jbt_26": "STANDAR", "Thn_Bgn_26": "2016", "BA_26": "2", "LNT_26": "2", "BB_26": "1", "DAS_26": "2", "OP_26": "2", "UT_26": "0", "GR_26": "0", "LB_26": "0", "JBT_26": "2", "Tp_Lnts_26": "SUNGAI", "Dt_Lnts_26": "LURUS", "Pnangnn_26": "RUTIN", "Pmriksn_26": "RUTIN", "Pnglola_26": "BBPJN PAPUA-PAPUA PEGUNUNGAN", "Satkr_ID26": "693965", "PPK_Name26": "2.2", "Traffic_26": null, "VCR_26": "0", "AADT_26": "34", "Tipe_Jb_26": null, "Lat_26": -3.482553, "Long_26": 140.8879, "Tgl_Ins_26": "03/06/2026", "Ket_26": null }, "geometry": { "type": "Point", "coordinates": [ 140.887909000000377, -3.48255300042058 ] } },
{ "type": "Feature", "properties": { "KDRUAS_UPD": "62019", "NOJBT_UPD": "62.019.070.0", "NM_RUAS_UP": "YETI - UBRUB - YAMBRA *", "NM_JBT_UPD": "KALI KULKI", "PROVINSI": "PAPUA PEGUNUNGAN (JAYAPURA)", "No_Prov_26": "62", "ID_Jbt_26": "6201860", "Kd_Ruas_26": "62019", "Suffix_26": "0", "Nm_Ruas_26": "YETI - UBRUB - YAMBRA *", "Lintas_26": "JALAN LINTAS PERBATASAN", "No_Jbt_26": "62.019.070.0", "Nm_Jbt_26": "KALI KULKI", "Status_26": "N", "Fungsi_26": "K", "Lks_Dr_26": "JPR", "Lks_km_26": 46.799, "F_STA_26": "4480", "Cadin_26": "UBR", "Pjg_Jbt_26": 20.5, "Btg_Pjg_26": 20.0, "Jml_Btg_26": "1", "Lb_Jl_Ms26": 5.5, "Lb_Jl_Kl26": 5.5, "Lb_Lalin26": 7.1, "Lb_Bh_Ki26": 0.0, "Lb_Bh_Ka26": 0.0, "Lb_Dr_Ki26": 0.05, "Lb_Dr_Ka26": 0.05, "Lb_Tr_Ki26": 0.98, "Lb_Tr_Ka26": 0.98, "Lb_TS_Ki26": 0.0, "Lb_TS_Ka26": 0.0, "Lb_Med_26": 0.0, "Lbr_Jbt_26": 9.16, "Bgn_Ats_26": "GBP", "Jns_Jbt_26": "STANDAR", "Thn_Bgn_26": "2018", "BA_26": "2", "LNT_26": "2", "BB_26": "1", "DAS_26": "1", "OP_26": "1", "UT_26": "0", "GR_26": "0", "LB_26": "0", "JBT_26": "2", "Tp_Lnts_26": "SUNGAI", "Dt_Lnts_26": "LURUS", "Pnangnn_26": "RUTIN", "Pmriksn_26": "TIDAK DISURVEI TA. 2026", "Pnglola_26": "BBPJN PAPUA-PAPUA PEGUNUNGAN", "Satkr_ID26": "693965", "PPK_Name26": "2.2", "Traffic_26": null, "VCR_26": "0", "AADT_26": "34", "Tipe_Jb_26": null, "Lat_26": -3.602026, "Long_26": 140.8872, "Tgl_Ins_26": "28/05/2025", "Ket_26": null }, "geometry": { "type": "Point", "coordinates": [ 140.887207000003059, -3.602025999799991 ] } },
{ "type": "Feature", "properties": { "KDRUAS_UPD": "62034", "NOJBT_UPD": "62.034.006.0", "NM_RUAS_UP": "WARUMBAIM - NIMBOTONG", "NM_JBT_UPD": "KALI ABU", "PROVINSI": "PAPUA PEGUNUNGAN (JAYAPURA)", "No_Prov_26": "62", "ID_Jbt_26": "6201808", "Kd_Ruas_26": "62034", "Suffix_26": null, "Nm_Ruas_26": "WARUMBAIM - NIMBOTONG", "Lintas_26": "JALAN LINTAS UTARA", "No_Jbt_26": "62.034.006.0", "Nm_Jbt_26": "KALI ABU", "Status_26": "N", "Fungsi_26": "K", "Lks_Dr_26": "JPR", "Lks_km_26": 0.0, "F_STA_26": "870", "Cadin_26": "NBK", "Pjg_Jbt_26": 10.2, "Btg_Pjg_26": 3.0, "Jml_Btg_26": "3", "Lb_Jl_Ms26": 4.9, "Lb_Jl_Kl26": 4.9, "Lb_Lalin26": 2.5, "Lb_Bh_Ki26": 2.56, "Lb_Bh_Ka26": 0.0, "Lb_Dr_Ki26": 0.0, "Lb_Dr_Ka26": 0.0, "Lb_Tr_Ki26": 0.0, "Lb_Tr_Ka26": 0.0, "Lb_TS_Ki26": 0.0, "Lb_TS_Ka26": 0.0, "Lb_Med_26": 0.0, "Lbr_Jbt_26": 5.06, "Bgn_Ats_26": "BTP", "Jns_Jbt_26": "STANDAR", "Thn_Bgn_26": "2009", "BA_26": "0", "LNT_26": "0", "BB_26": "0", "DAS_26": "1", "OP_26": "0", "UT_26": "1", "GR_26": "0", "LB_26": "0", "JBT_26": "1", "Tp_Lnts_26": "SUNGAI", "Dt_Lnts_26": "LURUS", "Pnangnn_26": "RUTIN", "Pmriksn_26": "TIDAK DISURVEI TA. 2026", "Pnglola_26": "BBPJN PAPUA-PAPUA PEGUNUNGAN", "Satkr_ID26": "693940", "PPK_Name26": "1.2", "Traffic_26": null, "VCR_26": "0", "AADT_26": "505", "Tipe_Jb_26": null, "Lat_26": -2.557063, "Long_26": 140.115936, "Tgl_Ins_26": "07/03/2024", "Ket_26": null }, "geometry": { "type": "Point", "coordinates": [ 140.115935999946487, -2.557063000357118 ] } },
{ "type": "Feature", "properties": { "KDRUAS_UPD": "6200111", "NOJBT_UPD": "62.001.021.0.11", "NM_RUAS_UP": "JLN. RAYA ABEPURA (ABEPURA)", "NM_JBT_UPD": "KALI ACAI", "PROVINSI": "PAPUA PEGUNUNGAN (JAYAPURA)", "No_Prov_26": "62", "ID_Jbt_26": "6201415", "Kd_Ruas_26": "6200111", "Suffix_26": "11", "Nm_Ruas_26": "JLN. RAYA ABEPURA (ABEPURA)", "Lintas_26": "JALAN LINTAS UTARA", "No_Jbt_26": "62.001.021.0.11", "Nm_Jbt_26": "KALI ACAI", "Status_26": "N", "Fungsi_26": "A", "Lks_Dr_26": "JPR", "Lks_km_26": 9.368, "F_STA_26": "870", "Cadin_26": "STN", "Pjg_Jbt_26": 12.2, "Btg_Pjg_26": 3.0, "Jml_Btg_26": "2", "Lb_Jl_Ms26": 12.12, "Lb_Jl_Kl26": 12.12, "Lb_Lalin26": 12.15, "Lb_Bh_Ki26": 0.67, "Lb_Bh_Ka26": 0.69, "Lb_Dr_Ki26": 0.0, "Lb_Dr_Ka26": 0.0, "Lb_Tr_Ki26": 1.03, "Lb_Tr_Ka26": 1.33, "Lb_TS_Ki26": 0.3, "Lb_TS_Ka26": 0.26, "Lb_Med_26": 0.37, "Lbr_Jbt_26": 16.8, "Bgn_Ats_26": "BTP", "Jns_Jbt_26": "STANDAR", "Thn_Bgn_26": "2000", "BA_26": "1", "LNT_26": "0", "BB_26": "0", "DAS_26": "3", "OP_26": "3", "UT_26": "0", "GR_26": "2", "LB_26": "0", "JBT_26": "3", "Tp_Lnts_26": "SUNGAI", "Dt_Lnts_26": "LURUS", "Pnangnn_26": "REHABILITASI", "Pmriksn_26": "DETAIL", "Pnglola_26": "BBPJN PAPUA-PAPUA PEGUNUNGAN", "Satkr_ID26": "693940", "PPK_Name26": "1.1", "Traffic_26": null, "VCR_26": "0", "AADT_26": "26927", "Tipe_Jb_26": null, "Lat_26": -2.608296, "Long_26": 140.667847, "Tgl_Ins_26": "29/06/2026", "Ket_26": null }, "geometry": { "type": "Point", "coordinates": [ 140.667846999739368, -2.60829599956071 ] } },
{ "type": "Feature", "properties": { "KDRUAS_UPD": "62003", "NOJBT_UPD": "62.003.042.0", "NM_RUAS_UP": "ARSO - WARIS", "NM_JBT_UPD": "KALI AMPAS", "PROVINSI": "PAPUA PEGUNUNGAN (JAYAPURA)", "No_Prov_26": "62", "ID_Jbt_26": "6202164", "Kd_Ruas_26": "62003", "Suffix_26": null, "Nm_Ruas_26": "ARSO - WARIS", "Lintas_26": "ARSO - WARIS", "No_Jbt_26": "62.003.042.0", "Nm_Jbt_26": "KALI AMPAS", "Status_26": "N", "Fungsi_26": "A", "Lks_Dr_26": "JPR", "Lks_km_26": 39.789, "F_STA_26": "3330", "Cadin_26": "WRS", "Pjg_Jbt_26": 51.3, "Btg_Pjg_26": 50.0, "Jml_Btg_26": "1", "Lb_Jl_Ms26": 6.0, "Lb_Jl_Kl26": 6.0, "Lb_Lalin26": 4.4, "Lb_Bh_Ki26": 0.0, "Lb_Bh_Ka26": 0.0, "Lb_Dr_Ki26": 0.0, "Lb_Dr_Ka26": 0.0, "Lb_Tr_Ki26": 0.5, "Lb_Tr_Ka26": 0.5, "Lb_TS_Ki26": 0.0, "Lb_TS_Ka26": 0.0, "Lb_Med_26": 0.0, "Lbr_Jbt_26": 5.4, "Bgn_Ats_26": "RBA", "Jns_Jbt_26": "STANDAR", "Thn_Bgn_26": "1992", "BA_26": "2", "LNT_26": "2", "BB_26": "1", "DAS_26": "2", "OP_26": "0", "UT_26": "0", "GR_26": "0", "LB_26": "0", "JBT_26": "2", "Tp_Lnts_26": "SUNGAI", "Dt_Lnts_26": "BERKELOK (MEANDER)", "Pnangnn_26": "RUTIN", "Pmriksn_26": "DETAIL", "Pnglola_26": "BBPJN PAPUA-PAPUA PEGUNUNGAN", "Satkr_ID26": "693965", "PPK_Name26": "2.1", "Traffic_26": null, "VCR_26": "0", "AADT_26": "96", "Tipe_Jb_26": null, "Lat_26": -3.140928, "Long_26": 140.859146, "Tgl_Ins_26": "29/06/2026", "Ket_26": null }, "geometry": { "type": "Point", "coordinates": [ 140.85914600008789, -3.140927999727353 ] } },
{ "type": "Feature", "properties": { "KDRUAS_UPD": "62003", "NOJBT_UPD": "62.003.045.0", "NM_RUAS_UP": "ARSO - WARIS", "NM_JBT_UPD": "KALI AMPAS 1", "PROVINSI": "PAPUA PEGUNUNGAN (JAYAPURA)", "No_Prov_26": "62", "ID_Jbt_26": "6202159", "Kd_Ruas_26": "62003", "Suffix_26": null, "Nm_Ruas_26": "ARSO - WARIS", "Lintas_26": "ARSO - WARIS", "No_Jbt_26": "62.003.045.0", "Nm_Jbt_26": "KALI AMPAS 1", "Status_26": "N", "Fungsi_26": "A", "Lks_Dr_26": "JPR", "Lks_km_26": 47.67, "F_STA_26": "3990", "Cadin_26": "WRS", "Pjg_Jbt_26": 40.0, "Btg_Pjg_26": 40.3, "Jml_Btg_26": "1", "Lb_Jl_Ms26": 6.0, "Lb_Jl_Kl26": 6.0, "Lb_Lalin26": 5.9, "Lb_Bh_Ki26": 0.0, "Lb_Bh_Ka26": 0.0, "Lb_Dr_Ki26": 0.0, "Lb_Dr_Ka26": 0.0, "Lb_Tr_Ki26": 0.33, "Lb_Tr_Ka26": 0.32, "Lb_TS_Ki26": 0.28, "Lb_TS_Ka26": 0.29, "Lb_Med_26": 0.0, "Lbr_Jbt_26": 7.12, "Bgn_Ats_26": "GPP", "Jns_Jbt_26": "STANDAR", "Thn_Bgn_26": "2005", "BA_26": "1", "LNT_26": "0", "BB_26": "1", "DAS_26": "1", "OP_26": "2", "UT_26": "0", "GR_26": "0", "LB_26": "0", "JBT_26": "2", "Tp_Lnts_26": "SUNGAI", "Dt_Lnts_26": "LURUS", "Pnangnn_26": "RUTIN", "Pmriksn_26": "DETAIL", "Pnglola_26": "BBPJN PAPUA-PAPUA PEGUNUNGAN", "Satkr_ID26": "693965", "PPK_Name26": "2.1", "Traffic_26": null, "VCR_26": "0", "AADT_26": "96", "Tipe_Jb_26": null, "Lat_26": -3.179745, "Long_26": 140.887695, "Tgl_Ins_26": "29/06/2026", "Ket_26": null }, "geometry": { "type": "Point", "coordinates": [ 140.887695000024337, -3.179745000131618 ] } },
{ "type": "Feature", "properties": { "KDRUAS_UPD": "62003", "NOJBT_UPD": "62.003.047.0", "NM_RUAS_UP": "ARSO - WARIS", "NM_JBT_UPD": "KALI AMPAS 2", "PROVINSI": "PAPUA PEGUNUNGAN (JAYAPURA)", "No_Prov_26": "62", "ID_Jbt_26": "6202160", "Kd_Ruas_26": "62003", "Suffix_26": null, "Nm_Ruas_26": "ARSO - WARIS", "Lintas_26": "ARSO - WARIS", "No_Jbt_26": "62.003.047.0", "Nm_Jbt_26": "KALI AMPAS 2", "Status_26": "N", "Fungsi_26": "A", "Lks_Dr_26": "JPR", "Lks_km_26": 50.344, "F_STA_26": "4220", "Cadin_26": "WRS", "Pjg_Jbt_26": 36.4, "Btg_Pjg_26": 35.0, "Jml_Btg_26": "1", "Lb_Jl_Ms26": 6.0, "Lb_Jl_Kl26": 6.0, "Lb_Lalin26": 6.0, "Lb_Bh_Ki26": 0.0, "Lb_Bh_Ka26": 0.0, "Lb_Dr_Ki26": 0.06, "Lb_Dr_Ka26": 0.06, "Lb_Tr_Ki26": 0.45, "Lb_Tr_Ka26": 0.45, "Lb_TS_Ki26": 0.0, "Lb_TS_Ka26": 0.0, "Lb_Med_26": 0.0, "Lbr_Jbt_26": 7.02, "Bgn_Ats_26": "RBA", "Jns_Jbt_26": "STANDAR", "Thn_Bgn_26": "1992", "BA_26": "2", "LNT_26": "2", "BB_26": "2", "DAS_26": "1", "OP_26": "0", "UT_26": "0", "GR_26": "0", "LB_26": "0", "JBT_26": "2", "Tp_Lnts_26": "SUNGAI", "Dt_Lnts_26": "LURUS", "Pnangnn_26": "RUTIN", "Pmriksn_26": "DETAIL", "Pnglola_26": "BBPJN PAPUA-PAPUA PEGUNUNGAN", "Satkr_ID26": "693965", "PPK_Name26": "2.1", "Traffic_26": null, "VCR_26": "0", "AADT_26": "96", "Tipe_Jb_26": null, "Lat_26": -3.190731, "Long_26": 140.898361, "Tgl_Ins_26": "30/06/2026", "Ket_26": null }, "geometry": { "type": "Point", "coordinates": [ 140.898360999960232, -3.190731000435278 ] } },
{ "type": "Feature", "properties": { "KDRUAS_UPD": "62019", "NOJBT_UPD": "62.019.061.0", "NM_RUAS_UP": "YETI - UBRUB - YAMBRA *", "NM_JBT_UPD": "KALI APGAL", "PROVINSI": "PAPUA PEGUNUNGAN (JAYAPURA)", "No_Prov_26": "62", "ID_Jbt_26": "6200364", "Kd_Ruas_26": "62019", "Suffix_26": "0", "Nm_Ruas_26": "YETI - UBRUB - YAMBRA *", "Lintas_26": "JALAN LINTAS PERBATASAN", "No_Jbt_26": "62.019.061.0", "Nm_Jbt_26": "KALI APGAL", "Status_26": "N", "Fungsi_26": "K", "Lks_Dr_26": "JPR", "Lks_km_26": 39.065, "F_STA_26": "3760", "Cadin_26": "UBR", "Pjg_Jbt_26": 6.0, "Btg_Pjg_26": 3.0, "Jml_Btg_26": "2", "Lb_Jl_Ms26": 6.0, "Lb_Jl_Kl26": 6.0, "Lb_Lalin26": 5.68, "Lb_Bh_Ki26": 3.1, "Lb_Bh_Ka26": 1.65, "Lb_Dr_Ki26": 0.0, "Lb_Dr_Ka26": 0.0, "Lb_Tr_Ki26": 0.0, "Lb_Tr_Ka26": 0.0, "Lb_TS_Ki26": 0.0, "Lb_TS_Ka26": 0.0, "Lb_Med_26": 0.0, "Lbr_Jbt_26": 10.43, "Bgn_Ats_26": "BTP", "Jns_Jbt_26": "STANDAR", "Thn_Bgn_26": "2018", "BA_26": "0", "LNT_26": "0", "BB_26": "0", "DAS_26": "1", "OP_26": "1", "UT_26": "0", "GR_26": "2", "LB_26": "0", "JBT_26": "2", "Tp_Lnts_26": "SUNGAI", "Dt_Lnts_26": "LURUS", "Pnangnn_26": "RUTIN", "Pmriksn_26": "TIDAK DISURVEI TA. 2026", "Pnglola_26": "BBPJN PAPUA-PAPUA PEGUNUNGAN", "Satkr_ID26": "693965", "PPK_Name26": "2.2", "Traffic_26": null, "VCR_26": "0", "AADT_26": "34", "Tipe_Jb_26": null, "Lat_26": -3.57153, "Long_26": 140.8814, "Tgl_Ins_26": "30/05/2025", "Ket_26": null }, "geometry": { "type": "Point", "coordinates": [ 140.881378000094742, -3.571530000009432 ] } },
{ "type": "Feature", "properties": { "KDRUAS_UPD": "62004", "NOJBT_UPD": "62.004.002.0", "NM_RUAS_UP": "WARIS - YETTI", "NM_JBT_UPD": "KALI APURI", "PROVINSI": "PAPUA PEGUNUNGAN (JAYAPURA)", "No_Prov_26": "62", "ID_Jbt_26": "6200046", "Kd_Ruas_26": "62004", "Suffix_26": null, "Nm_Ruas_26": "WARIS - YETTI", "Lintas_26": "JALAN LINTAS PERBATASAN", "No_Jbt_26": "62.004.002.0", "Nm_Jbt_26": "KALI APURI", "Status_26": "N", "Fungsi_26": "A", "Lks_Dr_26": "JPR", "Lks_km_26": 10.204, "F_STA_26": "730", "Cadin_26": "YET", "Pjg_Jbt_26": 40.7, "Btg_Pjg_26": 40.4, "Jml_Btg_26": "1", "Lb_Jl_Ms26": 5.08, "Lb_Jl_Kl26": 5.08, "Lb_Lalin26": 6.85, "Lb_Bh_Ki26": 0.0, "Lb_Bh_Ka26": 0.0, "Lb_Dr_Ki26": 0.09, "Lb_Dr_Ka26": 0.09, "Lb_Tr_Ki26": 0.97, "Lb_Tr_Ka26": 0.98, "Lb_TS_Ki26": 0.0, "Lb_TS_Ka26": 0.0, "Lb_Med_26": 0.0, "Lbr_Jbt_26": 8.98, "Bgn_Ats_26": "RBR", "Jns_Jbt_26": "STANDAR", "Thn_Bgn_26": "2016", "BA_26": "2", "LNT_26": "2", "BB_26": "1", "DAS_26": "0", "OP_26": "0", "UT_26": "0", "GR_26": "0", "LB_26": "0", "JBT_26": "2", "Tp_Lnts_26": "SUNGAI", "Dt_Lnts_26": "BERKELOK (MEANDER)", "Pnangnn_26": "RUTIN", "Pmriksn_26": "DETAIL", "Pnglola_26": "BBPJN PAPUA-PAPUA PEGUNUNGAN", "Satkr_ID26": "693965", "PPK_Name26": "2.1", "Traffic_26": null, "VCR_26": "0", "AADT_26": "1162", "Tipe_Jb_26": null, "Lat_26": -3.284507, "Long_26": 140.949646, "Tgl_Ins_26": "21/06/2026", "Ket_26": null }, "geometry": { "type": "Point", "coordinates": [ 140.949645999763106, -3.284507000097904 ] } },
{ "type": "Feature", "properties": { "KDRUAS_UPD": "62036", "NOJBT_UPD": "62.036.090.0", "NM_RUAS_UP": "BONGGO - BETAF - SARMI", "NM_JBT_UPD": "KALI ARTEOWI", "PROVINSI": "PAPUA PEGUNUNGAN (JAYAPURA)", "No_Prov_26": "62", "ID_Jbt_26": "6201091", "Kd_Ruas_26": "62036", "Suffix_26": null, "Nm_Ruas_26": "BONGGO - BETAF - SARMI", "Lintas_26": "JALAN LINTAS UTARA", "No_Jbt_26": "62.036.090.0", "Nm_Jbt_26": "KALI ARTEOWI", "Status_26": "N", "Fungsi_26": "K", "Lks_Dr_26": "JPR", "Lks_km_26": 114.432, "F_STA_26": "11120", "Cadin_26": "SRM", "Pjg_Jbt_26": 20.4, "Btg_Pjg_26": 20.0, "Jml_Btg_26": "1", "Lb_Jl_Ms26": 5.25, "Lb_Jl_Kl26": 5.25, "Lb_Lalin26": 7.1, "Lb_Bh_Ki26": 0.0, "Lb_Bh_Ka26": 0.0, "Lb_Dr_Ki26": 0.07, "Lb_Dr_Ka26": 0.07, "Lb_Tr_Ki26": 0.74, "Lb_Tr_Ka26": 0.82, "Lb_TS_Ki26": 0.0, "Lb_TS_Ka26": 0.0, "Lb_Med_26": 0.0, "Lbr_Jbt_26": 8.8, "Bgn_Ats_26": "GBP", "Jns_Jbt_26": "STANDAR", "Thn_Bgn_26": "2024", "BA_26": "1", "LNT_26": "0", "BB_26": "1", "DAS_26": "1", "OP_26": "0", "UT_26": "0", "GR_26": "0", "LB_26": "0", "JBT_26": "1", "Tp_Lnts_26": "SUNGAI", "Dt_Lnts_26": "LURUS", "Pnangnn_26": "RUTIN", "Pmriksn_26": "TIDAK DISURVEI TA. 2026", "Pnglola_26": "BBPJN PAPUA-PAPUA PEGUNUNGAN", "Satkr_ID26": "693940", "PPK_Name26": "1.3", "Traffic_26": null, "VCR_26": "0", "AADT_26": "791", "Tipe_Jb_26": null, "Lat_26": -1.93134, "Long_26": 138.793762, "Tgl_Ins_26": "09/06/2025", "Ket_26": null }, "geometry": { "type": "Point", "coordinates": [ 138.793761999816525, -1.931339999741169 ] } },
{ "type": "Feature", "properties": { "KDRUAS_UPD": "62019", "NOJBT_UPD": "62.019.030.0", "NM_RUAS_UP": "YETI - UBRUB - YAMBRA *", "NM_JBT_UPD": "KALI ASBIN 2", "PROVINSI": "PAPUA PEGUNUNGAN (JAYAPURA)", "No_Prov_26": "62", "ID_Jbt_26": "6200334", "Kd_Ruas_26": "62019", "Suffix_26": "0", "Nm_Ruas_26": "YETI - UBRUB - YAMBRA *", "Lintas_26": "JALAN LINTAS PERBATASAN", "No_Jbt_26": "62.019.030.0", "Nm_Jbt_26": "KALI ASBIN 2", "Status_26": "N", "Fungsi_26": "K", "Lks_Dr_26": "JPR", "Lks_km_26": 21.424, "F_STA_26": "2030", "Cadin_26": "UBR", "Pjg_Jbt_26": 30.5, "Btg_Pjg_26": 30.0, "Jml_Btg_26": "1", "Lb_Jl_Ms26": 5.5, "Lb_Jl_Kl26": 5.5, "Lb_Lalin26": 6.05, "Lb_Bh_Ki26": 0.0, "Lb_Bh_Ka26": 0.0, "Lb_Dr_Ki26": 0.0, "Lb_Dr_Ka26": 0.05, "Lb_Tr_Ki26": 0.43, "Lb_Tr_Ka26": 0.46, "Lb_TS_Ki26": 0.3, "Lb_TS_Ka26": 0.3, "Lb_Med_26": 0.0, "Lbr_Jbt_26": 7.59, "Bgn_Ats_26": "GBP", "Jns_Jbt_26": "STANDAR", "Thn_Bgn_26": "2004", "BA_26": "2", "LNT_26": "2", "BB_26": "2", "DAS_26": "0", "OP_26": "0", "UT_26": "0", "GR_26": "0", "LB_26": "0", "JBT_26": "2", "Tp_Lnts_26": "SUNGAI", "Dt_Lnts_26": "LURUS", "Pnangnn_26": "RUTIN", "Pmriksn_26": "RUTIN", "Pnglola_26": "BBPJN PAPUA-PAPUA PEGUNUNGAN", "Satkr_ID26": "693965", "PPK_Name26": "2.2", "Traffic_26": null, "VCR_26": "0", "AADT_26": "34", "Tipe_Jb_26": null, "Lat_26": -3.442013, "Long_26": 140.9033, "Tgl_Ins_26": "04/06/2026", "Ket_26": null }, "geometry": { "type": "Point", "coordinates": [ 140.90335099984884, -3.442012999700125 ] } },
{ "type": "Feature", "properties": { "KDRUAS_UPD": "62019", "NOJBT_UPD": "62.019.031.0", "NM_RUAS_UP": "YETI - UBRUB - YAMBRA *", "NM_JBT_UPD": "KALI ASBIN CS 1", "PROVINSI": "PAPUA PEGUNUNGAN (JAYAPURA)", "No_Prov_26": "62", "ID_Jbt_26": "6200335", "Kd_Ruas_26": "62019", "Suffix_26": "0", "Nm_Ruas_26": "YETI - UBRUB - YAMBRA *", "Lintas_26": "JALAN LINTAS PERBATASAN", "No_Jbt_26": "62.019.031.0", "Nm_Jbt_26": "KALI ASBIN CS 1", "Status_26": "N", "Fungsi_26": "K", "Lks_Dr_26": "JPR", "Lks_km_26": 21.537, "F_STA_26": "2060", "Cadin_26": "UBR", "Pjg_Jbt_26": 24.5, "Btg_Pjg_26": 24.15, "Jml_Btg_26": "1", "Lb_Jl_Ms26": 5.5, "Lb_Jl_Kl26": 5.5, "Lb_Lalin26": 3.87, "Lb_Bh_Ki26": 0.0, "Lb_Bh_Ka26": 0.0, "Lb_Dr_Ki26": 0.0, "Lb_Dr_Ka26": 0.0, "Lb_Tr_Ki26": 0.0, "Lb_Tr_Ka26": 0.0, "Lb_TS_Ki26": 0.0, "Lb_TS_Ka26": 0.0, "Lb_Med_26": 0.0, "Lbr_Jbt_26": 3.87, "Bgn_Ats_26": "RBW", "Jns_Jbt_26": "STANDAR", "Thn_Bgn_26": "1994", "BA_26": "3", "LNT_26": "3", "BB_26": "0", "DAS_26": "0", "OP_26": "0", "UT_26": "0", "GR_26": "0", "LB_26": "0", "JBT_26": "3", "Tp_Lnts_26": "SUNGAI", "Dt_Lnts_26": "LURUS", "Pnangnn_26": "REHABILITASI", "Pmriksn_26": "DETAIL", "Pnglola_26": "BBPJN PAPUA-PAPUA PEGUNUNGAN", "Satkr_ID26": "693965", "PPK_Name26": "2.2", "Traffic_26": null, "VCR_26": "0", "AADT_26": "34", "Tipe_Jb_26": null, "Lat_26": -3.444369, "Long_26": 140.9021, "Tgl_Ins_26": "11/06/2026", "Ket_26": null }, "geometry": { "type": "Point", "coordinates": [ 140.902144999991833, -3.444369000428992 ] } },
{ "type": "Feature", "properties": { "KDRUAS_UPD": "62019", "NOJBT_UPD": "62.019.026.0", "NM_RUAS_UP": "YETI - UBRUB - YAMBRA *", "NM_JBT_UPD": "KALI ASSU", "PROVINSI": "PAPUA PEGUNUNGAN (JAYAPURA)", "No_Prov_26": "62", "ID_Jbt_26": "6200330", "Kd_Ruas_26": "62019", "Suffix_26": "0", "Nm_Ruas_26": "YETI - UBRUB - YAMBRA *", "Lintas_26": "JALAN LINTAS PERBATASAN", "No_Jbt_26": "62.019.026.0", "Nm_Jbt_26": "KALI ASSU", "Status_26": "N", "Fungsi_26": "K", "Lks_Dr_26": "JPR", "Lks_km_26": 20.04, "F_STA_26": "1910", "Cadin_26": "UBR", "Pjg_Jbt_26": 30.6, "Btg_Pjg_26": 30.05, "Jml_Btg_26": "1", "Lb_Jl_Ms26": 5.5, "Lb_Jl_Kl26": 5.5, "Lb_Lalin26": 7.0, "Lb_Bh_Ki26": 0.0, "Lb_Bh_Ka26": 0.0, "Lb_Dr_Ki26": 0.0, "Lb_Dr_Ka26": 0.0, "Lb_Tr_Ki26": 0.98, "Lb_Tr_Ka26": 1.0, "Lb_TS_Ki26": 0.26, "Lb_TS_Ka26": 0.22, "Lb_Med_26": 0.0, "Lbr_Jbt_26": 9.46, "Bgn_Ats_26": "GBP", "Jns_Jbt_26": "STANDAR", "Thn_Bgn_26": "2016", "BA_26": "2", "LNT_26": "2", "BB_26": "1", "DAS_26": "2", "OP_26": "1", "UT_26": "0", "GR_26": "0", "LB_26": "0", "JBT_26": "2", "Tp_Lnts_26": "SUNGAI", "Dt_Lnts_26": "LURUS", "Pnangnn_26": "RUTIN", "Pmriksn_26": "DETAIL", "Pnglola_26": "BBPJN PAPUA-PAPUA PEGUNUNGAN", "Satkr_ID26": "693965", "PPK_Name26": "2.2", "Traffic_26": null, "VCR_26": "0", "AADT_26": "34", "Tipe_Jb_26": null, "Lat_26": -3.432423, "Long_26": 140.9037, "Tgl_Ins_26": "02/06/2026", "Ket_26": null }, "geometry": { "type": "Point", "coordinates": [ 140.903671000216605, -3.432422999921471 ] } },
{ "type": "Feature", "properties": { "KDRUAS_UPD": "62019", "NOJBT_UPD": "62.019.005.0", "NM_RUAS_UP": "YETI - UBRUB - YAMBRA *", "NM_JBT_UPD": "KALI BAAH", "PROVINSI": "PAPUA PEGUNUNGAN (JAYAPURA)", "No_Prov_26": "62", "ID_Jbt_26": "6200310", "Kd_Ruas_26": "62019", "Suffix_26": "0", "Nm_Ruas_26": "YETI - UBRUB - YAMBRA *", "Lintas_26": "JALAN LINTAS PERBATASAN", "No_Jbt_26": "62.019.005.0", "Nm_Jbt_26": "KALI BAAH", "Status_26": "N", "Fungsi_26": "K", "Lks_Dr_26": "JPR", "Lks_km_26": 7.37, "F_STA_26": "700", "Cadin_26": "UBR", "Pjg_Jbt_26": 30.7, "Btg_Pjg_26": 30.0, "Jml_Btg_26": "1", "Lb_Jl_Ms26": 5.5, "Lb_Jl_Kl26": 5.5, "Lb_Lalin26": 7.08, "Lb_Bh_Ki26": 0.0, "Lb_Bh_Ka26": 0.0, "Lb_Dr_Ki26": 0.0, "Lb_Dr_Ka26": 0.0, "Lb_Tr_Ki26": 0.95, "Lb_Tr_Ka26": 0.96, "Lb_TS_Ki26": 0.25, "Lb_TS_Ka26": 0.25, "Lb_Med_26": 0.0, "Lbr_Jbt_26": 9.49, "Bgn_Ats_26": "GBP", "Jns_Jbt_26": "STANDAR", "Thn_Bgn_26": "2014", "BA_26": "2", "LNT_26": "2", "BB_26": "2", "DAS_26": "0", "OP_26": "2", "UT_26": "0", "GR_26": "0", "LB_26": "0", "JBT_26": "2", "Tp_Lnts_26": "SUNGAI", "Dt_Lnts_26": "LURUS", "Pnangnn_26": "RUTIN", "Pmriksn_26": "DETAIL", "Pnglola_26": "BBPJN PAPUA-PAPUA PEGUNUNGAN", "Satkr_ID26": "693965", "PPK_Name26": "2.2", "Traffic_26": null, "VCR_26": "0", "AADT_26": "34", "Tipe_Jb_26": null, "Lat_26": -3.336742, "Long_26": 140.9334, "Tgl_Ins_26": "02/06/2026", "Ket_26": null }, "geometry": { "type": "Point", "coordinates": [ 140.933426000009945, -3.336741999643493 ] } },
{ "type": "Feature", "properties": { "KDRUAS_UPD": "62036", "NOJBT_UPD": "62.036.074.0", "NM_RUAS_UP": "BONGGO - BETAF - SARMI", "NM_JBT_UPD": "KALI BABANE", "PROVINSI": "PAPUA PEGUNUNGAN (JAYAPURA)", "No_Prov_26": "62", "ID_Jbt_26": "6201049", "Kd_Ruas_26": "62036", "Suffix_26": null, "Nm_Ruas_26": "BONGGO - BETAF - SARMI", "Lintas_26": "JALAN LINTAS UTARA", "No_Jbt_26": "62.036.074.0", "Nm_Jbt_26": "KALI BABANE", "Status_26": "N", "Fungsi_26": "K", "Lks_Dr_26": "JPR", "Lks_km_26": 101.53, "F_STA_26": "9860", "Cadin_26": "SRM", "Pjg_Jbt_26": 6.0, "Btg_Pjg_26": 2.0, "Jml_Btg_26": "3", "Lb_Jl_Ms26": 5.14, "Lb_Jl_Kl26": 5.14, "Lb_Lalin26": 5.53, "Lb_Bh_Ki26": 4.35, "Lb_Bh_Ka26": 1.77, "Lb_Dr_Ki26": 0.0, "Lb_Dr_Ka26": 0.0, "Lb_Tr_Ki26": 0.0, "Lb_Tr_Ka26": 0.0, "Lb_TS_Ki26": 0.0, "Lb_TS_Ka26": 0.0, "Lb_Med_26": 0.0, "Lbr_Jbt_26": 11.65, "Bgn_Ats_26": "BTP", "Jns_Jbt_26": "STANDAR", "Thn_Bgn_26": "2014", "BA_26": "0", "LNT_26": "0", "BB_26": "0", "DAS_26": "1", "OP_26": "2", "UT_26": "0", "GR_26": "2", "LB_26": "0", "JBT_26": "2", "Tp_Lnts_26": "SUNGAI", "Dt_Lnts_26": "LURUS", "Pnangnn_26": "RUTIN", "Pmriksn_26": "TIDAK DISURVEI TA. 2026", "Pnglola_26": "BBPJN PAPUA-PAPUA PEGUNUNGAN", "Satkr_ID26": "693940", "PPK_Name26": "1.3", "Traffic_26": null, "VCR_26": "0", "AADT_26": "791", "Tipe_Jb_26": null, "Lat_26": -1.967982, "Long_26": 138.856339, "Tgl_Ins_26": "10/06/2025", "Ket_26": null }, "geometry": { "type": "Point", "coordinates": [ 138.856338999645232, -1.967981999669519 ] } },
{ "type": "Feature", "properties": { "KDRUAS_UPD": "62036", "NOJBT_UPD": "62.036.091.0", "NM_RUAS_UP": "BONGGO - BETAF - SARMI", "NM_JBT_UPD": "KALI BEBESUM", "PROVINSI": "PAPUA PEGUNUNGAN (JAYAPURA)", "No_Prov_26": "62", "ID_Jbt_26": "6201092", "Kd_Ruas_26": "62036", "Suffix_26": null, "Nm_Ruas_26": "BONGGO - BETAF - SARMI", "Lintas_26": "JALAN LINTAS UTARA", "No_Jbt_26": "62.036.091.0", "Nm_Jbt_26": "KALI BEBESUM", "Status_26": "N", "Fungsi_26": "K", "Lks_Dr_26": "JPR", "Lks_km_26": 115.917, "F_STA_26": "11270", "Cadin_26": "SRM", "Pjg_Jbt_26": 25.6, "Btg_Pjg_26": 25.0, "Jml_Btg_26": "1", "Lb_Jl_Ms26": 5.4, "Lb_Jl_Kl26": 5.4, "Lb_Lalin26": 5.5, "Lb_Bh_Ki26": 1.0, "Lb_Bh_Ka26": 0.73, "Lb_Dr_Ki26": 0.08, "Lb_Dr_Ka26": 0.12, "Lb_Tr_Ki26": 0.99, "Lb_Tr_Ka26": 0.97, "Lb_TS_Ki26": 0.0, "Lb_TS_Ka26": 0.0, "Lb_Med_26": 0.0, "Lbr_Jbt_26": 9.39, "Bgn_Ats_26": "GTP", "Jns_Jbt_26": "STANDAR", "Thn_Bgn_26": "2012", "BA_26": "2", "LNT_26": "2", "BB_26": "2", "DAS_26": "3", "OP_26": "2", "UT_26": "0", "GR_26": "0", "LB_26": "0", "JBT_26": "3", "Tp_Lnts_26": "SUNGAI", "Dt_Lnts_26": "LURUS", "Pnangnn_26": "REHABILITASI", "Pmriksn_26": "DETAIL", "Pnglola_26": "BBPJN PAPUA-PAPUA PEGUNUNGAN", "Satkr_ID26": "693940", "PPK_Name26": "1.3", "Traffic_26": null, "VCR_26": "0", "AADT_26": "791", "Tipe_Jb_26": null, "Lat_26": -1.920214, "Long_26": 138.786758, "Tgl_Ins_26": "04/06/2026", "Ket_26": null }, "geometry": { "type": "Point", "coordinates": [ 138.786757999681981, -1.920214000175918 ] } },
{ "type": "Feature", "properties": { "KDRUAS_UPD": "62019", "NOJBT_UPD": "62.019.007.0", "NM_RUAS_UP": "YETI - UBRUB - YAMBRA *", "NM_JBT_UPD": "KALI CHI", "PROVINSI": "PAPUA PEGUNUNGAN (JAYAPURA)", "No_Prov_26": "62", "ID_Jbt_26": "6200312", "Kd_Ruas_26": "62019", "Suffix_26": "0", "Nm_Ruas_26": "YETI - UBRUB - YAMBRA *", "Lintas_26": "JALAN LINTAS PERBATASAN", "No_Jbt_26": "62.019.007.0", "Nm_Jbt_26": "KALI CHI", "Status_26": "N", "Fungsi_26": "K", "Lks_Dr_26": "JPR", "Lks_km_26": 9.326, "F_STA_26": "880", "Cadin_26": "UBR", "Pjg_Jbt_26": 25.6, "Btg_Pjg_26": 25.0, "Jml_Btg_26": "1", "Lb_Jl_Ms26": 5.5, "Lb_Jl_Kl26": 5.5, "Lb_Lalin26": 7.0, "Lb_Bh_Ki26": 0.0, "Lb_Bh_Ka26": 0.0, "Lb_Dr_Ki26": 0.13, "Lb_Dr_Ka26": 0.05, "Lb_Tr_Ki26": 0.87, "Lb_Tr_Ka26": 0.89, "Lb_TS_Ki26": 0.28, "Lb_TS_Ka26": 0.33, "Lb_Med_26": 0.0, "Lbr_Jbt_26": 9.55, "Bgn_Ats_26": "GBP", "Jns_Jbt_26": "STANDAR", "Thn_Bgn_26": "2016", "BA_26": "2", "LNT_26": "1", "BB_26": "2", "DAS_26": "0", "OP_26": "3", "UT_26": "0", "GR_26": "0", "LB_26": "0", "JBT_26": "3", "Tp_Lnts_26": "SUNGAI", "Dt_Lnts_26": "LURUS", "Pnangnn_26": "RUTIN", "Pmriksn_26": "DETAIL", "Pnglola_26": "BBPJN PAPUA-PAPUA PEGUNUNGAN", "Satkr_ID26": "693965", "PPK_Name26": "2.2", "Traffic_26": null, "VCR_26": "0", "AADT_26": "34", "Tipe_Jb_26": null, "Lat_26": -3.351041, "Long_26": 140.9276, "Tgl_Ins_26": "02/06/2026", "Ket_26": null }, "geometry": { "type": "Point", "coordinates": [ 140.927597000101514, -3.351040999842212 ] } },
{ "type": "Feature", "properties": { "KDRUAS_UPD": "62035", "NOJBT_UPD": "62.035.061.0", "NM_RUAS_UP": "NIMBOTONG - BONGGO", "NM_JBT_UPD": "KALI DIMIN", "PROVINSI": "PAPUA PEGUNUNGAN (JAYAPURA)", "No_Prov_26": "62", "ID_Jbt_26": "6200528", "Kd_Ruas_26": "62035", "Suffix_26": null, "Nm_Ruas_26": "NIMBOTONG - BONGGO", "Lintas_26": "JALAN LINTAS UTARA", "No_Jbt_26": "62.035.061.0", "Nm_Jbt_26": "KALI DIMIN", "Status_26": "N", "Fungsi_26": "K", "Lks_Dr_26": "JPR", "Lks_km_26": 69.152, "F_STA_26": "6020", "Cadin_26": null, "Pjg_Jbt_26": 6.0, "Btg_Pjg_26": 3.0, "Jml_Btg_26": "2", "Lb_Jl_Ms26": 6.0, "Lb_Jl_Kl26": 6.0, "Lb_Lalin26": 6.15, "Lb_Bh_Ki26": 2.0, "Lb_Bh_Ka26": 2.18, "Lb_Dr_Ki26": 0.0, "Lb_Dr_Ka26": 0.0, "Lb_Tr_Ki26": 0.0, "Lb_Tr_Ka26": 0.0, "Lb_TS_Ki26": 0.0, "Lb_TS_Ka26": 0.0, "Lb_Med_26": 0.0, "Lbr_Jbt_26": 10.33, "Bgn_Ats_26": "BTP", "Jns_Jbt_26": "STANDAR", "Thn_Bgn_26": "2010", "BA_26": "0", "LNT_26": "0", "BB_26": "0", "DAS_26": "1", "OP_26": "1", "UT_26": "1", "GR_26": "0", "LB_26": "0", "JBT_26": "1", "Tp_Lnts_26": "SUNGAI", "Dt_Lnts_26": "LURUS", "Pnangnn_26": "RUTIN", "Pmriksn_26": "TIDAK DISURVEI TA. 2026", "Pnglola_26": "BBPJN PAPUA-PAPUA PEGUNUNGAN", "Satkr_ID26": "693940", "PPK_Name26": "1.2", "Traffic_26": null, "VCR_26": "0", "AADT_26": "205", "Tipe_Jb_26": null, "Lat_26": -2.402028, "Long_26": 139.745743, "Tgl_Ins_26": "18/03/2024", "Ket_26": null }, "geometry": { "type": "Point", "coordinates": [ 139.745743000239372, -2.402027999592462 ] } },
{ "type": "Feature", "properties": { "KDRUAS_UPD": "62004", "NOJBT_UPD": "62.004.003.0", "NM_RUAS_UP": "WARIS - YETTI", "NM_JBT_UPD": "KALI ERAG", "PROVINSI": "PAPUA PEGUNUNGAN (JAYAPURA)", "No_Prov_26": "62", "ID_Jbt_26": "6200047", "Kd_Ruas_26": "62004", "Suffix_26": null, "Nm_Ruas_26": "WARIS - YETTI", "Lintas_26": "JALAN LINTAS PERBATASAN", "No_Jbt_26": "62.004.003.0", "Nm_Jbt_26": "KALI ERAG", "Status_26": "N", "Fungsi_26": "A", "Lks_Dr_26": "JPR", "Lks_km_26": 11.188, "F_STA_26": "810", "Cadin_26": "YET", "Pjg_Jbt_26": 30.6, "Btg_Pjg_26": 30.0, "Jml_Btg_26": "1", "Lb_Jl_Ms26": 5.28, "Lb_Jl_Kl26": 5.28, "Lb_Lalin26": 6.46, "Lb_Bh_Ki26": 0.0, "Lb_Bh_Ka26": 0.0, "Lb_Dr_Ki26": 0.37, "Lb_Dr_Ka26": 0.24, "Lb_Tr_Ki26": 0.85, "Lb_Tr_Ka26": 0.84, "Lb_TS_Ki26": 0.34, "Lb_TS_Ka26": 0.3, "Lb_Med_26": 0.0, "Lbr_Jbt_26": 9.4, "Bgn_Ats_26": "GBP", "Jns_Jbt_26": "STANDAR", "Thn_Bgn_26": "2016", "BA_26": "2", "LNT_26": "2", "BB_26": "2", "DAS_26": "2", "OP_26": "0", "UT_26": "0", "GR_26": "0", "LB_26": "0", "JBT_26": "2", "Tp_Lnts_26": "SUNGAI", "Dt_Lnts_26": "LURUS", "Pnangnn_26": "RUTIN", "Pmriksn_26": "DETAIL", "Pnglola_26": "BBPJN PAPUA-PAPUA PEGUNUNGAN", "Satkr_ID26": "693965", "PPK_Name26": "2.1", "Traffic_26": null, "VCR_26": "0", "AADT_26": "1162", "Tipe_Jb_26": null, "Lat_26": -3.291058, "Long_26": 140.946976, "Tgl_Ins_26": "21/06/2026", "Ket_26": null }, "geometry": { "type": "Point", "coordinates": [ 140.946975999842607, -3.291058000026624 ] } },
{ "type": "Feature", "properties": { "KDRUAS_UPD": "62035", "NOJBT_UPD": "62.035.076.0", "NM_RUAS_UP": "NIMBOTONG - BONGGO", "NM_JBT_UPD": "KALI FAREY", "PROVINSI": "PAPUA PEGUNUNGAN (JAYAPURA)", "No_Prov_26": "62", "ID_Jbt_26": "6200543", "Kd_Ruas_26": "62035", "Suffix_26": null, "Nm_Ruas_26": "NIMBOTONG - BONGGO", "Lintas_26": "JALAN LINTAS UTARA", "No_Jbt_26": "62.035.076.0", "Nm_Jbt_26": "KALI FAREY", "Status_26": "N", "Fungsi_26": "K", "Lks_Dr_26": "JPR", "Lks_km_26": 76.763, "F_STA_26": "6660", "Cadin_26": "BGO", "Pjg_Jbt_26": 20.6, "Btg_Pjg_26": 20.0, "Jml_Btg_26": "1", "Lb_Jl_Ms26": 6.0, "Lb_Jl_Kl26": 6.0, "Lb_Lalin26": 5.1, "Lb_Bh_Ki26": 1.8, "Lb_Bh_Ka26": 1.2, "Lb_Dr_Ki26": 0.08, "Lb_Dr_Ka26": 0.08, "Lb_Tr_Ki26": 1.4, "Lb_Tr_Ka26": 1.42, "Lb_TS_Ki26": 0.0, "Lb_TS_Ka26": 0.0, "Lb_Med_26": 0.0, "Lbr_Jbt_26": 11.08, "Bgn_Ats_26": "GTP", "Jns_Jbt_26": "STANDAR", "Thn_Bgn_26": "2011", "BA_26": "2", "LNT_26": "0", "BB_26": "1", "DAS_26": "1", "OP_26": "0", "UT_26": "0", "GR_26": "0", "LB_26": "0", "JBT_26": "2", "Tp_Lnts_26": "SUNGAI", "Dt_Lnts_26": "LURUS", "Pnangnn_26": "RUTIN", "Pmriksn_26": "TIDAK DISURVEI TA. 2026", "Pnglola_26": "BBPJN PAPUA-PAPUA PEGUNUNGAN", "Satkr_ID26": "693940", "PPK_Name26": "1.2", "Traffic_26": null, "VCR_26": "0", "AADT_26": "205", "Tipe_Jb_26": null, "Lat_26": -2.373124, "Long_26": 139.696365, "Tgl_Ins_26": "19/06/2025", "Ket_26": null }, "geometry": { "type": "Point", "coordinates": [ 139.696365000244668, -2.373124000372286 ] } },
{ "type": "Feature", "properties": { "KDRUAS_UPD": "62019", "NOJBT_UPD": "62.019.043.0", "NM_RUAS_UP": "YETI - UBRUB - YAMBRA *", "NM_JBT_UPD": "KALI GOMBON", "PROVINSI": "PAPUA PEGUNUNGAN (JAYAPURA)", "No_Prov_26": "62", "ID_Jbt_26": "6200347", "Kd_Ruas_26": "62019", "Suffix_26": "0", "Nm_Ruas_26": "YETI - UBRUB - YAMBRA *", "Lintas_26": "JALAN LINTAS PERBATASAN", "No_Jbt_26": "62.019.043.0", "Nm_Jbt_26": "KALI GOMBON", "Status_26": "N", "Fungsi_26": "K", "Lks_Dr_26": "JPR", "Lks_km_26": 28.017, "F_STA_26": "2680", "Cadin_26": "UBR", "Pjg_Jbt_26": 24.6, "Btg_Pjg_26": 24.0, "Jml_Btg_26": "1", "Lb_Jl_Ms26": 5.5, "Lb_Jl_Kl26": 5.5, "Lb_Lalin26": 6.76, "Lb_Bh_Ki26": 0.0, "Lb_Bh_Ka26": 0.0, "Lb_Dr_Ki26": 0.14, "Lb_Dr_Ka26": 0.12, "Lb_Tr_Ki26": 1.28, "Lb_Tr_Ka26": 1.32, "Lb_TS_Ki26": 0.0, "Lb_TS_Ka26": 0.0, "Lb_Med_26": 0.0, "Lbr_Jbt_26": 9.62, "Bgn_Ats_26": "GTP", "Jns_Jbt_26": "STANDAR", "Thn_Bgn_26": "2014", "BA_26": "2", "LNT_26": "2", "BB_26": "1", "DAS_26": "2", "OP_26": "2", "UT_26": "0", "GR_26": "0", "LB_26": "0", "JBT_26": "2", "Tp_Lnts_26": "SUNGAI", "Dt_Lnts_26": "LURUS", "Pnangnn_26": "RUTIN", "Pmriksn_26": "RUTIN", "Pnglola_26": "BBPJN PAPUA-PAPUA PEGUNUNGAN", "Satkr_ID26": "693965", "PPK_Name26": "2.2", "Traffic_26": null, "VCR_26": "0", "AADT_26": "34", "Tipe_Jb_26": null, "Lat_26": -3.485179, "Long_26": 140.8856, "Tgl_Ins_26": "31/05/2025", "Ket_26": null }, "geometry": { "type": "Point", "coordinates": [ 140.885635000355023, -3.485179000110747 ] } },
{ "type": "Feature", "properties": { "KDRUAS_UPD": "62036", "NOJBT_UPD": "62.036.071.0", "NM_RUAS_UP": "BONGGO - BETAF - SARMI", "NM_JBT_UPD": "KALI IMONER", "PROVINSI": "PAPUA PEGUNUNGAN (JAYAPURA)", "No_Prov_26": "62", "ID_Jbt_26": "6201077", "Kd_Ruas_26": "62036", "Suffix_26": null, "Nm_Ruas_26": "BONGGO - BETAF - SARMI", "Lintas_26": "JALAN LINTAS UTARA", "No_Jbt_26": "62.036.071.0", "Nm_Jbt_26": "KALI IMONER", "Status_26": "N", "Fungsi_26": "K", "Lks_Dr_26": "JPR", "Lks_km_26": 95.619, "F_STA_26": "9300", "Cadin_26": "SRM", "Pjg_Jbt_26": 7.3, "Btg_Pjg_26": 3.0, "Jml_Btg_26": "2", "Lb_Jl_Ms26": 4.93, "Lb_Jl_Kl26": 4.93, "Lb_Lalin26": 5.0, "Lb_Bh_Ki26": 1.0, "Lb_Bh_Ka26": 0.9, "Lb_Dr_Ki26": 0.0, "Lb_Dr_Ka26": 0.0, "Lb_Tr_Ki26": 0.53, "Lb_Tr_Ka26": 0.51, "Lb_TS_Ki26": 0.0, "Lb_TS_Ka26": 0.0, "Lb_Med_26": 0.0, "Lbr_Jbt_26": 7.94, "Bgn_Ats_26": "BTP", "Jns_Jbt_26": "STANDAR", "Thn_Bgn_26": "2014", "BA_26": "0", "LNT_26": "0", "BB_26": "0", "DAS_26": "1", "OP_26": "0", "UT_26": "0", "GR_26": "2", "LB_26": "0", "JBT_26": "2", "Tp_Lnts_26": "SUNGAI", "Dt_Lnts_26": "LURUS", "Pnangnn_26": "RUTIN", "Pmriksn_26": "DETAIL", "Pnglola_26": "BBPJN PAPUA-PAPUA PEGUNUNGAN", "Satkr_ID26": "693940", "PPK_Name26": "1.3", "Traffic_26": null, "VCR_26": "0", "AADT_26": "791", "Tipe_Jb_26": null, "Lat_26": -1.965123, "Long_26": 138.899094, "Tgl_Ins_26": "04/06/2026", "Ket_26": null }, "geometry": { "type": "Point", "coordinates": [ 138.899093999988168, -1.965123000026381 ] } },
{ "type": "Feature", "properties": { "KDRUAS_UPD": "62036", "NOJBT_UPD": "62.036.064.0", "NM_RUAS_UP": "BONGGO - BETAF - SARMI", "NM_JBT_UPD": "KALI INTRA", "PROVINSI": "PAPUA PEGUNUNGAN (JAYAPURA)", "No_Prov_26": "62", "ID_Jbt_26": "6201070", "Kd_Ruas_26": "62036", "Suffix_26": null, "Nm_Ruas_26": "BONGGO - BETAF - SARMI", "Lintas_26": "JALAN LINTAS UTARA", "No_Jbt_26": "62.036.064.0", "Nm_Jbt_26": "KALI INTRA", "Status_26": "N", "Fungsi_26": "K", "Lks_Dr_26": "JPR", "Lks_km_26": 81.321, "F_STA_26": "7970", "Cadin_26": "SRM", "Pjg_Jbt_26": 25.4, "Btg_Pjg_26": 24.8, "Jml_Btg_26": "1", "Lb_Jl_Ms26": 5.5, "Lb_Jl_Kl26": 5.5, "Lb_Lalin26": 6.0, "Lb_Bh_Ki26": 0.0, "Lb_Bh_Ka26": 0.0, "Lb_Dr_Ki26": 0.0, "Lb_Dr_Ka26": 0.0, "Lb_Tr_Ki26": 0.97, "Lb_Tr_Ka26": 0.9, "Lb_TS_Ki26": 0.32, "Lb_TS_Ka26": 0.32, "Lb_Med_26": 0.0, "Lbr_Jbt_26": 8.51, "Bgn_Ats_26": "GBP", "Jns_Jbt_26": "STANDAR", "Thn_Bgn_26": "2023", "BA_26": "2", "LNT_26": "2", "BB_26": "2", "DAS_26": "2", "OP_26": "2", "UT_26": "0", "GR_26": "0", "LB_26": "0", "JBT_26": "2", "Tp_Lnts_26": "SUNGAI", "Dt_Lnts_26": "LURUS", "Pnangnn_26": "REHABILITASI", "Pmriksn_26": "DETAIL", "Pnglola_26": "BBPJN PAPUA-PAPUA PEGUNUNGAN", "Satkr_ID26": "693940", "PPK_Name26": "1.3", "Traffic_26": null, "VCR_26": "0", "AADT_26": "791", "Tipe_Jb_26": null, "Lat_26": -1.982571, "Long_26": 139.004456, "Tgl_Ins_26": "29/06/2026", "Ket_26": null }, "geometry": { "type": "Point", "coordinates": [ 139.004455999744664, -1.982570999751772 ] } },
{ "type": "Feature", "properties": { "KDRUAS_UPD": "62036", "NOJBT_UPD": "62.036.098.0", "NM_RUAS_UP": "BONGGO - BETAF - SARMI", "NM_JBT_UPD": "KALI IRIAMEGA (OREY)", "PROVINSI": "PAPUA PEGUNUNGAN (JAYAPURA)", "No_Prov_26": "62", "ID_Jbt_26": "6201099", "Kd_Ruas_26": "62036", "Suffix_26": null, "Nm_Ruas_26": "BONGGO - BETAF - SARMI", "Lintas_26": "JALAN LINTAS UTARA", "No_Jbt_26": "62.036.098.0", "Nm_Jbt_26": "KALI IRIAMEGA (OREY)", "Status_26": "N", "Fungsi_26": "K", "Lks_Dr_26": "JPR", "Lks_km_26": 122.599, "F_STA_26": "11890", "Cadin_26": "SRM", "Pjg_Jbt_26": 41.0, "Btg_Pjg_26": 40.0, "Jml_Btg_26": "1", "Lb_Jl_Ms26": 6.3, "Lb_Jl_Kl26": 6.3, "Lb_Lalin26": 7.0, "Lb_Bh_Ki26": 0.0, "Lb_Bh_Ka26": 0.0, "Lb_Dr_Ki26": 0.07, "Lb_Dr_Ka26": 0.07, "Lb_Tr_Ki26": 1.0, "Lb_Tr_Ka26": 1.0, "Lb_TS_Ki26": 0.0, "Lb_TS_Ka26": 0.0, "Lb_Med_26": 0.0, "Lbr_Jbt_26": 9.14, "Bgn_Ats_26": "RBP", "Jns_Jbt_26": "STANDAR", "Thn_Bgn_26": "2023", "BA_26": "2", "LNT_26": "2", "BB_26": "2", "DAS_26": "1", "OP_26": "0", "UT_26": "0", "GR_26": "0", "LB_26": "0", "JBT_26": "2", "Tp_Lnts_26": "SUNGAI", "Dt_Lnts_26": "LURUS", "Pnangnn_26": "RUTIN", "Pmriksn_26": "TIDAK DISURVEI TA. 2026", "Pnglola_26": "BBPJN PAPUA-PAPUA PEGUNUNGAN", "Satkr_ID26": "693940", "PPK_Name26": "1.3", "Traffic_26": null, "VCR_26": "0", "AADT_26": "791", "Tipe_Jb_26": null, "Lat_26": -1.888184, "Long_26": 138.751495, "Tgl_Ins_26": "09/06/2025", "Ket_26": null }, "geometry": { "type": "Point", "coordinates": [ 138.751495000394016, -1.888183999791693 ] } },
{ "type": "Feature", "properties": { "KDRUAS_UPD": "62035", "NOJBT_UPD": "62.035.062.0", "NM_RUAS_UP": "NIMBOTONG - BONGGO", "NM_JBT_UPD": "KALI JAL", "PROVINSI": "PAPUA PEGUNUNGAN (JAYAPURA)", "No_Prov_26": "62", "ID_Jbt_26": "6200529", "Kd_Ruas_26": "62035", "Suffix_26": null, "Nm_Ruas_26": "NIMBOTONG - BONGGO", "Lintas_26": "JALAN LINTAS UTARA", "No_Jbt_26": "62.035.062.0", "Nm_Jbt_26": "KALI JAL", "Status_26": "N", "Fungsi_26": "K", "Lks_Dr_26": "JPR", "Lks_km_26": 69.779, "F_STA_26": "6070", "Cadin_26": "BGO", "Pjg_Jbt_26": 7.0, "Btg_Pjg_26": 3.0, "Jml_Btg_26": "2", "Lb_Jl_Ms26": 6.0, "Lb_Jl_Kl26": 6.0, "Lb_Lalin26": 5.7, "Lb_Bh_Ki26": 2.2, "Lb_Bh_Ka26": 2.2, "Lb_Dr_Ki26": 0.0, "Lb_Dr_Ka26": 0.0, "Lb_Tr_Ki26": 0.0, "Lb_Tr_Ka26": 0.0, "Lb_TS_Ki26": 0.0, "Lb_TS_Ka26": 0.0, "Lb_Med_26": 0.0, "Lbr_Jbt_26": 10.1, "Bgn_Ats_26": "BTP", "Jns_Jbt_26": "STANDAR", "Thn_Bgn_26": "2017", "BA_26": "0", "LNT_26": "0", "BB_26": "0", "DAS_26": "1", "OP_26": "0", "UT_26": "0", "GR_26": "2", "LB_26": "0", "JBT_26": "2", "Tp_Lnts_26": "SUNGAI", "Dt_Lnts_26": "LURUS", "Pnangnn_26": "RUTIN", "Pmriksn_26": "TIDAK DISURVEI TA. 2026", "Pnglola_26": "BBPJN PAPUA-PAPUA PEGUNUNGAN", "Satkr_ID26": "693940", "PPK_Name26": "1.2", "Traffic_26": null, "VCR_26": "0", "AADT_26": "205", "Tipe_Jb_26": null, "Lat_26": -2.399263, "Long_26": 139.742325, "Tgl_Ins_26": "21/06/2025", "Ket_26": null }, "geometry": { "type": "Point", "coordinates": [ 139.7423249999988, -2.399262999787538 ] } },
{ "type": "Feature", "properties": { "KDRUAS_UPD": "62019", "NOJBT_UPD": "62.019.056.0", "NM_RUAS_UP": "YETI - UBRUB - YAMBRA *", "NM_JBT_UPD": "KALI KANDIGLIP 1", "PROVINSI": "PAPUA PEGUNUNGAN (JAYAPURA)", "No_Prov_26": "62", "ID_Jbt_26": "6200360", "Kd_Ruas_26": "62019", "Suffix_26": "0", "Nm_Ruas_26": "YETI - UBRUB - YAMBRA *", "Lintas_26": "JALAN LINTAS PERBATASAN", "No_Jbt_26": "62.019.056.0", "Nm_Jbt_26": "KALI KANDIGLIP 1", "Status_26": "N", "Fungsi_26": "K", "Lks_Dr_26": "JPR", "Lks_km_26": 36.486, "F_STA_26": "3510", "Cadin_26": "UBR", "Pjg_Jbt_26": 14.2, "Btg_Pjg_26": 3.0, "Jml_Btg_26": "2", "Lb_Jl_Ms26": 6.0, "Lb_Jl_Kl26": 6.0, "Lb_Lalin26": 5.6, "Lb_Bh_Ki26": 3.18, "Lb_Bh_Ka26": 1.65, "Lb_Dr_Ki26": 0.0, "Lb_Dr_Ka26": 0.0, "Lb_Tr_Ki26": 0.0, "Lb_Tr_Ka26": 0.0, "Lb_TS_Ki26": 0.27, "Lb_TS_Ka26": 0.3, "Lb_Med_26": 0.0, "Lbr_Jbt_26": 11.0, "Bgn_Ats_26": "BTP", "Jns_Jbt_26": "STANDAR", "Thn_Bgn_26": "1995", "BA_26": "0", "LNT_26": "0", "BB_26": "0", "DAS_26": "1", "OP_26": "2", "UT_26": "0", "GR_26": "2", "LB_26": "0", "JBT_26": "2", "Tp_Lnts_26": "SUNGAI", "Dt_Lnts_26": "LURUS", "Pnangnn_26": "RUTIN", "Pmriksn_26": "RUTIN", "Pnglola_26": "BBPJN PAPUA-PAPUA PEGUNUNGAN", "Satkr_ID26": "693965", "PPK_Name26": "2.2", "Traffic_26": null, "VCR_26": "0", "AADT_26": "34", "Tipe_Jb_26": null, "Lat_26": -3.552789, "Long_26": 140.8804, "Tgl_Ins_26": "30/05/2025", "Ket_26": null }, "geometry": { "type": "Point", "coordinates": [ 140.880386000213775, -3.552789000012297 ] } },
{ "type": "Feature", "properties": { "KDRUAS_UPD": "62019", "NOJBT_UPD": "62.019.057.0", "NM_RUAS_UP": "YETI - UBRUB - YAMBRA *", "NM_JBT_UPD": "KALI KANDIGLIP 2", "PROVINSI": "PAPUA PEGUNUNGAN (JAYAPURA)", "No_Prov_26": "62", "ID_Jbt_26": "6200361", "Kd_Ruas_26": "62019", "Suffix_26": "0", "Nm_Ruas_26": "YETI - UBRUB - YAMBRA *", "Lintas_26": "JALAN LINTAS PERBATASAN", "No_Jbt_26": "62.019.057.0", "Nm_Jbt_26": "KALI KANDIGLIP 2", "Status_26": "N", "Fungsi_26": "K", "Lks_Dr_26": "JPR", "Lks_km_26": 37.902, "F_STA_26": "3640", "Cadin_26": "UBR", "Pjg_Jbt_26": 14.2, "Btg_Pjg_26": 3.0, "Jml_Btg_26": "2", "Lb_Jl_Ms26": 6.0, "Lb_Jl_Kl26": 6.0, "Lb_Lalin26": 5.6, "Lb_Bh_Ki26": 2.56, "Lb_Bh_Ka26": 2.22, "Lb_Dr_Ki26": 0.0, "Lb_Dr_Ka26": 0.0, "Lb_Tr_Ki26": 0.0, "Lb_Tr_Ka26": 0.0, "Lb_TS_Ki26": 0.28, "Lb_TS_Ka26": 0.26, "Lb_Med_26": 0.0, "Lbr_Jbt_26": 10.92, "Bgn_Ats_26": "BTP", "Jns_Jbt_26": "STANDAR", "Thn_Bgn_26": "1995", "BA_26": "0", "LNT_26": "0", "BB_26": "0", "DAS_26": "1", "OP_26": "0", "UT_26": "0", "GR_26": "2", "LB_26": "0", "JBT_26": "2", "Tp_Lnts_26": "SUNGAI", "Dt_Lnts_26": "LURUS", "Pnangnn_26": "RUTIN", "Pmriksn_26": "RUTIN", "Pnglola_26": "BBPJN PAPUA-PAPUA PEGUNUNGAN", "Satkr_ID26": "693965", "PPK_Name26": "2.2", "Traffic_26": null, "VCR_26": "0", "AADT_26": "34", "Tipe_Jb_26": null, "Lat_26": -3.56278, "Long_26": 140.8774, "Tgl_Ins_26": "30/05/2025", "Ket_26": null }, "geometry": { "type": "Point", "coordinates": [ 140.877380000086987, -3.562780000296755 ] } },
{ "type": "Feature", "properties": { "KDRUAS_UPD": "62019", "NOJBT_UPD": "62.019.001.0", "NM_RUAS_UP": "YETI - UBRUB - YAMBRA *", "NM_JBT_UPD": "KALI LAPAR II", "PROVINSI": "PAPUA PEGUNUNGAN (JAYAPURA)", "No_Prov_26": "62", "ID_Jbt_26": "6200306", "Kd_Ruas_26": "62019", "Suffix_26": "0", "Nm_Ruas_26": "YETI - UBRUB - YAMBRA *", "Lintas_26": "JALAN LINTAS PERBATASAN", "No_Jbt_26": "62.019.001.0", "Nm_Jbt_26": "KALI LAPAR II", "Status_26": "N", "Fungsi_26": "K", "Lks_Dr_26": "JPR", "Lks_km_26": 1.474, "F_STA_26": "130", "Cadin_26": "UBR", "Pjg_Jbt_26": 30.6, "Btg_Pjg_26": 30.3, "Jml_Btg_26": "1", "Lb_Jl_Ms26": 6.0, "Lb_Jl_Kl26": 6.0, "Lb_Lalin26": 6.7, "Lb_Bh_Ki26": 0.0, "Lb_Bh_Ka26": 0.0, "Lb_Dr_Ki26": 0.07, "Lb_Dr_Ka26": 0.2, "Lb_Tr_Ki26": 0.94, "Lb_Tr_Ka26": 0.94, "Lb_TS_Ki26": 0.2, "Lb_TS_Ka26": 0.24, "Lb_Med_26": 0.0, "Lbr_Jbt_26": 9.29, "Bgn_Ats_26": "GBP", "Jns_Jbt_26": "STANDAR", "Thn_Bgn_26": "2014", "BA_26": "2", "LNT_26": "2", "BB_26": "2", "DAS_26": "0", "OP_26": "3", "UT_26": "0", "GR_26": "0", "LB_26": "0", "JBT_26": "3", "Tp_Lnts_26": "SUNGAI", "Dt_Lnts_26": "LURUS", "Pnangnn_26": "RUTIN", "Pmriksn_26": "DETAIL", "Pnglola_26": "BBPJN PAPUA-PAPUA PEGUNUNGAN", "Satkr_ID26": "693965", "PPK_Name26": "2.2", "Traffic_26": null, "VCR_26": "0", "AADT_26": "34", "Tipe_Jb_26": null, "Lat_26": -3.30405, "Long_26": 140.9416, "Tgl_Ins_26": "02/06/2026", "Ket_26": null }, "geometry": { "type": "Point", "coordinates": [ 140.94157399984033, -3.304050000207269 ] } },
{ "type": "Feature", "properties": { "KDRUAS_UPD": "62035", "NOJBT_UPD": "62.035.058.0", "NM_RUAS_UP": "NIMBOTONG - BONGGO", "NM_JBT_UPD": "KALI LATEN", "PROVINSI": "PAPUA PEGUNUNGAN (JAYAPURA)", "No_Prov_26": "62", "ID_Jbt_26": "6200525", "Kd_Ruas_26": "62035", "Suffix_26": null, "Nm_Ruas_26": "NIMBOTONG - BONGGO", "Lintas_26": "JALAN LINTAS UTARA", "No_Jbt_26": "62.035.058.0", "Nm_Jbt_26": "KALI LATEN", "Status_26": "N", "Fungsi_26": "K", "Lks_Dr_26": "JPR", "Lks_km_26": 67.2, "F_STA_26": "5850", "Cadin_26": "BGO", "Pjg_Jbt_26": 17.8, "Btg_Pjg_26": 2.9, "Jml_Btg_26": "3", "Lb_Jl_Ms26": 6.0, "Lb_Jl_Kl26": 6.0, "Lb_Lalin26": 6.13, "Lb_Bh_Ki26": 2.2, "Lb_Bh_Ka26": 2.2, "Lb_Dr_Ki26": 0.06, "Lb_Dr_Ka26": 0.06, "Lb_Tr_Ki26": 0.0, "Lb_Tr_Ka26": 0.0, "Lb_TS_Ki26": 0.0, "Lb_TS_Ka26": 0.0, "Lb_Med_26": 0.0, "Lbr_Jbt_26": 10.65, "Bgn_Ats_26": "BTP", "Jns_Jbt_26": "STANDAR", "Thn_Bgn_26": "2021", "BA_26": "2", "LNT_26": "2", "BB_26": "0", "DAS_26": "1", "OP_26": "0", "UT_26": "0", "GR_26": "2", "LB_26": "0", "JBT_26": "2", "Tp_Lnts_26": "SUNGAI", "Dt_Lnts_26": "LURUS", "Pnangnn_26": "RUTIN", "Pmriksn_26": "TIDAK DISURVEI TA. 2026", "Pnglola_26": "BBPJN PAPUA-PAPUA PEGUNUNGAN", "Satkr_ID26": "693940", "PPK_Name26": "1.2", "Traffic_26": null, "VCR_26": "0", "AADT_26": "205", "Tipe_Jb_26": null, "Lat_26": -2.410815, "Long_26": 139.757919, "Tgl_Ins_26": "21/06/2025", "Ket_26": null }, "geometry": { "type": "Point", "coordinates": [ 139.757918999662138, -2.410815000112109 ] } },
{ "type": "Feature", "properties": { "KDRUAS_UPD": "62035", "NOJBT_UPD": "62.035.059.0", "NM_RUAS_UP": "NIMBOTONG - BONGGO", "NM_JBT_UPD": "KALI LATEN II", "PROVINSI": "PAPUA PEGUNUNGAN (JAYAPURA)", "No_Prov_26": "62", "ID_Jbt_26": "6200526", "Kd_Ruas_26": "62035", "Suffix_26": null, "Nm_Ruas_26": "NIMBOTONG - BONGGO", "Lintas_26": "JALAN LINTAS UTARA", "No_Jbt_26": "62.035.059.0", "Nm_Jbt_26": "KALI LATEN II", "Status_26": "N", "Fungsi_26": "K", "Lks_Dr_26": "JPR", "Lks_km_26": 68.03, "F_STA_26": "5920", "Cadin_26": "BGO", "Pjg_Jbt_26": 12.15, "Btg_Pjg_26": 3.0, "Jml_Btg_26": "2", "Lb_Jl_Ms26": 6.0, "Lb_Jl_Kl26": 6.0, "Lb_Lalin26": 5.2, "Lb_Bh_Ki26": 2.35, "Lb_Bh_Ka26": 2.7, "Lb_Dr_Ki26": 0.0, "Lb_Dr_Ka26": 0.0, "Lb_Tr_Ki26": 0.0, "Lb_Tr_Ka26": 0.0, "Lb_TS_Ki26": 0.0, "Lb_TS_Ka26": 0.0, "Lb_Med_26": 0.0, "Lbr_Jbt_26": 10.25, "Bgn_Ats_26": "BTP", "Jns_Jbt_26": "STANDAR", "Thn_Bgn_26": "2005", "BA_26": "0", "LNT_26": "0", "BB_26": "0", "DAS_26": "1", "OP_26": "2", "UT_26": "0", "GR_26": "2", "LB_26": "0", "JBT_26": "2", "Tp_Lnts_26": "SUNGAI", "Dt_Lnts_26": "LURUS", "Pnangnn_26": "RUTIN", "Pmriksn_26": "TIDAK DISURVEI TA. 2026", "Pnglola_26": "BBPJN PAPUA-PAPUA PEGUNUNGAN", "Satkr_ID26": "693940", "PPK_Name26": "1.2", "Traffic_26": null, "VCR_26": "0", "AADT_26": "205", "Tipe_Jb_26": null, "Lat_26": -2.407734, "Long_26": 139.752213, "Tgl_Ins_26": "21/06/2025", "Ket_26": null }, "geometry": { "type": "Point", "coordinates": [ 139.752213000029997, -2.40773400012398 ] } },
{ "type": "Feature", "properties": { "KDRUAS_UPD": "62019", "NOJBT_UPD": "62.019.044.0", "NM_RUAS_UP": "YETI - UBRUB - YAMBRA *", "NM_JBT_UPD": "KALI MOTE VII", "PROVINSI": "PAPUA PEGUNUNGAN (JAYAPURA)", "No_Prov_26": "62", "ID_Jbt_26": "6200348", "Kd_Ruas_26": "62019", "Suffix_26": "0", "Nm_Ruas_26": "YETI - UBRUB - YAMBRA *", "Lintas_26": "JALAN LINTAS PERBATASAN", "No_Jbt_26": "62.019.044.0", "Nm_Jbt_26": "KALI MOTE VII", "Status_26": "N", "Fungsi_26": "K", "Lks_Dr_26": "JPR", "Lks_km_26": 30.33, "F_STA_26": "2900", "Cadin_26": "UBR", "Pjg_Jbt_26": 30.8, "Btg_Pjg_26": 30.0, "Jml_Btg_26": "1", "Lb_Jl_Ms26": 5.5, "Lb_Jl_Kl26": 5.5, "Lb_Lalin26": 4.9, "Lb_Bh_Ki26": 1.3, "Lb_Bh_Ka26": 1.53, "Lb_Dr_Ki26": 0.05, "Lb_Dr_Ka26": 0.05, "Lb_Tr_Ki26": 0.69, "Lb_Tr_Ka26": 0.7, "Lb_TS_Ki26": 0.26, "Lb_TS_Ka26": 0.25, "Lb_Med_26": 0.0, "Lbr_Jbt_26": 9.73, "Bgn_Ats_26": "GBP", "Jns_Jbt_26": "STANDAR", "Thn_Bgn_26": "2015", "BA_26": "2", "LNT_26": "2", "BB_26": "1", "DAS_26": "1", "OP_26": "2", "UT_26": "0", "GR_26": "0", "LB_26": "0", "JBT_26": "2", "Tp_Lnts_26": "SUNGAI", "Dt_Lnts_26": "LURUS", "Pnangnn_26": "RUTIN", "Pmriksn_26": "RUTIN", "Pnglola_26": "BBPJN PAPUA-PAPUA PEGUNUNGAN", "Satkr_ID26": "693965", "PPK_Name26": "2.2", "Traffic_26": null, "VCR_26": "0", "AADT_26": "34", "Tipe_Jb_26": null, "Lat_26": -3.502657, "Long_26": 140.8838, "Tgl_Ins_26": "30/05/2025", "Ket_26": null }, "geometry": { "type": "Point", "coordinates": [ 140.883835000085242, -3.502657000320255 ] } },
{ "type": "Feature", "properties": { "KDRUAS_UPD": "62036", "NOJBT_UPD": "62.036.062.0", "NM_RUAS_UP": "BONGGO - BETAF - SARMI", "NM_JBT_UPD": "KALI MUROWANE", "PROVINSI": "PAPUA PEGUNUNGAN (JAYAPURA)", "No_Prov_26": "62", "ID_Jbt_26": "6201068", "Kd_Ruas_26": "62036", "Suffix_26": null, "Nm_Ruas_26": "BONGGO - BETAF - SARMI", "Lintas_26": "JALAN LINTAS UTARA", "No_Jbt_26": "62.036.062.0", "Nm_Jbt_26": "KALI MUROWANE", "Status_26": "N", "Fungsi_26": "K", "Lks_Dr_26": "JPR", "Lks_km_26": 79.141, "F_STA_26": "7760", "Cadin_26": "SRM", "Pjg_Jbt_26": 16.9, "Btg_Pjg_26": 16.9, "Jml_Btg_26": "2", "Lb_Jl_Ms26": 5.05, "Lb_Jl_Kl26": 5.05, "Lb_Lalin26": 4.58, "Lb_Bh_Ki26": 0.53, "Lb_Bh_Ka26": 0.84, "Lb_Dr_Ki26": 0.0, "Lb_Dr_Ka26": 0.0, "Lb_Tr_Ki26": 0.0, "Lb_Tr_Ka26": 0.0, "Lb_TS_Ki26": 0.42, "Lb_TS_Ka26": 0.43, "Lb_Med_26": 0.0, "Lbr_Jbt_26": 6.8, "Bgn_Ats_26": "ETP", "Jns_Jbt_26": "STANDAR", "Thn_Bgn_26": "2014", "BA_26": "1", "LNT_26": "0", "BB_26": "0", "DAS_26": "0", "OP_26": "0", "UT_26": "0", "GR_26": "0", "LB_26": "0", "JBT_26": "1", "Tp_Lnts_26": "SUNGAI", "Dt_Lnts_26": "LURUS", "Pnangnn_26": "RUTIN", "Pmriksn_26": "INVENTARIS & DETAIL", "Pnglola_26": "BBPJN PAPUA-PAPUA PEGUNUNGAN", "Satkr_ID26": "693940", "PPK_Name26": "1.3", "Traffic_26": null, "VCR_26": "0", "AADT_26": "791", "Tipe_Jb_26": null, "Lat_26": -1.992109, "Long_26": 139.020538, "Tgl_Ins_26": "19/05/2026", "Ket_26": null }, "geometry": { "type": "Point", "coordinates": [ 139.020538000328543, -1.992108999830407 ] } },
{ "type": "Feature", "properties": { "KDRUAS_UPD": "62005", "NOJBT_UPD": "62.005.046.0", "NM_RUAS_UP": "YETTI - SENGGI - MAMBERAMO I (STA 0+000 - 107+300)", "NM_JBT_UPD": "KALI MUU", "PROVINSI": "PAPUA PEGUNUNGAN (JAYAPURA)", "No_Prov_26": "62", "ID_Jbt_26": "6200092", "Kd_Ruas_26": "62005", "Suffix_26": "0", "Nm_Ruas_26": "YETTI - SENGGI - MAMBERAMO I (STA 0+000 - 107+300)", "Lintas_26": "JALAN LINTAS TENGAH", "No_Jbt_26": "62.005.046.0", "Nm_Jbt_26": "KALI MUU", "Status_26": "N", "Fungsi_26": "A", "Lks_Dr_26": "JPR", "Lks_km_26": 42.933, "F_STA_26": "4490", "Cadin_26": "MBR", "Pjg_Jbt_26": 14.8, "Btg_Pjg_26": 14.6, "Jml_Btg_26": "1", "Lb_Jl_Ms26": 4.5, "Lb_Jl_Kl26": 4.5, "Lb_Lalin26": 4.0, "Lb_Bh_Ki26": 0.0, "Lb_Bh_Ka26": 0.0, "Lb_Dr_Ki26": 0.0, "Lb_Dr_Ka26": 0.0, "Lb_Tr_Ki26": 0.0, "Lb_Tr_Ka26": 0.0, "Lb_TS_Ki26": 0.0, "Lb_TS_Ka26": 0.0, "Lb_Med_26": 0.0, "Lbr_Jbt_26": 4.0, "Bgn_Ats_26": "GKW", "Jns_Jbt_26": "STANDAR", "Thn_Bgn_26": "1999", "BA_26": "4", "LNT_26": "1", "BB_26": "0", "DAS_26": "0", "OP_26": "2", "UT_26": "0", "GR_26": "0", "LB_26": "0", "JBT_26": "4", "Tp_Lnts_26": "SUNGAI", "Dt_Lnts_26": "LURUS", "Pnangnn_26": "REHABILITASI", "Pmriksn_26": "DETAIL", "Pnglola_26": "BBPJN PAPUA-PAPUA PEGUNUNGAN", "Satkr_ID26": "693965", "PPK_Name26": "2.3", "Traffic_26": null, "VCR_26": "0", "AADT_26": "98", "Tipe_Jb_26": null, "Lat_26": -3.518145, "Long_26": 140.720383, "Tgl_Ins_26": "26/05/2026", "Ket_26": null }, "geometry": { "type": "Point", "coordinates": [ 140.710570999552033, -3.545570999901656 ] } },
{ "type": "Feature", "properties": { "KDRUAS_UPD": "62005", "NOJBT_UPD": "62.005.049.0", "NM_RUAS_UP": "YETTI - SENGGI - MAMBERAMO I (STA 0+000 - 107+300)", "NM_JBT_UPD": "KALI NEE", "PROVINSI": "PAPUA PEGUNUNGAN (JAYAPURA)", "No_Prov_26": "62", "ID_Jbt_26": "6200095", "Kd_Ruas_26": "62005", "Suffix_26": "0", "Nm_Ruas_26": "YETTI - SENGGI - MAMBERAMO I (STA 0+000 - 107+300)", "Lintas_26": "JALAN LINTAS TENGAH", "No_Jbt_26": "62.005.049.0", "Nm_Jbt_26": "KALI NEE", "Status_26": "N", "Fungsi_26": "A", "Lks_Dr_26": "JPR", "Lks_km_26": 48.005, "F_STA_26": "4730", "Cadin_26": "MBR", "Pjg_Jbt_26": 55.7, "Btg_Pjg_26": 55.0, "Jml_Btg_26": "1", "Lb_Jl_Ms26": 4.5, "Lb_Jl_Kl26": 4.5, "Lb_Lalin26": 6.07, "Lb_Bh_Ki26": 0.0, "Lb_Bh_Ka26": 0.0, "Lb_Dr_Ki26": 0.0, "Lb_Dr_Ka26": 0.0, "Lb_Tr_Ki26": 0.47, "Lb_Tr_Ka26": 0.46, "Lb_TS_Ki26": 0.0, "Lb_TS_Ka26": 0.0, "Lb_Med_26": 0.0, "Lbr_Jbt_26": 7.0, "Bgn_Ats_26": "RBP", "Jns_Jbt_26": "STANDAR", "Thn_Bgn_26": "2000", "BA_26": "2", "LNT_26": "2", "BB_26": "2", "DAS_26": "2", "OP_26": "2", "UT_26": "0", "GR_26": "0", "LB_26": "0", "JBT_26": "2", "Tp_Lnts_26": "SUNGAI", "Dt_Lnts_26": "LURUS", "Pnangnn_26": "RUTIN", "Pmriksn_26": "DETAIL", "Pnglola_26": "BBPJN PAPUA-PAPUA PEGUNUNGAN", "Satkr_ID26": "693965", "PPK_Name26": "2.3", "Traffic_26": null, "VCR_26": "0", "AADT_26": "98", "Tipe_Jb_26": null, "Lat_26": -3.560137, "Long_26": 140.70993, "Tgl_Ins_26": "26/05/2026", "Ket_26": null }, "geometry": { "type": "Point", "coordinates": [ 140.710876000127314, -3.565381999779447 ] } },
{ "type": "Feature", "properties": { "KDRUAS_UPD": "62035", "NOJBT_UPD": "62.035.072.0", "NM_RUAS_UP": "NIMBOTONG - BONGGO", "NM_JBT_UPD": "KALI NORI I", "PROVINSI": "PAPUA PEGUNUNGAN (JAYAPURA)", "No_Prov_26": "62", "ID_Jbt_26": "6200539", "Kd_Ruas_26": "62035", "Suffix_26": null, "Nm_Ruas_26": "NIMBOTONG - BONGGO", "Lintas_26": "JALAN LINTAS UTARA", "No_Jbt_26": "62.035.072.0", "Nm_Jbt_26": "KALI NORI I", "Status_26": "N", "Fungsi_26": "K", "Lks_Dr_26": "JPR", "Lks_km_26": 74.298, "F_STA_26": "6450", "Cadin_26": "BGO", "Pjg_Jbt_26": 40.4, "Btg_Pjg_26": 41.0, "Jml_Btg_26": "1", "Lb_Jl_Ms26": 6.0, "Lb_Jl_Kl26": 6.0, "Lb_Lalin26": 5.9, "Lb_Bh_Ki26": 0.0, "Lb_Bh_Ka26": 0.0, "Lb_Dr_Ki26": 0.08, "Lb_Dr_Ka26": 0.08, "Lb_Tr_Ki26": 0.3, "Lb_Tr_Ka26": 0.49, "Lb_TS_Ki26": 0.0, "Lb_TS_Ka26": 0.0, "Lb_Med_26": 0.0, "Lbr_Jbt_26": 6.85, "Bgn_Ats_26": "RBR", "Jns_Jbt_26": "STANDAR", "Thn_Bgn_26": "2005", "BA_26": "2", "LNT_26": "2", "BB_26": "1", "DAS_26": "0", "OP_26": "1", "UT_26": "0", "GR_26": "0", "LB_26": "0", "JBT_26": "2", "Tp_Lnts_26": "SUNGAI", "Dt_Lnts_26": "LURUS", "Pnangnn_26": "RUTIN", "Pmriksn_26": "TIDAK DISURVEI TA. 2026", "Pnglola_26": "BBPJN PAPUA-PAPUA PEGUNUNGAN", "Satkr_ID26": "693940", "PPK_Name26": "1.2", "Traffic_26": null, "VCR_26": "0", "AADT_26": "205", "Tipe_Jb_26": null, "Lat_26": -2.38126, "Long_26": 139.713043, "Tgl_Ins_26": "20/06/2025", "Ket_26": null }, "geometry": { "type": "Point", "coordinates": [ 139.713043000434141, -2.381259999649217 ] } },
{ "type": "Feature", "properties": { "KDRUAS_UPD": "62035", "NOJBT_UPD": "62.035.074.0", "NM_RUAS_UP": "NIMBOTONG - BONGGO", "NM_JBT_UPD": "KALI NORI II", "PROVINSI": "PAPUA PEGUNUNGAN (JAYAPURA)", "No_Prov_26": "62", "ID_Jbt_26": "6200541", "Kd_Ruas_26": "62035", "Suffix_26": null, "Nm_Ruas_26": "NIMBOTONG - BONGGO", "Lintas_26": "JALAN LINTAS UTARA", "No_Jbt_26": "62.035.074.0", "Nm_Jbt_26": "KALI NORI II", "Status_26": "N", "Fungsi_26": "K", "Lks_Dr_26": "JPR", "Lks_km_26": 75.19, "F_STA_26": "6530", "Cadin_26": "BGO", "Pjg_Jbt_26": 35.8, "Btg_Pjg_26": 35.0, "Jml_Btg_26": "1", "Lb_Jl_Ms26": 6.0, "Lb_Jl_Kl26": 6.0, "Lb_Lalin26": 7.36, "Lb_Bh_Ki26": 0.0, "Lb_Bh_Ka26": 0.0, "Lb_Dr_Ki26": 0.04, "Lb_Dr_Ka26": 0.04, "Lb_Tr_Ki26": 0.73, "Lb_Tr_Ka26": 0.8, "Lb_TS_Ki26": 0.2, "Lb_TS_Ka26": 0.22, "Lb_Med_26": 0.0, "Lbr_Jbt_26": 9.39, "Bgn_Ats_26": "GBP", "Jns_Jbt_26": "STANDAR", "Thn_Bgn_26": "2015", "BA_26": "2", "LNT_26": "2", "BB_26": "2", "DAS_26": "0", "OP_26": "2", "UT_26": "0", "GR_26": "0", "LB_26": "0", "JBT_26": "2", "Tp_Lnts_26": "SUNGAI", "Dt_Lnts_26": "LURUS", "Pnangnn_26": "REHABILITASI", "Pmriksn_26": "DETAIL", "Pnglola_26": "BBPJN PAPUA-PAPUA PEGUNUNGAN", "Satkr_ID26": "693940", "PPK_Name26": "1.2", "Traffic_26": null, "VCR_26": "0", "AADT_26": "205", "Tipe_Jb_26": null, "Lat_26": -2.37829, "Long_26": 139.706863, "Tgl_Ins_26": "17/05/2026", "Ket_26": null }, "geometry": { "type": "Point", "coordinates": [ 139.706862999627788, -2.378290000283243 ] } },
{ "type": "Feature", "properties": { "KDRUAS_UPD": "62005", "NOJBT_UPD": "62.005.047.0", "NM_RUAS_UP": "YETTI - SENGGI - MAMBERAMO I (STA 0+000 - 107+300)", "NM_JBT_UPD": "KALI ONDU", "PROVINSI": "PAPUA PEGUNUNGAN (JAYAPURA)", "No_Prov_26": "62", "ID_Jbt_26": "6200093", "Kd_Ruas_26": "62005", "Suffix_26": "0", "Nm_Ruas_26": "YETTI - SENGGI - MAMBERAMO I (STA 0+000 - 107+300)", "Lintas_26": "JALAN LINTAS TENGAH", "No_Jbt_26": "62.005.047.0", "Nm_Jbt_26": "KALI ONDU", "Status_26": "N", "Fungsi_26": "A", "Lks_Dr_26": "JPR", "Lks_km_26": 46.27, "F_STA_26": "4620", "Cadin_26": "MBR", "Pjg_Jbt_26": 20.1, "Btg_Pjg_26": 19.5, "Jml_Btg_26": "1", "Lb_Jl_Ms26": 4.5, "Lb_Jl_Kl26": 4.5, "Lb_Lalin26": 7.0, "Lb_Bh_Ki26": 0.0, "Lb_Bh_Ka26": 0.0, "Lb_Dr_Ki26": 0.0, "Lb_Dr_Ka26": 0.0, "Lb_Tr_Ki26": 0.0, "Lb_Tr_Ka26": 0.0, "Lb_TS_Ki26": 0.0, "Lb_TS_Ka26": 0.0, "Lb_Med_26": 0.0, "Lbr_Jbt_26": 7.0, "Bgn_Ats_26": "GBP", "Jns_Jbt_26": "STANDAR", "Thn_Bgn_26": "2024", "BA_26": "1", "LNT_26": "0", "BB_26": "0", "DAS_26": "1", "OP_26": "1", "UT_26": "0", "GR_26": "0", "LB_26": "0", "JBT_26": "1", "Tp_Lnts_26": "SUNGAI", "Dt_Lnts_26": "LURUS", "Pnangnn_26": "RUTIN", "Pmriksn_26": "TIDAK DISURVEI TA. 2026", "Pnglola_26": "BBPJN PAPUA-PAPUA PEGUNUNGAN", "Satkr_ID26": "693965", "PPK_Name26": "2.3", "Traffic_26": null, "VCR_26": "0", "AADT_26": "98", "Tipe_Jb_26": null, "Lat_26": -3.545571, "Long_26": 140.710571, "Tgl_Ins_26": "10/06/2025", "Ket_26": null }, "geometry": { "type": "Point", "coordinates": [ 140.708877999720016, -3.556341000137024 ] } },
{ "type": "Feature", "properties": { "KDRUAS_UPD": "62019", "NOJBT_UPD": "62.019.072.0", "NM_RUAS_UP": "YETI - UBRUB - YAMBRA *", "NM_JBT_UPD": "KALI ONGGALOM", "PROVINSI": "PAPUA PEGUNUNGAN (JAYAPURA)", "No_Prov_26": "62", "ID_Jbt_26": "6201862", "Kd_Ruas_26": "62019", "Suffix_26": "0", "Nm_Ruas_26": "YETI - UBRUB - YAMBRA *", "Lintas_26": "JALAN LINTAS PERBATASAN", "No_Jbt_26": "62.019.072.0", "Nm_Jbt_26": "KALI ONGGALOM", "Status_26": "N", "Fungsi_26": "K", "Lks_Dr_26": "JPR", "Lks_km_26": 51.649, "F_STA_26": "4950", "Cadin_26": "UBR", "Pjg_Jbt_26": 60.7, "Btg_Pjg_26": 60.0, "Jml_Btg_26": "1", "Lb_Jl_Ms26": 5.5, "Lb_Jl_Kl26": 5.5, "Lb_Lalin26": 5.79, "Lb_Bh_Ki26": 0.48, "Lb_Bh_Ka26": 0.4, "Lb_Dr_Ki26": 0.12, "Lb_Dr_Ka26": 0.1, "Lb_Tr_Ki26": 1.03, "Lb_Tr_Ka26": 1.02, "Lb_TS_Ki26": 0.0, "Lb_TS_Ka26": 0.0, "Lb_Med_26": 0.0, "Lbr_Jbt_26": 8.94, "Bgn_Ats_26": "RBR", "Jns_Jbt_26": "STANDAR", "Thn_Bgn_26": "2015", "BA_26": "2", "LNT_26": "2", "BB_26": "1", "DAS_26": "1", "OP_26": "0", "UT_26": "0", "GR_26": "0", "LB_26": "0", "JBT_26": "2", "Tp_Lnts_26": "SUNGAI", "Dt_Lnts_26": "LURUS", "Pnangnn_26": "RUTIN", "Pmriksn_26": "DETAIL", "Pnglola_26": "BBPJN PAPUA-PAPUA PEGUNUNGAN", "Satkr_ID26": "693965", "PPK_Name26": "2.2", "Traffic_26": null, "VCR_26": "0", "AADT_26": "34", "Tipe_Jb_26": null, "Lat_26": -3.632124, "Long_26": 140.8689, "Tgl_Ins_26": "08/06/2026", "Ket_26": null }, "geometry": { "type": "Point", "coordinates": [ 140.868896000050427, -3.632124000122474 ] } },
{ "type": "Feature", "properties": { "KDRUAS_UPD": "62019", "NOJBT_UPD": "62.019.015.0", "NM_RUAS_UP": "YETI - UBRUB - YAMBRA *", "NM_JBT_UPD": "KALI PAO", "PROVINSI": "PAPUA PEGUNUNGAN (JAYAPURA)", "No_Prov_26": "62", "ID_Jbt_26": "6200319", "Kd_Ruas_26": "62019", "Suffix_26": "0", "Nm_Ruas_26": "YETI - UBRUB - YAMBRA *", "Lintas_26": "JALAN LINTAS PERBATASAN", "No_Jbt_26": "62.019.015.0", "Nm_Jbt_26": "KALI PAO", "Status_26": "N", "Fungsi_26": "K", "Lks_Dr_26": "JPR", "Lks_km_26": 12.684, "F_STA_26": "1190", "Cadin_26": "UBR", "Pjg_Jbt_26": 50.2, "Btg_Pjg_26": 50.0, "Jml_Btg_26": "1", "Lb_Jl_Ms26": 5.5, "Lb_Jl_Kl26": 5.5, "Lb_Lalin26": 6.0, "Lb_Bh_Ki26": 0.0, "Lb_Bh_Ka26": 0.0, "Lb_Dr_Ki26": 0.0, "Lb_Dr_Ka26": 0.0, "Lb_Tr_Ki26": 0.5, "Lb_Tr_Ka26": 0.52, "Lb_TS_Ki26": 0.0, "Lb_TS_Ka26": 0.0, "Lb_Med_26": 0.0, "Lbr_Jbt_26": 7.02, "Bgn_Ats_26": "RBR", "Jns_Jbt_26": "STANDAR", "Thn_Bgn_26": "1995", "BA_26": "2", "LNT_26": "2", "BB_26": "2", "DAS_26": "2", "OP_26": "2", "UT_26": "0", "GR_26": "0", "LB_26": "0", "JBT_26": "2", "Tp_Lnts_26": "SUNGAI", "Dt_Lnts_26": "LURUS", "Pnangnn_26": "RUTIN", "Pmriksn_26": "DETAIL", "Pnglola_26": "BBPJN PAPUA-PAPUA PEGUNUNGAN", "Satkr_ID26": "693965", "PPK_Name26": "2.2", "Traffic_26": null, "VCR_26": "0", "AADT_26": "34", "Tipe_Jb_26": null, "Lat_26": -3.377647, "Long_26": 140.9213, "Tgl_Ins_26": "02/06/2026", "Ket_26": null }, "geometry": { "type": "Point", "coordinates": [ 140.921265000379549, -3.377647000108936 ] } },
{ "type": "Feature", "properties": { "KDRUAS_UPD": "62004", "NOJBT_UPD": "62.004.001.0", "NM_RUAS_UP": "WARIS - YETTI", "NM_JBT_UPD": "KALI PAY", "PROVINSI": "PAPUA PEGUNUNGAN (JAYAPURA)", "No_Prov_26": "62", "ID_Jbt_26": "6200045", "Kd_Ruas_26": "62004", "Suffix_26": null, "Nm_Ruas_26": "WARIS - YETTI", "Lintas_26": "JALAN LINTAS PERBATASAN", "No_Jbt_26": "62.004.001.0", "Nm_Jbt_26": "KALI PAY", "Status_26": "N", "Fungsi_26": "A", "Lks_Dr_26": "JPR", "Lks_km_26": 7.668, "F_STA_26": "520", "Cadin_26": "YET", "Pjg_Jbt_26": 46.4, "Btg_Pjg_26": 45.0, "Jml_Btg_26": "1", "Lb_Jl_Ms26": 4.52, "Lb_Jl_Kl26": 4.52, "Lb_Lalin26": 4.63, "Lb_Bh_Ki26": 0.0, "Lb_Bh_Ka26": 0.0, "Lb_Dr_Ki26": 0.0, "Lb_Dr_Ka26": 0.0, "Lb_Tr_Ki26": 0.46, "Lb_Tr_Ka26": 0.46, "Lb_TS_Ki26": 0.0, "Lb_TS_Ka26": 0.0, "Lb_Med_26": 0.0, "Lbr_Jbt_26": 5.55, "Bgn_Ats_26": "RBA", "Jns_Jbt_26": "STANDAR", "Thn_Bgn_26": "1990", "BA_26": "3", "LNT_26": "2", "BB_26": "3", "DAS_26": "3", "OP_26": "0", "UT_26": "0", "GR_26": "0", "LB_26": "0", "JBT_26": "3", "Tp_Lnts_26": "SUNGAI", "Dt_Lnts_26": "BERKELOK (MEANDER)", "Pnangnn_26": "REHABILITASI", "Pmriksn_26": "DETAIL", "Pnglola_26": "BBPJN PAPUA-PAPUA PEGUNUNGAN", "Satkr_ID26": "693965", "PPK_Name26": "2.1", "Traffic_26": null, "VCR_26": "0", "AADT_26": "1162", "Tipe_Jb_26": null, "Lat_26": -3.269193, "Long_26": 140.956024, "Tgl_Ins_26": "20/06/2026", "Ket_26": null }, "geometry": { "type": "Point", "coordinates": [ 140.956023999807826, -3.269192999857012 ] } },
{ "type": "Feature", "properties": { "KDRUAS_UPD": "62019", "NOJBT_UPD": "62.019.018.0", "NM_RUAS_UP": "YETI - UBRUB - YAMBRA *", "NM_JBT_UPD": "KALI PIE CS 1", "PROVINSI": "PAPUA PEGUNUNGAN (JAYAPURA)", "No_Prov_26": "62", "ID_Jbt_26": "6200322", "Kd_Ruas_26": "62019", "Suffix_26": "0", "Nm_Ruas_26": "YETI - UBRUB - YAMBRA *", "Lintas_26": "JALAN LINTAS PERBATASAN", "No_Jbt_26": "62.019.018.0", "Nm_Jbt_26": "KALI PIE CS 1", "Status_26": "N", "Fungsi_26": "K", "Lks_Dr_26": "JPR", "Lks_km_26": 16.484, "F_STA_26": "1560", "Cadin_26": "UBR", "Pjg_Jbt_26": 30.5, "Btg_Pjg_26": 30.0, "Jml_Btg_26": "1", "Lb_Jl_Ms26": 5.5, "Lb_Jl_Kl26": 5.5, "Lb_Lalin26": 6.58, "Lb_Bh_Ki26": 0.0, "Lb_Bh_Ka26": 0.0, "Lb_Dr_Ki26": 0.08, "Lb_Dr_Ka26": 0.1, "Lb_Tr_Ki26": 1.0, "Lb_Tr_Ka26": 1.0, "Lb_TS_Ki26": 0.29, "Lb_TS_Ka26": 0.29, "Lb_Med_26": 0.0, "Lbr_Jbt_26": 9.34, "Bgn_Ats_26": "GBP", "Jns_Jbt_26": "STANDAR", "Thn_Bgn_26": "2015", "BA_26": "2", "LNT_26": "2", "BB_26": "2", "DAS_26": "1", "OP_26": "2", "UT_26": "0", "GR_26": "0", "LB_26": "0", "JBT_26": "2", "Tp_Lnts_26": "SUNGAI", "Dt_Lnts_26": "LURUS", "Pnangnn_26": "RUTIN", "Pmriksn_26": "RUTIN", "Pnglola_26": "BBPJN PAPUA-PAPUA PEGUNUNGAN", "Satkr_ID26": "693965", "PPK_Name26": "2.2", "Traffic_26": null, "VCR_26": "0", "AADT_26": "34", "Tipe_Jb_26": null, "Lat_26": -3.409496, "Long_26": 140.9157, "Tgl_Ins_26": "02/06/2026", "Ket_26": null }, "geometry": { "type": "Point", "coordinates": [ 140.915665000239642, -3.409496000240154 ] } },
{ "type": "Feature", "properties": { "KDRUAS_UPD": "62019", "NOJBT_UPD": "62.019.019.0", "NM_RUAS_UP": "YETI - UBRUB - YAMBRA *", "NM_JBT_UPD": "KALI PIE CS 2", "PROVINSI": "PAPUA PEGUNUNGAN (JAYAPURA)", "No_Prov_26": "62", "ID_Jbt_26": "6200323", "Kd_Ruas_26": "62019", "Suffix_26": "0", "Nm_Ruas_26": "YETI - UBRUB - YAMBRA *", "Lintas_26": "JALAN LINTAS PERBATASAN", "No_Jbt_26": "62.019.019.0", "Nm_Jbt_26": "KALI PIE CS 2", "Status_26": "N", "Fungsi_26": "K", "Lks_Dr_26": "JPR", "Lks_km_26": 17.285, "F_STA_26": "1640", "Cadin_26": "UBR", "Pjg_Jbt_26": 20.5, "Btg_Pjg_26": 20.38, "Jml_Btg_26": "1", "Lb_Jl_Ms26": 5.5, "Lb_Jl_Kl26": 5.5, "Lb_Lalin26": 4.88, "Lb_Bh_Ki26": 0.9, "Lb_Bh_Ka26": 1.27, "Lb_Dr_Ki26": 0.1, "Lb_Dr_Ka26": 0.1, "Lb_Tr_Ki26": 0.73, "Lb_Tr_Ka26": 0.76, "Lb_TS_Ki26": 0.28, "Lb_TS_Ka26": 0.3, "Lb_Med_26": 0.0, "Lbr_Jbt_26": 9.32, "Bgn_Ats_26": "GBP", "Jns_Jbt_26": "STANDAR", "Thn_Bgn_26": "2017", "BA_26": "2", "LNT_26": "2", "BB_26": "1", "DAS_26": "0", "OP_26": "0", "UT_26": "0", "GR_26": "0", "LB_26": "0", "JBT_26": "2", "Tp_Lnts_26": "SUNGAI", "Dt_Lnts_26": "LURUS", "Pnangnn_26": "REHABILITASI", "Pmriksn_26": "DETAIL", "Pnglola_26": "BBPJN PAPUA-PAPUA PEGUNUNGAN", "Satkr_ID26": "693965", "PPK_Name26": "2.2", "Traffic_26": null, "VCR_26": "0", "AADT_26": "34", "Tipe_Jb_26": null, "Lat_26": -3.416307, "Long_26": 140.9157, "Tgl_Ins_26": "02/06/2026", "Ket_26": null }, "geometry": { "type": "Point", "coordinates": [ 140.915694999824495, -3.416306999568349 ] } },
{ "type": "Feature", "properties": { "KDRUAS_UPD": "62005", "NOJBT_UPD": "62.005.036.0", "NM_RUAS_UP": "YETTI - SENGGI - MAMBERAMO I (STA 0+000 - 107+300)", "NM_JBT_UPD": "KALI PIS", "PROVINSI": "PAPUA PEGUNUNGAN (JAYAPURA)", "No_Prov_26": "62", "ID_Jbt_26": "6200082", "Kd_Ruas_26": "62005", "Suffix_26": "0", "Nm_Ruas_26": "YETTI - SENGGI - MAMBERAMO I (STA 0+000 - 107+300)", "Lintas_26": "JALAN LINTAS TENGAH", "No_Jbt_26": "62.005.036.0", "Nm_Jbt_26": "KALI PIS", "Status_26": "N", "Fungsi_26": "A", "Lks_Dr_26": "JPR", "Lks_km_26": 22.17, "F_STA_26": "2150", "Cadin_26": "MBR", "Pjg_Jbt_26": 26.0, "Btg_Pjg_26": 25.25, "Jml_Btg_26": "1", "Lb_Jl_Ms26": 4.5, "Lb_Jl_Kl26": 4.5, "Lb_Lalin26": 7.49, "Lb_Bh_Ki26": 0.0, "Lb_Bh_Ka26": 0.0, "Lb_Dr_Ki26": 0.0, "Lb_Dr_Ka26": 0.0, "Lb_Tr_Ki26": 0.94, "Lb_Tr_Ka26": 0.93, "Lb_TS_Ki26": 0.37, "Lb_TS_Ka26": 0.38, "Lb_Med_26": 0.0, "Lbr_Jbt_26": 10.11, "Bgn_Ats_26": "GBP", "Jns_Jbt_26": "STANDAR", "Thn_Bgn_26": "2015", "BA_26": "2", "LNT_26": "2", "BB_26": "2", "DAS_26": "0", "OP_26": "2", "UT_26": "0", "GR_26": "0", "LB_26": "0", "JBT_26": "2", "Tp_Lnts_26": "SUNGAI", "Dt_Lnts_26": "LURUS", "Pnangnn_26": "RUTIN", "Pmriksn_26": "DETAIL", "Pnglola_26": "BBPJN PAPUA-PAPUA PEGUNUNGAN", "Satkr_ID26": "693965", "PPK_Name26": "2.3", "Traffic_26": null, "VCR_26": "0", "AADT_26": "98", "Tipe_Jb_26": null, "Lat_26": -3.379101, "Long_26": 140.813492, "Tgl_Ins_26": "25/05/2026", "Ket_26": null }, "geometry": { "type": "Point", "coordinates": [ 140.813492000055817, -3.379100999711341 ] } },
{ "type": "Feature", "properties": { "KDRUAS_UPD": "62005", "NOJBT_UPD": "62.005.037.0", "NM_RUAS_UP": "YETTI - SENGGI - MAMBERAMO I (STA 0+000 - 107+300)", "NM_JBT_UPD": "KALI PIS I", "PROVINSI": "PAPUA PEGUNUNGAN (JAYAPURA)", "No_Prov_26": "62", "ID_Jbt_26": "6200083", "Kd_Ruas_26": "62005", "Suffix_26": "0", "Nm_Ruas_26": "YETTI - SENGGI - MAMBERAMO I (STA 0+000 - 107+300)", "Lintas_26": "JALAN LINTAS TENGAH", "No_Jbt_26": "62.005.037.0", "Nm_Jbt_26": "KALI PIS I", "Status_26": "N", "Fungsi_26": "A", "Lks_Dr_26": "JPR", "Lks_km_26": 2.355, "F_STA_26": "2170", "Cadin_26": "MBR", "Pjg_Jbt_26": 31.0, "Btg_Pjg_26": 30.35, "Jml_Btg_26": "1", "Lb_Jl_Ms26": 4.5, "Lb_Jl_Kl26": 4.5, "Lb_Lalin26": 6.97, "Lb_Bh_Ki26": 0.0, "Lb_Bh_Ka26": 0.0, "Lb_Dr_Ki26": 0.0, "Lb_Dr_Ka26": 0.0, "Lb_Tr_Ki26": 1.0, "Lb_Tr_Ka26": 0.99, "Lb_TS_Ki26": 0.26, "Lb_TS_Ka26": 0.29, "Lb_Med_26": 0.0, "Lbr_Jbt_26": 9.51, "Bgn_Ats_26": "GBP", "Jns_Jbt_26": "STANDAR", "Thn_Bgn_26": "2015", "BA_26": "2", "LNT_26": "2", "BB_26": "2", "DAS_26": "0", "OP_26": "0", "UT_26": "0", "GR_26": "0", "LB_26": "0", "JBT_26": "2", "Tp_Lnts_26": "SUNGAI", "Dt_Lnts_26": "LURUS", "Pnangnn_26": "RUTIN", "Pmriksn_26": "DETAIL", "Pnglola_26": "BBPJN PAPUA-PAPUA PEGUNUNGAN", "Satkr_ID26": "693965", "PPK_Name26": "2.3", "Traffic_26": null, "VCR_26": "0", "AADT_26": "98", "Tipe_Jb_26": null, "Lat_26": -3.380546, "Long_26": 140.813065, "Tgl_Ins_26": "25/05/2026", "Ket_26": null }, "geometry": { "type": "Point", "coordinates": [ 140.813065000149663, -3.380545999798017 ] } },
{ "type": "Feature", "properties": { "KDRUAS_UPD": "62019", "NOJBT_UPD": "62.019.058.0", "NM_RUAS_UP": "YETI - UBRUB - YAMBRA *", "NM_JBT_UPD": "KALI SAMBAIMBAB 1", "PROVINSI": "PAPUA PEGUNUNGAN (JAYAPURA)", "No_Prov_26": "62", "ID_Jbt_26": "6200362", "Kd_Ruas_26": "62019", "Suffix_26": "0", "Nm_Ruas_26": "YETI - UBRUB - YAMBRA *", "Lintas_26": "JALAN LINTAS PERBATASAN", "No_Jbt_26": "62.019.058.0", "Nm_Jbt_26": "KALI SAMBAIMBAB 1", "Status_26": "N", "Fungsi_26": "K", "Lks_Dr_26": "JPR", "Lks_km_26": 38.14, "F_STA_26": "3670", "Cadin_26": "UBR", "Pjg_Jbt_26": 6.0, "Btg_Pjg_26": 3.0, "Jml_Btg_26": "2", "Lb_Jl_Ms26": 6.0, "Lb_Jl_Kl26": 6.0, "Lb_Lalin26": 5.67, "Lb_Bh_Ki26": 2.46, "Lb_Bh_Ka26": 2.35, "Lb_Dr_Ki26": 0.0, "Lb_Dr_Ka26": 0.0, "Lb_Tr_Ki26": 0.0, "Lb_Tr_Ka26": 0.0, "Lb_TS_Ki26": 0.0, "Lb_TS_Ka26": 0.0, "Lb_Med_26": 0.0, "Lbr_Jbt_26": 10.48, "Bgn_Ats_26": "BTP", "Jns_Jbt_26": "STANDAR", "Thn_Bgn_26": "2018", "BA_26": "0", "LNT_26": "0", "BB_26": "0", "DAS_26": "1", "OP_26": "0", "UT_26": "0", "GR_26": "2", "LB_26": "0", "JBT_26": "2", "Tp_Lnts_26": "SUNGAI", "Dt_Lnts_26": "LURUS", "Pnangnn_26": "RUTIN", "Pmriksn_26": "TIDAK DISURVEI TA. 2026", "Pnglola_26": "BBPJN PAPUA-PAPUA PEGUNUNGAN", "Satkr_ID26": "693965", "PPK_Name26": "2.2", "Traffic_26": null, "VCR_26": "0", "AADT_26": "34", "Tipe_Jb_26": null, "Lat_26": -3.564438, "Long_26": 140.8784, "Tgl_Ins_26": "30/05/2025", "Ket_26": null }, "geometry": { "type": "Point", "coordinates": [ 140.878433000082964, -3.56443800031343 ] } },
{ "type": "Feature", "properties": { "KDRUAS_UPD": "62019", "NOJBT_UPD": "62.019.059.0", "NM_RUAS_UP": "YETI - UBRUB - YAMBRA *", "NM_JBT_UPD": "KALI SAMBAIMBAB 2", "PROVINSI": "PAPUA PEGUNUNGAN (JAYAPURA)", "No_Prov_26": "62", "ID_Jbt_26": "6201853", "Kd_Ruas_26": "62019", "Suffix_26": "0", "Nm_Ruas_26": "YETI - UBRUB - YAMBRA *", "Lintas_26": "JALAN LINTAS PERBATASAN", "No_Jbt_26": "62.019.059.0", "Nm_Jbt_26": "KALI SAMBAIMBAB 2", "Status_26": "N", "Fungsi_26": "K", "Lks_Dr_26": "JPR", "Lks_km_26": 38.398, "F_STA_26": "3690", "Cadin_26": null, "Pjg_Jbt_26": 6.0, "Btg_Pjg_26": 3.0, "Jml_Btg_26": "1", "Lb_Jl_Ms26": 6.0, "Lb_Jl_Kl26": 6.0, "Lb_Lalin26": 5.5, "Lb_Bh_Ki26": 2.0, "Lb_Bh_Ka26": 3.1, "Lb_Dr_Ki26": 0.0, "Lb_Dr_Ka26": 0.0, "Lb_Tr_Ki26": 0.0, "Lb_Tr_Ka26": 0.0, "Lb_TS_Ki26": 0.0, "Lb_TS_Ka26": 0.0, "Lb_Med_26": 0.0, "Lbr_Jbt_26": 10.6, "Bgn_Ats_26": "BTP", "Jns_Jbt_26": "STANDAR", "Thn_Bgn_26": "2020", "BA_26": "0", "LNT_26": "0", "BB_26": "0", "DAS_26": "1", "OP_26": "0", "UT_26": "0", "GR_26": "2", "LB_26": "0", "JBT_26": "2", "Tp_Lnts_26": "SUNGAI", "Dt_Lnts_26": "LURUS", "Pnangnn_26": "RUTIN", "Pmriksn_26": "TIDAK DISURVEI TA. 2026", "Pnglola_26": "BBPJN PAPUA-PAPUA PEGUNUNGAN", "Satkr_ID26": "693965", "PPK_Name26": "2.2", "Traffic_26": null, "VCR_26": "0", "AADT_26": "34", "Tipe_Jb_26": null, "Lat_26": -3.566313, "Long_26": 140.8796, "Tgl_Ins_26": "30/05/2025", "Ket_26": null }, "geometry": { "type": "Point", "coordinates": [ 140.879577999824846, -3.566313000444552 ] } },
{ "type": "Feature", "properties": { "KDRUAS_UPD": "62035", "NOJBT_UPD": "62.035.025.0", "NM_RUAS_UP": "NIMBOTONG - BONGGO", "NM_JBT_UPD": "KALI SASABAK I", "PROVINSI": "PAPUA PEGUNUNGAN (JAYAPURA)", "No_Prov_26": "62", "ID_Jbt_26": "6200494", "Kd_Ruas_26": "62035", "Suffix_26": null, "Nm_Ruas_26": "NIMBOTONG - BONGGO", "Lintas_26": "JALAN LINTAS UTARA", "No_Jbt_26": "62.035.025.0", "Nm_Jbt_26": "KALI SASABAK I", "Status_26": "N", "Fungsi_26": "K", "Lks_Dr_26": "JPR", "Lks_km_26": 27.628, "F_STA_26": "2510", "Cadin_26": "BGO", "Pjg_Jbt_26": 16.2, "Btg_Pjg_26": 3.0, "Jml_Btg_26": "3", "Lb_Jl_Ms26": 6.0, "Lb_Jl_Kl26": 6.0, "Lb_Lalin26": 5.3, "Lb_Bh_Ki26": 2.8, "Lb_Bh_Ka26": 2.1, "Lb_Dr_Ki26": 0.0, "Lb_Dr_Ka26": 0.0, "Lb_Tr_Ki26": 0.0, "Lb_Tr_Ka26": 0.0, "Lb_TS_Ki26": 0.45, "Lb_TS_Ka26": 0.4, "Lb_Med_26": 0.0, "Lbr_Jbt_26": 11.05, "Bgn_Ats_26": "BTP", "Jns_Jbt_26": "STANDAR", "Thn_Bgn_26": "2014", "BA_26": "0", "LNT_26": "0", "BB_26": "0", "DAS_26": "1", "OP_26": "2", "UT_26": "0", "GR_26": "2", "LB_26": "0", "JBT_26": "2", "Tp_Lnts_26": "SUNGAI", "Dt_Lnts_26": "LURUS", "Pnangnn_26": "RUTIN", "Pmriksn_26": "TIDAK DISURVEI TA. 2026", "Pnglola_26": "BBPJN PAPUA-PAPUA PEGUNUNGAN", "Satkr_ID26": "693940", "PPK_Name26": "1.2", "Traffic_26": null, "VCR_26": "0", "AADT_26": "205", "Tipe_Jb_26": null, "Lat_26": -2.531478, "Long_26": 139.965363, "Tgl_Ins_26": "07/06/2025", "Ket_26": null }, "geometry": { "type": "Point", "coordinates": [ 139.965362999902595, -2.531478000409322 ] } },
{ "type": "Feature", "properties": { "KDRUAS_UPD": "62035", "NOJBT_UPD": "62.035.026.0", "NM_RUAS_UP": "NIMBOTONG - BONGGO", "NM_JBT_UPD": "KALI SASABAK II", "PROVINSI": "PAPUA PEGUNUNGAN (JAYAPURA)", "No_Prov_26": "62", "ID_Jbt_26": "6200495", "Kd_Ruas_26": "62035", "Suffix_26": null, "Nm_Ruas_26": "NIMBOTONG - BONGGO", "Lintas_26": "JALAN LINTAS UTARA", "No_Jbt_26": "62.035.026.0", "Nm_Jbt_26": "KALI SASABAK II", "Status_26": "N", "Fungsi_26": "K", "Lks_Dr_26": "JPR", "Lks_km_26": 30.02, "F_STA_26": "2720", "Cadin_26": "BGO", "Pjg_Jbt_26": 16.3, "Btg_Pjg_26": 3.0, "Jml_Btg_26": "3", "Lb_Jl_Ms26": 6.5, "Lb_Jl_Kl26": 6.5, "Lb_Lalin26": 5.07, "Lb_Bh_Ki26": 2.6, "Lb_Bh_Ka26": 2.2, "Lb_Dr_Ki26": 0.0, "Lb_Dr_Ka26": 0.0, "Lb_Tr_Ki26": 0.0, "Lb_Tr_Ka26": 0.0, "Lb_TS_Ki26": 0.28, "Lb_TS_Ka26": 0.28, "Lb_Med_26": 0.0, "Lbr_Jbt_26": 10.43, "Bgn_Ats_26": "BTP", "Jns_Jbt_26": "STANDAR", "Thn_Bgn_26": "2014", "BA_26": "0", "LNT_26": "0", "BB_26": "0", "DAS_26": "2", "OP_26": "3", "UT_26": "0", "GR_26": "2", "LB_26": "0", "JBT_26": "3", "Tp_Lnts_26": "SUNGAI", "Dt_Lnts_26": "LURUS", "Pnangnn_26": "REHABILITASI", "Pmriksn_26": "DETAIL", "Pnglola_26": "BBPJN PAPUA-PAPUA PEGUNUNGAN", "Satkr_ID26": "693940", "PPK_Name26": "1.2", "Traffic_26": null, "VCR_26": "0", "AADT_26": "205", "Tipe_Jb_26": null, "Lat_26": -2.518715, "Long_26": 139.953354, "Tgl_Ins_26": "04/06/2026", "Ket_26": null }, "geometry": { "type": "Point", "coordinates": [ 139.953354000087074, -2.518714999997201 ] } },
{ "type": "Feature", "properties": { "KDRUAS_UPD": "62035", "NOJBT_UPD": "62.035.027.0", "NM_RUAS_UP": "NIMBOTONG - BONGGO", "NM_JBT_UPD": "KALI SASABAK III", "PROVINSI": "PAPUA PEGUNUNGAN (JAYAPURA)", "No_Prov_26": "62", "ID_Jbt_26": "6200496", "Kd_Ruas_26": "62035", "Suffix_26": null, "Nm_Ruas_26": "NIMBOTONG - BONGGO", "Lintas_26": "JALAN LINTAS UTARA", "No_Jbt_26": "62.035.027.0", "Nm_Jbt_26": "KALI SASABAK III", "Status_26": "N", "Fungsi_26": "K", "Lks_Dr_26": "JPR", "Lks_km_26": 31.986, "F_STA_26": "2890", "Cadin_26": "BGO", "Pjg_Jbt_26": 50.5, "Btg_Pjg_26": 50.0, "Jml_Btg_26": "1", "Lb_Jl_Ms26": 6.5, "Lb_Jl_Kl26": 6.5, "Lb_Lalin26": 5.8, "Lb_Bh_Ki26": 0.3, "Lb_Bh_Ka26": 0.2, "Lb_Dr_Ki26": 0.05, "Lb_Dr_Ka26": 0.07, "Lb_Tr_Ki26": 0.4, "Lb_Tr_Ka26": 0.38, "Lb_TS_Ki26": 0.0, "Lb_TS_Ka26": 0.0, "Lb_Med_26": 0.0, "Lbr_Jbt_26": 7.2, "Bgn_Ats_26": "RBR", "Jns_Jbt_26": "STANDAR", "Thn_Bgn_26": "2014", "BA_26": "2", "LNT_26": "2", "BB_26": "1", "DAS_26": "1", "OP_26": "1", "UT_26": "0", "GR_26": "0", "LB_26": "0", "JBT_26": "2", "Tp_Lnts_26": "SUNGAI", "Dt_Lnts_26": "LURUS", "Pnangnn_26": "RUTIN", "Pmriksn_26": "TIDAK DISURVEI TA. 2026", "Pnglola_26": "BBPJN PAPUA-PAPUA PEGUNUNGAN", "Satkr_ID26": "693940", "PPK_Name26": "1.2", "Traffic_26": null, "VCR_26": "0", "AADT_26": "205", "Tipe_Jb_26": null, "Lat_26": -2.510588, "Long_26": 139.940155, "Tgl_Ins_26": "07/06/2025", "Ket_26": null }, "geometry": { "type": "Point", "coordinates": [ 139.940155000253071, -2.510588000235998 ] } },
{ "type": "Feature", "properties": { "KDRUAS_UPD": "62035", "NOJBT_UPD": "62.035.034.0", "NM_RUAS_UP": "NIMBOTONG - BONGGO", "NM_JBT_UPD": "KALI SEKUATA", "PROVINSI": "PAPUA PEGUNUNGAN (JAYAPURA)", "No_Prov_26": "62", "ID_Jbt_26": "6200501", "Kd_Ruas_26": "62035", "Suffix_26": null, "Nm_Ruas_26": "NIMBOTONG - BONGGO", "Lintas_26": "JALAN LINTAS UTARA", "No_Jbt_26": "62.035.034.0", "Nm_Jbt_26": "KALI SEKUATA", "Status_26": "N", "Fungsi_26": "K", "Lks_Dr_26": "JPR", "Lks_km_26": 37.625, "F_STA_26": "3360", "Cadin_26": "BGO", "Pjg_Jbt_26": 60.5, "Btg_Pjg_26": 60.0, "Jml_Btg_26": "1", "Lb_Jl_Ms26": 5.25, "Lb_Jl_Kl26": 5.25, "Lb_Lalin26": 5.9, "Lb_Bh_Ki26": 0.3, "Lb_Bh_Ka26": 0.2, "Lb_Dr_Ki26": 0.08, "Lb_Dr_Ka26": 0.08, "Lb_Tr_Ki26": 0.5, "Lb_Tr_Ka26": 0.5, "Lb_TS_Ki26": 0.0, "Lb_TS_Ka26": 0.0, "Lb_Med_26": 0.0, "Lbr_Jbt_26": 7.56, "Bgn_Ats_26": "RBR", "Jns_Jbt_26": "STANDAR", "Thn_Bgn_26": "2005", "BA_26": "2", "LNT_26": "2", "BB_26": "1", "DAS_26": "2", "OP_26": "1", "UT_26": "0", "GR_26": "0", "LB_26": "0", "JBT_26": "2", "Tp_Lnts_26": "SUNGAI", "Dt_Lnts_26": "LURUS", "Pnangnn_26": "REHABILITASI", "Pmriksn_26": "TIDAK DISURVEI TA. 2026", "Pnglola_26": "BBPJN PAPUA-PAPUA PEGUNUNGAN", "Satkr_ID26": "693940", "PPK_Name26": "1.2", "Traffic_26": null, "VCR_26": "0", "AADT_26": "205", "Tipe_Jb_26": null, "Lat_26": -2.521586, "Long_26": 139.904724, "Tgl_Ins_26": "08/06/2025", "Ket_26": null }, "geometry": { "type": "Point", "coordinates": [ 139.90472400041233, -2.521586000193679 ] } },
{ "type": "Feature", "properties": { "KDRUAS_UPD": "62019", "NOJBT_UPD": "62.019.074.0", "NM_RUAS_UP": "YETI - UBRUB - YAMBRA *", "NM_JBT_UPD": "KALI SEMEN 1", "PROVINSI": "PAPUA PEGUNUNGAN (JAYAPURA)", "No_Prov_26": "62", "ID_Jbt_26": "6201864", "Kd_Ruas_26": "62019", "Suffix_26": "0", "Nm_Ruas_26": "YETI - UBRUB - YAMBRA *", "Lintas_26": "JALAN LINTAS PERBATASAN", "No_Jbt_26": "62.019.074.0", "Nm_Jbt_26": "KALI SEMEN 1", "Status_26": "N", "Fungsi_26": "K", "Lks_Dr_26": "JPR", "Lks_km_26": 56.498, "F_STA_26": "5400", "Cadin_26": "UBR", "Pjg_Jbt_26": 30.5, "Btg_Pjg_26": 30.0, "Jml_Btg_26": "1", "Lb_Jl_Ms26": 6.0, "Lb_Jl_Kl26": 6.0, "Lb_Lalin26": 7.1, "Lb_Bh_Ki26": 0.0, "Lb_Bh_Ka26": 0.0, "Lb_Dr_Ki26": 0.0, "Lb_Dr_Ka26": 0.0, "Lb_Tr_Ki26": 1.0, "Lb_Tr_Ka26": 1.0, "Lb_TS_Ki26": 0.0, "Lb_TS_Ka26": 0.0, "Lb_Med_26": 0.0, "Lbr_Jbt_26": 9.1, "Bgn_Ats_26": "GBP", "Jns_Jbt_26": "STANDAR", "Thn_Bgn_26": "2000", "BA_26": "2", "LNT_26": "2", "BB_26": "1", "DAS_26": "2", "OP_26": "0", "UT_26": "0", "GR_26": "0", "LB_26": "0", "JBT_26": "2", "Tp_Lnts_26": "SUNGAI", "Dt_Lnts_26": "LURUS", "Pnangnn_26": "RUTIN", "Pmriksn_26": "TIDAK DISURVEI TA. 2026", "Pnglola_26": "BBPJN PAPUA-PAPUA PEGUNUNGAN", "Satkr_ID26": "693965", "PPK_Name26": "2.2", "Traffic_26": null, "VCR_26": "0", "AADT_26": "34", "Tipe_Jb_26": null, "Lat_26": -3.659445, "Long_26": 140.8842, "Tgl_Ins_26": "28/05/2025", "Ket_26": null }, "geometry": { "type": "Point", "coordinates": [ 140.884171000291531, -3.659445000086635 ] } },
{ "type": "Feature", "properties": { "KDRUAS_UPD": "62005", "NOJBT_UPD": "62.005.038.0", "NM_RUAS_UP": "YETTI - SENGGI - MAMBERAMO I (STA 0+000 - 107+300)", "NM_JBT_UPD": "KEEROM", "PROVINSI": "PAPUA PEGUNUNGAN (JAYAPURA)", "No_Prov_26": "62", "ID_Jbt_26": "6200084", "Kd_Ruas_26": "62005", "Suffix_26": "0", "Nm_Ruas_26": "YETTI - SENGGI - MAMBERAMO I (STA 0+000 - 107+300)", "Lintas_26": "JALAN LINTAS TENGAH", "No_Jbt_26": "62.005.038.0", "Nm_Jbt_26": "KEEROM", "Status_26": "N", "Fungsi_26": "A", "Lks_Dr_26": "JPR", "Lks_km_26": 25.557, "F_STA_26": "2490", "Cadin_26": "MBR", "Pjg_Jbt_26": 185.0, "Btg_Pjg_26": 60.0, "Jml_Btg_26": "3", "Lb_Jl_Ms26": 4.5, "Lb_Jl_Kl26": 4.5, "Lb_Lalin26": 5.83, "Lb_Bh_Ki26": 0.0, "Lb_Bh_Ka26": 0.0, "Lb_Dr_Ki26": 0.08, "Lb_Dr_Ka26": 0.08, "Lb_Tr_Ki26": 0.47, "Lb_Tr_Ka26": 0.46, "Lb_TS_Ki26": 0.0, "Lb_TS_Ka26": 0.0, "Lb_Med_26": 0.0, "Lbr_Jbt_26": 6.92, "Bgn_Ats_26": "RBP", "Jns_Jbt_26": "STANDAR", "Thn_Bgn_26": "2013", "BA_26": "2", "LNT_26": "2", "BB_26": "2", "DAS_26": "3", "OP_26": "0", "UT_26": "0", "GR_26": "0", "LB_26": "0", "JBT_26": "3", "Tp_Lnts_26": "SUNGAI", "Dt_Lnts_26": "BERKELOK (MEANDER)", "Pnangnn_26": "RUTIN", "Pmriksn_26": "DETAIL", "Pnglola_26": "BBPJN PAPUA-PAPUA PEGUNUNGAN", "Satkr_ID26": "693965", "PPK_Name26": "2.3", "Traffic_26": null, "VCR_26": "0", "AADT_26": "98", "Tipe_Jb_26": null, "Lat_26": -3.399459, "Long_26": 140.793961, "Tgl_Ins_26": "26/06/2026", "Ket_26": null }, "geometry": { "type": "Point", "coordinates": [ 140.793960999600472, -3.399458999633055 ] } },
{ "type": "Feature", "properties": { "KDRUAS_UPD": "62035", "NOJBT_UPD": "62.035.016.0", "NM_RUAS_UP": "NIMBOTONG - BONGGO", "NM_JBT_UPD": "KALI SHER", "PROVINSI": "PAPUA PEGUNUNGAN (JAYAPURA)", "No_Prov_26": "62", "ID_Jbt_26": "6200485", "Kd_Ruas_26": "62035", "Suffix_26": null, "Nm_Ruas_26": "NIMBOTONG - BONGGO", "Lintas_26": "JALAN LINTAS UTARA", "No_Jbt_26": "62.035.016.0", "Nm_Jbt_26": "KALI SHER", "Status_26": "N", "Fungsi_26": "K", "Lks_Dr_26": "JPR", "Lks_km_26": 17.89, "F_STA_26": "1670", "Cadin_26": "BGO", "Pjg_Jbt_26": 21.7, "Btg_Pjg_26": 20.8, "Jml_Btg_26": "1", "Lb_Jl_Ms26": 6.0, "Lb_Jl_Kl26": 6.0, "Lb_Lalin26": 4.0, "Lb_Bh_Ki26": 0.0, "Lb_Bh_Ka26": 0.0, "Lb_Dr_Ki26": 0.0, "Lb_Dr_Ka26": 0.0, "Lb_Tr_Ki26": 0.0, "Lb_Tr_Ka26": 0.0, "Lb_TS_Ki26": 0.0, "Lb_TS_Ka26": 0.0, "Lb_Med_26": 0.0, "Lbr_Jbt_26": 4.0, "Bgn_Ats_26": "RBW", "Jns_Jbt_26": "STANDAR", "Thn_Bgn_26": "2000", "BA_26": "3", "LNT_26": "3", "BB_26": "4", "DAS_26": "1", "OP_26": "0", "UT_26": "0", "GR_26": "0", "LB_26": "0", "JBT_26": "4", "Tp_Lnts_26": "SUNGAI", "Dt_Lnts_26": "LURUS", "Pnangnn_26": "MYC JEMBATAN (PENGGANTIAN)", "Pmriksn_26": "RUTIN", "Pnglola_26": "BBPJN PAPUA-PAPUA PEGUNUNGAN", "Satkr_ID26": "693940", "PPK_Name26": "1.2", "Traffic_26": null, "VCR_26": "0", "AADT_26": "205", "Tipe_Jb_26": null, "Lat_26": -2.577861, "Long_26": 140.013062, "Tgl_Ins_26": "06/06/2025", "Ket_26": null }, "geometry": { "type": "Point", "coordinates": [ 140.013061999811498, -2.577860999885218 ] } },
{ "type": "Feature", "properties": { "KDRUAS_UPD": "62035", "NOJBT_UPD": "62.035.019.0", "NM_RUAS_UP": "NIMBOTONG - BONGGO", "NM_JBT_UPD": "KALI SIHUL", "PROVINSI": "PAPUA PEGUNUNGAN (JAYAPURA)", "No_Prov_26": "62", "ID_Jbt_26": "6200488", "Kd_Ruas_26": "62035", "Suffix_26": null, "Nm_Ruas_26": "NIMBOTONG - BONGGO", "Lintas_26": "JALAN LINTAS UTARA", "No_Jbt_26": "62.035.019.0", "Nm_Jbt_26": "KALI SIHUL", "Status_26": "N", "Fungsi_26": "K", "Lks_Dr_26": "JPR", "Lks_km_26": 20.476, "F_STA_26": "1900", "Cadin_26": "BGO", "Pjg_Jbt_26": 16.8, "Btg_Pjg_26": 16.2, "Jml_Btg_26": "1", "Lb_Jl_Ms26": 6.0, "Lb_Jl_Kl26": 6.0, "Lb_Lalin26": 6.86, "Lb_Bh_Ki26": 0.0, "Lb_Bh_Ka26": 0.0, "Lb_Dr_Ki26": 0.06, "Lb_Dr_Ka26": 0.08, "Lb_Tr_Ki26": 0.9, "Lb_Tr_Ka26": 0.9, "Lb_TS_Ki26": 0.35, "Lb_TS_Ka26": 0.35, "Lb_Med_26": 0.0, "Lbr_Jbt_26": 9.5, "Bgn_Ats_26": "GTP", "Jns_Jbt_26": "STANDAR", "Thn_Bgn_26": "2015", "BA_26": "2", "LNT_26": "2", "BB_26": "2", "DAS_26": "2", "OP_26": "2", "UT_26": "0", "GR_26": "0", "LB_26": "0", "JBT_26": "2", "Tp_Lnts_26": "SUNGAI", "Dt_Lnts_26": "LURUS", "Pnangnn_26": "RUTIN", "Pmriksn_26": "TIDAK DISURVEI TA. 2026", "Pnglola_26": "BBPJN PAPUA-PAPUA PEGUNUNGAN", "Satkr_ID26": "693940", "PPK_Name26": "1.2", "Traffic_26": null, "VCR_26": "0", "AADT_26": "205", "Tipe_Jb_26": null, "Lat_26": -2.572799, "Long_26": 139.99382, "Tgl_Ins_26": "06/06/2025", "Ket_26": null }, "geometry": { "type": "Point", "coordinates": [ 139.993820000093024, -2.572799000273619 ] } },
{ "type": "Feature", "properties": { "KDRUAS_UPD": "62035", "NOJBT_UPD": "62.035.028.0", "NM_RUAS_UP": "NIMBOTONG - BONGGO", "NM_JBT_UPD": "KALI SUM", "PROVINSI": "PAPUA PEGUNUNGAN (JAYAPURA)", "No_Prov_26": "62", "ID_Jbt_26": "6200497", "Kd_Ruas_26": "62035", "Suffix_26": null, "Nm_Ruas_26": "NIMBOTONG - BONGGO", "Lintas_26": "JALAN LINTAS UTARA", "No_Jbt_26": "62.035.028.0", "Nm_Jbt_26": "KALI SUM", "Status_26": "N", "Fungsi_26": "K", "Lks_Dr_26": "JPR", "Lks_km_26": 32.616, "F_STA_26": "2940", "Cadin_26": "BGO", "Pjg_Jbt_26": 35.6, "Btg_Pjg_26": 36.2, "Jml_Btg_26": "1", "Lb_Jl_Ms26": 6.5, "Lb_Jl_Kl26": 6.5, "Lb_Lalin26": 7.0, "Lb_Bh_Ki26": 0.0, "Lb_Bh_Ka26": 0.0, "Lb_Dr_Ki26": 0.0, "Lb_Dr_Ka26": 0.0, "Lb_Tr_Ki26": 1.0, "Lb_Tr_Ka26": 1.02, "Lb_TS_Ki26": 0.35, "Lb_TS_Ka26": 0.35, "Lb_Med_26": 0.0, "Lbr_Jbt_26": 9.72, "Bgn_Ats_26": "GBP", "Jns_Jbt_26": "STANDAR", "Thn_Bgn_26": "2014", "BA_26": "2", "LNT_26": "2", "BB_26": "2", "DAS_26": "2", "OP_26": "1", "UT_26": "0", "GR_26": "0", "LB_26": "0", "JBT_26": "2", "Tp_Lnts_26": "SUNGAI", "Dt_Lnts_26": "LURUS", "Pnangnn_26": "REHABILITASI", "Pmriksn_26": "TIDAK DISURVEI TA. 2026", "Pnglola_26": "BBPJN PAPUA-PAPUA PEGUNUNGAN", "Satkr_ID26": "693940", "PPK_Name26": "1.2", "Traffic_26": null, "VCR_26": "0", "AADT_26": "205", "Tipe_Jb_26": null, "Lat_26": -2.510777, "Long_26": 139.935562, "Tgl_Ins_26": "07/06/2025", "Ket_26": null }, "geometry": { "type": "Point", "coordinates": [ 139.935561999786501, -2.510776999958523 ] } },
{ "type": "Feature", "properties": { "KDRUAS_UPD": "62036", "NOJBT_UPD": "62.036.089.0", "NM_RUAS_UP": "BONGGO - BETAF - SARMI", "NM_JBT_UPD": "KALI SWARER", "PROVINSI": "PAPUA PEGUNUNGAN (JAYAPURA)", "No_Prov_26": "62", "ID_Jbt_26": "6201090", "Kd_Ruas_26": "62036", "Suffix_26": null, "Nm_Ruas_26": "BONGGO - BETAF - SARMI", "Lintas_26": "JALAN LINTAS UTARA", "No_Jbt_26": "62.036.089.0", "Nm_Jbt_26": "KALI SWARER", "Status_26": "N", "Fungsi_26": "K", "Lks_Dr_26": "JPR", "Lks_km_26": 114.051, "F_STA_26": "11090", "Cadin_26": "SRM", "Pjg_Jbt_26": 15.8, "Btg_Pjg_26": 15.35, "Jml_Btg_26": "1", "Lb_Jl_Ms26": 5.5, "Lb_Jl_Kl26": 5.5, "Lb_Lalin26": 3.8, "Lb_Bh_Ki26": 0.0, "Lb_Bh_Ka26": 0.0, "Lb_Dr_Ki26": 0.0, "Lb_Dr_Ka26": 0.0, "Lb_Tr_Ki26": 0.0, "Lb_Tr_Ka26": 0.0, "Lb_TS_Ki26": 0.0, "Lb_TS_Ka26": 0.0, "Lb_Med_26": 0.0, "Lbr_Jbt_26": 3.8, "Bgn_Ats_26": "RBW", "Jns_Jbt_26": "STANDAR", "Thn_Bgn_26": "2005", "BA_26": "4", "LNT_26": "2", "BB_26": "3", "DAS_26": "0", "OP_26": "0", "UT_26": "0", "GR_26": "0", "LB_26": "0", "JBT_26": "4", "Tp_Lnts_26": "SUNGAI", "Dt_Lnts_26": "LURUS", "Pnangnn_26": "MYC JEMBATAN (PENGGANTIAN)", "Pmriksn_26": "RUTIN", "Pnglola_26": "BBPJN PAPUA-PAPUA PEGUNUNGAN", "Satkr_ID26": "693940", "PPK_Name26": "1.3", "Traffic_26": null, "VCR_26": "0", "AADT_26": "791", "Tipe_Jb_26": null, "Lat_26": -1.933128, "Long_26": 138.796082, "Tgl_Ins_26": "09/06/2025", "Ket_26": null }, "geometry": { "type": "Point", "coordinates": [ 138.796081999784519, -1.933128000356874 ] } },
{ "type": "Feature", "properties": { "KDRUAS_UPD": "62035", "NOJBT_UPD": "62.035.077.0", "NM_RUAS_UP": "NIMBOTONG - BONGGO", "NM_JBT_UPD": "KALI TAMAN SARI", "PROVINSI": "PAPUA PEGUNUNGAN (JAYAPURA)", "No_Prov_26": "62", "ID_Jbt_26": "6202109", "Kd_Ruas_26": "62035", "Suffix_26": null, "Nm_Ruas_26": "NIMBOTONG - BONGGO", "Lintas_26": "JALAN LINTAS UTARA", "No_Jbt_26": "62.035.077.0", "Nm_Jbt_26": "KALI TAMAN SARI", "Status_26": "N", "Fungsi_26": "K", "Lks_Dr_26": "JPR", "Lks_km_26": 77.792, "F_STA_26": "6750", "Cadin_26": "BGO", "Pjg_Jbt_26": 50.2, "Btg_Pjg_26": 50.0, "Jml_Btg_26": "1", "Lb_Jl_Ms26": 6.0, "Lb_Jl_Kl26": 6.0, "Lb_Lalin26": 6.0, "Lb_Bh_Ki26": 0.0, "Lb_Bh_Ka26": 0.0, "Lb_Dr_Ki26": 0.08, "Lb_Dr_Ka26": 0.08, "Lb_Tr_Ki26": 0.49, "Lb_Tr_Ka26": 0.49, "Lb_TS_Ki26": 0.0, "Lb_TS_Ka26": 0.0, "Lb_Med_26": 0.0, "Lbr_Jbt_26": 7.14, "Bgn_Ats_26": "RBR", "Jns_Jbt_26": "STANDAR", "Thn_Bgn_26": "2010", "BA_26": "2", "LNT_26": "1", "BB_26": "1", "DAS_26": "2", "OP_26": "0", "UT_26": "0", "GR_26": "0", "LB_26": "0", "JBT_26": "2", "Tp_Lnts_26": "SUNGAI", "Dt_Lnts_26": "BERKELOK (MEANDER)", "Pnangnn_26": "RUTIN", "Pmriksn_26": "TIDAK DISURVEI TA. 2026", "Pnglola_26": "BBPJN PAPUA-PAPUA PEGUNUNGAN", "Satkr_ID26": "693940", "PPK_Name26": "1.2", "Traffic_26": null, "VCR_26": "0", "AADT_26": "205", "Tipe_Jb_26": null, "Lat_26": -2.369616, "Long_26": 139.689178, "Tgl_Ins_26": "19/06/2025", "Ket_26": null }, "geometry": { "type": "Point", "coordinates": [ 139.689177999764979, -2.369615999578684 ] } },
{ "type": "Feature", "properties": { "KDRUAS_UPD": "62019", "NOJBT_UPD": "62.019.013.0", "NM_RUAS_UP": "YETI - UBRUB - YAMBRA *", "NM_JBT_UPD": "KALI TANADA", "PROVINSI": "PAPUA PEGUNUNGAN (JAYAPURA)", "No_Prov_26": "62", "ID_Jbt_26": "6200317", "Kd_Ruas_26": "62019", "Suffix_26": "0", "Nm_Ruas_26": "YETI - UBRUB - YAMBRA *", "Lintas_26": "JALAN LINTAS PERBATASAN", "No_Jbt_26": "62.019.013.0", "Nm_Jbt_26": "KALI TANADA", "Status_26": "N", "Fungsi_26": "K", "Lks_Dr_26": "JPR", "Lks_km_26": 11.615, "F_STA_26": "1090", "Cadin_26": "UBR", "Pjg_Jbt_26": 20.7, "Btg_Pjg_26": 20.1, "Jml_Btg_26": "1", "Lb_Jl_Ms26": 5.5, "Lb_Jl_Kl26": 5.5, "Lb_Lalin26": 7.05, "Lb_Bh_Ki26": 0.0, "Lb_Bh_Ka26": 0.0, "Lb_Dr_Ki26": 0.0, "Lb_Dr_Ka26": 0.0, "Lb_Tr_Ki26": 0.97, "Lb_Tr_Ka26": 0.96, "Lb_TS_Ki26": 0.42, "Lb_TS_Ka26": 0.39, "Lb_Med_26": 0.0, "Lbr_Jbt_26": 9.79, "Bgn_Ats_26": "GTP", "Jns_Jbt_26": "STANDAR", "Thn_Bgn_26": "2012", "BA_26": "2", "LNT_26": "2", "BB_26": "2", "DAS_26": "0", "OP_26": "0", "UT_26": "0", "GR_26": "0", "LB_26": "0", "JBT_26": "2", "Tp_Lnts_26": "SUNGAI", "Dt_Lnts_26": "LURUS", "Pnangnn_26": "RUTIN", "Pmriksn_26": "RUTIN", "Pnglola_26": "BBPJN PAPUA-PAPUA PEGUNUNGAN", "Satkr_ID26": "693965", "PPK_Name26": "2.2", "Traffic_26": null, "VCR_26": "0", "AADT_26": "34", "Tipe_Jb_26": null, "Lat_26": -3.369754, "Long_26": 140.9228, "Tgl_Ins_26": "02/06/2026", "Ket_26": null }, "geometry": { "type": "Point", "coordinates": [ 140.922745000281566, -3.369754000346802 ] } },
{ "type": "Feature", "properties": { "KDRUAS_UPD": "62036", "NOJBT_UPD": "62.036.067.0", "NM_RUAS_UP": "BONGGO - BETAF - SARMI", "NM_JBT_UPD": "KALI TIDI", "PROVINSI": "PAPUA PEGUNUNGAN (JAYAPURA)", "No_Prov_26": "62", "ID_Jbt_26": "6201072", "Kd_Ruas_26": "62036", "Suffix_26": null, "Nm_Ruas_26": "BONGGO - BETAF - SARMI", "Lintas_26": "JALAN LINTAS UTARA", "No_Jbt_26": "62.036.067.0", "Nm_Jbt_26": "KALI TIDI", "Status_26": "N", "Fungsi_26": "K", "Lks_Dr_26": "JPR", "Lks_km_26": 88.146, "F_STA_26": "8790", "Cadin_26": "SRM", "Pjg_Jbt_26": 30.5, "Btg_Pjg_26": 30.0, "Jml_Btg_26": "1", "Lb_Jl_Ms26": 5.15, "Lb_Jl_Kl26": 5.15, "Lb_Lalin26": 6.8, "Lb_Bh_Ki26": 0.0, "Lb_Bh_Ka26": 0.0, "Lb_Dr_Ki26": 0.07, "Lb_Dr_Ka26": 0.05, "Lb_Tr_Ki26": 1.0, "Lb_Tr_Ka26": 1.0, "Lb_TS_Ki26": 0.0, "Lb_TS_Ka26": 0.0, "Lb_Med_26": 0.0, "Lbr_Jbt_26": 8.92, "Bgn_Ats_26": "GBP", "Jns_Jbt_26": "STANDAR", "Thn_Bgn_26": "2022", "BA_26": "2", "LNT_26": "2", "BB_26": "2", "DAS_26": "1", "OP_26": "0", "UT_26": "0", "GR_26": "0", "LB_26": "0", "JBT_26": "2", "Tp_Lnts_26": "SUNGAI", "Dt_Lnts_26": "LURUS", "Pnangnn_26": "RUTIN", "Pmriksn_26": "TIDAK DISURVEI TA. 2026", "Pnglola_26": "BBPJN PAPUA-PAPUA PEGUNUNGAN", "Satkr_ID26": "693940", "PPK_Name26": "1.3", "Traffic_26": null, "VCR_26": "0", "AADT_26": "791", "Tipe_Jb_26": null, "Lat_26": -1.966075, "Long_26": 138.9369, "Tgl_Ins_26": "10/06/2025", "Ket_26": null }, "geometry": { "type": "Point", "coordinates": [ 138.936951000188628, -1.966074999861291 ] } },
{ "type": "Feature", "properties": { "KDRUAS_UPD": "62035", "NOJBT_UPD": "62.035.029.0", "NM_RUAS_UP": "NIMBOTONG - BONGGO", "NM_JBT_UPD": "KALI TIMBI", "PROVINSI": "PAPUA PEGUNUNGAN (JAYAPURA)", "No_Prov_26": "62", "ID_Jbt_26": "6200498", "Kd_Ruas_26": "62035", "Suffix_26": null, "Nm_Ruas_26": "NIMBOTONG - BONGGO", "Lintas_26": "JALAN LINTAS UTARA", "No_Jbt_26": "62.035.029.0", "Nm_Jbt_26": "KALI TIMBI", "Status_26": "N", "Fungsi_26": "K", "Lks_Dr_26": "JPR", "Lks_km_26": 33.26, "F_STA_26": "3000", "Cadin_26": "BGO", "Pjg_Jbt_26": 16.6, "Btg_Pjg_26": 15.3, "Jml_Btg_26": "1", "Lb_Jl_Ms26": 5.25, "Lb_Jl_Kl26": 5.25, "Lb_Lalin26": 6.85, "Lb_Bh_Ki26": 0.0, "Lb_Bh_Ka26": 0.0, "Lb_Dr_Ki26": 0.07, "Lb_Dr_Ka26": 0.06, "Lb_Tr_Ki26": 0.98, "Lb_Tr_Ka26": 1.04, "Lb_TS_Ki26": 0.25, "Lb_TS_Ka26": 0.25, "Lb_Med_26": 0.0, "Lbr_Jbt_26": 9.5, "Bgn_Ats_26": "GTP", "Jns_Jbt_26": "STANDAR", "Thn_Bgn_26": "2015", "BA_26": "2", "LNT_26": "2", "BB_26": "1", "DAS_26": "2", "OP_26": "2", "UT_26": "0", "GR_26": "0", "LB_26": "0", "JBT_26": "2", "Tp_Lnts_26": "SUNGAI", "Dt_Lnts_26": "LURUS", "Pnangnn_26": "RUTIN", "Pmriksn_26": "DETAIL", "Pnglola_26": "BBPJN PAPUA-PAPUA PEGUNUNGAN", "Satkr_ID26": "693940", "PPK_Name26": "1.2", "Traffic_26": null, "VCR_26": "0", "AADT_26": "205", "Tipe_Jb_26": null, "Lat_26": -2.511861, "Long_26": 139.93103, "Tgl_Ins_26": "08/06/2026", "Ket_26": null }, "geometry": { "type": "Point", "coordinates": [ 139.931030000334317, -2.511860999585394 ] } },
{ "type": "Feature", "properties": { "KDRUAS_UPD": "620022", "NOJBT_UPD": "62.002.033.0.2", "NM_RUAS_UP": "BTS. KOTA JAYAPURA / KAB. KEROM - ARSO", "NM_JBT_UPD": "KALI UP", "PROVINSI": "PAPUA PEGUNUNGAN (JAYAPURA)", "No_Prov_26": "62", "ID_Jbt_26": "6200015", "Kd_Ruas_26": "620022", "Suffix_26": "2", "Nm_Ruas_26": "BTS. KOTA JAYAPURA / KAB. KEROM - ARSO", "Lintas_26": "JALAN LINTAS PERBATASAN", "No_Jbt_26": "62.002.033.0.2", "Nm_Jbt_26": "KALI UP", "Status_26": "N", "Fungsi_26": "A", "Lks_Dr_26": "JPR", "Lks_km_26": 0.109, "F_STA_26": "3090", "Cadin_26": "ARS", "Pjg_Jbt_26": 40.0, "Btg_Pjg_26": 40.0, "Jml_Btg_26": "1", "Lb_Jl_Ms26": 6.0, "Lb_Jl_Kl26": 6.0, "Lb_Lalin26": 5.9, "Lb_Bh_Ki26": 0.0, "Lb_Bh_Ka26": 0.0, "Lb_Dr_Ki26": 0.1, "Lb_Dr_Ka26": 0.1, "Lb_Tr_Ki26": 0.35, "Lb_Tr_Ka26": 0.35, "Lb_TS_Ki26": 0.0, "Lb_TS_Ka26": 0.0, "Lb_Med_26": 0.0, "Lbr_Jbt_26": 6.8, "Bgn_Ats_26": "RBR", "Jns_Jbt_26": "STANDAR", "Thn_Bgn_26": "2000", "BA_26": "2", "LNT_26": "0", "BB_26": "2", "DAS_26": "2", "OP_26": "2", "UT_26": "0", "GR_26": "0", "LB_26": "0", "JBT_26": "2", "Tp_Lnts_26": "SUNGAI", "Dt_Lnts_26": "BERKELOK (MEANDER)", "Pnangnn_26": "RUTIN", "Pmriksn_26": "TIDAK DISURVEI TA. 2026", "Pnglola_26": "BBPJN PAPUA-PAPUA PEGUNUNGAN", "Satkr_ID26": "693965", "PPK_Name26": "2.1", "Traffic_26": null, "VCR_26": "0", "AADT_26": "1391", "Tipe_Jb_26": null, "Lat_26": -2.982369, "Long_26": 140.774323, "Tgl_Ins_26": "31/05/2025", "Ket_26": null }, "geometry": { "type": "Point", "coordinates": [ 140.774322999606852, -2.982369000129211 ] } },
{ "type": "Feature", "properties": { "KDRUAS_UPD": "62019", "NOJBT_UPD": "62.019.068.0", "NM_RUAS_UP": "YETI - UBRUB - YAMBRA *", "NM_JBT_UPD": "KALI WALEM 2", "PROVINSI": "PAPUA PEGUNUNGAN (JAYAPURA)", "No_Prov_26": "62", "ID_Jbt_26": "6201858", "Kd_Ruas_26": "62019", "Suffix_26": "0", "Nm_Ruas_26": "YETI - UBRUB - YAMBRA *", "Lintas_26": "JALAN LINTAS PERBATASAN", "No_Jbt_26": "62.019.068.0", "Nm_Jbt_26": "KALI WALEM 2", "Status_26": "N", "Fungsi_26": "K", "Lks_Dr_26": "JPR", "Lks_km_26": 44.314, "F_STA_26": "4240", "Cadin_26": "UBR", "Pjg_Jbt_26": 20.7, "Btg_Pjg_26": 20.4, "Jml_Btg_26": "1", "Lb_Jl_Ms26": 5.5, "Lb_Jl_Kl26": 5.5, "Lb_Lalin26": 7.06, "Lb_Bh_Ki26": 0.0, "Lb_Bh_Ka26": 0.0, "Lb_Dr_Ki26": 0.06, "Lb_Dr_Ka26": 0.0, "Lb_Tr_Ki26": 0.94, "Lb_Tr_Ka26": 0.97, "Lb_TS_Ki26": 0.0, "Lb_TS_Ka26": 0.0, "Lb_Med_26": 0.0, "Lbr_Jbt_26": 9.03, "Bgn_Ats_26": "GBP", "Jns_Jbt_26": "STANDAR", "Thn_Bgn_26": "2018", "BA_26": "2", "LNT_26": "2", "BB_26": "2", "DAS_26": "2", "OP_26": "0", "UT_26": "0", "GR_26": "0", "LB_26": "0", "JBT_26": "2", "Tp_Lnts_26": "SUNGAI", "Dt_Lnts_26": "LURUS", "Pnangnn_26": "RUTIN", "Pmriksn_26": "TIDAK DISURVEI TA. 2026", "Pnglola_26": "BBPJN PAPUA-PAPUA PEGUNUNGAN", "Satkr_ID26": "693965", "PPK_Name26": "2.2", "Traffic_26": null, "VCR_26": "0", "AADT_26": "34", "Tipe_Jb_26": null, "Lat_26": -3.604359, "Long_26": 140.9032, "Tgl_Ins_26": "29/05/2025", "Ket_26": null }, "geometry": { "type": "Point", "coordinates": [ 140.90315199966517, -3.604359000367538 ] } },
{ "type": "Feature", "properties": { "KDRUAS_UPD": "62019", "NOJBT_UPD": "62.019.065.0", "NM_RUAS_UP": "YETI - UBRUB - YAMBRA *", "NM_JBT_UPD": "KALI WALMANGGAI", "PROVINSI": "PAPUA PEGUNUNGAN (JAYAPURA)", "No_Prov_26": "62", "ID_Jbt_26": "6201855", "Kd_Ruas_26": "62019", "Suffix_26": "0", "Nm_Ruas_26": "YETI - UBRUB - YAMBRA *", "Lintas_26": "JALAN LINTAS PERBATASAN", "No_Jbt_26": "62.019.065.0", "Nm_Jbt_26": "KALI WALMANGGAI", "Status_26": "N", "Fungsi_26": "K", "Lks_Dr_26": "JPR", "Lks_km_26": 42.109, "F_STA_26": "4040", "Cadin_26": "UBR", "Pjg_Jbt_26": 6.0, "Btg_Pjg_26": 3.0, "Jml_Btg_26": "2", "Lb_Jl_Ms26": 5.5, "Lb_Jl_Kl26": 5.5, "Lb_Lalin26": 5.5, "Lb_Bh_Ki26": 2.2, "Lb_Bh_Ka26": 2.6, "Lb_Dr_Ki26": 0.0, "Lb_Dr_Ka26": 0.0, "Lb_Tr_Ki26": 0.0, "Lb_Tr_Ka26": 0.0, "Lb_TS_Ki26": 0.0, "Lb_TS_Ka26": 0.0, "Lb_Med_26": 0.0, "Lbr_Jbt_26": 10.3, "Bgn_Ats_26": "BTP", "Jns_Jbt_26": "STANDAR", "Thn_Bgn_26": "2014", "BA_26": "0", "LNT_26": "0", "BB_26": "0", "DAS_26": "1", "OP_26": "0", "UT_26": "0", "GR_26": "2", "LB_26": "0", "JBT_26": "2", "Tp_Lnts_26": "SUNGAI", "Dt_Lnts_26": "LURUS", "Pnangnn_26": "RUTIN", "Pmriksn_26": "TIDAK DISURVEI TA. 2026", "Pnglola_26": "BBPJN PAPUA-PAPUA PEGUNUNGAN", "Satkr_ID26": "693965", "PPK_Name26": "2.2", "Traffic_26": null, "VCR_26": "0", "AADT_26": "34", "Tipe_Jb_26": null, "Lat_26": -3.589842, "Long_26": 140.8956, "Tgl_Ins_26": "29/05/2025", "Ket_26": null }, "geometry": { "type": "Point", "coordinates": [ 140.895554000017114, -3.589842000008218 ] } },
{ "type": "Feature", "properties": { "KDRUAS_UPD": "62019", "NOJBT_UPD": "62.019.069.0", "NM_RUAS_UP": "YETI - UBRUB - YAMBRA *", "NM_JBT_UPD": "KALI WEWA", "PROVINSI": "PAPUA PEGUNUNGAN (JAYAPURA)", "No_Prov_26": "62", "ID_Jbt_26": "6201859", "Kd_Ruas_26": "62019", "Suffix_26": "0", "Nm_Ruas_26": "YETI - UBRUB - YAMBRA *", "Lintas_26": "JALAN LINTAS PERBATASAN", "No_Jbt_26": "62.019.069.0", "Nm_Jbt_26": "KALI WEWA", "Status_26": "N", "Fungsi_26": "K", "Lks_Dr_26": "JPR", "Lks_km_26": 45.402, "F_STA_26": "4350", "Cadin_26": "UBR", "Pjg_Jbt_26": 20.6, "Btg_Pjg_26": 20.0, "Jml_Btg_26": "1", "Lb_Jl_Ms26": 5.5, "Lb_Jl_Kl26": 5.5, "Lb_Lalin26": 7.05, "Lb_Bh_Ki26": 0.0, "Lb_Bh_Ka26": 0.0, "Lb_Dr_Ki26": 0.0, "Lb_Dr_Ka26": 0.0, "Lb_Tr_Ki26": 0.98, "Lb_Tr_Ka26": 0.93, "Lb_TS_Ki26": 0.22, "Lb_TS_Ka26": 0.26, "Lb_Med_26": 0.0, "Lbr_Jbt_26": 9.44, "Bgn_Ats_26": "GBP", "Jns_Jbt_26": "STANDAR", "Thn_Bgn_26": "2018", "BA_26": "3", "LNT_26": "3", "BB_26": "2", "DAS_26": "1", "OP_26": "1", "UT_26": "0", "GR_26": "0", "LB_26": "0", "JBT_26": "3", "Tp_Lnts_26": "SUNGAI", "Dt_Lnts_26": "LURUS", "Pnangnn_26": "REHABILITASI", "Pmriksn_26": "DETAIL", "Pnglola_26": "BBPJN PAPUA-PAPUA PEGUNUNGAN", "Satkr_ID26": "693965", "PPK_Name26": "2.2", "Traffic_26": null, "VCR_26": "0", "AADT_26": "34", "Tipe_Jb_26": null, "Lat_26": -3.609548, "Long_26": 140.8958, "Tgl_Ins_26": "08/06/2026", "Ket_26": null }, "geometry": { "type": "Point", "coordinates": [ 140.895766999947114, -3.609548000439815 ] } },
{ "type": "Feature", "properties": { "KDRUAS_UPD": "62019", "NOJBT_UPD": "62.019.003.0", "NM_RUAS_UP": "YETI - UBRUB - YAMBRA *", "NM_JBT_UPD": "KALI WOA", "PROVINSI": "PAPUA PEGUNUNGAN (JAYAPURA)", "No_Prov_26": "62", "ID_Jbt_26": "6200308", "Kd_Ruas_26": "62019", "Suffix_26": "0", "Nm_Ruas_26": "YETI - UBRUB - YAMBRA *", "Lintas_26": "JALAN LINTAS PERBATASAN", "No_Jbt_26": "62.019.003.0", "Nm_Jbt_26": "KALI WOA", "Status_26": "N", "Fungsi_26": "K", "Lks_Dr_26": "JPR", "Lks_km_26": 4.888, "F_STA_26": "460", "Cadin_26": "UBR", "Pjg_Jbt_26": 21.0, "Btg_Pjg_26": 20.3, "Jml_Btg_26": "1", "Lb_Jl_Ms26": 5.5, "Lb_Jl_Kl26": 5.5, "Lb_Lalin26": 6.0, "Lb_Bh_Ki26": 0.0, "Lb_Bh_Ka26": 0.0, "Lb_Dr_Ki26": 0.23, "Lb_Dr_Ka26": 0.22, "Lb_Tr_Ki26": 0.35, "Lb_Tr_Ka26": 0.34, "Lb_TS_Ki26": 0.31, "Lb_TS_Ka26": 0.31, "Lb_Med_26": 0.0, "Lbr_Jbt_26": 7.76, "Bgn_Ats_26": "GTP", "Jns_Jbt_26": "STANDAR", "Thn_Bgn_26": "2003", "BA_26": "2", "LNT_26": "2", "BB_26": "0", "DAS_26": "2", "OP_26": "1", "UT_26": "0", "GR_26": "0", "LB_26": "0", "JBT_26": "2", "Tp_Lnts_26": "SUNGAI", "Dt_Lnts_26": "LURUS", "Pnangnn_26": "RUTIN", "Pmriksn_26": "RUTIN", "Pnglola_26": "BBPJN PAPUA-PAPUA PEGUNUNGAN", "Satkr_ID26": "693965", "PPK_Name26": "2.2", "Traffic_26": null, "VCR_26": "0", "AADT_26": "34", "Tipe_Jb_26": null, "Lat_26": -3.318811, "Long_26": 140.945, "Tgl_Ins_26": "02/06/2026", "Ket_26": null }, "geometry": { "type": "Point", "coordinates": [ 140.944992000080788, -3.318811000127482 ] } },
{ "type": "Feature", "properties": { "KDRUAS_UPD": "62019", "NOJBT_UPD": "62.019.004.0", "NM_RUAS_UP": "YETI - UBRUB - YAMBRA *", "NM_JBT_UPD": "KALI WOA CS", "PROVINSI": "PAPUA PEGUNUNGAN (JAYAPURA)", "No_Prov_26": "62", "ID_Jbt_26": "6200309", "Kd_Ruas_26": "62019", "Suffix_26": "0", "Nm_Ruas_26": "YETI - UBRUB - YAMBRA *", "Lintas_26": "JALAN LINTAS PERBATASAN", "No_Jbt_26": "62.019.004.0", "Nm_Jbt_26": "KALI WOA CS", "Status_26": "N", "Fungsi_26": "K", "Lks_Dr_26": "JPR", "Lks_km_26": 6.013, "F_STA_26": "570", "Cadin_26": "UBR", "Pjg_Jbt_26": 20.8, "Btg_Pjg_26": 20.3, "Jml_Btg_26": "1", "Lb_Jl_Ms26": 5.5, "Lb_Jl_Kl26": 5.5, "Lb_Lalin26": 6.0, "Lb_Bh_Ki26": 0.0, "Lb_Bh_Ka26": 0.0, "Lb_Dr_Ki26": 0.17, "Lb_Dr_Ka26": 0.18, "Lb_Tr_Ki26": 0.75, "Lb_Tr_Ka26": 0.73, "Lb_TS_Ki26": 0.0, "Lb_TS_Ka26": 0.0, "Lb_Med_26": 0.0, "Lbr_Jbt_26": 7.83, "Bgn_Ats_26": "GTP", "Jns_Jbt_26": "STANDAR", "Thn_Bgn_26": "2000", "BA_26": "2", "LNT_26": "0", "BB_26": "0", "DAS_26": "0", "OP_26": "0", "UT_26": "0", "GR_26": "0", "LB_26": "0", "JBT_26": "2", "Tp_Lnts_26": "SUNGAI", "Dt_Lnts_26": "LURUS", "Pnangnn_26": "REHABILITASI", "Pmriksn_26": "DETAIL", "Pnglola_26": "BBPJN PAPUA-PAPUA PEGUNUNGAN", "Satkr_ID26": "693965", "PPK_Name26": "2.2", "Traffic_26": null, "VCR_26": "0", "AADT_26": "34", "Tipe_Jb_26": null, "Lat_26": -3.327198, "Long_26": 140.9396, "Tgl_Ins_26": "01/06/2026", "Ket_26": null }, "geometry": { "type": "Point", "coordinates": [ 140.939605999917035, -3.327198000187536 ] } },
{ "type": "Feature", "properties": { "KDRUAS_UPD": "62019", "NOJBT_UPD": "62.019.064.0", "NM_RUAS_UP": "YETI - UBRUB - YAMBRA *", "NM_JBT_UPD": "KALI YARPE", "PROVINSI": "PAPUA PEGUNUNGAN (JAYAPURA)", "No_Prov_26": "62", "ID_Jbt_26": "6201854", "Kd_Ruas_26": "62019", "Suffix_26": "0", "Nm_Ruas_26": "YETI - UBRUB - YAMBRA *", "Lintas_26": "JALAN LINTAS PERBATASAN", "No_Jbt_26": "62.019.064.0", "Nm_Jbt_26": "KALI YARPE", "Status_26": "N", "Fungsi_26": "K", "Lks_Dr_26": "JPR", "Lks_km_26": 41.211, "F_STA_26": "3960", "Cadin_26": "UBR", "Pjg_Jbt_26": 6.0, "Btg_Pjg_26": 3.0, "Jml_Btg_26": "2", "Lb_Jl_Ms26": 6.0, "Lb_Jl_Kl26": 6.0, "Lb_Lalin26": 5.6, "Lb_Bh_Ki26": 3.05, "Lb_Bh_Ka26": 1.8, "Lb_Dr_Ki26": 0.0, "Lb_Dr_Ka26": 0.0, "Lb_Tr_Ki26": 0.0, "Lb_Tr_Ka26": 0.0, "Lb_TS_Ki26": 0.0, "Lb_TS_Ka26": 0.0, "Lb_Med_26": 0.0, "Lbr_Jbt_26": 10.45, "Bgn_Ats_26": "BTP", "Jns_Jbt_26": "STANDAR", "Thn_Bgn_26": "1995", "BA_26": "0", "LNT_26": "0", "BB_26": "0", "DAS_26": "1", "OP_26": "0", "UT_26": "0", "GR_26": "2", "LB_26": "0", "JBT_26": "2", "Tp_Lnts_26": "SUNGAI", "Dt_Lnts_26": "LURUS", "Pnangnn_26": "RUTIN", "Pmriksn_26": "TIDAK DISURVEI TA. 2026", "Pnglola_26": "BBPJN PAPUA-PAPUA PEGUNUNGAN", "Satkr_ID26": "693965", "PPK_Name26": "2.2", "Traffic_26": null, "VCR_26": "0", "AADT_26": "34", "Tipe_Jb_26": null, "Lat_26": -3.584377, "Long_26": 140.8928, "Tgl_Ins_26": "30/05/2025", "Ket_26": null }, "geometry": { "type": "Point", "coordinates": [ 140.892775999612809, -3.584376999798678 ] } },
{ "type": "Feature", "properties": { "KDRUAS_UPD": "62019", "NOJBT_UPD": "62.019.041.0", "NM_RUAS_UP": "YETI - UBRUB - YAMBRA *", "NM_JBT_UPD": "KALI YEMBA", "PROVINSI": "PAPUA PEGUNUNGAN (JAYAPURA)", "No_Prov_26": "62", "ID_Jbt_26": "6200345", "Kd_Ruas_26": "62019", "Suffix_26": "0", "Nm_Ruas_26": "YETI - UBRUB - YAMBRA *", "Lintas_26": "JALAN LINTAS PERBATASAN", "No_Jbt_26": "62.019.041.0", "Nm_Jbt_26": "KALI YEMBA", "Status_26": "N", "Fungsi_26": "K", "Lks_Dr_26": "JPR", "Lks_km_26": 26.947, "F_STA_26": "2570", "Cadin_26": "UBR", "Pjg_Jbt_26": 20.0, "Btg_Pjg_26": 20.0, "Jml_Btg_26": "1", "Lb_Jl_Ms26": 5.5, "Lb_Jl_Kl26": 5.5, "Lb_Lalin26": 6.76, "Lb_Bh_Ki26": 0.0, "Lb_Bh_Ka26": 0.0, "Lb_Dr_Ki26": 0.13, "Lb_Dr_Ka26": 0.12, "Lb_Tr_Ki26": 0.97, "Lb_Tr_Ka26": 0.99, "Lb_TS_Ki26": 0.2, "Lb_TS_Ka26": 0.21, "Lb_Med_26": 0.0, "Lbr_Jbt_26": 9.38, "Bgn_Ats_26": "GBP", "Jns_Jbt_26": "STANDAR", "Thn_Bgn_26": "2018", "BA_26": "2", "LNT_26": "2", "BB_26": "2", "DAS_26": "0", "OP_26": "2", "UT_26": "0", "GR_26": "0", "LB_26": "0", "JBT_26": "2", "Tp_Lnts_26": "SUNGAI", "Dt_Lnts_26": "LURUS", "Pnangnn_26": "RUTIN", "Pmriksn_26": "RUTIN", "Pnglola_26": "BBPJN PAPUA-PAPUA PEGUNUNGAN", "Satkr_ID26": "693965", "PPK_Name26": "2.2", "Traffic_26": null, "VCR_26": "0", "AADT_26": "34", "Tipe_Jb_26": null, "Lat_26": -3.479003, "Long_26": 140.8884, "Tgl_Ins_26": "03/06/2026", "Ket_26": null }, "geometry": { "type": "Point", "coordinates": [ 140.888427999652549, -3.479003000388104 ] } },
{ "type": "Feature", "properties": { "KDRUAS_UPD": "62056", "NOJBT_UPD": "62.056.016.0", "NM_RUAS_UP": "BTS. KOTA SERUI - MENAWI", "NM_JBT_UPD": "KANOAPI", "PROVINSI": "PAPUA PEGUNUNGAN (JAYAPURA)", "No_Prov_26": "62", "ID_Jbt_26": "6200735", "Kd_Ruas_26": "62056", "Suffix_26": null, "Nm_Ruas_26": "BTS. KOTA SERUI - MENAWI", "Lintas_26": "NON LINTAS", "No_Jbt_26": "62.056.016.0", "Nm_Jbt_26": "KANOAPI", "Status_26": "N", "Fungsi_26": "K", "Lks_Dr_26": "SER", "Lks_km_26": 1.711, "F_STA_26": "150", "Cadin_26": "SER", "Pjg_Jbt_26": 9.2, "Btg_Pjg_26": 3.0, "Jml_Btg_26": "2", "Lb_Jl_Ms26": 6.35, "Lb_Jl_Kl26": 6.35, "Lb_Lalin26": 6.93, "Lb_Bh_Ki26": 0.7, "Lb_Bh_Ka26": 0.7, "Lb_Dr_Ki26": 0.0, "Lb_Dr_Ka26": 0.0, "Lb_Tr_Ki26": 0.0, "Lb_Tr_Ka26": 0.0, "Lb_TS_Ki26": 0.0, "Lb_TS_Ka26": 0.0, "Lb_Med_26": 0.0, "Lbr_Jbt_26": 8.33, "Bgn_Ats_26": "BTP", "Jns_Jbt_26": "STANDAR", "Thn_Bgn_26": "2021", "BA_26": "0", "LNT_26": "0", "BB_26": "0", "DAS_26": "1", "OP_26": "0", "UT_26": "0", "GR_26": "0", "LB_26": "0", "JBT_26": "1", "Tp_Lnts_26": "SUNGAI", "Dt_Lnts_26": "LURUS", "Pnangnn_26": "RUTIN", "Pmriksn_26": "TIDAK DISURVEI TA. 2026", "Pnglola_26": "BBPJN PAPUA-PAPUA PEGUNUNGAN", "Satkr_ID26": "693941", "PPK_Name26": null, "Traffic_26": null, "VCR_26": "0", "AADT_26": "254", "Tipe_Jb_26": null, "Lat_26": -1.862245, "Long_26": 136.295029, "Tgl_Ins_26": "13/09/2022", "Ket_26": null }, "geometry": { "type": "Point", "coordinates": [ 136.295029000288196, -1.862244999706945 ] } },
{ "type": "Feature", "properties": { "KDRUAS_UPD": "62005", "NOJBT_UPD": "62.005.040.0", "NM_RUAS_UP": "YETTI - SENGGI - MAMBERAMO I (STA 0+000 - 107+300)", "NM_JBT_UPD": "KEEROM II (SENGGI)", "PROVINSI": "PAPUA PEGUNUNGAN (JAYAPURA)", "No_Prov_26": "62", "ID_Jbt_26": "6200086", "Kd_Ruas_26": "62005", "Suffix_26": "0", "Nm_Ruas_26": "YETTI - SENGGI - MAMBERAMO I (STA 0+000 - 107+300)", "Lintas_26": "JALAN LINTAS TENGAH", "No_Jbt_26": "62.005.040.0", "Nm_Jbt_26": "KEEROM II (SENGGI)", "Status_26": "N", "Fungsi_26": "A", "Lks_Dr_26": "JPR", "Lks_km_26": 30.322, "F_STA_26": "2950", "Cadin_26": "MBR", "Pjg_Jbt_26": 30.7, "Btg_Pjg_26": 30.0, "Jml_Btg_26": "1", "Lb_Jl_Ms26": 4.5, "Lb_Jl_Kl26": 4.5, "Lb_Lalin26": 7.12, "Lb_Bh_Ki26": 0.0, "Lb_Bh_Ka26": 0.0, "Lb_Dr_Ki26": 0.0, "Lb_Dr_Ka26": 0.0, "Lb_Tr_Ki26": 0.81, "Lb_Tr_Ka26": 0.79, "Lb_TS_Ki26": 0.34, "Lb_TS_Ka26": 0.29, "Lb_Med_26": 0.0, "Lbr_Jbt_26": 9.35, "Bgn_Ats_26": "GBP", "Jns_Jbt_26": "STANDAR", "Thn_Bgn_26": "2016", "BA_26": "2", "LNT_26": "2", "BB_26": "2", "DAS_26": "0", "OP_26": "2", "UT_26": "0", "GR_26": "0", "LB_26": "0", "JBT_26": "2", "Tp_Lnts_26": "SUNGAI", "Dt_Lnts_26": "LURUS", "Pnangnn_26": "RUTIN", "Pmriksn_26": "DETAIL", "Pnglola_26": "BBPJN PAPUA-PAPUA PEGUNUNGAN", "Satkr_ID26": "693965", "PPK_Name26": "2.3", "Traffic_26": null, "VCR_26": "0", "AADT_26": "98", "Tipe_Jb_26": null, "Lat_26": -3.43157, "Long_26": 140.773605, "Tgl_Ins_26": "26/06/2026", "Ket_26": null }, "geometry": { "type": "Point", "coordinates": [ 140.77360499977101, -3.431570000155318 ] } },
{ "type": "Feature", "properties": { "KDRUAS_UPD": "62005", "NOJBT_UPD": "62.005.053.0", "NM_RUAS_UP": "YETTI - SENGGI - MAMBERAMO I (STA 0+000 - 107+300)", "NM_JBT_UPD": "KEEROM IX", "PROVINSI": "PAPUA PEGUNUNGAN (JAYAPURA)", "No_Prov_26": "62", "ID_Jbt_26": "6200099", "Kd_Ruas_26": "62005", "Suffix_26": "0", "Nm_Ruas_26": "YETTI - SENGGI - MAMBERAMO I (STA 0+000 - 107+300)", "Lintas_26": "JALAN LINTAS TENGAH", "No_Jbt_26": "62.005.053.0", "Nm_Jbt_26": "KEEROM IX", "Status_26": "N", "Fungsi_26": "A", "Lks_Dr_26": "JPR", "Lks_km_26": 50.787, "F_STA_26": "4930", "Cadin_26": "MBR", "Pjg_Jbt_26": 11.3, "Btg_Pjg_26": 10.1, "Jml_Btg_26": "1", "Lb_Jl_Ms26": 4.5, "Lb_Jl_Kl26": 4.5, "Lb_Lalin26": 4.1, "Lb_Bh_Ki26": 0.0, "Lb_Bh_Ka26": 0.0, "Lb_Dr_Ki26": 0.0, "Lb_Dr_Ka26": 0.0, "Lb_Tr_Ki26": 0.0, "Lb_Tr_Ka26": 0.0, "Lb_TS_Ki26": 0.0, "Lb_TS_Ka26": 0.0, "Lb_Med_26": 0.0, "Lbr_Jbt_26": 4.1, "Bgn_Ats_26": "GKW", "Jns_Jbt_26": "STANDAR", "Thn_Bgn_26": "2004", "BA_26": "3", "LNT_26": "1", "BB_26": "0", "DAS_26": "0", "OP_26": "0", "UT_26": "0", "GR_26": "0", "LB_26": "0", "JBT_26": "3", "Tp_Lnts_26": "SUNGAI", "Dt_Lnts_26": "LURUS", "Pnangnn_26": "REHABILITASI", "Pmriksn_26": "DETAIL", "Pnglola_26": "BBPJN PAPUA-PAPUA PEGUNUNGAN", "Satkr_ID26": "693965", "PPK_Name26": "2.3", "Traffic_26": null, "VCR_26": "0", "AADT_26": "98", "Tipe_Jb_26": null, "Lat_26": -3.578722, "Long_26": 140.702042, "Tgl_Ins_26": "26/05/2026", "Ket_26": null }, "geometry": { "type": "Point", "coordinates": [ 140.702042000138249, -3.578721999820402 ] } },
{ "type": "Feature", "properties": { "KDRUAS_UPD": "62005", "NOJBT_UPD": "62.005.054.0", "NM_RUAS_UP": "YETTI - SENGGI - MAMBERAMO I (STA 0+000 - 107+300)", "NM_JBT_UPD": "KEEROM X", "PROVINSI": "PAPUA PEGUNUNGAN (JAYAPURA)", "No_Prov_26": "62", "ID_Jbt_26": "6201814", "Kd_Ruas_26": "62005", "Suffix_26": "0", "Nm_Ruas_26": "YETTI - SENGGI - MAMBERAMO I (STA 0+000 - 107+300)", "Lintas_26": "YETTI - SENGGI - MAMBERAMO", "No_Jbt_26": "62.005.054.0", "Nm_Jbt_26": "KEEROM X", "Status_26": "N", "Fungsi_26": "A", "Lks_Dr_26": "JPR", "Lks_km_26": 51.546, "F_STA_26": "5010", "Cadin_26": "MBR", "Pjg_Jbt_26": 13.5, "Btg_Pjg_26": 11.35, "Jml_Btg_26": "1", "Lb_Jl_Ms26": 4.5, "Lb_Jl_Kl26": 4.5, "Lb_Lalin26": 4.1, "Lb_Bh_Ki26": 0.0, "Lb_Bh_Ka26": 0.0, "Lb_Dr_Ki26": 0.0, "Lb_Dr_Ka26": 0.0, "Lb_Tr_Ki26": 0.0, "Lb_Tr_Ka26": 0.0, "Lb_TS_Ki26": 0.0, "Lb_TS_Ka26": 0.0, "Lb_Med_26": 0.0, "Lbr_Jbt_26": 4.1, "Bgn_Ats_26": "GKW", "Jns_Jbt_26": "STANDAR", "Thn_Bgn_26": "2003", "BA_26": "3", "LNT_26": "0", "BB_26": "0", "DAS_26": "0", "OP_26": "0", "UT_26": "0", "GR_26": "0", "LB_26": "0", "JBT_26": "3", "Tp_Lnts_26": "SUNGAI", "Dt_Lnts_26": "LURUS", "Pnangnn_26": "REHABILITASI", "Pmriksn_26": "DETAIL", "Pnglola_26": "BBPJN PAPUA-PAPUA PEGUNUNGAN", "Satkr_ID26": "693965", "PPK_Name26": "2.3", "Traffic_26": null, "VCR_26": "0", "AADT_26": "98", "Tipe_Jb_26": null, "Lat_26": -3.584979, "Long_26": 140.700546, "Tgl_Ins_26": "26/05/2026", "Ket_26": null }, "geometry": { "type": "Point", "coordinates": [ 140.700546000397708, -3.584978999681027 ] } },
{ "type": "Feature", "properties": { "KDRUAS_UPD": "62005", "NOJBT_UPD": "62.005.056.0", "NM_RUAS_UP": "YETTI - SENGGI - MAMBERAMO I (STA 0+000 - 107+300)", "NM_JBT_UPD": "KEEROM XII", "PROVINSI": "PAPUA PEGUNUNGAN (JAYAPURA)", "No_Prov_26": "62", "ID_Jbt_26": "6200101", "Kd_Ruas_26": "62005", "Suffix_26": "0", "Nm_Ruas_26": "YETTI - SENGGI - MAMBERAMO I (STA 0+000 - 107+300)", "Lintas_26": "JALAN LINTAS TENGAH", "No_Jbt_26": "62.005.056.0", "Nm_Jbt_26": "KEEROM XII", "Status_26": "N", "Fungsi_26": "A", "Lks_Dr_26": "JPR", "Lks_km_26": 52.306, "F_STA_26": "5080", "Cadin_26": "MBR", "Pjg_Jbt_26": 7.9, "Btg_Pjg_26": 2.0, "Jml_Btg_26": "1", "Lb_Jl_Ms26": 4.5, "Lb_Jl_Kl26": 4.5, "Lb_Lalin26": 5.2, "Lb_Bh_Ki26": 2.6, "Lb_Bh_Ka26": 2.7, "Lb_Dr_Ki26": 0.0, "Lb_Dr_Ka26": 0.0, "Lb_Tr_Ki26": 0.0, "Lb_Tr_Ka26": 0.0, "Lb_TS_Ki26": 0.33, "Lb_TS_Ka26": 0.3, "Lb_Med_26": 0.0, "Lbr_Jbt_26": 11.13, "Bgn_Ats_26": "BTP", "Jns_Jbt_26": "STANDAR", "Thn_Bgn_26": "1998", "BA_26": "0", "LNT_26": "0", "BB_26": "0", "DAS_26": "0", "OP_26": "0", "UT_26": "0", "GR_26": "2", "LB_26": "0", "JBT_26": "2", "Tp_Lnts_26": "SUNGAI", "Dt_Lnts_26": "LURUS", "Pnangnn_26": "RUTIN", "Pmriksn_26": "DETAIL", "Pnglola_26": "BBPJN PAPUA-PAPUA PEGUNUNGAN", "Satkr_ID26": "693965", "PPK_Name26": "2.3", "Traffic_26": null, "VCR_26": "0", "AADT_26": "98", "Tipe_Jb_26": null, "Lat_26": -3.587512, "Long_26": 140.694336, "Tgl_Ins_26": "27/06/2026", "Ket_26": null }, "geometry": { "type": "Point", "coordinates": [ 140.694336000006501, -3.587511999579078 ] } },
{ "type": "Feature", "properties": { "KDRUAS_UPD": "6200111", "NOJBT_UPD": "62.001.013.0.11", "NM_RUAS_UP": "JLN. RAYA ABEPURA (ABEPURA)", "NM_JBT_UPD": "KELAPA I ENTROP", "PROVINSI": "PAPUA PEGUNUNGAN (JAYAPURA)", "No_Prov_26": "62", "ID_Jbt_26": "6201407", "Kd_Ruas_26": "6200111", "Suffix_26": "11", "Nm_Ruas_26": "JLN. RAYA ABEPURA (ABEPURA)", "Lintas_26": "JALAN LINTAS UTARA", "No_Jbt_26": "62.001.013.0.11", "Nm_Jbt_26": "KELAPA I ENTROP", "Status_26": "N", "Fungsi_26": "A", "Lks_Dr_26": "JPR", "Lks_km_26": 1.461, "F_STA_26": "130", "Cadin_26": "STN", "Pjg_Jbt_26": 7.0, "Btg_Pjg_26": 3.0, "Jml_Btg_26": "2", "Lb_Jl_Ms26": 7.37, "Lb_Jl_Kl26": 7.37, "Lb_Lalin26": 7.56, "Lb_Bh_Ki26": 1.12, "Lb_Bh_Ka26": 0.92, "Lb_Dr_Ki26": 0.0, "Lb_Dr_Ka26": 0.0, "Lb_Tr_Ki26": 0.9, "Lb_Tr_Ka26": 0.9, "Lb_TS_Ki26": 0.3, "Lb_TS_Ka26": 0.34, "Lb_Med_26": 0.0, "Lbr_Jbt_26": 12.04, "Bgn_Ats_26": "BTP", "Jns_Jbt_26": "STANDAR", "Thn_Bgn_26": "2000", "BA_26": "0", "LNT_26": "0", "BB_26": "0", "DAS_26": "2", "OP_26": "0", "UT_26": "0", "GR_26": "1", "LB_26": "0", "JBT_26": "2", "Tp_Lnts_26": "SUNGAI", "Dt_Lnts_26": "LURUS", "Pnangnn_26": "RUTIN", "Pmriksn_26": "TIDAK DISURVEI TA. 2026", "Pnglola_26": "BBPJN PAPUA-PAPUA PEGUNUNGAN", "Satkr_ID26": "693940", "PPK_Name26": "1.1", "Traffic_26": null, "VCR_26": "0", "AADT_26": "26927", "Tipe_Jb_26": null, "Lat_26": -2.567077, "Long_26": 140.697433, "Tgl_Ins_26": "05/06/2025", "Ket_26": null }, "geometry": { "type": "Point", "coordinates": [ 140.697432999833154, -2.567076999903577 ] } },
{ "type": "Feature", "properties": { "KDRUAS_UPD": "62033", "NOJBT_UPD": "62.033.001.0", "NM_RUAS_UP": "SENTANI  -  BONGKRANG - WARUMBAIM", "NM_JBT_UPD": "KEMIRI", "PROVINSI": "PAPUA PEGUNUNGAN (JAYAPURA)", "No_Prov_26": "62", "ID_Jbt_26": "6200458", "Kd_Ruas_26": "62033", "Suffix_26": null, "Nm_Ruas_26": "SENTANI  -  BONGKRANG - WARUMBAIM", "Lintas_26": "JALAN LINTAS UTARA", "No_Jbt_26": "62.033.001.0", "Nm_Jbt_26": "KEMIRI", "Status_26": "N", "Fungsi_26": "A", "Lks_Dr_26": "JPR", "Lks_km_26": 0.0, "F_STA_26": "80", "Cadin_26": "WRM", "Pjg_Jbt_26": 20.0, "Btg_Pjg_26": 19.2, "Jml_Btg_26": "1", "Lb_Jl_Ms26": 12.17, "Lb_Jl_Kl26": 12.17, "Lb_Lalin26": 15.25, "Lb_Bh_Ki26": 0.0, "Lb_Bh_Ka26": 0.0, "Lb_Dr_Ki26": 0.0, "Lb_Dr_Ka26": 0.0, "Lb_Tr_Ki26": 0.92, "Lb_Tr_Ka26": 0.86, "Lb_TS_Ki26": 0.0, "Lb_TS_Ka26": 0.0, "Lb_Med_26": 0.96, "Lbr_Jbt_26": 17.99, "Bgn_Ats_26": "GTP", "Jns_Jbt_26": "STANDAR", "Thn_Bgn_26": "2005", "BA_26": "2", "LNT_26": "2", "BB_26": "2", "DAS_26": "1", "OP_26": "1", "UT_26": "0", "GR_26": "0", "LB_26": "0", "JBT_26": "2", "Tp_Lnts_26": "SUNGAI", "Dt_Lnts_26": "LURUS", "Pnangnn_26": "RUTIN", "Pmriksn_26": "TIDAK DISURVEI TA. 2026", "Pnglola_26": "BBPJN PAPUA-PAPUA PEGUNUNGAN", "Satkr_ID26": "693940", "PPK_Name26": "1.2", "Traffic_26": null, "VCR_26": "0", "AADT_26": "9255", "Tipe_Jb_26": null, "Lat_26": -2.557578, "Long_26": 140.487473, "Tgl_Ins_26": "22/05/2025", "Ket_26": null }, "geometry": { "type": "Point", "coordinates": [ 140.487472999579381, -2.557577999824787 ] } },
{ "type": "Feature", "properties": { "KDRUAS_UPD": "62005", "NOJBT_UPD": "62.005.048.0", "NM_RUAS_UP": "YETTI - SENGGI - MAMBERAMO I (STA 0+000 - 107+300)", "NM_JBT_UPD": "KEROM VI", "PROVINSI": "PAPUA PEGUNUNGAN (JAYAPURA)", "No_Prov_26": "62", "ID_Jbt_26": "6200094", "Kd_Ruas_26": "62005", "Suffix_26": "0", "Nm_Ruas_26": "YETTI - SENGGI - MAMBERAMO I (STA 0+000 - 107+300)", "Lintas_26": "JALAN LINTAS TENGAH", "No_Jbt_26": "62.005.048.0", "Nm_Jbt_26": "KEROM VI", "Status_26": "N", "Fungsi_26": "A", "Lks_Dr_26": "JPR", "Lks_km_26": 47.57, "F_STA_26": "4660", "Cadin_26": "MBR", "Pjg_Jbt_26": 14.5, "Btg_Pjg_26": 11.85, "Jml_Btg_26": "1", "Lb_Jl_Ms26": 4.5, "Lb_Jl_Kl26": 4.5, "Lb_Lalin26": 3.8, "Lb_Bh_Ki26": 0.0, "Lb_Bh_Ka26": 0.0, "Lb_Dr_Ki26": 0.0, "Lb_Dr_Ka26": 0.0, "Lb_Tr_Ki26": 0.0, "Lb_Tr_Ka26": 0.0, "Lb_TS_Ki26": 0.0, "Lb_TS_Ka26": 0.0, "Lb_Med_26": 0.0, "Lbr_Jbt_26": 3.8, "Bgn_Ats_26": "GKW", "Jns_Jbt_26": "STANDAR", "Thn_Bgn_26": "2004", "BA_26": "4", "LNT_26": "1", "BB_26": "0", "DAS_26": "0", "OP_26": "0", "UT_26": "0", "GR_26": "0", "LB_26": "0", "JBT_26": "4", "Tp_Lnts_26": "SUNGAI", "Dt_Lnts_26": "LURUS", "Pnangnn_26": "REHABILITASI", "Pmriksn_26": "DETAIL", "Pnglola_26": "BBPJN PAPUA-PAPUA PEGUNUNGAN", "Satkr_ID26": "693965", "PPK_Name26": "2.3", "Traffic_26": null, "VCR_26": "0", "AADT_26": "98", "Tipe_Jb_26": null, "Lat_26": -3.556341, "Long_26": 140.708878, "Tgl_Ins_26": "26/05/2026", "Ket_26": null }, "geometry": { "type": "Point", "coordinates": [ 140.709929999669839, -3.560136999822646 ] } },
{ "type": "Feature", "properties": { "KDRUAS_UPD": "62036", "NOJBT_UPD": "62.036.016.0", "NM_RUAS_UP": "BONGGO - BETAF - SARMI", "NM_JBT_UPD": "KM 211", "PROVINSI": "PAPUA PEGUNUNGAN (JAYAPURA)", "No_Prov_26": "62", "ID_Jbt_26": "6200560", "Kd_Ruas_26": "62036", "Suffix_26": null, "Nm_Ruas_26": "BONGGO - BETAF - SARMI", "Lintas_26": "JALAN LINTAS UTARA", "No_Jbt_26": "62.036.016.0", "Nm_Jbt_26": "KM 211", "Status_26": "N", "Fungsi_26": "K", "Lks_Dr_26": "JPR", "Lks_km_26": 18.5, "F_STA_26": "2050", "Cadin_26": "SRM", "Pjg_Jbt_26": 17.6, "Btg_Pjg_26": 17.0, "Jml_Btg_26": "1", "Lb_Jl_Ms26": 4.95, "Lb_Jl_Kl26": 4.95, "Lb_Lalin26": 3.8, "Lb_Bh_Ki26": 0.0, "Lb_Bh_Ka26": 0.0, "Lb_Dr_Ki26": 0.0, "Lb_Dr_Ka26": 0.0, "Lb_Tr_Ki26": 0.0, "Lb_Tr_Ka26": 0.0, "Lb_TS_Ki26": 0.0, "Lb_TS_Ka26": 0.0, "Lb_Med_26": 0.0, "Lbr_Jbt_26": 3.8, "Bgn_Ats_26": "GKW", "Jns_Jbt_26": "STANDAR", "Thn_Bgn_26": "2005", "BA_26": "4", "LNT_26": "0", "BB_26": "3", "DAS_26": "1", "OP_26": "0", "UT_26": "0", "GR_26": "0", "LB_26": "0", "JBT_26": "4", "Tp_Lnts_26": "SUNGAI", "Dt_Lnts_26": "LURUS", "Pnangnn_26": "RUTIN", "Pmriksn_26": "DETAIL", "Pnglola_26": "BBPJN PAPUA-PAPUA PEGUNUNGAN", "Satkr_ID26": "693940", "PPK_Name26": "1.3", "Traffic_26": null, "VCR_26": "0", "AADT_26": "791", "Tipe_Jb_26": null, "Lat_26": -2.203938, "Long_26": 139.434067, "Tgl_Ins_26": "31/05/2026", "Ket_26": null }, "geometry": { "type": "Point", "coordinates": [ 139.434067000191931, -2.203937999938717 ] } },
{ "type": "Feature", "properties": { "KDRUAS_UPD": "62036", "NOJBT_UPD": "62.036.075.0", "NM_RUAS_UP": "BONGGO - BETAF - SARMI", "NM_JBT_UPD": "KORAMIL", "PROVINSI": "PAPUA PEGUNUNGAN (JAYAPURA)", "No_Prov_26": "62", "ID_Jbt_26": "6201080", "Kd_Ruas_26": "62036", "Suffix_26": null, "Nm_Ruas_26": "BONGGO - BETAF - SARMI", "Lintas_26": "JALAN LINTAS UTARA", "No_Jbt_26": "62.036.075.0", "Nm_Jbt_26": "KORAMIL", "Status_26": "N", "Fungsi_26": "K", "Lks_Dr_26": "JPR", "Lks_km_26": 102.555, "F_STA_26": "60", "Cadin_26": "SRM", "Pjg_Jbt_26": 30.3, "Btg_Pjg_26": 30.0, "Jml_Btg_26": "1", "Lb_Jl_Ms26": 4.4, "Lb_Jl_Kl26": 4.4, "Lb_Lalin26": 6.83, "Lb_Bh_Ki26": 0.0, "Lb_Bh_Ka26": 0.0, "Lb_Dr_Ki26": 0.0, "Lb_Dr_Ka26": 0.0, "Lb_Tr_Ki26": 0.89, "Lb_Tr_Ka26": 0.97, "Lb_TS_Ki26": 0.0, "Lb_TS_Ka26": 0.0, "Lb_Med_26": 0.0, "Lbr_Jbt_26": 8.69, "Bgn_Ats_26": "GBP", "Jns_Jbt_26": "STANDAR", "Thn_Bgn_26": "2022", "BA_26": "2", "LNT_26": "2", "BB_26": "2", "DAS_26": "1", "OP_26": "1", "UT_26": "0", "GR_26": "0", "LB_26": "0", "JBT_26": "2", "Tp_Lnts_26": "SUNGAI", "Dt_Lnts_26": "LURUS", "Pnangnn_26": "RUTIN", "Pmriksn_26": "TIDAK DISURVEI TA. 2026", "Pnglola_26": "BBPJN PAPUA-PAPUA PEGUNUNGAN", "Satkr_ID26": "693940", "PPK_Name26": "1.3", "Traffic_26": null, "VCR_26": "0", "AADT_26": "791", "Tipe_Jb_26": null, "Lat_26": -2.289157, "Long_26": 139.5601, "Tgl_Ins_26": "06/06/2025", "Ket_26": null }, "geometry": { "type": "Point", "coordinates": [ 139.56008900030713, -2.289156999795637 ] } },
{ "type": "Feature", "properties": { "KDRUAS_UPD": "62061", "NOJBT_UPD": "62.061.001.0", "NM_RUAS_UP": "BIAK - JUNCTION - KOREM", "NM_JBT_UPD": "KOREM", "PROVINSI": "PAPUA PEGUNUNGAN (JAYAPURA)", "No_Prov_26": "62", "ID_Jbt_26": "6200739", "Kd_Ruas_26": "62061", "Suffix_26": null, "Nm_Ruas_26": "BIAK - JUNCTION - KOREM", "Lintas_26": "BIAK - JUNCTION - KOREM", "No_Jbt_26": "62.061.001.0", "Nm_Jbt_26": "KOREM", "Status_26": "N", "Fungsi_26": "K", "Lks_Dr_26": "BIA", "Lks_km_26": 34.93, "F_STA_26": "2950", "Cadin_26": "BIA", "Pjg_Jbt_26": 92.0, "Btg_Pjg_26": 60.0, "Jml_Btg_26": "2", "Lb_Jl_Ms26": 5.5, "Lb_Jl_Kl26": 5.5, "Lb_Lalin26": 7.88, "Lb_Bh_Ki26": 0.0, "Lb_Bh_Ka26": 0.0, "Lb_Dr_Ki26": 0.06, "Lb_Dr_Ka26": 0.06, "Lb_Tr_Ki26": 0.45, "Lb_Tr_Ka26": 0.45, "Lb_TS_Ki26": 0.0, "Lb_TS_Ka26": 0.0, "Lb_Med_26": 0.0, "Lbr_Jbt_26": 8.9, "Bgn_Ats_26": "RBA", "Jns_Jbt_26": "STANDAR", "Thn_Bgn_26": "2000", "BA_26": "2", "LNT_26": "2", "BB_26": "2", "DAS_26": "1", "OP_26": "2", "UT_26": "0", "GR_26": "0", "LB_26": "0", "JBT_26": "2", "Tp_Lnts_26": "SUNGAI", "Dt_Lnts_26": "LURUS", "Pnangnn_26": "RUTIN", "Pmriksn_26": "TIDAK DISURVEI TA. 2026", "Pnglola_26": "BBPJN PAPUA-PAPUA PEGUNUNGAN", "Satkr_ID26": "693941", "PPK_Name26": "3.1", "Traffic_26": null, "VCR_26": "0", "AADT_26": "278", "Tipe_Jb_26": null, "Lat_26": -0.896407, "Long_26": 136.02597, "Tgl_Ins_26": "09/05/2024", "Ket_26": null }, "geometry": { "type": "Point", "coordinates": [ 136.025969999615882, -0.896406999683222 ] } },
{ "type": "Feature", "properties": { "KDRUAS_UPD": "6200111", "NOJBT_UPD": "62.001.020.0.11", "NM_RUAS_UP": "JLN. RAYA ABEPURA (ABEPURA)", "NM_JBT_UPD": "KOTA RAJA", "PROVINSI": "PAPUA PEGUNUNGAN (JAYAPURA)", "No_Prov_26": "62", "ID_Jbt_26": "6201414", "Kd_Ruas_26": "6200111", "Suffix_26": "11", "Nm_Ruas_26": "JLN. RAYA ABEPURA (ABEPURA)", "Lintas_26": "JALAN LINTAS UTARA", "No_Jbt_26": "62.001.020.0.11", "Nm_Jbt_26": "KOTA RAJA", "Status_26": "N", "Fungsi_26": "A", "Lks_Dr_26": "JPR", "Lks_km_26": 7.648, "F_STA_26": "710", "Cadin_26": "STN", "Pjg_Jbt_26": 24.85, "Btg_Pjg_26": 10.0, "Jml_Btg_26": "3", "Lb_Jl_Ms26": 12.05, "Lb_Jl_Kl26": 12.05, "Lb_Lalin26": 9.36, "Lb_Bh_Ki26": 0.56, "Lb_Bh_Ka26": 0.69, "Lb_Dr_Ki26": 0.0, "Lb_Dr_Ka26": 0.0, "Lb_Tr_Ki26": 1.14, "Lb_Tr_Ka26": 1.2, "Lb_TS_Ki26": 0.0, "Lb_TS_Ka26": 0.22, "Lb_Med_26": 0.4, "Lbr_Jbt_26": 13.57, "Bgn_Ats_26": "GTP", "Jns_Jbt_26": "STANDAR", "Thn_Bgn_26": "1965", "BA_26": "2", "LNT_26": "2", "BB_26": "1", "DAS_26": "2", "OP_26": "0", "UT_26": "0", "GR_26": "0", "LB_26": "0", "JBT_26": "2", "Tp_Lnts_26": "SUNGAI", "Dt_Lnts_26": "LURUS", "Pnangnn_26": "RUTIN", "Pmriksn_26": "TIDAK DISURVEI TA. 2026", "Pnglola_26": "BBPJN PAPUA-PAPUA PEGUNUNGAN", "Satkr_ID26": "693940", "PPK_Name26": "1.1", "Traffic_26": null, "VCR_26": "0", "AADT_26": "26927", "Tipe_Jb_26": null, "Lat_26": -2.599127, "Long_26": 140.677917, "Tgl_Ins_26": "05/06/2025", "Ket_26": null }, "geometry": { "type": "Point", "coordinates": [ 140.677917000069556, -2.599127000310773 ] } },
{ "type": "Feature", "properties": { "KDRUAS_UPD": "62057", "NOJBT_UPD": "62.057.070.0", "NM_RUAS_UP": "MENAWI - SAUBEBA - YOBI", "NM_JBT_UPD": "KUKMAE", "PROVINSI": "PAPUA PEGUNUNGAN (JAYAPURA)", "No_Prov_26": "62", "ID_Jbt_26": "6201551", "Kd_Ruas_26": "62057", "Suffix_26": null, "Nm_Ruas_26": "MENAWI - SAUBEBA - YOBI", "Lintas_26": "NON LINTAS", "No_Jbt_26": "62.057.070.0", "Nm_Jbt_26": "KUKMAE", "Status_26": "N", "Fungsi_26": "K", "Lks_Dr_26": "SER", "Lks_km_26": 41.901, "F_STA_26": "4120", "Cadin_26": "MEN", "Pjg_Jbt_26": 25.0, "Btg_Pjg_26": 25.0, "Jml_Btg_26": "1", "Lb_Jl_Ms26": 4.0, "Lb_Jl_Kl26": 4.0, "Lb_Lalin26": 4.24, "Lb_Bh_Ki26": 0.0, "Lb_Bh_Ka26": 0.0, "Lb_Dr_Ki26": 0.0, "Lb_Dr_Ka26": 0.0, "Lb_Tr_Ki26": 0.0, "Lb_Tr_Ka26": 0.0, "Lb_TS_Ki26": 0.0, "Lb_TS_Ka26": 0.0, "Lb_Med_26": 0.0, "Lbr_Jbt_26": 4.24, "Bgn_Ats_26": "RBW", "Jns_Jbt_26": "STANDAR", "Thn_Bgn_26": "2005", "BA_26": "3", "LNT_26": "3", "BB_26": "0", "DAS_26": "0", "OP_26": "0", "UT_26": "0", "GR_26": "0", "LB_26": "0", "JBT_26": "3", "Tp_Lnts_26": "SUNGAI", "Dt_Lnts_26": "LURUS", "Pnangnn_26": "BERKALA", "Pmriksn_26": "DETAIL", "Pnglola_26": "BBPJN PAPUA-PAPUA PEGUNUNGAN", "Satkr_ID26": "693941", "PPK_Name26": "3.2", "Traffic_26": null, "VCR_26": "0", "AADT_26": "11", "Tipe_Jb_26": null, "Lat_26": -1.714874, "Long_26": 136.432877, "Tgl_Ins_26": "21/06/2026", "Ket_26": null }, "geometry": { "type": "Point", "coordinates": [ 136.432876999873656, -1.714873999835163 ] } },
{ "type": "Feature", "properties": { "KDRUAS_UPD": "62005", "NOJBT_UPD": "62.005.146.0", "NM_RUAS_UP": "YETTI - SENGGI - MAMBERAMO II (STA 107+300 - 153+970/AKHIR", "NM_JBT_UPD": "LATAPE", "PROVINSI": "PAPUA PEGUNUNGAN (JAYAPURA)", "No_Prov_26": "62", "ID_Jbt_26": "6200903", "Kd_Ruas_26": "62005", "Suffix_26": "0", "Nm_Ruas_26": "YETTI - SENGGI - MAMBERAMO II (STA 107+300 - 153+970/AKHIR", "Lintas_26": "YETTI - SENGGI - MAMBERAMO", "No_Jbt_26": "62.005.146.0", "Nm_Jbt_26": "LATAPE", "Status_26": "N", "Fungsi_26": "A", "Lks_Dr_26": "JPR", "Lks_km_26": 134.3, "F_STA_26": "13050", "Cadin_26": "MBR", "Pjg_Jbt_26": 61.5, "Btg_Pjg_26": 60.0, "Jml_Btg_26": "1", "Lb_Jl_Ms26": 6.0, "Lb_Jl_Kl26": 6.0, "Lb_Lalin26": 5.63, "Lb_Bh_Ki26": 0.27, "Lb_Bh_Ka26": 0.0, "Lb_Dr_Ki26": 0.0, "Lb_Dr_Ka26": 0.0, "Lb_Tr_Ki26": 0.53, "Lb_Tr_Ka26": 0.5, "Lb_TS_Ki26": 0.0, "Lb_TS_Ka26": 0.0, "Lb_Med_26": 0.0, "Lbr_Jbt_26": 6.93, "Bgn_Ats_26": "RBA", "Jns_Jbt_26": "STANDAR", "Thn_Bgn_26": "2014", "BA_26": "2", "LNT_26": "2", "BB_26": "2", "DAS_26": "2", "OP_26": "0", "UT_26": "0", "GR_26": "0", "LB_26": "0", "JBT_26": "2", "Tp_Lnts_26": "SUNGAI", "Dt_Lnts_26": "LURUS", "Pnangnn_26": "RUTIN", "Pmriksn_26": "DETAIL", "Pnglola_26": "BBPJN PAPUA-PAPUA PEGUNUNGAN", "Satkr_ID26": "693965", "PPK_Name26": "2.4", "Traffic_26": null, "VCR_26": "0", "AADT_26": "98", "Tipe_Jb_26": null, "Lat_26": -3.660299, "Long_26": 140.27533, "Tgl_Ins_26": "30/05/2026", "Ket_26": null }, "geometry": { "type": "Point", "coordinates": [ 140.275330000279382, -3.660298999898885 ] } },
{ "type": "Feature", "properties": { "KDRUAS_UPD": "62005", "NOJBT_UPD": "62.005.147.0", "NM_RUAS_UP": "YETTI - SENGGI - MAMBERAMO II (STA 107+300 - 153+970/AKHIR", "NM_JBT_UPD": "LATAPE CS 1", "PROVINSI": "PAPUA PEGUNUNGAN (JAYAPURA)", "No_Prov_26": "62", "ID_Jbt_26": "6200904", "Kd_Ruas_26": "62005", "Suffix_26": "0", "Nm_Ruas_26": "YETTI - SENGGI - MAMBERAMO II (STA 107+300 - 153+970/AKHIR", "Lintas_26": "YETTI - SENGGI - MAMBERAMO", "No_Jbt_26": "62.005.147.0", "Nm_Jbt_26": "LATAPE CS 1", "Status_26": "N", "Fungsi_26": "A", "Lks_Dr_26": "JPR", "Lks_km_26": 134.49, "F_STA_26": "13070", "Cadin_26": "MBR", "Pjg_Jbt_26": 20.0, "Btg_Pjg_26": 19.7, "Jml_Btg_26": "1", "Lb_Jl_Ms26": 6.0, "Lb_Jl_Kl26": 6.0, "Lb_Lalin26": 6.4, "Lb_Bh_Ki26": 0.25, "Lb_Bh_Ka26": 0.21, "Lb_Dr_Ki26": 0.1, "Lb_Dr_Ka26": 0.1, "Lb_Tr_Ki26": 0.85, "Lb_Tr_Ka26": 0.93, "Lb_TS_Ki26": 0.34, "Lb_TS_Ka26": 0.36, "Lb_Med_26": 0.0, "Lbr_Jbt_26": 9.54, "Bgn_Ats_26": "GBP", "Jns_Jbt_26": "STANDAR", "Thn_Bgn_26": "2023", "BA_26": "2", "LNT_26": "2", "BB_26": "1", "DAS_26": "1", "OP_26": "0", "UT_26": "0", "GR_26": "0", "LB_26": "0", "JBT_26": "2", "Tp_Lnts_26": "SUNGAI", "Dt_Lnts_26": "LURUS", "Pnangnn_26": "RUTIN", "Pmriksn_26": "DETAIL", "Pnglola_26": "BBPJN PAPUA-PAPUA PEGUNUNGAN", "Satkr_ID26": "693965", "PPK_Name26": "2.4", "Traffic_26": null, "VCR_26": "0", "AADT_26": "98", "Tipe_Jb_26": null, "Lat_26": -3.660297, "Long_26": 140.273651, "Tgl_Ins_26": "30/05/2026", "Ket_26": null }, "geometry": { "type": "Point", "coordinates": [ 140.273651000193581, -3.660296999806633 ] } },
{ "type": "Feature", "properties": { "KDRUAS_UPD": "62061", "NOJBT_UPD": "62.061.003.0", "NM_RUAS_UP": "BIAK - JUNCTION - KOREM", "NM_JBT_UPD": "MARA", "PROVINSI": "PAPUA PEGUNUNGAN (JAYAPURA)", "No_Prov_26": "62", "ID_Jbt_26": "6200741", "Kd_Ruas_26": "62061", "Suffix_26": null, "Nm_Ruas_26": "BIAK - JUNCTION - KOREM", "Lintas_26": "BIAK - JUNCTION - KOREM", "No_Jbt_26": "62.061.003.0", "Nm_Jbt_26": "MARA", "Status_26": "N", "Fungsi_26": "K", "Lks_Dr_26": "BIA", "Lks_km_26": 46.94, "F_STA_26": "4060", "Cadin_26": "BIA", "Pjg_Jbt_26": 22.2, "Btg_Pjg_26": 22.3, "Jml_Btg_26": "2", "Lb_Jl_Ms26": 5.5, "Lb_Jl_Kl26": 5.5, "Lb_Lalin26": 5.74, "Lb_Bh_Ki26": 0.0, "Lb_Bh_Ka26": 0.0, "Lb_Dr_Ki26": 0.08, "Lb_Dr_Ka26": 0.08, "Lb_Tr_Ki26": 0.59, "Lb_Tr_Ka26": 0.62, "Lb_TS_Ki26": 0.0, "Lb_TS_Ka26": 0.0, "Lb_Med_26": 0.0, "Lbr_Jbt_26": 7.11, "Bgn_Ats_26": "GTP", "Jns_Jbt_26": "STANDAR", "Thn_Bgn_26": "2000", "BA_26": "2", "LNT_26": "2", "BB_26": "2", "DAS_26": "2", "OP_26": "0", "UT_26": "0", "GR_26": "0", "LB_26": "0", "JBT_26": "2", "Tp_Lnts_26": "SUNGAI", "Dt_Lnts_26": "LURUS", "Pnangnn_26": "RUTIN", "Pmriksn_26": "TIDAK DISURVEI TA. 2026", "Pnglola_26": "BBPJN PAPUA-PAPUA PEGUNUNGAN", "Satkr_ID26": "693941", "PPK_Name26": "3.1", "Traffic_26": null, "VCR_26": "0", "AADT_26": "278", "Tipe_Jb_26": null, "Lat_26": -0.827923, "Long_26": 136.004486, "Tgl_Ins_26": "26/05/2025", "Ket_26": null }, "geometry": { "type": "Point", "coordinates": [ 136.004485999928988, -0.827922999946452 ] } },
{ "type": "Feature", "properties": { "KDRUAS_UPD": "62061", "NOJBT_UPD": "62.061.004.0", "NM_RUAS_UP": "BIAK - JUNCTION - KOREM", "NM_JBT_UPD": "MARA I", "PROVINSI": "PAPUA PEGUNUNGAN (JAYAPURA)", "No_Prov_26": "62", "ID_Jbt_26": "6200742", "Kd_Ruas_26": "62061", "Suffix_26": null, "Nm_Ruas_26": "BIAK - JUNCTION - KOREM", "Lintas_26": "BIAK - JUNCTION - KOREM", "No_Jbt_26": "62.061.004.0", "Nm_Jbt_26": "MARA I", "Status_26": "N", "Fungsi_26": "K", "Lks_Dr_26": "BIA", "Lks_km_26": 49.763, "F_STA_26": "4210", "Cadin_26": "BIA", "Pjg_Jbt_26": 11.5, "Btg_Pjg_26": 3.0, "Jml_Btg_26": "3", "Lb_Jl_Ms26": 5.5, "Lb_Jl_Kl26": 5.5, "Lb_Lalin26": 4.8, "Lb_Bh_Ki26": 0.63, "Lb_Bh_Ka26": 0.9, "Lb_Dr_Ki26": 0.0, "Lb_Dr_Ka26": 0.0, "Lb_Tr_Ki26": 0.0, "Lb_Tr_Ka26": 0.0, "Lb_TS_Ki26": 0.22, "Lb_TS_Ka26": 0.25, "Lb_Med_26": 0.0, "Lbr_Jbt_26": 6.8, "Bgn_Ats_26": "BTP", "Jns_Jbt_26": "STANDAR", "Thn_Bgn_26": "2010", "BA_26": "0", "LNT_26": "0", "BB_26": "0", "DAS_26": "1", "OP_26": "2", "UT_26": "0", "GR_26": "2", "LB_26": "0", "JBT_26": "2", "Tp_Lnts_26": "SUNGAI", "Dt_Lnts_26": "LURUS", "Pnangnn_26": "RUTIN", "Pmriksn_26": "DETAIL", "Pnglola_26": "BBPJN PAPUA-PAPUA PEGUNUNGAN", "Satkr_ID26": "693941", "PPK_Name26": "3.1", "Traffic_26": null, "VCR_26": "0", "AADT_26": "278", "Tipe_Jb_26": null, "Lat_26": -0.821505, "Long_26": 135.992966, "Tgl_Ins_26": "29/05/2026", "Ket_26": null }, "geometry": { "type": "Point", "coordinates": [ 135.992966000180786, -0.82150499985579 ] } },
{ "type": "Feature", "properties": { "KDRUAS_UPD": "62035", "NOJBT_UPD": "62.035.069.0", "NM_RUAS_UP": "NIMBOTONG - BONGGO", "NM_JBT_UPD": "MAREY", "PROVINSI": "PAPUA PEGUNUNGAN (JAYAPURA)", "No_Prov_26": "62", "ID_Jbt_26": "6200536", "Kd_Ruas_26": "62035", "Suffix_26": null, "Nm_Ruas_26": "NIMBOTONG - BONGGO", "Lintas_26": "JALAN LINTAS UTARA", "No_Jbt_26": "62.035.069.0", "Nm_Jbt_26": "MAREY", "Status_26": "N", "Fungsi_26": "K", "Lks_Dr_26": "JPR", "Lks_km_26": 72.99, "F_STA_26": "6340", "Cadin_26": "BGO", "Pjg_Jbt_26": 30.7, "Btg_Pjg_26": 30.0, "Jml_Btg_26": "1", "Lb_Jl_Ms26": 6.0, "Lb_Jl_Kl26": 6.0, "Lb_Lalin26": 4.66, "Lb_Bh_Ki26": 0.26, "Lb_Bh_Ka26": 0.26, "Lb_Dr_Ki26": 0.1, "Lb_Dr_Ka26": 0.1, "Lb_Tr_Ki26": 0.69, "Lb_Tr_Ka26": 0.69, "Lb_TS_Ki26": 0.38, "Lb_TS_Ka26": 0.37, "Lb_Med_26": 0.0, "Lbr_Jbt_26": 7.51, "Bgn_Ats_26": "GBP", "Jns_Jbt_26": "STANDAR", "Thn_Bgn_26": "2010", "BA_26": "2", "LNT_26": "2", "BB_26": "2", "DAS_26": "0", "OP_26": "2", "UT_26": "0", "GR_26": "0", "LB_26": "0", "JBT_26": "2", "Tp_Lnts_26": "SUNGAI", "Dt_Lnts_26": "LURUS", "Pnangnn_26": "RUTIN", "Pmriksn_26": "DETAIL", "Pnglola_26": "BBPJN PAPUA-PAPUA PEGUNUNGAN", "Satkr_ID26": "693940", "PPK_Name26": "1.2", "Traffic_26": null, "VCR_26": "0", "AADT_26": "205", "Tipe_Jb_26": null, "Lat_26": -2.384991, "Long_26": 139.722076, "Tgl_Ins_26": "17/05/2026", "Ket_26": null }, "geometry": { "type": "Point", "coordinates": [ 139.722075999707727, -2.384990999934644 ] } },
{ "type": "Feature", "properties": { "KDRUAS_UPD": "62035", "NOJBT_UPD": "62.035.045.0", "NM_RUAS_UP": "NIMBOTONG - BONGGO", "NM_JBT_UPD": "MARTERE", "PROVINSI": "PAPUA PEGUNUNGAN (JAYAPURA)", "No_Prov_26": "62", "ID_Jbt_26": "6200512", "Kd_Ruas_26": "62035", "Suffix_26": null, "Nm_Ruas_26": "NIMBOTONG - BONGGO", "Lintas_26": "JALAN LINTAS UTARA", "No_Jbt_26": "62.035.045.0", "Nm_Jbt_26": "MARTERE", "Status_26": "N", "Fungsi_26": "K", "Lks_Dr_26": "JPR", "Lks_km_26": 51.404, "F_STA_26": "4520", "Cadin_26": "BGO", "Pjg_Jbt_26": 50.5, "Btg_Pjg_26": 50.0, "Jml_Btg_26": "1", "Lb_Jl_Ms26": 6.5, "Lb_Jl_Kl26": 6.5, "Lb_Lalin26": 6.0, "Lb_Bh_Ki26": 0.0, "Lb_Bh_Ka26": 0.0, "Lb_Dr_Ki26": 0.0, "Lb_Dr_Ka26": 0.0, "Lb_Tr_Ki26": 0.5, "Lb_Tr_Ka26": 0.5, "Lb_TS_Ki26": 0.0, "Lb_TS_Ka26": 0.0, "Lb_Med_26": 0.0, "Lbr_Jbt_26": 7.0, "Bgn_Ats_26": "RBR", "Jns_Jbt_26": "STANDAR", "Thn_Bgn_26": "2010", "BA_26": "2", "LNT_26": "1", "BB_26": "1", "DAS_26": "0", "OP_26": "1", "UT_26": "0", "GR_26": "0", "LB_26": "0", "JBT_26": "2", "Tp_Lnts_26": "SUNGAI", "Dt_Lnts_26": "LURUS", "Pnangnn_26": "RUTIN", "Pmriksn_26": "TIDAK DISURVEI TA. 2026", "Pnglola_26": "BBPJN PAPUA-PAPUA PEGUNUNGAN", "Satkr_ID26": "693940", "PPK_Name26": "1.2", "Traffic_26": null, "VCR_26": "0", "AADT_26": "205", "Tipe_Jb_26": null, "Lat_26": -2.478709, "Long_26": 139.822601, "Tgl_Ins_26": "09/06/2025", "Ket_26": null }, "geometry": { "type": "Point", "coordinates": [ 139.822601000335908, -2.478708999620608 ] } },
{ "type": "Feature", "properties": { "KDRUAS_UPD": "62005", "NOJBT_UPD": "62.005.156.0", "NM_RUAS_UP": "YETTI - SENGGI - MAMBERAMO II (STA 107+300 - 153+970/AKHIR", "NM_JBT_UPD": "LATAPE CS 10", "PROVINSI": "PAPUA PEGUNUNGAN (JAYAPURA)", "No_Prov_26": "62", "ID_Jbt_26": "6201817", "Kd_Ruas_26": "62005", "Suffix_26": "0", "Nm_Ruas_26": "YETTI - SENGGI - MAMBERAMO II (STA 107+300 - 153+970/AKHIR", "Lintas_26": "YETTI - SENGGI - MAMBERAMO", "No_Jbt_26": "62.005.156.0", "Nm_Jbt_26": "LATAPE CS 10", "Status_26": "N", "Fungsi_26": "A", "Lks_Dr_26": "JPR", "Lks_km_26": 139.5, "F_STA_26": "13570", "Cadin_26": "MBR", "Pjg_Jbt_26": 25.2, "Btg_Pjg_26": 24.6, "Jml_Btg_26": "1", "Lb_Jl_Ms26": 6.0, "Lb_Jl_Kl26": 6.0, "Lb_Lalin26": 8.28, "Lb_Bh_Ki26": 0.0, "Lb_Bh_Ka26": 0.0, "Lb_Dr_Ki26": 0.0, "Lb_Dr_Ka26": 0.0, "Lb_Tr_Ki26": 0.0, "Lb_Tr_Ka26": 0.0, "Lb_TS_Ki26": 0.0, "Lb_TS_Ka26": 0.0, "Lb_Med_26": 0.0, "Lbr_Jbt_26": 8.28, "Bgn_Ats_26": "GBP", "Jns_Jbt_26": "STANDAR", "Thn_Bgn_26": "2023", "BA_26": "1", "LNT_26": "1", "BB_26": "1", "DAS_26": "1", "OP_26": "0", "UT_26": "0", "GR_26": "0", "LB_26": "0", "JBT_26": "1", "Tp_Lnts_26": "SUNGAI", "Dt_Lnts_26": "LURUS", "Pnangnn_26": "RUTIN", "Pmriksn_26": "TIDAK DISURVEI TA. 2026", "Pnglola_26": "BBPJN PAPUA-PAPUA PEGUNUNGAN", "Satkr_ID26": "693965", "PPK_Name26": "2.4", "Traffic_26": null, "VCR_26": "0", "AADT_26": "98", "Tipe_Jb_26": null, "Lat_26": -3.651539, "Long_26": 140.238678, "Tgl_Ins_26": "21/03/2024", "Ket_26": null }, "geometry": { "type": "Point", "coordinates": [ 140.238677999889887, -3.651538999725005 ] } },
{ "type": "Feature", "properties": { "KDRUAS_UPD": "62005", "NOJBT_UPD": "62.005.161.0", "NM_RUAS_UP": "YETTI - SENGGI - MAMBERAMO II (STA 107+300 - 153+970/AKHIR", "NM_JBT_UPD": "LATAPE CS 14", "PROVINSI": "PAPUA PEGUNUNGAN (JAYAPURA)", "No_Prov_26": "62", "ID_Jbt_26": "6201822", "Kd_Ruas_26": "62005", "Suffix_26": "0", "Nm_Ruas_26": "YETTI - SENGGI - MAMBERAMO II (STA 107+300 - 153+970/AKHIR", "Lintas_26": "YETTI - SENGGI - MAMBERAMO", "No_Jbt_26": "62.005.161.0", "Nm_Jbt_26": "LATAPE CS 14", "Status_26": "N", "Fungsi_26": "A", "Lks_Dr_26": "JPR", "Lks_km_26": 141.62, "F_STA_26": "13770", "Cadin_26": "MBR", "Pjg_Jbt_26": 25.85, "Btg_Pjg_26": 25.35, "Jml_Btg_26": "1", "Lb_Jl_Ms26": 6.0, "Lb_Jl_Kl26": 6.0, "Lb_Lalin26": 6.34, "Lb_Bh_Ki26": 0.23, "Lb_Bh_Ka26": 0.3, "Lb_Dr_Ki26": 0.09, "Lb_Dr_Ka26": 0.1, "Lb_Tr_Ki26": 0.92, "Lb_Tr_Ka26": 0.88, "Lb_TS_Ki26": 0.25, "Lb_TS_Ka26": 0.27, "Lb_Med_26": 0.0, "Lbr_Jbt_26": 9.38, "Bgn_Ats_26": "GBP", "Jns_Jbt_26": "STANDAR", "Thn_Bgn_26": "2023", "BA_26": "2", "LNT_26": "2", "BB_26": "2", "DAS_26": "2", "OP_26": "2", "UT_26": "0", "GR_26": "0", "LB_26": "0", "JBT_26": "2", "Tp_Lnts_26": "SUNGAI", "Dt_Lnts_26": "LURUS", "Pnangnn_26": "RUTIN", "Pmriksn_26": "DETAIL", "Pnglola_26": "BBPJN PAPUA-PAPUA PEGUNUNGAN", "Satkr_ID26": "693965", "PPK_Name26": "2.4", "Traffic_26": null, "VCR_26": "0", "AADT_26": "98", "Tipe_Jb_26": null, "Lat_26": -3.653857, "Long_26": 140.2211, "Tgl_Ins_26": "30/05/2026", "Ket_26": null }, "geometry": { "type": "Point", "coordinates": [ 140.221099999565354, -3.653856999600805 ] } },
{ "type": "Feature", "properties": { "KDRUAS_UPD": "62005", "NOJBT_UPD": "62.005.149.0", "NM_RUAS_UP": "YETTI - SENGGI - MAMBERAMO II (STA 107+300 - 153+970/AKHIR", "NM_JBT_UPD": "LATAPE CS 3", "PROVINSI": "PAPUA PEGUNUNGAN (JAYAPURA)", "No_Prov_26": "62", "ID_Jbt_26": "6200906", "Kd_Ruas_26": "62005", "Suffix_26": "0", "Nm_Ruas_26": "YETTI - SENGGI - MAMBERAMO II (STA 107+300 - 153+970/AKHIR", "Lintas_26": "YETTI - SENGGI - MAMBERAMO", "No_Jbt_26": "62.005.149.0", "Nm_Jbt_26": "LATAPE CS 3", "Status_26": "N", "Fungsi_26": "A", "Lks_Dr_26": "JPR", "Lks_km_26": 134.84, "F_STA_26": "13110", "Cadin_26": "MBR", "Pjg_Jbt_26": 20.0, "Btg_Pjg_26": 19.65, "Jml_Btg_26": "1", "Lb_Jl_Ms26": 6.0, "Lb_Jl_Kl26": 6.0, "Lb_Lalin26": 6.11, "Lb_Bh_Ki26": 0.24, "Lb_Bh_Ka26": 0.17, "Lb_Dr_Ki26": 0.2, "Lb_Dr_Ka26": 0.2, "Lb_Tr_Ki26": 0.85, "Lb_Tr_Ka26": 0.89, "Lb_TS_Ki26": 0.37, "Lb_TS_Ka26": 0.33, "Lb_Med_26": 0.0, "Lbr_Jbt_26": 9.36, "Bgn_Ats_26": "GBP", "Jns_Jbt_26": "STANDAR", "Thn_Bgn_26": "2023", "BA_26": "2", "LNT_26": "2", "BB_26": "2", "DAS_26": "2", "OP_26": "0", "UT_26": "0", "GR_26": "0", "LB_26": "0", "JBT_26": "2", "Tp_Lnts_26": "SUNGAI", "Dt_Lnts_26": "LURUS", "Pnangnn_26": "RUTIN", "Pmriksn_26": "DETAIL", "Pnglola_26": "BBPJN PAPUA-PAPUA PEGUNUNGAN", "Satkr_ID26": "693965", "PPK_Name26": "2.4", "Traffic_26": null, "VCR_26": "0", "AADT_26": "98", "Tipe_Jb_26": null, "Lat_26": -3.66225, "Long_26": 140.271606, "Tgl_Ins_26": "30/05/2026", "Ket_26": null }, "geometry": { "type": "Point", "coordinates": [ 140.271606000316751, -3.662249999937501 ] } },
{ "type": "Feature", "properties": { "KDRUAS_UPD": "62005", "NOJBT_UPD": "62.005.150.0", "NM_RUAS_UP": "YETTI - SENGGI - MAMBERAMO II (STA 107+300 - 153+970/AKHIR", "NM_JBT_UPD": "LATAPE CS 4", "PROVINSI": "PAPUA PEGUNUNGAN (JAYAPURA)", "No_Prov_26": "62", "ID_Jbt_26": "6200907", "Kd_Ruas_26": "62005", "Suffix_26": "0", "Nm_Ruas_26": "YETTI - SENGGI - MAMBERAMO II (STA 107+300 - 153+970/AKHIR", "Lintas_26": "YETTI - SENGGI - MAMBERAMO", "No_Jbt_26": "62.005.150.0", "Nm_Jbt_26": "LATAPE CS 4", "Status_26": "N", "Fungsi_26": "A", "Lks_Dr_26": "JPR", "Lks_km_26": 137.07, "F_STA_26": "13320", "Cadin_26": "MBR", "Pjg_Jbt_26": 20.0, "Btg_Pjg_26": 19.7, "Jml_Btg_26": "1", "Lb_Jl_Ms26": 6.0, "Lb_Jl_Kl26": 6.0, "Lb_Lalin26": 6.35, "Lb_Bh_Ki26": 0.16, "Lb_Bh_Ka26": 0.24, "Lb_Dr_Ki26": 0.13, "Lb_Dr_Ka26": 0.11, "Lb_Tr_Ki26": 0.89, "Lb_Tr_Ka26": 0.85, "Lb_TS_Ki26": 0.4, "Lb_TS_Ka26": 0.42, "Lb_Med_26": 0.0, "Lbr_Jbt_26": 9.55, "Bgn_Ats_26": "GBP", "Jns_Jbt_26": "STANDAR", "Thn_Bgn_26": "2023", "BA_26": "2", "LNT_26": "1", "BB_26": "1", "DAS_26": "1", "OP_26": "1", "UT_26": "0", "GR_26": "0", "LB_26": "0", "JBT_26": "2", "Tp_Lnts_26": "SUNGAI", "Dt_Lnts_26": "LURUS", "Pnangnn_26": "RUTIN", "Pmriksn_26": "DETAIL", "Pnglola_26": "BBPJN PAPUA-PAPUA PEGUNUNGAN", "Satkr_ID26": "693965", "PPK_Name26": "2.4", "Traffic_26": null, "VCR_26": "0", "AADT_26": "98", "Tipe_Jb_26": null, "Lat_26": -3.662337, "Long_26": 140.256958, "Tgl_Ins_26": "13/06/2026", "Ket_26": null }, "geometry": { "type": "Point", "coordinates": [ 140.256958000211625, -3.662337000352238 ] } },
{ "type": "Feature", "properties": { "KDRUAS_UPD": "62035", "NOJBT_UPD": "62.035.040.0", "NM_RUAS_UP": "NIMBOTONG - BONGGO", "NM_JBT_UPD": "LEN I", "PROVINSI": "PAPUA PEGUNUNGAN (JAYAPURA)", "No_Prov_26": "62", "ID_Jbt_26": "6200507", "Kd_Ruas_26": "62035", "Suffix_26": null, "Nm_Ruas_26": "NIMBOTONG - BONGGO", "Lintas_26": "JALAN LINTAS UTARA", "No_Jbt_26": "62.035.040.0", "Nm_Jbt_26": "LEN I", "Status_26": "N", "Fungsi_26": "K", "Lks_Dr_26": "JPR", "Lks_km_26": 47.164, "F_STA_26": "4160", "Cadin_26": "BGO", "Pjg_Jbt_26": 40.0, "Btg_Pjg_26": 40.0, "Jml_Btg_26": "1", "Lb_Jl_Ms26": 6.5, "Lb_Jl_Kl26": 6.5, "Lb_Lalin26": 5.83, "Lb_Bh_Ki26": 0.0, "Lb_Bh_Ka26": 0.0, "Lb_Dr_Ki26": 0.1, "Lb_Dr_Ka26": 0.1, "Lb_Tr_Ki26": 0.49, "Lb_Tr_Ka26": 0.5, "Lb_TS_Ki26": 0.0, "Lb_TS_Ka26": 0.0, "Lb_Med_26": 0.0, "Lbr_Jbt_26": 7.02, "Bgn_Ats_26": "RBR", "Jns_Jbt_26": "STANDAR", "Thn_Bgn_26": "2000", "BA_26": "2", "LNT_26": "0", "BB_26": "3", "DAS_26": "2", "OP_26": "2", "UT_26": "0", "GR_26": "0", "LB_26": "0", "JBT_26": "3", "Tp_Lnts_26": "SUNGAI", "Dt_Lnts_26": "LURUS", "Pnangnn_26": "RUTIN", "Pmriksn_26": "DETAIL", "Pnglola_26": "BBPJN PAPUA-PAPUA PEGUNUNGAN", "Satkr_ID26": "693940", "PPK_Name26": "1.2", "Traffic_26": null, "VCR_26": "0", "AADT_26": "205", "Tipe_Jb_26": null, "Lat_26": -2.486334, "Long_26": 139.850327, "Tgl_Ins_26": "22/05/2026", "Ket_26": null }, "geometry": { "type": "Point", "coordinates": [ 139.850327000091056, -2.486333999614317 ] } },
{ "type": "Feature", "properties": { "KDRUAS_UPD": "62035", "NOJBT_UPD": "62.035.041.0", "NM_RUAS_UP": "NIMBOTONG - BONGGO", "NM_JBT_UPD": "LEN II", "PROVINSI": "PAPUA PEGUNUNGAN (JAYAPURA)", "No_Prov_26": "62", "ID_Jbt_26": "6200508", "Kd_Ruas_26": "62035", "Suffix_26": null, "Nm_Ruas_26": "NIMBOTONG - BONGGO", "Lintas_26": "JALAN LINTAS UTARA", "No_Jbt_26": "62.035.041.0", "Nm_Jbt_26": "LEN II", "Status_26": "N", "Fungsi_26": "K", "Lks_Dr_26": "JPR", "Lks_km_26": 47.723, "F_STA_26": "4210", "Cadin_26": "BGO", "Pjg_Jbt_26": 59.4, "Btg_Pjg_26": 40.0, "Jml_Btg_26": "4", "Lb_Jl_Ms26": 6.5, "Lb_Jl_Kl26": 6.5, "Lb_Lalin26": 5.85, "Lb_Bh_Ki26": 0.0, "Lb_Bh_Ka26": 0.0, "Lb_Dr_Ki26": 0.08, "Lb_Dr_Ka26": 0.08, "Lb_Tr_Ki26": 0.46, "Lb_Tr_Ka26": 0.49, "Lb_TS_Ki26": 0.0, "Lb_TS_Ka26": 0.0, "Lb_Med_26": 0.0, "Lbr_Jbt_26": 6.96, "Bgn_Ats_26": "RBR", "Jns_Jbt_26": "STANDAR", "Thn_Bgn_26": "2007", "BA_26": "2", "LNT_26": "1", "BB_26": "3", "DAS_26": "0", "OP_26": "2", "UT_26": "0", "GR_26": "0", "LB_26": "0", "JBT_26": "3", "Tp_Lnts_26": "SUNGAI", "Dt_Lnts_26": "LURUS", "Pnangnn_26": "REHABILITASI", "Pmriksn_26": "DETAIL", "Pnglola_26": "BBPJN PAPUA-PAPUA PEGUNUNGAN", "Satkr_ID26": "693940", "PPK_Name26": "1.2", "Traffic_26": null, "VCR_26": "0", "AADT_26": "205", "Tipe_Jb_26": null, "Lat_26": -2.484126, "Long_26": 139.84697, "Tgl_Ins_26": "22/05/2026", "Ket_26": null }, "geometry": { "type": "Point", "coordinates": [ 139.846969999965609, -2.484126000314632 ] } },
{ "type": "Feature", "properties": { "KDRUAS_UPD": "62035", "NOJBT_UPD": "62.035.042.0", "NM_RUAS_UP": "NIMBOTONG - BONGGO", "NM_JBT_UPD": "LEN III", "PROVINSI": "PAPUA PEGUNUNGAN (JAYAPURA)", "No_Prov_26": "62", "ID_Jbt_26": "6200509", "Kd_Ruas_26": "62035", "Suffix_26": null, "Nm_Ruas_26": "NIMBOTONG - BONGGO", "Lintas_26": "JALAN LINTAS UTARA", "No_Jbt_26": "62.035.042.0", "Nm_Jbt_26": "LEN III", "Status_26": "N", "Fungsi_26": "K", "Lks_Dr_26": "JPR", "Lks_km_26": 50.143, "F_STA_26": "4410", "Cadin_26": "BGO", "Pjg_Jbt_26": 40.5, "Btg_Pjg_26": 40.0, "Jml_Btg_26": "1", "Lb_Jl_Ms26": 6.5, "Lb_Jl_Kl26": 6.5, "Lb_Lalin26": 6.0, "Lb_Bh_Ki26": 0.0, "Lb_Bh_Ka26": 0.0, "Lb_Dr_Ki26": 0.0, "Lb_Dr_Ka26": 0.0, "Lb_Tr_Ki26": 0.38, "Lb_Tr_Ka26": 0.4, "Lb_TS_Ki26": 0.0, "Lb_TS_Ka26": 0.0, "Lb_Med_26": 0.0, "Lbr_Jbt_26": 6.78, "Bgn_Ats_26": "RBR", "Jns_Jbt_26": "STANDAR", "Thn_Bgn_26": "2009", "BA_26": "1", "LNT_26": "1", "BB_26": "1", "DAS_26": "1", "OP_26": "1", "UT_26": "0", "GR_26": "0", "LB_26": "0", "JBT_26": "1", "Tp_Lnts_26": "SUNGAI", "Dt_Lnts_26": "LURUS", "Pnangnn_26": "RUTIN", "Pmriksn_26": "TIDAK DISURVEI TA. 2026", "Pnglola_26": "BBPJN PAPUA-PAPUA PEGUNUNGAN", "Satkr_ID26": "693940", "PPK_Name26": "1.2", "Traffic_26": null, "VCR_26": "0", "AADT_26": "205", "Tipe_Jb_26": null, "Lat_26": -2.481523, "Long_26": 139.830841, "Tgl_Ins_26": "17/03/2024", "Ket_26": null }, "geometry": { "type": "Point", "coordinates": [ 139.830840999912311, -2.481522999886465 ] } },
{ "type": "Feature", "properties": { "KDRUAS_UPD": "62035", "NOJBT_UPD": "62.035.043.0", "NM_RUAS_UP": "NIMBOTONG - BONGGO", "NM_JBT_UPD": "LEN IV", "PROVINSI": "PAPUA PEGUNUNGAN (JAYAPURA)", "No_Prov_26": "62", "ID_Jbt_26": "6200510", "Kd_Ruas_26": "62035", "Suffix_26": null, "Nm_Ruas_26": "NIMBOTONG - BONGGO", "Lintas_26": "JALAN LINTAS UTARA", "No_Jbt_26": "62.035.043.0", "Nm_Jbt_26": "LEN IV", "Status_26": "N", "Fungsi_26": "K", "Lks_Dr_26": "JPR", "Lks_km_26": 50.775, "F_STA_26": "4460", "Cadin_26": "BGO", "Pjg_Jbt_26": 19.2, "Btg_Pjg_26": 3.0, "Jml_Btg_26": "3", "Lb_Jl_Ms26": 6.5, "Lb_Jl_Kl26": 6.5, "Lb_Lalin26": 5.8, "Lb_Bh_Ki26": 2.3, "Lb_Bh_Ka26": 2.5, "Lb_Dr_Ki26": 0.0, "Lb_Dr_Ka26": 0.0, "Lb_Tr_Ki26": 0.0, "Lb_Tr_Ka26": 0.0, "Lb_TS_Ki26": 0.25, "Lb_TS_Ka26": 0.3, "Lb_Med_26": 0.0, "Lbr_Jbt_26": 11.15, "Bgn_Ats_26": "BTP", "Jns_Jbt_26": "STANDAR", "Thn_Bgn_26": "2013", "BA_26": "0", "LNT_26": "0", "BB_26": "0", "DAS_26": "2", "OP_26": "0", "UT_26": "0", "GR_26": "2", "LB_26": "0", "JBT_26": "2", "Tp_Lnts_26": "SUNGAI", "Dt_Lnts_26": "LURUS", "Pnangnn_26": "RUTIN", "Pmriksn_26": "TIDAK DISURVEI TA. 2026", "Pnglola_26": "BBPJN PAPUA-PAPUA PEGUNUNGAN", "Satkr_ID26": "693940", "PPK_Name26": "1.2", "Traffic_26": null, "VCR_26": "0", "AADT_26": "205", "Tipe_Jb_26": null, "Lat_26": -2.478415, "Long_26": 139.827621, "Tgl_Ins_26": "09/06/2025", "Ket_26": null }, "geometry": { "type": "Point", "coordinates": [ 139.827620999809369, -2.478414999552513 ] } },
{ "type": "Feature", "properties": { "KDRUAS_UPD": "62057", "NOJBT_UPD": "62.057.065.0", "NM_RUAS_UP": "MENAWI - SAUBEBA - YOBI", "NM_JBT_UPD": "LON", "PROVINSI": "PAPUA PEGUNUNGAN (JAYAPURA)", "No_Prov_26": "62", "ID_Jbt_26": "6201546", "Kd_Ruas_26": "62057", "Suffix_26": null, "Nm_Ruas_26": "MENAWI - SAUBEBA - YOBI", "Lintas_26": "NON LINTAS", "No_Jbt_26": "62.057.065.0", "Nm_Jbt_26": "LON", "Status_26": "N", "Fungsi_26": "K", "Lks_Dr_26": "SER", "Lks_km_26": 40.463, "F_STA_26": "3990", "Cadin_26": "MEN", "Pjg_Jbt_26": 7.0, "Btg_Pjg_26": 2.0, "Jml_Btg_26": "3", "Lb_Jl_Ms26": 6.0, "Lb_Jl_Kl26": 6.0, "Lb_Lalin26": 6.35, "Lb_Bh_Ki26": 0.9, "Lb_Bh_Ka26": 0.9, "Lb_Dr_Ki26": 0.0, "Lb_Dr_Ka26": 0.0, "Lb_Tr_Ki26": 0.0, "Lb_Tr_Ka26": 0.0, "Lb_TS_Ki26": 0.33, "Lb_TS_Ka26": 0.3, "Lb_Med_26": 0.0, "Lbr_Jbt_26": 8.78, "Bgn_Ats_26": "BTP", "Jns_Jbt_26": "STANDAR", "Thn_Bgn_26": "2015", "BA_26": "0", "LNT_26": "0", "BB_26": "0", "DAS_26": "0", "OP_26": "0", "UT_26": "0", "GR_26": "2", "LB_26": "0", "JBT_26": "2", "Tp_Lnts_26": "SUNGAI", "Dt_Lnts_26": "LURUS", "Pnangnn_26": "RUTIN", "Pmriksn_26": "DETAIL", "Pnglola_26": "BBPJN PAPUA-PAPUA PEGUNUNGAN", "Satkr_ID26": "693941", "PPK_Name26": "3.2", "Traffic_26": null, "VCR_26": "0", "AADT_26": "11", "Tipe_Jb_26": null, "Lat_26": -1.71635, "Long_26": 136.421555, "Tgl_Ins_26": "01/06/2026", "Ket_26": null }, "geometry": { "type": "Point", "coordinates": [ 136.421555000263083, -1.71634999955279 ] } },
{ "type": "Feature", "properties": { "KDRUAS_UPD": "62035", "NOJBT_UPD": "62.035.044.0", "NM_RUAS_UP": "NIMBOTONG - BONGGO", "NM_JBT_UPD": "MAESA", "PROVINSI": "PAPUA PEGUNUNGAN (JAYAPURA)", "No_Prov_26": "62", "ID_Jbt_26": "6200511", "Kd_Ruas_26": "62035", "Suffix_26": null, "Nm_Ruas_26": "NIMBOTONG - BONGGO", "Lintas_26": "JALAN LINTAS UTARA", "No_Jbt_26": "62.035.044.0", "Nm_Jbt_26": "MAESA", "Status_26": "N", "Fungsi_26": "K", "Lks_Dr_26": "JPR", "Lks_km_26": 50.921, "F_STA_26": "4470", "Cadin_26": "BGO", "Pjg_Jbt_26": 10.0, "Btg_Pjg_26": 3.0, "Jml_Btg_26": "3", "Lb_Jl_Ms26": 6.5, "Lb_Jl_Kl26": 6.5, "Lb_Lalin26": 5.5, "Lb_Bh_Ki26": 2.6, "Lb_Bh_Ka26": 1.7, "Lb_Dr_Ki26": 0.0, "Lb_Dr_Ka26": 0.0, "Lb_Tr_Ki26": 0.0, "Lb_Tr_Ka26": 0.0, "Lb_TS_Ki26": 0.0, "Lb_TS_Ka26": 0.0, "Lb_Med_26": 0.0, "Lbr_Jbt_26": 9.8, "Bgn_Ats_26": "BTP", "Jns_Jbt_26": "STANDAR", "Thn_Bgn_26": "2014", "BA_26": "0", "LNT_26": "0", "BB_26": "0", "DAS_26": "1", "OP_26": "0", "UT_26": "1", "GR_26": "0", "LB_26": "0", "JBT_26": "1", "Tp_Lnts_26": "SUNGAI", "Dt_Lnts_26": "LURUS", "Pnangnn_26": "RUTIN", "Pmriksn_26": "TIDAK DISURVEI TA. 2026", "Pnglola_26": "BBPJN PAPUA-PAPUA PEGUNUNGAN", "Satkr_ID26": "693940", "PPK_Name26": "1.2", "Traffic_26": null, "VCR_26": "0", "AADT_26": "205", "Tipe_Jb_26": null, "Lat_26": -2.478389, "Long_26": 139.826508, "Tgl_Ins_26": "17/03/2024", "Ket_26": null }, "geometry": { "type": "Point", "coordinates": [ 139.826507999744422, -2.478389000152163 ] } },
{ "type": "Feature", "properties": { "KDRUAS_UPD": "62005", "NOJBT_UPD": "62.005.058.0", "NM_RUAS_UP": "YETTI - SENGGI - MAMBERAMO I (STA 0+000 - 107+300)", "NM_JBT_UPD": "MAFI", "PROVINSI": "PAPUA PEGUNUNGAN (JAYAPURA)", "No_Prov_26": "62", "ID_Jbt_26": "6200103", "Kd_Ruas_26": "62005", "Suffix_26": "0", "Nm_Ruas_26": "YETTI - SENGGI - MAMBERAMO I (STA 0+000 - 107+300)", "Lintas_26": "JALAN LINTAS TENGAH", "No_Jbt_26": "62.005.058.0", "Nm_Jbt_26": "MAFI", "Status_26": "N", "Fungsi_26": "A", "Lks_Dr_26": "JPR", "Lks_km_26": 59.322, "F_STA_26": "5780", "Cadin_26": "MBR", "Pjg_Jbt_26": 134.6, "Btg_Pjg_26": 50.0, "Jml_Btg_26": "3", "Lb_Jl_Ms26": 4.5, "Lb_Jl_Kl26": 4.5, "Lb_Lalin26": 5.85, "Lb_Bh_Ki26": 0.0, "Lb_Bh_Ka26": 0.0, "Lb_Dr_Ki26": 0.08, "Lb_Dr_Ka26": 0.08, "Lb_Tr_Ki26": 0.48, "Lb_Tr_Ka26": 0.46, "Lb_TS_Ki26": 0.0, "Lb_TS_Ka26": 0.0, "Lb_Med_26": 0.0, "Lbr_Jbt_26": 6.95, "Bgn_Ats_26": "RBR", "Jns_Jbt_26": "STANDAR", "Thn_Bgn_26": "1999", "BA_26": "2", "LNT_26": "2", "BB_26": "2", "DAS_26": "2", "OP_26": "2", "UT_26": "0", "GR_26": "0", "LB_26": "0", "JBT_26": "2", "Tp_Lnts_26": "SUNGAI", "Dt_Lnts_26": "LURUS", "Pnangnn_26": "RUTIN", "Pmriksn_26": "DETAIL", "Pnglola_26": "BBPJN PAPUA-PAPUA PEGUNUNGAN", "Satkr_ID26": "693965", "PPK_Name26": "2.3", "Traffic_26": null, "VCR_26": "0", "AADT_26": "98", "Tipe_Jb_26": null, "Lat_26": -3.602871, "Long_26": 140.646042, "Tgl_Ins_26": "26/05/2026", "Ket_26": null }, "geometry": { "type": "Point", "coordinates": [ 140.646041999638669, -3.602871000096513 ] } },
{ "type": "Feature", "properties": { "KDRUAS_UPD": "62057", "NOJBT_UPD": "62.057.052.0", "NM_RUAS_UP": "MENAWI - SAUBEBA - YOBI", "NM_JBT_UPD": "MAKROWEN", "PROVINSI": "PAPUA PEGUNUNGAN (JAYAPURA)", "No_Prov_26": "62", "ID_Jbt_26": "6201533", "Kd_Ruas_26": "62057", "Suffix_26": null, "Nm_Ruas_26": "MENAWI - SAUBEBA - YOBI", "Lintas_26": "NON LINTAS", "No_Jbt_26": "62.057.052.0", "Nm_Jbt_26": "MAKROWEN", "Status_26": "N", "Fungsi_26": "K", "Lks_Dr_26": "SER", "Lks_km_26": 35.277, "F_STA_26": "3490", "Cadin_26": "MEN", "Pjg_Jbt_26": 60.0, "Btg_Pjg_26": 60.0, "Jml_Btg_26": "1", "Lb_Jl_Ms26": 6.0, "Lb_Jl_Kl26": 6.0, "Lb_Lalin26": 7.0, "Lb_Bh_Ki26": 0.0, "Lb_Bh_Ka26": 0.0, "Lb_Dr_Ki26": 0.0, "Lb_Dr_Ka26": 0.0, "Lb_Tr_Ki26": 0.92, "Lb_Tr_Ka26": 0.95, "Lb_TS_Ki26": 0.0, "Lb_TS_Ka26": 0.0, "Lb_Med_26": 0.0, "Lbr_Jbt_26": 8.87, "Bgn_Ats_26": "RBP", "Jns_Jbt_26": "STANDAR", "Thn_Bgn_26": "2023", "BA_26": "2", "LNT_26": "2", "BB_26": "1", "DAS_26": "2", "OP_26": "1", "UT_26": "0", "GR_26": "0", "LB_26": "0", "JBT_26": "2", "Tp_Lnts_26": "SUNGAI", "Dt_Lnts_26": "BERJALIN (BRAIDED)", "Pnangnn_26": "REHABILITASI", "Pmriksn_26": "DETAIL", "Pnglola_26": "BBPJN PAPUA-PAPUA PEGUNUNGAN", "Satkr_ID26": "693941", "PPK_Name26": "3.2", "Traffic_26": null, "VCR_26": "0", "AADT_26": "11", "Tipe_Jb_26": null, "Lat_26": -1.718116, "Long_26": 136.379379, "Tgl_Ins_26": "01/06/2026", "Ket_26": null }, "geometry": { "type": "Point", "coordinates": [ 136.379378999641176, -1.718116000053328 ] } },
{ "type": "Feature", "properties": { "KDRUAS_UPD": "62033", "NOJBT_UPD": "62.033.021.0", "NM_RUAS_UP": "SENTANI  -  BONGKRANG - WARUMBAIM", "NM_JBT_UPD": "MAMDA 1", "PROVINSI": "PAPUA PEGUNUNGAN (JAYAPURA)", "No_Prov_26": "62", "ID_Jbt_26": "6201704", "Kd_Ruas_26": "62033", "Suffix_26": null, "Nm_Ruas_26": "SENTANI  -  BONGKRANG - WARUMBAIM", "Lintas_26": "JALAN LINTAS UTARA", "No_Jbt_26": "62.033.021.0", "Nm_Jbt_26": "MAMDA 1", "Status_26": "N", "Fungsi_26": "A", "Lks_Dr_26": "JPR", "Lks_km_26": 33.756, "F_STA_26": "3300", "Cadin_26": "WRM", "Pjg_Jbt_26": 10.3, "Btg_Pjg_26": 9.7, "Jml_Btg_26": "1", "Lb_Jl_Ms26": 3.4, "Lb_Jl_Kl26": 3.4, "Lb_Lalin26": 4.6, "Lb_Bh_Ki26": 0.0, "Lb_Bh_Ka26": 0.0, "Lb_Dr_Ki26": 0.0, "Lb_Dr_Ka26": 0.0, "Lb_Tr_Ki26": 0.0, "Lb_Tr_Ka26": 0.0, "Lb_TS_Ki26": 0.0, "Lb_TS_Ka26": 0.0, "Lb_Med_26": 0.0, "Lbr_Jbt_26": 4.6, "Bgn_Ats_26": "GTP", "Jns_Jbt_26": "STANDAR", "Thn_Bgn_26": "1975", "BA_26": "1", "LNT_26": "1", "BB_26": "1", "DAS_26": "1", "OP_26": "0", "UT_26": "0", "GR_26": "1", "LB_26": "0", "JBT_26": "1", "Tp_Lnts_26": "SUNGAI", "Dt_Lnts_26": "LURUS", "Pnangnn_26": "RUTIN", "Pmriksn_26": "TIDAK DISURVEI TA. 2026", "Pnglola_26": "BBPJN PAPUA-PAPUA PEGUNUNGAN", "Satkr_ID26": "693940", "PPK_Name26": "1.2", "Traffic_26": null, "VCR_26": "0", "AADT_26": "9255", "Tipe_Jb_26": null, "Lat_26": -2.613907, "Long_26": 140.310577, "Tgl_Ins_26": "06/03/2024", "Ket_26": null }, "geometry": { "type": "Point", "coordinates": [ 140.310576999728823, -2.61390700020786 ] } },
{ "type": "Feature", "properties": { "KDRUAS_UPD": "62033", "NOJBT_UPD": "62.033.027.0", "NM_RUAS_UP": "SENTANI  -  BONGKRANG - WARUMBAIM", "NM_JBT_UPD": "MAMDA 2", "PROVINSI": "PAPUA PEGUNUNGAN (JAYAPURA)", "No_Prov_26": "62", "ID_Jbt_26": "6201710", "Kd_Ruas_26": "62033", "Suffix_26": null, "Nm_Ruas_26": "SENTANI  -  BONGKRANG - WARUMBAIM", "Lintas_26": "JALAN LINTAS UTARA", "No_Jbt_26": "62.033.027.0", "Nm_Jbt_26": "MAMDA 2", "Status_26": "N", "Fungsi_26": "A", "Lks_Dr_26": "JPR", "Lks_km_26": 38.118, "F_STA_26": "3680", "Cadin_26": "WRM", "Pjg_Jbt_26": 20.7, "Btg_Pjg_26": 20.1, "Jml_Btg_26": "1", "Lb_Jl_Ms26": 4.75, "Lb_Jl_Kl26": 4.75, "Lb_Lalin26": 6.65, "Lb_Bh_Ki26": 0.0, "Lb_Bh_Ka26": 0.0, "Lb_Dr_Ki26": 0.0, "Lb_Dr_Ka26": 0.0, "Lb_Tr_Ki26": 0.0, "Lb_Tr_Ka26": 0.0, "Lb_TS_Ki26": 0.35, "Lb_TS_Ka26": 0.36, "Lb_Med_26": 0.0, "Lbr_Jbt_26": 7.36, "Bgn_Ats_26": "GBP", "Jns_Jbt_26": "STANDAR", "Thn_Bgn_26": "1987", "BA_26": "1", "LNT_26": "1", "BB_26": "1", "DAS_26": "0", "OP_26": "0", "UT_26": "0", "GR_26": "1", "LB_26": "0", "JBT_26": "1", "Tp_Lnts_26": "SUNGAI", "Dt_Lnts_26": "LURUS", "Pnangnn_26": "RUTIN", "Pmriksn_26": "TIDAK DISURVEI TA. 2026", "Pnglola_26": "BBPJN PAPUA-PAPUA PEGUNUNGAN", "Satkr_ID26": "693940", "PPK_Name26": "1.2", "Traffic_26": null, "VCR_26": "0", "AADT_26": "9255", "Tipe_Jb_26": null, "Lat_26": -2.596519, "Long_26": 140.284012, "Tgl_Ins_26": "06/03/2024", "Ket_26": null }, "geometry": { "type": "Point", "coordinates": [ 140.284011999554195, -2.596518999652062 ] } },
{ "type": "Feature", "properties": { "KDRUAS_UPD": "62057", "NOJBT_UPD": "62.057.059.0", "NM_RUAS_UP": "MENAWI - SAUBEBA - YOBI", "NM_JBT_UPD": "MANADOWAI", "PROVINSI": "PAPUA PEGUNUNGAN (JAYAPURA)", "No_Prov_26": "62", "ID_Jbt_26": "6201540", "Kd_Ruas_26": "62057", "Suffix_26": null, "Nm_Ruas_26": "MENAWI - SAUBEBA - YOBI", "Lintas_26": "NON LINTAS", "No_Jbt_26": "62.057.059.0", "Nm_Jbt_26": "MANADOWAI", "Status_26": "N", "Fungsi_26": "K", "Lks_Dr_26": "SER", "Lks_km_26": 37.759, "F_STA_26": "3730", "Cadin_26": "MEN", "Pjg_Jbt_26": 6.0, "Btg_Pjg_26": 3.0, "Jml_Btg_26": "2", "Lb_Jl_Ms26": 6.0, "Lb_Jl_Kl26": 6.0, "Lb_Lalin26": 5.35, "Lb_Bh_Ki26": 1.27, "Lb_Bh_Ka26": 1.57, "Lb_Dr_Ki26": 0.0, "Lb_Dr_Ka26": 0.0, "Lb_Tr_Ki26": 0.0, "Lb_Tr_Ka26": 0.0, "Lb_TS_Ki26": 0.3, "Lb_TS_Ka26": 0.3, "Lb_Med_26": 0.0, "Lbr_Jbt_26": 8.79, "Bgn_Ats_26": "BTP", "Jns_Jbt_26": "STANDAR", "Thn_Bgn_26": "2014", "BA_26": "1", "LNT_26": "1", "BB_26": "0", "DAS_26": "2", "OP_26": "0", "UT_26": "0", "GR_26": "2", "LB_26": "0", "JBT_26": "2", "Tp_Lnts_26": "SUNGAI", "Dt_Lnts_26": "LURUS", "Pnangnn_26": "RUTIN", "Pmriksn_26": "DETAIL", "Pnglola_26": "BBPJN PAPUA-PAPUA PEGUNUNGAN", "Satkr_ID26": "693941", "PPK_Name26": "3.2", "Traffic_26": null, "VCR_26": "0", "AADT_26": "11", "Tipe_Jb_26": null, "Lat_26": -1.72201, "Long_26": 136.400024, "Tgl_Ins_26": "01/06/2026", "Ket_26": null }, "geometry": { "type": "Point", "coordinates": [ 136.400024000207509, -1.72200999976161 ] } },
{ "type": "Feature", "properties": { "KDRUAS_UPD": "62056", "NOJBT_UPD": "62.056.014.0", "NM_RUAS_UP": "BTS. KOTA SERUI - MENAWI", "NM_JBT_UPD": "MANANOANI 1", "PROVINSI": "PAPUA PEGUNUNGAN (JAYAPURA)", "No_Prov_26": "62", "ID_Jbt_26": "6200733", "Kd_Ruas_26": "62056", "Suffix_26": null, "Nm_Ruas_26": "BTS. KOTA SERUI - MENAWI", "Lintas_26": "NON LINTAS", "No_Jbt_26": "62.056.014.0", "Nm_Jbt_26": "MANANOANI 1", "Status_26": "N", "Fungsi_26": "K", "Lks_Dr_26": "SER", "Lks_km_26": 0.292, "F_STA_26": "20", "Cadin_26": "SER", "Pjg_Jbt_26": 20.0, "Btg_Pjg_26": 20.0, "Jml_Btg_26": "1", "Lb_Jl_Ms26": 6.75, "Lb_Jl_Kl26": 6.75, "Lb_Lalin26": 6.33, "Lb_Bh_Ki26": 0.16, "Lb_Bh_Ka26": 0.16, "Lb_Dr_Ki26": 0.1, "Lb_Dr_Ka26": 0.1, "Lb_Tr_Ki26": 1.0, "Lb_Tr_Ka26": 1.0, "Lb_TS_Ki26": 0.0, "Lb_TS_Ka26": 0.0, "Lb_Med_26": 0.0, "Lbr_Jbt_26": 8.85, "Bgn_Ats_26": "GTP", "Jns_Jbt_26": "STANDAR", "Thn_Bgn_26": "2010", "BA_26": "2", "LNT_26": "2", "BB_26": "1", "DAS_26": "2", "OP_26": "0", "UT_26": "0", "GR_26": "0", "LB_26": "0", "JBT_26": "2", "Tp_Lnts_26": "SUNGAI", "Dt_Lnts_26": "LURUS", "Pnangnn_26": "RUTIN", "Pmriksn_26": "TIDAK DISURVEI TA. 2026", "Pnglola_26": "BBPJN PAPUA-PAPUA PEGUNUNGAN", "Satkr_ID26": "693941", "PPK_Name26": null, "Traffic_26": null, "VCR_26": "0", "AADT_26": "254", "Tipe_Jb_26": null, "Lat_26": -1.870499, "Long_26": 136.292465, "Tgl_Ins_26": "30/05/2025", "Ket_26": null }, "geometry": { "type": "Point", "coordinates": [ 136.292464999859931, -1.870498999928884 ] } },
{ "type": "Feature", "properties": { "KDRUAS_UPD": "62056", "NOJBT_UPD": "62.056.015.0", "NM_RUAS_UP": "BTS. KOTA SERUI - MENAWI", "NM_JBT_UPD": "MANANOANI 2", "PROVINSI": "PAPUA PEGUNUNGAN (JAYAPURA)", "No_Prov_26": "62", "ID_Jbt_26": "6200734", "Kd_Ruas_26": "62056", "Suffix_26": null, "Nm_Ruas_26": "BTS. KOTA SERUI - MENAWI", "Lintas_26": "NON LINTAS", "No_Jbt_26": "62.056.015.0", "Nm_Jbt_26": "MANANOANI 2", "Status_26": "N", "Fungsi_26": "K", "Lks_Dr_26": "SER", "Lks_km_26": 0.453, "F_STA_26": "30", "Cadin_26": "SER", "Pjg_Jbt_26": 20.0, "Btg_Pjg_26": 19.5, "Jml_Btg_26": "1", "Lb_Jl_Ms26": 6.65, "Lb_Jl_Kl26": 6.65, "Lb_Lalin26": 6.7, "Lb_Bh_Ki26": 0.17, "Lb_Bh_Ka26": 0.2, "Lb_Dr_Ki26": 0.08, "Lb_Dr_Ka26": 0.08, "Lb_Tr_Ki26": 0.98, "Lb_Tr_Ka26": 0.98, "Lb_TS_Ki26": 0.0, "Lb_TS_Ka26": 0.0, "Lb_Med_26": 0.0, "Lbr_Jbt_26": 9.19, "Bgn_Ats_26": "GTP", "Jns_Jbt_26": "STANDAR", "Thn_Bgn_26": "2010", "BA_26": "2", "LNT_26": "2", "BB_26": "1", "DAS_26": "1", "OP_26": "0", "UT_26": "1", "GR_26": "0", "LB_26": "0", "JBT_26": "2", "Tp_Lnts_26": "SUNGAI", "Dt_Lnts_26": "LURUS", "Pnangnn_26": "RUTIN", "Pmriksn_26": "TIDAK DISURVEI TA. 2026", "Pnglola_26": "BBPJN PAPUA-PAPUA PEGUNUNGAN", "Satkr_ID26": "693941", "PPK_Name26": null, "Traffic_26": null, "VCR_26": "0", "AADT_26": "254", "Tipe_Jb_26": null, "Lat_26": -1.869672, "Long_26": 136.291687, "Tgl_Ins_26": "30/05/2025", "Ket_26": null }, "geometry": { "type": "Point", "coordinates": [ 136.291686999955118, -1.869671999563081 ] } },
{ "type": "Feature", "properties": { "KDRUAS_UPD": "62057", "NOJBT_UPD": "62.057.006.0", "NM_RUAS_UP": "MENAWI - SAUBEBA - YOBI", "NM_JBT_UPD": "MANAYANG", "PROVINSI": "PAPUA PEGUNUNGAN (JAYAPURA)", "No_Prov_26": "62", "ID_Jbt_26": "6202395", "Kd_Ruas_26": "62057", "Suffix_26": null, "Nm_Ruas_26": "MENAWI - SAUBEBA - YOBI", "Lintas_26": "NON LINTAS", "No_Jbt_26": "62.057.006.0", "Nm_Jbt_26": "MANAYANG", "Status_26": "N", "Fungsi_26": "K", "Lks_Dr_26": "SER", "Lks_km_26": 9.12, "F_STA_26": "900", "Cadin_26": null, "Pjg_Jbt_26": 62.1, "Btg_Pjg_26": 60.0, "Jml_Btg_26": "1", "Lb_Jl_Ms26": 6.0, "Lb_Jl_Kl26": 6.0, "Lb_Lalin26": 6.65, "Lb_Bh_Ki26": 0.2, "Lb_Bh_Ka26": 0.22, "Lb_Dr_Ki26": 0.08, "Lb_Dr_Ka26": 0.08, "Lb_Tr_Ki26": 0.96, "Lb_Tr_Ka26": 0.96, "Lb_TS_Ki26": 0.0, "Lb_TS_Ka26": 0.0, "Lb_Med_26": 0.0, "Lbr_Jbt_26": 9.15, "Bgn_Ats_26": "RBR", "Jns_Jbt_26": "STANDAR", "Thn_Bgn_26": "2019", "BA_26": "2", "LNT_26": "2", "BB_26": "1", "DAS_26": "2", "OP_26": "2", "UT_26": "0", "GR_26": "0", "LB_26": "0", "JBT_26": "2", "Tp_Lnts_26": "SUNGAI", "Dt_Lnts_26": "LURUS", "Pnangnn_26": "RUTIN", "Pmriksn_26": "TIDAK DISURVEI TA. 2026", "Pnglola_26": "BBPJN PAPUA-PAPUA PEGUNUNGAN", "Satkr_ID26": "693941", "PPK_Name26": "3.2", "Traffic_26": null, "VCR_26": "0", "AADT_26": "11", "Tipe_Jb_26": null, "Lat_26": -1.780099, "Long_26": 136.326628, "Tgl_Ins_26": "01/06/2025", "Ket_26": null }, "geometry": { "type": "Point", "coordinates": [ 136.326627999682501, -1.780099000368523 ] } },
{ "type": "Feature", "properties": { "KDRUAS_UPD": "62035", "NOJBT_UPD": "62.035.047.0", "NM_RUAS_UP": "NIMBOTONG - BONGGO", "NM_JBT_UPD": "MARTERE III", "PROVINSI": "PAPUA PEGUNUNGAN (JAYAPURA)", "No_Prov_26": "62", "ID_Jbt_26": "6200514", "Kd_Ruas_26": "62035", "Suffix_26": null, "Nm_Ruas_26": "NIMBOTONG - BONGGO", "Lintas_26": "JALAN LINTAS UTARA", "No_Jbt_26": "62.035.047.0", "Nm_Jbt_26": "MARTERE III", "Status_26": "N", "Fungsi_26": "K", "Lks_Dr_26": "JPR", "Lks_km_26": 54.125, "F_STA_26": "4750", "Cadin_26": "BGO", "Pjg_Jbt_26": 7.0, "Btg_Pjg_26": 3.0, "Jml_Btg_26": "2", "Lb_Jl_Ms26": 6.5, "Lb_Jl_Kl26": 6.5, "Lb_Lalin26": 5.9, "Lb_Bh_Ki26": 2.0, "Lb_Bh_Ka26": 2.3, "Lb_Dr_Ki26": 0.0, "Lb_Dr_Ka26": 0.0, "Lb_Tr_Ki26": 0.0, "Lb_Tr_Ka26": 0.0, "Lb_TS_Ki26": 0.0, "Lb_TS_Ka26": 0.0, "Lb_Med_26": 0.0, "Lbr_Jbt_26": 10.2, "Bgn_Ats_26": "BTP", "Jns_Jbt_26": "STANDAR", "Thn_Bgn_26": "2003", "BA_26": "0", "LNT_26": "0", "BB_26": "0", "DAS_26": "1", "OP_26": "1", "UT_26": "1", "GR_26": "0", "LB_26": "0", "JBT_26": "1", "Tp_Lnts_26": "SUNGAI", "Dt_Lnts_26": "LURUS", "Pnangnn_26": "RUTIN", "Pmriksn_26": "TIDAK DISURVEI TA. 2026", "Pnglola_26": "BBPJN PAPUA-PAPUA PEGUNUNGAN", "Satkr_ID26": "693940", "PPK_Name26": "1.2", "Traffic_26": null, "VCR_26": "0", "AADT_26": "205", "Tipe_Jb_26": null, "Lat_26": -2.470645, "Long_26": 139.810135, "Tgl_Ins_26": "18/03/2024", "Ket_26": null }, "geometry": { "type": "Point", "coordinates": [ 139.810135000130231, -2.470645000066668 ] } },
{ "type": "Feature", "properties": { "KDRUAS_UPD": "62035", "NOJBT_UPD": "62.035.031.0", "NM_RUAS_UP": "NIMBOTONG - BONGGO", "NM_JBT_UPD": "MASEY", "PROVINSI": "PAPUA PEGUNUNGAN (JAYAPURA)", "No_Prov_26": "62", "ID_Jbt_26": "6202107", "Kd_Ruas_26": "62035", "Suffix_26": null, "Nm_Ruas_26": "NIMBOTONG - BONGGO", "Lintas_26": "JALAN LINTAS UTARA", "No_Jbt_26": "62.035.031.0", "Nm_Jbt_26": "MASEY", "Status_26": "N", "Fungsi_26": "K", "Lks_Dr_26": "JPR", "Lks_km_26": 34.339, "F_STA_26": "3080", "Cadin_26": "BGO", "Pjg_Jbt_26": 36.0, "Btg_Pjg_26": 35.6, "Jml_Btg_26": "1", "Lb_Jl_Ms26": 5.25, "Lb_Jl_Kl26": 5.25, "Lb_Lalin26": 6.9, "Lb_Bh_Ki26": 0.0, "Lb_Bh_Ka26": 0.0, "Lb_Dr_Ki26": 0.07, "Lb_Dr_Ka26": 0.07, "Lb_Tr_Ki26": 1.0, "Lb_Tr_Ka26": 0.93, "Lb_TS_Ki26": 0.17, "Lb_TS_Ka26": 0.23, "Lb_Med_26": 0.0, "Lbr_Jbt_26": 9.37, "Bgn_Ats_26": "GBP", "Jns_Jbt_26": "STANDAR", "Thn_Bgn_26": "2014", "BA_26": "2", "LNT_26": "2", "BB_26": "3", "DAS_26": "3", "OP_26": "2", "UT_26": "0", "GR_26": "0", "LB_26": "0", "JBT_26": "3", "Tp_Lnts_26": "SUNGAI", "Dt_Lnts_26": "LURUS", "Pnangnn_26": "REHABILITASI", "Pmriksn_26": "DETAIL", "Pnglola_26": "BBPJN PAPUA-PAPUA PEGUNUNGAN", "Satkr_ID26": "693940", "PPK_Name26": "1.2", "Traffic_26": null, "VCR_26": "0", "AADT_26": "205", "Tipe_Jb_26": null, "Lat_26": -2.515733, "Long_26": 139.925278, "Tgl_Ins_26": "16/05/2026", "Ket_26": null }, "geometry": { "type": "Point", "coordinates": [ 139.925278000379535, -2.51573300007783 ] } },
{ "type": "Feature", "properties": { "KDRUAS_UPD": "62005", "NOJBT_UPD": "62.005.139.0", "NM_RUAS_UP": "YETTI - SENGGI - MAMBERAMO II (STA 107+300 - 153+970/AKHIR", "NM_JBT_UPD": "MATAE", "PROVINSI": "PAPUA PEGUNUNGAN (JAYAPURA)", "No_Prov_26": "62", "ID_Jbt_26": "6200896", "Kd_Ruas_26": "62005", "Suffix_26": "0", "Nm_Ruas_26": "YETTI - SENGGI - MAMBERAMO II (STA 107+300 - 153+970/AKHIR", "Lintas_26": "YETTI - SENGGI - MAMBERAMO", "No_Jbt_26": "62.005.139.0", "Nm_Jbt_26": "MATAE", "Status_26": "N", "Fungsi_26": "A", "Lks_Dr_26": "JPR", "Lks_km_26": 130.36, "F_STA_26": "12650", "Cadin_26": "MBR", "Pjg_Jbt_26": 51.5, "Btg_Pjg_26": 50.0, "Jml_Btg_26": "1", "Lb_Jl_Ms26": 6.0, "Lb_Jl_Kl26": 6.0, "Lb_Lalin26": 5.42, "Lb_Bh_Ki26": 0.24, "Lb_Bh_Ka26": 0.26, "Lb_Dr_Ki26": 0.0, "Lb_Dr_Ka26": 0.0, "Lb_Tr_Ki26": 0.52, "Lb_Tr_Ka26": 0.5, "Lb_TS_Ki26": 0.0, "Lb_TS_Ka26": 0.0, "Lb_Med_26": 0.0, "Lbr_Jbt_26": 6.94, "Bgn_Ats_26": "RBA", "Jns_Jbt_26": "STANDAR", "Thn_Bgn_26": "1992", "BA_26": "2", "LNT_26": "2", "BB_26": "2", "DAS_26": "2", "OP_26": "2", "UT_26": "0", "GR_26": "0", "LB_26": "0", "JBT_26": "2", "Tp_Lnts_26": "SUNGAI", "Dt_Lnts_26": "BERKELOK (MEANDER)", "Pnangnn_26": "RUTIN", "Pmriksn_26": "DETAIL", "Pnglola_26": "BBPJN PAPUA-PAPUA PEGUNUNGAN", "Satkr_ID26": "693965", "PPK_Name26": "2.4", "Traffic_26": null, "VCR_26": "0", "AADT_26": "98", "Tipe_Jb_26": null, "Lat_26": -3.688011, "Long_26": 140.289854, "Tgl_Ins_26": "30/05/2026", "Ket_26": null }, "geometry": { "type": "Point", "coordinates": [ 140.289854000062064, -3.688010999907647 ] } },
{ "type": "Feature", "properties": { "KDRUAS_UPD": "62035", "NOJBT_UPD": "62.035.036.0", "NM_RUAS_UP": "NIMBOTONG - BONGGO", "NM_JBT_UPD": "MAUMAKHO", "PROVINSI": "PAPUA PEGUNUNGAN (JAYAPURA)", "No_Prov_26": "62", "ID_Jbt_26": "6200503", "Kd_Ruas_26": "62035", "Suffix_26": null, "Nm_Ruas_26": "NIMBOTONG - BONGGO", "Lintas_26": "JALAN LINTAS UTARA", "No_Jbt_26": "62.035.036.0", "Nm_Jbt_26": "MAUMAKHO", "Status_26": "N", "Fungsi_26": "K", "Lks_Dr_26": "JPR", "Lks_km_26": 41.102, "F_STA_26": "3650", "Cadin_26": null, "Pjg_Jbt_26": 7.08, "Btg_Pjg_26": 3.0, "Jml_Btg_26": "2", "Lb_Jl_Ms26": 5.25, "Lb_Jl_Kl26": 5.25, "Lb_Lalin26": 5.0, "Lb_Bh_Ki26": 3.06, "Lb_Bh_Ka26": 2.09, "Lb_Dr_Ki26": 0.0, "Lb_Dr_Ka26": 0.0, "Lb_Tr_Ki26": 0.0, "Lb_Tr_Ka26": 0.0, "Lb_TS_Ki26": 0.39, "Lb_TS_Ka26": 0.34, "Lb_Med_26": 0.0, "Lbr_Jbt_26": 10.88, "Bgn_Ats_26": "BTP", "Jns_Jbt_26": "STANDAR", "Thn_Bgn_26": "2010", "BA_26": "0", "LNT_26": "0", "BB_26": "0", "DAS_26": "2", "OP_26": "1", "UT_26": "0", "GR_26": "2", "LB_26": "0", "JBT_26": "2", "Tp_Lnts_26": "SUNGAI", "Dt_Lnts_26": "LURUS", "Pnangnn_26": "RUTIN", "Pmriksn_26": "DETAIL", "Pnglola_26": "BBPJN PAPUA-PAPUA PEGUNUNGAN", "Satkr_ID26": "693940", "PPK_Name26": "1.2", "Traffic_26": null, "VCR_26": "0", "AADT_26": "205", "Tipe_Jb_26": null, "Lat_26": -2.502639, "Long_26": 139.890167, "Tgl_Ins_26": "16/05/2026", "Ket_26": null }, "geometry": { "type": "Point", "coordinates": [ 139.890167000007068, -2.502638999690021 ] } },
{ "type": "Feature", "properties": { "KDRUAS_UPD": "6205614", "NOJBT_UPD": "62.056.002.0.14", "NM_RUAS_UP": "JLN. FRANS KAISEPO (SERUI)", "NM_JBT_UPD": "MENAWI 1", "PROVINSI": "PAPUA PEGUNUNGAN (JAYAPURA)", "No_Prov_26": "62", "ID_Jbt_26": "6201374", "Kd_Ruas_26": "6205614", "Suffix_26": "14", "Nm_Ruas_26": "JLN. FRANS KAISEPO (SERUI)", "Lintas_26": "NON LINTAS", "No_Jbt_26": "62.056.002.0.14", "Nm_Jbt_26": "MENAWI 1", "Status_26": "N", "Fungsi_26": "K", "Lks_Dr_26": "SER", "Lks_km_26": 0.212, "F_STA_26": "10", "Cadin_26": "SER", "Pjg_Jbt_26": 7.4, "Btg_Pjg_26": 7.4, "Jml_Btg_26": "1", "Lb_Jl_Ms26": 7.0, "Lb_Jl_Kl26": 7.0, "Lb_Lalin26": 4.5, "Lb_Bh_Ki26": 0.0, "Lb_Bh_Ka26": 0.0, "Lb_Dr_Ki26": 0.0, "Lb_Dr_Ka26": 0.0, "Lb_Tr_Ki26": 1.0, "Lb_Tr_Ka26": 1.0, "Lb_TS_Ki26": 0.0, "Lb_TS_Ka26": 0.0, "Lb_Med_26": 0.0, "Lbr_Jbt_26": 6.5, "Bgn_Ats_26": "GTP", "Jns_Jbt_26": "STANDAR", "Thn_Bgn_26": "2000", "BA_26": "2", "LNT_26": "2", "BB_26": "1", "DAS_26": "1", "OP_26": "2", "UT_26": "1", "GR_26": "0", "LB_26": "0", "JBT_26": "2", "Tp_Lnts_26": "SUNGAI", "Dt_Lnts_26": "LURUS", "Pnangnn_26": "RUTIN", "Pmriksn_26": "TIDAK DISURVEI TA. 2026", "Pnglola_26": "BBPJN PAPUA-PAPUA PEGUNUNGAN", "Satkr_ID26": "693941", "PPK_Name26": "3.2", "Traffic_26": null, "VCR_26": "0", "AADT_26": "551", "Tipe_Jb_26": null, "Lat_26": -1.876655, "Long_26": 136.246719, "Tgl_Ins_26": "30/05/2025", "Ket_26": null }, "geometry": { "type": "Point", "coordinates": [ 136.246719000081839, -1.876654999628499 ] } },
{ "type": "Feature", "properties": { "KDRUAS_UPD": "6205614", "NOJBT_UPD": "62.056.003.0.14", "NM_RUAS_UP": "JLN. FRANS KAISEPO (SERUI)", "NM_JBT_UPD": "MENAWI 2", "PROVINSI": "PAPUA PEGUNUNGAN (JAYAPURA)", "No_Prov_26": "62", "ID_Jbt_26": "6201375", "Kd_Ruas_26": "6205614", "Suffix_26": "14", "Nm_Ruas_26": "JLN. FRANS KAISEPO (SERUI)", "Lintas_26": "NON LINTAS", "No_Jbt_26": "62.056.003.0.14", "Nm_Jbt_26": "MENAWI 2", "Status_26": "N", "Fungsi_26": "K", "Lks_Dr_26": "SER", "Lks_km_26": 1.087, "F_STA_26": "100", "Cadin_26": "SER", "Pjg_Jbt_26": 15.8, "Btg_Pjg_26": 15.8, "Jml_Btg_26": "1", "Lb_Jl_Ms26": 7.0, "Lb_Jl_Kl26": 7.0, "Lb_Lalin26": 4.3, "Lb_Bh_Ki26": 0.15, "Lb_Bh_Ka26": 0.15, "Lb_Dr_Ki26": 0.0, "Lb_Dr_Ka26": 0.0, "Lb_Tr_Ki26": 1.0, "Lb_Tr_Ka26": 1.0, "Lb_TS_Ki26": 0.0, "Lb_TS_Ka26": 0.0, "Lb_Med_26": 0.0, "Lbr_Jbt_26": 6.6, "Bgn_Ats_26": "GTP", "Jns_Jbt_26": "STANDAR", "Thn_Bgn_26": "1981", "BA_26": "2", "LNT_26": "2", "BB_26": "1", "DAS_26": "1", "OP_26": "2", "UT_26": "1", "GR_26": "0", "LB_26": "0", "JBT_26": "2", "Tp_Lnts_26": "SUNGAI", "Dt_Lnts_26": "LURUS", "Pnangnn_26": "RUTIN", "Pmriksn_26": "TIDAK DISURVEI TA. 2026", "Pnglola_26": "BBPJN PAPUA-PAPUA PEGUNUNGAN", "Satkr_ID26": "693941", "PPK_Name26": "3.2", "Traffic_26": null, "VCR_26": "0", "AADT_26": "551", "Tipe_Jb_26": null, "Lat_26": -1.87515, "Long_26": 136.25325, "Tgl_Ins_26": "30/05/2025", "Ket_26": null }, "geometry": { "type": "Point", "coordinates": [ 136.253249999987588, -1.875150000372173 ] } },
{ "type": "Feature", "properties": { "KDRUAS_UPD": "6205615", "NOJBT_UPD": "62.056.004.0.15", "NM_RUAS_UP": "JLN. KE MENAWI (SERUI)", "NM_JBT_UPD": "MENAWI 3", "PROVINSI": "PAPUA PEGUNUNGAN (JAYAPURA)", "No_Prov_26": "62", "ID_Jbt_26": "6201380", "Kd_Ruas_26": "6205615", "Suffix_26": "15", "Nm_Ruas_26": "JLN. KE MENAWI (SERUI)", "Lintas_26": "NON LINTAS", "No_Jbt_26": "62.056.004.0.15", "Nm_Jbt_26": "MENAWI 3", "Status_26": "N", "Fungsi_26": "K", "Lks_Dr_26": "SER", "Lks_km_26": 0.023, "F_STA_26": "0", "Cadin_26": "SER", "Pjg_Jbt_26": 7.8, "Btg_Pjg_26": 7.8, "Jml_Btg_26": "1", "Lb_Jl_Ms26": 6.9, "Lb_Jl_Kl26": 6.9, "Lb_Lalin26": 4.16, "Lb_Bh_Ki26": 0.17, "Lb_Bh_Ka26": 0.17, "Lb_Dr_Ki26": 0.0, "Lb_Dr_Ka26": 0.0, "Lb_Tr_Ki26": 1.0, "Lb_Tr_Ka26": 1.0, "Lb_TS_Ki26": 0.0, "Lb_TS_Ka26": 0.0, "Lb_Med_26": 0.0, "Lbr_Jbt_26": 6.5, "Bgn_Ats_26": "GTP", "Jns_Jbt_26": "STANDAR", "Thn_Bgn_26": "2000", "BA_26": "1", "LNT_26": "1", "BB_26": "1", "DAS_26": "1", "OP_26": "0", "UT_26": "0", "GR_26": "0", "LB_26": "0", "JBT_26": "1", "Tp_Lnts_26": "SUNGAI", "Dt_Lnts_26": "LURUS", "Pnangnn_26": "RUTIN", "Pmriksn_26": "TIDAK DISURVEI TA. 2026", "Pnglola_26": "BBPJN PAPUA-PAPUA PEGUNUNGAN", "Satkr_ID26": "693941", "PPK_Name26": "3.2", "Traffic_26": null, "VCR_26": "0", "AADT_26": "322", "Tipe_Jb_26": null, "Lat_26": -1.878224, "Long_26": 136.260178, "Tgl_Ins_26": "01/05/2024", "Ket_26": null }, "geometry": { "type": "Point", "coordinates": [ 136.260178000214637, -1.878224000037505 ] } },
{ "type": "Feature", "properties": { "KDRUAS_UPD": "62035", "NOJBT_UPD": "62.035.070.0", "NM_RUAS_UP": "NIMBOTONG - BONGGO", "NM_JBT_UPD": "MENEKE I", "PROVINSI": "PAPUA PEGUNUNGAN (JAYAPURA)", "No_Prov_26": "62", "ID_Jbt_26": "6200537", "Kd_Ruas_26": "62035", "Suffix_26": null, "Nm_Ruas_26": "NIMBOTONG - BONGGO", "Lintas_26": "JALAN LINTAS UTARA", "No_Jbt_26": "62.035.070.0", "Nm_Jbt_26": "MENEKE I", "Status_26": "N", "Fungsi_26": "K", "Lks_Dr_26": "JPR", "Lks_km_26": 73.675, "F_STA_26": "6400", "Cadin_26": "BGO", "Pjg_Jbt_26": 12.1, "Btg_Pjg_26": 11.5, "Jml_Btg_26": "1", "Lb_Jl_Ms26": 6.0, "Lb_Jl_Kl26": 6.0, "Lb_Lalin26": 2.27, "Lb_Bh_Ki26": 0.77, "Lb_Bh_Ka26": 0.81, "Lb_Dr_Ki26": 0.0, "Lb_Dr_Ka26": 0.0, "Lb_Tr_Ki26": 0.2, "Lb_Tr_Ka26": 0.2, "Lb_TS_Ki26": 0.0, "Lb_TS_Ka26": 0.0, "Lb_Med_26": 0.0, "Lbr_Jbt_26": 4.25, "Bgn_Ats_26": "GKW", "Jns_Jbt_26": "STANDAR", "Thn_Bgn_26": "2005", "BA_26": "3", "LNT_26": "3", "BB_26": "4", "DAS_26": "3", "OP_26": "0", "UT_26": "0", "GR_26": "0", "LB_26": "0", "JBT_26": "4", "Tp_Lnts_26": "SUNGAI", "Dt_Lnts_26": "LURUS", "Pnangnn_26": "RUTIN", "Pmriksn_26": "TIDAK DISURVEI TA. 2026", "Pnglola_26": "BBPJN PAPUA-PAPUA PEGUNUNGAN", "Satkr_ID26": "693940", "PPK_Name26": "1.2", "Traffic_26": null, "VCR_26": "0", "AADT_26": "205", "Tipe_Jb_26": null, "Lat_26": -2.382376, "Long_26": 139.717697, "Tgl_Ins_26": "20/06/2025", "Ket_26": null }, "geometry": { "type": "Point", "coordinates": [ 139.717697000116573, -2.382375999852457 ] } },
{ "type": "Feature", "properties": { "KDRUAS_UPD": "62035", "NOJBT_UPD": "62.035.071.0", "NM_RUAS_UP": "NIMBOTONG - BONGGO", "NM_JBT_UPD": "MENEKE II", "PROVINSI": "PAPUA PEGUNUNGAN (JAYAPURA)", "No_Prov_26": "62", "ID_Jbt_26": "6200538", "Kd_Ruas_26": "62035", "Suffix_26": null, "Nm_Ruas_26": "NIMBOTONG - BONGGO", "Lintas_26": "JALAN LINTAS UTARA", "No_Jbt_26": "62.035.071.0", "Nm_Jbt_26": "MENEKE II", "Status_26": "N", "Fungsi_26": "K", "Lks_Dr_26": "JPR", "Lks_km_26": 74.102, "F_STA_26": "6440", "Cadin_26": "BGO", "Pjg_Jbt_26": 14.2, "Btg_Pjg_26": 3.0, "Jml_Btg_26": "2", "Lb_Jl_Ms26": 6.0, "Lb_Jl_Kl26": 6.0, "Lb_Lalin26": 6.0, "Lb_Bh_Ki26": 2.2, "Lb_Bh_Ka26": 2.05, "Lb_Dr_Ki26": 0.0, "Lb_Dr_Ka26": 0.0, "Lb_Tr_Ki26": 0.0, "Lb_Tr_Ka26": 0.0, "Lb_TS_Ki26": 0.0, "Lb_TS_Ka26": 0.0, "Lb_Med_26": 0.0, "Lbr_Jbt_26": 10.25, "Bgn_Ats_26": "BTP", "Jns_Jbt_26": "STANDAR", "Thn_Bgn_26": "2021", "BA_26": "2", "LNT_26": "2", "BB_26": "0", "DAS_26": "1", "OP_26": "0", "UT_26": "0", "GR_26": "2", "LB_26": "0", "JBT_26": "2", "Tp_Lnts_26": "SUNGAI", "Dt_Lnts_26": "LURUS", "Pnangnn_26": "RUTIN", "Pmriksn_26": "TIDAK DISURVEI TA. 2026", "Pnglola_26": "BBPJN PAPUA-PAPUA PEGUNUNGAN", "Satkr_ID26": "693940", "PPK_Name26": "1.2", "Traffic_26": null, "VCR_26": "0", "AADT_26": "205", "Tipe_Jb_26": null, "Lat_26": -2.381788, "Long_26": 139.714478, "Tgl_Ins_26": "20/06/2025", "Ket_26": null }, "geometry": { "type": "Point", "coordinates": [ 139.714478000059671, -2.38178799971638 ] } },
{ "type": "Feature", "properties": { "KDRUAS_UPD": "62035", "NOJBT_UPD": "62.035.046.0", "NM_RUAS_UP": "NIMBOTONG - BONGGO", "NM_JBT_UPD": "MERTERE II", "PROVINSI": "PAPUA PEGUNUNGAN (JAYAPURA)", "No_Prov_26": "62", "ID_Jbt_26": "6200513", "Kd_Ruas_26": "62035", "Suffix_26": null, "Nm_Ruas_26": "NIMBOTONG - BONGGO", "Lintas_26": "JALAN LINTAS UTARA", "No_Jbt_26": "62.035.046.0", "Nm_Jbt_26": "MERTERE II", "Status_26": "N", "Fungsi_26": "K", "Lks_Dr_26": "JPR", "Lks_km_26": 52.523, "F_STA_26": "4600", "Cadin_26": "BGO", "Pjg_Jbt_26": 12.15, "Btg_Pjg_26": 11.6, "Jml_Btg_26": "1", "Lb_Jl_Ms26": 6.5, "Lb_Jl_Kl26": 6.5, "Lb_Lalin26": 5.9, "Lb_Bh_Ki26": 0.52, "Lb_Bh_Ka26": 0.54, "Lb_Dr_Ki26": 0.0, "Lb_Dr_Ka26": 0.0, "Lb_Tr_Ki26": 1.95, "Lb_Tr_Ka26": 1.95, "Lb_TS_Ki26": 0.25, "Lb_TS_Ka26": 0.24, "Lb_Med_26": 0.0, "Lbr_Jbt_26": 11.35, "Bgn_Ats_26": "ETP", "Jns_Jbt_26": "STANDAR", "Thn_Bgn_26": "2019", "BA_26": "2", "LNT_26": "0", "BB_26": "0", "DAS_26": "1", "OP_26": "0", "UT_26": "0", "GR_26": "0", "LB_26": "0", "JBT_26": "2", "Tp_Lnts_26": "SUNGAI", "Dt_Lnts_26": "LURUS", "Pnangnn_26": "RUTIN", "Pmriksn_26": "TIDAK DISURVEI TA. 2026", "Pnglola_26": "BBPJN PAPUA-PAPUA PEGUNUNGAN", "Satkr_ID26": "693940", "PPK_Name26": "1.2", "Traffic_26": null, "VCR_26": "0", "AADT_26": "205", "Tipe_Jb_26": null, "Lat_26": -2.473259, "Long_26": 139.817734, "Tgl_Ins_26": "09/06/2025", "Ket_26": null }, "geometry": { "type": "Point", "coordinates": [ 139.817733999824327, -2.473259000102701 ] } },
{ "type": "Feature", "properties": { "KDRUAS_UPD": "62005", "NOJBT_UPD": "62.005.191.0", "NM_RUAS_UP": "YETTI - SENGGI - MAMBERAMO II (STA 107+300 - 153+970/AKHIR", "NM_JBT_UPD": "MAMBERAMO/METEOR", "PROVINSI": "PAPUA PEGUNUNGAN (JAYAPURA)", "No_Prov_26": "62", "ID_Jbt_26": "6201852", "Kd_Ruas_26": "62005", "Suffix_26": "0", "Nm_Ruas_26": "YETTI - SENGGI - MAMBERAMO II (STA 107+300 - 153+970/AKHIR", "Lintas_26": "YETTI - SENGGI - MAMBERAMO", "No_Jbt_26": "62.005.191.0", "Nm_Jbt_26": "MAMBERAMO/METEOR", "Status_26": "N", "Fungsi_26": "A", "Lks_Dr_26": "JPR", "Lks_km_26": 158.09, "F_STA_26": "15360", "Cadin_26": "MBR", "Pjg_Jbt_26": 236.0, "Btg_Pjg_26": 235.25, "Jml_Btg_26": "1", "Lb_Jl_Ms26": 6.0, "Lb_Jl_Kl26": 6.0, "Lb_Lalin26": 5.87, "Lb_Bh_Ki26": 0.0, "Lb_Bh_Ka26": 0.0, "Lb_Dr_Ki26": 0.0, "Lb_Dr_Ka26": 0.0, "Lb_Tr_Ki26": 0.2, "Lb_Tr_Ka26": 0.2, "Lb_TS_Ki26": 0.0, "Lb_TS_Ka26": 0.0, "Lb_Med_26": 0.2, "Lbr_Jbt_26": 6.47, "Bgn_Ats_26": "TBP", "Jns_Jbt_26": "KHUSUS", "Thn_Bgn_26": "1998", "BA_26": "3", "LNT_26": "2", "BB_26": "2", "DAS_26": "0", "OP_26": "2", "UT_26": "0", "GR_26": "0", "LB_26": "0", "JBT_26": "3", "Tp_Lnts_26": "SUNGAI", "Dt_Lnts_26": "LURUS", "Pnangnn_26": "RUTIN", "Pmriksn_26": "DETAIL", "Pnglola_26": "BBPJN PAPUA-PAPUA PEGUNUNGAN", "Satkr_ID26": "693965", "PPK_Name26": "2.4", "Traffic_26": null, "VCR_26": "0", "AADT_26": "98", "Tipe_Jb_26": null, "Lat_26": -3.68838, "Long_26": 140.1195, "Tgl_Ins_26": "29/05/2026", "Ket_26": null }, "geometry": { "type": "Point", "coordinates": [ 140.119468533346208, -3.688379770509925 ] } },
{ "type": "Feature", "properties": { "KDRUAS_UPD": "62035", "NOJBT_UPD": "62.035.003.0", "NM_RUAS_UP": "NIMBOTONG - BONGGO", "NM_JBT_UPD": "MINGGUI", "PROVINSI": "PAPUA PEGUNUNGAN (JAYAPURA)", "No_Prov_26": "62", "ID_Jbt_26": "6200472", "Kd_Ruas_26": "62035", "Suffix_26": null, "Nm_Ruas_26": "NIMBOTONG - BONGGO", "Lintas_26": "JALAN LINTAS UTARA", "No_Jbt_26": "62.035.003.0", "Nm_Jbt_26": "MINGGUI", "Status_26": "N", "Fungsi_26": "K", "Lks_Dr_26": "JPR", "Lks_km_26": 1.226, "F_STA_26": "240", "Cadin_26": "BGO", "Pjg_Jbt_26": 9.8, "Btg_Pjg_26": 3.0, "Jml_Btg_26": "3", "Lb_Jl_Ms26": 6.0, "Lb_Jl_Kl26": 6.0, "Lb_Lalin26": 4.5, "Lb_Bh_Ki26": 2.0, "Lb_Bh_Ka26": 3.3, "Lb_Dr_Ki26": 0.0, "Lb_Dr_Ka26": 0.0, "Lb_Tr_Ki26": 0.0, "Lb_Tr_Ka26": 0.0, "Lb_TS_Ki26": 0.0, "Lb_TS_Ka26": 0.0, "Lb_Med_26": 0.0, "Lbr_Jbt_26": 9.8, "Bgn_Ats_26": "BTP", "Jns_Jbt_26": "STANDAR", "Thn_Bgn_26": "2011", "BA_26": "0", "LNT_26": "0", "BB_26": "0", "DAS_26": "1", "OP_26": "1", "UT_26": "1", "GR_26": "0", "LB_26": "0", "JBT_26": "1", "Tp_Lnts_26": "SUNGAI", "Dt_Lnts_26": "LURUS", "Pnangnn_26": "RUTIN", "Pmriksn_26": "TIDAK DISURVEI TA. 2026", "Pnglola_26": "BBPJN PAPUA-PAPUA PEGUNUNGAN", "Satkr_ID26": "693940", "PPK_Name26": "1.2", "Traffic_26": null, "VCR_26": "0", "AADT_26": "205", "Tipe_Jb_26": null, "Lat_26": -2.563424, "Long_26": 140.089722, "Tgl_Ins_26": "09/03/2024", "Ket_26": null }, "geometry": { "type": "Point", "coordinates": [ 140.089721999770518, -2.563423999617839 ] } },
{ "type": "Feature", "properties": { "KDRUAS_UPD": "62005", "NOJBT_UPD": "62.005.001.0", "NM_RUAS_UP": "YETTI - SENGGI - MAMBERAMO I (STA 0+000 - 107+300)", "NM_JBT_UPD": "MOO I", "PROVINSI": "PAPUA PEGUNUNGAN (JAYAPURA)", "No_Prov_26": "62", "ID_Jbt_26": "6200048", "Kd_Ruas_26": "62005", "Suffix_26": "0", "Nm_Ruas_26": "YETTI - SENGGI - MAMBERAMO I (STA 0+000 - 107+300)", "Lintas_26": "JALAN LINTAS TENGAH", "No_Jbt_26": "62.005.001.0", "Nm_Jbt_26": "MOO I", "Status_26": "N", "Fungsi_26": "A", "Lks_Dr_26": "JPR", "Lks_km_26": 0.0, "F_STA_26": "110", "Cadin_26": "MBR", "Pjg_Jbt_26": 30.9, "Btg_Pjg_26": 30.14, "Jml_Btg_26": "1", "Lb_Jl_Ms26": 5.0, "Lb_Jl_Kl26": 5.0, "Lb_Lalin26": 7.04, "Lb_Bh_Ki26": 0.0, "Lb_Bh_Ka26": 0.0, "Lb_Dr_Ki26": 0.0, "Lb_Dr_Ka26": 0.0, "Lb_Tr_Ki26": 1.03, "Lb_Tr_Ka26": 1.03, "Lb_TS_Ki26": 0.31, "Lb_TS_Ka26": 0.31, "Lb_Med_26": 0.0, "Lbr_Jbt_26": 9.72, "Bgn_Ats_26": "GBP", "Jns_Jbt_26": "STANDAR", "Thn_Bgn_26": "2016", "BA_26": "2", "LNT_26": "2", "BB_26": "2", "DAS_26": "0", "OP_26": "2", "UT_26": "0", "GR_26": "0", "LB_26": "0", "JBT_26": "2", "Tp_Lnts_26": "SUNGAI", "Dt_Lnts_26": "LURUS", "Pnangnn_26": "RUTIN", "Pmriksn_26": "DETAIL", "Pnglola_26": "BBPJN PAPUA-PAPUA PEGUNUNGAN", "Satkr_ID26": "693965", "PPK_Name26": "2.3", "Traffic_26": null, "VCR_26": "0", "AADT_26": "98", "Tipe_Jb_26": null, "Lat_26": -3.289857, "Long_26": 140.93544, "Tgl_Ins_26": "24/05/2026", "Ket_26": null }, "geometry": { "type": "Point", "coordinates": [ 140.93544000025588, -3.289857000400218 ] } },
{ "type": "Feature", "properties": { "KDRUAS_UPD": "62005", "NOJBT_UPD": "62.005.003.0", "NM_RUAS_UP": "YETTI - SENGGI - MAMBERAMO I (STA 0+000 - 107+300)", "NM_JBT_UPD": "MOO II", "PROVINSI": "PAPUA PEGUNUNGAN (JAYAPURA)", "No_Prov_26": "62", "ID_Jbt_26": "6200050", "Kd_Ruas_26": "62005", "Suffix_26": "0", "Nm_Ruas_26": "YETTI - SENGGI - MAMBERAMO I (STA 0+000 - 107+300)", "Lintas_26": "JALAN LINTAS TENGAH", "No_Jbt_26": "62.005.003.0", "Nm_Jbt_26": "MOO II", "Status_26": "N", "Fungsi_26": "A", "Lks_Dr_26": "JPR", "Lks_km_26": 2.126, "F_STA_26": "260", "Cadin_26": "MBR", "Pjg_Jbt_26": 30.7, "Btg_Pjg_26": 30.2, "Jml_Btg_26": "1", "Lb_Jl_Ms26": 5.0, "Lb_Jl_Kl26": 5.0, "Lb_Lalin26": 6.7, "Lb_Bh_Ki26": 0.0, "Lb_Bh_Ka26": 0.0, "Lb_Dr_Ki26": 0.21, "Lb_Dr_Ka26": 0.1, "Lb_Tr_Ki26": 0.95, "Lb_Tr_Ka26": 0.96, "Lb_TS_Ki26": 0.23, "Lb_TS_Ka26": 0.22, "Lb_Med_26": 0.0, "Lbr_Jbt_26": 9.37, "Bgn_Ats_26": "GBP", "Jns_Jbt_26": "STANDAR", "Thn_Bgn_26": "2016", "BA_26": "2", "LNT_26": "2", "BB_26": "0", "DAS_26": "2", "OP_26": "0", "UT_26": "0", "GR_26": "0", "LB_26": "0", "JBT_26": "2", "Tp_Lnts_26": "SUNGAI", "Dt_Lnts_26": "LURUS", "Pnangnn_26": "RUTIN", "Pmriksn_26": "DETAIL", "Pnglola_26": "BBPJN PAPUA-PAPUA PEGUNUNGAN", "Satkr_ID26": "693965", "PPK_Name26": "2.3", "Traffic_26": null, "VCR_26": "0", "AADT_26": "98", "Tipe_Jb_26": null, "Lat_26": -3.29103, "Long_26": 140.9265, "Tgl_Ins_26": "24/05/2026", "Ket_26": null }, "geometry": { "type": "Point", "coordinates": [ 140.92651399962142, -3.291029999634702 ] } },
{ "type": "Feature", "properties": { "KDRUAS_UPD": "62005", "NOJBT_UPD": "62.005.004.0", "NM_RUAS_UP": "YETTI - SENGGI - MAMBERAMO I (STA 0+000 - 107+300)", "NM_JBT_UPD": "MOO III", "PROVINSI": "PAPUA PEGUNUNGAN (JAYAPURA)", "No_Prov_26": "62", "ID_Jbt_26": "6200051", "Kd_Ruas_26": "62005", "Suffix_26": "0", "Nm_Ruas_26": "YETTI - SENGGI - MAMBERAMO I (STA 0+000 - 107+300)", "Lintas_26": "JALAN LINTAS TENGAH", "No_Jbt_26": "62.005.004.0", "Nm_Jbt_26": "MOO III", "Status_26": "N", "Fungsi_26": "A", "Lks_Dr_26": "JPR", "Lks_km_26": 2.975, "F_STA_26": "370", "Cadin_26": "MBR", "Pjg_Jbt_26": 30.7, "Btg_Pjg_26": 30.2, "Jml_Btg_26": "1", "Lb_Jl_Ms26": 5.0, "Lb_Jl_Kl26": 5.0, "Lb_Lalin26": 6.77, "Lb_Bh_Ki26": 0.0, "Lb_Bh_Ka26": 0.0, "Lb_Dr_Ki26": 0.0, "Lb_Dr_Ka26": 0.0, "Lb_Tr_Ki26": 1.06, "Lb_Tr_Ka26": 1.0, "Lb_TS_Ki26": 0.27, "Lb_TS_Ka26": 0.28, "Lb_Med_26": 0.0, "Lbr_Jbt_26": 9.38, "Bgn_Ats_26": "GBP", "Jns_Jbt_26": "STANDAR", "Thn_Bgn_26": "2016", "BA_26": "2", "LNT_26": "2", "BB_26": "0", "DAS_26": "1", "OP_26": "0", "UT_26": "0", "GR_26": "0", "LB_26": "0", "JBT_26": "2", "Tp_Lnts_26": "SUNGAI", "Dt_Lnts_26": "LURUS", "Pnangnn_26": "RUTIN", "Pmriksn_26": "DETAIL", "Pnglola_26": "BBPJN PAPUA-PAPUA PEGUNUNGAN", "Satkr_ID26": "693965", "PPK_Name26": "2.3", "Traffic_26": null, "VCR_26": "0", "AADT_26": "98", "Tipe_Jb_26": null, "Lat_26": -3.300282, "Long_26": 140.927246, "Tgl_Ins_26": "24/05/2026", "Ket_26": null }, "geometry": { "type": "Point", "coordinates": [ 140.927246000102855, -3.300282000014249 ] } },
{ "type": "Feature", "properties": { "KDRUAS_UPD": "62005", "NOJBT_UPD": "62.005.005.0", "NM_RUAS_UP": "YETTI - SENGGI - MAMBERAMO I (STA 0+000 - 107+300)", "NM_JBT_UPD": "MOO IV", "PROVINSI": "PAPUA PEGUNUNGAN (JAYAPURA)", "No_Prov_26": "62", "ID_Jbt_26": "6200052", "Kd_Ruas_26": "62005", "Suffix_26": "0", "Nm_Ruas_26": "YETTI - SENGGI - MAMBERAMO I (STA 0+000 - 107+300)", "Lintas_26": "JALAN LINTAS TENGAH", "No_Jbt_26": "62.005.005.0", "Nm_Jbt_26": "MOO IV", "Status_26": "N", "Fungsi_26": "A", "Lks_Dr_26": "JPR", "Lks_km_26": 3.97, "F_STA_26": "440", "Cadin_26": "MBR", "Pjg_Jbt_26": 8.1, "Btg_Pjg_26": 2.44, "Jml_Btg_26": "2", "Lb_Jl_Ms26": 5.0, "Lb_Jl_Kl26": 5.0, "Lb_Lalin26": 8.3, "Lb_Bh_Ki26": 0.0, "Lb_Bh_Ka26": 0.0, "Lb_Dr_Ki26": 0.0, "Lb_Dr_Ka26": 0.0, "Lb_Tr_Ki26": 0.0, "Lb_Tr_Ka26": 0.0, "Lb_TS_Ki26": 0.4, "Lb_TS_Ka26": 0.3, "Lb_Med_26": 0.0, "Lbr_Jbt_26": 9.0, "Bgn_Ats_26": "BTP", "Jns_Jbt_26": "STANDAR", "Thn_Bgn_26": "2015", "BA_26": "1", "LNT_26": "0", "BB_26": "0", "DAS_26": "2", "OP_26": "2", "UT_26": "0", "GR_26": "2", "LB_26": "0", "JBT_26": "2", "Tp_Lnts_26": "SUNGAI", "Dt_Lnts_26": "LURUS", "Pnangnn_26": "RUTIN", "Pmriksn_26": "DETAIL", "Pnglola_26": "BBPJN PAPUA-PAPUA PEGUNUNGAN", "Satkr_ID26": "693965", "PPK_Name26": "2.3", "Traffic_26": null, "VCR_26": "0", "AADT_26": "98", "Tipe_Jb_26": null, "Lat_26": -3.305559, "Long_26": 140.927917, "Tgl_Ins_26": "24/05/2026", "Ket_26": null }, "geometry": { "type": "Point", "coordinates": [ 140.927916999569902, -3.305558999648042 ] } },
{ "type": "Feature", "properties": { "KDRUAS_UPD": "62005", "NOJBT_UPD": "62.005.008.0", "NM_RUAS_UP": "YETTI - SENGGI - MAMBERAMO I (STA 0+000 - 107+300)", "NM_JBT_UPD": "MOO V", "PROVINSI": "PAPUA PEGUNUNGAN (JAYAPURA)", "No_Prov_26": "62", "ID_Jbt_26": "6200054", "Kd_Ruas_26": "62005", "Suffix_26": "0", "Nm_Ruas_26": "YETTI - SENGGI - MAMBERAMO I (STA 0+000 - 107+300)", "Lintas_26": "JALAN LINTAS TENGAH", "No_Jbt_26": "62.005.008.0", "Nm_Jbt_26": "MOO V", "Status_26": "N", "Fungsi_26": "A", "Lks_Dr_26": "JPR", "Lks_km_26": 7.527, "F_STA_26": "710", "Cadin_26": "MBR", "Pjg_Jbt_26": 30.5, "Btg_Pjg_26": 29.85, "Jml_Btg_26": "1", "Lb_Jl_Ms26": 5.0, "Lb_Jl_Kl26": 5.0, "Lb_Lalin26": 6.7, "Lb_Bh_Ki26": 0.0, "Lb_Bh_Ka26": 0.0, "Lb_Dr_Ki26": 0.16, "Lb_Dr_Ka26": 0.12, "Lb_Tr_Ki26": 0.95, "Lb_Tr_Ka26": 0.96, "Lb_TS_Ki26": 0.26, "Lb_TS_Ka26": 0.3, "Lb_Med_26": 0.0, "Lbr_Jbt_26": 9.45, "Bgn_Ats_26": "GBP", "Jns_Jbt_26": "STANDAR", "Thn_Bgn_26": "2014", "BA_26": "2", "LNT_26": "2", "BB_26": "1", "DAS_26": "0", "OP_26": "0", "UT_26": "0", "GR_26": "0", "LB_26": "0", "JBT_26": "2", "Tp_Lnts_26": "SUNGAI", "Dt_Lnts_26": "LURUS", "Pnangnn_26": "RUTIN", "Pmriksn_26": "DETAIL", "Pnglola_26": "BBPJN PAPUA-PAPUA PEGUNUNGAN", "Satkr_ID26": "693965", "PPK_Name26": "2.3", "Traffic_26": null, "VCR_26": "0", "AADT_26": "98", "Tipe_Jb_26": null, "Lat_26": -3.314879, "Long_26": 140.90979, "Tgl_Ins_26": "01/06/2026", "Ket_26": null }, "geometry": { "type": "Point", "coordinates": [ 140.90979000000857, -3.314878999566133 ] } },
{ "type": "Feature", "properties": { "KDRUAS_UPD": "62005", "NOJBT_UPD": "62.005.129.0", "NM_RUAS_UP": "YETTI - SENGGI - MAMBERAMO II (STA 107+300 - 153+970/AKHIR", "NM_JBT_UPD": "MUARANAWA I", "PROVINSI": "PAPUA PEGUNUNGAN (JAYAPURA)", "No_Prov_26": "62", "ID_Jbt_26": "6200886", "Kd_Ruas_26": "62005", "Suffix_26": "0", "Nm_Ruas_26": "YETTI - SENGGI - MAMBERAMO II (STA 107+300 - 153+970/AKHIR", "Lintas_26": "YETTI - SENGGI - MAMBERAMO", "No_Jbt_26": "62.005.129.0", "Nm_Jbt_26": "MUARANAWA I", "Status_26": "N", "Fungsi_26": "A", "Lks_Dr_26": "JPR", "Lks_km_26": 124.69, "F_STA_26": "12070", "Cadin_26": "MBR", "Pjg_Jbt_26": 9.77, "Btg_Pjg_26": 3.0, "Jml_Btg_26": "1", "Lb_Jl_Ms26": 6.0, "Lb_Jl_Kl26": 6.0, "Lb_Lalin26": 5.56, "Lb_Bh_Ki26": 1.59, "Lb_Bh_Ka26": 1.75, "Lb_Dr_Ki26": 0.0, "Lb_Dr_Ka26": 0.0, "Lb_Tr_Ki26": 0.0, "Lb_Tr_Ka26": 0.0, "Lb_TS_Ki26": 0.29, "Lb_TS_Ka26": 0.29, "Lb_Med_26": 0.0, "Lbr_Jbt_26": 9.48, "Bgn_Ats_26": "BTP", "Jns_Jbt_26": "STANDAR", "Thn_Bgn_26": "2022", "BA_26": "1", "LNT_26": "0", "BB_26": "0", "DAS_26": "0", "OP_26": "1", "UT_26": "0", "GR_26": "2", "LB_26": "0", "JBT_26": "2", "Tp_Lnts_26": "SUNGAI", "Dt_Lnts_26": "LURUS", "Pnangnn_26": "RUTIN", "Pmriksn_26": "DETAIL", "Pnglola_26": "BBPJN PAPUA-PAPUA PEGUNUNGAN", "Satkr_ID26": "693965", "PPK_Name26": "2.4", "Traffic_26": null, "VCR_26": "0", "AADT_26": "98", "Tipe_Jb_26": null, "Lat_26": -3.726414, "Long_26": 140.2994, "Tgl_Ins_26": "31/05/2026", "Ket_26": null }, "geometry": { "type": "Point", "coordinates": [ 140.299377000348386, -3.72641400010599 ] } },
{ "type": "Feature", "properties": { "KDRUAS_UPD": "62005", "NOJBT_UPD": "62.005.131.0", "NM_RUAS_UP": "YETTI - SENGGI - MAMBERAMO II (STA 107+300 - 153+970/AKHIR", "NM_JBT_UPD": "MUARANAWA III", "PROVINSI": "PAPUA PEGUNUNGAN (JAYAPURA)", "No_Prov_26": "62", "ID_Jbt_26": "6200888", "Kd_Ruas_26": "62005", "Suffix_26": "0", "Nm_Ruas_26": "YETTI - SENGGI - MAMBERAMO II (STA 107+300 - 153+970/AKHIR", "Lintas_26": "YETTI - SENGGI - MAMBERAMO", "No_Jbt_26": "62.005.131.0", "Nm_Jbt_26": "MUARANAWA III", "Status_26": "N", "Fungsi_26": "A", "Lks_Dr_26": "JPR", "Lks_km_26": 0.0, "F_STA_26": "12290", "Cadin_26": "MBR", "Pjg_Jbt_26": 20.45, "Btg_Pjg_26": 20.1, "Jml_Btg_26": "1", "Lb_Jl_Ms26": 6.0, "Lb_Jl_Kl26": 6.0, "Lb_Lalin26": 6.01, "Lb_Bh_Ki26": 0.33, "Lb_Bh_Ka26": 0.51, "Lb_Dr_Ki26": 0.11, "Lb_Dr_Ka26": 0.12, "Lb_Tr_Ki26": 0.97, "Lb_Tr_Ka26": 0.9, "Lb_TS_Ki26": 0.22, "Lb_TS_Ka26": 0.28, "Lb_Med_26": 0.0, "Lbr_Jbt_26": 9.45, "Bgn_Ats_26": "GBP", "Jns_Jbt_26": "STANDAR", "Thn_Bgn_26": "2023", "BA_26": "2", "LNT_26": "2", "BB_26": "2", "DAS_26": "2", "OP_26": "0", "UT_26": "0", "GR_26": "0", "LB_26": "0", "JBT_26": "2", "Tp_Lnts_26": "SUNGAI", "Dt_Lnts_26": "LURUS", "Pnangnn_26": "RUTIN", "Pmriksn_26": "DETAIL", "Pnglola_26": "BBPJN PAPUA-PAPUA PEGUNUNGAN", "Satkr_ID26": "693965", "PPK_Name26": "2.4", "Traffic_26": null, "VCR_26": "0", "AADT_26": "98", "Tipe_Jb_26": null, "Lat_26": -3.710975, "Long_26": 140.289597, "Tgl_Ins_26": "27/06/2026", "Ket_26": null }, "geometry": { "type": "Point", "coordinates": [ 140.289596999901732, -3.710975000395877 ] } },
{ "type": "Feature", "properties": { "KDRUAS_UPD": "62005", "NOJBT_UPD": "62.005.134.0", "NM_RUAS_UP": "YETTI - SENGGI - MAMBERAMO II (STA 107+300 - 153+970/AKHIR", "NM_JBT_UPD": "MUARANAWA V", "PROVINSI": "PAPUA PEGUNUNGAN (JAYAPURA)", "No_Prov_26": "62", "ID_Jbt_26": "6200891", "Kd_Ruas_26": "62005", "Suffix_26": "0", "Nm_Ruas_26": "YETTI - SENGGI - MAMBERAMO II (STA 107+300 - 153+970/AKHIR", "Lintas_26": "YETTI - SENGGI - MAMBERAMO", "No_Jbt_26": "62.005.134.0", "Nm_Jbt_26": "MUARANAWA V", "Status_26": "N", "Fungsi_26": "A", "Lks_Dr_26": "JPR", "Lks_km_26": 0.0, "F_STA_26": "12400", "Cadin_26": "MBR", "Pjg_Jbt_26": 25.9, "Btg_Pjg_26": 25.3, "Jml_Btg_26": "1", "Lb_Jl_Ms26": 6.0, "Lb_Jl_Kl26": 6.0, "Lb_Lalin26": 8.3, "Lb_Bh_Ki26": 0.0, "Lb_Bh_Ka26": 0.0, "Lb_Dr_Ki26": 0.0, "Lb_Dr_Ka26": 0.0, "Lb_Tr_Ki26": 0.0, "Lb_Tr_Ka26": 0.0, "Lb_TS_Ki26": 0.0, "Lb_TS_Ka26": 0.0, "Lb_Med_26": 0.0, "Lbr_Jbt_26": 8.3, "Bgn_Ats_26": "GBP", "Jns_Jbt_26": "STANDAR", "Thn_Bgn_26": "2023", "BA_26": "2", "LNT_26": "0", "BB_26": "1", "DAS_26": "0", "OP_26": "0", "UT_26": "0", "GR_26": "0", "LB_26": "0", "JBT_26": "2", "Tp_Lnts_26": "SUNGAI", "Dt_Lnts_26": "LURUS", "Pnangnn_26": "RUTIN", "Pmriksn_26": "TIDAK DISURVEI TA. 2026", "Pnglola_26": "BBPJN PAPUA-PAPUA PEGUNUNGAN", "Satkr_ID26": "693965", "PPK_Name26": "2.4", "Traffic_26": null, "VCR_26": "0", "AADT_26": "98", "Tipe_Jb_26": null, "Lat_26": -3.703515, "Long_26": 140.289719, "Tgl_Ins_26": "25/03/2024", "Ket_26": null }, "geometry": { "type": "Point", "coordinates": [ 140.289719000131868, -3.703514999917275 ] } },
{ "type": "Feature", "properties": { "KDRUAS_UPD": "62005", "NOJBT_UPD": "62.005.135.0", "NM_RUAS_UP": "YETTI - SENGGI - MAMBERAMO II (STA 107+300 - 153+970/AKHIR", "NM_JBT_UPD": "MUARANAWA VI", "PROVINSI": "PAPUA PEGUNUNGAN (JAYAPURA)", "No_Prov_26": "62", "ID_Jbt_26": "6200892", "Kd_Ruas_26": "62005", "Suffix_26": "0", "Nm_Ruas_26": "YETTI - SENGGI - MAMBERAMO II (STA 107+300 - 153+970/AKHIR", "Lintas_26": "YETTI - SENGGI - MAMBERAMO", "No_Jbt_26": "62.005.135.0", "Nm_Jbt_26": "MUARANAWA VI", "Status_26": "N", "Fungsi_26": "A", "Lks_Dr_26": "JPR", "Lks_km_26": 0.0, "F_STA_26": "12420", "Cadin_26": "MBR", "Pjg_Jbt_26": 20.15, "Btg_Pjg_26": 19.6, "Jml_Btg_26": "1", "Lb_Jl_Ms26": 6.0, "Lb_Jl_Kl26": 6.0, "Lb_Lalin26": 8.3, "Lb_Bh_Ki26": 0.0, "Lb_Bh_Ka26": 0.0, "Lb_Dr_Ki26": 0.0, "Lb_Dr_Ka26": 0.0, "Lb_Tr_Ki26": 0.0, "Lb_Tr_Ka26": 0.0, "Lb_TS_Ki26": 0.0, "Lb_TS_Ka26": 0.0, "Lb_Med_26": 0.0, "Lbr_Jbt_26": 8.3, "Bgn_Ats_26": "GBP", "Jns_Jbt_26": "STANDAR", "Thn_Bgn_26": "2023", "BA_26": "0", "LNT_26": "0", "BB_26": "1", "DAS_26": "1", "OP_26": "1", "UT_26": "0", "GR_26": "0", "LB_26": "0", "JBT_26": "1", "Tp_Lnts_26": "SUNGAI", "Dt_Lnts_26": "LURUS", "Pnangnn_26": "RUTIN", "Pmriksn_26": "TIDAK DISURVEI TA. 2026", "Pnglola_26": "BBPJN PAPUA-PAPUA PEGUNUNGAN", "Satkr_ID26": "693965", "PPK_Name26": "2.4", "Traffic_26": null, "VCR_26": "0", "AADT_26": "98", "Tipe_Jb_26": null, "Lat_26": -3.701766, "Long_26": 140.28862, "Tgl_Ins_26": "25/03/2024", "Ket_26": null }, "geometry": { "type": "Point", "coordinates": [ 140.28861999981325, -3.701766000200678 ] } },
{ "type": "Feature", "properties": { "KDRUAS_UPD": "62032", "NOJBT_UPD": "62.032.017.0", "NM_RUAS_UP": "KOYA KOSA - HOLTEKAMP - SKOW/ BTS. PNG", "NM_JBT_UPD": "MUARATAMI", "PROVINSI": "PAPUA PEGUNUNGAN (JAYAPURA)", "No_Prov_26": "62", "ID_Jbt_26": "6202178", "Kd_Ruas_26": "62032", "Suffix_26": null, "Nm_Ruas_26": "KOYA KOSA - HOLTEKAMP - SKOW/ BTS. PNG", "Lintas_26": "JALAN LINTAS MENUJU PERBATASAN", "No_Jbt_26": "62.032.017.0", "Nm_Jbt_26": "MUARATAMI", "Status_26": "N", "Fungsi_26": "A", "Lks_Dr_26": "JPR", "Lks_km_26": 39.046, "F_STA_26": "3180", "Cadin_26": "SKW", "Pjg_Jbt_26": 112.5, "Btg_Pjg_26": 55.0, "Jml_Btg_26": "2", "Lb_Jl_Ms26": 7.0, "Lb_Jl_Kl26": 7.0, "Lb_Lalin26": 5.54, "Lb_Bh_Ki26": 0.17, "Lb_Bh_Ka26": 0.12, "Lb_Dr_Ki26": 0.1, "Lb_Dr_Ka26": 0.1, "Lb_Tr_Ki26": 0.47, "Lb_Tr_Ka26": 0.49, "Lb_TS_Ki26": 0.0, "Lb_TS_Ka26": 0.0, "Lb_Med_26": 0.0, "Lbr_Jbt_26": 6.99, "Bgn_Ats_26": "RBP", "Jns_Jbt_26": "STANDAR", "Thn_Bgn_26": "2000", "BA_26": "2", "LNT_26": "2", "BB_26": "2", "DAS_26": "1", "OP_26": "2", "UT_26": "0", "GR_26": "0", "LB_26": "0", "JBT_26": "2", "Tp_Lnts_26": "SUNGAI", "Dt_Lnts_26": "LURUS", "Pnangnn_26": "RUTIN", "Pmriksn_26": "TIDAK DISURVEI TA. 2026", "Pnglola_26": "BBPJN PAPUA-PAPUA PEGUNUNGAN", "Satkr_ID26": "693940", "PPK_Name26": "1.1", "Traffic_26": null, "VCR_26": "0", "AADT_26": "1312", "Tipe_Jb_26": null, "Lat_26": -2.627649, "Long_26": 140.9257, "Tgl_Ins_26": "22/05/2025", "Ket_26": null }, "geometry": { "type": "Point", "coordinates": [ 140.925690000293343, -2.627648999901396 ] } },
{ "type": "Feature", "properties": { "KDRUAS_UPD": "62035", "NOJBT_UPD": "62.035.079.0", "NM_RUAS_UP": "NIMBOTONG - BONGGO", "NM_JBT_UPD": "MUGUFWAY", "PROVINSI": "PAPUA PEGUNUNGAN (JAYAPURA)", "No_Prov_26": "62", "ID_Jbt_26": "6200545", "Kd_Ruas_26": "62035", "Suffix_26": null, "Nm_Ruas_26": "NIMBOTONG - BONGGO", "Lintas_26": "JALAN LINTAS UTARA", "No_Jbt_26": "62.035.079.0", "Nm_Jbt_26": "MUGUFWAY", "Status_26": "N", "Fungsi_26": "K", "Lks_Dr_26": "JPR", "Lks_km_26": 81.247, "F_STA_26": "7040", "Cadin_26": "BGO", "Pjg_Jbt_26": 21.4, "Btg_Pjg_26": 20.8, "Jml_Btg_26": "1", "Lb_Jl_Ms26": 6.0, "Lb_Jl_Kl26": 6.0, "Lb_Lalin26": 5.7, "Lb_Bh_Ki26": 0.0, "Lb_Bh_Ka26": 0.0, "Lb_Dr_Ki26": 0.05, "Lb_Dr_Ka26": 0.05, "Lb_Tr_Ki26": 0.96, "Lb_Tr_Ka26": 0.96, "Lb_TS_Ki26": 0.0, "Lb_TS_Ka26": 0.0, "Lb_Med_26": 0.0, "Lbr_Jbt_26": 7.72, "Bgn_Ats_26": "GTP", "Jns_Jbt_26": "STANDAR", "Thn_Bgn_26": "2008", "BA_26": "2", "LNT_26": "2", "BB_26": "1", "DAS_26": "1", "OP_26": "1", "UT_26": "0", "GR_26": "0", "LB_26": "0", "JBT_26": "2", "Tp_Lnts_26": "SUNGAI", "Dt_Lnts_26": "LURUS", "Pnangnn_26": "RUTIN", "Pmriksn_26": "TIDAK DISURVEI TA. 2026", "Pnglola_26": "BBPJN PAPUA-PAPUA PEGUNUNGAN", "Satkr_ID26": "693940", "PPK_Name26": "1.2", "Traffic_26": null, "VCR_26": "0", "AADT_26": "205", "Tipe_Jb_26": null, "Lat_26": -2.358311, "Long_26": 139.665909, "Tgl_Ins_26": "19/06/2025", "Ket_26": null }, "geometry": { "type": "Point", "coordinates": [ 139.665908999600674, -2.358310999852733 ] } },
{ "type": "Feature", "properties": { "KDRUAS_UPD": "620021", "NOJBT_UPD": "62.002.011.0.1", "NM_RUAS_UP": "ABEPURA - BTS. KOTA JAYAPURA / KAB. KEROM", "NM_JBT_UPD": "NAFRI 1", "PROVINSI": "PAPUA PEGUNUNGAN (JAYAPURA)", "No_Prov_26": "62", "ID_Jbt_26": "6200005", "Kd_Ruas_26": "620021", "Suffix_26": "1", "Nm_Ruas_26": "ABEPURA - BTS. KOTA JAYAPURA / KAB. KEROM", "Lintas_26": "JALAN LINTAS PERBATASAN", "No_Jbt_26": "62.002.011.0.1", "Nm_Jbt_26": "NAFRI 1", "Status_26": "N", "Fungsi_26": "A", "Lks_Dr_26": "JPR", "Lks_km_26": 7.362, "F_STA_26": "720", "Cadin_26": "ARS", "Pjg_Jbt_26": 20.0, "Btg_Pjg_26": 20.0, "Jml_Btg_26": "1", "Lb_Jl_Ms26": 5.5, "Lb_Jl_Kl26": 5.5, "Lb_Lalin26": 5.3, "Lb_Bh_Ki26": 0.36, "Lb_Bh_Ka26": 0.34, "Lb_Dr_Ki26": 0.0, "Lb_Dr_Ka26": 0.0, "Lb_Tr_Ki26": 0.51, "Lb_Tr_Ka26": 0.48, "Lb_TS_Ki26": 0.0, "Lb_TS_Ka26": 0.0, "Lb_Med_26": 0.0, "Lbr_Jbt_26": 6.99, "Bgn_Ats_26": "GBP", "Jns_Jbt_26": "STANDAR", "Thn_Bgn_26": "1992", "BA_26": "2", "LNT_26": "2", "BB_26": "1", "DAS_26": "2", "OP_26": "0", "UT_26": "0", "GR_26": "0", "LB_26": "0", "JBT_26": "2", "Tp_Lnts_26": "SUNGAI", "Dt_Lnts_26": "LURUS", "Pnangnn_26": "RUTIN", "Pmriksn_26": "DETAIL", "Pnglola_26": "BBPJN PAPUA-PAPUA PEGUNUNGAN", "Satkr_ID26": "693965", "PPK_Name26": "2.1", "Traffic_26": null, "VCR_26": "0", "AADT_26": "7883", "Tipe_Jb_26": null, "Lat_26": -2.632704, "Long_26": 140.719757, "Tgl_Ins_26": "22/06/2026", "Ket_26": null }, "geometry": { "type": "Point", "coordinates": [ 140.719756999585911, -2.632704000089461 ] } },
{ "type": "Feature", "properties": { "KDRUAS_UPD": "620021", "NOJBT_UPD": "62.002.012.0.1", "NM_RUAS_UP": "ABEPURA - BTS. KOTA JAYAPURA / KAB. KEROM", "NM_JBT_UPD": "NAFRI 2", "PROVINSI": "PAPUA PEGUNUNGAN (JAYAPURA)", "No_Prov_26": "62", "ID_Jbt_26": "6200006", "Kd_Ruas_26": "620021", "Suffix_26": "1", "Nm_Ruas_26": "ABEPURA - BTS. KOTA JAYAPURA / KAB. KEROM", "Lintas_26": "JALAN LINTAS PERBATASAN", "No_Jbt_26": "62.002.012.0.1", "Nm_Jbt_26": "NAFRI 2", "Status_26": "N", "Fungsi_26": "A", "Lks_Dr_26": "JPR", "Lks_km_26": 11.341, "F_STA_26": "1090", "Cadin_26": "ARS", "Pjg_Jbt_26": 21.0, "Btg_Pjg_26": 20.0, "Jml_Btg_26": "1", "Lb_Jl_Ms26": 6.0, "Lb_Jl_Kl26": 6.0, "Lb_Lalin26": 6.0, "Lb_Bh_Ki26": 0.0, "Lb_Bh_Ka26": 0.0, "Lb_Dr_Ki26": 0.0, "Lb_Dr_Ka26": 0.0, "Lb_Tr_Ki26": 0.45, "Lb_Tr_Ka26": 0.5, "Lb_TS_Ki26": 0.0, "Lb_TS_Ka26": 0.0, "Lb_Med_26": 0.0, "Lbr_Jbt_26": 6.95, "Bgn_Ats_26": "GBP", "Jns_Jbt_26": "STANDAR", "Thn_Bgn_26": "1991", "BA_26": "2", "LNT_26": "0", "BB_26": "0", "DAS_26": "1", "OP_26": "2", "UT_26": "0", "GR_26": "0", "LB_26": "0", "JBT_26": "2", "Tp_Lnts_26": "SUNGAI", "Dt_Lnts_26": "LURUS", "Pnangnn_26": "RUTIN", "Pmriksn_26": "DETAIL", "Pnglola_26": "BBPJN PAPUA-PAPUA PEGUNUNGAN", "Satkr_ID26": "693965", "PPK_Name26": "2.1", "Traffic_26": null, "VCR_26": "0", "AADT_26": "7883", "Tipe_Jb_26": null, "Lat_26": -2.649794, "Long_26": 140.745697, "Tgl_Ins_26": "22/06/2026", "Ket_26": null }, "geometry": { "type": "Point", "coordinates": [ 140.74569699971687, -2.649794000392774 ] } },
{ "type": "Feature", "properties": { "KDRUAS_UPD": "620021", "NOJBT_UPD": "62.002.013.0.1", "NM_RUAS_UP": "ABEPURA - BTS. KOTA JAYAPURA / KAB. KEROM", "NM_JBT_UPD": "NAFRI 3", "PROVINSI": "PAPUA PEGUNUNGAN (JAYAPURA)", "No_Prov_26": "62", "ID_Jbt_26": "6200007", "Kd_Ruas_26": "620021", "Suffix_26": "1", "Nm_Ruas_26": "ABEPURA - BTS. KOTA JAYAPURA / KAB. KEROM", "Lintas_26": "JALAN LINTAS PERBATASAN", "No_Jbt_26": "62.002.013.0.1", "Nm_Jbt_26": "NAFRI 3", "Status_26": "N", "Fungsi_26": "A", "Lks_Dr_26": "JPR", "Lks_km_26": 14.803, "F_STA_26": "1400", "Cadin_26": "ARS", "Pjg_Jbt_26": 21.0, "Btg_Pjg_26": 19.6, "Jml_Btg_26": "1", "Lb_Jl_Ms26": 6.0, "Lb_Jl_Kl26": 6.0, "Lb_Lalin26": 6.06, "Lb_Bh_Ki26": 0.0, "Lb_Bh_Ka26": 0.0, "Lb_Dr_Ki26": 0.0, "Lb_Dr_Ka26": 0.0, "Lb_Tr_Ki26": 0.44, "Lb_Tr_Ka26": 0.43, "Lb_TS_Ki26": 0.0, "Lb_TS_Ka26": 0.0, "Lb_Med_26": 0.0, "Lbr_Jbt_26": 6.93, "Bgn_Ats_26": "GBP", "Jns_Jbt_26": "STANDAR", "Thn_Bgn_26": "1991", "BA_26": "2", "LNT_26": "2", "BB_26": "1", "DAS_26": "1", "OP_26": "2", "UT_26": "0", "GR_26": "0", "LB_26": "0", "JBT_26": "2", "Tp_Lnts_26": "SUNGAI", "Dt_Lnts_26": "LURUS", "Pnangnn_26": "RUTIN", "Pmriksn_26": "DETAIL", "Pnglola_26": "BBPJN PAPUA-PAPUA PEGUNUNGAN", "Satkr_ID26": "693965", "PPK_Name26": "2.1", "Traffic_26": null, "VCR_26": "0", "AADT_26": "7883", "Tipe_Jb_26": null, "Lat_26": -2.669495, "Long_26": 140.755341, "Tgl_Ins_26": "22/06/2026", "Ket_26": null }, "geometry": { "type": "Point", "coordinates": [ 140.755341000187059, -2.66949499969445 ] } },
{ "type": "Feature", "properties": { "KDRUAS_UPD": "620021", "NOJBT_UPD": "62.002.014.0.1", "NM_RUAS_UP": "ABEPURA - BTS. KOTA JAYAPURA / KAB. KEROM", "NM_JBT_UPD": "NAFRI 4", "PROVINSI": "PAPUA PEGUNUNGAN (JAYAPURA)", "No_Prov_26": "62", "ID_Jbt_26": "6200008", "Kd_Ruas_26": "620021", "Suffix_26": "1", "Nm_Ruas_26": "ABEPURA - BTS. KOTA JAYAPURA / KAB. KEROM", "Lintas_26": "JALAN LINTAS PERBATASAN", "No_Jbt_26": "62.002.014.0.1", "Nm_Jbt_26": "NAFRI 4", "Status_26": "N", "Fungsi_26": "A", "Lks_Dr_26": "JPR", "Lks_km_26": 18.178, "F_STA_26": "1700", "Cadin_26": "ARS", "Pjg_Jbt_26": 21.0, "Btg_Pjg_26": 19.8, "Jml_Btg_26": "1", "Lb_Jl_Ms26": 6.0, "Lb_Jl_Kl26": 6.0, "Lb_Lalin26": 5.98, "Lb_Bh_Ki26": 0.0, "Lb_Bh_Ka26": 0.0, "Lb_Dr_Ki26": 0.0, "Lb_Dr_Ka26": 0.0, "Lb_Tr_Ki26": 0.5, "Lb_Tr_Ka26": 0.5, "Lb_TS_Ki26": 0.0, "Lb_TS_Ka26": 0.0, "Lb_Med_26": 0.0, "Lbr_Jbt_26": 6.98, "Bgn_Ats_26": "GBP", "Jns_Jbt_26": "STANDAR", "Thn_Bgn_26": "1992", "BA_26": "2", "LNT_26": "2", "BB_26": "2", "DAS_26": "2", "OP_26": "2", "UT_26": "0", "GR_26": "0", "LB_26": "0", "JBT_26": "2", "Tp_Lnts_26": "SUNGAI", "Dt_Lnts_26": "LURUS", "Pnangnn_26": "RUTIN", "Pmriksn_26": "DETAIL", "Pnglola_26": "BBPJN PAPUA-PAPUA PEGUNUNGAN", "Satkr_ID26": "693965", "PPK_Name26": "2.1", "Traffic_26": null, "VCR_26": "0", "AADT_26": "7883", "Tipe_Jb_26": null, "Lat_26": -2.676465, "Long_26": 140.771149, "Tgl_Ins_26": "23/06/2026", "Ket_26": null }, "geometry": { "type": "Point", "coordinates": [ 140.771148999826551, -2.676465000059636 ] } },
{ "type": "Feature", "properties": { "KDRUAS_UPD": "620021", "NOJBT_UPD": "62.002.015.0.1", "NM_RUAS_UP": "ABEPURA - BTS. KOTA JAYAPURA / KAB. KEROM", "NM_JBT_UPD": "NAFRI 5", "PROVINSI": "PAPUA PEGUNUNGAN (JAYAPURA)", "No_Prov_26": "62", "ID_Jbt_26": "6200009", "Kd_Ruas_26": "620021", "Suffix_26": "1", "Nm_Ruas_26": "ABEPURA - BTS. KOTA JAYAPURA / KAB. KEROM", "Lintas_26": "JALAN LINTAS PERBATASAN", "No_Jbt_26": "62.002.015.0.1", "Nm_Jbt_26": "NAFRI 5", "Status_26": "N", "Fungsi_26": "A", "Lks_Dr_26": "JPR", "Lks_km_26": 18.505, "F_STA_26": "1730", "Cadin_26": "ARS", "Pjg_Jbt_26": 21.0, "Btg_Pjg_26": 19.8, "Jml_Btg_26": "1", "Lb_Jl_Ms26": 6.0, "Lb_Jl_Kl26": 6.0, "Lb_Lalin26": 6.0, "Lb_Bh_Ki26": 0.0, "Lb_Bh_Ka26": 0.0, "Lb_Dr_Ki26": 0.05, "Lb_Dr_Ka26": 0.05, "Lb_Tr_Ki26": 0.49, "Lb_Tr_Ka26": 0.47, "Lb_TS_Ki26": 0.0, "Lb_TS_Ka26": 0.0, "Lb_Med_26": 0.0, "Lbr_Jbt_26": 7.06, "Bgn_Ats_26": "GBP", "Jns_Jbt_26": "STANDAR", "Thn_Bgn_26": "1992", "BA_26": "2", "LNT_26": "2", "BB_26": "0", "DAS_26": "1", "OP_26": "1", "UT_26": "0", "GR_26": "0", "LB_26": "0", "JBT_26": "2", "Tp_Lnts_26": "SUNGAI", "Dt_Lnts_26": "LURUS", "Pnangnn_26": "RUTIN", "Pmriksn_26": "DETAIL", "Pnglola_26": "BBPJN PAPUA-PAPUA PEGUNUNGAN", "Satkr_ID26": "693965", "PPK_Name26": "2.1", "Traffic_26": null, "VCR_26": "0", "AADT_26": "7883", "Tipe_Jb_26": null, "Lat_26": -2.674267, "Long_26": 140.772247, "Tgl_Ins_26": "23/06/2026", "Ket_26": null }, "geometry": { "type": "Point", "coordinates": [ 140.772247000099014, -2.674267000321777 ] } },
{ "type": "Feature", "properties": { "KDRUAS_UPD": "620021", "NOJBT_UPD": "62.002.016.0.1", "NM_RUAS_UP": "ABEPURA - BTS. KOTA JAYAPURA / KAB. KEROM", "NM_JBT_UPD": "NAFRI 6", "PROVINSI": "PAPUA PEGUNUNGAN (JAYAPURA)", "No_Prov_26": "62", "ID_Jbt_26": "6200010", "Kd_Ruas_26": "620021", "Suffix_26": "1", "Nm_Ruas_26": "ABEPURA - BTS. KOTA JAYAPURA / KAB. KEROM", "Lintas_26": "JALAN LINTAS PERBATASAN", "No_Jbt_26": "62.002.016.0.1", "Nm_Jbt_26": "NAFRI 6", "Status_26": "N", "Fungsi_26": "A", "Lks_Dr_26": "JPR", "Lks_km_26": 20.746, "F_STA_26": "1920", "Cadin_26": "ARS", "Pjg_Jbt_26": 21.0, "Btg_Pjg_26": 19.8, "Jml_Btg_26": "1", "Lb_Jl_Ms26": 6.0, "Lb_Jl_Kl26": 6.0, "Lb_Lalin26": 6.0, "Lb_Bh_Ki26": 0.0, "Lb_Bh_Ka26": 0.0, "Lb_Dr_Ki26": 0.0, "Lb_Dr_Ka26": 0.0, "Lb_Tr_Ki26": 0.47, "Lb_Tr_Ka26": 0.5, "Lb_TS_Ki26": 0.0, "Lb_TS_Ka26": 0.0, "Lb_Med_26": 0.0, "Lbr_Jbt_26": 6.97, "Bgn_Ats_26": "GBP", "Jns_Jbt_26": "STANDAR", "Thn_Bgn_26": "1992", "BA_26": "2", "LNT_26": "2", "BB_26": "0", "DAS_26": "1", "OP_26": "1", "UT_26": "0", "GR_26": "0", "LB_26": "0", "JBT_26": "2", "Tp_Lnts_26": "SUNGAI", "Dt_Lnts_26": "LURUS", "Pnangnn_26": "RUTIN", "Pmriksn_26": "DETAIL", "Pnglola_26": "BBPJN PAPUA-PAPUA PEGUNUNGAN", "Satkr_ID26": "693965", "PPK_Name26": "2.1", "Traffic_26": null, "VCR_26": "0", "AADT_26": "7883", "Tipe_Jb_26": null, "Lat_26": -2.682901, "Long_26": 140.783997, "Tgl_Ins_26": "23/06/2026", "Ket_26": null }, "geometry": { "type": "Point", "coordinates": [ 140.783996999661895, -2.682901000081017 ] } },
{ "type": "Feature", "properties": { "KDRUAS_UPD": "620021", "NOJBT_UPD": "62.002.017.0.1", "NM_RUAS_UP": "ABEPURA - BTS. KOTA JAYAPURA / KAB. KEROM", "NM_JBT_UPD": "NAFRI 7", "PROVINSI": "PAPUA PEGUNUNGAN (JAYAPURA)", "No_Prov_26": "62", "ID_Jbt_26": "6200011", "Kd_Ruas_26": "620021", "Suffix_26": "1", "Nm_Ruas_26": "ABEPURA - BTS. KOTA JAYAPURA / KAB. KEROM", "Lintas_26": "JALAN LINTAS PERBATASAN", "No_Jbt_26": "62.002.017.0.1", "Nm_Jbt_26": "NAFRI 7", "Status_26": "N", "Fungsi_26": "A", "Lks_Dr_26": "JPR", "Lks_km_26": 21.808, "F_STA_26": "2020", "Cadin_26": "ARS", "Pjg_Jbt_26": 20.0, "Btg_Pjg_26": 20.0, "Jml_Btg_26": "1", "Lb_Jl_Ms26": 6.0, "Lb_Jl_Kl26": 6.0, "Lb_Lalin26": 6.0, "Lb_Bh_Ki26": 0.0, "Lb_Bh_Ka26": 0.0, "Lb_Dr_Ki26": 0.0, "Lb_Dr_Ka26": 0.0, "Lb_Tr_Ki26": 0.45, "Lb_Tr_Ka26": 0.45, "Lb_TS_Ki26": 0.0, "Lb_TS_Ka26": 0.0, "Lb_Med_26": 0.0, "Lbr_Jbt_26": 6.9, "Bgn_Ats_26": "GBP", "Jns_Jbt_26": "STANDAR", "Thn_Bgn_26": "1992", "BA_26": "2", "LNT_26": "2", "BB_26": "2", "DAS_26": "1", "OP_26": "2", "UT_26": "0", "GR_26": "0", "LB_26": "0", "JBT_26": "2", "Tp_Lnts_26": "SUNGAI", "Dt_Lnts_26": "LURUS", "Pnangnn_26": "RUTIN", "Pmriksn_26": "DETAIL", "Pnglola_26": "BBPJN PAPUA-PAPUA PEGUNUNGAN", "Satkr_ID26": "693965", "PPK_Name26": "2.1", "Traffic_26": null, "VCR_26": "0", "AADT_26": "7883", "Tipe_Jb_26": null, "Lat_26": -2.688715, "Long_26": 140.790588, "Tgl_Ins_26": "23/06/2026", "Ket_26": null }, "geometry": { "type": "Point", "coordinates": [ 140.7905879996365, -2.688715000197078 ] } },
{ "type": "Feature", "properties": { "KDRUAS_UPD": "62005", "NOJBT_UPD": "62.005.057.0", "NM_RUAS_UP": "YETTI - SENGGI - MAMBERAMO I (STA 0+000 - 107+300)", "NM_JBT_UPD": "NAMLA", "PROVINSI": "PAPUA PEGUNUNGAN (JAYAPURA)", "No_Prov_26": "62", "ID_Jbt_26": "6200102", "Kd_Ruas_26": "62005", "Suffix_26": "0", "Nm_Ruas_26": "YETTI - SENGGI - MAMBERAMO I (STA 0+000 - 107+300)", "Lintas_26": "JALAN LINTAS TENGAH", "No_Jbt_26": "62.005.057.0", "Nm_Jbt_26": "NAMLA", "Status_26": "N", "Fungsi_26": "A", "Lks_Dr_26": "JPR", "Lks_km_26": 57.552, "F_STA_26": "5600", "Cadin_26": null, "Pjg_Jbt_26": 25.4, "Btg_Pjg_26": 25.0, "Jml_Btg_26": "1", "Lb_Jl_Ms26": 4.5, "Lb_Jl_Kl26": 4.5, "Lb_Lalin26": 7.04, "Lb_Bh_Ki26": 0.0, "Lb_Bh_Ka26": 0.0, "Lb_Dr_Ki26": 0.08, "Lb_Dr_Ka26": 0.0, "Lb_Tr_Ki26": 0.96, "Lb_Tr_Ka26": 1.0, "Lb_TS_Ki26": 0.3, "Lb_TS_Ka26": 0.27, "Lb_Med_26": 0.0, "Lbr_Jbt_26": 9.65, "Bgn_Ats_26": "GBP", "Jns_Jbt_26": "STANDAR", "Thn_Bgn_26": "2019", "BA_26": "2", "LNT_26": "2", "BB_26": "2", "DAS_26": "0", "OP_26": "0", "UT_26": "0", "GR_26": "0", "LB_26": "0", "JBT_26": "2", "Tp_Lnts_26": "SUNGAI", "Dt_Lnts_26": "LURUS", "Pnangnn_26": "RUTIN", "Pmriksn_26": "DETAIL", "Pnglola_26": "BBPJN PAPUA-PAPUA PEGUNUNGAN", "Satkr_ID26": "693965", "PPK_Name26": "2.3", "Traffic_26": null, "VCR_26": "0", "AADT_26": "98", "Tipe_Jb_26": null, "Lat_26": -3.604804, "Long_26": 140.660889, "Tgl_Ins_26": "26/05/2026", "Ket_26": null }, "geometry": { "type": "Point", "coordinates": [ 140.660888999927465, -3.60480400020441 ] } },
{ "type": "Feature", "properties": { "KDRUAS_UPD": "62005", "NOJBT_UPD": "62.005.059.0", "NM_RUAS_UP": "YETTI - SENGGI - MAMBERAMO I (STA 0+000 - 107+300)", "NM_JBT_UPD": "NAMLA I", "PROVINSI": "PAPUA PEGUNUNGAN (JAYAPURA)", "No_Prov_26": "62", "ID_Jbt_26": "6200104", "Kd_Ruas_26": "62005", "Suffix_26": "0", "Nm_Ruas_26": "YETTI - SENGGI - MAMBERAMO I (STA 0+000 - 107+300)", "Lintas_26": "JALAN LINTAS TENGAH", "No_Jbt_26": "62.005.059.0", "Nm_Jbt_26": "NAMLA I", "Status_26": "N", "Fungsi_26": "A", "Lks_Dr_26": "JPR", "Lks_km_26": 53.659, "F_STA_26": "5800", "Cadin_26": "MBR", "Pjg_Jbt_26": 35.5, "Btg_Pjg_26": 35.0, "Jml_Btg_26": "1", "Lb_Jl_Ms26": 4.5, "Lb_Jl_Kl26": 4.5, "Lb_Lalin26": 4.5, "Lb_Bh_Ki26": 0.0, "Lb_Bh_Ka26": 0.0, "Lb_Dr_Ki26": 0.0, "Lb_Dr_Ka26": 0.0, "Lb_Tr_Ki26": 0.0, "Lb_Tr_Ka26": 0.0, "Lb_TS_Ki26": 0.0, "Lb_TS_Ka26": 0.0, "Lb_Med_26": 0.0, "Lbr_Jbt_26": 4.5, "Bgn_Ats_26": "RBS", "Jns_Jbt_26": "STANDAR", "Thn_Bgn_26": "2003", "BA_26": "2", "LNT_26": "2", "BB_26": "0", "DAS_26": "0", "OP_26": "0", "UT_26": "0", "GR_26": "0", "LB_26": "0", "JBT_26": "2", "Tp_Lnts_26": "SUNGAI", "Dt_Lnts_26": "LURUS", "Pnangnn_26": "RUTIN", "Pmriksn_26": "DETAIL", "Pnglola_26": "BBPJN PAPUA-PAPUA PEGUNUNGAN", "Satkr_ID26": "693965", "PPK_Name26": "2.3", "Traffic_26": null, "VCR_26": "0", "AADT_26": "98", "Tipe_Jb_26": null, "Lat_26": -3.602343, "Long_26": 140.644089, "Tgl_Ins_26": "26/05/2026", "Ket_26": null }, "geometry": { "type": "Point", "coordinates": [ 140.644089000407121, -3.602343000029407 ] } },
{ "type": "Feature", "properties": { "KDRUAS_UPD": "62005", "NOJBT_UPD": "62.005.060.0", "NM_RUAS_UP": "YETTI - SENGGI - MAMBERAMO I (STA 0+000 - 107+300)", "NM_JBT_UPD": "NAMLA II", "PROVINSI": "PAPUA PEGUNUNGAN (JAYAPURA)", "No_Prov_26": "62", "ID_Jbt_26": "6200105", "Kd_Ruas_26": "62005", "Suffix_26": "0", "Nm_Ruas_26": "YETTI - SENGGI - MAMBERAMO I (STA 0+000 - 107+300)", "Lintas_26": "JALAN LINTAS TENGAH", "No_Jbt_26": "62.005.060.0", "Nm_Jbt_26": "NAMLA II", "Status_26": "N", "Fungsi_26": "A", "Lks_Dr_26": "JPR", "Lks_km_26": 60.372, "F_STA_26": "5870", "Cadin_26": "MBR", "Pjg_Jbt_26": 20.0, "Btg_Pjg_26": 19.4, "Jml_Btg_26": "1", "Lb_Jl_Ms26": 4.5, "Lb_Jl_Kl26": 4.5, "Lb_Lalin26": 8.0, "Lb_Bh_Ki26": 0.0, "Lb_Bh_Ka26": 0.0, "Lb_Dr_Ki26": 0.0, "Lb_Dr_Ka26": 0.0, "Lb_Tr_Ki26": 0.0, "Lb_Tr_Ka26": 0.0, "Lb_TS_Ki26": 0.0, "Lb_TS_Ka26": 0.0, "Lb_Med_26": 0.0, "Lbr_Jbt_26": 8.0, "Bgn_Ats_26": "GBP", "Jns_Jbt_26": "STANDAR", "Thn_Bgn_26": "2023", "BA_26": "0", "LNT_26": "0", "BB_26": "1", "DAS_26": "1", "OP_26": "0", "UT_26": "0", "GR_26": "0", "LB_26": "0", "JBT_26": "1", "Tp_Lnts_26": "SUNGAI", "Dt_Lnts_26": "LURUS", "Pnangnn_26": "RUTIN", "Pmriksn_26": "TIDAK DISURVEI TA. 2026", "Pnglola_26": "BBPJN PAPUA-PAPUA PEGUNUNGAN", "Satkr_ID26": "693965", "PPK_Name26": "2.3", "Traffic_26": null, "VCR_26": "0", "AADT_26": "98", "Tipe_Jb_26": null, "Lat_26": -3.601275, "Long_26": 140.638123, "Tgl_Ins_26": "18/03/2024", "Ket_26": null }, "geometry": { "type": "Point", "coordinates": [ 140.638122999576808, -3.601275000241003 ] } },
{ "type": "Feature", "properties": { "KDRUAS_UPD": "62005", "NOJBT_UPD": "62.005.064.0", "NM_RUAS_UP": "YETTI - SENGGI - MAMBERAMO I (STA 0+000 - 107+300)", "NM_JBT_UPD": "NAMLA III", "PROVINSI": "PAPUA PEGUNUNGAN (JAYAPURA)", "No_Prov_26": "62", "ID_Jbt_26": "6200109", "Kd_Ruas_26": "62005", "Suffix_26": "0", "Nm_Ruas_26": "YETTI - SENGGI - MAMBERAMO I (STA 0+000 - 107+300)", "Lintas_26": "JALAN LINTAS TENGAH", "No_Jbt_26": "62.005.064.0", "Nm_Jbt_26": "NAMLA III", "Status_26": "N", "Fungsi_26": "A", "Lks_Dr_26": "JPR", "Lks_km_26": 65.593, "F_STA_26": "6390", "Cadin_26": "MBR", "Pjg_Jbt_26": 12.0, "Btg_Pjg_26": 10.8, "Jml_Btg_26": "1", "Lb_Jl_Ms26": 4.5, "Lb_Jl_Kl26": 4.5, "Lb_Lalin26": 3.95, "Lb_Bh_Ki26": 0.0, "Lb_Bh_Ka26": 0.0, "Lb_Dr_Ki26": 0.0, "Lb_Dr_Ka26": 0.0, "Lb_Tr_Ki26": 0.0, "Lb_Tr_Ka26": 0.0, "Lb_TS_Ki26": 0.0, "Lb_TS_Ka26": 0.0, "Lb_Med_26": 0.0, "Lbr_Jbt_26": 3.95, "Bgn_Ats_26": "GKW", "Jns_Jbt_26": "STANDAR", "Thn_Bgn_26": "2000", "BA_26": "4", "LNT_26": "3", "BB_26": "0", "DAS_26": "1", "OP_26": "0", "UT_26": "0", "GR_26": "0", "LB_26": "0", "JBT_26": "4", "Tp_Lnts_26": "SUNGAI", "Dt_Lnts_26": "LURUS", "Pnangnn_26": "REHABILITASI", "Pmriksn_26": "DETAIL", "Pnglola_26": "BBPJN PAPUA-PAPUA PEGUNUNGAN", "Satkr_ID26": "693965", "PPK_Name26": "2.3", "Traffic_26": null, "VCR_26": "0", "AADT_26": "98", "Tipe_Jb_26": null, "Lat_26": -3.5921, "Long_26": 140.602982, "Tgl_Ins_26": "21/06/2026", "Ket_26": null }, "geometry": { "type": "Point", "coordinates": [ 140.602981999619601, -3.592099999815105 ] } },
{ "type": "Feature", "properties": { "KDRUAS_UPD": "62005", "NOJBT_UPD": "62.005.112.0", "NM_RUAS_UP": "YETTI - SENGGI - MAMBERAMO I (STA 0+000 - 107+300)", "NM_JBT_UPD": "NAWA", "PROVINSI": "PAPUA PEGUNUNGAN (JAYAPURA)", "No_Prov_26": "62", "ID_Jbt_26": "6200869", "Kd_Ruas_26": "62005", "Suffix_26": "0", "Nm_Ruas_26": "YETTI - SENGGI - MAMBERAMO I (STA 0+000 - 107+300)", "Lintas_26": "YETTI - SENGGI - MAMBERAMO", "No_Jbt_26": "62.005.112.0", "Nm_Jbt_26": "NAWA", "Status_26": "N", "Fungsi_26": "A", "Lks_Dr_26": "JPR", "Lks_km_26": 110.064, "F_STA_26": "10710", "Cadin_26": "MBR", "Pjg_Jbt_26": 134.0, "Btg_Pjg_26": 75.0, "Jml_Btg_26": "3", "Lb_Jl_Ms26": 6.0, "Lb_Jl_Kl26": 6.0, "Lb_Lalin26": 5.45, "Lb_Bh_Ki26": 0.31, "Lb_Bh_Ka26": 0.36, "Lb_Dr_Ki26": 0.0, "Lb_Dr_Ka26": 0.0, "Lb_Tr_Ki26": 0.46, "Lb_Tr_Ka26": 0.45, "Lb_TS_Ki26": 0.0, "Lb_TS_Ka26": 0.0, "Lb_Med_26": 0.0, "Lbr_Jbt_26": 7.03, "Bgn_Ats_26": "RBA", "Jns_Jbt_26": "STANDAR", "Thn_Bgn_26": "1992", "BA_26": "2", "LNT_26": "2", "BB_26": "3", "DAS_26": "2", "OP_26": "0", "UT_26": "0", "GR_26": "0", "LB_26": "0", "JBT_26": "3", "Tp_Lnts_26": "SUNGAI", "Dt_Lnts_26": "LURUS", "Pnangnn_26": "RUTIN", "Pmriksn_26": "DETAIL", "Pnglola_26": "BBPJN PAPUA-PAPUA PEGUNUNGAN", "Satkr_ID26": "693965", "PPK_Name26": "2.3", "Traffic_26": null, "VCR_26": "0", "AADT_26": "98", "Tipe_Jb_26": null, "Lat_26": -3.729434, "Long_26": 140.387787, "Tgl_Ins_26": "28/05/2026", "Ket_26": null }, "geometry": { "type": "Point", "coordinates": [ 140.387786999870173, -3.729433999979051 ] } },
{ "type": "Feature", "properties": { "KDRUAS_UPD": "62005", "NOJBT_UPD": "62.005.115.0", "NM_RUAS_UP": "YETTI - SENGGI - MAMBERAMO II (STA 107+300 - 153+970/AKHIR", "NM_JBT_UPD": "NAWA III", "PROVINSI": "PAPUA PEGUNUNGAN (JAYAPURA)", "No_Prov_26": "62", "ID_Jbt_26": "6200872", "Kd_Ruas_26": "62005", "Suffix_26": "0", "Nm_Ruas_26": "YETTI - SENGGI - MAMBERAMO II (STA 107+300 - 153+970/AKHIR", "Lintas_26": "YETTI - SENGGI - MAMBERAMO", "No_Jbt_26": "62.005.115.0", "Nm_Jbt_26": "NAWA III", "Status_26": "N", "Fungsi_26": "A", "Lks_Dr_26": "JPR", "Lks_km_26": 111.124, "F_STA_26": "10800", "Cadin_26": "MBR", "Pjg_Jbt_26": 35.0, "Btg_Pjg_26": 34.4, "Jml_Btg_26": "1", "Lb_Jl_Ms26": 6.0, "Lb_Jl_Kl26": 6.0, "Lb_Lalin26": 8.6, "Lb_Bh_Ki26": 0.0, "Lb_Bh_Ka26": 0.0, "Lb_Dr_Ki26": 0.0, "Lb_Dr_Ka26": 0.0, "Lb_Tr_Ki26": 0.0, "Lb_Tr_Ka26": 0.0, "Lb_TS_Ki26": 0.0, "Lb_TS_Ka26": 0.0, "Lb_Med_26": 0.0, "Lbr_Jbt_26": 8.6, "Bgn_Ats_26": "GBP", "Jns_Jbt_26": "STANDAR", "Thn_Bgn_26": "2023", "BA_26": "1", "LNT_26": "0", "BB_26": "1", "DAS_26": "1", "OP_26": "0", "UT_26": "0", "GR_26": "0", "LB_26": "0", "JBT_26": "1", "Tp_Lnts_26": "SUNGAI", "Dt_Lnts_26": "LURUS", "Pnangnn_26": "RUTIN", "Pmriksn_26": "TIDAK DISURVEI TA. 2026", "Pnglola_26": "BBPJN PAPUA-PAPUA PEGUNUNGAN", "Satkr_ID26": "693965", "PPK_Name26": "2.4", "Traffic_26": null, "VCR_26": "0", "AADT_26": "98", "Tipe_Jb_26": null, "Lat_26": -3.73419, "Long_26": 140.383301, "Tgl_Ins_26": "30/03/2024", "Ket_26": null }, "geometry": { "type": "Point", "coordinates": [ 140.383300999841367, -3.734189999868534 ] } },
{ "type": "Feature", "properties": { "KDRUAS_UPD": "62005", "NOJBT_UPD": "62.005.118.0", "NM_RUAS_UP": "YETTI - SENGGI - MAMBERAMO II (STA 107+300 - 153+970/AKHIR", "NM_JBT_UPD": "NAWA VI", "PROVINSI": "PAPUA PEGUNUNGAN (JAYAPURA)", "No_Prov_26": "62", "ID_Jbt_26": "6200875", "Kd_Ruas_26": "62005", "Suffix_26": "0", "Nm_Ruas_26": "YETTI - SENGGI - MAMBERAMO II (STA 107+300 - 153+970/AKHIR", "Lintas_26": "YETTI - SENGGI - MAMBERAMO", "No_Jbt_26": "62.005.118.0", "Nm_Jbt_26": "NAWA VI", "Status_26": "N", "Fungsi_26": "A", "Lks_Dr_26": "JPR", "Lks_km_26": 114.389, "F_STA_26": "11090", "Cadin_26": "MBR", "Pjg_Jbt_26": 25.8, "Btg_Pjg_26": 25.2, "Jml_Btg_26": "1", "Lb_Jl_Ms26": 6.0, "Lb_Jl_Kl26": 6.0, "Lb_Lalin26": 6.43, "Lb_Bh_Ki26": 0.42, "Lb_Bh_Ka26": 0.45, "Lb_Dr_Ki26": 0.0, "Lb_Dr_Ka26": 0.0, "Lb_Tr_Ki26": 0.83, "Lb_Tr_Ka26": 0.83, "Lb_TS_Ki26": 0.23, "Lb_TS_Ka26": 0.22, "Lb_Med_26": 0.0, "Lbr_Jbt_26": 9.41, "Bgn_Ats_26": "GBP", "Jns_Jbt_26": "STANDAR", "Thn_Bgn_26": "2023", "BA_26": "2", "LNT_26": "2", "BB_26": "2", "DAS_26": "2", "OP_26": "2", "UT_26": "0", "GR_26": "0", "LB_26": "0", "JBT_26": "2", "Tp_Lnts_26": "SUNGAI", "Dt_Lnts_26": "LURUS", "Pnangnn_26": "RUTIN", "Pmriksn_26": "DETAIL", "Pnglola_26": "BBPJN PAPUA-PAPUA PEGUNUNGAN", "Satkr_ID26": "693965", "PPK_Name26": "2.4", "Traffic_26": null, "VCR_26": "0", "AADT_26": "98", "Tipe_Jb_26": null, "Lat_26": -3.743121, "Long_26": 140.362762, "Tgl_Ins_26": "10/06/2026", "Ket_26": null }, "geometry": { "type": "Point", "coordinates": [ 140.362761999666645, -3.743120999834218 ] } },
{ "type": "Feature", "properties": { "KDRUAS_UPD": "62005", "NOJBT_UPD": "62.005.123.0", "NM_RUAS_UP": "YETTI - SENGGI - MAMBERAMO II (STA 107+300 - 153+970/AKHIR", "NM_JBT_UPD": "NAWA XI", "PROVINSI": "PAPUA PEGUNUNGAN (JAYAPURA)", "No_Prov_26": "62", "ID_Jbt_26": "6200880", "Kd_Ruas_26": "62005", "Suffix_26": "0", "Nm_Ruas_26": "YETTI - SENGGI - MAMBERAMO II (STA 107+300 - 153+970/AKHIR", "Lintas_26": "YETTI - SENGGI - MAMBERAMO", "No_Jbt_26": "62.005.123.0", "Nm_Jbt_26": "NAWA XI", "Status_26": "N", "Fungsi_26": "A", "Lks_Dr_26": "JPR", "Lks_km_26": 119.94, "F_STA_26": "11630", "Cadin_26": "MBR", "Pjg_Jbt_26": 25.0, "Btg_Pjg_26": 25.0, "Jml_Btg_26": "1", "Lb_Jl_Ms26": 6.0, "Lb_Jl_Kl26": 6.0, "Lb_Lalin26": 6.1, "Lb_Bh_Ki26": 0.38, "Lb_Bh_Ka26": 0.38, "Lb_Dr_Ki26": 0.0, "Lb_Dr_Ka26": 0.1, "Lb_Tr_Ki26": 0.97, "Lb_Tr_Ka26": 0.96, "Lb_TS_Ki26": 0.32, "Lb_TS_Ka26": 0.32, "Lb_Med_26": 0.0, "Lbr_Jbt_26": 9.53, "Bgn_Ats_26": "GBP", "Jns_Jbt_26": "STANDAR", "Thn_Bgn_26": "2023", "BA_26": "2", "LNT_26": "2", "BB_26": "2", "DAS_26": "2", "OP_26": "0", "UT_26": "0", "GR_26": "0", "LB_26": "0", "JBT_26": "2", "Tp_Lnts_26": "SUNGAI", "Dt_Lnts_26": "LURUS", "Pnangnn_26": "RUTIN", "Pmriksn_26": "DETAIL", "Pnglola_26": "BBPJN PAPUA-PAPUA PEGUNUNGAN", "Satkr_ID26": "693965", "PPK_Name26": "2.4", "Traffic_26": null, "VCR_26": "0", "AADT_26": "98", "Tipe_Jb_26": null, "Lat_26": -3.739198, "Long_26": 140.329769, "Tgl_Ins_26": "10/06/2026", "Ket_26": null }, "geometry": { "type": "Point", "coordinates": [ 140.32976899983953, -3.73919799968786 ] } },
{ "type": "Feature", "properties": { "KDRUAS_UPD": "62005", "NOJBT_UPD": "62.005.124.0", "NM_RUAS_UP": "YETTI - SENGGI - MAMBERAMO II (STA 107+300 - 153+970/AKHIR", "NM_JBT_UPD": "NAWA XII", "PROVINSI": "PAPUA PEGUNUNGAN (JAYAPURA)", "No_Prov_26": "62", "ID_Jbt_26": "6200881", "Kd_Ruas_26": "62005", "Suffix_26": "0", "Nm_Ruas_26": "YETTI - SENGGI - MAMBERAMO II (STA 107+300 - 153+970/AKHIR", "Lintas_26": "YETTI - SENGGI - MAMBERAMO", "No_Jbt_26": "62.005.124.0", "Nm_Jbt_26": "NAWA XII", "Status_26": "N", "Fungsi_26": "A", "Lks_Dr_26": "JPR", "Lks_km_26": 123.05, "F_STA_26": "11930", "Cadin_26": "MBR", "Pjg_Jbt_26": 35.0, "Btg_Pjg_26": 34.45, "Jml_Btg_26": "1", "Lb_Jl_Ms26": 6.0, "Lb_Jl_Kl26": 6.0, "Lb_Lalin26": 6.24, "Lb_Bh_Ki26": 0.36, "Lb_Bh_Ka26": 0.47, "Lb_Dr_Ki26": 0.0, "Lb_Dr_Ka26": 0.0, "Lb_Tr_Ki26": 0.97, "Lb_Tr_Ka26": 0.94, "Lb_TS_Ki26": 0.32, "Lb_TS_Ka26": 0.33, "Lb_Med_26": 0.0, "Lbr_Jbt_26": 9.63, "Bgn_Ats_26": "GBP", "Jns_Jbt_26": "STANDAR", "Thn_Bgn_26": "2023", "BA_26": "2", "LNT_26": "2", "BB_26": "0", "DAS_26": "0", "OP_26": "0", "UT_26": "0", "GR_26": "0", "LB_26": "0", "JBT_26": "2", "Tp_Lnts_26": "SUNGAI", "Dt_Lnts_26": "LURUS", "Pnangnn_26": "RUTIN", "Pmriksn_26": "DETAIL", "Pnglola_26": "BBPJN PAPUA-PAPUA PEGUNUNGAN", "Satkr_ID26": "693965", "PPK_Name26": "2.4", "Traffic_26": null, "VCR_26": "0", "AADT_26": "98", "Tipe_Jb_26": null, "Lat_26": -3.733736, "Long_26": 140.309464, "Tgl_Ins_26": "14/06/2026", "Ket_26": null }, "geometry": { "type": "Point", "coordinates": [ 140.309463999663876, -3.73373599961667 ] } },
{ "type": "Feature", "properties": { "KDRUAS_UPD": "62005", "NOJBT_UPD": "62.005.126.0", "NM_RUAS_UP": "YETTI - SENGGI - MAMBERAMO II (STA 107+300 - 153+970/AKHIR", "NM_JBT_UPD": "NAWA XIV", "PROVINSI": "PAPUA PEGUNUNGAN (JAYAPURA)", "No_Prov_26": "62", "ID_Jbt_26": "6200883", "Kd_Ruas_26": "62005", "Suffix_26": "0", "Nm_Ruas_26": "YETTI - SENGGI - MAMBERAMO II (STA 107+300 - 153+970/AKHIR", "Lintas_26": "YETTI - SENGGI - MAMBERAMO", "No_Jbt_26": "62.005.126.0", "Nm_Jbt_26": "NAWA XIV", "Status_26": "N", "Fungsi_26": "A", "Lks_Dr_26": "JPR", "Lks_km_26": 123.69, "F_STA_26": "12000", "Cadin_26": "MBR", "Pjg_Jbt_26": 25.7, "Btg_Pjg_26": 25.15, "Jml_Btg_26": "1", "Lb_Jl_Ms26": 6.0, "Lb_Jl_Kl26": 6.0, "Lb_Lalin26": 6.2, "Lb_Bh_Ki26": 0.48, "Lb_Bh_Ka26": 0.22, "Lb_Dr_Ki26": 0.1, "Lb_Dr_Ka26": 0.13, "Lb_Tr_Ki26": 0.9, "Lb_Tr_Ka26": 0.91, "Lb_TS_Ki26": 0.24, "Lb_TS_Ka26": 0.27, "Lb_Med_26": 0.0, "Lbr_Jbt_26": 9.45, "Bgn_Ats_26": "GBP", "Jns_Jbt_26": "STANDAR", "Thn_Bgn_26": "2023", "BA_26": "2", "LNT_26": "2", "BB_26": "2", "DAS_26": "0", "OP_26": "0", "UT_26": "0", "GR_26": "0", "LB_26": "0", "JBT_26": "2", "Tp_Lnts_26": "SUNGAI", "Dt_Lnts_26": "LURUS", "Pnangnn_26": "RUTIN", "Pmriksn_26": "DETAIL", "Pnglola_26": "BBPJN PAPUA-PAPUA PEGUNUNGAN", "Satkr_ID26": "693965", "PPK_Name26": "2.4", "Traffic_26": null, "VCR_26": "0", "AADT_26": "98", "Tipe_Jb_26": null, "Lat_26": -3.73006, "Long_26": 140.305298, "Tgl_Ins_26": "27/06/2026", "Ket_26": null }, "geometry": { "type": "Point", "coordinates": [ 140.305298000002722, -3.730060000068875 ] } },
{ "type": "Feature", "properties": { "KDRUAS_UPD": "62005", "NOJBT_UPD": "62.005.127.0", "NM_RUAS_UP": "YETTI - SENGGI - MAMBERAMO II (STA 107+300 - 153+970/AKHIR", "NM_JBT_UPD": "NAWA XV", "PROVINSI": "PAPUA PEGUNUNGAN (JAYAPURA)", "No_Prov_26": "62", "ID_Jbt_26": "6200884", "Kd_Ruas_26": "62005", "Suffix_26": "0", "Nm_Ruas_26": "YETTI - SENGGI - MAMBERAMO II (STA 107+300 - 153+970/AKHIR", "Lintas_26": "YETTI - SENGGI - MAMBERAMO", "No_Jbt_26": "62.005.127.0", "Nm_Jbt_26": "NAWA XV", "Status_26": "N", "Fungsi_26": "A", "Lks_Dr_26": "JPR", "Lks_km_26": 123.79, "F_STA_26": "12000", "Cadin_26": "MBR", "Pjg_Jbt_26": 20.2, "Btg_Pjg_26": 19.68, "Jml_Btg_26": "1", "Lb_Jl_Ms26": 6.0, "Lb_Jl_Kl26": 6.0, "Lb_Lalin26": 6.55, "Lb_Bh_Ki26": 0.15, "Lb_Bh_Ka26": 0.15, "Lb_Dr_Ki26": 0.14, "Lb_Dr_Ka26": 0.15, "Lb_Tr_Ki26": 0.9, "Lb_Tr_Ka26": 0.85, "Lb_TS_Ki26": 0.3, "Lb_TS_Ka26": 0.37, "Lb_Med_26": 0.0, "Lbr_Jbt_26": 9.56, "Bgn_Ats_26": "GBP", "Jns_Jbt_26": "STANDAR", "Thn_Bgn_26": "2023", "BA_26": "2", "LNT_26": "2", "BB_26": "2", "DAS_26": "0", "OP_26": "0", "UT_26": "0", "GR_26": "0", "LB_26": "0", "JBT_26": "2", "Tp_Lnts_26": "SUNGAI", "Dt_Lnts_26": "LURUS", "Pnangnn_26": "RUTIN", "Pmriksn_26": "DETAIL", "Pnglola_26": "BBPJN PAPUA-PAPUA PEGUNUNGAN", "Satkr_ID26": "693965", "PPK_Name26": "2.4", "Traffic_26": null, "VCR_26": "0", "AADT_26": "98", "Tipe_Jb_26": null, "Lat_26": -3.729644, "Long_26": 140.304596, "Tgl_Ins_26": "16/06/2026", "Ket_26": null }, "geometry": { "type": "Point", "coordinates": [ 140.304596000005404, -3.729643999770701 ] } },
{ "type": "Feature", "properties": { "KDRUAS_UPD": "62003", "NOJBT_UPD": "62.003.040.0", "NM_RUAS_UP": "ARSO - WARIS", "NM_JBT_UPD": "SAWITAMI 21", "PROVINSI": "PAPUA PEGUNUNGAN (JAYAPURA)", "No_Prov_26": "62", "ID_Jbt_26": "6202163", "Kd_Ruas_26": "62003", "Suffix_26": null, "Nm_Ruas_26": "ARSO - WARIS", "Lintas_26": "ARSO - WARIS", "No_Jbt_26": "62.003.040.0", "Nm_Jbt_26": "SAWITAMI 21", "Status_26": "N", "Fungsi_26": "A", "Lks_Dr_26": "JPR", "Lks_km_26": 33.226, "F_STA_26": "2780", "Cadin_26": "WRS", "Pjg_Jbt_26": 55.8, "Btg_Pjg_26": 55.0, "Jml_Btg_26": "1", "Lb_Jl_Ms26": 6.0, "Lb_Jl_Kl26": 6.0, "Lb_Lalin26": 6.0, "Lb_Bh_Ki26": 0.0, "Lb_Bh_Ka26": 0.0, "Lb_Dr_Ki26": 0.0, "Lb_Dr_Ka26": 0.0, "Lb_Tr_Ki26": 0.46, "Lb_Tr_Ka26": 0.46, "Lb_TS_Ki26": 0.0, "Lb_TS_Ka26": 0.0, "Lb_Med_26": 0.0, "Lbr_Jbt_26": 6.92, "Bgn_Ats_26": "RBR", "Jns_Jbt_26": "STANDAR", "Thn_Bgn_26": "1993", "BA_26": "2", "LNT_26": "2", "BB_26": "1", "DAS_26": "1", "OP_26": "2", "UT_26": "0", "GR_26": "0", "LB_26": "0", "JBT_26": "2", "Tp_Lnts_26": "SUNGAI", "Dt_Lnts_26": "LURUS", "Pnangnn_26": "RUTIN", "Pmriksn_26": "DETAIL", "Pnglola_26": "BBPJN PAPUA-PAPUA PEGUNUNGAN", "Satkr_ID26": "693965", "PPK_Name26": "2.1", "Traffic_26": null, "VCR_26": "0", "AADT_26": "96", "Tipe_Jb_26": null, "Lat_26": -3.108244, "Long_26": 140.84581, "Tgl_Ins_26": "29/06/2026", "Ket_26": null }, "geometry": { "type": "Point", "coordinates": [ 140.845810000231381, -3.108243999760759 ] } },
{ "type": "Feature", "properties": { "KDRUAS_UPD": "62003", "NOJBT_UPD": "62.003.012.0", "NM_RUAS_UP": "ARSO - WARIS", "NM_JBT_UPD": "SAWITAMI 3", "PROVINSI": "PAPUA PEGUNUNGAN (JAYAPURA)", "No_Prov_26": "62", "ID_Jbt_26": "6200024", "Kd_Ruas_26": "62003", "Suffix_26": null, "Nm_Ruas_26": "ARSO - WARIS", "Lintas_26": "JALAN LINTAS PERBATASAN", "No_Jbt_26": "62.003.012.0", "Nm_Jbt_26": "SAWITAMI 3", "Status_26": "N", "Fungsi_26": "A", "Lks_Dr_26": "JPR", "Lks_km_26": 9.394, "F_STA_26": "760", "Cadin_26": "ARS", "Pjg_Jbt_26": 20.8, "Btg_Pjg_26": 20.0, "Jml_Btg_26": "1", "Lb_Jl_Ms26": 6.0, "Lb_Jl_Kl26": 6.0, "Lb_Lalin26": 6.0, "Lb_Bh_Ki26": 0.0, "Lb_Bh_Ka26": 0.0, "Lb_Dr_Ki26": 0.0, "Lb_Dr_Ka26": 0.0, "Lb_Tr_Ki26": 0.43, "Lb_Tr_Ka26": 0.45, "Lb_TS_Ki26": 0.25, "Lb_TS_Ka26": 0.23, "Lb_Med_26": 0.0, "Lbr_Jbt_26": 7.36, "Bgn_Ats_26": "GTP", "Jns_Jbt_26": "STANDAR", "Thn_Bgn_26": "2000", "BA_26": "2", "LNT_26": "2", "BB_26": "2", "DAS_26": "2", "OP_26": "1", "UT_26": "0", "GR_26": "0", "LB_26": "0", "JBT_26": "2", "Tp_Lnts_26": "SUNGAI", "Dt_Lnts_26": "LURUS", "Pnangnn_26": "RUTIN", "Pmriksn_26": "DETAIL", "Pnglola_26": "BBPJN PAPUA-PAPUA PEGUNUNGAN", "Satkr_ID26": "693965", "PPK_Name26": "2.1", "Traffic_26": null, "VCR_26": "0", "AADT_26": "96", "Tipe_Jb_26": null, "Lat_26": -3.010883, "Long_26": 140.788712, "Tgl_Ins_26": "23/06/2026", "Ket_26": null }, "geometry": { "type": "Point", "coordinates": [ 140.788712000358601, -3.010883000250203 ] } },
{ "type": "Feature", "properties": { "KDRUAS_UPD": "62003", "NOJBT_UPD": "62.003.013.0", "NM_RUAS_UP": "ARSO - WARIS", "NM_JBT_UPD": "SAWITAMI 4", "PROVINSI": "PAPUA PEGUNUNGAN (JAYAPURA)", "No_Prov_26": "62", "ID_Jbt_26": "6200025", "Kd_Ruas_26": "62003", "Suffix_26": null, "Nm_Ruas_26": "ARSO - WARIS", "Lintas_26": "JALAN LINTAS PERBATASAN", "No_Jbt_26": "62.003.013.0", "Nm_Jbt_26": "SAWITAMI 4", "Status_26": "N", "Fungsi_26": "A", "Lks_Dr_26": "JPR", "Lks_km_26": 9.739, "F_STA_26": "790", "Cadin_26": "ARS", "Pjg_Jbt_26": 26.0, "Btg_Pjg_26": 24.7, "Jml_Btg_26": "1", "Lb_Jl_Ms26": 6.0, "Lb_Jl_Kl26": 6.0, "Lb_Lalin26": 6.02, "Lb_Bh_Ki26": 0.0, "Lb_Bh_Ka26": 0.0, "Lb_Dr_Ki26": 0.0, "Lb_Dr_Ka26": 0.0, "Lb_Tr_Ki26": 0.47, "Lb_Tr_Ka26": 0.45, "Lb_TS_Ki26": 0.29, "Lb_TS_Ka26": 0.27, "Lb_Med_26": 0.0, "Lbr_Jbt_26": 7.5, "Bgn_Ats_26": "GBP", "Jns_Jbt_26": "STANDAR", "Thn_Bgn_26": "2005", "BA_26": "2", "LNT_26": "2", "BB_26": "2", "DAS_26": "2", "OP_26": "1", "UT_26": "0", "GR_26": "0", "LB_26": "0", "JBT_26": "2", "Tp_Lnts_26": "SUNGAI", "Dt_Lnts_26": "LURUS", "Pnangnn_26": "RUTIN", "Pmriksn_26": "DETAIL", "Pnglola_26": "BBPJN PAPUA-PAPUA PEGUNUNGAN", "Satkr_ID26": "693965", "PPK_Name26": "2.1", "Traffic_26": null, "VCR_26": "0", "AADT_26": "96", "Tipe_Jb_26": null, "Lat_26": -3.010226, "Long_26": 140.791489, "Tgl_Ins_26": "23/06/2026", "Ket_26": null }, "geometry": { "type": "Point", "coordinates": [ 140.791488999817602, -3.010225999630109 ] } },
{ "type": "Feature", "properties": { "KDRUAS_UPD": "62003", "NOJBT_UPD": "62.003.015.0", "NM_RUAS_UP": "ARSO - WARIS", "NM_JBT_UPD": "SAWITAMI 5", "PROVINSI": "PAPUA PEGUNUNGAN (JAYAPURA)", "No_Prov_26": "62", "ID_Jbt_26": "6200027", "Kd_Ruas_26": "62003", "Suffix_26": null, "Nm_Ruas_26": "ARSO - WARIS", "Lintas_26": "JALAN LINTAS PERBATASAN", "No_Jbt_26": "62.003.015.0", "Nm_Jbt_26": "SAWITAMI 5", "Status_26": "N", "Fungsi_26": "A", "Lks_Dr_26": "JPR", "Lks_km_26": 10.543, "F_STA_26": "860", "Cadin_26": "ARS", "Pjg_Jbt_26": 61.35, "Btg_Pjg_26": 60.0, "Jml_Btg_26": "1", "Lb_Jl_Ms26": 6.0, "Lb_Jl_Kl26": 6.0, "Lb_Lalin26": 7.0, "Lb_Bh_Ki26": 0.0, "Lb_Bh_Ka26": 0.0, "Lb_Dr_Ki26": 0.0, "Lb_Dr_Ka26": 0.0, "Lb_Tr_Ki26": 1.0, "Lb_Tr_Ka26": 1.0, "Lb_TS_Ki26": 0.0, "Lb_TS_Ka26": 0.0, "Lb_Med_26": 0.0, "Lbr_Jbt_26": 9.0, "Bgn_Ats_26": "RBR", "Jns_Jbt_26": "STANDAR", "Thn_Bgn_26": "2020", "BA_26": "2", "LNT_26": "2", "BB_26": "2", "DAS_26": "2", "OP_26": "0", "UT_26": "0", "GR_26": "0", "LB_26": "0", "JBT_26": "2", "Tp_Lnts_26": "SUNGAI", "Dt_Lnts_26": "LURUS", "Pnangnn_26": "RUTIN", "Pmriksn_26": "DETAIL", "Pnglola_26": "BBPJN PAPUA-PAPUA PEGUNUNGAN", "Satkr_ID26": "693965", "PPK_Name26": "2.1", "Traffic_26": null, "VCR_26": "0", "AADT_26": "96", "Tipe_Jb_26": null, "Lat_26": -3.013627, "Long_26": 140.796066, "Tgl_Ins_26": "23/06/2026", "Ket_26": null }, "geometry": { "type": "Point", "coordinates": [ 140.796066000445649, -3.013626999986002 ] } },
{ "type": "Feature", "properties": { "KDRUAS_UPD": "62003", "NOJBT_UPD": "62.003.016.0", "NM_RUAS_UP": "ARSO - WARIS", "NM_JBT_UPD": "SAWITAMI 6", "PROVINSI": "PAPUA PEGUNUNGAN (JAYAPURA)", "No_Prov_26": "62", "ID_Jbt_26": "6200028", "Kd_Ruas_26": "62003", "Suffix_26": null, "Nm_Ruas_26": "ARSO - WARIS", "Lintas_26": "JALAN LINTAS PERBATASAN", "No_Jbt_26": "62.003.016.0", "Nm_Jbt_26": "SAWITAMI 6", "Status_26": "N", "Fungsi_26": "A", "Lks_Dr_26": "JPR", "Lks_km_26": 12.942, "F_STA_26": "1060", "Cadin_26": "ARS", "Pjg_Jbt_26": 20.8, "Btg_Pjg_26": 20.0, "Jml_Btg_26": "1", "Lb_Jl_Ms26": 6.0, "Lb_Jl_Kl26": 6.0, "Lb_Lalin26": 4.75, "Lb_Bh_Ki26": 0.66, "Lb_Bh_Ka26": 0.83, "Lb_Dr_Ki26": 0.0, "Lb_Dr_Ka26": 0.0, "Lb_Tr_Ki26": 0.8, "Lb_Tr_Ka26": 0.8, "Lb_TS_Ki26": 0.0, "Lb_TS_Ka26": 0.0, "Lb_Med_26": 0.0, "Lbr_Jbt_26": 7.84, "Bgn_Ats_26": "GPP", "Jns_Jbt_26": "STANDAR", "Thn_Bgn_26": "2007", "BA_26": "2", "LNT_26": "2", "BB_26": "2", "DAS_26": "1", "OP_26": "2", "UT_26": "0", "GR_26": "0", "LB_26": "0", "JBT_26": "2", "Tp_Lnts_26": "SUNGAI", "Dt_Lnts_26": "LURUS", "Pnangnn_26": "RUTIN", "Pmriksn_26": "DETAIL", "Pnglola_26": "BBPJN PAPUA-PAPUA PEGUNUNGAN", "Satkr_ID26": "693965", "PPK_Name26": "2.1", "Traffic_26": null, "VCR_26": "0", "AADT_26": "96", "Tipe_Jb_26": null, "Lat_26": -3.014741, "Long_26": 140.812485, "Tgl_Ins_26": "24/06/2026", "Ket_26": null }, "geometry": { "type": "Point", "coordinates": [ 140.81248500038248, -3.014741000097047 ] } },
{ "type": "Feature", "properties": { "KDRUAS_UPD": "62003", "NOJBT_UPD": "62.003.017.0", "NM_RUAS_UP": "ARSO - WARIS", "NM_JBT_UPD": "SAWITAMI 7", "PROVINSI": "PAPUA PEGUNUNGAN (JAYAPURA)", "No_Prov_26": "62", "ID_Jbt_26": "6200029", "Kd_Ruas_26": "62003", "Suffix_26": null, "Nm_Ruas_26": "ARSO - WARIS", "Lintas_26": "JALAN LINTAS PERBATASAN", "No_Jbt_26": "62.003.017.0", "Nm_Jbt_26": "SAWITAMI 7", "Status_26": "N", "Fungsi_26": "A", "Lks_Dr_26": "JPR", "Lks_km_26": 13.286, "F_STA_26": "1080", "Cadin_26": "ARS", "Pjg_Jbt_26": 21.0, "Btg_Pjg_26": 20.2, "Jml_Btg_26": "1", "Lb_Jl_Ms26": 6.0, "Lb_Jl_Kl26": 6.0, "Lb_Lalin26": 6.25, "Lb_Bh_Ki26": 0.0, "Lb_Bh_Ka26": 0.0, "Lb_Dr_Ki26": 0.07, "Lb_Dr_Ka26": 0.07, "Lb_Tr_Ki26": 0.8, "Lb_Tr_Ka26": 0.85, "Lb_TS_Ki26": 0.0, "Lb_TS_Ka26": 0.0, "Lb_Med_26": 0.0, "Lbr_Jbt_26": 8.04, "Bgn_Ats_26": "GPP", "Jns_Jbt_26": "STANDAR", "Thn_Bgn_26": "2007", "BA_26": "2", "LNT_26": "2", "BB_26": "2", "DAS_26": "2", "OP_26": "0", "UT_26": "0", "GR_26": "0", "LB_26": "0", "JBT_26": "2", "Tp_Lnts_26": "SUNGAI", "Dt_Lnts_26": "LURUS", "Pnangnn_26": "REHABILITASI", "Pmriksn_26": "DETAIL", "Pnglola_26": "BBPJN PAPUA-PAPUA PEGUNUNGAN", "Satkr_ID26": "693965", "PPK_Name26": "2.1", "Traffic_26": null, "VCR_26": "0", "AADT_26": "96", "Tipe_Jb_26": null, "Lat_26": -3.015575, "Long_26": 140.814667, "Tgl_Ins_26": "24/06/2026", "Ket_26": null }, "geometry": { "type": "Point", "coordinates": [ 140.814667000281929, -3.015574999886269 ] } },
{ "type": "Feature", "properties": { "KDRUAS_UPD": "62003", "NOJBT_UPD": "62.003.018.0", "NM_RUAS_UP": "ARSO - WARIS", "NM_JBT_UPD": "SAWITAMI 8", "PROVINSI": "PAPUA PEGUNUNGAN (JAYAPURA)", "No_Prov_26": "62", "ID_Jbt_26": "6200030", "Kd_Ruas_26": "62003", "Suffix_26": null, "Nm_Ruas_26": "ARSO - WARIS", "Lintas_26": "JALAN LINTAS PERBATASAN", "No_Jbt_26": "62.003.018.0", "Nm_Jbt_26": "SAWITAMI 8", "Status_26": "N", "Fungsi_26": "A", "Lks_Dr_26": "JPR", "Lks_km_26": 15.671, "F_STA_26": "1280", "Cadin_26": "ARS", "Pjg_Jbt_26": 21.0, "Btg_Pjg_26": 20.3, "Jml_Btg_26": "1", "Lb_Jl_Ms26": 6.0, "Lb_Jl_Kl26": 6.0, "Lb_Lalin26": 6.15, "Lb_Bh_Ki26": 0.0, "Lb_Bh_Ka26": 0.0, "Lb_Dr_Ki26": 0.07, "Lb_Dr_Ka26": 0.07, "Lb_Tr_Ki26": 0.8, "Lb_Tr_Ka26": 0.8, "Lb_TS_Ki26": 0.0, "Lb_TS_Ka26": 0.0, "Lb_Med_26": 0.0, "Lbr_Jbt_26": 7.89, "Bgn_Ats_26": "GTP", "Jns_Jbt_26": "STANDAR", "Thn_Bgn_26": "1990", "BA_26": "2", "LNT_26": "2", "BB_26": "2", "DAS_26": "2", "OP_26": "1", "UT_26": "0", "GR_26": "0", "LB_26": "0", "JBT_26": "2", "Tp_Lnts_26": "SUNGAI", "Dt_Lnts_26": "LURUS", "Pnangnn_26": "RUTIN", "Pmriksn_26": "DETAIL", "Pnglola_26": "BBPJN PAPUA-PAPUA PEGUNUNGAN", "Satkr_ID26": "693965", "PPK_Name26": "2.1", "Traffic_26": null, "VCR_26": "0", "AADT_26": "96", "Tipe_Jb_26": null, "Lat_26": -3.024598, "Long_26": 140.827515, "Tgl_Ins_26": "24/06/2026", "Ket_26": null }, "geometry": { "type": "Point", "coordinates": [ 140.827515000117273, -3.024597999597972 ] } },
{ "type": "Feature", "properties": { "KDRUAS_UPD": "62003", "NOJBT_UPD": "62.003.019.0", "NM_RUAS_UP": "ARSO - WARIS", "NM_JBT_UPD": "SAWITAMI 9", "PROVINSI": "PAPUA PEGUNUNGAN (JAYAPURA)", "No_Prov_26": "62", "ID_Jbt_26": "6200031", "Kd_Ruas_26": "62003", "Suffix_26": null, "Nm_Ruas_26": "ARSO - WARIS", "Lintas_26": "JALAN LINTAS PERBATASAN", "No_Jbt_26": "62.003.019.0", "Nm_Jbt_26": "SAWITAMI 9", "Status_26": "N", "Fungsi_26": "A", "Lks_Dr_26": "JPR", "Lks_km_26": 16.648, "F_STA_26": "1360", "Cadin_26": "ARS", "Pjg_Jbt_26": 26.0, "Btg_Pjg_26": 25.0, "Jml_Btg_26": "1", "Lb_Jl_Ms26": 6.0, "Lb_Jl_Kl26": 6.0, "Lb_Lalin26": 6.05, "Lb_Bh_Ki26": 0.0, "Lb_Bh_Ka26": 0.0, "Lb_Dr_Ki26": 0.0, "Lb_Dr_Ka26": 0.0, "Lb_Tr_Ki26": 0.39, "Lb_Tr_Ka26": 0.35, "Lb_TS_Ki26": 0.25, "Lb_TS_Ka26": 0.27, "Lb_Med_26": 0.0, "Lbr_Jbt_26": 7.31, "Bgn_Ats_26": "GPP", "Jns_Jbt_26": "STANDAR", "Thn_Bgn_26": "2007", "BA_26": "2", "LNT_26": "2", "BB_26": "2", "DAS_26": "2", "OP_26": "2", "UT_26": "0", "GR_26": "0", "LB_26": "0", "JBT_26": "2", "Tp_Lnts_26": "SUNGAI", "Dt_Lnts_26": "LURUS", "Pnangnn_26": "RUTIN", "Pmriksn_26": "DETAIL", "Pnglola_26": "BBPJN PAPUA-PAPUA PEGUNUNGAN", "Satkr_ID26": "693965", "PPK_Name26": "2.1", "Traffic_26": null, "VCR_26": "0", "AADT_26": "96", "Tipe_Jb_26": null, "Lat_26": -3.025347, "Long_26": 140.833908, "Tgl_Ins_26": "24/06/2026", "Ket_26": null }, "geometry": { "type": "Point", "coordinates": [ 140.833907999954249, -3.025346999964029 ] } },
{ "type": "Feature", "properties": { "KDRUAS_UPD": "62037", "NOJBT_UPD": "62.037.048.0", "NM_RUAS_UP": "SARMI - ARBAIS", "NM_JBT_UPD": "NIWERAWAR I", "PROVINSI": "PAPUA PEGUNUNGAN (JAYAPURA)", "No_Prov_26": "62", "ID_Jbt_26": "6201689", "Kd_Ruas_26": "62037", "Suffix_26": null, "Nm_Ruas_26": "SARMI - ARBAIS", "Lintas_26": "NON LINTAS", "No_Jbt_26": "62.037.048.0", "Nm_Jbt_26": "NIWERAWAR I", "Status_26": "N", "Fungsi_26": "K", "Lks_Dr_26": "SRM", "Lks_km_26": 44.576, "F_STA_26": "3870", "Cadin_26": "ARB", "Pjg_Jbt_26": 14.75, "Btg_Pjg_26": 14.0, "Jml_Btg_26": "1", "Lb_Jl_Ms26": 7.0, "Lb_Jl_Kl26": 7.0, "Lb_Lalin26": 4.2, "Lb_Bh_Ki26": 0.0, "Lb_Bh_Ka26": 0.0, "Lb_Dr_Ki26": 0.0, "Lb_Dr_Ka26": 0.0, "Lb_Tr_Ki26": 0.0, "Lb_Tr_Ka26": 0.0, "Lb_TS_Ki26": 0.0, "Lb_TS_Ka26": 0.0, "Lb_Med_26": 0.0, "Lbr_Jbt_26": 4.2, "Bgn_Ats_26": "GKW", "Jns_Jbt_26": "STANDAR", "Thn_Bgn_26": "2014", "BA_26": "4", "LNT_26": "3", "BB_26": "3", "DAS_26": "0", "OP_26": "1", "UT_26": "0", "GR_26": "0", "LB_26": "0", "JBT_26": "4", "Tp_Lnts_26": "SUNGAI", "Dt_Lnts_26": "LURUS", "Pnangnn_26": "MYC JALAN (RUTIN)", "Pmriksn_26": "DETAIL", "Pnglola_26": "BBPJN PAPUA-PAPUA PEGUNUNGAN", "Satkr_ID26": "693940", "PPK_Name26": "1.3", "Traffic_26": null, "VCR_26": "0", "AADT_26": "690", "Tipe_Jb_26": null, "Lat_26": -1.762308, "Long_26": 138.517776, "Tgl_Ins_26": "22/05/2026", "Ket_26": null }, "geometry": { "type": "Point", "coordinates": [ 138.517775999862579, -1.762308000114047 ] } },
{ "type": "Feature", "properties": { "KDRUAS_UPD": "62037", "NOJBT_UPD": "62.037.050.0", "NM_RUAS_UP": "SARMI - ARBAIS", "NM_JBT_UPD": "NIWERAWAR II", "PROVINSI": "PAPUA PEGUNUNGAN (JAYAPURA)", "No_Prov_26": "62", "ID_Jbt_26": "6201691", "Kd_Ruas_26": "62037", "Suffix_26": null, "Nm_Ruas_26": "SARMI - ARBAIS", "Lintas_26": "NON LINTAS", "No_Jbt_26": "62.037.050.0", "Nm_Jbt_26": "NIWERAWAR II", "Status_26": "N", "Fungsi_26": "K", "Lks_Dr_26": "SRM", "Lks_km_26": 46.916, "F_STA_26": "4060", "Cadin_26": "ARB", "Pjg_Jbt_26": 19.0, "Btg_Pjg_26": 18.0, "Jml_Btg_26": "1", "Lb_Jl_Ms26": 7.0, "Lb_Jl_Kl26": 7.0, "Lb_Lalin26": 3.5, "Lb_Bh_Ki26": 0.0, "Lb_Bh_Ka26": 0.0, "Lb_Dr_Ki26": 0.0, "Lb_Dr_Ka26": 0.0, "Lb_Tr_Ki26": 0.0, "Lb_Tr_Ka26": 0.0, "Lb_TS_Ki26": 0.0, "Lb_TS_Ka26": 0.0, "Lb_Med_26": 0.0, "Lbr_Jbt_26": 3.5, "Bgn_Ats_26": "RBW", "Jns_Jbt_26": "STANDAR", "Thn_Bgn_26": "2014", "BA_26": "3", "LNT_26": "3", "BB_26": "3", "DAS_26": "1", "OP_26": "0", "UT_26": "0", "GR_26": "0", "LB_26": "0", "JBT_26": "3", "Tp_Lnts_26": "SUNGAI", "Dt_Lnts_26": "LURUS", "Pnangnn_26": "MYC JALAN (RUTIN)", "Pmriksn_26": "DETAIL", "Pnglola_26": "BBPJN PAPUA-PAPUA PEGUNUNGAN", "Satkr_ID26": "693940", "PPK_Name26": "1.3", "Traffic_26": null, "VCR_26": "0", "AADT_26": "690", "Tipe_Jb_26": null, "Lat_26": -1.757148, "Long_26": 138.504913, "Tgl_Ins_26": "22/05/2026", "Ket_26": null }, "geometry": { "type": "Point", "coordinates": [ 138.504913000234865, -1.757147999580468 ] } },
{ "type": "Feature", "properties": { "KDRUAS_UPD": "62035", "NOJBT_UPD": "62.035.023.0", "NM_RUAS_UP": "NIMBOTONG - BONGGO", "NM_JBT_UPD": "NUIGANA", "PROVINSI": "PAPUA PEGUNUNGAN (JAYAPURA)", "No_Prov_26": "62", "ID_Jbt_26": "6200492", "Kd_Ruas_26": "62035", "Suffix_26": null, "Nm_Ruas_26": "NIMBOTONG - BONGGO", "Lintas_26": "JALAN LINTAS UTARA", "No_Jbt_26": "62.035.023.0", "Nm_Jbt_26": "NUIGANA", "Status_26": "N", "Fungsi_26": "K", "Lks_Dr_26": "JPR", "Lks_km_26": 25.191, "F_STA_26": "2300", "Cadin_26": "BGO", "Pjg_Jbt_26": 20.4, "Btg_Pjg_26": 20.0, "Jml_Btg_26": "1", "Lb_Jl_Ms26": 6.0, "Lb_Jl_Kl26": 6.0, "Lb_Lalin26": 5.95, "Lb_Bh_Ki26": 0.47, "Lb_Bh_Ka26": 0.43, "Lb_Dr_Ki26": 0.1, "Lb_Dr_Ka26": 0.1, "Lb_Tr_Ki26": 0.95, "Lb_Tr_Ka26": 1.0, "Lb_TS_Ki26": 0.32, "Lb_TS_Ka26": 0.35, "Lb_Med_26": 0.0, "Lbr_Jbt_26": 9.67, "Bgn_Ats_26": "GTP", "Jns_Jbt_26": "STANDAR", "Thn_Bgn_26": "2014", "BA_26": "2", "LNT_26": "2", "BB_26": "2", "DAS_26": "1", "OP_26": "1", "UT_26": "0", "GR_26": "0", "LB_26": "0", "JBT_26": "2", "Tp_Lnts_26": "SUNGAI", "Dt_Lnts_26": "LURUS", "Pnangnn_26": "REHABILITASI", "Pmriksn_26": "TIDAK DISURVEI TA. 2026", "Pnglola_26": "BBPJN PAPUA-PAPUA PEGUNUNGAN", "Satkr_ID26": "693940", "PPK_Name26": "1.2", "Traffic_26": null, "VCR_26": "0", "AADT_26": "205", "Tipe_Jb_26": null, "Lat_26": -2.543425, "Long_26": 139.977951, "Tgl_Ins_26": "07/06/2025", "Ket_26": null }, "geometry": { "type": "Point", "coordinates": [ 139.977951000338408, -2.543425000063678 ] } },
{ "type": "Feature", "properties": { "KDRUAS_UPD": "62035", "NOJBT_UPD": "62.035.081.0", "NM_RUAS_UP": "NIMBOTONG - BONGGO", "NM_JBT_UPD": "OS", "PROVINSI": "PAPUA PEGUNUNGAN (JAYAPURA)", "No_Prov_26": "62", "ID_Jbt_26": "6200761", "Kd_Ruas_26": "62035", "Suffix_26": null, "Nm_Ruas_26": "NIMBOTONG - BONGGO", "Lintas_26": "JALAN LINTAS UTARA", "No_Jbt_26": "62.035.081.0", "Nm_Jbt_26": "OS", "Status_26": "N", "Fungsi_26": "K", "Lks_Dr_26": "JPR", "Lks_km_26": 85.872, "F_STA_26": "7400", "Cadin_26": "BGO", "Pjg_Jbt_26": 20.5, "Btg_Pjg_26": 20.0, "Jml_Btg_26": "1", "Lb_Jl_Ms26": 6.0, "Lb_Jl_Kl26": 6.0, "Lb_Lalin26": 7.0, "Lb_Bh_Ki26": 0.0, "Lb_Bh_Ka26": 0.0, "Lb_Dr_Ki26": 0.08, "Lb_Dr_Ka26": 0.08, "Lb_Tr_Ki26": 1.02, "Lb_Tr_Ka26": 1.0, "Lb_TS_Ki26": 0.0, "Lb_TS_Ka26": 0.0, "Lb_Med_26": 0.0, "Lbr_Jbt_26": 9.18, "Bgn_Ats_26": "GBP", "Jns_Jbt_26": "STANDAR", "Thn_Bgn_26": "2018", "BA_26": "2", "LNT_26": "2", "BB_26": "2", "DAS_26": "1", "OP_26": "0", "UT_26": "0", "GR_26": "0", "LB_26": "0", "JBT_26": "2", "Tp_Lnts_26": "SUNGAI", "Dt_Lnts_26": "LURUS", "Pnangnn_26": "RUTIN", "Pmriksn_26": "TIDAK DISURVEI TA. 2026", "Pnglola_26": "BBPJN PAPUA-PAPUA PEGUNUNGAN", "Satkr_ID26": "693940", "PPK_Name26": "1.2", "Traffic_26": null, "VCR_26": "0", "AADT_26": "205", "Tipe_Jb_26": null, "Lat_26": -2.343987, "Long_26": 139.637268, "Tgl_Ins_26": "18/06/2025", "Ket_26": null }, "geometry": { "type": "Point", "coordinates": [ 139.637267999918322, -2.343987000299762 ] } },
{ "type": "Feature", "properties": { "KDRUAS_UPD": "62035", "NOJBT_UPD": "62.035.038.0", "NM_RUAS_UP": "NIMBOTONG - BONGGO", "NM_JBT_UPD": "OSEL", "PROVINSI": "PAPUA PEGUNUNGAN (JAYAPURA)", "No_Prov_26": "62", "ID_Jbt_26": "6200505", "Kd_Ruas_26": "62035", "Suffix_26": null, "Nm_Ruas_26": "NIMBOTONG - BONGGO", "Lintas_26": "JALAN LINTAS UTARA", "No_Jbt_26": "62.035.038.0", "Nm_Jbt_26": "OSEL", "Status_26": "N", "Fungsi_26": "K", "Lks_Dr_26": "JPR", "Lks_km_26": 42.565, "F_STA_26": "3770", "Cadin_26": "BGO", "Pjg_Jbt_26": 13.8, "Btg_Pjg_26": 3.1, "Jml_Btg_26": "2", "Lb_Jl_Ms26": 6.5, "Lb_Jl_Kl26": 6.5, "Lb_Lalin26": 5.4, "Lb_Bh_Ki26": 2.3, "Lb_Bh_Ka26": 2.32, "Lb_Dr_Ki26": 0.0, "Lb_Dr_Ka26": 0.0, "Lb_Tr_Ki26": 0.0, "Lb_Tr_Ka26": 0.0, "Lb_TS_Ki26": 0.25, "Lb_TS_Ka26": 0.28, "Lb_Med_26": 0.0, "Lbr_Jbt_26": 10.55, "Bgn_Ats_26": "BTP", "Jns_Jbt_26": "STANDAR", "Thn_Bgn_26": "2014", "BA_26": "0", "LNT_26": "0", "BB_26": "0", "DAS_26": "1", "OP_26": "2", "UT_26": "0", "GR_26": "2", "LB_26": "0", "JBT_26": "2", "Tp_Lnts_26": "SUNGAI", "Dt_Lnts_26": "LURUS", "Pnangnn_26": "RUTIN", "Pmriksn_26": "DETAIL", "Pnglola_26": "BBPJN PAPUA-PAPUA PEGUNUNGAN", "Satkr_ID26": "693940", "PPK_Name26": "1.2", "Traffic_26": null, "VCR_26": "0", "AADT_26": "205", "Tipe_Jb_26": null, "Lat_26": -2.498371, "Long_26": 139.88031, "Tgl_Ins_26": "16/05/2026", "Ket_26": null }, "geometry": { "type": "Point", "coordinates": [ 139.88030999960688, -2.498370999821759 ] } },
{ "type": "Feature", "properties": { "KDRUAS_UPD": "62057", "NOJBT_UPD": "62.057.061.0", "NM_RUAS_UP": "MENAWI - SAUBEBA - YOBI", "NM_JBT_UPD": "PERUMAI", "PROVINSI": "PAPUA PEGUNUNGAN (JAYAPURA)", "No_Prov_26": "62", "ID_Jbt_26": "6201542", "Kd_Ruas_26": "62057", "Suffix_26": null, "Nm_Ruas_26": "MENAWI - SAUBEBA - YOBI", "Lintas_26": "NON LINTAS", "No_Jbt_26": "62.057.061.0", "Nm_Jbt_26": "PERUMAI", "Status_26": "N", "Fungsi_26": "K", "Lks_Dr_26": "SER", "Lks_km_26": 38.188, "F_STA_26": "3780", "Cadin_26": "MEN", "Pjg_Jbt_26": 80.0, "Btg_Pjg_26": 80.0, "Jml_Btg_26": "1", "Lb_Jl_Ms26": 6.0, "Lb_Jl_Kl26": 6.0, "Lb_Lalin26": 0.0, "Lb_Bh_Ki26": 0.0, "Lb_Bh_Ka26": 0.0, "Lb_Dr_Ki26": 0.0, "Lb_Dr_Ka26": 0.0, "Lb_Tr_Ki26": 0.0, "Lb_Tr_Ka26": 0.0, "Lb_TS_Ki26": 0.0, "Lb_TS_Ka26": 0.0, "Lb_Med_26": 0.0, "Lbr_Jbt_26": 0.0, "Bgn_Ats_26": "WXX", "Jns_Jbt_26": "STANDAR", "Thn_Bgn_26": "0", "BA_26": "0", "LNT_26": "0", "BB_26": "0", "DAS_26": "0", "OP_26": "0", "UT_26": "0", "GR_26": "0", "LB_26": "5", "JBT_26": "5", "Tp_Lnts_26": "SUNGAI", "Dt_Lnts_26": "LURUS", "Pnangnn_26": "DO NOTHING ( DO NOTHING)", "Pmriksn_26": "RUTIN", "Pnglola_26": "BBPJN PAPUA-PAPUA PEGUNUNGAN", "Satkr_ID26": "693941", "PPK_Name26": "3.2", "Traffic_26": null, "VCR_26": "0", "AADT_26": "11", "Tipe_Jb_26": null, "Lat_26": -1.722393, "Long_26": 136.403778, "Tgl_Ins_26": "01/06/2026", "Ket_26": null }, "geometry": { "type": "Point", "coordinates": [ 136.403777999754993, -1.722393000336638 ] } },
{ "type": "Feature", "properties": { "KDRUAS_UPD": "62005", "NOJBT_UPD": "62.005.111.0", "NM_RUAS_UP": "YETTI - SENGGI - MAMBERAMO I (STA 0+000 - 107+300)", "NM_JBT_UPD": "RANGKA BAJA SINTA XXII", "PROVINSI": "PAPUA PEGUNUNGAN (JAYAPURA)", "No_Prov_26": "62", "ID_Jbt_26": "6200868", "Kd_Ruas_26": "62005", "Suffix_26": "0", "Nm_Ruas_26": "YETTI - SENGGI - MAMBERAMO I (STA 0+000 - 107+300)", "Lintas_26": "YETTI - SENGGI - MAMBERAMO", "No_Jbt_26": "62.005.111.0", "Nm_Jbt_26": "RANGKA BAJA SINTA XXII", "Status_26": "N", "Fungsi_26": "A", "Lks_Dr_26": "JPR", "Lks_km_26": 108.179, "F_STA_26": "10530", "Cadin_26": "MBR", "Pjg_Jbt_26": 45.5, "Btg_Pjg_26": 45.0, "Jml_Btg_26": "1", "Lb_Jl_Ms26": 6.0, "Lb_Jl_Kl26": 6.0, "Lb_Lalin26": 4.8, "Lb_Bh_Ki26": 0.0, "Lb_Bh_Ka26": 0.0, "Lb_Dr_Ki26": 0.0, "Lb_Dr_Ka26": 0.0, "Lb_Tr_Ki26": 0.0, "Lb_Tr_Ka26": 0.0, "Lb_TS_Ki26": 0.0, "Lb_TS_Ka26": 0.0, "Lb_Med_26": 0.0, "Lbr_Jbt_26": 4.8, "Bgn_Ats_26": "RBR", "Jns_Jbt_26": "STANDAR", "Thn_Bgn_26": "2023", "BA_26": "0", "LNT_26": "0", "BB_26": "1", "DAS_26": "1", "OP_26": "0", "UT_26": "0", "GR_26": "0", "LB_26": "0", "JBT_26": "1", "Tp_Lnts_26": "SUNGAI", "Dt_Lnts_26": "LURUS", "Pnangnn_26": "RUTIN", "Pmriksn_26": "TIDAK DISURVEI TA. 2026", "Pnglola_26": "BBPJN PAPUA-PAPUA PEGUNUNGAN", "Satkr_ID26": "693965", "PPK_Name26": "2.3", "Traffic_26": null, "VCR_26": "0", "AADT_26": "98", "Tipe_Jb_26": null, "Lat_26": -3.723396, "Long_26": 140.399841, "Tgl_Ins_26": "31/03/2024", "Ket_26": null }, "geometry": { "type": "Point", "coordinates": [ 140.399840999962294, -3.723396000325124 ] } },
{ "type": "Feature", "properties": { "KDRUAS_UPD": "62033", "NOJBT_UPD": "62.033.002.0", "NM_RUAS_UP": "SENTANI  -  BONGKRANG - WARUMBAIM", "NM_JBT_UPD": "RAWA SAGU", "PROVINSI": "PAPUA PEGUNUNGAN (JAYAPURA)", "No_Prov_26": "62", "ID_Jbt_26": "6200459", "Kd_Ruas_26": "62033", "Suffix_26": null, "Nm_Ruas_26": "SENTANI  -  BONGKRANG - WARUMBAIM", "Lintas_26": "JALAN LINTAS UTARA", "No_Jbt_26": "62.033.002.0", "Nm_Jbt_26": "RAWA SAGU", "Status_26": "N", "Fungsi_26": "A", "Lks_Dr_26": "JPR", "Lks_km_26": 1.079, "F_STA_26": "310", "Cadin_26": "WRM", "Pjg_Jbt_26": 38.0, "Btg_Pjg_26": 37.5, "Jml_Btg_26": "1", "Lb_Jl_Ms26": 4.7, "Lb_Jl_Kl26": 4.7, "Lb_Lalin26": 6.1, "Lb_Bh_Ki26": 0.0, "Lb_Bh_Ka26": 0.0, "Lb_Dr_Ki26": 0.0, "Lb_Dr_Ka26": 0.0, "Lb_Tr_Ki26": 0.75, "Lb_Tr_Ka26": 0.76, "Lb_TS_Ki26": 0.0, "Lb_TS_Ka26": 0.0, "Lb_Med_26": 0.0, "Lbr_Jbt_26": 7.61, "Bgn_Ats_26": "GTP", "Jns_Jbt_26": "STANDAR", "Thn_Bgn_26": "2005", "BA_26": "2", "LNT_26": "0", "BB_26": "2", "DAS_26": "2", "OP_26": "2", "UT_26": "0", "GR_26": "0", "LB_26": "0", "JBT_26": "2", "Tp_Lnts_26": "SUNGAI", "Dt_Lnts_26": "LURUS", "Pnangnn_26": "RUTIN", "Pmriksn_26": "TIDAK DISURVEI TA. 2026", "Pnglola_26": "BBPJN PAPUA-PAPUA PEGUNUNGAN", "Satkr_ID26": "693940", "PPK_Name26": "1.2", "Traffic_26": null, "VCR_26": "0", "AADT_26": "9255", "Tipe_Jb_26": null, "Lat_26": -2.558382, "Long_26": 140.469131, "Tgl_Ins_26": "27/05/2025", "Ket_26": null }, "geometry": { "type": "Point", "coordinates": [ 140.469130999995741, -2.558382000029212 ] } },
{ "type": "Feature", "properties": { "KDRUAS_UPD": "62035", "NOJBT_UPD": "62.035.006.0", "NM_RUAS_UP": "NIMBOTONG - BONGGO", "NM_JBT_UPD": "REPANG I (MUAEB)", "PROVINSI": "PAPUA PEGUNUNGAN (JAYAPURA)", "No_Prov_26": "62", "ID_Jbt_26": "6200475", "Kd_Ruas_26": "62035", "Suffix_26": null, "Nm_Ruas_26": "NIMBOTONG - BONGGO", "Lintas_26": "JALAN LINTAS UTARA", "No_Jbt_26": "62.035.006.0", "Nm_Jbt_26": "REPANG I (MUAEB)", "Status_26": "N", "Fungsi_26": "K", "Lks_Dr_26": "JPR", "Lks_km_26": 1.848, "F_STA_26": "290", "Cadin_26": "BGO", "Pjg_Jbt_26": 59.7, "Btg_Pjg_26": 60.0, "Jml_Btg_26": "1", "Lb_Jl_Ms26": 6.0, "Lb_Jl_Kl26": 6.0, "Lb_Lalin26": 5.93, "Lb_Bh_Ki26": 0.0, "Lb_Bh_Ka26": 0.0, "Lb_Dr_Ki26": 0.0, "Lb_Dr_Ka26": 0.0, "Lb_Tr_Ki26": 0.4, "Lb_Tr_Ka26": 0.4, "Lb_TS_Ki26": 0.0, "Lb_TS_Ka26": 0.0, "Lb_Med_26": 0.0, "Lbr_Jbt_26": 6.73, "Bgn_Ats_26": "RBR", "Jns_Jbt_26": "STANDAR", "Thn_Bgn_26": "2011", "BA_26": "1", "LNT_26": "1", "BB_26": "0", "DAS_26": "1", "OP_26": "1", "UT_26": "0", "GR_26": "0", "LB_26": "0", "JBT_26": "1", "Tp_Lnts_26": "SUNGAI", "Dt_Lnts_26": "LURUS", "Pnangnn_26": "RUTIN", "Pmriksn_26": "TIDAK DISURVEI TA. 2026", "Pnglola_26": "BBPJN PAPUA-PAPUA PEGUNUNGAN", "Satkr_ID26": "693940", "PPK_Name26": "1.2", "Traffic_26": null, "VCR_26": "0", "AADT_26": "205", "Tipe_Jb_26": null, "Lat_26": -2.565392, "Long_26": 140.085388, "Tgl_Ins_26": "09/03/2024", "Ket_26": null }, "geometry": { "type": "Point", "coordinates": [ 140.085387999556588, -2.565392000440397 ] } },
{ "type": "Feature", "properties": { "KDRUAS_UPD": "62035", "NOJBT_UPD": "62.035.007.0", "NM_RUAS_UP": "NIMBOTONG - BONGGO", "NM_JBT_UPD": "REPANG II", "PROVINSI": "PAPUA PEGUNUNGAN (JAYAPURA)", "No_Prov_26": "62", "ID_Jbt_26": "6200476", "Kd_Ruas_26": "62035", "Suffix_26": null, "Nm_Ruas_26": "NIMBOTONG - BONGGO", "Lintas_26": "JALAN LINTAS UTARA", "No_Jbt_26": "62.035.007.0", "Nm_Jbt_26": "REPANG II", "Status_26": "N", "Fungsi_26": "K", "Lks_Dr_26": "JPR", "Lks_km_26": 6.415, "F_STA_26": "680", "Cadin_26": "BGO", "Pjg_Jbt_26": 19.3, "Btg_Pjg_26": 3.0, "Jml_Btg_26": "3", "Lb_Jl_Ms26": 5.75, "Lb_Jl_Kl26": 5.75, "Lb_Lalin26": 6.2, "Lb_Bh_Ki26": 1.19, "Lb_Bh_Ka26": 2.2, "Lb_Dr_Ki26": 0.0, "Lb_Dr_Ka26": 0.0, "Lb_Tr_Ki26": 0.0, "Lb_Tr_Ka26": 0.0, "Lb_TS_Ki26": 0.0, "Lb_TS_Ka26": 0.0, "Lb_Med_26": 0.0, "Lbr_Jbt_26": 9.59, "Bgn_Ats_26": "BTP", "Jns_Jbt_26": "STANDAR", "Thn_Bgn_26": "2011", "BA_26": "0", "LNT_26": "0", "BB_26": "0", "DAS_26": "1", "OP_26": "0", "UT_26": "1", "GR_26": "0", "LB_26": "0", "JBT_26": "1", "Tp_Lnts_26": "SUNGAI", "Dt_Lnts_26": "LURUS", "Pnangnn_26": "RUTIN", "Pmriksn_26": "TIDAK DISURVEI TA. 2026", "Pnglola_26": "BBPJN PAPUA-PAPUA PEGUNUNGAN", "Satkr_ID26": "693940", "PPK_Name26": "1.2", "Traffic_26": null, "VCR_26": "0", "AADT_26": "205", "Tipe_Jb_26": null, "Lat_26": -2.589025, "Long_26": 140.071396, "Tgl_Ins_26": "09/03/2024", "Ket_26": null }, "geometry": { "type": "Point", "coordinates": [ 140.071396000025402, -2.589025000303479 ] } },
{ "type": "Feature", "properties": { "KDRUAS_UPD": "62035", "NOJBT_UPD": "62.035.008.0", "NM_RUAS_UP": "NIMBOTONG - BONGGO", "NM_JBT_UPD": "REPANG III", "PROVINSI": "PAPUA PEGUNUNGAN (JAYAPURA)", "No_Prov_26": "62", "ID_Jbt_26": "6200477", "Kd_Ruas_26": "62035", "Suffix_26": null, "Nm_Ruas_26": "NIMBOTONG - BONGGO", "Lintas_26": "JALAN LINTAS UTARA", "No_Jbt_26": "62.035.008.0", "Nm_Jbt_26": "REPANG III", "Status_26": "N", "Fungsi_26": "K", "Lks_Dr_26": "JPR", "Lks_km_26": 12.419, "F_STA_26": "1190", "Cadin_26": "BGO", "Pjg_Jbt_26": 18.7, "Btg_Pjg_26": 3.0, "Jml_Btg_26": "2", "Lb_Jl_Ms26": 5.75, "Lb_Jl_Kl26": 5.75, "Lb_Lalin26": 5.4, "Lb_Bh_Ki26": 2.2, "Lb_Bh_Ka26": 0.0, "Lb_Dr_Ki26": 0.0, "Lb_Dr_Ka26": 0.0, "Lb_Tr_Ki26": 0.0, "Lb_Tr_Ka26": 0.0, "Lb_TS_Ki26": 0.0, "Lb_TS_Ka26": 0.0, "Lb_Med_26": 0.0, "Lbr_Jbt_26": 7.6, "Bgn_Ats_26": "BTP", "Jns_Jbt_26": "STANDAR", "Thn_Bgn_26": "2011", "BA_26": "0", "LNT_26": "0", "BB_26": "0", "DAS_26": "1", "OP_26": "2", "UT_26": "0", "GR_26": "2", "LB_26": "0", "JBT_26": "2", "Tp_Lnts_26": "SUNGAI", "Dt_Lnts_26": "LURUS", "Pnangnn_26": "RUTIN", "Pmriksn_26": "DETAIL", "Pnglola_26": "BBPJN PAPUA-PAPUA PEGUNUNGAN", "Satkr_ID26": "693940", "PPK_Name26": "1.2", "Traffic_26": null, "VCR_26": "0", "AADT_26": "205", "Tipe_Jb_26": null, "Lat_26": -2.602198, "Long_26": 140.04422, "Tgl_Ins_26": "26/06/2026", "Ket_26": null }, "geometry": { "type": "Point", "coordinates": [ 140.044219999553434, -2.602197999837756 ] } },
{ "type": "Feature", "properties": { "KDRUAS_UPD": "62056", "NOJBT_UPD": "62.056.019.0", "NM_RUAS_UP": "BTS. KOTA SERUI - MENAWI", "NM_JBT_UPD": "ROIPI", "PROVINSI": "PAPUA PEGUNUNGAN (JAYAPURA)", "No_Prov_26": "62", "ID_Jbt_26": "6200738", "Kd_Ruas_26": "62056", "Suffix_26": null, "Nm_Ruas_26": "BTS. KOTA SERUI - MENAWI", "Lintas_26": "NON LINTAS", "No_Jbt_26": "62.056.019.0", "Nm_Jbt_26": "ROIPI", "Status_26": "N", "Fungsi_26": "K", "Lks_Dr_26": "SER", "Lks_km_26": 3.774, "F_STA_26": "320", "Cadin_26": "SER", "Pjg_Jbt_26": 20.0, "Btg_Pjg_26": 3.0, "Jml_Btg_26": "3", "Lb_Jl_Ms26": 6.3, "Lb_Jl_Kl26": 6.3, "Lb_Lalin26": 6.77, "Lb_Bh_Ki26": 0.73, "Lb_Bh_Ka26": 0.73, "Lb_Dr_Ki26": 0.0, "Lb_Dr_Ka26": 0.0, "Lb_Tr_Ki26": 0.0, "Lb_Tr_Ka26": 0.0, "Lb_TS_Ki26": 0.0, "Lb_TS_Ka26": 0.0, "Lb_Med_26": 0.0, "Lbr_Jbt_26": 8.23, "Bgn_Ats_26": "BTP", "Jns_Jbt_26": "STANDAR", "Thn_Bgn_26": "2021", "BA_26": "0", "LNT_26": "0", "BB_26": "0", "DAS_26": "1", "OP_26": "0", "UT_26": "0", "GR_26": "0", "LB_26": "0", "JBT_26": "1", "Tp_Lnts_26": "SUNGAI", "Dt_Lnts_26": "LURUS", "Pnangnn_26": "RUTIN", "Pmriksn_26": "TIDAK DISURVEI TA. 2026", "Pnglola_26": "BBPJN PAPUA-PAPUA PEGUNUNGAN", "Satkr_ID26": "693941", "PPK_Name26": null, "Traffic_26": null, "VCR_26": "0", "AADT_26": "254", "Tipe_Jb_26": null, "Lat_26": -1.85949, "Long_26": 136.3104, "Tgl_Ins_26": "19/05/2023", "Ket_26": null }, "geometry": { "type": "Point", "coordinates": [ 136.310424999813904, -1.859490000363166 ] } },
{ "type": "Feature", "properties": { "KDRUAS_UPD": "62035", "NOJBT_UPD": "62.035.001.3", "NM_RUAS_UP": "NIMBOTONG - BONGGO", "NM_JBT_UPD": "S. REPANG", "PROVINSI": "PAPUA PEGUNUNGAN (JAYAPURA)", "No_Prov_26": "62", "ID_Jbt_26": "6201810", "Kd_Ruas_26": "62035", "Suffix_26": null, "Nm_Ruas_26": "NIMBOTONG - BONGGO", "Lintas_26": "JALAN LINTAS UTARA", "No_Jbt_26": "62.035.001.3", "Nm_Jbt_26": "S. REPANG", "Status_26": "N", "Fungsi_26": "K", "Lks_Dr_26": "JPR", "Lks_km_26": 0.0, "F_STA_26": "20", "Cadin_26": "BGO", "Pjg_Jbt_26": 30.8, "Btg_Pjg_26": 30.2, "Jml_Btg_26": "1", "Lb_Jl_Ms26": 6.0, "Lb_Jl_Kl26": 6.0, "Lb_Lalin26": 7.03, "Lb_Bh_Ki26": 0.0, "Lb_Bh_Ka26": 0.0, "Lb_Dr_Ki26": 0.0, "Lb_Dr_Ka26": 0.0, "Lb_Tr_Ki26": 1.0, "Lb_Tr_Ka26": 1.0, "Lb_TS_Ki26": 0.21, "Lb_TS_Ka26": 0.21, "Lb_Med_26": 0.0, "Lbr_Jbt_26": 9.45, "Bgn_Ats_26": "GBP", "Jns_Jbt_26": "STANDAR", "Thn_Bgn_26": "2015", "BA_26": "2", "LNT_26": "2", "BB_26": "0", "DAS_26": "2", "OP_26": "2", "UT_26": "0", "GR_26": "0", "LB_26": "0", "JBT_26": "2", "Tp_Lnts_26": "SUNGAI", "Dt_Lnts_26": "LURUS", "Pnangnn_26": "RUTIN", "Pmriksn_26": "DETAIL", "Pnglola_26": "BBPJN PAPUA-PAPUA PEGUNUNGAN", "Satkr_ID26": "693940", "PPK_Name26": "1.2", "Traffic_26": null, "VCR_26": "0", "AADT_26": "205", "Tipe_Jb_26": null, "Lat_26": -2.558771, "Long_26": 140.108185, "Tgl_Ins_26": "16/05/2026", "Ket_26": null }, "geometry": { "type": "Point", "coordinates": [ 140.108185000437516, -2.558770999981618 ] } },
{ "type": "Feature", "properties": { "KDRUAS_UPD": "62057", "NOJBT_UPD": "62.057.058.0", "NM_RUAS_UP": "MENAWI - SAUBEBA - YOBI", "NM_JBT_UPD": "SAMANAGE", "PROVINSI": "PAPUA PEGUNUNGAN (JAYAPURA)", "No_Prov_26": "62", "ID_Jbt_26": "6201539", "Kd_Ruas_26": "62057", "Suffix_26": null, "Nm_Ruas_26": "MENAWI - SAUBEBA - YOBI", "Lintas_26": "NON LINTAS", "No_Jbt_26": "62.057.058.0", "Nm_Jbt_26": "SAMANAGE", "Status_26": "N", "Fungsi_26": "K", "Lks_Dr_26": "SER", "Lks_km_26": 37.171, "F_STA_26": "3680", "Cadin_26": "MEN", "Pjg_Jbt_26": 25.0, "Btg_Pjg_26": 25.0, "Jml_Btg_26": "1", "Lb_Jl_Ms26": 6.0, "Lb_Jl_Kl26": 6.0, "Lb_Lalin26": 3.9, "Lb_Bh_Ki26": 0.0, "Lb_Bh_Ka26": 0.0, "Lb_Dr_Ki26": 0.0, "Lb_Dr_Ka26": 0.0, "Lb_Tr_Ki26": 0.2, "Lb_Tr_Ka26": 0.2, "Lb_TS_Ki26": 0.0, "Lb_TS_Ka26": 0.0, "Lb_Med_26": 0.0, "Lbr_Jbt_26": 4.3, "Bgn_Ats_26": "RBW", "Jns_Jbt_26": "STANDAR", "Thn_Bgn_26": "2005", "BA_26": "2", "LNT_26": "2", "BB_26": "2", "DAS_26": "1", "OP_26": "0", "UT_26": "0", "GR_26": "0", "LB_26": "0", "JBT_26": "2", "Tp_Lnts_26": "SUNGAI", "Dt_Lnts_26": "LURUS", "Pnangnn_26": "BERKALA", "Pmriksn_26": "TIDAK DISURVEI TA. 2026", "Pnglola_26": "BBPJN PAPUA-PAPUA PEGUNUNGAN", "Satkr_ID26": "693941", "PPK_Name26": "3.2", "Traffic_26": null, "VCR_26": "0", "AADT_26": "11", "Tipe_Jb_26": null, "Lat_26": -1.720413, "Long_26": 136.395309, "Tgl_Ins_26": "01/06/2025", "Ket_26": null }, "geometry": { "type": "Point", "coordinates": [ 136.395309000410066, -1.720412999860002 ] } },
{ "type": "Feature", "properties": { "KDRUAS_UPD": "62035", "NOJBT_UPD": "62.035.033.0", "NM_RUAS_UP": "NIMBOTONG - BONGGO", "NM_JBT_UPD": "SANGRE", "PROVINSI": "PAPUA PEGUNUNGAN (JAYAPURA)", "No_Prov_26": "62", "ID_Jbt_26": "6200500", "Kd_Ruas_26": "62035", "Suffix_26": null, "Nm_Ruas_26": "NIMBOTONG - BONGGO", "Lintas_26": "JALAN LINTAS UTARA", "No_Jbt_26": "62.035.033.0", "Nm_Jbt_26": "SANGRE", "Status_26": "N", "Fungsi_26": "K", "Lks_Dr_26": "JPR", "Lks_km_26": 36.567, "F_STA_26": "3270", "Cadin_26": "BGO", "Pjg_Jbt_26": 16.7, "Btg_Pjg_26": 16.0, "Jml_Btg_26": "1", "Lb_Jl_Ms26": 5.25, "Lb_Jl_Kl26": 5.25, "Lb_Lalin26": 7.0, "Lb_Bh_Ki26": 0.0, "Lb_Bh_Ka26": 0.0, "Lb_Dr_Ki26": 0.0, "Lb_Dr_Ka26": 0.0, "Lb_Tr_Ki26": 0.92, "Lb_Tr_Ka26": 0.93, "Lb_TS_Ki26": 0.3, "Lb_TS_Ka26": 0.3, "Lb_Med_26": 0.0, "Lbr_Jbt_26": 9.45, "Bgn_Ats_26": "GTP", "Jns_Jbt_26": "STANDAR", "Thn_Bgn_26": "2015", "BA_26": "2", "LNT_26": "2", "BB_26": "2", "DAS_26": "2", "OP_26": "2", "UT_26": "0", "GR_26": "0", "LB_26": "0", "JBT_26": "2", "Tp_Lnts_26": "SUNGAI", "Dt_Lnts_26": "LURUS", "Pnangnn_26": "REHABILITASI", "Pmriksn_26": "TIDAK DISURVEI TA. 2026", "Pnglola_26": "BBPJN PAPUA-PAPUA PEGUNUNGAN", "Satkr_ID26": "693940", "PPK_Name26": "1.2", "Traffic_26": null, "VCR_26": "0", "AADT_26": "205", "Tipe_Jb_26": null, "Lat_26": -2.521454, "Long_26": 139.912781, "Tgl_Ins_26": "08/06/2025", "Ket_26": null }, "geometry": { "type": "Point", "coordinates": [ 139.912780999643473, -2.521454000401775 ] } },
{ "type": "Feature", "properties": { "KDRUAS_UPD": "62037", "NOJBT_UPD": "62.037.010.0", "NM_RUAS_UP": "SARMI - ARBAIS", "NM_JBT_UPD": "SARMI 1", "PROVINSI": "PAPUA PEGUNUNGAN (JAYAPURA)", "No_Prov_26": "62", "ID_Jbt_26": "6200597", "Kd_Ruas_26": "62037", "Suffix_26": null, "Nm_Ruas_26": "SARMI - ARBAIS", "Lintas_26": "NON LINTAS", "No_Jbt_26": "62.037.010.0", "Nm_Jbt_26": "SARMI 1", "Status_26": "N", "Fungsi_26": "K", "Lks_Dr_26": "SRM", "Lks_km_26": 5.0, "F_STA_26": "440", "Cadin_26": "ARB", "Pjg_Jbt_26": 8.1, "Btg_Pjg_26": 7.5, "Jml_Btg_26": "1", "Lb_Jl_Ms26": 5.5, "Lb_Jl_Kl26": 5.5, "Lb_Lalin26": 3.13, "Lb_Bh_Ki26": 0.0, "Lb_Bh_Ka26": 0.0, "Lb_Dr_Ki26": 0.0, "Lb_Dr_Ka26": 0.0, "Lb_Tr_Ki26": 0.0, "Lb_Tr_Ka26": 0.0, "Lb_TS_Ki26": 0.0, "Lb_TS_Ka26": 0.0, "Lb_Med_26": 0.0, "Lbr_Jbt_26": 3.13, "Bgn_Ats_26": "GKW", "Jns_Jbt_26": "STANDAR", "Thn_Bgn_26": "2000", "BA_26": "4", "LNT_26": "3", "BB_26": "4", "DAS_26": "0", "OP_26": "0", "UT_26": "0", "GR_26": "0", "LB_26": "0", "JBT_26": "4", "Tp_Lnts_26": "SUNGAI", "Dt_Lnts_26": "LURUS", "Pnangnn_26": "MYC JALAN (RUTIN)", "Pmriksn_26": "DETAIL", "Pnglola_26": "BBPJN PAPUA-PAPUA PEGUNUNGAN", "Satkr_ID26": "693940", "PPK_Name26": "1.3", "Traffic_26": null, "VCR_26": "0", "AADT_26": "690", "Tipe_Jb_26": null, "Lat_26": -1.854467, "Long_26": 138.737732, "Tgl_Ins_26": "20/05/2026", "Ket_26": null }, "geometry": { "type": "Point", "coordinates": [ 138.737731999732091, -1.854466999852093 ] } },
{ "type": "Feature", "properties": { "KDRUAS_UPD": "62037", "NOJBT_UPD": "62.037.022.0", "NM_RUAS_UP": "SARMI - ARBAIS", "NM_JBT_UPD": "SARMI 10", "PROVINSI": "PAPUA PEGUNUNGAN (JAYAPURA)", "No_Prov_26": "62", "ID_Jbt_26": "6200607", "Kd_Ruas_26": "62037", "Suffix_26": null, "Nm_Ruas_26": "SARMI - ARBAIS", "Lintas_26": "NON LINTAS", "No_Jbt_26": "62.037.022.0", "Nm_Jbt_26": "SARMI 10", "Status_26": "N", "Fungsi_26": "K", "Lks_Dr_26": "SRM", "Lks_km_26": 12.053, "F_STA_26": "1060", "Cadin_26": "ARB", "Pjg_Jbt_26": 11.0, "Btg_Pjg_26": 10.5, "Jml_Btg_26": "1", "Lb_Jl_Ms26": 5.5, "Lb_Jl_Kl26": 5.5, "Lb_Lalin26": 3.46, "Lb_Bh_Ki26": 0.0, "Lb_Bh_Ka26": 0.0, "Lb_Dr_Ki26": 0.0, "Lb_Dr_Ka26": 0.0, "Lb_Tr_Ki26": 0.0, "Lb_Tr_Ka26": 0.0, "Lb_TS_Ki26": 0.0, "Lb_TS_Ka26": 0.0, "Lb_Med_26": 0.0, "Lbr_Jbt_26": 3.46, "Bgn_Ats_26": "GKP", "Jns_Jbt_26": "STANDAR", "Thn_Bgn_26": "2000", "BA_26": "4", "LNT_26": "3", "BB_26": "4", "DAS_26": "1", "OP_26": "1", "UT_26": "0", "GR_26": "0", "LB_26": "0", "JBT_26": "4", "Tp_Lnts_26": "SUNGAI", "Dt_Lnts_26": "LURUS", "Pnangnn_26": "MYC JALAN (RUTIN)", "Pmriksn_26": "DETAIL", "Pnglola_26": "BBPJN PAPUA-PAPUA PEGUNUNGAN", "Satkr_ID26": "693940", "PPK_Name26": "1.3", "Traffic_26": null, "VCR_26": "0", "AADT_26": "690", "Tipe_Jb_26": null, "Lat_26": -1.820302, "Long_26": 138.696976, "Tgl_Ins_26": "21/05/2026", "Ket_26": null }, "geometry": { "type": "Point", "coordinates": [ 138.696975999842607, -1.820301999937328 ] } },
{ "type": "Feature", "properties": { "KDRUAS_UPD": "62037", "NOJBT_UPD": "62.037.023.0", "NM_RUAS_UP": "SARMI - ARBAIS", "NM_JBT_UPD": "SARMI 11", "PROVINSI": "PAPUA PEGUNUNGAN (JAYAPURA)", "No_Prov_26": "62", "ID_Jbt_26": "6200608", "Kd_Ruas_26": "62037", "Suffix_26": null, "Nm_Ruas_26": "SARMI - ARBAIS", "Lintas_26": "NON LINTAS", "No_Jbt_26": "62.037.023.0", "Nm_Jbt_26": "SARMI 11", "Status_26": "N", "Fungsi_26": "K", "Lks_Dr_26": "SRM", "Lks_km_26": 12.337, "F_STA_26": "1080", "Cadin_26": "ARB", "Pjg_Jbt_26": 12.0, "Btg_Pjg_26": 1.8, "Jml_Btg_26": "2", "Lb_Jl_Ms26": 6.0, "Lb_Jl_Kl26": 6.0, "Lb_Lalin26": 4.8, "Lb_Bh_Ki26": 0.56, "Lb_Bh_Ka26": 0.5, "Lb_Dr_Ki26": 0.0, "Lb_Dr_Ka26": 0.0, "Lb_Tr_Ki26": 0.56, "Lb_Tr_Ka26": 0.5, "Lb_TS_Ki26": 0.0, "Lb_TS_Ka26": 0.0, "Lb_Med_26": 0.0, "Lbr_Jbt_26": 6.92, "Bgn_Ats_26": "YBP", "Jns_Jbt_26": "STANDAR", "Thn_Bgn_26": "2010", "BA_26": "1", "LNT_26": "0", "BB_26": "0", "DAS_26": "1", "OP_26": "0", "UT_26": "0", "GR_26": "2", "LB_26": "0", "JBT_26": "2", "Tp_Lnts_26": "SUNGAI", "Dt_Lnts_26": "LURUS", "Pnangnn_26": "MYC JALAN (RUTIN)", "Pmriksn_26": "TIDAK DISURVEI TA. 2026", "Pnglola_26": "BBPJN PAPUA-PAPUA PEGUNUNGAN", "Satkr_ID26": "693940", "PPK_Name26": "1.3", "Traffic_26": null, "VCR_26": "0", "AADT_26": "690", "Tipe_Jb_26": null, "Lat_26": -1.818773, "Long_26": 138.695465, "Tgl_Ins_26": "11/06/2025", "Ket_26": null }, "geometry": { "type": "Point", "coordinates": [ 138.695465000309582, -1.818772999574207 ] } },
{ "type": "Feature", "properties": { "KDRUAS_UPD": "62037", "NOJBT_UPD": "62.037.026.0", "NM_RUAS_UP": "SARMI - ARBAIS", "NM_JBT_UPD": "SARMI 13", "PROVINSI": "PAPUA PEGUNUNGAN (JAYAPURA)", "No_Prov_26": "62", "ID_Jbt_26": "6200912", "Kd_Ruas_26": "62037", "Suffix_26": null, "Nm_Ruas_26": "SARMI - ARBAIS", "Lintas_26": "NON LINTAS", "No_Jbt_26": "62.037.026.0", "Nm_Jbt_26": "SARMI 13", "Status_26": "N", "Fungsi_26": "K", "Lks_Dr_26": "SRM", "Lks_km_26": 17.692, "F_STA_26": "1540", "Cadin_26": "ARB", "Pjg_Jbt_26": 19.0, "Btg_Pjg_26": 18.0, "Jml_Btg_26": "1", "Lb_Jl_Ms26": 6.0, "Lb_Jl_Kl26": 6.0, "Lb_Lalin26": 3.66, "Lb_Bh_Ki26": 0.0, "Lb_Bh_Ka26": 0.0, "Lb_Dr_Ki26": 0.0, "Lb_Dr_Ka26": 0.0, "Lb_Tr_Ki26": 0.0, "Lb_Tr_Ka26": 0.0, "Lb_TS_Ki26": 0.0, "Lb_TS_Ka26": 0.0, "Lb_Med_26": 0.0, "Lbr_Jbt_26": 3.66, "Bgn_Ats_26": "RBW", "Jns_Jbt_26": "STANDAR", "Thn_Bgn_26": "2014", "BA_26": "3", "LNT_26": "3", "BB_26": "1", "DAS_26": "1", "OP_26": "0", "UT_26": "0", "GR_26": "0", "LB_26": "0", "JBT_26": "3", "Tp_Lnts_26": "SUNGAI", "Dt_Lnts_26": "LURUS", "Pnangnn_26": "MYC JALAN (RUTIN)", "Pmriksn_26": "DETAIL", "Pnglola_26": "BBPJN PAPUA-PAPUA PEGUNUNGAN", "Satkr_ID26": "693940", "PPK_Name26": "1.3", "Traffic_26": null, "VCR_26": "0", "AADT_26": "690", "Tipe_Jb_26": null, "Lat_26": -1.831187, "Long_26": 138.674484, "Tgl_Ins_26": "21/05/2026", "Ket_26": null }, "geometry": { "type": "Point", "coordinates": [ 138.674484000436337, -1.831187000079922 ] } },
{ "type": "Feature", "properties": { "KDRUAS_UPD": "62037", "NOJBT_UPD": "62.037.030.0", "NM_RUAS_UP": "SARMI - ARBAIS", "NM_JBT_UPD": "SARMI 13 A", "PROVINSI": "PAPUA PEGUNUNGAN (JAYAPURA)", "No_Prov_26": "62", "ID_Jbt_26": "6200916", "Kd_Ruas_26": "62037", "Suffix_26": null, "Nm_Ruas_26": "SARMI - ARBAIS", "Lintas_26": "NON LINTAS", "No_Jbt_26": "62.037.030.0", "Nm_Jbt_26": "SARMI 13 A", "Status_26": "N", "Fungsi_26": "K", "Lks_Dr_26": "SRM", "Lks_km_26": 22.721, "F_STA_26": "1970", "Cadin_26": "ARB", "Pjg_Jbt_26": 12.7, "Btg_Pjg_26": 12.2, "Jml_Btg_26": "1", "Lb_Jl_Ms26": 7.0, "Lb_Jl_Kl26": 7.0, "Lb_Lalin26": 1.98, "Lb_Bh_Ki26": 0.93, "Lb_Bh_Ka26": 0.75, "Lb_Dr_Ki26": 0.0, "Lb_Dr_Ka26": 0.0, "Lb_Tr_Ki26": 0.2, "Lb_Tr_Ka26": 0.19, "Lb_TS_Ki26": 0.0, "Lb_TS_Ka26": 0.0, "Lb_Med_26": 0.0, "Lbr_Jbt_26": 4.05, "Bgn_Ats_26": "RBW", "Jns_Jbt_26": "STANDAR", "Thn_Bgn_26": "2014", "BA_26": "2", "LNT_26": "2", "BB_26": "1", "DAS_26": "1", "OP_26": "0", "UT_26": "0", "GR_26": "0", "LB_26": "0", "JBT_26": "2", "Tp_Lnts_26": "SUNGAI", "Dt_Lnts_26": "LURUS", "Pnangnn_26": "MYC JALAN (RUTIN)", "Pmriksn_26": "TIDAK DISURVEI TA. 2026", "Pnglola_26": "BBPJN PAPUA-PAPUA PEGUNUNGAN", "Satkr_ID26": "693940", "PPK_Name26": "1.3", "Traffic_26": null, "VCR_26": "0", "AADT_26": "690", "Tipe_Jb_26": null, "Lat_26": -1.798473, "Long_26": 138.673553, "Tgl_Ins_26": "12/06/2025", "Ket_26": null }, "geometry": { "type": "Point", "coordinates": [ 138.673552999771232, -1.798472999629155 ] } },
{ "type": "Feature", "properties": { "KDRUAS_UPD": "62037", "NOJBT_UPD": "62.037.032.0", "NM_RUAS_UP": "SARMI - ARBAIS", "NM_JBT_UPD": "SARMI 15", "PROVINSI": "PAPUA PEGUNUNGAN (JAYAPURA)", "No_Prov_26": "62", "ID_Jbt_26": "6200918", "Kd_Ruas_26": "62037", "Suffix_26": null, "Nm_Ruas_26": "SARMI - ARBAIS", "Lintas_26": "NON LINTAS", "No_Jbt_26": "62.037.032.0", "Nm_Jbt_26": "SARMI 15", "Status_26": "N", "Fungsi_26": "K", "Lks_Dr_26": "SRM", "Lks_km_26": 26.047, "F_STA_26": "2270", "Cadin_26": "ARB", "Pjg_Jbt_26": 9.0, "Btg_Pjg_26": 8.5, "Jml_Btg_26": "1", "Lb_Jl_Ms26": 7.0, "Lb_Jl_Kl26": 7.0, "Lb_Lalin26": 3.6, "Lb_Bh_Ki26": 0.0, "Lb_Bh_Ka26": 0.0, "Lb_Dr_Ki26": 0.0, "Lb_Dr_Ka26": 0.0, "Lb_Tr_Ki26": 0.0, "Lb_Tr_Ka26": 0.0, "Lb_TS_Ki26": 0.0, "Lb_TS_Ka26": 0.0, "Lb_Med_26": 0.0, "Lbr_Jbt_26": 3.6, "Bgn_Ats_26": "GKW", "Jns_Jbt_26": "STANDAR", "Thn_Bgn_26": "2000", "BA_26": "3", "LNT_26": "3", "BB_26": "3", "DAS_26": "1", "OP_26": "0", "UT_26": "0", "GR_26": "0", "LB_26": "0", "JBT_26": "3", "Tp_Lnts_26": "SUNGAI", "Dt_Lnts_26": "LURUS", "Pnangnn_26": "MYC JALAN (RUTIN)", "Pmriksn_26": "DETAIL", "Pnglola_26": "BBPJN PAPUA-PAPUA PEGUNUNGAN", "Satkr_ID26": "693940", "PPK_Name26": "1.3", "Traffic_26": null, "VCR_26": "0", "AADT_26": "690", "Tipe_Jb_26": null, "Lat_26": -1.787431, "Long_26": 138.650116, "Tgl_Ins_26": "21/05/2026", "Ket_26": null }, "geometry": { "type": "Point", "coordinates": [ 138.650115999953528, -1.787431000340348 ] } },
{ "type": "Feature", "properties": { "KDRUAS_UPD": "62037", "NOJBT_UPD": "62.037.034.0", "NM_RUAS_UP": "SARMI - ARBAIS", "NM_JBT_UPD": "SARMI 16", "PROVINSI": "PAPUA PEGUNUNGAN (JAYAPURA)", "No_Prov_26": "62", "ID_Jbt_26": "6200920", "Kd_Ruas_26": "62037", "Suffix_26": null, "Nm_Ruas_26": "SARMI - ARBAIS", "Lintas_26": "NON LINTAS", "No_Jbt_26": "62.037.034.0", "Nm_Jbt_26": "SARMI 16", "Status_26": "N", "Fungsi_26": "K", "Lks_Dr_26": "SRM", "Lks_km_26": 26.799, "F_STA_26": "2290", "Cadin_26": "ARB", "Pjg_Jbt_26": 7.2, "Btg_Pjg_26": 5.1, "Jml_Btg_26": "1", "Lb_Jl_Ms26": 7.0, "Lb_Jl_Kl26": 7.0, "Lb_Lalin26": 3.5, "Lb_Bh_Ki26": 0.0, "Lb_Bh_Ka26": 0.0, "Lb_Dr_Ki26": 0.0, "Lb_Dr_Ka26": 0.0, "Lb_Tr_Ki26": 0.0, "Lb_Tr_Ka26": 0.0, "Lb_TS_Ki26": 0.0, "Lb_TS_Ka26": 0.0, "Lb_Med_26": 0.0, "Lbr_Jbt_26": 3.5, "Bgn_Ats_26": "GKW", "Jns_Jbt_26": "STANDAR", "Thn_Bgn_26": "2000", "BA_26": "4", "LNT_26": "3", "BB_26": "3", "DAS_26": "0", "OP_26": "1", "UT_26": "0", "GR_26": "0", "LB_26": "0", "JBT_26": "4", "Tp_Lnts_26": "SUNGAI", "Dt_Lnts_26": "LURUS", "Pnangnn_26": "MYC JALAN (RUTIN)", "Pmriksn_26": "DETAIL", "Pnglola_26": "BBPJN PAPUA-PAPUA PEGUNUNGAN", "Satkr_ID26": "693940", "PPK_Name26": "1.3", "Traffic_26": null, "VCR_26": "0", "AADT_26": "690", "Tipe_Jb_26": null, "Lat_26": -1.785314, "Long_26": 138.644501, "Tgl_Ins_26": "24/06/2026", "Ket_26": null }, "geometry": { "type": "Point", "coordinates": [ 138.648117000399338, -1.786733999674311 ] } },
{ "type": "Feature", "properties": { "KDRUAS_UPD": "62037", "NOJBT_UPD": "62.037.035.0", "NM_RUAS_UP": "SARMI - ARBAIS", "NM_JBT_UPD": "SARMI 17", "PROVINSI": "PAPUA PEGUNUNGAN (JAYAPURA)", "No_Prov_26": "62", "ID_Jbt_26": "6201676", "Kd_Ruas_26": "62037", "Suffix_26": null, "Nm_Ruas_26": "SARMI - ARBAIS", "Lintas_26": "NON LINTAS", "No_Jbt_26": "62.037.035.0", "Nm_Jbt_26": "SARMI 17", "Status_26": "N", "Fungsi_26": "K", "Lks_Dr_26": "SRM", "Lks_km_26": 27.121, "F_STA_26": "2360", "Cadin_26": "ARB", "Pjg_Jbt_26": 12.8, "Btg_Pjg_26": 12.0, "Jml_Btg_26": "1", "Lb_Jl_Ms26": 7.0, "Lb_Jl_Kl26": 7.0, "Lb_Lalin26": 3.7, "Lb_Bh_Ki26": 0.0, "Lb_Bh_Ka26": 0.0, "Lb_Dr_Ki26": 0.0, "Lb_Dr_Ka26": 0.0, "Lb_Tr_Ki26": 0.0, "Lb_Tr_Ka26": 0.0, "Lb_TS_Ki26": 0.0, "Lb_TS_Ka26": 0.0, "Lb_Med_26": 0.0, "Lbr_Jbt_26": 3.7, "Bgn_Ats_26": "RBW", "Jns_Jbt_26": "STANDAR", "Thn_Bgn_26": "2014", "BA_26": "3", "LNT_26": "3", "BB_26": "1", "DAS_26": "0", "OP_26": "0", "UT_26": "0", "GR_26": "0", "LB_26": "0", "JBT_26": "3", "Tp_Lnts_26": "SUNGAI", "Dt_Lnts_26": "LURUS", "Pnangnn_26": "MYC JALAN (RUTIN)", "Pmriksn_26": "DETAIL", "Pnglola_26": "BBPJN PAPUA-PAPUA PEGUNUNGAN", "Satkr_ID26": "693940", "PPK_Name26": "1.3", "Traffic_26": null, "VCR_26": "0", "AADT_26": "690", "Tipe_Jb_26": null, "Lat_26": -1.784684, "Long_26": 138.642075, "Tgl_Ins_26": "22/05/2026", "Ket_26": null }, "geometry": { "type": "Point", "coordinates": [ 138.642074999661531, -1.78468399956688 ] } },
{ "type": "Feature", "properties": { "KDRUAS_UPD": "62037", "NOJBT_UPD": "62.037.036.0", "NM_RUAS_UP": "SARMI - ARBAIS", "NM_JBT_UPD": "SARMI 18", "PROVINSI": "PAPUA PEGUNUNGAN (JAYAPURA)", "No_Prov_26": "62", "ID_Jbt_26": "6201677", "Kd_Ruas_26": "62037", "Suffix_26": null, "Nm_Ruas_26": "SARMI - ARBAIS", "Lintas_26": "NON LINTAS", "No_Jbt_26": "62.037.036.0", "Nm_Jbt_26": "SARMI 18", "Status_26": "N", "Fungsi_26": "K", "Lks_Dr_26": "SRM", "Lks_km_26": 27.388, "F_STA_26": "2390", "Cadin_26": "ARB", "Pjg_Jbt_26": 18.9, "Btg_Pjg_26": 18.0, "Jml_Btg_26": "1", "Lb_Jl_Ms26": 7.0, "Lb_Jl_Kl26": 7.0, "Lb_Lalin26": 3.6, "Lb_Bh_Ki26": 0.0, "Lb_Bh_Ka26": 0.0, "Lb_Dr_Ki26": 0.0, "Lb_Dr_Ka26": 0.0, "Lb_Tr_Ki26": 0.0, "Lb_Tr_Ka26": 0.0, "Lb_TS_Ki26": 0.0, "Lb_TS_Ka26": 0.0, "Lb_Med_26": 0.0, "Lbr_Jbt_26": 3.6, "Bgn_Ats_26": "RBW", "Jns_Jbt_26": "STANDAR", "Thn_Bgn_26": "2014", "BA_26": "3", "LNT_26": "3", "BB_26": "1", "DAS_26": "2", "OP_26": "0", "UT_26": "0", "GR_26": "0", "LB_26": "0", "JBT_26": "3", "Tp_Lnts_26": "SUNGAI", "Dt_Lnts_26": "LURUS", "Pnangnn_26": "MYC JALAN (RUTIN)", "Pmriksn_26": "DETAIL", "Pnglola_26": "BBPJN PAPUA-PAPUA PEGUNUNGAN", "Satkr_ID26": "693940", "PPK_Name26": "1.3", "Traffic_26": null, "VCR_26": "0", "AADT_26": "690", "Tipe_Jb_26": null, "Lat_26": -1.784048, "Long_26": 138.640121, "Tgl_Ins_26": "22/05/2026", "Ket_26": null }, "geometry": { "type": "Point", "coordinates": [ 138.640121000383942, -1.784047999915231 ] } },
{ "type": "Feature", "properties": { "KDRUAS_UPD": "62037", "NOJBT_UPD": "62.037.037.0", "NM_RUAS_UP": "SARMI - ARBAIS", "NM_JBT_UPD": "SARMI 19", "PROVINSI": "PAPUA PEGUNUNGAN (JAYAPURA)", "No_Prov_26": "62", "ID_Jbt_26": "6201678", "Kd_Ruas_26": "62037", "Suffix_26": null, "Nm_Ruas_26": "SARMI - ARBAIS", "Lintas_26": "NON LINTAS", "No_Jbt_26": "62.037.037.0", "Nm_Jbt_26": "SARMI 19", "Status_26": "N", "Fungsi_26": "K", "Lks_Dr_26": "SRM", "Lks_km_26": 28.712, "F_STA_26": "2500", "Cadin_26": "ARB", "Pjg_Jbt_26": 12.4, "Btg_Pjg_26": 12.0, "Jml_Btg_26": "1", "Lb_Jl_Ms26": 7.0, "Lb_Jl_Kl26": 7.0, "Lb_Lalin26": 2.25, "Lb_Bh_Ki26": 0.7, "Lb_Bh_Ka26": 0.82, "Lb_Dr_Ki26": 0.0, "Lb_Dr_Ka26": 0.0, "Lb_Tr_Ki26": 0.2, "Lb_Tr_Ka26": 0.2, "Lb_TS_Ki26": 0.0, "Lb_TS_Ka26": 0.0, "Lb_Med_26": 0.0, "Lbr_Jbt_26": 4.17, "Bgn_Ats_26": "RBW", "Jns_Jbt_26": "STANDAR", "Thn_Bgn_26": "2014", "BA_26": "2", "LNT_26": "2", "BB_26": "2", "DAS_26": "1", "OP_26": "0", "UT_26": "0", "GR_26": "0", "LB_26": "0", "JBT_26": "2", "Tp_Lnts_26": "SUNGAI", "Dt_Lnts_26": "LURUS", "Pnangnn_26": "MYC JALAN (RUTIN)", "Pmriksn_26": "TIDAK DISURVEI TA. 2026", "Pnglola_26": "BBPJN PAPUA-PAPUA PEGUNUNGAN", "Satkr_ID26": "693940", "PPK_Name26": "1.3", "Traffic_26": null, "VCR_26": "0", "AADT_26": "690", "Tipe_Jb_26": null, "Lat_26": -1.781613, "Long_26": 138.630142, "Tgl_Ins_26": "12/06/2025", "Ket_26": null }, "geometry": { "type": "Point", "coordinates": [ 138.630141999753505, -1.781613000039897 ] } },
{ "type": "Feature", "properties": { "KDRUAS_UPD": "62037", "NOJBT_UPD": "62.037.011.0", "NM_RUAS_UP": "SARMI - ARBAIS", "NM_JBT_UPD": "SARMI 2", "PROVINSI": "PAPUA PEGUNUNGAN (JAYAPURA)", "No_Prov_26": "62", "ID_Jbt_26": "6200598", "Kd_Ruas_26": "62037", "Suffix_26": null, "Nm_Ruas_26": "SARMI - ARBAIS", "Lintas_26": "NON LINTAS", "No_Jbt_26": "62.037.011.0", "Nm_Jbt_26": "SARMI 2", "Status_26": "N", "Fungsi_26": "K", "Lks_Dr_26": "SRM", "Lks_km_26": 5.868, "F_STA_26": "520", "Cadin_26": "ARB", "Pjg_Jbt_26": 8.2, "Btg_Pjg_26": 7.4, "Jml_Btg_26": "1", "Lb_Jl_Ms26": 5.5, "Lb_Jl_Kl26": 5.5, "Lb_Lalin26": 3.23, "Lb_Bh_Ki26": 0.0, "Lb_Bh_Ka26": 0.0, "Lb_Dr_Ki26": 0.0, "Lb_Dr_Ka26": 0.0, "Lb_Tr_Ki26": 0.0, "Lb_Tr_Ka26": 0.0, "Lb_TS_Ki26": 0.0, "Lb_TS_Ka26": 0.0, "Lb_Med_26": 0.0, "Lbr_Jbt_26": 3.23, "Bgn_Ats_26": "GKP", "Jns_Jbt_26": "STANDAR", "Thn_Bgn_26": "2000", "BA_26": "4", "LNT_26": "3", "BB_26": "3", "DAS_26": "0", "OP_26": "0", "UT_26": "0", "GR_26": "0", "LB_26": "0", "JBT_26": "4", "Tp_Lnts_26": "SUNGAI", "Dt_Lnts_26": "LURUS", "Pnangnn_26": "MYC JALAN (RUTIN)", "Pmriksn_26": "DETAIL", "Pnglola_26": "BBPJN PAPUA-PAPUA PEGUNUNGAN", "Satkr_ID26": "693940", "PPK_Name26": "1.3", "Traffic_26": null, "VCR_26": "0", "AADT_26": "690", "Tipe_Jb_26": null, "Lat_26": -1.850425, "Long_26": 138.732544, "Tgl_Ins_26": "20/05/2026", "Ket_26": null }, "geometry": { "type": "Point", "coordinates": [ 138.732543999705854, -1.850424999614006 ] } },
{ "type": "Feature", "properties": { "KDRUAS_UPD": "62037", "NOJBT_UPD": "62.037.038.0", "NM_RUAS_UP": "SARMI - ARBAIS", "NM_JBT_UPD": "SARMI 20", "PROVINSI": "PAPUA PEGUNUNGAN (JAYAPURA)", "No_Prov_26": "62", "ID_Jbt_26": "6201679", "Kd_Ruas_26": "62037", "Suffix_26": null, "Nm_Ruas_26": "SARMI - ARBAIS", "Lintas_26": "NON LINTAS", "No_Jbt_26": "62.037.038.0", "Nm_Jbt_26": "SARMI 20", "Status_26": "N", "Fungsi_26": "K", "Lks_Dr_26": "SRM", "Lks_km_26": 30.386, "F_STA_26": "2660", "Cadin_26": "ARB", "Pjg_Jbt_26": 12.3, "Btg_Pjg_26": 12.0, "Jml_Btg_26": "1", "Lb_Jl_Ms26": 7.0, "Lb_Jl_Kl26": 7.0, "Lb_Lalin26": 2.15, "Lb_Bh_Ki26": 0.77, "Lb_Bh_Ka26": 0.81, "Lb_Dr_Ki26": 0.0, "Lb_Dr_Ka26": 0.0, "Lb_Tr_Ki26": 0.19, "Lb_Tr_Ka26": 0.19, "Lb_TS_Ki26": 0.0, "Lb_TS_Ka26": 0.0, "Lb_Med_26": 0.0, "Lbr_Jbt_26": 4.11, "Bgn_Ats_26": "RBW", "Jns_Jbt_26": "STANDAR", "Thn_Bgn_26": "2014", "BA_26": "2", "LNT_26": "2", "BB_26": "1", "DAS_26": "1", "OP_26": "0", "UT_26": "0", "GR_26": "0", "LB_26": "0", "JBT_26": "2", "Tp_Lnts_26": "SUNGAI", "Dt_Lnts_26": "LURUS", "Pnangnn_26": "MYC JALAN (RUTIN)", "Pmriksn_26": "TIDAK DISURVEI TA. 2026", "Pnglola_26": "BBPJN PAPUA-PAPUA PEGUNUNGAN", "Satkr_ID26": "693940", "PPK_Name26": "1.3", "Traffic_26": null, "VCR_26": "0", "AADT_26": "690", "Tipe_Jb_26": null, "Lat_26": -1.779655, "Long_26": 138.616287, "Tgl_Ins_26": "13/06/2025", "Ket_26": null }, "geometry": { "type": "Point", "coordinates": [ 138.616287000244938, -1.779654999678428 ] } },
{ "type": "Feature", "properties": { "KDRUAS_UPD": "62037", "NOJBT_UPD": "62.037.041.0", "NM_RUAS_UP": "SARMI - ARBAIS", "NM_JBT_UPD": "SARMI 21", "PROVINSI": "PAPUA PEGUNUNGAN (JAYAPURA)", "No_Prov_26": "62", "ID_Jbt_26": "6201682", "Kd_Ruas_26": "62037", "Suffix_26": null, "Nm_Ruas_26": "SARMI - ARBAIS", "Lintas_26": "NON LINTAS", "No_Jbt_26": "62.037.041.0", "Nm_Jbt_26": "SARMI 21", "Status_26": "N", "Fungsi_26": "K", "Lks_Dr_26": "SRM", "Lks_km_26": 33.037, "F_STA_26": "2900", "Cadin_26": "ARB", "Pjg_Jbt_26": 12.4, "Btg_Pjg_26": 12.0, "Jml_Btg_26": "1", "Lb_Jl_Ms26": 7.0, "Lb_Jl_Kl26": 7.0, "Lb_Lalin26": 2.12, "Lb_Bh_Ki26": 0.81, "Lb_Bh_Ka26": 0.82, "Lb_Dr_Ki26": 0.0, "Lb_Dr_Ka26": 0.0, "Lb_Tr_Ki26": 0.21, "Lb_Tr_Ka26": 0.2, "Lb_TS_Ki26": 0.0, "Lb_TS_Ka26": 0.0, "Lb_Med_26": 0.0, "Lbr_Jbt_26": 4.16, "Bgn_Ats_26": "RBW", "Jns_Jbt_26": "STANDAR", "Thn_Bgn_26": "2014", "BA_26": "2", "LNT_26": "2", "BB_26": "1", "DAS_26": "1", "OP_26": "0", "UT_26": "0", "GR_26": "0", "LB_26": "0", "JBT_26": "2", "Tp_Lnts_26": "SUNGAI", "Dt_Lnts_26": "LURUS", "Pnangnn_26": "MYC JALAN (RUTIN)", "Pmriksn_26": "TIDAK DISURVEI TA. 2026", "Pnglola_26": "BBPJN PAPUA-PAPUA PEGUNUNGAN", "Satkr_ID26": "693940", "PPK_Name26": "1.3", "Traffic_26": null, "VCR_26": "0", "AADT_26": "690", "Tipe_Jb_26": null, "Lat_26": -1.775078, "Long_26": 138.596069, "Tgl_Ins_26": "13/06/2025", "Ket_26": null }, "geometry": { "type": "Point", "coordinates": [ 138.596068999584759, -1.775077999949701 ] } },
{ "type": "Feature", "properties": { "KDRUAS_UPD": "62037", "NOJBT_UPD": "62.037.013.0", "NM_RUAS_UP": "SARMI - ARBAIS", "NM_JBT_UPD": "SARMI 4", "PROVINSI": "PAPUA PEGUNUNGAN (JAYAPURA)", "No_Prov_26": "62", "ID_Jbt_26": "6200600", "Kd_Ruas_26": "62037", "Suffix_26": null, "Nm_Ruas_26": "SARMI - ARBAIS", "Lintas_26": "NON LINTAS", "No_Jbt_26": "62.037.013.0", "Nm_Jbt_26": "SARMI 4", "Status_26": "N", "Fungsi_26": "K", "Lks_Dr_26": "SRM", "Lks_km_26": 6.377, "F_STA_26": "560", "Cadin_26": "ARB", "Pjg_Jbt_26": 6.2, "Btg_Pjg_26": 4.7, "Jml_Btg_26": "1", "Lb_Jl_Ms26": 5.5, "Lb_Jl_Kl26": 5.5, "Lb_Lalin26": 4.1, "Lb_Bh_Ki26": 0.0, "Lb_Bh_Ka26": 0.0, "Lb_Dr_Ki26": 0.0, "Lb_Dr_Ka26": 0.0, "Lb_Tr_Ki26": 0.0, "Lb_Tr_Ka26": 0.0, "Lb_TS_Ki26": 0.0, "Lb_TS_Ka26": 0.0, "Lb_Med_26": 0.0, "Lbr_Jbt_26": 4.1, "Bgn_Ats_26": "GKP", "Jns_Jbt_26": "STANDAR", "Thn_Bgn_26": "2000", "BA_26": "4", "LNT_26": "4", "BB_26": "4", "DAS_26": "1", "OP_26": "0", "UT_26": "0", "GR_26": "0", "LB_26": "0", "JBT_26": "4", "Tp_Lnts_26": "SUNGAI", "Dt_Lnts_26": "LURUS", "Pnangnn_26": "MYC JALAN (RUTIN)", "Pmriksn_26": "DETAIL", "Pnglola_26": "BBPJN PAPUA-PAPUA PEGUNUNGAN", "Satkr_ID26": "693940", "PPK_Name26": "1.3", "Traffic_26": null, "VCR_26": "0", "AADT_26": "690", "Tipe_Jb_26": null, "Lat_26": -1.848228, "Long_26": 138.729279, "Tgl_Ins_26": "20/04/2026", "Ket_26": null }, "geometry": { "type": "Point", "coordinates": [ 138.729279000225688, -1.848227999922187 ] } },
{ "type": "Feature", "properties": { "KDRUAS_UPD": "62037", "NOJBT_UPD": "62.037.016.0", "NM_RUAS_UP": "SARMI - ARBAIS", "NM_JBT_UPD": "SARMI 5", "PROVINSI": "PAPUA PEGUNUNGAN (JAYAPURA)", "No_Prov_26": "62", "ID_Jbt_26": "6200603", "Kd_Ruas_26": "62037", "Suffix_26": null, "Nm_Ruas_26": "SARMI - ARBAIS", "Lintas_26": "NON LINTAS", "No_Jbt_26": "62.037.016.0", "Nm_Jbt_26": "SARMI 5", "Status_26": "N", "Fungsi_26": "K", "Lks_Dr_26": "SRM", "Lks_km_26": 6.984, "F_STA_26": "610", "Cadin_26": "ARB", "Pjg_Jbt_26": 6.3, "Btg_Pjg_26": 5.1, "Jml_Btg_26": "1", "Lb_Jl_Ms26": 5.5, "Lb_Jl_Kl26": 5.5, "Lb_Lalin26": 3.45, "Lb_Bh_Ki26": 0.0, "Lb_Bh_Ka26": 0.0, "Lb_Dr_Ki26": 0.0, "Lb_Dr_Ka26": 0.0, "Lb_Tr_Ki26": 0.0, "Lb_Tr_Ka26": 0.0, "Lb_TS_Ki26": 0.0, "Lb_TS_Ka26": 0.0, "Lb_Med_26": 0.0, "Lbr_Jbt_26": 3.45, "Bgn_Ats_26": "GKW", "Jns_Jbt_26": "STANDAR", "Thn_Bgn_26": "2000", "BA_26": "4", "LNT_26": "3", "BB_26": "4", "DAS_26": "2", "OP_26": "0", "UT_26": "0", "GR_26": "0", "LB_26": "0", "JBT_26": "4", "Tp_Lnts_26": "SUNGAI", "Dt_Lnts_26": "LURUS", "Pnangnn_26": "MYC JALAN (RUTIN)", "Pmriksn_26": "DETAIL", "Pnglola_26": "BBPJN PAPUA-PAPUA PEGUNUNGAN", "Satkr_ID26": "693940", "PPK_Name26": "1.3", "Traffic_26": null, "VCR_26": "0", "AADT_26": "690", "Tipe_Jb_26": null, "Lat_26": -1.845837, "Long_26": 138.725128, "Tgl_Ins_26": "20/05/2026", "Ket_26": null }, "geometry": { "type": "Point", "coordinates": [ 138.725128000357017, -1.845837000277299 ] } },
{ "type": "Feature", "properties": { "KDRUAS_UPD": "62037", "NOJBT_UPD": "62.037.020.0", "NM_RUAS_UP": "SARMI - ARBAIS", "NM_JBT_UPD": "SARMI 8", "PROVINSI": "PAPUA PEGUNUNGAN (JAYAPURA)", "No_Prov_26": "62", "ID_Jbt_26": "6201675", "Kd_Ruas_26": "62037", "Suffix_26": null, "Nm_Ruas_26": "SARMI - ARBAIS", "Lintas_26": "NON LINTAS", "No_Jbt_26": "62.037.020.0", "Nm_Jbt_26": "SARMI 8", "Status_26": "N", "Fungsi_26": "K", "Lks_Dr_26": "SRM", "Lks_km_26": 8.798, "F_STA_26": "770", "Cadin_26": "ARB", "Pjg_Jbt_26": 13.6, "Btg_Pjg_26": 14.0, "Jml_Btg_26": "1", "Lb_Jl_Ms26": 5.5, "Lb_Jl_Kl26": 5.5, "Lb_Lalin26": 3.7, "Lb_Bh_Ki26": 0.0, "Lb_Bh_Ka26": 0.0, "Lb_Dr_Ki26": 0.0, "Lb_Dr_Ka26": 0.0, "Lb_Tr_Ki26": 0.0, "Lb_Tr_Ka26": 0.0, "Lb_TS_Ki26": 0.0, "Lb_TS_Ka26": 0.0, "Lb_Med_26": 0.0, "Lbr_Jbt_26": 3.7, "Bgn_Ats_26": "GKW", "Jns_Jbt_26": "STANDAR", "Thn_Bgn_26": "2000", "BA_26": "3", "LNT_26": "3", "BB_26": "3", "DAS_26": "0", "OP_26": "0", "UT_26": "0", "GR_26": "0", "LB_26": "0", "JBT_26": "3", "Tp_Lnts_26": "SUNGAI", "Dt_Lnts_26": "LURUS", "Pnangnn_26": "MYC JALAN (RUTIN)", "Pmriksn_26": "DETAIL", "Pnglola_26": "BBPJN PAPUA-PAPUA PEGUNUNGAN", "Satkr_ID26": "693940", "PPK_Name26": "1.3", "Traffic_26": null, "VCR_26": "0", "AADT_26": "690", "Tipe_Jb_26": null, "Lat_26": -1.838523, "Long_26": 138.713699, "Tgl_Ins_26": "21/05/2026", "Ket_26": null }, "geometry": { "type": "Point", "coordinates": [ 138.713699000308679, -1.83852300023625 ] } },
{ "type": "Feature", "properties": { "KDRUAS_UPD": "62037", "NOJBT_UPD": "62.037.021.0", "NM_RUAS_UP": "SARMI - ARBAIS", "NM_JBT_UPD": "SARMI 9", "PROVINSI": "PAPUA PEGUNUNGAN (JAYAPURA)", "No_Prov_26": "62", "ID_Jbt_26": "6200606", "Kd_Ruas_26": "62037", "Suffix_26": null, "Nm_Ruas_26": "SARMI - ARBAIS", "Lintas_26": "NON LINTAS", "No_Jbt_26": "62.037.021.0", "Nm_Jbt_26": "SARMI 9", "Status_26": "N", "Fungsi_26": "K", "Lks_Dr_26": "SRM", "Lks_km_26": 10.787, "F_STA_26": "940", "Cadin_26": "ARB", "Pjg_Jbt_26": 21.8, "Btg_Pjg_26": 21.3, "Jml_Btg_26": "1", "Lb_Jl_Ms26": 5.5, "Lb_Jl_Kl26": 5.5, "Lb_Lalin26": 1.96, "Lb_Bh_Ki26": 0.78, "Lb_Bh_Ka26": 0.88, "Lb_Dr_Ki26": 0.0, "Lb_Dr_Ka26": 0.0, "Lb_Tr_Ki26": 0.2, "Lb_Tr_Ka26": 0.2, "Lb_TS_Ki26": 0.0, "Lb_TS_Ka26": 0.0, "Lb_Med_26": 0.0, "Lbr_Jbt_26": 4.02, "Bgn_Ats_26": "RBW", "Jns_Jbt_26": "STANDAR", "Thn_Bgn_26": "2014", "BA_26": "2", "LNT_26": "2", "BB_26": "1", "DAS_26": "1", "OP_26": "0", "UT_26": "0", "GR_26": "0", "LB_26": "0", "JBT_26": "2", "Tp_Lnts_26": "SUNGAI", "Dt_Lnts_26": "LURUS", "Pnangnn_26": "MYC JALAN (RUTIN)", "Pmriksn_26": "TIDAK DISURVEI TA. 2026", "Pnglola_26": "BBPJN PAPUA-PAPUA PEGUNUNGAN", "Satkr_ID26": "693940", "PPK_Name26": "1.3", "Traffic_26": null, "VCR_26": "0", "AADT_26": "690", "Tipe_Jb_26": null, "Lat_26": -1.827881, "Long_26": 138.703972, "Tgl_Ins_26": "11/05/2025", "Ket_26": null }, "geometry": { "type": "Point", "coordinates": [ 138.703971999608143, -1.827880999608396 ] } },
{ "type": "Feature", "properties": { "KDRUAS_UPD": "62035", "NOJBT_UPD": "62.035.010.0", "NM_RUAS_UP": "NIMBOTONG - BONGGO", "NM_JBT_UPD": "SARMUAIB", "PROVINSI": "PAPUA PEGUNUNGAN (JAYAPURA)", "No_Prov_26": "62", "ID_Jbt_26": "6200479", "Kd_Ruas_26": "62035", "Suffix_26": null, "Nm_Ruas_26": "NIMBOTONG - BONGGO", "Lintas_26": "JALAN LINTAS UTARA", "No_Jbt_26": "62.035.010.0", "Nm_Jbt_26": "SARMUAIB", "Status_26": "N", "Fungsi_26": "K", "Lks_Dr_26": "JPR", "Lks_km_26": 14.326, "F_STA_26": "1360", "Cadin_26": "BGO", "Pjg_Jbt_26": 60.5, "Btg_Pjg_26": 60.0, "Jml_Btg_26": "1", "Lb_Jl_Ms26": 6.25, "Lb_Jl_Kl26": 6.25, "Lb_Lalin26": 7.0, "Lb_Bh_Ki26": 0.0, "Lb_Bh_Ka26": 0.0, "Lb_Dr_Ki26": 0.07, "Lb_Dr_Ka26": 0.15, "Lb_Tr_Ki26": 1.0, "Lb_Tr_Ka26": 1.0, "Lb_TS_Ki26": 0.0, "Lb_TS_Ka26": 0.0, "Lb_Med_26": 0.0, "Lbr_Jbt_26": 9.22, "Bgn_Ats_26": "RBR", "Jns_Jbt_26": "STANDAR", "Thn_Bgn_26": "2015", "BA_26": "2", "LNT_26": "2", "BB_26": "1", "DAS_26": "2", "OP_26": "1", "UT_26": "1", "GR_26": "0", "LB_26": "0", "JBT_26": "2", "Tp_Lnts_26": "SUNGAI", "Dt_Lnts_26": "LURUS", "Pnangnn_26": "RUTIN", "Pmriksn_26": "TIDAK DISURVEI TA. 2026", "Pnglola_26": "BBPJN PAPUA-PAPUA PEGUNUNGAN", "Satkr_ID26": "693940", "PPK_Name26": "1.2", "Traffic_26": null, "VCR_26": "0", "AADT_26": "205", "Tipe_Jb_26": null, "Lat_26": -2.593662, "Long_26": 140.033161, "Tgl_Ins_26": "06/06/2025", "Ket_26": null }, "geometry": { "type": "Point", "coordinates": [ 140.033161000379891, -2.593662000101176 ] } },
{ "type": "Feature", "properties": { "KDRUAS_UPD": "62035", "NOJBT_UPD": "62.035.039.0", "NM_RUAS_UP": "NIMBOTONG - BONGGO", "NM_JBT_UPD": "SASABAK", "PROVINSI": "PAPUA PEGUNUNGAN (JAYAPURA)", "No_Prov_26": "62", "ID_Jbt_26": "6200506", "Kd_Ruas_26": "62035", "Suffix_26": null, "Nm_Ruas_26": "NIMBOTONG - BONGGO", "Lintas_26": "JALAN LINTAS UTARA", "No_Jbt_26": "62.035.039.0", "Nm_Jbt_26": "SASABAK", "Status_26": "N", "Fungsi_26": "K", "Lks_Dr_26": "JPR", "Lks_km_26": 43.222, "F_STA_26": "3830", "Cadin_26": "BGO", "Pjg_Jbt_26": 19.55, "Btg_Pjg_26": 3.0, "Jml_Btg_26": "3", "Lb_Jl_Ms26": 5.25, "Lb_Jl_Kl26": 5.25, "Lb_Lalin26": 5.7, "Lb_Bh_Ki26": 2.45, "Lb_Bh_Ka26": 2.0, "Lb_Dr_Ki26": 0.0, "Lb_Dr_Ka26": 0.0, "Lb_Tr_Ki26": 0.0, "Lb_Tr_Ka26": 0.0, "Lb_TS_Ki26": 0.4, "Lb_TS_Ka26": 0.4, "Lb_Med_26": 0.0, "Lbr_Jbt_26": 10.95, "Bgn_Ats_26": "BTP", "Jns_Jbt_26": "STANDAR", "Thn_Bgn_26": "2014", "BA_26": "0", "LNT_26": "0", "BB_26": "0", "DAS_26": "2", "OP_26": "2", "UT_26": "0", "GR_26": "2", "LB_26": "0", "JBT_26": "2", "Tp_Lnts_26": "SUNGAI", "Dt_Lnts_26": "LURUS", "Pnangnn_26": "RUTIN", "Pmriksn_26": "TIDAK DISURVEI TA. 2026", "Pnglola_26": "BBPJN PAPUA-PAPUA PEGUNUNGAN", "Satkr_ID26": "693940", "PPK_Name26": "1.2", "Traffic_26": null, "VCR_26": "0", "AADT_26": "205", "Tipe_Jb_26": null, "Lat_26": -2.496604, "Long_26": 139.87561, "Tgl_Ins_26": "08/06/2025", "Ket_26": null }, "geometry": { "type": "Point", "coordinates": [ 139.87560999960192, -2.496604000174443 ] } },
{ "type": "Feature", "properties": { "KDRUAS_UPD": "62003", "NOJBT_UPD": "62.003.010.0", "NM_RUAS_UP": "ARSO - WARIS", "NM_JBT_UPD": "SAWITAMI 1", "PROVINSI": "PAPUA PEGUNUNGAN (JAYAPURA)", "No_Prov_26": "62", "ID_Jbt_26": "6200022", "Kd_Ruas_26": "62003", "Suffix_26": null, "Nm_Ruas_26": "ARSO - WARIS", "Lintas_26": "JALAN LINTAS PERBATASAN", "No_Jbt_26": "62.003.010.0", "Nm_Jbt_26": "SAWITAMI 1", "Status_26": "N", "Fungsi_26": "A", "Lks_Dr_26": "JPR", "Lks_km_26": 6.273, "F_STA_26": "500", "Cadin_26": "ARS", "Pjg_Jbt_26": 20.7, "Btg_Pjg_26": 20.0, "Jml_Btg_26": "1", "Lb_Jl_Ms26": 6.0, "Lb_Jl_Kl26": 6.0, "Lb_Lalin26": 5.95, "Lb_Bh_Ki26": 0.0, "Lb_Bh_Ka26": 0.0, "Lb_Dr_Ki26": 0.15, "Lb_Dr_Ka26": 0.13, "Lb_Tr_Ki26": 0.42, "Lb_Tr_Ka26": 0.42, "Lb_TS_Ki26": 0.28, "Lb_TS_Ka26": 0.28, "Lb_Med_26": 0.0, "Lbr_Jbt_26": 7.63, "Bgn_Ats_26": "GTP", "Jns_Jbt_26": "STANDAR", "Thn_Bgn_26": "2004", "BA_26": "2", "LNT_26": "2", "BB_26": "1", "DAS_26": "2", "OP_26": "2", "UT_26": "0", "GR_26": "0", "LB_26": "0", "JBT_26": "2", "Tp_Lnts_26": "SUNGAI", "Dt_Lnts_26": "LURUS", "Pnangnn_26": "RUTIN", "Pmriksn_26": "TIDAK DISURVEI TA. 2026", "Pnglola_26": "BBPJN PAPUA-PAPUA PEGUNUNGAN", "Satkr_ID26": "693965", "PPK_Name26": "2.1", "Traffic_26": null, "VCR_26": "0", "AADT_26": "96", "Tipe_Jb_26": null, "Lat_26": -3.012924, "Long_26": 140.769623, "Tgl_Ins_26": "31/05/2025", "Ket_26": null }, "geometry": { "type": "Point", "coordinates": [ 140.769622999601779, -3.012923999942586 ] } },
{ "type": "Feature", "properties": { "KDRUAS_UPD": "62003", "NOJBT_UPD": "62.003.021.0", "NM_RUAS_UP": "ARSO - WARIS", "NM_JBT_UPD": "SAWITAMI 10", "PROVINSI": "PAPUA PEGUNUNGAN (JAYAPURA)", "No_Prov_26": "62", "ID_Jbt_26": "6200033", "Kd_Ruas_26": "62003", "Suffix_26": null, "Nm_Ruas_26": "ARSO - WARIS", "Lintas_26": "JALAN LINTAS PERBATASAN", "No_Jbt_26": "62.003.021.0", "Nm_Jbt_26": "SAWITAMI 10", "Status_26": "N", "Fungsi_26": "A", "Lks_Dr_26": "JPR", "Lks_km_26": 17.798, "F_STA_26": "1460", "Cadin_26": "ARS", "Pjg_Jbt_26": 20.7, "Btg_Pjg_26": 20.0, "Jml_Btg_26": "1", "Lb_Jl_Ms26": 6.0, "Lb_Jl_Kl26": 6.0, "Lb_Lalin26": 6.05, "Lb_Bh_Ki26": 0.0, "Lb_Bh_Ka26": 0.0, "Lb_Dr_Ki26": 0.06, "Lb_Dr_Ka26": 0.06, "Lb_Tr_Ki26": 0.8, "Lb_Tr_Ka26": 0.8, "Lb_TS_Ki26": 0.0, "Lb_TS_Ka26": 0.0, "Lb_Med_26": 0.0, "Lbr_Jbt_26": 7.77, "Bgn_Ats_26": "GTP", "Jns_Jbt_26": "STANDAR", "Thn_Bgn_26": "2005", "BA_26": "2", "LNT_26": "2", "BB_26": "1", "DAS_26": "1", "OP_26": "2", "UT_26": "0", "GR_26": "0", "LB_26": "0", "JBT_26": "2", "Tp_Lnts_26": "SUNGAI", "Dt_Lnts_26": "LURUS", "Pnangnn_26": "RUTIN", "Pmriksn_26": "DETAIL", "Pnglola_26": "BBPJN PAPUA-PAPUA PEGUNUNGAN", "Satkr_ID26": "693965", "PPK_Name26": "2.1", "Traffic_26": null, "VCR_26": "0", "AADT_26": "96", "Tipe_Jb_26": null, "Lat_26": -3.026615, "Long_26": 140.843018, "Tgl_Ins_26": "25/06/2026", "Ket_26": null }, "geometry": { "type": "Point", "coordinates": [ 140.843018000080747, -3.026614999982201 ] } },
{ "type": "Feature", "properties": { "KDRUAS_UPD": "62003", "NOJBT_UPD": "62.003.025.0", "NM_RUAS_UP": "ARSO - WARIS", "NM_JBT_UPD": "SAWITAMI 11", "PROVINSI": "PAPUA PEGUNUNGAN (JAYAPURA)", "No_Prov_26": "62", "ID_Jbt_26": "6200037", "Kd_Ruas_26": "62003", "Suffix_26": null, "Nm_Ruas_26": "ARSO - WARIS", "Lintas_26": "JALAN LINTAS PERBATASAN", "No_Jbt_26": "62.003.025.0", "Nm_Jbt_26": "SAWITAMI 11", "Status_26": "N", "Fungsi_26": "A", "Lks_Dr_26": "JPR", "Lks_km_26": 21.237, "F_STA_26": "1760", "Cadin_26": "WRS", "Pjg_Jbt_26": 40.3, "Btg_Pjg_26": 40.0, "Jml_Btg_26": "1", "Lb_Jl_Ms26": 6.0, "Lb_Jl_Kl26": 6.0, "Lb_Lalin26": 6.05, "Lb_Bh_Ki26": 0.0, "Lb_Bh_Ka26": 0.0, "Lb_Dr_Ki26": 0.06, "Lb_Dr_Ka26": 0.06, "Lb_Tr_Ki26": 0.48, "Lb_Tr_Ka26": 0.48, "Lb_TS_Ki26": 0.0, "Lb_TS_Ka26": 0.0, "Lb_Med_26": 0.0, "Lbr_Jbt_26": 7.13, "Bgn_Ats_26": "RBR", "Jns_Jbt_26": "STANDAR", "Thn_Bgn_26": "2004", "BA_26": "2", "LNT_26": "2", "BB_26": "2", "DAS_26": "2", "OP_26": "0", "UT_26": "0", "GR_26": "0", "LB_26": "0", "JBT_26": "2", "Tp_Lnts_26": "SUNGAI", "Dt_Lnts_26": "LURUS", "Pnangnn_26": "RUTIN", "Pmriksn_26": "DETAIL", "Pnglola_26": "BBPJN PAPUA-PAPUA PEGUNUNGAN", "Satkr_ID26": "693965", "PPK_Name26": "2.1", "Traffic_26": null, "VCR_26": "0", "AADT_26": "96", "Tipe_Jb_26": null, "Lat_26": -3.042065, "Long_26": 140.849426, "Tgl_Ins_26": "25/06/2026", "Ket_26": null }, "geometry": { "type": "Point", "coordinates": [ 140.849425999710206, -3.042065000199557 ] } },
{ "type": "Feature", "properties": { "KDRUAS_UPD": "62003", "NOJBT_UPD": "62.003.026.0", "NM_RUAS_UP": "ARSO - WARIS", "NM_JBT_UPD": "SAWITAMI 12", "PROVINSI": "PAPUA PEGUNUNGAN (JAYAPURA)", "No_Prov_26": "62", "ID_Jbt_26": "6200038", "Kd_Ruas_26": "62003", "Suffix_26": null, "Nm_Ruas_26": "ARSO - WARIS", "Lintas_26": "JALAN LINTAS PERBATASAN", "No_Jbt_26": "62.003.026.0", "Nm_Jbt_26": "SAWITAMI 12", "Status_26": "N", "Fungsi_26": "A", "Lks_Dr_26": "JPR", "Lks_km_26": 21.782, "F_STA_26": "1810", "Cadin_26": "WRS", "Pjg_Jbt_26": 26.0, "Btg_Pjg_26": 25.0, "Jml_Btg_26": "1", "Lb_Jl_Ms26": 6.0, "Lb_Jl_Kl26": 6.0, "Lb_Lalin26": 6.1, "Lb_Bh_Ki26": 0.0, "Lb_Bh_Ka26": 0.0, "Lb_Dr_Ki26": 0.0, "Lb_Dr_Ka26": 0.0, "Lb_Tr_Ki26": 0.42, "Lb_Tr_Ka26": 0.4, "Lb_TS_Ki26": 0.25, "Lb_TS_Ka26": 0.24, "Lb_Med_26": 0.0, "Lbr_Jbt_26": 7.41, "Bgn_Ats_26": "GTP", "Jns_Jbt_26": "STANDAR", "Thn_Bgn_26": "2000", "BA_26": "2", "LNT_26": "2", "BB_26": "2", "DAS_26": "2", "OP_26": "2", "UT_26": "0", "GR_26": "0", "LB_26": "0", "JBT_26": "2", "Tp_Lnts_26": "SUNGAI", "Dt_Lnts_26": "LURUS", "Pnangnn_26": "RUTIN", "Pmriksn_26": "DETAIL", "Pnglola_26": "BBPJN PAPUA-PAPUA PEGUNUNGAN", "Satkr_ID26": "693965", "PPK_Name26": "2.1", "Traffic_26": null, "VCR_26": "0", "AADT_26": "96", "Tipe_Jb_26": null, "Lat_26": -3.043303, "Long_26": 140.845657, "Tgl_Ins_26": "26/06/2026", "Ket_26": null }, "geometry": { "type": "Point", "coordinates": [ 140.845657000370352, -3.043302999733612 ] } },
{ "type": "Feature", "properties": { "KDRUAS_UPD": "62003", "NOJBT_UPD": "62.003.027.0", "NM_RUAS_UP": "ARSO - WARIS", "NM_JBT_UPD": "SAWITAMI 13", "PROVINSI": "PAPUA PEGUNUNGAN (JAYAPURA)", "No_Prov_26": "62", "ID_Jbt_26": "6200039", "Kd_Ruas_26": "62003", "Suffix_26": null, "Nm_Ruas_26": "ARSO - WARIS", "Lintas_26": "JALAN LINTAS PERBATASAN", "No_Jbt_26": "62.003.027.0", "Nm_Jbt_26": "SAWITAMI 13", "Status_26": "N", "Fungsi_26": "A", "Lks_Dr_26": "JPR", "Lks_km_26": 22.811, "F_STA_26": "1900", "Cadin_26": "WRS", "Pjg_Jbt_26": 40.3, "Btg_Pjg_26": 40.0, "Jml_Btg_26": "1", "Lb_Jl_Ms26": 6.0, "Lb_Jl_Kl26": 6.0, "Lb_Lalin26": 6.0, "Lb_Bh_Ki26": 0.0, "Lb_Bh_Ka26": 0.0, "Lb_Dr_Ki26": 0.08, "Lb_Dr_Ka26": 0.08, "Lb_Tr_Ki26": 0.45, "Lb_Tr_Ka26": 0.46, "Lb_TS_Ki26": 0.0, "Lb_TS_Ka26": 0.0, "Lb_Med_26": 0.0, "Lbr_Jbt_26": 7.07, "Bgn_Ats_26": "RBR", "Jns_Jbt_26": "STANDAR", "Thn_Bgn_26": "1997", "BA_26": "2", "LNT_26": "2", "BB_26": "2", "DAS_26": "1", "OP_26": "0", "UT_26": "0", "GR_26": "0", "LB_26": "0", "JBT_26": "2", "Tp_Lnts_26": "SUNGAI", "Dt_Lnts_26": "LURUS", "Pnangnn_26": "RUTIN", "Pmriksn_26": "DETAIL", "Pnglola_26": "BBPJN PAPUA-PAPUA PEGUNUNGAN", "Satkr_ID26": "693965", "PPK_Name26": "2.1", "Traffic_26": null, "VCR_26": "0", "AADT_26": "96", "Tipe_Jb_26": null, "Lat_26": -3.05045, "Long_26": 140.844772, "Tgl_Ins_26": "26/06/2026", "Ket_26": null }, "geometry": { "type": "Point", "coordinates": [ 140.844772000027888, -3.050450000167302 ] } },
{ "type": "Feature", "properties": { "KDRUAS_UPD": "62003", "NOJBT_UPD": "62.003.028.0", "NM_RUAS_UP": "ARSO - WARIS", "NM_JBT_UPD": "SAWITAMI 14", "PROVINSI": "PAPUA PEGUNUNGAN (JAYAPURA)", "No_Prov_26": "62", "ID_Jbt_26": "6200040", "Kd_Ruas_26": "62003", "Suffix_26": null, "Nm_Ruas_26": "ARSO - WARIS", "Lintas_26": "JALAN LINTAS PERBATASAN", "No_Jbt_26": "62.003.028.0", "Nm_Jbt_26": "SAWITAMI 14", "Status_26": "N", "Fungsi_26": "A", "Lks_Dr_26": "JPR", "Lks_km_26": 23.669, "F_STA_26": "1970", "Cadin_26": "WRS", "Pjg_Jbt_26": 50.9, "Btg_Pjg_26": 50.0, "Jml_Btg_26": "1", "Lb_Jl_Ms26": 6.0, "Lb_Jl_Kl26": 6.0, "Lb_Lalin26": 6.05, "Lb_Bh_Ki26": 0.0, "Lb_Bh_Ka26": 0.0, "Lb_Dr_Ki26": 0.0, "Lb_Dr_Ka26": 0.0, "Lb_Tr_Ki26": 0.5, "Lb_Tr_Ka26": 0.5, "Lb_TS_Ki26": 0.0, "Lb_TS_Ka26": 0.0, "Lb_Med_26": 0.0, "Lbr_Jbt_26": 7.05, "Bgn_Ats_26": "RBR", "Jns_Jbt_26": "STANDAR", "Thn_Bgn_26": "2003", "BA_26": "3", "LNT_26": "0", "BB_26": "5", "DAS_26": "3", "OP_26": "3", "UT_26": "0", "GR_26": "0", "LB_26": "0", "JBT_26": "5", "Tp_Lnts_26": "SUNGAI", "Dt_Lnts_26": "BERKELOK (MEANDER)", "Pnangnn_26": "RUTIN", "Pmriksn_26": "DETAIL", "Pnglola_26": "BBPJN PAPUA-PAPUA PEGUNUNGAN", "Satkr_ID26": "693965", "PPK_Name26": "2.1", "Traffic_26": null, "VCR_26": "0", "AADT_26": "96", "Tipe_Jb_26": null, "Lat_26": -3.056, "Long_26": 140.841293, "Tgl_Ins_26": "05/06/2026", "Ket_26": null }, "geometry": { "type": "Point", "coordinates": [ 140.841292999672305, -3.055999999800122 ] } },
{ "type": "Feature", "properties": { "KDRUAS_UPD": "62003", "NOJBT_UPD": "62.003.029.0", "NM_RUAS_UP": "ARSO - WARIS", "NM_JBT_UPD": "SAWITAMI 15", "PROVINSI": "PAPUA PEGUNUNGAN (JAYAPURA)", "No_Prov_26": "62", "ID_Jbt_26": "6200041", "Kd_Ruas_26": "62003", "Suffix_26": null, "Nm_Ruas_26": "ARSO - WARIS", "Lintas_26": "JALAN LINTAS PERBATASAN", "No_Jbt_26": "62.003.029.0", "Nm_Jbt_26": "SAWITAMI 15", "Status_26": "N", "Fungsi_26": "A", "Lks_Dr_26": "JPR", "Lks_km_26": 24.902, "F_STA_26": "2080", "Cadin_26": "WRS", "Pjg_Jbt_26": 30.55, "Btg_Pjg_26": 30.0, "Jml_Btg_26": "1", "Lb_Jl_Ms26": 6.0, "Lb_Jl_Kl26": 6.0, "Lb_Lalin26": 6.15, "Lb_Bh_Ki26": 0.0, "Lb_Bh_Ka26": 0.0, "Lb_Dr_Ki26": 0.0, "Lb_Dr_Ka26": 0.0, "Lb_Tr_Ki26": 0.5, "Lb_Tr_Ka26": 0.5, "Lb_TS_Ki26": 0.26, "Lb_TS_Ka26": 0.24, "Lb_Med_26": 0.0, "Lbr_Jbt_26": 7.65, "Bgn_Ats_26": "GBP", "Jns_Jbt_26": "STANDAR", "Thn_Bgn_26": "2009", "BA_26": "2", "LNT_26": "2", "BB_26": "2", "DAS_26": "0", "OP_26": "2", "UT_26": "0", "GR_26": "0", "LB_26": "0", "JBT_26": "2", "Tp_Lnts_26": "SUNGAI", "Dt_Lnts_26": "LURUS", "Pnangnn_26": "RUTIN", "Pmriksn_26": "DETAIL", "Pnglola_26": "BBPJN PAPUA-PAPUA PEGUNUNGAN", "Satkr_ID26": "693965", "PPK_Name26": "2.1", "Traffic_26": null, "VCR_26": "0", "AADT_26": "96", "Tipe_Jb_26": null, "Lat_26": -3.062264, "Long_26": 140.836075, "Tgl_Ins_26": "26/06/2026", "Ket_26": null }, "geometry": { "type": "Point", "coordinates": [ 140.836075000061214, -3.062263999983543 ] } },
{ "type": "Feature", "properties": { "KDRUAS_UPD": "62003", "NOJBT_UPD": "62.003.030.0", "NM_RUAS_UP": "ARSO - WARIS", "NM_JBT_UPD": "SAWITAMI 16", "PROVINSI": "PAPUA PEGUNUNGAN (JAYAPURA)", "No_Prov_26": "62", "ID_Jbt_26": "6200042", "Kd_Ruas_26": "62003", "Suffix_26": null, "Nm_Ruas_26": "ARSO - WARIS", "Lintas_26": "JALAN LINTAS PERBATASAN", "No_Jbt_26": "62.003.030.0", "Nm_Jbt_26": "SAWITAMI 16", "Status_26": "N", "Fungsi_26": "A", "Lks_Dr_26": "JPR", "Lks_km_26": 25.314, "F_STA_26": "2110", "Cadin_26": "WRS", "Pjg_Jbt_26": 41.0, "Btg_Pjg_26": 40.0, "Jml_Btg_26": "1", "Lb_Jl_Ms26": 6.0, "Lb_Jl_Kl26": 6.0, "Lb_Lalin26": 5.8, "Lb_Bh_Ki26": 0.0, "Lb_Bh_Ka26": 0.0, "Lb_Dr_Ki26": 0.06, "Lb_Dr_Ka26": 0.06, "Lb_Tr_Ki26": 0.58, "Lb_Tr_Ka26": 0.6, "Lb_TS_Ki26": 0.0, "Lb_TS_Ka26": 0.0, "Lb_Med_26": 0.0, "Lbr_Jbt_26": 7.1, "Bgn_Ats_26": "RBR", "Jns_Jbt_26": "STANDAR", "Thn_Bgn_26": "2007", "BA_26": "2", "LNT_26": "2", "BB_26": "2", "DAS_26": "2", "OP_26": "0", "UT_26": "0", "GR_26": "0", "LB_26": "0", "JBT_26": "2", "Tp_Lnts_26": "SUNGAI", "Dt_Lnts_26": "LURUS", "Pnangnn_26": "RUTIN", "Pmriksn_26": "DETAIL", "Pnglola_26": "BBPJN PAPUA-PAPUA PEGUNUNGAN", "Satkr_ID26": "693965", "PPK_Name26": "2.1", "Traffic_26": null, "VCR_26": "0", "AADT_26": "96", "Tipe_Jb_26": null, "Lat_26": -3.065228, "Long_26": 140.834457, "Tgl_Ins_26": "27/06/2026", "Ket_26": null }, "geometry": { "type": "Point", "coordinates": [ 140.834457000090538, -3.065227999972194 ] } },
{ "type": "Feature", "properties": { "KDRUAS_UPD": "62003", "NOJBT_UPD": "62.003.031.0", "NM_RUAS_UP": "ARSO - WARIS", "NM_JBT_UPD": "SAWITAMI 17", "PROVINSI": "PAPUA PEGUNUNGAN (JAYAPURA)", "No_Prov_26": "62", "ID_Jbt_26": "6202382", "Kd_Ruas_26": "62003", "Suffix_26": null, "Nm_Ruas_26": "ARSO - WARIS", "Lintas_26": "ARSO - WARIS", "No_Jbt_26": "62.003.031.0", "Nm_Jbt_26": "SAWITAMI 17", "Status_26": "N", "Fungsi_26": "A", "Lks_Dr_26": "JPR", "Lks_km_26": 25.964, "F_STA_26": "2170", "Cadin_26": "WRS", "Pjg_Jbt_26": 31.0, "Btg_Pjg_26": 30.0, "Jml_Btg_26": "1", "Lb_Jl_Ms26": 6.0, "Lb_Jl_Kl26": 6.0, "Lb_Lalin26": 6.0, "Lb_Bh_Ki26": 0.0, "Lb_Bh_Ka26": 0.0, "Lb_Dr_Ki26": 0.0, "Lb_Dr_Ka26": 0.0, "Lb_Tr_Ki26": 0.43, "Lb_Tr_Ka26": 0.5, "Lb_TS_Ki26": 0.26, "Lb_TS_Ka26": 0.27, "Lb_Med_26": 0.0, "Lbr_Jbt_26": 7.46, "Bgn_Ats_26": "GBP", "Jns_Jbt_26": "STANDAR", "Thn_Bgn_26": "2007", "BA_26": "2", "LNT_26": "2", "BB_26": "2", "DAS_26": "0", "OP_26": "0", "UT_26": "0", "GR_26": "0", "LB_26": "0", "JBT_26": "2", "Tp_Lnts_26": "SUNGAI", "Dt_Lnts_26": "LURUS", "Pnangnn_26": "RUTIN", "Pmriksn_26": "DETAIL", "Pnglola_26": "BBPJN PAPUA-PAPUA PEGUNUNGAN", "Satkr_ID26": "693965", "PPK_Name26": "2.1", "Traffic_26": null, "VCR_26": "0", "AADT_26": "96", "Tipe_Jb_26": null, "Lat_26": -3.069921, "Long_26": 140.832809, "Tgl_Ins_26": "27/06/2026", "Ket_26": null }, "geometry": { "type": "Point", "coordinates": [ 140.832808999635745, -3.069920999654357 ] } },
{ "type": "Feature", "properties": { "KDRUAS_UPD": "62003", "NOJBT_UPD": "62.003.032.0", "NM_RUAS_UP": "ARSO - WARIS", "NM_JBT_UPD": "SAWITAMI 18", "PROVINSI": "PAPUA PEGUNUNGAN (JAYAPURA)", "No_Prov_26": "62", "ID_Jbt_26": "6202383", "Kd_Ruas_26": "62003", "Suffix_26": null, "Nm_Ruas_26": "ARSO - WARIS", "Lintas_26": "ARSO - WARIS", "No_Jbt_26": "62.003.032.0", "Nm_Jbt_26": "SAWITAMI 18", "Status_26": "N", "Fungsi_26": "A", "Lks_Dr_26": "JPR", "Lks_km_26": 26.154, "F_STA_26": "2180", "Cadin_26": "WRS", "Pjg_Jbt_26": 30.7, "Btg_Pjg_26": 30.0, "Jml_Btg_26": "1", "Lb_Jl_Ms26": 6.0, "Lb_Jl_Kl26": 6.0, "Lb_Lalin26": 6.0, "Lb_Bh_Ki26": 0.0, "Lb_Bh_Ka26": 0.0, "Lb_Dr_Ki26": 0.07, "Lb_Dr_Ka26": 0.07, "Lb_Tr_Ki26": 0.5, "Lb_Tr_Ka26": 0.48, "Lb_TS_Ki26": 0.25, "Lb_TS_Ka26": 0.27, "Lb_Med_26": 0.0, "Lbr_Jbt_26": 7.64, "Bgn_Ats_26": "GBP", "Jns_Jbt_26": "STANDAR", "Thn_Bgn_26": "2007", "BA_26": "2", "LNT_26": "2", "BB_26": "2", "DAS_26": "2", "OP_26": "2", "UT_26": "0", "GR_26": "0", "LB_26": "0", "JBT_26": "2", "Tp_Lnts_26": "SUNGAI", "Dt_Lnts_26": "LURUS", "Pnangnn_26": "RUTIN", "Pmriksn_26": "DETAIL", "Pnglola_26": "BBPJN PAPUA-PAPUA PEGUNUNGAN", "Satkr_ID26": "693965", "PPK_Name26": "2.1", "Traffic_26": null, "VCR_26": "0", "AADT_26": "96", "Tipe_Jb_26": null, "Lat_26": -3.071141, "Long_26": 140.832916, "Tgl_Ins_26": "27/06/2026", "Ket_26": null }, "geometry": { "type": "Point", "coordinates": [ 140.832916000073396, -3.071141000156956 ] } },
{ "type": "Feature", "properties": { "KDRUAS_UPD": "62003", "NOJBT_UPD": "62.003.037.0", "NM_RUAS_UP": "ARSO - WARIS", "NM_JBT_UPD": "SAWITAMI 19", "PROVINSI": "PAPUA PEGUNUNGAN (JAYAPURA)", "No_Prov_26": "62", "ID_Jbt_26": "6202161", "Kd_Ruas_26": "62003", "Suffix_26": null, "Nm_Ruas_26": "ARSO - WARIS", "Lintas_26": "ARSO - WARIS", "No_Jbt_26": "62.003.037.0", "Nm_Jbt_26": "SAWITAMI 19", "Status_26": "N", "Fungsi_26": "A", "Lks_Dr_26": "JPR", "Lks_km_26": 30.915, "F_STA_26": "2580", "Cadin_26": "WRS", "Pjg_Jbt_26": 40.8, "Btg_Pjg_26": 40.0, "Jml_Btg_26": "1", "Lb_Jl_Ms26": 6.0, "Lb_Jl_Kl26": 6.0, "Lb_Lalin26": 6.0, "Lb_Bh_Ki26": 0.0, "Lb_Bh_Ka26": 0.0, "Lb_Dr_Ki26": 0.08, "Lb_Dr_Ka26": 0.07, "Lb_Tr_Ki26": 0.46, "Lb_Tr_Ka26": 0.51, "Lb_TS_Ki26": 0.0, "Lb_TS_Ka26": 0.0, "Lb_Med_26": 0.0, "Lbr_Jbt_26": 7.12, "Bgn_Ats_26": "RBR", "Jns_Jbt_26": "STANDAR", "Thn_Bgn_26": "1999", "BA_26": "2", "LNT_26": "2", "BB_26": "2", "DAS_26": "1", "OP_26": "1", "UT_26": "0", "GR_26": "0", "LB_26": "0", "JBT_26": "2", "Tp_Lnts_26": "SUNGAI", "Dt_Lnts_26": "LURUS", "Pnangnn_26": "RUTIN", "Pmriksn_26": "DETAIL", "Pnglola_26": "BBPJN PAPUA-PAPUA PEGUNUNGAN", "Satkr_ID26": "693965", "PPK_Name26": "2.1", "Traffic_26": null, "VCR_26": "0", "AADT_26": "96", "Tipe_Jb_26": null, "Lat_26": -3.093441, "Long_26": 140.838562, "Tgl_Ins_26": "28/06/2026", "Ket_26": null }, "geometry": { "type": "Point", "coordinates": [ 140.838561999636681, -3.093440999702352 ] } },
{ "type": "Feature", "properties": { "KDRUAS_UPD": "62003", "NOJBT_UPD": "62.003.011.0", "NM_RUAS_UP": "ARSO - WARIS", "NM_JBT_UPD": "SAWITAMI 2", "PROVINSI": "PAPUA PEGUNUNGAN (JAYAPURA)", "No_Prov_26": "62", "ID_Jbt_26": "6200023", "Kd_Ruas_26": "62003", "Suffix_26": null, "Nm_Ruas_26": "ARSO - WARIS", "Lintas_26": "JALAN LINTAS PERBATASAN", "No_Jbt_26": "62.003.011.0", "Nm_Jbt_26": "SAWITAMI 2", "Status_26": "N", "Fungsi_26": "A", "Lks_Dr_26": "JPR", "Lks_km_26": 9.018, "F_STA_26": "730", "Cadin_26": "ARS", "Pjg_Jbt_26": 25.7, "Btg_Pjg_26": 25.0, "Jml_Btg_26": "1", "Lb_Jl_Ms26": 6.0, "Lb_Jl_Kl26": 6.0, "Lb_Lalin26": 5.04, "Lb_Bh_Ki26": 0.0, "Lb_Bh_Ka26": 0.0, "Lb_Dr_Ki26": 0.0, "Lb_Dr_Ka26": 0.0, "Lb_Tr_Ki26": 0.41, "Lb_Tr_Ka26": 0.41, "Lb_TS_Ki26": 0.24, "Lb_TS_Ka26": 0.3, "Lb_Med_26": 0.0, "Lbr_Jbt_26": 6.4, "Bgn_Ats_26": "GTP", "Jns_Jbt_26": "STANDAR", "Thn_Bgn_26": "2000", "BA_26": "2", "LNT_26": "2", "BB_26": "0", "DAS_26": "0", "OP_26": "0", "UT_26": "0", "GR_26": "0", "LB_26": "0", "JBT_26": "2", "Tp_Lnts_26": "SUNGAI", "Dt_Lnts_26": "LURUS", "Pnangnn_26": "RUTIN", "Pmriksn_26": "DETAIL", "Pnglola_26": "BBPJN PAPUA-PAPUA PEGUNUNGAN", "Satkr_ID26": "693965", "PPK_Name26": "2.1", "Traffic_26": null, "VCR_26": "0", "AADT_26": "96", "Tipe_Jb_26": null, "Lat_26": -3.010801, "Long_26": 140.786057, "Tgl_Ins_26": "01/06/2026", "Ket_26": null }, "geometry": { "type": "Point", "coordinates": [ 140.786057000230471, -3.010801000066067 ] } },
{ "type": "Feature", "properties": { "KDRUAS_UPD": "62003", "NOJBT_UPD": "62.003.038.0", "NM_RUAS_UP": "ARSO - WARIS", "NM_JBT_UPD": "SAWITAMI 20", "PROVINSI": "PAPUA PEGUNUNGAN (JAYAPURA)", "No_Prov_26": "62", "ID_Jbt_26": "6202162", "Kd_Ruas_26": "62003", "Suffix_26": null, "Nm_Ruas_26": "ARSO - WARIS", "Lintas_26": "ARSO - WARIS", "No_Jbt_26": "62.003.038.0", "Nm_Jbt_26": "SAWITAMI 20", "Status_26": "N", "Fungsi_26": "A", "Lks_Dr_26": "JPR", "Lks_km_26": 31.402, "F_STA_26": "2630", "Cadin_26": "WRS", "Pjg_Jbt_26": 40.0, "Btg_Pjg_26": 40.0, "Jml_Btg_26": "1", "Lb_Jl_Ms26": 6.0, "Lb_Jl_Kl26": 6.0, "Lb_Lalin26": 6.0, "Lb_Bh_Ki26": 0.0, "Lb_Bh_Ka26": 0.0, "Lb_Dr_Ki26": 0.08, "Lb_Dr_Ka26": 0.06, "Lb_Tr_Ki26": 0.5, "Lb_Tr_Ka26": 0.5, "Lb_TS_Ki26": 0.0, "Lb_TS_Ka26": 0.0, "Lb_Med_26": 0.0, "Lbr_Jbt_26": 7.14, "Bgn_Ats_26": "RBR", "Jns_Jbt_26": "STANDAR", "Thn_Bgn_26": "1999", "BA_26": "2", "LNT_26": "0", "BB_26": "2", "DAS_26": "0", "OP_26": "1", "UT_26": "0", "GR_26": "0", "LB_26": "0", "JBT_26": "2", "Tp_Lnts_26": "SUNGAI", "Dt_Lnts_26": "LURUS", "Pnangnn_26": "RUTIN", "Pmriksn_26": "DETAIL", "Pnglola_26": "BBPJN PAPUA-PAPUA PEGUNUNGAN", "Satkr_ID26": "693965", "PPK_Name26": "2.1", "Traffic_26": null, "VCR_26": "0", "AADT_26": "96", "Tipe_Jb_26": null, "Lat_26": -3.096149, "Long_26": 140.841171, "Tgl_Ins_26": "28/06/2026", "Ket_26": null }, "geometry": { "type": "Point", "coordinates": [ 140.841171000341433, -3.096148999576599 ] } },
{ "type": "Feature", "properties": { "KDRUAS_UPD": "62035", "NOJBT_UPD": "62.035.051.0", "NM_RUAS_UP": "NIMBOTONG - BONGGO", "NM_JBT_UPD": "SAYORE", "PROVINSI": "PAPUA PEGUNUNGAN (JAYAPURA)", "No_Prov_26": "62", "ID_Jbt_26": "6200518", "Kd_Ruas_26": "62035", "Suffix_26": null, "Nm_Ruas_26": "NIMBOTONG - BONGGO", "Lintas_26": "JALAN LINTAS UTARA", "No_Jbt_26": "62.035.051.0", "Nm_Jbt_26": "SAYORE", "Status_26": "N", "Fungsi_26": "K", "Lks_Dr_26": "JPR", "Lks_km_26": 57.688, "F_STA_26": "5050", "Cadin_26": "BGO", "Pjg_Jbt_26": 40.5, "Btg_Pjg_26": 40.0, "Jml_Btg_26": "1", "Lb_Jl_Ms26": 6.0, "Lb_Jl_Kl26": 6.0, "Lb_Lalin26": 5.83, "Lb_Bh_Ki26": 0.0, "Lb_Bh_Ka26": 0.0, "Lb_Dr_Ki26": 0.09, "Lb_Dr_Ka26": 0.13, "Lb_Tr_Ki26": 0.51, "Lb_Tr_Ka26": 0.49, "Lb_TS_Ki26": 0.0, "Lb_TS_Ka26": 0.0, "Lb_Med_26": 0.0, "Lbr_Jbt_26": 7.05, "Bgn_Ats_26": "RBR", "Jns_Jbt_26": "STANDAR", "Thn_Bgn_26": "2010", "BA_26": "2", "LNT_26": "2", "BB_26": "2", "DAS_26": "2", "OP_26": "0", "UT_26": "0", "GR_26": "0", "LB_26": "0", "JBT_26": "2", "Tp_Lnts_26": "SUNGAI", "Dt_Lnts_26": "LURUS", "Pnangnn_26": "RUTIN", "Pmriksn_26": "DETAIL", "Pnglola_26": "BBPJN PAPUA-PAPUA PEGUNUNGAN", "Satkr_ID26": "693940", "PPK_Name26": "1.2", "Traffic_26": null, "VCR_26": "0", "AADT_26": "205", "Tipe_Jb_26": null, "Lat_26": -2.449677, "Long_26": 139.8116, "Tgl_Ins_26": "22/05/2026", "Ket_26": null }, "geometry": { "type": "Point", "coordinates": [ 139.811600000239878, -2.449676999893597 ] } },
{ "type": "Feature", "properties": { "KDRUAS_UPD": "62035", "NOJBT_UPD": "62.035.053.0", "NM_RUAS_UP": "NIMBOTONG - BONGGO", "NM_JBT_UPD": "SAYORE I", "PROVINSI": "PAPUA PEGUNUNGAN (JAYAPURA)", "No_Prov_26": "62", "ID_Jbt_26": "6200520", "Kd_Ruas_26": "62035", "Suffix_26": null, "Nm_Ruas_26": "NIMBOTONG - BONGGO", "Lintas_26": "JALAN LINTAS UTARA", "No_Jbt_26": "62.035.053.0", "Nm_Jbt_26": "SAYORE I", "Status_26": "N", "Fungsi_26": "K", "Lks_Dr_26": "JPR", "Lks_km_26": 63.23, "F_STA_26": "5510", "Cadin_26": "BGO", "Pjg_Jbt_26": 30.6, "Btg_Pjg_26": 30.2, "Jml_Btg_26": "1", "Lb_Jl_Ms26": 6.0, "Lb_Jl_Kl26": 6.0, "Lb_Lalin26": 7.5, "Lb_Bh_Ki26": 0.0, "Lb_Bh_Ka26": 0.0, "Lb_Dr_Ki26": 0.0, "Lb_Dr_Ka26": 0.0, "Lb_Tr_Ki26": 0.59, "Lb_Tr_Ka26": 0.62, "Lb_TS_Ki26": 0.0, "Lb_TS_Ka26": 0.0, "Lb_Med_26": 0.0, "Lbr_Jbt_26": 8.71, "Bgn_Ats_26": "GBP", "Jns_Jbt_26": "STANDAR", "Thn_Bgn_26": "2014", "BA_26": "1", "LNT_26": "0", "BB_26": "0", "DAS_26": "1", "OP_26": "1", "UT_26": "0", "GR_26": "1", "LB_26": "0", "JBT_26": "1", "Tp_Lnts_26": "SUNGAI", "Dt_Lnts_26": "LURUS", "Pnangnn_26": "RUTIN", "Pmriksn_26": "TIDAK DISURVEI TA. 2026", "Pnglola_26": "BBPJN PAPUA-PAPUA PEGUNUNGAN", "Satkr_ID26": "693940", "PPK_Name26": "1.2", "Traffic_26": null, "VCR_26": "0", "AADT_26": "205", "Tipe_Jb_26": null, "Lat_26": -2.426761, "Long_26": 139.781647, "Tgl_Ins_26": "18/04/2024", "Ket_26": null }, "geometry": { "type": "Point", "coordinates": [ 139.781647000308908, -2.42676099982026 ] } },
{ "type": "Feature", "properties": { "KDRUAS_UPD": "62035", "NOJBT_UPD": "62.035.021.0", "NM_RUAS_UP": "NIMBOTONG - BONGGO", "NM_JBT_UPD": "SEKUATA II", "PROVINSI": "PAPUA PEGUNUNGAN (JAYAPURA)", "No_Prov_26": "62", "ID_Jbt_26": "6200490", "Kd_Ruas_26": "62035", "Suffix_26": null, "Nm_Ruas_26": "NIMBOTONG - BONGGO", "Lintas_26": "JALAN LINTAS UTARA", "No_Jbt_26": "62.035.021.0", "Nm_Jbt_26": "SEKUATA II", "Status_26": "N", "Fungsi_26": "K", "Lks_Dr_26": "JPR", "Lks_km_26": 23.7, "F_STA_26": "2170", "Cadin_26": "BGO", "Pjg_Jbt_26": 40.3, "Btg_Pjg_26": 40.0, "Jml_Btg_26": "1", "Lb_Jl_Ms26": 6.0, "Lb_Jl_Kl26": 6.0, "Lb_Lalin26": 5.6, "Lb_Bh_Ki26": 0.0, "Lb_Bh_Ka26": 0.0, "Lb_Dr_Ki26": 0.19, "Lb_Dr_Ka26": 0.1, "Lb_Tr_Ki26": 0.4, "Lb_Tr_Ka26": 0.35, "Lb_TS_Ki26": 0.0, "Lb_TS_Ka26": 0.0, "Lb_Med_26": 0.0, "Lbr_Jbt_26": 6.64, "Bgn_Ats_26": "RBR", "Jns_Jbt_26": "STANDAR", "Thn_Bgn_26": "1997", "BA_26": "2", "LNT_26": "0", "BB_26": "0", "DAS_26": "0", "OP_26": "0", "UT_26": "0", "GR_26": "0", "LB_26": "0", "JBT_26": "2", "Tp_Lnts_26": "SUNGAI", "Dt_Lnts_26": "LURUS", "Pnangnn_26": "RUTIN", "Pmriksn_26": "DETAIL", "Pnglola_26": "BBPJN PAPUA-PAPUA PEGUNUNGAN", "Satkr_ID26": "693940", "PPK_Name26": "1.2", "Traffic_26": null, "VCR_26": "0", "AADT_26": "205", "Tipe_Jb_26": null, "Lat_26": -2.553275, "Long_26": 139.981155, "Tgl_Ins_26": "15/05/2026", "Ket_26": null }, "geometry": { "type": "Point", "coordinates": [ 139.981154999703563, -2.55327500014107 ] } },
{ "type": "Feature", "properties": { "KDRUAS_UPD": "62001", "NOJBT_UPD": "62.001.010.A", "NM_RUAS_UP": "BTS. KOTA JAYAPURA - SENTANI", "NM_JBT_UPD": "SENTANI IA", "PROVINSI": "PAPUA PEGUNUNGAN (JAYAPURA)", "No_Prov_26": "62", "ID_Jbt_26": "6200747", "Kd_Ruas_26": "62001", "Suffix_26": null, "Nm_Ruas_26": "BTS. KOTA JAYAPURA - SENTANI", "Lintas_26": "JALAN LINTAS UTARA", "No_Jbt_26": "62.001.010.A", "Nm_Jbt_26": "SENTANI IA", "Status_26": "N", "Fungsi_26": "A", "Lks_Dr_26": "JPR", "Lks_km_26": 16.391, "F_STA_26": "870", "Cadin_26": "STN", "Pjg_Jbt_26": 30.5, "Btg_Pjg_26": 29.8, "Jml_Btg_26": "1", "Lb_Jl_Ms26": 7.0, "Lb_Jl_Kl26": 7.0, "Lb_Lalin26": 5.36, "Lb_Bh_Ki26": 0.25, "Lb_Bh_Ka26": 0.24, "Lb_Dr_Ki26": 0.0, "Lb_Dr_Ka26": 0.0, "Lb_Tr_Ki26": 0.49, "Lb_Tr_Ka26": 0.48, "Lb_TS_Ki26": 0.29, "Lb_TS_Ka26": 0.29, "Lb_Med_26": 0.0, "Lbr_Jbt_26": 7.4, "Bgn_Ats_26": "GBP", "Jns_Jbt_26": "STANDAR", "Thn_Bgn_26": "2007", "BA_26": "2", "LNT_26": "2", "BB_26": "2", "DAS_26": "1", "OP_26": "0", "UT_26": "0", "GR_26": "0", "LB_26": "0", "JBT_26": "2", "Tp_Lnts_26": "SUNGAI", "Dt_Lnts_26": "LURUS", "Pnangnn_26": "RUTIN", "Pmriksn_26": "DETAIL", "Pnglola_26": "BBPJN PAPUA-PAPUA PEGUNUNGAN", "Satkr_ID26": "693940", "PPK_Name26": "1.1", "Traffic_26": null, "VCR_26": "0", "AADT_26": "31342", "Tipe_Jb_26": null, "Lat_26": -2.566081895, "Long_26": 140.5189743, "Tgl_Ins_26": "15/06/2026", "Ket_26": null }, "geometry": { "type": "Point", "coordinates": [ 140.561340000240875, -2.581065000149579 ] } },
{ "type": "Feature", "properties": { "KDRUAS_UPD": "62001", "NOJBT_UPD": "62.001.010.B", "NM_RUAS_UP": "BTS. KOTA JAYAPURA - SENTANI", "NM_JBT_UPD": "SENTANI IB", "PROVINSI": "PAPUA PEGUNUNGAN (JAYAPURA)", "No_Prov_26": "62", "ID_Jbt_26": "6200748", "Kd_Ruas_26": "62001", "Suffix_26": null, "Nm_Ruas_26": "BTS. KOTA JAYAPURA - SENTANI", "Lintas_26": "JALAN LINTAS UTARA", "No_Jbt_26": "62.001.010.B", "Nm_Jbt_26": "SENTANI IB", "Status_26": "N", "Fungsi_26": "A", "Lks_Dr_26": "JPR", "Lks_km_26": 16.391, "F_STA_26": "870", "Cadin_26": "STN", "Pjg_Jbt_26": 30.5, "Btg_Pjg_26": 29.8, "Jml_Btg_26": "1", "Lb_Jl_Ms26": 7.0, "Lb_Jl_Kl26": 7.0, "Lb_Lalin26": 5.49, "Lb_Bh_Ki26": 0.27, "Lb_Bh_Ka26": 0.32, "Lb_Dr_Ki26": 0.0, "Lb_Dr_Ka26": 0.0, "Lb_Tr_Ki26": 0.52, "Lb_Tr_Ka26": 0.53, "Lb_TS_Ki26": 0.26, "Lb_TS_Ka26": 0.26, "Lb_Med_26": 0.0, "Lbr_Jbt_26": 7.65, "Bgn_Ats_26": "GBP", "Jns_Jbt_26": "STANDAR", "Thn_Bgn_26": "2007", "BA_26": "2", "LNT_26": "2", "BB_26": "2", "DAS_26": "2", "OP_26": "0", "UT_26": "0", "GR_26": "0", "LB_26": "0", "JBT_26": "2", "Tp_Lnts_26": "SUNGAI", "Dt_Lnts_26": "LURUS", "Pnangnn_26": "RUTIN", "Pmriksn_26": "DETAIL", "Pnglola_26": "BBPJN PAPUA-PAPUA PEGUNUNGAN", "Satkr_ID26": "693940", "PPK_Name26": "1.1", "Traffic_26": null, "VCR_26": "0", "AADT_26": "31342", "Tipe_Jb_26": null, "Lat_26": -2.565984561, "Long_26": 140.5190256, "Tgl_Ins_26": "29/06/2026", "Ket_26": null }, "geometry": { "type": "Point", "coordinates": [ 140.561340000240875, -2.581065000149579 ] } },
{ "type": "Feature", "properties": { "KDRUAS_UPD": "62001", "NOJBT_UPD": "62.001.011.A", "NM_RUAS_UP": "BTS. KOTA JAYAPURA - SENTANI", "NM_JBT_UPD": "SENTANI IIA", "PROVINSI": "PAPUA PEGUNUNGAN (JAYAPURA)", "No_Prov_26": "62", "ID_Jbt_26": "6200003", "Kd_Ruas_26": "62001", "Suffix_26": null, "Nm_Ruas_26": "BTS. KOTA JAYAPURA - SENTANI", "Lintas_26": "JALAN LINTAS UTARA", "No_Jbt_26": "62.001.011.A", "Nm_Jbt_26": "SENTANI IIA", "Status_26": "N", "Fungsi_26": "A", "Lks_Dr_26": "JPR", "Lks_km_26": 17.486, "F_STA_26": "1520", "Cadin_26": "STN", "Pjg_Jbt_26": 61.4, "Btg_Pjg_26": 30.5, "Jml_Btg_26": "2", "Lb_Jl_Ms26": 7.0, "Lb_Jl_Kl26": 7.0, "Lb_Lalin26": 5.4, "Lb_Bh_Ki26": 0.33, "Lb_Bh_Ka26": 0.28, "Lb_Dr_Ki26": 0.0, "Lb_Dr_Ka26": 0.0, "Lb_Tr_Ki26": 0.5, "Lb_Tr_Ka26": 0.26, "Lb_TS_Ki26": 0.0, "Lb_TS_Ka26": 0.27, "Lb_Med_26": 0.0, "Lbr_Jbt_26": 7.04, "Bgn_Ats_26": "GBP", "Jns_Jbt_26": "STANDAR", "Thn_Bgn_26": "2007", "BA_26": "2", "LNT_26": "2", "BB_26": "1", "DAS_26": "1", "OP_26": "0", "UT_26": "0", "GR_26": "0", "LB_26": "0", "JBT_26": "2", "Tp_Lnts_26": "SUNGAI", "Dt_Lnts_26": "LURUS", "Pnangnn_26": "RUTIN", "Pmriksn_26": "DETAIL", "Pnglola_26": "BBPJN PAPUA-PAPUA PEGUNUNGAN", "Satkr_ID26": "693940", "PPK_Name26": "1.1", "Traffic_26": null, "VCR_26": "0", "AADT_26": "31342", "Tipe_Jb_26": null, "Lat_26": -2.565171, "Long_26": 140.510513, "Tgl_Ins_26": "26/05/2026", "Ket_26": null }, "geometry": { "type": "Point", "coordinates": [ 140.510512999975049, -2.565171000141504 ] } },
{ "type": "Feature", "properties": { "KDRUAS_UPD": "62001", "NOJBT_UPD": "62.001.011.B", "NM_RUAS_UP": "BTS. KOTA JAYAPURA - SENTANI", "NM_JBT_UPD": "SENTANI IIB", "PROVINSI": "PAPUA PEGUNUNGAN (JAYAPURA)", "No_Prov_26": "62", "ID_Jbt_26": "6200004", "Kd_Ruas_26": "62001", "Suffix_26": null, "Nm_Ruas_26": "BTS. KOTA JAYAPURA - SENTANI", "Lintas_26": "JALAN LINTAS UTARA", "No_Jbt_26": "62.001.011.B", "Nm_Jbt_26": "SENTANI IIB", "Status_26": "N", "Fungsi_26": "A", "Lks_Dr_26": "JPR", "Lks_km_26": 17.486, "F_STA_26": "1520", "Cadin_26": "STN", "Pjg_Jbt_26": 61.4, "Btg_Pjg_26": 30.45, "Jml_Btg_26": "2", "Lb_Jl_Ms26": 7.0, "Lb_Jl_Kl26": 7.0, "Lb_Lalin26": 5.53, "Lb_Bh_Ki26": 0.28, "Lb_Bh_Ka26": 0.295, "Lb_Dr_Ki26": 0.0, "Lb_Dr_Ka26": 0.0, "Lb_Tr_Ki26": 0.49, "Lb_Tr_Ka26": 0.49, "Lb_TS_Ki26": 0.26, "Lb_TS_Ka26": 0.0, "Lb_Med_26": 0.0, "Lbr_Jbt_26": 7.05, "Bgn_Ats_26": "GBP", "Jns_Jbt_26": "STANDAR", "Thn_Bgn_26": "2007", "BA_26": "2", "LNT_26": "2", "BB_26": "1", "DAS_26": "2", "OP_26": "1", "UT_26": "0", "GR_26": "0", "LB_26": "0", "JBT_26": "2", "Tp_Lnts_26": "SUNGAI", "Dt_Lnts_26": "LURUS", "Pnangnn_26": "RUTIN", "Pmriksn_26": "DETAIL", "Pnglola_26": "BBPJN PAPUA-PAPUA PEGUNUNGAN", "Satkr_ID26": "693940", "PPK_Name26": "1.1", "Traffic_26": null, "VCR_26": "0", "AADT_26": "31342", "Tipe_Jb_26": null, "Lat_26": -2.56508, "Long_26": 140.5105, "Tgl_Ins_26": "14/06/2026", "Ket_26": null }, "geometry": { "type": "Point", "coordinates": [ 140.510483000390195, -2.56508000044164 ] } },
{ "type": "Feature", "properties": { "KDRUAS_UPD": "62057", "NOJBT_UPD": "62.057.056.0", "NM_RUAS_UP": "MENAWI - SAUBEBA - YOBI", "NM_JBT_UPD": "SERUI 48 (MUNDEWAS 2)", "PROVINSI": "PAPUA PEGUNUNGAN (JAYAPURA)", "No_Prov_26": "62", "ID_Jbt_26": "6201537", "Kd_Ruas_26": "62057", "Suffix_26": null, "Nm_Ruas_26": "MENAWI - SAUBEBA - YOBI", "Lintas_26": "NON LINTAS", "No_Jbt_26": "62.057.056.0", "Nm_Jbt_26": "SERUI 48 (MUNDEWAS 2)", "Status_26": "N", "Fungsi_26": "K", "Lks_Dr_26": "SER", "Lks_km_26": 36.178, "F_STA_26": "3580", "Cadin_26": "MEN", "Pjg_Jbt_26": 11.0, "Btg_Pjg_26": 3.0, "Jml_Btg_26": "3", "Lb_Jl_Ms26": 6.0, "Lb_Jl_Kl26": 6.0, "Lb_Lalin26": 5.62, "Lb_Bh_Ki26": 1.3, "Lb_Bh_Ka26": 1.46, "Lb_Dr_Ki26": 0.0, "Lb_Dr_Ka26": 0.0, "Lb_Tr_Ki26": 0.0, "Lb_Tr_Ka26": 0.0, "Lb_TS_Ki26": 0.3, "Lb_TS_Ka26": 0.3, "Lb_Med_26": 0.0, "Lbr_Jbt_26": 8.98, "Bgn_Ats_26": "BTP", "Jns_Jbt_26": "STANDAR", "Thn_Bgn_26": "2013", "BA_26": "1", "LNT_26": "1", "BB_26": "0", "DAS_26": "2", "OP_26": "0", "UT_26": "0", "GR_26": "2", "LB_26": "0", "JBT_26": "2", "Tp_Lnts_26": "SUNGAI", "Dt_Lnts_26": "LURUS", "Pnangnn_26": "RUTIN", "Pmriksn_26": "DETAIL", "Pnglola_26": "BBPJN PAPUA-PAPUA PEGUNUNGAN", "Satkr_ID26": "693941", "PPK_Name26": "3.2", "Traffic_26": null, "VCR_26": "0", "AADT_26": "11", "Tipe_Jb_26": null, "Lat_26": -1.720336, "Long_26": 136.386688, "Tgl_Ins_26": "01/06/2026", "Ket_26": null }, "geometry": { "type": "Point", "coordinates": [ 136.386688000351, -1.720335999906411 ] } },
{ "type": "Feature", "properties": { "KDRUAS_UPD": "62057", "NOJBT_UPD": "62.057.077.0", "NM_RUAS_UP": "MENAWI - SAUBEBA - YOBI", "NM_JBT_UPD": "SERUI 50 (WARPUNWAR)", "PROVINSI": "PAPUA PEGUNUNGAN (JAYAPURA)", "No_Prov_26": "62", "ID_Jbt_26": "6201558", "Kd_Ruas_26": "62057", "Suffix_26": null, "Nm_Ruas_26": "MENAWI - SAUBEBA - YOBI", "Lintas_26": "NON LINTAS", "No_Jbt_26": "62.057.077.0", "Nm_Jbt_26": "SERUI 50 (WARPUNWAR)", "Status_26": "N", "Fungsi_26": "K", "Lks_Dr_26": "SER", "Lks_km_26": 46.806, "F_STA_26": "4560", "Cadin_26": "MEN", "Pjg_Jbt_26": 15.0, "Btg_Pjg_26": 10.0, "Jml_Btg_26": "1", "Lb_Jl_Ms26": 4.0, "Lb_Jl_Kl26": 4.0, "Lb_Lalin26": 0.0, "Lb_Bh_Ki26": 0.0, "Lb_Bh_Ka26": 0.0, "Lb_Dr_Ki26": 0.0, "Lb_Dr_Ka26": 0.0, "Lb_Tr_Ki26": 0.0, "Lb_Tr_Ka26": 0.0, "Lb_TS_Ki26": 0.0, "Lb_TS_Ka26": 0.0, "Lb_Med_26": 0.0, "Lbr_Jbt_26": 0.0, "Bgn_Ats_26": "WXX", "Jns_Jbt_26": "STANDAR", "Thn_Bgn_26": "0", "BA_26": "0", "LNT_26": "0", "BB_26": "0", "DAS_26": "0", "OP_26": "0", "UT_26": "0", "GR_26": "0", "LB_26": "5", "JBT_26": "5", "Tp_Lnts_26": "SUNGAI", "Dt_Lnts_26": "LURUS", "Pnangnn_26": "DO NOTHING ( DO NOTHING)", "Pmriksn_26": "RUTIN", "Pnglola_26": "BBPJN PAPUA-PAPUA PEGUNUNGAN", "Satkr_ID26": "693941", "PPK_Name26": "3.2", "Traffic_26": null, "VCR_26": "0", "AADT_26": "11", "Tipe_Jb_26": null, "Lat_26": -1.709074, "Long_26": 136.463623, "Tgl_Ins_26": "01/06/2026", "Ket_26": null }, "geometry": { "type": "Point", "coordinates": [ 136.463623000401185, -1.709074000364751 ] } },
{ "type": "Feature", "properties": { "KDRUAS_UPD": "62057", "NOJBT_UPD": "62.057.080.0", "NM_RUAS_UP": "MENAWI - SAUBEBA - YOBI", "NM_JBT_UPD": "SERUI 54 (WADAS)", "PROVINSI": "PAPUA PEGUNUNGAN (JAYAPURA)", "No_Prov_26": "62", "ID_Jbt_26": "6201561", "Kd_Ruas_26": "62057", "Suffix_26": null, "Nm_Ruas_26": "MENAWI - SAUBEBA - YOBI", "Lintas_26": "NON LINTAS", "No_Jbt_26": "62.057.080.0", "Nm_Jbt_26": "SERUI 54 (WADAS)", "Status_26": "N", "Fungsi_26": "K", "Lks_Dr_26": "SER", "Lks_km_26": 48.554, "F_STA_26": "4730", "Cadin_26": "MEN", "Pjg_Jbt_26": 30.0, "Btg_Pjg_26": 24.0, "Jml_Btg_26": "1", "Lb_Jl_Ms26": 4.0, "Lb_Jl_Kl26": 4.0, "Lb_Lalin26": 3.0, "Lb_Bh_Ki26": 0.0, "Lb_Bh_Ka26": 0.0, "Lb_Dr_Ki26": 0.0, "Lb_Dr_Ka26": 0.0, "Lb_Tr_Ki26": 0.0, "Lb_Tr_Ka26": 0.0, "Lb_TS_Ki26": 0.0, "Lb_TS_Ka26": 0.0, "Lb_Med_26": 0.0, "Lbr_Jbt_26": 3.0, "Bgn_Ats_26": "WXX", "Jns_Jbt_26": "STANDAR", "Thn_Bgn_26": "0", "BA_26": "0", "LNT_26": "0", "BB_26": "0", "DAS_26": "0", "OP_26": "0", "UT_26": "0", "GR_26": "0", "LB_26": "5", "JBT_26": "5", "Tp_Lnts_26": "SUNGAI", "Dt_Lnts_26": "LURUS", "Pnangnn_26": "DO NOTHING ( DO NOTHING)", "Pmriksn_26": "RUTIN", "Pnglola_26": "BBPJN PAPUA-PAPUA PEGUNUNGAN", "Satkr_ID26": "693941", "PPK_Name26": "3.2", "Traffic_26": null, "VCR_26": "0", "AADT_26": "11", "Tipe_Jb_26": null, "Lat_26": -1.708495, "Long_26": 136.47641, "Tgl_Ins_26": "01/06/2026", "Ket_26": null }, "geometry": { "type": "Point", "coordinates": [ 136.476410000121518, -1.708494999744403 ] } },
{ "type": "Feature", "properties": { "KDRUAS_UPD": "6205615", "NOJBT_UPD": "62.056.012.0.15", "NM_RUAS_UP": "JLN. KE MENAWI (SERUI)", "NM_JBT_UPD": "SERUI 8", "PROVINSI": "PAPUA PEGUNUNGAN (JAYAPURA)", "No_Prov_26": "62", "ID_Jbt_26": "6201388", "Kd_Ruas_26": "6205615", "Suffix_26": "15", "Nm_Ruas_26": "JLN. KE MENAWI (SERUI)", "Lintas_26": "NON LINTAS", "No_Jbt_26": "62.056.012.0.15", "Nm_Jbt_26": "SERUI 8", "Status_26": "N", "Fungsi_26": "K", "Lks_Dr_26": "SER", "Lks_km_26": 4.12, "F_STA_26": "390", "Cadin_26": "SER", "Pjg_Jbt_26": 16.0, "Btg_Pjg_26": 16.0, "Jml_Btg_26": "1", "Lb_Jl_Ms26": 6.5, "Lb_Jl_Kl26": 6.5, "Lb_Lalin26": 6.6, "Lb_Bh_Ki26": 0.39, "Lb_Bh_Ka26": 0.39, "Lb_Dr_Ki26": 0.0, "Lb_Dr_Ka26": 0.0, "Lb_Tr_Ki26": 0.0, "Lb_Tr_Ka26": 0.0, "Lb_TS_Ki26": 0.0, "Lb_TS_Ka26": 0.0, "Lb_Med_26": 0.0, "Lbr_Jbt_26": 7.38, "Bgn_Ats_26": "YBP", "Jns_Jbt_26": "STANDAR", "Thn_Bgn_26": "1990", "BA_26": "1", "LNT_26": "1", "BB_26": "0", "DAS_26": "2", "OP_26": "0", "UT_26": "0", "GR_26": "2", "LB_26": "0", "JBT_26": "2", "Tp_Lnts_26": "SUNGAI", "Dt_Lnts_26": "LURUS", "Pnangnn_26": "RUTIN", "Pmriksn_26": "TIDAK DISURVEI TA. 2026", "Pnglola_26": "BBPJN PAPUA-PAPUA PEGUNUNGAN", "Satkr_ID26": "693941", "PPK_Name26": "3.2", "Traffic_26": null, "VCR_26": "0", "AADT_26": "322", "Tipe_Jb_26": null, "Lat_26": -1.876382, "Long_26": 136.285431, "Tgl_Ins_26": "30/05/2025", "Ket_26": null }, "geometry": { "type": "Point", "coordinates": [ 136.285431000140647, -1.87638199962953 ] } },
{ "type": "Feature", "properties": { "KDRUAS_UPD": "62035", "NOJBT_UPD": "62.035.067.0", "NM_RUAS_UP": "NIMBOTONG - BONGGO", "NM_JBT_UPD": "SERUM/TESUWEY", "PROVINSI": "PAPUA PEGUNUNGAN (JAYAPURA)", "No_Prov_26": "62", "ID_Jbt_26": "6200534", "Kd_Ruas_26": "62035", "Suffix_26": null, "Nm_Ruas_26": "NIMBOTONG - BONGGO", "Lintas_26": "JALAN LINTAS UTARA", "No_Jbt_26": "62.035.067.0", "Nm_Jbt_26": "SERUM/TESUWEY", "Status_26": "N", "Fungsi_26": "K", "Lks_Dr_26": "JPR", "Lks_km_26": 72.406, "F_STA_26": "6290", "Cadin_26": "BGO", "Pjg_Jbt_26": 30.9, "Btg_Pjg_26": 30.0, "Jml_Btg_26": "1", "Lb_Jl_Ms26": 6.0, "Lb_Jl_Kl26": 6.0, "Lb_Lalin26": 7.0, "Lb_Bh_Ki26": 0.0, "Lb_Bh_Ka26": 0.0, "Lb_Dr_Ki26": 0.05, "Lb_Dr_Ka26": 0.05, "Lb_Tr_Ki26": 0.85, "Lb_Tr_Ka26": 0.82, "Lb_TS_Ki26": 0.0, "Lb_TS_Ka26": 0.0, "Lb_Med_26": 0.0, "Lbr_Jbt_26": 8.77, "Bgn_Ats_26": "GBP", "Jns_Jbt_26": "STANDAR", "Thn_Bgn_26": "2014", "BA_26": "2", "LNT_26": "2", "BB_26": "1", "DAS_26": "2", "OP_26": "0", "UT_26": "0", "GR_26": "0", "LB_26": "0", "JBT_26": "2", "Tp_Lnts_26": "SUNGAI", "Dt_Lnts_26": "LURUS", "Pnangnn_26": "RUTIN", "Pmriksn_26": "TIDAK DISURVEI TA. 2026", "Pnglola_26": "BBPJN PAPUA-PAPUA PEGUNUNGAN", "Satkr_ID26": "693940", "PPK_Name26": "1.2", "Traffic_26": null, "VCR_26": "0", "AADT_26": "205", "Tipe_Jb_26": null, "Lat_26": -2.387146, "Long_26": 139.7261, "Tgl_Ins_26": "20/06/2025", "Ket_26": null }, "geometry": { "type": "Point", "coordinates": [ 139.726073999715368, -2.387146000387588 ] } },
{ "type": "Feature", "properties": { "KDRUAS_UPD": "62005", "NOJBT_UPD": "62.005.177.0", "NM_RUAS_UP": "YETTI - SENGGI - MAMBERAMO II (STA 107+300 - 153+970/AKHIR", "NM_JBT_UPD": "SIBERI", "PROVINSI": "PAPUA PEGUNUNGAN (JAYAPURA)", "No_Prov_26": "62", "ID_Jbt_26": "6201838", "Kd_Ruas_26": "62005", "Suffix_26": "0", "Nm_Ruas_26": "YETTI - SENGGI - MAMBERAMO II (STA 107+300 - 153+970/AKHIR", "Lintas_26": "YETTI - SENGGI - MAMBERAMO", "No_Jbt_26": "62.005.177.0", "Nm_Jbt_26": "SIBERI", "Status_26": "N", "Fungsi_26": "A", "Lks_Dr_26": "JPR", "Lks_km_26": 150.03, "F_STA_26": "14610", "Cadin_26": "MBR", "Pjg_Jbt_26": 61.7, "Btg_Pjg_26": 60.0, "Jml_Btg_26": "1", "Lb_Jl_Ms26": 6.0, "Lb_Jl_Kl26": 6.0, "Lb_Lalin26": 5.85, "Lb_Bh_Ki26": 0.0, "Lb_Bh_Ka26": 0.0, "Lb_Dr_Ki26": 0.07, "Lb_Dr_Ka26": 0.0, "Lb_Tr_Ki26": 0.48, "Lb_Tr_Ka26": 0.48, "Lb_TS_Ki26": 0.0, "Lb_TS_Ka26": 0.0, "Lb_Med_26": 0.0, "Lbr_Jbt_26": 6.88, "Bgn_Ats_26": "RBA", "Jns_Jbt_26": "STANDAR", "Thn_Bgn_26": "2014", "BA_26": "3", "LNT_26": "2", "BB_26": "3", "DAS_26": "1", "OP_26": "2", "UT_26": "0", "GR_26": "0", "LB_26": "0", "JBT_26": "3", "Tp_Lnts_26": "SUNGAI", "Dt_Lnts_26": "LURUS", "Pnangnn_26": "REHABILITASI", "Pmriksn_26": "DETAIL", "Pnglola_26": "BBPJN PAPUA-PAPUA PEGUNUNGAN", "Satkr_ID26": "693965", "PPK_Name26": "2.4", "Traffic_26": null, "VCR_26": "0", "AADT_26": "98", "Tipe_Jb_26": null, "Lat_26": -3.665823, "Long_26": 140.168213, "Tgl_Ins_26": "29/05/2026", "Ket_26": null }, "geometry": { "type": "Point", "coordinates": [ 140.168212999630327, -3.665823000131297 ] } },
{ "type": "Feature", "properties": { "KDRUAS_UPD": "62005", "NOJBT_UPD": "62.005.179.0", "NM_RUAS_UP": "YETTI - SENGGI - MAMBERAMO II (STA 107+300 - 153+970/AKHIR", "NM_JBT_UPD": "SIBERI CS 2", "PROVINSI": "PAPUA PEGUNUNGAN (JAYAPURA)", "No_Prov_26": "62", "ID_Jbt_26": "6201840", "Kd_Ruas_26": "62005", "Suffix_26": "0", "Nm_Ruas_26": "YETTI - SENGGI - MAMBERAMO II (STA 107+300 - 153+970/AKHIR", "Lintas_26": "YETTI - SENGGI - MAMBERAMO", "No_Jbt_26": "62.005.179.0", "Nm_Jbt_26": "SIBERI CS 2", "Status_26": "N", "Fungsi_26": "A", "Lks_Dr_26": "JPR", "Lks_km_26": 151.33, "F_STA_26": "14680", "Cadin_26": "MBR", "Pjg_Jbt_26": 20.1, "Btg_Pjg_26": 19.7, "Jml_Btg_26": "1", "Lb_Jl_Ms26": 6.0, "Lb_Jl_Kl26": 6.0, "Lb_Lalin26": 6.57, "Lb_Bh_Ki26": 0.35, "Lb_Bh_Ka26": 0.51, "Lb_Dr_Ki26": 0.07, "Lb_Dr_Ka26": 0.0, "Lb_Tr_Ki26": 0.83, "Lb_Tr_Ka26": 0.8, "Lb_TS_Ki26": 0.4, "Lb_TS_Ka26": 0.4, "Lb_Med_26": 0.0, "Lbr_Jbt_26": 9.93, "Bgn_Ats_26": "GBP", "Jns_Jbt_26": "STANDAR", "Thn_Bgn_26": "2023", "BA_26": "2", "LNT_26": "2", "BB_26": "2", "DAS_26": "0", "OP_26": "0", "UT_26": "0", "GR_26": "0", "LB_26": "0", "JBT_26": "2", "Tp_Lnts_26": "SUNGAI", "Dt_Lnts_26": "LURUS", "Pnangnn_26": "RUTIN", "Pmriksn_26": "DETAIL", "Pnglola_26": "BBPJN PAPUA-PAPUA PEGUNUNGAN", "Satkr_ID26": "693965", "PPK_Name26": "2.4", "Traffic_26": null, "VCR_26": "0", "AADT_26": "98", "Tipe_Jb_26": null, "Lat_26": -3.66315, "Long_26": 140.162418, "Tgl_Ins_26": "29/05/2026", "Ket_26": null }, "geometry": { "type": "Point", "coordinates": [ 140.162418000390517, -3.663150000072392 ] } },
{ "type": "Feature", "properties": { "KDRUAS_UPD": "62005", "NOJBT_UPD": "62.005.181.0", "NM_RUAS_UP": "YETTI - SENGGI - MAMBERAMO II (STA 107+300 - 153+970/AKHIR", "NM_JBT_UPD": "SIBERI CS 4", "PROVINSI": "PAPUA PEGUNUNGAN (JAYAPURA)", "No_Prov_26": "62", "ID_Jbt_26": "6201842", "Kd_Ruas_26": "62005", "Suffix_26": "0", "Nm_Ruas_26": "YETTI - SENGGI - MAMBERAMO II (STA 107+300 - 153+970/AKHIR", "Lintas_26": "YETTI - SENGGI - MAMBERAMO", "No_Jbt_26": "62.005.181.0", "Nm_Jbt_26": "SIBERI CS 4", "Status_26": "N", "Fungsi_26": "A", "Lks_Dr_26": "JPR", "Lks_km_26": 151.68, "F_STA_26": "14760", "Cadin_26": "MBR", "Pjg_Jbt_26": 20.68, "Btg_Pjg_26": 20.2, "Jml_Btg_26": "1", "Lb_Jl_Ms26": 6.0, "Lb_Jl_Kl26": 6.0, "Lb_Lalin26": 6.57, "Lb_Bh_Ki26": 0.34, "Lb_Bh_Ka26": 0.45, "Lb_Dr_Ki26": 0.06, "Lb_Dr_Ka26": 0.08, "Lb_Tr_Ki26": 0.87, "Lb_Tr_Ka26": 0.91, "Lb_TS_Ki26": 0.35, "Lb_TS_Ka26": 0.33, "Lb_Med_26": 0.0, "Lbr_Jbt_26": 9.96, "Bgn_Ats_26": "GBP", "Jns_Jbt_26": "STANDAR", "Thn_Bgn_26": "2023", "BA_26": "2", "LNT_26": "2", "BB_26": "1", "DAS_26": "0", "OP_26": "0", "UT_26": "0", "GR_26": "0", "LB_26": "0", "JBT_26": "2", "Tp_Lnts_26": "SUNGAI", "Dt_Lnts_26": "LURUS", "Pnangnn_26": "RUTIN", "Pmriksn_26": "DETAIL", "Pnglola_26": "BBPJN PAPUA-PAPUA PEGUNUNGAN", "Satkr_ID26": "693965", "PPK_Name26": "2.4", "Traffic_26": null, "VCR_26": "0", "AADT_26": "98", "Tipe_Jb_26": null, "Lat_26": -3.665568, "Long_26": 140.156509, "Tgl_Ins_26": "29/05/2026", "Ket_26": null }, "geometry": { "type": "Point", "coordinates": [ 140.156509000390088, -3.665568000063104 ] } },
{ "type": "Feature", "properties": { "KDRUAS_UPD": "62005", "NOJBT_UPD": "62.005.183.0", "NM_RUAS_UP": "YETTI - SENGGI - MAMBERAMO II (STA 107+300 - 153+970/AKHIR", "NM_JBT_UPD": "SIBERI CS 6", "PROVINSI": "PAPUA PEGUNUNGAN (JAYAPURA)", "No_Prov_26": "62", "ID_Jbt_26": "6201844", "Kd_Ruas_26": "62005", "Suffix_26": "0", "Nm_Ruas_26": "YETTI - SENGGI - MAMBERAMO II (STA 107+300 - 153+970/AKHIR", "Lintas_26": "YETTI - SENGGI - MAMBERAMO", "No_Jbt_26": "62.005.183.0", "Nm_Jbt_26": "SIBERI CS 6", "Status_26": "N", "Fungsi_26": "A", "Lks_Dr_26": "JPR", "Lks_km_26": 153.52, "F_STA_26": "14940", "Cadin_26": "MBR", "Pjg_Jbt_26": 30.95, "Btg_Pjg_26": 30.35, "Jml_Btg_26": "1", "Lb_Jl_Ms26": 6.0, "Lb_Jl_Kl26": 6.0, "Lb_Lalin26": 6.6, "Lb_Bh_Ki26": 0.26, "Lb_Bh_Ka26": 0.37, "Lb_Dr_Ki26": 0.07, "Lb_Dr_Ka26": 0.09, "Lb_Tr_Ki26": 0.91, "Lb_Tr_Ka26": 0.89, "Lb_TS_Ki26": 0.3, "Lb_TS_Ka26": 0.29, "Lb_Med_26": 0.0, "Lbr_Jbt_26": 9.78, "Bgn_Ats_26": "GBP", "Jns_Jbt_26": "STANDAR", "Thn_Bgn_26": "2023", "BA_26": "2", "LNT_26": "2", "BB_26": "1", "DAS_26": "2", "OP_26": "0", "UT_26": "0", "GR_26": "0", "LB_26": "0", "JBT_26": "2", "Tp_Lnts_26": "SUNGAI", "Dt_Lnts_26": "LURUS", "Pnangnn_26": "RUTIN", "Pmriksn_26": "DETAIL", "Pnglola_26": "BBPJN PAPUA-PAPUA PEGUNUNGAN", "Satkr_ID26": "693965", "PPK_Name26": "2.4", "Traffic_26": null, "VCR_26": "0", "AADT_26": "98", "Tipe_Jb_26": null, "Lat_26": -3.674577, "Long_26": 140.146408, "Tgl_Ins_26": "29/05/2026", "Ket_26": null }, "geometry": { "type": "Point", "coordinates": [ 140.146408000428892, -3.674577000028478 ] } },
{ "type": "Feature", "properties": { "KDRUAS_UPD": "62005", "NOJBT_UPD": "62.005.184.0", "NM_RUAS_UP": "YETTI - SENGGI - MAMBERAMO II (STA 107+300 - 153+970/AKHIR", "NM_JBT_UPD": "SIBERI CS 7", "PROVINSI": "PAPUA PEGUNUNGAN (JAYAPURA)", "No_Prov_26": "62", "ID_Jbt_26": "6201845", "Kd_Ruas_26": "62005", "Suffix_26": "0", "Nm_Ruas_26": "YETTI - SENGGI - MAMBERAMO II (STA 107+300 - 153+970/AKHIR", "Lintas_26": "YETTI - SENGGI - MAMBERAMO", "No_Jbt_26": "62.005.184.0", "Nm_Jbt_26": "SIBERI CS 7", "Status_26": "N", "Fungsi_26": "A", "Lks_Dr_26": "JPR", "Lks_km_26": 153.87, "F_STA_26": "14970", "Cadin_26": "MBR", "Pjg_Jbt_26": 16.4, "Btg_Pjg_26": 16.0, "Jml_Btg_26": "1", "Lb_Jl_Ms26": 6.0, "Lb_Jl_Kl26": 6.0, "Lb_Lalin26": 2.25, "Lb_Bh_Ki26": 0.0, "Lb_Bh_Ka26": 0.0, "Lb_Dr_Ki26": 0.0, "Lb_Dr_Ka26": 0.0, "Lb_Tr_Ki26": 0.2, "Lb_Tr_Ka26": 0.22, "Lb_TS_Ki26": 0.0, "Lb_TS_Ka26": 0.0, "Lb_Med_26": 0.0, "Lbr_Jbt_26": 2.67, "Bgn_Ats_26": "GKW", "Jns_Jbt_26": "STANDAR", "Thn_Bgn_26": "2014", "BA_26": "4", "LNT_26": "3", "BB_26": "3", "DAS_26": "1", "OP_26": "0", "UT_26": "0", "GR_26": "0", "LB_26": "0", "JBT_26": "4", "Tp_Lnts_26": "SUNGAI", "Dt_Lnts_26": "LURUS", "Pnangnn_26": "PENGGANTIAN", "Pmriksn_26": "RUTIN", "Pnglola_26": "BBPJN PAPUA-PAPUA PEGUNUNGAN", "Satkr_ID26": "693965", "PPK_Name26": "2.4", "Traffic_26": null, "VCR_26": "0", "AADT_26": "98", "Tipe_Jb_26": null, "Lat_26": -3.676076, "Long_26": 140.143738, "Tgl_Ins_26": "18/06/2025", "Ket_26": null }, "geometry": { "type": "Point", "coordinates": [ 140.143737999609016, -3.676075999907425 ] } },
{ "type": "Feature", "properties": { "KDRUAS_UPD": "62005", "NOJBT_UPD": "62.005.082.0", "NM_RUAS_UP": "YETTI - SENGGI - MAMBERAMO I (STA 0+000 - 107+300)", "NM_JBT_UPD": "SINTA I", "PROVINSI": "PAPUA PEGUNUNGAN (JAYAPURA)", "No_Prov_26": "62", "ID_Jbt_26": "6200751", "Kd_Ruas_26": "62005", "Suffix_26": "0", "Nm_Ruas_26": "YETTI - SENGGI - MAMBERAMO I (STA 0+000 - 107+300)", "Lintas_26": "YETTI - SENGGI - MAMBERAMO", "No_Jbt_26": "62.005.082.0", "Nm_Jbt_26": "SINTA I", "Status_26": "N", "Fungsi_26": "A", "Lks_Dr_26": "JPR", "Lks_km_26": 86.087, "F_STA_26": "8390", "Cadin_26": null, "Pjg_Jbt_26": 30.5, "Btg_Pjg_26": 30.0, "Jml_Btg_26": "1", "Lb_Jl_Ms26": 6.0, "Lb_Jl_Kl26": 6.0, "Lb_Lalin26": 7.22, "Lb_Bh_Ki26": 0.0, "Lb_Bh_Ka26": 0.0, "Lb_Dr_Ki26": 0.0, "Lb_Dr_Ka26": 0.0, "Lb_Tr_Ki26": 0.86, "Lb_Tr_Ka26": 0.86, "Lb_TS_Ki26": 0.31, "Lb_TS_Ka26": 0.33, "Lb_Med_26": 0.0, "Lbr_Jbt_26": 9.58, "Bgn_Ats_26": "GBP", "Jns_Jbt_26": "STANDAR", "Thn_Bgn_26": "2019", "BA_26": "2", "LNT_26": "2", "BB_26": "2", "DAS_26": "2", "OP_26": "0", "UT_26": "0", "GR_26": "0", "LB_26": "0", "JBT_26": "2", "Tp_Lnts_26": "SUNGAI", "Dt_Lnts_26": "LURUS", "Pnangnn_26": "RUTIN", "Pmriksn_26": "DETAIL", "Pnglola_26": "BBPJN PAPUA-PAPUA PEGUNUNGAN", "Satkr_ID26": "693965", "PPK_Name26": "2.3", "Traffic_26": null, "VCR_26": "0", "AADT_26": "98", "Tipe_Jb_26": null, "Lat_26": -3.668108, "Long_26": 140.488052, "Tgl_Ins_26": "27/06/2026", "Ket_26": null }, "geometry": { "type": "Point", "coordinates": [ 140.488052000199673, -3.668108000283951 ] } },
{ "type": "Feature", "properties": { "KDRUAS_UPD": "62005", "NOJBT_UPD": "62.005.090.0", "NM_RUAS_UP": "YETTI - SENGGI - MAMBERAMO I (STA 0+000 - 107+300)", "NM_JBT_UPD": "SINTA IX", "PROVINSI": "PAPUA PEGUNUNGAN (JAYAPURA)", "No_Prov_26": "62", "ID_Jbt_26": "6202095", "Kd_Ruas_26": "62005", "Suffix_26": "0", "Nm_Ruas_26": "YETTI - SENGGI - MAMBERAMO I (STA 0+000 - 107+300)", "Lintas_26": "YETTI - SENGGI - MAMBERAMO", "No_Jbt_26": "62.005.090.0", "Nm_Jbt_26": "SINTA IX", "Status_26": "N", "Fungsi_26": "A", "Lks_Dr_26": "JPR", "Lks_km_26": 89.821, "F_STA_26": "8760", "Cadin_26": "MBR", "Pjg_Jbt_26": 10.3, "Btg_Pjg_26": 3.0, "Jml_Btg_26": "2", "Lb_Jl_Ms26": 6.0, "Lb_Jl_Kl26": 6.0, "Lb_Lalin26": 5.0, "Lb_Bh_Ki26": 1.25, "Lb_Bh_Ka26": 0.87, "Lb_Dr_Ki26": 0.0, "Lb_Dr_Ka26": 0.0, "Lb_Tr_Ki26": 1.5, "Lb_Tr_Ka26": 1.46, "Lb_TS_Ki26": 0.0, "Lb_TS_Ka26": 0.0, "Lb_Med_26": 0.0, "Lbr_Jbt_26": 10.08, "Bgn_Ats_26": "BTP", "Jns_Jbt_26": "STANDAR", "Thn_Bgn_26": "2002", "BA_26": "0", "LNT_26": "0", "BB_26": "0", "DAS_26": "0", "OP_26": "0", "UT_26": "0", "GR_26": "2", "LB_26": "0", "JBT_26": "2", "Tp_Lnts_26": "SUNGAI", "Dt_Lnts_26": "LURUS", "Pnangnn_26": "RUTIN", "Pmriksn_26": "DETAIL", "Pnglola_26": "BBPJN PAPUA-PAPUA PEGUNUNGAN", "Satkr_ID26": "693965", "PPK_Name26": "2.3", "Traffic_26": null, "VCR_26": "0", "AADT_26": "98", "Tipe_Jb_26": null, "Lat_26": -3.688827, "Long_26": 140.476608, "Tgl_Ins_26": "27/06/2026", "Ket_26": null }, "geometry": { "type": "Point", "coordinates": [ 140.476608000358965, -3.688826999766206 ] } },
{ "type": "Feature", "properties": { "KDRUAS_UPD": "62005", "NOJBT_UPD": "62.005.087.0", "NM_RUAS_UP": "YETTI - SENGGI - MAMBERAMO I (STA 0+000 - 107+300)", "NM_JBT_UPD": "SINTA VI", "PROVINSI": "PAPUA PEGUNUNGAN (JAYAPURA)", "No_Prov_26": "62", "ID_Jbt_26": "6200857", "Kd_Ruas_26": "62005", "Suffix_26": "0", "Nm_Ruas_26": "YETTI - SENGGI - MAMBERAMO I (STA 0+000 - 107+300)", "Lintas_26": "YETTI - SENGGI - MAMBERAMO", "No_Jbt_26": "62.005.087.0", "Nm_Jbt_26": "SINTA VI", "Status_26": "N", "Fungsi_26": "A", "Lks_Dr_26": "JPR", "Lks_km_26": 88.629, "F_STA_26": "8640", "Cadin_26": "MBR", "Pjg_Jbt_26": 9.2, "Btg_Pjg_26": 10.0, "Jml_Btg_26": "1", "Lb_Jl_Ms26": 6.0, "Lb_Jl_Kl26": 6.0, "Lb_Lalin26": 3.4, "Lb_Bh_Ki26": 0.0, "Lb_Bh_Ka26": 0.0, "Lb_Dr_Ki26": 0.0, "Lb_Dr_Ka26": 0.0, "Lb_Tr_Ki26": 0.0, "Lb_Tr_Ka26": 0.0, "Lb_TS_Ki26": 0.0, "Lb_TS_Ka26": 0.0, "Lb_Med_26": 0.0, "Lbr_Jbt_26": 3.4, "Bgn_Ats_26": "GKW", "Jns_Jbt_26": "STANDAR", "Thn_Bgn_26": "2002", "BA_26": "4", "LNT_26": "0", "BB_26": "0", "DAS_26": "1", "OP_26": "0", "UT_26": "0", "GR_26": "0", "LB_26": "0", "JBT_26": "4", "Tp_Lnts_26": "SUNGAI", "Dt_Lnts_26": "LURUS", "Pnangnn_26": "MYC JEMBATAN (PENGGANTIAN)", "Pmriksn_26": "RUTIN", "Pnglola_26": "BBPJN PAPUA-PAPUA PEGUNUNGAN", "Satkr_ID26": "693965", "PPK_Name26": "2.3", "Traffic_26": null, "VCR_26": "0", "AADT_26": "98", "Tipe_Jb_26": null, "Lat_26": -3.686417, "Long_26": 140.485245, "Tgl_Ins_26": "13/06/2025", "Ket_26": null }, "geometry": { "type": "Point", "coordinates": [ 140.485245000256668, -3.686417000144388 ] } },
{ "type": "Feature", "properties": { "KDRUAS_UPD": "62005", "NOJBT_UPD": "62.005.088.0", "NM_RUAS_UP": "YETTI - SENGGI - MAMBERAMO I (STA 0+000 - 107+300)", "NM_JBT_UPD": "SINTA VII", "PROVINSI": "PAPUA PEGUNUNGAN (JAYAPURA)", "No_Prov_26": "62", "ID_Jbt_26": "6200858", "Kd_Ruas_26": "62005", "Suffix_26": "0", "Nm_Ruas_26": "YETTI - SENGGI - MAMBERAMO I (STA 0+000 - 107+300)", "Lintas_26": "YETTI - SENGGI - MAMBERAMO", "No_Jbt_26": "62.005.088.0", "Nm_Jbt_26": "SINTA VII", "Status_26": "N", "Fungsi_26": "A", "Lks_Dr_26": "JPR", "Lks_km_26": 89.302, "F_STA_26": "8710", "Cadin_26": "MBR", "Pjg_Jbt_26": 13.5, "Btg_Pjg_26": 3.0, "Jml_Btg_26": "2", "Lb_Jl_Ms26": 6.0, "Lb_Jl_Kl26": 6.0, "Lb_Lalin26": 4.2, "Lb_Bh_Ki26": 0.0, "Lb_Bh_Ka26": 0.0, "Lb_Dr_Ki26": 0.0, "Lb_Dr_Ka26": 0.0, "Lb_Tr_Ki26": 0.0, "Lb_Tr_Ka26": 0.0, "Lb_TS_Ki26": 0.0, "Lb_TS_Ka26": 0.0, "Lb_Med_26": 0.0, "Lbr_Jbt_26": 4.2, "Bgn_Ats_26": "BTP", "Jns_Jbt_26": "STANDAR", "Thn_Bgn_26": "2002", "BA_26": "0", "LNT_26": "0", "BB_26": "0", "DAS_26": "1", "OP_26": "0", "UT_26": "1", "GR_26": "0", "LB_26": "0", "JBT_26": "1", "Tp_Lnts_26": "SUNGAI", "Dt_Lnts_26": "LURUS", "Pnangnn_26": "RUTIN", "Pmriksn_26": "TIDAK DISURVEI TA. 2026", "Pnglola_26": "BBPJN PAPUA-PAPUA PEGUNUNGAN", "Satkr_ID26": "693965", "PPK_Name26": "2.3", "Traffic_26": null, "VCR_26": "0", "AADT_26": "98", "Tipe_Jb_26": null, "Lat_26": -3.686731, "Long_26": 140.479996, "Tgl_Ins_26": "01/04/2024", "Ket_26": null }, "geometry": { "type": "Point", "coordinates": [ 140.47999600011542, -3.686731000235397 ] } },
{ "type": "Feature", "properties": { "KDRUAS_UPD": "62005", "NOJBT_UPD": "62.005.089.0", "NM_RUAS_UP": "YETTI - SENGGI - MAMBERAMO I (STA 0+000 - 107+300)", "NM_JBT_UPD": "SINTA VIII", "PROVINSI": "PAPUA PEGUNUNGAN (JAYAPURA)", "No_Prov_26": "62", "ID_Jbt_26": "6202094", "Kd_Ruas_26": "62005", "Suffix_26": "0", "Nm_Ruas_26": "YETTI - SENGGI - MAMBERAMO I (STA 0+000 - 107+300)", "Lintas_26": "YETTI - SENGGI - MAMBERAMO", "No_Jbt_26": "62.005.089.0", "Nm_Jbt_26": "SINTA VIII", "Status_26": "N", "Fungsi_26": "A", "Lks_Dr_26": "JPR", "Lks_km_26": 89.642, "F_STA_26": "8740", "Cadin_26": "MBR", "Pjg_Jbt_26": 6.0, "Btg_Pjg_26": 3.0, "Jml_Btg_26": "2", "Lb_Jl_Ms26": 6.0, "Lb_Jl_Kl26": 6.0, "Lb_Lalin26": 6.0, "Lb_Bh_Ki26": 2.8, "Lb_Bh_Ka26": 1.9, "Lb_Dr_Ki26": 0.0, "Lb_Dr_Ka26": 0.0, "Lb_Tr_Ki26": 0.0, "Lb_Tr_Ka26": 0.0, "Lb_TS_Ki26": 0.43, "Lb_TS_Ka26": 0.42, "Lb_Med_26": 0.0, "Lbr_Jbt_26": 11.55, "Bgn_Ats_26": "BTP", "Jns_Jbt_26": "STANDAR", "Thn_Bgn_26": "2015", "BA_26": "0", "LNT_26": "0", "BB_26": "0", "DAS_26": "0", "OP_26": "0", "UT_26": "0", "GR_26": "2", "LB_26": "0", "JBT_26": "2", "Tp_Lnts_26": "SUNGAI", "Dt_Lnts_26": "LURUS", "Pnangnn_26": "RUTIN", "Pmriksn_26": "DETAIL", "Pnglola_26": "BBPJN PAPUA-PAPUA PEGUNUNGAN", "Satkr_ID26": "693965", "PPK_Name26": "2.3", "Traffic_26": null, "VCR_26": "0", "AADT_26": "98", "Tipe_Jb_26": null, "Lat_26": -3.687652, "Long_26": 140.477448, "Tgl_Ins_26": "27/05/2026", "Ket_26": null }, "geometry": { "type": "Point", "coordinates": [ 140.477448000424943, -3.687652000439414 ] } },
{ "type": "Feature", "properties": { "KDRUAS_UPD": "62005", "NOJBT_UPD": "62.005.091.0", "NM_RUAS_UP": "YETTI - SENGGI - MAMBERAMO I (STA 0+000 - 107+300)", "NM_JBT_UPD": "SINTA X", "PROVINSI": "PAPUA PEGUNUNGAN (JAYAPURA)", "No_Prov_26": "62", "ID_Jbt_26": "6202096", "Kd_Ruas_26": "62005", "Suffix_26": "0", "Nm_Ruas_26": "YETTI - SENGGI - MAMBERAMO I (STA 0+000 - 107+300)", "Lintas_26": "YETTI - SENGGI - MAMBERAMO", "No_Jbt_26": "62.005.091.0", "Nm_Jbt_26": "SINTA X", "Status_26": "N", "Fungsi_26": "A", "Lks_Dr_26": "JPR", "Lks_km_26": 90.004, "F_STA_26": "8770", "Cadin_26": "MBR", "Pjg_Jbt_26": 9.1, "Btg_Pjg_26": 3.0, "Jml_Btg_26": "2", "Lb_Jl_Ms26": 6.0, "Lb_Jl_Kl26": 6.0, "Lb_Lalin26": 5.03, "Lb_Bh_Ki26": 1.01, "Lb_Bh_Ka26": 0.96, "Lb_Dr_Ki26": 0.0, "Lb_Dr_Ka26": 0.0, "Lb_Tr_Ki26": 1.48, "Lb_Tr_Ka26": 1.44, "Lb_TS_Ki26": 0.0, "Lb_TS_Ka26": 0.0, "Lb_Med_26": 0.0, "Lbr_Jbt_26": 9.92, "Bgn_Ats_26": "BTP", "Jns_Jbt_26": "STANDAR", "Thn_Bgn_26": "2002", "BA_26": "1", "LNT_26": "0", "BB_26": "0", "DAS_26": "0", "OP_26": "1", "UT_26": "0", "GR_26": "2", "LB_26": "0", "JBT_26": "2", "Tp_Lnts_26": "SUNGAI", "Dt_Lnts_26": "LURUS", "Pnangnn_26": "RUTIN", "Pmriksn_26": "DETAIL", "Pnglola_26": "BBPJN PAPUA-PAPUA PEGUNUNGAN", "Satkr_ID26": "693965", "PPK_Name26": "2.3", "Traffic_26": null, "VCR_26": "0", "AADT_26": "98", "Tipe_Jb_26": null, "Lat_26": -3.689655, "Long_26": 140.475372, "Tgl_Ins_26": "25/06/2026", "Ket_26": null }, "geometry": { "type": "Point", "coordinates": [ 140.475372000017842, -3.68965500017805 ] } },
{ "type": "Feature", "properties": { "KDRUAS_UPD": "62005", "NOJBT_UPD": "62.005.092.0", "NM_RUAS_UP": "YETTI - SENGGI - MAMBERAMO I (STA 0+000 - 107+300)", "NM_JBT_UPD": "SINTA X-A", "PROVINSI": "PAPUA PEGUNUNGAN (JAYAPURA)", "No_Prov_26": "62", "ID_Jbt_26": "6202097", "Kd_Ruas_26": "62005", "Suffix_26": "0", "Nm_Ruas_26": "YETTI - SENGGI - MAMBERAMO I (STA 0+000 - 107+300)", "Lintas_26": "YETTI - SENGGI - MAMBERAMO", "No_Jbt_26": "62.005.092.0", "Nm_Jbt_26": "SINTA X-A", "Status_26": "N", "Fungsi_26": "A", "Lks_Dr_26": "JPR", "Lks_km_26": 90.188, "F_STA_26": "8790", "Cadin_26": "MBR", "Pjg_Jbt_26": 6.5, "Btg_Pjg_26": 3.0, "Jml_Btg_26": "1", "Lb_Jl_Ms26": 6.0, "Lb_Jl_Kl26": 6.0, "Lb_Lalin26": 3.6, "Lb_Bh_Ki26": 0.0, "Lb_Bh_Ka26": 0.0, "Lb_Dr_Ki26": 0.0, "Lb_Dr_Ka26": 0.0, "Lb_Tr_Ki26": 0.0, "Lb_Tr_Ka26": 0.0, "Lb_TS_Ki26": 0.0, "Lb_TS_Ka26": 0.0, "Lb_Med_26": 0.0, "Lbr_Jbt_26": 3.6, "Bgn_Ats_26": "GKW", "Jns_Jbt_26": "STANDAR", "Thn_Bgn_26": "2002", "BA_26": "5", "LNT_26": "0", "BB_26": "0", "DAS_26": "2", "OP_26": "0", "UT_26": "0", "GR_26": "0", "LB_26": "0", "JBT_26": "5", "Tp_Lnts_26": "SUNGAI", "Dt_Lnts_26": "LURUS", "Pnangnn_26": "MYC JEMBATAN (PENGGANTIAN)", "Pmriksn_26": "RUTIN", "Pnglola_26": "BBPJN PAPUA-PAPUA PEGUNUNGAN", "Satkr_ID26": "693965", "PPK_Name26": "2.3", "Traffic_26": null, "VCR_26": "0", "AADT_26": "98", "Tipe_Jb_26": null, "Lat_26": -3.691208, "Long_26": 140.474777, "Tgl_Ins_26": "13/06/2025", "Ket_26": null }, "geometry": { "type": "Point", "coordinates": [ 140.474776999558912, -3.691207999849269 ] } },
{ "type": "Feature", "properties": { "KDRUAS_UPD": "62005", "NOJBT_UPD": "62.005.094.0", "NM_RUAS_UP": "YETTI - SENGGI - MAMBERAMO I (STA 0+000 - 107+300)", "NM_JBT_UPD": "SINTA XI", "PROVINSI": "PAPUA PEGUNUNGAN (JAYAPURA)", "No_Prov_26": "62", "ID_Jbt_26": "6202099", "Kd_Ruas_26": "62005", "Suffix_26": "0", "Nm_Ruas_26": "YETTI - SENGGI - MAMBERAMO I (STA 0+000 - 107+300)", "Lintas_26": "YETTI - SENGGI - MAMBERAMO", "No_Jbt_26": "62.005.094.0", "Nm_Jbt_26": "SINTA XI", "Status_26": "N", "Fungsi_26": "A", "Lks_Dr_26": "JPR", "Lks_km_26": 90.939, "F_STA_26": "8860", "Cadin_26": "MBR", "Pjg_Jbt_26": 27.15, "Btg_Pjg_26": 26.7, "Jml_Btg_26": "1", "Lb_Jl_Ms26": 6.0, "Lb_Jl_Kl26": 6.0, "Lb_Lalin26": 4.4, "Lb_Bh_Ki26": 0.0, "Lb_Bh_Ka26": 0.0, "Lb_Dr_Ki26": 0.0, "Lb_Dr_Ka26": 0.0, "Lb_Tr_Ki26": 0.0, "Lb_Tr_Ka26": 0.0, "Lb_TS_Ki26": 0.0, "Lb_TS_Ka26": 0.0, "Lb_Med_26": 0.0, "Lbr_Jbt_26": 4.4, "Bgn_Ats_26": "RBW", "Jns_Jbt_26": "STANDAR", "Thn_Bgn_26": "2023", "BA_26": "3", "LNT_26": "2", "BB_26": "0", "DAS_26": "0", "OP_26": "0", "UT_26": "0", "GR_26": "0", "LB_26": "0", "JBT_26": "3", "Tp_Lnts_26": "SUNGAI", "Dt_Lnts_26": "LURUS", "Pnangnn_26": "RUTIN", "Pmriksn_26": "INVENTARIS & DETAIL", "Pnglola_26": "BBPJN PAPUA-PAPUA PEGUNUNGAN", "Satkr_ID26": "693965", "PPK_Name26": "2.3", "Traffic_26": null, "VCR_26": "0", "AADT_26": "98", "Tipe_Jb_26": null, "Lat_26": -3.694306, "Long_26": 140.470306, "Tgl_Ins_26": "25/06/2026", "Ket_26": null }, "geometry": { "type": "Point", "coordinates": [ 140.470306000221854, -3.694305999722076 ] } },
{ "type": "Feature", "properties": { "KDRUAS_UPD": "62005", "NOJBT_UPD": "62.005.095.0", "NM_RUAS_UP": "YETTI - SENGGI - MAMBERAMO I (STA 0+000 - 107+300)", "NM_JBT_UPD": "SINTA XII", "PROVINSI": "PAPUA PEGUNUNGAN (JAYAPURA)", "No_Prov_26": "62", "ID_Jbt_26": "6202100", "Kd_Ruas_26": "62005", "Suffix_26": "0", "Nm_Ruas_26": "YETTI - SENGGI - MAMBERAMO I (STA 0+000 - 107+300)", "Lintas_26": "YETTI - SENGGI - MAMBERAMO", "No_Jbt_26": "62.005.095.0", "Nm_Jbt_26": "SINTA XII", "Status_26": "N", "Fungsi_26": "A", "Lks_Dr_26": "JPR", "Lks_km_26": 90.989, "F_STA_26": "8870", "Cadin_26": "MBR", "Pjg_Jbt_26": 14.6, "Btg_Pjg_26": 12.6, "Jml_Btg_26": "1", "Lb_Jl_Ms26": 6.0, "Lb_Jl_Kl26": 6.0, "Lb_Lalin26": 2.26, "Lb_Bh_Ki26": 0.0, "Lb_Bh_Ka26": 0.0, "Lb_Dr_Ki26": 0.0, "Lb_Dr_Ka26": 0.0, "Lb_Tr_Ki26": 0.2, "Lb_Tr_Ka26": 0.22, "Lb_TS_Ki26": 0.0, "Lb_TS_Ka26": 0.0, "Lb_Med_26": 0.0, "Lbr_Jbt_26": 2.68, "Bgn_Ats_26": "GKW", "Jns_Jbt_26": "STANDAR", "Thn_Bgn_26": "2002", "BA_26": "4", "LNT_26": "3", "BB_26": "0", "DAS_26": "1", "OP_26": "0", "UT_26": "0", "GR_26": "0", "LB_26": "0", "JBT_26": "4", "Tp_Lnts_26": "SUNGAI", "Dt_Lnts_26": "LURUS", "Pnangnn_26": "MYC JEMBATAN (PENGGANTIAN)", "Pmriksn_26": "RUTIN", "Pnglola_26": "BBPJN PAPUA-PAPUA PEGUNUNGAN", "Satkr_ID26": "693965", "PPK_Name26": "2.3", "Traffic_26": null, "VCR_26": "0", "AADT_26": "98", "Tipe_Jb_26": null, "Lat_26": -3.695056, "Long_26": 140.469208, "Tgl_Ins_26": "13/06/2025", "Ket_26": null }, "geometry": { "type": "Point", "coordinates": [ 140.469207999949276, -3.69505600013423 ] } },
{ "type": "Feature", "properties": { "KDRUAS_UPD": "62005", "NOJBT_UPD": "62.005.096.0", "NM_RUAS_UP": "YETTI - SENGGI - MAMBERAMO I (STA 0+000 - 107+300)", "NM_JBT_UPD": "SINTA XIII", "PROVINSI": "PAPUA PEGUNUNGAN (JAYAPURA)", "No_Prov_26": "62", "ID_Jbt_26": "6202101", "Kd_Ruas_26": "62005", "Suffix_26": "0", "Nm_Ruas_26": "YETTI - SENGGI - MAMBERAMO I (STA 0+000 - 107+300)", "Lintas_26": "YETTI - SENGGI - MAMBERAMO", "No_Jbt_26": "62.005.096.0", "Nm_Jbt_26": "SINTA XIII", "Status_26": "N", "Fungsi_26": "A", "Lks_Dr_26": "JPR", "Lks_km_26": 91.331, "F_STA_26": "8910", "Cadin_26": "MBR", "Pjg_Jbt_26": 14.0, "Btg_Pjg_26": 13.65, "Jml_Btg_26": "1", "Lb_Jl_Ms26": 6.0, "Lb_Jl_Kl26": 6.0, "Lb_Lalin26": 2.1, "Lb_Bh_Ki26": 0.0, "Lb_Bh_Ka26": 0.0, "Lb_Dr_Ki26": 0.0, "Lb_Dr_Ka26": 0.0, "Lb_Tr_Ki26": 0.2, "Lb_Tr_Ka26": 0.2, "Lb_TS_Ki26": 0.0, "Lb_TS_Ka26": 0.0, "Lb_Med_26": 0.0, "Lbr_Jbt_26": 2.5, "Bgn_Ats_26": "GKW", "Jns_Jbt_26": "STANDAR", "Thn_Bgn_26": "2002", "BA_26": "4", "LNT_26": "3", "BB_26": "0", "DAS_26": "2", "OP_26": "0", "UT_26": "0", "GR_26": "0", "LB_26": "0", "JBT_26": "4", "Tp_Lnts_26": "SUNGAI", "Dt_Lnts_26": "LURUS", "Pnangnn_26": "MYC JEMBATAN (PENGGANTIAN)", "Pmriksn_26": "RUTIN", "Pnglola_26": "BBPJN PAPUA-PAPUA PEGUNUNGAN", "Satkr_ID26": "693965", "PPK_Name26": "2.3", "Traffic_26": null, "VCR_26": "0", "AADT_26": "98", "Tipe_Jb_26": null, "Lat_26": -3.697372, "Long_26": 140.469101, "Tgl_Ins_26": "13/06/2025", "Ket_26": null }, "geometry": { "type": "Point", "coordinates": [ 140.469101000410888, -3.697371999917834 ] } },
{ "type": "Feature", "properties": { "KDRUAS_UPD": "62005", "NOJBT_UPD": "62.005.103.0", "NM_RUAS_UP": "YETTI - SENGGI - MAMBERAMO I (STA 0+000 - 107+300)", "NM_JBT_UPD": "SINTA XIX", "PROVINSI": "PAPUA PEGUNUNGAN (JAYAPURA)", "No_Prov_26": "62", "ID_Jbt_26": "6200860", "Kd_Ruas_26": "62005", "Suffix_26": "0", "Nm_Ruas_26": "YETTI - SENGGI - MAMBERAMO I (STA 0+000 - 107+300)", "Lintas_26": "YETTI - SENGGI - MAMBERAMO", "No_Jbt_26": "62.005.103.0", "Nm_Jbt_26": "SINTA XIX", "Status_26": "N", "Fungsi_26": "A", "Lks_Dr_26": "JPR", "Lks_km_26": 94.973, "F_STA_26": "9270", "Cadin_26": "MBR", "Pjg_Jbt_26": 51.8, "Btg_Pjg_26": 30.0, "Jml_Btg_26": "2", "Lb_Jl_Ms26": 6.0, "Lb_Jl_Kl26": 6.0, "Lb_Lalin26": 4.55, "Lb_Bh_Ki26": 0.0, "Lb_Bh_Ka26": 0.0, "Lb_Dr_Ki26": 0.0, "Lb_Dr_Ka26": 0.0, "Lb_Tr_Ki26": 0.0, "Lb_Tr_Ka26": 0.0, "Lb_TS_Ki26": 0.0, "Lb_TS_Ka26": 0.0, "Lb_Med_26": 0.0, "Lbr_Jbt_26": 4.55, "Bgn_Ats_26": "RBS", "Jns_Jbt_26": "STANDAR", "Thn_Bgn_26": "2002", "BA_26": "2", "LNT_26": "2", "BB_26": "3", "DAS_26": "2", "OP_26": "1", "UT_26": "0", "GR_26": "0", "LB_26": "0", "JBT_26": "3", "Tp_Lnts_26": "SUNGAI", "Dt_Lnts_26": "BERKELOK (MEANDER)", "Pnangnn_26": "MYC JEMBATAN (PENGGANTIAN)", "Pmriksn_26": "INVENTARIS & DETAIL", "Pnglola_26": "BBPJN PAPUA-PAPUA PEGUNUNGAN", "Satkr_ID26": "693965", "PPK_Name26": "2.3", "Traffic_26": null, "VCR_26": "0", "AADT_26": "98", "Tipe_Jb_26": null, "Lat_26": -3.713084, "Long_26": 140.450623, "Tgl_Ins_26": "29/06/2026", "Ket_26": null }, "geometry": { "type": "Point", "coordinates": [ 140.45062299995152, -3.713083999626861 ] } },
{ "type": "Feature", "properties": { "KDRUAS_UPD": "62005", "NOJBT_UPD": "62.005.099.0", "NM_RUAS_UP": "YETTI - SENGGI - MAMBERAMO I (STA 0+000 - 107+300)", "NM_JBT_UPD": "SINTA XVI", "PROVINSI": "PAPUA PEGUNUNGAN (JAYAPURA)", "No_Prov_26": "62", "ID_Jbt_26": "6202104", "Kd_Ruas_26": "62005", "Suffix_26": "0", "Nm_Ruas_26": "YETTI - SENGGI - MAMBERAMO I (STA 0+000 - 107+300)", "Lintas_26": "YETTI - SENGGI - MAMBERAMO", "No_Jbt_26": "62.005.099.0", "Nm_Jbt_26": "SINTA XVI", "Status_26": "N", "Fungsi_26": "A", "Lks_Dr_26": "JPR", "Lks_km_26": 92.818, "F_STA_26": "9050", "Cadin_26": "MBR", "Pjg_Jbt_26": 13.8, "Btg_Pjg_26": 12.6, "Jml_Btg_26": "1", "Lb_Jl_Ms26": 6.0, "Lb_Jl_Kl26": 6.0, "Lb_Lalin26": 4.08, "Lb_Bh_Ki26": 0.0, "Lb_Bh_Ka26": 0.0, "Lb_Dr_Ki26": 0.0, "Lb_Dr_Ka26": 0.0, "Lb_Tr_Ki26": 0.0, "Lb_Tr_Ka26": 0.0, "Lb_TS_Ki26": 0.0, "Lb_TS_Ka26": 0.0, "Lb_Med_26": 0.0, "Lbr_Jbt_26": 4.08, "Bgn_Ats_26": "GKW", "Jns_Jbt_26": "STANDAR", "Thn_Bgn_26": "2002", "BA_26": "4", "LNT_26": "3", "BB_26": "0", "DAS_26": "2", "OP_26": "1", "UT_26": "0", "GR_26": "0", "LB_26": "0", "JBT_26": "4", "Tp_Lnts_26": "SUNGAI", "Dt_Lnts_26": "LURUS", "Pnangnn_26": "MYC JEMBATAN BARU (PENGGANTIAN)", "Pmriksn_26": "DETAIL", "Pnglola_26": "BBPJN PAPUA-PAPUA PEGUNUNGAN", "Satkr_ID26": "693965", "PPK_Name26": "2.3", "Traffic_26": null, "VCR_26": "0", "AADT_26": "98", "Tipe_Jb_26": null, "Lat_26": -3.705971, "Long_26": 140.462204, "Tgl_Ins_26": "10/06/2026", "Ket_26": null }, "geometry": { "type": "Point", "coordinates": [ 140.462203999814847, -3.705970999861734 ] } },
{ "type": "Feature", "properties": { "KDRUAS_UPD": "62005", "NOJBT_UPD": "62.005.102.0", "NM_RUAS_UP": "YETTI - SENGGI - MAMBERAMO I (STA 0+000 - 107+300)", "NM_JBT_UPD": "SINTA XVIII", "PROVINSI": "PAPUA PEGUNUNGAN (JAYAPURA)", "No_Prov_26": "62", "ID_Jbt_26": "6200859", "Kd_Ruas_26": "62005", "Suffix_26": "0", "Nm_Ruas_26": "YETTI - SENGGI - MAMBERAMO I (STA 0+000 - 107+300)", "Lintas_26": "YETTI - SENGGI - MAMBERAMO", "No_Jbt_26": "62.005.102.0", "Nm_Jbt_26": "SINTA XVIII", "Status_26": "N", "Fungsi_26": "A", "Lks_Dr_26": "JPR", "Lks_km_26": 94.35, "F_STA_26": "9200", "Cadin_26": "MBR", "Pjg_Jbt_26": 20.1, "Btg_Pjg_26": 19.5, "Jml_Btg_26": "1", "Lb_Jl_Ms26": 6.0, "Lb_Jl_Kl26": 6.0, "Lb_Lalin26": 8.0, "Lb_Bh_Ki26": 0.0, "Lb_Bh_Ka26": 0.0, "Lb_Dr_Ki26": 0.0, "Lb_Dr_Ka26": 0.0, "Lb_Tr_Ki26": 0.0, "Lb_Tr_Ka26": 0.0, "Lb_TS_Ki26": 0.0, "Lb_TS_Ka26": 0.0, "Lb_Med_26": 0.0, "Lbr_Jbt_26": 8.0, "Bgn_Ats_26": "GBP", "Jns_Jbt_26": "STANDAR", "Thn_Bgn_26": "2023", "BA_26": "0", "LNT_26": "0", "BB_26": "1", "DAS_26": "1", "OP_26": "0", "UT_26": "0", "GR_26": "0", "LB_26": "0", "JBT_26": "1", "Tp_Lnts_26": "SUNGAI", "Dt_Lnts_26": "LURUS", "Pnangnn_26": "RUTIN", "Pmriksn_26": "TIDAK DISURVEI TA. 2026", "Pnglola_26": "BBPJN PAPUA-PAPUA PEGUNUNGAN", "Satkr_ID26": "693965", "PPK_Name26": "2.3", "Traffic_26": null, "VCR_26": "0", "AADT_26": "98", "Tipe_Jb_26": null, "Lat_26": -3.708154, "Long_26": 140.452332, "Tgl_Ins_26": "31/03/2024", "Ket_26": null }, "geometry": { "type": "Point", "coordinates": [ 140.452331999622174, -3.708153999807223 ] } },
{ "type": "Feature", "properties": { "KDRUAS_UPD": "62005", "NOJBT_UPD": "62.005.104.0", "NM_RUAS_UP": "YETTI - SENGGI - MAMBERAMO I (STA 0+000 - 107+300)", "NM_JBT_UPD": "SINTA XX", "PROVINSI": "PAPUA PEGUNUNGAN (JAYAPURA)", "No_Prov_26": "62", "ID_Jbt_26": "6200861", "Kd_Ruas_26": "62005", "Suffix_26": "0", "Nm_Ruas_26": "YETTI - SENGGI - MAMBERAMO I (STA 0+000 - 107+300)", "Lintas_26": "YETTI - SENGGI - MAMBERAMO", "No_Jbt_26": "62.005.104.0", "Nm_Jbt_26": "SINTA XX", "Status_26": "N", "Fungsi_26": "A", "Lks_Dr_26": "JPR", "Lks_km_26": 95.762, "F_STA_26": "9340", "Cadin_26": "MBR", "Pjg_Jbt_26": 21.0, "Btg_Pjg_26": 4.0, "Jml_Btg_26": "2", "Lb_Jl_Ms26": 6.0, "Lb_Jl_Kl26": 6.0, "Lb_Lalin26": 7.0, "Lb_Bh_Ki26": 1.8, "Lb_Bh_Ka26": 1.65, "Lb_Dr_Ki26": 0.06, "Lb_Dr_Ka26": 0.06, "Lb_Tr_Ki26": 0.0, "Lb_Tr_Ka26": 0.0, "Lb_TS_Ki26": 0.0, "Lb_TS_Ka26": 0.0, "Lb_Med_26": 0.0, "Lbr_Jbt_26": 10.57, "Bgn_Ats_26": "BTP", "Jns_Jbt_26": "STANDAR", "Thn_Bgn_26": "2024", "BA_26": "0", "LNT_26": "0", "BB_26": "0", "DAS_26": "1", "OP_26": "0", "UT_26": "0", "GR_26": "1", "LB_26": "0", "JBT_26": "1", "Tp_Lnts_26": "SUNGAI", "Dt_Lnts_26": "LURUS", "Pnangnn_26": "RUTIN", "Pmriksn_26": "TIDAK DISURVEI TA. 2026", "Pnglola_26": "BBPJN PAPUA-PAPUA PEGUNUNGAN", "Satkr_ID26": "693965", "PPK_Name26": "2.3", "Traffic_26": null, "VCR_26": "0", "AADT_26": "98", "Tipe_Jb_26": null, "Lat_26": -3.719099, "Long_26": 140.449295, "Tgl_Ins_26": "14/06/2025", "Ket_26": null }, "geometry": { "type": "Point", "coordinates": [ 140.449294999864378, -3.719099000018787 ] } },
{ "type": "Feature", "properties": { "KDRUAS_UPD": "62005", "NOJBT_UPD": "62.005.105.0", "NM_RUAS_UP": "YETTI - SENGGI - MAMBERAMO I (STA 0+000 - 107+300)", "NM_JBT_UPD": "SINTA XXI", "PROVINSI": "PAPUA PEGUNUNGAN (JAYAPURA)", "No_Prov_26": "62", "ID_Jbt_26": "6200862", "Kd_Ruas_26": "62005", "Suffix_26": "0", "Nm_Ruas_26": "YETTI - SENGGI - MAMBERAMO I (STA 0+000 - 107+300)", "Lintas_26": "YETTI - SENGGI - MAMBERAMO", "No_Jbt_26": "62.005.105.0", "Nm_Jbt_26": "SINTA XXI", "Status_26": "N", "Fungsi_26": "A", "Lks_Dr_26": "JPR", "Lks_km_26": 97.062, "F_STA_26": "9470", "Cadin_26": "MBR", "Pjg_Jbt_26": 17.6, "Btg_Pjg_26": 15.3, "Jml_Btg_26": "1", "Lb_Jl_Ms26": 6.0, "Lb_Jl_Kl26": 6.0, "Lb_Lalin26": 4.15, "Lb_Bh_Ki26": 0.0, "Lb_Bh_Ka26": 0.0, "Lb_Dr_Ki26": 0.0, "Lb_Dr_Ka26": 0.0, "Lb_Tr_Ki26": 0.0, "Lb_Tr_Ka26": 0.0, "Lb_TS_Ki26": 0.0, "Lb_TS_Ka26": 0.0, "Lb_Med_26": 0.0, "Lbr_Jbt_26": 4.15, "Bgn_Ats_26": "GKW", "Jns_Jbt_26": "STANDAR", "Thn_Bgn_26": "2002", "BA_26": "4", "LNT_26": "3", "BB_26": "4", "DAS_26": "0", "OP_26": "0", "UT_26": "0", "GR_26": "0", "LB_26": "0", "JBT_26": "4", "Tp_Lnts_26": "SUNGAI", "Dt_Lnts_26": "LURUS", "Pnangnn_26": "REHABILITASI", "Pmriksn_26": "DETAIL", "Pnglola_26": "BBPJN PAPUA-PAPUA PEGUNUNGAN", "Satkr_ID26": "693965", "PPK_Name26": "2.3", "Traffic_26": null, "VCR_26": "0", "AADT_26": "98", "Tipe_Jb_26": null, "Lat_26": -3.728908, "Long_26": 140.453735, "Tgl_Ins_26": "31/05/2026", "Ket_26": null }, "geometry": { "type": "Point", "coordinates": [ 140.453734999570656, -3.728908000004139 ] } },
{ "type": "Feature", "properties": { "KDRUAS_UPD": "62032", "NOJBT_UPD": "62.032.016.0", "NM_RUAS_UP": "KOYA KOSA - HOLTEKAMP - SKOW/ BTS. PNG", "NM_JBT_UPD": "SKOW 2", "PROVINSI": "PAPUA PEGUNUNGAN (JAYAPURA)", "No_Prov_26": "62", "ID_Jbt_26": "6202177", "Kd_Ruas_26": "62032", "Suffix_26": null, "Nm_Ruas_26": "KOYA KOSA - HOLTEKAMP - SKOW/ BTS. PNG", "Lintas_26": "JALAN LINTAS MENUJU PERBATASAN", "No_Jbt_26": "62.032.016.0", "Nm_Jbt_26": "SKOW 2", "Status_26": "N", "Fungsi_26": "A", "Lks_Dr_26": "JPR", "Lks_km_26": 36.981, "F_STA_26": "2970", "Cadin_26": "SKW", "Pjg_Jbt_26": 11.5, "Btg_Pjg_26": 3.0, "Jml_Btg_26": "2", "Lb_Jl_Ms26": 7.0, "Lb_Jl_Kl26": 7.0, "Lb_Lalin26": 6.0, "Lb_Bh_Ki26": 3.1, "Lb_Bh_Ka26": 4.0, "Lb_Dr_Ki26": 0.0, "Lb_Dr_Ka26": 0.0, "Lb_Tr_Ki26": 0.0, "Lb_Tr_Ka26": 0.0, "Lb_TS_Ki26": 0.36, "Lb_TS_Ka26": 0.36, "Lb_Med_26": 0.0, "Lbr_Jbt_26": 13.82, "Bgn_Ats_26": "BTP", "Jns_Jbt_26": "STANDAR", "Thn_Bgn_26": "1990", "BA_26": "1", "LNT_26": "1", "BB_26": "0", "DAS_26": "1", "OP_26": "2", "UT_26": "0", "GR_26": "2", "LB_26": "0", "JBT_26": "2", "Tp_Lnts_26": "SUNGAI", "Dt_Lnts_26": "LURUS", "Pnangnn_26": "RUTIN", "Pmriksn_26": "TIDAK DISURVEI TA. 2026", "Pnglola_26": "BBPJN PAPUA-PAPUA PEGUNUNGAN", "Satkr_ID26": "693940", "PPK_Name26": "1.1", "Traffic_26": null, "VCR_26": "0", "AADT_26": "1312", "Tipe_Jb_26": null, "Lat_26": -2.636118, "Long_26": 140.911545, "Tgl_Ins_26": "24/05/2025", "Ket_26": null }, "geometry": { "type": "Point", "coordinates": [ 140.911545000001865, -2.63611800014553 ] } },
{ "type": "Feature", "properties": { "KDRUAS_UPD": "62035", "NOJBT_UPD": "62.035.018.0", "NM_RUAS_UP": "NIMBOTONG - BONGGO", "NM_JBT_UPD": "SKUATA I", "PROVINSI": "PAPUA PEGUNUNGAN (JAYAPURA)", "No_Prov_26": "62", "ID_Jbt_26": "6200487", "Kd_Ruas_26": "62035", "Suffix_26": null, "Nm_Ruas_26": "NIMBOTONG - BONGGO", "Lintas_26": "JALAN LINTAS UTARA", "No_Jbt_26": "62.035.018.0", "Nm_Jbt_26": "SKUATA I", "Status_26": "N", "Fungsi_26": "K", "Lks_Dr_26": "JPR", "Lks_km_26": 19.743, "F_STA_26": "1840", "Cadin_26": "BGO", "Pjg_Jbt_26": 40.5, "Btg_Pjg_26": 40.0, "Jml_Btg_26": "1", "Lb_Jl_Ms26": 6.0, "Lb_Jl_Kl26": 6.0, "Lb_Lalin26": 6.1, "Lb_Bh_Ki26": 0.0, "Lb_Bh_Ka26": 0.0, "Lb_Dr_Ki26": 0.1, "Lb_Dr_Ka26": 0.12, "Lb_Tr_Ki26": 0.45, "Lb_Tr_Ka26": 0.45, "Lb_TS_Ki26": 0.0, "Lb_TS_Ka26": 0.0, "Lb_Med_26": 0.0, "Lbr_Jbt_26": 7.22, "Bgn_Ats_26": "RBR", "Jns_Jbt_26": "STANDAR", "Thn_Bgn_26": "2014", "BA_26": "2", "LNT_26": "2", "BB_26": "2", "DAS_26": "2", "OP_26": "1", "UT_26": "0", "GR_26": "0", "LB_26": "0", "JBT_26": "2", "Tp_Lnts_26": "SUNGAI", "Dt_Lnts_26": "LURUS", "Pnangnn_26": "REHABILITASI", "Pmriksn_26": "TIDAK DISURVEI TA. 2026", "Pnglola_26": "BBPJN PAPUA-PAPUA PEGUNUNGAN", "Satkr_ID26": "693940", "PPK_Name26": "1.2", "Traffic_26": null, "VCR_26": "0", "AADT_26": "205", "Tipe_Jb_26": null, "Lat_26": -2.574197, "Long_26": 139.999115, "Tgl_Ins_26": "06/06/2025", "Ket_26": null }, "geometry": { "type": "Point", "coordinates": [ 139.999114999657536, -2.5741969999915 ] } },
{ "type": "Feature", "properties": { "KDRUAS_UPD": "62033", "NOJBT_UPD": "62.033.004.0", "NM_RUAS_UP": "SENTANI  -  BONGKRANG - WARUMBAIM", "NM_JBT_UPD": "SOSIRI 1", "PROVINSI": "PAPUA PEGUNUNGAN (JAYAPURA)", "No_Prov_26": "62", "ID_Jbt_26": "6201694", "Kd_Ruas_26": "62033", "Suffix_26": null, "Nm_Ruas_26": "SENTANI  -  BONGKRANG - WARUMBAIM", "Lintas_26": "JALAN LINTAS UTARA", "No_Jbt_26": "62.033.004.0", "Nm_Jbt_26": "SOSIRI 1", "Status_26": "N", "Fungsi_26": "A", "Lks_Dr_26": "JPR", "Lks_km_26": 9.056, "F_STA_26": "950", "Cadin_26": "WRM", "Pjg_Jbt_26": 6.5, "Btg_Pjg_26": 6.1, "Jml_Btg_26": "1", "Lb_Jl_Ms26": 4.35, "Lb_Jl_Kl26": 4.35, "Lb_Lalin26": 5.0, "Lb_Bh_Ki26": 0.0, "Lb_Bh_Ka26": 0.22, "Lb_Dr_Ki26": 0.0, "Lb_Dr_Ka26": 0.0, "Lb_Tr_Ki26": 1.4, "Lb_Tr_Ka26": 0.97, "Lb_TS_Ki26": 0.0, "Lb_TS_Ka26": 0.0, "Lb_Med_26": 0.0, "Lbr_Jbt_26": 7.59, "Bgn_Ats_26": "GTP", "Jns_Jbt_26": "STANDAR", "Thn_Bgn_26": "1978", "BA_26": "2", "LNT_26": "2", "BB_26": "1", "DAS_26": "2", "OP_26": "1", "UT_26": "0", "GR_26": "0", "LB_26": "0", "JBT_26": "2", "Tp_Lnts_26": "SUNGAI", "Dt_Lnts_26": "LURUS", "Pnangnn_26": "RUTIN", "Pmriksn_26": "TIDAK DISURVEI TA. 2026", "Pnglola_26": "BBPJN PAPUA-PAPUA PEGUNUNGAN", "Satkr_ID26": "693940", "PPK_Name26": "1.2", "Traffic_26": null, "VCR_26": "0", "AADT_26": "9255", "Tipe_Jb_26": null, "Lat_26": -2.565803, "Long_26": 140.431152, "Tgl_Ins_26": "27/05/2025", "Ket_26": null }, "geometry": { "type": "Point", "coordinates": [ 140.431151999565145, -2.565802999608707 ] } },
{ "type": "Feature", "properties": { "KDRUAS_UPD": "62033", "NOJBT_UPD": "62.033.006.0", "NM_RUAS_UP": "SENTANI  -  BONGKRANG - WARUMBAIM", "NM_JBT_UPD": "SOSIRI 3", "PROVINSI": "PAPUA PEGUNUNGAN (JAYAPURA)", "No_Prov_26": "62", "ID_Jbt_26": "6200462", "Kd_Ruas_26": "62033", "Suffix_26": null, "Nm_Ruas_26": "SENTANI  -  BONGKRANG - WARUMBAIM", "Lintas_26": "JALAN LINTAS UTARA", "No_Jbt_26": "62.033.006.0", "Nm_Jbt_26": "SOSIRI 3", "Status_26": "N", "Fungsi_26": "A", "Lks_Dr_26": "JPR", "Lks_km_26": 10.296, "F_STA_26": "1060", "Cadin_26": "WRM", "Pjg_Jbt_26": 6.6, "Btg_Pjg_26": 6.1, "Jml_Btg_26": "1", "Lb_Jl_Ms26": 4.25, "Lb_Jl_Kl26": 4.25, "Lb_Lalin26": 4.45, "Lb_Bh_Ki26": 1.81, "Lb_Bh_Ka26": 1.7, "Lb_Dr_Ki26": 0.0, "Lb_Dr_Ka26": 0.0, "Lb_Tr_Ki26": 1.1, "Lb_Tr_Ka26": 1.15, "Lb_TS_Ki26": 0.0, "Lb_TS_Ka26": 0.0, "Lb_Med_26": 0.0, "Lbr_Jbt_26": 10.21, "Bgn_Ats_26": "GTP", "Jns_Jbt_26": "STANDAR", "Thn_Bgn_26": "1980", "BA_26": "1", "LNT_26": "1", "BB_26": "1", "DAS_26": "1", "OP_26": "2", "UT_26": "1", "GR_26": "0", "LB_26": "0", "JBT_26": "2", "Tp_Lnts_26": "SUNGAI", "Dt_Lnts_26": "LURUS", "Pnangnn_26": "RUTIN", "Pmriksn_26": "TIDAK DISURVEI TA. 2026", "Pnglola_26": "BBPJN PAPUA-PAPUA PEGUNUNGAN", "Satkr_ID26": "693940", "PPK_Name26": "1.2", "Traffic_26": null, "VCR_26": "0", "AADT_26": "9255", "Tipe_Jb_26": null, "Lat_26": -2.560723, "Long_26": 140.425888, "Tgl_Ins_26": "27/05/2025", "Ket_26": null }, "geometry": { "type": "Point", "coordinates": [ 140.425887999631527, -2.560723000066332 ] } },
{ "type": "Feature", "properties": { "KDRUAS_UPD": "62033", "NOJBT_UPD": "62.033.011.0", "NM_RUAS_UP": "SENTANI  -  BONGKRANG - WARUMBAIM", "NM_JBT_UPD": "SOSIRI 5", "PROVINSI": "PAPUA PEGUNUNGAN (JAYAPURA)", "No_Prov_26": "62", "ID_Jbt_26": "6200467", "Kd_Ruas_26": "62033", "Suffix_26": null, "Nm_Ruas_26": "SENTANI  -  BONGKRANG - WARUMBAIM", "Lintas_26": "JALAN LINTAS UTARA", "No_Jbt_26": "62.033.011.0", "Nm_Jbt_26": "SOSIRI 5", "Status_26": "N", "Fungsi_26": "A", "Lks_Dr_26": "JPR", "Lks_km_26": 16.499, "F_STA_26": "1660", "Cadin_26": "WRM", "Pjg_Jbt_26": 9.34, "Btg_Pjg_26": 8.7, "Jml_Btg_26": "1", "Lb_Jl_Ms26": 4.55, "Lb_Jl_Kl26": 4.55, "Lb_Lalin26": 9.24, "Lb_Bh_Ki26": 0.0, "Lb_Bh_Ka26": 0.0, "Lb_Dr_Ki26": 0.0, "Lb_Dr_Ka26": 0.0, "Lb_Tr_Ki26": 1.0, "Lb_Tr_Ka26": 0.98, "Lb_TS_Ki26": 0.0, "Lb_TS_Ka26": 0.0, "Lb_Med_26": 0.0, "Lbr_Jbt_26": 11.22, "Bgn_Ats_26": "BTP", "Jns_Jbt_26": "STANDAR", "Thn_Bgn_26": "2023", "BA_26": "0", "LNT_26": "0", "BB_26": "0", "DAS_26": "1", "OP_26": "0", "UT_26": "1", "GR_26": "0", "LB_26": "0", "JBT_26": "1", "Tp_Lnts_26": "SUNGAI", "Dt_Lnts_26": "LURUS", "Pnangnn_26": "RUTIN", "Pmriksn_26": "TIDAK DISURVEI TA. 2026", "Pnglola_26": "BBPJN PAPUA-PAPUA PEGUNUNGAN", "Satkr_ID26": "693940", "PPK_Name26": "1.2", "Traffic_26": null, "VCR_26": "0", "AADT_26": "9255", "Tipe_Jb_26": null, "Lat_26": -2.555791, "Long_26": 140.398254, "Tgl_Ins_26": "06/03/2024", "Ket_26": null }, "geometry": { "type": "Point", "coordinates": [ 140.398253999622398, -2.5557910001545 ] } },
{ "type": "Feature", "properties": { "KDRUAS_UPD": "62036", "NOJBT_UPD": "62.036.032.0", "NM_RUAS_UP": "BONGGO - BETAF - SARMI", "NM_JBT_UPD": "SREM I", "PROVINSI": "PAPUA PEGUNUNGAN (JAYAPURA)", "No_Prov_26": "62", "ID_Jbt_26": "6200575", "Kd_Ruas_26": "62036", "Suffix_26": null, "Nm_Ruas_26": "BONGGO - BETAF - SARMI", "Lintas_26": "JALAN LINTAS UTARA", "No_Jbt_26": "62.036.032.0", "Nm_Jbt_26": "SREM I", "Status_26": "N", "Fungsi_26": "K", "Lks_Dr_26": "JPR", "Lks_km_26": 32.427, "F_STA_26": "3320", "Cadin_26": "SRM", "Pjg_Jbt_26": 7.2, "Btg_Pjg_26": 3.0, "Jml_Btg_26": "2", "Lb_Jl_Ms26": 5.0, "Lb_Jl_Kl26": 5.0, "Lb_Lalin26": 6.0, "Lb_Bh_Ki26": 2.23, "Lb_Bh_Ka26": 1.84, "Lb_Dr_Ki26": 0.09, "Lb_Dr_Ka26": 0.09, "Lb_Tr_Ki26": 0.0, "Lb_Tr_Ka26": 0.0, "Lb_TS_Ki26": 0.0, "Lb_TS_Ka26": 0.0, "Lb_Med_26": 0.0, "Lbr_Jbt_26": 10.25, "Bgn_Ats_26": "BTP", "Jns_Jbt_26": "STANDAR", "Thn_Bgn_26": "2022", "BA_26": "2", "LNT_26": "2", "BB_26": "0", "DAS_26": "1", "OP_26": "0", "UT_26": "0", "GR_26": "2", "LB_26": "0", "JBT_26": "2", "Tp_Lnts_26": "SUNGAI", "Dt_Lnts_26": "LURUS", "Pnangnn_26": "RUTIN", "Pmriksn_26": "TIDAK DISURVEI TA. 2026", "Pnglola_26": "BBPJN PAPUA-PAPUA PEGUNUNGAN", "Satkr_ID26": "693940", "PPK_Name26": "1.3", "Traffic_26": null, "VCR_26": "0", "AADT_26": "791", "Tipe_Jb_26": null, "Lat_26": -2.178733, "Long_26": 139.338, "Tgl_Ins_26": "05/06/2025", "Ket_26": null }, "geometry": { "type": "Point", "coordinates": [ 139.338012999800185, -2.178733000427599 ] } },
{ "type": "Feature", "properties": { "KDRUAS_UPD": "62036", "NOJBT_UPD": "62.036.033.0", "NM_RUAS_UP": "BONGGO - BETAF - SARMI", "NM_JBT_UPD": "SREM II", "PROVINSI": "PAPUA PEGUNUNGAN (JAYAPURA)", "No_Prov_26": "62", "ID_Jbt_26": "6200576", "Kd_Ruas_26": "62036", "Suffix_26": null, "Nm_Ruas_26": "BONGGO - BETAF - SARMI", "Lintas_26": "JALAN LINTAS UTARA", "No_Jbt_26": "62.036.033.0", "Nm_Jbt_26": "SREM II", "Status_26": "N", "Fungsi_26": "K", "Lks_Dr_26": "JPR", "Lks_km_26": 32.822, "F_STA_26": "3490", "Cadin_26": "SRM", "Pjg_Jbt_26": 12.0, "Btg_Pjg_26": 11.5, "Jml_Btg_26": "1", "Lb_Jl_Ms26": 4.9, "Lb_Jl_Kl26": 4.9, "Lb_Lalin26": 5.68, "Lb_Bh_Ki26": 0.79, "Lb_Bh_Ka26": 0.75, "Lb_Dr_Ki26": 0.0, "Lb_Dr_Ka26": 0.0, "Lb_Tr_Ki26": 0.26, "Lb_Tr_Ka26": 0.21, "Lb_TS_Ki26": 0.0, "Lb_TS_Ka26": 0.0, "Lb_Med_26": 0.0, "Lbr_Jbt_26": 7.69, "Bgn_Ats_26": "GKW", "Jns_Jbt_26": "STANDAR", "Thn_Bgn_26": "2009", "BA_26": "4", "LNT_26": "2", "BB_26": "3", "DAS_26": "1", "OP_26": "0", "UT_26": "0", "GR_26": "0", "LB_26": "0", "JBT_26": "4", "Tp_Lnts_26": "SUNGAI", "Dt_Lnts_26": "LURUS", "Pnangnn_26": "PENGGANTIAN", "Pmriksn_26": "RUTIN", "Pnglola_26": "BBPJN PAPUA-PAPUA PEGUNUNGAN", "Satkr_ID26": "693940", "PPK_Name26": "1.3", "Traffic_26": null, "VCR_26": "0", "AADT_26": "791", "Tipe_Jb_26": null, "Lat_26": -2.167086, "Long_26": 139.329483, "Tgl_Ins_26": "05/06/2025", "Ket_26": null }, "geometry": { "type": "Point", "coordinates": [ 139.329483000340247, -2.16708600021866 ] } },
{ "type": "Feature", "properties": { "KDRUAS_UPD": "62036", "NOJBT_UPD": "62.036.036.0", "NM_RUAS_UP": "BONGGO - BETAF - SARMI", "NM_JBT_UPD": "SREM III", "PROVINSI": "PAPUA PEGUNUNGAN (JAYAPURA)", "No_Prov_26": "62", "ID_Jbt_26": "6200579", "Kd_Ruas_26": "62036", "Suffix_26": null, "Nm_Ruas_26": "BONGGO - BETAF - SARMI", "Lintas_26": "JALAN LINTAS UTARA", "No_Jbt_26": "62.036.036.0", "Nm_Jbt_26": "SREM III", "Status_26": "N", "Fungsi_26": "K", "Lks_Dr_26": "JPR", "Lks_km_26": 37.194, "F_STA_26": "4020", "Cadin_26": "SRM", "Pjg_Jbt_26": 31.3, "Btg_Pjg_26": 31.0, "Jml_Btg_26": "1", "Lb_Jl_Ms26": 4.6, "Lb_Jl_Kl26": 4.6, "Lb_Lalin26": 5.68, "Lb_Bh_Ki26": 0.9, "Lb_Bh_Ka26": 0.42, "Lb_Dr_Ki26": 0.1, "Lb_Dr_Ka26": 0.1, "Lb_Tr_Ki26": 0.93, "Lb_Tr_Ka26": 0.93, "Lb_TS_Ki26": 0.0, "Lb_TS_Ka26": 0.0, "Lb_Med_26": 0.0, "Lbr_Jbt_26": 9.06, "Bgn_Ats_26": "GBP", "Jns_Jbt_26": "STANDAR", "Thn_Bgn_26": "2019", "BA_26": "2", "LNT_26": "0", "BB_26": "2", "DAS_26": "1", "OP_26": "1", "UT_26": "0", "GR_26": "0", "LB_26": "0", "JBT_26": "2", "Tp_Lnts_26": "SUNGAI", "Dt_Lnts_26": "LURUS", "Pnangnn_26": "RUTIN", "Pmriksn_26": "TIDAK DISURVEI TA. 2026", "Pnglola_26": "BBPJN PAPUA-PAPUA PEGUNUNGAN", "Satkr_ID26": "693940", "PPK_Name26": "1.3", "Traffic_26": null, "VCR_26": "0", "AADT_26": "791", "Tipe_Jb_26": null, "Lat_26": -2.150892, "Long_26": 139.287872, "Tgl_Ins_26": "05/06/2025", "Ket_26": null }, "geometry": { "type": "Point", "coordinates": [ 139.287871999693152, -2.150891999865848 ] } },
{ "type": "Feature", "properties": { "KDRUAS_UPD": "62036", "NOJBT_UPD": "62.036.037.0", "NM_RUAS_UP": "BONGGO - BETAF - SARMI", "NM_JBT_UPD": "SREM IV", "PROVINSI": "PAPUA PEGUNUNGAN (JAYAPURA)", "No_Prov_26": "62", "ID_Jbt_26": "6200580", "Kd_Ruas_26": "62036", "Suffix_26": null, "Nm_Ruas_26": "BONGGO - BETAF - SARMI", "Lintas_26": "JALAN LINTAS UTARA", "No_Jbt_26": "62.036.037.0", "Nm_Jbt_26": "SREM IV", "Status_26": "N", "Fungsi_26": "K", "Lks_Dr_26": "JPR", "Lks_km_26": 38.871, "F_STA_26": "4210", "Cadin_26": "SRM", "Pjg_Jbt_26": 13.0, "Btg_Pjg_26": 12.4, "Jml_Btg_26": "1", "Lb_Jl_Ms26": 4.9, "Lb_Jl_Kl26": 4.9, "Lb_Lalin26": 4.17, "Lb_Bh_Ki26": 0.0, "Lb_Bh_Ka26": 0.0, "Lb_Dr_Ki26": 0.0, "Lb_Dr_Ka26": 0.0, "Lb_Tr_Ki26": 0.0, "Lb_Tr_Ka26": 0.0, "Lb_TS_Ki26": 0.0, "Lb_TS_Ka26": 0.0, "Lb_Med_26": 0.0, "Lbr_Jbt_26": 4.17, "Bgn_Ats_26": "GKW", "Jns_Jbt_26": "STANDAR", "Thn_Bgn_26": "2004", "BA_26": "4", "LNT_26": "3", "BB_26": "3", "DAS_26": "1", "OP_26": "0", "UT_26": "0", "GR_26": "0", "LB_26": "0", "JBT_26": "4", "Tp_Lnts_26": "SUNGAI", "Dt_Lnts_26": "LURUS", "Pnangnn_26": "REHABILITASI", "Pmriksn_26": "DETAIL", "Pnglola_26": "BBPJN PAPUA-PAPUA PEGUNUNGAN", "Satkr_ID26": "693940", "PPK_Name26": "1.3", "Traffic_26": null, "VCR_26": "0", "AADT_26": "791", "Tipe_Jb_26": null, "Lat_26": -2.136333, "Long_26": 139.280777, "Tgl_Ins_26": "03/06/2026", "Ket_26": null }, "geometry": { "type": "Point", "coordinates": [ 139.280776999858745, -2.136333000267712 ] } },
{ "type": "Feature", "properties": { "KDRUAS_UPD": "62035", "NOJBT_UPD": "62.035.017.0", "NM_RUAS_UP": "NIMBOTONG - BONGGO", "NM_JBT_UPD": "UMIRIN", "PROVINSI": "PAPUA PEGUNUNGAN (JAYAPURA)", "No_Prov_26": "62", "ID_Jbt_26": "6200486", "Kd_Ruas_26": "62035", "Suffix_26": null, "Nm_Ruas_26": "NIMBOTONG - BONGGO", "Lintas_26": "JALAN LINTAS UTARA", "No_Jbt_26": "62.035.017.0", "Nm_Jbt_26": "UMIRIN", "Status_26": "N", "Fungsi_26": "K", "Lks_Dr_26": "JPR", "Lks_km_26": 18.839, "F_STA_26": "1760", "Cadin_26": "BGO", "Pjg_Jbt_26": 15.3, "Btg_Pjg_26": 3.0, "Jml_Btg_26": "2", "Lb_Jl_Ms26": 6.0, "Lb_Jl_Kl26": 6.0, "Lb_Lalin26": 6.1, "Lb_Bh_Ki26": 2.07, "Lb_Bh_Ka26": 2.43, "Lb_Dr_Ki26": 0.0, "Lb_Dr_Ka26": 0.0, "Lb_Tr_Ki26": 0.0, "Lb_Tr_Ka26": 0.0, "Lb_TS_Ki26": 0.3, "Lb_TS_Ka26": 0.3, "Lb_Med_26": 0.0, "Lbr_Jbt_26": 11.2, "Bgn_Ats_26": "BTP", "Jns_Jbt_26": "STANDAR", "Thn_Bgn_26": "2003", "BA_26": "0", "LNT_26": "0", "BB_26": "0", "DAS_26": "2", "OP_26": "2", "UT_26": "0", "GR_26": "2", "LB_26": "0", "JBT_26": "2", "Tp_Lnts_26": "SUNGAI", "Dt_Lnts_26": "LURUS", "Pnangnn_26": "RUTIN", "Pmriksn_26": "DETAIL", "Pnglola_26": "BBPJN PAPUA-PAPUA PEGUNUNGAN", "Satkr_ID26": "693940", "PPK_Name26": "1.2", "Traffic_26": null, "VCR_26": "0", "AADT_26": "205", "Tipe_Jb_26": null, "Lat_26": -2.574947, "Long_26": 140.006195, "Tgl_Ins_26": "15/05/2026", "Ket_26": null }, "geometry": { "type": "Point", "coordinates": [ 140.006194999699574, -2.574947000403711 ] } },
{ "type": "Feature", "properties": { "KDRUAS_UPD": "62019", "NOJBT_UPD": "62.019.077.0", "NM_RUAS_UP": "YETI - UBRUB - YAMBRA *", "NM_JBT_UPD": "UNGOLOM IV", "PROVINSI": "PAPUA PEGUNUNGAN (JAYAPURA)", "No_Prov_26": "62", "ID_Jbt_26": "6201867", "Kd_Ruas_26": "62019", "Suffix_26": "0", "Nm_Ruas_26": "YETI - UBRUB - YAMBRA *", "Lintas_26": "JALAN LINTAS PERBATASAN", "No_Jbt_26": "62.019.077.0", "Nm_Jbt_26": "UNGOLOM IV", "Status_26": "N", "Fungsi_26": "K", "Lks_Dr_26": "JPR", "Lks_km_26": 58.847, "F_STA_26": "5610", "Cadin_26": "UBR", "Pjg_Jbt_26": 61.0, "Btg_Pjg_26": 60.0, "Jml_Btg_26": "1", "Lb_Jl_Ms26": 6.0, "Lb_Jl_Kl26": 6.0, "Lb_Lalin26": 6.58, "Lb_Bh_Ki26": 0.0, "Lb_Bh_Ka26": 0.0, "Lb_Dr_Ki26": 0.15, "Lb_Dr_Ka26": 0.14, "Lb_Tr_Ki26": 1.08, "Lb_Tr_Ka26": 1.08, "Lb_TS_Ki26": 0.0, "Lb_TS_Ka26": 0.0, "Lb_Med_26": 0.0, "Lbr_Jbt_26": 9.03, "Bgn_Ats_26": "RBR", "Jns_Jbt_26": "STANDAR", "Thn_Bgn_26": "1995", "BA_26": "2", "LNT_26": "2", "BB_26": "2", "DAS_26": "2", "OP_26": "0", "UT_26": "0", "GR_26": "0", "LB_26": "0", "JBT_26": "2", "Tp_Lnts_26": "SUNGAI", "Dt_Lnts_26": "LURUS", "Pnangnn_26": "RUTIN", "Pmriksn_26": "DETAIL", "Pnglola_26": "BBPJN PAPUA-PAPUA PEGUNUNGAN", "Satkr_ID26": "693965", "PPK_Name26": "2.2", "Traffic_26": null, "VCR_26": "0", "AADT_26": "34", "Tipe_Jb_26": null, "Lat_26": -3.671931, "Long_26": 140.882, "Tgl_Ins_26": "08/06/2026", "Ket_26": null }, "geometry": { "type": "Point", "coordinates": [ 140.882001000046216, -3.67193100031534 ] } },
{ "type": "Feature", "properties": { "KDRUAS_UPD": "620021", "NOJBT_UPD": "62.002.021.0.1", "NM_RUAS_UP": "ABEPURA - BTS. KOTA JAYAPURA / KAB. KEROM", "NM_JBT_UPD": "SUKAMTO", "PROVINSI": "PAPUA PEGUNUNGAN (JAYAPURA)", "No_Prov_26": "62", "ID_Jbt_26": "6200854", "Kd_Ruas_26": "620021", "Suffix_26": "1", "Nm_Ruas_26": "ABEPURA - BTS. KOTA JAYAPURA / KAB. KEROM", "Lintas_26": "JALAN LINTAS PERBATASAN", "No_Jbt_26": "62.002.021.0.1", "Nm_Jbt_26": "SUKAMTO", "Status_26": "N", "Fungsi_26": "A", "Lks_Dr_26": "JPR", "Lks_km_26": 26.499, "F_STA_26": "2450", "Cadin_26": "ARS", "Pjg_Jbt_26": 61.0, "Btg_Pjg_26": 60.0, "Jml_Btg_26": "1", "Lb_Jl_Ms26": 6.0, "Lb_Jl_Kl26": 6.0, "Lb_Lalin26": 4.52, "Lb_Bh_Ki26": 0.0, "Lb_Bh_Ka26": 0.0, "Lb_Dr_Ki26": 0.0, "Lb_Dr_Ka26": 0.0, "Lb_Tr_Ki26": 0.45, "Lb_Tr_Ka26": 0.46, "Lb_TS_Ki26": 0.0, "Lb_TS_Ka26": 0.0, "Lb_Med_26": 0.0, "Lbr_Jbt_26": 5.43, "Bgn_Ats_26": "RBA", "Jns_Jbt_26": "STANDAR", "Thn_Bgn_26": "1985", "BA_26": "2", "LNT_26": "2", "BB_26": "0", "DAS_26": "2", "OP_26": "1", "UT_26": "0", "GR_26": "0", "LB_26": "0", "JBT_26": "2", "Tp_Lnts_26": "SUNGAI", "Dt_Lnts_26": "BERKELOK (MEANDER)", "Pnangnn_26": "RUTIN", "Pmriksn_26": "DETAIL", "Pnglola_26": "BBPJN PAPUA-PAPUA PEGUNUNGAN", "Satkr_ID26": "693965", "PPK_Name26": "2.1", "Traffic_26": null, "VCR_26": "0", "AADT_26": "7883", "Tipe_Jb_26": null, "Lat_26": -2.724888, "Long_26": 140.790085, "Tgl_Ins_26": "29/06/2026", "Ket_26": null }, "geometry": { "type": "Point", "coordinates": [ 140.790084999822966, -2.72488800008108 ] } },
{ "type": "Feature", "properties": { "KDRUAS_UPD": "620021", "NOJBT_UPD": "62.002.019.0.1", "NM_RUAS_UP": "ABEPURA - BTS. KOTA JAYAPURA / KAB. KEROM", "NM_JBT_UPD": "SUKAMTO 1", "PROVINSI": "PAPUA PEGUNUNGAN (JAYAPURA)", "No_Prov_26": "62", "ID_Jbt_26": "6200013", "Kd_Ruas_26": "620021", "Suffix_26": "1", "Nm_Ruas_26": "ABEPURA - BTS. KOTA JAYAPURA / KAB. KEROM", "Lintas_26": "JALAN LINTAS PERBATASAN", "No_Jbt_26": "62.002.019.0.1", "Nm_Jbt_26": "SUKAMTO 1", "Status_26": "N", "Fungsi_26": "A", "Lks_Dr_26": "JPR", "Lks_km_26": 24.802, "F_STA_26": "2300", "Cadin_26": "ARS", "Pjg_Jbt_26": 21.0, "Btg_Pjg_26": 19.8, "Jml_Btg_26": "1", "Lb_Jl_Ms26": 6.0, "Lb_Jl_Kl26": 6.0, "Lb_Lalin26": 5.8, "Lb_Bh_Ki26": 0.0, "Lb_Bh_Ka26": 0.0, "Lb_Dr_Ki26": 0.0, "Lb_Dr_Ka26": 0.0, "Lb_Tr_Ki26": 0.47, "Lb_Tr_Ka26": 0.47, "Lb_TS_Ki26": 0.0, "Lb_TS_Ka26": 0.0, "Lb_Med_26": 0.0, "Lbr_Jbt_26": 6.74, "Bgn_Ats_26": "GBP", "Jns_Jbt_26": "STANDAR", "Thn_Bgn_26": "1992", "BA_26": "2", "LNT_26": "0", "BB_26": "2", "DAS_26": "1", "OP_26": "2", "UT_26": "0", "GR_26": "0", "LB_26": "0", "JBT_26": "2", "Tp_Lnts_26": "SUNGAI", "Dt_Lnts_26": "LURUS", "Pnangnn_26": "RUTIN", "Pmriksn_26": "DETAIL", "Pnglola_26": "BBPJN PAPUA-PAPUA PEGUNUNGAN", "Satkr_ID26": "693965", "PPK_Name26": "2.1", "Traffic_26": null, "VCR_26": "0", "AADT_26": "7883", "Tipe_Jb_26": null, "Lat_26": -2.711415, "Long_26": 140.790665, "Tgl_Ins_26": "23/06/2026", "Ket_26": null }, "geometry": { "type": "Point", "coordinates": [ 140.790664999590149, -2.711415000202066 ] } },
{ "type": "Feature", "properties": { "KDRUAS_UPD": "620021", "NOJBT_UPD": "62.002.020.0.1", "NM_RUAS_UP": "ABEPURA - BTS. KOTA JAYAPURA / KAB. KEROM", "NM_JBT_UPD": "SUKAMTO 2", "PROVINSI": "PAPUA PEGUNUNGAN (JAYAPURA)", "No_Prov_26": "62", "ID_Jbt_26": "6200014", "Kd_Ruas_26": "620021", "Suffix_26": "1", "Nm_Ruas_26": "ABEPURA - BTS. KOTA JAYAPURA / KAB. KEROM", "Lintas_26": "JALAN LINTAS PERBATASAN", "No_Jbt_26": "62.002.020.0.1", "Nm_Jbt_26": "SUKAMTO 2", "Status_26": "N", "Fungsi_26": "A", "Lks_Dr_26": "JPR", "Lks_km_26": 24.929, "F_STA_26": "2310", "Cadin_26": "ARS", "Pjg_Jbt_26": 21.0, "Btg_Pjg_26": 19.8, "Jml_Btg_26": "1", "Lb_Jl_Ms26": 6.0, "Lb_Jl_Kl26": 6.0, "Lb_Lalin26": 5.22, "Lb_Bh_Ki26": 0.44, "Lb_Bh_Ka26": 0.4, "Lb_Dr_Ki26": 0.0, "Lb_Dr_Ka26": 0.0, "Lb_Tr_Ki26": 0.48, "Lb_Tr_Ka26": 0.46, "Lb_TS_Ki26": 0.0, "Lb_TS_Ka26": 0.0, "Lb_Med_26": 0.0, "Lbr_Jbt_26": 7.0, "Bgn_Ats_26": "GBP", "Jns_Jbt_26": "STANDAR", "Thn_Bgn_26": "1992", "BA_26": "2", "LNT_26": "2", "BB_26": "2", "DAS_26": "1", "OP_26": "2", "UT_26": "0", "GR_26": "0", "LB_26": "0", "JBT_26": "2", "Tp_Lnts_26": "SUNGAI", "Dt_Lnts_26": "LURUS", "Pnangnn_26": "RUTIN", "Pmriksn_26": "DETAIL", "Pnglola_26": "BBPJN PAPUA-PAPUA PEGUNUNGAN", "Satkr_ID26": "693965", "PPK_Name26": "2.1", "Traffic_26": null, "VCR_26": "0", "AADT_26": "7883", "Tipe_Jb_26": null, "Lat_26": -2.712464, "Long_26": 140.790863, "Tgl_Ins_26": "23/06/2026", "Ket_26": null }, "geometry": { "type": "Point", "coordinates": [ 140.790862999727665, -2.71246400001354 ] } },
{ "type": "Feature", "properties": { "KDRUAS_UPD": "620022", "NOJBT_UPD": "62.002.024.0.2", "NM_RUAS_UP": "BTS. KOTA JAYAPURA / KAB. KEROM - ARSO", "NM_JBT_UPD": "SUKAMTO 3", "PROVINSI": "PAPUA PEGUNUNGAN (JAYAPURA)", "No_Prov_26": "62", "ID_Jbt_26": "6201131", "Kd_Ruas_26": "620022", "Suffix_26": "2", "Nm_Ruas_26": "BTS. KOTA JAYAPURA / KAB. KEROM - ARSO", "Lintas_26": "JALAN LINTAS PERBATASAN", "No_Jbt_26": "62.002.024.0.2", "Nm_Jbt_26": "SUKAMTO 3", "Status_26": "N", "Fungsi_26": "A", "Lks_Dr_26": "JPR", "Lks_km_26": 1.828, "F_STA_26": "160", "Cadin_26": "ARS", "Pjg_Jbt_26": 20.0, "Btg_Pjg_26": 6.0, "Jml_Btg_26": "1", "Lb_Jl_Ms26": 6.0, "Lb_Jl_Kl26": 6.0, "Lb_Lalin26": 5.8, "Lb_Bh_Ki26": 0.0, "Lb_Bh_Ka26": 0.0, "Lb_Dr_Ki26": 0.06, "Lb_Dr_Ka26": 0.06, "Lb_Tr_Ki26": 0.5, "Lb_Tr_Ka26": 0.46, "Lb_TS_Ki26": 0.0, "Lb_TS_Ka26": 0.0, "Lb_Med_26": 0.0, "Lbr_Jbt_26": 6.88, "Bgn_Ats_26": "GBP", "Jns_Jbt_26": "STANDAR", "Thn_Bgn_26": "1992", "BA_26": "2", "LNT_26": "2", "BB_26": "2", "DAS_26": "1", "OP_26": "1", "UT_26": "1", "GR_26": "0", "LB_26": "0", "JBT_26": "2", "Tp_Lnts_26": "SUNGAI", "Dt_Lnts_26": "LURUS", "Pnangnn_26": "RUTIN", "Pmriksn_26": "TIDAK DISURVEI TA. 2026", "Pnglola_26": "BBPJN PAPUA-PAPUA PEGUNUNGAN", "Satkr_ID26": "693965", "PPK_Name26": "2.1", "Traffic_26": null, "VCR_26": "0", "AADT_26": "1391", "Tipe_Jb_26": null, "Lat_26": -2.736622, "Long_26": 140.784973, "Tgl_Ins_26": "30/05/2025", "Ket_26": null }, "geometry": { "type": "Point", "coordinates": [ 140.784972999704223, -2.736621999805379 ] } },
{ "type": "Feature", "properties": { "KDRUAS_UPD": "620022", "NOJBT_UPD": "62.002.025.0.2", "NM_RUAS_UP": "BTS. KOTA JAYAPURA / KAB. KEROM - ARSO", "NM_JBT_UPD": "SUKAMTO 4", "PROVINSI": "PAPUA PEGUNUNGAN (JAYAPURA)", "No_Prov_26": "62", "ID_Jbt_26": "6201132", "Kd_Ruas_26": "620022", "Suffix_26": "2", "Nm_Ruas_26": "BTS. KOTA JAYAPURA / KAB. KEROM - ARSO", "Lintas_26": "JALAN LINTAS PERBATASAN", "No_Jbt_26": "62.002.025.0.2", "Nm_Jbt_26": "SUKAMTO 4", "Status_26": "N", "Fungsi_26": "A", "Lks_Dr_26": "JPR", "Lks_km_26": 2.072, "F_STA_26": "180", "Cadin_26": "ARS", "Pjg_Jbt_26": 20.3, "Btg_Pjg_26": 20.0, "Jml_Btg_26": "1", "Lb_Jl_Ms26": 6.0, "Lb_Jl_Kl26": 6.0, "Lb_Lalin26": 5.94, "Lb_Bh_Ki26": 0.0, "Lb_Bh_Ka26": 0.0, "Lb_Dr_Ki26": 0.1, "Lb_Dr_Ka26": 0.1, "Lb_Tr_Ki26": 0.5, "Lb_Tr_Ka26": 0.46, "Lb_TS_Ki26": 0.0, "Lb_TS_Ka26": 0.0, "Lb_Med_26": 0.0, "Lbr_Jbt_26": 7.1, "Bgn_Ats_26": "GBP", "Jns_Jbt_26": "STANDAR", "Thn_Bgn_26": "1992", "BA_26": "2", "LNT_26": "2", "BB_26": "1", "DAS_26": "1", "OP_26": "2", "UT_26": "0", "GR_26": "0", "LB_26": "0", "JBT_26": "2", "Tp_Lnts_26": "SUNGAI", "Dt_Lnts_26": "LURUS", "Pnangnn_26": "RUTIN", "Pmriksn_26": "TIDAK DISURVEI TA. 2026", "Pnglola_26": "BBPJN PAPUA-PAPUA PEGUNUNGAN", "Satkr_ID26": "693965", "PPK_Name26": "2.1", "Traffic_26": null, "VCR_26": "0", "AADT_26": "1391", "Tipe_Jb_26": null, "Lat_26": -2.738293, "Long_26": 140.784637, "Tgl_Ins_26": "30/05/2025", "Ket_26": null }, "geometry": { "type": "Point", "coordinates": [ 140.784637000397311, -2.738293000421606 ] } },
{ "type": "Feature", "properties": { "KDRUAS_UPD": "620022", "NOJBT_UPD": "62.002.027.0.2", "NM_RUAS_UP": "BTS. KOTA JAYAPURA / KAB. KEROM - ARSO", "NM_JBT_UPD": "SUKAMTO 5", "PROVINSI": "PAPUA PEGUNUNGAN (JAYAPURA)", "No_Prov_26": "62", "ID_Jbt_26": "6201134", "Kd_Ruas_26": "620022", "Suffix_26": "2", "Nm_Ruas_26": "BTS. KOTA JAYAPURA / KAB. KEROM - ARSO", "Lintas_26": "JALAN LINTAS PERBATASAN", "No_Jbt_26": "62.002.027.0.2", "Nm_Jbt_26": "SUKAMTO 5", "Status_26": "N", "Fungsi_26": "A", "Lks_Dr_26": "JPR", "Lks_km_26": 3.339, "F_STA_26": "290", "Cadin_26": "ARS", "Pjg_Jbt_26": 20.7, "Btg_Pjg_26": 20.35, "Jml_Btg_26": "1", "Lb_Jl_Ms26": 6.0, "Lb_Jl_Kl26": 6.0, "Lb_Lalin26": 5.7, "Lb_Bh_Ki26": 0.0, "Lb_Bh_Ka26": 0.0, "Lb_Dr_Ki26": 0.1, "Lb_Dr_Ka26": 0.1, "Lb_Tr_Ki26": 0.5, "Lb_Tr_Ka26": 0.46, "Lb_TS_Ki26": 0.0, "Lb_TS_Ka26": 0.0, "Lb_Med_26": 0.0, "Lbr_Jbt_26": 6.86, "Bgn_Ats_26": "GBP", "Jns_Jbt_26": "STANDAR", "Thn_Bgn_26": "1991", "BA_26": "2", "LNT_26": "2", "BB_26": "2", "DAS_26": "1", "OP_26": "2", "UT_26": "0", "GR_26": "0", "LB_26": "0", "JBT_26": "2", "Tp_Lnts_26": "SUNGAI", "Dt_Lnts_26": "LURUS", "Pnangnn_26": "RUTIN", "Pmriksn_26": "TIDAK DISURVEI TA. 2026", "Pnglola_26": "BBPJN PAPUA-PAPUA PEGUNUNGAN", "Satkr_ID26": "693965", "PPK_Name26": "2.1", "Traffic_26": null, "VCR_26": "0", "AADT_26": "1391", "Tipe_Jb_26": null, "Lat_26": -2.747926, "Long_26": 140.782745, "Tgl_Ins_26": "30/05/2025", "Ket_26": null }, "geometry": { "type": "Point", "coordinates": [ 140.78274500038151, -2.747926000384552 ] } },
{ "type": "Feature", "properties": { "KDRUAS_UPD": "620022", "NOJBT_UPD": "62.002.028.0.2", "NM_RUAS_UP": "BTS. KOTA JAYAPURA / KAB. KEROM - ARSO", "NM_JBT_UPD": "SUKAMTO 6", "PROVINSI": "PAPUA PEGUNUNGAN (JAYAPURA)", "No_Prov_26": "62", "ID_Jbt_26": "6201135", "Kd_Ruas_26": "620022", "Suffix_26": "2", "Nm_Ruas_26": "BTS. KOTA JAYAPURA / KAB. KEROM - ARSO", "Lintas_26": "JALAN LINTAS PERBATASAN", "No_Jbt_26": "62.002.028.0.2", "Nm_Jbt_26": "SUKAMTO 6", "Status_26": "N", "Fungsi_26": "A", "Lks_Dr_26": "JPR", "Lks_km_26": 5.041, "F_STA_26": "450", "Cadin_26": "ARS", "Pjg_Jbt_26": 20.6, "Btg_Pjg_26": 20.0, "Jml_Btg_26": "1", "Lb_Jl_Ms26": 6.0, "Lb_Jl_Kl26": 6.0, "Lb_Lalin26": 5.75, "Lb_Bh_Ki26": 0.0, "Lb_Bh_Ka26": 0.0, "Lb_Dr_Ki26": 0.1, "Lb_Dr_Ka26": 0.1, "Lb_Tr_Ki26": 0.47, "Lb_Tr_Ka26": 0.46, "Lb_TS_Ki26": 0.0, "Lb_TS_Ka26": 0.0, "Lb_Med_26": 0.0, "Lbr_Jbt_26": 6.88, "Bgn_Ats_26": "GBP", "Jns_Jbt_26": "STANDAR", "Thn_Bgn_26": "1991", "BA_26": "2", "LNT_26": "2", "BB_26": "2", "DAS_26": "1", "OP_26": "2", "UT_26": "1", "GR_26": "0", "LB_26": "0", "JBT_26": "2", "Tp_Lnts_26": "SUNGAI", "Dt_Lnts_26": "LURUS", "Pnangnn_26": "RUTIN", "Pmriksn_26": "TIDAK DISURVEI TA. 2026", "Pnglola_26": "BBPJN PAPUA-PAPUA PEGUNUNGAN", "Satkr_ID26": "693965", "PPK_Name26": "2.1", "Traffic_26": null, "VCR_26": "0", "AADT_26": "1391", "Tipe_Jb_26": null, "Lat_26": -2.761964, "Long_26": 140.783417, "Tgl_Ins_26": "30/05/2025", "Ket_26": null }, "geometry": { "type": "Point", "coordinates": [ 140.783416999894712, -2.761964000238379 ] } },
{ "type": "Feature", "properties": { "KDRUAS_UPD": "620022", "NOJBT_UPD": "62.002.029.0.2", "NM_RUAS_UP": "BTS. KOTA JAYAPURA / KAB. KEROM - ARSO", "NM_JBT_UPD": "SUKAMTO 7", "PROVINSI": "PAPUA PEGUNUNGAN (JAYAPURA)", "No_Prov_26": "62", "ID_Jbt_26": "6201136", "Kd_Ruas_26": "620022", "Suffix_26": "2", "Nm_Ruas_26": "BTS. KOTA JAYAPURA / KAB. KEROM - ARSO", "Lintas_26": "JALAN LINTAS PERBATASAN", "No_Jbt_26": "62.002.029.0.2", "Nm_Jbt_26": "SUKAMTO 7", "Status_26": "N", "Fungsi_26": "A", "Lks_Dr_26": "JPR", "Lks_km_26": 6.089, "F_STA_26": "550", "Cadin_26": "ARS", "Pjg_Jbt_26": 20.3, "Btg_Pjg_26": 20.4, "Jml_Btg_26": "1", "Lb_Jl_Ms26": 6.0, "Lb_Jl_Kl26": 6.0, "Lb_Lalin26": 6.0, "Lb_Bh_Ki26": 0.0, "Lb_Bh_Ka26": 0.0, "Lb_Dr_Ki26": 0.0, "Lb_Dr_Ka26": 0.0, "Lb_Tr_Ki26": 0.5, "Lb_Tr_Ka26": 0.5, "Lb_TS_Ki26": 0.0, "Lb_TS_Ka26": 0.0, "Lb_Med_26": 0.0, "Lbr_Jbt_26": 7.0, "Bgn_Ats_26": "GBP", "Jns_Jbt_26": "STANDAR", "Thn_Bgn_26": "1992", "BA_26": "2", "LNT_26": "2", "BB_26": "1", "DAS_26": "1", "OP_26": "2", "UT_26": "1", "GR_26": "0", "LB_26": "0", "JBT_26": "2", "Tp_Lnts_26": "SUNGAI", "Dt_Lnts_26": "LURUS", "Pnangnn_26": "RUTIN", "Pmriksn_26": "TIDAK DISURVEI TA. 2026", "Pnglola_26": "BBPJN PAPUA-PAPUA PEGUNUNGAN", "Satkr_ID26": "693965", "PPK_Name26": "2.1", "Traffic_26": null, "VCR_26": "0", "AADT_26": "1391", "Tipe_Jb_26": null, "Lat_26": -2.770366, "Long_26": 140.78299, "Tgl_Ins_26": "30/05/2025", "Ket_26": null }, "geometry": { "type": "Point", "coordinates": [ 140.782989999988558, -2.770366000090803 ] } },
{ "type": "Feature", "properties": { "KDRUAS_UPD": "620022", "NOJBT_UPD": "62.002.030.0.2", "NM_RUAS_UP": "BTS. KOTA JAYAPURA / KAB. KEROM - ARSO", "NM_JBT_UPD": "SUKAMTO 8", "PROVINSI": "PAPUA PEGUNUNGAN (JAYAPURA)", "No_Prov_26": "62", "ID_Jbt_26": "6201137", "Kd_Ruas_26": "620022", "Suffix_26": "2", "Nm_Ruas_26": "BTS. KOTA JAYAPURA / KAB. KEROM - ARSO", "Lintas_26": "JALAN LINTAS PERBATASAN", "No_Jbt_26": "62.002.030.0.2", "Nm_Jbt_26": "SUKAMTO 8", "Status_26": "N", "Fungsi_26": "A", "Lks_Dr_26": "JPR", "Lks_km_26": 9.837, "F_STA_26": "880", "Cadin_26": "ARS", "Pjg_Jbt_26": 20.5, "Btg_Pjg_26": 20.4, "Jml_Btg_26": "1", "Lb_Jl_Ms26": 6.0, "Lb_Jl_Kl26": 6.0, "Lb_Lalin26": 5.8, "Lb_Bh_Ki26": 0.0, "Lb_Bh_Ka26": 0.0, "Lb_Dr_Ki26": 0.06, "Lb_Dr_Ka26": 0.06, "Lb_Tr_Ki26": 0.5, "Lb_Tr_Ka26": 0.48, "Lb_TS_Ki26": 0.0, "Lb_TS_Ka26": 0.0, "Lb_Med_26": 0.0, "Lbr_Jbt_26": 6.9, "Bgn_Ats_26": "GBP", "Jns_Jbt_26": "STANDAR", "Thn_Bgn_26": "1991", "BA_26": "2", "LNT_26": "2", "BB_26": "1", "DAS_26": "1", "OP_26": "2", "UT_26": "0", "GR_26": "0", "LB_26": "0", "JBT_26": "2", "Tp_Lnts_26": "SUNGAI", "Dt_Lnts_26": "LURUS", "Pnangnn_26": "RUTIN", "Pmriksn_26": "TIDAK DISURVEI TA. 2026", "Pnglola_26": "BBPJN PAPUA-PAPUA PEGUNUNGAN", "Satkr_ID26": "693965", "PPK_Name26": "2.1", "Traffic_26": null, "VCR_26": "0", "AADT_26": "1391", "Tipe_Jb_26": null, "Lat_26": -2.798941, "Long_26": 140.779953, "Tgl_Ins_26": "30/05/2025", "Ket_26": null }, "geometry": { "type": "Point", "coordinates": [ 140.779953000230876, -2.798941000326863 ] } },
{ "type": "Feature", "properties": { "KDRUAS_UPD": "6200111", "NOJBT_UPD": "62.001.014.0.11", "NM_RUAS_UP": "JLN. RAYA ABEPURA (ABEPURA)", "NM_JBT_UPD": "SUMBER AIR ENTROP", "PROVINSI": "PAPUA PEGUNUNGAN (JAYAPURA)", "No_Prov_26": "62", "ID_Jbt_26": "6201408", "Kd_Ruas_26": "6200111", "Suffix_26": "11", "Nm_Ruas_26": "JLN. RAYA ABEPURA (ABEPURA)", "Lintas_26": "JALAN LINTAS UTARA", "No_Jbt_26": "62.001.014.0.11", "Nm_Jbt_26": "SUMBER AIR ENTROP", "Status_26": "N", "Fungsi_26": "A", "Lks_Dr_26": "JPR", "Lks_km_26": 2.276, "F_STA_26": "200", "Cadin_26": "STN", "Pjg_Jbt_26": 7.3, "Btg_Pjg_26": 3.0, "Jml_Btg_26": "1", "Lb_Jl_Ms26": 6.2, "Lb_Jl_Kl26": 6.2, "Lb_Lalin26": 6.35, "Lb_Bh_Ki26": 0.4, "Lb_Bh_Ka26": 0.45, "Lb_Dr_Ki26": 0.0, "Lb_Dr_Ka26": 0.0, "Lb_Tr_Ki26": 1.03, "Lb_Tr_Ka26": 1.04, "Lb_TS_Ki26": 0.0, "Lb_TS_Ka26": 0.0, "Lb_Med_26": 0.0, "Lbr_Jbt_26": 9.27, "Bgn_Ats_26": "BTP", "Jns_Jbt_26": "STANDAR", "Thn_Bgn_26": "2007", "BA_26": "1", "LNT_26": "0", "BB_26": "0", "DAS_26": "0", "OP_26": "1", "UT_26": "0", "GR_26": "2", "LB_26": "0", "JBT_26": "2", "Tp_Lnts_26": "SUNGAI", "Dt_Lnts_26": "LURUS", "Pnangnn_26": "RUTIN", "Pmriksn_26": "DETAIL", "Pnglola_26": "BBPJN PAPUA-PAPUA PEGUNUNGAN", "Satkr_ID26": "693940", "PPK_Name26": "1.1", "Traffic_26": null, "VCR_26": "0", "AADT_26": "26927", "Tipe_Jb_26": null, "Lat_26": -2.571653, "Long_26": 140.692749, "Tgl_Ins_26": "30/06/2026", "Ket_26": null }, "geometry": { "type": "Point", "coordinates": [ 140.692748999666719, -2.571652999586206 ] } },
{ "type": "Feature", "properties": { "KDRUAS_UPD": "62035", "NOJBT_UPD": "62.035.094.0", "NM_RUAS_UP": "NIMBOTONG - BONGGO", "NM_JBT_UPD": "SUSUP I", "PROVINSI": "PAPUA PEGUNUNGAN (JAYAPURA)", "No_Prov_26": "62", "ID_Jbt_26": "6202120", "Kd_Ruas_26": "62035", "Suffix_26": null, "Nm_Ruas_26": "NIMBOTONG - BONGGO", "Lintas_26": "JALAN LINTAS UTARA", "No_Jbt_26": "62.035.094.0", "Nm_Jbt_26": "SUSUP I", "Status_26": "N", "Fungsi_26": "K", "Lks_Dr_26": "JPR", "Lks_km_26": 95.195, "F_STA_26": "8190", "Cadin_26": "BGO", "Pjg_Jbt_26": 10.2, "Btg_Pjg_26": 3.0, "Jml_Btg_26": "2", "Lb_Jl_Ms26": 6.0, "Lb_Jl_Kl26": 6.0, "Lb_Lalin26": 5.6, "Lb_Bh_Ki26": 3.0, "Lb_Bh_Ka26": 1.7, "Lb_Dr_Ki26": 0.0, "Lb_Dr_Ka26": 0.0, "Lb_Tr_Ki26": 0.0, "Lb_Tr_Ka26": 0.0, "Lb_TS_Ki26": 0.0, "Lb_TS_Ka26": 0.0, "Lb_Med_26": 0.0, "Lbr_Jbt_26": 10.3, "Bgn_Ats_26": "BTP", "Jns_Jbt_26": "STANDAR", "Thn_Bgn_26": "2005", "BA_26": "0", "LNT_26": "0", "BB_26": "0", "DAS_26": "1", "OP_26": "0", "UT_26": "0", "GR_26": "2", "LB_26": "0", "JBT_26": "2", "Tp_Lnts_26": "SUNGAI", "Dt_Lnts_26": "LURUS", "Pnangnn_26": "RUTIN", "Pmriksn_26": "TIDAK DISURVEI TA. 2026", "Pnglola_26": "BBPJN PAPUA-PAPUA PEGUNUNGAN", "Satkr_ID26": "693940", "PPK_Name26": "1.2", "Traffic_26": null, "VCR_26": "0", "AADT_26": "205", "Tipe_Jb_26": null, "Lat_26": -2.333894, "Long_26": 139.581604, "Tgl_Ins_26": "18/06/2025", "Ket_26": null }, "geometry": { "type": "Point", "coordinates": [ 139.581603999624917, -2.333893999808197 ] } },
{ "type": "Feature", "properties": { "KDRUAS_UPD": "62035", "NOJBT_UPD": "62.035.100.0", "NM_RUAS_UP": "NIMBOTONG - BONGGO", "NM_JBT_UPD": "SUSUP III", "PROVINSI": "PAPUA PEGUNUNGAN (JAYAPURA)", "No_Prov_26": "62", "ID_Jbt_26": "6202127", "Kd_Ruas_26": "62035", "Suffix_26": null, "Nm_Ruas_26": "NIMBOTONG - BONGGO", "Lintas_26": "JALAN LINTAS UTARA", "No_Jbt_26": "62.035.100.0", "Nm_Jbt_26": "SUSUP III", "Status_26": "N", "Fungsi_26": "K", "Lks_Dr_26": "JPR", "Lks_km_26": 97.229, "F_STA_26": "8360", "Cadin_26": "BGO", "Pjg_Jbt_26": 7.2, "Btg_Pjg_26": 3.0, "Jml_Btg_26": "2", "Lb_Jl_Ms26": 6.0, "Lb_Jl_Kl26": 6.0, "Lb_Lalin26": 7.0, "Lb_Bh_Ki26": 1.15, "Lb_Bh_Ka26": 1.85, "Lb_Dr_Ki26": 0.0, "Lb_Dr_Ka26": 0.0, "Lb_Tr_Ki26": 0.0, "Lb_Tr_Ka26": 0.0, "Lb_TS_Ki26": 0.0, "Lb_TS_Ka26": 0.0, "Lb_Med_26": 0.0, "Lbr_Jbt_26": 10.0, "Bgn_Ats_26": "BTP", "Jns_Jbt_26": "STANDAR", "Thn_Bgn_26": "2022", "BA_26": "0", "LNT_26": "0", "BB_26": "0", "DAS_26": "1", "OP_26": "0", "UT_26": "1", "GR_26": "0", "LB_26": "0", "JBT_26": "1", "Tp_Lnts_26": "SUNGAI", "Dt_Lnts_26": "LURUS", "Pnangnn_26": "RUTIN", "Pmriksn_26": "TIDAK DISURVEI TA. 2026", "Pnglola_26": "BBPJN PAPUA-PAPUA PEGUNUNGAN", "Satkr_ID26": "693940", "PPK_Name26": "1.2", "Traffic_26": null, "VCR_26": "0", "AADT_26": "205", "Tipe_Jb_26": null, "Lat_26": -2.32038, "Long_26": 139.5752, "Tgl_Ins_26": "19/03/2024", "Ket_26": null }, "geometry": { "type": "Point", "coordinates": [ 139.575210999787828, -2.320379999837087 ] } },
{ "type": "Feature", "properties": { "KDRUAS_UPD": "62035", "NOJBT_UPD": "62.035.101.0", "NM_RUAS_UP": "NIMBOTONG - BONGGO", "NM_JBT_UPD": "SUSUP IV", "PROVINSI": "PAPUA PEGUNUNGAN (JAYAPURA)", "No_Prov_26": "62", "ID_Jbt_26": "6202128", "Kd_Ruas_26": "62035", "Suffix_26": null, "Nm_Ruas_26": "NIMBOTONG - BONGGO", "Lintas_26": "JALAN LINTAS UTARA", "No_Jbt_26": "62.035.101.0", "Nm_Jbt_26": "SUSUP IV", "Status_26": "N", "Fungsi_26": "K", "Lks_Dr_26": "JPR", "Lks_km_26": 98.066, "F_STA_26": "8430", "Cadin_26": "BGO", "Pjg_Jbt_26": 10.0, "Btg_Pjg_26": 3.0, "Jml_Btg_26": "3", "Lb_Jl_Ms26": 6.0, "Lb_Jl_Kl26": 6.0, "Lb_Lalin26": 5.65, "Lb_Bh_Ki26": 2.75, "Lb_Bh_Ka26": 2.05, "Lb_Dr_Ki26": 0.0, "Lb_Dr_Ka26": 0.0, "Lb_Tr_Ki26": 0.0, "Lb_Tr_Ka26": 0.0, "Lb_TS_Ki26": 0.27, "Lb_TS_Ka26": 0.22, "Lb_Med_26": 0.0, "Lbr_Jbt_26": 10.94, "Bgn_Ats_26": "BTP", "Jns_Jbt_26": "STANDAR", "Thn_Bgn_26": "2005", "BA_26": "0", "LNT_26": "0", "BB_26": "0", "DAS_26": "2", "OP_26": "2", "UT_26": "0", "GR_26": "3", "LB_26": "0", "JBT_26": "3", "Tp_Lnts_26": "SUNGAI", "Dt_Lnts_26": "LURUS", "Pnangnn_26": "RUTIN", "Pmriksn_26": "DETAIL", "Pnglola_26": "BBPJN PAPUA-PAPUA PEGUNUNGAN", "Satkr_ID26": "693940", "PPK_Name26": "1.2", "Traffic_26": null, "VCR_26": "0", "AADT_26": "205", "Tipe_Jb_26": null, "Lat_26": -2.316042, "Long_26": 139.570892, "Tgl_Ins_26": "17/05/2026", "Ket_26": null }, "geometry": { "type": "Point", "coordinates": [ 139.570892000265644, -2.316042000337973 ] } },
{ "type": "Feature", "properties": { "KDRUAS_UPD": "62035", "NOJBT_UPD": "62.035.102.0", "NM_RUAS_UP": "NIMBOTONG - BONGGO", "NM_JBT_UPD": "SUSUP V", "PROVINSI": "PAPUA PEGUNUNGAN (JAYAPURA)", "No_Prov_26": "62", "ID_Jbt_26": "6202129", "Kd_Ruas_26": "62035", "Suffix_26": null, "Nm_Ruas_26": "NIMBOTONG - BONGGO", "Lintas_26": "JALAN LINTAS UTARA", "No_Jbt_26": "62.035.102.0", "Nm_Jbt_26": "SUSUP V", "Status_26": "N", "Fungsi_26": "K", "Lks_Dr_26": "JPR", "Lks_km_26": 98.891, "F_STA_26": "8500", "Cadin_26": "BGO", "Pjg_Jbt_26": 20.6, "Btg_Pjg_26": 20.0, "Jml_Btg_26": "1", "Lb_Jl_Ms26": 6.0, "Lb_Jl_Kl26": 6.0, "Lb_Lalin26": 7.05, "Lb_Bh_Ki26": 0.0, "Lb_Bh_Ka26": 0.0, "Lb_Dr_Ki26": 0.0, "Lb_Dr_Ka26": 0.0, "Lb_Tr_Ki26": 0.89, "Lb_Tr_Ka26": 0.9, "Lb_TS_Ki26": 0.0, "Lb_TS_Ka26": 0.0, "Lb_Med_26": 0.0, "Lbr_Jbt_26": 8.84, "Bgn_Ats_26": "GBP", "Jns_Jbt_26": "STANDAR", "Thn_Bgn_26": "2022", "BA_26": "1", "LNT_26": "1", "BB_26": "1", "DAS_26": "1", "OP_26": "1", "UT_26": "0", "GR_26": "0", "LB_26": "0", "JBT_26": "1", "Tp_Lnts_26": "SUNGAI", "Dt_Lnts_26": "LURUS", "Pnangnn_26": "RUTIN", "Pmriksn_26": "TIDAK DISURVEI TA. 2026", "Pnglola_26": "BBPJN PAPUA-PAPUA PEGUNUNGAN", "Satkr_ID26": "693940", "PPK_Name26": "1.2", "Traffic_26": null, "VCR_26": "0", "AADT_26": "205", "Tipe_Jb_26": null, "Lat_26": -2.311876, "Long_26": 139.5671, "Tgl_Ins_26": "12/08/2023", "Ket_26": null }, "geometry": { "type": "Point", "coordinates": [ 139.567138999865051, -2.311875999777499 ] } },
{ "type": "Feature", "properties": { "KDRUAS_UPD": "62035", "NOJBT_UPD": "62.035.106.0", "NM_RUAS_UP": "NIMBOTONG - BONGGO", "NM_JBT_UPD": "SUSUP VI", "PROVINSI": "PAPUA PEGUNUNGAN (JAYAPURA)", "No_Prov_26": "62", "ID_Jbt_26": "6202133", "Kd_Ruas_26": "62035", "Suffix_26": null, "Nm_Ruas_26": "NIMBOTONG - BONGGO", "Lintas_26": "JALAN LINTAS UTARA", "No_Jbt_26": "62.035.106.0", "Nm_Jbt_26": "SUSUP VI", "Status_26": "N", "Fungsi_26": "K", "Lks_Dr_26": "JPR", "Lks_km_26": 101.36, "F_STA_26": "8710", "Cadin_26": "BGO", "Pjg_Jbt_26": 6.98, "Btg_Pjg_26": 3.0, "Jml_Btg_26": "2", "Lb_Jl_Ms26": 6.0, "Lb_Jl_Kl26": 6.0, "Lb_Lalin26": 5.2, "Lb_Bh_Ki26": 2.5, "Lb_Bh_Ka26": 2.1, "Lb_Dr_Ki26": 0.0, "Lb_Dr_Ka26": 0.0, "Lb_Tr_Ki26": 0.0, "Lb_Tr_Ka26": 0.0, "Lb_TS_Ki26": 0.0, "Lb_TS_Ka26": 0.0, "Lb_Med_26": 0.0, "Lbr_Jbt_26": 9.8, "Bgn_Ats_26": "BTP", "Jns_Jbt_26": "STANDAR", "Thn_Bgn_26": "2023", "BA_26": "0", "LNT_26": "0", "BB_26": "0", "DAS_26": "1", "OP_26": "0", "UT_26": "1", "GR_26": "0", "LB_26": "0", "JBT_26": "1", "Tp_Lnts_26": "SUNGAI", "Dt_Lnts_26": "LURUS", "Pnangnn_26": "RUTIN", "Pmriksn_26": "TIDAK DISURVEI TA. 2026", "Pnglola_26": "BBPJN PAPUA-PAPUA PEGUNUNGAN", "Satkr_ID26": "693940", "PPK_Name26": "1.2", "Traffic_26": null, "VCR_26": "0", "AADT_26": "205", "Tipe_Jb_26": null, "Lat_26": -2.293384, "Long_26": 139.56601, "Tgl_Ins_26": "30/05/2024", "Ket_26": null }, "geometry": { "type": "Point", "coordinates": [ 139.56600999996158, -2.293383999571859 ] } },
{ "type": "Feature", "properties": { "KDRUAS_UPD": "62005", "NOJBT_UPD": "62.005.066.0", "NM_RUAS_UP": "YETTI - SENGGI - MAMBERAMO I (STA 0+000 - 107+300)", "NM_JBT_UPD": "TEKAY", "PROVINSI": "PAPUA PEGUNUNGAN (JAYAPURA)", "No_Prov_26": "62", "ID_Jbt_26": "6200111", "Kd_Ruas_26": "62005", "Suffix_26": "0", "Nm_Ruas_26": "YETTI - SENGGI - MAMBERAMO I (STA 0+000 - 107+300)", "Lintas_26": "JALAN LINTAS TENGAH", "No_Jbt_26": "62.005.066.0", "Nm_Jbt_26": "TEKAY", "Status_26": "N", "Fungsi_26": "A", "Lks_Dr_26": "JPR", "Lks_km_26": 66.608, "F_STA_26": "6490", "Cadin_26": "MBR", "Pjg_Jbt_26": 40.6, "Btg_Pjg_26": 40.0, "Jml_Btg_26": "1", "Lb_Jl_Ms26": 4.5, "Lb_Jl_Kl26": 4.5, "Lb_Lalin26": 4.8, "Lb_Bh_Ki26": 0.0, "Lb_Bh_Ka26": 0.0, "Lb_Dr_Ki26": 0.0, "Lb_Dr_Ka26": 0.0, "Lb_Tr_Ki26": 0.0, "Lb_Tr_Ka26": 0.0, "Lb_TS_Ki26": 0.0, "Lb_TS_Ka26": 0.0, "Lb_Med_26": 0.0, "Lbr_Jbt_26": 4.8, "Bgn_Ats_26": "RBP", "Jns_Jbt_26": "STANDAR", "Thn_Bgn_26": "2019", "BA_26": "1", "LNT_26": "0", "BB_26": "1", "DAS_26": "1", "OP_26": "0", "UT_26": "0", "GR_26": "0", "LB_26": "0", "JBT_26": "1", "Tp_Lnts_26": "SUNGAI", "Dt_Lnts_26": "LURUS", "Pnangnn_26": "RUTIN", "Pmriksn_26": "TIDAK DISURVEI TA. 2026", "Pnglola_26": "BBPJN PAPUA-PAPUA PEGUNUNGAN", "Satkr_ID26": "693965", "PPK_Name26": "2.3", "Traffic_26": null, "VCR_26": "0", "AADT_26": "98", "Tipe_Jb_26": null, "Lat_26": -3.587223, "Long_26": 140.596527, "Tgl_Ins_26": "19/03/2024", "Ket_26": null }, "geometry": { "type": "Point", "coordinates": [ 140.596526999621346, -3.587222999741584 ] } },
{ "type": "Feature", "properties": { "KDRUAS_UPD": "62035", "NOJBT_UPD": "62.035.066.0", "NM_RUAS_UP": "NIMBOTONG - BONGGO", "NM_JBT_UPD": "TESEWEY I", "PROVINSI": "PAPUA PEGUNUNGAN (JAYAPURA)", "No_Prov_26": "62", "ID_Jbt_26": "6200533", "Kd_Ruas_26": "62035", "Suffix_26": null, "Nm_Ruas_26": "NIMBOTONG - BONGGO", "Lintas_26": "JALAN LINTAS UTARA", "No_Jbt_26": "62.035.066.0", "Nm_Jbt_26": "TESEWEY I", "Status_26": "N", "Fungsi_26": "K", "Lks_Dr_26": "JPR", "Lks_km_26": 71.973, "F_STA_26": "6260", "Cadin_26": "BGO", "Pjg_Jbt_26": 30.4, "Btg_Pjg_26": 30.0, "Jml_Btg_26": "1", "Lb_Jl_Ms26": 6.0, "Lb_Jl_Kl26": 6.0, "Lb_Lalin26": 5.1, "Lb_Bh_Ki26": 0.48, "Lb_Bh_Ka26": 0.46, "Lb_Dr_Ki26": 0.06, "Lb_Dr_Ka26": 0.06, "Lb_Tr_Ki26": 0.39, "Lb_Tr_Ka26": 0.82, "Lb_TS_Ki26": 0.0, "Lb_TS_Ka26": 0.0, "Lb_Med_26": 0.0, "Lbr_Jbt_26": 7.37, "Bgn_Ats_26": "GBP", "Jns_Jbt_26": "STANDAR", "Thn_Bgn_26": "2013", "BA_26": "2", "LNT_26": "2", "BB_26": "1", "DAS_26": "1", "OP_26": "1", "UT_26": "0", "GR_26": "0", "LB_26": "0", "JBT_26": "2", "Tp_Lnts_26": "SUNGAI", "Dt_Lnts_26": "LURUS", "Pnangnn_26": "RUTIN", "Pmriksn_26": "TIDAK DISURVEI TA. 2026", "Pnglola_26": "BBPJN PAPUA-PAPUA PEGUNUNGAN", "Satkr_ID26": "693940", "PPK_Name26": "1.2", "Traffic_26": null, "VCR_26": "0", "AADT_26": "205", "Tipe_Jb_26": null, "Lat_26": -2.389007, "Long_26": 139.728882, "Tgl_Ins_26": "20/06/2025", "Ket_26": null }, "geometry": { "type": "Point", "coordinates": [ 139.72888199970464, -2.389006999873118 ] } },
{ "type": "Feature", "properties": { "KDRUAS_UPD": "62035", "NOJBT_UPD": "62.035.030.0", "NM_RUAS_UP": "NIMBOTONG - BONGGO", "NM_JBT_UPD": "TEYSUWAY II", "PROVINSI": "PAPUA PEGUNUNGAN (JAYAPURA)", "No_Prov_26": "62", "ID_Jbt_26": "6200499", "Kd_Ruas_26": "62035", "Suffix_26": null, "Nm_Ruas_26": "NIMBOTONG - BONGGO", "Lintas_26": "JALAN LINTAS UTARA", "No_Jbt_26": "62.035.030.0", "Nm_Jbt_26": "TEYSUWAY II", "Status_26": "N", "Fungsi_26": "K", "Lks_Dr_26": "JPR", "Lks_km_26": 33.965, "F_STA_26": "3050", "Cadin_26": "BGO", "Pjg_Jbt_26": 30.6, "Btg_Pjg_26": 30.0, "Jml_Btg_26": "1", "Lb_Jl_Ms26": 5.25, "Lb_Jl_Kl26": 5.25, "Lb_Lalin26": 7.25, "Lb_Bh_Ki26": 0.0, "Lb_Bh_Ka26": 0.0, "Lb_Dr_Ki26": 0.1, "Lb_Dr_Ka26": 0.1, "Lb_Tr_Ki26": 0.96, "Lb_Tr_Ka26": 1.0, "Lb_TS_Ki26": 0.4, "Lb_TS_Ka26": 0.4, "Lb_Med_26": 0.0, "Lbr_Jbt_26": 10.21, "Bgn_Ats_26": "GBP", "Jns_Jbt_26": "STANDAR", "Thn_Bgn_26": "2014", "BA_26": "2", "LNT_26": "2", "BB_26": "1", "DAS_26": "1", "OP_26": "1", "UT_26": "0", "GR_26": "0", "LB_26": "0", "JBT_26": "2", "Tp_Lnts_26": "SUNGAI", "Dt_Lnts_26": "LURUS", "Pnangnn_26": "REHABILITASI", "Pmriksn_26": "TIDAK DISURVEI TA. 2026", "Pnglola_26": "BBPJN PAPUA-PAPUA PEGUNUNGAN", "Satkr_ID26": "693940", "PPK_Name26": "1.2", "Traffic_26": null, "VCR_26": "0", "AADT_26": "205", "Tipe_Jb_26": null, "Lat_26": -2.515613, "Long_26": 139.92749, "Tgl_Ins_26": "08/06/2025", "Ket_26": null }, "geometry": { "type": "Point", "coordinates": [ 139.927489999863724, -2.515612999939947 ] } },
{ "type": "Feature", "properties": { "KDRUAS_UPD": "62035", "NOJBT_UPD": "62.035.048.0", "NM_RUAS_UP": "NIMBOTONG - BONGGO", "NM_JBT_UPD": "TIBAUL CS", "PROVINSI": "PAPUA PEGUNUNGAN (JAYAPURA)", "No_Prov_26": "62", "ID_Jbt_26": "6200515", "Kd_Ruas_26": "62035", "Suffix_26": null, "Nm_Ruas_26": "NIMBOTONG - BONGGO", "Lintas_26": "JALAN LINTAS UTARA", "No_Jbt_26": "62.035.048.0", "Nm_Jbt_26": "TIBAUL CS", "Status_26": "N", "Fungsi_26": "K", "Lks_Dr_26": "JPR", "Lks_km_26": 56.402, "F_STA_26": "4940", "Cadin_26": "BGO", "Pjg_Jbt_26": 30.8, "Btg_Pjg_26": 30.2, "Jml_Btg_26": "1", "Lb_Jl_Ms26": 6.5, "Lb_Jl_Kl26": 6.5, "Lb_Lalin26": 6.0, "Lb_Bh_Ki26": 0.0, "Lb_Bh_Ka26": 0.0, "Lb_Dr_Ki26": 0.1, "Lb_Dr_Ka26": 0.1, "Lb_Tr_Ki26": 0.5, "Lb_Tr_Ka26": 0.5, "Lb_TS_Ki26": 0.27, "Lb_TS_Ka26": 0.3, "Lb_Med_26": 0.0, "Lbr_Jbt_26": 7.77, "Bgn_Ats_26": "GBP", "Jns_Jbt_26": "STANDAR", "Thn_Bgn_26": "2011", "BA_26": "2", "LNT_26": "2", "BB_26": "2", "DAS_26": "1", "OP_26": "1", "UT_26": "0", "GR_26": "0", "LB_26": "0", "JBT_26": "2", "Tp_Lnts_26": "SUNGAI", "Dt_Lnts_26": "LURUS", "Pnangnn_26": "RUTIN", "Pmriksn_26": "TIDAK DISURVEI TA. 2026", "Pnglola_26": "BBPJN PAPUA-PAPUA PEGUNUNGAN", "Satkr_ID26": "693940", "PPK_Name26": "1.2", "Traffic_26": null, "VCR_26": "0", "AADT_26": "205", "Tipe_Jb_26": null, "Lat_26": -2.457698, "Long_26": 139.814804, "Tgl_Ins_26": "09/06/2025", "Ket_26": null }, "geometry": { "type": "Point", "coordinates": [ 139.814803999604919, -2.457698000162509 ] } },
{ "type": "Feature", "properties": { "KDRUAS_UPD": "62035", "NOJBT_UPD": "62.035.049.0", "NM_RUAS_UP": "NIMBOTONG - BONGGO", "NM_JBT_UPD": "TIBAUL II", "PROVINSI": "PAPUA PEGUNUNGAN (JAYAPURA)", "No_Prov_26": "62", "ID_Jbt_26": "6200516", "Kd_Ruas_26": "62035", "Suffix_26": null, "Nm_Ruas_26": "NIMBOTONG - BONGGO", "Lintas_26": "JALAN LINTAS UTARA", "No_Jbt_26": "62.035.049.0", "Nm_Jbt_26": "TIBAUL II", "Status_26": "N", "Fungsi_26": "K", "Lks_Dr_26": "JPR", "Lks_km_26": 56.622, "F_STA_26": "4960", "Cadin_26": "BGO", "Pjg_Jbt_26": 36.0, "Btg_Pjg_26": 35.4, "Jml_Btg_26": "1", "Lb_Jl_Ms26": 6.5, "Lb_Jl_Kl26": 6.5, "Lb_Lalin26": 7.0, "Lb_Bh_Ki26": 0.0, "Lb_Bh_Ka26": 0.0, "Lb_Dr_Ki26": 0.12, "Lb_Dr_Ka26": 0.15, "Lb_Tr_Ki26": 1.0, "Lb_Tr_Ka26": 0.98, "Lb_TS_Ki26": 0.28, "Lb_TS_Ka26": 0.28, "Lb_Med_26": 0.0, "Lbr_Jbt_26": 9.81, "Bgn_Ats_26": "GBP", "Jns_Jbt_26": "STANDAR", "Thn_Bgn_26": "2011", "BA_26": "2", "LNT_26": "2", "BB_26": "2", "DAS_26": "1", "OP_26": "0", "UT_26": "0", "GR_26": "0", "LB_26": "0", "JBT_26": "2", "Tp_Lnts_26": "SUNGAI", "Dt_Lnts_26": "LURUS", "Pnangnn_26": "RUTIN", "Pmriksn_26": "TIDAK DISURVEI TA. 2026", "Pnglola_26": "BBPJN PAPUA-PAPUA PEGUNUNGAN", "Satkr_ID26": "693940", "PPK_Name26": "1.2", "Traffic_26": null, "VCR_26": "0", "AADT_26": "205", "Tipe_Jb_26": null, "Lat_26": -2.456093, "Long_26": 139.815231, "Tgl_Ins_26": "09/06/2025", "Ket_26": null }, "geometry": { "type": "Point", "coordinates": [ 139.815231000410449, -2.456092999892007 ] } },
{ "type": "Feature", "properties": { "KDRUAS_UPD": "62035", "NOJBT_UPD": "62.035.050.0", "NM_RUAS_UP": "NIMBOTONG - BONGGO", "NM_JBT_UPD": "TIBAUL III", "PROVINSI": "PAPUA PEGUNUNGAN (JAYAPURA)", "No_Prov_26": "62", "ID_Jbt_26": "6200517", "Kd_Ruas_26": "62035", "Suffix_26": null, "Nm_Ruas_26": "NIMBOTONG - BONGGO", "Lintas_26": "JALAN LINTAS UTARA", "No_Jbt_26": "62.035.050.0", "Nm_Jbt_26": "TIBAUL III", "Status_26": "N", "Fungsi_26": "K", "Lks_Dr_26": "JPR", "Lks_km_26": 56.952, "F_STA_26": "4990", "Cadin_26": "BGO", "Pjg_Jbt_26": 40.5, "Btg_Pjg_26": 40.0, "Jml_Btg_26": "1", "Lb_Jl_Ms26": 6.0, "Lb_Jl_Kl26": 6.0, "Lb_Lalin26": 6.0, "Lb_Bh_Ki26": 0.0, "Lb_Bh_Ka26": 0.0, "Lb_Dr_Ki26": 0.1, "Lb_Dr_Ka26": 0.0, "Lb_Tr_Ki26": 0.51, "Lb_Tr_Ka26": 0.47, "Lb_TS_Ki26": 0.0, "Lb_TS_Ka26": 0.0, "Lb_Med_26": 0.0, "Lbr_Jbt_26": 7.08, "Bgn_Ats_26": "RBR", "Jns_Jbt_26": "STANDAR", "Thn_Bgn_26": "2014", "BA_26": "2", "LNT_26": "2", "BB_26": "2", "DAS_26": "1", "OP_26": "2", "UT_26": "0", "GR_26": "0", "LB_26": "0", "JBT_26": "2", "Tp_Lnts_26": "SUNGAI", "Dt_Lnts_26": "LURUS", "Pnangnn_26": "RUTIN", "Pmriksn_26": "TIDAK DISURVEI TA. 2026", "Pnglola_26": "BBPJN PAPUA-PAPUA PEGUNUNGAN", "Satkr_ID26": "693940", "PPK_Name26": "1.2", "Traffic_26": null, "VCR_26": "0", "AADT_26": "205", "Tipe_Jb_26": null, "Lat_26": -2.453686, "Long_26": 139.815323, "Tgl_Ins_26": "10/06/2025", "Ket_26": null }, "geometry": { "type": "Point", "coordinates": [ 139.815323000156354, -2.453686000408538 ] } },
{ "type": "Feature", "properties": { "KDRUAS_UPD": "62035", "NOJBT_UPD": "62.035.015.0", "NM_RUAS_UP": "NIMBOTONG - BONGGO", "NM_JBT_UPD": "TOGOE", "PROVINSI": "PAPUA PEGUNUNGAN (JAYAPURA)", "No_Prov_26": "62", "ID_Jbt_26": "6200484", "Kd_Ruas_26": "62035", "Suffix_26": null, "Nm_Ruas_26": "NIMBOTONG - BONGGO", "Lintas_26": "JALAN LINTAS UTARA", "No_Jbt_26": "62.035.015.0", "Nm_Jbt_26": "TOGOE", "Status_26": "N", "Fungsi_26": "K", "Lks_Dr_26": "JPR", "Lks_km_26": 17.406, "F_STA_26": "1630", "Cadin_26": "BGO", "Pjg_Jbt_26": 11.6, "Btg_Pjg_26": 11.0, "Jml_Btg_26": "1", "Lb_Jl_Ms26": 6.0, "Lb_Jl_Kl26": 6.0, "Lb_Lalin26": 5.98, "Lb_Bh_Ki26": 0.6, "Lb_Bh_Ka26": 0.6, "Lb_Dr_Ki26": 0.0, "Lb_Dr_Ka26": 0.0, "Lb_Tr_Ki26": 2.04, "Lb_Tr_Ka26": 2.07, "Lb_TS_Ki26": 0.3, "Lb_TS_Ka26": 0.3, "Lb_Med_26": 0.0, "Lbr_Jbt_26": 11.89, "Bgn_Ats_26": "ETP", "Jns_Jbt_26": "STANDAR", "Thn_Bgn_26": "2015", "BA_26": "3", "LNT_26": "0", "BB_26": "0", "DAS_26": "1", "OP_26": "0", "UT_26": "0", "GR_26": "0", "LB_26": "0", "JBT_26": "3", "Tp_Lnts_26": "SUNGAI", "Dt_Lnts_26": "LURUS", "Pnangnn_26": "BERKALA", "Pmriksn_26": "DETAIL", "Pnglola_26": "BBPJN PAPUA-PAPUA PEGUNUNGAN", "Satkr_ID26": "693940", "PPK_Name26": "1.2", "Traffic_26": null, "VCR_26": "0", "AADT_26": "205", "Tipe_Jb_26": null, "Lat_26": -2.57848, "Long_26": 140.016312, "Tgl_Ins_26": "04/06/2026", "Ket_26": null }, "geometry": { "type": "Point", "coordinates": [ 140.016312000398557, -2.578479999652188 ] } },
{ "type": "Feature", "properties": { "KDRUAS_UPD": "62036", "NOJBT_UPD": "62.036.070.0", "NM_RUAS_UP": "BONGGO - BETAF - SARMI", "NM_JBT_UPD": "TOOR", "PROVINSI": "PAPUA PEGUNUNGAN (JAYAPURA)", "No_Prov_26": "62", "ID_Jbt_26": "6201076", "Kd_Ruas_26": "62036", "Suffix_26": null, "Nm_Ruas_26": "BONGGO - BETAF - SARMI", "Lintas_26": "JALAN LINTAS UTARA", "No_Jbt_26": "62.036.070.0", "Nm_Jbt_26": "TOOR", "Status_26": "N", "Fungsi_26": "K", "Lks_Dr_26": "JPR", "Lks_km_26": 94.004, "F_STA_26": "9150", "Cadin_26": "SRM", "Pjg_Jbt_26": 186.3, "Btg_Pjg_26": 60.0, "Jml_Btg_26": "3", "Lb_Jl_Ms26": 5.5, "Lb_Jl_Kl26": 5.5, "Lb_Lalin26": 5.95, "Lb_Bh_Ki26": 0.0, "Lb_Bh_Ka26": 0.0, "Lb_Dr_Ki26": 0.05, "Lb_Dr_Ka26": 0.05, "Lb_Tr_Ki26": 0.5, "Lb_Tr_Ka26": 0.5, "Lb_TS_Ki26": 0.0, "Lb_TS_Ka26": 0.0, "Lb_Med_26": 0.0, "Lbr_Jbt_26": 7.05, "Bgn_Ats_26": "RBR", "Jns_Jbt_26": "STANDAR", "Thn_Bgn_26": "2009", "BA_26": "2", "LNT_26": "2", "BB_26": "1", "DAS_26": "2", "OP_26": "0", "UT_26": "0", "GR_26": "0", "LB_26": "0", "JBT_26": "2", "Tp_Lnts_26": "SUNGAI", "Dt_Lnts_26": "LURUS", "Pnangnn_26": "REHABILITASI", "Pmriksn_26": "TIDAK DISURVEI TA. 2026", "Pnglola_26": "BBPJN PAPUA-PAPUA PEGUNUNGAN", "Satkr_ID26": "693940", "PPK_Name26": "1.3", "Traffic_26": null, "VCR_26": "0", "AADT_26": "791", "Tipe_Jb_26": null, "Lat_26": -1.959347, "Long_26": 138.906723, "Tgl_Ins_26": "10/06/2025", "Ket_26": null }, "geometry": { "type": "Point", "coordinates": [ 138.90672300016638, -1.959346999864124 ] } },
{ "type": "Feature", "properties": { "KDRUAS_UPD": "62037", "NOJBT_UPD": "62.037.051.0", "NM_RUAS_UP": "SARMI - ARBAIS", "NM_JBT_UPD": "TORTOR", "PROVINSI": "PAPUA PEGUNUNGAN (JAYAPURA)", "No_Prov_26": "62", "ID_Jbt_26": "6201692", "Kd_Ruas_26": "62037", "Suffix_26": null, "Nm_Ruas_26": "SARMI - ARBAIS", "Lintas_26": "NON LINTAS", "No_Jbt_26": "62.037.051.0", "Nm_Jbt_26": "TORTOR", "Status_26": "N", "Fungsi_26": "K", "Lks_Dr_26": "SRM", "Lks_km_26": 50.396, "F_STA_26": "4220", "Cadin_26": "ARB", "Pjg_Jbt_26": 12.0, "Btg_Pjg_26": 11.0, "Jml_Btg_26": "1", "Lb_Jl_Ms26": 7.0, "Lb_Jl_Kl26": 7.0, "Lb_Lalin26": 4.5, "Lb_Bh_Ki26": 0.0, "Lb_Bh_Ka26": 0.0, "Lb_Dr_Ki26": 0.0, "Lb_Dr_Ka26": 0.0, "Lb_Tr_Ki26": 0.0, "Lb_Tr_Ka26": 0.0, "Lb_TS_Ki26": 0.0, "Lb_TS_Ka26": 0.0, "Lb_Med_26": 0.0, "Lbr_Jbt_26": 4.5, "Bgn_Ats_26": "GKW", "Jns_Jbt_26": "STANDAR", "Thn_Bgn_26": "2000", "BA_26": "4", "LNT_26": "1", "BB_26": "3", "DAS_26": "1", "OP_26": "0", "UT_26": "0", "GR_26": "0", "LB_26": "0", "JBT_26": "4", "Tp_Lnts_26": "SUNGAI", "Dt_Lnts_26": "LURUS", "Pnangnn_26": "MYC JALAN (RUTIN)", "Pmriksn_26": "DETAIL", "Pnglola_26": "BBPJN PAPUA-PAPUA PEGUNUNGAN", "Satkr_ID26": "693940", "PPK_Name26": "1.3", "Traffic_26": null, "VCR_26": "0", "AADT_26": "690", "Tipe_Jb_26": null, "Lat_26": -1.7539, "Long_26": 138.490829, "Tgl_Ins_26": "22/05/2026", "Ket_26": null }, "geometry": { "type": "Point", "coordinates": [ 138.490829000058397, -1.753899999984981 ] } },
{ "type": "Feature", "properties": { "KDRUAS_UPD": "62035", "NOJBT_UPD": "62.035.052.0", "NM_RUAS_UP": "NIMBOTONG - BONGGO", "NM_JBT_UPD": "TUAREN", "PROVINSI": "PAPUA PEGUNUNGAN (JAYAPURA)", "No_Prov_26": "62", "ID_Jbt_26": "6200519", "Kd_Ruas_26": "62035", "Suffix_26": null, "Nm_Ruas_26": "NIMBOTONG - BONGGO", "Lintas_26": "JALAN LINTAS UTARA", "No_Jbt_26": "62.035.052.0", "Nm_Jbt_26": "TUAREN", "Status_26": "N", "Fungsi_26": "K", "Lks_Dr_26": "JPR", "Lks_km_26": 60.109, "F_STA_26": "5250", "Cadin_26": "BGO", "Pjg_Jbt_26": 50.0, "Btg_Pjg_26": 50.0, "Jml_Btg_26": "1", "Lb_Jl_Ms26": 6.0, "Lb_Jl_Kl26": 6.0, "Lb_Lalin26": 6.0, "Lb_Bh_Ki26": 0.0, "Lb_Bh_Ka26": 0.0, "Lb_Dr_Ki26": 0.0, "Lb_Dr_Ka26": 0.0, "Lb_Tr_Ki26": 0.5, "Lb_Tr_Ka26": 0.5, "Lb_TS_Ki26": 0.0, "Lb_TS_Ka26": 0.0, "Lb_Med_26": 0.0, "Lbr_Jbt_26": 7.0, "Bgn_Ats_26": "RBR", "Jns_Jbt_26": "STANDAR", "Thn_Bgn_26": "2010", "BA_26": "2", "LNT_26": "1", "BB_26": "1", "DAS_26": "1", "OP_26": "1", "UT_26": "0", "GR_26": "0", "LB_26": "0", "JBT_26": "2", "Tp_Lnts_26": "SUNGAI", "Dt_Lnts_26": "LURUS", "Pnangnn_26": "RUTIN", "Pmriksn_26": "TIDAK DISURVEI TA. 2026", "Pnglola_26": "BBPJN PAPUA-PAPUA PEGUNUNGAN", "Satkr_ID26": "693940", "PPK_Name26": "1.2", "Traffic_26": null, "VCR_26": "0", "AADT_26": "205", "Tipe_Jb_26": null, "Lat_26": -2.437941, "Long_26": 139.801865, "Tgl_Ins_26": "10/06/2025", "Ket_26": null }, "geometry": { "type": "Point", "coordinates": [ 139.801865000069711, -2.437941000077046 ] } },
{ "type": "Feature", "properties": { "KDRUAS_UPD": "62035", "NOJBT_UPD": "62.035.055.0", "NM_RUAS_UP": "NIMBOTONG - BONGGO", "NM_JBT_UPD": "TUAREN CS", "PROVINSI": "PAPUA PEGUNUNGAN (JAYAPURA)", "No_Prov_26": "62", "ID_Jbt_26": "6200522", "Kd_Ruas_26": "62035", "Suffix_26": null, "Nm_Ruas_26": "NIMBOTONG - BONGGO", "Lintas_26": "JALAN LINTAS UTARA", "No_Jbt_26": "62.035.055.0", "Nm_Jbt_26": "TUAREN CS", "Status_26": "N", "Fungsi_26": "K", "Lks_Dr_26": "JPR", "Lks_km_26": 64.368, "F_STA_26": "5600", "Cadin_26": "BGO", "Pjg_Jbt_26": 72.3, "Btg_Pjg_26": 70.0, "Jml_Btg_26": "1", "Lb_Jl_Ms26": 6.0, "Lb_Jl_Kl26": 6.0, "Lb_Lalin26": 5.88, "Lb_Bh_Ki26": 0.0, "Lb_Bh_Ka26": 0.0, "Lb_Dr_Ki26": 0.06, "Lb_Dr_Ka26": 0.0, "Lb_Tr_Ki26": 0.21, "Lb_Tr_Ka26": 0.22, "Lb_TS_Ki26": 0.0, "Lb_TS_Ka26": 0.0, "Lb_Med_26": 0.0, "Lbr_Jbt_26": 6.37, "Bgn_Ats_26": "RBR", "Jns_Jbt_26": "STANDAR", "Thn_Bgn_26": "2010", "BA_26": "2", "LNT_26": "0", "BB_26": "2", "DAS_26": "3", "OP_26": "1", "UT_26": "0", "GR_26": "0", "LB_26": "0", "JBT_26": "3", "Tp_Lnts_26": "SUNGAI", "Dt_Lnts_26": "BERKELOK (MEANDER)", "Pnangnn_26": "RUTIN", "Pmriksn_26": "DETAIL", "Pnglola_26": "BBPJN PAPUA-PAPUA PEGUNUNGAN", "Satkr_ID26": "693940", "PPK_Name26": "1.2", "Traffic_26": null, "VCR_26": "0", "AADT_26": "205", "Tipe_Jb_26": null, "Lat_26": -2.42103, "Long_26": 139.776047, "Tgl_Ins_26": "17/05/2026", "Ket_26": null }, "geometry": { "type": "Point", "coordinates": [ 139.776047000169001, -2.42102999993449 ] } },
{ "type": "Feature", "properties": { "KDRUAS_UPD": "62019", "NOJBT_UPD": "62.019.034.0", "NM_RUAS_UP": "YETI - UBRUB - YAMBRA *", "NM_JBT_UPD": "TULSIM", "PROVINSI": "PAPUA PEGUNUNGAN (JAYAPURA)", "No_Prov_26": "62", "ID_Jbt_26": "6200338", "Kd_Ruas_26": "62019", "Suffix_26": "0", "Nm_Ruas_26": "YETI - UBRUB - YAMBRA *", "Lintas_26": "JALAN LINTAS PERBATASAN", "No_Jbt_26": "62.019.034.0", "Nm_Jbt_26": "TULSIM", "Status_26": "N", "Fungsi_26": "K", "Lks_Dr_26": "JPR", "Lks_km_26": 22.094, "F_STA_26": "2110", "Cadin_26": "UBR", "Pjg_Jbt_26": 30.2, "Btg_Pjg_26": 30.0, "Jml_Btg_26": "1", "Lb_Jl_Ms26": 5.5, "Lb_Jl_Kl26": 5.5, "Lb_Lalin26": 6.92, "Lb_Bh_Ki26": 0.0, "Lb_Bh_Ka26": 0.0, "Lb_Dr_Ki26": 0.08, "Lb_Dr_Ka26": 0.08, "Lb_Tr_Ki26": 0.98, "Lb_Tr_Ka26": 0.95, "Lb_TS_Ki26": 0.18, "Lb_TS_Ka26": 0.22, "Lb_Med_26": 0.0, "Lbr_Jbt_26": 9.41, "Bgn_Ats_26": "GBP", "Jns_Jbt_26": "STANDAR", "Thn_Bgn_26": "2016", "BA_26": "2", "LNT_26": "2", "BB_26": "2", "DAS_26": "1", "OP_26": "1", "UT_26": "0", "GR_26": "0", "LB_26": "0", "JBT_26": "2", "Tp_Lnts_26": "SUNGAI", "Dt_Lnts_26": "LURUS", "Pnangnn_26": "RUTIN", "Pmriksn_26": "RUTIN", "Pnglola_26": "BBPJN PAPUA-PAPUA PEGUNUNGAN", "Satkr_ID26": "693965", "PPK_Name26": "2.2", "Traffic_26": null, "VCR_26": "0", "AADT_26": "34", "Tipe_Jb_26": null, "Lat_26": -3.449088, "Long_26": 140.9012, "Tgl_Ins_26": "01/06/2025", "Ket_26": null }, "geometry": { "type": "Point", "coordinates": [ 140.901168999949505, -3.449088000410825 ] } },
{ "type": "Feature", "properties": { "KDRUAS_UPD": "620022", "NOJBT_UPD": "62.002.031.0.2", "NM_RUAS_UP": "BTS. KOTA JAYAPURA / KAB. KEROM - ARSO", "NM_JBT_UPD": "UBIAU", "PROVINSI": "PAPUA PEGUNUNGAN (JAYAPURA)", "No_Prov_26": "62", "ID_Jbt_26": "6201138", "Kd_Ruas_26": "620022", "Suffix_26": "2", "Nm_Ruas_26": "BTS. KOTA JAYAPURA / KAB. KEROM - ARSO", "Lintas_26": "JALAN LINTAS PERBATASAN", "No_Jbt_26": "62.002.031.0.2", "Nm_Jbt_26": "UBIAU", "Status_26": "N", "Fungsi_26": "A", "Lks_Dr_26": "JPR", "Lks_km_26": 11.769, "F_STA_26": "1060", "Cadin_26": "ARS", "Pjg_Jbt_26": 25.4, "Btg_Pjg_26": 25.4, "Jml_Btg_26": "1", "Lb_Jl_Ms26": 6.0, "Lb_Jl_Kl26": 6.0, "Lb_Lalin26": 5.8, "Lb_Bh_Ki26": 0.0, "Lb_Bh_Ka26": 0.0, "Lb_Dr_Ki26": 0.05, "Lb_Dr_Ka26": 0.12, "Lb_Tr_Ki26": 0.0, "Lb_Tr_Ka26": 0.0, "Lb_TS_Ki26": 0.48, "Lb_TS_Ka26": 0.5, "Lb_Med_26": 0.0, "Lbr_Jbt_26": 6.95, "Bgn_Ats_26": "GBP", "Jns_Jbt_26": "STANDAR", "Thn_Bgn_26": "1992", "BA_26": "2", "LNT_26": "2", "BB_26": "2", "DAS_26": "1", "OP_26": "2", "UT_26": "0", "GR_26": "0", "LB_26": "0", "JBT_26": "2", "Tp_Lnts_26": "SUNGAI", "Dt_Lnts_26": "LURUS", "Pnangnn_26": "RUTIN", "Pmriksn_26": "TIDAK DISURVEI TA. 2026", "Pnglola_26": "BBPJN PAPUA-PAPUA PEGUNUNGAN", "Satkr_ID26": "693965", "PPK_Name26": "2.1", "Traffic_26": null, "VCR_26": "0", "AADT_26": "1391", "Tipe_Jb_26": null, "Lat_26": -2.815029, "Long_26": 140.780701, "Tgl_Ins_26": "30/05/2025", "Ket_26": null }, "geometry": { "type": "Point", "coordinates": [ 140.780700999651458, -2.815029000288064 ] } },
{ "type": "Feature", "properties": { "KDRUAS_UPD": "620022", "NOJBT_UPD": "62.002.032.0.2", "NM_RUAS_UP": "BTS. KOTA JAYAPURA / KAB. KEROM - ARSO", "NM_JBT_UPD": "UBIAU 1", "PROVINSI": "PAPUA PEGUNUNGAN (JAYAPURA)", "No_Prov_26": "62", "ID_Jbt_26": "6201139", "Kd_Ruas_26": "620022", "Suffix_26": "2", "Nm_Ruas_26": "BTS. KOTA JAYAPURA / KAB. KEROM - ARSO", "Lintas_26": "JALAN LINTAS PERBATASAN", "No_Jbt_26": "62.002.032.0.2", "Nm_Jbt_26": "UBIAU 1", "Status_26": "N", "Fungsi_26": "A", "Lks_Dr_26": "JPR", "Lks_km_26": 25.336, "F_STA_26": "2240", "Cadin_26": "ARS", "Pjg_Jbt_26": 31.0, "Btg_Pjg_26": 30.0, "Jml_Btg_26": "1", "Lb_Jl_Ms26": 6.0, "Lb_Jl_Kl26": 6.0, "Lb_Lalin26": 5.5, "Lb_Bh_Ki26": 0.29, "Lb_Bh_Ka26": 0.34, "Lb_Dr_Ki26": 0.0, "Lb_Dr_Ka26": 0.0, "Lb_Tr_Ki26": 0.45, "Lb_Tr_Ka26": 0.44, "Lb_TS_Ki26": 0.0, "Lb_TS_Ka26": 0.0, "Lb_Med_26": 0.0, "Lbr_Jbt_26": 7.02, "Bgn_Ats_26": "RBA", "Jns_Jbt_26": "STANDAR", "Thn_Bgn_26": "1992", "BA_26": "2", "LNT_26": "2", "BB_26": "2", "DAS_26": "2", "OP_26": "2", "UT_26": "0", "GR_26": "0", "LB_26": "0", "JBT_26": "2", "Tp_Lnts_26": "SUNGAI", "Dt_Lnts_26": "BERKELOK (MEANDER)", "Pnangnn_26": "REHABILITASI", "Pmriksn_26": "DETAIL", "Pnglola_26": "BBPJN PAPUA-PAPUA PEGUNUNGAN", "Satkr_ID26": "693965", "PPK_Name26": "2.1", "Traffic_26": null, "VCR_26": "0", "AADT_26": "1391", "Tipe_Jb_26": null, "Lat_26": -2.914989, "Long_26": 140.774506, "Tgl_Ins_26": "26/06/2026", "Ket_26": null }, "geometry": { "type": "Point", "coordinates": [ 140.774505999951998, -2.914989000042283 ] } },
{ "type": "Feature", "properties": { "KDRUAS_UPD": "62003", "NOJBT_UPD": "62.003.009.0", "NM_RUAS_UP": "ARSO - WARIS", "NM_JBT_UPD": "UBIAU 2", "PROVINSI": "PAPUA PEGUNUNGAN (JAYAPURA)", "No_Prov_26": "62", "ID_Jbt_26": "6200021", "Kd_Ruas_26": "62003", "Suffix_26": null, "Nm_Ruas_26": "ARSO - WARIS", "Lintas_26": "JALAN LINTAS PERBATASAN", "No_Jbt_26": "62.003.009.0", "Nm_Jbt_26": "UBIAU 2", "Status_26": "N", "Fungsi_26": "A", "Lks_Dr_26": "JPR", "Lks_km_26": 5.746, "F_STA_26": "430", "Cadin_26": "ARS", "Pjg_Jbt_26": 10.3, "Btg_Pjg_26": 3.0, "Jml_Btg_26": "2", "Lb_Jl_Ms26": 6.0, "Lb_Jl_Kl26": 6.0, "Lb_Lalin26": 5.55, "Lb_Bh_Ki26": 0.0, "Lb_Bh_Ka26": 0.0, "Lb_Dr_Ki26": 0.0, "Lb_Dr_Ka26": 0.0, "Lb_Tr_Ki26": 0.0, "Lb_Tr_Ka26": 0.0, "Lb_TS_Ki26": 0.3, "Lb_TS_Ka26": 0.3, "Lb_Med_26": 0.0, "Lbr_Jbt_26": 6.15, "Bgn_Ats_26": "BTP", "Jns_Jbt_26": "STANDAR", "Thn_Bgn_26": "1995", "BA_26": "2", "LNT_26": "2", "BB_26": "0", "DAS_26": "2", "OP_26": "3", "UT_26": "0", "GR_26": "2", "LB_26": "0", "JBT_26": "3", "Tp_Lnts_26": "SUNGAI", "Dt_Lnts_26": "LURUS", "Pnangnn_26": "REHABILITASI", "Pmriksn_26": "DETAIL", "Pnglola_26": "BBPJN PAPUA-PAPUA PEGUNUNGAN", "Satkr_ID26": "693965", "PPK_Name26": "2.1", "Traffic_26": null, "VCR_26": "0", "AADT_26": "96", "Tipe_Jb_26": null, "Lat_26": -3.012434, "Long_26": 140.763336, "Tgl_Ins_26": "01/06/2026", "Ket_26": null }, "geometry": { "type": "Point", "coordinates": [ 140.763336000156301, -3.01243399982917 ] } },
{ "type": "Feature", "properties": { "KDRUAS_UPD": "62005", "NOJBT_UPD": "62.005.067.0", "NM_RUAS_UP": "YETTI - SENGGI - MAMBERAMO I (STA 0+000 - 107+300)", "NM_JBT_UPD": "USKU", "PROVINSI": "PAPUA PEGUNUNGAN (JAYAPURA)", "No_Prov_26": "62", "ID_Jbt_26": "6200112", "Kd_Ruas_26": "62005", "Suffix_26": "0", "Nm_Ruas_26": "YETTI - SENGGI - MAMBERAMO I (STA 0+000 - 107+300)", "Lintas_26": "JALAN LINTAS TENGAH", "No_Jbt_26": "62.005.067.0", "Nm_Jbt_26": "USKU", "Status_26": "N", "Fungsi_26": "A", "Lks_Dr_26": "JPR", "Lks_km_26": 67.434, "F_STA_26": "6580", "Cadin_26": "MBR", "Pjg_Jbt_26": 122.8, "Btg_Pjg_26": 60.0, "Jml_Btg_26": "2", "Lb_Jl_Ms26": 4.5, "Lb_Jl_Kl26": 4.5, "Lb_Lalin26": 6.06, "Lb_Bh_Ki26": 0.0, "Lb_Bh_Ka26": 0.0, "Lb_Dr_Ki26": 0.0, "Lb_Dr_Ka26": 0.0, "Lb_Tr_Ki26": 0.48, "Lb_Tr_Ka26": 0.48, "Lb_TS_Ki26": 0.0, "Lb_TS_Ka26": 0.0, "Lb_Med_26": 0.0, "Lbr_Jbt_26": 7.02, "Bgn_Ats_26": "RBR", "Jns_Jbt_26": "STANDAR", "Thn_Bgn_26": "2001", "BA_26": "2", "LNT_26": "2", "BB_26": "2", "DAS_26": "3", "OP_26": "0", "UT_26": "0", "GR_26": "0", "LB_26": "0", "JBT_26": "3", "Tp_Lnts_26": "SUNGAI", "Dt_Lnts_26": "BERKELOK (MEANDER)", "Pnangnn_26": "RUTIN", "Pmriksn_26": "DETAIL", "Pnglola_26": "BBPJN PAPUA-PAPUA PEGUNUNGAN", "Satkr_ID26": "693965", "PPK_Name26": "2.3", "Traffic_26": null, "VCR_26": "0", "AADT_26": "98", "Tipe_Jb_26": null, "Lat_26": -3.585586, "Long_26": 140.588959, "Tgl_Ins_26": "27/05/2026", "Ket_26": null }, "geometry": { "type": "Point", "coordinates": [ 140.588958999558258, -3.585585999794034 ] } },
{ "type": "Feature", "properties": { "KDRUAS_UPD": "62005", "NOJBT_UPD": "62.005.070.0", "NM_RUAS_UP": "YETTI - SENGGI - MAMBERAMO I (STA 0+000 - 107+300)", "NM_JBT_UPD": "USKU III", "PROVINSI": "PAPUA PEGUNUNGAN (JAYAPURA)", "No_Prov_26": "62", "ID_Jbt_26": "6200115", "Kd_Ruas_26": "62005", "Suffix_26": "0", "Nm_Ruas_26": "YETTI - SENGGI - MAMBERAMO I (STA 0+000 - 107+300)", "Lintas_26": "JALAN LINTAS TENGAH", "No_Jbt_26": "62.005.070.0", "Nm_Jbt_26": "USKU III", "Status_26": "N", "Fungsi_26": "A", "Lks_Dr_26": "JPR", "Lks_km_26": 70.093, "F_STA_26": "6830", "Cadin_26": "MBR", "Pjg_Jbt_26": 14.17, "Btg_Pjg_26": 3.14, "Jml_Btg_26": "2", "Lb_Jl_Ms26": 4.5, "Lb_Jl_Kl26": 4.5, "Lb_Lalin26": 6.48, "Lb_Bh_Ki26": 1.52, "Lb_Bh_Ka26": 0.95, "Lb_Dr_Ki26": 0.0, "Lb_Dr_Ka26": 0.0, "Lb_Tr_Ki26": 0.0, "Lb_Tr_Ka26": 0.0, "Lb_TS_Ki26": 0.31, "Lb_TS_Ka26": 0.32, "Lb_Med_26": 0.0, "Lbr_Jbt_26": 9.58, "Bgn_Ats_26": "BTP", "Jns_Jbt_26": "STANDAR", "Thn_Bgn_26": "2023", "BA_26": "0", "LNT_26": "0", "BB_26": "0", "DAS_26": "2", "OP_26": "2", "UT_26": "0", "GR_26": "2", "LB_26": "0", "JBT_26": "2", "Tp_Lnts_26": "SUNGAI", "Dt_Lnts_26": "LURUS", "Pnangnn_26": "RUTIN", "Pmriksn_26": "DETAIL", "Pnglola_26": "BBPJN PAPUA-PAPUA PEGUNUNGAN", "Satkr_ID26": "693965", "PPK_Name26": "2.3", "Traffic_26": null, "VCR_26": "0", "AADT_26": "98", "Tipe_Jb_26": null, "Lat_26": -3.595921, "Long_26": 140.5708, "Tgl_Ins_26": "06/06/2026", "Ket_26": null }, "geometry": { "type": "Point", "coordinates": [ 140.570816000158288, -3.595920999754298 ] } },
{ "type": "Feature", "properties": { "KDRUAS_UPD": "62005", "NOJBT_UPD": "62.005.071.0", "NM_RUAS_UP": "YETTI - SENGGI - MAMBERAMO I (STA 0+000 - 107+300)", "NM_JBT_UPD": "USKU IV", "PROVINSI": "PAPUA PEGUNUNGAN (JAYAPURA)", "No_Prov_26": "62", "ID_Jbt_26": "6200116", "Kd_Ruas_26": "62005", "Suffix_26": "0", "Nm_Ruas_26": "YETTI - SENGGI - MAMBERAMO I (STA 0+000 - 107+300)", "Lintas_26": "JALAN LINTAS TENGAH", "No_Jbt_26": "62.005.071.0", "Nm_Jbt_26": "USKU IV", "Status_26": "N", "Fungsi_26": "A", "Lks_Dr_26": "JPR", "Lks_km_26": 70.601, "F_STA_26": "6880", "Cadin_26": "MBR", "Pjg_Jbt_26": 20.0, "Btg_Pjg_26": 20.0, "Jml_Btg_26": "1", "Lb_Jl_Ms26": 4.5, "Lb_Jl_Kl26": 4.5, "Lb_Lalin26": 8.4, "Lb_Bh_Ki26": 0.0, "Lb_Bh_Ka26": 0.0, "Lb_Dr_Ki26": 0.0, "Lb_Dr_Ka26": 0.0, "Lb_Tr_Ki26": 0.0, "Lb_Tr_Ka26": 0.0, "Lb_TS_Ki26": 0.0, "Lb_TS_Ka26": 0.0, "Lb_Med_26": 0.0, "Lbr_Jbt_26": 8.4, "Bgn_Ats_26": "GBP", "Jns_Jbt_26": "STANDAR", "Thn_Bgn_26": "2023", "BA_26": "0", "LNT_26": "0", "BB_26": "1", "DAS_26": "1", "OP_26": "0", "UT_26": "0", "GR_26": "0", "LB_26": "0", "JBT_26": "1", "Tp_Lnts_26": "SUNGAI", "Dt_Lnts_26": "LURUS", "Pnangnn_26": "RUTIN", "Pmriksn_26": "TIDAK DISURVEI TA. 2026", "Pnglola_26": "BBPJN PAPUA-PAPUA PEGUNUNGAN", "Satkr_ID26": "693965", "PPK_Name26": "2.3", "Traffic_26": null, "VCR_26": "0", "AADT_26": "98", "Tipe_Jb_26": null, "Lat_26": -3.599294, "Long_26": 140.568359, "Tgl_Ins_26": "19/03/2024", "Ket_26": null }, "geometry": { "type": "Point", "coordinates": [ 140.568359000167789, -3.59929399971827 ] } },
{ "type": "Feature", "properties": { "KDRUAS_UPD": "62005", "NOJBT_UPD": "62.005.077.0", "NM_RUAS_UP": "YETTI - SENGGI - MAMBERAMO I (STA 0+000 - 107+300)", "NM_JBT_UPD": "USKU IX", "PROVINSI": "PAPUA PEGUNUNGAN (JAYAPURA)", "No_Prov_26": "62", "ID_Jbt_26": "6200122", "Kd_Ruas_26": "62005", "Suffix_26": "0", "Nm_Ruas_26": "YETTI - SENGGI - MAMBERAMO I (STA 0+000 - 107+300)", "Lintas_26": "JALAN LINTAS TENGAH", "No_Jbt_26": "62.005.077.0", "Nm_Jbt_26": "USKU IX", "Status_26": "N", "Fungsi_26": "A", "Lks_Dr_26": "JPR", "Lks_km_26": 76.273, "F_STA_26": "7430", "Cadin_26": "MBR", "Pjg_Jbt_26": 13.8, "Btg_Pjg_26": 13.2, "Jml_Btg_26": "1", "Lb_Jl_Ms26": 6.0, "Lb_Jl_Kl26": 6.0, "Lb_Lalin26": 2.16, "Lb_Bh_Ki26": 0.0, "Lb_Bh_Ka26": 0.0, "Lb_Dr_Ki26": 0.0, "Lb_Dr_Ka26": 0.0, "Lb_Tr_Ki26": 0.23, "Lb_Tr_Ka26": 0.23, "Lb_TS_Ki26": 0.0, "Lb_TS_Ka26": 0.0, "Lb_Med_26": 0.0, "Lbr_Jbt_26": 2.62, "Bgn_Ats_26": "GKW", "Jns_Jbt_26": "STANDAR", "Thn_Bgn_26": "2002", "BA_26": "4", "LNT_26": "3", "BB_26": "4", "DAS_26": "1", "OP_26": "0", "UT_26": "0", "GR_26": "0", "LB_26": "0", "JBT_26": "4", "Tp_Lnts_26": "SUNGAI", "Dt_Lnts_26": "LURUS", "Pnangnn_26": "MYC JEMBATAN (PENGGANTIAN)", "Pmriksn_26": "RUTIN", "Pnglola_26": "BBPJN PAPUA-PAPUA PEGUNUNGAN", "Satkr_ID26": "693965", "PPK_Name26": "2.3", "Traffic_26": null, "VCR_26": "0", "AADT_26": "98", "Tipe_Jb_26": null, "Lat_26": -3.618841, "Long_26": 140.53241, "Tgl_Ins_26": "12/06/2025", "Ket_26": null }, "geometry": { "type": "Point", "coordinates": [ 140.532409999821652, -3.618841000012083 ] } },
{ "type": "Feature", "properties": { "KDRUAS_UPD": "62005", "NOJBT_UPD": "62.005.072.0", "NM_RUAS_UP": "YETTI - SENGGI - MAMBERAMO I (STA 0+000 - 107+300)", "NM_JBT_UPD": "USKU V", "PROVINSI": "PAPUA PEGUNUNGAN (JAYAPURA)", "No_Prov_26": "62", "ID_Jbt_26": "6200117", "Kd_Ruas_26": "62005", "Suffix_26": "0", "Nm_Ruas_26": "YETTI - SENGGI - MAMBERAMO I (STA 0+000 - 107+300)", "Lintas_26": "JALAN LINTAS TENGAH", "No_Jbt_26": "62.005.072.0", "Nm_Jbt_26": "USKU V", "Status_26": "N", "Fungsi_26": "A", "Lks_Dr_26": "JPR", "Lks_km_26": 72.634, "F_STA_26": "7070", "Cadin_26": null, "Pjg_Jbt_26": 20.0, "Btg_Pjg_26": 20.3, "Jml_Btg_26": "1", "Lb_Jl_Ms26": 4.5, "Lb_Jl_Kl26": 4.5, "Lb_Lalin26": 6.86, "Lb_Bh_Ki26": 0.0, "Lb_Bh_Ka26": 0.0, "Lb_Dr_Ki26": 0.1, "Lb_Dr_Ka26": 0.1, "Lb_Tr_Ki26": 0.88, "Lb_Tr_Ka26": 0.9, "Lb_TS_Ki26": 0.31, "Lb_TS_Ka26": 0.33, "Lb_Med_26": 0.0, "Lbr_Jbt_26": 9.48, "Bgn_Ats_26": "GTP", "Jns_Jbt_26": "STANDAR", "Thn_Bgn_26": "2019", "BA_26": "2", "LNT_26": "2", "BB_26": "1", "DAS_26": "0", "OP_26": "0", "UT_26": "0", "GR_26": "0", "LB_26": "0", "JBT_26": "2", "Tp_Lnts_26": "SUNGAI", "Dt_Lnts_26": "LURUS", "Pnangnn_26": "RUTIN", "Pmriksn_26": "DETAIL", "Pnglola_26": "BBPJN PAPUA-PAPUA PEGUNUNGAN", "Satkr_ID26": "693965", "PPK_Name26": "2.3", "Traffic_26": null, "VCR_26": "0", "AADT_26": "98", "Tipe_Jb_26": null, "Lat_26": -3.605281, "Long_26": 140.555252, "Tgl_Ins_26": "27/05/2026", "Ket_26": null }, "geometry": { "type": "Point", "coordinates": [ 140.555252000079804, -3.605280999718332 ] } },
{ "type": "Feature", "properties": { "KDRUAS_UPD": "62005", "NOJBT_UPD": "62.005.073.0", "NM_RUAS_UP": "YETTI - SENGGI - MAMBERAMO I (STA 0+000 - 107+300)", "NM_JBT_UPD": "USKU VI", "PROVINSI": "PAPUA PEGUNUNGAN (JAYAPURA)", "No_Prov_26": "62", "ID_Jbt_26": "6200118", "Kd_Ruas_26": "62005", "Suffix_26": "0", "Nm_Ruas_26": "YETTI - SENGGI - MAMBERAMO I (STA 0+000 - 107+300)", "Lintas_26": "JALAN LINTAS TENGAH", "No_Jbt_26": "62.005.073.0", "Nm_Jbt_26": "USKU VI", "Status_26": "N", "Fungsi_26": "A", "Lks_Dr_26": "JPR", "Lks_km_26": 72.867, "F_STA_26": "7100", "Cadin_26": null, "Pjg_Jbt_26": 20.0, "Btg_Pjg_26": 20.15, "Jml_Btg_26": "1", "Lb_Jl_Ms26": 4.5, "Lb_Jl_Kl26": 4.5, "Lb_Lalin26": 6.75, "Lb_Bh_Ki26": 0.0, "Lb_Bh_Ka26": 0.0, "Lb_Dr_Ki26": 0.13, "Lb_Dr_Ka26": 0.16, "Lb_Tr_Ki26": 0.88, "Lb_Tr_Ka26": 0.87, "Lb_TS_Ki26": 0.29, "Lb_TS_Ka26": 0.28, "Lb_Med_26": 0.0, "Lbr_Jbt_26": 9.36, "Bgn_Ats_26": "GTP", "Jns_Jbt_26": "STANDAR", "Thn_Bgn_26": "2019", "BA_26": "2", "LNT_26": "1", "BB_26": "2", "DAS_26": "1", "OP_26": "0", "UT_26": "0", "GR_26": "0", "LB_26": "0", "JBT_26": "2", "Tp_Lnts_26": "SUNGAI", "Dt_Lnts_26": "LURUS", "Pnangnn_26": "RUTIN", "Pmriksn_26": "DETAIL", "Pnglola_26": "BBPJN PAPUA-PAPUA PEGUNUNGAN", "Satkr_ID26": "693965", "PPK_Name26": "2.3", "Traffic_26": null, "VCR_26": "0", "AADT_26": "98", "Tipe_Jb_26": null, "Lat_26": -3.606879, "Long_26": 140.552521, "Tgl_Ins_26": "25/06/2026", "Ket_26": null }, "geometry": { "type": "Point", "coordinates": [ 140.55252100004418, -3.606878999666037 ] } },
{ "type": "Feature", "properties": { "KDRUAS_UPD": "62005", "NOJBT_UPD": "62.005.075.0", "NM_RUAS_UP": "YETTI - SENGGI - MAMBERAMO I (STA 0+000 - 107+300)", "NM_JBT_UPD": "USKU VIII", "PROVINSI": "PAPUA PEGUNUNGAN (JAYAPURA)", "No_Prov_26": "62", "ID_Jbt_26": "6200120", "Kd_Ruas_26": "62005", "Suffix_26": "0", "Nm_Ruas_26": "YETTI - SENGGI - MAMBERAMO I (STA 0+000 - 107+300)", "Lintas_26": "JALAN LINTAS TENGAH", "No_Jbt_26": "62.005.075.0", "Nm_Jbt_26": "USKU VIII", "Status_26": "N", "Fungsi_26": "A", "Lks_Dr_26": "JPR", "Lks_km_26": 74.618, "F_STA_26": "7270", "Cadin_26": "MBR", "Pjg_Jbt_26": 20.0, "Btg_Pjg_26": 19.6, "Jml_Btg_26": "1", "Lb_Jl_Ms26": 4.5, "Lb_Jl_Kl26": 4.5, "Lb_Lalin26": 4.57, "Lb_Bh_Ki26": 0.0, "Lb_Bh_Ka26": 0.0, "Lb_Dr_Ki26": 0.0, "Lb_Dr_Ka26": 0.0, "Lb_Tr_Ki26": 0.0, "Lb_Tr_Ka26": 0.0, "Lb_TS_Ki26": 0.0, "Lb_TS_Ka26": 0.0, "Lb_Med_26": 0.0, "Lbr_Jbt_26": 4.57, "Bgn_Ats_26": "RBT", "Jns_Jbt_26": "STANDAR", "Thn_Bgn_26": "1994", "BA_26": "3", "LNT_26": "3", "BB_26": "4", "DAS_26": "0", "OP_26": "1", "UT_26": "0", "GR_26": "0", "LB_26": "0", "JBT_26": "4", "Tp_Lnts_26": "SUNGAI", "Dt_Lnts_26": "LURUS", "Pnangnn_26": "RUTIN", "Pmriksn_26": "DETAIL", "Pnglola_26": "BBPJN PAPUA-PAPUA PEGUNUNGAN", "Satkr_ID26": "693965", "PPK_Name26": "2.3", "Traffic_26": null, "VCR_26": "0", "AADT_26": "98", "Tipe_Jb_26": null, "Lat_26": -3.61558, "Long_26": 140.543808, "Tgl_Ins_26": "27/05/2026", "Ket_26": null }, "geometry": { "type": "Point", "coordinates": [ 140.543808000239096, -3.615579999817101 ] } },
{ "type": "Feature", "properties": { "KDRUAS_UPD": "62005", "NOJBT_UPD": "62.005.078.0", "NM_RUAS_UP": "YETTI - SENGGI - MAMBERAMO I (STA 0+000 - 107+300)", "NM_JBT_UPD": "USKU X", "PROVINSI": "PAPUA PEGUNUNGAN (JAYAPURA)", "No_Prov_26": "62", "ID_Jbt_26": "6200123", "Kd_Ruas_26": "62005", "Suffix_26": "0", "Nm_Ruas_26": "YETTI - SENGGI - MAMBERAMO I (STA 0+000 - 107+300)", "Lintas_26": "JALAN LINTAS TENGAH", "No_Jbt_26": "62.005.078.0", "Nm_Jbt_26": "USKU X", "Status_26": "N", "Fungsi_26": "A", "Lks_Dr_26": "JPR", "Lks_km_26": 76.939, "F_STA_26": "7500", "Cadin_26": "MBR", "Pjg_Jbt_26": 30.0, "Btg_Pjg_26": 29.5, "Jml_Btg_26": "1", "Lb_Jl_Ms26": 6.0, "Lb_Jl_Kl26": 6.0, "Lb_Lalin26": 4.46, "Lb_Bh_Ki26": 0.0, "Lb_Bh_Ka26": 0.0, "Lb_Dr_Ki26": 0.0, "Lb_Dr_Ka26": 0.0, "Lb_Tr_Ki26": 0.0, "Lb_Tr_Ka26": 0.0, "Lb_TS_Ki26": 0.0, "Lb_TS_Ka26": 0.0, "Lb_Med_26": 0.0, "Lbr_Jbt_26": 4.46, "Bgn_Ats_26": "RBW", "Jns_Jbt_26": "STANDAR", "Thn_Bgn_26": "2018", "BA_26": "2", "LNT_26": "2", "BB_26": "0", "DAS_26": "3", "OP_26": "0", "UT_26": "0", "GR_26": "0", "LB_26": "0", "JBT_26": "3", "Tp_Lnts_26": "SUNGAI", "Dt_Lnts_26": "LURUS", "Pnangnn_26": "RUTIN", "Pmriksn_26": "DETAIL", "Pnglola_26": "BBPJN PAPUA-PAPUA PEGUNUNGAN", "Satkr_ID26": "693965", "PPK_Name26": "2.3", "Traffic_26": null, "VCR_26": "0", "AADT_26": "98", "Tipe_Jb_26": null, "Lat_26": -3.623242, "Long_26": 140.530777, "Tgl_Ins_26": "25/06/2026", "Ket_26": null }, "geometry": { "type": "Point", "coordinates": [ 140.530777000058606, -3.623241999718459 ] } },
{ "type": "Feature", "properties": { "KDRUAS_UPD": "62005", "NOJBT_UPD": "62.005.079.0", "NM_RUAS_UP": "YETTI - SENGGI - MAMBERAMO I (STA 0+000 - 107+300)", "NM_JBT_UPD": "USKU XI", "PROVINSI": "PAPUA PEGUNUNGAN (JAYAPURA)", "No_Prov_26": "62", "ID_Jbt_26": "6200124", "Kd_Ruas_26": "62005", "Suffix_26": "0", "Nm_Ruas_26": "YETTI - SENGGI - MAMBERAMO I (STA 0+000 - 107+300)", "Lintas_26": "JALAN LINTAS TENGAH", "No_Jbt_26": "62.005.079.0", "Nm_Jbt_26": "USKU XI", "Status_26": "N", "Fungsi_26": "A", "Lks_Dr_26": "JPR", "Lks_km_26": 77.344, "F_STA_26": "7530", "Cadin_26": "MBR", "Pjg_Jbt_26": 13.1, "Btg_Pjg_26": 12.0, "Jml_Btg_26": "1", "Lb_Jl_Ms26": 6.0, "Lb_Jl_Kl26": 6.0, "Lb_Lalin26": 4.16, "Lb_Bh_Ki26": 0.0, "Lb_Bh_Ka26": 0.0, "Lb_Dr_Ki26": 0.0, "Lb_Dr_Ka26": 0.0, "Lb_Tr_Ki26": 0.0, "Lb_Tr_Ka26": 0.0, "Lb_TS_Ki26": 0.0, "Lb_TS_Ka26": 0.0, "Lb_Med_26": 0.0, "Lbr_Jbt_26": 4.16, "Bgn_Ats_26": "GKW", "Jns_Jbt_26": "STANDAR", "Thn_Bgn_26": "2000", "BA_26": "4", "LNT_26": "0", "BB_26": "0", "DAS_26": "0", "OP_26": "2", "UT_26": "0", "GR_26": "0", "LB_26": "0", "JBT_26": "4", "Tp_Lnts_26": "SUNGAI", "Dt_Lnts_26": "LURUS", "Pnangnn_26": "MYC JEMBATAN BARU (PENGGANTIAN)", "Pmriksn_26": "DETAIL", "Pnglola_26": "BBPJN PAPUA-PAPUA PEGUNUNGAN", "Satkr_ID26": "693965", "PPK_Name26": "2.3", "Traffic_26": null, "VCR_26": "0", "AADT_26": "98", "Tipe_Jb_26": null, "Lat_26": -3.623666, "Long_26": 140.527786, "Tgl_Ins_26": "27/05/2026", "Ket_26": null }, "geometry": { "type": "Point", "coordinates": [ 140.527785999724188, -3.623666000385583 ] } },
{ "type": "Feature", "properties": { "KDRUAS_UPD": "62035", "NOJBT_UPD": "62.035.078.0", "NM_RUAS_UP": "NIMBOTONG - BONGGO", "NM_JBT_UPD": "VONTENEWAY", "PROVINSI": "PAPUA PEGUNUNGAN (JAYAPURA)", "No_Prov_26": "62", "ID_Jbt_26": "6200544", "Kd_Ruas_26": "62035", "Suffix_26": null, "Nm_Ruas_26": "NIMBOTONG - BONGGO", "Lintas_26": "JALAN LINTAS UTARA", "No_Jbt_26": "62.035.078.0", "Nm_Jbt_26": "VONTENEWAY", "Status_26": "N", "Fungsi_26": "K", "Lks_Dr_26": "JPR", "Lks_km_26": 79.226, "F_STA_26": "6870", "Cadin_26": "BGO", "Pjg_Jbt_26": 31.0, "Btg_Pjg_26": 30.4, "Jml_Btg_26": "1", "Lb_Jl_Ms26": 6.0, "Lb_Jl_Kl26": 6.0, "Lb_Lalin26": 5.16, "Lb_Bh_Ki26": 0.27, "Lb_Bh_Ka26": 0.23, "Lb_Dr_Ki26": 0.1, "Lb_Dr_Ka26": 0.1, "Lb_Tr_Ki26": 0.57, "Lb_Tr_Ka26": 0.48, "Lb_TS_Ki26": 0.18, "Lb_TS_Ka26": 0.2, "Lb_Med_26": 0.0, "Lbr_Jbt_26": 7.29, "Bgn_Ats_26": "GBP", "Jns_Jbt_26": "STANDAR", "Thn_Bgn_26": "2008", "BA_26": "2", "LNT_26": "0", "BB_26": "1", "DAS_26": "2", "OP_26": "0", "UT_26": "0", "GR_26": "0", "LB_26": "0", "JBT_26": "2", "Tp_Lnts_26": "SUNGAI", "Dt_Lnts_26": "LURUS", "Pnangnn_26": "RUTIN", "Pmriksn_26": "DETAIL", "Pnglola_26": "BBPJN PAPUA-PAPUA PEGUNUNGAN", "Satkr_ID26": "693940", "PPK_Name26": "1.2", "Traffic_26": null, "VCR_26": "0", "AADT_26": "205", "Tipe_Jb_26": null, "Lat_26": -2.364966, "Long_26": 139.679672, "Tgl_Ins_26": "17/05/2026", "Ket_26": null }, "geometry": { "type": "Point", "coordinates": [ 139.679672000262713, -2.364966000080813 ] } },
{ "type": "Feature", "properties": { "KDRUAS_UPD": "6200115", "NOJBT_UPD": "62.001.004.1.15", "NM_RUAS_UP": "ABEPURA - BTS. KOTA JAYAPURA / KAB. JAYAPURA", "NM_JBT_UPD": "WAENA", "PROVINSI": "PAPUA PEGUNUNGAN (JAYAPURA)", "No_Prov_26": "62", "ID_Jbt_26": "6200921", "Kd_Ruas_26": "6200115", "Suffix_26": "15", "Nm_Ruas_26": "ABEPURA - BTS. KOTA JAYAPURA / KAB. JAYAPURA", "Lintas_26": "NON LINTAS", "No_Jbt_26": "62.001.004.1.15", "Nm_Jbt_26": "WAENA", "Status_26": "N", "Fungsi_26": "A", "Lks_Dr_26": "JPR", "Lks_km_26": 4.967, "F_STA_26": "430", "Cadin_26": "STN", "Pjg_Jbt_26": 25.3, "Btg_Pjg_26": 24.5, "Jml_Btg_26": "1", "Lb_Jl_Ms26": 14.0, "Lb_Jl_Kl26": 14.0, "Lb_Lalin26": 14.18, "Lb_Bh_Ki26": 0.64, "Lb_Bh_Ka26": 0.93, "Lb_Dr_Ki26": 0.0, "Lb_Dr_Ka26": 0.0, "Lb_Tr_Ki26": 1.07, "Lb_Tr_Ka26": 0.99, "Lb_TS_Ki26": 0.31, "Lb_TS_Ka26": 0.37, "Lb_Med_26": 0.42, "Lbr_Jbt_26": 18.91, "Bgn_Ats_26": "GBP", "Jns_Jbt_26": "STANDAR", "Thn_Bgn_26": "1988", "BA_26": "2", "LNT_26": "2", "BB_26": "1", "DAS_26": "2", "OP_26": "1", "UT_26": "0", "GR_26": "0", "LB_26": "0", "JBT_26": "2", "Tp_Lnts_26": "SUNGAI", "Dt_Lnts_26": "LURUS", "Pnangnn_26": "RUTIN", "Pmriksn_26": "DETAIL", "Pnglola_26": "BBPJN PAPUA-PAPUA PEGUNUNGAN", "Satkr_ID26": "693940", "PPK_Name26": "1.1", "Traffic_26": null, "VCR_26": "0", "AADT_26": "11401", "Tipe_Jb_26": null, "Lat_26": -2.59509, "Long_26": 140.632721, "Tgl_Ins_26": "26/05/2026", "Ket_26": null }, "geometry": { "type": "Point", "coordinates": [ 140.632720999574531, -2.59509000030323 ] } },
{ "type": "Feature", "properties": { "KDRUAS_UPD": "62061", "NOJBT_UPD": "62.061.002.0", "NM_RUAS_UP": "BIAK - JUNCTION - KOREM", "NM_JBT_UPD": "WARI", "PROVINSI": "PAPUA PEGUNUNGAN (JAYAPURA)", "No_Prov_26": "62", "ID_Jbt_26": "6200740", "Kd_Ruas_26": "62061", "Suffix_26": null, "Nm_Ruas_26": "BIAK - JUNCTION - KOREM", "Lintas_26": "BIAK - JUNCTION - KOREM", "No_Jbt_26": "62.061.002.0", "Nm_Jbt_26": "WARI", "Status_26": "N", "Fungsi_26": "K", "Lks_Dr_26": "BIA", "Lks_km_26": 41.58, "F_STA_26": "3510", "Cadin_26": "BIA", "Pjg_Jbt_26": 40.0, "Btg_Pjg_26": 40.0, "Jml_Btg_26": "1", "Lb_Jl_Ms26": 7.0, "Lb_Jl_Kl26": 7.0, "Lb_Lalin26": 5.26, "Lb_Bh_Ki26": 0.34, "Lb_Bh_Ka26": 0.49, "Lb_Dr_Ki26": 0.0, "Lb_Dr_Ka26": 0.0, "Lb_Tr_Ki26": 0.47, "Lb_Tr_Ka26": 0.47, "Lb_TS_Ki26": 0.0, "Lb_TS_Ka26": 0.0, "Lb_Med_26": 0.0, "Lbr_Jbt_26": 7.03, "Bgn_Ats_26": "RBR", "Jns_Jbt_26": "STANDAR", "Thn_Bgn_26": "2000", "BA_26": "2", "LNT_26": "2", "BB_26": "1", "DAS_26": "0", "OP_26": "0", "UT_26": "0", "GR_26": "0", "LB_26": "0", "JBT_26": "2", "Tp_Lnts_26": "SUNGAI", "Dt_Lnts_26": "LURUS", "Pnangnn_26": "RUTIN", "Pmriksn_26": "TIDAK DISURVEI TA. 2026", "Pnglola_26": "BBPJN PAPUA-PAPUA PEGUNUNGAN", "Satkr_ID26": "693941", "PPK_Name26": "3.1", "Traffic_26": null, "VCR_26": "0", "AADT_26": "278", "Tipe_Jb_26": null, "Lat_26": -0.859819, "Long_26": 136.035629, "Tgl_Ins_26": "09/05/2024", "Ket_26": null }, "geometry": { "type": "Point", "coordinates": [ 136.035628999878554, -0.859819000446464 ] } },
{ "type": "Feature", "properties": { "KDRUAS_UPD": "62037", "NOJBT_UPD": "62.037.043.0", "NM_RUAS_UP": "SARMI - ARBAIS", "NM_JBT_UPD": "WARI I", "PROVINSI": "PAPUA PEGUNUNGAN (JAYAPURA)", "No_Prov_26": "62", "ID_Jbt_26": "6201684", "Kd_Ruas_26": "62037", "Suffix_26": null, "Nm_Ruas_26": "SARMI - ARBAIS", "Lintas_26": "NON LINTAS", "No_Jbt_26": "62.037.043.0", "Nm_Jbt_26": "WARI I", "Status_26": "N", "Fungsi_26": "K", "Lks_Dr_26": "SRM", "Lks_km_26": 36.817, "F_STA_26": "3210", "Cadin_26": "ARB", "Pjg_Jbt_26": 18.4, "Btg_Pjg_26": 18.0, "Jml_Btg_26": "1", "Lb_Jl_Ms26": 7.0, "Lb_Jl_Kl26": 7.0, "Lb_Lalin26": 2.5, "Lb_Bh_Ki26": 0.82, "Lb_Bh_Ka26": 0.78, "Lb_Dr_Ki26": 0.0, "Lb_Dr_Ka26": 0.0, "Lb_Tr_Ki26": 0.2, "Lb_Tr_Ka26": 0.2, "Lb_TS_Ki26": 0.0, "Lb_TS_Ka26": 0.0, "Lb_Med_26": 0.0, "Lbr_Jbt_26": 4.5, "Bgn_Ats_26": "RBW", "Jns_Jbt_26": "STANDAR", "Thn_Bgn_26": "2014", "BA_26": "2", "LNT_26": "2", "BB_26": "2", "DAS_26": "1", "OP_26": "0", "UT_26": "0", "GR_26": "0", "LB_26": "0", "JBT_26": "2", "Tp_Lnts_26": "SUNGAI", "Dt_Lnts_26": "LURUS", "Pnangnn_26": "MYC JALAN (RUTIN)", "Pmriksn_26": "TIDAK DISURVEI TA. 2026", "Pnglola_26": "BBPJN PAPUA-PAPUA PEGUNUNGAN", "Satkr_ID26": "693940", "PPK_Name26": "1.3", "Traffic_26": null, "VCR_26": "0", "AADT_26": "690", "Tipe_Jb_26": null, "Lat_26": -1.770433, "Long_26": 138.570801, "Tgl_Ins_26": "13/06/2025", "Ket_26": null }, "geometry": { "type": "Point", "coordinates": [ 138.570800999866265, -1.770432999783054 ] } },
{ "type": "Feature", "properties": { "KDRUAS_UPD": "62037", "NOJBT_UPD": "62.037.044.0", "NM_RUAS_UP": "SARMI - ARBAIS", "NM_JBT_UPD": "WARI II", "PROVINSI": "PAPUA PEGUNUNGAN (JAYAPURA)", "No_Prov_26": "62", "ID_Jbt_26": "6201685", "Kd_Ruas_26": "62037", "Suffix_26": null, "Nm_Ruas_26": "SARMI - ARBAIS", "Lintas_26": "NON LINTAS", "No_Jbt_26": "62.037.044.0", "Nm_Jbt_26": "WARI II", "Status_26": "N", "Fungsi_26": "K", "Lks_Dr_26": "SRM", "Lks_km_26": 38.223, "F_STA_26": "3330", "Cadin_26": "ARB", "Pjg_Jbt_26": 9.6, "Btg_Pjg_26": 9.6, "Jml_Btg_26": "1", "Lb_Jl_Ms26": 7.0, "Lb_Jl_Kl26": 7.0, "Lb_Lalin26": 3.3, "Lb_Bh_Ki26": 0.0, "Lb_Bh_Ka26": 0.0, "Lb_Dr_Ki26": 0.0, "Lb_Dr_Ka26": 0.0, "Lb_Tr_Ki26": 0.0, "Lb_Tr_Ka26": 0.0, "Lb_TS_Ki26": 0.0, "Lb_TS_Ka26": 0.0, "Lb_Med_26": 0.0, "Lbr_Jbt_26": 3.3, "Bgn_Ats_26": "GKP", "Jns_Jbt_26": "STANDAR", "Thn_Bgn_26": "2000", "BA_26": "4", "LNT_26": "3", "BB_26": "4", "DAS_26": "1", "OP_26": "0", "UT_26": "0", "GR_26": "0", "LB_26": "0", "JBT_26": "4", "Tp_Lnts_26": "SUNGAI", "Dt_Lnts_26": "LURUS", "Pnangnn_26": "MYC JALAN (RUTIN)", "Pmriksn_26": "DETAIL", "Pnglola_26": "BBPJN PAPUA-PAPUA PEGUNUNGAN", "Satkr_ID26": "693940", "PPK_Name26": "1.3", "Traffic_26": null, "VCR_26": "0", "AADT_26": "690", "Tipe_Jb_26": null, "Lat_26": -1.767989, "Long_26": 138.560226, "Tgl_Ins_26": "22/05/2026", "Ket_26": null }, "geometry": { "type": "Point", "coordinates": [ 138.560225999630234, -1.767989000391992 ] } },
{ "type": "Feature", "properties": { "KDRUAS_UPD": "62057", "NOJBT_UPD": "62.057.054.0", "NM_RUAS_UP": "MENAWI - SAUBEBA - YOBI", "NM_JBT_UPD": "WARMANA", "PROVINSI": "PAPUA PEGUNUNGAN (JAYAPURA)", "No_Prov_26": "62", "ID_Jbt_26": "6201535", "Kd_Ruas_26": "62057", "Suffix_26": null, "Nm_Ruas_26": "MENAWI - SAUBEBA - YOBI", "Lintas_26": "NON LINTAS", "No_Jbt_26": "62.057.054.0", "Nm_Jbt_26": "WARMANA", "Status_26": "N", "Fungsi_26": "K", "Lks_Dr_26": "SER", "Lks_km_26": 35.768, "F_STA_26": "3540", "Cadin_26": "MEN", "Pjg_Jbt_26": 25.5, "Btg_Pjg_26": 25.0, "Jml_Btg_26": "1", "Lb_Jl_Ms26": 6.0, "Lb_Jl_Kl26": 6.0, "Lb_Lalin26": 3.9, "Lb_Bh_Ki26": 0.0, "Lb_Bh_Ka26": 0.0, "Lb_Dr_Ki26": 0.0, "Lb_Dr_Ka26": 0.0, "Lb_Tr_Ki26": 0.2, "Lb_Tr_Ka26": 0.2, "Lb_TS_Ki26": 0.0, "Lb_TS_Ka26": 0.0, "Lb_Med_26": 0.0, "Lbr_Jbt_26": 4.3, "Bgn_Ats_26": "RBW", "Jns_Jbt_26": "STANDAR", "Thn_Bgn_26": "2005", "BA_26": "2", "LNT_26": "2", "BB_26": "2", "DAS_26": "1", "OP_26": "0", "UT_26": "0", "GR_26": "0", "LB_26": "0", "JBT_26": "2", "Tp_Lnts_26": "SUNGAI", "Dt_Lnts_26": "LURUS", "Pnangnn_26": "BERKALA", "Pmriksn_26": "TIDAK DISURVEI TA. 2026", "Pnglola_26": "BBPJN PAPUA-PAPUA PEGUNUNGAN", "Satkr_ID26": "693941", "PPK_Name26": "3.2", "Traffic_26": null, "VCR_26": "0", "AADT_26": "11", "Tipe_Jb_26": null, "Lat_26": -1.719535, "Long_26": 136.383194, "Tgl_Ins_26": "01/06/2025", "Ket_26": null }, "geometry": { "type": "Point", "coordinates": [ 136.383194000203048, -1.719534999840334 ] } },
{ "type": "Feature", "properties": { "KDRUAS_UPD": "62037", "NOJBT_UPD": "62.037.042.0", "NM_RUAS_UP": "SARMI - ARBAIS", "NM_JBT_UPD": "WARTEWAR", "PROVINSI": "PAPUA PEGUNUNGAN (JAYAPURA)", "No_Prov_26": "62", "ID_Jbt_26": "6201683", "Kd_Ruas_26": "62037", "Suffix_26": null, "Nm_Ruas_26": "SARMI - ARBAIS", "Lintas_26": "NON LINTAS", "No_Jbt_26": "62.037.042.0", "Nm_Jbt_26": "WARTEWAR", "Status_26": "N", "Fungsi_26": "K", "Lks_Dr_26": "SRM", "Lks_km_26": 34.655, "F_STA_26": "3030", "Cadin_26": "ARB", "Pjg_Jbt_26": 18.7, "Btg_Pjg_26": 18.0, "Jml_Btg_26": "1", "Lb_Jl_Ms26": 7.0, "Lb_Jl_Kl26": 7.0, "Lb_Lalin26": 3.6, "Lb_Bh_Ki26": 0.0, "Lb_Bh_Ka26": 0.0, "Lb_Dr_Ki26": 0.0, "Lb_Dr_Ka26": 0.0, "Lb_Tr_Ki26": 0.0, "Lb_Tr_Ka26": 0.0, "Lb_TS_Ki26": 0.0, "Lb_TS_Ka26": 0.0, "Lb_Med_26": 0.0, "Lbr_Jbt_26": 3.6, "Bgn_Ats_26": "RBW", "Jns_Jbt_26": "STANDAR", "Thn_Bgn_26": "2014", "BA_26": "3", "LNT_26": "3", "BB_26": "4", "DAS_26": "0", "OP_26": "0", "UT_26": "0", "GR_26": "0", "LB_26": "0", "JBT_26": "4", "Tp_Lnts_26": "SUNGAI", "Dt_Lnts_26": "LURUS", "Pnangnn_26": "MYC JALAN (RUTIN)", "Pmriksn_26": "DETAIL", "Pnglola_26": "BBPJN PAPUA-PAPUA PEGUNUNGAN", "Satkr_ID26": "693940", "PPK_Name26": "1.3", "Traffic_26": null, "VCR_26": "0", "AADT_26": "690", "Tipe_Jb_26": null, "Lat_26": -1.774543, "Long_26": 138.585526, "Tgl_Ins_26": "22/05/2026", "Ket_26": null }, "geometry": { "type": "Point", "coordinates": [ 138.585525999925039, -1.774542999559742 ] } },
{ "type": "Feature", "properties": { "KDRUAS_UPD": "62033", "NOJBT_UPD": "62.033.030.0", "NM_RUAS_UP": "SENTANI  -  BONGKRANG - WARUMBAIM", "NM_JBT_UPD": "WARUMBAIM", "PROVINSI": "PAPUA PEGUNUNGAN (JAYAPURA)", "No_Prov_26": "62", "ID_Jbt_26": "6201713", "Kd_Ruas_26": "62033", "Suffix_26": null, "Nm_Ruas_26": "SENTANI  -  BONGKRANG - WARUMBAIM", "Lintas_26": "JALAN LINTAS UTARA", "No_Jbt_26": "62.033.030.0", "Nm_Jbt_26": "WARUMBAIM", "Status_26": "N", "Fungsi_26": "A", "Lks_Dr_26": "JPR", "Lks_km_26": 53.01, "F_STA_26": "4980", "Cadin_26": "WRM", "Pjg_Jbt_26": 46.4, "Btg_Pjg_26": 45.0, "Jml_Btg_26": "1", "Lb_Jl_Ms26": 6.9, "Lb_Jl_Kl26": 6.9, "Lb_Lalin26": 5.91, "Lb_Bh_Ki26": 0.0, "Lb_Bh_Ka26": 0.0, "Lb_Dr_Ki26": 0.13, "Lb_Dr_Ka26": 0.13, "Lb_Tr_Ki26": 0.46, "Lb_Tr_Ka26": 0.47, "Lb_TS_Ki26": 0.0, "Lb_TS_Ka26": 0.0, "Lb_Med_26": 0.0, "Lbr_Jbt_26": 7.1, "Bgn_Ats_26": "RBR", "Jns_Jbt_26": "STANDAR", "Thn_Bgn_26": "2007", "BA_26": "2", "LNT_26": "1", "BB_26": "1", "DAS_26": "2", "OP_26": "1", "UT_26": "0", "GR_26": "0", "LB_26": "0", "JBT_26": "2", "Tp_Lnts_26": "SUNGAI", "Dt_Lnts_26": "LURUS", "Pnangnn_26": "RUTIN", "Pmriksn_26": "TIDAK DISURVEI TA. 2026", "Pnglola_26": "BBPJN PAPUA-PAPUA PEGUNUNGAN", "Satkr_ID26": "693940", "PPK_Name26": "1.2", "Traffic_26": null, "VCR_26": "0", "AADT_26": "9255", "Tipe_Jb_26": null, "Lat_26": -2.546124, "Long_26": 140.19606, "Tgl_Ins_26": "27/05/2025", "Ket_26": null }, "geometry": { "type": "Point", "coordinates": [ 140.196059999569343, -2.546124000422253 ] } },
{ "type": "Feature", "properties": { "KDRUAS_UPD": "62036", "NOJBT_UPD": "62.036.082.0", "NM_RUAS_UP": "BONGGO - BETAF - SARMI", "NM_JBT_UPD": "WASKEY", "PROVINSI": "PAPUA PEGUNUNGAN (JAYAPURA)", "No_Prov_26": "62", "ID_Jbt_26": "6201083", "Kd_Ruas_26": "62036", "Suffix_26": null, "Nm_Ruas_26": "BONGGO - BETAF - SARMI", "Lintas_26": "JALAN LINTAS UTARA", "No_Jbt_26": "62.036.082.0", "Nm_Jbt_26": "WASKEY", "Status_26": "N", "Fungsi_26": "K", "Lks_Dr_26": "JPR", "Lks_km_26": 106.247, "F_STA_26": "10320", "Cadin_26": "SRM", "Pjg_Jbt_26": 61.0, "Btg_Pjg_26": 60.3, "Jml_Btg_26": "1", "Lb_Jl_Ms26": 6.2, "Lb_Jl_Kl26": 6.2, "Lb_Lalin26": 5.95, "Lb_Bh_Ki26": 0.0, "Lb_Bh_Ka26": 0.08, "Lb_Dr_Ki26": 0.08, "Lb_Dr_Ka26": 0.0, "Lb_Tr_Ki26": 0.52, "Lb_Tr_Ka26": 0.53, "Lb_TS_Ki26": 0.0, "Lb_TS_Ka26": 0.0, "Lb_Med_26": 0.0, "Lbr_Jbt_26": 7.16, "Bgn_Ats_26": "RBR", "Jns_Jbt_26": "STANDAR", "Thn_Bgn_26": "2016", "BA_26": "2", "LNT_26": "2", "BB_26": "1", "DAS_26": "1", "OP_26": "1", "UT_26": "0", "GR_26": "0", "LB_26": "0", "JBT_26": "2", "Tp_Lnts_26": "SUNGAI", "Dt_Lnts_26": "BERKELOK (MEANDER)", "Pnangnn_26": "REHABILITASI", "Pmriksn_26": "TIDAK DISURVEI TA. 2026", "Pnglola_26": "BBPJN PAPUA-PAPUA PEGUNUNGAN", "Satkr_ID26": "693940", "PPK_Name26": "1.3", "Traffic_26": null, "VCR_26": "0", "AADT_26": "791", "Tipe_Jb_26": null, "Lat_26": -1.977745, "Long_26": 138.823654, "Tgl_Ins_26": "09/06/2025", "Ket_26": null }, "geometry": { "type": "Point", "coordinates": [ 138.823653999632484, -1.97774500023155 ] } },
{ "type": "Feature", "properties": { "KDRUAS_UPD": "62036", "NOJBT_UPD": "62.036.083.0", "NM_RUAS_UP": "BONGGO - BETAF - SARMI", "NM_JBT_UPD": "WASKEY I", "PROVINSI": "PAPUA PEGUNUNGAN (JAYAPURA)", "No_Prov_26": "62", "ID_Jbt_26": "6201084", "Kd_Ruas_26": "62036", "Suffix_26": null, "Nm_Ruas_26": "BONGGO - BETAF - SARMI", "Lintas_26": "JALAN LINTAS UTARA", "No_Jbt_26": "62.036.083.0", "Nm_Jbt_26": "WASKEY I", "Status_26": "N", "Fungsi_26": "K", "Lks_Dr_26": "JPR", "Lks_km_26": 107.173, "F_STA_26": "10410", "Cadin_26": "SRM", "Pjg_Jbt_26": 14.0, "Btg_Pjg_26": 13.0, "Jml_Btg_26": "1", "Lb_Jl_Ms26": 5.1, "Lb_Jl_Kl26": 5.1, "Lb_Lalin26": 3.1, "Lb_Bh_Ki26": 0.0, "Lb_Bh_Ka26": 0.0, "Lb_Dr_Ki26": 0.0, "Lb_Dr_Ka26": 0.0, "Lb_Tr_Ki26": 0.0, "Lb_Tr_Ka26": 0.0, "Lb_TS_Ki26": 0.0, "Lb_TS_Ka26": 0.0, "Lb_Med_26": 0.0, "Lbr_Jbt_26": 3.1, "Bgn_Ats_26": "GKW", "Jns_Jbt_26": "STANDAR", "Thn_Bgn_26": "2005", "BA_26": "4", "LNT_26": "0", "BB_26": "3", "DAS_26": "1", "OP_26": "0", "UT_26": "0", "GR_26": "0", "LB_26": "0", "JBT_26": "4", "Tp_Lnts_26": "SUNGAI", "Dt_Lnts_26": "LURUS", "Pnangnn_26": "MYC JEMBATAN (PENGGANTIAN)", "Pmriksn_26": "RUTIN", "Pnglola_26": "BBPJN PAPUA-PAPUA PEGUNUNGAN", "Satkr_ID26": "693940", "PPK_Name26": "1.3", "Traffic_26": null, "VCR_26": "0", "AADT_26": "791", "Tipe_Jb_26": null, "Lat_26": -1.973886, "Long_26": 138.819656, "Tgl_Ins_26": "19/05/2026", "Ket_26": null }, "geometry": { "type": "Point", "coordinates": [ 138.819655999624729, -1.973886000338609 ] } },
{ "type": "Feature", "properties": { "KDRUAS_UPD": "62005", "NOJBT_UPD": "62.005.052.0", "NM_RUAS_UP": "YETTI - SENGGI - MAMBERAMO I (STA 0+000 - 107+300)", "NM_JBT_UPD": "WEB 2", "PROVINSI": "PAPUA PEGUNUNGAN (JAYAPURA)", "No_Prov_26": "62", "ID_Jbt_26": "6200098", "Kd_Ruas_26": "62005", "Suffix_26": "0", "Nm_Ruas_26": "YETTI - SENGGI - MAMBERAMO I (STA 0+000 - 107+300)", "Lintas_26": "JALAN LINTAS TENGAH", "No_Jbt_26": "62.005.052.0", "Nm_Jbt_26": "WEB 2", "Status_26": "N", "Fungsi_26": "A", "Lks_Dr_26": "JPR", "Lks_km_26": 50.478, "F_STA_26": "4900", "Cadin_26": null, "Pjg_Jbt_26": 40.0, "Btg_Pjg_26": 40.0, "Jml_Btg_26": "1", "Lb_Jl_Ms26": 4.5, "Lb_Jl_Kl26": 4.5, "Lb_Lalin26": 6.9, "Lb_Bh_Ki26": 0.0, "Lb_Bh_Ka26": 0.0, "Lb_Dr_Ki26": 0.07, "Lb_Dr_Ka26": 0.0, "Lb_Tr_Ki26": 0.99, "Lb_Tr_Ka26": 1.0, "Lb_TS_Ki26": 0.0, "Lb_TS_Ka26": 0.0, "Lb_Med_26": 0.0, "Lbr_Jbt_26": 8.96, "Bgn_Ats_26": "RBR", "Jns_Jbt_26": "STANDAR", "Thn_Bgn_26": "2020", "BA_26": "2", "LNT_26": "2", "BB_26": "2", "DAS_26": "0", "OP_26": "2", "UT_26": "0", "GR_26": "0", "LB_26": "0", "JBT_26": "2", "Tp_Lnts_26": "SUNGAI", "Dt_Lnts_26": "LURUS", "Pnangnn_26": "RUTIN", "Pmriksn_26": "DETAIL", "Pnglola_26": "BBPJN PAPUA-PAPUA PEGUNUNGAN", "Satkr_ID26": "693965", "PPK_Name26": "2.3", "Traffic_26": null, "VCR_26": "0", "AADT_26": "98", "Tipe_Jb_26": null, "Lat_26": -3.576073, "Long_26": 140.701828, "Tgl_Ins_26": "26/05/2026", "Ket_26": null }, "geometry": { "type": "Point", "coordinates": [ 140.701828000162095, -3.576072999968915 ] } },
{ "type": "Feature", "properties": { "KDRUAS_UPD": "62057", "NOJBT_UPD": "62.057.064.0", "NM_RUAS_UP": "MENAWI - SAUBEBA - YOBI", "NM_JBT_UPD": "WEKEN", "PROVINSI": "PAPUA PEGUNUNGAN (JAYAPURA)", "No_Prov_26": "62", "ID_Jbt_26": "6201545", "Kd_Ruas_26": "62057", "Suffix_26": null, "Nm_Ruas_26": "MENAWI - SAUBEBA - YOBI", "Lintas_26": "NON LINTAS", "No_Jbt_26": "62.057.064.0", "Nm_Jbt_26": "WEKEN", "Status_26": "N", "Fungsi_26": "K", "Lks_Dr_26": "SER", "Lks_km_26": 39.823, "F_STA_26": "3930", "Cadin_26": "MEN", "Pjg_Jbt_26": 50.0, "Btg_Pjg_26": 50.0, "Jml_Btg_26": "1", "Lb_Jl_Ms26": 6.0, "Lb_Jl_Kl26": 6.0, "Lb_Lalin26": 0.0, "Lb_Bh_Ki26": 0.0, "Lb_Bh_Ka26": 0.0, "Lb_Dr_Ki26": 0.0, "Lb_Dr_Ka26": 0.0, "Lb_Tr_Ki26": 0.0, "Lb_Tr_Ka26": 0.0, "Lb_TS_Ki26": 0.0, "Lb_TS_Ka26": 0.0, "Lb_Med_26": 0.0, "Lbr_Jbt_26": 0.0, "Bgn_Ats_26": "WXX", "Jns_Jbt_26": "STANDAR", "Thn_Bgn_26": "0", "BA_26": "0", "LNT_26": "0", "BB_26": "0", "DAS_26": "0", "OP_26": "0", "UT_26": "0", "GR_26": "0", "LB_26": "5", "JBT_26": "5", "Tp_Lnts_26": "SUNGAI", "Dt_Lnts_26": "LURUS", "Pnangnn_26": "DO NOTHING ( DO NOTHING)", "Pmriksn_26": "RUTIN", "Pnglola_26": "BBPJN PAPUA-PAPUA PEGUNUNGAN", "Satkr_ID26": "693941", "PPK_Name26": "3.2", "Traffic_26": null, "VCR_26": "0", "AADT_26": "11", "Tipe_Jb_26": null, "Lat_26": -1.717676, "Long_26": 136.416672, "Tgl_Ins_26": "01/06/2026", "Ket_26": null }, "geometry": { "type": "Point", "coordinates": [ 136.416671999912978, -1.717676000447 ] } },
{ "type": "Feature", "properties": { "KDRUAS_UPD": "62035", "NOJBT_UPD": "62.035.068.0", "NM_RUAS_UP": "NIMBOTONG - BONGGO", "NM_JBT_UPD": "WIRING II", "PROVINSI": "PAPUA PEGUNUNGAN (JAYAPURA)", "No_Prov_26": "62", "ID_Jbt_26": "6200535", "Kd_Ruas_26": "62035", "Suffix_26": null, "Nm_Ruas_26": "NIMBOTONG - BONGGO", "Lintas_26": "JALAN LINTAS UTARA", "No_Jbt_26": "62.035.068.0", "Nm_Jbt_26": "WIRING II", "Status_26": "N", "Fungsi_26": "K", "Lks_Dr_26": "JPR", "Lks_km_26": 72.775, "F_STA_26": "6330", "Cadin_26": "BGO", "Pjg_Jbt_26": 40.5, "Btg_Pjg_26": 40.0, "Jml_Btg_26": "1", "Lb_Jl_Ms26": 6.0, "Lb_Jl_Kl26": 6.0, "Lb_Lalin26": 5.3, "Lb_Bh_Ki26": 0.33, "Lb_Bh_Ka26": 0.42, "Lb_Dr_Ki26": 0.06, "Lb_Dr_Ka26": 0.06, "Lb_Tr_Ki26": 0.48, "Lb_Tr_Ka26": 0.47, "Lb_TS_Ki26": 0.0, "Lb_TS_Ka26": 0.0, "Lb_Med_26": 0.0, "Lbr_Jbt_26": 7.12, "Bgn_Ats_26": "RBR", "Jns_Jbt_26": "STANDAR", "Thn_Bgn_26": "2010", "BA_26": "2", "LNT_26": "2", "BB_26": "1", "DAS_26": "1", "OP_26": "1", "UT_26": "0", "GR_26": "0", "LB_26": "0", "JBT_26": "2", "Tp_Lnts_26": "SUNGAI", "Dt_Lnts_26": "LURUS", "Pnangnn_26": "RUTIN", "Pmriksn_26": "TIDAK DISURVEI TA. 2026", "Pnglola_26": "BBPJN PAPUA-PAPUA PEGUNUNGAN", "Satkr_ID26": "693940", "PPK_Name26": "1.2", "Traffic_26": null, "VCR_26": "0", "AADT_26": "205", "Tipe_Jb_26": null, "Lat_26": -2.385745, "Long_26": 139.723465, "Tgl_Ins_26": "20/06/2025", "Ket_26": null }, "geometry": { "type": "Point", "coordinates": [ 139.723464999909879, -2.385744999631981 ] } },
{ "type": "Feature", "properties": { "KDRUAS_UPD": "62019", "NOJBT_UPD": "62.019.039.0", "NM_RUAS_UP": "YETI - UBRUB - YAMBRA *", "NM_JBT_UPD": "YABANDA", "PROVINSI": "PAPUA PEGUNUNGAN (JAYAPURA)", "No_Prov_26": "62", "ID_Jbt_26": "6200343", "Kd_Ruas_26": "62019", "Suffix_26": "0", "Nm_Ruas_26": "YETI - UBRUB - YAMBRA *", "Lintas_26": "JALAN LINTAS PERBATASAN", "No_Jbt_26": "62.019.039.0", "Nm_Jbt_26": "YABANDA", "Status_26": "N", "Fungsi_26": "K", "Lks_Dr_26": "JPR", "Lks_km_26": 25.275, "F_STA_26": "2410", "Cadin_26": "UBR", "Pjg_Jbt_26": 81.0, "Btg_Pjg_26": 60.0, "Jml_Btg_26": "3", "Lb_Jl_Ms26": 5.5, "Lb_Jl_Kl26": 5.5, "Lb_Lalin26": 5.8, "Lb_Bh_Ki26": 0.0, "Lb_Bh_Ka26": 0.0, "Lb_Dr_Ki26": 0.15, "Lb_Dr_Ka26": 0.15, "Lb_Tr_Ki26": 0.55, "Lb_Tr_Ka26": 0.61, "Lb_TS_Ki26": 0.0, "Lb_TS_Ka26": 0.0, "Lb_Med_26": 0.0, "Lbr_Jbt_26": 7.26, "Bgn_Ats_26": "RBR", "Jns_Jbt_26": "STANDAR", "Thn_Bgn_26": "2011", "BA_26": "2", "LNT_26": "2", "BB_26": "3", "DAS_26": "2", "OP_26": "2", "UT_26": "0", "GR_26": "0", "LB_26": "0", "JBT_26": "3", "Tp_Lnts_26": "SUNGAI", "Dt_Lnts_26": "LURUS", "Pnangnn_26": "RUTIN", "Pmriksn_26": "DETAIL", "Pnglola_26": "BBPJN PAPUA-PAPUA PEGUNUNGAN", "Satkr_ID26": "693965", "PPK_Name26": "2.2", "Traffic_26": null, "VCR_26": "0", "AADT_26": "34", "Tipe_Jb_26": null, "Lat_26": -3.468578, "Long_26": 140.8937, "Tgl_Ins_26": "04/06/2026", "Ket_26": null }, "geometry": { "type": "Point", "coordinates": [ 140.893676999793797, -3.468577999874753 ] } },
{ "type": "Feature", "properties": { "KDRUAS_UPD": "62033", "NOJBT_UPD": "62.033.031.0", "NM_RUAS_UP": "SENTANI  -  BONGKRANG - WARUMBAIM", "NM_JBT_UPD": "YAKA", "PROVINSI": "PAPUA PEGUNUNGAN (JAYAPURA)", "No_Prov_26": "62", "ID_Jbt_26": "6201714", "Kd_Ruas_26": "62033", "Suffix_26": null, "Nm_Ruas_26": "SENTANI  -  BONGKRANG - WARUMBAIM", "Lintas_26": "JALAN LINTAS UTARA", "No_Jbt_26": "62.033.031.0", "Nm_Jbt_26": "YAKA", "Status_26": "N", "Fungsi_26": "A", "Lks_Dr_26": "JPR", "Lks_km_26": 53.414, "F_STA_26": "5020", "Cadin_26": "WRM", "Pjg_Jbt_26": 20.5, "Btg_Pjg_26": 20.0, "Jml_Btg_26": "1", "Lb_Jl_Ms26": 6.75, "Lb_Jl_Kl26": 6.75, "Lb_Lalin26": 5.9, "Lb_Bh_Ki26": 0.0, "Lb_Bh_Ka26": 0.0, "Lb_Dr_Ki26": 0.09, "Lb_Dr_Ka26": 0.11, "Lb_Tr_Ki26": 0.66, "Lb_Tr_Ka26": 0.7, "Lb_TS_Ki26": 0.0, "Lb_TS_Ka26": 0.0, "Lb_Med_26": 0.0, "Lbr_Jbt_26": 7.46, "Bgn_Ats_26": "GBP", "Jns_Jbt_26": "STANDAR", "Thn_Bgn_26": "2012", "BA_26": "2", "LNT_26": "2", "BB_26": "1", "DAS_26": "1", "OP_26": "1", "UT_26": "0", "GR_26": "0", "LB_26": "0", "JBT_26": "2", "Tp_Lnts_26": "SUNGAI", "Dt_Lnts_26": "LURUS", "Pnangnn_26": "RUTIN", "Pmriksn_26": "TIDAK DISURVEI TA. 2026", "Pnglola_26": "BBPJN PAPUA-PAPUA PEGUNUNGAN", "Satkr_ID26": "693940", "PPK_Name26": "1.2", "Traffic_26": null, "VCR_26": "0", "AADT_26": "9255", "Tipe_Jb_26": null, "Lat_26": -2.549555, "Long_26": 140.195847, "Tgl_Ins_26": "27/05/2025", "Ket_26": null }, "geometry": { "type": "Point", "coordinates": [ 140.195846999639343, -2.549555000362943 ] } },
{ "type": "Feature", "properties": { "KDRUAS_UPD": "62057", "NOJBT_UPD": "62.057.073.0", "NM_RUAS_UP": "MENAWI - SAUBEBA - YOBI", "NM_JBT_UPD": "YOBI 1", "PROVINSI": "PAPUA PEGUNUNGAN (JAYAPURA)", "No_Prov_26": "62", "ID_Jbt_26": "6201554", "Kd_Ruas_26": "62057", "Suffix_26": null, "Nm_Ruas_26": "MENAWI - SAUBEBA - YOBI", "Lintas_26": "NON LINTAS", "No_Jbt_26": "62.057.073.0", "Nm_Jbt_26": "YOBI 1", "Status_26": "N", "Fungsi_26": "K", "Lks_Dr_26": "SER", "Lks_km_26": 44.352, "F_STA_26": "4330", "Cadin_26": "MEN", "Pjg_Jbt_26": 15.0, "Btg_Pjg_26": 15.0, "Jml_Btg_26": "1", "Lb_Jl_Ms26": 4.0, "Lb_Jl_Kl26": 4.0, "Lb_Lalin26": 0.0, "Lb_Bh_Ki26": 0.0, "Lb_Bh_Ka26": 0.0, "Lb_Dr_Ki26": 0.0, "Lb_Dr_Ka26": 0.0, "Lb_Tr_Ki26": 0.0, "Lb_Tr_Ka26": 0.0, "Lb_TS_Ki26": 0.0, "Lb_TS_Ka26": 0.0, "Lb_Med_26": 0.0, "Lbr_Jbt_26": 0.0, "Bgn_Ats_26": "WXX", "Jns_Jbt_26": "STANDAR", "Thn_Bgn_26": "0", "BA_26": "0", "LNT_26": "0", "BB_26": "0", "DAS_26": "0", "OP_26": "0", "UT_26": "0", "GR_26": "0", "LB_26": "5", "JBT_26": "5", "Tp_Lnts_26": "SUNGAI", "Dt_Lnts_26": "LURUS", "Pnangnn_26": "DO NOTHING ( DO NOTHING)", "Pmriksn_26": "RUTIN", "Pnglola_26": "BBPJN PAPUA-PAPUA PEGUNUNGAN", "Satkr_ID26": "693941", "PPK_Name26": "3.2", "Traffic_26": null, "VCR_26": "0", "AADT_26": "11", "Tipe_Jb_26": null, "Lat_26": -1.706391, "Long_26": 136.449524, "Tgl_Ins_26": "01/06/2026", "Ket_26": null }, "geometry": { "type": "Point", "coordinates": [ 136.449524000432348, -1.7063909998447 ] } },
{ "type": "Feature", "properties": { "KDRUAS_UPD": "62057", "NOJBT_UPD": "62.057.035.0", "NM_RUAS_UP": "MENAWI - SAUBEBA - YOBI", "NM_JBT_UPD": "YORAM", "PROVINSI": "PAPUA PEGUNUNGAN (JAYAPURA)", "No_Prov_26": "62", "ID_Jbt_26": "6200834", "Kd_Ruas_26": "62057", "Suffix_26": null, "Nm_Ruas_26": "MENAWI - SAUBEBA - YOBI", "Lintas_26": "NON LINTAS", "No_Jbt_26": "62.057.035.0", "Nm_Jbt_26": "YORAM", "Status_26": "N", "Fungsi_26": "K", "Lks_Dr_26": "SER", "Lks_km_26": 31.656, "F_STA_26": "3130", "Cadin_26": "MEN", "Pjg_Jbt_26": 40.0, "Btg_Pjg_26": 40.0, "Jml_Btg_26": "1", "Lb_Jl_Ms26": 6.0, "Lb_Jl_Kl26": 6.0, "Lb_Lalin26": 6.6, "Lb_Bh_Ki26": 0.18, "Lb_Bh_Ka26": 0.22, "Lb_Dr_Ki26": 0.08, "Lb_Dr_Ka26": 0.08, "Lb_Tr_Ki26": 1.0, "Lb_Tr_Ka26": 1.0, "Lb_TS_Ki26": 0.0, "Lb_TS_Ka26": 0.0, "Lb_Med_26": 0.0, "Lbr_Jbt_26": 9.16, "Bgn_Ats_26": "RBP", "Jns_Jbt_26": "STANDAR", "Thn_Bgn_26": "2022", "BA_26": "2", "LNT_26": "2", "BB_26": "1", "DAS_26": "1", "OP_26": "0", "UT_26": "0", "GR_26": "0", "LB_26": "0", "JBT_26": "2", "Tp_Lnts_26": "SUNGAI", "Dt_Lnts_26": "LURUS", "Pnangnn_26": "RUTIN", "Pmriksn_26": "TIDAK DISURVEI TA. 2026", "Pnglola_26": "BBPJN PAPUA-PAPUA PEGUNUNGAN", "Satkr_ID26": "693941", "PPK_Name26": "3.2", "Traffic_26": null, "VCR_26": "0", "AADT_26": "11", "Tipe_Jb_26": null, "Lat_26": -1.708383, "Long_26": 136.3505, "Tgl_Ins_26": "01/06/2025", "Ket_26": null }, "geometry": { "type": "Point", "coordinates": [ 136.350510000236341, -1.708382999975413 ] } },
{ "type": "Feature", "properties": { "KDRUAS_UPD": "62061", "NOJBT_UPD": "62.061.005.0", "NM_RUAS_UP": "BIAK - JUNCTION - KOREM", "NM_JBT_UPD": "KARMON", "PROVINSI": "PAPUA PEGUNUNGAN (JAYAPURA)", "No_Prov_26": "62", "ID_Jbt_26": "6202814", "Kd_Ruas_26": "62061", "Suffix_26": null, "Nm_Ruas_26": "BIAK - JUNCTION - KOREM", "Lintas_26": "BIAK - JUNCTION - KOREM", "No_Jbt_26": "62.061.005.0", "Nm_Jbt_26": "KARMON", "Status_26": "N", "Fungsi_26": "K", "Lks_Dr_26": "BIA", "Lks_km_26": 51.693, "F_STA_26": "4400", "Cadin_26": "BIA", "Pjg_Jbt_26": 32.0, "Btg_Pjg_26": 32.0, "Jml_Btg_26": "1", "Lb_Jl_Ms26": 5.5, "Lb_Jl_Kl26": 5.5, "Lb_Lalin26": 4.85, "Lb_Bh_Ki26": 1.5, "Lb_Bh_Ka26": 1.45, "Lb_Dr_Ki26": 0.0, "Lb_Dr_Ka26": 0.0, "Lb_Tr_Ki26": 0.0, "Lb_Tr_Ka26": 0.0, "Lb_TS_Ki26": 0.4, "Lb_TS_Ka26": 0.38, "Lb_Med_26": 0.0, "Lbr_Jbt_26": 8.58, "Bgn_Ats_26": "RBP", "Jns_Jbt_26": "STANDAR", "Thn_Bgn_26": "2014", "BA_26": "2", "LNT_26": "1", "BB_26": "1", "DAS_26": "1", "OP_26": "0", "UT_26": "0", "GR_26": "0", "LB_26": "0", "JBT_26": "2", "Tp_Lnts_26": "SUNGAI", "Dt_Lnts_26": "LURUS", "Pnangnn_26": "RUTIN", "Pmriksn_26": "DETAIL", "Pnglola_26": "BBPJN PAPUA-PAPUA PEGUNUNGAN", "Satkr_ID26": "693941", "PPK_Name26": "3.1", "Traffic_26": null, "VCR_26": "0", "AADT_26": "278", "Tipe_Jb_26": null, "Lat_26": -0.815311, "Long_26": 135.978172, "Tgl_Ins_26": "29/05/2026", "Ket_26": null }, "geometry": { "type": "Point", "coordinates": [ 135.978172, -0.815311 ] } },
{ "type": "Feature", "properties": { "KDRUAS_UPD": "62019", "NOJBT_UPD": "62.019.080.0", "NM_RUAS_UP": "YETI - UBRUB - YAMBRA *", "NM_JBT_UPD": "KALI YAMBRA", "PROVINSI": "PAPUA PEGUNUNGAN (JAYAPURA)", "No_Prov_26": "62", "ID_Jbt_26": "6202817", "Kd_Ruas_26": "62019", "Suffix_26": "0", "Nm_Ruas_26": "YETI - UBRUB - YAMBRA *", "Lintas_26": "JALAN LINTAS PERBATASAN", "No_Jbt_26": "62.019.080.0", "Nm_Jbt_26": "KALI YAMBRA", "Status_26": "N", "Fungsi_26": "K", "Lks_Dr_26": "JPR", "Lks_km_26": 0.0, "F_STA_26": "6110", "Cadin_26": "UBR", "Pjg_Jbt_26": 16.5, "Btg_Pjg_26": 16.05, "Jml_Btg_26": "1", "Lb_Jl_Ms26": 6.0, "Lb_Jl_Kl26": 6.0, "Lb_Lalin26": 3.81, "Lb_Bh_Ki26": 0.0, "Lb_Bh_Ka26": 0.0, "Lb_Dr_Ki26": 0.0, "Lb_Dr_Ka26": 0.0, "Lb_Tr_Ki26": 0.0, "Lb_Tr_Ka26": 0.0, "Lb_TS_Ki26": 0.0, "Lb_TS_Ka26": 0.0, "Lb_Med_26": 0.0, "Lbr_Jbt_26": 3.81, "Bgn_Ats_26": "GKW", "Jns_Jbt_26": "STANDAR", "Thn_Bgn_26": "1970", "BA_26": "3", "LNT_26": "2", "BB_26": "0", "DAS_26": "0", "OP_26": "0", "UT_26": "0", "GR_26": "0", "LB_26": "0", "JBT_26": "3", "Tp_Lnts_26": "SUNGAI", "Dt_Lnts_26": "LURUS", "Pnangnn_26": "REHABILITASI", "Pmriksn_26": "DETAIL", "Pnglola_26": "BBPJN PAPUA-PAPUA PEGUNUNGAN", "Satkr_ID26": "693965", "PPK_Name26": "2.2", "Traffic_26": null, "VCR_26": "0", "AADT_26": "34", "Tipe_Jb_26": null, "Lat_26": -3.70174, "Long_26": 140.87303, "Tgl_Ins_26": "07/06/2026", "Ket_26": null }, "geometry": { "type": "Point", "coordinates": [ 140.87303, -3.70174 ] } },
{ "type": "Feature", "properties": { "KDRUAS_UPD": "62019", "NOJBT_UPD": "62.019.081.0", "NM_RUAS_UP": "YETI - UBRUB - YAMBRA *", "NM_JBT_UPD": "MUM 1", "PROVINSI": "PAPUA PEGUNUNGAN (JAYAPURA)", "No_Prov_26": "62", "ID_Jbt_26": "6202818", "Kd_Ruas_26": "62019", "Suffix_26": "0", "Nm_Ruas_26": "YETI - UBRUB - YAMBRA *", "Lintas_26": "JALAN LINTAS PERBATASAN", "No_Jbt_26": "62.019.081.0", "Nm_Jbt_26": "MUM 1", "Status_26": "N", "Fungsi_26": "K", "Lks_Dr_26": "JPR", "Lks_km_26": 0.0, "F_STA_26": "6440", "Cadin_26": "UBR", "Pjg_Jbt_26": 40.0, "Btg_Pjg_26": 40.0, "Jml_Btg_26": "1", "Lb_Jl_Ms26": 6.0, "Lb_Jl_Kl26": 6.0, "Lb_Lalin26": 6.88, "Lb_Bh_Ki26": 0.0, "Lb_Bh_Ka26": 0.0, "Lb_Dr_Ki26": 0.1, "Lb_Dr_Ka26": 0.08, "Lb_Tr_Ki26": 0.88, "Lb_Tr_Ka26": 0.89, "Lb_TS_Ki26": 0.0, "Lb_TS_Ka26": 0.0, "Lb_Med_26": 0.0, "Lbr_Jbt_26": 8.83, "Bgn_Ats_26": "RBR", "Jns_Jbt_26": "STANDAR", "Thn_Bgn_26": "2022", "BA_26": "2", "LNT_26": "1", "BB_26": "1", "DAS_26": "2", "OP_26": "0", "UT_26": "0", "GR_26": "0", "LB_26": "0", "JBT_26": "2", "Tp_Lnts_26": "SUNGAI", "Dt_Lnts_26": "LURUS", "Pnangnn_26": "RUTIN", "Pmriksn_26": "DETAIL", "Pnglola_26": "BBPJN PAPUA-PAPUA PEGUNUNGAN", "Satkr_ID26": "693965", "PPK_Name26": "2.2", "Traffic_26": null, "VCR_26": "0", "AADT_26": "34", "Tipe_Jb_26": null, "Lat_26": -3.72562, "Long_26": 140.87421, "Tgl_Ins_26": "07/06/2026", "Ket_26": null }, "geometry": { "type": "Point", "coordinates": [ 140.87421, -3.72562 ] } },
{ "type": "Feature", "properties": { "KDRUAS_UPD": "62035", "NOJBT_UPD": "62.035.089.0", "NM_RUAS_UP": "NIMBOTONG - BONGGO", "NM_JBT_UPD": "SEBER II", "PROVINSI": "PAPUA PEGUNUNGAN (JAYAPURA)", "No_Prov_26": "62", "ID_Jbt_26": "6202115", "Kd_Ruas_26": "62035", "Suffix_26": null, "Nm_Ruas_26": "NIMBOTONG - BONGGO", "Lintas_26": "JALAN LINTAS UTARA", "No_Jbt_26": "62.035.089.0", "Nm_Jbt_26": "SEBER II", "Status_26": "N", "Fungsi_26": "K", "Lks_Dr_26": "JPR", "Lks_km_26": 89.085, "F_STA_26": "7670", "Cadin_26": "BGO", "Pjg_Jbt_26": 14.0, "Btg_Pjg_26": 3.0, "Jml_Btg_26": "2", "Lb_Jl_Ms26": 6.0, "Lb_Jl_Kl26": 6.0, "Lb_Lalin26": 6.0, "Lb_Bh_Ki26": 2.0, "Lb_Bh_Ka26": 2.0, "Lb_Dr_Ki26": 0.0, "Lb_Dr_Ka26": 0.0, "Lb_Tr_Ki26": 0.0, "Lb_Tr_Ka26": 0.0, "Lb_TS_Ki26": 0.0, "Lb_TS_Ka26": 0.0, "Lb_Med_26": 0.0, "Lbr_Jbt_26": 10.0, "Bgn_Ats_26": "BTP", "Jns_Jbt_26": "STANDAR", "Thn_Bgn_26": "2022", "BA_26": "0", "LNT_26": "0", "BB_26": "0", "DAS_26": "1", "OP_26": "0", "UT_26": "1", "GR_26": "0", "LB_26": "0", "JBT_26": "1", "Tp_Lnts_26": "SUNGAI", "Dt_Lnts_26": "LURUS", "Pnangnn_26": "RUTIN", "Pmriksn_26": "TIDAK DISURVEI TA. 2026", "Pnglola_26": "BBPJN PAPUA-PAPUA PEGUNUNGAN", "Satkr_ID26": "693940", "PPK_Name26": "1.2", "Traffic_26": null, "VCR_26": "0", "AADT_26": "205", "Tipe_Jb_26": null, "Lat_26": -2.344418, "Long_26": 139.6138, "Tgl_Ins_26": "12/03/2024", "Ket_26": null }, "geometry": { "type": "Point", "coordinates": [ 139.613830566405994, -2.34441804885864 ] } },
{ "type": "Feature", "properties": { "KDRUAS_UPD": "62036", "NOJBT_UPD": "62.036.043.0", "NM_RUAS_UP": "BONGGO - BETAF - SARMI", "NM_JBT_UPD": "HEYO I", "PROVINSI": "PAPUA PEGUNUNGAN (JAYAPURA)", "No_Prov_26": "62", "ID_Jbt_26": "6200586", "Kd_Ruas_26": "62036", "Suffix_26": null, "Nm_Ruas_26": "BONGGO - BETAF - SARMI", "Lintas_26": "JALAN LINTAS UTARA", "No_Jbt_26": "62.036.043.0", "Nm_Jbt_26": "HEYO I", "Status_26": "N", "Fungsi_26": "K", "Lks_Dr_26": "JPR", "Lks_km_26": 48.17, "F_STA_26": "4780", "Cadin_26": "SRM", "Pjg_Jbt_26": 9.98, "Btg_Pjg_26": 3.0, "Jml_Btg_26": "2", "Lb_Jl_Ms26": 5.2, "Lb_Jl_Kl26": 5.2, "Lb_Lalin26": 5.2, "Lb_Bh_Ki26": 3.4, "Lb_Bh_Ka26": 1.2, "Lb_Dr_Ki26": 0.0, "Lb_Dr_Ka26": 0.0, "Lb_Tr_Ki26": 0.0, "Lb_Tr_Ka26": 0.0, "Lb_TS_Ki26": 0.0, "Lb_TS_Ka26": 0.0, "Lb_Med_26": 0.0, "Lbr_Jbt_26": 9.8, "Bgn_Ats_26": "BTP", "Jns_Jbt_26": "STANDAR", "Thn_Bgn_26": "2007", "BA_26": "0", "LNT_26": "0", "BB_26": "0", "DAS_26": "1", "OP_26": "2", "UT_26": "0", "GR_26": "2", "LB_26": "0", "JBT_26": "2", "Tp_Lnts_26": "SUNGAI", "Dt_Lnts_26": "LURUS", "Pnangnn_26": "RUTIN", "Pmriksn_26": "TIDAK DISURVEI TA. 2026", "Pnglola_26": "BBPJN PAPUA-PAPUA PEGUNUNGAN", "Satkr_ID26": "693940", "PPK_Name26": "1.3", "Traffic_26": null, "VCR_26": "0", "AADT_26": "791", "Tipe_Jb_26": null, "Lat_26": -2.107901, "Long_26": 139.2444, "Tgl_Ins_26": "07/06/2025", "Ket_26": null }, "geometry": { "type": "Point", "coordinates": [ 139.244430541991989, -2.10790109634399 ] } },
{ "type": "Feature", "properties": { "KDRUAS_UPD": "62057", "NOJBT_UPD": "62.057.082.0", "NM_RUAS_UP": "MENAWI - SAUBEBA - YOBI", "NM_JBT_UPD": "SERUI 56", "PROVINSI": "PAPUA PEGUNUNGAN (JAYAPURA)", "No_Prov_26": "62", "ID_Jbt_26": "6202821", "Kd_Ruas_26": "62057", "Suffix_26": "0", "Nm_Ruas_26": "MENAWI - SAUBEBA - YOBI", "Lintas_26": "NON LINTAS", "No_Jbt_26": "62.057.082.0", "Nm_Jbt_26": "SERUI 56", "Status_26": "N", "Fungsi_26": "K", "Lks_Dr_26": "SER", "Lks_km_26": 49.585, "F_STA_26": "4830", "Cadin_26": "MEN", "Pjg_Jbt_26": 9.67, "Btg_Pjg_26": 2.0, "Jml_Btg_26": "2", "Lb_Jl_Ms26": 4.0, "Lb_Jl_Kl26": 4.0, "Lb_Lalin26": 0.0, "Lb_Bh_Ki26": 0.0, "Lb_Bh_Ka26": 0.0, "Lb_Dr_Ki26": 0.0, "Lb_Dr_Ka26": 0.0, "Lb_Tr_Ki26": 0.0, "Lb_Tr_Ka26": 0.0, "Lb_TS_Ki26": 0.0, "Lb_TS_Ka26": 0.0, "Lb_Med_26": 0.0, "Lbr_Jbt_26": 0.0, "Bgn_Ats_26": "BTP", "Jns_Jbt_26": "STANDAR", "Thn_Bgn_26": "1990", "BA_26": "1", "LNT_26": "1", "BB_26": "0", "DAS_26": "0", "OP_26": "0", "UT_26": "0", "GR_26": "2", "LB_26": "0", "JBT_26": "2", "Tp_Lnts_26": "SUNGAI", "Dt_Lnts_26": "LURUS", "Pnangnn_26": "RUTIN", "Pmriksn_26": "TIDAK DISURVEI TA. 2026", "Pnglola_26": "BBPJN PAPUA-PAPUA PEGUNUNGAN", "Satkr_ID26": "693941", "PPK_Name26": "3.2", "Traffic_26": null, "VCR_26": "0", "AADT_26": "11", "Tipe_Jb_26": null, "Lat_26": -1.709631005, "Long_26": 136.4852561, "Tgl_Ins_26": "31/05/2025", "Ket_26": null }, "geometry": { "type": "Point", "coordinates": [ 136.48539, -1.70898 ] } },
{ "type": "Feature", "properties": { "KDRUAS_UPD": "62057", "NOJBT_UPD": "62.057.084.0", "NM_RUAS_UP": "MENAWI - SAUBEBA - YOBI", "NM_JBT_UPD": "SERUI 58", "PROVINSI": "PAPUA PEGUNUNGAN (JAYAPURA)", "No_Prov_26": "62", "ID_Jbt_26": "6202823", "Kd_Ruas_26": "62057", "Suffix_26": "0", "Nm_Ruas_26": "MENAWI - SAUBEBA - YOBI", "Lintas_26": "NON LINTAS", "No_Jbt_26": "62.057.084.0", "Nm_Jbt_26": "SERUI 58", "Status_26": "N", "Fungsi_26": "K", "Lks_Dr_26": "SER", "Lks_km_26": 50.92, "F_STA_26": "Jembatan berada di luar ruas Jalan Nasional", "Cadin_26": "MEN", "Pjg_Jbt_26": 9.64, "Btg_Pjg_26": 3.0, "Jml_Btg_26": "2", "Lb_Jl_Ms26": 4.0, "Lb_Jl_Kl26": 4.0, "Lb_Lalin26": 10.5, "Lb_Bh_Ki26": 0.0, "Lb_Bh_Ka26": 0.0, "Lb_Dr_Ki26": 0.0, "Lb_Dr_Ka26": 0.0, "Lb_Tr_Ki26": 0.0, "Lb_Tr_Ka26": 0.0, "Lb_TS_Ki26": 0.0, "Lb_TS_Ka26": 0.0, "Lb_Med_26": 0.0, "Lbr_Jbt_26": 10.5, "Bgn_Ats_26": "BTP", "Jns_Jbt_26": "STANDAR", "Thn_Bgn_26": "1990", "BA_26": "1", "LNT_26": "1", "BB_26": "0", "DAS_26": "1", "OP_26": "1", "UT_26": "1", "GR_26": "0", "LB_26": "0", "JBT_26": "1", "Tp_Lnts_26": "SUNGAI", "Dt_Lnts_26": "LURUS", "Pnangnn_26": "RUTIN", "Pmriksn_26": "TIDAK DISURVEI TA. 2026", "Pnglola_26": "BBPJN PAPUA-PAPUA PEGUNUNGAN", "Satkr_ID26": "693941", "PPK_Name26": "3.2", "Traffic_26": null, "VCR_26": "0", "AADT_26": "11", "Tipe_Jb_26": null, "Lat_26": -1.711648349, "Long_26": 136.4947027, "Tgl_Ins_26": "26/04/2024", "Ket_26": null }, "geometry": { "type": "Point", "coordinates": [ 136.49586, -1.71306 ] } },
{ "type": "Feature", "properties": { "KDRUAS_UPD": "62001", "NOJBT_UPD": "62.001.005.B", "NM_RUAS_UP": "BTS. KOTA JAYAPURA - SENTANI", "NM_JBT_UPD": "HARAPAN I B", "PROVINSI": "PAPUA PEGUNUNGAN (JAYAPURA)", "No_Prov_26": "62", "ID_Jbt_26": "6202864", "Kd_Ruas_26": "62001", "Suffix_26": "0", "Nm_Ruas_26": "BTS. KOTA JAYAPURA - SENTANI", "Lintas_26": "JALAN LINTAS UTARA", "No_Jbt_26": "62.001.005.B", "Nm_Jbt_26": "HARAPAN I B", "Status_26": "N", "Fungsi_26": "A", "Lks_Dr_26": "JPR", "Lks_km_26": 7.941, "F_STA_26": "690", "Cadin_26": "STN", "Pjg_Jbt_26": 13.1, "Btg_Pjg_26": 3.0, "Jml_Btg_26": "2", "Lb_Jl_Ms26": 7.0, "Lb_Jl_Kl26": 7.0, "Lb_Lalin26": 6.03, "Lb_Bh_Ki26": 0.51, "Lb_Bh_Ka26": 3.17, "Lb_Dr_Ki26": 0.0, "Lb_Dr_Ka26": 0.0, "Lb_Tr_Ki26": 0.0, "Lb_Tr_Ka26": 0.0, "Lb_TS_Ki26": 0.0, "Lb_TS_Ka26": 0.3, "Lb_Med_26": 0.0, "Lbr_Jbt_26": 10.01, "Bgn_Ats_26": "BTP", "Jns_Jbt_26": "STANDAR", "Thn_Bgn_26": "1974", "BA_26": "0", "LNT_26": "0", "BB_26": "0", "DAS_26": "2", "OP_26": "0", "UT_26": "0", "GR_26": "2", "LB_26": "0", "JBT_26": "2", "Tp_Lnts_26": "SUNGAI", "Dt_Lnts_26": "LURUS", "Pnangnn_26": "RUTIN", "Pmriksn_26": "DETAIL", "Pnglola_26": "BBPJN PAPUA-PAPUA PEGUNUNGAN", "Satkr_ID26": "693940", "PPK_Name26": "1.1", "Traffic_26": null, "VCR_26": "0", "AADT_26": "31342", "Tipe_Jb_26": null, "Lat_26": -2.58236, "Long_26": 140.57689, "Tgl_Ins_26": "26/05/2026", "Ket_26": null }, "geometry": { "type": "Point", "coordinates": [ 140.57689, -2.58236 ] } },
{ "type": "Feature", "properties": { "KDRUAS_UPD": "6203213", "NOJBT_UPD": "62.032.001.0.13", "NM_RUAS_UP": "JLN. KELAPA DUA (JAYAPURA)", "NM_JBT_UPD": "ENTROP", "PROVINSI": "PAPUA PEGUNUNGAN (JAYAPURA)", "No_Prov_26": "62", "ID_Jbt_26": "6202865", "Kd_Ruas_26": "6203213", "Suffix_26": "13", "Nm_Ruas_26": "JLN. KELAPA DUA (JAYAPURA)", "Lintas_26": "NON LINTAS", "No_Jbt_26": "62.032.001.0.13", "Nm_Jbt_26": "ENTROP", "Status_26": "N", "Fungsi_26": "A", "Lks_Dr_26": "JPR", "Lks_km_26": 0.0, "F_STA_26": "70", "Cadin_26": "0", "Pjg_Jbt_26": 8.45, "Btg_Pjg_26": 8.45, "Jml_Btg_26": "1", "Lb_Jl_Ms26": 11.31, "Lb_Jl_Kl26": 11.31, "Lb_Lalin26": 7.08, "Lb_Bh_Ki26": 0.27, "Lb_Bh_Ka26": 0.25, "Lb_Dr_Ki26": 0.0, "Lb_Dr_Ka26": 0.0, "Lb_Tr_Ki26": 0.0, "Lb_Tr_Ka26": 0.0, "Lb_TS_Ki26": 0.37, "Lb_TS_Ka26": 0.4, "Lb_Med_26": 0.0, "Lbr_Jbt_26": 8.37, "Bgn_Ats_26": "GTP", "Jns_Jbt_26": "STANDAR", "Thn_Bgn_26": "1976", "BA_26": "2", "LNT_26": "2", "BB_26": "2", "DAS_26": "0", "OP_26": "0", "UT_26": "0", "GR_26": "0", "LB_26": "0", "JBT_26": "2", "Tp_Lnts_26": "SUNGAI", "Dt_Lnts_26": "LURUS", "Pnangnn_26": "RUTIN", "Pmriksn_26": "TIDAK DISURVEI TA. 2026", "Pnglola_26": "BBPJN PAPUA-PAPUA PEGUNUNGAN", "Satkr_ID26": "693940", "PPK_Name26": "1.1", "Traffic_26": null, "VCR_26": "0", "AADT_26": "0", "Tipe_Jb_26": null, "Lat_26": -2.56885207, "Long_26": 140.7039683, "Tgl_Ins_26": "04/06/2025", "Ket_26": null }, "geometry": { "type": "Point", "coordinates": [ 140.70396825, -2.56885207 ] } },
{ "type": "Feature", "properties": { "KDRUAS_UPD": "62005", "NOJBT_UPD": "62.005.044.0", "NM_RUAS_UP": "YETTI - SENGGI - MAMBERAMO I (STA 0+000 - 107+300)", "NM_JBT_UPD": "BOX 4 SENGGI", "PROVINSI": "PAPUA PEGUNUNGAN (JAYAPURA)", "No_Prov_26": "62", "ID_Jbt_26": "6200090", "Kd_Ruas_26": "62005", "Suffix_26": "0", "Nm_Ruas_26": "YETTI - SENGGI - MAMBERAMO I (STA 0+000 - 107+300)", "Lintas_26": "YETTI - SENGGI - MAMBERAMO", "No_Jbt_26": "62.005.044.0", "Nm_Jbt_26": "BOX 4 SENGGI", "Status_26": "N", "Fungsi_26": "A", "Lks_Dr_26": "JPR", "Lks_km_26": 33.045, "F_STA_26": "3200", "Cadin_26": "MBR", "Pjg_Jbt_26": 7.9, "Btg_Pjg_26": 7.1, "Jml_Btg_26": "1", "Lb_Jl_Ms26": 3.43, "Lb_Jl_Kl26": 3.43, "Lb_Lalin26": 3.43, "Lb_Bh_Ki26": 0.0, "Lb_Bh_Ka26": 0.0, "Lb_Dr_Ki26": 0.0, "Lb_Dr_Ka26": 0.0, "Lb_Tr_Ki26": 0.0, "Lb_Tr_Ka26": 0.0, "Lb_TS_Ki26": 0.0, "Lb_TS_Ka26": 0.0, "Lb_Med_26": 0.0, "Lbr_Jbt_26": 3.43, "Bgn_Ats_26": "GKW", "Jns_Jbt_26": "STANDAR", "Thn_Bgn_26": "1980", "BA_26": "3", "LNT_26": "2", "BB_26": "0", "DAS_26": "0", "OP_26": "1", "UT_26": "0", "GR_26": "0", "LB_26": "0", "JBT_26": "3", "Tp_Lnts_26": "SUNGAI", "Dt_Lnts_26": "LURUS", "Pnangnn_26": "-", "Pmriksn_26": "INVENTARIS & DETAIL", "Pnglola_26": "BBPJN PAPUA-PAPUA PEGUNUNGAN", "Satkr_ID26": "693965", "PPK_Name26": "2.3", "Traffic_26": null, "VCR_26": "0", "AADT_26": "98", "Tipe_Jb_26": null, "Lat_26": -3.448501, "Long_26": 140.7615, "Tgl_Ins_26": "27/06/2026", "Ket_26": null }, "geometry": { "type": "Point", "coordinates": [ 140.7615, -3.448501 ] } }
]
}
