{
"type": "FeatureCollection",
"name": "Papua Tengah_2026_Q",
"crs": { "type": "name", "properties": { "name": "urn:ogc:def:crs:OGC:1.3:CRS84" } },
"features": [
{ "type": "Feature", "properties": { "PROVINSI": "PAPUA TENGAH (NABIRE)", "No_Prov_26": "62", "ID_Jbt_26": "6202419", "Kd_Ruas_26": "62016", "Suffix_26": null, "Nm_Ruas_26": "BEDUDIPA - BTS. KOTA NABIRE", "Lintas_26": "NON LINTAS", "No_Jbt_26": "62.016.143.0", "Nm_Jbt_26": "MARKUS", "Status_26": "N", "Fungsi_26": "A", "Lks_Dr_26": "NBR", "Lks_km_26": 86.332, "F_STA_26": "800", "Cadin_26": null, "Pjg_Jbt_26": 20.0, "Btg_Pjg_26": 20.0, "Jml_Btg_26": "1", "Lb_Jl_Ms26": 5.9, "Lb_Jl_Kl26": 5.9, "Lb_Lalin26": 6.09, "Lb_Bh_Ki26": 0.7, "Lb_Bh_Ka26": 0.4, "Lb_Dr_Ki26": 0.0, "Lb_Dr_Ka26": 0.07, "Lb_Tr_Ki26": 0.8, "Lb_Tr_Ka26": 0.75, "Lb_TS_Ki26": 0.2, "Lb_TS_Ka26": 0.2, "Lb_Med_26": 0.0, "Lbr_Jbt_26": 9.21, "Bgn_Ats_26": "GBP", "Jns_Jbt_26": "STANDAR", "Thn_Bgn_26": "2015", "BA_26": "1", "LNT_26": "1", "BB_26": "2", "DAS_26": "1", "OP_26": "1", "UT_26": "0", "GR_26": "0", "LB_26": "0", "JBT_26": "2", "Tp_Lnts_26": "SUNGAI", "Dt_Lnts_26": "LURUS", "Pnangnn_26": "RUTIN", "Pmriksn_26": "TIDAK DI SURVEI", "Pnglola_26": "BPJN PAPUA TENGAH", "Satkr_ID26": "693945", "PPK_Name26": "PPK 1.1", "Traffic_26": null, "VCR_26": "0.0287", "AADT_26": "243", "Tipe_Jb_26": null, "Lat_26": -3.56955, "Long_26": 135.81958, "Tgl_Ins_26": "04\/07\/2025", "Ket_26": null }, "geometry": { "type": "Point", "coordinates": [ 135.819580078125, -3.56954503059387 ] } },
{ "type": "Feature", "properties": { "PROVINSI": "PAPUA TENGAH (NABIRE)", "No_Prov_26": "62", "ID_Jbt_26": "6201601", "Kd_Ruas_26": "62015", "Suffix_26": null, "Nm_Ruas_26": "MOANEMANI - BEDUDIPA", "Lintas_26": "JALAN LINTAS TENGAH", "No_Jbt_26": "62.015.064.0", "Nm_Jbt_26": "ADAI \/ADAI 1", "Status_26": "N", "Fungsi_26": "A", "Lks_Dr_26": "BDP", "Lks_km_26": 63.586, "F_STA_26": "100", "Cadin_26": null, "Pjg_Jbt_26": 53.0, "Btg_Pjg_26": 53.0, "Jml_Btg_26": "1", "Lb_Jl_Ms26": 6.9, "Lb_Jl_Kl26": 6.9, "Lb_Lalin26": 7.0, "Lb_Bh_Ki26": 0.0, "Lb_Bh_Ka26": 0.0, "Lb_Dr_Ki26": 0.0, "Lb_Dr_Ka26": 0.0, "Lb_Tr_Ki26": 0.0, "Lb_Tr_Ka26": 0.0, "Lb_TS_Ki26": 0.0, "Lb_TS_Ka26": 0.0, "Lb_Med_26": 0.0, "Lbr_Jbt_26": 7.0, "Bgn_Ats_26": "RBR", "Jns_Jbt_26": "STANDAR", "Thn_Bgn_26": "2015", "BA_26": "2", "LNT_26": "2", "BB_26": "2", "DAS_26": "3", "OP_26": "1", "UT_26": "0", "GR_26": "0", "LB_26": "0", "JBT_26": "3", "Tp_Lnts_26": "SUNGAI", "Dt_Lnts_26": "LURUS", "Pnangnn_26": "RUTIN", "Pmriksn_26": "DETAIL", "Pnglola_26": "BPJN PAPUA TENGAH", "Satkr_ID26": "693945", "PPK_Name26": "PPK 1.1", "Traffic_26": null, "VCR_26": "0.1231", "AADT_26": "4467", "Tipe_Jb_26": null, "Lat_26": -3.78553, "Long_26": 136.02678, "Tgl_Ins_26": "02\/06\/2026", "Ket_26": null }, "geometry": { "type": "Point", "coordinates": [ 136.026779000050851, -3.785527000270804 ] } },
{ "type": "Feature", "properties": { "PROVINSI": "PAPUA TENGAH (NABIRE)", "No_Prov_26": "62", "ID_Jbt_26": "6201603", "Kd_Ruas_26": "62015", "Suffix_26": null, "Nm_Ruas_26": "MOANEMANI - BEDUDIPA", "Lintas_26": "JALAN LINTAS TENGAH", "No_Jbt_26": "62.015.066.0", "Nm_Jbt_26": "ADAI 1\/ADAI II", "Status_26": "N", "Fungsi_26": "A", "Lks_Dr_26": "BDP", "Lks_km_26": 65.512, "F_STA_26": "100", "Cadin_26": null, "Pjg_Jbt_26": 20.0, "Btg_Pjg_26": 20.0, "Jml_Btg_26": "1", "Lb_Jl_Ms26": 6.75, "Lb_Jl_Kl26": 6.75, "Lb_Lalin26": 7.0, "Lb_Bh_Ki26": 0.0, "Lb_Bh_Ka26": 0.0, "Lb_Dr_Ki26": 0.0, "Lb_Dr_Ka26": 0.0, "Lb_Tr_Ki26": 0.0, "Lb_Tr_Ka26": 0.0, "Lb_TS_Ki26": 0.0, "Lb_TS_Ka26": 0.0, "Lb_Med_26": 0.0, "Lbr_Jbt_26": 7.0, "Bgn_Ats_26": "GBP", "Jns_Jbt_26": "STANDAR", "Thn_Bgn_26": "2012", "BA_26": "2", "LNT_26": "2", "BB_26": "1", "DAS_26": "1", "OP_26": "0", "UT_26": "0", "GR_26": "0", "LB_26": "0", "JBT_26": "2", "Tp_Lnts_26": "SUNGAI", "Dt_Lnts_26": "LURUS", "Pnangnn_26": "RUTIN", "Pmriksn_26": "TIDAK DI SURVEI", "Pnglola_26": "BPJN PAPUA TENGAH", "Satkr_ID26": "693945", "PPK_Name26": "PPK 1.1", "Traffic_26": null, "VCR_26": "0.1231", "AADT_26": "4467", "Tipe_Jb_26": null, "Lat_26": -3.79376, "Long_26": 136.02862, "Tgl_Ins_26": "07\/05\/2024", "Ket_26": null }, "geometry": { "type": "Point", "coordinates": [ 136.028620999559507, -3.793757000285268 ] } },
{ "type": "Feature", "properties": { "PROVINSI": "PAPUA TENGAH (NABIRE)", "No_Prov_26": "62", "ID_Jbt_26": "6201577", "Kd_Ruas_26": "62015", "Suffix_26": null, "Nm_Ruas_26": "MOANEMANI - BEDUDIPA", "Lintas_26": "JALAN LINTAS TENGAH", "No_Jbt_26": "62.015.039.0", "Nm_Jbt_26": "AIR TERJUN", "Status_26": "N", "Fungsi_26": "A", "Lks_Dr_26": "BDP", "Lks_km_26": 25.394, "F_STA_26": "100", "Cadin_26": null, "Pjg_Jbt_26": 6.5, "Btg_Pjg_26": 6.5, "Jml_Btg_26": "1", "Lb_Jl_Ms26": 5.75, "Lb_Jl_Kl26": 5.75, "Lb_Lalin26": 7.0, "Lb_Bh_Ki26": 0.0, "Lb_Bh_Ka26": 0.0, "Lb_Dr_Ki26": 0.0, "Lb_Dr_Ka26": 0.0, "Lb_Tr_Ki26": 0.0, "Lb_Tr_Ka26": 0.0, "Lb_TS_Ki26": 0.0, "Lb_TS_Ka26": 0.0, "Lb_Med_26": 0.0, "Lbr_Jbt_26": 7.0, "Bgn_Ats_26": "BTP", "Jns_Jbt_26": "STANDAR", "Thn_Bgn_26": "2014", "BA_26": "1", "LNT_26": "1", "BB_26": "0", "DAS_26": "1", "OP_26": "0", "UT_26": "0", "GR_26": "3", "LB_26": "0", "JBT_26": "3", "Tp_Lnts_26": "SUNGAI", "Dt_Lnts_26": "LURUS", "Pnangnn_26": "REHABILITASI", "Pmriksn_26": "DETAIL", "Pnglola_26": "BPJN PAPUA TENGAH", "Satkr_ID26": "693945", "PPK_Name26": "PPK 1.1", "Traffic_26": null, "VCR_26": "0.1231", "AADT_26": "4467", "Tipe_Jb_26": null, "Lat_26": -3.57748, "Long_26": 135.95775, "Tgl_Ins_26": "04\/06\/2026", "Ket_26": null }, "geometry": { "type": "Point", "coordinates": [ 135.957748000270044, -3.577478000009648 ] } },
{ "type": "Feature", "properties": { "PROVINSI": "PAPUA TENGAH (NABIRE)", "No_Prov_26": "62", "ID_Jbt_26": "6200694", "Kd_Ruas_26": "62051", "Suffix_26": null, "Nm_Ruas_26": "SIMPANG PELRA - MAYON", "Lintas_26": "NON LINTAS", "No_Jbt_26": "62.051.012.0", "Nm_Jbt_26": "AMRE PIGA", "Status_26": "N", "Fungsi_26": "A", "Lks_Dr_26": "TMK", "Lks_km_26": 16.958, "F_STA_26": "380", "Cadin_26": null, "Pjg_Jbt_26": 30.7, "Btg_Pjg_26": 30.7, "Jml_Btg_26": "1", "Lb_Jl_Ms26": 0.0, "Lb_Jl_Kl26": 0.0, "Lb_Lalin26": 6.0, "Lb_Bh_Ki26": 0.34, "Lb_Bh_Ka26": 0.54, "Lb_Dr_Ki26": 0.06, "Lb_Dr_Ka26": 0.06, "Lb_Tr_Ki26": 0.75, "Lb_Tr_Ka26": 0.75, "Lb_TS_Ki26": 0.3, "Lb_TS_Ka26": 0.3, "Lb_Med_26": 0.0, "Lbr_Jbt_26": 9.1, "Bgn_Ats_26": "GBP", "Jns_Jbt_26": "STANDAR", "Thn_Bgn_26": "2011", "BA_26": "2", "LNT_26": "2", "BB_26": "0", "DAS_26": "1", "OP_26": "2", "UT_26": "0", "GR_26": "0", "LB_26": "0", "JBT_26": "2", "Tp_Lnts_26": "SUNGAI", "Dt_Lnts_26": "LURUS", "Pnangnn_26": "RUTIN", "Pmriksn_26": "TIDAK DI SURVEI", "Pnglola_26": "BPJN PAPUA TENGAH", "Satkr_ID26": "693943", "PPK_Name26": "PPK 3.1", "Traffic_26": null, "VCR_26": "0.0024", "AADT_26": "0", "Tipe_Jb_26": null, "Lat_26": -4.62916, "Long_26": 136.73491, "Tgl_Ins_26": "11\/06\/2025", "Ket_26": null }, "geometry": { "type": "Point", "coordinates": [ 136.734909000350171, -4.629164000118465 ] } },
{ "type": "Feature", "properties": { "PROVINSI": "PAPUA TENGAH (NABIRE)", "No_Prov_26": "62", "ID_Jbt_26": "6200843", "Kd_Ruas_26": "62050", "Suffix_26": null, "Nm_Ruas_26": "KARUBAGA - ILU - MULIA", "Lintas_26": "NON LINTAS", "No_Jbt_26": "62.050.022.2", "Nm_Jbt_26": "ARAMCO 31", "Status_26": "N", "Fungsi_26": "A", "Lks_Dr_26": "WMN", "Lks_km_26": 0.0, "F_STA_26": "190", "Cadin_26": null, "Pjg_Jbt_26": 7.0, "Btg_Pjg_26": 7.0, "Jml_Btg_26": "1", "Lb_Jl_Ms26": 0.0, "Lb_Jl_Kl26": 0.0, "Lb_Lalin26": 7.5, "Lb_Bh_Ki26": 0.0, "Lb_Bh_Ka26": 0.0, "Lb_Dr_Ki26": 0.0, "Lb_Dr_Ka26": 0.0, "Lb_Tr_Ki26": 0.0, "Lb_Tr_Ka26": 0.0, "Lb_TS_Ki26": 0.0, "Lb_TS_Ka26": 0.0, "Lb_Med_26": 0.0, "Lbr_Jbt_26": 7.5, "Bgn_Ats_26": "ABP", "Jns_Jbt_26": "STANDAR", "Thn_Bgn_26": "2000", "BA_26": "1", "LNT_26": "0", "BB_26": "0", "DAS_26": "2", "OP_26": "0", "UT_26": "0", "GR_26": "0", "LB_26": "0", "JBT_26": "2", "Tp_Lnts_26": "SUNGAI", "Dt_Lnts_26": "LURUS", "Pnangnn_26": "RUTIN", "Pmriksn_26": "TIDAK DI SURVEI", "Pnglola_26": "BPJN PAPUA TENGAH", "Satkr_ID26": "693948", "PPK_Name26": "PPK 4.1", "Traffic_26": null, "VCR_26": "0.0157", "AADT_26": "0", "Tipe_Jb_26": null, "Lat_26": -3.70052, "Long_26": 138.06616, "Tgl_Ins_26": "22\/10\/2020", "Ket_26": null }, "geometry": { "type": "Point", "coordinates": [ 138.066162000076361, -3.70051700015938 ] } },
{ "type": "Feature", "properties": { "PROVINSI": "PAPUA TENGAH (NABIRE)", "No_Prov_26": "62", "ID_Jbt_26": "6200677", "Kd_Ruas_26": "62050", "Suffix_26": null, "Nm_Ruas_26": "KARUBAGA - ILU - MULIA", "Lintas_26": "NON LINTAS", "No_Jbt_26": "62.050.020.0", "Nm_Jbt_26": "ARAMCO BESAR", "Status_26": "N", "Fungsi_26": "A", "Lks_Dr_26": "WMN", "Lks_km_26": 166.4, "F_STA_26": "520", "Cadin_26": null, "Pjg_Jbt_26": 12.0, "Btg_Pjg_26": 12.0, "Jml_Btg_26": "1", "Lb_Jl_Ms26": 0.0, "Lb_Jl_Kl26": 0.0, "Lb_Lalin26": 6.0, "Lb_Bh_Ki26": 0.0, "Lb_Bh_Ka26": 0.0, "Lb_Dr_Ki26": 0.0, "Lb_Dr_Ka26": 0.0, "Lb_Tr_Ki26": 0.0, "Lb_Tr_Ka26": 0.0, "Lb_TS_Ki26": 0.0, "Lb_TS_Ka26": 0.0, "Lb_Med_26": 0.0, "Lbr_Jbt_26": 6.0, "Bgn_Ats_26": "ABP", "Jns_Jbt_26": "STANDAR", "Thn_Bgn_26": "1980", "BA_26": "0", "LNT_26": "0", "BB_26": "0", "DAS_26": "2", "OP_26": "0", "UT_26": "0", "GR_26": "0", "LB_26": "0", "JBT_26": "2", "Tp_Lnts_26": "SUNGAI", "Dt_Lnts_26": "LURUS", "Pnangnn_26": "RUTIN", "Pmriksn_26": "TIDAK DI SURVEI", "Pnglola_26": "BPJN PAPUA TENGAH", "Satkr_ID26": "693948", "PPK_Name26": "PPK 4.1", "Traffic_26": null, "VCR_26": "0.0157", "AADT_26": "0", "Tipe_Jb_26": null, "Lat_26": -3.70932, "Long_26": 138.11249, "Tgl_Ins_26": "28\/08\/2020", "Ket_26": null }, "geometry": { "type": "Point", "coordinates": [ 138.112488999667676, -3.709319999618231 ] } },
{ "type": "Feature", "properties": { "PROVINSI": "PAPUA TENGAH (NABIRE)", "No_Prov_26": "62", "ID_Jbt_26": "6201804", "Kd_Ruas_26": "62018", "Suffix_26": null, "Nm_Ruas_26": "WANGGAR - KWATOSPRE (BTS. PROV. PAPUA BARAT)", "Lintas_26": "JALAN LINTAS UTARA", "No_Jbt_26": "62.018.068.0", "Nm_Jbt_26": "ARARAMA 1", "Status_26": "N", "Fungsi_26": "A", "Lks_Dr_26": "YAU", "Lks_km_26": 75.145, "F_STA_26": "200", "Cadin_26": null, "Pjg_Jbt_26": 21.5, "Btg_Pjg_26": 21.5, "Jml_Btg_26": "1", "Lb_Jl_Ms26": 7.0, "Lb_Jl_Kl26": 7.0, "Lb_Lalin26": 6.69, "Lb_Bh_Ki26": 0.28, "Lb_Bh_Ka26": 0.0, "Lb_Dr_Ki26": 0.0, "Lb_Dr_Ka26": 0.0, "Lb_Tr_Ki26": 0.88, "Lb_Tr_Ka26": 0.9, "Lb_TS_Ki26": 0.0, "Lb_TS_Ka26": 0.0, "Lb_Med_26": 0.0, "Lbr_Jbt_26": 8.75, "Bgn_Ats_26": "GBP", "Jns_Jbt_26": "STANDAR", "Thn_Bgn_26": "2000", "BA_26": "2", "LNT_26": "2", "BB_26": "1", "DAS_26": "1", "OP_26": "0", "UT_26": "0", "GR_26": "0", "LB_26": "0", "JBT_26": "2", "Tp_Lnts_26": "SUNGAI", "Dt_Lnts_26": "LURUS", "Pnangnn_26": "RUTIN", "Pmriksn_26": "TIDAK DI SURVEI", "Pnglola_26": "BPJN PAPUA TENGAH", "Satkr_ID26": "693945", "PPK_Name26": "PPK 1.2", "Traffic_26": null, "VCR_26": "0.0117", "AADT_26": "211", "Tipe_Jb_26": null, "Lat_26": -3.2995, "Long_26": 134.95473, "Tgl_Ins_26": "03\/06\/2025", "Ket_26": null }, "geometry": { "type": "Point", "coordinates": [ 134.954726999651371, -3.299503000063339 ] } },
{ "type": "Feature", "properties": { "PROVINSI": "PAPUA TENGAH (NABIRE)", "No_Prov_26": "62", "ID_Jbt_26": "6201749", "Kd_Ruas_26": "62018", "Suffix_26": null, "Nm_Ruas_26": "WANGGAR - KWATOSPRE (BTS. PROV. PAPUA BARAT)", "Lintas_26": "JALAN LINTAS UTARA", "No_Jbt_26": "62.018.069.0", "Nm_Jbt_26": "ARARAMA 2", "Status_26": "N", "Fungsi_26": "A", "Lks_Dr_26": "YAU", "Lks_km_26": 76.742, "F_STA_26": "740", "Cadin_26": null, "Pjg_Jbt_26": 20.5, "Btg_Pjg_26": 20.5, "Jml_Btg_26": "1", "Lb_Jl_Ms26": 7.0, "Lb_Jl_Kl26": 7.0, "Lb_Lalin26": 5.65, "Lb_Bh_Ki26": 0.77, "Lb_Bh_Ka26": 0.0, "Lb_Dr_Ki26": 0.0, "Lb_Dr_Ka26": 0.07, "Lb_Tr_Ki26": 0.96, "Lb_Tr_Ka26": 0.94, "Lb_TS_Ki26": 0.0, "Lb_TS_Ka26": 0.0, "Lb_Med_26": 0.0, "Lbr_Jbt_26": 8.39, "Bgn_Ats_26": "GBP", "Jns_Jbt_26": "STANDAR", "Thn_Bgn_26": "2000", "BA_26": "2", "LNT_26": "1", "BB_26": "1", "DAS_26": "1", "OP_26": "0", "UT_26": "0", "GR_26": "0", "LB_26": "0", "JBT_26": "2", "Tp_Lnts_26": "SUNGAI", "Dt_Lnts_26": "LURUS", "Pnangnn_26": "RUTIN", "Pmriksn_26": "TIDAK DI SURVEI", "Pnglola_26": "BPJN PAPUA TENGAH", "Satkr_ID26": "693945", "PPK_Name26": "PPK 1.2", "Traffic_26": null, "VCR_26": "0.0117", "AADT_26": "211", "Tipe_Jb_26": null, "Lat_26": -3.29024, "Long_26": 134.94482, "Tgl_Ins_26": "03\/06\/2025", "Ket_26": null }, "geometry": { "type": "Point", "coordinates": [ 134.944823999827804, -3.290237999983674 ] } },
{ "type": "Feature", "properties": { "PROVINSI": "PAPUA TENGAH (NABIRE)", "No_Prov_26": "62", "ID_Jbt_26": "6201459", "Kd_Ruas_26": "620442", "Suffix_26": "2", "Nm_Ruas_26": "KIMIBAY - LEGARE", "Lintas_26": "NON LINTAS", "No_Jbt_26": "62.044.072.0.2", "Nm_Jbt_26": "AREHU", "Status_26": "N", "Fungsi_26": "K", "Lks_Dr_26": "KMB", "Lks_km_26": 16.842, "F_STA_26": "400", "Cadin_26": null, "Pjg_Jbt_26": 6.0, "Btg_Pjg_26": 6.0, "Jml_Btg_26": "1", "Lb_Jl_Ms26": 6.0, "Lb_Jl_Kl26": 6.0, "Lb_Lalin26": 5.16, "Lb_Bh_Ki26": 0.52, "Lb_Bh_Ka26": 0.75, "Lb_Dr_Ki26": 0.0, "Lb_Dr_Ka26": 0.0, "Lb_Tr_Ki26": 0.78, "Lb_Tr_Ka26": 0.5, "Lb_TS_Ki26": 0.0, "Lb_TS_Ka26": 0.0, "Lb_Med_26": 0.0, "Lbr_Jbt_26": 7.71, "Bgn_Ats_26": "PTP", "Jns_Jbt_26": "STANDAR", "Thn_Bgn_26": "1996", "BA_26": "2", "LNT_26": "0", "BB_26": "2", "DAS_26": "3", "OP_26": "2", "UT_26": "0", "GR_26": "0", "LB_26": "0", "JBT_26": "3", "Tp_Lnts_26": "SUNGAI", "Dt_Lnts_26": "LURUS", "Pnangnn_26": "RUTIN", "Pmriksn_26": "DETAIL", "Pnglola_26": "BPJN PAPUA TENGAH", "Satkr_ID26": "693945", "PPK_Name26": "PPK 1.3", "Traffic_26": null, "VCR_26": "0.0511", "AADT_26": "0", "Tipe_Jb_26": null, "Lat_26": -3.16115, "Long_26": 135.6669, "Tgl_Ins_26": "11\/05\/2026", "Ket_26": null }, "geometry": { "type": "Point", "coordinates": [ 135.666901000280973, -3.161148999626562 ] } },
{ "type": "Feature", "properties": { "PROVINSI": "PAPUA TENGAH (NABIRE)", "No_Prov_26": "62", "ID_Jbt_26": "6201803", "Kd_Ruas_26": "62018", "Suffix_26": null, "Nm_Ruas_26": "WANGGAR - KWATOSPRE (BTS. PROV. PAPUA BARAT)", "Lintas_26": "JALAN LINTAS UTARA", "No_Jbt_26": "62.018.067.0", "Nm_Jbt_26": "ARUI", "Status_26": "N", "Fungsi_26": "A", "Lks_Dr_26": "YAU", "Lks_km_26": 70.876, "F_STA_26": "900", "Cadin_26": null, "Pjg_Jbt_26": 46.0, "Btg_Pjg_26": 46.0, "Jml_Btg_26": "1", "Lb_Jl_Ms26": 7.0, "Lb_Jl_Kl26": 7.0, "Lb_Lalin26": 5.8, "Lb_Bh_Ki26": 0.12, "Lb_Bh_Ka26": 0.0, "Lb_Dr_Ki26": 0.0, "Lb_Dr_Ka26": 0.09, "Lb_Tr_Ki26": 1.01, "Lb_Tr_Ka26": 1.01, "Lb_TS_Ki26": 0.0, "Lb_TS_Ka26": 0.0, "Lb_Med_26": 0.0, "Lbr_Jbt_26": 8.03, "Bgn_Ats_26": "RBR", "Jns_Jbt_26": "STANDAR", "Thn_Bgn_26": "1999", "BA_26": "2", "LNT_26": "1", "BB_26": "1", "DAS_26": "1", "OP_26": "0", "UT_26": "0", "GR_26": "0", "LB_26": "0", "JBT_26": "2", "Tp_Lnts_26": "SUNGAI", "Dt_Lnts_26": "LURUS", "Pnangnn_26": "RUTIN", "Pmriksn_26": "DETAIL", "Pnglola_26": "BPJN PAPUA TENGAH", "Satkr_ID26": "693945", "PPK_Name26": "PPK 1.2", "Traffic_26": null, "VCR_26": "0.0117", "AADT_26": "211", "Tipe_Jb_26": null, "Lat_26": -3.32612, "Long_26": 134.97614, "Tgl_Ins_26": "27\/04\/2026", "Ket_26": null }, "geometry": { "type": "Point", "coordinates": [ 134.976135000330032, -3.326119999937987 ] } },
{ "type": "Feature", "properties": { "PROVINSI": "PAPUA TENGAH (NABIRE)", "No_Prov_26": "62", "ID_Jbt_26": "6201042", "Kd_Ruas_26": "62016", "Suffix_26": null, "Nm_Ruas_26": "BEDUDIPA - BTS. KOTA NABIRE", "Lintas_26": "NON LINTAS", "No_Jbt_26": "62.016.148.0", "Nm_Jbt_26": "BAMBU SIRIWO", "Status_26": "N", "Fungsi_26": "A", "Lks_Dr_26": "NBR", "Lks_km_26": 89.541, "F_STA_26": "900", "Cadin_26": null, "Pjg_Jbt_26": 60.0, "Btg_Pjg_26": 60.0, "Jml_Btg_26": "1", "Lb_Jl_Ms26": 5.75, "Lb_Jl_Kl26": 5.75, "Lb_Lalin26": 5.9, "Lb_Bh_Ki26": 0.0, "Lb_Bh_Ka26": 0.0, "Lb_Dr_Ki26": 0.1, "Lb_Dr_Ka26": 0.0, "Lb_Tr_Ki26": 0.5, "Lb_Tr_Ka26": 0.5, "Lb_TS_Ki26": 0.0, "Lb_TS_Ka26": 0.0, "Lb_Med_26": 0.0, "Lbr_Jbt_26": 7.0, "Bgn_Ats_26": "RBR", "Jns_Jbt_26": "STANDAR", "Thn_Bgn_26": "2015", "BA_26": "2", "LNT_26": "2", "BB_26": "1", "DAS_26": "1", "OP_26": "0", "UT_26": "0", "GR_26": "0", "LB_26": "0", "JBT_26": "2", "Tp_Lnts_26": "SUNGAI", "Dt_Lnts_26": "LURUS", "Pnangnn_26": "RUTIN", "Pmriksn_26": "DETAIL", "Pnglola_26": "BPJN PAPUA TENGAH", "Satkr_ID26": "693945", "PPK_Name26": "PPK 1.1", "Traffic_26": null, "VCR_26": "0.0287", "AADT_26": "243", "Tipe_Jb_26": null, "Lat_26": -3.54928, "Long_26": 135.83142, "Tgl_Ins_26": "08\/05\/2026", "Ket_26": null }, "geometry": { "type": "Point", "coordinates": [ 135.831420999579564, -3.549284000256364 ] } },
{ "type": "Feature", "properties": { "PROVINSI": "PAPUA TENGAH (NABIRE)", "No_Prov_26": "62", "ID_Jbt_26": "6201378", "Kd_Ruas_26": "6201611", "Suffix_26": "11", "Nm_Ruas_26": "JLN. JEND. SUDIRMAN (NABIRE)", "Lintas_26": "JALAN LINTAS TENGAH", "No_Jbt_26": "62.016.158.0.11", "Nm_Jbt_26": "BANEHA", "Status_26": "N", "Fungsi_26": "A", "Lks_Dr_26": "NBR", "Lks_km_26": 1.031, "F_STA_26": "800", "Cadin_26": null, "Pjg_Jbt_26": 9.54, "Btg_Pjg_26": 3.0, "Jml_Btg_26": "2", "Lb_Jl_Ms26": 6.67, "Lb_Jl_Kl26": 6.67, "Lb_Lalin26": 11.89, "Lb_Bh_Ki26": 0.2, "Lb_Bh_Ka26": 0.36, "Lb_Dr_Ki26": 0.0, "Lb_Dr_Ka26": 0.0, "Lb_Tr_Ki26": 0.0, "Lb_Tr_Ka26": 0.0, "Lb_TS_Ki26": 0.32, "Lb_TS_Ka26": 0.3, "Lb_Med_26": 0.45, "Lbr_Jbt_26": 13.52, "Bgn_Ats_26": "BTP", "Jns_Jbt_26": "STANDAR", "Thn_Bgn_26": "2000", "BA_26": "0", "LNT_26": "0", "BB_26": "0", "DAS_26": "1", "OP_26": "0", "UT_26": "0", "GR_26": "0", "LB_26": "0", "JBT_26": "1", "Tp_Lnts_26": "SUNGAI", "Dt_Lnts_26": "LURUS", "Pnangnn_26": "RUTIN", "Pmriksn_26": "TIDAK DI SURVEI", "Pnglola_26": "BPJN PAPUA TENGAH", "Satkr_ID26": "693945", "PPK_Name26": "PPK 1.2", "Traffic_26": null, "VCR_26": "0.1915", "AADT_26": "2589", "Tipe_Jb_26": null, "Lat_26": -3.37362, "Long_26": 135.50198, "Tgl_Ins_26": "27\/04\/2021", "Ket_26": null }, "geometry": { "type": "Point", "coordinates": [ 135.501983999761819, -3.373624999893764 ] } },
{ "type": "Feature", "properties": { "PROVINSI": "PAPUA TENGAH (NABIRE)", "No_Prov_26": "62", "ID_Jbt_26": "6201021", "Kd_Ruas_26": "62016", "Suffix_26": null, "Nm_Ruas_26": "BEDUDIPA - BTS. KOTA NABIRE", "Lintas_26": "NON LINTAS", "No_Jbt_26": "62.016.129.0", "Nm_Jbt_26": "BARTO", "Status_26": "N", "Fungsi_26": "A", "Lks_Dr_26": "NBR", "Lks_km_26": 75.191, "F_STA_26": "600", "Cadin_26": null, "Pjg_Jbt_26": 6.5, "Btg_Pjg_26": 6.5, "Jml_Btg_26": "1", "Lb_Jl_Ms26": 6.8, "Lb_Jl_Kl26": 6.8, "Lb_Lalin26": 6.2, "Lb_Bh_Ki26": 0.9, "Lb_Bh_Ka26": 0.0, "Lb_Dr_Ki26": 0.0, "Lb_Dr_Ka26": 0.0, "Lb_Tr_Ki26": 0.9, "Lb_Tr_Ka26": 0.9, "Lb_TS_Ki26": 0.0, "Lb_TS_Ka26": 0.0, "Lb_Med_26": 0.0, "Lbr_Jbt_26": 8.9, "Bgn_Ats_26": "PTP", "Jns_Jbt_26": "STANDAR", "Thn_Bgn_26": "1999", "BA_26": "1", "LNT_26": "1", "BB_26": "1", "DAS_26": "2", "OP_26": "1", "UT_26": "0", "GR_26": "0", "LB_26": "0", "JBT_26": "2", "Tp_Lnts_26": "SUNGAI", "Dt_Lnts_26": "LURUS", "Pnangnn_26": "RUTIN", "Pmriksn_26": "TIDAK DI SURVEI", "Pnglola_26": "BPJN PAPUA TENGAH", "Satkr_ID26": "693945", "PPK_Name26": "PPK 1.1", "Traffic_26": null, "VCR_26": "0.0287", "AADT_26": "243", "Tipe_Jb_26": null, "Lat_26": -3.55812, "Long_26": 135.77246, "Tgl_Ins_26": "08\/05\/2024", "Ket_26": null }, "geometry": { "type": "Point", "coordinates": [ 135.772461000175099, -3.558117000199331 ] } },
{ "type": "Feature", "properties": { "PROVINSI": "PAPUA TENGAH (NABIRE)", "No_Prov_26": "62", "ID_Jbt_26": "6201623", "Kd_Ruas_26": "62015", "Suffix_26": null, "Nm_Ruas_26": "MOANEMANI - BEDUDIPA", "Lintas_26": "JALAN LINTAS TENGAH", "No_Jbt_26": "62.015.084.0", "Nm_Jbt_26": "BEDUDIPA - MOANEMANI 59", "Status_26": "N", "Fungsi_26": "A", "Lks_Dr_26": "BDP", "Lks_km_26": 81.689, "F_STA_26": "900", "Cadin_26": null, "Pjg_Jbt_26": 10.5, "Btg_Pjg_26": 3.0, "Jml_Btg_26": "3", "Lb_Jl_Ms26": 5.9, "Lb_Jl_Kl26": 5.9, "Lb_Lalin26": 7.0, "Lb_Bh_Ki26": 0.0, "Lb_Bh_Ka26": 0.0, "Lb_Dr_Ki26": 0.0, "Lb_Dr_Ka26": 0.0, "Lb_Tr_Ki26": 0.0, "Lb_Tr_Ka26": 0.0, "Lb_TS_Ki26": 0.0, "Lb_TS_Ka26": 0.0, "Lb_Med_26": 0.0, "Lbr_Jbt_26": 7.0, "Bgn_Ats_26": "BTP", "Jns_Jbt_26": "STANDAR", "Thn_Bgn_26": "2013", "BA_26": "0", "LNT_26": "0", "BB_26": "0", "DAS_26": "1", "OP_26": "1", "UT_26": "0", "GR_26": "3", "LB_26": "0", "JBT_26": "3", "Tp_Lnts_26": "SUNGAI", "Dt_Lnts_26": "LURUS", "Pnangnn_26": "REHABILITASI", "Pmriksn_26": "DETAIL", "Pnglola_26": "BPJN PAPUA TENGAH", "Satkr_ID26": "693945", "PPK_Name26": "PPK 1.1", "Traffic_26": null, "VCR_26": "0.1231", "AADT_26": "4467", "Tipe_Jb_26": null, "Lat_26": -3.88569, "Long_26": 135.96521, "Tgl_Ins_26": "02\/06\/2026", "Ket_26": null }, "geometry": { "type": "Point", "coordinates": [ 135.965209999941635, -3.885686000208693 ] } },
{ "type": "Feature", "properties": { "PROVINSI": "PAPUA TENGAH (NABIRE)", "No_Prov_26": "62", "ID_Jbt_26": "6201746", "Kd_Ruas_26": "62014", "Suffix_26": null, "Nm_Ruas_26": "WAGETE - MOANEMANI", "Lintas_26": "JALAN LINTAS TENGAH", "No_Jbt_26": "62.014.020.0", "Nm_Jbt_26": "BEDUPA", "Status_26": "N", "Fungsi_26": "A", "Lks_Dr_26": "WMN", "Lks_km_26": 26.003, "F_STA_26": "200", "Cadin_26": null, "Pjg_Jbt_26": 30.5, "Btg_Pjg_26": 30.5, "Jml_Btg_26": "1", "Lb_Jl_Ms26": 0.0, "Lb_Jl_Kl26": 0.0, "Lb_Lalin26": 9.0, "Lb_Bh_Ki26": 0.0, "Lb_Bh_Ka26": 0.0, "Lb_Dr_Ki26": 0.0, "Lb_Dr_Ka26": 0.0, "Lb_Tr_Ki26": 0.0, "Lb_Tr_Ka26": 0.0, "Lb_TS_Ki26": 0.0, "Lb_TS_Ka26": 0.0, "Lb_Med_26": 0.0, "Lbr_Jbt_26": 9.0, "Bgn_Ats_26": "GBP", "Jns_Jbt_26": "STANDAR", "Thn_Bgn_26": "2014", "BA_26": "2", "LNT_26": "2", "BB_26": "1", "DAS_26": "1", "OP_26": "1", "UT_26": "0", "GR_26": "0", "LB_26": "0", "JBT_26": "2", "Tp_Lnts_26": "SUNGAI", "Dt_Lnts_26": "LURUS", "Pnangnn_26": "RUTIN", "Pmriksn_26": "TIDAK DI SURVEI", "Pnglola_26": "BPJN PAPUA TENGAH", "Satkr_ID26": "693946", "PPK_Name26": "PPK 2.2", "Traffic_26": null, "VCR_26": "0.0301", "AADT_26": "132", "Tipe_Jb_26": null, "Lat_26": -3.99903, "Long_26": 136.15134, "Tgl_Ins_26": "25\/04\/2024", "Ket_26": null }, "geometry": { "type": "Point", "coordinates": [ 136.151337000102558, -3.99903400041876 ] } },
{ "type": "Feature", "properties": { "PROVINSI": "PAPUA TENGAH (NABIRE)", "No_Prov_26": "62", "ID_Jbt_26": "6201037", "Kd_Ruas_26": "62016", "Suffix_26": null, "Nm_Ruas_26": "BEDUDIPA - BTS. KOTA NABIRE", "Lintas_26": "NON LINTAS", "No_Jbt_26": "62.016.145.0", "Nm_Jbt_26": "BELUT", "Status_26": "N", "Fungsi_26": "A", "Lks_Dr_26": "NBR", "Lks_km_26": 87.382, "F_STA_26": "800", "Cadin_26": null, "Pjg_Jbt_26": 6.0, "Btg_Pjg_26": 6.0, "Jml_Btg_26": "1", "Lb_Jl_Ms26": 4.4, "Lb_Jl_Kl26": 4.4, "Lb_Lalin26": 4.47, "Lb_Bh_Ki26": 1.38, "Lb_Bh_Ka26": 1.5, "Lb_Dr_Ki26": 0.0, "Lb_Dr_Ka26": 0.0, "Lb_Tr_Ki26": 0.9, "Lb_Tr_Ka26": 0.82, "Lb_TS_Ki26": 0.0, "Lb_TS_Ka26": 0.0, "Lb_Med_26": 0.0, "Lbr_Jbt_26": 9.07, "Bgn_Ats_26": "PTP", "Jns_Jbt_26": "STANDAR", "Thn_Bgn_26": "2007", "BA_26": "1", "LNT_26": "1", "BB_26": "1", "DAS_26": "0", "OP_26": "0", "UT_26": "0", "GR_26": "0", "LB_26": "0", "JBT_26": "1", "Tp_Lnts_26": "SUNGAI", "Dt_Lnts_26": "LURUS", "Pnangnn_26": "RUTIN", "Pmriksn_26": "TIDAK DI SURVEI", "Pnglola_26": "BPJN PAPUA TENGAH", "Satkr_ID26": "693945", "PPK_Name26": "PPK 1.1", "Traffic_26": null, "VCR_26": "0.0287", "AADT_26": "243", "Tipe_Jb_26": null, "Lat_26": -3.5639, "Long_26": 135.82538, "Tgl_Ins_26": "04\/07\/2025", "Ket_26": null }, "geometry": { "type": "Point", "coordinates": [ 135.825377999694979, -3.563902999923471 ] } },
{ "type": "Feature", "properties": { "PROVINSI": "PAPUA TENGAH (NABIRE)", "No_Prov_26": "62", "ID_Jbt_26": "6201516", "Kd_Ruas_26": "62052", "Suffix_26": null, "Nm_Ruas_26": "MAYON - SIMPANG KAPIRAYA", "Lintas_26": "NON LINTAS", "No_Jbt_26": "62.052.048.0", "Nm_Jbt_26": "YODORA", "Status_26": "N", "Fungsi_26": "K1", "Lks_Dr_26": "TMK", "Lks_km_26": 59.844, "F_STA_26": "820", "Cadin_26": null, "Pjg_Jbt_26": 20.0, "Btg_Pjg_26": 20.0, "Jml_Btg_26": "1", "Lb_Jl_Ms26": 0.0, "Lb_Jl_Kl26": 0.0, "Lb_Lalin26": 6.2, "Lb_Bh_Ki26": 0.7, "Lb_Bh_Ka26": 0.7, "Lb_Dr_Ki26": 0.1, "Lb_Dr_Ka26": 0.1, "Lb_Tr_Ki26": 1.0, "Lb_Tr_Ka26": 0.9, "Lb_TS_Ki26": 0.25, "Lb_TS_Ka26": 0.3, "Lb_Med_26": 0.0, "Lbr_Jbt_26": 10.25, "Bgn_Ats_26": "GBP", "Jns_Jbt_26": "STANDAR", "Thn_Bgn_26": "2022", "BA_26": "2", "LNT_26": "1", "BB_26": "2", "DAS_26": "1", "OP_26": "0", "UT_26": "0", "GR_26": "0", "LB_26": "0", "JBT_26": "2", "Tp_Lnts_26": "SUNGAI", "Dt_Lnts_26": "LURUS", "Pnangnn_26": "RUTIN", "Pmriksn_26": "TIDAK DI SURVEI", "Pnglola_26": "BPJN PAPUA TENGAH", "Satkr_ID26": "693943", "PPK_Name26": "PPK 3.2", "Traffic_26": null, "VCR_26": "0.0508", "AADT_26": "474", "Tipe_Jb_26": null, "Lat_26": -4.26258, "Long_26": 136.60294, "Tgl_Ins_26": "27\/06\/2025", "Ket_26": null }, "geometry": { "type": "Point", "coordinates": [ 136.602936000096406, -4.262579000420487 ] } },
{ "type": "Feature", "properties": { "PROVINSI": "PAPUA TENGAH (NABIRE)", "No_Prov_26": "62", "ID_Jbt_26": "6201524", "Kd_Ruas_26": "62052", "Suffix_26": null, "Nm_Ruas_26": "MAYON - SIMPANG KAPIRAYA", "Lintas_26": "NON LINTAS", "No_Jbt_26": "62.052.056.0", "Nm_Jbt_26": "HERBA CS", "Status_26": "N", "Fungsi_26": "A", "Lks_Dr_26": "TMK", "Lks_km_26": 72.196, "F_STA_26": "10", "Cadin_26": null, "Pjg_Jbt_26": 30.0, "Btg_Pjg_26": 30.0, "Jml_Btg_26": "1", "Lb_Jl_Ms26": 0.0, "Lb_Jl_Kl26": 0.0, "Lb_Lalin26": 6.88, "Lb_Bh_Ki26": 0.0, "Lb_Bh_Ka26": 0.0, "Lb_Dr_Ki26": 0.06, "Lb_Dr_Ka26": 0.06, "Lb_Tr_Ki26": 1.0, "Lb_Tr_Ka26": 1.0, "Lb_TS_Ki26": 0.3, "Lb_TS_Ka26": 0.3, "Lb_Med_26": 0.0, "Lbr_Jbt_26": 9.6, "Bgn_Ats_26": "GBP", "Jns_Jbt_26": "STANDAR", "Thn_Bgn_26": "2019", "BA_26": "2", "LNT_26": "2", "BB_26": "1", "DAS_26": "1", "OP_26": "2", "UT_26": "0", "GR_26": "0", "LB_26": "0", "JBT_26": "2", "Tp_Lnts_26": "SUNGAI", "Dt_Lnts_26": "LURUS", "Pnangnn_26": "RUTIN", "Pmriksn_26": "DETAIL", "Pnglola_26": "BPJN PAPUA TENGAH", "Satkr_ID26": "693943", "PPK_Name26": "PPK 3.2", "Traffic_26": null, "VCR_26": "0.0508", "AADT_26": "474", "Tipe_Jb_26": null, "Lat_26": -4.257, "Long_26": 136.51631, "Tgl_Ins_26": "06\/05\/2026", "Ket_26": null }, "geometry": { "type": "Point", "coordinates": [ 136.516312000198695, -4.256997000211356 ] } },
{ "type": "Feature", "properties": { "PROVINSI": "PAPUA TENGAH (NABIRE)", "No_Prov_26": "62", "ID_Jbt_26": "6200249", "Kd_Ruas_26": "62016", "Suffix_26": null, "Nm_Ruas_26": "BEDUDIPA - BTS. KOTA NABIRE", "Lintas_26": "NON LINTAS", "No_Jbt_26": "62.016.026.0", "Nm_Jbt_26": "BEPTI", "Status_26": "N", "Fungsi_26": "A", "Lks_Dr_26": "NBR", "Lks_km_26": 26.675, "F_STA_26": "200", "Cadin_26": null, "Pjg_Jbt_26": 6.0, "Btg_Pjg_26": 6.0, "Jml_Btg_26": "1", "Lb_Jl_Ms26": 4.9, "Lb_Jl_Kl26": 4.9, "Lb_Lalin26": 6.0, "Lb_Bh_Ki26": 0.0, "Lb_Bh_Ka26": 0.0, "Lb_Dr_Ki26": 0.0, "Lb_Dr_Ka26": 0.0, "Lb_Tr_Ki26": 0.54, "Lb_Tr_Ka26": 0.53, "Lb_TS_Ki26": 0.0, "Lb_TS_Ka26": 0.0, "Lb_Med_26": 0.0, "Lbr_Jbt_26": 7.07, "Bgn_Ats_26": "PTP", "Jns_Jbt_26": "STANDAR", "Thn_Bgn_26": "1994", "BA_26": "1", "LNT_26": "0", "BB_26": "0", "DAS_26": "1", "OP_26": "0", "UT_26": "0", "GR_26": "0", "LB_26": "0", "JBT_26": "1", "Tp_Lnts_26": "SUNGAI", "Dt_Lnts_26": "LURUS", "Pnangnn_26": "RUTIN", "Pmriksn_26": "TIDAK DI SURVEI", "Pnglola_26": "BPJN PAPUA TENGAH", "Satkr_ID26": "693945", "PPK_Name26": "PPK 1.1", "Traffic_26": null, "VCR_26": "0.0287", "AADT_26": "243", "Tipe_Jb_26": null, "Lat_26": -3.48932, "Long_26": 135.59174, "Tgl_Ins_26": "09\/06\/2021", "Ket_26": null }, "geometry": { "type": "Point", "coordinates": [ 135.591736000016454, -3.489316000233202 ] } },
{ "type": "Feature", "properties": { "PROVINSI": "PAPUA TENGAH (NABIRE)", "No_Prov_26": "62", "ID_Jbt_26": "6201162", "Kd_Ruas_26": "620441", "Suffix_26": "1", "Nm_Ruas_26": "BTS. KOTA NABIRE - KIMIBAY", "Lintas_26": "JALAN LINTAS UTARA", "No_Jbt_26": "62.044.023.A.1", "Nm_Jbt_26": "BOUGREL - ZIPUR A", "Status_26": "N", "Fungsi_26": "K", "Lks_Dr_26": "NBR", "Lks_km_26": 11.403, "F_STA_26": "300", "Cadin_26": null, "Pjg_Jbt_26": 7.0, "Btg_Pjg_26": 7.0, "Jml_Btg_26": "1", "Lb_Jl_Ms26": 6.0, "Lb_Jl_Kl26": 6.0, "Lb_Lalin26": 6.07, "Lb_Bh_Ki26": 0.9, "Lb_Bh_Ka26": 0.9, "Lb_Dr_Ki26": 0.0, "Lb_Dr_Ka26": 0.0, "Lb_Tr_Ki26": 1.03, "Lb_Tr_Ka26": 1.02, "Lb_TS_Ki26": 0.0, "Lb_TS_Ka26": 0.0, "Lb_Med_26": 0.0, "Lbr_Jbt_26": 9.92, "Bgn_Ats_26": "GTP", "Jns_Jbt_26": "STANDAR", "Thn_Bgn_26": "2000", "BA_26": "2", "LNT_26": "2", "BB_26": "1", "DAS_26": "1", "OP_26": "2", "UT_26": "0", "GR_26": "0", "LB_26": "0", "JBT_26": "2", "Tp_Lnts_26": "SUNGAI", "Dt_Lnts_26": "LURUS", "Pnangnn_26": "RUTIN", "Pmriksn_26": "TIDAK DI SURVEI", "Pnglola_26": "BPJN PAPUA TENGAH", "Satkr_ID26": "693945", "PPK_Name26": "PPK 1.3", "Traffic_26": null, "VCR_26": "0.0567", "AADT_26": "2341", "Tipe_Jb_26": null, "Lat_26": -3.27119, "Long_26": 135.58673, "Tgl_Ins_26": "30\/03\/2024", "Ket_26": null }, "geometry": { "type": "Point", "coordinates": [ 135.586731000335476, -3.271194000402772 ] } },
{ "type": "Feature", "properties": { "PROVINSI": "PAPUA TENGAH (NABIRE)", "No_Prov_26": "62", "ID_Jbt_26": "6202417", "Kd_Ruas_26": "62053", "Suffix_26": null, "Nm_Ruas_26": "TIMIKA - SP. PELRA - POMAKO", "Lintas_26": "JALAN PENGHUBUNG LINTAS", "No_Jbt_26": "62.053.002.0", "Nm_Jbt_26": "BOX  1 POMAKO", "Status_26": "N", "Fungsi_26": "K1", "Lks_Dr_26": "TMK", "Lks_km_26": 12.12, "F_STA_26": "100", "Cadin_26": null, "Pjg_Jbt_26": 7.6, "Btg_Pjg_26": 7.6, "Jml_Btg_26": "1", "Lb_Jl_Ms26": 0.0, "Lb_Jl_Kl26": 0.0, "Lb_Lalin26": 6.2, "Lb_Bh_Ki26": 0.0, "Lb_Bh_Ka26": 0.0, "Lb_Dr_Ki26": 0.0, "Lb_Dr_Ka26": 0.0, "Lb_Tr_Ki26": 3.2, "Lb_Tr_Ka26": 2.0, "Lb_TS_Ki26": 0.0, "Lb_TS_Ka26": 0.0, "Lb_Med_26": 0.0, "Lbr_Jbt_26": 11.4, "Bgn_Ats_26": "BTP", "Jns_Jbt_26": "STANDAR", "Thn_Bgn_26": "2000", "BA_26": "0", "LNT_26": "0", "BB_26": "0", "DAS_26": "1", "OP_26": "1", "UT_26": "0", "GR_26": "2", "LB_26": "0", "JBT_26": "2", "Tp_Lnts_26": "SUNGAI", "Dt_Lnts_26": "LURUS", "Pnangnn_26": "RUTIN", "Pmriksn_26": "TIDAK DI SURVEI", "Pnglola_26": "BPJN PAPUA TENGAH", "Satkr_ID26": "693943", "PPK_Name26": "PPK 3.1", "Traffic_26": null, "VCR_26": "0.2254", "AADT_26": "2780", "Tipe_Jb_26": null, "Lat_26": -4.62484, "Long_26": 136.85857, "Tgl_Ins_26": "02\/06\/2025", "Ket_26": null }, "geometry": { "type": "Point", "coordinates": [ 136.858566000220776, -4.624839000319582 ] } },
{ "type": "Feature", "properties": { "PROVINSI": "PAPUA TENGAH (NABIRE)", "No_Prov_26": "62", "ID_Jbt_26": "6202414", "Kd_Ruas_26": "62053", "Suffix_26": null, "Nm_Ruas_26": "TIMIKA - SP. PELRA - POMAKO", "Lintas_26": "JALAN PENGHUBUNG LINTAS", "No_Jbt_26": "62.053.012.0", "Nm_Jbt_26": "BOX  10 POMAKO", "Status_26": "N", "Fungsi_26": "A", "Lks_Dr_26": "TMK", "Lks_km_26": 24.847, "F_STA_26": "80", "Cadin_26": null, "Pjg_Jbt_26": 7.8, "Btg_Pjg_26": 7.8, "Jml_Btg_26": "1", "Lb_Jl_Ms26": 0.0, "Lb_Jl_Kl26": 0.0, "Lb_Lalin26": 5.6, "Lb_Bh_Ki26": 2.3, "Lb_Bh_Ka26": 0.0, "Lb_Dr_Ki26": 0.0, "Lb_Dr_Ka26": 0.0, "Lb_Tr_Ki26": 0.25, "Lb_Tr_Ka26": 0.25, "Lb_TS_Ki26": 0.0, "Lb_TS_Ka26": 0.0, "Lb_Med_26": 0.0, "Lbr_Jbt_26": 8.4, "Bgn_Ats_26": "BTP", "Jns_Jbt_26": "STANDAR", "Thn_Bgn_26": "2000", "BA_26": "1", "LNT_26": "1", "BB_26": "0", "DAS_26": "1", "OP_26": "2", "UT_26": "0", "GR_26": "2", "LB_26": "0", "JBT_26": "2", "Tp_Lnts_26": "SUNGAI", "Dt_Lnts_26": "LURUS", "Pnangnn_26": "RUTIN", "Pmriksn_26": "DETAIL", "Pnglola_26": "BPJN PAPUA TENGAH", "Satkr_ID26": "693943", "PPK_Name26": "PPK 3.1", "Traffic_26": null, "VCR_26": "0.2254", "AADT_26": "2780", "Tipe_Jb_26": null, "Lat_26": -4.67293, "Long_26": 136.81653, "Tgl_Ins_26": "27\/04\/2026", "Ket_26": null }, "geometry": { "type": "Point", "coordinates": [ 136.816527999667528, -4.67292500008864 ] } },
{ "type": "Feature", "properties": { "PROVINSI": "PAPUA TENGAH (NABIRE)", "No_Prov_26": "62", "ID_Jbt_26": "6202415", "Kd_Ruas_26": "62053", "Suffix_26": null, "Nm_Ruas_26": "TIMIKA - SP. PELRA - POMAKO", "Lintas_26": "JALAN PENGHUBUNG LINTAS", "No_Jbt_26": "62.053.014.0", "Nm_Jbt_26": "BOX  12 POMAKO", "Status_26": "N", "Fungsi_26": "A", "Lks_Dr_26": "TMK", "Lks_km_26": 26.484, "F_STA_26": "220", "Cadin_26": null, "Pjg_Jbt_26": 7.1, "Btg_Pjg_26": 7.1, "Jml_Btg_26": "1", "Lb_Jl_Ms26": 0.0, "Lb_Jl_Kl26": 0.0, "Lb_Lalin26": 6.3, "Lb_Bh_Ki26": 0.0, "Lb_Bh_Ka26": 0.0, "Lb_Dr_Ki26": 0.0, "Lb_Dr_Ka26": 0.0, "Lb_Tr_Ki26": 2.1, "Lb_Tr_Ka26": 2.3, "Lb_TS_Ki26": 0.0, "Lb_TS_Ka26": 0.0, "Lb_Med_26": 0.0, "Lbr_Jbt_26": 10.7, "Bgn_Ats_26": "BTP", "Jns_Jbt_26": "STANDAR", "Thn_Bgn_26": "2000", "BA_26": "2", "LNT_26": "1", "BB_26": "0", "DAS_26": "1", "OP_26": "0", "UT_26": "0", "GR_26": "2", "LB_26": "0", "JBT_26": "2", "Tp_Lnts_26": "SUNGAI", "Dt_Lnts_26": "LURUS", "Pnangnn_26": "RUTIN", "Pmriksn_26": "TIDAK DI SURVEI", "Pnglola_26": "BPJN PAPUA TENGAH", "Satkr_ID26": "693943", "PPK_Name26": "PPK 3.1", "Traffic_26": null, "VCR_26": "0.2254", "AADT_26": "2780", "Tipe_Jb_26": null, "Lat_26": -4.67078, "Long_26": 136.80713, "Tgl_Ins_26": "03\/06\/2025", "Ket_26": null }, "geometry": { "type": "Point", "coordinates": [ 136.80712899970365, -4.670780000096897 ] } },
{ "type": "Feature", "properties": { "PROVINSI": "PAPUA TENGAH (NABIRE)", "No_Prov_26": "62", "ID_Jbt_26": "6202416", "Kd_Ruas_26": "62053", "Suffix_26": null, "Nm_Ruas_26": "TIMIKA - SP. PELRA - POMAKO", "Lintas_26": "JALAN PENGHUBUNG LINTAS", "No_Jbt_26": "62.053.015.0", "Nm_Jbt_26": "BOX  13 POMAKO", "Status_26": "N", "Fungsi_26": "A", "Lks_Dr_26": "TMK", "Lks_km_26": 26.609, "F_STA_26": "220", "Cadin_26": null, "Pjg_Jbt_26": 7.55, "Btg_Pjg_26": 7.55, "Jml_Btg_26": "1", "Lb_Jl_Ms26": 0.0, "Lb_Jl_Kl26": 0.0, "Lb_Lalin26": 6.0, "Lb_Bh_Ki26": 3.2, "Lb_Bh_Ka26": 1.5, "Lb_Dr_Ki26": 0.0, "Lb_Dr_Ka26": 0.0, "Lb_Tr_Ki26": 0.3, "Lb_Tr_Ka26": 0.3, "Lb_TS_Ki26": 0.0, "Lb_TS_Ka26": 0.0, "Lb_Med_26": 0.0, "Lbr_Jbt_26": 11.3, "Bgn_Ats_26": "BTP", "Jns_Jbt_26": "STANDAR", "Thn_Bgn_26": "2000", "BA_26": "0", "LNT_26": "0", "BB_26": "0", "DAS_26": "1", "OP_26": "0", "UT_26": "0", "GR_26": "0", "LB_26": "0", "JBT_26": "1", "Tp_Lnts_26": "SUNGAI", "Dt_Lnts_26": "LURUS", "Pnangnn_26": "RUTIN", "Pmriksn_26": "TIDAK DI SURVEI", "Pnglola_26": "BPJN PAPUA TENGAH", "Satkr_ID26": "693943", "PPK_Name26": "PPK 3.1", "Traffic_26": null, "VCR_26": "0.2254", "AADT_26": "2780", "Tipe_Jb_26": null, "Lat_26": -4.67133, "Long_26": 136.80704, "Tgl_Ins_26": "04\/06\/2025", "Ket_26": null }, "geometry": { "type": "Point", "coordinates": [ 136.807036999957631, -4.671332000371478 ] } },
{ "type": "Feature", "properties": { "PROVINSI": "PAPUA TENGAH (NABIRE)", "No_Prov_26": "62", "ID_Jbt_26": "6202235", "Kd_Ruas_26": "62053", "Suffix_26": null, "Nm_Ruas_26": "TIMIKA - SP. PELRA - POMAKO", "Lintas_26": "JALAN PENGHUBUNG LINTAS", "No_Jbt_26": "62.053.017.0", "Nm_Jbt_26": "BOX  15 POMAKO", "Status_26": "N", "Fungsi_26": "A", "Lks_Dr_26": "TMK", "Lks_km_26": 27.961, "F_STA_26": "340", "Cadin_26": null, "Pjg_Jbt_26": 7.0, "Btg_Pjg_26": 7.0, "Jml_Btg_26": "1", "Lb_Jl_Ms26": 0.0, "Lb_Jl_Kl26": 0.0, "Lb_Lalin26": 6.25, "Lb_Bh_Ki26": 1.85, "Lb_Bh_Ka26": 3.7, "Lb_Dr_Ki26": 0.0, "Lb_Dr_Ka26": 0.0, "Lb_Tr_Ki26": 0.18, "Lb_Tr_Ka26": 0.15, "Lb_TS_Ki26": 0.0, "Lb_TS_Ka26": 0.0, "Lb_Med_26": 0.0, "Lbr_Jbt_26": 12.13, "Bgn_Ats_26": "BTP", "Jns_Jbt_26": "STANDAR", "Thn_Bgn_26": "2000", "BA_26": "0", "LNT_26": "0", "BB_26": "0", "DAS_26": "0", "OP_26": "2", "UT_26": "0", "GR_26": "2", "LB_26": "0", "JBT_26": "2", "Tp_Lnts_26": "SUNGAI", "Dt_Lnts_26": "LURUS", "Pnangnn_26": "RUTIN", "Pmriksn_26": "TIDAK DI SURVEI", "Pnglola_26": "BPJN PAPUA TENGAH", "Satkr_ID26": "693943", "PPK_Name26": "PPK 3.1", "Traffic_26": null, "VCR_26": "0.2254", "AADT_26": "2780", "Tipe_Jb_26": null, "Lat_26": -4.67602, "Long_26": 136.79962, "Tgl_Ins_26": "03\/06\/2025", "Ket_26": null }, "geometry": { "type": "Point", "coordinates": [ 136.799621999755573, -4.676024000007544 ] } },
{ "type": "Feature", "properties": { "PROVINSI": "PAPUA TENGAH (NABIRE)", "No_Prov_26": "62", "ID_Jbt_26": "6202408", "Kd_Ruas_26": "62053", "Suffix_26": null, "Nm_Ruas_26": "TIMIKA - SP. PELRA - POMAKO", "Lintas_26": "JALAN PENGHUBUNG LINTAS", "No_Jbt_26": "62.053.003.0", "Nm_Jbt_26": "BOX  2 POMAKO", "Status_26": "N", "Fungsi_26": "A", "Lks_Dr_26": "TMK", "Lks_km_26": 13.378, "F_STA_26": "130", "Cadin_26": null, "Pjg_Jbt_26": 7.65, "Btg_Pjg_26": 7.65, "Jml_Btg_26": "1", "Lb_Jl_Ms26": 0.0, "Lb_Jl_Kl26": 0.0, "Lb_Lalin26": 6.0, "Lb_Bh_Ki26": 0.0, "Lb_Bh_Ka26": 0.0, "Lb_Dr_Ki26": 0.0, "Lb_Dr_Ka26": 0.0, "Lb_Tr_Ki26": 0.0, "Lb_Tr_Ka26": 0.0, "Lb_TS_Ki26": 0.0, "Lb_TS_Ka26": 0.0, "Lb_Med_26": 0.0, "Lbr_Jbt_26": 6.0, "Bgn_Ats_26": "BTP", "Jns_Jbt_26": "STANDAR", "Thn_Bgn_26": "2000", "BA_26": "0", "LNT_26": "0", "BB_26": "0", "DAS_26": "1", "OP_26": "2", "UT_26": "0", "GR_26": "2", "LB_26": "0", "JBT_26": "2", "Tp_Lnts_26": "SUNGAI", "Dt_Lnts_26": "LURUS", "Pnangnn_26": "RUTIN", "Pmriksn_26": "TIDAK DI SURVEI", "Pnglola_26": "BPJN PAPUA TENGAH", "Satkr_ID26": "693943", "PPK_Name26": "PPK 3.1", "Traffic_26": null, "VCR_26": "0.2254", "AADT_26": "2780", "Tipe_Jb_26": null, "Lat_26": -4.62653, "Long_26": 136.85674, "Tgl_Ins_26": "02\/06\/2025", "Ket_26": null }, "geometry": { "type": "Point", "coordinates": [ 136.8567350003201, -4.626530000059404 ] } },
{ "type": "Feature", "properties": { "PROVINSI": "PAPUA TENGAH (NABIRE)", "No_Prov_26": "62", "ID_Jbt_26": "6202409", "Kd_Ruas_26": "62053", "Suffix_26": null, "Nm_Ruas_26": "TIMIKA - SP. PELRA - POMAKO", "Lintas_26": "JALAN PENGHUBUNG LINTAS", "No_Jbt_26": "62.053.004.0", "Nm_Jbt_26": "BOX  3 POMAKO", "Status_26": "N", "Fungsi_26": "A", "Lks_Dr_26": "TMK", "Lks_km_26": 13.846, "F_STA_26": "170", "Cadin_26": null, "Pjg_Jbt_26": 6.6, "Btg_Pjg_26": 6.6, "Jml_Btg_26": "1", "Lb_Jl_Ms26": 0.0, "Lb_Jl_Kl26": 0.0, "Lb_Lalin26": 5.5, "Lb_Bh_Ki26": 0.0, "Lb_Bh_Ka26": 0.0, "Lb_Dr_Ki26": 0.0, "Lb_Dr_Ka26": 0.0, "Lb_Tr_Ki26": 0.6, "Lb_Tr_Ka26": 1.0, "Lb_TS_Ki26": 0.0, "Lb_TS_Ka26": 0.0, "Lb_Med_26": 0.0, "Lbr_Jbt_26": 7.1, "Bgn_Ats_26": "BTP", "Jns_Jbt_26": "STANDAR", "Thn_Bgn_26": "2000", "BA_26": "1", "LNT_26": "0", "BB_26": "0", "DAS_26": "1", "OP_26": "0", "UT_26": "0", "GR_26": "2", "LB_26": "0", "JBT_26": "2", "Tp_Lnts_26": "SUNGAI", "Dt_Lnts_26": "LURUS", "Pnangnn_26": "RUTIN", "Pmriksn_26": "TIDAK DI SURVEI", "Pnglola_26": "BPJN PAPUA TENGAH", "Satkr_ID26": "693943", "PPK_Name26": "PPK 3.1", "Traffic_26": null, "VCR_26": "0.2254", "AADT_26": "2780", "Tipe_Jb_26": null, "Lat_26": -4.62914, "Long_26": 136.85448, "Tgl_Ins_26": "02\/06\/2025", "Ket_26": null }, "geometry": { "type": "Point", "coordinates": [ 136.854476999613894, -4.629140999957144 ] } },
{ "type": "Feature", "properties": { "PROVINSI": "PAPUA TENGAH (NABIRE)", "No_Prov_26": "62", "ID_Jbt_26": "6202410", "Kd_Ruas_26": "62053", "Suffix_26": null, "Nm_Ruas_26": "TIMIKA - SP. PELRA - POMAKO", "Lintas_26": "JALAN PENGHUBUNG LINTAS", "No_Jbt_26": "62.053.008.0", "Nm_Jbt_26": "BOX  6 POMAKO", "Status_26": "N", "Fungsi_26": "A", "Lks_Dr_26": "TMK", "Lks_km_26": 20.911, "F_STA_26": "750", "Cadin_26": null, "Pjg_Jbt_26": 7.6, "Btg_Pjg_26": 7.6, "Jml_Btg_26": "1", "Lb_Jl_Ms26": 0.0, "Lb_Jl_Kl26": 0.0, "Lb_Lalin26": 6.3, "Lb_Bh_Ki26": 0.0, "Lb_Bh_Ka26": 0.0, "Lb_Dr_Ki26": 0.0, "Lb_Dr_Ka26": 0.0, "Lb_Tr_Ki26": 1.4, "Lb_Tr_Ka26": 2.8, "Lb_TS_Ki26": 0.0, "Lb_TS_Ka26": 0.0, "Lb_Med_26": 0.0, "Lbr_Jbt_26": 10.5, "Bgn_Ats_26": "BTP", "Jns_Jbt_26": "STANDAR", "Thn_Bgn_26": "2000", "BA_26": "0", "LNT_26": "0", "BB_26": "0", "DAS_26": "1", "OP_26": "0", "UT_26": "0", "GR_26": "2", "LB_26": "0", "JBT_26": "2", "Tp_Lnts_26": "SUNGAI", "Dt_Lnts_26": "LURUS", "Pnangnn_26": "RUTIN", "Pmriksn_26": "TIDAK DI SURVEI", "Pnglola_26": "BPJN PAPUA TENGAH", "Satkr_ID26": "693943", "PPK_Name26": "PPK 3.1", "Traffic_26": null, "VCR_26": "0.2254", "AADT_26": "2780", "Tipe_Jb_26": null, "Lat_26": -4.65674, "Long_26": 136.82971, "Tgl_Ins_26": "03\/06\/2025", "Ket_26": null }, "geometry": { "type": "Point", "coordinates": [ 136.829711999709048, -4.656741000196973 ] } },
{ "type": "Feature", "properties": { "PROVINSI": "PAPUA TENGAH (NABIRE)", "No_Prov_26": "62", "ID_Jbt_26": "6202411", "Kd_Ruas_26": "62053", "Suffix_26": null, "Nm_Ruas_26": "TIMIKA - SP. PELRA - POMAKO", "Lintas_26": "JALAN PENGHUBUNG LINTAS", "No_Jbt_26": "62.053.009.0", "Nm_Jbt_26": "BOX  7 POMAKO", "Status_26": "N", "Fungsi_26": "A", "Lks_Dr_26": "TMK", "Lks_km_26": 21.102, "F_STA_26": "770", "Cadin_26": null, "Pjg_Jbt_26": 7.6, "Btg_Pjg_26": 7.6, "Jml_Btg_26": "1", "Lb_Jl_Ms26": 0.0, "Lb_Jl_Kl26": 0.0, "Lb_Lalin26": 6.0, "Lb_Bh_Ki26": 0.0, "Lb_Bh_Ka26": 0.0, "Lb_Dr_Ki26": 0.0, "Lb_Dr_Ka26": 0.0, "Lb_Tr_Ki26": 1.2, "Lb_Tr_Ka26": 2.8, "Lb_TS_Ki26": 0.0, "Lb_TS_Ka26": 0.0, "Lb_Med_26": 0.0, "Lbr_Jbt_26": 10.0, "Bgn_Ats_26": "BTP", "Jns_Jbt_26": "STANDAR", "Thn_Bgn_26": "2000", "BA_26": "0", "LNT_26": "0", "BB_26": "0", "DAS_26": "1", "OP_26": "2", "UT_26": "0", "GR_26": "1", "LB_26": "0", "JBT_26": "2", "Tp_Lnts_26": "SUNGAI", "Dt_Lnts_26": "LURUS", "Pnangnn_26": "RUTIN", "Pmriksn_26": "TIDAK DI SURVEI", "Pnglola_26": "BPJN PAPUA TENGAH", "Satkr_ID26": "693943", "PPK_Name26": "PPK 3.1", "Traffic_26": null, "VCR_26": "0.2254", "AADT_26": "2780", "Tipe_Jb_26": null, "Lat_26": -4.658, "Long_26": 136.83023, "Tgl_Ins_26": "03\/06\/2025", "Ket_26": null }, "geometry": { "type": "Point", "coordinates": [ 136.830231000260483, -4.657997999707845 ] } },
{ "type": "Feature", "properties": { "PROVINSI": "PAPUA TENGAH (NABIRE)", "No_Prov_26": "62", "ID_Jbt_26": "6202412", "Kd_Ruas_26": "62053", "Suffix_26": null, "Nm_Ruas_26": "TIMIKA - SP. PELRA - POMAKO", "Lintas_26": "JALAN PENGHUBUNG LINTAS", "No_Jbt_26": "62.053.010.0", "Nm_Jbt_26": "BOX  8 POMAKO", "Status_26": "N", "Fungsi_26": "A", "Lks_Dr_26": "TMK", "Lks_km_26": 22.233, "F_STA_26": "860", "Cadin_26": null, "Pjg_Jbt_26": 7.6, "Btg_Pjg_26": 7.6, "Jml_Btg_26": "1", "Lb_Jl_Ms26": 0.0, "Lb_Jl_Kl26": 0.0, "Lb_Lalin26": 6.0, "Lb_Bh_Ki26": 2.0, "Lb_Bh_Ka26": 2.6, "Lb_Dr_Ki26": 0.0, "Lb_Dr_Ka26": 0.0, "Lb_Tr_Ki26": 0.23, "Lb_Tr_Ka26": 0.25, "Lb_TS_Ki26": 0.0, "Lb_TS_Ka26": 0.0, "Lb_Med_26": 0.0, "Lbr_Jbt_26": 11.08, "Bgn_Ats_26": "BTP", "Jns_Jbt_26": "STANDAR", "Thn_Bgn_26": "2000", "BA_26": "0", "LNT_26": "0", "BB_26": "0", "DAS_26": "1", "OP_26": "1", "UT_26": "0", "GR_26": "1", "LB_26": "0", "JBT_26": "1", "Tp_Lnts_26": "SUNGAI", "Dt_Lnts_26": "LURUS", "Pnangnn_26": "RUTIN", "Pmriksn_26": "TIDAK DI SURVEI", "Pnglola_26": "BPJN PAPUA TENGAH", "Satkr_ID26": "693943", "PPK_Name26": "PPK 3.1", "Traffic_26": null, "VCR_26": "0.2254", "AADT_26": "2780", "Tipe_Jb_26": null, "Lat_26": -4.66445, "Long_26": 136.82808, "Tgl_Ins_26": "03\/06\/2025", "Ket_26": null }, "geometry": { "type": "Point", "coordinates": [ 136.828078999946001, -4.664450999613905 ] } },
{ "type": "Feature", "properties": { "PROVINSI": "PAPUA TENGAH (NABIRE)", "No_Prov_26": "62", "ID_Jbt_26": "6202413", "Kd_Ruas_26": "62053", "Suffix_26": null, "Nm_Ruas_26": "TIMIKA - SP. PELRA - POMAKO", "Lintas_26": "JALAN PENGHUBUNG LINTAS", "No_Jbt_26": "62.053.011.0", "Nm_Jbt_26": "BOX  9 POMAKO", "Status_26": "N", "Fungsi_26": "A", "Lks_Dr_26": "TMK", "Lks_km_26": 22.948, "F_STA_26": "920", "Cadin_26": null, "Pjg_Jbt_26": 7.3, "Btg_Pjg_26": 7.3, "Jml_Btg_26": "1", "Lb_Jl_Ms26": 0.0, "Lb_Jl_Kl26": 0.0, "Lb_Lalin26": 5.85, "Lb_Bh_Ki26": 2.1, "Lb_Bh_Ka26": 2.7, "Lb_Dr_Ki26": 0.0, "Lb_Dr_Ka26": 0.0, "Lb_Tr_Ki26": 0.0, "Lb_Tr_Ka26": 0.0, "Lb_TS_Ki26": 0.0, "Lb_TS_Ka26": 0.0, "Lb_Med_26": 0.0, "Lbr_Jbt_26": 10.65, "Bgn_Ats_26": "BTP", "Jns_Jbt_26": "STANDAR", "Thn_Bgn_26": "2000", "BA_26": "0", "LNT_26": "0", "BB_26": "0", "DAS_26": "1", "OP_26": "2", "UT_26": "0", "GR_26": "2", "LB_26": "0", "JBT_26": "2", "Tp_Lnts_26": "SUNGAI", "Dt_Lnts_26": "LURUS", "Pnangnn_26": "RUTIN", "Pmriksn_26": "TIDAK DI SURVEI", "Pnglola_26": "BPJN PAPUA TENGAH", "Satkr_ID26": "693943", "PPK_Name26": "PPK 3.1", "Traffic_26": null, "VCR_26": "0.2254", "AADT_26": "2780", "Tipe_Jb_26": null, "Lat_26": -4.66969, "Long_26": 136.82813, "Tgl_Ins_26": "03\/06\/2025", "Ket_26": null }, "geometry": { "type": "Point", "coordinates": [ 136.828125000268642, -4.669686000008824 ] } },
{ "type": "Feature", "properties": { "PROVINSI": "PAPUA TENGAH (NABIRE)", "No_Prov_26": "62", "ID_Jbt_26": "6200806", "Kd_Ruas_26": "62052", "Suffix_26": null, "Nm_Ruas_26": "MAYON - SIMPANG KAPIRAYA", "Lintas_26": "NON LINTAS", "No_Jbt_26": "62.052.034.0", "Nm_Jbt_26": "BOX 109 - 240", "Status_26": "N", "Fungsi_26": "A", "Lks_Dr_26": "TMK", "Lks_km_26": 39.407, "F_STA_26": "820", "Cadin_26": null, "Pjg_Jbt_26": 17.5, "Btg_Pjg_26": 3.0, "Jml_Btg_26": "3", "Lb_Jl_Ms26": 0.0, "Lb_Jl_Kl26": 0.0, "Lb_Lalin26": 5.0, "Lb_Bh_Ki26": 0.0, "Lb_Bh_Ka26": 0.0, "Lb_Dr_Ki26": 0.0, "Lb_Dr_Ka26": 0.0, "Lb_Tr_Ki26": 2.8, "Lb_Tr_Ka26": 2.7, "Lb_TS_Ki26": 0.3, "Lb_TS_Ka26": 0.2, "Lb_Med_26": 0.0, "Lbr_Jbt_26": 11.0, "Bgn_Ats_26": "BTP", "Jns_Jbt_26": "STANDAR", "Thn_Bgn_26": "2013", "BA_26": "1", "LNT_26": "0", "BB_26": "0", "DAS_26": "2", "OP_26": "0", "UT_26": "0", "GR_26": "0", "LB_26": "0", "JBT_26": "2", "Tp_Lnts_26": "SUNGAI", "Dt_Lnts_26": "LURUS", "Pnangnn_26": "RUTIN", "Pmriksn_26": "TIDAK DI SURVEI", "Pnglola_26": "BPJN PAPUA TENGAH", "Satkr_ID26": "693943", "PPK_Name26": "PPK 3.2", "Traffic_26": null, "VCR_26": "0.0508", "AADT_26": "474", "Tipe_Jb_26": null, "Lat_26": -4.3337, "Long_26": 136.70105, "Tgl_Ins_26": "17\/09\/2020", "Ket_26": null }, "geometry": { "type": "Point", "coordinates": [ 136.701050000157466, -4.333703999639852 ] } },
{ "type": "Feature", "properties": { "PROVINSI": "PAPUA TENGAH (NABIRE)", "No_Prov_26": "62", "ID_Jbt_26": "6200812", "Kd_Ruas_26": "62052", "Suffix_26": null, "Nm_Ruas_26": "MAYON - SIMPANG KAPIRAYA", "Lintas_26": "NON LINTAS", "No_Jbt_26": "62.052.043.0", "Nm_Jbt_26": "BOX 120 + 700", "Status_26": "N", "Fungsi_26": "A", "Lks_Dr_26": "TMK", "Lks_km_26": 49.577, "F_STA_26": "810", "Cadin_26": null, "Pjg_Jbt_26": 14.2, "Btg_Pjg_26": 3.0, "Jml_Btg_26": "2", "Lb_Jl_Ms26": 0.0, "Lb_Jl_Kl26": 0.0, "Lb_Lalin26": 5.5, "Lb_Bh_Ki26": 0.0, "Lb_Bh_Ka26": 0.0, "Lb_Dr_Ki26": 0.0, "Lb_Dr_Ka26": 0.0, "Lb_Tr_Ki26": 2.5, "Lb_Tr_Ka26": 2.3, "Lb_TS_Ki26": 0.2, "Lb_TS_Ka26": 0.2, "Lb_Med_26": 0.0, "Lbr_Jbt_26": 10.7, "Bgn_Ats_26": "BTP", "Jns_Jbt_26": "STANDAR", "Thn_Bgn_26": "2015", "BA_26": "0", "LNT_26": "0", "BB_26": "0", "DAS_26": "1", "OP_26": "0", "UT_26": "0", "GR_26": "0", "LB_26": "0", "JBT_26": "1", "Tp_Lnts_26": "SUNGAI", "Dt_Lnts_26": "LURUS", "Pnangnn_26": "RUTIN", "Pmriksn_26": "TIDAK DI SURVEI", "Pnglola_26": "BPJN PAPUA TENGAH", "Satkr_ID26": "693943", "PPK_Name26": "PPK 3.2", "Traffic_26": null, "VCR_26": "0.0508", "AADT_26": "474", "Tipe_Jb_26": null, "Lat_26": -4.28531, "Long_26": 136.64946, "Tgl_Ins_26": "17\/09\/2020", "Ket_26": null }, "geometry": { "type": "Point", "coordinates": [ 136.649459999779197, -4.285309000010272 ] } },
{ "type": "Feature", "properties": { "PROVINSI": "PAPUA TENGAH (NABIRE)", "No_Prov_26": "62", "ID_Jbt_26": "6200813", "Kd_Ruas_26": "62052", "Suffix_26": null, "Nm_Ruas_26": "MAYON - SIMPANG KAPIRAYA", "Lintas_26": "NON LINTAS", "No_Jbt_26": "62.052.044.0", "Nm_Jbt_26": "BOX 121 + 000", "Status_26": "N", "Fungsi_26": "A", "Lks_Dr_26": "TMK", "Lks_km_26": 51.389, "F_STA_26": "980", "Cadin_26": null, "Pjg_Jbt_26": 14.3, "Btg_Pjg_26": 3.0, "Jml_Btg_26": "2", "Lb_Jl_Ms26": 0.0, "Lb_Jl_Kl26": 0.0, "Lb_Lalin26": 5.5, "Lb_Bh_Ki26": 0.0, "Lb_Bh_Ka26": 0.0, "Lb_Dr_Ki26": 0.0, "Lb_Dr_Ka26": 0.0, "Lb_Tr_Ki26": 2.6, "Lb_Tr_Ka26": 2.3, "Lb_TS_Ki26": 0.25, "Lb_TS_Ka26": 0.2, "Lb_Med_26": 0.0, "Lbr_Jbt_26": 10.85, "Bgn_Ats_26": "BTP", "Jns_Jbt_26": "STANDAR", "Thn_Bgn_26": "2015", "BA_26": "1", "LNT_26": "0", "BB_26": "0", "DAS_26": "2", "OP_26": "0", "UT_26": "0", "GR_26": "0", "LB_26": "0", "JBT_26": "2", "Tp_Lnts_26": "SUNGAI", "Dt_Lnts_26": "LURUS", "Pnangnn_26": "RUTIN", "Pmriksn_26": "TIDAK DI SURVEI", "Pnglola_26": "BPJN PAPUA TENGAH", "Satkr_ID26": "693943", "PPK_Name26": "PPK 3.2", "Traffic_26": null, "VCR_26": "0.0508", "AADT_26": "474", "Tipe_Jb_26": null, "Lat_26": -4.27262, "Long_26": 136.64621, "Tgl_Ins_26": "17\/09\/2020", "Ket_26": null }, "geometry": { "type": "Point", "coordinates": [ 136.646210000091514, -4.27262399959784 ] } },
{ "type": "Feature", "properties": { "PROVINSI": "PAPUA TENGAH (NABIRE)", "No_Prov_26": "62", "ID_Jbt_26": "6200814", "Kd_Ruas_26": "62052", "Suffix_26": null, "Nm_Ruas_26": "MAYON - SIMPANG KAPIRAYA", "Lintas_26": "NON LINTAS", "No_Jbt_26": "62.052.045.0", "Nm_Jbt_26": "BOX 121 + 080", "Status_26": "N", "Fungsi_26": "A", "Lks_Dr_26": "TMK", "Lks_km_26": 51.654, "F_STA_26": "10", "Cadin_26": null, "Pjg_Jbt_26": 14.3, "Btg_Pjg_26": 3.0, "Jml_Btg_26": "2", "Lb_Jl_Ms26": 0.0, "Lb_Jl_Kl26": 0.0, "Lb_Lalin26": 5.5, "Lb_Bh_Ki26": 0.0, "Lb_Bh_Ka26": 0.0, "Lb_Dr_Ki26": 0.0, "Lb_Dr_Ka26": 0.0, "Lb_Tr_Ki26": 2.2, "Lb_Tr_Ka26": 2.7, "Lb_TS_Ki26": 0.25, "Lb_TS_Ka26": 0.2, "Lb_Med_26": 0.0, "Lbr_Jbt_26": 10.85, "Bgn_Ats_26": "BTP", "Jns_Jbt_26": "STANDAR", "Thn_Bgn_26": "2015", "BA_26": "1", "LNT_26": "0", "BB_26": "0", "DAS_26": "1", "OP_26": "0", "UT_26": "0", "GR_26": "0", "LB_26": "0", "JBT_26": "1", "Tp_Lnts_26": "SUNGAI", "Dt_Lnts_26": "LURUS", "Pnangnn_26": "RUTIN", "Pmriksn_26": "TIDAK DI SURVEI", "Pnglola_26": "BPJN PAPUA TENGAH", "Satkr_ID26": "693943", "PPK_Name26": "PPK 3.2", "Traffic_26": null, "VCR_26": "0.0508", "AADT_26": "474", "Tipe_Jb_26": null, "Lat_26": -4.27246, "Long_26": 136.64378, "Tgl_Ins_26": "17\/09\/2020", "Ket_26": null }, "geometry": { "type": "Point", "coordinates": [ 136.643783999731909, -4.272459000082733 ] } },
{ "type": "Feature", "properties": { "PROVINSI": "PAPUA TENGAH (NABIRE)", "No_Prov_26": "62", "ID_Jbt_26": "6200815", "Kd_Ruas_26": "62052", "Suffix_26": null, "Nm_Ruas_26": "MAYON - SIMPANG KAPIRAYA", "Lintas_26": "NON LINTAS", "No_Jbt_26": "62.052.046.0", "Nm_Jbt_26": "BOX 121 + 379", "Status_26": "N", "Fungsi_26": "A", "Lks_Dr_26": "TMK", "Lks_km_26": 52.003, "F_STA_26": "40", "Cadin_26": null, "Pjg_Jbt_26": 14.3, "Btg_Pjg_26": 3.0, "Jml_Btg_26": "2", "Lb_Jl_Ms26": 0.0, "Lb_Jl_Kl26": 0.0, "Lb_Lalin26": 6.2, "Lb_Bh_Ki26": 0.0, "Lb_Bh_Ka26": 0.0, "Lb_Dr_Ki26": 0.0, "Lb_Dr_Ka26": 0.0, "Lb_Tr_Ki26": 1.6, "Lb_Tr_Ka26": 2.6, "Lb_TS_Ki26": 0.2, "Lb_TS_Ka26": 0.2, "Lb_Med_26": 0.0, "Lbr_Jbt_26": 10.8, "Bgn_Ats_26": "BTP", "Jns_Jbt_26": "STANDAR", "Thn_Bgn_26": "2015", "BA_26": "1", "LNT_26": "0", "BB_26": "0", "DAS_26": "1", "OP_26": "0", "UT_26": "0", "GR_26": "0", "LB_26": "0", "JBT_26": "1", "Tp_Lnts_26": "SUNGAI", "Dt_Lnts_26": "LURUS", "Pnangnn_26": "RUTIN", "Pmriksn_26": "TIDAK DI SURVEI", "Pnglola_26": "BPJN PAPUA TENGAH", "Satkr_ID26": "693943", "PPK_Name26": "PPK 3.2", "Traffic_26": null, "VCR_26": "0.0508", "AADT_26": "474", "Tipe_Jb_26": null, "Lat_26": -4.27218, "Long_26": 136.64085, "Tgl_Ins_26": "17\/09\/2020", "Ket_26": null }, "geometry": { "type": "Point", "coordinates": [ 136.640854000411878, -4.272182999945471 ] } },
{ "type": "Feature", "properties": { "PROVINSI": "PAPUA TENGAH (NABIRE)", "No_Prov_26": "62", "ID_Jbt_26": "6202236", "Kd_Ruas_26": "62053", "Suffix_26": null, "Nm_Ruas_26": "TIMIKA - SP. PELRA - POMAKO", "Lintas_26": "JALAN PENGHUBUNG LINTAS", "No_Jbt_26": "62.053.020.0", "Nm_Jbt_26": "BOX 16", "Status_26": "N", "Fungsi_26": "A", "Lks_Dr_26": "TMK", "Lks_km_26": 32.942, "F_STA_26": "750", "Cadin_26": null, "Pjg_Jbt_26": 7.3, "Btg_Pjg_26": 7.3, "Jml_Btg_26": "1", "Lb_Jl_Ms26": 0.0, "Lb_Jl_Kl26": 0.0, "Lb_Lalin26": 6.15, "Lb_Bh_Ki26": 1.75, "Lb_Bh_Ka26": 1.9, "Lb_Dr_Ki26": 0.0, "Lb_Dr_Ka26": 0.0, "Lb_Tr_Ki26": 0.0, "Lb_Tr_Ka26": 0.3, "Lb_TS_Ki26": 0.0, "Lb_TS_Ka26": 0.0, "Lb_Med_26": 0.0, "Lbr_Jbt_26": 10.1, "Bgn_Ats_26": "BTP", "Jns_Jbt_26": "STANDAR", "Thn_Bgn_26": "2000", "BA_26": "0", "LNT_26": "0", "BB_26": "0", "DAS_26": "1", "OP_26": "1", "UT_26": "0", "GR_26": "2", "LB_26": "0", "JBT_26": "2", "Tp_Lnts_26": "SUNGAI", "Dt_Lnts_26": "LURUS", "Pnangnn_26": "REHABILITASI", "Pmriksn_26": "DETAIL", "Pnglola_26": "BPJN PAPUA TENGAH", "Satkr_ID26": "693943", "PPK_Name26": "PPK 3.1", "Traffic_26": null, "VCR_26": "0.2254", "AADT_26": "2780", "Tipe_Jb_26": null, "Lat_26": -4.69788, "Long_26": 136.78029, "Tgl_Ins_26": "27\/04\/2026", "Ket_26": null }, "geometry": { "type": "Point", "coordinates": [ 136.78028900033712, -4.697877999669913 ] } },
{ "type": "Feature", "properties": { "PROVINSI": "PAPUA TENGAH (NABIRE)", "No_Prov_26": "62", "ID_Jbt_26": "6201518", "Kd_Ruas_26": "62052", "Suffix_26": null, "Nm_Ruas_26": "MAYON - SIMPANG KAPIRAYA", "Lintas_26": "NON LINTAS", "No_Jbt_26": "62.052.050.0", "Nm_Jbt_26": "BOX 16 (130+160)", "Status_26": "N", "Fungsi_26": "A", "Lks_Dr_26": "TMK", "Lks_km_26": 60.657, "F_STA_26": "900", "Cadin_26": null, "Pjg_Jbt_26": 14.2, "Btg_Pjg_26": 3.0, "Jml_Btg_26": "2", "Lb_Jl_Ms26": 0.0, "Lb_Jl_Kl26": 0.0, "Lb_Lalin26": 5.5, "Lb_Bh_Ki26": 0.2, "Lb_Bh_Ka26": 0.2, "Lb_Dr_Ki26": 0.0, "Lb_Dr_Ka26": 0.0, "Lb_Tr_Ki26": 2.4, "Lb_Tr_Ka26": 2.7, "Lb_TS_Ki26": 0.3, "Lb_TS_Ka26": 0.3, "Lb_Med_26": 0.0, "Lbr_Jbt_26": 11.6, "Bgn_Ats_26": "BTP", "Jns_Jbt_26": "STANDAR", "Thn_Bgn_26": "2000", "BA_26": "0", "LNT_26": "0", "BB_26": "0", "DAS_26": "1", "OP_26": "1", "UT_26": "0", "GR_26": "0", "LB_26": "0", "JBT_26": "1", "Tp_Lnts_26": "SUNGAI", "Dt_Lnts_26": "LURUS", "Pnangnn_26": "RUTIN", "Pmriksn_26": "TIDAK DI SURVEI", "Pnglola_26": "BPJN PAPUA TENGAH", "Satkr_ID26": "693943", "PPK_Name26": "PPK 3.2", "Traffic_26": null, "VCR_26": "0.0508", "AADT_26": "474", "Tipe_Jb_26": null, "Lat_26": -4.25582, "Long_26": 136.60056, "Tgl_Ins_26": "26\/06\/2025", "Ket_26": null }, "geometry": { "type": "Point", "coordinates": [ 136.600558000151636, -4.255819999893049 ] } },
{ "type": "Feature", "properties": { "PROVINSI": "PAPUA TENGAH (NABIRE)", "No_Prov_26": "62", "ID_Jbt_26": "6200716", "Kd_Ruas_26": "62052", "Suffix_26": null, "Nm_Ruas_26": "MAYON - SIMPANG KAPIRAYA", "Lintas_26": "NON LINTAS", "No_Jbt_26": "62.052.027.0", "Nm_Jbt_26": "BOX KM 104 + 440", "Status_26": "N", "Fungsi_26": "A", "Lks_Dr_26": "TMK", "Lks_km_26": 34.184, "F_STA_26": "340", "Cadin_26": null, "Pjg_Jbt_26": 14.0, "Btg_Pjg_26": 3.0, "Jml_Btg_26": "2", "Lb_Jl_Ms26": 0.0, "Lb_Jl_Kl26": 0.0, "Lb_Lalin26": 5.6, "Lb_Bh_Ki26": 0.0, "Lb_Bh_Ka26": 0.0, "Lb_Dr_Ki26": 0.0, "Lb_Dr_Ka26": 0.0, "Lb_Tr_Ki26": 2.2, "Lb_Tr_Ka26": 2.4, "Lb_TS_Ki26": 0.2, "Lb_TS_Ka26": 0.2, "Lb_Med_26": 0.0, "Lbr_Jbt_26": 10.6, "Bgn_Ats_26": "BTP", "Jns_Jbt_26": "STANDAR", "Thn_Bgn_26": "2013", "BA_26": "0", "LNT_26": "0", "BB_26": "0", "DAS_26": "1", "OP_26": "0", "UT_26": "0", "GR_26": "0", "LB_26": "0", "JBT_26": "1", "Tp_Lnts_26": "SUNGAI", "Dt_Lnts_26": "LURUS", "Pnangnn_26": "RUTIN", "Pmriksn_26": "TIDAK DI SURVEI", "Pnglola_26": "BPJN PAPUA TENGAH", "Satkr_ID26": "693943", "PPK_Name26": "PPK 3.2", "Traffic_26": null, "VCR_26": "0.0508", "AADT_26": "474", "Tipe_Jb_26": null, "Lat_26": -4.33626, "Long_26": 136.74385, "Tgl_Ins_26": "21\/09\/2020", "Ket_26": null }, "geometry": { "type": "Point", "coordinates": [ 136.743850999923779, -4.336261999791418 ] } },
{ "type": "Feature", "properties": { "PROVINSI": "PAPUA TENGAH (NABIRE)", "No_Prov_26": "62", "ID_Jbt_26": "6200718", "Kd_Ruas_26": "62052", "Suffix_26": null, "Nm_Ruas_26": "MAYON - SIMPANG KAPIRAYA", "Lintas_26": "NON LINTAS", "No_Jbt_26": "62.052.029.0", "Nm_Jbt_26": "BOX KM 105 + 900", "Status_26": "N", "Fungsi_26": "A", "Lks_Dr_26": "TMK", "Lks_km_26": 35.756, "F_STA_26": "490", "Cadin_26": null, "Pjg_Jbt_26": 14.0, "Btg_Pjg_26": 3.0, "Jml_Btg_26": "2", "Lb_Jl_Ms26": 0.0, "Lb_Jl_Kl26": 0.0, "Lb_Lalin26": 5.6, "Lb_Bh_Ki26": 0.0, "Lb_Bh_Ka26": 0.0, "Lb_Dr_Ki26": 0.0, "Lb_Dr_Ka26": 0.0, "Lb_Tr_Ki26": 2.3, "Lb_Tr_Ka26": 2.2, "Lb_TS_Ki26": 0.2, "Lb_TS_Ka26": 0.2, "Lb_Med_26": 0.0, "Lbr_Jbt_26": 10.5, "Bgn_Ats_26": "BTP", "Jns_Jbt_26": "STANDAR", "Thn_Bgn_26": "2012", "BA_26": "1", "LNT_26": "1", "BB_26": "0", "DAS_26": "1", "OP_26": "0", "UT_26": "0", "GR_26": "0", "LB_26": "0", "JBT_26": "1", "Tp_Lnts_26": "SUNGAI", "Dt_Lnts_26": "LURUS", "Pnangnn_26": "RUTIN", "Pmriksn_26": "TIDAK DI SURVEI", "Pnglola_26": "BPJN PAPUA TENGAH", "Satkr_ID26": "693943", "PPK_Name26": "PPK 3.2", "Traffic_26": null, "VCR_26": "0.0508", "AADT_26": "474", "Tipe_Jb_26": null, "Lat_26": -4.3347, "Long_26": 136.73052, "Tgl_Ins_26": "16\/09\/2020", "Ket_26": null }, "geometry": { "type": "Point", "coordinates": [ 136.730515000067271, -4.334696000420024 ] } },
{ "type": "Feature", "properties": { "PROVINSI": "PAPUA TENGAH (NABIRE)", "No_Prov_26": "62", "ID_Jbt_26": "6201740", "Kd_Ruas_26": "62051", "Suffix_26": null, "Nm_Ruas_26": "SIMPANG PELRA - MAYON", "Lintas_26": "NON LINTAS", "No_Jbt_26": "62.051.002.0", "Nm_Jbt_26": "BOX KM 37 +620", "Status_26": "N", "Fungsi_26": "A", "Lks_Dr_26": "TMK", "Lks_km_26": 5.711, "F_STA_26": "450", "Cadin_26": null, "Pjg_Jbt_26": 10.9, "Btg_Pjg_26": 10.9, "Jml_Btg_26": "1", "Lb_Jl_Ms26": 0.0, "Lb_Jl_Kl26": 0.0, "Lb_Lalin26": 6.0, "Lb_Bh_Ki26": 1.7, "Lb_Bh_Ka26": 1.7, "Lb_Dr_Ki26": 0.07, "Lb_Dr_Ka26": 0.07, "Lb_Tr_Ki26": 0.3, "Lb_Tr_Ka26": 0.3, "Lb_TS_Ki26": 0.3, "Lb_TS_Ka26": 0.3, "Lb_Med_26": 0.0, "Lbr_Jbt_26": 10.74, "Bgn_Ats_26": "BTP", "Jns_Jbt_26": "STANDAR", "Thn_Bgn_26": "2010", "BA_26": "1", "LNT_26": "0", "BB_26": "0", "DAS_26": "1", "OP_26": "0", "UT_26": "0", "GR_26": "0", "LB_26": "0", "JBT_26": "1", "Tp_Lnts_26": "SUNGAI", "Dt_Lnts_26": "LURUS", "Pnangnn_26": "RUTIN", "Pmriksn_26": "TIDAK DI SURVEI", "Pnglola_26": "BPJN PAPUA TENGAH", "Satkr_ID26": "693943", "PPK_Name26": "PPK 3.1", "Traffic_26": null, "VCR_26": "0.0024", "AADT_26": "0", "Tipe_Jb_26": null, "Lat_26": -4.70068, "Long_26": 136.74117, "Tgl_Ins_26": "17\/09\/2020", "Ket_26": null }, "geometry": { "type": "Point", "coordinates": [ 136.741165000164642, -4.700684999612974 ] } },
{ "type": "Feature", "properties": { "PROVINSI": "PAPUA TENGAH (NABIRE)", "No_Prov_26": "62", "ID_Jbt_26": "6200685", "Kd_Ruas_26": "62051", "Suffix_26": null, "Nm_Ruas_26": "SIMPANG PELRA - MAYON", "Lintas_26": "NON LINTAS", "No_Jbt_26": "62.051.003.0", "Nm_Jbt_26": "BOX KM 38 +480", "Status_26": "N", "Fungsi_26": "A", "Lks_Dr_26": "TMK", "Lks_km_26": 6.73, "F_STA_26": "540", "Cadin_26": null, "Pjg_Jbt_26": 15.4, "Btg_Pjg_26": 3.0, "Jml_Btg_26": "2", "Lb_Jl_Ms26": 0.0, "Lb_Jl_Kl26": 0.0, "Lb_Lalin26": 6.0, "Lb_Bh_Ki26": 1.7, "Lb_Bh_Ka26": 1.7, "Lb_Dr_Ki26": 0.03, "Lb_Dr_Ka26": 0.03, "Lb_Tr_Ki26": 0.3, "Lb_Tr_Ka26": 0.3, "Lb_TS_Ki26": 0.3, "Lb_TS_Ka26": 0.3, "Lb_Med_26": 0.0, "Lbr_Jbt_26": 10.66, "Bgn_Ats_26": "BTP", "Jns_Jbt_26": "STANDAR", "Thn_Bgn_26": "2010", "BA_26": "1", "LNT_26": "0", "BB_26": "0", "DAS_26": "1", "OP_26": "0", "UT_26": "0", "GR_26": "0", "LB_26": "0", "JBT_26": "1", "Tp_Lnts_26": "SUNGAI", "Dt_Lnts_26": "LURUS", "Pnangnn_26": "RUTIN", "Pmriksn_26": "TIDAK DI SURVEI", "Pnglola_26": "BPJN PAPUA TENGAH", "Satkr_ID26": "693943", "PPK_Name26": "PPK 3.1", "Traffic_26": null, "VCR_26": "0.0024", "AADT_26": "0", "Tipe_Jb_26": null, "Lat_26": -4.69638, "Long_26": 136.73447, "Tgl_Ins_26": "17\/09\/2020", "Ket_26": null }, "geometry": { "type": "Point", "coordinates": [ 136.734466999752271, -4.696380999883218 ] } },
{ "type": "Feature", "properties": { "PROVINSI": "PAPUA TENGAH (NABIRE)", "No_Prov_26": "62", "ID_Jbt_26": "6200688", "Kd_Ruas_26": "62051", "Suffix_26": null, "Nm_Ruas_26": "SIMPANG PELRA - MAYON", "Lintas_26": "NON LINTAS", "No_Jbt_26": "62.051.006.0", "Nm_Jbt_26": "BOX KM 41 + 030", "Status_26": "N", "Fungsi_26": "A", "Lks_Dr_26": "TMK", "Lks_km_26": 10.177, "F_STA_26": "810", "Cadin_26": null, "Pjg_Jbt_26": 14.0, "Btg_Pjg_26": 3.0, "Jml_Btg_26": "2", "Lb_Jl_Ms26": 0.0, "Lb_Jl_Kl26": 0.0, "Lb_Lalin26": 6.0, "Lb_Bh_Ki26": 1.6, "Lb_Bh_Ka26": 2.7, "Lb_Dr_Ki26": 0.0, "Lb_Dr_Ka26": 0.0, "Lb_Tr_Ki26": 0.0, "Lb_Tr_Ka26": 0.0, "Lb_TS_Ki26": 0.3, "Lb_TS_Ka26": 0.3, "Lb_Med_26": 0.0, "Lbr_Jbt_26": 10.9, "Bgn_Ats_26": "BTP", "Jns_Jbt_26": "STANDAR", "Thn_Bgn_26": "2011", "BA_26": "1", "LNT_26": "0", "BB_26": "0", "DAS_26": "1", "OP_26": "0", "UT_26": "0", "GR_26": "0", "LB_26": "0", "JBT_26": "1", "Tp_Lnts_26": "SUNGAI", "Dt_Lnts_26": "LURUS", "Pnangnn_26": "RUTIN", "Pmriksn_26": "TIDAK DI SURVEI", "Pnglola_26": "BPJN PAPUA TENGAH", "Satkr_ID26": "693943", "PPK_Name26": "PPK 3.1", "Traffic_26": null, "VCR_26": "0.0024", "AADT_26": "0", "Tipe_Jb_26": null, "Lat_26": -4.67584, "Long_26": 136.72846, "Tgl_Ins_26": "16\/09\/2020", "Ket_26": null }, "geometry": { "type": "Point", "coordinates": [ 136.728455000397958, -4.675844999846845 ] } },
{ "type": "Feature", "properties": { "PROVINSI": "PAPUA TENGAH (NABIRE)", "No_Prov_26": "62", "ID_Jbt_26": "6200689", "Kd_Ruas_26": "62051", "Suffix_26": null, "Nm_Ruas_26": "SIMPANG PELRA - MAYON", "Lintas_26": "NON LINTAS", "No_Jbt_26": "62.051.007.0", "Nm_Jbt_26": "BOX KM 41 + 620", "Status_26": "N", "Fungsi_26": "A", "Lks_Dr_26": "TMK", "Lks_km_26": 10.69, "F_STA_26": "850", "Cadin_26": null, "Pjg_Jbt_26": 14.0, "Btg_Pjg_26": 3.0, "Jml_Btg_26": "2", "Lb_Jl_Ms26": 0.0, "Lb_Jl_Kl26": 0.0, "Lb_Lalin26": 6.0, "Lb_Bh_Ki26": 2.0, "Lb_Bh_Ka26": 2.2, "Lb_Dr_Ki26": 0.0, "Lb_Dr_Ka26": 0.0, "Lb_Tr_Ki26": 0.0, "Lb_Tr_Ka26": 0.0, "Lb_TS_Ki26": 0.0, "Lb_TS_Ka26": 0.0, "Lb_Med_26": 0.0, "Lbr_Jbt_26": 10.2, "Bgn_Ats_26": "BTP", "Jns_Jbt_26": "STANDAR", "Thn_Bgn_26": "2012", "BA_26": "1", "LNT_26": "0", "BB_26": "0", "DAS_26": "1", "OP_26": "0", "UT_26": "0", "GR_26": "0", "LB_26": "0", "JBT_26": "1", "Tp_Lnts_26": "SUNGAI", "Dt_Lnts_26": "LURUS", "Pnangnn_26": "RUTIN", "Pmriksn_26": "TIDAK DI SURVEI", "Pnglola_26": "BPJN PAPUA TENGAH", "Satkr_ID26": "693943", "PPK_Name26": "PPK 3.1", "Traffic_26": null, "VCR_26": "0.0024", "AADT_26": "0", "Tipe_Jb_26": null, "Lat_26": -4.67313, "Long_26": 136.73093, "Tgl_Ins_26": "16\/09\/2020", "Ket_26": null }, "geometry": { "type": "Point", "coordinates": [ 136.730927000180941, -4.67313499988029 ] } },
{ "type": "Feature", "properties": { "PROVINSI": "PAPUA TENGAH (NABIRE)", "No_Prov_26": "62", "ID_Jbt_26": "6200693", "Kd_Ruas_26": "62051", "Suffix_26": null, "Nm_Ruas_26": "SIMPANG PELRA - MAYON", "Lintas_26": "NON LINTAS", "No_Jbt_26": "62.051.011.0", "Nm_Jbt_26": "BOX KM 46 + 450", "Status_26": "N", "Fungsi_26": "A", "Lks_Dr_26": "TMK", "Lks_km_26": 16.415, "F_STA_26": "330", "Cadin_26": null, "Pjg_Jbt_26": 14.0, "Btg_Pjg_26": 3.0, "Jml_Btg_26": "2", "Lb_Jl_Ms26": 0.0, "Lb_Jl_Kl26": 0.0, "Lb_Lalin26": 6.0, "Lb_Bh_Ki26": 2.4, "Lb_Bh_Ka26": 2.1, "Lb_Dr_Ki26": 0.0, "Lb_Dr_Ka26": 0.0, "Lb_Tr_Ki26": 0.0, "Lb_Tr_Ka26": 0.0, "Lb_TS_Ki26": 0.2, "Lb_TS_Ka26": 0.2, "Lb_Med_26": 0.0, "Lbr_Jbt_26": 10.9, "Bgn_Ats_26": "BTP", "Jns_Jbt_26": "STANDAR", "Thn_Bgn_26": "2011", "BA_26": "0", "LNT_26": "0", "BB_26": "0", "DAS_26": "1", "OP_26": "2", "UT_26": "0", "GR_26": "2", "LB_26": "0", "JBT_26": "2", "Tp_Lnts_26": "SUNGAI", "Dt_Lnts_26": "LURUS", "Pnangnn_26": "RUTIN", "Pmriksn_26": "DETAIL", "Pnglola_26": "BPJN PAPUA TENGAH", "Satkr_ID26": "693943", "PPK_Name26": "PPK 3.1", "Traffic_26": null, "VCR_26": "0.0024", "AADT_26": "0", "Tipe_Jb_26": null, "Lat_26": -4.63305, "Long_26": 136.73586, "Tgl_Ins_26": "29\/04\/2026", "Ket_26": null }, "geometry": { "type": "Point", "coordinates": [ 136.735854999908383, -4.633050000357173 ] } },
{ "type": "Feature", "properties": { "PROVINSI": "PAPUA TENGAH (NABIRE)", "No_Prov_26": "62", "ID_Jbt_26": "6200695", "Kd_Ruas_26": "62051", "Suffix_26": null, "Nm_Ruas_26": "SIMPANG PELRA - MAYON", "Lintas_26": "NON LINTAS", "No_Jbt_26": "62.051.016.0", "Nm_Jbt_26": "BOX KM 49 + 800", "Status_26": "N", "Fungsi_26": "A", "Lks_Dr_26": "TMK", "Lks_km_26": 20.416, "F_STA_26": "670", "Cadin_26": null, "Pjg_Jbt_26": 14.0, "Btg_Pjg_26": 3.0, "Jml_Btg_26": "2", "Lb_Jl_Ms26": 0.0, "Lb_Jl_Kl26": 0.0, "Lb_Lalin26": 6.0, "Lb_Bh_Ki26": 2.0, "Lb_Bh_Ka26": 2.2, "Lb_Dr_Ki26": 0.0, "Lb_Dr_Ka26": 0.0, "Lb_Tr_Ki26": 0.0, "Lb_Tr_Ka26": 0.0, "Lb_TS_Ki26": 0.27, "Lb_TS_Ka26": 0.25, "Lb_Med_26": 0.0, "Lbr_Jbt_26": 10.72, "Bgn_Ats_26": "BTP", "Jns_Jbt_26": "STANDAR", "Thn_Bgn_26": "2011", "BA_26": "1", "LNT_26": "0", "BB_26": "0", "DAS_26": "1", "OP_26": "0", "UT_26": "0", "GR_26": "0", "LB_26": "0", "JBT_26": "1", "Tp_Lnts_26": "SUNGAI", "Dt_Lnts_26": "LURUS", "Pnangnn_26": "RUTIN", "Pmriksn_26": "TIDAK DI SURVEI", "Pnglola_26": "BPJN PAPUA TENGAH", "Satkr_ID26": "693943", "PPK_Name26": "PPK 3.1", "Traffic_26": null, "VCR_26": "0.0024", "AADT_26": "0", "Tipe_Jb_26": null, "Lat_26": -4.60633, "Long_26": 136.73537, "Tgl_Ins_26": "16\/09\/2020", "Ket_26": null }, "geometry": { "type": "Point", "coordinates": [ 136.735366999887219, -4.606329000183166 ] } },
{ "type": "Feature", "properties": { "PROVINSI": "PAPUA TENGAH (NABIRE)", "No_Prov_26": "62", "ID_Jbt_26": "6202360", "Kd_Ruas_26": "62051", "Suffix_26": null, "Nm_Ruas_26": "SIMPANG PELRA - MAYON", "Lintas_26": "NON LINTAS", "No_Jbt_26": "62.051.030.0", "Nm_Jbt_26": "BOX KM 63 +620", "Status_26": "N", "Fungsi_26": "A", "Lks_Dr_26": "TMK", "Lks_km_26": 36.651, "F_STA_26": "50", "Cadin_26": null, "Pjg_Jbt_26": 15.2, "Btg_Pjg_26": 15.2, "Jml_Btg_26": "2", "Lb_Jl_Ms26": 0.0, "Lb_Jl_Kl26": 0.0, "Lb_Lalin26": 6.0, "Lb_Bh_Ki26": 2.0, "Lb_Bh_Ka26": 1.0, "Lb_Dr_Ki26": 0.07, "Lb_Dr_Ka26": 0.07, "Lb_Tr_Ki26": 0.0, "Lb_Tr_Ka26": 0.0, "Lb_TS_Ki26": 0.3, "Lb_TS_Ka26": 0.3, "Lb_Med_26": 0.0, "Lbr_Jbt_26": 9.74, "Bgn_Ats_26": "BTP", "Jns_Jbt_26": "STANDAR", "Thn_Bgn_26": "2000", "BA_26": "2", "LNT_26": "2", "BB_26": "0", "DAS_26": "1", "OP_26": "0", "UT_26": "0", "GR_26": "2", "LB_26": "0", "JBT_26": "2", "Tp_Lnts_26": "SUNGAI", "Dt_Lnts_26": "LURUS", "Pnangnn_26": "RUTIN", "Pmriksn_26": "DETAIL", "Pnglola_26": "BPJN PAPUA TENGAH", "Satkr_ID26": "693943", "PPK_Name26": "PPK 3.1", "Traffic_26": null, "VCR_26": "0.0024", "AADT_26": "0", "Tipe_Jb_26": null, "Lat_26": -4.50144, "Long_26": 136.77846, "Tgl_Ins_26": "29\/04\/2026", "Ket_26": null }, "geometry": { "type": "Point", "coordinates": [ 136.778458000436444, -4.501442999894493 ] } },
{ "type": "Feature", "properties": { "PROVINSI": "PAPUA TENGAH (NABIRE)", "No_Prov_26": "62", "ID_Jbt_26": "6200703", "Kd_Ruas_26": "62052", "Suffix_26": null, "Nm_Ruas_26": "MAYON - SIMPANG KAPIRAYA", "Lintas_26": "NON LINTAS", "No_Jbt_26": "62.052.005.0", "Nm_Jbt_26": "BOX KM 74+ 350", "Status_26": "N", "Fungsi_26": "A", "Lks_Dr_26": "TMK", "Lks_km_26": 3.174, "F_STA_26": "290", "Cadin_26": null, "Pjg_Jbt_26": 7.0, "Btg_Pjg_26": 3.0, "Jml_Btg_26": "2", "Lb_Jl_Ms26": 0.0, "Lb_Jl_Kl26": 0.0, "Lb_Lalin26": 5.6, "Lb_Bh_Ki26": 0.1, "Lb_Bh_Ka26": 0.1, "Lb_Dr_Ki26": 0.0, "Lb_Dr_Ka26": 0.0, "Lb_Tr_Ki26": 1.4, "Lb_Tr_Ka26": 1.6, "Lb_TS_Ki26": 0.3, "Lb_TS_Ka26": 0.3, "Lb_Med_26": 0.0, "Lbr_Jbt_26": 9.4, "Bgn_Ats_26": "BTP", "Jns_Jbt_26": "STANDAR", "Thn_Bgn_26": "2011", "BA_26": "0", "LNT_26": "0", "BB_26": "0", "DAS_26": "1", "OP_26": "0", "UT_26": "0", "GR_26": "0", "LB_26": "0", "JBT_26": "1", "Tp_Lnts_26": "SUNGAI", "Dt_Lnts_26": "LURUS", "Pnangnn_26": "RUTIN", "Pmriksn_26": "TIDAK DI SURVEI", "Pnglola_26": "BPJN PAPUA TENGAH", "Satkr_ID26": "693943", "PPK_Name26": "PPK 3.2", "Traffic_26": null, "VCR_26": "0.0508", "AADT_26": "474", "Tipe_Jb_26": null, "Lat_26": -4.4491, "Long_26": 136.79147, "Tgl_Ins_26": "17\/09\/2020", "Ket_26": null }, "geometry": { "type": "Point", "coordinates": [ 136.791472999879147, -4.449104000049488 ] } },
{ "type": "Feature", "properties": { "PROVINSI": "PAPUA TENGAH (NABIRE)", "No_Prov_26": "62", "ID_Jbt_26": "6200707", "Kd_Ruas_26": "62052", "Suffix_26": null, "Nm_Ruas_26": "MAYON - SIMPANG KAPIRAYA", "Lintas_26": "NON LINTAS", "No_Jbt_26": "62.052.013.0", "Nm_Jbt_26": "BOX KM 78 + 210", "Status_26": "N", "Fungsi_26": "A", "Lks_Dr_26": "TMK", "Lks_km_26": 7.211, "F_STA_26": "680", "Cadin_26": null, "Pjg_Jbt_26": 14.3, "Btg_Pjg_26": 3.0, "Jml_Btg_26": "2", "Lb_Jl_Ms26": 0.0, "Lb_Jl_Kl26": 0.0, "Lb_Lalin26": 5.6, "Lb_Bh_Ki26": 0.0, "Lb_Bh_Ka26": 0.0, "Lb_Dr_Ki26": 0.0, "Lb_Dr_Ka26": 0.0, "Lb_Tr_Ki26": 2.7, "Lb_Tr_Ka26": 2.2, "Lb_TS_Ki26": 0.3, "Lb_TS_Ka26": 0.3, "Lb_Med_26": 0.0, "Lbr_Jbt_26": 11.1, "Bgn_Ats_26": "BTP", "Jns_Jbt_26": "STANDAR", "Thn_Bgn_26": "2012", "BA_26": "0", "LNT_26": "0", "BB_26": "0", "DAS_26": "2", "OP_26": "0", "UT_26": "0", "GR_26": "0", "LB_26": "0", "JBT_26": "2", "Tp_Lnts_26": "SUNGAI", "Dt_Lnts_26": "LURUS", "Pnangnn_26": "RUTIN", "Pmriksn_26": "TIDAK DI SURVEI", "Pnglola_26": "BPJN PAPUA TENGAH", "Satkr_ID26": "693943", "PPK_Name26": "PPK 3.2", "Traffic_26": null, "VCR_26": "0.0508", "AADT_26": "474", "Tipe_Jb_26": null, "Lat_26": -4.42838, "Long_26": 136.77304, "Tgl_Ins_26": "14\/09\/2020", "Ket_26": null }, "geometry": { "type": "Point", "coordinates": [ 136.77304099974242, -4.428381000382842 ] } },
{ "type": "Feature", "properties": { "PROVINSI": "PAPUA TENGAH (NABIRE)", "No_Prov_26": "62", "ID_Jbt_26": "6200708", "Kd_Ruas_26": "62052", "Suffix_26": null, "Nm_Ruas_26": "MAYON - SIMPANG KAPIRAYA", "Lintas_26": "NON LINTAS", "No_Jbt_26": "62.052.014.0", "Nm_Jbt_26": "BOX KM 78 +770", "Status_26": "N", "Fungsi_26": "A", "Lks_Dr_26": "TMK", "Lks_km_26": 7.818, "F_STA_26": "740", "Cadin_26": null, "Pjg_Jbt_26": 14.5, "Btg_Pjg_26": 3.0, "Jml_Btg_26": "2", "Lb_Jl_Ms26": 0.0, "Lb_Jl_Kl26": 0.0, "Lb_Lalin26": 5.6, "Lb_Bh_Ki26": 0.0, "Lb_Bh_Ka26": 0.0, "Lb_Dr_Ki26": 0.0, "Lb_Dr_Ka26": 0.0, "Lb_Tr_Ki26": 2.2, "Lb_Tr_Ka26": 2.4, "Lb_TS_Ki26": 0.25, "Lb_TS_Ka26": 0.2, "Lb_Med_26": 0.0, "Lbr_Jbt_26": 10.65, "Bgn_Ats_26": "BTP", "Jns_Jbt_26": "STANDAR", "Thn_Bgn_26": "2012", "BA_26": "0", "LNT_26": "0", "BB_26": "0", "DAS_26": "2", "OP_26": "0", "UT_26": "0", "GR_26": "0", "LB_26": "0", "JBT_26": "2", "Tp_Lnts_26": "SUNGAI", "Dt_Lnts_26": "LURUS", "Pnangnn_26": "RUTIN", "Pmriksn_26": "TIDAK DI SURVEI", "Pnglola_26": "BPJN PAPUA TENGAH", "Satkr_ID26": "693943", "PPK_Name26": "PPK 3.2", "Traffic_26": null, "VCR_26": "0.0508", "AADT_26": "474", "Tipe_Jb_26": null, "Lat_26": -4.42376, "Long_26": 136.77126, "Tgl_Ins_26": "21\/09\/2020", "Ket_26": null }, "geometry": { "type": "Point", "coordinates": [ 136.771255000118231, -4.423756000239166 ] } },
{ "type": "Feature", "properties": { "PROVINSI": "PAPUA TENGAH (NABIRE)", "No_Prov_26": "62", "ID_Jbt_26": "6200710", "Kd_Ruas_26": "62052", "Suffix_26": null, "Nm_Ruas_26": "MAYON - SIMPANG KAPIRAYA", "Lintas_26": "NON LINTAS", "No_Jbt_26": "62.052.016.0", "Nm_Jbt_26": "BOX KM 81 + 630", "Status_26": "N", "Fungsi_26": "A", "Lks_Dr_26": "TMK", "Lks_km_26": 10.731, "F_STA_26": "20", "Cadin_26": null, "Pjg_Jbt_26": 14.1, "Btg_Pjg_26": 3.0, "Jml_Btg_26": "2", "Lb_Jl_Ms26": 0.0, "Lb_Jl_Kl26": 0.0, "Lb_Lalin26": 5.6, "Lb_Bh_Ki26": 0.0, "Lb_Bh_Ka26": 0.0, "Lb_Dr_Ki26": 0.0, "Lb_Dr_Ka26": 0.0, "Lb_Tr_Ki26": 3.0, "Lb_Tr_Ka26": 1.7, "Lb_TS_Ki26": 0.25, "Lb_TS_Ka26": 0.25, "Lb_Med_26": 0.0, "Lbr_Jbt_26": 10.8, "Bgn_Ats_26": "BTP", "Jns_Jbt_26": "STANDAR", "Thn_Bgn_26": "2012", "BA_26": "0", "LNT_26": "0", "BB_26": "0", "DAS_26": "1", "OP_26": "2", "UT_26": "2", "GR_26": "0", "LB_26": "0", "JBT_26": "2", "Tp_Lnts_26": "SUNGAI", "Dt_Lnts_26": "LURUS", "Pnangnn_26": "RUTIN", "Pmriksn_26": "TIDAK DI SURVEI", "Pnglola_26": "BPJN PAPUA TENGAH", "Satkr_ID26": "693943", "PPK_Name26": "PPK 3.2", "Traffic_26": null, "VCR_26": "0.0508", "AADT_26": "474", "Tipe_Jb_26": null, "Lat_26": -4.40536, "Long_26": 136.78386, "Tgl_Ins_26": "27\/05\/2024", "Ket_26": null }, "geometry": { "type": "Point", "coordinates": [ 136.783859000392567, -4.405359999963991 ] } },
{ "type": "Feature", "properties": { "PROVINSI": "PAPUA TENGAH (NABIRE)", "No_Prov_26": "62", "ID_Jbt_26": "6200711", "Kd_Ruas_26": "62052", "Suffix_26": null, "Nm_Ruas_26": "MAYON - SIMPANG KAPIRAYA", "Lintas_26": "NON LINTAS", "No_Jbt_26": "62.052.017.0", "Nm_Jbt_26": "BOX KM 81 + 870", "Status_26": "N", "Fungsi_26": "A", "Lks_Dr_26": "TMK", "Lks_km_26": 10.979, "F_STA_26": "50", "Cadin_26": null, "Pjg_Jbt_26": 14.5, "Btg_Pjg_26": 3.0, "Jml_Btg_26": "2", "Lb_Jl_Ms26": 0.0, "Lb_Jl_Kl26": 0.0, "Lb_Lalin26": 5.7, "Lb_Bh_Ki26": 0.2, "Lb_Bh_Ka26": 0.2, "Lb_Dr_Ki26": 0.0, "Lb_Dr_Ka26": 0.0, "Lb_Tr_Ki26": 1.2, "Lb_Tr_Ka26": 2.2, "Lb_TS_Ki26": 0.3, "Lb_TS_Ka26": 0.25, "Lb_Med_26": 0.0, "Lbr_Jbt_26": 10.05, "Bgn_Ats_26": "BTP", "Jns_Jbt_26": "STANDAR", "Thn_Bgn_26": "2012", "BA_26": "0", "LNT_26": "0", "BB_26": "0", "DAS_26": "2", "OP_26": "1", "UT_26": "0", "GR_26": "3", "LB_26": "0", "JBT_26": "3", "Tp_Lnts_26": "SUNGAI", "Dt_Lnts_26": "LURUS", "Pnangnn_26": "REHABILITASI", "Pmriksn_26": "DETAIL", "Pnglola_26": "BPJN PAPUA TENGAH", "Satkr_ID26": "693943", "PPK_Name26": "PPK 3.2", "Traffic_26": null, "VCR_26": "0.0508", "AADT_26": "474", "Tipe_Jb_26": null, "Lat_26": -4.40474, "Long_26": 136.78592, "Tgl_Ins_26": "30\/04\/2026", "Ket_26": null }, "geometry": { "type": "Point", "coordinates": [ 136.785919000061881, -4.404735999966363 ] } },
{ "type": "Feature", "properties": { "PROVINSI": "PAPUA TENGAH (NABIRE)", "No_Prov_26": "62", "ID_Jbt_26": "6200713", "Kd_Ruas_26": "62052", "Suffix_26": null, "Nm_Ruas_26": "MAYON - SIMPANG KAPIRAYA", "Lintas_26": "NON LINTAS", "No_Jbt_26": "62.052.021.0", "Nm_Jbt_26": "BOX KM 91 + 959", "Status_26": "N", "Fungsi_26": "A", "Lks_Dr_26": "TMK", "Lks_km_26": 21.379, "F_STA_26": "80", "Cadin_26": null, "Pjg_Jbt_26": 15.3, "Btg_Pjg_26": 3.0, "Jml_Btg_26": "2", "Lb_Jl_Ms26": 0.0, "Lb_Jl_Kl26": 0.0, "Lb_Lalin26": 10.0, "Lb_Bh_Ki26": 0.0, "Lb_Bh_Ka26": 0.0, "Lb_Dr_Ki26": 0.0, "Lb_Dr_Ka26": 0.0, "Lb_Tr_Ki26": 0.0, "Lb_Tr_Ka26": 0.0, "Lb_TS_Ki26": 0.18, "Lb_TS_Ka26": 0.18, "Lb_Med_26": 0.0, "Lbr_Jbt_26": 10.36, "Bgn_Ats_26": "BTP", "Jns_Jbt_26": "STANDAR", "Thn_Bgn_26": "2012", "BA_26": "1", "LNT_26": "1", "BB_26": "0", "DAS_26": "2", "OP_26": "0", "UT_26": "0", "GR_26": "0", "LB_26": "0", "JBT_26": "2", "Tp_Lnts_26": "SUNGAI", "Dt_Lnts_26": "LURUS", "Pnangnn_26": "RUTIN", "Pmriksn_26": "TIDAK DI SURVEI", "Pnglola_26": "BPJN PAPUA TENGAH", "Satkr_ID26": "693943", "PPK_Name26": "PPK 3.2", "Traffic_26": null, "VCR_26": "0.0508", "AADT_26": "474", "Tipe_Jb_26": null, "Lat_26": -4.33294, "Long_26": 136.81809, "Tgl_Ins_26": "17\/09\/2020", "Ket_26": null }, "geometry": { "type": "Point", "coordinates": [ 136.818085000422457, -4.332941999573563 ] } },
{ "type": "Feature", "properties": { "PROVINSI": "PAPUA TENGAH (NABIRE)", "No_Prov_26": "62", "ID_Jbt_26": "6200714", "Kd_Ruas_26": "62052", "Suffix_26": null, "Nm_Ruas_26": "MAYON - SIMPANG KAPIRAYA", "Lintas_26": "NON LINTAS", "No_Jbt_26": "62.052.022.0", "Nm_Jbt_26": "BOX KM 92 + 590", "Status_26": "N", "Fungsi_26": "A", "Lks_Dr_26": "TMK", "Lks_km_26": 21.754, "F_STA_26": "120", "Cadin_26": null, "Pjg_Jbt_26": 14.3, "Btg_Pjg_26": 3.0, "Jml_Btg_26": "2", "Lb_Jl_Ms26": 0.0, "Lb_Jl_Kl26": 0.0, "Lb_Lalin26": 6.2, "Lb_Bh_Ki26": 0.0, "Lb_Bh_Ka26": 0.0, "Lb_Dr_Ki26": 0.0, "Lb_Dr_Ka26": 0.0, "Lb_Tr_Ki26": 2.0, "Lb_Tr_Ka26": 2.0, "Lb_TS_Ki26": 0.25, "Lb_TS_Ka26": 0.2, "Lb_Med_26": 0.0, "Lbr_Jbt_26": 10.65, "Bgn_Ats_26": "BTP", "Jns_Jbt_26": "STANDAR", "Thn_Bgn_26": "2012", "BA_26": "1", "LNT_26": "1", "BB_26": "0", "DAS_26": "2", "OP_26": "0", "UT_26": "0", "GR_26": "0", "LB_26": "0", "JBT_26": "2", "Tp_Lnts_26": "SUNGAI", "Dt_Lnts_26": "LURUS", "Pnangnn_26": "RUTIN", "Pmriksn_26": "TIDAK DI SURVEI", "Pnglola_26": "BPJN PAPUA TENGAH", "Satkr_ID26": "693943", "PPK_Name26": "PPK 3.2", "Traffic_26": null, "VCR_26": "0.0508", "AADT_26": "474", "Tipe_Jb_26": null, "Lat_26": -4.33189, "Long_26": 136.82155, "Tgl_Ins_26": "16\/09\/2020", "Ket_26": null }, "geometry": { "type": "Point", "coordinates": [ 136.821548000040252, -4.331893999808187 ] } },
{ "type": "Feature", "properties": { "PROVINSI": "PAPUA TENGAH (NABIRE)", "No_Prov_26": "62", "ID_Jbt_26": "6201160", "Kd_Ruas_26": "620441", "Suffix_26": "1", "Nm_Ruas_26": "BTS. KOTA NABIRE - KIMIBAY", "Lintas_26": "JALAN LINTAS UTARA", "No_Jbt_26": "62.044.022.A.1", "Nm_Jbt_26": "BTS. KOTA NABIRE 18 A", "Status_26": "N", "Fungsi_26": "K", "Lks_Dr_26": "NBR", "Lks_km_26": 10.693, "F_STA_26": "700", "Cadin_26": null, "Pjg_Jbt_26": 7.5, "Btg_Pjg_26": 3.0, "Jml_Btg_26": "2", "Lb_Jl_Ms26": 6.0, "Lb_Jl_Kl26": 6.0, "Lb_Lalin26": 5.81, "Lb_Bh_Ki26": 0.22, "Lb_Bh_Ka26": 0.22, "Lb_Dr_Ki26": 0.0, "Lb_Dr_Ka26": 0.0, "Lb_Tr_Ki26": 3.02, "Lb_Tr_Ka26": 0.0, "Lb_TS_Ki26": 0.0, "Lb_TS_Ka26": 0.0, "Lb_Med_26": 0.0, "Lbr_Jbt_26": 9.27, "Bgn_Ats_26": "BTP", "Jns_Jbt_26": "STANDAR", "Thn_Bgn_26": "2000", "BA_26": "0", "LNT_26": "0", "BB_26": "0", "DAS_26": "2", "OP_26": "0", "UT_26": "2", "GR_26": "0", "LB_26": "0", "JBT_26": "2", "Tp_Lnts_26": "SUNGAI", "Dt_Lnts_26": "LURUS", "Pnangnn_26": "RUTIN", "Pmriksn_26": "TIDAK DI SURVEI", "Pnglola_26": "BPJN PAPUA TENGAH", "Satkr_ID26": "693945", "PPK_Name26": "PPK 1.3", "Traffic_26": null, "VCR_26": "0.0567", "AADT_26": "2341", "Tipe_Jb_26": null, "Lat_26": -3.27479, "Long_26": 135.58276, "Tgl_Ins_26": "30\/03\/2024", "Ket_26": null }, "geometry": { "type": "Point", "coordinates": [ 135.582763999958729, -3.274791999950764 ] } },
{ "type": "Feature", "properties": { "PROVINSI": "PAPUA TENGAH (NABIRE)", "No_Prov_26": "62", "ID_Jbt_26": "6201161", "Kd_Ruas_26": "620441", "Suffix_26": "1", "Nm_Ruas_26": "BTS. KOTA NABIRE - KIMIBAY", "Lintas_26": "JALAN LINTAS UTARA", "No_Jbt_26": "62.044.022.B.1", "Nm_Jbt_26": "BTS. KOTA NABIRE 18 B", "Status_26": "N", "Fungsi_26": "K", "Lks_Dr_26": "NBR", "Lks_km_26": 10.693, "F_STA_26": "700", "Cadin_26": null, "Pjg_Jbt_26": 7.5, "Btg_Pjg_26": 7.5, "Jml_Btg_26": "1", "Lb_Jl_Ms26": 6.0, "Lb_Jl_Kl26": 6.0, "Lb_Lalin26": 5.6, "Lb_Bh_Ki26": 0.22, "Lb_Bh_Ka26": 0.22, "Lb_Dr_Ki26": 0.0, "Lb_Dr_Ka26": 0.0, "Lb_Tr_Ki26": 0.0, "Lb_Tr_Ka26": 1.7, "Lb_TS_Ki26": 0.0, "Lb_TS_Ka26": 0.0, "Lb_Med_26": 0.0, "Lbr_Jbt_26": 7.74, "Bgn_Ats_26": "BTP", "Jns_Jbt_26": "STANDAR", "Thn_Bgn_26": "2000", "BA_26": "1", "LNT_26": "0", "BB_26": "0", "DAS_26": "1", "OP_26": "0", "UT_26": "0", "GR_26": "0", "LB_26": "0", "JBT_26": "1", "Tp_Lnts_26": "SUNGAI", "Dt_Lnts_26": "LURUS", "Pnangnn_26": "RUTIN", "Pmriksn_26": "TIDAK DI SURVEI", "Pnglola_26": "BPJN PAPUA TENGAH", "Satkr_ID26": "693945", "PPK_Name26": "PPK 1.3", "Traffic_26": null, "VCR_26": "0.0567", "AADT_26": "2341", "Tipe_Jb_26": null, "Lat_26": -3.27479, "Long_26": 135.58276, "Tgl_Ins_26": "29\/04\/2021", "Ket_26": null }, "geometry": { "type": "Point", "coordinates": [ 135.582763999958729, -3.274791999950764 ] } },
{ "type": "Feature", "properties": { "PROVINSI": "PAPUA TENGAH (NABIRE)", "No_Prov_26": "62", "ID_Jbt_26": "6200697", "Kd_Ruas_26": "62051", "Suffix_26": null, "Nm_Ruas_26": "SIMPANG PELRA - MAYON", "Lintas_26": "NON LINTAS", "No_Jbt_26": "62.051.022.0", "Nm_Jbt_26": "BUAYA PIGA", "Status_26": "N", "Fungsi_26": "A", "Lks_Dr_26": "TMK", "Lks_km_26": 24.321, "F_STA_26": "10", "Cadin_26": null, "Pjg_Jbt_26": 20.65, "Btg_Pjg_26": 20.65, "Jml_Btg_26": "1", "Lb_Jl_Ms26": 0.0, "Lb_Jl_Kl26": 0.0, "Lb_Lalin26": 6.0, "Lb_Bh_Ki26": 0.9, "Lb_Bh_Ka26": 0.9, "Lb_Dr_Ki26": 0.06, "Lb_Dr_Ka26": 0.06, "Lb_Tr_Ki26": 1.0, "Lb_Tr_Ka26": 1.0, "Lb_TS_Ki26": 0.0, "Lb_TS_Ka26": 0.0, "Lb_Med_26": 0.0, "Lbr_Jbt_26": 9.92, "Bgn_Ats_26": "GTP", "Jns_Jbt_26": "STANDAR", "Thn_Bgn_26": "2010", "BA_26": "1", "LNT_26": "0", "BB_26": "0", "DAS_26": "1", "OP_26": "0", "UT_26": "0", "GR_26": "0", "LB_26": "0", "JBT_26": "1", "Tp_Lnts_26": "SUNGAI", "Dt_Lnts_26": "LURUS", "Pnangnn_26": "RUTIN", "Pmriksn_26": "TIDAK DI SURVEI", "Pnglola_26": "BPJN PAPUA TENGAH", "Satkr_ID26": "693943", "PPK_Name26": "PPK 3.1", "Traffic_26": null, "VCR_26": "0.0024", "AADT_26": "0", "Tipe_Jb_26": null, "Lat_26": -4.57936, "Long_26": 136.74651, "Tgl_Ins_26": "16\/09\/2020", "Ket_26": null }, "geometry": { "type": "Point", "coordinates": [ 136.746506000051909, -4.57935800017151 ] } },
{ "type": "Feature", "properties": { "PROVINSI": "PAPUA TENGAH (NABIRE)", "No_Prov_26": "62", "ID_Jbt_26": "6201398", "Kd_Ruas_26": "6201612", "Suffix_26": "12", "Nm_Ruas_26": "JLN. PERINTIS (NABIRE)", "Lintas_26": "JALAN LINTAS TENGAH", "No_Jbt_26": "62.016.160.0.12", "Nm_Jbt_26": "BUMIWONOREJO", "Status_26": "N", "Fungsi_26": "A", "Lks_Dr_26": "NBR", "Lks_km_26": 0.229, "F_STA_26": "200", "Cadin_26": null, "Pjg_Jbt_26": 36.0, "Btg_Pjg_26": 36.0, "Jml_Btg_26": "1", "Lb_Jl_Ms26": 6.0, "Lb_Jl_Kl26": 6.0, "Lb_Lalin26": 5.9, "Lb_Bh_Ki26": 0.0, "Lb_Bh_Ka26": 0.0, "Lb_Dr_Ki26": 0.0, "Lb_Dr_Ka26": 0.0, "Lb_Tr_Ki26": 0.52, "Lb_Tr_Ka26": 0.53, "Lb_TS_Ki26": 0.0, "Lb_TS_Ka26": 0.0, "Lb_Med_26": 0.0, "Lbr_Jbt_26": 6.95, "Bgn_Ats_26": "RBA", "Jns_Jbt_26": "STANDAR", "Thn_Bgn_26": "1992", "BA_26": "2", "LNT_26": "2", "BB_26": "1", "DAS_26": "2", "OP_26": "1", "UT_26": "0", "GR_26": "0", "LB_26": "0", "JBT_26": "2", "Tp_Lnts_26": "SUNGAI", "Dt_Lnts_26": "LURUS", "Pnangnn_26": "BERKALA", "Pmriksn_26": "DETAIL", "Pnglola_26": "BPJN PAPUA TENGAH", "Satkr_ID26": "693945", "PPK_Name26": "PPK 1.2", "Traffic_26": null, "VCR_26": "0.2875", "AADT_26": "2834", "Tipe_Jb_26": null, "Lat_26": -3.38645, "Long_26": 135.50224, "Tgl_Ins_26": "01\/05\/2026", "Ket_26": null }, "geometry": { "type": "Point", "coordinates": [ 135.50224300001446, -3.386454999798332 ] } },
{ "type": "Feature", "properties": { "PROVINSI": "PAPUA TENGAH (NABIRE)", "No_Prov_26": "62", "ID_Jbt_26": "6201626", "Kd_Ruas_26": "62015", "Suffix_26": null, "Nm_Ruas_26": "MOANEMANI - BEDUDIPA", "Lintas_26": "JALAN LINTAS TENGAH", "No_Jbt_26": "62.015.088.0", "Nm_Jbt_26": "BUNUMI", "Status_26": "N", "Fungsi_26": "A", "Lks_Dr_26": "BDP", "Lks_km_26": 85.61, "F_STA_26": "300", "Cadin_26": null, "Pjg_Jbt_26": 40.4, "Btg_Pjg_26": 40.4, "Jml_Btg_26": "1", "Lb_Jl_Ms26": 5.95, "Lb_Jl_Kl26": 5.95, "Lb_Lalin26": 7.0, "Lb_Bh_Ki26": 0.0, "Lb_Bh_Ka26": 0.0, "Lb_Dr_Ki26": 0.0, "Lb_Dr_Ka26": 0.0, "Lb_Tr_Ki26": 0.0, "Lb_Tr_Ka26": 0.0, "Lb_TS_Ki26": 0.0, "Lb_TS_Ka26": 0.0, "Lb_Med_26": 0.0, "Lbr_Jbt_26": 7.0, "Bgn_Ats_26": "RBR", "Jns_Jbt_26": "STANDAR", "Thn_Bgn_26": "2013", "BA_26": "2", "LNT_26": "1", "BB_26": "2", "DAS_26": "2", "OP_26": "1", "UT_26": "0", "GR_26": "0", "LB_26": "0", "JBT_26": "2", "Tp_Lnts_26": "SUNGAI", "Dt_Lnts_26": "LURUS", "Pnangnn_26": "RUTIN", "Pmriksn_26": "DETAIL", "Pnglola_26": "BPJN PAPUA TENGAH", "Satkr_ID26": "693945", "PPK_Name26": "PPK 1.1", "Traffic_26": null, "VCR_26": "0.1231", "AADT_26": "4467", "Tipe_Jb_26": null, "Lat_26": -3.91437, "Long_26": 135.95435, "Tgl_Ins_26": "02\/06\/2026", "Ket_26": null }, "geometry": { "type": "Point", "coordinates": [ 135.95434599986811, -3.914365999890947 ] } },
{ "type": "Feature", "properties": { "PROVINSI": "PAPUA TENGAH (NABIRE)", "No_Prov_26": "62", "ID_Jbt_26": "6201638", "Kd_Ruas_26": "62015", "Suffix_26": null, "Nm_Ruas_26": "MOANEMANI - BEDUDIPA", "Lintas_26": "JALAN LINTAS TENGAH", "No_Jbt_26": "62.015.112.0", "Nm_Jbt_26": "BUNUMI 1\/ DEGEIDIMI", "Status_26": "N", "Fungsi_26": "A", "Lks_Dr_26": "BDP", "Lks_km_26": 99.164, "F_STA_26": "200", "Cadin_26": null, "Pjg_Jbt_26": 30.5, "Btg_Pjg_26": 30.5, "Jml_Btg_26": "1", "Lb_Jl_Ms26": 5.65, "Lb_Jl_Kl26": 5.65, "Lb_Lalin26": 7.0, "Lb_Bh_Ki26": 0.0, "Lb_Bh_Ka26": 0.0, "Lb_Dr_Ki26": 0.0, "Lb_Dr_Ka26": 0.0, "Lb_Tr_Ki26": 0.0, "Lb_Tr_Ka26": 0.0, "Lb_TS_Ki26": 0.0, "Lb_TS_Ka26": 0.0, "Lb_Med_26": 0.0, "Lbr_Jbt_26": 7.0, "Bgn_Ats_26": "GBP", "Jns_Jbt_26": "STANDAR", "Thn_Bgn_26": "2013", "BA_26": "2", "LNT_26": "2", "BB_26": "1", "DAS_26": "2", "OP_26": "0", "UT_26": "0", "GR_26": "0", "LB_26": "0", "JBT_26": "2", "Tp_Lnts_26": "SUNGAI", "Dt_Lnts_26": "LURUS", "Pnangnn_26": "RUTIN", "Pmriksn_26": "TIDAK DI SURVEI", "Pnglola_26": "BPJN PAPUA TENGAH", "Satkr_ID26": "693945", "PPK_Name26": "PPK 1.1", "Traffic_26": null, "VCR_26": "0.1231", "AADT_26": "4467", "Tipe_Jb_26": null, "Lat_26": -3.99342, "Long_26": 135.97203, "Tgl_Ins_26": "06\/05\/2024", "Ket_26": null }, "geometry": { "type": "Point", "coordinates": [ 135.972026000399637, -3.993418999587107 ] } },
{ "type": "Feature", "properties": { "PROVINSI": "PAPUA TENGAH (NABIRE)", "No_Prov_26": "62", "ID_Jbt_26": "6201652", "Kd_Ruas_26": "62015", "Suffix_26": null, "Nm_Ruas_26": "MOANEMANI - BEDUDIPA", "Lintas_26": "JALAN LINTAS TENGAH", "No_Jbt_26": "62.015.120.0", "Nm_Jbt_26": "BUNUMI 2\/BUDAA\/KASUARI", "Status_26": "N", "Fungsi_26": "A", "Lks_Dr_26": "BDP", "Lks_km_26": 103.306, "F_STA_26": "500", "Cadin_26": null, "Pjg_Jbt_26": 30.6, "Btg_Pjg_26": 30.6, "Jml_Btg_26": "1", "Lb_Jl_Ms26": 6.05, "Lb_Jl_Kl26": 6.05, "Lb_Lalin26": 7.0, "Lb_Bh_Ki26": 0.0, "Lb_Bh_Ka26": 0.0, "Lb_Dr_Ki26": 0.0, "Lb_Dr_Ka26": 0.0, "Lb_Tr_Ki26": 0.0, "Lb_Tr_Ka26": 0.0, "Lb_TS_Ki26": 0.0, "Lb_TS_Ka26": 0.0, "Lb_Med_26": 0.0, "Lbr_Jbt_26": 7.0, "Bgn_Ats_26": "GBP", "Jns_Jbt_26": "STANDAR", "Thn_Bgn_26": "2013", "BA_26": "1", "LNT_26": "0", "BB_26": "2", "DAS_26": "2", "OP_26": "2", "UT_26": "0", "GR_26": "0", "LB_26": "0", "JBT_26": "2", "Tp_Lnts_26": "SUNGAI", "Dt_Lnts_26": "LURUS", "Pnangnn_26": "RUTIN", "Pmriksn_26": "TIDAK DI SURVEI", "Pnglola_26": "BPJN PAPUA TENGAH", "Satkr_ID26": "693945", "PPK_Name26": "PPK 1.1", "Traffic_26": null, "VCR_26": "0.1231", "AADT_26": "4467", "Tipe_Jb_26": null, "Lat_26": -4.0107, "Long_26": 135.99421, "Tgl_Ins_26": "25\/04\/2024", "Ket_26": null }, "geometry": { "type": "Point", "coordinates": [ 135.994204999760996, -4.010701999797391 ] } },
{ "type": "Feature", "properties": { "PROVINSI": "PAPUA TENGAH (NABIRE)", "No_Prov_26": "62", "ID_Jbt_26": "6201599", "Kd_Ruas_26": "62015", "Suffix_26": null, "Nm_Ruas_26": "MOANEMANI - BEDUDIPA", "Lintas_26": "JALAN LINTAS TENGAH", "No_Jbt_26": "62.015.063.0", "Nm_Jbt_26": "CABUN", "Status_26": "N", "Fungsi_26": "A", "Lks_Dr_26": "BDP", "Lks_km_26": 63.045, "F_STA_26": "600", "Cadin_26": null, "Pjg_Jbt_26": 20.4, "Btg_Pjg_26": 20.4, "Jml_Btg_26": "1", "Lb_Jl_Ms26": 6.85, "Lb_Jl_Kl26": 6.85, "Lb_Lalin26": 7.0, "Lb_Bh_Ki26": 0.0, "Lb_Bh_Ka26": 0.0, "Lb_Dr_Ki26": 0.0, "Lb_Dr_Ka26": 0.0, "Lb_Tr_Ki26": 0.0, "Lb_Tr_Ka26": 0.0, "Lb_TS_Ki26": 0.0, "Lb_TS_Ka26": 0.0, "Lb_Med_26": 0.0, "Lbr_Jbt_26": 7.0, "Bgn_Ats_26": "GBP", "Jns_Jbt_26": "STANDAR", "Thn_Bgn_26": "2015", "BA_26": "2", "LNT_26": "2", "BB_26": "1", "DAS_26": "2", "OP_26": "0", "UT_26": "0", "GR_26": "0", "LB_26": "0", "JBT_26": "2", "Tp_Lnts_26": "SUNGAI", "Dt_Lnts_26": "LURUS", "Pnangnn_26": "RUTIN", "Pmriksn_26": "TIDAK DI SURVEI", "Pnglola_26": "BPJN PAPUA TENGAH", "Satkr_ID26": "693945", "PPK_Name26": "PPK 1.1", "Traffic_26": null, "VCR_26": "0.1231", "AADT_26": "4467", "Tipe_Jb_26": null, "Lat_26": -3.78242, "Long_26": 136.02937, "Tgl_Ins_26": "07\/05\/2024", "Ket_26": null }, "geometry": { "type": "Point", "coordinates": [ 136.02937300006397, -3.782422000075201 ] } },
{ "type": "Feature", "properties": { "PROVINSI": "PAPUA TENGAH (NABIRE)", "No_Prov_26": "62", "ID_Jbt_26": "6201592", "Kd_Ruas_26": "62015", "Suffix_26": null, "Nm_Ruas_26": "MOANEMANI - BEDUDIPA", "Lintas_26": "JALAN LINTAS TENGAH", "No_Jbt_26": "62.015.056.0", "Nm_Jbt_26": "DEGEWO", "Status_26": "N", "Fungsi_26": "A", "Lks_Dr_26": "BDP", "Lks_km_26": 53.602, "F_STA_26": "200", "Cadin_26": null, "Pjg_Jbt_26": 50.0, "Btg_Pjg_26": 50.0, "Jml_Btg_26": "1", "Lb_Jl_Ms26": 6.0, "Lb_Jl_Kl26": 6.0, "Lb_Lalin26": 7.0, "Lb_Bh_Ki26": 0.0, "Lb_Bh_Ka26": 0.0, "Lb_Dr_Ki26": 0.0, "Lb_Dr_Ka26": 0.0, "Lb_Tr_Ki26": 0.0, "Lb_Tr_Ka26": 0.0, "Lb_TS_Ki26": 0.0, "Lb_TS_Ka26": 0.0, "Lb_Med_26": 0.0, "Lbr_Jbt_26": 7.0, "Bgn_Ats_26": "RBR", "Jns_Jbt_26": "STANDAR", "Thn_Bgn_26": "1999", "BA_26": "3", "LNT_26": "1", "BB_26": "4", "DAS_26": "2", "OP_26": "1", "UT_26": "0", "GR_26": "0", "LB_26": "0", "JBT_26": "4", "Tp_Lnts_26": "SUNGAI", "Dt_Lnts_26": "LURUS", "Pnangnn_26": "RUTIN", "Pmriksn_26": "DETAIL", "Pnglola_26": "BPJN PAPUA TENGAH", "Satkr_ID26": "693945", "PPK_Name26": "PPK 1.1", "Traffic_26": null, "VCR_26": "0.1231", "AADT_26": "4467", "Tipe_Jb_26": null, "Lat_26": -3.73977, "Long_26": 136.01995, "Tgl_Ins_26": "02\/06\/2026", "Ket_26": null }, "geometry": { "type": "Point", "coordinates": [ 136.01994599970817, -3.73976699984712 ] } },
{ "type": "Feature", "properties": { "PROVINSI": "PAPUA TENGAH (NABIRE)", "No_Prov_26": "62", "ID_Jbt_26": "6201044", "Kd_Ruas_26": "62016", "Suffix_26": null, "Nm_Ruas_26": "BEDUDIPA - BTS. KOTA NABIRE", "Lintas_26": "NON LINTAS", "No_Jbt_26": "62.016.152.0", "Nm_Jbt_26": "DRESSY", "Status_26": "N", "Fungsi_26": "A", "Lks_Dr_26": "NBR", "Lks_km_26": 92.308, "F_STA_26": "500", "Cadin_26": null, "Pjg_Jbt_26": 26.0, "Btg_Pjg_26": 26.0, "Jml_Btg_26": "1", "Lb_Jl_Ms26": 5.95, "Lb_Jl_Kl26": 5.95, "Lb_Lalin26": 6.0, "Lb_Bh_Ki26": 0.8, "Lb_Bh_Ka26": 0.9, "Lb_Dr_Ki26": 0.0, "Lb_Dr_Ka26": 0.0, "Lb_Tr_Ki26": 0.4, "Lb_Tr_Ka26": 0.4, "Lb_TS_Ki26": 0.3, "Lb_TS_Ka26": 0.3, "Lb_Med_26": 0.0, "Lbr_Jbt_26": 9.1, "Bgn_Ats_26": "GBP", "Jns_Jbt_26": "STANDAR", "Thn_Bgn_26": "2000", "BA_26": "2", "LNT_26": "1", "BB_26": "1", "DAS_26": "1", "OP_26": "1", "UT_26": "0", "GR_26": "0", "LB_26": "0", "JBT_26": "2", "Tp_Lnts_26": "SUNGAI", "Dt_Lnts_26": "LURUS", "Pnangnn_26": "RUTIN", "Pmriksn_26": "TIDAK DI SURVEI", "Pnglola_26": "BPJN PAPUA TENGAH", "Satkr_ID26": "693945", "PPK_Name26": "PPK 1.1", "Traffic_26": null, "VCR_26": "0.0287", "AADT_26": "243", "Tipe_Jb_26": null, "Lat_26": -3.5344, "Long_26": 135.84093, "Tgl_Ins_26": "04\/07\/2025", "Ket_26": null }, "geometry": { "type": "Point", "coordinates": [ 135.840926999981093, -3.534402000152113 ] } },
{ "type": "Feature", "properties": { "PROVINSI": "PAPUA TENGAH (NABIRE)", "No_Prov_26": "62", "ID_Jbt_26": "6200251", "Kd_Ruas_26": "62016", "Suffix_26": null, "Nm_Ruas_26": "BEDUDIPA - BTS. KOTA NABIRE", "Lintas_26": "NON LINTAS", "No_Jbt_26": "62.016.028.0", "Nm_Jbt_26": "DURI", "Status_26": "N", "Fungsi_26": "A", "Lks_Dr_26": "NBR", "Lks_km_26": 28.535, "F_STA_26": "900", "Cadin_26": null, "Pjg_Jbt_26": 6.0, "Btg_Pjg_26": 6.0, "Jml_Btg_26": "1", "Lb_Jl_Ms26": 4.5, "Lb_Jl_Kl26": 4.5, "Lb_Lalin26": 4.57, "Lb_Bh_Ki26": 1.1, "Lb_Bh_Ka26": 1.6, "Lb_Dr_Ki26": 0.0, "Lb_Dr_Ka26": 0.0, "Lb_Tr_Ki26": 0.9, "Lb_Tr_Ka26": 0.8, "Lb_TS_Ki26": 0.0, "Lb_TS_Ka26": 0.0, "Lb_Med_26": 0.0, "Lbr_Jbt_26": 8.97, "Bgn_Ats_26": "PTP", "Jns_Jbt_26": "STANDAR", "Thn_Bgn_26": "1998", "BA_26": "1", "LNT_26": "0", "BB_26": "0", "DAS_26": "1", "OP_26": "0", "UT_26": "0", "GR_26": "0", "LB_26": "0", "JBT_26": "1", "Tp_Lnts_26": "SUNGAI", "Dt_Lnts_26": "LURUS", "Pnangnn_26": "RUTIN", "Pmriksn_26": "TIDAK DI SURVEI", "Pnglola_26": "BPJN PAPUA TENGAH", "Satkr_ID26": "693945", "PPK_Name26": "PPK 1.1", "Traffic_26": null, "VCR_26": "0.0287", "AADT_26": "243", "Tipe_Jb_26": null, "Lat_26": -3.49252, "Long_26": 135.60448, "Tgl_Ins_26": "09\/06\/2021", "Ket_26": null }, "geometry": { "type": "Point", "coordinates": [ 135.604477000313409, -3.492522999736593 ] } },
{ "type": "Feature", "properties": { "PROVINSI": "PAPUA TENGAH (NABIRE)", "No_Prov_26": "62", "ID_Jbt_26": "6201570", "Kd_Ruas_26": "62015", "Suffix_26": null, "Nm_Ruas_26": "MOANEMANI - BEDUDIPA", "Lintas_26": "JALAN LINTAS TENGAH", "No_Jbt_26": "62.015.036.0", "Nm_Jbt_26": "EBORE", "Status_26": "N", "Fungsi_26": "A", "Lks_Dr_26": "BDP", "Lks_km_26": 23.226, "F_STA_26": "400", "Cadin_26": null, "Pjg_Jbt_26": 40.5, "Btg_Pjg_26": 40.5, "Jml_Btg_26": "1", "Lb_Jl_Ms26": 5.9, "Lb_Jl_Kl26": 5.9, "Lb_Lalin26": 7.0, "Lb_Bh_Ki26": 0.0, "Lb_Bh_Ka26": 0.0, "Lb_Dr_Ki26": 0.0, "Lb_Dr_Ka26": 0.0, "Lb_Tr_Ki26": 0.0, "Lb_Tr_Ka26": 0.0, "Lb_TS_Ki26": 0.0, "Lb_TS_Ka26": 0.0, "Lb_Med_26": 0.0, "Lbr_Jbt_26": 7.0, "Bgn_Ats_26": "RBR", "Jns_Jbt_26": "STANDAR", "Thn_Bgn_26": "1999", "BA_26": "2", "LNT_26": "1", "BB_26": "1", "DAS_26": "1", "OP_26": "1", "UT_26": "0", "GR_26": "0", "LB_26": "0", "JBT_26": "2", "Tp_Lnts_26": "SUNGAI", "Dt_Lnts_26": "LURUS", "Pnangnn_26": "RUTIN", "Pmriksn_26": "DETAIL", "Pnglola_26": "BPJN PAPUA TENGAH", "Satkr_ID26": "693945", "PPK_Name26": "PPK 1.1", "Traffic_26": null, "VCR_26": "0.1231", "AADT_26": "4467", "Tipe_Jb_26": null, "Lat_26": -3.56731, "Long_26": 135.95024, "Tgl_Ins_26": "04\/06\/2026", "Ket_26": null }, "geometry": { "type": "Point", "coordinates": [ 135.950241000321967, -3.567306000371559 ] } },
{ "type": "Feature", "properties": { "PROVINSI": "PAPUA TENGAH (NABIRE)", "No_Prov_26": "62", "ID_Jbt_26": "6201575", "Kd_Ruas_26": "62015", "Suffix_26": null, "Nm_Ruas_26": "MOANEMANI - BEDUDIPA", "Lintas_26": "JALAN LINTAS TENGAH", "No_Jbt_26": "62.015.037.0", "Nm_Jbt_26": "EBORE 1\/UNIPO II\/EBOREII", "Status_26": "N", "Fungsi_26": "A", "Lks_Dr_26": "BDP", "Lks_km_26": 24.333, "F_STA_26": "300", "Cadin_26": null, "Pjg_Jbt_26": 30.5, "Btg_Pjg_26": 30.5, "Jml_Btg_26": "1", "Lb_Jl_Ms26": 6.45, "Lb_Jl_Kl26": 6.45, "Lb_Lalin26": 7.0, "Lb_Bh_Ki26": 0.0, "Lb_Bh_Ka26": 0.0, "Lb_Dr_Ki26": 0.0, "Lb_Dr_Ka26": 0.0, "Lb_Tr_Ki26": 0.0, "Lb_Tr_Ka26": 0.0, "Lb_TS_Ki26": 0.0, "Lb_TS_Ka26": 0.0, "Lb_Med_26": 0.0, "Lbr_Jbt_26": 7.0, "Bgn_Ats_26": "GBP", "Jns_Jbt_26": "STANDAR", "Thn_Bgn_26": "2016", "BA_26": "2", "LNT_26": "2", "BB_26": "1", "DAS_26": "1", "OP_26": "2", "UT_26": "0", "GR_26": "0", "LB_26": "0", "JBT_26": "2", "Tp_Lnts_26": "SUNGAI", "Dt_Lnts_26": "LURUS", "Pnangnn_26": "RUTIN", "Pmriksn_26": "TIDAK DI SURVEI", "Pnglola_26": "BPJN PAPUA TENGAH", "Satkr_ID26": "693945", "PPK_Name26": "PPK 1.1", "Traffic_26": null, "VCR_26": "0.1231", "AADT_26": "4467", "Tipe_Jb_26": null, "Lat_26": -3.57499, "Long_26": 135.9485, "Tgl_Ins_26": "05\/05\/2024", "Ket_26": null }, "geometry": { "type": "Point", "coordinates": [ 135.948502000167196, -3.57499299962717 ] } },
{ "type": "Feature", "properties": { "PROVINSI": "PAPUA TENGAH (NABIRE)", "No_Prov_26": "62", "ID_Jbt_26": "6201576", "Kd_Ruas_26": "62015", "Suffix_26": null, "Nm_Ruas_26": "MOANEMANI - BEDUDIPA", "Lintas_26": "JALAN LINTAS TENGAH", "No_Jbt_26": "62.015.038.0", "Nm_Jbt_26": "EBORE 2\/UNIPO III\/EBORE III", "Status_26": "N", "Fungsi_26": "A", "Lks_Dr_26": "BDP", "Lks_km_26": 24.599, "F_STA_26": "100", "Cadin_26": null, "Pjg_Jbt_26": 30.5, "Btg_Pjg_26": 30.5, "Jml_Btg_26": "1", "Lb_Jl_Ms26": 5.75, "Lb_Jl_Kl26": 5.75, "Lb_Lalin26": 7.0, "Lb_Bh_Ki26": 0.0, "Lb_Bh_Ka26": 0.0, "Lb_Dr_Ki26": 0.0, "Lb_Dr_Ka26": 0.0, "Lb_Tr_Ki26": 0.0, "Lb_Tr_Ka26": 0.0, "Lb_TS_Ki26": 0.0, "Lb_TS_Ka26": 0.0, "Lb_Med_26": 0.0, "Lbr_Jbt_26": 7.0, "Bgn_Ats_26": "GBP", "Jns_Jbt_26": "STANDAR", "Thn_Bgn_26": "2016", "BA_26": "2", "LNT_26": "2", "BB_26": "1", "DAS_26": "2", "OP_26": "0", "UT_26": "0", "GR_26": "0", "LB_26": "0", "JBT_26": "2", "Tp_Lnts_26": "SUNGAI", "Dt_Lnts_26": "LURUS", "Pnangnn_26": "RUTIN", "Pmriksn_26": "TIDAK DI SURVEI", "Pnglola_26": "BPJN PAPUA TENGAH", "Satkr_ID26": "693945", "PPK_Name26": "PPK 1.1", "Traffic_26": null, "VCR_26": "0.1231", "AADT_26": "4467", "Tipe_Jb_26": null, "Lat_26": -3.5762, "Long_26": 135.95021, "Tgl_Ins_26": "05\/05\/2024", "Ket_26": null }, "geometry": { "type": "Point", "coordinates": [ 135.95021099983785, -3.576197000291302 ] } },
{ "type": "Feature", "properties": { "PROVINSI": "PAPUA TENGAH (NABIRE)", "No_Prov_26": "62", "ID_Jbt_26": "6201580", "Kd_Ruas_26": "62015", "Suffix_26": null, "Nm_Ruas_26": "MOANEMANI - BEDUDIPA", "Lintas_26": "JALAN LINTAS TENGAH", "No_Jbt_26": "62.015.043.0", "Nm_Jbt_26": "EBORE 4", "Status_26": "N", "Fungsi_26": "A", "Lks_Dr_26": "BDP", "Lks_km_26": 30.962, "F_STA_26": "700", "Cadin_26": null, "Pjg_Jbt_26": 20.5, "Btg_Pjg_26": 20.5, "Jml_Btg_26": "1", "Lb_Jl_Ms26": 6.35, "Lb_Jl_Kl26": 6.35, "Lb_Lalin26": 7.0, "Lb_Bh_Ki26": 0.0, "Lb_Bh_Ka26": 0.0, "Lb_Dr_Ki26": 0.0, "Lb_Dr_Ka26": 0.0, "Lb_Tr_Ki26": 0.0, "Lb_Tr_Ka26": 0.0, "Lb_TS_Ki26": 0.0, "Lb_TS_Ka26": 0.0, "Lb_Med_26": 0.0, "Lbr_Jbt_26": 7.0, "Bgn_Ats_26": "GBP", "Jns_Jbt_26": "STANDAR", "Thn_Bgn_26": "2012", "BA_26": "2", "LNT_26": "2", "BB_26": "1", "DAS_26": "1", "OP_26": "0", "UT_26": "0", "GR_26": "0", "LB_26": "0", "JBT_26": "2", "Tp_Lnts_26": "SUNGAI", "Dt_Lnts_26": "LURUS", "Pnangnn_26": "RUTIN", "Pmriksn_26": "TIDAK DI SURVEI", "Pnglola_26": "BPJN PAPUA TENGAH", "Satkr_ID26": "693945", "PPK_Name26": "PPK 1.1", "Traffic_26": null, "VCR_26": "0.1231", "AADT_26": "4467", "Tipe_Jb_26": null, "Lat_26": -3.60729, "Long_26": 135.97765, "Tgl_Ins_26": "05\/05\/2024", "Ket_26": null }, "geometry": { "type": "Point", "coordinates": [ 135.977645999663196, -3.607292999872016 ] } },
{ "type": "Feature", "properties": { "PROVINSI": "PAPUA TENGAH (NABIRE)", "No_Prov_26": "62", "ID_Jbt_26": "6200202", "Kd_Ruas_26": "62013", "Suffix_26": null, "Nm_Ruas_26": "ENAROTALI - WAGETE", "Lintas_26": "JALAN LINTAS TENGAH", "No_Jbt_26": "62.013.002.0", "Nm_Jbt_26": "EDARO", "Status_26": "N", "Fungsi_26": "A", "Lks_Dr_26": "WMN", "Lks_km_26": 0.0, "F_STA_26": "690", "Cadin_26": null, "Pjg_Jbt_26": 120.0, "Btg_Pjg_26": 120.0, "Jml_Btg_26": "1", "Lb_Jl_Ms26": 6.0, "Lb_Jl_Kl26": 6.0, "Lb_Lalin26": 6.0, "Lb_Bh_Ki26": 0.0, "Lb_Bh_Ka26": 0.0, "Lb_Dr_Ki26": 0.0, "Lb_Dr_Ka26": 0.0, "Lb_Tr_Ki26": 0.0, "Lb_Tr_Ka26": 0.0, "Lb_TS_Ki26": 0.0, "Lb_TS_Ka26": 0.0, "Lb_Med_26": 0.0, "Lbr_Jbt_26": 7.0, "Bgn_Ats_26": "RBP", "Jns_Jbt_26": "KHUSUS", "Thn_Bgn_26": "2005", "BA_26": "2", "LNT_26": "1", "BB_26": "1", "DAS_26": "1", "OP_26": "0", "UT_26": "0", "GR_26": "0", "LB_26": "0", "JBT_26": "2", "Tp_Lnts_26": "SUNGAI", "Dt_Lnts_26": "LURUS", "Pnangnn_26": "BERKALA", "Pmriksn_26": "DETAIL", "Pnglola_26": "BPJN PAPUA TENGAH", "Satkr_ID26": "693946", "PPK_Name26": "PPK 2.1", "Traffic_26": null, "VCR_26": "0.0229", "AADT_26": "648", "Tipe_Jb_26": null, "Lat_26": -3.974476, "Long_26": 136.375244, "Tgl_Ins_26": "01\/06\/2026", "Ket_26": null }, "geometry": { "type": "Point", "coordinates": [ 136.375243999610916, -3.974476000167215 ] } },
{ "type": "Feature", "properties": { "PROVINSI": "PAPUA TENGAH (NABIRE)", "No_Prov_26": "62", "ID_Jbt_26": "6201661", "Kd_Ruas_26": "62015", "Suffix_26": null, "Nm_Ruas_26": "MOANEMANI - BEDUDIPA", "Lintas_26": "JALAN LINTAS TENGAH", "No_Jbt_26": "62.015.097.0", "Nm_Jbt_26": "EKAGO", "Status_26": "N", "Fungsi_26": "A", "Lks_Dr_26": "BDP", "Lks_km_26": 91.073, "F_STA_26": "400", "Cadin_26": null, "Pjg_Jbt_26": 21.0, "Btg_Pjg_26": 21.0, "Jml_Btg_26": "1", "Lb_Jl_Ms26": 5.8, "Lb_Jl_Kl26": 5.8, "Lb_Lalin26": 7.0, "Lb_Bh_Ki26": 0.0, "Lb_Bh_Ka26": 0.0, "Lb_Dr_Ki26": 0.0, "Lb_Dr_Ka26": 0.0, "Lb_Tr_Ki26": 0.0, "Lb_Tr_Ka26": 0.0, "Lb_TS_Ki26": 0.0, "Lb_TS_Ka26": 0.0, "Lb_Med_26": 0.0, "Lbr_Jbt_26": 7.0, "Bgn_Ats_26": "GTP", "Jns_Jbt_26": "STANDAR", "Thn_Bgn_26": "2013", "BA_26": "1", "LNT_26": "0", "BB_26": "1", "DAS_26": "1", "OP_26": "0", "UT_26": "0", "GR_26": "0", "LB_26": "0", "JBT_26": "1", "Tp_Lnts_26": "SUNGAI", "Dt_Lnts_26": "LURUS", "Pnangnn_26": "RUTIN", "Pmriksn_26": "TIDAK DI SURVEI", "Pnglola_26": "BPJN PAPUA TENGAH", "Satkr_ID26": "693945", "PPK_Name26": "PPK 1.1", "Traffic_26": null, "VCR_26": "0.1231", "AADT_26": "4467", "Tipe_Jb_26": null, "Lat_26": -3.94765, "Long_26": 135.94621, "Tgl_Ins_26": "21\/05\/2021", "Ket_26": null }, "geometry": { "type": "Point", "coordinates": [ 135.946212999830095, -3.947648999601597 ] } },
{ "type": "Feature", "properties": { "PROVINSI": "PAPUA TENGAH (NABIRE)", "No_Prov_26": "62", "ID_Jbt_26": "6201614", "Kd_Ruas_26": "62015", "Suffix_26": null, "Nm_Ruas_26": "MOANEMANI - BEDUDIPA", "Lintas_26": "JALAN LINTAS TENGAH", "No_Jbt_26": "62.015.076.0", "Nm_Jbt_26": "EKAI", "Status_26": "N", "Fungsi_26": "A", "Lks_Dr_26": "BDP", "Lks_km_26": 78.986, "F_STA_26": "400", "Cadin_26": null, "Pjg_Jbt_26": 40.8, "Btg_Pjg_26": 40.8, "Jml_Btg_26": "1", "Lb_Jl_Ms26": 6.05, "Lb_Jl_Kl26": 6.05, "Lb_Lalin26": 7.0, "Lb_Bh_Ki26": 0.0, "Lb_Bh_Ka26": 0.0, "Lb_Dr_Ki26": 0.0, "Lb_Dr_Ka26": 0.0, "Lb_Tr_Ki26": 0.0, "Lb_Tr_Ka26": 0.0, "Lb_TS_Ki26": 0.0, "Lb_TS_Ka26": 0.0, "Lb_Med_26": 0.0, "Lbr_Jbt_26": 7.0, "Bgn_Ats_26": "RBR", "Jns_Jbt_26": "STANDAR", "Thn_Bgn_26": "1999", "BA_26": "2", "LNT_26": "0", "BB_26": "2", "DAS_26": "2", "OP_26": "1", "UT_26": "0", "GR_26": "0", "LB_26": "0", "JBT_26": "2", "Tp_Lnts_26": "SUNGAI", "Dt_Lnts_26": "LURUS", "Pnangnn_26": "RUTIN", "Pmriksn_26": "DETAIL", "Pnglola_26": "BPJN PAPUA TENGAH", "Satkr_ID26": "693945", "PPK_Name26": "PPK 1.1", "Traffic_26": null, "VCR_26": "0.1231", "AADT_26": "4467", "Tipe_Jb_26": null, "Lat_26": -3.86828, "Long_26": 135.97708, "Tgl_Ins_26": "02\/06\/2026", "Ket_26": null }, "geometry": { "type": "Point", "coordinates": [ 135.977080999688496, -3.868279999722176 ] } },
{ "type": "Feature", "properties": { "PROVINSI": "PAPUA TENGAH (NABIRE)", "No_Prov_26": "62", "ID_Jbt_26": "6202136", "Kd_Ruas_26": "62013", "Suffix_26": null, "Nm_Ruas_26": "ENAROTALI - WAGETE", "Lintas_26": "JALAN LINTAS TENGAH", "No_Jbt_26": "62.013.031.0", "Nm_Jbt_26": "ENARO - WAGETE 14", "Status_26": "N", "Fungsi_26": "A", "Lks_Dr_26": "WMN", "Lks_km_26": 0.0, "F_STA_26": "630", "Cadin_26": null, "Pjg_Jbt_26": 6.0, "Btg_Pjg_26": 6.0, "Jml_Btg_26": "1", "Lb_Jl_Ms26": 0.0, "Lb_Jl_Kl26": 0.0, "Lb_Lalin26": 7.0, "Lb_Bh_Ki26": 0.0, "Lb_Bh_Ka26": 0.0, "Lb_Dr_Ki26": 0.0, "Lb_Dr_Ka26": 0.0, "Lb_Tr_Ki26": 0.0, "Lb_Tr_Ka26": 0.0, "Lb_TS_Ki26": 0.0, "Lb_TS_Ka26": 0.0, "Lb_Med_26": 0.0, "Lbr_Jbt_26": 7.0, "Bgn_Ats_26": "BTP", "Jns_Jbt_26": "STANDAR", "Thn_Bgn_26": "1974", "BA_26": "1", "LNT_26": "0", "BB_26": "0", "DAS_26": "1", "OP_26": "0", "UT_26": "0", "GR_26": "0", "LB_26": "0", "JBT_26": "1", "Tp_Lnts_26": "SUNGAI", "Dt_Lnts_26": "LURUS", "Pnangnn_26": "RUTIN", "Pmriksn_26": "TIDAK DI SURVEI", "Pnglola_26": "BPJN PAPUA TENGAH", "Satkr_ID26": "693946", "PPK_Name26": "PPK 2.1", "Traffic_26": null, "VCR_26": "0.0229", "AADT_26": "648", "Tipe_Jb_26": null, "Lat_26": -3.94401, "Long_26": 136.42984, "Tgl_Ins_26": "17\/07\/2020", "Ket_26": null }, "geometry": { "type": "Point", "coordinates": [ 136.429840000115973, -3.944008999915354 ] } },
{ "type": "Feature", "properties": { "PROVINSI": "PAPUA TENGAH (NABIRE)", "No_Prov_26": "62", "ID_Jbt_26": "6202135", "Kd_Ruas_26": "62013", "Suffix_26": null, "Nm_Ruas_26": "ENAROTALI - WAGETE", "Lintas_26": "JALAN LINTAS TENGAH", "No_Jbt_26": "62.013.011.0", "Nm_Jbt_26": "ENARO - WAGETE 34", "Status_26": "N", "Fungsi_26": "A", "Lks_Dr_26": "WMN", "Lks_km_26": 0.0, "F_STA_26": "340", "Cadin_26": null, "Pjg_Jbt_26": 7.5, "Btg_Pjg_26": 7.5, "Jml_Btg_26": "1", "Lb_Jl_Ms26": 0.0, "Lb_Jl_Kl26": 0.0, "Lb_Lalin26": 8.0, "Lb_Bh_Ki26": 0.0, "Lb_Bh_Ka26": 0.0, "Lb_Dr_Ki26": 0.0, "Lb_Dr_Ka26": 0.0, "Lb_Tr_Ki26": 0.0, "Lb_Tr_Ka26": 0.0, "Lb_TS_Ki26": 0.0, "Lb_TS_Ka26": 0.0, "Lb_Med_26": 0.0, "Lbr_Jbt_26": 8.0, "Bgn_Ats_26": "BTP", "Jns_Jbt_26": "STANDAR", "Thn_Bgn_26": "1974", "BA_26": "1", "LNT_26": "0", "BB_26": "0", "DAS_26": "1", "OP_26": "0", "UT_26": "0", "GR_26": "0", "LB_26": "0", "JBT_26": "1", "Tp_Lnts_26": "SUNGAI", "Dt_Lnts_26": "LURUS", "Pnangnn_26": "RUTIN", "Pmriksn_26": "TIDAK DI SURVEI", "Pnglola_26": "BPJN PAPUA TENGAH", "Satkr_ID26": "693946", "PPK_Name26": "PPK 2.1", "Traffic_26": null, "VCR_26": "0.0229", "AADT_26": "648", "Tipe_Jb_26": null, "Lat_26": -4.00387, "Long_26": 136.33385, "Tgl_Ins_26": "20\/07\/2020", "Ket_26": null }, "geometry": { "type": "Point", "coordinates": [ 136.333849999977588, -4.003873999685311 ] } },
{ "type": "Feature", "properties": { "PROVINSI": "PAPUA TENGAH (NABIRE)", "No_Prov_26": "62", "ID_Jbt_26": "6202137", "Kd_Ruas_26": "62013", "Suffix_26": null, "Nm_Ruas_26": "ENAROTALI - WAGETE", "Lintas_26": "JALAN LINTAS TENGAH", "No_Jbt_26": "62.013.038.0", "Nm_Jbt_26": "ENARO - WAGETE 7", "Status_26": "N", "Fungsi_26": "A", "Lks_Dr_26": "WMN", "Lks_km_26": 0.0, "F_STA_26": "150", "Cadin_26": null, "Pjg_Jbt_26": 6.8, "Btg_Pjg_26": 3.0, "Jml_Btg_26": "2", "Lb_Jl_Ms26": 0.0, "Lb_Jl_Kl26": 0.0, "Lb_Lalin26": 8.0, "Lb_Bh_Ki26": 0.0, "Lb_Bh_Ka26": 0.0, "Lb_Dr_Ki26": 0.0, "Lb_Dr_Ka26": 0.0, "Lb_Tr_Ki26": 0.0, "Lb_Tr_Ka26": 0.0, "Lb_TS_Ki26": 0.0, "Lb_TS_Ka26": 0.0, "Lb_Med_26": 0.0, "Lbr_Jbt_26": 8.0, "Bgn_Ats_26": "BTP", "Jns_Jbt_26": "STANDAR", "Thn_Bgn_26": "1974", "BA_26": "1", "LNT_26": "0", "BB_26": "0", "DAS_26": "1", "OP_26": "0", "UT_26": "0", "GR_26": "0", "LB_26": "0", "JBT_26": "1", "Tp_Lnts_26": "SUNGAI", "Dt_Lnts_26": "LURUS", "Pnangnn_26": "RUTIN", "Pmriksn_26": "TIDAK DI SURVEI", "Pnglola_26": "BPJN PAPUA TENGAH", "Satkr_ID26": "693946", "PPK_Name26": "PPK 2.1", "Traffic_26": null, "VCR_26": "0.0229", "AADT_26": "648", "Tipe_Jb_26": null, "Lat_26": -3.93572, "Long_26": 136.39059, "Tgl_Ins_26": "20\/07\/2020", "Ket_26": null }, "geometry": { "type": "Point", "coordinates": [ 136.39059399971336, -3.93571899983192 ] } },
{ "type": "Feature", "properties": { "PROVINSI": "PAPUA TENGAH (NABIRE)", "No_Prov_26": "62", "ID_Jbt_26": "6200811", "Kd_Ruas_26": "62052", "Suffix_26": null, "Nm_Ruas_26": "MAYON - SIMPANG KAPIRAYA", "Lintas_26": "NON LINTAS", "No_Jbt_26": "62.052.042.0", "Nm_Jbt_26": "ERIKHAR", "Status_26": "N", "Fungsi_26": "A", "Lks_Dr_26": "TMK", "Lks_km_26": 48.951, "F_STA_26": "750", "Cadin_26": null, "Pjg_Jbt_26": 19.8, "Btg_Pjg_26": 19.8, "Jml_Btg_26": "1", "Lb_Jl_Ms26": 0.0, "Lb_Jl_Kl26": 0.0, "Lb_Lalin26": 6.0, "Lb_Bh_Ki26": 0.12, "Lb_Bh_Ka26": 0.32, "Lb_Dr_Ki26": 0.08, "Lb_Dr_Ka26": 0.08, "Lb_Tr_Ki26": 1.3, "Lb_Tr_Ka26": 1.3, "Lb_TS_Ki26": 0.0, "Lb_TS_Ka26": 0.0, "Lb_Med_26": 0.0, "Lbr_Jbt_26": 9.2, "Bgn_Ats_26": "GTP", "Jns_Jbt_26": "STANDAR", "Thn_Bgn_26": "2015", "BA_26": "1", "LNT_26": "0", "BB_26": "0", "DAS_26": "1", "OP_26": "0", "UT_26": "0", "GR_26": "0", "LB_26": "0", "JBT_26": "1", "Tp_Lnts_26": "SUNGAI", "Dt_Lnts_26": "LURUS", "Pnangnn_26": "RUTIN", "Pmriksn_26": "TIDAK DI SURVEI", "Pnglola_26": "BPJN PAPUA TENGAH", "Satkr_ID26": "693943", "PPK_Name26": "PPK 3.2", "Traffic_26": null, "VCR_26": "0.0508", "AADT_26": "474", "Tipe_Jb_26": null, "Lat_26": -4.29074, "Long_26": 136.64917, "Tgl_Ins_26": "17\/09\/2020", "Ket_26": null }, "geometry": { "type": "Point", "coordinates": [ 136.649169999895662, -4.290743999735753 ] } },
{ "type": "Feature", "properties": { "PROVINSI": "PAPUA TENGAH (NABIRE)", "No_Prov_26": "62", "ID_Jbt_26": "6200712", "Kd_Ruas_26": "62052", "Suffix_26": null, "Nm_Ruas_26": "MAYON - SIMPANG KAPIRAYA", "Lintas_26": "NON LINTAS", "No_Jbt_26": "62.052.018.0", "Nm_Jbt_26": "FARE 1", "Status_26": "N", "Fungsi_26": "A", "Lks_Dr_26": "TMK", "Lks_km_26": 11.951, "F_STA_26": "140", "Cadin_26": null, "Pjg_Jbt_26": 20.0, "Btg_Pjg_26": 20.0, "Jml_Btg_26": "1", "Lb_Jl_Ms26": 0.0, "Lb_Jl_Kl26": 0.0, "Lb_Lalin26": 5.7, "Lb_Bh_Ki26": 0.5, "Lb_Bh_Ka26": 0.9, "Lb_Dr_Ki26": 0.0, "Lb_Dr_Ka26": 0.0, "Lb_Tr_Ki26": 1.2, "Lb_Tr_Ka26": 1.15, "Lb_TS_Ki26": 0.0, "Lb_TS_Ka26": 0.0, "Lb_Med_26": 0.0, "Lbr_Jbt_26": 9.45, "Bgn_Ats_26": "GTP", "Jns_Jbt_26": "STANDAR", "Thn_Bgn_26": "2012", "BA_26": "0", "LNT_26": "0", "BB_26": "0", "DAS_26": "2", "OP_26": "0", "UT_26": "0", "GR_26": "0", "LB_26": "0", "JBT_26": "2", "Tp_Lnts_26": "SUNGAI", "Dt_Lnts_26": "LURUS", "Pnangnn_26": "RUTIN", "Pmriksn_26": "TIDAK DI SURVEI", "Pnglola_26": "BPJN PAPUA TENGAH", "Satkr_ID26": "693943", "PPK_Name26": "PPK 3.2", "Traffic_26": null, "VCR_26": "0.0508", "AADT_26": "474", "Tipe_Jb_26": null, "Lat_26": -4.39791, "Long_26": 136.7907, "Tgl_Ins_26": "21\/09\/2020", "Ket_26": null }, "geometry": { "type": "Point", "coordinates": [ 136.790694999974335, -4.397907999854283 ] } },
{ "type": "Feature", "properties": { "PROVINSI": "PAPUA TENGAH (NABIRE)", "No_Prov_26": "62", "ID_Jbt_26": "6201514", "Kd_Ruas_26": "62052", "Suffix_26": null, "Nm_Ruas_26": "MAYON - SIMPANG KAPIRAYA", "Lintas_26": "NON LINTAS", "No_Jbt_26": "62.052.019.0", "Nm_Jbt_26": "FARE 2", "Status_26": "N", "Fungsi_26": "A", "Lks_Dr_26": "TMK", "Lks_km_26": 13.161, "F_STA_26": "260", "Cadin_26": null, "Pjg_Jbt_26": 20.1, "Btg_Pjg_26": 20.1, "Jml_Btg_26": "1", "Lb_Jl_Ms26": 0.0, "Lb_Jl_Kl26": 0.0, "Lb_Lalin26": 5.7, "Lb_Bh_Ki26": 0.6, "Lb_Bh_Ka26": 0.7, "Lb_Dr_Ki26": 0.0, "Lb_Dr_Ka26": 0.0, "Lb_Tr_Ki26": 1.2, "Lb_Tr_Ka26": 1.3, "Lb_TS_Ki26": 0.0, "Lb_TS_Ka26": 0.0, "Lb_Med_26": 0.0, "Lbr_Jbt_26": 9.5, "Bgn_Ats_26": "GTP", "Jns_Jbt_26": "STANDAR", "Thn_Bgn_26": "2012", "BA_26": "2", "LNT_26": "2", "BB_26": "1", "DAS_26": "1", "OP_26": "0", "UT_26": "0", "GR_26": "0", "LB_26": "0", "JBT_26": "2", "Tp_Lnts_26": "SUNGAI", "Dt_Lnts_26": "LURUS", "Pnangnn_26": "RUTIN", "Pmriksn_26": "TIDAK DI SURVEI", "Pnglola_26": "BPJN PAPUA TENGAH", "Satkr_ID26": "693943", "PPK_Name26": "PPK 3.2", "Traffic_26": null, "VCR_26": "0.0508", "AADT_26": "474", "Tipe_Jb_26": null, "Lat_26": -4.39031, "Long_26": 136.79654, "Tgl_Ins_26": "27\/05\/2024", "Ket_26": null }, "geometry": { "type": "Point", "coordinates": [ 136.796538999675136, -4.390313000344634 ] } },
{ "type": "Feature", "properties": { "PROVINSI": "PAPUA TENGAH (NABIRE)", "No_Prov_26": "62", "ID_Jbt_26": "6200809", "Kd_Ruas_26": "62052", "Suffix_26": null, "Nm_Ruas_26": "MAYON - SIMPANG KAPIRAYA", "Lintas_26": "NON LINTAS", "No_Jbt_26": "62.052.039.0", "Nm_Jbt_26": "FETAR", "Status_26": "N", "Fungsi_26": "A", "Lks_Dr_26": "TMK", "Lks_km_26": 45.693, "F_STA_26": "430", "Cadin_26": null, "Pjg_Jbt_26": 19.9, "Btg_Pjg_26": 19.9, "Jml_Btg_26": "1", "Lb_Jl_Ms26": 0.0, "Lb_Jl_Kl26": 0.0, "Lb_Lalin26": 6.84, "Lb_Bh_Ki26": 0.0, "Lb_Bh_Ka26": 0.0, "Lb_Dr_Ki26": 0.08, "Lb_Dr_Ka26": 0.08, "Lb_Tr_Ki26": 1.3, "Lb_Tr_Ka26": 1.3, "Lb_TS_Ki26": 0.0, "Lb_TS_Ka26": 0.0, "Lb_Med_26": 0.0, "Lbr_Jbt_26": 9.6, "Bgn_Ats_26": "GTP", "Jns_Jbt_26": "STANDAR", "Thn_Bgn_26": "2014", "BA_26": "1", "LNT_26": "0", "BB_26": "0", "DAS_26": "1", "OP_26": "0", "UT_26": "0", "GR_26": "0", "LB_26": "0", "JBT_26": "1", "Tp_Lnts_26": "SUNGAI", "Dt_Lnts_26": "LURUS", "Pnangnn_26": "RUTIN", "Pmriksn_26": "TIDAK DI SURVEI", "Pnglola_26": "BPJN PAPUA TENGAH", "Satkr_ID26": "693943", "PPK_Name26": "PPK 3.2", "Traffic_26": null, "VCR_26": "0.0508", "AADT_26": "474", "Tipe_Jb_26": null, "Lat_26": -4.31527, "Long_26": 136.65515, "Tgl_Ins_26": "17\/09\/2020", "Ket_26": null }, "geometry": { "type": "Point", "coordinates": [ 136.655150999618968, -4.315268000217998 ] } },
{ "type": "Feature", "properties": { "PROVINSI": "PAPUA TENGAH (NABIRE)", "No_Prov_26": "62", "ID_Jbt_26": "6201526", "Kd_Ruas_26": "62052", "Suffix_26": null, "Nm_Ruas_26": "MAYON - SIMPANG KAPIRAYA", "Lintas_26": "NON LINTAS", "No_Jbt_26": "62.052.058.0", "Nm_Jbt_26": "FRAMUS", "Status_26": "N", "Fungsi_26": "A", "Lks_Dr_26": "TMK", "Lks_km_26": 74.015, "F_STA_26": "180", "Cadin_26": null, "Pjg_Jbt_26": 30.0, "Btg_Pjg_26": 30.0, "Jml_Btg_26": "1", "Lb_Jl_Ms26": 0.0, "Lb_Jl_Kl26": 0.0, "Lb_Lalin26": 7.0, "Lb_Bh_Ki26": 0.0, "Lb_Bh_Ka26": 0.0, "Lb_Dr_Ki26": 0.0, "Lb_Dr_Ka26": 0.0, "Lb_Tr_Ki26": 1.0, "Lb_Tr_Ka26": 1.0, "Lb_TS_Ki26": 0.0, "Lb_TS_Ka26": 0.0, "Lb_Med_26": 0.0, "Lbr_Jbt_26": 9.0, "Bgn_Ats_26": "RBP", "Jns_Jbt_26": "STANDAR", "Thn_Bgn_26": "1995", "BA_26": "2", "LNT_26": "0", "BB_26": "1", "DAS_26": "1", "OP_26": "1", "UT_26": "0", "GR_26": "0", "LB_26": "0", "JBT_26": "2", "Tp_Lnts_26": "SUNGAI", "Dt_Lnts_26": "LURUS", "Pnangnn_26": "RUTIN", "Pmriksn_26": "DETAIL", "Pnglola_26": "BPJN PAPUA TENGAH", "Satkr_ID26": "693943", "PPK_Name26": "PPK 3.2", "Traffic_26": null, "VCR_26": "0.0508", "AADT_26": "474", "Tipe_Jb_26": null, "Lat_26": -4.24502, "Long_26": 136.50977, "Tgl_Ins_26": "05\/05\/2026", "Ket_26": null }, "geometry": { "type": "Point", "coordinates": [ 136.509765999601314, -4.245016999934535 ] } },
{ "type": "Feature", "properties": { "PROVINSI": "PAPUA TENGAH (NABIRE)", "No_Prov_26": "62", "ID_Jbt_26": "6201148", "Kd_Ruas_26": "620441", "Suffix_26": "1", "Nm_Ruas_26": "BTS. KOTA NABIRE - KIMIBAY", "Lintas_26": "JALAN LINTAS UTARA", "No_Jbt_26": "62.044.016.A.1", "Nm_Jbt_26": "GEDO A", "Status_26": "N", "Fungsi_26": "K", "Lks_Dr_26": "NBR", "Lks_km_26": 6.554, "F_STA_26": "0", "Cadin_26": null, "Pjg_Jbt_26": 20.0, "Btg_Pjg_26": 20.0, "Jml_Btg_26": "1", "Lb_Jl_Ms26": 6.0, "Lb_Jl_Kl26": 6.0, "Lb_Lalin26": 6.05, "Lb_Bh_Ki26": 0.17, "Lb_Bh_Ka26": 0.17, "Lb_Dr_Ki26": 0.07, "Lb_Dr_Ka26": 0.07, "Lb_Tr_Ki26": 0.41, "Lb_Tr_Ka26": 0.4, "Lb_TS_Ki26": 0.0, "Lb_TS_Ka26": 0.0, "Lb_Med_26": 0.0, "Lbr_Jbt_26": 7.34, "Bgn_Ats_26": "GTP", "Jns_Jbt_26": "STANDAR", "Thn_Bgn_26": "2000", "BA_26": "1", "LNT_26": "0", "BB_26": "1", "DAS_26": "1", "OP_26": "2", "UT_26": "0", "GR_26": "0", "LB_26": "0", "JBT_26": "2", "Tp_Lnts_26": "SUNGAI", "Dt_Lnts_26": "LURUS", "Pnangnn_26": "RUTIN", "Pmriksn_26": "TIDAK DI SURVEI", "Pnglola_26": "BPJN PAPUA TENGAH", "Satkr_ID26": "693945", "PPK_Name26": "PPK 1.3", "Traffic_26": null, "VCR_26": "0.0567", "AADT_26": "2341", "Tipe_Jb_26": null, "Lat_26": -3.30171, "Long_26": 135.56734, "Tgl_Ins_26": "30\/03\/2024", "Ket_26": null }, "geometry": { "type": "Point", "coordinates": [ 135.567336999902636, -3.30171400040075 ] } },
{ "type": "Feature", "properties": { "PROVINSI": "PAPUA TENGAH (NABIRE)", "No_Prov_26": "62", "ID_Jbt_26": "6201149", "Kd_Ruas_26": "620441", "Suffix_26": "1", "Nm_Ruas_26": "BTS. KOTA NABIRE - KIMIBAY", "Lintas_26": "JALAN LINTAS UTARA", "No_Jbt_26": "62.044.016.B.1", "Nm_Jbt_26": "GEDO B", "Status_26": "N", "Fungsi_26": "K", "Lks_Dr_26": "NBR", "Lks_km_26": 6.554, "F_STA_26": "0", "Cadin_26": null, "Pjg_Jbt_26": 20.0, "Btg_Pjg_26": 20.0, "Jml_Btg_26": "1", "Lb_Jl_Ms26": 6.0, "Lb_Jl_Kl26": 6.0, "Lb_Lalin26": 5.62, "Lb_Bh_Ki26": 0.17, "Lb_Bh_Ka26": 0.17, "Lb_Dr_Ki26": 0.07, "Lb_Dr_Ka26": 0.07, "Lb_Tr_Ki26": 0.42, "Lb_Tr_Ka26": 0.44, "Lb_TS_Ki26": 0.0, "Lb_TS_Ka26": 0.0, "Lb_Med_26": 0.0, "Lbr_Jbt_26": 6.96, "Bgn_Ats_26": "GBP", "Jns_Jbt_26": "STANDAR", "Thn_Bgn_26": "2000", "BA_26": "2", "LNT_26": "0", "BB_26": "1", "DAS_26": "1", "OP_26": "0", "UT_26": "0", "GR_26": "0", "LB_26": "0", "JBT_26": "2", "Tp_Lnts_26": "SUNGAI", "Dt_Lnts_26": "LURUS", "Pnangnn_26": "RUTIN", "Pmriksn_26": "TIDAK DI SURVEI", "Pnglola_26": "BPJN PAPUA TENGAH", "Satkr_ID26": "693945", "PPK_Name26": "PPK 1.3", "Traffic_26": null, "VCR_26": "0.0567", "AADT_26": "2341", "Tipe_Jb_26": null, "Lat_26": -3.30172, "Long_26": 135.56746, "Tgl_Ins_26": "17\/06\/2025", "Ket_26": null }, "geometry": { "type": "Point", "coordinates": [ 135.567459000132772, -3.30171699963978 ] } },
{ "type": "Feature", "properties": { "PROVINSI": "PAPUA TENGAH (NABIRE)", "No_Prov_26": "62", "ID_Jbt_26": "6201521", "Kd_Ruas_26": "62052", "Suffix_26": null, "Nm_Ruas_26": "MAYON - SIMPANG KAPIRAYA", "Lintas_26": "NON LINTAS", "No_Jbt_26": "62.052.053.0", "Nm_Jbt_26": "GUMELSIT", "Status_26": "N", "Fungsi_26": "A", "Lks_Dr_26": "TMK", "Lks_km_26": 65.66, "F_STA_26": "400", "Cadin_26": null, "Pjg_Jbt_26": 300.0, "Btg_Pjg_26": 60.0, "Jml_Btg_26": "7", "Lb_Jl_Ms26": 0.0, "Lb_Jl_Kl26": 0.0, "Lb_Lalin26": 6.4, "Lb_Bh_Ki26": 0.1, "Lb_Bh_Ka26": 0.16, "Lb_Dr_Ki26": 0.1, "Lb_Dr_Ka26": 0.1, "Lb_Tr_Ki26": 0.9, "Lb_Tr_Ka26": 0.9, "Lb_TS_Ki26": 0.35, "Lb_TS_Ka26": 0.35, "Lb_Med_26": 0.0, "Lbr_Jbt_26": 9.36, "Bgn_Ats_26": "RBP", "Jns_Jbt_26": "STANDAR", "Thn_Bgn_26": "2015", "BA_26": "2", "LNT_26": "2", "BB_26": "2", "DAS_26": "3", "OP_26": "0", "UT_26": "0", "GR_26": "0", "LB_26": "0", "JBT_26": "3", "Tp_Lnts_26": "SUNGAI", "Dt_Lnts_26": "BRAIDED", "Pnangnn_26": "RUTIN", "Pmriksn_26": "DETAIL", "Pnglola_26": "BPJN PAPUA TENGAH", "Satkr_ID26": "693943", "PPK_Name26": "PPK 3.2", "Traffic_26": null, "VCR_26": "0.0508", "AADT_26": "474", "Tipe_Jb_26": null, "Lat_26": -4.23834, "Long_26": 136.56198, "Tgl_Ins_26": "07\/05\/2026", "Ket_26": null }, "geometry": { "type": "Point", "coordinates": [ 136.561983566688355, -4.238342010475378 ] } },
{ "type": "Feature", "properties": { "PROVINSI": "PAPUA TENGAH (NABIRE)", "No_Prov_26": "62", "ID_Jbt_26": "6200696", "Kd_Ruas_26": "62051", "Suffix_26": null, "Nm_Ruas_26": "SIMPANG PELRA - MAYON", "Lintas_26": "NON LINTAS", "No_Jbt_26": "62.051.021.0", "Nm_Jbt_26": "GUNGUN", "Status_26": "N", "Fungsi_26": "A", "Lks_Dr_26": "TMK", "Lks_km_26": 23.608, "F_STA_26": "940", "Cadin_26": null, "Pjg_Jbt_26": 7.1, "Btg_Pjg_26": 7.1, "Jml_Btg_26": "1", "Lb_Jl_Ms26": 0.0, "Lb_Jl_Kl26": 0.0, "Lb_Lalin26": 6.0, "Lb_Bh_Ki26": 0.54, "Lb_Bh_Ka26": 0.71, "Lb_Dr_Ki26": 0.06, "Lb_Dr_Ka26": 0.09, "Lb_Tr_Ki26": 0.55, "Lb_Tr_Ka26": 0.55, "Lb_TS_Ki26": 0.0, "Lb_TS_Ka26": 0.0, "Lb_Med_26": 0.0, "Lbr_Jbt_26": 8.5, "Bgn_Ats_26": "GTP", "Jns_Jbt_26": "STANDAR", "Thn_Bgn_26": "2009", "BA_26": "1", "LNT_26": "0", "BB_26": "0", "DAS_26": "1", "OP_26": "0", "UT_26": "0", "GR_26": "0", "LB_26": "0", "JBT_26": "1", "Tp_Lnts_26": "SUNGAI", "Dt_Lnts_26": "LURUS", "Pnangnn_26": "RUTIN", "Pmriksn_26": "TIDAK DI SURVEI", "Pnglola_26": "BPJN PAPUA TENGAH", "Satkr_ID26": "693943", "PPK_Name26": "PPK 3.1", "Traffic_26": null, "VCR_26": "0.0024", "AADT_26": "0", "Tipe_Jb_26": null, "Lat_26": -4.58468, "Long_26": 136.74529, "Tgl_Ins_26": "16\/09\/2020", "Ket_26": null }, "geometry": { "type": "Point", "coordinates": [ 136.745285000402532, -4.584677999989651 ] } },
{ "type": "Feature", "properties": { "PROVINSI": "PAPUA TENGAH (NABIRE)", "No_Prov_26": "62", "ID_Jbt_26": "6201522", "Kd_Ruas_26": "62052", "Suffix_26": null, "Nm_Ruas_26": "MAYON - SIMPANG KAPIRAYA", "Lintas_26": "NON LINTAS", "No_Jbt_26": "62.052.054.0", "Nm_Jbt_26": "HARBA", "Status_26": "N", "Fungsi_26": "A", "Lks_Dr_26": "TMK", "Lks_km_26": 68.949, "F_STA_26": "710", "Cadin_26": null, "Pjg_Jbt_26": 30.0, "Btg_Pjg_26": 30.0, "Jml_Btg_26": "1", "Lb_Jl_Ms26": 0.0, "Lb_Jl_Kl26": 0.0, "Lb_Lalin26": 6.3, "Lb_Bh_Ki26": 0.16, "Lb_Bh_Ka26": 0.3, "Lb_Dr_Ki26": 0.1, "Lb_Dr_Ka26": 0.1, "Lb_Tr_Ki26": 0.9, "Lb_Tr_Ka26": 0.9, "Lb_TS_Ki26": 0.25, "Lb_TS_Ka26": 0.25, "Lb_Med_26": 0.0, "Lbr_Jbt_26": 9.26, "Bgn_Ats_26": "GBP", "Jns_Jbt_26": "STANDAR", "Thn_Bgn_26": "2000", "BA_26": "2", "LNT_26": "2", "BB_26": "1", "DAS_26": "1", "OP_26": "0", "UT_26": "0", "GR_26": "0", "LB_26": "0", "JBT_26": "2", "Tp_Lnts_26": "SUNGAI", "Dt_Lnts_26": "LURUS", "Pnangnn_26": "RUTIN", "Pmriksn_26": "TIDAK DI SURVEI", "Pnglola_26": "BPJN PAPUA TENGAH", "Satkr_ID26": "693943", "PPK_Name26": "PPK 3.2", "Traffic_26": null, "VCR_26": "0.0508", "AADT_26": "474", "Tipe_Jb_26": null, "Lat_26": -4.25152, "Long_26": 136.54057, "Tgl_Ins_26": "25\/06\/2025", "Ket_26": null }, "geometry": { "type": "Point", "coordinates": [ 136.540573000243853, -4.251522000439934 ] } },
{ "type": "Feature", "properties": { "PROVINSI": "PAPUA TENGAH (NABIRE)", "No_Prov_26": "62", "ID_Jbt_26": "6201606", "Kd_Ruas_26": "62015", "Suffix_26": null, "Nm_Ruas_26": "MOANEMANI - BEDUDIPA", "Lintas_26": "JALAN LINTAS TENGAH", "No_Jbt_26": "62.015.075.0", "Nm_Jbt_26": "HENDRO\/POUTO\/LAWA", "Status_26": "N", "Fungsi_26": "A", "Lks_Dr_26": "BDP", "Lks_km_26": 72.473, "F_STA_26": "100", "Cadin_26": null, "Pjg_Jbt_26": 53.0, "Btg_Pjg_26": 53.0, "Jml_Btg_26": "1", "Lb_Jl_Ms26": 6.35, "Lb_Jl_Kl26": 6.35, "Lb_Lalin26": 7.0, "Lb_Bh_Ki26": 0.0, "Lb_Bh_Ka26": 0.0, "Lb_Dr_Ki26": 0.0, "Lb_Dr_Ka26": 0.0, "Lb_Tr_Ki26": 0.0, "Lb_Tr_Ka26": 0.0, "Lb_TS_Ki26": 0.0, "Lb_TS_Ka26": 0.0, "Lb_Med_26": 0.0, "Lbr_Jbt_26": 7.0, "Bgn_Ats_26": "GBP", "Jns_Jbt_26": "STANDAR", "Thn_Bgn_26": "2012", "BA_26": "1", "LNT_26": "1", "BB_26": "1", "DAS_26": "1", "OP_26": "0", "UT_26": "0", "GR_26": "0", "LB_26": "0", "JBT_26": "1", "Tp_Lnts_26": "SUNGAI", "Dt_Lnts_26": "LURUS", "Pnangnn_26": "RUTIN", "Pmriksn_26": "TIDAK DI SURVEI", "Pnglola_26": "BPJN PAPUA TENGAH", "Satkr_ID26": "693945", "PPK_Name26": "PPK 1.1", "Traffic_26": null, "VCR_26": "0.1231", "AADT_26": "4467", "Tipe_Jb_26": null, "Lat_26": -3.83145, "Long_26": 136.0087, "Tgl_Ins_26": "06\/05\/2024", "Ket_26": null }, "geometry": { "type": "Point", "coordinates": [ 136.008704000189482, -3.831449000071245 ] } },
{ "type": "Feature", "properties": { "PROVINSI": "PAPUA TENGAH (NABIRE)", "No_Prov_26": "62", "ID_Jbt_26": "6200222", "Kd_Ruas_26": "62015", "Suffix_26": null, "Nm_Ruas_26": "MOANEMANI - BEDUDIPA", "Lintas_26": "JALAN LINTAS TENGAH", "No_Jbt_26": "62.015.019.0", "Nm_Jbt_26": "HERMAN", "Status_26": "N", "Fungsi_26": "A", "Lks_Dr_26": "BDP", "Lks_km_26": 14.31, "F_STA_26": "300", "Cadin_26": null, "Pjg_Jbt_26": 35.0, "Btg_Pjg_26": 35.0, "Jml_Btg_26": "1", "Lb_Jl_Ms26": 6.05, "Lb_Jl_Kl26": 6.05, "Lb_Lalin26": 7.0, "Lb_Bh_Ki26": 0.0, "Lb_Bh_Ka26": 0.0, "Lb_Dr_Ki26": 0.0, "Lb_Dr_Ka26": 0.0, "Lb_Tr_Ki26": 0.0, "Lb_Tr_Ka26": 0.0, "Lb_TS_Ki26": 0.0, "Lb_TS_Ka26": 0.0, "Lb_Med_26": 0.0, "Lbr_Jbt_26": 7.0, "Bgn_Ats_26": "GBP", "Jns_Jbt_26": "STANDAR", "Thn_Bgn_26": "2012", "BA_26": "2", "LNT_26": "2", "BB_26": "1", "DAS_26": "1", "OP_26": "1", "UT_26": "0", "GR_26": "0", "LB_26": "0", "JBT_26": "2", "Tp_Lnts_26": "SUNGAI", "Dt_Lnts_26": "LURUS", "Pnangnn_26": "RUTIN", "Pmriksn_26": "TIDAK DI SURVEI", "Pnglola_26": "BPJN PAPUA TENGAH", "Satkr_ID26": "693945", "PPK_Name26": "PPK 1.1", "Traffic_26": null, "VCR_26": "0.1231", "AADT_26": "4467", "Tipe_Jb_26": null, "Lat_26": -3.5191, "Long_26": 135.92419, "Tgl_Ins_26": "20\/04\/2024", "Ket_26": null }, "geometry": { "type": "Point", "coordinates": [ 135.924193999753356, -3.519098000372367 ] } },
{ "type": "Feature", "properties": { "PROVINSI": "PAPUA TENGAH (NABIRE)", "No_Prov_26": "62", "ID_Jbt_26": "6200974", "Kd_Ruas_26": "62016", "Suffix_26": null, "Nm_Ruas_26": "BEDUDIPA - BTS. KOTA NABIRE", "Lintas_26": "NON LINTAS", "No_Jbt_26": "62.016.069.0", "Nm_Jbt_26": "HERO", "Status_26": "N", "Fungsi_26": "A", "Lks_Dr_26": "NBR", "Lks_km_26": 46.172, "F_STA_26": "0", "Cadin_26": null, "Pjg_Jbt_26": 6.0, "Btg_Pjg_26": 6.0, "Jml_Btg_26": "1", "Lb_Jl_Ms26": 5.6, "Lb_Jl_Kl26": 5.6, "Lb_Lalin26": 5.83, "Lb_Bh_Ki26": 0.3, "Lb_Bh_Ka26": 0.85, "Lb_Dr_Ki26": 0.0, "Lb_Dr_Ka26": 0.0, "Lb_Tr_Ki26": 1.0, "Lb_Tr_Ka26": 1.0, "Lb_TS_Ki26": 0.0, "Lb_TS_Ka26": 0.0, "Lb_Med_26": 0.0, "Lbr_Jbt_26": 8.98, "Bgn_Ats_26": "PTP", "Jns_Jbt_26": "STANDAR", "Thn_Bgn_26": "1999", "BA_26": "2", "LNT_26": "0", "BB_26": "2", "DAS_26": "1", "OP_26": "2", "UT_26": "0", "GR_26": "0", "LB_26": "0", "JBT_26": "2", "Tp_Lnts_26": "SUNGAI", "Dt_Lnts_26": "LURUS", "Pnangnn_26": "RUTIN", "Pmriksn_26": "TIDAK DI SURVEI", "Pnglola_26": "BPJN PAPUA TENGAH", "Satkr_ID26": "693945", "PPK_Name26": "PPK 1.1", "Traffic_26": null, "VCR_26": "0.0287", "AADT_26": "243", "Tipe_Jb_26": null, "Lat_26": -3.49922, "Long_26": 135.72319, "Tgl_Ins_26": "21\/04\/2024", "Ket_26": null }, "geometry": { "type": "Point", "coordinates": [ 135.723189999718784, -3.499219000056769 ] } },
{ "type": "Feature", "properties": { "PROVINSI": "PAPUA TENGAH (NABIRE)", "No_Prov_26": "62", "ID_Jbt_26": "6201523", "Kd_Ruas_26": "62052", "Suffix_26": null, "Nm_Ruas_26": "MAYON - SIMPANG KAPIRAYA", "Lintas_26": "NON LINTAS", "No_Jbt_26": "62.052.055.0", "Nm_Jbt_26": "HETAR", "Status_26": "N", "Fungsi_26": "A", "Lks_Dr_26": "TMK", "Lks_km_26": 71.076, "F_STA_26": "910", "Cadin_26": null, "Pjg_Jbt_26": 20.0, "Btg_Pjg_26": 20.0, "Jml_Btg_26": "1", "Lb_Jl_Ms26": 0.0, "Lb_Jl_Kl26": 0.0, "Lb_Lalin26": 6.88, "Lb_Bh_Ki26": 0.0, "Lb_Bh_Ka26": 0.0, "Lb_Dr_Ki26": 0.06, "Lb_Dr_Ka26": 0.06, "Lb_Tr_Ki26": 0.9, "Lb_Tr_Ka26": 0.9, "Lb_TS_Ki26": 0.2, "Lb_TS_Ka26": 0.2, "Lb_Med_26": 0.0, "Lbr_Jbt_26": 9.2, "Bgn_Ats_26": "GTP", "Jns_Jbt_26": "STANDAR", "Thn_Bgn_26": "2000", "BA_26": "2", "LNT_26": "2", "BB_26": "1", "DAS_26": "1", "OP_26": "1", "UT_26": "0", "GR_26": "0", "LB_26": "0", "JBT_26": "2", "Tp_Lnts_26": "SUNGAI", "Dt_Lnts_26": "LURUS", "Pnangnn_26": "RUTIN", "Pmriksn_26": "TIDAK DI SURVEI", "Pnglola_26": "BPJN PAPUA TENGAH", "Satkr_ID26": "693943", "PPK_Name26": "PPK 3.2", "Traffic_26": null, "VCR_26": "0.0508", "AADT_26": "474", "Tipe_Jb_26": null, "Lat_26": -4.25835, "Long_26": 136.52502, "Tgl_Ins_26": "25\/06\/2025", "Ket_26": null }, "geometry": { "type": "Point", "coordinates": [ 136.525023999957739, -4.258350999698848 ] } },
{ "type": "Feature", "properties": { "PROVINSI": "PAPUA TENGAH (NABIRE)", "No_Prov_26": "62", "ID_Jbt_26": "6201796", "Kd_Ruas_26": "62018", "Suffix_26": null, "Nm_Ruas_26": "WANGGAR - KWATOSPRE (BTS. PROV. PAPUA BARAT)", "Lintas_26": "JALAN LINTAS UTARA", "No_Jbt_26": "62.018.060.0", "Nm_Jbt_26": "IBAMA(JACK IMBIRI)", "Status_26": "N", "Fungsi_26": "A", "Lks_Dr_26": "YAU", "Lks_km_26": 50.025, "F_STA_26": "200", "Cadin_26": null, "Pjg_Jbt_26": 30.5, "Btg_Pjg_26": 30.5, "Jml_Btg_26": "1", "Lb_Jl_Ms26": 7.0, "Lb_Jl_Kl26": 7.0, "Lb_Lalin26": 5.8, "Lb_Bh_Ki26": 0.11, "Lb_Bh_Ka26": 0.13, "Lb_Dr_Ki26": 0.07, "Lb_Dr_Ka26": 0.07, "Lb_Tr_Ki26": 0.46, "Lb_Tr_Ka26": 0.46, "Lb_TS_Ki26": 0.0, "Lb_TS_Ka26": 0.0, "Lb_Med_26": 0.0, "Lbr_Jbt_26": 7.1, "Bgn_Ats_26": "GBP", "Jns_Jbt_26": "STANDAR", "Thn_Bgn_26": "2000", "BA_26": "1", "LNT_26": "1", "BB_26": "1", "DAS_26": "1", "OP_26": "2", "UT_26": "0", "GR_26": "0", "LB_26": "0", "JBT_26": "2", "Tp_Lnts_26": "SUNGAI", "Dt_Lnts_26": "LURUS", "Pnangnn_26": "RUTIN", "Pmriksn_26": "TIDAK DI SURVEI", "Pnglola_26": "BPJN PAPUA TENGAH", "Satkr_ID26": "693945", "PPK_Name26": "PPK 1.2", "Traffic_26": null, "VCR_26": "0.0117", "AADT_26": "211", "Tipe_Jb_26": null, "Lat_26": -3.40599, "Long_26": 135.08806, "Tgl_Ins_26": "03\/06\/2025", "Ket_26": null }, "geometry": { "type": "Point", "coordinates": [ 135.088057999577131, -3.405985000207522 ] } },
{ "type": "Feature", "properties": { "PROVINSI": "PAPUA TENGAH (NABIRE)", "No_Prov_26": "62", "ID_Jbt_26": "6201745", "Kd_Ruas_26": "62014", "Suffix_26": null, "Nm_Ruas_26": "WAGETE - MOANEMANI", "Lintas_26": "JALAN LINTAS TENGAH", "No_Jbt_26": "62.014.030.0", "Nm_Jbt_26": "IDAKEBO", "Status_26": "N", "Fungsi_26": "A", "Lks_Dr_26": "WMN", "Lks_km_26": 33.445, "F_STA_26": "850", "Cadin_26": null, "Pjg_Jbt_26": 31.0, "Btg_Pjg_26": 31.0, "Jml_Btg_26": "1", "Lb_Jl_Ms26": 0.0, "Lb_Jl_Kl26": 0.0, "Lb_Lalin26": 7.0, "Lb_Bh_Ki26": 0.0, "Lb_Bh_Ka26": 0.0, "Lb_Dr_Ki26": 0.0, "Lb_Dr_Ka26": 0.0, "Lb_Tr_Ki26": 0.0, "Lb_Tr_Ka26": 0.0, "Lb_TS_Ki26": 0.0, "Lb_TS_Ka26": 0.0, "Lb_Med_26": 0.0, "Lbr_Jbt_26": 7.0, "Bgn_Ats_26": "GBP", "Jns_Jbt_26": "STANDAR", "Thn_Bgn_26": "2013", "BA_26": "2", "LNT_26": "2", "BB_26": "1", "DAS_26": "1", "OP_26": "2", "UT_26": "0", "GR_26": "0", "LB_26": "0", "JBT_26": "2", "Tp_Lnts_26": "SUNGAI", "Dt_Lnts_26": "LURUS", "Pnangnn_26": "RUTIN", "Pmriksn_26": "TIDAK DI SURVEI", "Pnglola_26": "BPJN PAPUA TENGAH", "Satkr_ID26": "693946", "PPK_Name26": "PPK 2.2", "Traffic_26": null, "VCR_26": "0.0301", "AADT_26": "132", "Tipe_Jb_26": null, "Lat_26": -3.98357, "Long_26": 136.1126, "Tgl_Ins_26": "25\/04\/2024", "Ket_26": null }, "geometry": { "type": "Point", "coordinates": [ 136.112594999559633, -3.983572999694161 ] } },
{ "type": "Feature", "properties": { "PROVINSI": "PAPUA TENGAH (NABIRE)", "No_Prov_26": "62", "ID_Jbt_26": "6200669", "Kd_Ruas_26": "62050", "Suffix_26": null, "Nm_Ruas_26": "KARUBAGA - ILU - MULIA", "Lintas_26": "NON LINTAS", "No_Jbt_26": "62.050.012.0", "Nm_Jbt_26": "ILU 1", "Status_26": "N", "Fungsi_26": "A", "Lks_Dr_26": "WMN", "Lks_km_26": 151.7, "F_STA_26": "0", "Cadin_26": null, "Pjg_Jbt_26": 8.0, "Btg_Pjg_26": 8.0, "Jml_Btg_26": "1", "Lb_Jl_Ms26": 0.0, "Lb_Jl_Kl26": 0.0, "Lb_Lalin26": 3.0, "Lb_Bh_Ki26": 0.0, "Lb_Bh_Ka26": 0.0, "Lb_Dr_Ki26": 0.0, "Lb_Dr_Ka26": 0.0, "Lb_Tr_Ki26": 0.0, "Lb_Tr_Ka26": 0.0, "Lb_TS_Ki26": 0.0, "Lb_TS_Ka26": 0.0, "Lb_Med_26": 0.0, "Lbr_Jbt_26": 3.0, "Bgn_Ats_26": "GTP", "Jns_Jbt_26": "STANDAR", "Thn_Bgn_26": "1972", "BA_26": "2", "LNT_26": "2", "BB_26": "1", "DAS_26": "2", "OP_26": "0", "UT_26": "0", "GR_26": "0", "LB_26": "0", "JBT_26": "2", "Tp_Lnts_26": "SUNGAI", "Dt_Lnts_26": "LURUS", "Pnangnn_26": "RUTIN", "Pmriksn_26": "TIDAK DI SURVEI", "Pnglola_26": "BPJN PAPUA TENGAH", "Satkr_ID26": "693948", "PPK_Name26": "PPK 4.1", "Traffic_26": null, "VCR_26": "0.0157", "AADT_26": "0", "Tipe_Jb_26": null, "Lat_26": -3.70327, "Long_26": 138.20222, "Tgl_Ins_26": "06\/06\/2024", "Ket_26": null }, "geometry": { "type": "Point", "coordinates": [ 138.202218999807087, -3.703273999595353 ] } },
{ "type": "Feature", "properties": { "PROVINSI": "PAPUA TENGAH (NABIRE)", "No_Prov_26": "62", "ID_Jbt_26": "6200671", "Kd_Ruas_26": "62050", "Suffix_26": null, "Nm_Ruas_26": "KARUBAGA - ILU - MULIA", "Lintas_26": "NON LINTAS", "No_Jbt_26": "62.050.014.0", "Nm_Jbt_26": "ILU 2 (PURU)", "Status_26": "N", "Fungsi_26": "A", "Lks_Dr_26": "WMN", "Lks_km_26": 155.4, "F_STA_26": "30", "Cadin_26": null, "Pjg_Jbt_26": 15.0, "Btg_Pjg_26": 3.0, "Jml_Btg_26": "2", "Lb_Jl_Ms26": 0.0, "Lb_Jl_Kl26": 0.0, "Lb_Lalin26": 4.0, "Lb_Bh_Ki26": 0.0, "Lb_Bh_Ka26": 0.0, "Lb_Dr_Ki26": 0.0, "Lb_Dr_Ka26": 0.0, "Lb_Tr_Ki26": 0.0, "Lb_Tr_Ka26": 0.0, "Lb_TS_Ki26": 0.0, "Lb_TS_Ka26": 0.0, "Lb_Med_26": 0.0, "Lbr_Jbt_26": 4.0, "Bgn_Ats_26": "BTP", "Jns_Jbt_26": "STANDAR", "Thn_Bgn_26": "1974", "BA_26": "1", "LNT_26": "0", "BB_26": "0", "DAS_26": "2", "OP_26": "0", "UT_26": "0", "GR_26": "0", "LB_26": "0", "JBT_26": "2", "Tp_Lnts_26": "SUNGAI", "Dt_Lnts_26": "LURUS", "Pnangnn_26": "RUTIN", "Pmriksn_26": "TIDAK DI SURVEI", "Pnglola_26": "BPJN PAPUA TENGAH", "Satkr_ID26": "693948", "PPK_Name26": "PPK 4.1", "Traffic_26": null, "VCR_26": "0.0157", "AADT_26": "0", "Tipe_Jb_26": null, "Lat_26": -3.70081, "Long_26": 138.2002, "Tgl_Ins_26": "17\/09\/2020", "Ket_26": null }, "geometry": { "type": "Point", "coordinates": [ 138.200198000137675, -3.700807000042971 ] } },
{ "type": "Feature", "properties": { "PROVINSI": "PAPUA TENGAH (NABIRE)", "No_Prov_26": "62", "ID_Jbt_26": "6200673", "Kd_Ruas_26": "62050", "Suffix_26": null, "Nm_Ruas_26": "KARUBAGA - ILU - MULIA", "Lintas_26": "NON LINTAS", "No_Jbt_26": "62.050.016.0", "Nm_Jbt_26": "ILU 4 (HUAGE)", "Status_26": "N", "Fungsi_26": "A", "Lks_Dr_26": "WMN", "Lks_km_26": 159.3, "F_STA_26": "810", "Cadin_26": null, "Pjg_Jbt_26": 15.0, "Btg_Pjg_26": 15.0, "Jml_Btg_26": "1", "Lb_Jl_Ms26": 0.0, "Lb_Jl_Kl26": 0.0, "Lb_Lalin26": 6.5, "Lb_Bh_Ki26": 0.0, "Lb_Bh_Ka26": 0.0, "Lb_Dr_Ki26": 0.0, "Lb_Dr_Ka26": 0.0, "Lb_Tr_Ki26": 0.0, "Lb_Tr_Ka26": 0.0, "Lb_TS_Ki26": 0.0, "Lb_TS_Ka26": 0.0, "Lb_Med_26": 0.0, "Lbr_Jbt_26": 6.5, "Bgn_Ats_26": "WXX", "Jns_Jbt_26": "STANDAR", "Thn_Bgn_26": "0", "BA_26": "0", "LNT_26": "0", "BB_26": "0", "DAS_26": "0", "OP_26": "0", "UT_26": "0", "GR_26": "0", "LB_26": "5", "JBT_26": "5", "Tp_Lnts_26": "SUNGAI", "Dt_Lnts_26": "LURUS", "Pnangnn_26": "PEMBANGUNAN", "Pmriksn_26": "DETAIL", "Pnglola_26": "BPJN PAPUA TENGAH", "Satkr_ID26": "693948", "PPK_Name26": "PPK 4.1", "Traffic_26": null, "VCR_26": "0.0157", "AADT_26": "0", "Tipe_Jb_26": null, "Lat_26": -3.70768, "Long_26": 138.15202, "Tgl_Ins_26": "11\/05\/2026", "Ket_26": null }, "geometry": { "type": "Point", "coordinates": [ 138.152020999769434, -3.707683999716778 ] } },
{ "type": "Feature", "properties": { "PROVINSI": "PAPUA TENGAH (NABIRE)", "No_Prov_26": "62", "ID_Jbt_26": "6200675", "Kd_Ruas_26": "62050", "Suffix_26": null, "Nm_Ruas_26": "KARUBAGA - ILU - MULIA", "Lintas_26": "NON LINTAS", "No_Jbt_26": "62.050.018.0", "Nm_Jbt_26": "ILU 6 (TIGU)", "Status_26": "N", "Fungsi_26": "A", "Lks_Dr_26": "WMN", "Lks_km_26": 162.1, "F_STA_26": "80", "Cadin_26": null, "Pjg_Jbt_26": 10.0, "Btg_Pjg_26": 10.0, "Jml_Btg_26": "1", "Lb_Jl_Ms26": 0.0, "Lb_Jl_Kl26": 0.0, "Lb_Lalin26": 6.0, "Lb_Bh_Ki26": 0.0, "Lb_Bh_Ka26": 0.0, "Lb_Dr_Ki26": 0.0, "Lb_Dr_Ka26": 0.0, "Lb_Tr_Ki26": 0.0, "Lb_Tr_Ka26": 0.0, "Lb_TS_Ki26": 0.0, "Lb_TS_Ka26": 0.0, "Lb_Med_26": 0.0, "Lbr_Jbt_26": 6.0, "Bgn_Ats_26": "WXX", "Jns_Jbt_26": "STANDAR", "Thn_Bgn_26": "0", "BA_26": "0", "LNT_26": "0", "BB_26": "0", "DAS_26": "0", "OP_26": "0", "UT_26": "0", "GR_26": "0", "LB_26": "5", "JBT_26": "5", "Tp_Lnts_26": "SUNGAI", "Dt_Lnts_26": "LURUS", "Pnangnn_26": "PEMBANGUNAN", "Pmriksn_26": "DETAIL", "Pnglola_26": "BPJN PAPUA TENGAH", "Satkr_ID26": "693948", "PPK_Name26": "PPK 4.1", "Traffic_26": null, "VCR_26": "0.0157", "AADT_26": "0", "Tipe_Jb_26": null, "Lat_26": -3.70709, "Long_26": 138.13603, "Tgl_Ins_26": "11\/05\/2026", "Ket_26": null }, "geometry": { "type": "Point", "coordinates": [ 138.136028999738642, -3.707089000157168 ] } },
{ "type": "Feature", "properties": { "PROVINSI": "PAPUA TENGAH (NABIRE)", "No_Prov_26": "62", "ID_Jbt_26": "6200676", "Kd_Ruas_26": "62050", "Suffix_26": null, "Nm_Ruas_26": "KARUBAGA - ILU - MULIA", "Lintas_26": "NON LINTAS", "No_Jbt_26": "62.050.019.0", "Nm_Jbt_26": "ILU 7 (OENEGE)", "Status_26": "N", "Fungsi_26": "A", "Lks_Dr_26": "WMN", "Lks_km_26": 163.0, "F_STA_26": "270", "Cadin_26": null, "Pjg_Jbt_26": 10.0, "Btg_Pjg_26": 10.0, "Jml_Btg_26": "1", "Lb_Jl_Ms26": 0.0, "Lb_Jl_Kl26": 0.0, "Lb_Lalin26": 5.8, "Lb_Bh_Ki26": 0.0, "Lb_Bh_Ka26": 0.0, "Lb_Dr_Ki26": 0.0, "Lb_Dr_Ka26": 0.0, "Lb_Tr_Ki26": 0.0, "Lb_Tr_Ka26": 0.0, "Lb_TS_Ki26": 0.0, "Lb_TS_Ka26": 0.0, "Lb_Med_26": 0.0, "Lbr_Jbt_26": 5.8, "Bgn_Ats_26": "WXX", "Jns_Jbt_26": "STANDAR", "Thn_Bgn_26": "0", "BA_26": "0", "LNT_26": "0", "BB_26": "0", "DAS_26": "0", "OP_26": "0", "UT_26": "0", "GR_26": "0", "LB_26": "5", "JBT_26": "5", "Tp_Lnts_26": "SUNGAI", "Dt_Lnts_26": "BRAIDED", "Pnangnn_26": "PEMBANGUNAN", "Pmriksn_26": "DETAIL", "Pnglola_26": "BPJN PAPUA TENGAH", "Satkr_ID26": "693948", "PPK_Name26": "PPK 4.1", "Traffic_26": null, "VCR_26": "0.0157", "AADT_26": "0", "Tipe_Jb_26": null, "Lat_26": -3.70645, "Long_26": 138.12785, "Tgl_Ins_26": "11\/05\/2026", "Ket_26": null }, "geometry": { "type": "Point", "coordinates": [ 138.127846000092859, -3.70645000036717 ] } },
{ "type": "Feature", "properties": { "PROVINSI": "PAPUA TENGAH (NABIRE)", "No_Prov_26": "62", "ID_Jbt_26": "6200700", "Kd_Ruas_26": "62051", "Suffix_26": null, "Nm_Ruas_26": "SIMPANG PELRA - MAYON", "Lintas_26": "NON LINTAS", "No_Jbt_26": "62.051.031.0", "Nm_Jbt_26": "IMRE PIGA", "Status_26": "N", "Fungsi_26": "A", "Lks_Dr_26": "TMK", "Lks_km_26": 40.133, "F_STA_26": "360", "Cadin_26": null, "Pjg_Jbt_26": 20.3, "Btg_Pjg_26": 20.3, "Jml_Btg_26": "1", "Lb_Jl_Ms26": 0.0, "Lb_Jl_Kl26": 0.0, "Lb_Lalin26": 6.7, "Lb_Bh_Ki26": 0.0, "Lb_Bh_Ka26": 0.0, "Lb_Dr_Ki26": 0.1, "Lb_Dr_Ka26": 0.1, "Lb_Tr_Ki26": 1.3, "Lb_Tr_Ka26": 1.2, "Lb_TS_Ki26": 0.0, "Lb_TS_Ka26": 0.0, "Lb_Med_26": 0.0, "Lbr_Jbt_26": 9.4, "Bgn_Ats_26": "GTP", "Jns_Jbt_26": "STANDAR", "Thn_Bgn_26": "2011", "BA_26": "1", "LNT_26": "0", "BB_26": "1", "DAS_26": "2", "OP_26": "0", "UT_26": "0", "GR_26": "0", "LB_26": "0", "JBT_26": "2", "Tp_Lnts_26": "SUNGAI", "Dt_Lnts_26": "LURUS", "Pnangnn_26": "RUTIN", "Pmriksn_26": "TIDAK DI SURVEI", "Pnglola_26": "BPJN PAPUA TENGAH", "Satkr_ID26": "693943", "PPK_Name26": "PPK 3.1", "Traffic_26": null, "VCR_26": "0.0024", "AADT_26": "0", "Tipe_Jb_26": null, "Lat_26": -4.48363, "Long_26": 136.79588, "Tgl_Ins_26": "16\/09\/2020", "Ket_26": null }, "geometry": { "type": "Point", "coordinates": [ 136.795883000000458, -4.483626000239667 ] } },
{ "type": "Feature", "properties": { "PROVINSI": "PAPUA TENGAH (NABIRE)", "No_Prov_26": "62", "ID_Jbt_26": "6202233", "Kd_Ruas_26": "620442", "Suffix_26": "2", "Nm_Ruas_26": "KIMIBAY - LEGARE", "Lintas_26": "NON LINTAS", "No_Jbt_26": "62.044.141.0.2", "Nm_Jbt_26": "INGIN JAYA", "Status_26": "N", "Fungsi_26": "K", "Lks_Dr_26": "KMB", "Lks_km_26": 45.613, "F_STA_26": "100", "Cadin_26": null, "Pjg_Jbt_26": 6.0, "Btg_Pjg_26": 6.0, "Jml_Btg_26": "1", "Lb_Jl_Ms26": 6.0, "Lb_Jl_Kl26": 6.0, "Lb_Lalin26": 4.07, "Lb_Bh_Ki26": 0.0, "Lb_Bh_Ka26": 0.0, "Lb_Dr_Ki26": 0.0, "Lb_Dr_Ka26": 0.0, "Lb_Tr_Ki26": 0.0, "Lb_Tr_Ka26": 0.0, "Lb_TS_Ki26": 0.0, "Lb_TS_Ka26": 0.0, "Lb_Med_26": 0.0, "Lbr_Jbt_26": 4.67, "Bgn_Ats_26": "PTP", "Jns_Jbt_26": "STANDAR", "Thn_Bgn_26": "2011", "BA_26": "1", "LNT_26": "0", "BB_26": "1", "DAS_26": "1", "OP_26": "2", "UT_26": "0", "GR_26": "0", "LB_26": "0", "JBT_26": "2", "Tp_Lnts_26": "SUNGAI", "Dt_Lnts_26": "LURUS", "Pnangnn_26": "RUTIN", "Pmriksn_26": "TIDAK DI SURVEI", "Pnglola_26": "BPJN PAPUA TENGAH", "Satkr_ID26": "693945", "PPK_Name26": "PPK 1.3", "Traffic_26": null, "VCR_26": "0.0511", "AADT_26": "0", "Tipe_Jb_26": null, "Lat_26": -3.20781, "Long_26": 135.82694, "Tgl_Ins_26": "03\/03\/2024", "Ket_26": null }, "geometry": { "type": "Point", "coordinates": [ 135.826934999550645, -3.207806000046844 ] } },
{ "type": "Feature", "properties": { "PROVINSI": "PAPUA TENGAH (NABIRE)", "No_Prov_26": "62", "ID_Jbt_26": "6200805", "Kd_Ruas_26": "62052", "Suffix_26": null, "Nm_Ruas_26": "MAYON - SIMPANG KAPIRAYA", "Lintas_26": "NON LINTAS", "No_Jbt_26": "62.052.033.0", "Nm_Jbt_26": "IQPAN", "Status_26": "N", "Fungsi_26": "A", "Lks_Dr_26": "TMK", "Lks_km_26": 38.987, "F_STA_26": "790", "Cadin_26": null, "Pjg_Jbt_26": 220.0, "Btg_Pjg_26": 60.0, "Jml_Btg_26": "5", "Lb_Jl_Ms26": 0.0, "Lb_Jl_Kl26": 0.0, "Lb_Lalin26": 6.5, "Lb_Bh_Ki26": 0.2, "Lb_Bh_Ka26": 0.2, "Lb_Dr_Ki26": 0.1, "Lb_Dr_Ka26": 0.1, "Lb_Tr_Ki26": 0.95, "Lb_Tr_Ka26": 0.95, "Lb_TS_Ki26": 0.2, "Lb_TS_Ka26": 0.2, "Lb_Med_26": 0.0, "Lbr_Jbt_26": 9.4, "Bgn_Ats_26": "RBP", "Jns_Jbt_26": "STANDAR", "Thn_Bgn_26": "2013", "BA_26": "2", "LNT_26": "2", "BB_26": "2", "DAS_26": "3", "OP_26": "0", "UT_26": "0", "GR_26": "0", "LB_26": "0", "JBT_26": "3", "Tp_Lnts_26": "SUNGAI", "Dt_Lnts_26": "BRAIDED", "Pnangnn_26": "RUTIN", "Pmriksn_26": "DETAIL", "Pnglola_26": "BPJN PAPUA TENGAH", "Satkr_ID26": "693943", "PPK_Name26": "PPK 3.2", "Traffic_26": null, "VCR_26": "0.0508", "AADT_26": "474", "Tipe_Jb_26": null, "Lat_26": -4.33393, "Long_26": 136.70422, "Tgl_Ins_26": "02\/05\/2026", "Ket_26": null }, "geometry": { "type": "Point", "coordinates": [ 136.704223999937767, -4.333933000307695 ] } },
{ "type": "Feature", "properties": { "PROVINSI": "PAPUA TENGAH (NABIRE)", "No_Prov_26": "62", "ID_Jbt_26": "6202212", "Kd_Ruas_26": "620442", "Suffix_26": "2", "Nm_Ruas_26": "KIMIBAY - LEGARE", "Lintas_26": "NON LINTAS", "No_Jbt_26": "62.044.113.0.2", "Nm_Jbt_26": "IRIGASI BUANG", "Status_26": "N", "Fungsi_26": "K", "Lks_Dr_26": "KMB", "Lks_km_26": 38.478, "F_STA_26": "100", "Cadin_26": null, "Pjg_Jbt_26": 7.0, "Btg_Pjg_26": 3.0, "Jml_Btg_26": "2", "Lb_Jl_Ms26": 6.0, "Lb_Jl_Kl26": 6.0, "Lb_Lalin26": 6.0, "Lb_Bh_Ki26": 1.0, "Lb_Bh_Ka26": 1.09, "Lb_Dr_Ki26": 0.0, "Lb_Dr_Ka26": 0.0, "Lb_Tr_Ki26": 0.0, "Lb_Tr_Ka26": 0.0, "Lb_TS_Ki26": 0.0, "Lb_TS_Ka26": 0.0, "Lb_Med_26": 0.0, "Lbr_Jbt_26": 8.09, "Bgn_Ats_26": "BTP", "Jns_Jbt_26": "STANDAR", "Thn_Bgn_26": "2008", "BA_26": "0", "LNT_26": "0", "BB_26": "0", "DAS_26": "1", "OP_26": "0", "UT_26": "0", "GR_26": "0", "LB_26": "0", "JBT_26": "1", "Tp_Lnts_26": "SUNGAI", "Dt_Lnts_26": "LURUS", "Pnangnn_26": "RUTIN", "Pmriksn_26": "TIDAK DI SURVEI", "Pnglola_26": "BPJN PAPUA TENGAH", "Satkr_ID26": "693945", "PPK_Name26": "PPK 1.3", "Traffic_26": null, "VCR_26": "0.0511", "AADT_26": "0", "Tipe_Jb_26": null, "Lat_26": -3.18383, "Long_26": 135.79338, "Tgl_Ins_26": "25\/05\/2021", "Ket_26": null }, "geometry": { "type": "Point", "coordinates": [ 135.79338099993322, -3.183829999654733 ] } },
{ "type": "Feature", "properties": { "PROVINSI": "PAPUA TENGAH (NABIRE)", "No_Prov_26": "62", "ID_Jbt_26": "6201527", "Kd_Ruas_26": "62052", "Suffix_26": null, "Nm_Ruas_26": "MAYON - SIMPANG KAPIRAYA", "Lintas_26": "NON LINTAS", "No_Jbt_26": "62.052.059.0", "Nm_Jbt_26": "K. KABUR", "Status_26": "N", "Fungsi_26": "A", "Lks_Dr_26": "TMK", "Lks_km_26": 74.237, "F_STA_26": "200", "Cadin_26": null, "Pjg_Jbt_26": 120.0, "Btg_Pjg_26": 60.0, "Jml_Btg_26": "2", "Lb_Jl_Ms26": 0.0, "Lb_Jl_Kl26": 0.0, "Lb_Lalin26": 6.9, "Lb_Bh_Ki26": 0.0, "Lb_Bh_Ka26": 0.0, "Lb_Dr_Ki26": 0.05, "Lb_Dr_Ka26": 0.05, "Lb_Tr_Ki26": 1.0, "Lb_Tr_Ka26": 1.0, "Lb_TS_Ki26": 0.0, "Lb_TS_Ka26": 0.0, "Lb_Med_26": 0.0, "Lbr_Jbt_26": 9.0, "Bgn_Ats_26": "RBP", "Jns_Jbt_26": "STANDAR", "Thn_Bgn_26": "1995", "BA_26": "2", "LNT_26": "2", "BB_26": "2", "DAS_26": "3", "OP_26": "0", "UT_26": "0", "GR_26": "0", "LB_26": "0", "JBT_26": "3", "Tp_Lnts_26": "SUNGAI", "Dt_Lnts_26": "BRAIDED", "Pnangnn_26": "RUTIN", "Pmriksn_26": "DETAIL", "Pnglola_26": "BPJN PAPUA TENGAH", "Satkr_ID26": "693943", "PPK_Name26": "PPK 3.2", "Traffic_26": null, "VCR_26": "0.0508", "AADT_26": "474", "Tipe_Jb_26": null, "Lat_26": -4.24447, "Long_26": 136.50798, "Tgl_Ins_26": "05\/05\/2026", "Ket_26": null }, "geometry": { "type": "Point", "coordinates": [ 136.507975265981202, -4.244472213833068 ] } },
{ "type": "Feature", "properties": { "PROVINSI": "PAPUA TENGAH (NABIRE)", "No_Prov_26": "62", "ID_Jbt_26": "6201196", "Kd_Ruas_26": "62017", "Suffix_26": null, "Nm_Ruas_26": "BTS. KOTA NABIRE - WANGGAR", "Lintas_26": "NON LINTAS", "No_Jbt_26": "62.017.040.0", "Nm_Jbt_26": "KALADIRI (TENGKORAK)", "Status_26": "N", "Fungsi_26": "A", "Lks_Dr_26": "NBR", "Lks_km_26": 23.008, "F_STA_26": "0", "Cadin_26": null, "Pjg_Jbt_26": 6.0, "Btg_Pjg_26": 6.0, "Jml_Btg_26": "1", "Lb_Jl_Ms26": 6.0, "Lb_Jl_Kl26": 6.0, "Lb_Lalin26": 5.39, "Lb_Bh_Ki26": 1.77, "Lb_Bh_Ka26": 0.83, "Lb_Dr_Ki26": 0.0, "Lb_Dr_Ka26": 0.0, "Lb_Tr_Ki26": 0.68, "Lb_Tr_Ka26": 1.03, "Lb_TS_Ki26": 0.0, "Lb_TS_Ka26": 0.0, "Lb_Med_26": 0.0, "Lbr_Jbt_26": 9.7, "Bgn_Ats_26": "PTP", "Jns_Jbt_26": "STANDAR", "Thn_Bgn_26": "1999", "BA_26": "2", "LNT_26": "2", "BB_26": "1", "DAS_26": "1", "OP_26": "1", "UT_26": "0", "GR_26": "0", "LB_26": "0", "JBT_26": "2", "Tp_Lnts_26": "SUNGAI", "Dt_Lnts_26": "LURUS", "Pnangnn_26": "RUTIN", "Pmriksn_26": "TIDAK DI SURVEI", "Pnglola_26": "BPJN PAPUA TENGAH", "Satkr_ID26": "693945", "PPK_Name26": "PPK 1.2", "Traffic_26": null, "VCR_26": "0.0522", "AADT_26": "3203", "Tipe_Jb_26": null, "Lat_26": -3.4249, "Long_26": 135.38234, "Tgl_Ins_26": "20\/03\/2024", "Ket_26": null }, "geometry": { "type": "Point", "coordinates": [ 135.382338999645185, -3.424900000134869 ] } },
{ "type": "Feature", "properties": { "PROVINSI": "PAPUA TENGAH (NABIRE)", "No_Prov_26": "62", "ID_Jbt_26": "6201197", "Kd_Ruas_26": "62017", "Suffix_26": null, "Nm_Ruas_26": "BTS. KOTA NABIRE - WANGGAR", "Lintas_26": "NON LINTAS", "No_Jbt_26": "62.017.039.0", "Nm_Jbt_26": "KALADIRI 1", "Status_26": "N", "Fungsi_26": "A", "Lks_Dr_26": "NBR", "Lks_km_26": 21.749, "F_STA_26": "200", "Cadin_26": null, "Pjg_Jbt_26": 17.0, "Btg_Pjg_26": 17.0, "Jml_Btg_26": "1", "Lb_Jl_Ms26": 6.0, "Lb_Jl_Kl26": 6.0, "Lb_Lalin26": 5.0, "Lb_Bh_Ki26": 0.2, "Lb_Bh_Ka26": 0.34, "Lb_Dr_Ki26": 0.0, "Lb_Dr_Ka26": 0.0, "Lb_Tr_Ki26": 1.2, "Lb_Tr_Ka26": 1.14, "Lb_TS_Ki26": 0.0, "Lb_TS_Ka26": 0.0, "Lb_Med_26": 0.0, "Lbr_Jbt_26": 7.88, "Bgn_Ats_26": "GTP", "Jns_Jbt_26": "STANDAR", "Thn_Bgn_26": "2010", "BA_26": "1", "LNT_26": "1", "BB_26": "2", "DAS_26": "0", "OP_26": "2", "UT_26": "0", "GR_26": "0", "LB_26": "0", "JBT_26": "2", "Tp_Lnts_26": "SUNGAI", "Dt_Lnts_26": "LURUS", "Pnangnn_26": "RUTIN", "Pmriksn_26": "TIDAK DI SURVEI", "Pnglola_26": "BPJN PAPUA TENGAH", "Satkr_ID26": "693945", "PPK_Name26": "PPK 1.2", "Traffic_26": null, "VCR_26": "0.0522", "AADT_26": "3203", "Tipe_Jb_26": null, "Lat_26": -3.42247, "Long_26": 135.37248, "Tgl_Ins_26": "20\/03\/2024", "Ket_26": null }, "geometry": { "type": "Point", "coordinates": [ 135.372482000144259, -3.422471999683012 ] } },
{ "type": "Feature", "properties": { "PROVINSI": "PAPUA TENGAH (NABIRE)", "No_Prov_26": "62", "ID_Jbt_26": "6201199", "Kd_Ruas_26": "62017", "Suffix_26": null, "Nm_Ruas_26": "BTS. KOTA NABIRE - WANGGAR", "Lintas_26": "NON LINTAS", "No_Jbt_26": "62.017.038.0", "Nm_Jbt_26": "KALADIRI 2", "Status_26": "N", "Fungsi_26": "A", "Lks_Dr_26": "NBR", "Lks_km_26": 20.385, "F_STA_26": "500", "Cadin_26": null, "Pjg_Jbt_26": 15.0, "Btg_Pjg_26": 15.0, "Jml_Btg_26": "1", "Lb_Jl_Ms26": 6.0, "Lb_Jl_Kl26": 6.0, "Lb_Lalin26": 5.65, "Lb_Bh_Ki26": 0.29, "Lb_Bh_Ka26": 0.29, "Lb_Dr_Ki26": 0.0, "Lb_Dr_Ka26": 0.0, "Lb_Tr_Ki26": 1.0, "Lb_Tr_Ka26": 1.0, "Lb_TS_Ki26": 0.0, "Lb_TS_Ka26": 0.0, "Lb_Med_26": 0.0, "Lbr_Jbt_26": 8.23, "Bgn_Ats_26": "GTP", "Jns_Jbt_26": "STANDAR", "Thn_Bgn_26": "2011", "BA_26": "2", "LNT_26": "2", "BB_26": "0", "DAS_26": "1", "OP_26": "2", "UT_26": "0", "GR_26": "0", "LB_26": "0", "JBT_26": "2", "Tp_Lnts_26": "SUNGAI", "Dt_Lnts_26": "LURUS", "Pnangnn_26": "RUTIN", "Pmriksn_26": "TIDAK DI SURVEI", "Pnglola_26": "BPJN PAPUA TENGAH", "Satkr_ID26": "693945", "PPK_Name26": "PPK 1.2", "Traffic_26": null, "VCR_26": "0.0522", "AADT_26": "3203", "Tipe_Jb_26": null, "Lat_26": -3.42462, "Long_26": 135.36119, "Tgl_Ins_26": "20\/03\/2024", "Ket_26": null }, "geometry": { "type": "Point", "coordinates": [ 135.361191000164581, -3.424616999674754 ] } },
{ "type": "Feature", "properties": { "PROVINSI": "PAPUA TENGAH (NABIRE)", "No_Prov_26": "62", "ID_Jbt_26": "6201198", "Kd_Ruas_26": "62017", "Suffix_26": null, "Nm_Ruas_26": "BTS. KOTA NABIRE - WANGGAR", "Lintas_26": "NON LINTAS", "No_Jbt_26": "62.017.037.0", "Nm_Jbt_26": "KALADIRI 3", "Status_26": "N", "Fungsi_26": "A", "Lks_Dr_26": "NBR", "Lks_km_26": 20.11, "F_STA_26": "500", "Cadin_26": null, "Pjg_Jbt_26": 6.0, "Btg_Pjg_26": 6.0, "Jml_Btg_26": "1", "Lb_Jl_Ms26": 6.0, "Lb_Jl_Kl26": 6.0, "Lb_Lalin26": 5.57, "Lb_Bh_Ki26": 0.84, "Lb_Bh_Ka26": 0.56, "Lb_Dr_Ki26": 0.0, "Lb_Dr_Ka26": 0.0, "Lb_Tr_Ki26": 0.97, "Lb_Tr_Ka26": 1.11, "Lb_TS_Ki26": 0.0, "Lb_TS_Ka26": 0.0, "Lb_Med_26": 0.0, "Lbr_Jbt_26": 9.05, "Bgn_Ats_26": "PTP", "Jns_Jbt_26": "STANDAR", "Thn_Bgn_26": "1999", "BA_26": "1", "LNT_26": "1", "BB_26": "2", "DAS_26": "1", "OP_26": "0", "UT_26": "0", "GR_26": "0", "LB_26": "0", "JBT_26": "2", "Tp_Lnts_26": "SUNGAI", "Dt_Lnts_26": "LURUS", "Pnangnn_26": "RUTIN", "Pmriksn_26": "TIDAK DI SURVEI", "Pnglola_26": "BPJN PAPUA TENGAH", "Satkr_ID26": "693945", "PPK_Name26": "PPK 1.2", "Traffic_26": null, "VCR_26": "0.0522", "AADT_26": "3203", "Tipe_Jb_26": null, "Lat_26": -3.42332, "Long_26": 135.37062, "Tgl_Ins_26": "20\/03\/2024", "Ket_26": null }, "geometry": { "type": "Point", "coordinates": [ 135.370620999759353, -3.42332100016398 ] } },
{ "type": "Feature", "properties": { "PROVINSI": "PAPUA TENGAH (NABIRE)", "No_Prov_26": "62", "ID_Jbt_26": "6201200", "Kd_Ruas_26": "62017", "Suffix_26": null, "Nm_Ruas_26": "BTS. KOTA NABIRE - WANGGAR", "Lintas_26": "NON LINTAS", "No_Jbt_26": "62.017.033.0", "Nm_Jbt_26": "KALADIRI 4", "Status_26": "N", "Fungsi_26": "A", "Lks_Dr_26": "NBR", "Lks_km_26": 18.861, "F_STA_26": "700", "Cadin_26": null, "Pjg_Jbt_26": 6.0, "Btg_Pjg_26": 6.0, "Jml_Btg_26": "1", "Lb_Jl_Ms26": 6.0, "Lb_Jl_Kl26": 6.0, "Lb_Lalin26": 5.56, "Lb_Bh_Ki26": 0.93, "Lb_Bh_Ka26": 0.6, "Lb_Dr_Ki26": 0.06, "Lb_Dr_Ka26": 0.0, "Lb_Tr_Ki26": 0.92, "Lb_Tr_Ka26": 1.0, "Lb_TS_Ki26": 0.0, "Lb_TS_Ka26": 0.0, "Lb_Med_26": 0.0, "Lbr_Jbt_26": 9.07, "Bgn_Ats_26": "PTP", "Jns_Jbt_26": "STANDAR", "Thn_Bgn_26": "2010", "BA_26": "2", "LNT_26": "2", "BB_26": "2", "DAS_26": "2", "OP_26": "2", "UT_26": "0", "GR_26": "0", "LB_26": "0", "JBT_26": "2", "Tp_Lnts_26": "SUNGAI", "Dt_Lnts_26": "LURUS", "Pnangnn_26": "REHABILITASI", "Pmriksn_26": "DETAIL", "Pnglola_26": "BPJN PAPUA TENGAH", "Satkr_ID26": "693945", "PPK_Name26": "PPK 1.2", "Traffic_26": null, "VCR_26": "0.0522", "AADT_26": "3203", "Tipe_Jb_26": null, "Lat_26": -3.42217, "Long_26": 135.34161, "Tgl_Ins_26": "30\/04\/2026", "Ket_26": null }, "geometry": { "type": "Point", "coordinates": [ 135.341614000285972, -3.422167000006993 ] } },
{ "type": "Feature", "properties": { "PROVINSI": "PAPUA TENGAH (NABIRE)", "No_Prov_26": "62", "ID_Jbt_26": "6200705", "Kd_Ruas_26": "62052", "Suffix_26": null, "Nm_Ruas_26": "MAYON - SIMPANG KAPIRAYA", "Lintas_26": "NON LINTAS", "No_Jbt_26": "62.052.011.0", "Nm_Jbt_26": "KALI KOPI", "Status_26": "N", "Fungsi_26": "A", "Lks_Dr_26": "TMK", "Lks_km_26": 6.132, "F_STA_26": "570", "Cadin_26": null, "Pjg_Jbt_26": 180.0, "Btg_Pjg_26": 60.0, "Jml_Btg_26": "3", "Lb_Jl_Ms26": 0.0, "Lb_Jl_Kl26": 0.0, "Lb_Lalin26": 5.6, "Lb_Bh_Ki26": 0.15, "Lb_Bh_Ka26": 0.15, "Lb_Dr_Ki26": 0.05, "Lb_Dr_Ka26": 0.05, "Lb_Tr_Ki26": 0.45, "Lb_Tr_Ka26": 0.45, "Lb_TS_Ki26": 0.0, "Lb_TS_Ka26": 0.0, "Lb_Med_26": 0.0, "Lbr_Jbt_26": 6.9, "Bgn_Ats_26": "RBP", "Jns_Jbt_26": "STANDAR", "Thn_Bgn_26": "2010", "BA_26": "3", "LNT_26": "2", "BB_26": "2", "DAS_26": "3", "OP_26": "0", "UT_26": "0", "GR_26": "0", "LB_26": "0", "JBT_26": "3", "Tp_Lnts_26": "SUNGAI", "Dt_Lnts_26": "BRAIDED", "Pnangnn_26": "RUTIN", "Pmriksn_26": "DETAIL", "Pnglola_26": "BPJN PAPUA TENGAH", "Satkr_ID26": "693943", "PPK_Name26": "PPK 3.2", "Traffic_26": null, "VCR_26": "0.0508", "AADT_26": "474", "Tipe_Jb_26": null, "Lat_26": -4.43466, "Long_26": 136.77951, "Tgl_Ins_26": "30\/04\/2026", "Ket_26": null }, "geometry": { "type": "Point", "coordinates": [ 136.779510000386267, -4.434664999689915 ] } },
{ "type": "Feature", "properties": { "PROVINSI": "PAPUA TENGAH (NABIRE)", "No_Prov_26": "62", "ID_Jbt_26": "6201192", "Kd_Ruas_26": "62017", "Suffix_26": null, "Nm_Ruas_26": "BTS. KOTA NABIRE - WANGGAR", "Lintas_26": "NON LINTAS", "No_Jbt_26": "62.017.057.0", "Nm_Jbt_26": "KALI  BUMI", "Status_26": "N", "Fungsi_26": "A", "Lks_Dr_26": "NBR", "Lks_km_26": 28.912, "F_STA_26": "800", "Cadin_26": null, "Pjg_Jbt_26": 110.0, "Btg_Pjg_26": 55.0, "Jml_Btg_26": "2", "Lb_Jl_Ms26": 6.0, "Lb_Jl_Kl26": 6.0, "Lb_Lalin26": 5.19, "Lb_Bh_Ki26": 0.2, "Lb_Bh_Ka26": 0.27, "Lb_Dr_Ki26": 0.07, "Lb_Dr_Ka26": 0.07, "Lb_Tr_Ki26": 0.53, "Lb_Tr_Ka26": 0.54, "Lb_TS_Ki26": 0.0, "Lb_TS_Ka26": 0.0, "Lb_Med_26": 0.0, "Lbr_Jbt_26": 6.87, "Bgn_Ats_26": "RBR", "Jns_Jbt_26": "STANDAR", "Thn_Bgn_26": "2003", "BA_26": "2", "LNT_26": "2", "BB_26": "2", "DAS_26": "3", "OP_26": "0", "UT_26": "0", "GR_26": "0", "LB_26": "0", "JBT_26": "3", "Tp_Lnts_26": "SUNGAI", "Dt_Lnts_26": "BERKELOK", "Pnangnn_26": "RUTIN", "Pmriksn_26": "DETAIL", "Pnglola_26": "BPJN PAPUA TENGAH", "Satkr_ID26": "693945", "PPK_Name26": "PPK 1.2", "Traffic_26": null, "VCR_26": "0.0522", "AADT_26": "3203", "Tipe_Jb_26": null, "Lat_26": -3.44869, "Long_26": 135.41682, "Tgl_Ins_26": "30\/04\/2026", "Ket_26": null }, "geometry": { "type": "Point", "coordinates": [ 135.416823999927715, -3.448685999858981 ] } },
{ "type": "Feature", "properties": { "PROVINSI": "PAPUA TENGAH (NABIRE)", "No_Prov_26": "62", "ID_Jbt_26": "6201193", "Kd_Ruas_26": "62017", "Suffix_26": null, "Nm_Ruas_26": "BTS. KOTA NABIRE - WANGGAR", "Lintas_26": "NON LINTAS", "No_Jbt_26": "62.017.055.0", "Nm_Jbt_26": "KALI  BUMI I", "Status_26": "N", "Fungsi_26": "A", "Lks_Dr_26": "NBR", "Lks_km_26": 27.884, "F_STA_26": "400", "Cadin_26": null, "Pjg_Jbt_26": 6.0, "Btg_Pjg_26": 6.0, "Jml_Btg_26": "1", "Lb_Jl_Ms26": 6.0, "Lb_Jl_Kl26": 6.0, "Lb_Lalin26": 5.14, "Lb_Bh_Ki26": 0.28, "Lb_Bh_Ka26": 0.87, "Lb_Dr_Ki26": 0.0, "Lb_Dr_Ka26": 0.0, "Lb_Tr_Ki26": 0.8, "Lb_Tr_Ka26": 0.84, "Lb_TS_Ki26": 0.0, "Lb_TS_Ka26": 0.0, "Lb_Med_26": 0.0, "Lbr_Jbt_26": 7.93, "Bgn_Ats_26": "PTP", "Jns_Jbt_26": "STANDAR", "Thn_Bgn_26": "1996", "BA_26": "0", "LNT_26": "0", "BB_26": "1", "DAS_26": "1", "OP_26": "0", "UT_26": "0", "GR_26": "0", "LB_26": "0", "JBT_26": "1", "Tp_Lnts_26": "SUNGAI", "Dt_Lnts_26": "LURUS", "Pnangnn_26": "RUTIN", "Pmriksn_26": "TIDAK DI SURVEI", "Pnglola_26": "BPJN PAPUA TENGAH", "Satkr_ID26": "693945", "PPK_Name26": "PPK 1.2", "Traffic_26": null, "VCR_26": "0.0522", "AADT_26": "3203", "Tipe_Jb_26": null, "Lat_26": -3.44641, "Long_26": 135.4126, "Tgl_Ins_26": "20\/03\/2024", "Ket_26": null }, "geometry": { "type": "Point", "coordinates": [ 135.41259800019759, -3.446409000075221 ] } },
{ "type": "Feature", "properties": { "PROVINSI": "PAPUA TENGAH (NABIRE)", "No_Prov_26": "62", "ID_Jbt_26": "6201194", "Kd_Ruas_26": "62017", "Suffix_26": null, "Nm_Ruas_26": "BTS. KOTA NABIRE - WANGGAR", "Lintas_26": "NON LINTAS", "No_Jbt_26": "62.017.051.0", "Nm_Jbt_26": "KALI  BUMI II", "Status_26": "N", "Fungsi_26": "A", "Lks_Dr_26": "NBR", "Lks_km_26": 27.177, "F_STA_26": "800", "Cadin_26": null, "Pjg_Jbt_26": 6.0, "Btg_Pjg_26": 6.0, "Jml_Btg_26": "1", "Lb_Jl_Ms26": 6.0, "Lb_Jl_Kl26": 6.0, "Lb_Lalin26": 5.49, "Lb_Bh_Ki26": 0.2, "Lb_Bh_Ka26": 0.3, "Lb_Dr_Ki26": 0.0, "Lb_Dr_Ka26": 0.0, "Lb_Tr_Ki26": 0.85, "Lb_Tr_Ka26": 0.89, "Lb_TS_Ki26": 0.0, "Lb_TS_Ka26": 0.0, "Lb_Med_26": 0.0, "Lbr_Jbt_26": 7.73, "Bgn_Ats_26": "PTP", "Jns_Jbt_26": "STANDAR", "Thn_Bgn_26": "1996", "BA_26": "1", "LNT_26": "1", "BB_26": "0", "DAS_26": "1", "OP_26": "0", "UT_26": "0", "GR_26": "0", "LB_26": "0", "JBT_26": "1", "Tp_Lnts_26": "SUNGAI", "Dt_Lnts_26": "LURUS", "Pnangnn_26": "RUTIN", "Pmriksn_26": "TIDAK DI SURVEI", "Pnglola_26": "BPJN PAPUA TENGAH", "Satkr_ID26": "693945", "PPK_Name26": "PPK 1.2", "Traffic_26": null, "VCR_26": "0.0522", "AADT_26": "3203", "Tipe_Jb_26": null, "Lat_26": -3.43584, "Long_26": 135.40726, "Tgl_Ins_26": "04\/05\/2021", "Ket_26": null }, "geometry": { "type": "Point", "coordinates": [ 135.407257000310324, -3.435841000161986 ] } },
{ "type": "Feature", "properties": { "PROVINSI": "PAPUA TENGAH (NABIRE)", "No_Prov_26": "62", "ID_Jbt_26": "6201187", "Kd_Ruas_26": "62017", "Suffix_26": null, "Nm_Ruas_26": "BTS. KOTA NABIRE - WANGGAR", "Lintas_26": "NON LINTAS", "No_Jbt_26": "62.017.067.0", "Nm_Jbt_26": "KALI ANAK SEMEN", "Status_26": "N", "Fungsi_26": "A", "Lks_Dr_26": "NBR", "Lks_km_26": 34.12, "F_STA_26": "200", "Cadin_26": null, "Pjg_Jbt_26": 10.5, "Btg_Pjg_26": 10.5, "Jml_Btg_26": "1", "Lb_Jl_Ms26": 6.0, "Lb_Jl_Kl26": 6.0, "Lb_Lalin26": 5.77, "Lb_Bh_Ki26": 0.49, "Lb_Bh_Ka26": 0.34, "Lb_Dr_Ki26": 0.11, "Lb_Dr_Ka26": 0.09, "Lb_Tr_Ki26": 0.7, "Lb_Tr_Ka26": 0.73, "Lb_TS_Ki26": 0.0, "Lb_TS_Ka26": 0.0, "Lb_Med_26": 0.0, "Lbr_Jbt_26": 8.23, "Bgn_Ats_26": "PTP", "Jns_Jbt_26": "STANDAR", "Thn_Bgn_26": "1993", "BA_26": "1", "LNT_26": "0", "BB_26": "2", "DAS_26": "1", "OP_26": "2", "UT_26": "0", "GR_26": "0", "LB_26": "0", "JBT_26": "2", "Tp_Lnts_26": "SUNGAI", "Dt_Lnts_26": "LURUS", "Pnangnn_26": "RUTIN", "Pmriksn_26": "TIDAK DI SURVEI", "Pnglola_26": "BPJN PAPUA TENGAH", "Satkr_ID26": "693945", "PPK_Name26": "PPK 1.2", "Traffic_26": null, "VCR_26": "0.0522", "AADT_26": "3203", "Tipe_Jb_26": null, "Lat_26": -3.44313, "Long_26": 135.44626, "Tgl_Ins_26": "18\/03\/2024", "Ket_26": null }, "geometry": { "type": "Point", "coordinates": [ 135.446259000252667, -3.443129999949463 ] } },
{ "type": "Feature", "properties": { "PROVINSI": "PAPUA TENGAH (NABIRE)", "No_Prov_26": "62", "ID_Jbt_26": "6201770", "Kd_Ruas_26": "62018", "Suffix_26": null, "Nm_Ruas_26": "WANGGAR - KWATOSPRE (BTS. PROV. PAPUA BARAT)", "Lintas_26": "JALAN LINTAS UTARA", "No_Jbt_26": "62.018.034.0", "Nm_Jbt_26": "KALI BAMBU", "Status_26": "N", "Fungsi_26": "A", "Lks_Dr_26": "YAU", "Lks_km_26": 24.008, "F_STA_26": "500", "Cadin_26": null, "Pjg_Jbt_26": 41.0, "Btg_Pjg_26": 41.0, "Jml_Btg_26": "1", "Lb_Jl_Ms26": 6.0, "Lb_Jl_Kl26": 6.0, "Lb_Lalin26": 5.16, "Lb_Bh_Ki26": 0.23, "Lb_Bh_Ka26": 0.25, "Lb_Dr_Ki26": 0.0, "Lb_Dr_Ka26": 0.0, "Lb_Tr_Ki26": 0.55, "Lb_Tr_Ka26": 0.53, "Lb_TS_Ki26": 0.0, "Lb_TS_Ka26": 0.0, "Lb_Med_26": 0.0, "Lbr_Jbt_26": 6.72, "Bgn_Ats_26": "RBR", "Jns_Jbt_26": "STANDAR", "Thn_Bgn_26": "1999", "BA_26": "2", "LNT_26": "2", "BB_26": "1", "DAS_26": "1", "OP_26": "1", "UT_26": "0", "GR_26": "0", "LB_26": "0", "JBT_26": "2", "Tp_Lnts_26": "SUNGAI", "Dt_Lnts_26": "LURUS", "Pnangnn_26": "RUTIN", "Pmriksn_26": "DETAIL", "Pnglola_26": "BPJN PAPUA TENGAH", "Satkr_ID26": "693945", "PPK_Name26": "PPK 1.2", "Traffic_26": null, "VCR_26": "0.0117", "AADT_26": "211", "Tipe_Jb_26": null, "Lat_26": -3.48196, "Long_26": 135.19756, "Tgl_Ins_26": "28\/04\/2026", "Ket_26": null }, "geometry": { "type": "Point", "coordinates": [ 135.197556000309191, -3.481959000007805 ] } },
{ "type": "Feature", "properties": { "PROVINSI": "PAPUA TENGAH (NABIRE)", "No_Prov_26": "62", "ID_Jbt_26": "6200273", "Kd_Ruas_26": "62017", "Suffix_26": null, "Nm_Ruas_26": "BTS. KOTA NABIRE - WANGGAR", "Lintas_26": "NON LINTAS", "No_Jbt_26": "62.017.009.0", "Nm_Jbt_26": "KALI BAMBU WANGGAR", "Status_26": "N", "Fungsi_26": "A", "Lks_Dr_26": "NBR", "Lks_km_26": 4.105, "F_STA_26": "900", "Cadin_26": null, "Pjg_Jbt_26": 31.0, "Btg_Pjg_26": 31.0, "Jml_Btg_26": "1", "Lb_Jl_Ms26": 6.0, "Lb_Jl_Kl26": 6.0, "Lb_Lalin26": 5.53, "Lb_Bh_Ki26": 0.18, "Lb_Bh_Ka26": 0.18, "Lb_Dr_Ki26": 0.07, "Lb_Dr_Ka26": 0.07, "Lb_Tr_Ki26": 0.3, "Lb_Tr_Ka26": 0.34, "Lb_TS_Ki26": 0.0, "Lb_TS_Ka26": 0.0, "Lb_Med_26": 0.0, "Lbr_Jbt_26": 6.67, "Bgn_Ats_26": "GBP", "Jns_Jbt_26": "STANDAR", "Thn_Bgn_26": "2012", "BA_26": "2", "LNT_26": "2", "BB_26": "1", "DAS_26": "1", "OP_26": "0", "UT_26": "0", "GR_26": "0", "LB_26": "0", "JBT_26": "2", "Tp_Lnts_26": "SUNGAI", "Dt_Lnts_26": "LURUS", "Pnangnn_26": "RUTIN", "Pmriksn_26": "TIDAK DI SURVEI", "Pnglola_26": "BPJN PAPUA TENGAH", "Satkr_ID26": "693945", "PPK_Name26": "PPK 1.2", "Traffic_26": null, "VCR_26": "0.0522", "AADT_26": "3203", "Tipe_Jb_26": null, "Lat_26": -3.48997, "Long_26": 135.3187, "Tgl_Ins_26": "31\/05\/2025", "Ket_26": null }, "geometry": { "type": "Point", "coordinates": [ 135.318695000074285, -3.489965999631124 ] } },
{ "type": "Feature", "properties": { "PROVINSI": "PAPUA TENGAH (NABIRE)", "No_Prov_26": "62", "ID_Jbt_26": "6201583", "Kd_Ruas_26": "62015", "Suffix_26": null, "Nm_Ruas_26": "MOANEMANI - BEDUDIPA", "Lintas_26": "JALAN LINTAS TENGAH", "No_Jbt_26": "62.015.046.0", "Nm_Jbt_26": "KALI BENING\/MANIMBUL 1", "Status_26": "N", "Fungsi_26": "A", "Lks_Dr_26": "BDP", "Lks_km_26": 34.654, "F_STA_26": "600", "Cadin_26": null, "Pjg_Jbt_26": 35.5, "Btg_Pjg_26": 35.5, "Jml_Btg_26": "1", "Lb_Jl_Ms26": 5.6, "Lb_Jl_Kl26": 5.6, "Lb_Lalin26": 7.0, "Lb_Bh_Ki26": 0.0, "Lb_Bh_Ka26": 0.0, "Lb_Dr_Ki26": 0.0, "Lb_Dr_Ka26": 0.0, "Lb_Tr_Ki26": 0.0, "Lb_Tr_Ka26": 0.0, "Lb_TS_Ki26": 0.0, "Lb_TS_Ka26": 0.0, "Lb_Med_26": 0.0, "Lbr_Jbt_26": 7.0, "Bgn_Ats_26": "GBP", "Jns_Jbt_26": "STANDAR", "Thn_Bgn_26": "2012", "BA_26": "2", "LNT_26": "2", "BB_26": "0", "DAS_26": "1", "OP_26": "0", "UT_26": "0", "GR_26": "0", "LB_26": "0", "JBT_26": "2", "Tp_Lnts_26": "SUNGAI", "Dt_Lnts_26": "LURUS", "Pnangnn_26": "RUTIN", "Pmriksn_26": "TIDAK DI SURVEI", "Pnglola_26": "BPJN PAPUA TENGAH", "Satkr_ID26": "693945", "PPK_Name26": "PPK 1.1", "Traffic_26": null, "VCR_26": "0.1231", "AADT_26": "4467", "Tipe_Jb_26": null, "Lat_26": -3.62876, "Long_26": 135.98916, "Tgl_Ins_26": "05\/05\/2024", "Ket_26": null }, "geometry": { "type": "Point", "coordinates": [ 135.989158999987922, -3.628755000342949 ] } },
{ "type": "Feature", "properties": { "PROVINSI": "PAPUA TENGAH (NABIRE)", "No_Prov_26": "62", "ID_Jbt_26": "6200257", "Kd_Ruas_26": "62016", "Suffix_26": null, "Nm_Ruas_26": "BEDUDIPA - BTS. KOTA NABIRE", "Lintas_26": "NON LINTAS", "No_Jbt_26": "62.016.034.0", "Nm_Jbt_26": "KALI BUMI BESAR", "Status_26": "N", "Fungsi_26": "A", "Lks_Dr_26": "NBR", "Lks_km_26": 33.13, "F_STA_26": "200", "Cadin_26": null, "Pjg_Jbt_26": 60.7, "Btg_Pjg_26": 60.7, "Jml_Btg_26": "1", "Lb_Jl_Ms26": 5.9, "Lb_Jl_Kl26": 5.9, "Lb_Lalin26": 6.0, "Lb_Bh_Ki26": 0.0, "Lb_Bh_Ka26": 0.0, "Lb_Dr_Ki26": 0.1, "Lb_Dr_Ka26": 0.1, "Lb_Tr_Ki26": 0.4, "Lb_Tr_Ka26": 0.4, "Lb_TS_Ki26": 0.0, "Lb_TS_Ka26": 0.0, "Lb_Med_26": 0.0, "Lbr_Jbt_26": 7.0, "Bgn_Ats_26": "RBR", "Jns_Jbt_26": "STANDAR", "Thn_Bgn_26": "2003", "BA_26": "3", "LNT_26": "2", "BB_26": "2", "DAS_26": "2", "OP_26": "1", "UT_26": "0", "GR_26": "0", "LB_26": "0", "JBT_26": "3", "Tp_Lnts_26": "SUNGAI", "Dt_Lnts_26": "LURUS", "Pnangnn_26": "REHABILITASI", "Pmriksn_26": "DETAIL", "Pnglola_26": "BPJN PAPUA TENGAH", "Satkr_ID26": "693945", "PPK_Name26": "PPK 1.1", "Traffic_26": null, "VCR_26": "0.0287", "AADT_26": "243", "Tipe_Jb_26": null, "Lat_26": -3.49364, "Long_26": 135.63837, "Tgl_Ins_26": "07\/05\/2026", "Ket_26": null }, "geometry": { "type": "Point", "coordinates": [ 135.638367000137009, -3.493636999847638 ] } },
{ "type": "Feature", "properties": { "PROVINSI": "PAPUA TENGAH (NABIRE)", "No_Prov_26": "62", "ID_Jbt_26": "6200264", "Kd_Ruas_26": "62016", "Suffix_26": null, "Nm_Ruas_26": "BEDUDIPA - BTS. KOTA NABIRE", "Lintas_26": "NON LINTAS", "No_Jbt_26": "62.016.041.0", "Nm_Jbt_26": "KALI DULANG", "Status_26": "N", "Fungsi_26": "A", "Lks_Dr_26": "NBR", "Lks_km_26": 36.461, "F_STA_26": "400", "Cadin_26": null, "Pjg_Jbt_26": 10.0, "Btg_Pjg_26": 10.0, "Jml_Btg_26": "1", "Lb_Jl_Ms26": 5.8, "Lb_Jl_Kl26": 5.8, "Lb_Lalin26": 7.0, "Lb_Bh_Ki26": 1.2, "Lb_Bh_Ka26": 1.2, "Lb_Dr_Ki26": 0.0, "Lb_Dr_Ka26": 0.0, "Lb_Tr_Ki26": 0.0, "Lb_Tr_Ka26": 0.0, "Lb_TS_Ki26": 0.35, "Lb_TS_Ka26": 0.35, "Lb_Med_26": 0.0, "Lbr_Jbt_26": 10.1, "Bgn_Ats_26": "BTP", "Jns_Jbt_26": "STANDAR", "Thn_Bgn_26": "2012", "BA_26": "0", "LNT_26": "0", "BB_26": "0", "DAS_26": "2", "OP_26": "1", "UT_26": "0", "GR_26": "3", "LB_26": "0", "JBT_26": "3", "Tp_Lnts_26": "SUNGAI", "Dt_Lnts_26": "LURUS", "Pnangnn_26": "REHABILITASI", "Pmriksn_26": "DETAIL", "Pnglola_26": "BPJN PAPUA TENGAH", "Satkr_ID26": "693945", "PPK_Name26": "PPK 1.1", "Traffic_26": null, "VCR_26": "0.0287", "AADT_26": "243", "Tipe_Jb_26": null, "Lat_26": -3.49058, "Long_26": 135.66238, "Tgl_Ins_26": "07\/05\/2026", "Ket_26": null }, "geometry": { "type": "Point", "coordinates": [ 135.662383999721897, -3.490575999882424 ] } },
{ "type": "Feature", "properties": { "PROVINSI": "PAPUA TENGAH (NABIRE)", "No_Prov_26": "62", "ID_Jbt_26": "6200663", "Kd_Ruas_26": "62050", "Suffix_26": null, "Nm_Ruas_26": "KARUBAGA - ILU - MULIA", "Lintas_26": "NON LINTAS", "No_Jbt_26": "62.050.006.0", "Nm_Jbt_26": "KALI KABUR 2", "Status_26": "N", "Fungsi_26": "A", "Lks_Dr_26": "WMN", "Lks_km_26": 127.0, "F_STA_26": "820", "Cadin_26": null, "Pjg_Jbt_26": 35.0, "Btg_Pjg_26": 35.0, "Jml_Btg_26": "1", "Lb_Jl_Ms26": 0.0, "Lb_Jl_Kl26": 0.0, "Lb_Lalin26": 7.0, "Lb_Bh_Ki26": 0.0, "Lb_Bh_Ka26": 0.0, "Lb_Dr_Ki26": 0.0, "Lb_Dr_Ka26": 0.0, "Lb_Tr_Ki26": 0.0, "Lb_Tr_Ka26": 0.0, "Lb_TS_Ki26": 0.0, "Lb_TS_Ka26": 0.0, "Lb_Med_26": 0.0, "Lbr_Jbt_26": 7.0, "Bgn_Ats_26": "RBP", "Jns_Jbt_26": "STANDAR", "Thn_Bgn_26": "1995", "BA_26": "2", "LNT_26": "2", "BB_26": "1", "DAS_26": "3", "OP_26": "0", "UT_26": "0", "GR_26": "0", "LB_26": "0", "JBT_26": "3", "Tp_Lnts_26": "SUNGAI", "Dt_Lnts_26": "BRAIDED", "Pnangnn_26": "RUTIN", "Pmriksn_26": "DETAIL", "Pnglola_26": "BPJN PAPUA TENGAH", "Satkr_ID26": "693948", "PPK_Name26": "PPK 4.1", "Traffic_26": null, "VCR_26": "0.0157", "AADT_26": "0", "Tipe_Jb_26": null, "Lat_26": -3.6677, "Long_26": 138.35016, "Tgl_Ins_26": "12\/05\/2026", "Ket_26": null }, "geometry": { "type": "Point", "coordinates": [ 138.350158999838072, -3.667703999639798 ] } },
{ "type": "Feature", "properties": { "PROVINSI": "PAPUA TENGAH (NABIRE)", "No_Prov_26": "62", "ID_Jbt_26": "6201582", "Kd_Ruas_26": "62015", "Suffix_26": null, "Nm_Ruas_26": "MOANEMANI - BEDUDIPA", "Lintas_26": "JALAN LINTAS TENGAH", "No_Jbt_26": "62.015.045.0", "Nm_Jbt_26": "KALI KUNING\/NADIMO", "Status_26": "N", "Fungsi_26": "A", "Lks_Dr_26": "BDP", "Lks_km_26": 34.186, "F_STA_26": "0", "Cadin_26": null, "Pjg_Jbt_26": 59.0, "Btg_Pjg_26": 59.0, "Jml_Btg_26": "1", "Lb_Jl_Ms26": 5.9, "Lb_Jl_Kl26": 5.9, "Lb_Lalin26": 7.0, "Lb_Bh_Ki26": 0.0, "Lb_Bh_Ka26": 0.0, "Lb_Dr_Ki26": 0.0, "Lb_Dr_Ka26": 0.0, "Lb_Tr_Ki26": 0.0, "Lb_Tr_Ka26": 0.0, "Lb_TS_Ki26": 0.0, "Lb_TS_Ka26": 0.0, "Lb_Med_26": 0.0, "Lbr_Jbt_26": 7.0, "Bgn_Ats_26": "RBR", "Jns_Jbt_26": "STANDAR", "Thn_Bgn_26": "2012", "BA_26": "2", "LNT_26": "1", "BB_26": "1", "DAS_26": "1", "OP_26": "1", "UT_26": "0", "GR_26": "0", "LB_26": "0", "JBT_26": "2", "Tp_Lnts_26": "SUNGAI", "Dt_Lnts_26": "LURUS", "Pnangnn_26": "RUTIN", "Pmriksn_26": "DETAIL", "Pnglola_26": "BPJN PAPUA TENGAH", "Satkr_ID26": "693945", "PPK_Name26": "PPK 1.1", "Traffic_26": null, "VCR_26": "0.1231", "AADT_26": "4467", "Tipe_Jb_26": null, "Lat_26": -3.62534, "Long_26": 135.98739, "Tgl_Ins_26": "04\/06\/2026", "Ket_26": null }, "geometry": { "type": "Point", "coordinates": [ 135.987391000294451, -3.625336000056336 ] } },
{ "type": "Feature", "properties": { "PROVINSI": "PAPUA TENGAH (NABIRE)", "No_Prov_26": "62", "ID_Jbt_26": "6200668", "Kd_Ruas_26": "62050", "Suffix_26": null, "Nm_Ruas_26": "KARUBAGA - ILU - MULIA", "Lintas_26": "NON LINTAS", "No_Jbt_26": "62.050.011.0", "Nm_Jbt_26": "KALI MAP", "Status_26": "N", "Fungsi_26": "A", "Lks_Dr_26": "WMN", "Lks_km_26": 148.0, "F_STA_26": "660", "Cadin_26": null, "Pjg_Jbt_26": 8.0, "Btg_Pjg_26": 4.0, "Jml_Btg_26": "2", "Lb_Jl_Ms26": 0.0, "Lb_Jl_Kl26": 0.0, "Lb_Lalin26": 4.0, "Lb_Bh_Ki26": 0.0, "Lb_Bh_Ka26": 0.0, "Lb_Dr_Ki26": 0.0, "Lb_Dr_Ka26": 0.0, "Lb_Tr_Ki26": 0.0, "Lb_Tr_Ka26": 0.0, "Lb_TS_Ki26": 0.0, "Lb_TS_Ka26": 0.0, "Lb_Med_26": 0.0, "Lbr_Jbt_26": 4.0, "Bgn_Ats_26": "BTP", "Jns_Jbt_26": "STANDAR", "Thn_Bgn_26": "1974", "BA_26": "0", "LNT_26": "0", "BB_26": "0", "DAS_26": "2", "OP_26": "0", "UT_26": "0", "GR_26": "0", "LB_26": "0", "JBT_26": "2", "Tp_Lnts_26": "SUNGAI", "Dt_Lnts_26": "LURUS", "Pnangnn_26": "RUTIN", "Pmriksn_26": "TIDAK DI SURVEI", "Pnglola_26": "BPJN PAPUA TENGAH", "Satkr_ID26": "693948", "PPK_Name26": "PPK 4.1", "Traffic_26": null, "VCR_26": "0.0157", "AADT_26": "0", "Tipe_Jb_26": null, "Lat_26": -3.70037, "Long_26": 138.22467, "Tgl_Ins_26": "31\/08\/2020", "Ket_26": null }, "geometry": { "type": "Point", "coordinates": [ 138.224673000158873, -3.700365000344448 ] } },
{ "type": "Feature", "properties": { "PROVINSI": "PAPUA TENGAH (NABIRE)", "No_Prov_26": "62", "ID_Jbt_26": "6200840", "Kd_Ruas_26": "62050", "Suffix_26": null, "Nm_Ruas_26": "KARUBAGA - ILU - MULIA", "Lintas_26": "NON LINTAS", "No_Jbt_26": "62.050.011.3", "Nm_Jbt_26": "KALI MAWAR", "Status_26": "N", "Fungsi_26": "A", "Lks_Dr_26": "WMN", "Lks_km_26": 0.0, "F_STA_26": "860", "Cadin_26": null, "Pjg_Jbt_26": 15.0, "Btg_Pjg_26": 15.0, "Jml_Btg_26": "1", "Lb_Jl_Ms26": 0.0, "Lb_Jl_Kl26": 0.0, "Lb_Lalin26": 5.0, "Lb_Bh_Ki26": 0.0, "Lb_Bh_Ka26": 0.0, "Lb_Dr_Ki26": 0.0, "Lb_Dr_Ka26": 0.0, "Lb_Tr_Ki26": 0.0, "Lb_Tr_Ka26": 0.0, "Lb_TS_Ki26": 0.0, "Lb_TS_Ka26": 0.0, "Lb_Med_26": 0.0, "Lbr_Jbt_26": 5.0, "Bgn_Ats_26": "WXX", "Jns_Jbt_26": "STANDAR", "Thn_Bgn_26": "0", "BA_26": "0", "LNT_26": "0", "BB_26": "0", "DAS_26": "0", "OP_26": "0", "UT_26": "0", "GR_26": "0", "LB_26": "5", "JBT_26": "5", "Tp_Lnts_26": "SUNGAI", "Dt_Lnts_26": "LURUS", "Pnangnn_26": "PEMBANGUNAN", "Pmriksn_26": "DETAIL", "Pnglola_26": "BPJN PAPUA TENGAH", "Satkr_ID26": "693948", "PPK_Name26": "PPK 4.1", "Traffic_26": null, "VCR_26": "0.0157", "AADT_26": "0", "Tipe_Jb_26": null, "Lat_26": -3.70497, "Long_26": 138.21141, "Tgl_Ins_26": "11\/05\/2026", "Ket_26": null }, "geometry": { "type": "Point", "coordinates": [ 138.211411000117664, -3.704974999796377 ] } },
{ "type": "Feature", "properties": { "PROVINSI": "PAPUA TENGAH (NABIRE)", "No_Prov_26": "62", "ID_Jbt_26": "6200303", "Kd_Ruas_26": "62018", "Suffix_26": null, "Nm_Ruas_26": "WANGGAR - KWATOSPRE (BTS. PROV. PAPUA BARAT)", "Lintas_26": "JALAN LINTAS UTARA", "No_Jbt_26": "62.018.009.0", "Nm_Jbt_26": "KALI MERAH", "Status_26": "N", "Fungsi_26": "A", "Lks_Dr_26": "YAU", "Lks_km_26": 4.813, "F_STA_26": "500", "Cadin_26": null, "Pjg_Jbt_26": 30.7, "Btg_Pjg_26": 30.7, "Jml_Btg_26": "1", "Lb_Jl_Ms26": 6.0, "Lb_Jl_Kl26": 6.0, "Lb_Lalin26": 5.37, "Lb_Bh_Ki26": 0.18, "Lb_Bh_Ka26": 0.37, "Lb_Dr_Ki26": 0.07, "Lb_Dr_Ka26": 0.07, "Lb_Tr_Ki26": 0.48, "Lb_Tr_Ka26": 0.48, "Lb_TS_Ki26": 0.0, "Lb_TS_Ka26": 0.0, "Lb_Med_26": 0.0, "Lbr_Jbt_26": 7.02, "Bgn_Ats_26": "GBP", "Jns_Jbt_26": "STANDAR", "Thn_Bgn_26": "2000", "BA_26": "2", "LNT_26": "2", "BB_26": "1", "DAS_26": "1", "OP_26": "0", "UT_26": "0", "GR_26": "0", "LB_26": "0", "JBT_26": "2", "Tp_Lnts_26": "SUNGAI", "Dt_Lnts_26": "LURUS", "Pnangnn_26": "RUTIN", "Pmriksn_26": "TIDAK DI SURVEI", "Pnglola_26": "BPJN PAPUA TENGAH", "Satkr_ID26": "693945", "PPK_Name26": "PPK 1.2", "Traffic_26": null, "VCR_26": "0.0117", "AADT_26": "211", "Tipe_Jb_26": null, "Lat_26": -3.47536, "Long_26": 135.28822, "Tgl_Ins_26": "30\/05\/2025", "Ket_26": null }, "geometry": { "type": "Point", "coordinates": [ 135.288222999591767, -3.475360999710347 ] } },
{ "type": "Feature", "properties": { "PROVINSI": "PAPUA TENGAH (NABIRE)", "No_Prov_26": "62", "ID_Jbt_26": "6201416", "Kd_Ruas_26": "6201712", "Suffix_26": "12", "Nm_Ruas_26": "JLN. SILIWANGI (NABIRE)", "Lintas_26": "JALAN LINTAS UTARA", "No_Jbt_26": "62.017.083.0.12", "Nm_Jbt_26": "KALI NABIRE", "Status_26": "N", "Fungsi_26": "A", "Lks_Dr_26": "NBR", "Lks_km_26": 0.436, "F_STA_26": "300", "Cadin_26": null, "Pjg_Jbt_26": 55.0, "Btg_Pjg_26": 55.0, "Jml_Btg_26": "1", "Lb_Jl_Ms26": 6.0, "Lb_Jl_Kl26": 6.0, "Lb_Lalin26": 5.25, "Lb_Bh_Ki26": 0.22, "Lb_Bh_Ka26": 0.0, "Lb_Dr_Ki26": 0.0, "Lb_Dr_Ka26": 0.04, "Lb_Tr_Ki26": 0.49, "Lb_Tr_Ka26": 0.52, "Lb_TS_Ki26": 0.0, "Lb_TS_Ka26": 0.0, "Lb_Med_26": 0.0, "Lbr_Jbt_26": 6.52, "Bgn_Ats_26": "RBR", "Jns_Jbt_26": "STANDAR", "Thn_Bgn_26": "2000", "BA_26": "2", "LNT_26": "2", "BB_26": "2", "DAS_26": "1", "OP_26": "0", "UT_26": "0", "GR_26": "0", "LB_26": "0", "JBT_26": "2", "Tp_Lnts_26": "SUNGAI", "Dt_Lnts_26": "LURUS", "Pnangnn_26": "RUTIN", "Pmriksn_26": "DETAIL", "Pnglola_26": "BPJN PAPUA TENGAH", "Satkr_ID26": "693945", "PPK_Name26": "PPK 1.2", "Traffic_26": null, "VCR_26": "0.2965", "AADT_26": "3763", "Tipe_Jb_26": null, "Lat_26": -3.36616, "Long_26": 135.49089, "Tgl_Ins_26": "01\/05\/2026", "Ket_26": null }, "geometry": { "type": "Point", "coordinates": [ 135.49089099991977, -3.366164000268327 ] } },
{ "type": "Feature", "properties": { "PROVINSI": "PAPUA TENGAH (NABIRE)", "No_Prov_26": "62", "ID_Jbt_26": "6200678", "Kd_Ruas_26": "62050", "Suffix_26": null, "Nm_Ruas_26": "KARUBAGA - ILU - MULIA", "Lintas_26": "NON LINTAS", "No_Jbt_26": "62.050.021.0", "Nm_Jbt_26": "KALI NAMBUT", "Status_26": "N", "Fungsi_26": "A", "Lks_Dr_26": "WMN", "Lks_km_26": 168.2, "F_STA_26": "0", "Cadin_26": null, "Pjg_Jbt_26": 16.0, "Btg_Pjg_26": 16.0, "Jml_Btg_26": "1", "Lb_Jl_Ms26": 0.0, "Lb_Jl_Kl26": 0.0, "Lb_Lalin26": 4.0, "Lb_Bh_Ki26": 0.0, "Lb_Bh_Ka26": 0.0, "Lb_Dr_Ki26": 0.0, "Lb_Dr_Ka26": 0.0, "Lb_Tr_Ki26": 0.0, "Lb_Tr_Ka26": 0.0, "Lb_TS_Ki26": 0.0, "Lb_TS_Ka26": 0.0, "Lb_Med_26": 0.0, "Lbr_Jbt_26": 4.0, "Bgn_Ats_26": "RBS", "Jns_Jbt_26": "STANDAR", "Thn_Bgn_26": "1994", "BA_26": "2", "LNT_26": "2", "BB_26": "2", "DAS_26": "2", "OP_26": "3", "UT_26": "0", "GR_26": "0", "LB_26": "0", "JBT_26": "3", "Tp_Lnts_26": "SUNGAI", "Dt_Lnts_26": "BERKELOK", "Pnangnn_26": "RUTIN", "Pmriksn_26": "DETAIL", "Pnglola_26": "BPJN PAPUA TENGAH", "Satkr_ID26": "693948", "PPK_Name26": "PPK 4.1", "Traffic_26": null, "VCR_26": "0.0157", "AADT_26": "0", "Tipe_Jb_26": null, "Lat_26": -3.7059, "Long_26": 138.1002, "Tgl_Ins_26": "11\/05\/2026", "Ket_26": null }, "geometry": { "type": "Point", "coordinates": [ 138.100196000245319, -3.705904000369287 ] } },
{ "type": "Feature", "properties": { "PROVINSI": "PAPUA TENGAH (NABIRE)", "No_Prov_26": "62", "ID_Jbt_26": "6200664", "Kd_Ruas_26": "62050", "Suffix_26": null, "Nm_Ruas_26": "KARUBAGA - ILU - MULIA", "Lintas_26": "NON LINTAS", "No_Jbt_26": "62.050.007.0", "Nm_Jbt_26": "KALI NIOGA 1", "Status_26": "N", "Fungsi_26": "A", "Lks_Dr_26": "WMN", "Lks_km_26": 140.0, "F_STA_26": "50", "Cadin_26": null, "Pjg_Jbt_26": 15.0, "Btg_Pjg_26": 15.0, "Jml_Btg_26": "1", "Lb_Jl_Ms26": 0.0, "Lb_Jl_Kl26": 0.0, "Lb_Lalin26": 6.0, "Lb_Bh_Ki26": 0.0, "Lb_Bh_Ka26": 0.0, "Lb_Dr_Ki26": 0.0, "Lb_Dr_Ka26": 0.0, "Lb_Tr_Ki26": 0.0, "Lb_Tr_Ka26": 0.0, "Lb_TS_Ki26": 0.0, "Lb_TS_Ka26": 0.0, "Lb_Med_26": 0.0, "Lbr_Jbt_26": 6.0, "Bgn_Ats_26": "ABP", "Jns_Jbt_26": "STANDAR", "Thn_Bgn_26": "1980", "BA_26": "1", "LNT_26": "1", "BB_26": "0", "DAS_26": "2", "OP_26": "0", "UT_26": "0", "GR_26": "0", "LB_26": "0", "JBT_26": "2", "Tp_Lnts_26": "SUNGAI", "Dt_Lnts_26": "BERKELOK", "Pnangnn_26": "RUTIN", "Pmriksn_26": "TIDAK DI SURVEI", "Pnglola_26": "BPJN PAPUA TENGAH", "Satkr_ID26": "693948", "PPK_Name26": "PPK 4.1", "Traffic_26": null, "VCR_26": "0.0157", "AADT_26": "0", "Tipe_Jb_26": null, "Lat_26": -3.71049, "Long_26": 138.27581, "Tgl_Ins_26": "28\/08\/2020", "Ket_26": null }, "geometry": { "type": "Point", "coordinates": [ 138.275810000331262, -3.710485000282517 ] } },
{ "type": "Feature", "properties": { "PROVINSI": "PAPUA TENGAH (NABIRE)", "No_Prov_26": "62", "ID_Jbt_26": "6200665", "Kd_Ruas_26": "62050", "Suffix_26": null, "Nm_Ruas_26": "KARUBAGA - ILU - MULIA", "Lintas_26": "NON LINTAS", "No_Jbt_26": "62.050.008.0", "Nm_Jbt_26": "KALI NIOGA 2", "Status_26": "N", "Fungsi_26": "A", "Lks_Dr_26": "WMN", "Lks_km_26": 142.0, "F_STA_26": "310", "Cadin_26": null, "Pjg_Jbt_26": 40.0, "Btg_Pjg_26": 40.0, "Jml_Btg_26": "1", "Lb_Jl_Ms26": 0.0, "Lb_Jl_Kl26": 0.0, "Lb_Lalin26": 4.5, "Lb_Bh_Ki26": 0.0, "Lb_Bh_Ka26": 0.0, "Lb_Dr_Ki26": 0.0, "Lb_Dr_Ka26": 0.0, "Lb_Tr_Ki26": 0.0, "Lb_Tr_Ka26": 0.0, "Lb_TS_Ki26": 0.0, "Lb_TS_Ka26": 0.0, "Lb_Med_26": 0.0, "Lbr_Jbt_26": 4.5, "Bgn_Ats_26": "RBS", "Jns_Jbt_26": "STANDAR", "Thn_Bgn_26": "1994", "BA_26": "3", "LNT_26": "3", "BB_26": "2", "DAS_26": "1", "OP_26": "1", "UT_26": "0", "GR_26": "0", "LB_26": "0", "JBT_26": "3", "Tp_Lnts_26": "SUNGAI", "Dt_Lnts_26": "BRAIDED", "Pnangnn_26": "RUTIN", "Pmriksn_26": "DETAIL", "Pnglola_26": "BPJN PAPUA TENGAH", "Satkr_ID26": "693948", "PPK_Name26": "PPK 4.1", "Traffic_26": null, "VCR_26": "0.0157", "AADT_26": "0", "Tipe_Jb_26": null, "Lat_26": -3.70851, "Long_26": 138.25451, "Tgl_Ins_26": "11\/05\/2026", "Ket_26": null }, "geometry": { "type": "Point", "coordinates": [ 138.254511000182561, -3.708507999944175 ] } },
{ "type": "Feature", "properties": { "PROVINSI": "PAPUA TENGAH (NABIRE)", "No_Prov_26": "62", "ID_Jbt_26": "6200666", "Kd_Ruas_26": "62050", "Suffix_26": null, "Nm_Ruas_26": "KARUBAGA - ILU - MULIA", "Lintas_26": "NON LINTAS", "No_Jbt_26": "62.050.009.0", "Nm_Jbt_26": "KALI NIOGA 3", "Status_26": "N", "Fungsi_26": "A", "Lks_Dr_26": "WMN", "Lks_km_26": 143.0, "F_STA_26": "430", "Cadin_26": null, "Pjg_Jbt_26": 40.0, "Btg_Pjg_26": 40.0, "Jml_Btg_26": "1", "Lb_Jl_Ms26": 0.0, "Lb_Jl_Kl26": 0.0, "Lb_Lalin26": 4.5, "Lb_Bh_Ki26": 0.0, "Lb_Bh_Ka26": 0.0, "Lb_Dr_Ki26": 0.0, "Lb_Dr_Ka26": 0.0, "Lb_Tr_Ki26": 0.0, "Lb_Tr_Ka26": 0.0, "Lb_TS_Ki26": 0.0, "Lb_TS_Ka26": 0.0, "Lb_Med_26": 0.0, "Lbr_Jbt_26": 4.5, "Bgn_Ats_26": "RBS", "Jns_Jbt_26": "STANDAR", "Thn_Bgn_26": "1994", "BA_26": "2", "LNT_26": "2", "BB_26": "2", "DAS_26": "1", "OP_26": "0", "UT_26": "0", "GR_26": "0", "LB_26": "0", "JBT_26": "2", "Tp_Lnts_26": "SUNGAI", "Dt_Lnts_26": "LURUS", "Pnangnn_26": "RUTIN", "Pmriksn_26": "DETAIL", "Pnglola_26": "BPJN PAPUA TENGAH", "Satkr_ID26": "693948", "PPK_Name26": "PPK 4.1", "Traffic_26": null, "VCR_26": "0.0157", "AADT_26": "0", "Tipe_Jb_26": null, "Lat_26": -3.70433, "Long_26": 138.24494, "Tgl_Ins_26": "11\/05\/2026", "Ket_26": null }, "geometry": { "type": "Point", "coordinates": [ 138.244941000426934, -3.704332999868029 ] } },
{ "type": "Feature", "properties": { "PROVINSI": "PAPUA TENGAH (NABIRE)", "No_Prov_26": "62", "ID_Jbt_26": "6201802", "Kd_Ruas_26": "62018", "Suffix_26": null, "Nm_Ruas_26": "WANGGAR - KWATOSPRE (BTS. PROV. PAPUA BARAT)", "Lintas_26": "JALAN LINTAS UTARA", "No_Jbt_26": "62.018.066.0", "Nm_Jbt_26": "KALI PASIR", "Status_26": "N", "Fungsi_26": "A", "Lks_Dr_26": "YAU", "Lks_km_26": 68.47, "F_STA_26": "500", "Cadin_26": null, "Pjg_Jbt_26": 61.0, "Btg_Pjg_26": 30.5, "Jml_Btg_26": "2", "Lb_Jl_Ms26": 7.0, "Lb_Jl_Kl26": 7.0, "Lb_Lalin26": 6.66, "Lb_Bh_Ki26": 0.13, "Lb_Bh_Ka26": 0.0, "Lb_Dr_Ki26": 0.0, "Lb_Dr_Ka26": 0.07, "Lb_Tr_Ki26": 0.85, "Lb_Tr_Ka26": 0.87, "Lb_TS_Ki26": 0.0, "Lb_TS_Ka26": 0.0, "Lb_Med_26": 0.0, "Lbr_Jbt_26": 8.58, "Bgn_Ats_26": "GBP", "Jns_Jbt_26": "STANDAR", "Thn_Bgn_26": "2000", "BA_26": "2", "LNT_26": "2", "BB_26": "2", "DAS_26": "2", "OP_26": "0", "UT_26": "0", "GR_26": "0", "LB_26": "0", "JBT_26": "2", "Tp_Lnts_26": "SUNGAI", "Dt_Lnts_26": "BERKELOK", "Pnangnn_26": "RUTIN", "Pmriksn_26": "TIDAK DI SURVEI", "Pnglola_26": "BPJN PAPUA TENGAH", "Satkr_ID26": "693945", "PPK_Name26": "PPK 1.2", "Traffic_26": null, "VCR_26": "0.0117", "AADT_26": "211", "Tipe_Jb_26": null, "Lat_26": -3.34017, "Long_26": 134.99063, "Tgl_Ins_26": "03\/06\/2025", "Ket_26": null }, "geometry": { "type": "Point", "coordinates": [ 134.990633999859256, -3.34017299958424 ] } },
{ "type": "Feature", "properties": { "PROVINSI": "PAPUA TENGAH (NABIRE)", "No_Prov_26": "62", "ID_Jbt_26": "6201188", "Kd_Ruas_26": "62017", "Suffix_26": null, "Nm_Ruas_26": "BTS. KOTA NABIRE - WANGGAR", "Lintas_26": "NON LINTAS", "No_Jbt_26": "62.017.064.0", "Nm_Jbt_26": "KALI SEMEN", "Status_26": "N", "Fungsi_26": "A", "Lks_Dr_26": "NBR", "Lks_km_26": 32.301, "F_STA_26": "400", "Cadin_26": null, "Pjg_Jbt_26": 6.7, "Btg_Pjg_26": 6.7, "Jml_Btg_26": "1", "Lb_Jl_Ms26": 6.0, "Lb_Jl_Kl26": 6.0, "Lb_Lalin26": 5.8, "Lb_Bh_Ki26": 0.57, "Lb_Bh_Ka26": 0.55, "Lb_Dr_Ki26": 0.0, "Lb_Dr_Ka26": 0.0, "Lb_Tr_Ki26": 0.87, "Lb_Tr_Ka26": 0.87, "Lb_TS_Ki26": 0.0, "Lb_TS_Ka26": 0.0, "Lb_Med_26": 0.0, "Lbr_Jbt_26": 8.66, "Bgn_Ats_26": "PTP", "Jns_Jbt_26": "STANDAR", "Thn_Bgn_26": "1993", "BA_26": "1", "LNT_26": "0", "BB_26": "1", "DAS_26": "1", "OP_26": "0", "UT_26": "0", "GR_26": "0", "LB_26": "0", "JBT_26": "1", "Tp_Lnts_26": "SUNGAI", "Dt_Lnts_26": "LURUS", "Pnangnn_26": "RUTIN", "Pmriksn_26": "TIDAK DI SURVEI", "Pnglola_26": "BPJN PAPUA TENGAH", "Satkr_ID26": "693945", "PPK_Name26": "PPK 1.2", "Traffic_26": null, "VCR_26": "0.0522", "AADT_26": "3203", "Tipe_Jb_26": null, "Lat_26": -3.44777, "Long_26": 135.43669, "Tgl_Ins_26": "05\/05\/2021", "Ket_26": null }, "geometry": { "type": "Point", "coordinates": [ 135.436690999689972, -3.447774000070012 ] } },
{ "type": "Feature", "properties": { "PROVINSI": "PAPUA TENGAH (NABIRE)", "No_Prov_26": "62", "ID_Jbt_26": "6200844", "Kd_Ruas_26": "62050", "Suffix_26": null, "Nm_Ruas_26": "KARUBAGA - ILU - MULIA", "Lintas_26": "NON LINTAS", "No_Jbt_26": "62.050.023.1", "Nm_Jbt_26": "KALI SEMEN", "Status_26": "N", "Fungsi_26": "A", "Lks_Dr_26": "WMN", "Lks_km_26": 0.0, "F_STA_26": "890", "Cadin_26": null, "Pjg_Jbt_26": 15.0, "Btg_Pjg_26": 15.0, "Jml_Btg_26": "1", "Lb_Jl_Ms26": 0.0, "Lb_Jl_Kl26": 0.0, "Lb_Lalin26": 6.0, "Lb_Bh_Ki26": 0.0, "Lb_Bh_Ka26": 0.0, "Lb_Dr_Ki26": 0.0, "Lb_Dr_Ka26": 0.0, "Lb_Tr_Ki26": 0.0, "Lb_Tr_Ka26": 0.0, "Lb_TS_Ki26": 0.0, "Lb_TS_Ka26": 0.0, "Lb_Med_26": 0.0, "Lbr_Jbt_26": 6.0, "Bgn_Ats_26": "WXX", "Jns_Jbt_26": "STANDAR", "Thn_Bgn_26": "0", "BA_26": "0", "LNT_26": "0", "BB_26": "0", "DAS_26": "0", "OP_26": "0", "UT_26": "0", "GR_26": "0", "LB_26": "5", "JBT_26": "5", "Tp_Lnts_26": "SUNGAI", "Dt_Lnts_26": "LURUS", "Pnangnn_26": "PEMBANGUNAN", "Pmriksn_26": "DETAIL", "Pnglola_26": "BPJN PAPUA TENGAH", "Satkr_ID26": "693948", "PPK_Name26": "PPK 4.1", "Traffic_26": null, "VCR_26": "0.0157", "AADT_26": "0", "Tipe_Jb_26": null, "Lat_26": -3.71575, "Long_26": 138.02438, "Tgl_Ins_26": "11\/05\/2026", "Ket_26": null }, "geometry": { "type": "Point", "coordinates": [ 138.024383999821794, -3.715748000170038 ] } },
{ "type": "Feature", "properties": { "PROVINSI": "PAPUA TENGAH (NABIRE)", "No_Prov_26": "62", "ID_Jbt_26": "6201801", "Kd_Ruas_26": "62018", "Suffix_26": null, "Nm_Ruas_26": "WANGGAR - KWATOSPRE (BTS. PROV. PAPUA BARAT)", "Lintas_26": "JALAN LINTAS UTARA", "No_Jbt_26": "62.018.065.0", "Nm_Jbt_26": "KALI SOA", "Status_26": "N", "Fungsi_26": "A", "Lks_Dr_26": "YAU", "Lks_km_26": 65.457, "F_STA_26": "700", "Cadin_26": null, "Pjg_Jbt_26": 20.0, "Btg_Pjg_26": 20.0, "Jml_Btg_26": "1", "Lb_Jl_Ms26": 7.0, "Lb_Jl_Kl26": 7.0, "Lb_Lalin26": 6.83, "Lb_Bh_Ki26": 0.18, "Lb_Bh_Ka26": 0.0, "Lb_Dr_Ki26": 0.0, "Lb_Dr_Ka26": 0.07, "Lb_Tr_Ki26": 0.95, "Lb_Tr_Ka26": 0.95, "Lb_TS_Ki26": 0.0, "Lb_TS_Ka26": 0.0, "Lb_Med_26": 0.0, "Lbr_Jbt_26": 8.98, "Bgn_Ats_26": "GBP", "Jns_Jbt_26": "STANDAR", "Thn_Bgn_26": "2024", "BA_26": "0", "LNT_26": "0", "BB_26": "0", "DAS_26": "0", "OP_26": "0", "UT_26": "0", "GR_26": "0", "LB_26": "0", "JBT_26": "0", "Tp_Lnts_26": "SUNGAI", "Dt_Lnts_26": "LURUS", "Pnangnn_26": "RUTIN", "Pmriksn_26": "TIDAK DI SURVEI", "Pnglola_26": "BPJN PAPUA TENGAH", "Satkr_ID26": "693945", "PPK_Name26": "PPK 1.2", "Traffic_26": null, "VCR_26": "0.0117", "AADT_26": "211", "Tipe_Jb_26": null, "Lat_26": -3.3433, "Long_26": 135.01323, "Tgl_Ins_26": "05\/06\/2025", "Ket_26": null }, "geometry": { "type": "Point", "coordinates": [ 135.01322900041805, -3.343303000033359 ] } },
{ "type": "Feature", "properties": { "PROVINSI": "PAPUA TENGAH (NABIRE)", "No_Prov_26": "62", "ID_Jbt_26": "6200670", "Kd_Ruas_26": "62050", "Suffix_26": null, "Nm_Ruas_26": "KARUBAGA - ILU - MULIA", "Lintas_26": "NON LINTAS", "No_Jbt_26": "62.050.013.0", "Nm_Jbt_26": "KALI YAMO", "Status_26": "N", "Fungsi_26": "A", "Lks_Dr_26": "WMN", "Lks_km_26": 154.05, "F_STA_26": "280", "Cadin_26": null, "Pjg_Jbt_26": 60.0, "Btg_Pjg_26": 60.0, "Jml_Btg_26": "1", "Lb_Jl_Ms26": 0.0, "Lb_Jl_Kl26": 0.0, "Lb_Lalin26": 5.0, "Lb_Bh_Ki26": 0.0, "Lb_Bh_Ka26": 0.0, "Lb_Dr_Ki26": 0.0, "Lb_Dr_Ka26": 0.0, "Lb_Tr_Ki26": 0.0, "Lb_Tr_Ka26": 0.0, "Lb_TS_Ki26": 0.0, "Lb_TS_Ka26": 0.0, "Lb_Med_26": 0.0, "Lbr_Jbt_26": 5.0, "Bgn_Ats_26": "RBP", "Jns_Jbt_26": "STANDAR", "Thn_Bgn_26": "2022", "BA_26": "2", "LNT_26": "2", "BB_26": "1", "DAS_26": "1", "OP_26": "2", "UT_26": "0", "GR_26": "0", "LB_26": "0", "JBT_26": "2", "Tp_Lnts_26": "SUNGAI", "Dt_Lnts_26": "BERKELOK", "Pnangnn_26": "RUTIN", "Pmriksn_26": "DETAIL", "Pnglola_26": "BPJN PAPUA TENGAH", "Satkr_ID26": "693948", "PPK_Name26": "PPK 4.1", "Traffic_26": null, "VCR_26": "0.0157", "AADT_26": "0", "Tipe_Jb_26": null, "Lat_26": -3.69458, "Long_26": 138.18044, "Tgl_Ins_26": "11\/05\/2026", "Ket_26": null }, "geometry": { "type": "Point", "coordinates": [ 138.180440000006115, -3.694575999582639 ] } },
{ "type": "Feature", "properties": { "PROVINSI": "PAPUA TENGAH (NABIRE)", "No_Prov_26": "62", "ID_Jbt_26": "6200803", "Kd_Ruas_26": "62052", "Suffix_26": null, "Nm_Ruas_26": "MAYON - SIMPANG KAPIRAYA", "Lintas_26": "NON LINTAS", "No_Jbt_26": "62.052.030.0", "Nm_Jbt_26": "KAMORA", "Status_26": "N", "Fungsi_26": "A", "Lks_Dr_26": "TMK", "Lks_km_26": 36.112, "F_STA_26": "520", "Cadin_26": null, "Pjg_Jbt_26": 120.0, "Btg_Pjg_26": 60.0, "Jml_Btg_26": "2", "Lb_Jl_Ms26": 0.0, "Lb_Jl_Kl26": 0.0, "Lb_Lalin26": 5.45, "Lb_Bh_Ki26": 0.13, "Lb_Bh_Ka26": 0.28, "Lb_Dr_Ki26": 0.07, "Lb_Dr_Ka26": 0.07, "Lb_Tr_Ki26": 1.0, "Lb_Tr_Ka26": 1.0, "Lb_TS_Ki26": 0.0, "Lb_TS_Ka26": 0.0, "Lb_Med_26": 0.0, "Lbr_Jbt_26": 8.0, "Bgn_Ats_26": "RBP", "Jns_Jbt_26": "STANDAR", "Thn_Bgn_26": "2013", "BA_26": "2", "LNT_26": "2", "BB_26": "1", "DAS_26": "3", "OP_26": "2", "UT_26": "0", "GR_26": "0", "LB_26": "0", "JBT_26": "3", "Tp_Lnts_26": "SUNGAI", "Dt_Lnts_26": "BRAIDED", "Pnangnn_26": "RUTIN", "Pmriksn_26": "DETAIL", "Pnglola_26": "BPJN PAPUA TENGAH", "Satkr_ID26": "693943", "PPK_Name26": "PPK 3.2", "Traffic_26": null, "VCR_26": "0.0508", "AADT_26": "474", "Tipe_Jb_26": null, "Lat_26": -4.33431, "Long_26": 136.72775, "Tgl_Ins_26": "01\/05\/2026", "Ket_26": null }, "geometry": { "type": "Point", "coordinates": [ 136.727753000400753, -4.334314999937249 ] } },
{ "type": "Feature", "properties": { "PROVINSI": "PAPUA TENGAH (NABIRE)", "No_Prov_26": "62", "ID_Jbt_26": "6200662", "Kd_Ruas_26": "62050", "Suffix_26": null, "Nm_Ruas_26": "KARUBAGA - ILU - MULIA", "Lintas_26": "NON LINTAS", "No_Jbt_26": "62.050.005.0", "Nm_Jbt_26": "KANGGI\/KALI KABUR", "Status_26": "N", "Fungsi_26": "A", "Lks_Dr_26": "WMN", "Lks_km_26": 126.0, "F_STA_26": "710", "Cadin_26": null, "Pjg_Jbt_26": 15.0, "Btg_Pjg_26": 15.0, "Jml_Btg_26": "1", "Lb_Jl_Ms26": 0.0, "Lb_Jl_Kl26": 0.0, "Lb_Lalin26": 7.3, "Lb_Bh_Ki26": 0.0, "Lb_Bh_Ka26": 0.0, "Lb_Dr_Ki26": 0.0, "Lb_Dr_Ka26": 0.0, "Lb_Tr_Ki26": 0.0, "Lb_Tr_Ka26": 0.0, "Lb_TS_Ki26": 0.0, "Lb_TS_Ka26": 0.0, "Lb_Med_26": 0.0, "Lbr_Jbt_26": 7.3, "Bgn_Ats_26": "GBP", "Jns_Jbt_26": "STANDAR", "Thn_Bgn_26": "1950", "BA_26": "2", "LNT_26": "2", "BB_26": "2", "DAS_26": "2", "OP_26": "0", "UT_26": "0", "GR_26": "0", "LB_26": "0", "JBT_26": "2", "Tp_Lnts_26": "SUNGAI", "Dt_Lnts_26": "BRAIDED", "Pnangnn_26": "RUTIN", "Pmriksn_26": "DETAIL", "Pnglola_26": "BPJN PAPUA TENGAH", "Satkr_ID26": "693948", "PPK_Name26": "PPK 4.1", "Traffic_26": null, "VCR_26": "0.0157", "AADT_26": "0", "Tipe_Jb_26": null, "Lat_26": -3.66294, "Long_26": 138.35796, "Tgl_Ins_26": "12\/05\/2026", "Ket_26": null }, "geometry": { "type": "Point", "coordinates": [ 138.357955999669684, -3.662939000234644 ] } },
{ "type": "Feature", "properties": { "PROVINSI": "PAPUA TENGAH (NABIRE)", "No_Prov_26": "62", "ID_Jbt_26": "6201023", "Kd_Ruas_26": "62016", "Suffix_26": null, "Nm_Ruas_26": "BEDUDIPA - BTS. KOTA NABIRE", "Lintas_26": "NON LINTAS", "No_Jbt_26": "62.016.130.0", "Nm_Jbt_26": "KHOLIK", "Status_26": "N", "Fungsi_26": "A", "Lks_Dr_26": "NBR", "Lks_km_26": 75.763, "F_STA_26": "100", "Cadin_26": null, "Pjg_Jbt_26": 15.7, "Btg_Pjg_26": 15.7, "Jml_Btg_26": "1", "Lb_Jl_Ms26": 6.8, "Lb_Jl_Kl26": 6.8, "Lb_Lalin26": 7.2, "Lb_Bh_Ki26": 0.0, "Lb_Bh_Ka26": 0.0, "Lb_Dr_Ki26": 0.07, "Lb_Dr_Ka26": 0.07, "Lb_Tr_Ki26": 0.9, "Lb_Tr_Ka26": 0.9, "Lb_TS_Ki26": 0.3, "Lb_TS_Ka26": 0.3, "Lb_Med_26": 0.0, "Lbr_Jbt_26": 9.74, "Bgn_Ats_26": "GBP", "Jns_Jbt_26": "STANDAR", "Thn_Bgn_26": "2016", "BA_26": "1", "LNT_26": "1", "BB_26": "1", "DAS_26": "1", "OP_26": "1", "UT_26": "0", "GR_26": "0", "LB_26": "0", "JBT_26": "1", "Tp_Lnts_26": "SUNGAI", "Dt_Lnts_26": "LURUS", "Pnangnn_26": "RUTIN", "Pmriksn_26": "TIDAK DI SURVEI", "Pnglola_26": "BPJN PAPUA TENGAH", "Satkr_ID26": "693945", "PPK_Name26": "PPK 1.1", "Traffic_26": null, "VCR_26": "0.0287", "AADT_26": "243", "Tipe_Jb_26": null, "Lat_26": -3.56179, "Long_26": 135.77251, "Tgl_Ins_26": "04\/07\/2025", "Ket_26": null }, "geometry": { "type": "Point", "coordinates": [ 135.772506999598363, -3.561785000277496 ] } },
{ "type": "Feature", "properties": { "PROVINSI": "PAPUA TENGAH (NABIRE)", "No_Prov_26": "62", "ID_Jbt_26": "6200719", "Kd_Ruas_26": "62053", "Suffix_26": null, "Nm_Ruas_26": "TIMIKA - SP. PELRA - POMAKO", "Lintas_26": "JALAN PENGHUBUNG LINTAS", "No_Jbt_26": "62.053.001.0", "Nm_Jbt_26": "KILO -10", "Status_26": "N", "Fungsi_26": "A", "Lks_Dr_26": "TMK", "Lks_km_26": 11.778, "F_STA_26": "990", "Cadin_26": null, "Pjg_Jbt_26": 14.6, "Btg_Pjg_26": 14.6, "Jml_Btg_26": "1", "Lb_Jl_Ms26": 0.0, "Lb_Jl_Kl26": 0.0, "Lb_Lalin26": 5.4, "Lb_Bh_Ki26": 0.4, "Lb_Bh_Ka26": 0.3, "Lb_Dr_Ki26": 0.08, "Lb_Dr_Ka26": 0.08, "Lb_Tr_Ki26": 0.5, "Lb_Tr_Ka26": 0.5, "Lb_TS_Ki26": 0.0, "Lb_TS_Ka26": 0.0, "Lb_Med_26": 0.0, "Lbr_Jbt_26": 7.26, "Bgn_Ats_26": "GTP", "Jns_Jbt_26": "STANDAR", "Thn_Bgn_26": "2000", "BA_26": "1", "LNT_26": "1", "BB_26": "1", "DAS_26": "2", "OP_26": "0", "UT_26": "0", "GR_26": "0", "LB_26": "0", "JBT_26": "2", "Tp_Lnts_26": "SUNGAI", "Dt_Lnts_26": "LURUS", "Pnangnn_26": "RUTIN", "Pmriksn_26": "TIDAK DI SURVEI", "Pnglola_26": "BPJN PAPUA TENGAH", "Satkr_ID26": "693943", "PPK_Name26": "PPK 3.1", "Traffic_26": null, "VCR_26": "0.2254", "AADT_26": "2780", "Tipe_Jb_26": null, "Lat_26": -4.61792, "Long_26": 136.86458, "Tgl_Ins_26": "14\/09\/2020", "Ket_26": null }, "geometry": { "type": "Point", "coordinates": [ 136.86457799957509, -4.617920999654359 ] } },
{ "type": "Feature", "properties": { "PROVINSI": "PAPUA TENGAH (NABIRE)", "No_Prov_26": "62", "ID_Jbt_26": "6200720", "Kd_Ruas_26": "62053", "Suffix_26": null, "Nm_Ruas_26": "TIMIKA - SP. PELRA - POMAKO", "Lintas_26": "JALAN PENGHUBUNG LINTAS", "No_Jbt_26": "62.053.007.0", "Nm_Jbt_26": "KILO 16", "Status_26": "N", "Fungsi_26": "A", "Lks_Dr_26": "TMK", "Lks_km_26": 19.202, "F_STA_26": "610", "Cadin_26": null, "Pjg_Jbt_26": 9.2, "Btg_Pjg_26": 9.2, "Jml_Btg_26": "1", "Lb_Jl_Ms26": 0.0, "Lb_Jl_Kl26": 0.0, "Lb_Lalin26": 6.3, "Lb_Bh_Ki26": 0.0, "Lb_Bh_Ka26": 0.0, "Lb_Dr_Ki26": 0.0, "Lb_Dr_Ka26": 0.0, "Lb_Tr_Ki26": 1.25, "Lb_Tr_Ka26": 1.4, "Lb_TS_Ki26": 0.0, "Lb_TS_Ka26": 0.0, "Lb_Med_26": 0.0, "Lbr_Jbt_26": 8.95, "Bgn_Ats_26": "PTP", "Jns_Jbt_26": "STANDAR", "Thn_Bgn_26": "2000", "BA_26": "2", "LNT_26": "1", "BB_26": "2", "DAS_26": "2", "OP_26": "2", "UT_26": "0", "GR_26": "0", "LB_26": "0", "JBT_26": "2", "Tp_Lnts_26": "SUNGAI", "Dt_Lnts_26": "LURUS", "Pnangnn_26": "RUTIN", "Pmriksn_26": "DETAIL", "Pnglola_26": "BPJN PAPUA TENGAH", "Satkr_ID26": "693943", "PPK_Name26": "PPK 3.1", "Traffic_26": null, "VCR_26": "0.2254", "AADT_26": "2780", "Tipe_Jb_26": null, "Lat_26": -4.64809, "Long_26": 136.83376, "Tgl_Ins_26": "28\/04\/2026", "Ket_26": null }, "geometry": { "type": "Point", "coordinates": [ 136.833754999993289, -4.648092999792084 ] } },
{ "type": "Feature", "properties": { "PROVINSI": "PAPUA TENGAH (NABIRE)", "No_Prov_26": "62", "ID_Jbt_26": "6200721", "Kd_Ruas_26": "62053", "Suffix_26": null, "Nm_Ruas_26": "TIMIKA - SP. PELRA - POMAKO", "Lintas_26": "JALAN PENGHUBUNG LINTAS", "No_Jbt_26": "62.053.018.0", "Nm_Jbt_26": "KILO 25", "Status_26": "N", "Fungsi_26": "A", "Lks_Dr_26": "TMK", "Lks_km_26": 30.785, "F_STA_26": "570", "Cadin_26": null, "Pjg_Jbt_26": 13.35, "Btg_Pjg_26": 3.0, "Jml_Btg_26": "2", "Lb_Jl_Ms26": 0.0, "Lb_Jl_Kl26": 0.0, "Lb_Lalin26": 6.4, "Lb_Bh_Ki26": 1.9, "Lb_Bh_Ka26": 2.8, "Lb_Dr_Ki26": 0.0, "Lb_Dr_Ka26": 0.0, "Lb_Tr_Ki26": 0.3, "Lb_Tr_Ka26": 0.3, "Lb_TS_Ki26": 0.0, "Lb_TS_Ka26": 0.0, "Lb_Med_26": 0.0, "Lbr_Jbt_26": 11.7, "Bgn_Ats_26": "BTP", "Jns_Jbt_26": "STANDAR", "Thn_Bgn_26": "2013", "BA_26": "1", "LNT_26": "0", "BB_26": "0", "DAS_26": "1", "OP_26": "0", "UT_26": "0", "GR_26": "0", "LB_26": "0", "JBT_26": "1", "Tp_Lnts_26": "SUNGAI", "Dt_Lnts_26": "LURUS", "Pnangnn_26": "RUTIN", "Pmriksn_26": "TIDAK DI SURVEI", "Pnglola_26": "BPJN PAPUA TENGAH", "Satkr_ID26": "693943", "PPK_Name26": "PPK 3.1", "Traffic_26": null, "VCR_26": "0.2254", "AADT_26": "2780", "Tipe_Jb_26": null, "Lat_26": -4.68536, "Long_26": 136.78937, "Tgl_Ins_26": "17\/09\/2020", "Ket_26": null }, "geometry": { "type": "Point", "coordinates": [ 136.789367999933347, -4.685358999718005 ] } },
{ "type": "Feature", "properties": { "PROVINSI": "PAPUA TENGAH (NABIRE)", "No_Prov_26": "62", "ID_Jbt_26": "6200722", "Kd_Ruas_26": "62053", "Suffix_26": null, "Nm_Ruas_26": "TIMIKA - SP. PELRA - POMAKO", "Lintas_26": "JALAN PENGHUBUNG LINTAS", "No_Jbt_26": "62.053.019.0", "Nm_Jbt_26": "KILO 27", "Status_26": "N", "Fungsi_26": "A", "Lks_Dr_26": "TMK", "Lks_km_26": 32.044, "F_STA_26": "670", "Cadin_26": null, "Pjg_Jbt_26": 14.5, "Btg_Pjg_26": 3.0, "Jml_Btg_26": "2", "Lb_Jl_Ms26": 0.0, "Lb_Jl_Kl26": 0.0, "Lb_Lalin26": 6.0, "Lb_Bh_Ki26": 2.7, "Lb_Bh_Ka26": 1.8, "Lb_Dr_Ki26": 0.0, "Lb_Dr_Ka26": 0.0, "Lb_Tr_Ki26": 0.3, "Lb_Tr_Ka26": 0.3, "Lb_TS_Ki26": 0.0, "Lb_TS_Ka26": 0.0, "Lb_Med_26": 0.0, "Lbr_Jbt_26": 11.1, "Bgn_Ats_26": "BTP", "Jns_Jbt_26": "STANDAR", "Thn_Bgn_26": "2012", "BA_26": "1", "LNT_26": "0", "BB_26": "0", "DAS_26": "2", "OP_26": "0", "UT_26": "0", "GR_26": "0", "LB_26": "0", "JBT_26": "2", "Tp_Lnts_26": "SUNGAI", "Dt_Lnts_26": "LURUS", "Pnangnn_26": "RUTIN", "Pmriksn_26": "TIDAK DI SURVEI", "Pnglola_26": "BPJN PAPUA TENGAH", "Satkr_ID26": "693943", "PPK_Name26": "PPK 3.1", "Traffic_26": null, "VCR_26": "0.2254", "AADT_26": "2780", "Tipe_Jb_26": null, "Lat_26": -4.69259, "Long_26": 136.78439, "Tgl_Ins_26": "15\/09\/2020", "Ket_26": null }, "geometry": { "type": "Point", "coordinates": [ 136.78439299983711, -4.692586000243693 ] } },
{ "type": "Feature", "properties": { "PROVINSI": "PAPUA TENGAH (NABIRE)", "No_Prov_26": "62", "ID_Jbt_26": "6200723", "Kd_Ruas_26": "62053", "Suffix_26": null, "Nm_Ruas_26": "TIMIKA - SP. PELRA - POMAKO", "Lintas_26": "JALAN PENGHUBUNG LINTAS", "No_Jbt_26": "62.053.021.0", "Nm_Jbt_26": "KILO 28", "Status_26": "N", "Fungsi_26": "A", "Lks_Dr_26": "TMK", "Lks_km_26": 33.239, "F_STA_26": "770", "Cadin_26": null, "Pjg_Jbt_26": 14.5, "Btg_Pjg_26": 3.0, "Jml_Btg_26": "2", "Lb_Jl_Ms26": 0.0, "Lb_Jl_Kl26": 0.0, "Lb_Lalin26": 6.4, "Lb_Bh_Ki26": 0.0, "Lb_Bh_Ka26": 0.0, "Lb_Dr_Ki26": 0.0, "Lb_Dr_Ka26": 0.0, "Lb_Tr_Ki26": 1.5, "Lb_Tr_Ka26": 1.5, "Lb_TS_Ki26": 0.0, "Lb_TS_Ka26": 0.0, "Lb_Med_26": 0.0, "Lbr_Jbt_26": 9.4, "Bgn_Ats_26": "BTP", "Jns_Jbt_26": "STANDAR", "Thn_Bgn_26": "2010", "BA_26": "1", "LNT_26": "0", "BB_26": "0", "DAS_26": "1", "OP_26": "0", "UT_26": "0", "GR_26": "0", "LB_26": "0", "JBT_26": "1", "Tp_Lnts_26": "SUNGAI", "Dt_Lnts_26": "LURUS", "Pnangnn_26": "RUTIN", "Pmriksn_26": "TIDAK DI SURVEI", "Pnglola_26": "BPJN PAPUA TENGAH", "Satkr_ID26": "693943", "PPK_Name26": "PPK 3.1", "Traffic_26": null, "VCR_26": "0.2254", "AADT_26": "2780", "Tipe_Jb_26": null, "Lat_26": -4.69922, "Long_26": 136.77895, "Tgl_Ins_26": "15\/09\/2020", "Ket_26": null }, "geometry": { "type": "Point", "coordinates": [ 136.778945999558346, -4.699220000402647 ] } },
{ "type": "Feature", "properties": { "PROVINSI": "PAPUA TENGAH (NABIRE)", "No_Prov_26": "62", "ID_Jbt_26": "6201152", "Kd_Ruas_26": "620441", "Suffix_26": "1", "Nm_Ruas_26": "BTS. KOTA NABIRE - KIMIBAY", "Lintas_26": "JALAN LINTAS UTARA", "No_Jbt_26": "62.044.018.A.1", "Nm_Jbt_26": "KIMI A", "Status_26": "N", "Fungsi_26": "K", "Lks_Dr_26": "NBR", "Lks_km_26": 9.106, "F_STA_26": "400", "Cadin_26": null, "Pjg_Jbt_26": 55.0, "Btg_Pjg_26": 55.0, "Jml_Btg_26": "1", "Lb_Jl_Ms26": 6.0, "Lb_Jl_Kl26": 6.0, "Lb_Lalin26": 5.21, "Lb_Bh_Ki26": 0.46, "Lb_Bh_Ka26": 0.46, "Lb_Dr_Ki26": 0.07, "Lb_Dr_Ka26": 0.07, "Lb_Tr_Ki26": 0.45, "Lb_Tr_Ka26": 0.44, "Lb_TS_Ki26": 0.0, "Lb_TS_Ka26": 0.0, "Lb_Med_26": 0.0, "Lbr_Jbt_26": 7.16, "Bgn_Ats_26": "RBR", "Jns_Jbt_26": "STANDAR", "Thn_Bgn_26": "2000", "BA_26": "2", "LNT_26": "2", "BB_26": "2", "DAS_26": "1", "OP_26": "2", "UT_26": "0", "GR_26": "0", "LB_26": "0", "JBT_26": "2", "Tp_Lnts_26": "SUNGAI", "Dt_Lnts_26": "BERKELOK", "Pnangnn_26": "RUTIN", "Pmriksn_26": "DETAIL", "Pnglola_26": "BPJN PAPUA TENGAH", "Satkr_ID26": "693945", "PPK_Name26": "PPK 1.3", "Traffic_26": null, "VCR_26": "0.0567", "AADT_26": "2341", "Tipe_Jb_26": null, "Lat_26": -3.285, "Long_26": 135.5761, "Tgl_Ins_26": "26\/04\/2026", "Ket_26": null }, "geometry": { "type": "Point", "coordinates": [ 135.576096000030475, -3.285002999588698 ] } },
{ "type": "Feature", "properties": { "PROVINSI": "PAPUA TENGAH (NABIRE)", "No_Prov_26": "62", "ID_Jbt_26": "6201153", "Kd_Ruas_26": "620441", "Suffix_26": "1", "Nm_Ruas_26": "BTS. KOTA NABIRE - KIMIBAY", "Lintas_26": "JALAN LINTAS UTARA", "No_Jbt_26": "62.044.018.B.1", "Nm_Jbt_26": "KIMI B", "Status_26": "N", "Fungsi_26": "K", "Lks_Dr_26": "NBR", "Lks_km_26": 9.106, "F_STA_26": "400", "Cadin_26": null, "Pjg_Jbt_26": 55.0, "Btg_Pjg_26": 55.0, "Jml_Btg_26": "1", "Lb_Jl_Ms26": 6.0, "Lb_Jl_Kl26": 6.0, "Lb_Lalin26": 5.97, "Lb_Bh_Ki26": 0.46, "Lb_Bh_Ka26": 0.46, "Lb_Dr_Ki26": 0.07, "Lb_Dr_Ka26": 0.07, "Lb_Tr_Ki26": 0.49, "Lb_Tr_Ka26": 0.49, "Lb_TS_Ki26": 0.0, "Lb_TS_Ka26": 0.0, "Lb_Med_26": 0.0, "Lbr_Jbt_26": 8.01, "Bgn_Ats_26": "RBA", "Jns_Jbt_26": "STANDAR", "Thn_Bgn_26": "2000", "BA_26": "2", "LNT_26": "1", "BB_26": "2", "DAS_26": "1", "OP_26": "1", "UT_26": "0", "GR_26": "0", "LB_26": "0", "JBT_26": "2", "Tp_Lnts_26": "SUNGAI", "Dt_Lnts_26": "BERKELOK", "Pnangnn_26": "RUTIN", "Pmriksn_26": "DETAIL", "Pnglola_26": "BPJN PAPUA TENGAH", "Satkr_ID26": "693945", "PPK_Name26": "PPK 1.3", "Traffic_26": null, "VCR_26": "0.0567", "AADT_26": "2341", "Tipe_Jb_26": null, "Lat_26": -3.28502, "Long_26": 135.57617, "Tgl_Ins_26": "26\/04\/2026", "Ket_26": null }, "geometry": { "type": "Point", "coordinates": [ 135.576171999937856, -3.285024999703921 ] } },
{ "type": "Feature", "properties": { "PROVINSI": "PAPUA TENGAH (NABIRE)", "No_Prov_26": "62", "ID_Jbt_26": "6201493", "Kd_Ruas_26": "620442", "Suffix_26": "2", "Nm_Ruas_26": "KIMIBAY - LEGARE", "Lintas_26": "NON LINTAS", "No_Jbt_26": "62.044.138.0.2", "Nm_Jbt_26": "KIMIBAY 64", "Status_26": "N", "Fungsi_26": "K", "Lks_Dr_26": "KMB", "Lks_km_26": 40.305, "F_STA_26": "600", "Cadin_26": null, "Pjg_Jbt_26": 7.0, "Btg_Pjg_26": 3.0, "Jml_Btg_26": "2", "Lb_Jl_Ms26": 6.0, "Lb_Jl_Kl26": 6.0, "Lb_Lalin26": 6.1, "Lb_Bh_Ki26": 1.9, "Lb_Bh_Ka26": 2.42, "Lb_Dr_Ki26": 0.0, "Lb_Dr_Ka26": 0.0, "Lb_Tr_Ki26": 0.0, "Lb_Tr_Ka26": 0.0, "Lb_TS_Ki26": 0.0, "Lb_TS_Ka26": 0.0, "Lb_Med_26": 0.0, "Lbr_Jbt_26": 10.42, "Bgn_Ats_26": "BTP", "Jns_Jbt_26": "STANDAR", "Thn_Bgn_26": "2010", "BA_26": "0", "LNT_26": "0", "BB_26": "0", "DAS_26": "0", "OP_26": "0", "UT_26": "1", "GR_26": "0", "LB_26": "0", "JBT_26": "1", "Tp_Lnts_26": "SUNGAI", "Dt_Lnts_26": "LURUS", "Pnangnn_26": "RUTIN", "Pmriksn_26": "TIDAK DI SURVEI", "Pnglola_26": "BPJN PAPUA TENGAH", "Satkr_ID26": "693945", "PPK_Name26": "PPK 1.3", "Traffic_26": null, "VCR_26": "0.0511", "AADT_26": "0", "Tipe_Jb_26": null, "Lat_26": -3.19062, "Long_26": 135.80055, "Tgl_Ins_26": "02\/04\/2024", "Ket_26": null }, "geometry": { "type": "Point", "coordinates": [ 135.800551999675122, -3.190622999951415 ] } },
{ "type": "Feature", "properties": { "PROVINSI": "PAPUA TENGAH (NABIRE)", "No_Prov_26": "62", "ID_Jbt_26": "6201500", "Kd_Ruas_26": "620442", "Suffix_26": "2", "Nm_Ruas_26": "KIMIBAY - LEGARE", "Lintas_26": "NON LINTAS", "No_Jbt_26": "62.044.148.0.2", "Nm_Jbt_26": "KIMIBAY 72", "Status_26": "N", "Fungsi_26": "K", "Lks_Dr_26": "KMB", "Lks_km_26": 47.72, "F_STA_26": "900", "Cadin_26": null, "Pjg_Jbt_26": 13.0, "Btg_Pjg_26": 13.0, "Jml_Btg_26": "1", "Lb_Jl_Ms26": 6.0, "Lb_Jl_Kl26": 6.0, "Lb_Lalin26": 6.5, "Lb_Bh_Ki26": 0.0, "Lb_Bh_Ka26": 0.0, "Lb_Dr_Ki26": 0.0, "Lb_Dr_Ka26": 0.0, "Lb_Tr_Ki26": 0.0, "Lb_Tr_Ka26": 0.0, "Lb_TS_Ki26": 0.0, "Lb_TS_Ka26": 0.0, "Lb_Med_26": 0.0, "Lbr_Jbt_26": 6.5, "Bgn_Ats_26": "GTP", "Jns_Jbt_26": "STANDAR", "Thn_Bgn_26": "2000", "BA_26": "1", "LNT_26": "1", "BB_26": "0", "DAS_26": "2", "OP_26": "0", "UT_26": "0", "GR_26": "0", "LB_26": "0", "JBT_26": "2", "Tp_Lnts_26": "SUNGAI", "Dt_Lnts_26": "LURUS", "Pnangnn_26": "RUTIN", "Pmriksn_26": "TIDAK DI SURVEI", "Pnglola_26": "BPJN PAPUA TENGAH", "Satkr_ID26": "693945", "PPK_Name26": "PPK 1.3", "Traffic_26": null, "VCR_26": "0.0511", "AADT_26": "0", "Tipe_Jb_26": null, "Lat_26": -3.22084, "Long_26": 135.83504, "Tgl_Ins_26": "10\/06\/2025", "Ket_26": null }, "geometry": { "type": "Point", "coordinates": [ 135.835036999957651, -3.220838000273432 ] } },
{ "type": "Feature", "properties": { "PROVINSI": "PAPUA TENGAH (NABIRE)", "No_Prov_26": "62", "ID_Jbt_26": "6201506", "Kd_Ruas_26": "620442", "Suffix_26": "2", "Nm_Ruas_26": "KIMIBAY - LEGARE", "Lintas_26": "NON LINTAS", "No_Jbt_26": "62.044.154.0.2", "Nm_Jbt_26": "KIMIBAY 80", "Status_26": "N", "Fungsi_26": "K", "Lks_Dr_26": "KMB", "Lks_km_26": 52.979, "F_STA_26": "200", "Cadin_26": null, "Pjg_Jbt_26": 7.0, "Btg_Pjg_26": 3.0, "Jml_Btg_26": "2", "Lb_Jl_Ms26": 6.0, "Lb_Jl_Kl26": 6.0, "Lb_Lalin26": 5.9, "Lb_Bh_Ki26": 3.25, "Lb_Bh_Ka26": 1.3, "Lb_Dr_Ki26": 0.0, "Lb_Dr_Ka26": 0.0, "Lb_Tr_Ki26": 0.0, "Lb_Tr_Ka26": 0.0, "Lb_TS_Ki26": 0.0, "Lb_TS_Ka26": 0.0, "Lb_Med_26": 0.0, "Lbr_Jbt_26": 10.45, "Bgn_Ats_26": "BTP", "Jns_Jbt_26": "STANDAR", "Thn_Bgn_26": "2011", "BA_26": "1", "LNT_26": "0", "BB_26": "0", "DAS_26": "1", "OP_26": "0", "UT_26": "0", "GR_26": "0", "LB_26": "0", "JBT_26": "1", "Tp_Lnts_26": "SUNGAI", "Dt_Lnts_26": "LURUS", "Pnangnn_26": "RUTIN", "Pmriksn_26": "TIDAK DI SURVEI", "Pnglola_26": "BPJN PAPUA TENGAH", "Satkr_ID26": "693945", "PPK_Name26": "PPK 1.3", "Traffic_26": null, "VCR_26": "0.0511", "AADT_26": "0", "Tipe_Jb_26": null, "Lat_26": -3.24964, "Long_26": 135.83319, "Tgl_Ins_26": "27\/05\/2021", "Ket_26": null }, "geometry": { "type": "Point", "coordinates": [ 135.833191000264492, -3.249638000093569 ] } },
{ "type": "Feature", "properties": { "PROVINSI": "PAPUA TENGAH (NABIRE)", "No_Prov_26": "62", "ID_Jbt_26": "6201507", "Kd_Ruas_26": "620442", "Suffix_26": "2", "Nm_Ruas_26": "KIMIBAY - LEGARE", "Lintas_26": "NON LINTAS", "No_Jbt_26": "62.044.155.0.2", "Nm_Jbt_26": "KIMIBAY 81", "Status_26": "N", "Fungsi_26": "K", "Lks_Dr_26": "KMB", "Lks_km_26": 53.195, "F_STA_26": "500", "Cadin_26": null, "Pjg_Jbt_26": 6.0, "Btg_Pjg_26": 3.0, "Jml_Btg_26": "2", "Lb_Jl_Ms26": 6.0, "Lb_Jl_Kl26": 6.0, "Lb_Lalin26": 6.06, "Lb_Bh_Ki26": 2.93, "Lb_Bh_Ka26": 1.6, "Lb_Dr_Ki26": 0.0, "Lb_Dr_Ka26": 0.0, "Lb_Tr_Ki26": 0.0, "Lb_Tr_Ka26": 0.0, "Lb_TS_Ki26": 0.0, "Lb_TS_Ka26": 0.0, "Lb_Med_26": 0.0, "Lbr_Jbt_26": 10.59, "Bgn_Ats_26": "BTP", "Jns_Jbt_26": "STANDAR", "Thn_Bgn_26": "2011", "BA_26": "0", "LNT_26": "0", "BB_26": "0", "DAS_26": "0", "OP_26": "0", "UT_26": "2", "GR_26": "0", "LB_26": "0", "JBT_26": "2", "Tp_Lnts_26": "SUNGAI", "Dt_Lnts_26": "LURUS", "Pnangnn_26": "RUTIN", "Pmriksn_26": "TIDAK DI SURVEI", "Pnglola_26": "BPJN PAPUA TENGAH", "Satkr_ID26": "693945", "PPK_Name26": "PPK 1.3", "Traffic_26": null, "VCR_26": "0.0511", "AADT_26": "0", "Tipe_Jb_26": null, "Lat_26": -3.24973, "Long_26": 135.83127, "Tgl_Ins_26": "31\/03\/2024", "Ket_26": null }, "geometry": { "type": "Point", "coordinates": [ 135.83126799971842, -3.249734000024034 ] } },
{ "type": "Feature", "properties": { "PROVINSI": "PAPUA TENGAH (NABIRE)", "No_Prov_26": "62", "ID_Jbt_26": "6200706", "Kd_Ruas_26": "62052", "Suffix_26": null, "Nm_Ruas_26": "MAYON - SIMPANG KAPIRAYA", "Lintas_26": "NON LINTAS", "No_Jbt_26": "62.052.012.0", "Nm_Jbt_26": "KIRADA", "Status_26": "N", "Fungsi_26": "A", "Lks_Dr_26": "TMK", "Lks_km_26": 6.615, "F_STA_26": "620", "Cadin_26": null, "Pjg_Jbt_26": 20.0, "Btg_Pjg_26": 20.0, "Jml_Btg_26": "1", "Lb_Jl_Ms26": 0.0, "Lb_Jl_Kl26": 0.0, "Lb_Lalin26": 5.6, "Lb_Bh_Ki26": 0.9, "Lb_Bh_Ka26": 0.3, "Lb_Dr_Ki26": 0.1, "Lb_Dr_Ka26": 0.1, "Lb_Tr_Ki26": 1.3, "Lb_Tr_Ka26": 1.2, "Lb_TS_Ki26": 0.0, "Lb_TS_Ka26": 0.0, "Lb_Med_26": 0.0, "Lbr_Jbt_26": 9.5, "Bgn_Ats_26": "GTP", "Jns_Jbt_26": "STANDAR", "Thn_Bgn_26": "2012", "BA_26": "1", "LNT_26": "0", "BB_26": "1", "DAS_26": "2", "OP_26": "0", "UT_26": "0", "GR_26": "0", "LB_26": "0", "JBT_26": "2", "Tp_Lnts_26": "SUNGAI", "Dt_Lnts_26": "LURUS", "Pnangnn_26": "RUTIN", "Pmriksn_26": "TIDAK DI SURVEI", "Pnglola_26": "BPJN PAPUA TENGAH", "Satkr_ID26": "693943", "PPK_Name26": "PPK 3.2", "Traffic_26": null, "VCR_26": "0.0508", "AADT_26": "474", "Tipe_Jb_26": null, "Lat_26": -4.43247, "Long_26": 136.77574, "Tgl_Ins_26": "14\/09\/2020", "Ket_26": null }, "geometry": { "type": "Point", "coordinates": [ 136.775742000193191, -4.432470000090404 ] } },
{ "type": "Feature", "properties": { "PROVINSI": "PAPUA TENGAH (NABIRE)", "No_Prov_26": "62", "ID_Jbt_26": "6200680", "Kd_Ruas_26": "62050", "Suffix_26": null, "Nm_Ruas_26": "KARUBAGA - ILU - MULIA", "Lintas_26": "NON LINTAS", "No_Jbt_26": "62.050.023.0", "Nm_Jbt_26": "KM 173+300", "Status_26": "N", "Fungsi_26": "A", "Lks_Dr_26": "WMN", "Lks_km_26": 173.3, "F_STA_26": "920", "Cadin_26": null, "Pjg_Jbt_26": 9.0, "Btg_Pjg_26": 9.0, "Jml_Btg_26": "1", "Lb_Jl_Ms26": 0.0, "Lb_Jl_Kl26": 0.0, "Lb_Lalin26": 5.0, "Lb_Bh_Ki26": 0.0, "Lb_Bh_Ka26": 0.0, "Lb_Dr_Ki26": 0.0, "Lb_Dr_Ka26": 0.0, "Lb_Tr_Ki26": 0.0, "Lb_Tr_Ka26": 0.0, "Lb_TS_Ki26": 0.0, "Lb_TS_Ka26": 0.0, "Lb_Med_26": 0.0, "Lbr_Jbt_26": 5.0, "Bgn_Ats_26": "ABP", "Jns_Jbt_26": "STANDAR", "Thn_Bgn_26": "1980", "BA_26": "2", "LNT_26": "1", "BB_26": "0", "DAS_26": "1", "OP_26": "0", "UT_26": "0", "GR_26": "0", "LB_26": "0", "JBT_26": "2", "Tp_Lnts_26": "SUNGAI", "Dt_Lnts_26": "LURUS", "Pnangnn_26": "RUTIN", "Pmriksn_26": "TIDAK DI SURVEI", "Pnglola_26": "BPJN PAPUA TENGAH", "Satkr_ID26": "693948", "PPK_Name26": "PPK 4.1", "Traffic_26": null, "VCR_26": "0.0157", "AADT_26": "0", "Tipe_Jb_26": null, "Lat_26": -3.71738, "Long_26": 138.02302, "Tgl_Ins_26": "22\/10\/2020", "Ket_26": null }, "geometry": { "type": "Point", "coordinates": [ 138.023021999965408, -3.717381999979295 ] } },
{ "type": "Feature", "properties": { "PROVINSI": "PAPUA TENGAH (NABIRE)", "No_Prov_26": "62", "ID_Jbt_26": "6201431", "Kd_Ruas_26": "620442", "Suffix_26": "2", "Nm_Ruas_26": "KIMIBAY - LEGARE", "Lintas_26": "NON LINTAS", "No_Jbt_26": "62.044.044.0.2", "Nm_Jbt_26": "KOROWA", "Status_26": "N", "Fungsi_26": "K", "Lks_Dr_26": "KMB", "Lks_km_26": 2.873, "F_STA_26": "400", "Cadin_26": null, "Pjg_Jbt_26": 40.0, "Btg_Pjg_26": 40.0, "Jml_Btg_26": "1", "Lb_Jl_Ms26": 6.0, "Lb_Jl_Kl26": 6.0, "Lb_Lalin26": 6.03, "Lb_Bh_Ki26": 0.0, "Lb_Bh_Ka26": 0.0, "Lb_Dr_Ki26": 0.07, "Lb_Dr_Ka26": 0.07, "Lb_Tr_Ki26": 0.44, "Lb_Tr_Ka26": 0.45, "Lb_TS_Ki26": 0.0, "Lb_TS_Ka26": 0.0, "Lb_Med_26": 0.0, "Lbr_Jbt_26": 7.06, "Bgn_Ats_26": "RBR", "Jns_Jbt_26": "STANDAR", "Thn_Bgn_26": "1994", "BA_26": "2", "LNT_26": "2", "BB_26": "2", "DAS_26": "3", "OP_26": "2", "UT_26": "0", "GR_26": "0", "LB_26": "0", "JBT_26": "3", "Tp_Lnts_26": "SUNGAI", "Dt_Lnts_26": "BERKELOK", "Pnangnn_26": "RUTIN", "Pmriksn_26": "DETAIL", "Pnglola_26": "BPJN PAPUA TENGAH", "Satkr_ID26": "693945", "PPK_Name26": "PPK 1.3", "Traffic_26": null, "VCR_26": "0.0511", "AADT_26": "0", "Tipe_Jb_26": null, "Lat_26": -3.21312, "Long_26": 135.59085, "Tgl_Ins_26": "04\/05\/2026", "Ket_26": null }, "geometry": { "type": "Point", "coordinates": [ 135.590850999673989, -3.213119000441452 ] } },
{ "type": "Feature", "properties": { "PROVINSI": "PAPUA TENGAH (NABIRE)", "No_Prov_26": "62", "ID_Jbt_26": "6200679", "Kd_Ruas_26": "62050", "Suffix_26": null, "Nm_Ruas_26": "KARUBAGA - ILU - MULIA", "Lintas_26": "NON LINTAS", "No_Jbt_26": "62.050.022.0", "Nm_Jbt_26": "KURAGI", "Status_26": "N", "Fungsi_26": "A", "Lks_Dr_26": "WMN", "Lks_km_26": 172.3, "F_STA_26": "100", "Cadin_26": null, "Pjg_Jbt_26": 95.0, "Btg_Pjg_26": 50.0, "Jml_Btg_26": "2", "Lb_Jl_Ms26": 0.0, "Lb_Jl_Kl26": 0.0, "Lb_Lalin26": 4.0, "Lb_Bh_Ki26": 0.0, "Lb_Bh_Ka26": 0.0, "Lb_Dr_Ki26": 0.0, "Lb_Dr_Ka26": 0.0, "Lb_Tr_Ki26": 0.0, "Lb_Tr_Ka26": 0.0, "Lb_TS_Ki26": 0.0, "Lb_TS_Ka26": 0.0, "Lb_Med_26": 0.0, "Lbr_Jbt_26": 4.0, "Bgn_Ats_26": "RBS", "Jns_Jbt_26": "STANDAR", "Thn_Bgn_26": "1994", "BA_26": "5", "LNT_26": "5", "BB_26": "0", "DAS_26": "5", "OP_26": "0", "UT_26": "0", "GR_26": "0", "LB_26": "0", "JBT_26": "5", "Tp_Lnts_26": "SUNGAI", "Dt_Lnts_26": "BERKELOK", "Pnangnn_26": "BERKALA", "Pmriksn_26": "DETAIL", "Pnglola_26": "BPJN PAPUA TENGAH", "Satkr_ID26": "693948", "PPK_Name26": "PPK 4.1", "Traffic_26": null, "VCR_26": "0.0157", "AADT_26": "0", "Tipe_Jb_26": null, "Lat_26": -3.70201, "Long_26": 138.06956, "Tgl_Ins_26": "11\/05\/2026", "Ket_26": null }, "geometry": { "type": "Point", "coordinates": [ 138.069562000386099, -3.702005999577182 ] } },
{ "type": "Feature", "properties": { "PROVINSI": "PAPUA TENGAH (NABIRE)", "No_Prov_26": "62", "ID_Jbt_26": "6201213", "Kd_Ruas_26": "62017", "Suffix_26": null, "Nm_Ruas_26": "BTS. KOTA NABIRE - WANGGAR", "Lintas_26": "NON LINTAS", "No_Jbt_26": "62.017.068.0", "Nm_Jbt_26": "KWATISORE 10", "Status_26": "N", "Fungsi_26": "A", "Lks_Dr_26": "YAU", "Lks_km_26": 34.753, "F_STA_26": "200", "Cadin_26": null, "Pjg_Jbt_26": 7.0, "Btg_Pjg_26": 3.0, "Jml_Btg_26": "2", "Lb_Jl_Ms26": 6.0, "Lb_Jl_Kl26": 6.0, "Lb_Lalin26": 5.3, "Lb_Bh_Ki26": 1.45, "Lb_Bh_Ka26": 2.32, "Lb_Dr_Ki26": 0.0, "Lb_Dr_Ka26": 0.0, "Lb_Tr_Ki26": 0.0, "Lb_Tr_Ka26": 0.0, "Lb_TS_Ki26": 0.0, "Lb_TS_Ka26": 0.0, "Lb_Med_26": 0.0, "Lbr_Jbt_26": 9.07, "Bgn_Ats_26": "BTP", "Jns_Jbt_26": "STANDAR", "Thn_Bgn_26": "1993", "BA_26": "0", "LNT_26": "0", "BB_26": "0", "DAS_26": "1", "OP_26": "0", "UT_26": "0", "GR_26": "0", "LB_26": "0", "JBT_26": "1", "Tp_Lnts_26": "SUNGAI", "Dt_Lnts_26": "LURUS", "Pnangnn_26": "RUTIN", "Pmriksn_26": "TIDAK DI SURVEI", "Pnglola_26": "BPJN PAPUA TENGAH", "Satkr_ID26": "693945", "PPK_Name26": "PPK 1.2", "Traffic_26": null, "VCR_26": "0.0522", "AADT_26": "3203", "Tipe_Jb_26": null, "Lat_26": -3.43402, "Long_26": 135.46077, "Tgl_Ins_26": "05\/05\/2021", "Ket_26": null }, "geometry": { "type": "Point", "coordinates": [ 135.460770000335287, -3.434017999730884 ] } },
{ "type": "Feature", "properties": { "PROVINSI": "PAPUA TENGAH (NABIRE)", "No_Prov_26": "62", "ID_Jbt_26": "6202418", "Kd_Ruas_26": "62018", "Suffix_26": null, "Nm_Ruas_26": "WANGGAR - KWATOSPRE (BTS. PROV. PAPUA BARAT)", "Lintas_26": "JALAN LINTAS UTARA", "No_Jbt_26": "62.018.057.0", "Nm_Jbt_26": "KWATISORE 92", "Status_26": "N", "Fungsi_26": "A", "Lks_Dr_26": "YAU", "Lks_km_26": 46.461, "F_STA_26": "700", "Cadin_26": null, "Pjg_Jbt_26": 7.1, "Btg_Pjg_26": 3.0, "Jml_Btg_26": "2", "Lb_Jl_Ms26": 6.0, "Lb_Jl_Kl26": 6.0, "Lb_Lalin26": 5.07, "Lb_Bh_Ki26": 0.24, "Lb_Bh_Ka26": 0.0, "Lb_Dr_Ki26": 0.0, "Lb_Dr_Ka26": 0.0, "Lb_Tr_Ki26": 2.84, "Lb_Tr_Ka26": 1.2, "Lb_TS_Ki26": 0.0, "Lb_TS_Ka26": 0.0, "Lb_Med_26": 0.0, "Lbr_Jbt_26": 9.35, "Bgn_Ats_26": "BTP", "Jns_Jbt_26": "STANDAR", "Thn_Bgn_26": "2021", "BA_26": "1", "LNT_26": "1", "BB_26": "0", "DAS_26": "1", "OP_26": "0", "UT_26": "2", "GR_26": "0", "LB_26": "0", "JBT_26": "2", "Tp_Lnts_26": "SUNGAI", "Dt_Lnts_26": "LURUS", "Pnangnn_26": "RUTIN", "Pmriksn_26": "TIDAK DI SURVEI", "Pnglola_26": "BPJN PAPUA TENGAH", "Satkr_ID26": "693945", "PPK_Name26": "PPK 1.2", "Traffic_26": null, "VCR_26": "0.0117", "AADT_26": "211", "Tipe_Jb_26": null, "Lat_26": -3.39017, "Long_26": 135.11157, "Tgl_Ins_26": "25\/03\/2024", "Ket_26": null }, "geometry": { "type": "Point", "coordinates": [ 135.111572000247634, -3.39016500001469 ] } },
{ "type": "Feature", "properties": { "PROVINSI": "PAPUA TENGAH (NABIRE)", "No_Prov_26": "62", "ID_Jbt_26": "6201790", "Kd_Ruas_26": "62018", "Suffix_26": null, "Nm_Ruas_26": "WANGGAR - KWATOSPRE (BTS. PROV. PAPUA BARAT)", "Lintas_26": "JALAN LINTAS UTARA", "No_Jbt_26": "62.018.054.0", "Nm_Jbt_26": "KWATISORE 92 C", "Status_26": "N", "Fungsi_26": "A", "Lks_Dr_26": "YAU", "Lks_km_26": 43.381, "F_STA_26": "700", "Cadin_26": null, "Pjg_Jbt_26": 15.28, "Btg_Pjg_26": 3.0, "Jml_Btg_26": "2", "Lb_Jl_Ms26": 6.0, "Lb_Jl_Kl26": 6.0, "Lb_Lalin26": 5.23, "Lb_Bh_Ki26": 3.03, "Lb_Bh_Ka26": 0.0, "Lb_Dr_Ki26": 0.0, "Lb_Dr_Ka26": 0.0, "Lb_Tr_Ki26": 0.0, "Lb_Tr_Ka26": 0.0, "Lb_TS_Ki26": 0.0, "Lb_TS_Ka26": 0.0, "Lb_Med_26": 0.0, "Lbr_Jbt_26": 8.26, "Bgn_Ats_26": "BTP", "Jns_Jbt_26": "STANDAR", "Thn_Bgn_26": "2014", "BA_26": "0", "LNT_26": "0", "BB_26": "0", "DAS_26": "1", "OP_26": "0", "UT_26": "2", "GR_26": "0", "LB_26": "0", "JBT_26": "2", "Tp_Lnts_26": "SUNGAI", "Dt_Lnts_26": "LURUS", "Pnangnn_26": "RUTIN", "Pmriksn_26": "TIDAK DI SURVEI", "Pnglola_26": "BPJN PAPUA TENGAH", "Satkr_ID26": "693945", "PPK_Name26": "PPK 1.2", "Traffic_26": null, "VCR_26": "0.0117", "AADT_26": "211", "Tipe_Jb_26": null, "Lat_26": -3.38898, "Long_26": 135.13539, "Tgl_Ins_26": "23\/03\/2024", "Ket_26": null }, "geometry": { "type": "Point", "coordinates": [ 135.135390999694891, -3.38897700008846 ] } },
{ "type": "Feature", "properties": { "PROVINSI": "PAPUA TENGAH (NABIRE)", "No_Prov_26": "62", "ID_Jbt_26": "6201787", "Kd_Ruas_26": "62018", "Suffix_26": null, "Nm_Ruas_26": "WANGGAR - KWATOSPRE (BTS. PROV. PAPUA BARAT)", "Lintas_26": "JALAN LINTAS UTARA", "No_Jbt_26": "62.018.052.0", "Nm_Jbt_26": "KWATISORE 92 E", "Status_26": "N", "Fungsi_26": "A", "Lks_Dr_26": "YAU", "Lks_km_26": 39.427, "F_STA_26": "0", "Cadin_26": null, "Pjg_Jbt_26": 10.0, "Btg_Pjg_26": 3.0, "Jml_Btg_26": "3", "Lb_Jl_Ms26": 6.0, "Lb_Jl_Kl26": 6.0, "Lb_Lalin26": 5.2, "Lb_Bh_Ki26": 0.28, "Lb_Bh_Ka26": 0.3, "Lb_Dr_Ki26": 0.0, "Lb_Dr_Ka26": 0.0, "Lb_Tr_Ki26": 1.8, "Lb_Tr_Ka26": 2.16, "Lb_TS_Ki26": 0.0, "Lb_TS_Ka26": 0.0, "Lb_Med_26": 0.0, "Lbr_Jbt_26": 9.74, "Bgn_Ats_26": "BTP", "Jns_Jbt_26": "STANDAR", "Thn_Bgn_26": "2014", "BA_26": "0", "LNT_26": "0", "BB_26": "0", "DAS_26": "2", "OP_26": "0", "UT_26": "0", "GR_26": "0", "LB_26": "0", "JBT_26": "2", "Tp_Lnts_26": "SUNGAI", "Dt_Lnts_26": "LURUS", "Pnangnn_26": "RUTIN", "Pmriksn_26": "TIDAK DI SURVEI", "Pnglola_26": "BPJN PAPUA TENGAH", "Satkr_ID26": "693945", "PPK_Name26": "PPK 1.2", "Traffic_26": null, "VCR_26": "0.0117", "AADT_26": "211", "Tipe_Jb_26": null, "Lat_26": -3.38351, "Long_26": 135.15974, "Tgl_Ins_26": "07\/05\/2021", "Ket_26": null }, "geometry": { "type": "Point", "coordinates": [ 135.159744000385331, -3.383508999740513 ] } },
{ "type": "Feature", "properties": { "PROVINSI": "PAPUA TENGAH (NABIRE)", "No_Prov_26": "62", "ID_Jbt_26": "6201515", "Kd_Ruas_26": "62052", "Suffix_26": null, "Nm_Ruas_26": "MAYON - SIMPANG KAPIRAYA", "Lintas_26": "NON LINTAS", "No_Jbt_26": "62.052.047.0", "Nm_Jbt_26": "KYURA", "Status_26": "N", "Fungsi_26": "A", "Lks_Dr_26": "TMK", "Lks_km_26": 54.605, "F_STA_26": "300", "Cadin_26": null, "Pjg_Jbt_26": 150.0, "Btg_Pjg_26": 50.0, "Jml_Btg_26": "3", "Lb_Jl_Ms26": 0.0, "Lb_Jl_Kl26": 0.0, "Lb_Lalin26": 6.5, "Lb_Bh_Ki26": 0.1, "Lb_Bh_Ka26": 0.1, "Lb_Dr_Ki26": 0.1, "Lb_Dr_Ka26": 0.1, "Lb_Tr_Ki26": 0.9, "Lb_Tr_Ka26": 0.9, "Lb_TS_Ki26": 0.25, "Lb_TS_Ka26": 0.25, "Lb_Med_26": 0.0, "Lbr_Jbt_26": 9.2, "Bgn_Ats_26": "RBP", "Jns_Jbt_26": "STANDAR", "Thn_Bgn_26": "2015", "BA_26": "2", "LNT_26": "1", "BB_26": "1", "DAS_26": "3", "OP_26": "0", "UT_26": "0", "GR_26": "0", "LB_26": "0", "JBT_26": "3", "Tp_Lnts_26": "SUNGAI", "Dt_Lnts_26": "BRAIDED", "Pnangnn_26": "RUTIN", "Pmriksn_26": "DETAIL", "Pnglola_26": "BPJN PAPUA TENGAH", "Satkr_ID26": "693943", "PPK_Name26": "PPK 3.2", "Traffic_26": null, "VCR_26": "0.0508", "AADT_26": "474", "Tipe_Jb_26": null, "Lat_26": -4.25146, "Long_26": 136.64296, "Tgl_Ins_26": "04\/05\/2026", "Ket_26": null }, "geometry": { "type": "Point", "coordinates": [ 136.642960000403718, -4.251461000324866 ] } },
{ "type": "Feature", "properties": { "PROVINSI": "PAPUA TENGAH (NABIRE)", "No_Prov_26": "62", "ID_Jbt_26": "6201486", "Kd_Ruas_26": "620442", "Suffix_26": "2", "Nm_Ruas_26": "KIMIBAY - LEGARE", "Lintas_26": "NON LINTAS", "No_Jbt_26": "62.044.099.0.2", "Nm_Jbt_26": "LAGARI JAYA", "Status_26": "N", "Fungsi_26": "K", "Lks_Dr_26": "KMB", "Lks_km_26": 31.39, "F_STA_26": "200", "Cadin_26": null, "Pjg_Jbt_26": 7.0, "Btg_Pjg_26": 7.0, "Jml_Btg_26": "1", "Lb_Jl_Ms26": 6.0, "Lb_Jl_Kl26": 6.0, "Lb_Lalin26": 5.9, "Lb_Bh_Ki26": 1.53, "Lb_Bh_Ka26": 2.03, "Lb_Dr_Ki26": 0.0, "Lb_Dr_Ka26": 0.0, "Lb_Tr_Ki26": 0.0, "Lb_Tr_Ka26": 0.0, "Lb_TS_Ki26": 0.0, "Lb_TS_Ka26": 0.0, "Lb_Med_26": 0.0, "Lbr_Jbt_26": 10.06, "Bgn_Ats_26": "BTP", "Jns_Jbt_26": "STANDAR", "Thn_Bgn_26": "2012", "BA_26": "1", "LNT_26": "0", "BB_26": "0", "DAS_26": "0", "OP_26": "0", "UT_26": "0", "GR_26": "0", "LB_26": "0", "JBT_26": "1", "Tp_Lnts_26": "SUNGAI", "Dt_Lnts_26": "LURUS", "Pnangnn_26": "RUTIN", "Pmriksn_26": "TIDAK DI SURVEI", "Pnglola_26": "BPJN PAPUA TENGAH", "Satkr_ID26": "693945", "PPK_Name26": "PPK 1.3", "Traffic_26": null, "VCR_26": "0.0511", "AADT_26": "0", "Tipe_Jb_26": null, "Lat_26": -3.16872, "Long_26": 135.75575, "Tgl_Ins_26": "27\/05\/2021", "Ket_26": null }, "geometry": { "type": "Point", "coordinates": [ 135.755753000400659, -3.168720999874211 ] } },
{ "type": "Feature", "properties": { "PROVINSI": "PAPUA TENGAH (NABIRE)", "No_Prov_26": "62", "ID_Jbt_26": "6201190", "Kd_Ruas_26": "62017", "Suffix_26": null, "Nm_Ruas_26": "BTS. KOTA NABIRE - WANGGAR", "Lintas_26": "NON LINTAS", "No_Jbt_26": "62.017.059.0", "Nm_Jbt_26": "LAUT TIMUR", "Status_26": "N", "Fungsi_26": "A", "Lks_Dr_26": "NBR", "Lks_km_26": 30.045, "F_STA_26": "400", "Cadin_26": null, "Pjg_Jbt_26": 9.7, "Btg_Pjg_26": 9.7, "Jml_Btg_26": "1", "Lb_Jl_Ms26": 6.0, "Lb_Jl_Kl26": 6.0, "Lb_Lalin26": 5.0, "Lb_Bh_Ki26": 0.46, "Lb_Bh_Ka26": 0.7, "Lb_Dr_Ki26": 0.07, "Lb_Dr_Ka26": 0.07, "Lb_Tr_Ki26": 0.8, "Lb_Tr_Ka26": 0.8, "Lb_TS_Ki26": 0.0, "Lb_TS_Ka26": 0.0, "Lb_Med_26": 0.0, "Lbr_Jbt_26": 7.9, "Bgn_Ats_26": "GTP", "Jns_Jbt_26": "STANDAR", "Thn_Bgn_26": "2008", "BA_26": "1", "LNT_26": "1", "BB_26": "2", "DAS_26": "1", "OP_26": "0", "UT_26": "0", "GR_26": "0", "LB_26": "0", "JBT_26": "2", "Tp_Lnts_26": "SUNGAI", "Dt_Lnts_26": "LURUS", "Pnangnn_26": "RUTIN", "Pmriksn_26": "TIDAK DI SURVEI", "Pnglola_26": "BPJN PAPUA TENGAH", "Satkr_ID26": "693945", "PPK_Name26": "PPK 1.2", "Traffic_26": null, "VCR_26": "0.0522", "AADT_26": "3203", "Tipe_Jb_26": null, "Lat_26": -3.45088, "Long_26": 135.4283, "Tgl_Ins_26": "20\/03\/2024", "Ket_26": null }, "geometry": { "type": "Point", "coordinates": [ 135.428299000298693, -3.450882999550743 ] } },
{ "type": "Feature", "properties": { "PROVINSI": "PAPUA TENGAH (NABIRE)", "No_Prov_26": "62", "ID_Jbt_26": "6201578", "Kd_Ruas_26": "62015", "Suffix_26": null, "Nm_Ruas_26": "MOANEMANI - BEDUDIPA", "Lintas_26": "JALAN LINTAS TENGAH", "No_Jbt_26": "62.015.040.0", "Nm_Jbt_26": "LONGSOR", "Status_26": "N", "Fungsi_26": "A", "Lks_Dr_26": "BDP", "Lks_km_26": 25.507, "F_STA_26": "200", "Cadin_26": null, "Pjg_Jbt_26": 40.5, "Btg_Pjg_26": 40.5, "Jml_Btg_26": "1", "Lb_Jl_Ms26": 5.9, "Lb_Jl_Kl26": 5.9, "Lb_Lalin26": 7.0, "Lb_Bh_Ki26": 0.0, "Lb_Bh_Ka26": 0.0, "Lb_Dr_Ki26": 0.0, "Lb_Dr_Ka26": 0.0, "Lb_Tr_Ki26": 0.0, "Lb_Tr_Ka26": 0.0, "Lb_TS_Ki26": 0.0, "Lb_TS_Ka26": 0.0, "Lb_Med_26": 0.0, "Lbr_Jbt_26": 7.0, "Bgn_Ats_26": "RBR", "Jns_Jbt_26": "STANDAR", "Thn_Bgn_26": "1999", "BA_26": "2", "LNT_26": "0", "BB_26": "2", "DAS_26": "1", "OP_26": "0", "UT_26": "0", "GR_26": "0", "LB_26": "0", "JBT_26": "2", "Tp_Lnts_26": "SUNGAI", "Dt_Lnts_26": "LURUS", "Pnangnn_26": "RUTIN", "Pmriksn_26": "DETAIL", "Pnglola_26": "BPJN PAPUA TENGAH", "Satkr_ID26": "693945", "PPK_Name26": "PPK 1.1", "Traffic_26": null, "VCR_26": "0.1231", "AADT_26": "4467", "Tipe_Jb_26": null, "Lat_26": -3.57769, "Long_26": 135.95747, "Tgl_Ins_26": "04\/06\/2026", "Ket_26": null }, "geometry": { "type": "Point", "coordinates": [ 135.957474000225034, -3.577688999847396 ] } },
{ "type": "Feature", "properties": { "PROVINSI": "PAPUA TENGAH (NABIRE)", "No_Prov_26": "62", "ID_Jbt_26": "6201579", "Kd_Ruas_26": "62015", "Suffix_26": null, "Nm_Ruas_26": "MOANEMANI - BEDUDIPA", "Lintas_26": "JALAN LINTAS TENGAH", "No_Jbt_26": "62.015.042.0", "Nm_Jbt_26": "LONGSOR 1\/EBORE", "Status_26": "N", "Fungsi_26": "A", "Lks_Dr_26": "BDP", "Lks_km_26": 30.57, "F_STA_26": "0", "Cadin_26": null, "Pjg_Jbt_26": 30.3, "Btg_Pjg_26": 30.3, "Jml_Btg_26": "1", "Lb_Jl_Ms26": 5.9, "Lb_Jl_Kl26": 5.9, "Lb_Lalin26": 7.0, "Lb_Bh_Ki26": 0.0, "Lb_Bh_Ka26": 0.0, "Lb_Dr_Ki26": 0.0, "Lb_Dr_Ka26": 0.0, "Lb_Tr_Ki26": 0.0, "Lb_Tr_Ka26": 0.0, "Lb_TS_Ki26": 0.0, "Lb_TS_Ka26": 0.0, "Lb_Med_26": 0.0, "Lbr_Jbt_26": 7.0, "Bgn_Ats_26": "GBP", "Jns_Jbt_26": "STANDAR", "Thn_Bgn_26": "2013", "BA_26": "2", "LNT_26": "2", "BB_26": "1", "DAS_26": "1", "OP_26": "1", "UT_26": "0", "GR_26": "0", "LB_26": "0", "JBT_26": "2", "Tp_Lnts_26": "SUNGAI", "Dt_Lnts_26": "LURUS", "Pnangnn_26": "RUTIN", "Pmriksn_26": "TIDAK DI SURVEI", "Pnglola_26": "BPJN PAPUA TENGAH", "Satkr_ID26": "693945", "PPK_Name26": "PPK 1.1", "Traffic_26": null, "VCR_26": "0.1231", "AADT_26": "4467", "Tipe_Jb_26": null, "Lat_26": -3.60455, "Long_26": 135.97661, "Tgl_Ins_26": "05\/05\/2024", "Ket_26": null }, "geometry": { "type": "Point", "coordinates": [ 135.976607000312924, -3.604553000320664 ] } },
{ "type": "Feature", "properties": { "PROVINSI": "PAPUA TENGAH (NABIRE)", "No_Prov_26": "62", "ID_Jbt_26": "6201581", "Kd_Ruas_26": "62015", "Suffix_26": null, "Nm_Ruas_26": "MOANEMANI - BEDUDIPA", "Lintas_26": "JALAN LINTAS TENGAH", "No_Jbt_26": "62.015.044.0", "Nm_Jbt_26": "LONGSOR 2\/SUDAR", "Status_26": "N", "Fungsi_26": "A", "Lks_Dr_26": "BDP", "Lks_km_26": 32.169, "F_STA_26": "600", "Cadin_26": null, "Pjg_Jbt_26": 40.5, "Btg_Pjg_26": 40.5, "Jml_Btg_26": "1", "Lb_Jl_Ms26": 5.95, "Lb_Jl_Kl26": 5.95, "Lb_Lalin26": 7.0, "Lb_Bh_Ki26": 0.0, "Lb_Bh_Ka26": 0.0, "Lb_Dr_Ki26": 0.0, "Lb_Dr_Ka26": 0.0, "Lb_Tr_Ki26": 0.0, "Lb_Tr_Ka26": 0.0, "Lb_TS_Ki26": 0.0, "Lb_TS_Ka26": 0.0, "Lb_Med_26": 0.0, "Lbr_Jbt_26": 7.0, "Bgn_Ats_26": "RBR", "Jns_Jbt_26": "STANDAR", "Thn_Bgn_26": "2013", "BA_26": "2", "LNT_26": "0", "BB_26": "2", "DAS_26": "2", "OP_26": "0", "UT_26": "0", "GR_26": "0", "LB_26": "0", "JBT_26": "2", "Tp_Lnts_26": "SUNGAI", "Dt_Lnts_26": "LURUS", "Pnangnn_26": "RUTIN", "Pmriksn_26": "DETAIL", "Pnglola_26": "BPJN PAPUA TENGAH", "Satkr_ID26": "693945", "PPK_Name26": "PPK 1.1", "Traffic_26": null, "VCR_26": "0.1231", "AADT_26": "4467", "Tipe_Jb_26": null, "Lat_26": -3.61503, "Long_26": 135.98217, "Tgl_Ins_26": "04\/06\/2026", "Ket_26": null }, "geometry": { "type": "Point", "coordinates": [ 135.982165000314581, -3.615033999819161 ] } },
{ "type": "Feature", "properties": { "PROVINSI": "PAPUA TENGAH (NABIRE)", "No_Prov_26": "62", "ID_Jbt_26": "6200661", "Kd_Ruas_26": "62050", "Suffix_26": null, "Nm_Ruas_26": "KARUBAGA - ILU - MULIA", "Lintas_26": "NON LINTAS", "No_Jbt_26": "62.050.004.0", "Nm_Jbt_26": "LUGUK", "Status_26": "N", "Fungsi_26": "A", "Lks_Dr_26": "WMN", "Lks_km_26": 21.362, "F_STA_26": "120", "Cadin_26": null, "Pjg_Jbt_26": 30.0, "Btg_Pjg_26": 30.0, "Jml_Btg_26": "1", "Lb_Jl_Ms26": 0.0, "Lb_Jl_Kl26": 0.0, "Lb_Lalin26": 7.0, "Lb_Bh_Ki26": 0.0, "Lb_Bh_Ka26": 0.0, "Lb_Dr_Ki26": 0.0, "Lb_Dr_Ka26": 0.0, "Lb_Tr_Ki26": 0.0, "Lb_Tr_Ka26": 0.0, "Lb_TS_Ki26": 0.0, "Lb_TS_Ka26": 0.0, "Lb_Med_26": 0.0, "Lbr_Jbt_26": 7.0, "Bgn_Ats_26": "WXX", "Jns_Jbt_26": "STANDAR", "Thn_Bgn_26": "0", "BA_26": "0", "LNT_26": "0", "BB_26": "0", "DAS_26": "0", "OP_26": "0", "UT_26": "0", "GR_26": "0", "LB_26": "5", "JBT_26": "5", "Tp_Lnts_26": "SUNGAI", "Dt_Lnts_26": "LURUS", "Pnangnn_26": "PEMBANGUNAN", "Pmriksn_26": "DETAIL", "Pnglola_26": "BPJN PAPUA TENGAH", "Satkr_ID26": "693948", "PPK_Name26": "PPK 4.1", "Traffic_26": null, "VCR_26": "0.0157", "AADT_26": "0", "Tipe_Jb_26": null, "Lat_26": -3.68591, "Long_26": 138.36942, "Tgl_Ins_26": "09\/05\/2026", "Ket_26": null }, "geometry": { "type": "Point", "coordinates": [ 138.369415000202139, -3.685911000192448 ] } },
{ "type": "Feature", "properties": { "PROVINSI": "PAPUA TENGAH (NABIRE)", "No_Prov_26": "62", "ID_Jbt_26": "6201027", "Kd_Ruas_26": "62016", "Suffix_26": null, "Nm_Ruas_26": "BEDUDIPA - BTS. KOTA NABIRE", "Lintas_26": "NON LINTAS", "No_Jbt_26": "62.016.135.0", "Nm_Jbt_26": "MAHMUD", "Status_26": "N", "Fungsi_26": "A", "Lks_Dr_26": "NBR", "Lks_km_26": 79.207, "F_STA_26": "300", "Cadin_26": null, "Pjg_Jbt_26": 60.5, "Btg_Pjg_26": 60.5, "Jml_Btg_26": "1", "Lb_Jl_Ms26": 4.4, "Lb_Jl_Kl26": 4.4, "Lb_Lalin26": 6.0, "Lb_Bh_Ki26": 0.0, "Lb_Bh_Ka26": 0.0, "Lb_Dr_Ki26": 0.07, "Lb_Dr_Ka26": 0.07, "Lb_Tr_Ki26": 0.45, "Lb_Tr_Ka26": 0.47, "Lb_TS_Ki26": 0.0, "Lb_TS_Ka26": 0.0, "Lb_Med_26": 0.0, "Lbr_Jbt_26": 7.06, "Bgn_Ats_26": "RBR", "Jns_Jbt_26": "STANDAR", "Thn_Bgn_26": "2014", "BA_26": "2", "LNT_26": "1", "BB_26": "1", "DAS_26": "1", "OP_26": "2", "UT_26": "0", "GR_26": "0", "LB_26": "0", "JBT_26": "2", "Tp_Lnts_26": "SUNGAI", "Dt_Lnts_26": "LURUS", "Pnangnn_26": "RUTIN", "Pmriksn_26": "DETAIL", "Pnglola_26": "BPJN PAPUA TENGAH", "Satkr_ID26": "693945", "PPK_Name26": "PPK 1.1", "Traffic_26": null, "VCR_26": "0.0287", "AADT_26": "243", "Tipe_Jb_26": null, "Lat_26": -3.57543, "Long_26": 135.7805, "Tgl_Ins_26": "06\/05\/2026", "Ket_26": null }, "geometry": { "type": "Point", "coordinates": [ 135.780501999567718, -3.575434000178916 ] } },
{ "type": "Feature", "properties": { "PROVINSI": "PAPUA TENGAH (NABIRE)", "No_Prov_26": "62", "ID_Jbt_26": "6202200", "Kd_Ruas_26": "620442", "Suffix_26": "2", "Nm_Ruas_26": "KIMIBAY - LEGARE", "Lintas_26": "NON LINTAS", "No_Jbt_26": "62.044.101.0.2", "Nm_Jbt_26": "MAIDEY", "Status_26": "N", "Fungsi_26": "K", "Lks_Dr_26": "KMB", "Lks_km_26": 33.262, "F_STA_26": "800", "Cadin_26": null, "Pjg_Jbt_26": 7.0, "Btg_Pjg_26": 3.0, "Jml_Btg_26": "2", "Lb_Jl_Ms26": 6.0, "Lb_Jl_Kl26": 6.0, "Lb_Lalin26": 6.4, "Lb_Bh_Ki26": 2.55, "Lb_Bh_Ka26": 1.54, "Lb_Dr_Ki26": 0.0, "Lb_Dr_Ka26": 0.0, "Lb_Tr_Ki26": 0.0, "Lb_Tr_Ka26": 0.0, "Lb_TS_Ki26": 0.0, "Lb_TS_Ka26": 0.0, "Lb_Med_26": 0.0, "Lbr_Jbt_26": 10.49, "Bgn_Ats_26": "BTP", "Jns_Jbt_26": "STANDAR", "Thn_Bgn_26": "2012", "BA_26": "0", "LNT_26": "0", "BB_26": "0", "DAS_26": "0", "OP_26": "0", "UT_26": "0", "GR_26": "3", "LB_26": "0", "JBT_26": "3", "Tp_Lnts_26": "SUNGAI", "Dt_Lnts_26": "LURUS", "Pnangnn_26": "REHABILITASI", "Pmriksn_26": "DETAIL", "Pnglola_26": "BPJN PAPUA TENGAH", "Satkr_ID26": "693945", "PPK_Name26": "PPK 1.3", "Traffic_26": null, "VCR_26": "0.0511", "AADT_26": "0", "Tipe_Jb_26": null, "Lat_26": -3.17855, "Long_26": 135.76085, "Tgl_Ins_26": "02\/05\/2026", "Ket_26": null }, "geometry": { "type": "Point", "coordinates": [ 135.760848999781615, -3.178547999790283 ] } },
{ "type": "Feature", "properties": { "PROVINSI": "PAPUA TENGAH (NABIRE)", "No_Prov_26": "62", "ID_Jbt_26": "6202203", "Kd_Ruas_26": "620442", "Suffix_26": "2", "Nm_Ruas_26": "KIMIBAY - LEGARE", "Lintas_26": "NON LINTAS", "No_Jbt_26": "62.044.104.0.2", "Nm_Jbt_26": "MAIDEY 1", "Status_26": "N", "Fungsi_26": "K", "Lks_Dr_26": "KMB", "Lks_km_26": 34.319, "F_STA_26": "700", "Cadin_26": null, "Pjg_Jbt_26": 7.0, "Btg_Pjg_26": 3.0, "Jml_Btg_26": "2", "Lb_Jl_Ms26": 6.0, "Lb_Jl_Kl26": 6.0, "Lb_Lalin26": 6.15, "Lb_Bh_Ki26": 1.8, "Lb_Bh_Ka26": 2.4, "Lb_Dr_Ki26": 0.0, "Lb_Dr_Ka26": 0.0, "Lb_Tr_Ki26": 0.0, "Lb_Tr_Ka26": 0.0, "Lb_TS_Ki26": 0.0, "Lb_TS_Ka26": 0.0, "Lb_Med_26": 0.0, "Lbr_Jbt_26": 10.35, "Bgn_Ats_26": "BTP", "Jns_Jbt_26": "STANDAR", "Thn_Bgn_26": "2012", "BA_26": "0", "LNT_26": "0", "BB_26": "0", "DAS_26": "2", "OP_26": "0", "UT_26": "2", "GR_26": "0", "LB_26": "0", "JBT_26": "2", "Tp_Lnts_26": "SUNGAI", "Dt_Lnts_26": "LURUS", "Pnangnn_26": "RUTIN", "Pmriksn_26": "TIDAK DI SURVEI", "Pnglola_26": "BPJN PAPUA TENGAH", "Satkr_ID26": "693945", "PPK_Name26": "PPK 1.3", "Traffic_26": null, "VCR_26": "0.0511", "AADT_26": "0", "Tipe_Jb_26": null, "Lat_26": -3.1788, "Long_26": 135.76843, "Tgl_Ins_26": "01\/04\/2024", "Ket_26": null }, "geometry": { "type": "Point", "coordinates": [ 135.768432999683228, -3.178798999674029 ] } },
{ "type": "Feature", "properties": { "PROVINSI": "PAPUA TENGAH (NABIRE)", "No_Prov_26": "62", "ID_Jbt_26": "6201399", "Kd_Ruas_26": "6204413", "Suffix_26": "13", "Nm_Ruas_26": "JLN. R.E. MARTADINATA (NABIRE)", "Lintas_26": "JALAN LINTAS UTARA", "No_Jbt_26": "62.044.039.A.13", "Nm_Jbt_26": "MALOMPO A", "Status_26": "N", "Fungsi_26": "K", "Lks_Dr_26": "NBR", "Lks_km_26": 1.141, "F_STA_26": "900", "Cadin_26": null, "Pjg_Jbt_26": 6.0, "Btg_Pjg_26": 6.0, "Jml_Btg_26": "1", "Lb_Jl_Ms26": 5.5, "Lb_Jl_Kl26": 5.5, "Lb_Lalin26": 5.65, "Lb_Bh_Ki26": 0.8, "Lb_Bh_Ka26": 0.0, "Lb_Dr_Ki26": 0.0, "Lb_Dr_Ka26": 0.0, "Lb_Tr_Ki26": 0.93, "Lb_Tr_Ka26": 0.39, "Lb_TS_Ki26": 0.0, "Lb_TS_Ka26": 0.0, "Lb_Med_26": 0.0, "Lbr_Jbt_26": 7.77, "Bgn_Ats_26": "PTP", "Jns_Jbt_26": "STANDAR", "Thn_Bgn_26": "1993", "BA_26": "2", "LNT_26": "2", "BB_26": "1", "DAS_26": "2", "OP_26": "0", "UT_26": "0", "GR_26": "0", "LB_26": "0", "JBT_26": "2", "Tp_Lnts_26": "SUNGAI", "Dt_Lnts_26": "LURUS", "Pnangnn_26": "RUTIN", "Pmriksn_26": "TIDAK DI SURVEI", "Pnglola_26": "BPJN PAPUA TENGAH", "Satkr_ID26": "693945", "PPK_Name26": "PPK 1.2", "Traffic_26": null, "VCR_26": "0.1954", "AADT_26": "3340", "Tipe_Jb_26": null, "Lat_26": -3.35068, "Long_26": 135.51418, "Tgl_Ins_26": "14\/03\/2024", "Ket_26": null }, "geometry": { "type": "Point", "coordinates": [ 135.514174999876445, -3.35067900023563 ] } },
{ "type": "Feature", "properties": { "PROVINSI": "PAPUA TENGAH (NABIRE)", "No_Prov_26": "62", "ID_Jbt_26": "6201400", "Kd_Ruas_26": "6204413", "Suffix_26": "13", "Nm_Ruas_26": "JLN. R.E. MARTADINATA (NABIRE)", "Lintas_26": "JALAN LINTAS UTARA", "No_Jbt_26": "62.044.039.B.13", "Nm_Jbt_26": "MALOMPO B", "Status_26": "N", "Fungsi_26": "K", "Lks_Dr_26": "NBR", "Lks_km_26": 1.141, "F_STA_26": "900", "Cadin_26": null, "Pjg_Jbt_26": 6.0, "Btg_Pjg_26": 6.0, "Jml_Btg_26": "1", "Lb_Jl_Ms26": 5.5, "Lb_Jl_Kl26": 5.5, "Lb_Lalin26": 5.4, "Lb_Bh_Ki26": 0.16, "Lb_Bh_Ka26": 0.0, "Lb_Dr_Ki26": 0.0, "Lb_Dr_Ka26": 0.0, "Lb_Tr_Ki26": 0.34, "Lb_Tr_Ka26": 0.93, "Lb_TS_Ki26": 0.0, "Lb_TS_Ka26": 0.0, "Lb_Med_26": 0.0, "Lbr_Jbt_26": 6.83, "Bgn_Ats_26": "PTP", "Jns_Jbt_26": "STANDAR", "Thn_Bgn_26": "1993", "BA_26": "2", "LNT_26": "2", "BB_26": "1", "DAS_26": "1", "OP_26": "0", "UT_26": "0", "GR_26": "0", "LB_26": "0", "JBT_26": "2", "Tp_Lnts_26": "SUNGAI", "Dt_Lnts_26": "LURUS", "Pnangnn_26": "RUTIN", "Pmriksn_26": "TIDAK DI SURVEI", "Pnglola_26": "BPJN PAPUA TENGAH", "Satkr_ID26": "693945", "PPK_Name26": "PPK 1.2", "Traffic_26": null, "VCR_26": "0.1954", "AADT_26": "3340", "Tipe_Jb_26": null, "Lat_26": -3.3508, "Long_26": 135.51419, "Tgl_Ins_26": "14\/03\/2024", "Ket_26": null }, "geometry": { "type": "Point", "coordinates": [ 135.51419099971497, -3.350804999750892 ] } },
{ "type": "Feature", "properties": { "PROVINSI": "PAPUA TENGAH (NABIRE)", "No_Prov_26": "62", "ID_Jbt_26": "6201474", "Kd_Ruas_26": "620442", "Suffix_26": "2", "Nm_Ruas_26": "KIMIBAY - LEGARE", "Lintas_26": "NON LINTAS", "No_Jbt_26": "62.044.087.0.2", "Nm_Jbt_26": "MAMORANI", "Status_26": "N", "Fungsi_26": "K", "Lks_Dr_26": "KMB", "Lks_km_26": 21.529, "F_STA_26": "600", "Cadin_26": null, "Pjg_Jbt_26": 6.0, "Btg_Pjg_26": 6.0, "Jml_Btg_26": "1", "Lb_Jl_Ms26": 6.0, "Lb_Jl_Kl26": 6.0, "Lb_Lalin26": 5.55, "Lb_Bh_Ki26": 1.0, "Lb_Bh_Ka26": 0.6, "Lb_Dr_Ki26": 0.0, "Lb_Dr_Ka26": 0.0, "Lb_Tr_Ki26": 0.0, "Lb_Tr_Ka26": 0.0, "Lb_TS_Ki26": 0.0, "Lb_TS_Ka26": 0.0, "Lb_Med_26": 0.0, "Lbr_Jbt_26": 7.15, "Bgn_Ats_26": "PTP", "Jns_Jbt_26": "STANDAR", "Thn_Bgn_26": "1998", "BA_26": "0", "LNT_26": "0", "BB_26": "2", "DAS_26": "2", "OP_26": "2", "UT_26": "0", "GR_26": "0", "LB_26": "0", "JBT_26": "2", "Tp_Lnts_26": "SUNGAI", "Dt_Lnts_26": "LURUS", "Pnangnn_26": "RUTIN", "Pmriksn_26": "TIDAK DI SURVEI", "Pnglola_26": "BPJN PAPUA TENGAH", "Satkr_ID26": "693945", "PPK_Name26": "PPK 1.3", "Traffic_26": null, "VCR_26": "0.0511", "AADT_26": "0", "Tipe_Jb_26": null, "Lat_26": -3.15053, "Long_26": 135.70236, "Tgl_Ins_26": "01\/04\/2024", "Ket_26": null }, "geometry": { "type": "Point", "coordinates": [ 135.702361999706568, -3.150530000059405 ] } },
{ "type": "Feature", "properties": { "PROVINSI": "PAPUA TENGAH (NABIRE)", "No_Prov_26": "62", "ID_Jbt_26": "6201587", "Kd_Ruas_26": "62015", "Suffix_26": null, "Nm_Ruas_26": "MOANEMANI - BEDUDIPA", "Lintas_26": "JALAN LINTAS TENGAH", "No_Jbt_26": "62.015.049.0", "Nm_Jbt_26": "MANIMBUL 1\/DOMIE", "Status_26": "N", "Fungsi_26": "A", "Lks_Dr_26": "BDP", "Lks_km_26": 41.338, "F_STA_26": "500", "Cadin_26": null, "Pjg_Jbt_26": 51.0, "Btg_Pjg_26": 51.0, "Jml_Btg_26": "1", "Lb_Jl_Ms26": 5.9, "Lb_Jl_Kl26": 5.9, "Lb_Lalin26": 7.0, "Lb_Bh_Ki26": 0.0, "Lb_Bh_Ka26": 0.0, "Lb_Dr_Ki26": 0.0, "Lb_Dr_Ka26": 0.0, "Lb_Tr_Ki26": 0.0, "Lb_Tr_Ka26": 0.0, "Lb_TS_Ki26": 0.0, "Lb_TS_Ka26": 0.0, "Lb_Med_26": 0.0, "Lbr_Jbt_26": 7.0, "Bgn_Ats_26": "RBR", "Jns_Jbt_26": "STANDAR", "Thn_Bgn_26": "2013", "BA_26": "2", "LNT_26": "2", "BB_26": "1", "DAS_26": "2", "OP_26": "2", "UT_26": "0", "GR_26": "0", "LB_26": "0", "JBT_26": "2", "Tp_Lnts_26": "SUNGAI", "Dt_Lnts_26": "LURUS", "Pnangnn_26": "RUTIN", "Pmriksn_26": "DETAIL", "Pnglola_26": "BPJN PAPUA TENGAH", "Satkr_ID26": "693945", "PPK_Name26": "PPK 1.1", "Traffic_26": null, "VCR_26": "0.1231", "AADT_26": "4467", "Tipe_Jb_26": null, "Lat_26": -3.66235, "Long_26": 136.00295, "Tgl_Ins_26": "04\/06\/2026", "Ket_26": null }, "geometry": { "type": "Point", "coordinates": [ 136.002947000004156, -3.662345999867966 ] } },
{ "type": "Feature", "properties": { "PROVINSI": "PAPUA TENGAH (NABIRE)", "No_Prov_26": "62", "ID_Jbt_26": "6201584", "Kd_Ruas_26": "62015", "Suffix_26": null, "Nm_Ruas_26": "MOANEMANI - BEDUDIPA", "Lintas_26": "JALAN LINTAS TENGAH", "No_Jbt_26": "62.015.050.0", "Nm_Jbt_26": "MANIMBUL 2\/MANIMBUL", "Status_26": "N", "Fungsi_26": "A", "Lks_Dr_26": "BDP", "Lks_km_26": 45.941, "F_STA_26": "600", "Cadin_26": null, "Pjg_Jbt_26": 30.5, "Btg_Pjg_26": 30.5, "Jml_Btg_26": "1", "Lb_Jl_Ms26": 6.25, "Lb_Jl_Kl26": 6.25, "Lb_Lalin26": 7.0, "Lb_Bh_Ki26": 0.0, "Lb_Bh_Ka26": 0.0, "Lb_Dr_Ki26": 0.0, "Lb_Dr_Ka26": 0.0, "Lb_Tr_Ki26": 0.0, "Lb_Tr_Ka26": 0.0, "Lb_TS_Ki26": 0.0, "Lb_TS_Ka26": 0.0, "Lb_Med_26": 0.0, "Lbr_Jbt_26": 7.0, "Bgn_Ats_26": "GBP", "Jns_Jbt_26": "STANDAR", "Thn_Bgn_26": "2015", "BA_26": "2", "LNT_26": "2", "BB_26": "1", "DAS_26": "2", "OP_26": "1", "UT_26": "0", "GR_26": "0", "LB_26": "0", "JBT_26": "2", "Tp_Lnts_26": "SUNGAI", "Dt_Lnts_26": "LURUS", "Pnangnn_26": "RUTIN", "Pmriksn_26": "TIDAK DI SURVEI", "Pnglola_26": "BPJN PAPUA TENGAH", "Satkr_ID26": "693945", "PPK_Name26": "PPK 1.1", "Traffic_26": null, "VCR_26": "0.1231", "AADT_26": "4467", "Tipe_Jb_26": null, "Lat_26": -3.68551, "Long_26": 136.0092, "Tgl_Ins_26": "07\/05\/2024", "Ket_26": null }, "geometry": { "type": "Point", "coordinates": [ 136.009197000441304, -3.685507000447672 ] } },
{ "type": "Feature", "properties": { "PROVINSI": "PAPUA TENGAH (NABIRE)", "No_Prov_26": "62", "ID_Jbt_26": "6200953", "Kd_Ruas_26": "62016", "Suffix_26": null, "Nm_Ruas_26": "BEDUDIPA - BTS. KOTA NABIRE", "Lintas_26": "NON LINTAS", "No_Jbt_26": "62.016.049.0", "Nm_Jbt_26": "MARTINUS", "Status_26": "N", "Fungsi_26": "A", "Lks_Dr_26": "NBR", "Lks_km_26": 40.833, "F_STA_26": "800", "Cadin_26": null, "Pjg_Jbt_26": 40.6, "Btg_Pjg_26": 40.6, "Jml_Btg_26": "1", "Lb_Jl_Ms26": 5.6, "Lb_Jl_Kl26": 5.6, "Lb_Lalin26": 6.0, "Lb_Bh_Ki26": 0.0, "Lb_Bh_Ka26": 0.0, "Lb_Dr_Ki26": 0.1, "Lb_Dr_Ka26": 0.1, "Lb_Tr_Ki26": 0.48, "Lb_Tr_Ka26": 0.45, "Lb_TS_Ki26": 0.0, "Lb_TS_Ka26": 0.0, "Lb_Med_26": 0.0, "Lbr_Jbt_26": 7.13, "Bgn_Ats_26": "RBR", "Jns_Jbt_26": "STANDAR", "Thn_Bgn_26": "2000", "BA_26": "2", "LNT_26": "2", "BB_26": "1", "DAS_26": "1", "OP_26": "0", "UT_26": "0", "GR_26": "0", "LB_26": "0", "JBT_26": "2", "Tp_Lnts_26": "SUNGAI", "Dt_Lnts_26": "LURUS", "Pnangnn_26": "RUTIN", "Pmriksn_26": "DETAIL", "Pnglola_26": "BPJN PAPUA TENGAH", "Satkr_ID26": "693945", "PPK_Name26": "PPK 1.1", "Traffic_26": null, "VCR_26": "0.0287", "AADT_26": "243", "Tipe_Jb_26": null, "Lat_26": -3.4874, "Long_26": 135.69177, "Tgl_Ins_26": "05\/05\/2026", "Ket_26": null }, "geometry": { "type": "Point", "coordinates": [ 135.691771999678053, -3.487397999917732 ] } },
{ "type": "Feature", "properties": { "PROVINSI": "PAPUA TENGAH (NABIRE)", "No_Prov_26": "62", "ID_Jbt_26": "6200276", "Kd_Ruas_26": "62017", "Suffix_26": null, "Nm_Ruas_26": "BTS. KOTA NABIRE - WANGGAR", "Lintas_26": "NON LINTAS", "No_Jbt_26": "62.017.012.0", "Nm_Jbt_26": "MATOA", "Status_26": "N", "Fungsi_26": "A", "Lks_Dr_26": "NBR", "Lks_km_26": 5.569, "F_STA_26": "900", "Cadin_26": null, "Pjg_Jbt_26": 41.5, "Btg_Pjg_26": 41.5, "Jml_Btg_26": "1", "Lb_Jl_Ms26": 6.0, "Lb_Jl_Kl26": 6.0, "Lb_Lalin26": 5.49, "Lb_Bh_Ki26": 0.33, "Lb_Bh_Ka26": 0.35, "Lb_Dr_Ki26": 0.0, "Lb_Dr_Ka26": 0.0, "Lb_Tr_Ki26": 0.41, "Lb_Tr_Ka26": 0.4, "Lb_TS_Ki26": 0.0, "Lb_TS_Ka26": 0.0, "Lb_Med_26": 0.0, "Lbr_Jbt_26": 6.98, "Bgn_Ats_26": "RBR", "Jns_Jbt_26": "STANDAR", "Thn_Bgn_26": "2012", "BA_26": "2", "LNT_26": "2", "BB_26": "1", "DAS_26": "1", "OP_26": "1", "UT_26": "0", "GR_26": "0", "LB_26": "0", "JBT_26": "2", "Tp_Lnts_26": "SUNGAI", "Dt_Lnts_26": "BERKELOK", "Pnangnn_26": "RUTIN", "Pmriksn_26": "DETAIL", "Pnglola_26": "BPJN PAPUA TENGAH", "Satkr_ID26": "693945", "PPK_Name26": "PPK 1.2", "Traffic_26": null, "VCR_26": "0.0522", "AADT_26": "3203", "Tipe_Jb_26": null, "Lat_26": -3.48566, "Long_26": 135.34302, "Tgl_Ins_26": "29\/04\/2026", "Ket_26": null }, "geometry": { "type": "Point", "coordinates": [ 135.343018000280608, -3.485661999901311 ] } },
{ "type": "Feature", "properties": { "PROVINSI": "PAPUA TENGAH (NABIRE)", "No_Prov_26": "62", "ID_Jbt_26": "6201744", "Kd_Ruas_26": "62014", "Suffix_26": null, "Nm_Ruas_26": "WAGETE - MOANEMANI", "Lintas_26": "JALAN LINTAS TENGAH", "No_Jbt_26": "62.014.041.0", "Nm_Jbt_26": "MAWA", "Status_26": "N", "Fungsi_26": "A", "Lks_Dr_26": "WMN", "Lks_km_26": 43.769, "F_STA_26": "710", "Cadin_26": null, "Pjg_Jbt_26": 30.5, "Btg_Pjg_26": 30.5, "Jml_Btg_26": "1", "Lb_Jl_Ms26": 0.0, "Lb_Jl_Kl26": 0.0, "Lb_Lalin26": 9.0, "Lb_Bh_Ki26": 0.0, "Lb_Bh_Ka26": 0.0, "Lb_Dr_Ki26": 0.0, "Lb_Dr_Ka26": 0.0, "Lb_Tr_Ki26": 0.0, "Lb_Tr_Ka26": 0.0, "Lb_TS_Ki26": 0.0, "Lb_TS_Ka26": 0.0, "Lb_Med_26": 0.0, "Lbr_Jbt_26": 9.0, "Bgn_Ats_26": "GBP", "Jns_Jbt_26": "STANDAR", "Thn_Bgn_26": "2015", "BA_26": "2", "LNT_26": "1", "BB_26": "1", "DAS_26": "1", "OP_26": "1", "UT_26": "0", "GR_26": "0", "LB_26": "0", "JBT_26": "2", "Tp_Lnts_26": "SUNGAI", "Dt_Lnts_26": "LURUS", "Pnangnn_26": "RUTIN", "Pmriksn_26": "TIDAK DI SURVEI", "Pnglola_26": "BPJN PAPUA TENGAH", "Satkr_ID26": "693946", "PPK_Name26": "PPK 2.2", "Traffic_26": null, "VCR_26": "0.0301", "AADT_26": "132", "Tipe_Jb_26": null, "Lat_26": -3.9961, "Long_26": 136.05077, "Tgl_Ins_26": "25\/06\/2023", "Ket_26": null }, "geometry": { "type": "Point", "coordinates": [ 136.050766000050885, -3.996104000199409 ] } },
{ "type": "Feature", "properties": { "PROVINSI": "PAPUA TENGAH (NABIRE)", "No_Prov_26": "62", "ID_Jbt_26": "6200201", "Kd_Ruas_26": "62013", "Suffix_26": null, "Nm_Ruas_26": "ENAROTALI - WAGETE", "Lintas_26": "JALAN LINTAS TENGAH", "No_Jbt_26": "62.014.041.1", "Nm_Jbt_26": "MAWA I", "Status_26": "N", "Fungsi_26": "A", "Lks_Dr_26": "WMN", "Lks_km_26": 44.236, "F_STA_26": "750", "Cadin_26": null, "Pjg_Jbt_26": 15.5, "Btg_Pjg_26": 15.5, "Jml_Btg_26": "1", "Lb_Jl_Ms26": 0.0, "Lb_Jl_Kl26": 0.0, "Lb_Lalin26": 7.0, "Lb_Bh_Ki26": 0.0, "Lb_Bh_Ka26": 0.0, "Lb_Dr_Ki26": 0.0, "Lb_Dr_Ka26": 0.0, "Lb_Tr_Ki26": 0.0, "Lb_Tr_Ka26": 0.0, "Lb_TS_Ki26": 0.0, "Lb_TS_Ka26": 0.0, "Lb_Med_26": 0.0, "Lbr_Jbt_26": 7.0, "Bgn_Ats_26": "GBP", "Jns_Jbt_26": "STANDAR", "Thn_Bgn_26": "2010", "BA_26": "2", "LNT_26": "2", "BB_26": "1", "DAS_26": "1", "OP_26": "1", "UT_26": "0", "GR_26": "0", "LB_26": "0", "JBT_26": "2", "Tp_Lnts_26": "SUNGAI", "Dt_Lnts_26": "LURUS", "Pnangnn_26": "RUTIN", "Pmriksn_26": "TIDAK DI SURVEI", "Pnglola_26": "BPJN PAPUA TENGAH", "Satkr_ID26": "693946", "PPK_Name26": "PPK 2.1", "Traffic_26": null, "VCR_26": "0.0229", "AADT_26": "648", "Tipe_Jb_26": null, "Lat_26": -3.99806, "Long_26": 136.04655, "Tgl_Ins_26": "25\/06\/2023", "Ket_26": null }, "geometry": { "type": "Point", "coordinates": [ 136.046546999744351, -3.998057000330277 ] } },
{ "type": "Feature", "properties": { "PROVINSI": "PAPUA TENGAH (NABIRE)", "No_Prov_26": "62", "ID_Jbt_26": "6200807", "Kd_Ruas_26": "62052", "Suffix_26": null, "Nm_Ruas_26": "MAYON - SIMPANG KAPIRAYA", "Lintas_26": "NON LINTAS", "No_Jbt_26": "62.052.035.0", "Nm_Jbt_26": "MAYAK 2", "Status_26": "N", "Fungsi_26": "A", "Lks_Dr_26": "TMK", "Lks_km_26": 39.553, "F_STA_26": "840", "Cadin_26": null, "Pjg_Jbt_26": 105.0, "Btg_Pjg_26": 35.0, "Jml_Btg_26": "3", "Lb_Jl_Ms26": 0.0, "Lb_Jl_Kl26": 0.0, "Lb_Lalin26": 7.3, "Lb_Bh_Ki26": 0.0, "Lb_Bh_Ka26": 0.0, "Lb_Dr_Ki26": 0.0, "Lb_Dr_Ka26": 0.0, "Lb_Tr_Ki26": 0.8, "Lb_Tr_Ka26": 0.8, "Lb_TS_Ki26": 0.3, "Lb_TS_Ka26": 0.3, "Lb_Med_26": 0.0, "Lbr_Jbt_26": 9.5, "Bgn_Ats_26": "GBP", "Jns_Jbt_26": "STANDAR", "Thn_Bgn_26": "2015", "BA_26": "2", "LNT_26": "2", "BB_26": "1", "DAS_26": "3", "OP_26": "1", "UT_26": "0", "GR_26": "0", "LB_26": "0", "JBT_26": "3", "Tp_Lnts_26": "SUNGAI", "Dt_Lnts_26": "BRAIDED", "Pnangnn_26": "RUTIN", "Pmriksn_26": "DETAIL", "Pnglola_26": "BPJN PAPUA TENGAH", "Satkr_ID26": "693943", "PPK_Name26": "PPK 3.2", "Traffic_26": null, "VCR_26": "0.0508", "AADT_26": "474", "Tipe_Jb_26": null, "Lat_26": -4.33375, "Long_26": 136.69952, "Tgl_Ins_26": "02\/05\/2026", "Ket_26": null }, "geometry": { "type": "Point", "coordinates": [ 136.699523999932694, -4.33375100000859 ] } },
{ "type": "Feature", "properties": { "PROVINSI": "PAPUA TENGAH (NABIRE)", "No_Prov_26": "62", "ID_Jbt_26": "6200810", "Kd_Ruas_26": "62052", "Suffix_26": null, "Nm_Ruas_26": "MAYON - SIMPANG KAPIRAYA", "Lintas_26": "NON LINTAS", "No_Jbt_26": "62.052.040.0", "Nm_Jbt_26": "MIMIKA", "Status_26": "N", "Fungsi_26": "A", "Lks_Dr_26": "TMK", "Lks_km_26": 45.958, "F_STA_26": "450", "Cadin_26": null, "Pjg_Jbt_26": 180.0, "Btg_Pjg_26": 60.0, "Jml_Btg_26": "4", "Lb_Jl_Ms26": 0.0, "Lb_Jl_Kl26": 0.0, "Lb_Lalin26": 7.0, "Lb_Bh_Ki26": 0.0, "Lb_Bh_Ka26": 0.0, "Lb_Dr_Ki26": 0.1, "Lb_Dr_Ka26": 0.1, "Lb_Tr_Ki26": 0.85, "Lb_Tr_Ka26": 0.85, "Lb_TS_Ki26": 0.25, "Lb_TS_Ka26": 0.25, "Lb_Med_26": 0.0, "Lbr_Jbt_26": 9.4, "Bgn_Ats_26": "RBR", "Jns_Jbt_26": "STANDAR", "Thn_Bgn_26": "2016", "BA_26": "2", "LNT_26": "2", "BB_26": "2", "DAS_26": "2", "OP_26": "0", "UT_26": "0", "GR_26": "0", "LB_26": "0", "JBT_26": "2", "Tp_Lnts_26": "SUNGAI", "Dt_Lnts_26": "BERKELOK", "Pnangnn_26": "RUTIN", "Pmriksn_26": "DETAIL", "Pnglola_26": "BPJN PAPUA TENGAH", "Satkr_ID26": "693943", "PPK_Name26": "PPK 3.2", "Traffic_26": null, "VCR_26": "0.0508", "AADT_26": "474", "Tipe_Jb_26": null, "Lat_26": -4.31472, "Long_26": 136.65306, "Tgl_Ins_26": "04\/05\/2026", "Ket_26": null }, "geometry": { "type": "Point", "coordinates": [ 136.653061000364914, -4.31472400031231 ] } },
{ "type": "Feature", "properties": { "PROVINSI": "PAPUA TENGAH (NABIRE)", "No_Prov_26": "62", "ID_Jbt_26": "6200701", "Kd_Ruas_26": "62052", "Suffix_26": null, "Nm_Ruas_26": "MAYON - SIMPANG KAPIRAYA", "Lintas_26": "NON LINTAS", "No_Jbt_26": "62.052.001.0", "Nm_Jbt_26": "MIRA PIGA", "Status_26": "N", "Fungsi_26": "A", "Lks_Dr_26": "TMK", "Lks_km_26": 0.55, "F_STA_26": "40", "Cadin_26": null, "Pjg_Jbt_26": 20.2, "Btg_Pjg_26": 20.2, "Jml_Btg_26": "1", "Lb_Jl_Ms26": 0.0, "Lb_Jl_Kl26": 0.0, "Lb_Lalin26": 6.2, "Lb_Bh_Ki26": 0.17, "Lb_Bh_Ka26": 0.17, "Lb_Dr_Ki26": 0.1, "Lb_Dr_Ka26": 0.1, "Lb_Tr_Ki26": 1.3, "Lb_Tr_Ka26": 1.3, "Lb_TS_Ki26": 0.0, "Lb_TS_Ka26": 0.0, "Lb_Med_26": 0.0, "Lbr_Jbt_26": 9.34, "Bgn_Ats_26": "GTP", "Jns_Jbt_26": "STANDAR", "Thn_Bgn_26": "2011", "BA_26": "1", "LNT_26": "1", "BB_26": "1", "DAS_26": "2", "OP_26": "0", "UT_26": "0", "GR_26": "0", "LB_26": "0", "JBT_26": "2", "Tp_Lnts_26": "SUNGAI", "Dt_Lnts_26": "LURUS", "Pnangnn_26": "RUTIN", "Pmriksn_26": "TIDAK DI SURVEI", "Pnglola_26": "BPJN PAPUA TENGAH", "Satkr_ID26": "693943", "PPK_Name26": "PPK 3.2", "Traffic_26": null, "VCR_26": "0.0508", "AADT_26": "474", "Tipe_Jb_26": null, "Lat_26": -4.44974, "Long_26": 136.81377, "Tgl_Ins_26": "17\/09\/2020", "Ket_26": null }, "geometry": { "type": "Point", "coordinates": [ 136.81376600000101, -4.449737999608942 ] } },
{ "type": "Feature", "properties": { "PROVINSI": "PAPUA TENGAH (NABIRE)", "No_Prov_26": "62", "ID_Jbt_26": "6201564", "Kd_Ruas_26": "62015", "Suffix_26": null, "Nm_Ruas_26": "MOANEMANI - BEDUDIPA", "Lintas_26": "JALAN LINTAS TENGAH", "No_Jbt_26": "62.015.125.0", "Nm_Jbt_26": "MOANEMANI", "Status_26": "N", "Fungsi_26": "A", "Lks_Dr_26": "WMN", "Lks_km_26": 109.096, "F_STA_26": "200", "Cadin_26": null, "Pjg_Jbt_26": 15.5, "Btg_Pjg_26": 15.5, "Jml_Btg_26": "1", "Lb_Jl_Ms26": 5.85, "Lb_Jl_Kl26": 5.85, "Lb_Lalin26": 7.0, "Lb_Bh_Ki26": 0.0, "Lb_Bh_Ka26": 0.0, "Lb_Dr_Ki26": 0.0, "Lb_Dr_Ka26": 0.0, "Lb_Tr_Ki26": 0.0, "Lb_Tr_Ka26": 0.0, "Lb_TS_Ki26": 0.0, "Lb_TS_Ka26": 0.0, "Lb_Med_26": 0.0, "Lbr_Jbt_26": 7.0, "Bgn_Ats_26": "GBP", "Jns_Jbt_26": "STANDAR", "Thn_Bgn_26": "2013", "BA_26": "2", "LNT_26": "2", "BB_26": "1", "DAS_26": "1", "OP_26": "0", "UT_26": "0", "GR_26": "0", "LB_26": "0", "JBT_26": "2", "Tp_Lnts_26": "SUNGAI", "Dt_Lnts_26": "LURUS", "Pnangnn_26": "RUTIN", "Pmriksn_26": "TIDAK DI SURVEI", "Pnglola_26": "BPJN PAPUA TENGAH", "Satkr_ID26": "693945", "PPK_Name26": "PPK 1.1", "Traffic_26": null, "VCR_26": "0.1231", "AADT_26": "4467", "Tipe_Jb_26": null, "Lat_26": -4.01068, "Long_26": 136.03455, "Tgl_Ins_26": "06\/05\/2024", "Ket_26": null }, "geometry": { "type": "Point", "coordinates": [ 136.034546000297723, -4.010680999728322 ] } },
{ "type": "Feature", "properties": { "PROVINSI": "PAPUA TENGAH (NABIRE)", "No_Prov_26": "62", "ID_Jbt_26": "6200691", "Kd_Ruas_26": "62051", "Suffix_26": null, "Nm_Ruas_26": "SIMPANG PELRA - MAYON", "Lintas_26": "NON LINTAS", "No_Jbt_26": "62.051.009.0", "Nm_Jbt_26": "MONRE PIGA", "Status_26": "N", "Fungsi_26": "A", "Lks_Dr_26": "TMK", "Lks_km_26": 13.583, "F_STA_26": "90", "Cadin_26": null, "Pjg_Jbt_26": 20.35, "Btg_Pjg_26": 20.35, "Jml_Btg_26": "1", "Lb_Jl_Ms26": 0.0, "Lb_Jl_Kl26": 0.0, "Lb_Lalin26": 6.4, "Lb_Bh_Ki26": 0.12, "Lb_Bh_Ka26": 0.12, "Lb_Dr_Ki26": 0.08, "Lb_Dr_Ka26": 0.08, "Lb_Tr_Ki26": 1.3, "Lb_Tr_Ka26": 1.4, "Lb_TS_Ki26": 0.0, "Lb_TS_Ka26": 0.0, "Lb_Med_26": 0.0, "Lbr_Jbt_26": 9.5, "Bgn_Ats_26": "GTP", "Jns_Jbt_26": "STANDAR", "Thn_Bgn_26": "2011", "BA_26": "1", "LNT_26": "0", "BB_26": "2", "DAS_26": "1", "OP_26": "0", "UT_26": "0", "GR_26": "0", "LB_26": "0", "JBT_26": "2", "Tp_Lnts_26": "SUNGAI", "Dt_Lnts_26": "LURUS", "Pnangnn_26": "RUTIN", "Pmriksn_26": "TIDAK DI SURVEI", "Pnglola_26": "BPJN PAPUA TENGAH", "Satkr_ID26": "693943", "PPK_Name26": "PPK 3.1", "Traffic_26": null, "VCR_26": "0.0024", "AADT_26": "0", "Tipe_Jb_26": null, "Lat_26": -4.65374, "Long_26": 136.73557, "Tgl_Ins_26": "16\/09\/2020", "Ket_26": null }, "geometry": { "type": "Point", "coordinates": [ 136.735565000024849, -4.653735000070128 ] } },
{ "type": "Feature", "properties": { "PROVINSI": "PAPUA TENGAH (NABIRE)", "No_Prov_26": "62", "ID_Jbt_26": "6200692", "Kd_Ruas_26": "62051", "Suffix_26": null, "Nm_Ruas_26": "SIMPANG PELRA - MAYON", "Lintas_26": "NON LINTAS", "No_Jbt_26": "62.051.010.0", "Nm_Jbt_26": "MONRE PIGA 2", "Status_26": "N", "Fungsi_26": "A", "Lks_Dr_26": "TMK", "Lks_km_26": 15.234, "F_STA_26": "230", "Cadin_26": null, "Pjg_Jbt_26": 20.1, "Btg_Pjg_26": 20.1, "Jml_Btg_26": "1", "Lb_Jl_Ms26": 0.0, "Lb_Jl_Kl26": 0.0, "Lb_Lalin26": 6.2, "Lb_Bh_Ki26": 0.11, "Lb_Bh_Ka26": 0.11, "Lb_Dr_Ki26": 0.09, "Lb_Dr_Ka26": 0.09, "Lb_Tr_Ki26": 1.2, "Lb_Tr_Ka26": 1.2, "Lb_TS_Ki26": 0.0, "Lb_TS_Ka26": 0.0, "Lb_Med_26": 0.0, "Lbr_Jbt_26": 9.0, "Bgn_Ats_26": "GTP", "Jns_Jbt_26": "STANDAR", "Thn_Bgn_26": "2012", "BA_26": "2", "LNT_26": "2", "BB_26": "2", "DAS_26": "1", "OP_26": "0", "UT_26": "0", "GR_26": "0", "LB_26": "0", "JBT_26": "2", "Tp_Lnts_26": "SUNGAI", "Dt_Lnts_26": "LURUS", "Pnangnn_26": "RUTIN", "Pmriksn_26": "TIDAK DI SURVEI", "Pnglola_26": "BPJN PAPUA TENGAH", "Satkr_ID26": "693943", "PPK_Name26": "PPK 3.1", "Traffic_26": null, "VCR_26": "0.0024", "AADT_26": "0", "Tipe_Jb_26": null, "Lat_26": -4.6413, "Long_26": 136.73387, "Tgl_Ins_26": "16\/09\/2020", "Ket_26": null }, "geometry": { "type": "Point", "coordinates": [ 136.733871000146564, -4.641297000256316 ] } },
{ "type": "Feature", "properties": { "PROVINSI": "PAPUA TENGAH (NABIRE)", "No_Prov_26": "62", "ID_Jbt_26": "6201662", "Kd_Ruas_26": "62015", "Suffix_26": null, "Nm_Ruas_26": "MOANEMANI - BEDUDIPA", "Lintas_26": "JALAN LINTAS TENGAH", "No_Jbt_26": "62.015.093.0", "Nm_Jbt_26": "MUGUPI", "Status_26": "N", "Fungsi_26": "A", "Lks_Dr_26": "BDP", "Lks_km_26": 89.14, "F_STA_26": "100", "Cadin_26": null, "Pjg_Jbt_26": 20.7, "Btg_Pjg_26": 20.7, "Jml_Btg_26": "1", "Lb_Jl_Ms26": 5.85, "Lb_Jl_Kl26": 5.85, "Lb_Lalin26": 7.0, "Lb_Bh_Ki26": 0.0, "Lb_Bh_Ka26": 0.0, "Lb_Dr_Ki26": 0.0, "Lb_Dr_Ka26": 0.0, "Lb_Tr_Ki26": 0.0, "Lb_Tr_Ka26": 0.0, "Lb_TS_Ki26": 0.0, "Lb_TS_Ka26": 0.0, "Lb_Med_26": 0.0, "Lbr_Jbt_26": 7.0, "Bgn_Ats_26": "GBP", "Jns_Jbt_26": "STANDAR", "Thn_Bgn_26": "2013", "BA_26": "2", "LNT_26": "1", "BB_26": "1", "DAS_26": "2", "OP_26": "0", "UT_26": "0", "GR_26": "0", "LB_26": "0", "JBT_26": "2", "Tp_Lnts_26": "SUNGAI", "Dt_Lnts_26": "LURUS", "Pnangnn_26": "RUTIN", "Pmriksn_26": "TIDAK DI SURVEI", "Pnglola_26": "BPJN PAPUA TENGAH", "Satkr_ID26": "693945", "PPK_Name26": "PPK 1.1", "Traffic_26": null, "VCR_26": "0.1231", "AADT_26": "4467", "Tipe_Jb_26": null, "Lat_26": -3.93684, "Long_26": 135.9438, "Tgl_Ins_26": "06\/05\/2024", "Ket_26": null }, "geometry": { "type": "Point", "coordinates": [ 135.943802000162236, -3.93684300040411 ] } },
{ "type": "Feature", "properties": { "PROVINSI": "PAPUA TENGAH (NABIRE)", "No_Prov_26": "62", "ID_Jbt_26": "6200683", "Kd_Ruas_26": "62050", "Suffix_26": null, "Nm_Ruas_26": "KARUBAGA - ILU - MULIA", "Lintas_26": "NON LINTAS", "No_Jbt_26": "62.050.026.0", "Nm_Jbt_26": "MULIA 3", "Status_26": "N", "Fungsi_26": "A", "Lks_Dr_26": "WMN", "Lks_km_26": 185.0, "F_STA_26": "340", "Cadin_26": null, "Pjg_Jbt_26": 12.0, "Btg_Pjg_26": 12.0, "Jml_Btg_26": "1", "Lb_Jl_Ms26": 0.0, "Lb_Jl_Kl26": 0.0, "Lb_Lalin26": 6.0, "Lb_Bh_Ki26": 0.0, "Lb_Bh_Ka26": 0.0, "Lb_Dr_Ki26": 0.0, "Lb_Dr_Ka26": 0.0, "Lb_Tr_Ki26": 0.0, "Lb_Tr_Ka26": 0.0, "Lb_TS_Ki26": 0.0, "Lb_TS_Ka26": 0.0, "Lb_Med_26": 0.0, "Lbr_Jbt_26": 6.0, "Bgn_Ats_26": "ABP", "Jns_Jbt_26": "STANDAR", "Thn_Bgn_26": "2000", "BA_26": "0", "LNT_26": "0", "BB_26": "0", "DAS_26": "1", "OP_26": "2", "UT_26": "0", "GR_26": "0", "LB_26": "0", "JBT_26": "2", "Tp_Lnts_26": "SUNGAI", "Dt_Lnts_26": "LURUS", "Pnangnn_26": "RUTIN", "Pmriksn_26": "TIDAK DI SURVEI", "Pnglola_26": "BPJN PAPUA TENGAH", "Satkr_ID26": "693948", "PPK_Name26": "PPK 4.1", "Traffic_26": null, "VCR_26": "0.0157", "AADT_26": "0", "Tipe_Jb_26": null, "Lat_26": -3.71578, "Long_26": 137.99183, "Tgl_Ins_26": "26\/06\/2025", "Ket_26": null }, "geometry": { "type": "Point", "coordinates": [ 137.99182700031588, -3.715776999708737 ] } },
{ "type": "Feature", "properties": { "PROVINSI": "PAPUA TENGAH (NABIRE)", "No_Prov_26": "62", "ID_Jbt_26": "6200684", "Kd_Ruas_26": "62050", "Suffix_26": null, "Nm_Ruas_26": "KARUBAGA - ILU - MULIA", "Lintas_26": "NON LINTAS", "No_Jbt_26": "62.050.027.0", "Nm_Jbt_26": "MULIA 4", "Status_26": "N", "Fungsi_26": "A", "Lks_Dr_26": "WMN", "Lks_km_26": 185.2, "F_STA_26": "370", "Cadin_26": null, "Pjg_Jbt_26": 12.0, "Btg_Pjg_26": 12.0, "Jml_Btg_26": "1", "Lb_Jl_Ms26": 0.0, "Lb_Jl_Kl26": 0.0, "Lb_Lalin26": 6.0, "Lb_Bh_Ki26": 0.0, "Lb_Bh_Ka26": 0.0, "Lb_Dr_Ki26": 0.0, "Lb_Dr_Ka26": 0.0, "Lb_Tr_Ki26": 0.0, "Lb_Tr_Ka26": 0.0, "Lb_TS_Ki26": 0.0, "Lb_TS_Ka26": 0.0, "Lb_Med_26": 0.0, "Lbr_Jbt_26": 6.0, "Bgn_Ats_26": "ABP", "Jns_Jbt_26": "STANDAR", "Thn_Bgn_26": "2000", "BA_26": "1", "LNT_26": "1", "BB_26": "0", "DAS_26": "2", "OP_26": "0", "UT_26": "0", "GR_26": "0", "LB_26": "0", "JBT_26": "2", "Tp_Lnts_26": "SUNGAI", "Dt_Lnts_26": "LURUS", "Pnangnn_26": "RUTIN", "Pmriksn_26": "TIDAK DI SURVEI", "Pnglola_26": "BPJN PAPUA TENGAH", "Satkr_ID26": "693948", "PPK_Name26": "PPK 4.1", "Traffic_26": null, "VCR_26": "0.0157", "AADT_26": "0", "Tipe_Jb_26": null, "Lat_26": -3.71556, "Long_26": 137.98981, "Tgl_Ins_26": "26\/05\/2025", "Ket_26": null }, "geometry": { "type": "Point", "coordinates": [ 137.989809999931595, -3.715557000355261 ] } },
{ "type": "Feature", "properties": { "PROVINSI": "PAPUA TENGAH (NABIRE)", "No_Prov_26": "62", "ID_Jbt_26": "6200698", "Kd_Ruas_26": "62051", "Suffix_26": null, "Nm_Ruas_26": "SIMPANG PELRA - MAYON", "Lintas_26": "NON LINTAS", "No_Jbt_26": "62.051.026.0", "Nm_Jbt_26": "MURE PIGA", "Status_26": "N", "Fungsi_26": "A", "Lks_Dr_26": "TMK", "Lks_km_26": 29.772, "F_STA_26": "460", "Cadin_26": null, "Pjg_Jbt_26": 30.0, "Btg_Pjg_26": 30.0, "Jml_Btg_26": "1", "Lb_Jl_Ms26": 0.0, "Lb_Jl_Kl26": 0.0, "Lb_Lalin26": 6.0, "Lb_Bh_Ki26": 0.15, "Lb_Bh_Ka26": 0.15, "Lb_Dr_Ki26": 0.0, "Lb_Dr_Ka26": 0.0, "Lb_Tr_Ki26": 0.7, "Lb_Tr_Ka26": 0.7, "Lb_TS_Ki26": 0.3, "Lb_TS_Ka26": 0.3, "Lb_Med_26": 0.0, "Lbr_Jbt_26": 8.3, "Bgn_Ats_26": "GBP", "Jns_Jbt_26": "STANDAR", "Thn_Bgn_26": "2010", "BA_26": "2", "LNT_26": "2", "BB_26": "1", "DAS_26": "1", "OP_26": "0", "UT_26": "0", "GR_26": "0", "LB_26": "0", "JBT_26": "2", "Tp_Lnts_26": "SUNGAI", "Dt_Lnts_26": "LURUS", "Pnangnn_26": "RUTIN", "Pmriksn_26": "TIDAK DI SURVEI", "Pnglola_26": "BPJN PAPUA TENGAH", "Satkr_ID26": "693943", "PPK_Name26": "PPK 3.1", "Traffic_26": null, "VCR_26": "0.0024", "AADT_26": "0", "Tipe_Jb_26": null, "Lat_26": -4.54519, "Long_26": 136.75897, "Tgl_Ins_26": "10\/06\/2025", "Ket_26": null }, "geometry": { "type": "Point", "coordinates": [ 136.7589720002577, -4.545189000072241 ] } },
{ "type": "Feature", "properties": { "PROVINSI": "PAPUA TENGAH (NABIRE)", "No_Prov_26": "62", "ID_Jbt_26": "6201476", "Kd_Ruas_26": "620442", "Suffix_26": "2", "Nm_Ruas_26": "KIMIBAY - LEGARE", "Lintas_26": "NON LINTAS", "No_Jbt_26": "62.044.089.0.2", "Nm_Jbt_26": "MUSAIRO", "Status_26": "N", "Fungsi_26": "K", "Lks_Dr_26": "KMB", "Lks_km_26": 24.886, "F_STA_26": "700", "Cadin_26": null, "Pjg_Jbt_26": 95.0, "Btg_Pjg_26": 45.0, "Jml_Btg_26": "2", "Lb_Jl_Ms26": 6.0, "Lb_Jl_Kl26": 6.0, "Lb_Lalin26": 6.0, "Lb_Bh_Ki26": 0.0, "Lb_Bh_Ka26": 0.0, "Lb_Dr_Ki26": 0.1, "Lb_Dr_Ka26": 0.1, "Lb_Tr_Ki26": 0.5, "Lb_Tr_Ka26": 0.5, "Lb_TS_Ki26": 0.0, "Lb_TS_Ka26": 0.0, "Lb_Med_26": 0.0, "Lbr_Jbt_26": 7.2, "Bgn_Ats_26": "RBR", "Jns_Jbt_26": "STANDAR", "Thn_Bgn_26": "1993", "BA_26": "2", "LNT_26": "2", "BB_26": "2", "DAS_26": "2", "OP_26": "1", "UT_26": "0", "GR_26": "0", "LB_26": "0", "JBT_26": "2", "Tp_Lnts_26": "SUNGAI", "Dt_Lnts_26": "LURUS", "Pnangnn_26": "RUTIN", "Pmriksn_26": "DETAIL", "Pnglola_26": "BPJN PAPUA TENGAH", "Satkr_ID26": "693945", "PPK_Name26": "PPK 1.3", "Traffic_26": null, "VCR_26": "0.0511", "AADT_26": "0", "Tipe_Jb_26": null, "Lat_26": -3.14329, "Long_26": 135.72696, "Tgl_Ins_26": "02\/05\/2026", "Ket_26": null }, "geometry": { "type": "Point", "coordinates": [ 135.726958999957901, -3.143289999833598 ] } },
{ "type": "Feature", "properties": { "PROVINSI": "PAPUA TENGAH (NABIRE)", "No_Prov_26": "62", "ID_Jbt_26": "6201401", "Kd_Ruas_26": "6204413", "Suffix_26": "13", "Nm_Ruas_26": "JLN. R.E. MARTADINATA (NABIRE)", "Lintas_26": "JALAN LINTAS UTARA", "No_Jbt_26": "62.044.040.A.13", "Nm_Jbt_26": "NABARUA A", "Status_26": "N", "Fungsi_26": "K", "Lks_Dr_26": "NBR", "Lks_km_26": 1.585, "F_STA_26": "400", "Cadin_26": null, "Pjg_Jbt_26": 60.3, "Btg_Pjg_26": 60.3, "Jml_Btg_26": "1", "Lb_Jl_Ms26": 5.8, "Lb_Jl_Kl26": 5.8, "Lb_Lalin26": 5.6, "Lb_Bh_Ki26": 0.08, "Lb_Bh_Ka26": 0.08, "Lb_Dr_Ki26": 0.07, "Lb_Dr_Ka26": 0.07, "Lb_Tr_Ki26": 0.5, "Lb_Tr_Ka26": 0.5, "Lb_TS_Ki26": 0.0, "Lb_TS_Ka26": 0.0, "Lb_Med_26": 0.0, "Lbr_Jbt_26": 6.9, "Bgn_Ats_26": "RBR", "Jns_Jbt_26": "STANDAR", "Thn_Bgn_26": "1998", "BA_26": "2", "LNT_26": "2", "BB_26": "2", "DAS_26": "1", "OP_26": "2", "UT_26": "0", "GR_26": "0", "LB_26": "0", "JBT_26": "2", "Tp_Lnts_26": "SUNGAI", "Dt_Lnts_26": "LURUS", "Pnangnn_26": "REHABILITASI", "Pmriksn_26": "DETAIL", "Pnglola_26": "BPJN PAPUA TENGAH", "Satkr_ID26": "693945", "PPK_Name26": "PPK 1.2", "Traffic_26": null, "VCR_26": "0.1954", "AADT_26": "3340", "Tipe_Jb_26": null, "Lat_26": -3.34865, "Long_26": 135.51756, "Tgl_Ins_26": "10\/05\/2026", "Ket_26": null }, "geometry": { "type": "Point", "coordinates": [ 135.517562999632787, -3.34864900015117 ] } },
{ "type": "Feature", "properties": { "PROVINSI": "PAPUA TENGAH (NABIRE)", "No_Prov_26": "62", "ID_Jbt_26": "6201402", "Kd_Ruas_26": "6204413", "Suffix_26": "13", "Nm_Ruas_26": "JLN. R.E. MARTADINATA (NABIRE)", "Lintas_26": "JALAN LINTAS UTARA", "No_Jbt_26": "62.044.040.B.13", "Nm_Jbt_26": "NABARUA B", "Status_26": "N", "Fungsi_26": "K", "Lks_Dr_26": "NBR", "Lks_km_26": 1.585, "F_STA_26": "400", "Cadin_26": null, "Pjg_Jbt_26": 61.0, "Btg_Pjg_26": 61.0, "Jml_Btg_26": "1", "Lb_Jl_Ms26": 5.8, "Lb_Jl_Kl26": 5.8, "Lb_Lalin26": 5.5, "Lb_Bh_Ki26": 0.16, "Lb_Bh_Ka26": 0.0, "Lb_Dr_Ki26": 0.0, "Lb_Dr_Ka26": 0.07, "Lb_Tr_Ki26": 0.45, "Lb_Tr_Ka26": 0.45, "Lb_TS_Ki26": 0.0, "Lb_TS_Ka26": 0.0, "Lb_Med_26": 0.0, "Lbr_Jbt_26": 6.63, "Bgn_Ats_26": "RBA", "Jns_Jbt_26": "STANDAR", "Thn_Bgn_26": "1998", "BA_26": "2", "LNT_26": "2", "BB_26": "1", "DAS_26": "1", "OP_26": "1", "UT_26": "0", "GR_26": "0", "LB_26": "0", "JBT_26": "2", "Tp_Lnts_26": "SUNGAI", "Dt_Lnts_26": "LURUS", "Pnangnn_26": "REHABILITASI", "Pmriksn_26": "DETAIL", "Pnglola_26": "BPJN PAPUA TENGAH", "Satkr_ID26": "693945", "PPK_Name26": "PPK 1.2", "Traffic_26": null, "VCR_26": "0.1954", "AADT_26": "3340", "Tipe_Jb_26": null, "Lat_26": -3.34869, "Long_26": 135.51772, "Tgl_Ins_26": "10\/05\/2026", "Ket_26": null }, "geometry": { "type": "Point", "coordinates": [ 135.517715000347039, -3.348691000289364 ] } },
{ "type": "Feature", "properties": { "PROVINSI": "PAPUA TENGAH (NABIRE)", "No_Prov_26": "62", "ID_Jbt_26": "6200704", "Kd_Ruas_26": "62052", "Suffix_26": null, "Nm_Ruas_26": "MAYON - SIMPANG KAPIRAYA", "Lintas_26": "NON LINTAS", "No_Jbt_26": "62.052.008.0", "Nm_Jbt_26": "NARE PIGA", "Status_26": "N", "Fungsi_26": "A", "Lks_Dr_26": "TMK", "Lks_km_26": 4.392, "F_STA_26": "410", "Cadin_26": null, "Pjg_Jbt_26": 40.0, "Btg_Pjg_26": 40.0, "Jml_Btg_26": "1", "Lb_Jl_Ms26": 0.0, "Lb_Jl_Kl26": 0.0, "Lb_Lalin26": 6.0, "Lb_Bh_Ki26": 0.46, "Lb_Bh_Ka26": 0.14, "Lb_Dr_Ki26": 0.06, "Lb_Dr_Ka26": 0.06, "Lb_Tr_Ki26": 1.0, "Lb_Tr_Ka26": 1.0, "Lb_TS_Ki26": 0.0, "Lb_TS_Ka26": 0.0, "Lb_Med_26": 0.0, "Lbr_Jbt_26": 8.72, "Bgn_Ats_26": "RBP", "Jns_Jbt_26": "STANDAR", "Thn_Bgn_26": "2010", "BA_26": "2", "LNT_26": "0", "BB_26": "0", "DAS_26": "2", "OP_26": "0", "UT_26": "0", "GR_26": "0", "LB_26": "0", "JBT_26": "2", "Tp_Lnts_26": "SUNGAI", "Dt_Lnts_26": "LURUS", "Pnangnn_26": "RUTIN", "Pmriksn_26": "DETAIL", "Pnglola_26": "BPJN PAPUA TENGAH", "Satkr_ID26": "693943", "PPK_Name26": "PPK 3.2", "Traffic_26": null, "VCR_26": "0.0508", "AADT_26": "474", "Tipe_Jb_26": null, "Lat_26": -4.44905, "Long_26": 136.78078, "Tgl_Ins_26": "29\/04\/2026", "Ket_26": null }, "geometry": { "type": "Point", "coordinates": [ 136.780777000358398, -4.449049000211119 ] } },
{ "type": "Feature", "properties": { "PROVINSI": "PAPUA TENGAH (NABIRE)", "No_Prov_26": "62", "ID_Jbt_26": "6200702", "Kd_Ruas_26": "62052", "Suffix_26": null, "Nm_Ruas_26": "MAYON - SIMPANG KAPIRAYA", "Lintas_26": "NON LINTAS", "No_Jbt_26": "62.052.003.0", "Nm_Jbt_26": "NARE PIGA 2", "Status_26": "N", "Fungsi_26": "A", "Lks_Dr_26": "TMK", "Lks_km_26": 2.156, "F_STA_26": "190", "Cadin_26": null, "Pjg_Jbt_26": 15.8, "Btg_Pjg_26": 15.8, "Jml_Btg_26": "1", "Lb_Jl_Ms26": 0.0, "Lb_Jl_Kl26": 0.0, "Lb_Lalin26": 5.6, "Lb_Bh_Ki26": 0.6, "Lb_Bh_Ka26": 0.7, "Lb_Dr_Ki26": 0.0, "Lb_Dr_Ka26": 0.0, "Lb_Tr_Ki26": 1.3, "Lb_Tr_Ka26": 1.3, "Lb_TS_Ki26": 0.0, "Lb_TS_Ka26": 0.0, "Lb_Med_26": 0.0, "Lbr_Jbt_26": 9.5, "Bgn_Ats_26": "GTP", "Jns_Jbt_26": "STANDAR", "Thn_Bgn_26": "2011", "BA_26": "2", "LNT_26": "2", "BB_26": "0", "DAS_26": "2", "OP_26": "1", "UT_26": "0", "GR_26": "0", "LB_26": "0", "JBT_26": "2", "Tp_Lnts_26": "SUNGAI", "Dt_Lnts_26": "LURUS", "Pnangnn_26": "RUTIN", "Pmriksn_26": "TIDAK DI SURVEI", "Pnglola_26": "BPJN PAPUA TENGAH", "Satkr_ID26": "693943", "PPK_Name26": "PPK 3.2", "Traffic_26": null, "VCR_26": "0.0508", "AADT_26": "474", "Tipe_Jb_26": null, "Lat_26": -4.44956, "Long_26": 136.8006, "Tgl_Ins_26": "05\/07\/2023", "Ket_26": null }, "geometry": { "type": "Point", "coordinates": [ 136.800597999797901, -4.449556000209213 ] } },
{ "type": "Feature", "properties": { "PROVINSI": "PAPUA TENGAH (NABIRE)", "No_Prov_26": "62", "ID_Jbt_26": "6201472", "Kd_Ruas_26": "620442", "Suffix_26": "2", "Nm_Ruas_26": "KIMIBAY - LEGARE", "Lintas_26": "NON LINTAS", "No_Jbt_26": "62.044.085.0.2", "Nm_Jbt_26": "NIFASI", "Status_26": "N", "Fungsi_26": "K", "Lks_Dr_26": "KMB", "Lks_km_26": 20.866, "F_STA_26": "100", "Cadin_26": null, "Pjg_Jbt_26": 6.0, "Btg_Pjg_26": 6.0, "Jml_Btg_26": "1", "Lb_Jl_Ms26": 6.0, "Lb_Jl_Kl26": 6.0, "Lb_Lalin26": 5.2, "Lb_Bh_Ki26": 0.9, "Lb_Bh_Ka26": 1.0, "Lb_Dr_Ki26": 0.0, "Lb_Dr_Ka26": 0.0, "Lb_Tr_Ki26": 0.0, "Lb_Tr_Ka26": 0.0, "Lb_TS_Ki26": 0.0, "Lb_TS_Ka26": 0.0, "Lb_Med_26": 0.0, "Lbr_Jbt_26": 7.1, "Bgn_Ats_26": "PTP", "Jns_Jbt_26": "STANDAR", "Thn_Bgn_26": "1997", "BA_26": "1", "LNT_26": "0", "BB_26": "2", "DAS_26": "1", "OP_26": "0", "UT_26": "0", "GR_26": "0", "LB_26": "0", "JBT_26": "2", "Tp_Lnts_26": "SUNGAI", "Dt_Lnts_26": "LURUS", "Pnangnn_26": "RUTIN", "Pmriksn_26": "TIDAK DI SURVEI", "Pnglola_26": "BPJN PAPUA TENGAH", "Satkr_ID26": "693945", "PPK_Name26": "PPK 1.3", "Traffic_26": null, "VCR_26": "0.0511", "AADT_26": "0", "Tipe_Jb_26": null, "Lat_26": -3.15303, "Long_26": 135.69817, "Tgl_Ins_26": "07\/06\/2025", "Ket_26": null }, "geometry": { "type": "Point", "coordinates": [ 135.698165999561297, -3.153031000280407 ] } },
{ "type": "Feature", "properties": { "PROVINSI": "PAPUA TENGAH (NABIRE)", "No_Prov_26": "62", "ID_Jbt_26": "6201461", "Kd_Ruas_26": "620442", "Suffix_26": "2", "Nm_Ruas_26": "KIMIBAY - LEGARE", "Lintas_26": "NON LINTAS", "No_Jbt_26": "62.044.074.0.2", "Nm_Jbt_26": "NIFASI 2", "Status_26": "N", "Fungsi_26": "K", "Lks_Dr_26": "KMB", "Lks_km_26": 17.435, "F_STA_26": "900", "Cadin_26": null, "Pjg_Jbt_26": 6.0, "Btg_Pjg_26": 6.0, "Jml_Btg_26": "1", "Lb_Jl_Ms26": 6.0, "Lb_Jl_Kl26": 6.0, "Lb_Lalin26": 5.37, "Lb_Bh_Ki26": 0.77, "Lb_Bh_Ka26": 0.9, "Lb_Dr_Ki26": 0.0, "Lb_Dr_Ka26": 0.0, "Lb_Tr_Ki26": 0.77, "Lb_Tr_Ka26": 0.9, "Lb_TS_Ki26": 0.0, "Lb_TS_Ka26": 0.0, "Lb_Med_26": 0.0, "Lbr_Jbt_26": 8.71, "Bgn_Ats_26": "PTP", "Jns_Jbt_26": "STANDAR", "Thn_Bgn_26": "1997", "BA_26": "0", "LNT_26": "0", "BB_26": "2", "DAS_26": "2", "OP_26": "1", "UT_26": "0", "GR_26": "0", "LB_26": "0", "JBT_26": "2", "Tp_Lnts_26": "SUNGAI", "Dt_Lnts_26": "LURUS", "Pnangnn_26": "RUTIN", "Pmriksn_26": "DETAIL", "Pnglola_26": "BPJN PAPUA TENGAH", "Satkr_ID26": "693945", "PPK_Name26": "PPK 1.3", "Traffic_26": null, "VCR_26": "0.0511", "AADT_26": "0", "Tipe_Jb_26": null, "Lat_26": -3.15966, "Long_26": 135.6714, "Tgl_Ins_26": "03\/05\/2026", "Ket_26": null }, "geometry": { "type": "Point", "coordinates": [ 135.671402000102262, -3.159656000024313 ] } },
{ "type": "Feature", "properties": { "PROVINSI": "PAPUA TENGAH (NABIRE)", "No_Prov_26": "62", "ID_Jbt_26": "6201468", "Kd_Ruas_26": "620442", "Suffix_26": "2", "Nm_Ruas_26": "KIMIBAY - LEGARE", "Lintas_26": "NON LINTAS", "No_Jbt_26": "62.044.081.0.2", "Nm_Jbt_26": "NIFASI 6", "Status_26": "N", "Fungsi_26": "K", "Lks_Dr_26": "KMB", "Lks_km_26": 19.257, "F_STA_26": "700", "Cadin_26": null, "Pjg_Jbt_26": 6.0, "Btg_Pjg_26": 6.0, "Jml_Btg_26": "1", "Lb_Jl_Ms26": 6.0, "Lb_Jl_Kl26": 6.0, "Lb_Lalin26": 5.2, "Lb_Bh_Ki26": 0.76, "Lb_Bh_Ka26": 0.8, "Lb_Dr_Ki26": 0.0, "Lb_Dr_Ka26": 0.0, "Lb_Tr_Ki26": 1.0, "Lb_Tr_Ka26": 0.9, "Lb_TS_Ki26": 0.0, "Lb_TS_Ka26": 0.0, "Lb_Med_26": 0.0, "Lbr_Jbt_26": 8.66, "Bgn_Ats_26": "PTP", "Jns_Jbt_26": "STANDAR", "Thn_Bgn_26": "1997", "BA_26": "1", "LNT_26": "0", "BB_26": "2", "DAS_26": "1", "OP_26": "0", "UT_26": "0", "GR_26": "0", "LB_26": "0", "JBT_26": "2", "Tp_Lnts_26": "SUNGAI", "Dt_Lnts_26": "LURUS", "Pnangnn_26": "RUTIN", "Pmriksn_26": "TIDAK DI SURVEI", "Pnglola_26": "BPJN PAPUA TENGAH", "Satkr_ID26": "693945", "PPK_Name26": "PPK 1.3", "Traffic_26": null, "VCR_26": "0.0511", "AADT_26": "0", "Tipe_Jb_26": null, "Lat_26": -3.15754, "Long_26": 135.68642, "Tgl_Ins_26": "07\/06\/2025", "Ket_26": null }, "geometry": { "type": "Point", "coordinates": [ 135.686417000044571, -3.157543999755717 ] } },
{ "type": "Feature", "properties": { "PROVINSI": "PAPUA TENGAH (NABIRE)", "No_Prov_26": "62", "ID_Jbt_26": "6201470", "Kd_Ruas_26": "620442", "Suffix_26": "2", "Nm_Ruas_26": "KIMIBAY - LEGARE", "Lintas_26": "NON LINTAS", "No_Jbt_26": "62.044.083.0.2", "Nm_Jbt_26": "NIFASI 7 (DEHA)", "Status_26": "N", "Fungsi_26": "K", "Lks_Dr_26": "KMB", "Lks_km_26": 19.672, "F_STA_26": "100", "Cadin_26": null, "Pjg_Jbt_26": 25.0, "Btg_Pjg_26": 25.0, "Jml_Btg_26": "1", "Lb_Jl_Ms26": 6.0, "Lb_Jl_Kl26": 6.0, "Lb_Lalin26": 6.0, "Lb_Bh_Ki26": 0.0, "Lb_Bh_Ka26": 0.0, "Lb_Dr_Ki26": 0.0, "Lb_Dr_Ka26": 0.0, "Lb_Tr_Ki26": 0.0, "Lb_Tr_Ka26": 0.0, "Lb_TS_Ki26": 0.0, "Lb_TS_Ka26": 0.0, "Lb_Med_26": 0.0, "Lbr_Jbt_26": 6.0, "Bgn_Ats_26": "RBB", "Jns_Jbt_26": "STANDAR", "Thn_Bgn_26": "1996", "BA_26": "2", "LNT_26": "2", "BB_26": "0", "DAS_26": "2", "OP_26": "0", "UT_26": "0", "GR_26": "0", "LB_26": "0", "JBT_26": "2", "Tp_Lnts_26": "SUNGAI", "Dt_Lnts_26": "LURUS", "Pnangnn_26": "REHABILITASI", "Pmriksn_26": "DETAIL", "Pnglola_26": "BPJN PAPUA TENGAH", "Satkr_ID26": "693945", "PPK_Name26": "PPK 1.3", "Traffic_26": null, "VCR_26": "0.0511", "AADT_26": "0", "Tipe_Jb_26": null, "Lat_26": -3.15535, "Long_26": 135.68924, "Tgl_Ins_26": "03\/05\/2026", "Ket_26": null }, "geometry": { "type": "Point", "coordinates": [ 135.689239999826214, -3.155349000156207 ] } },
{ "type": "Feature", "properties": { "PROVINSI": "PAPUA TENGAH (NABIRE)", "No_Prov_26": "62", "ID_Jbt_26": "6201471", "Kd_Ruas_26": "620442", "Suffix_26": "2", "Nm_Ruas_26": "KIMIBAY - LEGARE", "Lintas_26": "NON LINTAS", "No_Jbt_26": "62.044.084.0.2", "Nm_Jbt_26": "NIFASI 8", "Status_26": "N", "Fungsi_26": "K", "Lks_Dr_26": "KMB", "Lks_km_26": 20.085, "F_STA_26": "400", "Cadin_26": null, "Pjg_Jbt_26": 20.0, "Btg_Pjg_26": 20.0, "Jml_Btg_26": "1", "Lb_Jl_Ms26": 6.0, "Lb_Jl_Kl26": 6.0, "Lb_Lalin26": 5.4, "Lb_Bh_Ki26": 0.7, "Lb_Bh_Ka26": 0.6, "Lb_Dr_Ki26": 0.0, "Lb_Dr_Ka26": 0.0, "Lb_Tr_Ki26": 0.55, "Lb_Tr_Ka26": 0.56, "Lb_TS_Ki26": 0.0, "Lb_TS_Ka26": 0.0, "Lb_Med_26": 0.0, "Lbr_Jbt_26": 7.81, "Bgn_Ats_26": "GTP", "Jns_Jbt_26": "STANDAR", "Thn_Bgn_26": "2003", "BA_26": "1", "LNT_26": "1", "BB_26": "0", "DAS_26": "1", "OP_26": "0", "UT_26": "0", "GR_26": "0", "LB_26": "0", "JBT_26": "1", "Tp_Lnts_26": "SUNGAI", "Dt_Lnts_26": "LURUS", "Pnangnn_26": "RUTIN", "Pmriksn_26": "TIDAK DI SURVEI", "Pnglola_26": "BPJN PAPUA TENGAH", "Satkr_ID26": "693945", "PPK_Name26": "PPK 1.3", "Traffic_26": null, "VCR_26": "0.0511", "AADT_26": "0", "Tipe_Jb_26": null, "Lat_26": -3.15466, "Long_26": 135.69232, "Tgl_Ins_26": "07\/06\/2021", "Ket_26": null }, "geometry": { "type": "Point", "coordinates": [ 135.692321999860496, -3.154657999766812 ] } },
{ "type": "Feature", "properties": { "PROVINSI": "PAPUA TENGAH (NABIRE)", "No_Prov_26": "62", "ID_Jbt_26": "6201475", "Kd_Ruas_26": "620442", "Suffix_26": "2", "Nm_Ruas_26": "KIMIBAY - LEGARE", "Lintas_26": "NON LINTAS", "No_Jbt_26": "62.044.088.0.2", "Nm_Jbt_26": "NIFASI 9 (MAMORANO)", "Status_26": "N", "Fungsi_26": "K", "Lks_Dr_26": "KMB", "Lks_km_26": 21.577, "F_STA_26": "700", "Cadin_26": null, "Pjg_Jbt_26": 30.0, "Btg_Pjg_26": 30.0, "Jml_Btg_26": "1", "Lb_Jl_Ms26": 6.0, "Lb_Jl_Kl26": 6.0, "Lb_Lalin26": 5.0, "Lb_Bh_Ki26": 0.0, "Lb_Bh_Ka26": 0.0, "Lb_Dr_Ki26": 0.0, "Lb_Dr_Ka26": 0.0, "Lb_Tr_Ki26": 0.0, "Lb_Tr_Ka26": 0.0, "Lb_TS_Ki26": 0.0, "Lb_TS_Ka26": 0.0, "Lb_Med_26": 0.0, "Lbr_Jbt_26": 5.0, "Bgn_Ats_26": "RBS", "Jns_Jbt_26": "STANDAR", "Thn_Bgn_26": "1997", "BA_26": "3", "LNT_26": "3", "BB_26": "2", "DAS_26": "2", "OP_26": "0", "UT_26": "0", "GR_26": "0", "LB_26": "0", "JBT_26": "3", "Tp_Lnts_26": "SUNGAI", "Dt_Lnts_26": "BERKELOK", "Pnangnn_26": "REHABILITASI", "Pmriksn_26": "DETAIL", "Pnglola_26": "BPJN PAPUA TENGAH", "Satkr_ID26": "693945", "PPK_Name26": "PPK 1.3", "Traffic_26": null, "VCR_26": "0.0511", "AADT_26": "0", "Tipe_Jb_26": null, "Lat_26": -3.15029, "Long_26": 135.70268, "Tgl_Ins_26": "02\/05\/2026", "Ket_26": null }, "geometry": { "type": "Point", "coordinates": [ 135.702682000074333, -3.150291999875833 ] } },
{ "type": "Feature", "properties": { "PROVINSI": "PAPUA TENGAH (NABIRE)", "No_Prov_26": "62", "ID_Jbt_26": "6201012", "Kd_Ruas_26": "62016", "Suffix_26": null, "Nm_Ruas_26": "BEDUDIPA - BTS. KOTA NABIRE", "Lintas_26": "NON LINTAS", "No_Jbt_26": "62.016.122.0", "Nm_Jbt_26": "PITER", "Status_26": "N", "Fungsi_26": "A", "Lks_Dr_26": "NBR", "Lks_km_26": 67.756, "F_STA_26": "900", "Cadin_26": null, "Pjg_Jbt_26": 25.8, "Btg_Pjg_26": 25.8, "Jml_Btg_26": "1", "Lb_Jl_Ms26": 6.8, "Lb_Jl_Kl26": 6.8, "Lb_Lalin26": 6.9, "Lb_Bh_Ki26": 0.6, "Lb_Bh_Ka26": 0.5, "Lb_Dr_Ki26": 0.0, "Lb_Dr_Ka26": 0.0, "Lb_Tr_Ki26": 0.4, "Lb_Tr_Ka26": 0.5, "Lb_TS_Ki26": 0.3, "Lb_TS_Ka26": 0.3, "Lb_Med_26": 0.0, "Lbr_Jbt_26": 9.5, "Bgn_Ats_26": "GTP", "Jns_Jbt_26": "STANDAR", "Thn_Bgn_26": "2003", "BA_26": "2", "LNT_26": "0", "BB_26": "1", "DAS_26": "0", "OP_26": "1", "UT_26": "0", "GR_26": "0", "LB_26": "0", "JBT_26": "2", "Tp_Lnts_26": "SUNGAI", "Dt_Lnts_26": "LURUS", "Pnangnn_26": "RUTIN", "Pmriksn_26": "TIDAK DI SURVEI", "Pnglola_26": "BPJN PAPUA TENGAH", "Satkr_ID26": "693945", "PPK_Name26": "PPK 1.1", "Traffic_26": null, "VCR_26": "0.0287", "AADT_26": "243", "Tipe_Jb_26": null, "Lat_26": -3.56057, "Long_26": 135.7453, "Tgl_Ins_26": "08\/05\/2024", "Ket_26": null }, "geometry": { "type": "Point", "coordinates": [ 135.745300000394764, -3.560572000097693 ] } },
{ "type": "Feature", "properties": { "PROVINSI": "PAPUA TENGAH (NABIRE)", "No_Prov_26": "62", "ID_Jbt_26": "6201519", "Kd_Ruas_26": "62052", "Suffix_26": null, "Nm_Ruas_26": "MAYON - SIMPANG KAPIRAYA", "Lintas_26": "NON LINTAS", "No_Jbt_26": "62.052.051.0", "Nm_Jbt_26": "POMAKO", "Status_26": "N", "Fungsi_26": "A", "Lks_Dr_26": "TMK", "Lks_km_26": 60.966, "F_STA_26": "940", "Cadin_26": null, "Pjg_Jbt_26": 60.0, "Btg_Pjg_26": 60.0, "Jml_Btg_26": "1", "Lb_Jl_Ms26": 0.0, "Lb_Jl_Kl26": 0.0, "Lb_Lalin26": 6.0, "Lb_Bh_Ki26": 0.3, "Lb_Bh_Ka26": 0.6, "Lb_Dr_Ki26": 0.0, "Lb_Dr_Ka26": 0.0, "Lb_Tr_Ki26": 1.0, "Lb_Tr_Ka26": 0.9, "Lb_TS_Ki26": 0.0, "Lb_TS_Ka26": 0.0, "Lb_Med_26": 0.0, "Lbr_Jbt_26": 8.8, "Bgn_Ats_26": "RBP", "Jns_Jbt_26": "STANDAR", "Thn_Bgn_26": "2015", "BA_26": "2", "LNT_26": "2", "BB_26": "1", "DAS_26": "1", "OP_26": "2", "UT_26": "1", "GR_26": "0", "LB_26": "0", "JBT_26": "2", "Tp_Lnts_26": "SUNGAI", "Dt_Lnts_26": "LURUS", "Pnangnn_26": "RUTIN", "Pmriksn_26": "DETAIL", "Pnglola_26": "BPJN PAPUA TENGAH", "Satkr_ID26": "693943", "PPK_Name26": "PPK 3.2", "Traffic_26": null, "VCR_26": "0.0508", "AADT_26": "474", "Tipe_Jb_26": null, "Lat_26": -4.25688, "Long_26": 136.59801, "Tgl_Ins_26": "06\/05\/2026", "Ket_26": null }, "geometry": { "type": "Point", "coordinates": [ 136.598007000322923, -4.256884000396269 ] } },
{ "type": "Feature", "properties": { "PROVINSI": "PAPUA TENGAH (NABIRE)", "No_Prov_26": "62", "ID_Jbt_26": "6200728", "Kd_Ruas_26": "62053", "Suffix_26": null, "Nm_Ruas_26": "TIMIKA - SP. PELRA - POMAKO", "Lintas_26": "JALAN PENGHUBUNG LINTAS", "No_Jbt_26": "62.053.027.0", "Nm_Jbt_26": "POMAKO-I", "Status_26": "N", "Fungsi_26": "A", "Lks_Dr_26": "TMK", "Lks_km_26": 43.382, "F_STA_26": "650", "Cadin_26": null, "Pjg_Jbt_26": 180.0, "Btg_Pjg_26": 60.0, "Jml_Btg_26": "3", "Lb_Jl_Ms26": 0.0, "Lb_Jl_Kl26": 0.0, "Lb_Lalin26": 7.0, "Lb_Bh_Ki26": 0.0, "Lb_Bh_Ka26": 0.0, "Lb_Dr_Ki26": 0.0, "Lb_Dr_Ka26": 0.0, "Lb_Tr_Ki26": 1.0, "Lb_Tr_Ka26": 1.0, "Lb_TS_Ki26": 0.0, "Lb_TS_Ka26": 0.0, "Lb_Med_26": 0.0, "Lbr_Jbt_26": 9.0, "Bgn_Ats_26": "RBP", "Jns_Jbt_26": "STANDAR", "Thn_Bgn_26": "2005", "BA_26": "2", "LNT_26": "2", "BB_26": "2", "DAS_26": "2", "OP_26": "2", "UT_26": "0", "GR_26": "0", "LB_26": "0", "JBT_26": "2", "Tp_Lnts_26": "SUNGAI", "Dt_Lnts_26": "BERKELOK", "Pnangnn_26": "RUTIN", "Pmriksn_26": "DETAIL", "Pnglola_26": "BPJN PAPUA TENGAH", "Satkr_ID26": "693943", "PPK_Name26": "PPK 3.1", "Traffic_26": null, "VCR_26": "0.2254", "AADT_26": "2780", "Tipe_Jb_26": null, "Lat_26": -4.75692, "Long_26": 136.76744, "Tgl_Ins_26": "25\/03\/2026", "Ket_26": null }, "geometry": { "type": "Point", "coordinates": [ 136.767440999602513, -4.756921000203931 ] } },
{ "type": "Feature", "properties": { "PROVINSI": "PAPUA TENGAH (NABIRE)", "No_Prov_26": "62", "ID_Jbt_26": "6200731", "Kd_Ruas_26": "62053", "Suffix_26": null, "Nm_Ruas_26": "TIMIKA - SP. PELRA - POMAKO", "Lintas_26": "JALAN PENGHUBUNG LINTAS", "No_Jbt_26": "62.053.030.0", "Nm_Jbt_26": "POMAKO-II", "Status_26": "N", "Fungsi_26": "A", "Lks_Dr_26": "TMK", "Lks_km_26": 47.932, "F_STA_26": "40", "Cadin_26": null, "Pjg_Jbt_26": 170.0, "Btg_Pjg_26": 60.0, "Jml_Btg_26": "3", "Lb_Jl_Ms26": 0.0, "Lb_Jl_Kl26": 0.0, "Lb_Lalin26": 7.0, "Lb_Bh_Ki26": 0.0, "Lb_Bh_Ka26": 0.0, "Lb_Dr_Ki26": 0.06, "Lb_Dr_Ka26": 0.06, "Lb_Tr_Ki26": 1.0, "Lb_Tr_Ka26": 1.0, "Lb_TS_Ki26": 0.0, "Lb_TS_Ka26": 0.0, "Lb_Med_26": 0.0, "Lbr_Jbt_26": 9.12, "Bgn_Ats_26": "RBP", "Jns_Jbt_26": "STANDAR", "Thn_Bgn_26": "2005", "BA_26": "3", "LNT_26": "2", "BB_26": "2", "DAS_26": "2", "OP_26": "2", "UT_26": "0", "GR_26": "0", "LB_26": "0", "JBT_26": "3", "Tp_Lnts_26": "SUNGAI", "Dt_Lnts_26": "BERKELOK", "Pnangnn_26": "RUTIN", "Pmriksn_26": "DETAIL", "Pnglola_26": "BPJN PAPUA TENGAH", "Satkr_ID26": "693943", "PPK_Name26": "PPK 3.1", "Traffic_26": null, "VCR_26": "0.2254", "AADT_26": "2780", "Tipe_Jb_26": null, "Lat_26": -4.79014, "Long_26": 136.76932, "Tgl_Ins_26": "27\/04\/2026", "Ket_26": null }, "geometry": { "type": "Point", "coordinates": [ 136.769317999825944, -4.790137000422192 ] } },
{ "type": "Feature", "properties": { "PROVINSI": "PAPUA TENGAH (NABIRE)", "No_Prov_26": "62", "ID_Jbt_26": "6200732", "Kd_Ruas_26": "62053", "Suffix_26": null, "Nm_Ruas_26": "TIMIKA - SP. PELRA - POMAKO", "Lintas_26": "JALAN PENGHUBUNG LINTAS", "No_Jbt_26": "62.053.031.0", "Nm_Jbt_26": "POMAKO-III", "Status_26": "N", "Fungsi_26": "A", "Lks_Dr_26": "TMK", "Lks_km_26": 49.703, "F_STA_26": "170", "Cadin_26": null, "Pjg_Jbt_26": 60.0, "Btg_Pjg_26": 20.6, "Jml_Btg_26": "5", "Lb_Jl_Ms26": 0.0, "Lb_Jl_Kl26": 0.0, "Lb_Lalin26": 7.0, "Lb_Bh_Ki26": 1.1, "Lb_Bh_Ka26": 1.1, "Lb_Dr_Ki26": 0.06, "Lb_Dr_Ka26": 0.06, "Lb_Tr_Ki26": 0.25, "Lb_Tr_Ka26": 0.25, "Lb_TS_Ki26": 0.0, "Lb_TS_Ka26": 0.0, "Lb_Med_26": 0.0, "Lbr_Jbt_26": 9.82, "Bgn_Ats_26": "GBP", "Jns_Jbt_26": "STANDAR", "Thn_Bgn_26": "2005", "BA_26": "2", "LNT_26": "2", "BB_26": "2", "DAS_26": "2", "OP_26": "1", "UT_26": "0", "GR_26": "0", "LB_26": "0", "JBT_26": "2", "Tp_Lnts_26": "SUNGAI", "Dt_Lnts_26": "LURUS", "Pnangnn_26": "RUTIN", "Pmriksn_26": "TIDAK DI SURVEI", "Pnglola_26": "BPJN PAPUA TENGAH", "Satkr_ID26": "693943", "PPK_Name26": "PPK 3.1", "Traffic_26": null, "VCR_26": "0.2254", "AADT_26": "2780", "Tipe_Jb_26": null, "Lat_26": -4.80071, "Long_26": 136.76421, "Tgl_Ins_26": "09\/06\/2025", "Ket_26": null }, "geometry": { "type": "Point", "coordinates": [ 136.764205999707201, -4.800710999712805 ] } },
{ "type": "Feature", "properties": { "PROVINSI": "PAPUA TENGAH (NABIRE)", "No_Prov_26": "62", "ID_Jbt_26": "6200729", "Kd_Ruas_26": "62053", "Suffix_26": null, "Nm_Ruas_26": "TIMIKA - SP. PELRA - POMAKO", "Lintas_26": "JALAN PENGHUBUNG LINTAS", "No_Jbt_26": "62.053.028.0", "Nm_Jbt_26": "POMAKO-IV", "Status_26": "N", "Fungsi_26": "A", "Lks_Dr_26": "TMK", "Lks_km_26": 45.662, "F_STA_26": "840", "Cadin_26": null, "Pjg_Jbt_26": 20.6, "Btg_Pjg_26": 20.6, "Jml_Btg_26": "1", "Lb_Jl_Ms26": 0.0, "Lb_Jl_Kl26": 0.0, "Lb_Lalin26": 7.0, "Lb_Bh_Ki26": 0.0, "Lb_Bh_Ka26": 0.0, "Lb_Dr_Ki26": 0.0, "Lb_Dr_Ka26": 0.0, "Lb_Tr_Ki26": 1.0, "Lb_Tr_Ka26": 1.0, "Lb_TS_Ki26": 0.0, "Lb_TS_Ka26": 0.0, "Lb_Med_26": 0.0, "Lbr_Jbt_26": 9.0, "Bgn_Ats_26": "GTP", "Jns_Jbt_26": "STANDAR", "Thn_Bgn_26": "2000", "BA_26": "2", "LNT_26": "2", "BB_26": "2", "DAS_26": "0", "OP_26": "2", "UT_26": "0", "GR_26": "0", "LB_26": "0", "JBT_26": "2", "Tp_Lnts_26": "SUNGAI", "Dt_Lnts_26": "LURUS", "Pnangnn_26": "RUTIN", "Pmriksn_26": "DETAIL", "Pnglola_26": "BPJN PAPUA TENGAH", "Satkr_ID26": "693943", "PPK_Name26": "PPK 3.1", "Traffic_26": null, "VCR_26": "0.2254", "AADT_26": "2780", "Tipe_Jb_26": null, "Lat_26": -4.77298, "Long_26": 136.77155, "Tgl_Ins_26": "25\/04\/2026", "Ket_26": null }, "geometry": { "type": "Point", "coordinates": [ 136.771545000001765, -4.772981999819365 ] } },
{ "type": "Feature", "properties": { "PROVINSI": "PAPUA TENGAH (NABIRE)", "No_Prov_26": "62", "ID_Jbt_26": "6200726", "Kd_Ruas_26": "62053", "Suffix_26": null, "Nm_Ruas_26": "TIMIKA - SP. PELRA - POMAKO", "Lintas_26": "JALAN PENGHUBUNG LINTAS", "No_Jbt_26": "62.053.025.0", "Nm_Jbt_26": "POMAKO-IX", "Status_26": "N", "Fungsi_26": "A", "Lks_Dr_26": "TMK", "Lks_km_26": 40.12, "F_STA_26": "360", "Cadin_26": null, "Pjg_Jbt_26": 21.4, "Btg_Pjg_26": 21.4, "Jml_Btg_26": "1", "Lb_Jl_Ms26": 0.0, "Lb_Jl_Kl26": 0.0, "Lb_Lalin26": 6.0, "Lb_Bh_Ki26": 0.28, "Lb_Bh_Ka26": 0.32, "Lb_Dr_Ki26": 0.08, "Lb_Dr_Ka26": 0.08, "Lb_Tr_Ki26": 0.0, "Lb_Tr_Ka26": 0.0, "Lb_TS_Ki26": 0.0, "Lb_TS_Ka26": 0.0, "Lb_Med_26": 0.0, "Lbr_Jbt_26": 6.76, "Bgn_Ats_26": "GBP", "Jns_Jbt_26": "STANDAR", "Thn_Bgn_26": "2000", "BA_26": "2", "LNT_26": "2", "BB_26": "0", "DAS_26": "0", "OP_26": "2", "UT_26": "0", "GR_26": "0", "LB_26": "0", "JBT_26": "2", "Tp_Lnts_26": "SUNGAI", "Dt_Lnts_26": "LURUS", "Pnangnn_26": "RUTIN", "Pmriksn_26": "TIDAK DI SURVEI", "Pnglola_26": "BPJN PAPUA TENGAH", "Satkr_ID26": "693943", "PPK_Name26": "PPK 3.1", "Traffic_26": null, "VCR_26": "0.2254", "AADT_26": "2780", "Tipe_Jb_26": null, "Lat_26": -4.7349, "Long_26": 136.76408, "Tgl_Ins_26": "09\/06\/2025", "Ket_26": null }, "geometry": { "type": "Point", "coordinates": [ 136.764084000376329, -4.734900000034941 ] } },
{ "type": "Feature", "properties": { "PROVINSI": "PAPUA TENGAH (NABIRE)", "No_Prov_26": "62", "ID_Jbt_26": "6201045", "Kd_Ruas_26": "62016", "Suffix_26": null, "Nm_Ruas_26": "BEDUDIPA - BTS. KOTA NABIRE", "Lintas_26": "NON LINTAS", "No_Jbt_26": "62.016.155.0", "Nm_Jbt_26": "NISSAM", "Status_26": "N", "Fungsi_26": "A", "Lks_Dr_26": "NBR", "Lks_km_26": 93.719, "F_STA_26": "800", "Cadin_26": null, "Pjg_Jbt_26": 40.0, "Btg_Pjg_26": 40.0, "Jml_Btg_26": "1", "Lb_Jl_Ms26": 4.7, "Lb_Jl_Kl26": 4.7, "Lb_Lalin26": 6.0, "Lb_Bh_Ki26": 0.0, "Lb_Bh_Ka26": 0.0, "Lb_Dr_Ki26": 0.07, "Lb_Dr_Ka26": 0.07, "Lb_Tr_Ki26": 0.5, "Lb_Tr_Ka26": 0.5, "Lb_TS_Ki26": 0.0, "Lb_TS_Ka26": 0.0, "Lb_Med_26": 0.0, "Lbr_Jbt_26": 7.14, "Bgn_Ats_26": "RBR", "Jns_Jbt_26": "STANDAR", "Thn_Bgn_26": "2012", "BA_26": "2", "LNT_26": "2", "BB_26": "1", "DAS_26": "1", "OP_26": "0", "UT_26": "0", "GR_26": "0", "LB_26": "0", "JBT_26": "2", "Tp_Lnts_26": "SUNGAI", "Dt_Lnts_26": "BERKELOK", "Pnangnn_26": "RUTIN", "Pmriksn_26": "DETAIL", "Pnglola_26": "BPJN PAPUA TENGAH", "Satkr_ID26": "693945", "PPK_Name26": "PPK 1.1", "Traffic_26": null, "VCR_26": "0.0287", "AADT_26": "243", "Tipe_Jb_26": null, "Lat_26": -3.5259, "Long_26": 135.84164, "Tgl_Ins_26": "08\/05\/2026", "Ket_26": null }, "geometry": { "type": "Point", "coordinates": [ 135.841643999770781, -3.52590400036928 ] } },
{ "type": "Feature", "properties": { "PROVINSI": "PAPUA TENGAH (NABIRE)", "No_Prov_26": "62", "ID_Jbt_26": "6200715", "Kd_Ruas_26": "62052", "Suffix_26": null, "Nm_Ruas_26": "MAYON - SIMPANG KAPIRAYA", "Lintas_26": "NON LINTAS", "No_Jbt_26": "62.052.025.0", "Nm_Jbt_26": "NUGURE", "Status_26": "N", "Fungsi_26": "A", "Lks_Dr_26": "TMK", "Lks_km_26": 24.621, "F_STA_26": "400", "Cadin_26": null, "Pjg_Jbt_26": 240.0, "Btg_Pjg_26": 60.0, "Jml_Btg_26": "4", "Lb_Jl_Ms26": 0.0, "Lb_Jl_Kl26": 0.0, "Lb_Lalin26": 6.0, "Lb_Bh_Ki26": 0.0, "Lb_Bh_Ka26": 0.0, "Lb_Dr_Ki26": 0.05, "Lb_Dr_Ka26": 0.05, "Lb_Tr_Ki26": 0.5, "Lb_Tr_Ka26": 0.5, "Lb_TS_Ki26": 0.0, "Lb_TS_Ka26": 0.0, "Lb_Med_26": 0.0, "Lbr_Jbt_26": 7.1, "Bgn_Ats_26": "RBP", "Jns_Jbt_26": "STANDAR", "Thn_Bgn_26": "2013", "BA_26": "2", "LNT_26": "2", "BB_26": "2", "DAS_26": "3", "OP_26": "2", "UT_26": "0", "GR_26": "0", "LB_26": "0", "JBT_26": "3", "Tp_Lnts_26": "SUNGAI", "Dt_Lnts_26": "BRAIDED", "Pnangnn_26": "REHABILITASI", "Pmriksn_26": "DETAIL", "Pnglola_26": "BPJN PAPUA TENGAH", "Satkr_ID26": "693943", "PPK_Name26": "PPK 3.2", "Traffic_26": null, "VCR_26": "0.0508", "AADT_26": "474", "Tipe_Jb_26": null, "Lat_26": -4.32148, "Long_26": 136.82056, "Tgl_Ins_26": "01\/05\/2026", "Ket_26": null }, "geometry": { "type": "Point", "coordinates": [ 136.82055700020544, -4.321478999755982 ] } },
{ "type": "Feature", "properties": { "PROVINSI": "PAPUA TENGAH (NABIRE)", "No_Prov_26": "62", "ID_Jbt_26": "6201457", "Kd_Ruas_26": "620442", "Suffix_26": "2", "Nm_Ruas_26": "KIMIBAY - LEGARE", "Lintas_26": "NON LINTAS", "No_Jbt_26": "62.044.070.0.2", "Nm_Jbt_26": "NUSI  1", "Status_26": "N", "Fungsi_26": "K", "Lks_Dr_26": "KMB", "Lks_km_26": 15.145, "F_STA_26": "800", "Cadin_26": null, "Pjg_Jbt_26": 6.0, "Btg_Pjg_26": 6.0, "Jml_Btg_26": "1", "Lb_Jl_Ms26": 6.0, "Lb_Jl_Kl26": 6.0, "Lb_Lalin26": 5.44, "Lb_Bh_Ki26": 0.0, "Lb_Bh_Ka26": 0.0, "Lb_Dr_Ki26": 0.0, "Lb_Dr_Ka26": 0.0, "Lb_Tr_Ki26": 1.4, "Lb_Tr_Ka26": 1.2, "Lb_TS_Ki26": 0.0, "Lb_TS_Ka26": 0.0, "Lb_Med_26": 0.0, "Lbr_Jbt_26": 8.04, "Bgn_Ats_26": "PTP", "Jns_Jbt_26": "STANDAR", "Thn_Bgn_26": "1996", "BA_26": "2", "LNT_26": "2", "BB_26": "2", "DAS_26": "1", "OP_26": "2", "UT_26": "0", "GR_26": "0", "LB_26": "0", "JBT_26": "2", "Tp_Lnts_26": "SUNGAI", "Dt_Lnts_26": "LURUS", "Pnangnn_26": "RUTIN", "Pmriksn_26": "TIDAK DI SURVEI", "Pnglola_26": "BPJN PAPUA TENGAH", "Satkr_ID26": "693945", "PPK_Name26": "PPK 1.3", "Traffic_26": null, "VCR_26": "0.0511", "AADT_26": "0", "Tipe_Jb_26": null, "Lat_26": -3.16727, "Long_26": 135.6541, "Tgl_Ins_26": "03\/04\/2024", "Ket_26": null }, "geometry": { "type": "Point", "coordinates": [ 135.654098999869007, -3.167273999695283 ] } },
{ "type": "Feature", "properties": { "PROVINSI": "PAPUA TENGAH (NABIRE)", "No_Prov_26": "62", "ID_Jbt_26": "6201456", "Kd_Ruas_26": "620442", "Suffix_26": "2", "Nm_Ruas_26": "KIMIBAY - LEGARE", "Lintas_26": "NON LINTAS", "No_Jbt_26": "62.044.069.0.2", "Nm_Jbt_26": "NUSI (WAMAI)", "Status_26": "N", "Fungsi_26": "K", "Lks_Dr_26": "KMB", "Lks_km_26": 14.849, "F_STA_26": "500", "Cadin_26": null, "Pjg_Jbt_26": 40.0, "Btg_Pjg_26": 40.0, "Jml_Btg_26": "1", "Lb_Jl_Ms26": 6.0, "Lb_Jl_Kl26": 6.0, "Lb_Lalin26": 6.95, "Lb_Bh_Ki26": 0.0, "Lb_Bh_Ka26": 0.0, "Lb_Dr_Ki26": 0.07, "Lb_Dr_Ka26": 0.07, "Lb_Tr_Ki26": 0.99, "Lb_Tr_Ka26": 1.02, "Lb_TS_Ki26": 0.0, "Lb_TS_Ka26": 0.0, "Lb_Med_26": 0.0, "Lbr_Jbt_26": 9.1, "Bgn_Ats_26": "RBR", "Jns_Jbt_26": "STANDAR", "Thn_Bgn_26": "1994", "BA_26": "2", "LNT_26": "2", "BB_26": "2", "DAS_26": "2", "OP_26": "2", "UT_26": "0", "GR_26": "0", "LB_26": "0", "JBT_26": "2", "Tp_Lnts_26": "SUNGAI", "Dt_Lnts_26": "LURUS", "Pnangnn_26": "RUTIN", "Pmriksn_26": "DETAIL", "Pnglola_26": "BPJN PAPUA TENGAH", "Satkr_ID26": "693945", "PPK_Name26": "PPK 1.3", "Traffic_26": null, "VCR_26": "0.0511", "AADT_26": "0", "Tipe_Jb_26": null, "Lat_26": -3.16788, "Long_26": 135.65198, "Tgl_Ins_26": "03\/05\/2026", "Ket_26": null }, "geometry": { "type": "Point", "coordinates": [ 135.651978000084682, -3.167881999854387 ] } },
{ "type": "Feature", "properties": { "PROVINSI": "PAPUA TENGAH (NABIRE)", "No_Prov_26": "62", "ID_Jbt_26": "6201458", "Kd_Ruas_26": "620442", "Suffix_26": "2", "Nm_Ruas_26": "KIMIBAY - LEGARE", "Lintas_26": "NON LINTAS", "No_Jbt_26": "62.044.071.0.2", "Nm_Jbt_26": "NUSI 2", "Status_26": "N", "Fungsi_26": "K", "Lks_Dr_26": "KMB", "Lks_km_26": 16.331, "F_STA_26": "900", "Cadin_26": null, "Pjg_Jbt_26": 6.8, "Btg_Pjg_26": 3.0, "Jml_Btg_26": "2", "Lb_Jl_Ms26": 6.0, "Lb_Jl_Kl26": 6.0, "Lb_Lalin26": 5.0, "Lb_Bh_Ki26": 0.9, "Lb_Bh_Ka26": 0.5, "Lb_Dr_Ki26": 0.0, "Lb_Dr_Ka26": 0.0, "Lb_Tr_Ki26": 0.0, "Lb_Tr_Ka26": 0.0, "Lb_TS_Ki26": 0.0, "Lb_TS_Ka26": 0.0, "Lb_Med_26": 0.0, "Lbr_Jbt_26": 6.4, "Bgn_Ats_26": "BTP", "Jns_Jbt_26": "STANDAR", "Thn_Bgn_26": "2000", "BA_26": "1", "LNT_26": "0", "BB_26": "0", "DAS_26": "1", "OP_26": "0", "UT_26": "0", "GR_26": "0", "LB_26": "0", "JBT_26": "1", "Tp_Lnts_26": "SUNGAI", "Dt_Lnts_26": "LURUS", "Pnangnn_26": "RUTIN", "Pmriksn_26": "TIDAK DI SURVEI", "Pnglola_26": "BPJN PAPUA TENGAH", "Satkr_ID26": "693945", "PPK_Name26": "PPK 1.3", "Traffic_26": null, "VCR_26": "0.0511", "AADT_26": "0", "Tipe_Jb_26": null, "Lat_26": -3.16297, "Long_26": 135.66322, "Tgl_Ins_26": "27\/05\/2021", "Ket_26": null }, "geometry": { "type": "Point", "coordinates": [ 135.66322299974172, -3.162967999873274 ] } },
{ "type": "Feature", "properties": { "PROVINSI": "PAPUA TENGAH (NABIRE)", "No_Prov_26": "62", "ID_Jbt_26": "6200203", "Kd_Ruas_26": "62014", "Suffix_26": null, "Nm_Ruas_26": "WAGETE - MOANEMANI", "Lintas_26": "JALAN LINTAS TENGAH", "No_Jbt_26": "62.014.002.0", "Nm_Jbt_26": "OKOMOKEBO", "Status_26": "N", "Fungsi_26": "A", "Lks_Dr_26": "WMN", "Lks_km_26": 4.835, "F_STA_26": "390", "Cadin_26": null, "Pjg_Jbt_26": 30.8, "Btg_Pjg_26": 30.8, "Jml_Btg_26": "1", "Lb_Jl_Ms26": 0.0, "Lb_Jl_Kl26": 0.0, "Lb_Lalin26": 9.0, "Lb_Bh_Ki26": 0.0, "Lb_Bh_Ka26": 0.0, "Lb_Dr_Ki26": 0.0, "Lb_Dr_Ka26": 0.0, "Lb_Tr_Ki26": 0.0, "Lb_Tr_Ka26": 0.0, "Lb_TS_Ki26": 0.0, "Lb_TS_Ka26": 0.0, "Lb_Med_26": 0.0, "Lbr_Jbt_26": 9.0, "Bgn_Ats_26": "GBP", "Jns_Jbt_26": "STANDAR", "Thn_Bgn_26": "2012", "BA_26": "2", "LNT_26": "0", "BB_26": "4", "DAS_26": "1", "OP_26": "3", "UT_26": "0", "GR_26": "0", "LB_26": "0", "JBT_26": "4", "Tp_Lnts_26": "SUNGAI", "Dt_Lnts_26": "LURUS", "Pnangnn_26": "RUTIN", "Pmriksn_26": "DETAIL", "Pnglola_26": "BPJN PAPUA TENGAH", "Satkr_ID26": "693946", "PPK_Name26": "PPK 2.2", "Traffic_26": null, "VCR_26": "0.0301", "AADT_26": "132", "Tipe_Jb_26": null, "Lat_26": -4.00828, "Long_26": 136.28354, "Tgl_Ins_26": "02\/06\/2026", "Ket_26": null }, "geometry": { "type": "Point", "coordinates": [ 136.283539000124847, -4.008281999714484 ] } },
{ "type": "Feature", "properties": { "PROVINSI": "PAPUA TENGAH (NABIRE)", "No_Prov_26": "62", "ID_Jbt_26": "6201028", "Kd_Ruas_26": "62016", "Suffix_26": null, "Nm_Ruas_26": "BEDUDIPA - BTS. KOTA NABIRE", "Lintas_26": "NON LINTAS", "No_Jbt_26": "62.016.137.0", "Nm_Jbt_26": "ONGKOK", "Status_26": "N", "Fungsi_26": "A", "Lks_Dr_26": "NBR", "Lks_km_26": 80.569, "F_STA_26": "500", "Cadin_26": null, "Pjg_Jbt_26": 40.3, "Btg_Pjg_26": 40.3, "Jml_Btg_26": "1", "Lb_Jl_Ms26": 4.45, "Lb_Jl_Kl26": 4.45, "Lb_Lalin26": 6.05, "Lb_Bh_Ki26": 0.0, "Lb_Bh_Ka26": 0.0, "Lb_Dr_Ki26": 0.1, "Lb_Dr_Ka26": 0.1, "Lb_Tr_Ki26": 0.4, "Lb_Tr_Ka26": 0.4, "Lb_TS_Ki26": 0.0, "Lb_TS_Ka26": 0.0, "Lb_Med_26": 0.0, "Lbr_Jbt_26": 7.05, "Bgn_Ats_26": "RBR", "Jns_Jbt_26": "STANDAR", "Thn_Bgn_26": "2014", "BA_26": "2", "LNT_26": "2", "BB_26": "1", "DAS_26": "1", "OP_26": "2", "UT_26": "0", "GR_26": "0", "LB_26": "0", "JBT_26": "2", "Tp_Lnts_26": "SUNGAI", "Dt_Lnts_26": "LURUS", "Pnangnn_26": "RUTIN", "Pmriksn_26": "DETAIL", "Pnglola_26": "BPJN PAPUA TENGAH", "Satkr_ID26": "693945", "PPK_Name26": "PPK 1.1", "Traffic_26": null, "VCR_26": "0.0287", "AADT_26": "243", "Tipe_Jb_26": null, "Lat_26": -3.58229, "Long_26": 135.78809, "Tgl_Ins_26": "06\/05\/2026", "Ket_26": null }, "geometry": { "type": "Point", "coordinates": [ 135.788086000368708, -3.582291999875849 ] } },
{ "type": "Feature", "properties": { "PROVINSI": "PAPUA TENGAH (NABIRE)", "No_Prov_26": "62", "ID_Jbt_26": "6201019", "Kd_Ruas_26": "62016", "Suffix_26": null, "Nm_Ruas_26": "BEDUDIPA - BTS. KOTA NABIRE", "Lintas_26": "NON LINTAS", "No_Jbt_26": "62.016.127.0", "Nm_Jbt_26": "OSCAR", "Status_26": "N", "Fungsi_26": "A", "Lks_Dr_26": "NBR", "Lks_km_26": 72.945, "F_STA_26": "700", "Cadin_26": null, "Pjg_Jbt_26": 50.8, "Btg_Pjg_26": 50.8, "Jml_Btg_26": "1", "Lb_Jl_Ms26": 6.9, "Lb_Jl_Kl26": 6.9, "Lb_Lalin26": 6.0, "Lb_Bh_Ki26": 0.0, "Lb_Bh_Ka26": 0.0, "Lb_Dr_Ki26": 0.1, "Lb_Dr_Ka26": 0.1, "Lb_Tr_Ki26": 0.5, "Lb_Tr_Ka26": 0.5, "Lb_TS_Ki26": 0.0, "Lb_TS_Ka26": 0.0, "Lb_Med_26": 0.0, "Lbr_Jbt_26": 7.2, "Bgn_Ats_26": "RBR", "Jns_Jbt_26": "STANDAR", "Thn_Bgn_26": "2006", "BA_26": "2", "LNT_26": "2", "BB_26": "2", "DAS_26": "1", "OP_26": "1", "UT_26": "0", "GR_26": "0", "LB_26": "0", "JBT_26": "2", "Tp_Lnts_26": "SUNGAI", "Dt_Lnts_26": "LURUS", "Pnangnn_26": "RUTIN", "Pmriksn_26": "DETAIL", "Pnglola_26": "BPJN PAPUA TENGAH", "Satkr_ID26": "693945", "PPK_Name26": "PPK 1.1", "Traffic_26": null, "VCR_26": "0.0287", "AADT_26": "243", "Tipe_Jb_26": null, "Lat_26": -3.54886, "Long_26": 135.76604, "Tgl_Ins_26": "06\/05\/2026", "Ket_26": null }, "geometry": { "type": "Point", "coordinates": [ 135.766036999807739, -3.548861999681492 ] } },
{ "type": "Feature", "properties": { "PROVINSI": "PAPUA TENGAH (NABIRE)", "No_Prov_26": "62", "ID_Jbt_26": "6201046", "Kd_Ruas_26": "62016", "Suffix_26": null, "Nm_Ruas_26": "BEDUDIPA - BTS. KOTA NABIRE", "Lintas_26": "NON LINTAS", "No_Jbt_26": "62.016.157.0", "Nm_Jbt_26": "OTAWA", "Status_26": "N", "Fungsi_26": "A", "Lks_Dr_26": "NBR", "Lks_km_26": 94.736, "F_STA_26": "900", "Cadin_26": null, "Pjg_Jbt_26": 180.0, "Btg_Pjg_26": 60.0, "Jml_Btg_26": "4", "Lb_Jl_Ms26": 4.25, "Lb_Jl_Kl26": 4.25, "Lb_Lalin26": 6.0, "Lb_Bh_Ki26": 0.0, "Lb_Bh_Ka26": 0.0, "Lb_Dr_Ki26": 0.0, "Lb_Dr_Ka26": 0.0, "Lb_Tr_Ki26": 0.5, "Lb_Tr_Ka26": 0.5, "Lb_TS_Ki26": 0.0, "Lb_TS_Ka26": 0.0, "Lb_Med_26": 0.0, "Lbr_Jbt_26": 7.0, "Bgn_Ats_26": "RBR", "Jns_Jbt_26": "STANDAR", "Thn_Bgn_26": "2000", "BA_26": "3", "LNT_26": "2", "BB_26": "2", "DAS_26": "3", "OP_26": "0", "UT_26": "0", "GR_26": "0", "LB_26": "0", "JBT_26": "3", "Tp_Lnts_26": "SUNGAI", "Dt_Lnts_26": "BRAIDED", "Pnangnn_26": "RUTIN", "Pmriksn_26": "DETAIL", "Pnglola_26": "BPJN PAPUA TENGAH", "Satkr_ID26": "693945", "PPK_Name26": "PPK 1.1", "Traffic_26": null, "VCR_26": "0.0287", "AADT_26": "243", "Tipe_Jb_26": null, "Lat_26": -3.5189, "Long_26": 135.84514, "Tgl_Ins_26": "09\/05\/2026", "Ket_26": null }, "geometry": { "type": "Point", "coordinates": [ 135.845138999964888, -3.518898000142542 ] } },
{ "type": "Feature", "properties": { "PROVINSI": "PAPUA TENGAH (NABIRE)", "No_Prov_26": "62", "ID_Jbt_26": "6200207", "Kd_Ruas_26": "62015", "Suffix_26": null, "Nm_Ruas_26": "MOANEMANI - BEDUDIPA", "Lintas_26": "JALAN LINTAS TENGAH", "No_Jbt_26": "62.015.004.0", "Nm_Jbt_26": "OTAWA 2", "Status_26": "N", "Fungsi_26": "A", "Lks_Dr_26": "BDP", "Lks_km_26": 4.74, "F_STA_26": "700", "Cadin_26": null, "Pjg_Jbt_26": 25.0, "Btg_Pjg_26": 25.0, "Jml_Btg_26": "1", "Lb_Jl_Ms26": 7.5, "Lb_Jl_Kl26": 7.5, "Lb_Lalin26": 7.0, "Lb_Bh_Ki26": 0.0, "Lb_Bh_Ka26": 0.0, "Lb_Dr_Ki26": 0.0, "Lb_Dr_Ka26": 0.0, "Lb_Tr_Ki26": 0.0, "Lb_Tr_Ka26": 0.0, "Lb_TS_Ki26": 0.0, "Lb_TS_Ka26": 0.0, "Lb_Med_26": 0.0, "Lbr_Jbt_26": 7.0, "Bgn_Ats_26": "GTP", "Jns_Jbt_26": "STANDAR", "Thn_Bgn_26": "2013", "BA_26": "2", "LNT_26": "2", "BB_26": "1", "DAS_26": "0", "OP_26": "0", "UT_26": "0", "GR_26": "0", "LB_26": "0", "JBT_26": "2", "Tp_Lnts_26": "SUNGAI", "Dt_Lnts_26": "LURUS", "Pnangnn_26": "RUTIN", "Pmriksn_26": "TIDAK DI SURVEI", "Pnglola_26": "BPJN PAPUA TENGAH", "Satkr_ID26": "693945", "PPK_Name26": "PPK 1.1", "Traffic_26": null, "VCR_26": "0.1231", "AADT_26": "4467", "Tipe_Jb_26": null, "Lat_26": -3.5126, "Long_26": 135.8802, "Tgl_Ins_26": "02\/05\/2024", "Ket_26": null }, "geometry": { "type": "Point", "coordinates": [ 135.88020299996856, -3.512600000189821 ] } },
{ "type": "Feature", "properties": { "PROVINSI": "PAPUA TENGAH (NABIRE)", "No_Prov_26": "62", "ID_Jbt_26": "6200208", "Kd_Ruas_26": "62015", "Suffix_26": null, "Nm_Ruas_26": "MOANEMANI - BEDUDIPA", "Lintas_26": "JALAN LINTAS TENGAH", "No_Jbt_26": "62.015.005.0", "Nm_Jbt_26": "OTAWA 3", "Status_26": "N", "Fungsi_26": "A", "Lks_Dr_26": "BDP", "Lks_km_26": 6.165, "F_STA_26": "500", "Cadin_26": null, "Pjg_Jbt_26": 60.0, "Btg_Pjg_26": 60.0, "Jml_Btg_26": "1", "Lb_Jl_Ms26": 6.1, "Lb_Jl_Kl26": 6.1, "Lb_Lalin26": 7.0, "Lb_Bh_Ki26": 0.0, "Lb_Bh_Ka26": 0.0, "Lb_Dr_Ki26": 0.0, "Lb_Dr_Ka26": 0.0, "Lb_Tr_Ki26": 0.0, "Lb_Tr_Ka26": 0.0, "Lb_TS_Ki26": 0.0, "Lb_TS_Ka26": 0.0, "Lb_Med_26": 0.0, "Lbr_Jbt_26": 7.0, "Bgn_Ats_26": "RBR", "Jns_Jbt_26": "STANDAR", "Thn_Bgn_26": "2013", "BA_26": "2", "LNT_26": "2", "BB_26": "2", "DAS_26": "2", "OP_26": "0", "UT_26": "0", "GR_26": "0", "LB_26": "0", "JBT_26": "2", "Tp_Lnts_26": "SUNGAI", "Dt_Lnts_26": "LURUS", "Pnangnn_26": "RUTIN", "Pmriksn_26": "DETAIL", "Pnglola_26": "BPJN PAPUA TENGAH", "Satkr_ID26": "693945", "PPK_Name26": "PPK 1.1", "Traffic_26": null, "VCR_26": "0.1231", "AADT_26": "4467", "Tipe_Jb_26": null, "Lat_26": -3.50753, "Long_26": 135.8887, "Tgl_Ins_26": "04\/06\/2026", "Ket_26": null }, "geometry": { "type": "Point", "coordinates": [ 135.88870199979749, -3.507531000255426 ] } },
{ "type": "Feature", "properties": { "PROVINSI": "PAPUA TENGAH (NABIRE)", "No_Prov_26": "62", "ID_Jbt_26": "6200204", "Kd_Ruas_26": "62015", "Suffix_26": null, "Nm_Ruas_26": "MOANEMANI - BEDUDIPA", "Lintas_26": "JALAN LINTAS TENGAH", "No_Jbt_26": "62.015.001.0", "Nm_Jbt_26": "OTAWA I", "Status_26": "N", "Fungsi_26": "A", "Lks_Dr_26": "BDP", "Lks_km_26": 0.792, "F_STA_26": "100", "Cadin_26": null, "Pjg_Jbt_26": 60.0, "Btg_Pjg_26": 60.0, "Jml_Btg_26": "1", "Lb_Jl_Ms26": 6.75, "Lb_Jl_Kl26": 6.75, "Lb_Lalin26": 7.0, "Lb_Bh_Ki26": 0.0, "Lb_Bh_Ka26": 0.0, "Lb_Dr_Ki26": 0.0, "Lb_Dr_Ka26": 0.0, "Lb_Tr_Ki26": 0.0, "Lb_Tr_Ka26": 0.0, "Lb_TS_Ki26": 0.0, "Lb_TS_Ka26": 0.0, "Lb_Med_26": 0.0, "Lbr_Jbt_26": 7.0, "Bgn_Ats_26": "RBR", "Jns_Jbt_26": "STANDAR", "Thn_Bgn_26": "1999", "BA_26": "2", "LNT_26": "2", "BB_26": "2", "DAS_26": "1", "OP_26": "0", "UT_26": "0", "GR_26": "0", "LB_26": "0", "JBT_26": "2", "Tp_Lnts_26": "SUNGAI", "Dt_Lnts_26": "LURUS", "Pnangnn_26": "RUTIN", "Pmriksn_26": "DETAIL", "Pnglola_26": "BPJN PAPUA TENGAH", "Satkr_ID26": "693945", "PPK_Name26": "PPK 1.1", "Traffic_26": null, "VCR_26": "0.1231", "AADT_26": "4467", "Tipe_Jb_26": null, "Lat_26": -3.51571, "Long_26": 135.85194, "Tgl_Ins_26": "04\/06\/2026", "Ket_26": null }, "geometry": { "type": "Point", "coordinates": [ 135.851943999915761, -3.515709999716648 ] } },
{ "type": "Feature", "properties": { "PROVINSI": "PAPUA TENGAH (NABIRE)", "No_Prov_26": "62", "ID_Jbt_26": "6201189", "Kd_Ruas_26": "62017", "Suffix_26": null, "Nm_Ruas_26": "BTS. KOTA NABIRE - WANGGAR", "Lintas_26": "NON LINTAS", "No_Jbt_26": "62.017.061.0", "Nm_Jbt_26": "PASAR RAYA", "Status_26": "N", "Fungsi_26": "A", "Lks_Dr_26": "NBR", "Lks_km_26": 30.891, "F_STA_26": "100", "Cadin_26": null, "Pjg_Jbt_26": 6.0, "Btg_Pjg_26": 6.0, "Jml_Btg_26": "1", "Lb_Jl_Ms26": 6.0, "Lb_Jl_Kl26": 6.0, "Lb_Lalin26": 5.28, "Lb_Bh_Ki26": 0.3, "Lb_Bh_Ka26": 0.24, "Lb_Dr_Ki26": 0.0, "Lb_Dr_Ka26": 0.0, "Lb_Tr_Ki26": 1.14, "Lb_Tr_Ka26": 1.2, "Lb_TS_Ki26": 0.0, "Lb_TS_Ka26": 0.0, "Lb_Med_26": 0.0, "Lbr_Jbt_26": 8.16, "Bgn_Ats_26": "PTP", "Jns_Jbt_26": "STANDAR", "Thn_Bgn_26": "2008", "BA_26": "2", "LNT_26": "2", "BB_26": "2", "DAS_26": "1", "OP_26": "0", "UT_26": "0", "GR_26": "0", "LB_26": "0", "JBT_26": "2", "Tp_Lnts_26": "SUNGAI", "Dt_Lnts_26": "LURUS", "Pnangnn_26": "RUTIN", "Pmriksn_26": "TIDAK DI SURVEI", "Pnglola_26": "BPJN PAPUA TENGAH", "Satkr_ID26": "693945", "PPK_Name26": "PPK 1.2", "Traffic_26": null, "VCR_26": "0.0522", "AADT_26": "3203", "Tipe_Jb_26": null, "Lat_26": -3.45068, "Long_26": 135.43124, "Tgl_Ins_26": "18\/03\/2024", "Ket_26": null }, "geometry": { "type": "Point", "coordinates": [ 135.431244000310471, -3.450679000035791 ] } },
{ "type": "Feature", "properties": { "PROVINSI": "PAPUA TENGAH (NABIRE)", "No_Prov_26": "62", "ID_Jbt_26": "6200265", "Kd_Ruas_26": "62016", "Suffix_26": null, "Nm_Ruas_26": "BEDUDIPA - BTS. KOTA NABIRE", "Lintas_26": "NON LINTAS", "No_Jbt_26": "62.016.042.0", "Nm_Jbt_26": "PASIR PUTIH", "Status_26": "N", "Fungsi_26": "A", "Lks_Dr_26": "NBR", "Lks_km_26": 37.066, "F_STA_26": "200", "Cadin_26": null, "Pjg_Jbt_26": 20.5, "Btg_Pjg_26": 20.5, "Jml_Btg_26": "1", "Lb_Jl_Ms26": 6.95, "Lb_Jl_Kl26": 6.95, "Lb_Lalin26": 7.1, "Lb_Bh_Ki26": 0.0, "Lb_Bh_Ka26": 0.0, "Lb_Dr_Ki26": 0.0, "Lb_Dr_Ka26": 0.0, "Lb_Tr_Ki26": 0.76, "Lb_Tr_Ka26": 0.74, "Lb_TS_Ki26": 0.3, "Lb_TS_Ka26": 0.3, "Lb_Med_26": 0.0, "Lbr_Jbt_26": 9.2, "Bgn_Ats_26": "GBP", "Jns_Jbt_26": "STANDAR", "Thn_Bgn_26": "1998", "BA_26": "2", "LNT_26": "2", "BB_26": "1", "DAS_26": "1", "OP_26": "0", "UT_26": "0", "GR_26": "0", "LB_26": "0", "JBT_26": "2", "Tp_Lnts_26": "SUNGAI", "Dt_Lnts_26": "LURUS", "Pnangnn_26": "RUTIN", "Pmriksn_26": "TIDAK DI SURVEI", "Pnglola_26": "BPJN PAPUA TENGAH", "Satkr_ID26": "693945", "PPK_Name26": "PPK 1.1", "Traffic_26": null, "VCR_26": "0.0287", "AADT_26": "243", "Tipe_Jb_26": null, "Lat_26": -3.48895, "Long_26": 135.66687, "Tgl_Ins_26": "08\/07\/2025", "Ket_26": null }, "geometry": { "type": "Point", "coordinates": [ 135.666869999750702, -3.488950000442117 ] } },
{ "type": "Feature", "properties": { "PROVINSI": "PAPUA TENGAH (NABIRE)", "No_Prov_26": "62", "ID_Jbt_26": "6200660", "Kd_Ruas_26": "62050", "Suffix_26": null, "Nm_Ruas_26": "KARUBAGA - ILU - MULIA", "Lintas_26": "NON LINTAS", "No_Jbt_26": "62.050.003.0", "Nm_Jbt_26": "PENEGE", "Status_26": "N", "Fungsi_26": "A", "Lks_Dr_26": "WMN", "Lks_km_26": 19.953, "F_STA_26": "970", "Cadin_26": null, "Pjg_Jbt_26": 15.0, "Btg_Pjg_26": 15.0, "Jml_Btg_26": "1", "Lb_Jl_Ms26": 0.0, "Lb_Jl_Kl26": 0.0, "Lb_Lalin26": 6.4, "Lb_Bh_Ki26": 0.0, "Lb_Bh_Ka26": 0.0, "Lb_Dr_Ki26": 0.0, "Lb_Dr_Ka26": 0.0, "Lb_Tr_Ki26": 0.0, "Lb_Tr_Ka26": 0.0, "Lb_TS_Ki26": 0.0, "Lb_TS_Ka26": 0.0, "Lb_Med_26": 0.0, "Lbr_Jbt_26": 6.4, "Bgn_Ats_26": "WXX", "Jns_Jbt_26": "STANDAR", "Thn_Bgn_26": "0", "BA_26": "0", "LNT_26": "0", "BB_26": "0", "DAS_26": "0", "OP_26": "0", "UT_26": "0", "GR_26": "0", "LB_26": "5", "JBT_26": "5", "Tp_Lnts_26": "SUNGAI", "Dt_Lnts_26": "LURUS", "Pnangnn_26": "PEMBANGUNAN", "Pmriksn_26": "DETAIL", "Pnglola_26": "BPJN PAPUA TENGAH", "Satkr_ID26": "693948", "PPK_Name26": "PPK 4.1", "Traffic_26": null, "VCR_26": "0.0157", "AADT_26": "0", "Tipe_Jb_26": null, "Lat_26": -3.69313, "Long_26": 138.37595, "Tgl_Ins_26": "09\/05\/2026", "Ket_26": null }, "geometry": { "type": "Point", "coordinates": [ 138.375946000107888, -3.693130000349186 ] } },
{ "type": "Feature", "properties": { "PROVINSI": "PAPUA TENGAH (NABIRE)", "No_Prov_26": "62", "ID_Jbt_26": "6200241", "Kd_Ruas_26": "62016", "Suffix_26": null, "Nm_Ruas_26": "BEDUDIPA - BTS. KOTA NABIRE", "Lintas_26": "NON LINTAS", "No_Jbt_26": "62.016.017.0", "Nm_Jbt_26": "PEPAYA BESAR", "Status_26": "N", "Fungsi_26": "A", "Lks_Dr_26": "NBR", "Lks_km_26": 17.463, "F_STA_26": "800", "Cadin_26": null, "Pjg_Jbt_26": 50.0, "Btg_Pjg_26": 50.0, "Jml_Btg_26": "1", "Lb_Jl_Ms26": 5.0, "Lb_Jl_Kl26": 5.0, "Lb_Lalin26": 6.0, "Lb_Bh_Ki26": 0.0, "Lb_Bh_Ka26": 0.0, "Lb_Dr_Ki26": 0.0, "Lb_Dr_Ka26": 0.0, "Lb_Tr_Ki26": 0.5, "Lb_Tr_Ka26": 0.5, "Lb_TS_Ki26": 0.0, "Lb_TS_Ka26": 0.0, "Lb_Med_26": 0.0, "Lbr_Jbt_26": 7.0, "Bgn_Ats_26": "RBR", "Jns_Jbt_26": "STANDAR", "Thn_Bgn_26": "2013", "BA_26": "2", "LNT_26": "2", "BB_26": "2", "DAS_26": "2", "OP_26": "0", "UT_26": "0", "GR_26": "0", "LB_26": "0", "JBT_26": "2", "Tp_Lnts_26": "SUNGAI", "Dt_Lnts_26": "BERKELOK", "Pnangnn_26": "RUTIN", "Pmriksn_26": "DETAIL", "Pnglola_26": "BPJN PAPUA TENGAH", "Satkr_ID26": "693945", "PPK_Name26": "PPK 1.1", "Traffic_26": null, "VCR_26": "0.0287", "AADT_26": "243", "Tipe_Jb_26": null, "Lat_26": -3.44853, "Long_26": 135.54955, "Tgl_Ins_26": "09\/05\/2026", "Ket_26": null }, "geometry": { "type": "Point", "coordinates": [ 135.549544999602062, -3.448531999951797 ] } },
{ "type": "Feature", "properties": { "PROVINSI": "PAPUA TENGAH (NABIRE)", "No_Prov_26": "62", "ID_Jbt_26": "6200240", "Kd_Ruas_26": "62016", "Suffix_26": null, "Nm_Ruas_26": "BEDUDIPA - BTS. KOTA NABIRE", "Lintas_26": "NON LINTAS", "No_Jbt_26": "62.016.016.0", "Nm_Jbt_26": "PEPAYA KECIL", "Status_26": "N", "Fungsi_26": "A", "Lks_Dr_26": "NBR", "Lks_km_26": 17.251, "F_STA_26": "400", "Cadin_26": null, "Pjg_Jbt_26": 16.5, "Btg_Pjg_26": 3.0, "Jml_Btg_26": "3", "Lb_Jl_Ms26": 4.95, "Lb_Jl_Kl26": 4.95, "Lb_Lalin26": 6.17, "Lb_Bh_Ki26": 1.13, "Lb_Bh_Ka26": 1.36, "Lb_Dr_Ki26": 0.0, "Lb_Dr_Ka26": 0.0, "Lb_Tr_Ki26": 0.0, "Lb_Tr_Ka26": 0.0, "Lb_TS_Ki26": 0.54, "Lb_TS_Ka26": 0.54, "Lb_Med_26": 0.0, "Lbr_Jbt_26": 9.74, "Bgn_Ats_26": "BTP", "Jns_Jbt_26": "STANDAR", "Thn_Bgn_26": "2013", "BA_26": "0", "LNT_26": "0", "BB_26": "0", "DAS_26": "2", "OP_26": "2", "UT_26": "2", "GR_26": "0", "LB_26": "0", "JBT_26": "2", "Tp_Lnts_26": "SUNGAI", "Dt_Lnts_26": "LURUS", "Pnangnn_26": "RUTIN", "Pmriksn_26": "TIDAK DI SURVEI", "Pnglola_26": "BPJN PAPUA TENGAH", "Satkr_ID26": "693945", "PPK_Name26": "PPK 1.1", "Traffic_26": null, "VCR_26": "0.0287", "AADT_26": "243", "Tipe_Jb_26": null, "Lat_26": -3.44727, "Long_26": 135.54744, "Tgl_Ins_26": "18\/04\/2024", "Ket_26": null }, "geometry": { "type": "Point", "coordinates": [ 135.547439999656376, -3.447270000210267 ] } },
{ "type": "Feature", "properties": { "PROVINSI": "PAPUA TENGAH (NABIRE)", "No_Prov_26": "62", "ID_Jbt_26": "6200687", "Kd_Ruas_26": "62051", "Suffix_26": null, "Nm_Ruas_26": "SIMPANG PELRA - MAYON", "Lintas_26": "NON LINTAS", "No_Jbt_26": "62.051.005.0", "Nm_Jbt_26": "PIGAPU", "Status_26": "N", "Fungsi_26": "A", "Lks_Dr_26": "TMK", "Lks_km_26": 8.367, "F_STA_26": "670", "Cadin_26": null, "Pjg_Jbt_26": 30.0, "Btg_Pjg_26": 30.0, "Jml_Btg_26": "1", "Lb_Jl_Ms26": 0.0, "Lb_Jl_Kl26": 0.0, "Lb_Lalin26": 6.2, "Lb_Bh_Ki26": 0.33, "Lb_Bh_Ka26": 0.33, "Lb_Dr_Ki26": 0.07, "Lb_Dr_Ka26": 0.07, "Lb_Tr_Ki26": 1.0, "Lb_Tr_Ka26": 1.0, "Lb_TS_Ki26": 0.3, "Lb_TS_Ka26": 0.3, "Lb_Med_26": 0.0, "Lbr_Jbt_26": 9.6, "Bgn_Ats_26": "GBP", "Jns_Jbt_26": "STANDAR", "Thn_Bgn_26": "2012", "BA_26": "2", "LNT_26": "2", "BB_26": "2", "DAS_26": "1", "OP_26": "2", "UT_26": "1", "GR_26": "0", "LB_26": "0", "JBT_26": "2", "Tp_Lnts_26": "SUNGAI", "Dt_Lnts_26": "LURUS", "Pnangnn_26": "RUTIN", "Pmriksn_26": "TIDAK DI SURVEI", "Pnglola_26": "BPJN PAPUA TENGAH", "Satkr_ID26": "693943", "PPK_Name26": "PPK 3.1", "Traffic_26": null, "VCR_26": "0.0024", "AADT_26": "0", "Tipe_Jb_26": null, "Lat_26": -4.68832, "Long_26": 136.72675, "Tgl_Ins_26": "13\/06\/2025", "Ket_26": null }, "geometry": { "type": "Point", "coordinates": [ 136.72674599982804, -4.688320999614405 ] } },
{ "type": "Feature", "properties": { "PROVINSI": "PAPUA TENGAH (NABIRE)", "No_Prov_26": "62", "ID_Jbt_26": "6200667", "Kd_Ruas_26": "62050", "Suffix_26": null, "Nm_Ruas_26": "KARUBAGA - ILU - MULIA", "Lintas_26": "NON LINTAS", "No_Jbt_26": "62.050.010.0", "Nm_Jbt_26": "PINA -PINA (ABLI)", "Status_26": "N", "Fungsi_26": "A", "Lks_Dr_26": "WMN", "Lks_km_26": 145.0, "F_STA_26": "580", "Cadin_26": null, "Pjg_Jbt_26": 10.0, "Btg_Pjg_26": 10.0, "Jml_Btg_26": "1", "Lb_Jl_Ms26": 0.0, "Lb_Jl_Kl26": 0.0, "Lb_Lalin26": 4.0, "Lb_Bh_Ki26": 0.0, "Lb_Bh_Ka26": 0.0, "Lb_Dr_Ki26": 0.0, "Lb_Dr_Ka26": 0.0, "Lb_Tr_Ki26": 0.0, "Lb_Tr_Ka26": 0.0, "Lb_TS_Ki26": 0.0, "Lb_TS_Ka26": 0.0, "Lb_Med_26": 0.0, "Lbr_Jbt_26": 4.0, "Bgn_Ats_26": "WXX", "Jns_Jbt_26": "STANDAR", "Thn_Bgn_26": "0", "BA_26": "0", "LNT_26": "0", "BB_26": "0", "DAS_26": "0", "OP_26": "0", "UT_26": "0", "GR_26": "0", "LB_26": "5", "JBT_26": "5", "Tp_Lnts_26": "SUNGAI", "Dt_Lnts_26": "LURUS", "Pnangnn_26": "PEMBANGUNAN", "Pmriksn_26": "DETAIL", "Pnglola_26": "BPJN PAPUA TENGAH", "Satkr_ID26": "693948", "PPK_Name26": "PPK 4.1", "Traffic_26": null, "VCR_26": "0.0157", "AADT_26": "0", "Tipe_Jb_26": null, "Lat_26": -3.70056, "Long_26": 138.23189, "Tgl_Ins_26": "11\/05\/2026", "Ket_26": null }, "geometry": { "type": "Point", "coordinates": [ 138.231890000223416, -3.700561000389825 ] } },
{ "type": "Feature", "properties": { "PROVINSI": "PAPUA TENGAH (NABIRE)", "No_Prov_26": "62", "ID_Jbt_26": "6200730", "Kd_Ruas_26": "62053", "Suffix_26": null, "Nm_Ruas_26": "TIMIKA - SP. PELRA - POMAKO", "Lintas_26": "JALAN PENGHUBUNG LINTAS", "No_Jbt_26": "62.053.029.0", "Nm_Jbt_26": "POMAKO-V", "Status_26": "N", "Fungsi_26": "A", "Lks_Dr_26": "TMK", "Lks_km_26": 46.164, "F_STA_26": "880", "Cadin_26": null, "Pjg_Jbt_26": 19.95, "Btg_Pjg_26": 19.95, "Jml_Btg_26": "1", "Lb_Jl_Ms26": 0.0, "Lb_Jl_Kl26": 0.0, "Lb_Lalin26": 6.86, "Lb_Bh_Ki26": 0.0, "Lb_Bh_Ka26": 0.0, "Lb_Dr_Ki26": 0.07, "Lb_Dr_Ka26": 0.07, "Lb_Tr_Ki26": 1.0, "Lb_Tr_Ka26": 1.0, "Lb_TS_Ki26": 0.0, "Lb_TS_Ka26": 0.0, "Lb_Med_26": 0.0, "Lbr_Jbt_26": 9.0, "Bgn_Ats_26": "GTP", "Jns_Jbt_26": "STANDAR", "Thn_Bgn_26": "2005", "BA_26": "2", "LNT_26": "2", "BB_26": "2", "DAS_26": "0", "OP_26": "2", "UT_26": "0", "GR_26": "0", "LB_26": "0", "JBT_26": "2", "Tp_Lnts_26": "SUNGAI", "Dt_Lnts_26": "LURUS", "Pnangnn_26": "RUTIN", "Pmriksn_26": "DETAIL", "Pnglola_26": "BPJN PAPUA TENGAH", "Satkr_ID26": "693943", "PPK_Name26": "PPK 3.1", "Traffic_26": null, "VCR_26": "0.2254", "AADT_26": "2780", "Tipe_Jb_26": null, "Lat_26": -4.77674, "Long_26": 136.77165, "Tgl_Ins_26": "27\/04\/2026", "Ket_26": null }, "geometry": { "type": "Point", "coordinates": [ 136.771652000439531, -4.776738000358364 ] } },
{ "type": "Feature", "properties": { "PROVINSI": "PAPUA TENGAH (NABIRE)", "No_Prov_26": "62", "ID_Jbt_26": "6200724", "Kd_Ruas_26": "62053", "Suffix_26": null, "Nm_Ruas_26": "TIMIKA - SP. PELRA - POMAKO", "Lintas_26": "JALAN PENGHUBUNG LINTAS", "No_Jbt_26": "62.053.022.0", "Nm_Jbt_26": "POMAKO-VI", "Status_26": "N", "Fungsi_26": "A", "Lks_Dr_26": "TMK", "Lks_km_26": 39.308, "F_STA_26": "300", "Cadin_26": null, "Pjg_Jbt_26": 6.1, "Btg_Pjg_26": 6.1, "Jml_Btg_26": "1", "Lb_Jl_Ms26": 0.0, "Lb_Jl_Kl26": 0.0, "Lb_Lalin26": 6.0, "Lb_Bh_Ki26": 0.0, "Lb_Bh_Ka26": 0.0, "Lb_Dr_Ki26": 0.0, "Lb_Dr_Ka26": 0.0, "Lb_Tr_Ki26": 0.0, "Lb_Tr_Ka26": 0.0, "Lb_TS_Ki26": 0.0, "Lb_TS_Ka26": 0.0, "Lb_Med_26": 0.0, "Lbr_Jbt_26": 6.0, "Bgn_Ats_26": "GTP", "Jns_Jbt_26": "STANDAR", "Thn_Bgn_26": "2000", "BA_26": "2", "LNT_26": "2", "BB_26": "2", "DAS_26": "1", "OP_26": "2", "UT_26": "0", "GR_26": "0", "LB_26": "0", "JBT_26": "2", "Tp_Lnts_26": "SUNGAI", "Dt_Lnts_26": "LURUS", "Pnangnn_26": "RUTIN", "Pmriksn_26": "DETAIL", "Pnglola_26": "BPJN PAPUA TENGAH", "Satkr_ID26": "693943", "PPK_Name26": "PPK 3.1", "Traffic_26": null, "VCR_26": "0.2254", "AADT_26": "2780", "Tipe_Jb_26": null, "Lat_26": -4.73202, "Long_26": 136.76775, "Tgl_Ins_26": "27\/04\/2026", "Ket_26": null }, "geometry": { "type": "Point", "coordinates": [ 136.767746000177794, -4.732015000092133 ] } },
{ "type": "Feature", "properties": { "PROVINSI": "PAPUA TENGAH (NABIRE)", "No_Prov_26": "62", "ID_Jbt_26": "6200725", "Kd_Ruas_26": "62053", "Suffix_26": null, "Nm_Ruas_26": "TIMIKA - SP. PELRA - POMAKO", "Lintas_26": "JALAN PENGHUBUNG LINTAS", "No_Jbt_26": "62.053.024.0", "Nm_Jbt_26": "POMAKO-VIII", "Status_26": "N", "Fungsi_26": "A", "Lks_Dr_26": "TMK", "Lks_km_26": 39.971, "F_STA_26": "350", "Cadin_26": null, "Pjg_Jbt_26": 6.0, "Btg_Pjg_26": 6.0, "Jml_Btg_26": "1", "Lb_Jl_Ms26": 0.0, "Lb_Jl_Kl26": 0.0, "Lb_Lalin26": 6.0, "Lb_Bh_Ki26": 1.0, "Lb_Bh_Ka26": 1.3, "Lb_Dr_Ki26": 0.1, "Lb_Dr_Ka26": 0.1, "Lb_Tr_Ki26": 0.0, "Lb_Tr_Ka26": 0.0, "Lb_TS_Ki26": 0.0, "Lb_TS_Ka26": 0.0, "Lb_Med_26": 0.0, "Lbr_Jbt_26": 8.5, "Bgn_Ats_26": "GTP", "Jns_Jbt_26": "STANDAR", "Thn_Bgn_26": "2000", "BA_26": "2", "LNT_26": "2", "BB_26": "2", "DAS_26": "1", "OP_26": "2", "UT_26": "0", "GR_26": "0", "LB_26": "0", "JBT_26": "2", "Tp_Lnts_26": "SUNGAI", "Dt_Lnts_26": "LURUS", "Pnangnn_26": "REHABILITASI", "Pmriksn_26": "DETAIL", "Pnglola_26": "BPJN PAPUA TENGAH", "Satkr_ID26": "693943", "PPK_Name26": "PPK 3.1", "Traffic_26": null, "VCR_26": "0.2254", "AADT_26": "2780", "Tipe_Jb_26": null, "Lat_26": -4.73451, "Long_26": 136.76454, "Tgl_Ins_26": "27\/04\/2026", "Ket_26": null }, "geometry": { "type": "Point", "coordinates": [ 136.764541999913376, -4.734507999944185 ] } },
{ "type": "Feature", "properties": { "PROVINSI": "PAPUA TENGAH (NABIRE)", "No_Prov_26": "62", "ID_Jbt_26": "6200727", "Kd_Ruas_26": "62053", "Suffix_26": null, "Nm_Ruas_26": "TIMIKA - SP. PELRA - POMAKO", "Lintas_26": "JALAN PENGHUBUNG LINTAS", "No_Jbt_26": "62.053.026.0", "Nm_Jbt_26": "POMAKO-X", "Status_26": "N", "Fungsi_26": "A", "Lks_Dr_26": "TMK", "Lks_km_26": 40.307, "F_STA_26": "370", "Cadin_26": null, "Pjg_Jbt_26": 26.4, "Btg_Pjg_26": 26.4, "Jml_Btg_26": "1", "Lb_Jl_Ms26": 0.0, "Lb_Jl_Kl26": 0.0, "Lb_Lalin26": 6.0, "Lb_Bh_Ki26": 0.5, "Lb_Bh_Ka26": 0.6, "Lb_Dr_Ki26": 0.09, "Lb_Dr_Ka26": 0.09, "Lb_Tr_Ki26": 1.0, "Lb_Tr_Ka26": 1.0, "Lb_TS_Ki26": 0.0, "Lb_TS_Ka26": 0.0, "Lb_Med_26": 0.0, "Lbr_Jbt_26": 9.28, "Bgn_Ats_26": "GBP", "Jns_Jbt_26": "STANDAR", "Thn_Bgn_26": "2000", "BA_26": "2", "LNT_26": "2", "BB_26": "2", "DAS_26": "2", "OP_26": "2", "UT_26": "0", "GR_26": "0", "LB_26": "0", "JBT_26": "2", "Tp_Lnts_26": "SUNGAI", "Dt_Lnts_26": "LURUS", "Pnangnn_26": "RUTIN", "Pmriksn_26": "DETAIL", "Pnglola_26": "BPJN PAPUA TENGAH", "Satkr_ID26": "693943", "PPK_Name26": "PPK 3.1", "Traffic_26": null, "VCR_26": "0.2254", "AADT_26": "2780", "Tipe_Jb_26": null, "Lat_26": -4.73553, "Long_26": 136.76303, "Tgl_Ins_26": "27\/04\/2026", "Ket_26": null }, "geometry": { "type": "Point", "coordinates": [ 136.763031000380465, -4.735525000078667 ] } },
{ "type": "Feature", "properties": { "PROVINSI": "PAPUA TENGAH (NABIRE)", "No_Prov_26": "62", "ID_Jbt_26": "6200911", "Kd_Ruas_26": "62013", "Suffix_26": null, "Nm_Ruas_26": "ENAROTALI - WAGETE", "Lintas_26": "JALAN LINTAS TENGAH", "No_Jbt_26": "62.013.003.0", "Nm_Jbt_26": "PUGO", "Status_26": "N", "Fungsi_26": "A", "Lks_Dr_26": "WMN", "Lks_km_26": 0.0, "F_STA_26": "580", "Cadin_26": null, "Pjg_Jbt_26": 25.8, "Btg_Pjg_26": 25.8, "Jml_Btg_26": "1", "Lb_Jl_Ms26": 0.0, "Lb_Jl_Kl26": 0.0, "Lb_Lalin26": 9.0, "Lb_Bh_Ki26": 0.0, "Lb_Bh_Ka26": 0.0, "Lb_Dr_Ki26": 0.0, "Lb_Dr_Ka26": 0.0, "Lb_Tr_Ki26": 0.0, "Lb_Tr_Ka26": 0.0, "Lb_TS_Ki26": 0.0, "Lb_TS_Ka26": 0.0, "Lb_Med_26": 0.0, "Lbr_Jbt_26": 9.0, "Bgn_Ats_26": "GBP", "Jns_Jbt_26": "STANDAR", "Thn_Bgn_26": "2014", "BA_26": "2", "LNT_26": "0", "BB_26": "1", "DAS_26": "1", "OP_26": "0", "UT_26": "0", "GR_26": "0", "LB_26": "0", "JBT_26": "2", "Tp_Lnts_26": "SUNGAI", "Dt_Lnts_26": "LURUS", "Pnangnn_26": "RUTIN", "Pmriksn_26": "TIDAK DI SURVEI", "Pnglola_26": "BPJN PAPUA TENGAH", "Satkr_ID26": "693946", "PPK_Name26": "PPK 2.1", "Traffic_26": null, "VCR_26": "0.0229", "AADT_26": "648", "Tipe_Jb_26": null, "Lat_26": -3.97778, "Long_26": 136.3835, "Tgl_Ins_26": "26\/06\/2023", "Ket_26": null }, "geometry": { "type": "Point", "coordinates": [ 136.383498999878952, -3.977775000315944 ] } },
{ "type": "Feature", "properties": { "PROVINSI": "PAPUA TENGAH (NABIRE)", "No_Prov_26": "62", "ID_Jbt_26": "6202134", "Kd_Ruas_26": "62013", "Suffix_26": null, "Nm_Ruas_26": "ENAROTALI - WAGETE", "Lintas_26": "JALAN LINTAS TENGAH", "No_Jbt_26": "62.013.004.0", "Nm_Jbt_26": "PUGO 1", "Status_26": "N", "Fungsi_26": "A", "Lks_Dr_26": "WMN", "Lks_km_26": 0.0, "F_STA_26": "240", "Cadin_26": null, "Pjg_Jbt_26": 60.0, "Btg_Pjg_26": 60.0, "Jml_Btg_26": "1", "Lb_Jl_Ms26": 0.0, "Lb_Jl_Kl26": 0.0, "Lb_Lalin26": 7.0, "Lb_Bh_Ki26": 0.0, "Lb_Bh_Ka26": 0.0, "Lb_Dr_Ki26": 0.0, "Lb_Dr_Ka26": 0.0, "Lb_Tr_Ki26": 0.0, "Lb_Tr_Ka26": 0.0, "Lb_TS_Ki26": 0.0, "Lb_TS_Ka26": 0.0, "Lb_Med_26": 0.0, "Lbr_Jbt_26": 7.0, "Bgn_Ats_26": "RBP", "Jns_Jbt_26": "STANDAR", "Thn_Bgn_26": "2015", "BA_26": "2", "LNT_26": "1", "BB_26": "2", "DAS_26": "1", "OP_26": "2", "UT_26": "0", "GR_26": "0", "LB_26": "0", "JBT_26": "2", "Tp_Lnts_26": "SUNGAI", "Dt_Lnts_26": "BERKELOK", "Pnangnn_26": "RUTIN", "Pmriksn_26": "DETAIL", "Pnglola_26": "BPJN PAPUA TENGAH", "Satkr_ID26": "693946", "PPK_Name26": "PPK 2.1", "Traffic_26": null, "VCR_26": "0.0229", "AADT_26": "648", "Tipe_Jb_26": null, "Lat_26": -3.98235, "Long_26": 136.41141, "Tgl_Ins_26": "01\/06\/2026", "Ket_26": null }, "geometry": { "type": "Point", "coordinates": [ 136.411406999933206, -3.982352000044727 ] } },
{ "type": "Feature", "properties": { "PROVINSI": "PAPUA TENGAH (NABIRE)", "No_Prov_26": "62", "ID_Jbt_26": "6201517", "Kd_Ruas_26": "62052", "Suffix_26": null, "Nm_Ruas_26": "MAYON - SIMPANG KAPIRAYA", "Lintas_26": "NON LINTAS", "No_Jbt_26": "62.052.049.0", "Nm_Jbt_26": "RAWA BUAYA 1", "Status_26": "N", "Fungsi_26": "A", "Lks_Dr_26": "TMK", "Lks_km_26": 60.438, "F_STA_26": "880", "Cadin_26": null, "Pjg_Jbt_26": 40.0, "Btg_Pjg_26": 40.0, "Jml_Btg_26": "1", "Lb_Jl_Ms26": 0.0, "Lb_Jl_Kl26": 0.0, "Lb_Lalin26": 6.2, "Lb_Bh_Ki26": 0.6, "Lb_Bh_Ka26": 0.3, "Lb_Dr_Ki26": 0.1, "Lb_Dr_Ka26": 0.1, "Lb_Tr_Ki26": 0.95, "Lb_Tr_Ka26": 0.9, "Lb_TS_Ki26": 0.0, "Lb_TS_Ka26": 0.0, "Lb_Med_26": 0.0, "Lbr_Jbt_26": 9.15, "Bgn_Ats_26": "RBP", "Jns_Jbt_26": "STANDAR", "Thn_Bgn_26": "2015", "BA_26": "2", "LNT_26": "0", "BB_26": "1", "DAS_26": "1", "OP_26": "2", "UT_26": "0", "GR_26": "0", "LB_26": "0", "JBT_26": "2", "Tp_Lnts_26": "SUNGAI", "Dt_Lnts_26": "LURUS", "Pnangnn_26": "RUTIN", "Pmriksn_26": "DETAIL", "Pnglola_26": "BPJN PAPUA TENGAH", "Satkr_ID26": "693943", "PPK_Name26": "PPK 3.2", "Traffic_26": null, "VCR_26": "0.0508", "AADT_26": "474", "Tipe_Jb_26": null, "Lat_26": -4.25756, "Long_26": 136.60136, "Tgl_Ins_26": "08\/05\/2026", "Ket_26": null }, "geometry": { "type": "Point", "coordinates": [ 136.60136400044837, -4.257564000278364 ] } },
{ "type": "Feature", "properties": { "PROVINSI": "PAPUA TENGAH (NABIRE)", "No_Prov_26": "62", "ID_Jbt_26": "6201520", "Kd_Ruas_26": "62052", "Suffix_26": null, "Nm_Ruas_26": "MAYON - SIMPANG KAPIRAYA", "Lintas_26": "NON LINTAS", "No_Jbt_26": "62.052.052.0", "Nm_Jbt_26": "RAWA BUAYA 2", "Status_26": "N", "Fungsi_26": "A", "Lks_Dr_26": "TMK", "Lks_km_26": 62.531, "F_STA_26": "90", "Cadin_26": null, "Pjg_Jbt_26": 40.0, "Btg_Pjg_26": 40.0, "Jml_Btg_26": "1", "Lb_Jl_Ms26": 0.0, "Lb_Jl_Kl26": 0.0, "Lb_Lalin26": 5.9, "Lb_Bh_Ki26": 0.2, "Lb_Bh_Ka26": 0.2, "Lb_Dr_Ki26": 0.1, "Lb_Dr_Ka26": 0.1, "Lb_Tr_Ki26": 1.0, "Lb_Tr_Ka26": 1.0, "Lb_TS_Ki26": 0.0, "Lb_TS_Ka26": 0.0, "Lb_Med_26": 0.0, "Lbr_Jbt_26": 8.5, "Bgn_Ats_26": "RBR", "Jns_Jbt_26": "STANDAR", "Thn_Bgn_26": "2015", "BA_26": "2", "LNT_26": "2", "BB_26": "1", "DAS_26": "1", "OP_26": "2", "UT_26": "0", "GR_26": "0", "LB_26": "0", "JBT_26": "2", "Tp_Lnts_26": "SUNGAI", "Dt_Lnts_26": "LURUS", "Pnangnn_26": "RUTIN", "Pmriksn_26": "DETAIL", "Pnglola_26": "BPJN PAPUA TENGAH", "Satkr_ID26": "693943", "PPK_Name26": "PPK 3.2", "Traffic_26": null, "VCR_26": "0.0508", "AADT_26": "474", "Tipe_Jb_26": null, "Lat_26": -4.25008, "Long_26": 136.58623, "Tgl_Ins_26": "06\/05\/2026", "Ket_26": null }, "geometry": { "type": "Point", "coordinates": [ 136.586227000275926, -4.250080999638385 ] } },
{ "type": "Feature", "properties": { "PROVINSI": "PAPUA TENGAH (NABIRE)", "No_Prov_26": "62", "ID_Jbt_26": "6201436", "Kd_Ruas_26": "620442", "Suffix_26": "2", "Nm_Ruas_26": "KIMIBAY - LEGARE", "Lintas_26": "NON LINTAS", "No_Jbt_26": "62.044.049.0.2", "Nm_Jbt_26": "RAWAUDO", "Status_26": "N", "Fungsi_26": "K", "Lks_Dr_26": "KMB", "Lks_km_26": 7.254, "F_STA_26": "400", "Cadin_26": null, "Pjg_Jbt_26": 37.5, "Btg_Pjg_26": 37.5, "Jml_Btg_26": "1", "Lb_Jl_Ms26": 6.0, "Lb_Jl_Kl26": 6.0, "Lb_Lalin26": 6.05, "Lb_Bh_Ki26": 0.0, "Lb_Bh_Ka26": 0.0, "Lb_Dr_Ki26": 0.0, "Lb_Dr_Ka26": 0.0, "Lb_Tr_Ki26": 0.42, "Lb_Tr_Ka26": 0.38, "Lb_TS_Ki26": 0.0, "Lb_TS_Ka26": 0.0, "Lb_Med_26": 0.0, "Lbr_Jbt_26": 6.85, "Bgn_Ats_26": "GTP", "Jns_Jbt_26": "STANDAR", "Thn_Bgn_26": "2000", "BA_26": "2", "LNT_26": "2", "BB_26": "0", "DAS_26": "1", "OP_26": "2", "UT_26": "0", "GR_26": "0", "LB_26": "0", "JBT_26": "2", "Tp_Lnts_26": "SUNGAI", "Dt_Lnts_26": "LURUS", "Pnangnn_26": "RUTIN", "Pmriksn_26": "TIDAK DI SURVEI", "Pnglola_26": "BPJN PAPUA TENGAH", "Satkr_ID26": "693945", "PPK_Name26": "PPK 1.3", "Traffic_26": null, "VCR_26": "0.0511", "AADT_26": "0", "Tipe_Jb_26": null, "Lat_26": -3.19217, "Long_26": 135.61066, "Tgl_Ins_26": "03\/04\/2024", "Ket_26": null }, "geometry": { "type": "Point", "coordinates": [ 135.610657000220499, -3.192165000014711 ] } },
{ "type": "Feature", "properties": { "PROVINSI": "PAPUA TENGAH (NABIRE)", "No_Prov_26": "62", "ID_Jbt_26": "6200804", "Kd_Ruas_26": "62052", "Suffix_26": null, "Nm_Ruas_26": "MAYON - SIMPANG KAPIRAYA", "Lintas_26": "NON LINTAS", "No_Jbt_26": "62.052.032.0", "Nm_Jbt_26": "RETAR", "Status_26": "N", "Fungsi_26": "A", "Lks_Dr_26": "TMK", "Lks_km_26": 38.777, "F_STA_26": "770", "Cadin_26": null, "Pjg_Jbt_26": 20.0, "Btg_Pjg_26": 20.0, "Jml_Btg_26": "1", "Lb_Jl_Ms26": 0.0, "Lb_Jl_Kl26": 0.0, "Lb_Lalin26": 6.7, "Lb_Bh_Ki26": 0.25, "Lb_Bh_Ka26": 0.25, "Lb_Dr_Ki26": 0.0, "Lb_Dr_Ka26": 0.0, "Lb_Tr_Ki26": 1.1, "Lb_Tr_Ka26": 1.0, "Lb_TS_Ki26": 0.0, "Lb_TS_Ka26": 0.0, "Lb_Med_26": 0.0, "Lbr_Jbt_26": 9.3, "Bgn_Ats_26": "GTP", "Jns_Jbt_26": "STANDAR", "Thn_Bgn_26": "2013", "BA_26": "2", "LNT_26": "2", "BB_26": "1", "DAS_26": "1", "OP_26": "1", "UT_26": "0", "GR_26": "0", "LB_26": "0", "JBT_26": "2", "Tp_Lnts_26": "SUNGAI", "Dt_Lnts_26": "LURUS", "Pnangnn_26": "RUTIN", "Pmriksn_26": "TIDAK DI SURVEI", "Pnglola_26": "BPJN PAPUA TENGAH", "Satkr_ID26": "693943", "PPK_Name26": "PPK 3.2", "Traffic_26": null, "VCR_26": "0.0508", "AADT_26": "474", "Tipe_Jb_26": null, "Lat_26": -4.33419, "Long_26": 136.70609, "Tgl_Ins_26": "29\/05\/2024", "Ket_26": null }, "geometry": { "type": "Point", "coordinates": [ 136.70608500032256, -4.334188000375889 ] } },
{ "type": "Feature", "properties": { "PROVINSI": "PAPUA TENGAH (NABIRE)", "No_Prov_26": "62", "ID_Jbt_26": "6200245", "Kd_Ruas_26": "62016", "Suffix_26": null, "Nm_Ruas_26": "BEDUDIPA - BTS. KOTA NABIRE", "Lintas_26": "NON LINTAS", "No_Jbt_26": "62.016.022.0", "Nm_Jbt_26": "RINDU 1", "Status_26": "N", "Fungsi_26": "A", "Lks_Dr_26": "NBR", "Lks_km_26": 21.899, "F_STA_26": "800", "Cadin_26": null, "Pjg_Jbt_26": 6.0, "Btg_Pjg_26": 6.0, "Jml_Btg_26": "1", "Lb_Jl_Ms26": 5.15, "Lb_Jl_Kl26": 5.15, "Lb_Lalin26": 5.14, "Lb_Bh_Ki26": 1.96, "Lb_Bh_Ka26": 1.6, "Lb_Dr_Ki26": 0.0, "Lb_Dr_Ka26": 0.0, "Lb_Tr_Ki26": 0.0, "Lb_Tr_Ka26": 0.0, "Lb_TS_Ki26": 0.0, "Lb_TS_Ka26": 0.0, "Lb_Med_26": 0.0, "Lbr_Jbt_26": 8.7, "Bgn_Ats_26": "PTP", "Jns_Jbt_26": "STANDAR", "Thn_Bgn_26": "2000", "BA_26": "1", "LNT_26": "0", "BB_26": "0", "DAS_26": "1", "OP_26": "0", "UT_26": "0", "GR_26": "0", "LB_26": "0", "JBT_26": "1", "Tp_Lnts_26": "SUNGAI", "Dt_Lnts_26": "LURUS", "Pnangnn_26": "RUTIN", "Pmriksn_26": "TIDAK DI SURVEI", "Pnglola_26": "BPJN PAPUA TENGAH", "Satkr_ID26": "693945", "PPK_Name26": "PPK 1.1", "Traffic_26": null, "VCR_26": "0.0287", "AADT_26": "243", "Tipe_Jb_26": null, "Lat_26": -3.46138, "Long_26": 135.57556, "Tgl_Ins_26": "09\/06\/2021", "Ket_26": null }, "geometry": { "type": "Point", "coordinates": [ 135.575561999686556, -3.461383999971588 ] } },
{ "type": "Feature", "properties": { "PROVINSI": "PAPUA TENGAH (NABIRE)", "No_Prov_26": "62", "ID_Jbt_26": "6200246", "Kd_Ruas_26": "62016", "Suffix_26": null, "Nm_Ruas_26": "BEDUDIPA - BTS. KOTA NABIRE", "Lintas_26": "NON LINTAS", "No_Jbt_26": "62.016.023.0", "Nm_Jbt_26": "RINDU 2", "Status_26": "N", "Fungsi_26": "A", "Lks_Dr_26": "NBR", "Lks_km_26": 22.53, "F_STA_26": "400", "Cadin_26": null, "Pjg_Jbt_26": 10.0, "Btg_Pjg_26": 10.0, "Jml_Btg_26": "1", "Lb_Jl_Ms26": 5.05, "Lb_Jl_Kl26": 5.05, "Lb_Lalin26": 5.06, "Lb_Bh_Ki26": 1.93, "Lb_Bh_Ka26": 1.0, "Lb_Dr_Ki26": 0.0, "Lb_Dr_Ka26": 0.0, "Lb_Tr_Ki26": 0.0, "Lb_Tr_Ka26": 1.02, "Lb_TS_Ki26": 0.0, "Lb_TS_Ka26": 0.0, "Lb_Med_26": 0.0, "Lbr_Jbt_26": 9.01, "Bgn_Ats_26": "GTP", "Jns_Jbt_26": "STANDAR", "Thn_Bgn_26": "2000", "BA_26": "2", "LNT_26": "2", "BB_26": "1", "DAS_26": "1", "OP_26": "2", "UT_26": "0", "GR_26": "0", "LB_26": "0", "JBT_26": "2", "Tp_Lnts_26": "SUNGAI", "Dt_Lnts_26": "LURUS", "Pnangnn_26": "RUTIN", "Pmriksn_26": "TIDAK DI SURVEI", "Pnglola_26": "BPJN PAPUA TENGAH", "Satkr_ID26": "693945", "PPK_Name26": "PPK 1.1", "Traffic_26": null, "VCR_26": "0.0287", "AADT_26": "243", "Tipe_Jb_26": null, "Lat_26": -3.46368, "Long_26": 135.57895, "Tgl_Ins_26": "18\/04\/2024", "Ket_26": null }, "geometry": { "type": "Point", "coordinates": [ 135.578949000296234, -3.463684999962709 ] } },
{ "type": "Feature", "properties": { "PROVINSI": "PAPUA TENGAH (NABIRE)", "No_Prov_26": "62", "ID_Jbt_26": "6200967", "Kd_Ruas_26": "62016", "Suffix_26": null, "Nm_Ruas_26": "BEDUDIPA - BTS. KOTA NABIRE", "Lintas_26": "NON LINTAS", "No_Jbt_26": "62.016.060.0", "Nm_Jbt_26": "ROBEN", "Status_26": "N", "Fungsi_26": "A", "Lks_Dr_26": "NBR", "Lks_km_26": 44.083, "F_STA_26": "0", "Cadin_26": null, "Pjg_Jbt_26": 6.0, "Btg_Pjg_26": 6.0, "Jml_Btg_26": "1", "Lb_Jl_Ms26": 5.5, "Lb_Jl_Kl26": 5.5, "Lb_Lalin26": 6.0, "Lb_Bh_Ki26": 1.36, "Lb_Bh_Ka26": 0.85, "Lb_Dr_Ki26": 0.0, "Lb_Dr_Ka26": 0.0, "Lb_Tr_Ki26": 0.0, "Lb_Tr_Ka26": 0.9, "Lb_TS_Ki26": 0.0, "Lb_TS_Ka26": 0.0, "Lb_Med_26": 0.0, "Lbr_Jbt_26": 9.11, "Bgn_Ats_26": "PTP", "Jns_Jbt_26": "STANDAR", "Thn_Bgn_26": "1999", "BA_26": "1", "LNT_26": "0", "BB_26": "0", "DAS_26": "1", "OP_26": "0", "UT_26": "0", "GR_26": "0", "LB_26": "0", "JBT_26": "1", "Tp_Lnts_26": "SUNGAI", "Dt_Lnts_26": "LURUS", "Pnangnn_26": "RUTIN", "Pmriksn_26": "TIDAK DI SURVEI", "Pnglola_26": "BPJN PAPUA TENGAH", "Satkr_ID26": "693945", "PPK_Name26": "PPK 1.1", "Traffic_26": null, "VCR_26": "0.0287", "AADT_26": "243", "Tipe_Jb_26": null, "Lat_26": -3.49775, "Long_26": 135.70816, "Tgl_Ins_26": "08\/06\/2021", "Ket_26": null }, "geometry": { "type": "Point", "coordinates": [ 135.708159999984105, -3.497753999947065 ] } },
{ "type": "Feature", "properties": { "PROVINSI": "PAPUA TENGAH (NABIRE)", "No_Prov_26": "62", "ID_Jbt_26": "6201026", "Kd_Ruas_26": "62016", "Suffix_26": null, "Nm_Ruas_26": "BEDUDIPA - BTS. KOTA NABIRE", "Lintas_26": "NON LINTAS", "No_Jbt_26": "62.016.133.0", "Nm_Jbt_26": "ROMBE", "Status_26": "N", "Fungsi_26": "A", "Lks_Dr_26": "NBR", "Lks_km_26": 77.78, "F_STA_26": "0", "Cadin_26": null, "Pjg_Jbt_26": 25.5, "Btg_Pjg_26": 25.5, "Jml_Btg_26": "1", "Lb_Jl_Ms26": 4.4, "Lb_Jl_Kl26": 4.4, "Lb_Lalin26": 6.0, "Lb_Bh_Ki26": 0.6, "Lb_Bh_Ka26": 0.6, "Lb_Dr_Ki26": 0.1, "Lb_Dr_Ka26": 0.0, "Lb_Tr_Ki26": 0.6, "Lb_Tr_Ka26": 0.65, "Lb_TS_Ki26": 0.3, "Lb_TS_Ka26": 0.3, "Lb_Med_26": 0.0, "Lbr_Jbt_26": 9.15, "Bgn_Ats_26": "GBP", "Jns_Jbt_26": "STANDAR", "Thn_Bgn_26": "2014", "BA_26": "1", "LNT_26": "0", "BB_26": "2", "DAS_26": "1", "OP_26": "1", "UT_26": "0", "GR_26": "0", "LB_26": "0", "JBT_26": "2", "Tp_Lnts_26": "SUNGAI", "Dt_Lnts_26": "LURUS", "Pnangnn_26": "RUTIN", "Pmriksn_26": "TIDAK DI SURVEI", "Pnglola_26": "BPJN PAPUA TENGAH", "Satkr_ID26": "693945", "PPK_Name26": "PPK 1.1", "Traffic_26": null, "VCR_26": "0.0287", "AADT_26": "243", "Tipe_Jb_26": null, "Lat_26": -3.5661, "Long_26": 135.78192, "Tgl_Ins_26": "04\/07\/2025", "Ket_26": null }, "geometry": { "type": "Point", "coordinates": [ 135.781921000253988, -3.566099999615233 ] } },
{ "type": "Feature", "properties": { "PROVINSI": "PAPUA TENGAH (NABIRE)", "No_Prov_26": "62", "ID_Jbt_26": "6201180", "Kd_Ruas_26": "620441", "Suffix_26": "1", "Nm_Ruas_26": "BTS. KOTA NABIRE - KIMIBAY", "Lintas_26": "JALAN LINTAS UTARA", "No_Jbt_26": "62.044.032.A.1", "Nm_Jbt_26": "SAMABUSA A", "Status_26": "N", "Fungsi_26": "K", "Lks_Dr_26": "NBR", "Lks_km_26": 17.159, "F_STA_26": "100", "Cadin_26": null, "Pjg_Jbt_26": 20.0, "Btg_Pjg_26": 20.0, "Jml_Btg_26": "1", "Lb_Jl_Ms26": 6.0, "Lb_Jl_Kl26": 6.0, "Lb_Lalin26": 6.0, "Lb_Bh_Ki26": 0.34, "Lb_Bh_Ka26": 0.39, "Lb_Dr_Ki26": 0.07, "Lb_Dr_Ka26": 0.07, "Lb_Tr_Ki26": 0.46, "Lb_Tr_Ka26": 0.48, "Lb_TS_Ki26": 0.0, "Lb_TS_Ka26": 0.0, "Lb_Med_26": 0.0, "Lbr_Jbt_26": 7.81, "Bgn_Ats_26": "GBP", "Jns_Jbt_26": "STANDAR", "Thn_Bgn_26": "2000", "BA_26": "2", "LNT_26": "2", "BB_26": "1", "DAS_26": "1", "OP_26": "0", "UT_26": "0", "GR_26": "0", "LB_26": "0", "JBT_26": "2", "Tp_Lnts_26": "SUNGAI", "Dt_Lnts_26": "LURUS", "Pnangnn_26": "RUTIN", "Pmriksn_26": "TIDAK DI SURVEI", "Pnglola_26": "BPJN PAPUA TENGAH", "Satkr_ID26": "693945", "PPK_Name26": "PPK 1.3", "Traffic_26": null, "VCR_26": "0.0567", "AADT_26": "2341", "Tipe_Jb_26": null, "Lat_26": -3.23853, "Long_26": 135.59334, "Tgl_Ins_26": "09\/06\/2025", "Ket_26": null }, "geometry": { "type": "Point", "coordinates": [ 135.593338000148606, -3.238529000412996 ] } },
{ "type": "Feature", "properties": { "PROVINSI": "PAPUA TENGAH (NABIRE)", "No_Prov_26": "62", "ID_Jbt_26": "6201181", "Kd_Ruas_26": "620441", "Suffix_26": "1", "Nm_Ruas_26": "BTS. KOTA NABIRE - KIMIBAY", "Lintas_26": "JALAN LINTAS UTARA", "No_Jbt_26": "62.044.032.B.1", "Nm_Jbt_26": "SAMABUSA B", "Status_26": "N", "Fungsi_26": "K", "Lks_Dr_26": "NBR", "Lks_km_26": 17.159, "F_STA_26": "100", "Cadin_26": null, "Pjg_Jbt_26": 20.0, "Btg_Pjg_26": 20.0, "Jml_Btg_26": "1", "Lb_Jl_Ms26": 6.0, "Lb_Jl_Kl26": 6.0, "Lb_Lalin26": 5.08, "Lb_Bh_Ki26": 0.34, "Lb_Bh_Ka26": 0.39, "Lb_Dr_Ki26": 0.07, "Lb_Dr_Ka26": 0.07, "Lb_Tr_Ki26": 0.46, "Lb_Tr_Ka26": 0.49, "Lb_TS_Ki26": 0.0, "Lb_TS_Ka26": 0.0, "Lb_Med_26": 0.0, "Lbr_Jbt_26": 6.9, "Bgn_Ats_26": "GBP", "Jns_Jbt_26": "STANDAR", "Thn_Bgn_26": "2000", "BA_26": "2", "LNT_26": "2", "BB_26": "0", "DAS_26": "1", "OP_26": "0", "UT_26": "1", "GR_26": "0", "LB_26": "0", "JBT_26": "2", "Tp_Lnts_26": "SUNGAI", "Dt_Lnts_26": "LURUS", "Pnangnn_26": "RUTIN", "Pmriksn_26": "TIDAK DI SURVEI", "Pnglola_26": "BPJN PAPUA TENGAH", "Satkr_ID26": "693945", "PPK_Name26": "PPK 1.3", "Traffic_26": null, "VCR_26": "0.0567", "AADT_26": "2341", "Tipe_Jb_26": null, "Lat_26": -3.23853, "Long_26": 135.59341, "Tgl_Ins_26": "09\/06\/2025", "Ket_26": null }, "geometry": { "type": "Point", "coordinates": [ 135.5934140000561, -3.238529000412996 ] } },
{ "type": "Feature", "properties": { "PROVINSI": "PAPUA TENGAH (NABIRE)", "No_Prov_26": "62", "ID_Jbt_26": "6202190", "Kd_Ruas_26": "620441", "Suffix_26": "1", "Nm_Ruas_26": "BTS. KOTA NABIRE - KIMIBAY", "Lintas_26": "JALAN LINTAS UTARA", "No_Jbt_26": "62.044.008.A.1", "Nm_Jbt_26": "SANOBA A", "Status_26": "N", "Fungsi_26": "K", "Lks_Dr_26": "NBR", "Lks_km_26": 3.274, "F_STA_26": "0", "Cadin_26": null, "Pjg_Jbt_26": 70.0, "Btg_Pjg_26": 35.0, "Jml_Btg_26": "2", "Lb_Jl_Ms26": 6.0, "Lb_Jl_Kl26": 6.0, "Lb_Lalin26": 5.43, "Lb_Bh_Ki26": 0.18, "Lb_Bh_Ka26": 0.18, "Lb_Dr_Ki26": 0.07, "Lb_Dr_Ka26": 0.07, "Lb_Tr_Ki26": 0.46, "Lb_Tr_Ka26": 0.48, "Lb_TS_Ki26": 0.0, "Lb_TS_Ka26": 0.0, "Lb_Med_26": 0.0, "Lbr_Jbt_26": 6.87, "Bgn_Ats_26": "RBR", "Jns_Jbt_26": "STANDAR", "Thn_Bgn_26": "2000", "BA_26": "2", "LNT_26": "2", "BB_26": "2", "DAS_26": "2", "OP_26": "0", "UT_26": "0", "GR_26": "0", "LB_26": "0", "JBT_26": "2", "Tp_Lnts_26": "SUNGAI", "Dt_Lnts_26": "BERKELOK", "Pnangnn_26": "RUTIN", "Pmriksn_26": "DETAIL", "Pnglola_26": "BPJN PAPUA TENGAH", "Satkr_ID26": "693945", "PPK_Name26": "PPK 1.3", "Traffic_26": null, "VCR_26": "0.0567", "AADT_26": "2341", "Tipe_Jb_26": null, "Lat_26": -3.32282, "Long_26": 135.55141, "Tgl_Ins_26": "24\/04\/2026", "Ket_26": null }, "geometry": { "type": "Point", "coordinates": [ 135.551407000033123, -3.322816999604811 ] } },
{ "type": "Feature", "properties": { "PROVINSI": "PAPUA TENGAH (NABIRE)", "No_Prov_26": "62", "ID_Jbt_26": "6202191", "Kd_Ruas_26": "620441", "Suffix_26": "1", "Nm_Ruas_26": "BTS. KOTA NABIRE - KIMIBAY", "Lintas_26": "JALAN LINTAS UTARA", "No_Jbt_26": "62.044.008.B.1", "Nm_Jbt_26": "SANOBA B", "Status_26": "N", "Fungsi_26": "K", "Lks_Dr_26": "NBR", "Lks_km_26": 4.274, "F_STA_26": "0", "Cadin_26": null, "Pjg_Jbt_26": 70.0, "Btg_Pjg_26": 35.0, "Jml_Btg_26": "2", "Lb_Jl_Ms26": 6.0, "Lb_Jl_Kl26": 6.0, "Lb_Lalin26": 5.88, "Lb_Bh_Ki26": 0.18, "Lb_Bh_Ka26": 0.18, "Lb_Dr_Ki26": 0.07, "Lb_Dr_Ka26": 0.07, "Lb_Tr_Ki26": 0.53, "Lb_Tr_Ka26": 0.53, "Lb_TS_Ki26": 0.0, "Lb_TS_Ka26": 0.0, "Lb_Med_26": 0.0, "Lbr_Jbt_26": 7.44, "Bgn_Ats_26": "RBA", "Jns_Jbt_26": "STANDAR", "Thn_Bgn_26": "2000", "BA_26": "2", "LNT_26": "1", "BB_26": "2", "DAS_26": "2", "OP_26": "0", "UT_26": "0", "GR_26": "0", "LB_26": "0", "JBT_26": "2", "Tp_Lnts_26": "SUNGAI", "Dt_Lnts_26": "BERKELOK", "Pnangnn_26": "RUTIN", "Pmriksn_26": "DETAIL", "Pnglola_26": "BPJN PAPUA TENGAH", "Satkr_ID26": "693945", "PPK_Name26": "PPK 1.3", "Traffic_26": null, "VCR_26": "0.0567", "AADT_26": "2341", "Tipe_Jb_26": null, "Lat_26": -3.3229, "Long_26": 135.55145, "Tgl_Ins_26": "25\/04\/2026", "Ket_26": null }, "geometry": { "type": "Point", "coordinates": [ 135.551453000355764, -3.32289799974285 ] } },
{ "type": "Feature", "properties": { "PROVINSI": "PAPUA TENGAH (NABIRE)", "No_Prov_26": "62", "ID_Jbt_26": "6201434", "Kd_Ruas_26": "620442", "Suffix_26": "2", "Nm_Ruas_26": "KIMIBAY - LEGARE", "Lintas_26": "NON LINTAS", "No_Jbt_26": "62.044.047.0.2", "Nm_Jbt_26": "SAWADO", "Status_26": "N", "Fungsi_26": "K", "Lks_Dr_26": "KMB", "Lks_km_26": 4.869, "F_STA_26": "200", "Cadin_26": null, "Pjg_Jbt_26": 6.0, "Btg_Pjg_26": 6.0, "Jml_Btg_26": "1", "Lb_Jl_Ms26": 6.0, "Lb_Jl_Kl26": 6.0, "Lb_Lalin26": 5.13, "Lb_Bh_Ki26": 1.05, "Lb_Bh_Ka26": 0.77, "Lb_Dr_Ki26": 0.0, "Lb_Dr_Ka26": 0.0, "Lb_Tr_Ki26": 1.05, "Lb_Tr_Ka26": 0.8, "Lb_TS_Ki26": 0.0, "Lb_TS_Ka26": 0.0, "Lb_Med_26": 0.0, "Lbr_Jbt_26": 8.8, "Bgn_Ats_26": "PTP", "Jns_Jbt_26": "STANDAR", "Thn_Bgn_26": "1993", "BA_26": "1", "LNT_26": "0", "BB_26": "1", "DAS_26": "1", "OP_26": "2", "UT_26": "0", "GR_26": "0", "LB_26": "0", "JBT_26": "2", "Tp_Lnts_26": "SUNGAI", "Dt_Lnts_26": "LURUS", "Pnangnn_26": "RUTIN", "Pmriksn_26": "TIDAK DI SURVEI", "Pnglola_26": "BPJN PAPUA TENGAH", "Satkr_ID26": "693945", "PPK_Name26": "PPK 1.3", "Traffic_26": null, "VCR_26": "0.0511", "AADT_26": "0", "Tipe_Jb_26": null, "Lat_26": -3.19919, "Long_26": 135.59627, "Tgl_Ins_26": "03\/04\/2024", "Ket_26": null }, "geometry": { "type": "Point", "coordinates": [ 135.596268000368013, -3.199192000310518 ] } },
{ "type": "Feature", "properties": { "PROVINSI": "PAPUA TENGAH (NABIRE)", "No_Prov_26": "62", "ID_Jbt_26": "6201432", "Kd_Ruas_26": "620442", "Suffix_26": "2", "Nm_Ruas_26": "KIMIBAY - LEGARE", "Lintas_26": "NON LINTAS", "No_Jbt_26": "62.044.045.0.2", "Nm_Jbt_26": "SAWADO BESAR", "Status_26": "N", "Fungsi_26": "K", "Lks_Dr_26": "KMB", "Lks_km_26": 3.487, "F_STA_26": "900", "Cadin_26": null, "Pjg_Jbt_26": 25.0, "Btg_Pjg_26": 25.0, "Jml_Btg_26": "1", "Lb_Jl_Ms26": 6.0, "Lb_Jl_Kl26": 6.0, "Lb_Lalin26": 5.0, "Lb_Bh_Ki26": 0.0, "Lb_Bh_Ka26": 0.0, "Lb_Dr_Ki26": 0.0, "Lb_Dr_Ka26": 0.0, "Lb_Tr_Ki26": 0.0, "Lb_Tr_Ka26": 0.0, "Lb_TS_Ki26": 0.0, "Lb_TS_Ka26": 0.0, "Lb_Med_26": 0.0, "Lbr_Jbt_26": 5.0, "Bgn_Ats_26": "RBB", "Jns_Jbt_26": "STANDAR", "Thn_Bgn_26": "1998", "BA_26": "3", "LNT_26": "3", "BB_26": "0", "DAS_26": "2", "OP_26": "0", "UT_26": "0", "GR_26": "0", "LB_26": "0", "JBT_26": "3", "Tp_Lnts_26": "SUNGAI", "Dt_Lnts_26": "LURUS", "Pnangnn_26": "RUTIN", "Pmriksn_26": "DETAIL", "Pnglola_26": "BPJN PAPUA TENGAH", "Satkr_ID26": "693945", "PPK_Name26": "PPK 1.3", "Traffic_26": null, "VCR_26": "0.0511", "AADT_26": "0", "Tipe_Jb_26": null, "Lat_26": -3.2082, "Long_26": 135.59079, "Tgl_Ins_26": "04\/05\/2026", "Ket_26": null }, "geometry": { "type": "Point", "coordinates": [ 135.590789999558865, -3.20820200032199 ] } },
{ "type": "Feature", "properties": { "PROVINSI": "PAPUA TENGAH (NABIRE)", "No_Prov_26": "62", "ID_Jbt_26": "6201433", "Kd_Ruas_26": "620442", "Suffix_26": "2", "Nm_Ruas_26": "KIMIBAY - LEGARE", "Lintas_26": "NON LINTAS", "No_Jbt_26": "62.044.046.0.2", "Nm_Jbt_26": "SAWADO KECIL", "Status_26": "N", "Fungsi_26": "K", "Lks_Dr_26": "KMB", "Lks_km_26": 4.346, "F_STA_26": "700", "Cadin_26": null, "Pjg_Jbt_26": 20.0, "Btg_Pjg_26": 20.0, "Jml_Btg_26": "1", "Lb_Jl_Ms26": 6.0, "Lb_Jl_Kl26": 6.0, "Lb_Lalin26": 7.01, "Lb_Bh_Ki26": 0.0, "Lb_Bh_Ka26": 0.0, "Lb_Dr_Ki26": 0.07, "Lb_Dr_Ka26": 0.07, "Lb_Tr_Ki26": 0.79, "Lb_Tr_Ka26": 0.8, "Lb_TS_Ki26": 0.0, "Lb_TS_Ka26": 0.0, "Lb_Med_26": 0.0, "Lbr_Jbt_26": 8.74, "Bgn_Ats_26": "GTP", "Jns_Jbt_26": "STANDAR", "Thn_Bgn_26": "1995", "BA_26": "1", "LNT_26": "1", "BB_26": "0", "DAS_26": "1", "OP_26": "0", "UT_26": "0", "GR_26": "0", "LB_26": "0", "JBT_26": "1", "Tp_Lnts_26": "SUNGAI", "Dt_Lnts_26": "BERKELOK", "Pnangnn_26": "RUTIN", "Pmriksn_26": "TIDAK DI SURVEI", "Pnglola_26": "BPJN PAPUA TENGAH", "Satkr_ID26": "693945", "PPK_Name26": "PPK 1.3", "Traffic_26": null, "VCR_26": "0.0511", "AADT_26": "0", "Tipe_Jb_26": null, "Lat_26": -3.20277, "Long_26": 135.59509, "Tgl_Ins_26": "04\/06\/2021", "Ket_26": null }, "geometry": { "type": "Point", "coordinates": [ 135.595093000141901, -3.202767999743344 ] } },
{ "type": "Feature", "properties": { "PROVINSI": "PAPUA TENGAH (NABIRE)", "No_Prov_26": "62", "ID_Jbt_26": "6200290", "Kd_Ruas_26": "62017", "Suffix_26": null, "Nm_Ruas_26": "BTS. KOTA NABIRE - WANGGAR", "Lintas_26": "NON LINTAS", "No_Jbt_26": "62.017.026.0", "Nm_Jbt_26": "SP A", "Status_26": "N", "Fungsi_26": "A", "Lks_Dr_26": "NBR", "Lks_km_26": 13.66, "F_STA_26": "400", "Cadin_26": null, "Pjg_Jbt_26": 8.0, "Btg_Pjg_26": 8.0, "Jml_Btg_26": "1", "Lb_Jl_Ms26": 6.0, "Lb_Jl_Kl26": 6.0, "Lb_Lalin26": 5.66, "Lb_Bh_Ki26": 1.73, "Lb_Bh_Ka26": 1.7, "Lb_Dr_Ki26": 0.0, "Lb_Dr_Ka26": 0.0, "Lb_Tr_Ki26": 0.0, "Lb_Tr_Ka26": 0.0, "Lb_TS_Ki26": 0.0, "Lb_TS_Ka26": 0.0, "Lb_Med_26": 0.0, "Lbr_Jbt_26": 9.09, "Bgn_Ats_26": "GTP", "Jns_Jbt_26": "STANDAR", "Thn_Bgn_26": "2000", "BA_26": "2", "LNT_26": "0", "BB_26": "1", "DAS_26": "2", "OP_26": "0", "UT_26": "0", "GR_26": "0", "LB_26": "0", "JBT_26": "2", "Tp_Lnts_26": "SUNGAI", "Dt_Lnts_26": "LURUS", "Pnangnn_26": "RUTIN", "Pmriksn_26": "TIDAK DI SURVEI", "Pnglola_26": "BPJN PAPUA TENGAH", "Satkr_ID26": "693945", "PPK_Name26": "PPK 1.2", "Traffic_26": null, "VCR_26": "0.0522", "AADT_26": "3203", "Tipe_Jb_26": null, "Lat_26": -3.43799, "Long_26": 135.33229, "Tgl_Ins_26": "22\/03\/2024", "Ket_26": null }, "geometry": { "type": "Point", "coordinates": [ 135.332291000229588, -3.43798800024598 ] } },
{ "type": "Feature", "properties": { "PROVINSI": "PAPUA TENGAH (NABIRE)", "No_Prov_26": "62", "ID_Jbt_26": "6200289", "Kd_Ruas_26": "62017", "Suffix_26": null, "Nm_Ruas_26": "BTS. KOTA NABIRE - WANGGAR", "Lintas_26": "NON LINTAS", "No_Jbt_26": "62.017.025.0", "Nm_Jbt_26": "SP A 1", "Status_26": "N", "Fungsi_26": "A", "Lks_Dr_26": "NBR", "Lks_km_26": 13.023, "F_STA_26": "300", "Cadin_26": null, "Pjg_Jbt_26": 8.0, "Btg_Pjg_26": 8.0, "Jml_Btg_26": "1", "Lb_Jl_Ms26": 6.0, "Lb_Jl_Kl26": 6.0, "Lb_Lalin26": 5.66, "Lb_Bh_Ki26": 0.34, "Lb_Bh_Ka26": 0.26, "Lb_Dr_Ki26": 0.0, "Lb_Dr_Ka26": 0.0, "Lb_Tr_Ki26": 0.8, "Lb_Tr_Ka26": 0.9, "Lb_TS_Ki26": 0.0, "Lb_TS_Ka26": 0.0, "Lb_Med_26": 0.0, "Lbr_Jbt_26": 7.96, "Bgn_Ats_26": "PTP", "Jns_Jbt_26": "STANDAR", "Thn_Bgn_26": "2000", "BA_26": "2", "LNT_26": "2", "BB_26": "2", "DAS_26": "1", "OP_26": "1", "UT_26": "0", "GR_26": "0", "LB_26": "0", "JBT_26": "2", "Tp_Lnts_26": "SUNGAI", "Dt_Lnts_26": "LURUS", "Pnangnn_26": "RUTIN", "Pmriksn_26": "TIDAK DI SURVEI", "Pnglola_26": "BPJN PAPUA TENGAH", "Satkr_ID26": "693945", "PPK_Name26": "PPK 1.2", "Traffic_26": null, "VCR_26": "0.0522", "AADT_26": "3203", "Tipe_Jb_26": null, "Lat_26": -3.45381, "Long_26": 135.33279, "Tgl_Ins_26": "05\/06\/2025", "Ket_26": null }, "geometry": { "type": "Point", "coordinates": [ 135.332794000043123, -3.453813999816191 ] } },
{ "type": "Feature", "properties": { "PROVINSI": "PAPUA TENGAH (NABIRE)", "No_Prov_26": "62", "ID_Jbt_26": "6200285", "Kd_Ruas_26": "62017", "Suffix_26": null, "Nm_Ruas_26": "BTS. KOTA NABIRE - WANGGAR", "Lintas_26": "NON LINTAS", "No_Jbt_26": "62.017.021.0", "Nm_Jbt_26": "SP A 2", "Status_26": "N", "Fungsi_26": "A", "Lks_Dr_26": "NBR", "Lks_km_26": 10.752, "F_STA_26": "200", "Cadin_26": null, "Pjg_Jbt_26": 8.0, "Btg_Pjg_26": 8.0, "Jml_Btg_26": "1", "Lb_Jl_Ms26": 6.0, "Lb_Jl_Kl26": 6.0, "Lb_Lalin26": 5.37, "Lb_Bh_Ki26": 2.22, "Lb_Bh_Ka26": 1.32, "Lb_Dr_Ki26": 0.07, "Lb_Dr_Ka26": 0.07, "Lb_Tr_Ki26": 0.0, "Lb_Tr_Ka26": 0.0, "Lb_TS_Ki26": 0.0, "Lb_TS_Ka26": 0.0, "Lb_Med_26": 0.0, "Lbr_Jbt_26": 9.05, "Bgn_Ats_26": "PTP", "Jns_Jbt_26": "STANDAR", "Thn_Bgn_26": "2000", "BA_26": "1", "LNT_26": "0", "BB_26": "1", "DAS_26": "1", "OP_26": "0", "UT_26": "0", "GR_26": "0", "LB_26": "0", "JBT_26": "1", "Tp_Lnts_26": "SUNGAI", "Dt_Lnts_26": "LURUS", "Pnangnn_26": "RUTIN", "Pmriksn_26": "TIDAK DI SURVEI", "Pnglola_26": "BPJN PAPUA TENGAH", "Satkr_ID26": "693945", "PPK_Name26": "PPK 1.2", "Traffic_26": null, "VCR_26": "0.0522", "AADT_26": "3203", "Tipe_Jb_26": null, "Lat_26": -3.46049, "Long_26": 135.3353, "Tgl_Ins_26": "03\/05\/2021", "Ket_26": null }, "geometry": { "type": "Point", "coordinates": [ 135.335297000356377, -3.460491000159493 ] } },
{ "type": "Feature", "properties": { "PROVINSI": "PAPUA TENGAH (NABIRE)", "No_Prov_26": "62", "ID_Jbt_26": "6201201", "Kd_Ruas_26": "62017", "Suffix_26": null, "Nm_Ruas_26": "BTS. KOTA NABIRE - WANGGAR", "Lintas_26": "NON LINTAS", "No_Jbt_26": "62.017.031.0", "Nm_Jbt_26": "SP B", "Status_26": "N", "Fungsi_26": "A", "Lks_Dr_26": "NBR", "Lks_km_26": 16.706, "F_STA_26": "0", "Cadin_26": null, "Pjg_Jbt_26": 10.0, "Btg_Pjg_26": 10.0, "Jml_Btg_26": "1", "Lb_Jl_Ms26": 6.0, "Lb_Jl_Kl26": 6.0, "Lb_Lalin26": 5.64, "Lb_Bh_Ki26": 0.66, "Lb_Bh_Ka26": 0.81, "Lb_Dr_Ki26": 0.06, "Lb_Dr_Ka26": 0.05, "Lb_Tr_Ki26": 1.03, "Lb_Tr_Ka26": 1.03, "Lb_TS_Ki26": 0.0, "Lb_TS_Ka26": 0.0, "Lb_Med_26": 0.0, "Lbr_Jbt_26": 9.28, "Bgn_Ats_26": "GTP", "Jns_Jbt_26": "STANDAR", "Thn_Bgn_26": "2010", "BA_26": "1", "LNT_26": "1", "BB_26": "1", "DAS_26": "1", "OP_26": "0", "UT_26": "0", "GR_26": "0", "LB_26": "0", "JBT_26": "1", "Tp_Lnts_26": "SUNGAI", "Dt_Lnts_26": "LURUS", "Pnangnn_26": "RUTIN", "Pmriksn_26": "TIDAK DI SURVEI", "Pnglola_26": "BPJN PAPUA TENGAH", "Satkr_ID26": "693945", "PPK_Name26": "PPK 1.2", "Traffic_26": null, "VCR_26": "0.0522", "AADT_26": "3203", "Tipe_Jb_26": null, "Lat_26": -3.42598, "Long_26": 135.3327, "Tgl_Ins_26": "03\/05\/2021", "Ket_26": null }, "geometry": { "type": "Point", "coordinates": [ 135.332703000343258, -3.425981999669489 ] } },
{ "type": "Feature", "properties": { "PROVINSI": "PAPUA TENGAH (NABIRE)", "No_Prov_26": "62", "ID_Jbt_26": "6200294", "Kd_Ruas_26": "62017", "Suffix_26": null, "Nm_Ruas_26": "BTS. KOTA NABIRE - WANGGAR", "Lintas_26": "NON LINTAS", "No_Jbt_26": "62.017.030.0", "Nm_Jbt_26": "SP B 1", "Status_26": "N", "Fungsi_26": "A", "Lks_Dr_26": "NBR", "Lks_km_26": 16.204, "F_STA_26": "300", "Cadin_26": null, "Pjg_Jbt_26": 6.0, "Btg_Pjg_26": 6.0, "Jml_Btg_26": "1", "Lb_Jl_Ms26": 6.0, "Lb_Jl_Kl26": 6.0, "Lb_Lalin26": 5.29, "Lb_Bh_Ki26": 0.76, "Lb_Bh_Ka26": 0.76, "Lb_Dr_Ki26": 0.0, "Lb_Dr_Ka26": 0.0, "Lb_Tr_Ki26": 1.05, "Lb_Tr_Ka26": 1.01, "Lb_TS_Ki26": 0.0, "Lb_TS_Ka26": 0.0, "Lb_Med_26": 0.0, "Lbr_Jbt_26": 8.87, "Bgn_Ats_26": "PTP", "Jns_Jbt_26": "STANDAR", "Thn_Bgn_26": "2000", "BA_26": "2", "LNT_26": "2", "BB_26": "1", "DAS_26": "2", "OP_26": "2", "UT_26": "0", "GR_26": "0", "LB_26": "0", "JBT_26": "2", "Tp_Lnts_26": "SUNGAI", "Dt_Lnts_26": "LURUS", "Pnangnn_26": "RUTIN", "Pmriksn_26": "TIDAK DI SURVEI", "Pnglola_26": "BPJN PAPUA TENGAH", "Satkr_ID26": "693945", "PPK_Name26": "PPK 1.2", "Traffic_26": null, "VCR_26": "0.0522", "AADT_26": "3203", "Tipe_Jb_26": null, "Lat_26": -3.42269, "Long_26": 135.34517, "Tgl_Ins_26": "20\/03\/2024", "Ket_26": null }, "geometry": { "type": "Point", "coordinates": [ 135.345168999649673, -3.422694000028059 ] } },
{ "type": "Feature", "properties": { "PROVINSI": "PAPUA TENGAH (NABIRE)", "No_Prov_26": "62", "ID_Jbt_26": "6200291", "Kd_Ruas_26": "62017", "Suffix_26": null, "Nm_Ruas_26": "BTS. KOTA NABIRE - WANGGAR", "Lintas_26": "NON LINTAS", "No_Jbt_26": "62.017.027.0", "Nm_Jbt_26": "SP B 2", "Status_26": "N", "Fungsi_26": "A", "Lks_Dr_26": "NBR", "Lks_km_26": 14.64, "F_STA_26": "800", "Cadin_26": null, "Pjg_Jbt_26": 10.8, "Btg_Pjg_26": 10.8, "Jml_Btg_26": "1", "Lb_Jl_Ms26": 6.0, "Lb_Jl_Kl26": 6.0, "Lb_Lalin26": 5.33, "Lb_Bh_Ki26": 0.07, "Lb_Bh_Ka26": 0.09, "Lb_Dr_Ki26": 0.0, "Lb_Dr_Ka26": 0.0, "Lb_Tr_Ki26": 0.73, "Lb_Tr_Ka26": 0.82, "Lb_TS_Ki26": 0.0, "Lb_TS_Ka26": 0.0, "Lb_Med_26": 0.0, "Lbr_Jbt_26": 7.04, "Bgn_Ats_26": "GTP", "Jns_Jbt_26": "STANDAR", "Thn_Bgn_26": "2010", "BA_26": "1", "LNT_26": "0", "BB_26": "1", "DAS_26": "2", "OP_26": "0", "UT_26": "0", "GR_26": "0", "LB_26": "0", "JBT_26": "2", "Tp_Lnts_26": "SUNGAI", "Dt_Lnts_26": "LURUS", "Pnangnn_26": "RUTIN", "Pmriksn_26": "TIDAK DI SURVEI", "Pnglola_26": "BPJN PAPUA TENGAH", "Satkr_ID26": "693945", "PPK_Name26": "PPK 1.2", "Traffic_26": null, "VCR_26": "0.0522", "AADT_26": "3203", "Tipe_Jb_26": null, "Lat_26": -3.43356, "Long_26": 135.33221, "Tgl_Ins_26": "22\/03\/2024", "Ket_26": null }, "geometry": { "type": "Point", "coordinates": [ 135.33221400027594, -3.433556000009332 ] } },
{ "type": "Feature", "properties": { "PROVINSI": "PAPUA TENGAH (NABIRE)", "No_Prov_26": "62", "ID_Jbt_26": "6201195", "Kd_Ruas_26": "62017", "Suffix_26": null, "Nm_Ruas_26": "BTS. KOTA NABIRE - WANGGAR", "Lintas_26": "NON LINTAS", "No_Jbt_26": "62.017.046.0", "Nm_Jbt_26": "SP C", "Status_26": "N", "Fungsi_26": "A", "Lks_Dr_26": "NBR", "Lks_km_26": 25.582, "F_STA_26": "0", "Cadin_26": null, "Pjg_Jbt_26": 6.0, "Btg_Pjg_26": 6.0, "Jml_Btg_26": "1", "Lb_Jl_Ms26": 6.0, "Lb_Jl_Kl26": 6.0, "Lb_Lalin26": 5.52, "Lb_Bh_Ki26": 0.2, "Lb_Bh_Ka26": 0.18, "Lb_Dr_Ki26": 0.0, "Lb_Dr_Ka26": 0.0, "Lb_Tr_Ki26": 1.0, "Lb_Tr_Ka26": 1.0, "Lb_TS_Ki26": 0.0, "Lb_TS_Ka26": 0.0, "Lb_Med_26": 0.0, "Lbr_Jbt_26": 7.9, "Bgn_Ats_26": "PTP", "Jns_Jbt_26": "STANDAR", "Thn_Bgn_26": "2010", "BA_26": "2", "LNT_26": "0", "BB_26": "1", "DAS_26": "2", "OP_26": "2", "UT_26": "0", "GR_26": "0", "LB_26": "0", "JBT_26": "2", "Tp_Lnts_26": "SUNGAI", "Dt_Lnts_26": "LURUS", "Pnangnn_26": "RUTIN", "Pmriksn_26": "TIDAK DI SURVEI", "Pnglola_26": "BPJN PAPUA TENGAH", "Satkr_ID26": "693945", "PPK_Name26": "PPK 1.2", "Traffic_26": null, "VCR_26": "0.0522", "AADT_26": "3203", "Tipe_Jb_26": null, "Lat_26": -3.4276, "Long_26": 135.39105, "Tgl_Ins_26": "20\/03\/2024", "Ket_26": null }, "geometry": { "type": "Point", "coordinates": [ 135.391052000349646, -3.42759800044729 ] } },
{ "type": "Feature", "properties": { "PROVINSI": "PAPUA TENGAH (NABIRE)", "No_Prov_26": "62", "ID_Jbt_26": "6200238", "Kd_Ruas_26": "62016", "Suffix_26": null, "Nm_Ruas_26": "BEDUDIPA - BTS. KOTA NABIRE", "Lintas_26": "NON LINTAS", "No_Jbt_26": "62.016.014.0", "Nm_Jbt_26": "SEMEN", "Status_26": "N", "Fungsi_26": "A", "Lks_Dr_26": "NBR", "Lks_km_26": 10.995, "F_STA_26": "400", "Cadin_26": null, "Pjg_Jbt_26": 50.5, "Btg_Pjg_26": 50.5, "Jml_Btg_26": "1", "Lb_Jl_Ms26": 4.55, "Lb_Jl_Kl26": 4.55, "Lb_Lalin26": 6.0, "Lb_Bh_Ki26": 0.0, "Lb_Bh_Ka26": 0.0, "Lb_Dr_Ki26": 0.0, "Lb_Dr_Ka26": 0.0, "Lb_Tr_Ki26": 0.5, "Lb_Tr_Ka26": 0.5, "Lb_TS_Ki26": 0.0, "Lb_TS_Ka26": 0.0, "Lb_Med_26": 0.0, "Lbr_Jbt_26": 7.0, "Bgn_Ats_26": "RBR", "Jns_Jbt_26": "STANDAR", "Thn_Bgn_26": "2003", "BA_26": "2", "LNT_26": "2", "BB_26": "2", "DAS_26": "2", "OP_26": "2", "UT_26": "0", "GR_26": "0", "LB_26": "0", "JBT_26": "2", "Tp_Lnts_26": "SUNGAI", "Dt_Lnts_26": "LURUS", "Pnangnn_26": "RUTIN", "Pmriksn_26": "DETAIL", "Pnglola_26": "BPJN PAPUA TENGAH", "Satkr_ID26": "693945", "PPK_Name26": "PPK 1.1", "Traffic_26": null, "VCR_26": "0.0287", "AADT_26": "243", "Tipe_Jb_26": null, "Lat_26": -3.43206, "Long_26": 135.51962, "Tgl_Ins_26": "10\/05\/2026", "Ket_26": null }, "geometry": { "type": "Point", "coordinates": [ 135.519623000201364, -3.432063999553861 ] } },
{ "type": "Feature", "properties": { "PROVINSI": "PAPUA TENGAH (NABIRE)", "No_Prov_26": "62", "ID_Jbt_26": "6202232", "Kd_Ruas_26": "620442", "Suffix_26": "2", "Nm_Ruas_26": "KIMIBAY - LEGARE", "Lintas_26": "NON LINTAS", "No_Jbt_26": "62.044.140.0.2", "Nm_Jbt_26": "SERATUS", "Status_26": "N", "Fungsi_26": "K", "Lks_Dr_26": "KMB", "Lks_km_26": 44.71, "F_STA_26": "400", "Cadin_26": null, "Pjg_Jbt_26": 7.0, "Btg_Pjg_26": 3.0, "Jml_Btg_26": "2", "Lb_Jl_Ms26": 6.0, "Lb_Jl_Kl26": 6.0, "Lb_Lalin26": 6.0, "Lb_Bh_Ki26": 0.0, "Lb_Bh_Ka26": 0.0, "Lb_Dr_Ki26": 0.0, "Lb_Dr_Ka26": 0.0, "Lb_Tr_Ki26": 0.0, "Lb_Tr_Ka26": 0.0, "Lb_TS_Ki26": 0.0, "Lb_TS_Ka26": 0.0, "Lb_Med_26": 0.0, "Lbr_Jbt_26": 6.0, "Bgn_Ats_26": "BTP", "Jns_Jbt_26": "STANDAR", "Thn_Bgn_26": "2010", "BA_26": "1", "LNT_26": "1", "BB_26": "0", "DAS_26": "1", "OP_26": "0", "UT_26": "0", "GR_26": "0", "LB_26": "0", "JBT_26": "1", "Tp_Lnts_26": "SUNGAI", "Dt_Lnts_26": "LURUS", "Pnangnn_26": "RUTIN", "Pmriksn_26": "TIDAK DI SURVEI", "Pnglola_26": "BPJN PAPUA TENGAH", "Satkr_ID26": "693945", "PPK_Name26": "PPK 1.3", "Traffic_26": null, "VCR_26": "0.0511", "AADT_26": "0", "Tipe_Jb_26": null, "Lat_26": -3.204, "Long_26": 135.82144, "Tgl_Ins_26": "27\/05\/2021", "Ket_26": null }, "geometry": { "type": "Point", "coordinates": [ 135.821441999848503, -3.204004000084467 ] } },
{ "type": "Feature", "properties": { "PROVINSI": "PAPUA TENGAH (NABIRE)", "No_Prov_26": "62", "ID_Jbt_26": "6201788", "Kd_Ruas_26": "62018", "Suffix_26": null, "Nm_Ruas_26": "WANGGAR - KWATOSPRE (BTS. PROV. PAPUA BARAT)", "Lintas_26": "JALAN LINTAS UTARA", "No_Jbt_26": "62.018.051.0", "Nm_Jbt_26": "SIMA", "Status_26": "N", "Fungsi_26": "A", "Lks_Dr_26": "YAU", "Lks_km_26": 38.782, "F_STA_26": "500", "Cadin_26": null, "Pjg_Jbt_26": 60.0, "Btg_Pjg_26": 60.0, "Jml_Btg_26": "1", "Lb_Jl_Ms26": 6.0, "Lb_Jl_Kl26": 6.0, "Lb_Lalin26": 5.41, "Lb_Bh_Ki26": 0.22, "Lb_Bh_Ka26": 0.0, "Lb_Dr_Ki26": 0.0, "Lb_Dr_Ka26": 0.08, "Lb_Tr_Ki26": 0.5, "Lb_Tr_Ka26": 0.49, "Lb_TS_Ki26": 0.0, "Lb_TS_Ka26": 0.0, "Lb_Med_26": 0.0, "Lbr_Jbt_26": 6.7, "Bgn_Ats_26": "RBR", "Jns_Jbt_26": "STANDAR", "Thn_Bgn_26": "1999", "BA_26": "2", "LNT_26": "2", "BB_26": "2", "DAS_26": "1", "OP_26": "2", "UT_26": "0", "GR_26": "0", "LB_26": "0", "JBT_26": "2", "Tp_Lnts_26": "SUNGAI", "Dt_Lnts_26": "BERKELOK", "Pnangnn_26": "RUTIN", "Pmriksn_26": "DETAIL", "Pnglola_26": "BPJN PAPUA TENGAH", "Satkr_ID26": "693945", "PPK_Name26": "PPK 1.2", "Traffic_26": null, "VCR_26": "0.0117", "AADT_26": "211", "Tipe_Jb_26": null, "Lat_26": -3.38553, "Long_26": 135.16434, "Tgl_Ins_26": "28\/04\/2026", "Ket_26": null }, "geometry": { "type": "Point", "coordinates": [ 135.164336999952639, -3.38553200040144 ] } },
{ "type": "Feature", "properties": { "PROVINSI": "PAPUA TENGAH (NABIRE)", "No_Prov_26": "62", "ID_Jbt_26": "6201001", "Kd_Ruas_26": "62016", "Suffix_26": null, "Nm_Ruas_26": "BEDUDIPA - BTS. KOTA NABIRE", "Lintas_26": "NON LINTAS", "No_Jbt_26": "62.016.105.0", "Nm_Jbt_26": "SIMON", "Status_26": "N", "Fungsi_26": "A", "Lks_Dr_26": "NBR", "Lks_km_26": 59.892, "F_STA_26": "400", "Cadin_26": null, "Pjg_Jbt_26": 30.5, "Btg_Pjg_26": 30.5, "Jml_Btg_26": "1", "Lb_Jl_Ms26": 4.6, "Lb_Jl_Kl26": 4.6, "Lb_Lalin26": 4.8, "Lb_Bh_Ki26": 0.85, "Lb_Bh_Ka26": 0.33, "Lb_Dr_Ki26": 0.0, "Lb_Dr_Ka26": 0.0, "Lb_Tr_Ki26": 0.43, "Lb_Tr_Ka26": 0.4, "Lb_TS_Ki26": 0.3, "Lb_TS_Ka26": 0.3, "Lb_Med_26": 0.0, "Lbr_Jbt_26": 7.41, "Bgn_Ats_26": "GBP", "Jns_Jbt_26": "STANDAR", "Thn_Bgn_26": "2000", "BA_26": "2", "LNT_26": "0", "BB_26": "1", "DAS_26": "2", "OP_26": "1", "UT_26": "0", "GR_26": "0", "LB_26": "0", "JBT_26": "2", "Tp_Lnts_26": "SUNGAI", "Dt_Lnts_26": "LURUS", "Pnangnn_26": "RUTIN", "Pmriksn_26": "TIDAK DI SURVEI", "Pnglola_26": "BPJN PAPUA TENGAH", "Satkr_ID26": "693945", "PPK_Name26": "PPK 1.1", "Traffic_26": null, "VCR_26": "0.0287", "AADT_26": "243", "Tipe_Jb_26": null, "Lat_26": -3.5403, "Long_26": 135.70845, "Tgl_Ins_26": "04\/07\/2025", "Ket_26": null }, "geometry": { "type": "Point", "coordinates": [ 135.708449999867639, -3.540297000406213 ] } },
{ "type": "Feature", "properties": { "PROVINSI": "PAPUA TENGAH (NABIRE)", "No_Prov_26": "62", "ID_Jbt_26": "6201140", "Kd_Ruas_26": "620441", "Suffix_26": "1", "Nm_Ruas_26": "BTS. KOTA NABIRE - KIMIBAY", "Lintas_26": "JALAN LINTAS UTARA", "No_Jbt_26": "62.044.002.A.1", "Nm_Jbt_26": "SIRIWINI A", "Status_26": "N", "Fungsi_26": "K", "Lks_Dr_26": "NBR", "Lks_km_26": 1.097, "F_STA_26": "0", "Cadin_26": null, "Pjg_Jbt_26": 30.0, "Btg_Pjg_26": 30.0, "Jml_Btg_26": "1", "Lb_Jl_Ms26": 6.0, "Lb_Jl_Kl26": 6.0, "Lb_Lalin26": 5.96, "Lb_Bh_Ki26": 0.25, "Lb_Bh_Ka26": 0.25, "Lb_Dr_Ki26": 0.0, "Lb_Dr_Ka26": 0.0, "Lb_Tr_Ki26": 0.45, "Lb_Tr_Ka26": 0.43, "Lb_TS_Ki26": 0.0, "Lb_TS_Ka26": 0.0, "Lb_Med_26": 0.0, "Lbr_Jbt_26": 7.34, "Bgn_Ats_26": "GBP", "Jns_Jbt_26": "STANDAR", "Thn_Bgn_26": "2000", "BA_26": "1", "LNT_26": "1", "BB_26": "2", "DAS_26": "1", "OP_26": "0", "UT_26": "1", "GR_26": "0", "LB_26": "0", "JBT_26": "2", "Tp_Lnts_26": "SUNGAI", "Dt_Lnts_26": "BERKELOK", "Pnangnn_26": "REHABILITASI", "Pmriksn_26": "DETAIL", "Pnglola_26": "BPJN PAPUA TENGAH", "Satkr_ID26": "693945", "PPK_Name26": "PPK 1.3", "Traffic_26": null, "VCR_26": "0.0567", "AADT_26": "2341", "Tipe_Jb_26": null, "Lat_26": -3.33568, "Long_26": 135.53914, "Tgl_Ins_26": "04\/05\/2026", "Ket_26": null }, "geometry": { "type": "Point", "coordinates": [ 135.539138999964962, -3.335684000316292 ] } },
{ "type": "Feature", "properties": { "PROVINSI": "PAPUA TENGAH (NABIRE)", "No_Prov_26": "62", "ID_Jbt_26": "6201141", "Kd_Ruas_26": "620441", "Suffix_26": "1", "Nm_Ruas_26": "BTS. KOTA NABIRE - KIMIBAY", "Lintas_26": "JALAN LINTAS UTARA", "No_Jbt_26": "62.044.002.B.1", "Nm_Jbt_26": "SIRIWINI B", "Status_26": "N", "Fungsi_26": "K", "Lks_Dr_26": "NBR", "Lks_km_26": 1.097, "F_STA_26": "0", "Cadin_26": null, "Pjg_Jbt_26": 30.0, "Btg_Pjg_26": 30.0, "Jml_Btg_26": "1", "Lb_Jl_Ms26": 6.0, "Lb_Jl_Kl26": 6.0, "Lb_Lalin26": 5.56, "Lb_Bh_Ki26": 0.22, "Lb_Bh_Ka26": 0.22, "Lb_Dr_Ki26": 0.0, "Lb_Dr_Ka26": 0.0, "Lb_Tr_Ki26": 0.52, "Lb_Tr_Ka26": 0.52, "Lb_TS_Ki26": 0.0, "Lb_TS_Ka26": 0.0, "Lb_Med_26": 0.0, "Lbr_Jbt_26": 7.04, "Bgn_Ats_26": "GBP", "Jns_Jbt_26": "STANDAR", "Thn_Bgn_26": "2000", "BA_26": "2", "LNT_26": "1", "BB_26": "3", "DAS_26": "2", "OP_26": "2", "UT_26": "1", "GR_26": "0", "LB_26": "0", "JBT_26": "3", "Tp_Lnts_26": "SUNGAI", "Dt_Lnts_26": "BERKELOK", "Pnangnn_26": "REHABILITASI", "Pmriksn_26": "DETAIL", "Pnglola_26": "BPJN PAPUA TENGAH", "Satkr_ID26": "693945", "PPK_Name26": "PPK 1.3", "Traffic_26": null, "VCR_26": "0.0567", "AADT_26": "2341", "Tipe_Jb_26": null, "Lat_26": -3.33576, "Long_26": 135.53922, "Tgl_Ins_26": "04\/05\/2026", "Ket_26": null }, "geometry": { "type": "Point", "coordinates": [ 135.539214999872456, -3.335762000316038 ] } },
{ "type": "Feature", "properties": { "PROVINSI": "PAPUA TENGAH (NABIRE)", "No_Prov_26": "62", "ID_Jbt_26": "6201494", "Kd_Ruas_26": "620442", "Suffix_26": "2", "Nm_Ruas_26": "KIMIBAY - LEGARE", "Lintas_26": "NON LINTAS", "No_Jbt_26": "62.044.139.0.2", "Nm_Jbt_26": "SMP LAGARI", "Status_26": "N", "Fungsi_26": "K", "Lks_Dr_26": "KMB", "Lks_km_26": 44.268, "F_STA_26": "0", "Cadin_26": null, "Pjg_Jbt_26": 7.0, "Btg_Pjg_26": 3.0, "Jml_Btg_26": "2", "Lb_Jl_Ms26": 6.0, "Lb_Jl_Kl26": 6.0, "Lb_Lalin26": 6.0, "Lb_Bh_Ki26": 2.7, "Lb_Bh_Ka26": 1.7, "Lb_Dr_Ki26": 0.0, "Lb_Dr_Ka26": 0.0, "Lb_Tr_Ki26": 0.0, "Lb_Tr_Ka26": 0.0, "Lb_TS_Ki26": 0.0, "Lb_TS_Ka26": 0.0, "Lb_Med_26": 0.0, "Lbr_Jbt_26": 10.4, "Bgn_Ats_26": "BTP", "Jns_Jbt_26": "STANDAR", "Thn_Bgn_26": "2010", "BA_26": "0", "LNT_26": "0", "BB_26": "0", "DAS_26": "3", "OP_26": "0", "UT_26": "0", "GR_26": "3", "LB_26": "0", "JBT_26": "3", "Tp_Lnts_26": "SUNGAI", "Dt_Lnts_26": "LURUS", "Pnangnn_26": "OPRIT", "Pmriksn_26": "DETAIL", "Pnglola_26": "BPJN PAPUA TENGAH", "Satkr_ID26": "693945", "PPK_Name26": "PPK 1.3", "Traffic_26": null, "VCR_26": "0.0511", "AADT_26": "0", "Tipe_Jb_26": null, "Lat_26": -3.20211, "Long_26": 135.81862, "Tgl_Ins_26": "02\/05\/2026", "Ket_26": null }, "geometry": { "type": "Point", "coordinates": [ 135.81861900006686, -3.202105999792025 ] } },
{ "type": "Feature", "properties": { "PROVINSI": "PAPUA TENGAH (NABIRE)", "No_Prov_26": "62", "ID_Jbt_26": "6200206", "Kd_Ruas_26": "62015", "Suffix_26": null, "Nm_Ruas_26": "MOANEMANI - BEDUDIPA", "Lintas_26": "JALAN LINTAS TENGAH", "No_Jbt_26": "62.015.003.0", "Nm_Jbt_26": "SOMISA", "Status_26": "N", "Fungsi_26": "A", "Lks_Dr_26": "BDP", "Lks_km_26": 4.433, "F_STA_26": "0", "Cadin_26": null, "Pjg_Jbt_26": 30.0, "Btg_Pjg_26": 30.0, "Jml_Btg_26": "1", "Lb_Jl_Ms26": 4.45, "Lb_Jl_Kl26": 4.45, "Lb_Lalin26": 7.0, "Lb_Bh_Ki26": 0.0, "Lb_Bh_Ka26": 0.0, "Lb_Dr_Ki26": 0.0, "Lb_Dr_Ka26": 0.0, "Lb_Tr_Ki26": 0.0, "Lb_Tr_Ka26": 0.0, "Lb_TS_Ki26": 0.0, "Lb_TS_Ka26": 0.0, "Lb_Med_26": 0.0, "Lbr_Jbt_26": 7.0, "Bgn_Ats_26": "GBP", "Jns_Jbt_26": "STANDAR", "Thn_Bgn_26": "2012", "BA_26": "1", "LNT_26": "1", "BB_26": "1", "DAS_26": "1", "OP_26": "0", "UT_26": "0", "GR_26": "0", "LB_26": "0", "JBT_26": "1", "Tp_Lnts_26": "SUNGAI", "Dt_Lnts_26": "LURUS", "Pnangnn_26": "RUTIN", "Pmriksn_26": "TIDAK DI SURVEI", "Pnglola_26": "BPJN PAPUA TENGAH", "Satkr_ID26": "693945", "PPK_Name26": "PPK 1.1", "Traffic_26": null, "VCR_26": "0.1231", "AADT_26": "4467", "Tipe_Jb_26": null, "Lat_26": -3.51289, "Long_26": 135.87779, "Tgl_Ins_26": "02\/05\/2024", "Ket_26": null }, "geometry": { "type": "Point", "coordinates": [ 135.877792000300587, -3.512892000165607 ] } },
{ "type": "Feature", "properties": { "PROVINSI": "PAPUA TENGAH (NABIRE)", "No_Prov_26": "62", "ID_Jbt_26": "6200658", "Kd_Ruas_26": "62050", "Suffix_26": null, "Nm_Ruas_26": "KARUBAGA - ILU - MULIA", "Lintas_26": "NON LINTAS", "No_Jbt_26": "62.050.001.0", "Nm_Jbt_26": "UMAGE", "Status_26": "N", "Fungsi_26": "A", "Lks_Dr_26": "WMN", "Lks_km_26": 10.222, "F_STA_26": "10", "Cadin_26": null, "Pjg_Jbt_26": 40.0, "Btg_Pjg_26": 40.0, "Jml_Btg_26": "1", "Lb_Jl_Ms26": 0.0, "Lb_Jl_Kl26": 0.0, "Lb_Lalin26": 6.0, "Lb_Bh_Ki26": 0.0, "Lb_Bh_Ka26": 0.0, "Lb_Dr_Ki26": 0.0, "Lb_Dr_Ka26": 0.0, "Lb_Tr_Ki26": 0.0, "Lb_Tr_Ka26": 0.0, "Lb_TS_Ki26": 0.0, "Lb_TS_Ka26": 0.0, "Lb_Med_26": 0.0, "Lbr_Jbt_26": 6.0, "Bgn_Ats_26": "RBP", "Jns_Jbt_26": "STANDAR", "Thn_Bgn_26": "1995", "BA_26": "2", "LNT_26": "2", "BB_26": "2", "DAS_26": "1", "OP_26": "0", "UT_26": "0", "GR_26": "0", "LB_26": "0", "JBT_26": "2", "Tp_Lnts_26": "SUNGAI", "Dt_Lnts_26": "BERKELOK", "Pnangnn_26": "RUTIN", "Pmriksn_26": "DETAIL", "Pnglola_26": "BPJN PAPUA TENGAH", "Satkr_ID26": "693948", "PPK_Name26": "PPK 4.1", "Traffic_26": null, "VCR_26": "0.0157", "AADT_26": "0", "Tipe_Jb_26": null, "Lat_26": -3.68421, "Long_26": 138.43114, "Tgl_Ins_26": "09\/05\/2026", "Ket_26": null }, "geometry": { "type": "Point", "coordinates": [ 138.431137000172498, -3.68421300012983 ] } },
{ "type": "Feature", "properties": { "PROVINSI": "PAPUA TENGAH (NABIRE)", "No_Prov_26": "62", "ID_Jbt_26": "6200709", "Kd_Ruas_26": "62052", "Suffix_26": null, "Nm_Ruas_26": "MAYON - SIMPANG KAPIRAYA", "Lintas_26": "NON LINTAS", "No_Jbt_26": "62.052.015.0", "Nm_Jbt_26": "SUTARE", "Status_26": "N", "Fungsi_26": "A", "Lks_Dr_26": "TMK", "Lks_km_26": 8.244, "F_STA_26": "780", "Cadin_26": null, "Pjg_Jbt_26": 20.3, "Btg_Pjg_26": 20.3, "Jml_Btg_26": "1", "Lb_Jl_Ms26": 0.0, "Lb_Jl_Kl26": 0.0, "Lb_Lalin26": 5.6, "Lb_Bh_Ki26": 0.9, "Lb_Bh_Ka26": 0.5, "Lb_Dr_Ki26": 0.1, "Lb_Dr_Ka26": 0.1, "Lb_Tr_Ki26": 1.15, "Lb_Tr_Ka26": 1.15, "Lb_TS_Ki26": 0.0, "Lb_TS_Ka26": 0.0, "Lb_Med_26": 0.0, "Lbr_Jbt_26": 9.5, "Bgn_Ats_26": "GTP", "Jns_Jbt_26": "STANDAR", "Thn_Bgn_26": "2012", "BA_26": "2", "LNT_26": "1", "BB_26": "1", "DAS_26": "2", "OP_26": "0", "UT_26": "0", "GR_26": "0", "LB_26": "0", "JBT_26": "2", "Tp_Lnts_26": "SUNGAI", "Dt_Lnts_26": "LURUS", "Pnangnn_26": "RUTIN", "Pmriksn_26": "TIDAK DI SURVEI", "Pnglola_26": "BPJN PAPUA TENGAH", "Satkr_ID26": "693943", "PPK_Name26": "PPK 3.2", "Traffic_26": null, "VCR_26": "0.0508", "AADT_26": "474", "Tipe_Jb_26": null, "Lat_26": -4.41999, "Long_26": 136.77161, "Tgl_Ins_26": "21\/09\/2020", "Ket_26": null }, "geometry": { "type": "Point", "coordinates": [ 136.77160600011689, -4.419988000046146 ] } },
{ "type": "Feature", "properties": { "PROVINSI": "PAPUA TENGAH (NABIRE)", "No_Prov_26": "62", "ID_Jbt_26": "6200690", "Kd_Ruas_26": "62051", "Suffix_26": null, "Nm_Ruas_26": "SIMPANG PELRA - MAYON", "Lintas_26": "NON LINTAS", "No_Jbt_26": "62.051.008.0", "Nm_Jbt_26": "TARJO", "Status_26": "N", "Fungsi_26": "A", "Lks_Dr_26": "TMK", "Lks_km_26": 12.25, "F_STA_26": "980", "Cadin_26": null, "Pjg_Jbt_26": 19.85, "Btg_Pjg_26": 19.85, "Jml_Btg_26": "1", "Lb_Jl_Ms26": 0.0, "Lb_Jl_Kl26": 0.0, "Lb_Lalin26": 6.0, "Lb_Bh_Ki26": 0.4, "Lb_Bh_Ka26": 0.4, "Lb_Dr_Ki26": 0.1, "Lb_Dr_Ka26": 0.1, "Lb_Tr_Ki26": 1.3, "Lb_Tr_Ka26": 1.3, "Lb_TS_Ki26": 0.0, "Lb_TS_Ka26": 0.0, "Lb_Med_26": 0.0, "Lbr_Jbt_26": 9.6, "Bgn_Ats_26": "GTP", "Jns_Jbt_26": "STANDAR", "Thn_Bgn_26": "2012", "BA_26": "2", "LNT_26": "0", "BB_26": "0", "DAS_26": "1", "OP_26": "0", "UT_26": "0", "GR_26": "0", "LB_26": "0", "JBT_26": "2", "Tp_Lnts_26": "SUNGAI", "Dt_Lnts_26": "LURUS", "Pnangnn_26": "RUTIN", "Pmriksn_26": "TIDAK DI SURVEI", "Pnglola_26": "BPJN PAPUA TENGAH", "Satkr_ID26": "693943", "PPK_Name26": "PPK 3.1", "Traffic_26": null, "VCR_26": "0.0024", "AADT_26": "0", "Tipe_Jb_26": null, "Lat_26": -4.66307, "Long_26": 136.73534, "Tgl_Ins_26": "16\/09\/2020", "Ket_26": null }, "geometry": { "type": "Point", "coordinates": [ 136.735336000256325, -4.663070999826743 ] } },
{ "type": "Feature", "properties": { "PROVINSI": "PAPUA TENGAH (NABIRE)", "No_Prov_26": "62", "ID_Jbt_26": "6200717", "Kd_Ruas_26": "62052", "Suffix_26": null, "Nm_Ruas_26": "MAYON - SIMPANG KAPIRAYA", "Lintas_26": "NON LINTAS", "No_Jbt_26": "62.052.028.0", "Nm_Jbt_26": "TARPAN", "Status_26": "N", "Fungsi_26": "A", "Lks_Dr_26": "TMK", "Lks_km_26": 35.322, "F_STA_26": "490", "Cadin_26": null, "Pjg_Jbt_26": 19.5, "Btg_Pjg_26": 19.5, "Jml_Btg_26": "1", "Lb_Jl_Ms26": 0.0, "Lb_Jl_Kl26": 0.0, "Lb_Lalin26": 6.8, "Lb_Bh_Ki26": 0.0, "Lb_Bh_Ka26": 0.0, "Lb_Dr_Ki26": 0.1, "Lb_Dr_Ka26": 0.1, "Lb_Tr_Ki26": 1.3, "Lb_Tr_Ka26": 1.3, "Lb_TS_Ki26": 0.0, "Lb_TS_Ka26": 0.0, "Lb_Med_26": 0.0, "Lbr_Jbt_26": 9.6, "Bgn_Ats_26": "GTP", "Jns_Jbt_26": "STANDAR", "Thn_Bgn_26": "2012", "BA_26": "1", "LNT_26": "1", "BB_26": "1", "DAS_26": "2", "OP_26": "0", "UT_26": "0", "GR_26": "0", "LB_26": "0", "JBT_26": "2", "Tp_Lnts_26": "SUNGAI", "Dt_Lnts_26": "LURUS", "Pnangnn_26": "RUTIN", "Pmriksn_26": "TIDAK DI SURVEI", "Pnglola_26": "BPJN PAPUA TENGAH", "Satkr_ID26": "693943", "PPK_Name26": "PPK 3.2", "Traffic_26": null, "VCR_26": "0.0508", "AADT_26": "474", "Tipe_Jb_26": null, "Lat_26": -4.3347, "Long_26": 136.73052, "Tgl_Ins_26": "05\/07\/2023", "Ket_26": null }, "geometry": { "type": "Point", "coordinates": [ 136.730515000067271, -4.334696000420024 ] } },
{ "type": "Feature", "properties": { "PROVINSI": "PAPUA TENGAH (NABIRE)", "No_Prov_26": "62", "ID_Jbt_26": "6200994", "Kd_Ruas_26": "62016", "Suffix_26": null, "Nm_Ruas_26": "BEDUDIPA - BTS. KOTA NABIRE", "Lintas_26": "NON LINTAS", "No_Jbt_26": "62.016.096.0", "Nm_Jbt_26": "TINUS", "Status_26": "N", "Fungsi_26": "A", "Lks_Dr_26": "NBR", "Lks_km_26": 56.782, "F_STA_26": "400", "Cadin_26": null, "Pjg_Jbt_26": 7.0, "Btg_Pjg_26": 7.0, "Jml_Btg_26": "1", "Lb_Jl_Ms26": 5.85, "Lb_Jl_Kl26": 5.85, "Lb_Lalin26": 6.0, "Lb_Bh_Ki26": 1.0, "Lb_Bh_Ka26": 1.06, "Lb_Dr_Ki26": 0.0, "Lb_Dr_Ka26": 0.0, "Lb_Tr_Ki26": 0.41, "Lb_Tr_Ka26": 0.45, "Lb_TS_Ki26": 0.0, "Lb_TS_Ka26": 0.0, "Lb_Med_26": 0.0, "Lbr_Jbt_26": 8.92, "Bgn_Ats_26": "PTP", "Jns_Jbt_26": "STANDAR", "Thn_Bgn_26": "1999", "BA_26": "0", "LNT_26": "0", "BB_26": "2", "DAS_26": "1", "OP_26": "0", "UT_26": "0", "GR_26": "0", "LB_26": "0", "JBT_26": "2", "Tp_Lnts_26": "SUNGAI", "Dt_Lnts_26": "LURUS", "Pnangnn_26": "RUTIN", "Pmriksn_26": "TIDAK DI SURVEI", "Pnglola_26": "BPJN PAPUA TENGAH", "Satkr_ID26": "693945", "PPK_Name26": "PPK 1.1", "Traffic_26": null, "VCR_26": "0.0287", "AADT_26": "243", "Tipe_Jb_26": null, "Lat_26": -3.52424, "Long_26": 135.71251, "Tgl_Ins_26": "04\/05\/2024", "Ket_26": null }, "geometry": { "type": "Point", "coordinates": [ 135.712508999990405, -3.524239000029752 ] } },
{ "type": "Feature", "properties": { "PROVINSI": "PAPUA TENGAH (NABIRE)", "No_Prov_26": "62", "ID_Jbt_26": "6201445", "Kd_Ruas_26": "620442", "Suffix_26": "2", "Nm_Ruas_26": "KIMIBAY - LEGARE", "Lintas_26": "NON LINTAS", "No_Jbt_26": "62.044.058.0.2", "Nm_Jbt_26": "TJ WIYAI 2", "Status_26": "N", "Fungsi_26": "K", "Lks_Dr_26": "KMB", "Lks_km_26": 9.84, "F_STA_26": "900", "Cadin_26": null, "Pjg_Jbt_26": 6.5, "Btg_Pjg_26": 3.0, "Jml_Btg_26": "2", "Lb_Jl_Ms26": 6.0, "Lb_Jl_Kl26": 6.0, "Lb_Lalin26": 7.45, "Lb_Bh_Ki26": 0.0, "Lb_Bh_Ka26": 0.0, "Lb_Dr_Ki26": 0.0, "Lb_Dr_Ka26": 0.0, "Lb_Tr_Ki26": 1.57, "Lb_Tr_Ka26": 1.57, "Lb_TS_Ki26": 0.0, "Lb_TS_Ka26": 0.0, "Lb_Med_26": 0.0, "Lbr_Jbt_26": 10.59, "Bgn_Ats_26": "BTP", "Jns_Jbt_26": "STANDAR", "Thn_Bgn_26": "2000", "BA_26": "1", "LNT_26": "1", "BB_26": "0", "DAS_26": "1", "OP_26": "0", "UT_26": "2", "GR_26": "0", "LB_26": "0", "JBT_26": "2", "Tp_Lnts_26": "SUNGAI", "Dt_Lnts_26": "LURUS", "Pnangnn_26": "RUTIN", "Pmriksn_26": "TIDAK DI SURVEI", "Pnglola_26": "BPJN PAPUA TENGAH", "Satkr_ID26": "693945", "PPK_Name26": "PPK 1.3", "Traffic_26": null, "VCR_26": "0.0511", "AADT_26": "0", "Tipe_Jb_26": null, "Lat_26": -3.17878, "Long_26": 135.62068, "Tgl_Ins_26": "03\/04\/2024", "Ket_26": null }, "geometry": { "type": "Point", "coordinates": [ 135.620682000274201, -3.178784999927757 ] } },
{ "type": "Feature", "properties": { "PROVINSI": "PAPUA TENGAH (NABIRE)", "No_Prov_26": "62", "ID_Jbt_26": "6201446", "Kd_Ruas_26": "620442", "Suffix_26": "2", "Nm_Ruas_26": "KIMIBAY - LEGARE", "Lintas_26": "NON LINTAS", "No_Jbt_26": "62.044.059.0.2", "Nm_Jbt_26": "TJ WIYAI 3", "Status_26": "N", "Fungsi_26": "K", "Lks_Dr_26": "KMB", "Lks_km_26": 9.986, "F_STA_26": "100", "Cadin_26": null, "Pjg_Jbt_26": 6.0, "Btg_Pjg_26": 6.0, "Jml_Btg_26": "1", "Lb_Jl_Ms26": 6.0, "Lb_Jl_Kl26": 6.0, "Lb_Lalin26": 5.3, "Lb_Bh_Ki26": 0.27, "Lb_Bh_Ka26": 0.48, "Lb_Dr_Ki26": 0.0, "Lb_Dr_Ka26": 0.0, "Lb_Tr_Ki26": 0.48, "Lb_Tr_Ka26": 0.51, "Lb_TS_Ki26": 0.0, "Lb_TS_Ka26": 0.0, "Lb_Med_26": 0.0, "Lbr_Jbt_26": 7.04, "Bgn_Ats_26": "PTP", "Jns_Jbt_26": "STANDAR", "Thn_Bgn_26": "1995", "BA_26": "2", "LNT_26": "2", "BB_26": "1", "DAS_26": "1", "OP_26": "0", "UT_26": "0", "GR_26": "0", "LB_26": "0", "JBT_26": "2", "Tp_Lnts_26": "SUNGAI", "Dt_Lnts_26": "LURUS", "Pnangnn_26": "RUTIN", "Pmriksn_26": "TIDAK DI SURVEI", "Pnglola_26": "BPJN PAPUA TENGAH", "Satkr_ID26": "693945", "PPK_Name26": "PPK 1.3", "Traffic_26": null, "VCR_26": "0.0511", "AADT_26": "0", "Tipe_Jb_26": null, "Lat_26": -3.17774, "Long_26": 135.62145, "Tgl_Ins_26": "16\/06\/2024", "Ket_26": null }, "geometry": { "type": "Point", "coordinates": [ 135.62144500038653, -3.177739000254633 ] } },
{ "type": "Feature", "properties": { "PROVINSI": "PAPUA TENGAH (NABIRE)", "No_Prov_26": "62", "ID_Jbt_26": "6201447", "Kd_Ruas_26": "620442", "Suffix_26": "2", "Nm_Ruas_26": "KIMIBAY - LEGARE", "Lintas_26": "NON LINTAS", "No_Jbt_26": "62.044.060.0.2", "Nm_Jbt_26": "TJ WIYAI 4", "Status_26": "N", "Fungsi_26": "K", "Lks_Dr_26": "KMB", "Lks_km_26": 10.142, "F_STA_26": "700", "Cadin_26": null, "Pjg_Jbt_26": 6.0, "Btg_Pjg_26": 6.0, "Jml_Btg_26": "1", "Lb_Jl_Ms26": 6.0, "Lb_Jl_Kl26": 6.0, "Lb_Lalin26": 5.07, "Lb_Bh_Ki26": 0.7, "Lb_Bh_Ka26": 0.53, "Lb_Dr_Ki26": 0.0, "Lb_Dr_Ka26": 0.0, "Lb_Tr_Ki26": 0.95, "Lb_Tr_Ka26": 0.91, "Lb_TS_Ki26": 0.0, "Lb_TS_Ka26": 0.0, "Lb_Med_26": 0.0, "Lbr_Jbt_26": 8.16, "Bgn_Ats_26": "PTP", "Jns_Jbt_26": "STANDAR", "Thn_Bgn_26": "1995", "BA_26": "1", "LNT_26": "0", "BB_26": "2", "DAS_26": "2", "OP_26": "0", "UT_26": "0", "GR_26": "0", "LB_26": "0", "JBT_26": "2", "Tp_Lnts_26": "SUNGAI", "Dt_Lnts_26": "LURUS", "Pnangnn_26": "REHABILITASI", "Pmriksn_26": "DETAIL", "Pnglola_26": "BPJN PAPUA TENGAH", "Satkr_ID26": "693945", "PPK_Name26": "PPK 1.3", "Traffic_26": null, "VCR_26": "0.0511", "AADT_26": "0", "Tipe_Jb_26": null, "Lat_26": -3.17445, "Long_26": 135.62524, "Tgl_Ins_26": "04\/05\/2026", "Ket_26": null }, "geometry": { "type": "Point", "coordinates": [ 135.6252440002105, -3.174454999898273 ] } },
{ "type": "Feature", "properties": { "PROVINSI": "PAPUA TENGAH (NABIRE)", "No_Prov_26": "62", "ID_Jbt_26": "6200248", "Kd_Ruas_26": "62016", "Suffix_26": null, "Nm_Ruas_26": "BEDUDIPA - BTS. KOTA NABIRE", "Lintas_26": "NON LINTAS", "No_Jbt_26": "62.016.025.0", "Nm_Jbt_26": "TOPO BESAR", "Status_26": "N", "Fungsi_26": "A", "Lks_Dr_26": "NBR", "Lks_km_26": 25.993, "F_STA_26": "600", "Cadin_26": null, "Pjg_Jbt_26": 51.0, "Btg_Pjg_26": 51.0, "Jml_Btg_26": "1", "Lb_Jl_Ms26": 4.7, "Lb_Jl_Kl26": 4.7, "Lb_Lalin26": 6.0, "Lb_Bh_Ki26": 0.0, "Lb_Bh_Ka26": 0.0, "Lb_Dr_Ki26": 0.0, "Lb_Dr_Ka26": 0.0, "Lb_Tr_Ki26": 0.54, "Lb_Tr_Ka26": 0.53, "Lb_TS_Ki26": 0.0, "Lb_TS_Ka26": 0.0, "Lb_Med_26": 0.0, "Lbr_Jbt_26": 7.07, "Bgn_Ats_26": "RBB", "Jns_Jbt_26": "STANDAR", "Thn_Bgn_26": "1993", "BA_26": "2", "LNT_26": "2", "BB_26": "1", "DAS_26": "1", "OP_26": "0", "UT_26": "0", "GR_26": "0", "LB_26": "0", "JBT_26": "2", "Tp_Lnts_26": "SUNGAI", "Dt_Lnts_26": "LURUS", "Pnangnn_26": "RUTIN", "Pmriksn_26": "DETAIL", "Pnglola_26": "BPJN PAPUA TENGAH", "Satkr_ID26": "693945", "PPK_Name26": "PPK 1.1", "Traffic_26": null, "VCR_26": "0.0287", "AADT_26": "243", "Tipe_Jb_26": null, "Lat_26": -3.48628, "Long_26": 135.58835, "Tgl_Ins_26": "09\/05\/2026", "Ket_26": null }, "geometry": { "type": "Point", "coordinates": [ 135.588348000260112, -3.486284999852842 ] } },
{ "type": "Feature", "properties": { "PROVINSI": "PAPUA TENGAH (NABIRE)", "No_Prov_26": "62", "ID_Jbt_26": "6200699", "Kd_Ruas_26": "62051", "Suffix_26": null, "Nm_Ruas_26": "SIMPANG PELRA - MAYON", "Lintas_26": "NON LINTAS", "No_Jbt_26": "62.051.029.0", "Nm_Jbt_26": "TORE PIGA", "Status_26": "N", "Fungsi_26": "A", "Lks_Dr_26": "TMK", "Lks_km_26": 35.166, "F_STA_26": "920", "Cadin_26": null, "Pjg_Jbt_26": 15.7, "Btg_Pjg_26": 15.7, "Jml_Btg_26": "1", "Lb_Jl_Ms26": 0.0, "Lb_Jl_Kl26": 0.0, "Lb_Lalin26": 6.0, "Lb_Bh_Ki26": 0.7, "Lb_Bh_Ka26": 0.6, "Lb_Dr_Ki26": 0.0, "Lb_Dr_Ka26": 0.0, "Lb_Tr_Ki26": 1.2, "Lb_Tr_Ka26": 1.25, "Lb_TS_Ki26": 0.0, "Lb_TS_Ka26": 0.0, "Lb_Med_26": 0.0, "Lbr_Jbt_26": 9.75, "Bgn_Ats_26": "GTP", "Jns_Jbt_26": "STANDAR", "Thn_Bgn_26": "2010", "BA_26": "0", "LNT_26": "0", "BB_26": "1", "DAS_26": "1", "OP_26": "0", "UT_26": "0", "GR_26": "0", "LB_26": "0", "JBT_26": "1", "Tp_Lnts_26": "SUNGAI", "Dt_Lnts_26": "LURUS", "Pnangnn_26": "RUTIN", "Pmriksn_26": "TIDAK DI SURVEI", "Pnglola_26": "BPJN PAPUA TENGAH", "Satkr_ID26": "693943", "PPK_Name26": "PPK 3.1", "Traffic_26": null, "VCR_26": "0.0024", "AADT_26": "0", "Tipe_Jb_26": null, "Lat_26": -4.51093, "Long_26": 136.77254, "Tgl_Ins_26": "16\/09\/2020", "Ket_26": null }, "geometry": { "type": "Point", "coordinates": [ 136.772536999882732, -4.510926000134759 ] } },
{ "type": "Feature", "properties": { "PROVINSI": "PAPUA TENGAH (NABIRE)", "No_Prov_26": "62", "ID_Jbt_26": "6201379", "Kd_Ruas_26": "6201611", "Suffix_26": "11", "Nm_Ruas_26": "JLN. JEND. SUDIRMAN (NABIRE)", "Lintas_26": "JALAN LINTAS TENGAH", "No_Jbt_26": "62.016.159.0.11", "Nm_Jbt_26": "UDIK", "Status_26": "N", "Fungsi_26": "A", "Lks_Dr_26": "NBR", "Lks_km_26": 1.545, "F_STA_26": "200", "Cadin_26": null, "Pjg_Jbt_26": 12.5, "Btg_Pjg_26": 3.0, "Jml_Btg_26": "2", "Lb_Jl_Ms26": 7.05, "Lb_Jl_Kl26": 7.05, "Lb_Lalin26": 12.51, "Lb_Bh_Ki26": 0.0, "Lb_Bh_Ka26": 0.0, "Lb_Dr_Ki26": 0.0, "Lb_Dr_Ka26": 0.0, "Lb_Tr_Ki26": 0.0, "Lb_Tr_Ka26": 0.0, "Lb_TS_Ki26": 0.35, "Lb_TS_Ka26": 0.4, "Lb_Med_26": 0.68, "Lbr_Jbt_26": 13.94, "Bgn_Ats_26": "BTP", "Jns_Jbt_26": "STANDAR", "Thn_Bgn_26": "2000", "BA_26": "0", "LNT_26": "0", "BB_26": "0", "DAS_26": "2", "OP_26": "1", "UT_26": "0", "GR_26": "3", "LB_26": "0", "JBT_26": "3", "Tp_Lnts_26": "SUNGAI", "Dt_Lnts_26": "LURUS", "Pnangnn_26": "REHABILITASI", "Pmriksn_26": "DETAIL", "Pnglola_26": "BPJN PAPUA TENGAH", "Satkr_ID26": "693945", "PPK_Name26": "PPK 1.2", "Traffic_26": null, "VCR_26": "0.1915", "AADT_26": "2589", "Tipe_Jb_26": null, "Lat_26": -3.37703, "Long_26": 135.50375, "Tgl_Ins_26": "01\/05\/2026", "Ket_26": null }, "geometry": { "type": "Point", "coordinates": [ 135.503754000446861, -3.377028000341909 ] } },
{ "type": "Feature", "properties": { "PROVINSI": "PAPUA TENGAH (NABIRE)", "No_Prov_26": "62", "ID_Jbt_26": "6201747", "Kd_Ruas_26": "62014", "Suffix_26": null, "Nm_Ruas_26": "WAGETE - MOANEMANI", "Lintas_26": "JALAN LINTAS TENGAH", "No_Jbt_26": "62.014.019.0", "Nm_Jbt_26": "UGAPUGA", "Status_26": "N", "Fungsi_26": "A", "Lks_Dr_26": "WMN", "Lks_km_26": 24.641, "F_STA_26": "90", "Cadin_26": null, "Pjg_Jbt_26": 31.5, "Btg_Pjg_26": 31.5, "Jml_Btg_26": "1", "Lb_Jl_Ms26": 0.0, "Lb_Jl_Kl26": 0.0, "Lb_Lalin26": 9.0, "Lb_Bh_Ki26": 0.0, "Lb_Bh_Ka26": 0.0, "Lb_Dr_Ki26": 0.0, "Lb_Dr_Ka26": 0.0, "Lb_Tr_Ki26": 0.0, "Lb_Tr_Ka26": 0.0, "Lb_TS_Ki26": 0.0, "Lb_TS_Ka26": 0.0, "Lb_Med_26": 0.0, "Lbr_Jbt_26": 9.0, "Bgn_Ats_26": "GBP", "Jns_Jbt_26": "STANDAR", "Thn_Bgn_26": "2014", "BA_26": "2", "LNT_26": "2", "BB_26": "1", "DAS_26": "1", "OP_26": "2", "UT_26": "0", "GR_26": "0", "LB_26": "0", "JBT_26": "2", "Tp_Lnts_26": "SUNGAI", "Dt_Lnts_26": "LURUS", "Pnangnn_26": "RUTIN", "Pmriksn_26": "TIDAK DI SURVEI", "Pnglola_26": "BPJN PAPUA TENGAH", "Satkr_ID26": "693946", "PPK_Name26": "PPK 2.2", "Traffic_26": null, "VCR_26": "0.0301", "AADT_26": "132", "Tipe_Jb_26": null, "Lat_26": -4.00603, "Long_26": 136.15413, "Tgl_Ins_26": "27\/06\/2023", "Ket_26": null }, "geometry": { "type": "Point", "coordinates": [ 136.154129000253192, -4.006030000184296 ] } },
{ "type": "Feature", "properties": { "PROVINSI": "PAPUA TENGAH (NABIRE)", "No_Prov_26": "62", "ID_Jbt_26": "6201619", "Kd_Ruas_26": "62015", "Suffix_26": null, "Nm_Ruas_26": "MOANEMANI - BEDUDIPA", "Lintas_26": "JALAN LINTAS TENGAH", "No_Jbt_26": "62.015.087.0", "Nm_Jbt_26": "UGIDA", "Status_26": "N", "Fungsi_26": "A", "Lks_Dr_26": "BDP", "Lks_km_26": 83.942, "F_STA_26": "800", "Cadin_26": null, "Pjg_Jbt_26": 60.0, "Btg_Pjg_26": 60.0, "Jml_Btg_26": "1", "Lb_Jl_Ms26": 5.95, "Lb_Jl_Kl26": 5.95, "Lb_Lalin26": 6.8, "Lb_Bh_Ki26": 0.0, "Lb_Bh_Ka26": 0.0, "Lb_Dr_Ki26": 0.0, "Lb_Dr_Ka26": 0.0, "Lb_Tr_Ki26": 0.0, "Lb_Tr_Ka26": 0.0, "Lb_TS_Ki26": 0.0, "Lb_TS_Ka26": 0.0, "Lb_Med_26": 0.0, "Lbr_Jbt_26": 6.8, "Bgn_Ats_26": "RBR", "Jns_Jbt_26": "STANDAR", "Thn_Bgn_26": "2018", "BA_26": "2", "LNT_26": "0", "BB_26": "2", "DAS_26": "2", "OP_26": "1", "UT_26": "0", "GR_26": "0", "LB_26": "0", "JBT_26": "2", "Tp_Lnts_26": "SUNGAI", "Dt_Lnts_26": "LURUS", "Pnangnn_26": "RUTIN", "Pmriksn_26": "DETAIL", "Pnglola_26": "BPJN PAPUA TENGAH", "Satkr_ID26": "693945", "PPK_Name26": "PPK 1.1", "Traffic_26": null, "VCR_26": "0.1231", "AADT_26": "4467", "Tipe_Jb_26": null, "Lat_26": -3.90355, "Long_26": 135.96133, "Tgl_Ins_26": "02\/06\/2026", "Ket_26": null }, "geometry": { "type": "Point", "coordinates": [ 135.961334000164015, -3.903554999563539 ] } },
{ "type": "Feature", "properties": { "PROVINSI": "PAPUA TENGAH (NABIRE)", "No_Prov_26": "62", "ID_Jbt_26": "6201565", "Kd_Ruas_26": "62015", "Suffix_26": null, "Nm_Ruas_26": "MOANEMANI - BEDUDIPA", "Lintas_26": "JALAN LINTAS TENGAH", "No_Jbt_26": "62.015.027.0", "Nm_Jbt_26": "UNIPO 1", "Status_26": "N", "Fungsi_26": "A", "Lks_Dr_26": "BDP", "Lks_km_26": 16.624, "F_STA_26": "0", "Cadin_26": null, "Pjg_Jbt_26": 30.0, "Btg_Pjg_26": 30.0, "Jml_Btg_26": "1", "Lb_Jl_Ms26": 6.0, "Lb_Jl_Kl26": 6.0, "Lb_Lalin26": 7.0, "Lb_Bh_Ki26": 0.0, "Lb_Bh_Ka26": 0.0, "Lb_Dr_Ki26": 0.0, "Lb_Dr_Ka26": 0.0, "Lb_Tr_Ki26": 0.0, "Lb_Tr_Ka26": 0.0, "Lb_TS_Ki26": 0.0, "Lb_TS_Ka26": 0.0, "Lb_Med_26": 0.0, "Lbr_Jbt_26": 7.0, "Bgn_Ats_26": "GBP", "Jns_Jbt_26": "STANDAR", "Thn_Bgn_26": "2014", "BA_26": "2", "LNT_26": "2", "BB_26": "1", "DAS_26": "1", "OP_26": "2", "UT_26": "0", "GR_26": "0", "LB_26": "0", "JBT_26": "2", "Tp_Lnts_26": "SUNGAI", "Dt_Lnts_26": "LURUS", "Pnangnn_26": "RUTIN", "Pmriksn_26": "TIDAK DI SURVEI", "Pnglola_26": "BPJN PAPUA TENGAH", "Satkr_ID26": "693945", "PPK_Name26": "PPK 1.1", "Traffic_26": null, "VCR_26": "0.1231", "AADT_26": "4467", "Tipe_Jb_26": null, "Lat_26": -3.93723, "Long_26": 135.94296, "Tgl_Ins_26": "20\/04\/2024", "Ket_26": null }, "geometry": { "type": "Point", "coordinates": [ 135.942954999773519, -3.937228000172013 ] } },
{ "type": "Feature", "properties": { "PROVINSI": "PAPUA TENGAH (NABIRE)", "No_Prov_26": "62", "ID_Jbt_26": "6201566", "Kd_Ruas_26": "62015", "Suffix_26": null, "Nm_Ruas_26": "MOANEMANI - BEDUDIPA", "Lintas_26": "JALAN LINTAS TENGAH", "No_Jbt_26": "62.015.031.0", "Nm_Jbt_26": "UNIPO II\/EBORE I", "Status_26": "N", "Fungsi_26": "A", "Lks_Dr_26": "BDP", "Lks_km_26": 21.501, "F_STA_26": "900", "Cadin_26": null, "Pjg_Jbt_26": 20.0, "Btg_Pjg_26": 20.0, "Jml_Btg_26": "1", "Lb_Jl_Ms26": 6.2, "Lb_Jl_Kl26": 6.2, "Lb_Lalin26": 7.0, "Lb_Bh_Ki26": 0.0, "Lb_Bh_Ka26": 0.0, "Lb_Dr_Ki26": 0.0, "Lb_Dr_Ka26": 0.0, "Lb_Tr_Ki26": 0.0, "Lb_Tr_Ka26": 0.0, "Lb_TS_Ki26": 0.0, "Lb_TS_Ka26": 0.0, "Lb_Med_26": 0.0, "Lbr_Jbt_26": 7.0, "Bgn_Ats_26": "GBP", "Jns_Jbt_26": "STANDAR", "Thn_Bgn_26": "2016", "BA_26": "1", "LNT_26": "1", "BB_26": "1", "DAS_26": "1", "OP_26": "0", "UT_26": "0", "GR_26": "0", "LB_26": "0", "JBT_26": "1", "Tp_Lnts_26": "SUNGAI", "Dt_Lnts_26": "LURUS", "Pnangnn_26": "RUTIN", "Pmriksn_26": "TIDAK DI SURVEI", "Pnglola_26": "BPJN PAPUA TENGAH", "Satkr_ID26": "693945", "PPK_Name26": "PPK 1.1", "Traffic_26": null, "VCR_26": "0.1231", "AADT_26": "4467", "Tipe_Jb_26": null, "Lat_26": -3.55485, "Long_26": 135.95164, "Tgl_Ins_26": "19\/05\/2021", "Ket_26": null }, "geometry": { "type": "Point", "coordinates": [ 135.951635999901555, -3.554847999635456 ] } },
{ "type": "Feature", "properties": { "PROVINSI": "PAPUA TENGAH (NABIRE)", "No_Prov_26": "62", "ID_Jbt_26": "6201168", "Kd_Ruas_26": "620441", "Suffix_26": "1", "Nm_Ruas_26": "BTS. KOTA NABIRE - KIMIBAY", "Lintas_26": "JALAN LINTAS UTARA", "No_Jbt_26": "62.044.026.A.1", "Nm_Jbt_26": "UREGI IA", "Status_26": "N", "Fungsi_26": "K", "Lks_Dr_26": "NBR", "Lks_km_26": 13.56, "F_STA_26": "100", "Cadin_26": null, "Pjg_Jbt_26": 11.0, "Btg_Pjg_26": 11.0, "Jml_Btg_26": "1", "Lb_Jl_Ms26": 6.0, "Lb_Jl_Kl26": 6.0, "Lb_Lalin26": 6.04, "Lb_Bh_Ki26": 0.7, "Lb_Bh_Ka26": 0.18, "Lb_Dr_Ki26": 0.0, "Lb_Dr_Ka26": 0.0, "Lb_Tr_Ki26": 0.99, "Lb_Tr_Ka26": 0.99, "Lb_TS_Ki26": 0.0, "Lb_TS_Ka26": 0.0, "Lb_Med_26": 0.0, "Lbr_Jbt_26": 8.9, "Bgn_Ats_26": "GTP", "Jns_Jbt_26": "STANDAR", "Thn_Bgn_26": "2000", "BA_26": "1", "LNT_26": "1", "BB_26": "1", "DAS_26": "1", "OP_26": "0", "UT_26": "0", "GR_26": "0", "LB_26": "0", "JBT_26": "1", "Tp_Lnts_26": "SUNGAI", "Dt_Lnts_26": "LURUS", "Pnangnn_26": "RUTIN", "Pmriksn_26": "TIDAK DI SURVEI", "Pnglola_26": "BPJN PAPUA TENGAH", "Satkr_ID26": "693945", "PPK_Name26": "PPK 1.3", "Traffic_26": null, "VCR_26": "0.0567", "AADT_26": "2341", "Tipe_Jb_26": null, "Lat_26": -3.26004, "Long_26": 135.59828, "Tgl_Ins_26": "04\/04\/2024", "Ket_26": null }, "geometry": { "type": "Point", "coordinates": [ 135.598281999714573, -3.26003700030725 ] } },
{ "type": "Feature", "properties": { "PROVINSI": "PAPUA TENGAH (NABIRE)", "No_Prov_26": "62", "ID_Jbt_26": "6201169", "Kd_Ruas_26": "620441", "Suffix_26": "1", "Nm_Ruas_26": "BTS. KOTA NABIRE - KIMIBAY", "Lintas_26": "JALAN LINTAS UTARA", "No_Jbt_26": "62.044.026.B.1", "Nm_Jbt_26": "UREGI IB", "Status_26": "N", "Fungsi_26": "K", "Lks_Dr_26": "NBR", "Lks_km_26": 13.56, "F_STA_26": "100", "Cadin_26": null, "Pjg_Jbt_26": 10.5, "Btg_Pjg_26": 10.5, "Jml_Btg_26": "1", "Lb_Jl_Ms26": 6.0, "Lb_Jl_Kl26": 6.0, "Lb_Lalin26": 5.15, "Lb_Bh_Ki26": 0.48, "Lb_Bh_Ka26": 0.57, "Lb_Dr_Ki26": 0.0, "Lb_Dr_Ka26": 0.0, "Lb_Tr_Ki26": 0.81, "Lb_Tr_Ka26": 0.8, "Lb_TS_Ki26": 0.0, "Lb_TS_Ka26": 0.0, "Lb_Med_26": 0.0, "Lbr_Jbt_26": 7.81, "Bgn_Ats_26": "GTP", "Jns_Jbt_26": "STANDAR", "Thn_Bgn_26": "2000", "BA_26": "1", "LNT_26": "1", "BB_26": "2", "DAS_26": "1", "OP_26": "0", "UT_26": "0", "GR_26": "0", "LB_26": "0", "JBT_26": "2", "Tp_Lnts_26": "SUNGAI", "Dt_Lnts_26": "LURUS", "Pnangnn_26": "RUTIN", "Pmriksn_26": "TIDAK DI SURVEI", "Pnglola_26": "BPJN PAPUA TENGAH", "Satkr_ID26": "693945", "PPK_Name26": "PPK 1.3", "Traffic_26": null, "VCR_26": "0.0567", "AADT_26": "2341", "Tipe_Jb_26": null, "Lat_26": -3.26016, "Long_26": 135.59837, "Tgl_Ins_26": "04\/04\/2024", "Ket_26": null }, "geometry": { "type": "Point", "coordinates": [ 135.598373000313813, -3.260161999776415 ] } },
{ "type": "Feature", "properties": { "PROVINSI": "PAPUA TENGAH (NABIRE)", "No_Prov_26": "62", "ID_Jbt_26": "6201174", "Kd_Ruas_26": "620441", "Suffix_26": "1", "Nm_Ruas_26": "BTS. KOTA NABIRE - KIMIBAY", "Lintas_26": "JALAN LINTAS UTARA", "No_Jbt_26": "62.044.029.A.1", "Nm_Jbt_26": "UREGI IIA", "Status_26": "N", "Fungsi_26": "K", "Lks_Dr_26": "NBR", "Lks_km_26": 14.303, "F_STA_26": "800", "Cadin_26": null, "Pjg_Jbt_26": 30.0, "Btg_Pjg_26": 30.0, "Jml_Btg_26": "1", "Lb_Jl_Ms26": 6.0, "Lb_Jl_Kl26": 6.0, "Lb_Lalin26": 5.22, "Lb_Bh_Ki26": 0.23, "Lb_Bh_Ka26": 0.28, "Lb_Dr_Ki26": 0.07, "Lb_Dr_Ka26": 0.07, "Lb_Tr_Ki26": 0.42, "Lb_Tr_Ka26": 0.46, "Lb_TS_Ki26": 0.0, "Lb_TS_Ka26": 0.0, "Lb_Med_26": 0.0, "Lbr_Jbt_26": 6.75, "Bgn_Ats_26": "GBP", "Jns_Jbt_26": "STANDAR", "Thn_Bgn_26": "2000", "BA_26": "2", "LNT_26": "2", "BB_26": "1", "DAS_26": "1", "OP_26": "0", "UT_26": "0", "GR_26": "0", "LB_26": "0", "JBT_26": "2", "Tp_Lnts_26": "SUNGAI", "Dt_Lnts_26": "BERKELOK", "Pnangnn_26": "RUTIN", "Pmriksn_26": "TIDAK DI SURVEI", "Pnglola_26": "BPJN PAPUA TENGAH", "Satkr_ID26": "693945", "PPK_Name26": "PPK 1.3", "Traffic_26": null, "VCR_26": "0.0567", "AADT_26": "2341", "Tipe_Jb_26": null, "Lat_26": -3.25545, "Long_26": 135.60155, "Tgl_Ins_26": "09\/06\/2025", "Ket_26": null }, "geometry": { "type": "Point", "coordinates": [ 135.601547000094001, -3.255451000163475 ] } },
{ "type": "Feature", "properties": { "PROVINSI": "PAPUA TENGAH (NABIRE)", "No_Prov_26": "62", "ID_Jbt_26": "6201175", "Kd_Ruas_26": "620441", "Suffix_26": "1", "Nm_Ruas_26": "BTS. KOTA NABIRE - KIMIBAY", "Lintas_26": "JALAN LINTAS UTARA", "No_Jbt_26": "62.044.029.B.1", "Nm_Jbt_26": "UREGI IIB", "Status_26": "N", "Fungsi_26": "K", "Lks_Dr_26": "NBR", "Lks_km_26": 14.303, "F_STA_26": "800", "Cadin_26": null, "Pjg_Jbt_26": 30.0, "Btg_Pjg_26": 30.0, "Jml_Btg_26": "1", "Lb_Jl_Ms26": 6.0, "Lb_Jl_Kl26": 6.0, "Lb_Lalin26": 5.22, "Lb_Bh_Ki26": 0.3, "Lb_Bh_Ka26": 0.3, "Lb_Dr_Ki26": 0.0, "Lb_Dr_Ka26": 0.0, "Lb_Tr_Ki26": 0.47, "Lb_Tr_Ka26": 0.46, "Lb_TS_Ki26": 0.0, "Lb_TS_Ka26": 0.0, "Lb_Med_26": 0.0, "Lbr_Jbt_26": 6.75, "Bgn_Ats_26": "GBP", "Jns_Jbt_26": "STANDAR", "Thn_Bgn_26": "1989", "BA_26": "2", "LNT_26": "2", "BB_26": "2", "DAS_26": "1", "OP_26": "0", "UT_26": "0", "GR_26": "0", "LB_26": "0", "JBT_26": "2", "Tp_Lnts_26": "SUNGAI", "Dt_Lnts_26": "BERKELOK", "Pnangnn_26": "RUTIN", "Pmriksn_26": "TIDAK DI SURVEI", "Pnglola_26": "BPJN PAPUA TENGAH", "Satkr_ID26": "693945", "PPK_Name26": "PPK 1.3", "Traffic_26": null, "VCR_26": "0.0567", "AADT_26": "2341", "Tipe_Jb_26": null, "Lat_26": -3.25554, "Long_26": 135.60164, "Tgl_Ins_26": "09\/06\/2025", "Ket_26": null }, "geometry": { "type": "Point", "coordinates": [ 135.60163899984002, -3.255537999678893 ] } },
{ "type": "Feature", "properties": { "PROVINSI": "PAPUA TENGAH (NABIRE)", "No_Prov_26": "62", "ID_Jbt_26": "6200252", "Kd_Ruas_26": "62016", "Suffix_26": null, "Nm_Ruas_26": "BEDUDIPA - BTS. KOTA NABIRE", "Lintas_26": "NON LINTAS", "No_Jbt_26": "62.016.029.0", "Nm_Jbt_26": "URUMUSU", "Status_26": "N", "Fungsi_26": "A", "Lks_Dr_26": "NBR", "Lks_km_26": 30.811, "F_STA_26": "100", "Cadin_26": null, "Pjg_Jbt_26": 6.0, "Btg_Pjg_26": 6.0, "Jml_Btg_26": "1", "Lb_Jl_Ms26": 4.9, "Lb_Jl_Kl26": 4.9, "Lb_Lalin26": 5.1, "Lb_Bh_Ki26": 1.5, "Lb_Bh_Ka26": 2.6, "Lb_Dr_Ki26": 0.0, "Lb_Dr_Ka26": 0.0, "Lb_Tr_Ki26": 0.0, "Lb_Tr_Ka26": 0.0, "Lb_TS_Ki26": 0.0, "Lb_TS_Ka26": 0.0, "Lb_Med_26": 0.0, "Lbr_Jbt_26": 9.2, "Bgn_Ats_26": "PTP", "Jns_Jbt_26": "STANDAR", "Thn_Bgn_26": "1998", "BA_26": "1", "LNT_26": "0", "BB_26": "1", "DAS_26": "1", "OP_26": "3", "UT_26": "0", "GR_26": "0", "LB_26": "0", "JBT_26": "3", "Tp_Lnts_26": "SUNGAI", "Dt_Lnts_26": "LURUS", "Pnangnn_26": "OPRIT", "Pmriksn_26": "DETAIL", "Pnglola_26": "BPJN PAPUA TENGAH", "Satkr_ID26": "693945", "PPK_Name26": "PPK 1.1", "Traffic_26": null, "VCR_26": "0.0287", "AADT_26": "243", "Tipe_Jb_26": null, "Lat_26": -3.49018, "Long_26": 135.62236, "Tgl_Ins_26": "07\/05\/2026", "Ket_26": null }, "geometry": { "type": "Point", "coordinates": [ 135.622360000313847, -3.490178000414346 ] } },
{ "type": "Feature", "properties": { "PROVINSI": "PAPUA TENGAH (NABIRE)", "No_Prov_26": "62", "ID_Jbt_26": "6200253", "Kd_Ruas_26": "62016", "Suffix_26": null, "Nm_Ruas_26": "BEDUDIPA - BTS. KOTA NABIRE", "Lintas_26": "NON LINTAS", "No_Jbt_26": "62.016.030.0", "Nm_Jbt_26": "URUMUSU I", "Status_26": "N", "Fungsi_26": "A", "Lks_Dr_26": "NBR", "Lks_km_26": 31.707, "F_STA_26": "900", "Cadin_26": null, "Pjg_Jbt_26": 6.0, "Btg_Pjg_26": 6.0, "Jml_Btg_26": "1", "Lb_Jl_Ms26": 4.85, "Lb_Jl_Kl26": 4.85, "Lb_Lalin26": 5.06, "Lb_Bh_Ki26": 1.8, "Lb_Bh_Ka26": 2.1, "Lb_Dr_Ki26": 0.0, "Lb_Dr_Ka26": 0.0, "Lb_Tr_Ki26": 0.0, "Lb_Tr_Ka26": 0.0, "Lb_TS_Ki26": 0.0, "Lb_TS_Ka26": 0.0, "Lb_Med_26": 0.0, "Lbr_Jbt_26": 8.96, "Bgn_Ats_26": "PTP", "Jns_Jbt_26": "STANDAR", "Thn_Bgn_26": "2000", "BA_26": "0", "LNT_26": "0", "BB_26": "2", "DAS_26": "1", "OP_26": "1", "UT_26": "0", "GR_26": "0", "LB_26": "0", "JBT_26": "2", "Tp_Lnts_26": "SUNGAI", "Dt_Lnts_26": "LURUS", "Pnangnn_26": "RUTIN", "Pmriksn_26": "TIDAK DI SURVEI", "Pnglola_26": "BPJN PAPUA TENGAH", "Satkr_ID26": "693945", "PPK_Name26": "PPK 1.1", "Traffic_26": null, "VCR_26": "0.0287", "AADT_26": "243", "Tipe_Jb_26": null, "Lat_26": -3.49325, "Long_26": 135.62779, "Tgl_Ins_26": "13\/04\/2024", "Ket_26": null }, "geometry": { "type": "Point", "coordinates": [ 135.627791999900978, -3.493249999987484 ] } },
{ "type": "Feature", "properties": { "PROVINSI": "PAPUA TENGAH (NABIRE)", "No_Prov_26": "62", "ID_Jbt_26": "6200254", "Kd_Ruas_26": "62016", "Suffix_26": null, "Nm_Ruas_26": "BEDUDIPA - BTS. KOTA NABIRE", "Lintas_26": "NON LINTAS", "No_Jbt_26": "62.016.031.0", "Nm_Jbt_26": "URUMUSU II", "Status_26": "N", "Fungsi_26": "A", "Lks_Dr_26": "NBR", "Lks_km_26": 32.233, "F_STA_26": "300", "Cadin_26": null, "Pjg_Jbt_26": 6.3, "Btg_Pjg_26": 6.3, "Jml_Btg_26": "1", "Lb_Jl_Ms26": 5.85, "Lb_Jl_Kl26": 5.85, "Lb_Lalin26": 6.0, "Lb_Bh_Ki26": 0.72, "Lb_Bh_Ka26": 0.85, "Lb_Dr_Ki26": 0.76, "Lb_Dr_Ka26": 0.75, "Lb_Tr_Ki26": 0.0, "Lb_Tr_Ka26": 0.0, "Lb_TS_Ki26": 0.0, "Lb_TS_Ka26": 0.0, "Lb_Med_26": 0.0, "Lbr_Jbt_26": 9.08, "Bgn_Ats_26": "PTP", "Jns_Jbt_26": "STANDAR", "Thn_Bgn_26": "1998", "BA_26": "2", "LNT_26": "0", "BB_26": "2", "DAS_26": "1", "OP_26": "2", "UT_26": "0", "GR_26": "0", "LB_26": "0", "JBT_26": "2", "Tp_Lnts_26": "SUNGAI", "Dt_Lnts_26": "LURUS", "Pnangnn_26": "RUTIN", "Pmriksn_26": "TIDAK DI SURVEI", "Pnglola_26": "BPJN PAPUA TENGAH", "Satkr_ID26": "693945", "PPK_Name26": "PPK 1.1", "Traffic_26": null, "VCR_26": "0.0287", "AADT_26": "243", "Tipe_Jb_26": null, "Lat_26": -3.49479, "Long_26": 135.63118, "Tgl_Ins_26": "13\/04\/2024", "Ket_26": null }, "geometry": { "type": "Point", "coordinates": [ 135.63117999965732, -3.494787999866276 ] } },
{ "type": "Feature", "properties": { "PROVINSI": "PAPUA TENGAH (NABIRE)", "No_Prov_26": "62", "ID_Jbt_26": "6201185", "Kd_Ruas_26": "62017", "Suffix_26": null, "Nm_Ruas_26": "BTS. KOTA NABIRE - WANGGAR", "Lintas_26": "NON LINTAS", "No_Jbt_26": "62.017.076.0", "Nm_Jbt_26": "WADIO", "Status_26": "N", "Fungsi_26": "A", "Lks_Dr_26": "NBR", "Lks_km_26": 39.388, "F_STA_26": "800", "Cadin_26": null, "Pjg_Jbt_26": 45.5, "Btg_Pjg_26": 45.5, "Jml_Btg_26": "1", "Lb_Jl_Ms26": 6.0, "Lb_Jl_Kl26": 6.0, "Lb_Lalin26": 6.0, "Lb_Bh_Ki26": 0.0, "Lb_Bh_Ka26": 0.0, "Lb_Dr_Ki26": 0.0, "Lb_Dr_Ka26": 0.0, "Lb_Tr_Ki26": 0.48, "Lb_Tr_Ka26": 0.49, "Lb_TS_Ki26": 0.0, "Lb_TS_Ka26": 0.0, "Lb_Med_26": 0.0, "Lbr_Jbt_26": 6.97, "Bgn_Ats_26": "RBR", "Jns_Jbt_26": "STANDAR", "Thn_Bgn_26": "2003", "BA_26": "2", "LNT_26": "2", "BB_26": "2", "DAS_26": "1", "OP_26": "0", "UT_26": "0", "GR_26": "0", "LB_26": "0", "JBT_26": "2", "Tp_Lnts_26": "SUNGAI", "Dt_Lnts_26": "LURUS", "Pnangnn_26": "REHABILITASI", "Pmriksn_26": "DETAIL", "Pnglola_26": "BPJN PAPUA TENGAH", "Satkr_ID26": "693945", "PPK_Name26": "PPK 1.2", "Traffic_26": null, "VCR_26": "0.0522", "AADT_26": "3203", "Tipe_Jb_26": null, "Lat_26": -3.41445, "Long_26": 135.46974, "Tgl_Ins_26": "30\/04\/2026", "Ket_26": null }, "geometry": { "type": "Point", "coordinates": [ 135.469742000393012, -3.414446000082762 ] } },
{ "type": "Feature", "properties": { "PROVINSI": "PAPUA TENGAH (NABIRE)", "No_Prov_26": "62", "ID_Jbt_26": "6200237", "Kd_Ruas_26": "62016", "Suffix_26": null, "Nm_Ruas_26": "BEDUDIPA - BTS. KOTA NABIRE", "Lintas_26": "NON LINTAS", "No_Jbt_26": "62.016.013.0", "Nm_Jbt_26": "WADIO 1", "Status_26": "N", "Fungsi_26": "A", "Lks_Dr_26": "NBR", "Lks_km_26": 4.856, "F_STA_26": "400", "Cadin_26": null, "Pjg_Jbt_26": 30.7, "Btg_Pjg_26": 30.7, "Jml_Btg_26": "1", "Lb_Jl_Ms26": 6.6, "Lb_Jl_Kl26": 6.6, "Lb_Lalin26": 7.0, "Lb_Bh_Ki26": 0.0, "Lb_Bh_Ka26": 0.0, "Lb_Dr_Ki26": 0.0, "Lb_Dr_Ka26": 0.0, "Lb_Tr_Ki26": 0.9, "Lb_Tr_Ka26": 0.96, "Lb_TS_Ki26": 0.3, "Lb_TS_Ka26": 0.3, "Lb_Med_26": 0.0, "Lbr_Jbt_26": 9.46, "Bgn_Ats_26": "GBP", "Jns_Jbt_26": "STANDAR", "Thn_Bgn_26": "2012", "BA_26": "2", "LNT_26": "1", "BB_26": "2", "DAS_26": "1", "OP_26": "0", "UT_26": "0", "GR_26": "0", "LB_26": "0", "JBT_26": "2", "Tp_Lnts_26": "SUNGAI", "Dt_Lnts_26": "LURUS", "Pnangnn_26": "RUTIN", "Pmriksn_26": "TIDAK DI SURVEI", "Pnglola_26": "BPJN PAPUA TENGAH", "Satkr_ID26": "693945", "PPK_Name26": "PPK 1.1", "Traffic_26": null, "VCR_26": "0.0287", "AADT_26": "243", "Tipe_Jb_26": null, "Lat_26": -3.42429, "Long_26": 135.49927, "Tgl_Ins_26": "10\/07\/2025", "Ket_26": null }, "geometry": { "type": "Point", "coordinates": [ 135.499268000417942, -3.424294000068016 ] } },
{ "type": "Feature", "properties": { "PROVINSI": "PAPUA TENGAH (NABIRE)", "No_Prov_26": "62", "ID_Jbt_26": "6200235", "Kd_Ruas_26": "62016", "Suffix_26": null, "Nm_Ruas_26": "BEDUDIPA - BTS. KOTA NABIRE", "Lintas_26": "NON LINTAS", "No_Jbt_26": "62.016.011.0", "Nm_Jbt_26": "WADIO 2", "Status_26": "N", "Fungsi_26": "A", "Lks_Dr_26": "NBR", "Lks_km_26": 4.307, "F_STA_26": "800", "Cadin_26": null, "Pjg_Jbt_26": 26.0, "Btg_Pjg_26": 26.0, "Jml_Btg_26": "1", "Lb_Jl_Ms26": 6.15, "Lb_Jl_Kl26": 6.15, "Lb_Lalin26": 6.44, "Lb_Bh_Ki26": 0.37, "Lb_Bh_Ka26": 0.32, "Lb_Dr_Ki26": 0.0, "Lb_Dr_Ka26": 0.0, "Lb_Tr_Ki26": 0.85, "Lb_Tr_Ka26": 0.8, "Lb_TS_Ki26": 0.3, "Lb_TS_Ka26": 0.3, "Lb_Med_26": 0.0, "Lbr_Jbt_26": 9.38, "Bgn_Ats_26": "GBP", "Jns_Jbt_26": "STANDAR", "Thn_Bgn_26": "2016", "BA_26": "2", "LNT_26": "2", "BB_26": "1", "DAS_26": "1", "OP_26": "0", "UT_26": "0", "GR_26": "0", "LB_26": "0", "JBT_26": "2", "Tp_Lnts_26": "SUNGAI", "Dt_Lnts_26": "LURUS", "Pnangnn_26": "RUTIN", "Pmriksn_26": "TIDAK DI SURVEI", "Pnglola_26": "BPJN PAPUA TENGAH", "Satkr_ID26": "693945", "PPK_Name26": "PPK 1.1", "Traffic_26": null, "VCR_26": "0.0287", "AADT_26": "243", "Tipe_Jb_26": null, "Lat_26": -3.42399, "Long_26": 135.4953, "Tgl_Ins_26": "07\/07\/2025", "Ket_26": null }, "geometry": { "type": "Point", "coordinates": [ 135.495299999995041, -3.423990000438096 ] } },
{ "type": "Feature", "properties": { "PROVINSI": "PAPUA TENGAH (NABIRE)", "No_Prov_26": "62", "ID_Jbt_26": "6200234", "Kd_Ruas_26": "62016", "Suffix_26": null, "Nm_Ruas_26": "BEDUDIPA - BTS. KOTA NABIRE", "Lintas_26": "NON LINTAS", "No_Jbt_26": "62.016.010.0", "Nm_Jbt_26": "WADIO 3", "Status_26": "N", "Fungsi_26": "A", "Lks_Dr_26": "NBR", "Lks_km_26": 3.929, "F_STA_26": "500", "Cadin_26": null, "Pjg_Jbt_26": 20.8, "Btg_Pjg_26": 20.8, "Jml_Btg_26": "1", "Lb_Jl_Ms26": 6.2, "Lb_Jl_Kl26": 6.2, "Lb_Lalin26": 6.28, "Lb_Bh_Ki26": 0.34, "Lb_Bh_Ka26": 0.42, "Lb_Dr_Ki26": 0.0, "Lb_Dr_Ka26": 0.0, "Lb_Tr_Ki26": 0.82, "Lb_Tr_Ka26": 0.86, "Lb_TS_Ki26": 0.3, "Lb_TS_Ka26": 0.3, "Lb_Med_26": 0.0, "Lbr_Jbt_26": 9.32, "Bgn_Ats_26": "GBP", "Jns_Jbt_26": "STANDAR", "Thn_Bgn_26": "2016", "BA_26": "2", "LNT_26": "2", "BB_26": "1", "DAS_26": "1", "OP_26": "1", "UT_26": "0", "GR_26": "0", "LB_26": "0", "JBT_26": "2", "Tp_Lnts_26": "SUNGAI", "Dt_Lnts_26": "LURUS", "Pnangnn_26": "RUTIN", "Pmriksn_26": "TIDAK DI SURVEI", "Pnglola_26": "BPJN PAPUA TENGAH", "Satkr_ID26": "693945", "PPK_Name26": "PPK 1.1", "Traffic_26": null, "VCR_26": "0.0287", "AADT_26": "243", "Tipe_Jb_26": null, "Lat_26": -3.42335, "Long_26": 135.49211, "Tgl_Ins_26": "10\/07\/2025", "Ket_26": null }, "geometry": { "type": "Point", "coordinates": [ 135.492111000422369, -3.423353999887127 ] } },
{ "type": "Feature", "properties": { "PROVINSI": "PAPUA TENGAH (NABIRE)", "No_Prov_26": "62", "ID_Jbt_26": "6200230", "Kd_Ruas_26": "62016", "Suffix_26": null, "Nm_Ruas_26": "BEDUDIPA - BTS. KOTA NABIRE", "Lintas_26": "NON LINTAS", "No_Jbt_26": "62.016.004.0", "Nm_Jbt_26": "WADIO 4", "Status_26": "N", "Fungsi_26": "A", "Lks_Dr_26": "NBR", "Lks_km_26": 1.484, "F_STA_26": "300", "Cadin_26": null, "Pjg_Jbt_26": 26.0, "Btg_Pjg_26": 26.0, "Jml_Btg_26": "1", "Lb_Jl_Ms26": 6.3, "Lb_Jl_Kl26": 6.3, "Lb_Lalin26": 6.56, "Lb_Bh_Ki26": 0.26, "Lb_Bh_Ka26": 0.3, "Lb_Dr_Ki26": 0.0, "Lb_Dr_Ka26": 0.0, "Lb_Tr_Ki26": 0.86, "Lb_Tr_Ka26": 0.86, "Lb_TS_Ki26": 0.3, "Lb_TS_Ka26": 0.3, "Lb_Med_26": 0.0, "Lbr_Jbt_26": 9.44, "Bgn_Ats_26": "GBP", "Jns_Jbt_26": "STANDAR", "Thn_Bgn_26": "2016", "BA_26": "2", "LNT_26": "2", "BB_26": "2", "DAS_26": "1", "OP_26": "0", "UT_26": "0", "GR_26": "0", "LB_26": "0", "JBT_26": "2", "Tp_Lnts_26": "SUNGAI", "Dt_Lnts_26": "LURUS", "Pnangnn_26": "RUTIN", "Pmriksn_26": "TIDAK DI SURVEI", "Pnglola_26": "BPJN PAPUA TENGAH", "Satkr_ID26": "693945", "PPK_Name26": "PPK 1.1", "Traffic_26": null, "VCR_26": "0.0287", "AADT_26": "243", "Tipe_Jb_26": null, "Lat_26": -3.40822, "Long_26": 135.49049, "Tgl_Ins_26": "10\/07\/2025", "Ket_26": null }, "geometry": { "type": "Point", "coordinates": [ 135.490493999598471, -3.408224000037535 ] } },
{ "type": "Feature", "properties": { "PROVINSI": "PAPUA TENGAH (NABIRE)", "No_Prov_26": "62", "ID_Jbt_26": "6201186", "Kd_Ruas_26": "62017", "Suffix_26": null, "Nm_Ruas_26": "BTS. KOTA NABIRE - WANGGAR", "Lintas_26": "NON LINTAS", "No_Jbt_26": "62.017.073.0", "Nm_Jbt_26": "WADIO I", "Status_26": "N", "Fungsi_26": "A", "Lks_Dr_26": "NBR", "Lks_km_26": 37.703, "F_STA_26": "700", "Cadin_26": null, "Pjg_Jbt_26": 8.7, "Btg_Pjg_26": 8.7, "Jml_Btg_26": "1", "Lb_Jl_Ms26": 6.0, "Lb_Jl_Kl26": 6.0, "Lb_Lalin26": 5.16, "Lb_Bh_Ki26": 0.3, "Lb_Bh_Ka26": 0.58, "Lb_Dr_Ki26": 0.1, "Lb_Dr_Ka26": 0.12, "Lb_Tr_Ki26": 0.73, "Lb_Tr_Ka26": 0.74, "Lb_TS_Ki26": 0.0, "Lb_TS_Ka26": 0.0, "Lb_Med_26": 0.0, "Lbr_Jbt_26": 7.73, "Bgn_Ats_26": "GTP", "Jns_Jbt_26": "STANDAR", "Thn_Bgn_26": "1993", "BA_26": "1", "LNT_26": "1", "BB_26": "2", "DAS_26": "1", "OP_26": "0", "UT_26": "0", "GR_26": "0", "LB_26": "0", "JBT_26": "2", "Tp_Lnts_26": "SUNGAI", "Dt_Lnts_26": "LURUS", "Pnangnn_26": "RUTIN", "Pmriksn_26": "TIDAK DI SURVEI", "Pnglola_26": "BPJN PAPUA TENGAH", "Satkr_ID26": "693945", "PPK_Name26": "PPK 1.2", "Traffic_26": null, "VCR_26": "0.0522", "AADT_26": "3203", "Tipe_Jb_26": null, "Lat_26": -3.43771, "Long_26": 135.45845, "Tgl_Ins_26": "18\/03\/2024", "Ket_26": null }, "geometry": { "type": "Point", "coordinates": [ 135.458450000367293, -3.437707999924214 ] } },
{ "type": "Feature", "properties": { "PROVINSI": "PAPUA TENGAH (NABIRE)", "No_Prov_26": "62", "ID_Jbt_26": "6201391", "Kd_Ruas_26": "6201713", "Suffix_26": "13", "Nm_Ruas_26": "JLN. KRISTINA MARTA (NABIRE)", "Lintas_26": "JALAN LINTAS UTARA", "No_Jbt_26": "62.017.086.0.13", "Nm_Jbt_26": "WADIO PANTAI", "Status_26": "N", "Fungsi_26": "A", "Lks_Dr_26": "NBR", "Lks_km_26": 3.049, "F_STA_26": "800", "Cadin_26": null, "Pjg_Jbt_26": 20.0, "Btg_Pjg_26": 20.0, "Jml_Btg_26": "1", "Lb_Jl_Ms26": 6.0, "Lb_Jl_Kl26": 6.0, "Lb_Lalin26": 6.1, "Lb_Bh_Ki26": 0.0, "Lb_Bh_Ka26": 0.0, "Lb_Dr_Ki26": 0.0, "Lb_Dr_Ka26": 0.07, "Lb_Tr_Ki26": 0.39, "Lb_Tr_Ka26": 0.39, "Lb_TS_Ki26": 0.0, "Lb_TS_Ka26": 0.0, "Lb_Med_26": 0.0, "Lbr_Jbt_26": 6.95, "Bgn_Ats_26": "GBP", "Jns_Jbt_26": "STANDAR", "Thn_Bgn_26": "2000", "BA_26": "2", "LNT_26": "2", "BB_26": "2", "DAS_26": "1", "OP_26": "0", "UT_26": "0", "GR_26": "0", "LB_26": "0", "JBT_26": "2", "Tp_Lnts_26": "SUNGAI", "Dt_Lnts_26": "LURUS", "Pnangnn_26": "RUTIN", "Pmriksn_26": "DETAIL", "Pnglola_26": "BPJN PAPUA TENGAH", "Satkr_ID26": "693945", "PPK_Name26": "PPK 1.2", "Traffic_26": null, "VCR_26": "0.2749", "AADT_26": "3763", "Tipe_Jb_26": null, "Lat_26": -3.37635, "Long_26": 135.46648, "Tgl_Ins_26": "01\/05\/2026", "Ket_26": null }, "geometry": { "type": "Point", "coordinates": [ 135.466475999967543, -3.376347999560494 ] } },
{ "type": "Feature", "properties": { "PROVINSI": "PAPUA TENGAH (NABIRE)", "No_Prov_26": "62", "ID_Jbt_26": "6201748", "Kd_Ruas_26": "62014", "Suffix_26": null, "Nm_Ruas_26": "WAGETE - MOANEMANI", "Lintas_26": "JALAN LINTAS TENGAH", "No_Jbt_26": "62.014.043.0", "Nm_Jbt_26": "WAGETE - MOANEMANI 38", "Status_26": "N", "Fungsi_26": "A", "Lks_Dr_26": "WMN", "Lks_km_26": 45.354, "F_STA_26": "850", "Cadin_26": null, "Pjg_Jbt_26": 7.0, "Btg_Pjg_26": 7.0, "Jml_Btg_26": "2", "Lb_Jl_Ms26": 0.0, "Lb_Jl_Kl26": 0.0, "Lb_Lalin26": 8.0, "Lb_Bh_Ki26": 0.0, "Lb_Bh_Ka26": 0.0, "Lb_Dr_Ki26": 0.0, "Lb_Dr_Ka26": 0.0, "Lb_Tr_Ki26": 0.0, "Lb_Tr_Ka26": 0.0, "Lb_TS_Ki26": 0.0, "Lb_TS_Ka26": 0.0, "Lb_Med_26": 0.0, "Lbr_Jbt_26": 8.0, "Bgn_Ats_26": "BTP", "Jns_Jbt_26": "STANDAR", "Thn_Bgn_26": "1974", "BA_26": "0", "LNT_26": "0", "BB_26": "0", "DAS_26": "1", "OP_26": "1", "UT_26": "0", "GR_26": "2", "LB_26": "0", "JBT_26": "2", "Tp_Lnts_26": "SUNGAI", "Dt_Lnts_26": "LURUS", "Pnangnn_26": "RUTIN", "Pmriksn_26": "DETAIL", "Pnglola_26": "BPJN PAPUA TENGAH", "Satkr_ID26": "693946", "PPK_Name26": "PPK 2.2", "Traffic_26": null, "VCR_26": "0.0301", "AADT_26": "132", "Tipe_Jb_26": null, "Lat_26": -4.00183, "Long_26": 136.03986, "Tgl_Ins_26": "02\/06\/2026", "Ket_26": null }, "geometry": { "type": "Point", "coordinates": [ 136.039855999654719, -4.001834000039025 ] } },
{ "type": "Feature", "properties": { "PROVINSI": "PAPUA TENGAH (NABIRE)", "No_Prov_26": "62", "ID_Jbt_26": "6201753", "Kd_Ruas_26": "62018", "Suffix_26": null, "Nm_Ruas_26": "WANGGAR - KWATOSPRE (BTS. PROV. PAPUA BARAT)", "Lintas_26": "JALAN LINTAS UTARA", "No_Jbt_26": "62.018.017.0", "Nm_Jbt_26": "WAMI", "Status_26": "N", "Fungsi_26": "A", "Lks_Dr_26": "YAU", "Lks_km_26": 14.418, "F_STA_26": "500", "Cadin_26": null, "Pjg_Jbt_26": 60.0, "Btg_Pjg_26": 60.0, "Jml_Btg_26": "1", "Lb_Jl_Ms26": 6.0, "Lb_Jl_Kl26": 6.0, "Lb_Lalin26": 5.35, "Lb_Bh_Ki26": 0.37, "Lb_Bh_Ka26": 0.18, "Lb_Dr_Ki26": 0.07, "Lb_Dr_Ka26": 0.07, "Lb_Tr_Ki26": 0.5, "Lb_Tr_Ka26": 0.5, "Lb_TS_Ki26": 0.0, "Lb_TS_Ka26": 0.0, "Lb_Med_26": 0.0, "Lbr_Jbt_26": 7.04, "Bgn_Ats_26": "RBR", "Jns_Jbt_26": "STANDAR", "Thn_Bgn_26": "1999", "BA_26": "2", "LNT_26": "2", "BB_26": "2", "DAS_26": "1", "OP_26": "1", "UT_26": "0", "GR_26": "0", "LB_26": "0", "JBT_26": "2", "Tp_Lnts_26": "SUNGAI", "Dt_Lnts_26": "LURUS", "Pnangnn_26": "RUTIN", "Pmriksn_26": "DETAIL", "Pnglola_26": "BPJN PAPUA TENGAH", "Satkr_ID26": "693945", "PPK_Name26": "PPK 1.2", "Traffic_26": null, "VCR_26": "0.0117", "AADT_26": "211", "Tipe_Jb_26": null, "Lat_26": -3.49155, "Long_26": 135.24258, "Tgl_Ins_26": "28\/04\/2026", "Ket_26": null }, "geometry": { "type": "Point", "coordinates": [ 135.242584000251441, -3.49154899978646 ] } },
{ "type": "Feature", "properties": { "PROVINSI": "PAPUA TENGAH (NABIRE)", "No_Prov_26": "62", "ID_Jbt_26": "6200300", "Kd_Ruas_26": "62018", "Suffix_26": null, "Nm_Ruas_26": "WANGGAR - KWATOSPRE (BTS. PROV. PAPUA BARAT)", "Lintas_26": "JALAN LINTAS UTARA", "No_Jbt_26": "62.018.006.0", "Nm_Jbt_26": "WANGGAR 1", "Status_26": "N", "Fungsi_26": "A", "Lks_Dr_26": "YAU", "Lks_km_26": 3.615, "F_STA_26": "300", "Cadin_26": null, "Pjg_Jbt_26": 13.1, "Btg_Pjg_26": 3.0, "Jml_Btg_26": "2", "Lb_Jl_Ms26": 6.0, "Lb_Jl_Kl26": 6.0, "Lb_Lalin26": 5.49, "Lb_Bh_Ki26": 1.79, "Lb_Bh_Ka26": 1.6, "Lb_Dr_Ki26": 0.0, "Lb_Dr_Ka26": 0.0, "Lb_Tr_Ki26": 1.6, "Lb_Tr_Ka26": 1.6, "Lb_TS_Ki26": 0.0, "Lb_TS_Ka26": 0.0, "Lb_Med_26": 0.0, "Lbr_Jbt_26": 12.08, "Bgn_Ats_26": "BTP", "Jns_Jbt_26": "STANDAR", "Thn_Bgn_26": "2000", "BA_26": "0", "LNT_26": "0", "BB_26": "0", "DAS_26": "1", "OP_26": "0", "UT_26": "0", "GR_26": "2", "LB_26": "0", "JBT_26": "2", "Tp_Lnts_26": "SUNGAI", "Dt_Lnts_26": "LURUS", "Pnangnn_26": "RUTIN", "Pmriksn_26": "TIDAK DI SURVEI", "Pnglola_26": "BPJN PAPUA TENGAH", "Satkr_ID26": "693945", "PPK_Name26": "PPK 1.2", "Traffic_26": null, "VCR_26": "0.0117", "AADT_26": "211", "Tipe_Jb_26": null, "Lat_26": -3.48558, "Long_26": 135.28758, "Tgl_Ins_26": "16\/05\/2021", "Ket_26": null }, "geometry": { "type": "Point", "coordinates": [ 135.287581999709573, -3.485578999671077 ] } },
{ "type": "Feature", "properties": { "PROVINSI": "PAPUA TENGAH (NABIRE)", "No_Prov_26": "62", "ID_Jbt_26": "6200304", "Kd_Ruas_26": "62018", "Suffix_26": null, "Nm_Ruas_26": "WANGGAR - KWATOSPRE (BTS. PROV. PAPUA BARAT)", "Lintas_26": "JALAN LINTAS UTARA", "No_Jbt_26": "62.018.010.0", "Nm_Jbt_26": "WANGGAR 2", "Status_26": "N", "Fungsi_26": "A", "Lks_Dr_26": "YAU", "Lks_km_26": 5.635, "F_STA_26": "300", "Cadin_26": null, "Pjg_Jbt_26": 9.8, "Btg_Pjg_26": 3.0, "Jml_Btg_26": "3", "Lb_Jl_Ms26": 6.0, "Lb_Jl_Kl26": 6.0, "Lb_Lalin26": 5.4, "Lb_Bh_Ki26": 1.95, "Lb_Bh_Ka26": 1.91, "Lb_Dr_Ki26": 0.0, "Lb_Dr_Ka26": 0.0, "Lb_Tr_Ki26": 0.0, "Lb_Tr_Ka26": 0.0, "Lb_TS_Ki26": 0.0, "Lb_TS_Ka26": 0.0, "Lb_Med_26": 0.0, "Lbr_Jbt_26": 9.26, "Bgn_Ats_26": "BTP", "Jns_Jbt_26": "STANDAR", "Thn_Bgn_26": "2000", "BA_26": "1", "LNT_26": "1", "BB_26": "0", "DAS_26": "2", "OP_26": "0", "UT_26": "0", "GR_26": "0", "LB_26": "0", "JBT_26": "2", "Tp_Lnts_26": "SUNGAI", "Dt_Lnts_26": "LURUS", "Pnangnn_26": "RUTIN", "Pmriksn_26": "TIDAK DI SURVEI", "Pnglola_26": "BPJN PAPUA TENGAH", "Satkr_ID26": "693945", "PPK_Name26": "PPK 1.2", "Traffic_26": null, "VCR_26": "0.0117", "AADT_26": "211", "Tipe_Jb_26": null, "Lat_26": -3.46978, "Long_26": 135.29202, "Tgl_Ins_26": "16\/05\/2021", "Ket_26": null }, "geometry": { "type": "Point", "coordinates": [ 135.292023000361269, -3.469776000262129 ] } },
{ "type": "Feature", "properties": { "PROVINSI": "PAPUA TENGAH (NABIRE)", "No_Prov_26": "62", "ID_Jbt_26": "6200305", "Kd_Ruas_26": "62018", "Suffix_26": null, "Nm_Ruas_26": "WANGGAR - KWATOSPRE (BTS. PROV. PAPUA BARAT)", "Lintas_26": "JALAN LINTAS UTARA", "No_Jbt_26": "62.018.011.0", "Nm_Jbt_26": "WANGGAR 3", "Status_26": "N", "Fungsi_26": "A", "Lks_Dr_26": "YAU", "Lks_km_26": 6.541, "F_STA_26": "200", "Cadin_26": null, "Pjg_Jbt_26": 10.8, "Btg_Pjg_26": 10.8, "Jml_Btg_26": "1", "Lb_Jl_Ms26": 6.0, "Lb_Jl_Kl26": 6.0, "Lb_Lalin26": 5.38, "Lb_Bh_Ki26": 1.93, "Lb_Bh_Ka26": 1.95, "Lb_Dr_Ki26": 0.0, "Lb_Dr_Ka26": 0.0, "Lb_Tr_Ki26": 0.0, "Lb_Tr_Ka26": 0.0, "Lb_TS_Ki26": 0.0, "Lb_TS_Ka26": 0.0, "Lb_Med_26": 0.0, "Lbr_Jbt_26": 9.26, "Bgn_Ats_26": "BTP", "Jns_Jbt_26": "STANDAR", "Thn_Bgn_26": "2000", "BA_26": "0", "LNT_26": "0", "BB_26": "0", "DAS_26": "1", "OP_26": "0", "UT_26": "0", "GR_26": "0", "LB_26": "0", "JBT_26": "1", "Tp_Lnts_26": "SUNGAI", "Dt_Lnts_26": "LURUS", "Pnangnn_26": "RUTIN", "Pmriksn_26": "TIDAK DI SURVEI", "Pnglola_26": "BPJN PAPUA TENGAH", "Satkr_ID26": "693945", "PPK_Name26": "PPK 1.2", "Traffic_26": null, "VCR_26": "0.0117", "AADT_26": "211", "Tipe_Jb_26": null, "Lat_26": -3.46504, "Long_26": 135.28551, "Tgl_Ins_26": "16\/05\/2021", "Ket_26": null }, "geometry": { "type": "Point", "coordinates": [ 135.28550700024789, -3.465035000165074 ] } },
{ "type": "Feature", "properties": { "PROVINSI": "PAPUA TENGAH (NABIRE)", "No_Prov_26": "62", "ID_Jbt_26": "6201750", "Kd_Ruas_26": "62018", "Suffix_26": null, "Nm_Ruas_26": "WANGGAR - KWATOSPRE (BTS. PROV. PAPUA BARAT)", "Lintas_26": "JALAN LINTAS UTARA", "No_Jbt_26": "62.018.014.0", "Nm_Jbt_26": "WANGGAR 4", "Status_26": "N", "Fungsi_26": "A", "Lks_Dr_26": "YAU", "Lks_km_26": 10.343, "F_STA_26": "800", "Cadin_26": null, "Pjg_Jbt_26": 7.5, "Btg_Pjg_26": 3.0, "Jml_Btg_26": "2", "Lb_Jl_Ms26": 6.0, "Lb_Jl_Kl26": 6.0, "Lb_Lalin26": 5.6, "Lb_Bh_Ki26": 2.16, "Lb_Bh_Ka26": 1.54, "Lb_Dr_Ki26": 0.0, "Lb_Dr_Ka26": 0.0, "Lb_Tr_Ki26": 0.0, "Lb_Tr_Ka26": 0.0, "Lb_TS_Ki26": 0.3, "Lb_TS_Ka26": 0.27, "Lb_Med_26": 0.0, "Lbr_Jbt_26": 9.87, "Bgn_Ats_26": "BTP", "Jns_Jbt_26": "STANDAR", "Thn_Bgn_26": "2000", "BA_26": "1", "LNT_26": "1", "BB_26": "0", "DAS_26": "2", "OP_26": "0", "UT_26": "0", "GR_26": "0", "LB_26": "0", "JBT_26": "2", "Tp_Lnts_26": "SUNGAI", "Dt_Lnts_26": "LURUS", "Pnangnn_26": "RUTIN", "Pmriksn_26": "TIDAK DI SURVEI", "Pnglola_26": "BPJN PAPUA TENGAH", "Satkr_ID26": "693945", "PPK_Name26": "PPK 1.2", "Traffic_26": null, "VCR_26": "0.0117", "AADT_26": "211", "Tipe_Jb_26": null, "Lat_26": -3.47894, "Long_26": 135.26486, "Tgl_Ins_26": "16\/05\/2021", "Ket_26": null }, "geometry": { "type": "Point", "coordinates": [ 135.264861999681557, -3.478937000042492 ] } },
{ "type": "Feature", "properties": { "PROVINSI": "PAPUA TENGAH (NABIRE)", "No_Prov_26": "62", "ID_Jbt_26": "6200278", "Kd_Ruas_26": "62017", "Suffix_26": null, "Nm_Ruas_26": "BTS. KOTA NABIRE - WANGGAR", "Lintas_26": "NON LINTAS", "No_Jbt_26": "62.017.014.0", "Nm_Jbt_26": "WANGGAR BESAR", "Status_26": "N", "Fungsi_26": "A", "Lks_Dr_26": "NBR", "Lks_km_26": 6.099, "F_STA_26": "700", "Cadin_26": null, "Pjg_Jbt_26": 110.0, "Btg_Pjg_26": 55.0, "Jml_Btg_26": "2", "Lb_Jl_Ms26": 6.0, "Lb_Jl_Kl26": 6.0, "Lb_Lalin26": 5.68, "Lb_Bh_Ki26": 0.13, "Lb_Bh_Ka26": 0.18, "Lb_Dr_Ki26": 0.07, "Lb_Dr_Ka26": 0.08, "Lb_Tr_Ki26": 1.62, "Lb_Tr_Ka26": 0.0, "Lb_TS_Ki26": 0.0, "Lb_TS_Ka26": 0.0, "Lb_Med_26": 0.0, "Lbr_Jbt_26": 7.76, "Bgn_Ats_26": "RBR", "Jns_Jbt_26": "STANDAR", "Thn_Bgn_26": "1993", "BA_26": "3", "LNT_26": "2", "BB_26": "4", "DAS_26": "3", "OP_26": "2", "UT_26": "0", "GR_26": "0", "LB_26": "0", "JBT_26": "4", "Tp_Lnts_26": "SUNGAI", "Dt_Lnts_26": "BRAIDED", "Pnangnn_26": "REHABILITASI", "Pmriksn_26": "DETAIL", "Pnglola_26": "BPJN PAPUA TENGAH", "Satkr_ID26": "693945", "PPK_Name26": "PPK 1.2", "Traffic_26": null, "VCR_26": "0.0522", "AADT_26": "3203", "Tipe_Jb_26": null, "Lat_26": -3.48107, "Long_26": 135.35242, "Tgl_Ins_26": "29\/04\/2026", "Ket_26": null }, "geometry": { "type": "Point", "coordinates": [ 135.352417000244486, -3.481072999619187 ] } },
{ "type": "Feature", "properties": { "PROVINSI": "PAPUA TENGAH (NABIRE)", "No_Prov_26": "62", "ID_Jbt_26": "6200284", "Kd_Ruas_26": "62017", "Suffix_26": null, "Nm_Ruas_26": "BTS. KOTA NABIRE - WANGGAR", "Lintas_26": "NON LINTAS", "No_Jbt_26": "62.017.020.0", "Nm_Jbt_26": "WANGGAR KECIL", "Status_26": "N", "Fungsi_26": "A", "Lks_Dr_26": "NBR", "Lks_km_26": 9.597, "F_STA_26": "300", "Cadin_26": null, "Pjg_Jbt_26": 6.0, "Btg_Pjg_26": 6.0, "Jml_Btg_26": "1", "Lb_Jl_Ms26": 6.0, "Lb_Jl_Kl26": 6.0, "Lb_Lalin26": 5.68, "Lb_Bh_Ki26": 0.13, "Lb_Bh_Ka26": 0.18, "Lb_Dr_Ki26": 0.07, "Lb_Dr_Ka26": 0.08, "Lb_Tr_Ki26": 1.62, "Lb_Tr_Ka26": 1.57, "Lb_TS_Ki26": 0.0, "Lb_TS_Ka26": 0.0, "Lb_Med_26": 0.0, "Lbr_Jbt_26": 9.33, "Bgn_Ats_26": "GTP", "Jns_Jbt_26": "STANDAR", "Thn_Bgn_26": "2001", "BA_26": "1", "LNT_26": "0", "BB_26": "1", "DAS_26": "2", "OP_26": "1", "UT_26": "0", "GR_26": "0", "LB_26": "0", "JBT_26": "2", "Tp_Lnts_26": "SUNGAI", "Dt_Lnts_26": "LURUS", "Pnangnn_26": "RUTIN", "Pmriksn_26": "TIDAK DI SURVEI", "Pnglola_26": "BPJN PAPUA TENGAH", "Satkr_ID26": "693945", "PPK_Name26": "PPK 1.2", "Traffic_26": null, "VCR_26": "0.0522", "AADT_26": "3203", "Tipe_Jb_26": null, "Lat_26": -3.47739, "Long_26": 135.35431, "Tgl_Ins_26": "22\/03\/2024", "Ket_26": null }, "geometry": { "type": "Point", "coordinates": [ 135.354309000260173, -3.477391999840847 ] } },
{ "type": "Feature", "properties": { "PROVINSI": "PAPUA TENGAH (NABIRE)", "No_Prov_26": "62", "ID_Jbt_26": "6200686", "Kd_Ruas_26": "62051", "Suffix_26": null, "Nm_Ruas_26": "SIMPANG PELRA - MAYON", "Lintas_26": "NON LINTAS", "No_Jbt_26": "62.051.004.0", "Nm_Jbt_26": "WANIA", "Status_26": "N", "Fungsi_26": "A", "Lks_Dr_26": "TMK", "Lks_km_26": 8.001, "F_STA_26": "640", "Cadin_26": null, "Pjg_Jbt_26": 110.0, "Btg_Pjg_26": 55.0, "Jml_Btg_26": "2", "Lb_Jl_Ms26": 0.0, "Lb_Jl_Kl26": 0.0, "Lb_Lalin26": 6.0, "Lb_Bh_Ki26": 0.0, "Lb_Bh_Ka26": 0.0, "Lb_Dr_Ki26": 0.05, "Lb_Dr_Ka26": 0.05, "Lb_Tr_Ki26": 0.5, "Lb_Tr_Ka26": 0.5, "Lb_TS_Ki26": 0.0, "Lb_TS_Ka26": 0.0, "Lb_Med_26": 0.0, "Lbr_Jbt_26": 7.1, "Bgn_Ats_26": "RBP", "Jns_Jbt_26": "STANDAR", "Thn_Bgn_26": "2010", "BA_26": "2", "LNT_26": "2", "BB_26": "2", "DAS_26": "2", "OP_26": "2", "UT_26": "0", "GR_26": "0", "LB_26": "0", "JBT_26": "2", "Tp_Lnts_26": "SUNGAI", "Dt_Lnts_26": "LURUS", "Pnangnn_26": "RUTIN", "Pmriksn_26": "DETAIL", "Pnglola_26": "BPJN PAPUA TENGAH", "Satkr_ID26": "693943", "PPK_Name26": "PPK 3.1", "Traffic_26": null, "VCR_26": "0.0024", "AADT_26": "0", "Tipe_Jb_26": null, "Lat_26": -4.69126, "Long_26": 136.72728, "Tgl_Ins_26": "28\/04\/2026", "Ket_26": null }, "geometry": { "type": "Point", "coordinates": [ 136.727280000171959, -4.691264999580028 ] } },
{ "type": "Feature", "properties": { "PROVINSI": "PAPUA TENGAH (NABIRE)", "No_Prov_26": "62", "ID_Jbt_26": "6201798", "Kd_Ruas_26": "62018", "Suffix_26": null, "Nm_Ruas_26": "WANGGAR - KWATOSPRE (BTS. PROV. PAPUA BARAT)", "Lintas_26": "JALAN LINTAS UTARA", "No_Jbt_26": "62.018.062.0", "Nm_Jbt_26": "WASSOR 1", "Status_26": "N", "Fungsi_26": "A", "Lks_Dr_26": "YAU", "Lks_km_26": 58.818, "F_STA_26": "600", "Cadin_26": null, "Pjg_Jbt_26": 40.8, "Btg_Pjg_26": 40.8, "Jml_Btg_26": "1", "Lb_Jl_Ms26": 7.0, "Lb_Jl_Kl26": 7.0, "Lb_Lalin26": 5.5, "Lb_Bh_Ki26": 0.09, "Lb_Bh_Ka26": 0.11, "Lb_Dr_Ki26": 0.07, "Lb_Dr_Ka26": 0.07, "Lb_Tr_Ki26": 0.49, "Lb_Tr_Ka26": 0.5, "Lb_TS_Ki26": 0.0, "Lb_TS_Ka26": 0.0, "Lb_Med_26": 0.0, "Lbr_Jbt_26": 6.83, "Bgn_Ats_26": "RBR", "Jns_Jbt_26": "STANDAR", "Thn_Bgn_26": "1999", "BA_26": "2", "LNT_26": "2", "BB_26": "2", "DAS_26": "1", "OP_26": "2", "UT_26": "1", "GR_26": "0", "LB_26": "0", "JBT_26": "2", "Tp_Lnts_26": "SUNGAI", "Dt_Lnts_26": "LURUS", "Pnangnn_26": "RUTIN", "Pmriksn_26": "DETAIL", "Pnglola_26": "BPJN PAPUA TENGAH", "Satkr_ID26": "693945", "PPK_Name26": "PPK 1.2", "Traffic_26": null, "VCR_26": "0.0117", "AADT_26": "211", "Tipe_Jb_26": null, "Lat_26": -3.37709, "Long_26": 135.04111, "Tgl_Ins_26": "27\/04\/2026", "Ket_26": null }, "geometry": { "type": "Point", "coordinates": [ 135.041106999988074, -3.377090999649852 ] } },
{ "type": "Feature", "properties": { "PROVINSI": "PAPUA TENGAH (NABIRE)", "No_Prov_26": "62", "ID_Jbt_26": "6201799", "Kd_Ruas_26": "62018", "Suffix_26": null, "Nm_Ruas_26": "WANGGAR - KWATOSPRE (BTS. PROV. PAPUA BARAT)", "Lintas_26": "JALAN LINTAS UTARA", "No_Jbt_26": "62.018.063.0", "Nm_Jbt_26": "WASSOR 2", "Status_26": "N", "Fungsi_26": "A", "Lks_Dr_26": "YAU", "Lks_km_26": 61.317, "F_STA_26": "800", "Cadin_26": null, "Pjg_Jbt_26": 20.5, "Btg_Pjg_26": 20.5, "Jml_Btg_26": "1", "Lb_Jl_Ms26": 7.0, "Lb_Jl_Kl26": 7.0, "Lb_Lalin26": 6.85, "Lb_Bh_Ki26": 0.0, "Lb_Bh_Ka26": 0.0, "Lb_Dr_Ki26": 0.08, "Lb_Dr_Ka26": 0.07, "Lb_Tr_Ki26": 0.94, "Lb_Tr_Ka26": 0.95, "Lb_TS_Ki26": 0.0, "Lb_TS_Ka26": 0.0, "Lb_Med_26": 0.0, "Lbr_Jbt_26": 8.89, "Bgn_Ats_26": "GBP", "Jns_Jbt_26": "STANDAR", "Thn_Bgn_26": "2000", "BA_26": "2", "LNT_26": "2", "BB_26": "1", "DAS_26": "1", "OP_26": "0", "UT_26": "0", "GR_26": "0", "LB_26": "0", "JBT_26": "2", "Tp_Lnts_26": "SUNGAI", "Dt_Lnts_26": "LURUS", "Pnangnn_26": "RUTIN", "Pmriksn_26": "TIDAK DI SURVEI", "Pnglola_26": "BPJN PAPUA TENGAH", "Satkr_ID26": "693945", "PPK_Name26": "PPK 1.2", "Traffic_26": null, "VCR_26": "0.0117", "AADT_26": "211", "Tipe_Jb_26": null, "Lat_26": -3.36021, "Long_26": 135.03575, "Tgl_Ins_26": "03\/06\/2025", "Ket_26": null }, "geometry": { "type": "Point", "coordinates": [ 135.035751000308437, -3.360212000083663 ] } },
{ "type": "Feature", "properties": { "PROVINSI": "PAPUA TENGAH (NABIRE)", "No_Prov_26": "62", "ID_Jbt_26": "6201800", "Kd_Ruas_26": "62018", "Suffix_26": null, "Nm_Ruas_26": "WANGGAR - KWATOSPRE (BTS. PROV. PAPUA BARAT)", "Lintas_26": "JALAN LINTAS UTARA", "No_Jbt_26": "62.018.064.0", "Nm_Jbt_26": "WASSOR III", "Status_26": "N", "Fungsi_26": "A", "Lks_Dr_26": "YAU", "Lks_km_26": 63.202, "F_STA_26": "500", "Cadin_26": null, "Pjg_Jbt_26": 20.7, "Btg_Pjg_26": 20.7, "Jml_Btg_26": "1", "Lb_Jl_Ms26": 7.0, "Lb_Jl_Kl26": 7.0, "Lb_Lalin26": 6.65, "Lb_Bh_Ki26": 0.16, "Lb_Bh_Ka26": 0.0, "Lb_Dr_Ki26": 0.0, "Lb_Dr_Ka26": 0.0, "Lb_Tr_Ki26": 1.0, "Lb_Tr_Ka26": 0.98, "Lb_TS_Ki26": 0.0, "Lb_TS_Ka26": 0.0, "Lb_Med_26": 0.0, "Lbr_Jbt_26": 8.79, "Bgn_Ats_26": "GBP", "Jns_Jbt_26": "STANDAR", "Thn_Bgn_26": "2000", "BA_26": "1", "LNT_26": "1", "BB_26": "2", "DAS_26": "1", "OP_26": "0", "UT_26": "0", "GR_26": "0", "LB_26": "0", "JBT_26": "2", "Tp_Lnts_26": "SUNGAI", "Dt_Lnts_26": "LURUS", "Pnangnn_26": "RUTIN", "Pmriksn_26": "TIDAK DI SURVEI", "Pnglola_26": "BPJN PAPUA TENGAH", "Satkr_ID26": "693945", "PPK_Name26": "PPK 1.2", "Traffic_26": null, "VCR_26": "0.0117", "AADT_26": "211", "Tipe_Jb_26": null, "Lat_26": -3.3472, "Long_26": 135.0293, "Tgl_Ins_26": "06\/06\/2025", "Ket_26": null }, "geometry": { "type": "Point", "coordinates": [ 135.029297000356337, -3.34719899983395 ] } },
{ "type": "Feature", "properties": { "PROVINSI": "PAPUA TENGAH (NABIRE)", "No_Prov_26": "62", "ID_Jbt_26": "6200977", "Kd_Ruas_26": "62016", "Suffix_26": null, "Nm_Ruas_26": "BEDUDIPA - BTS. KOTA NABIRE", "Lintas_26": "NON LINTAS", "No_Jbt_26": "62.016.072.0", "Nm_Jbt_26": "WENLA", "Status_26": "N", "Fungsi_26": "A", "Lks_Dr_26": "NBR", "Lks_km_26": 47.16, "F_STA_26": "100", "Cadin_26": null, "Pjg_Jbt_26": 6.0, "Btg_Pjg_26": 6.0, "Jml_Btg_26": "1", "Lb_Jl_Ms26": 5.55, "Lb_Jl_Kl26": 5.55, "Lb_Lalin26": 5.9, "Lb_Bh_Ki26": 0.73, "Lb_Bh_Ka26": 0.6, "Lb_Dr_Ki26": 0.0, "Lb_Dr_Ka26": 0.0, "Lb_Tr_Ki26": 0.86, "Lb_Tr_Ka26": 0.85, "Lb_TS_Ki26": 0.0, "Lb_TS_Ka26": 0.0, "Lb_Med_26": 0.0, "Lbr_Jbt_26": 8.94, "Bgn_Ats_26": "PTP", "Jns_Jbt_26": "STANDAR", "Thn_Bgn_26": "1999", "BA_26": "1", "LNT_26": "0", "BB_26": "1", "DAS_26": "1", "OP_26": "2", "UT_26": "0", "GR_26": "0", "LB_26": "0", "JBT_26": "2", "Tp_Lnts_26": "SUNGAI", "Dt_Lnts_26": "LURUS", "Pnangnn_26": "RUTIN", "Pmriksn_26": "TIDAK DI SURVEI", "Pnglola_26": "BPJN PAPUA TENGAH", "Satkr_ID26": "693945", "PPK_Name26": "PPK 1.1", "Traffic_26": null, "VCR_26": "0.0287", "AADT_26": "243", "Tipe_Jb_26": null, "Lat_26": -3.49396, "Long_26": 135.72864, "Tgl_Ins_26": "21\/04\/2024", "Ket_26": null }, "geometry": { "type": "Point", "coordinates": [ 135.728638000043702, -3.493957000215346 ] } },
{ "type": "Feature", "properties": { "PROVINSI": "PAPUA TENGAH (NABIRE)", "No_Prov_26": "62", "ID_Jbt_26": "6202230", "Kd_Ruas_26": "620442", "Suffix_26": "2", "Nm_Ruas_26": "KIMIBAY - LEGARE", "Lintas_26": "NON LINTAS", "No_Jbt_26": "62.044.131.0.2", "Nm_Jbt_26": "WENLA", "Status_26": "N", "Fungsi_26": "K", "Lks_Dr_26": "KMB", "Lks_km_26": 42.385, "F_STA_26": "400", "Cadin_26": null, "Pjg_Jbt_26": 7.0, "Btg_Pjg_26": 3.0, "Jml_Btg_26": "2", "Lb_Jl_Ms26": 6.0, "Lb_Jl_Kl26": 6.0, "Lb_Lalin26": 6.03, "Lb_Bh_Ki26": 1.72, "Lb_Bh_Ka26": 2.6, "Lb_Dr_Ki26": 0.0, "Lb_Dr_Ka26": 0.0, "Lb_Tr_Ki26": 0.0, "Lb_Tr_Ka26": 0.0, "Lb_TS_Ki26": 0.3, "Lb_TS_Ka26": 0.3, "Lb_Med_26": 0.0, "Lbr_Jbt_26": 10.95, "Bgn_Ats_26": "BTP", "Jns_Jbt_26": "STANDAR", "Thn_Bgn_26": "2010", "BA_26": "0", "LNT_26": "0", "BB_26": "0", "DAS_26": "2", "OP_26": "0", "UT_26": "2", "GR_26": "0", "LB_26": "0", "JBT_26": "2", "Tp_Lnts_26": "SUNGAI", "Dt_Lnts_26": "LURUS", "Pnangnn_26": "RUTIN", "Pmriksn_26": "TIDAK DI SURVEI", "Pnglola_26": "BPJN PAPUA TENGAH", "Satkr_ID26": "693945", "PPK_Name26": "PPK 1.3", "Traffic_26": null, "VCR_26": "0.0511", "AADT_26": "0", "Tipe_Jb_26": null, "Lat_26": -3.19781, "Long_26": 135.8098, "Tgl_Ins_26": "02\/04\/2024", "Ket_26": null }, "geometry": { "type": "Point", "coordinates": [ 135.809798999824011, -3.197814999762386 ] } },
{ "type": "Feature", "properties": { "PROVINSI": "PAPUA TENGAH (NABIRE)", "No_Prov_26": "62", "ID_Jbt_26": "6200659", "Kd_Ruas_26": "62050", "Suffix_26": null, "Nm_Ruas_26": "KARUBAGA - ILU - MULIA", "Lintas_26": "NON LINTAS", "No_Jbt_26": "62.050.002.0", "Nm_Jbt_26": "WEYEGE", "Status_26": "N", "Fungsi_26": "A", "Lks_Dr_26": "WMN", "Lks_km_26": 17.187, "F_STA_26": "700", "Cadin_26": null, "Pjg_Jbt_26": 20.0, "Btg_Pjg_26": 20.0, "Jml_Btg_26": "1", "Lb_Jl_Ms26": 0.0, "Lb_Jl_Kl26": 0.0, "Lb_Lalin26": 6.0, "Lb_Bh_Ki26": 0.0, "Lb_Bh_Ka26": 0.0, "Lb_Dr_Ki26": 0.0, "Lb_Dr_Ka26": 0.0, "Lb_Tr_Ki26": 0.0, "Lb_Tr_Ka26": 0.0, "Lb_TS_Ki26": 0.0, "Lb_TS_Ka26": 0.0, "Lb_Med_26": 0.0, "Lbr_Jbt_26": 6.0, "Bgn_Ats_26": "WXX", "Jns_Jbt_26": "STANDAR", "Thn_Bgn_26": "0", "BA_26": "0", "LNT_26": "0", "BB_26": "0", "DAS_26": "0", "OP_26": "0", "UT_26": "0", "GR_26": "0", "LB_26": "5", "JBT_26": "5", "Tp_Lnts_26": "SUNGAI", "Dt_Lnts_26": "LURUS", "Pnangnn_26": "PEMBANGUNAN", "Pmriksn_26": "DETAIL", "Pnglola_26": "BPJN PAPUA TENGAH", "Satkr_ID26": "693948", "PPK_Name26": "PPK 4.1", "Traffic_26": null, "VCR_26": "0.0157", "AADT_26": "0", "Tipe_Jb_26": null, "Lat_26": -3.68958, "Long_26": 138.39265, "Tgl_Ins_26": "09\/05\/2026", "Ket_26": null }, "geometry": { "type": "Point", "coordinates": [ 138.392653999882214, -3.689582999555739 ] } },
{ "type": "Feature", "properties": { "PROVINSI": "PAPUA TENGAH (NABIRE)", "No_Prov_26": "62", "ID_Jbt_26": "6201786", "Kd_Ruas_26": "62018", "Suffix_26": null, "Nm_Ruas_26": "WANGGAR - KWATOSPRE (BTS. PROV. PAPUA BARAT)", "Lintas_26": "JALAN LINTAS UTARA", "No_Jbt_26": "62.018.049.0", "Nm_Jbt_26": "WOMI", "Status_26": "N", "Fungsi_26": "A", "Lks_Dr_26": "YAU", "Lks_km_26": 33.938, "F_STA_26": "0", "Cadin_26": null, "Pjg_Jbt_26": 41.0, "Btg_Pjg_26": 41.0, "Jml_Btg_26": "1", "Lb_Jl_Ms26": 6.0, "Lb_Jl_Kl26": 6.0, "Lb_Lalin26": 5.12, "Lb_Bh_Ki26": 0.4, "Lb_Bh_Ka26": 0.34, "Lb_Dr_Ki26": 0.1, "Lb_Dr_Ka26": 0.1, "Lb_Tr_Ki26": 0.5, "Lb_Tr_Ka26": 0.47, "Lb_TS_Ki26": 0.0, "Lb_TS_Ka26": 0.0, "Lb_Med_26": 0.0, "Lbr_Jbt_26": 7.03, "Bgn_Ats_26": "RBR", "Jns_Jbt_26": "STANDAR", "Thn_Bgn_26": "1999", "BA_26": "2", "LNT_26": "1", "BB_26": "1", "DAS_26": "2", "OP_26": "2", "UT_26": "1", "GR_26": "0", "LB_26": "0", "JBT_26": "2", "Tp_Lnts_26": "SUNGAI", "Dt_Lnts_26": "LURUS", "Pnangnn_26": "RUTIN", "Pmriksn_26": "DETAIL", "Pnglola_26": "BPJN PAPUA TENGAH", "Satkr_ID26": "693945", "PPK_Name26": "PPK 1.2", "Traffic_26": null, "VCR_26": "0.0117", "AADT_26": "211", "Tipe_Jb_26": null, "Lat_26": -3.41538, "Long_26": 135.18317, "Tgl_Ins_26": "28\/04\/2026", "Ket_26": null }, "geometry": { "type": "Point", "coordinates": [ 135.183166999557443, -3.415375999802507 ] } },
{ "type": "Feature", "properties": { "PROVINSI": "PAPUA TENGAH (NABIRE)", "No_Prov_26": "62", "ID_Jbt_26": "6201797", "Kd_Ruas_26": "62018", "Suffix_26": null, "Nm_Ruas_26": "WANGGAR - KWATOSPRE (BTS. PROV. PAPUA BARAT)", "Lintas_26": "JALAN LINTAS UTARA", "No_Jbt_26": "62.018.061.0", "Nm_Jbt_26": "WORAWI 1", "Status_26": "N", "Fungsi_26": "A", "Lks_Dr_26": "YAU", "Lks_km_26": 55.273, "F_STA_26": "200", "Cadin_26": null, "Pjg_Jbt_26": 50.8, "Btg_Pjg_26": 50.8, "Jml_Btg_26": "1", "Lb_Jl_Ms26": 7.0, "Lb_Jl_Kl26": 7.0, "Lb_Lalin26": 5.5, "Lb_Bh_Ki26": 0.18, "Lb_Bh_Ka26": 0.14, "Lb_Dr_Ki26": 0.06, "Lb_Dr_Ka26": 0.07, "Lb_Tr_Ki26": 0.5, "Lb_Tr_Ka26": 0.5, "Lb_TS_Ki26": 0.0, "Lb_TS_Ka26": 0.0, "Lb_Med_26": 0.0, "Lbr_Jbt_26": 6.95, "Bgn_Ats_26": "RBR", "Jns_Jbt_26": "STANDAR", "Thn_Bgn_26": "1999", "BA_26": "2", "LNT_26": "2", "BB_26": "1", "DAS_26": "1", "OP_26": "0", "UT_26": "0", "GR_26": "0", "LB_26": "0", "JBT_26": "2", "Tp_Lnts_26": "SUNGAI", "Dt_Lnts_26": "LURUS", "Pnangnn_26": "RUTIN", "Pmriksn_26": "DETAIL", "Pnglola_26": "BPJN PAPUA TENGAH", "Satkr_ID26": "693945", "PPK_Name26": "PPK 1.2", "Traffic_26": null, "VCR_26": "0.0117", "AADT_26": "211", "Tipe_Jb_26": null, "Lat_26": -3.39782, "Long_26": 135.05818, "Tgl_Ins_26": "27\/04\/2026", "Ket_26": null }, "geometry": { "type": "Point", "coordinates": [ 135.058181999599697, -3.397815000262028 ] } },
{ "type": "Feature", "properties": { "PROVINSI": "PAPUA TENGAH (NABIRE)", "No_Prov_26": "62", "ID_Jbt_26": "6201453", "Kd_Ruas_26": "620442", "Suffix_26": "2", "Nm_Ruas_26": "KIMIBAY - LEGARE", "Lintas_26": "NON LINTAS", "No_Jbt_26": "62.044.066.0.2", "Nm_Jbt_26": "WORBAK", "Status_26": "N", "Fungsi_26": "K", "Lks_Dr_26": "KMB", "Lks_km_26": 12.276, "F_STA_26": "100", "Cadin_26": null, "Pjg_Jbt_26": 40.0, "Btg_Pjg_26": 40.0, "Jml_Btg_26": "1", "Lb_Jl_Ms26": 6.0, "Lb_Jl_Kl26": 6.0, "Lb_Lalin26": 6.0, "Lb_Bh_Ki26": 0.0, "Lb_Bh_Ka26": 0.0, "Lb_Dr_Ki26": 0.0, "Lb_Dr_Ka26": 0.0, "Lb_Tr_Ki26": 0.0, "Lb_Tr_Ka26": 0.0, "Lb_TS_Ki26": 0.0, "Lb_TS_Ka26": 0.0, "Lb_Med_26": 0.0, "Lbr_Jbt_26": 6.0, "Bgn_Ats_26": "RBS", "Jns_Jbt_26": "STANDAR", "Thn_Bgn_26": "1994", "BA_26": "3", "LNT_26": "2", "BB_26": "3", "DAS_26": "1", "OP_26": "2", "UT_26": "0", "GR_26": "0", "LB_26": "0", "JBT_26": "3", "Tp_Lnts_26": "SUNGAI", "Dt_Lnts_26": "BERKELOK", "Pnangnn_26": "REHABILITASI", "Pmriksn_26": "DETAIL", "Pnglola_26": "BPJN PAPUA TENGAH", "Satkr_ID26": "693945", "PPK_Name26": "PPK 1.3", "Traffic_26": null, "VCR_26": "0.0511", "AADT_26": "0", "Tipe_Jb_26": null, "Lat_26": -3.16809, "Long_26": 135.63631, "Tgl_Ins_26": "04\/05\/2026", "Ket_26": null }, "geometry": { "type": "Point", "coordinates": [ 135.636306999568433, -3.168090999599883 ] } },
{ "type": "Feature", "properties": { "PROVINSI": "PAPUA TENGAH (NABIRE)", "No_Prov_26": "62", "ID_Jbt_26": "6200996", "Kd_Ruas_26": "62016", "Suffix_26": null, "Nm_Ruas_26": "BEDUDIPA - BTS. KOTA NABIRE", "Lintas_26": "NON LINTAS", "No_Jbt_26": "62.016.098.0", "Nm_Jbt_26": "YAN", "Status_26": "N", "Fungsi_26": "A", "Lks_Dr_26": "NBR", "Lks_km_26": 57.073, "F_STA_26": "700", "Cadin_26": null, "Pjg_Jbt_26": 8.0, "Btg_Pjg_26": 3.0, "Jml_Btg_26": "2", "Lb_Jl_Ms26": 5.8, "Lb_Jl_Kl26": 5.8, "Lb_Lalin26": 5.7, "Lb_Bh_Ki26": 1.8, "Lb_Bh_Ka26": 0.9, "Lb_Dr_Ki26": 0.0, "Lb_Dr_Ka26": 0.0, "Lb_Tr_Ki26": 0.0, "Lb_Tr_Ka26": 0.0, "Lb_TS_Ki26": 0.35, "Lb_TS_Ka26": 0.35, "Lb_Med_26": 0.0, "Lbr_Jbt_26": 9.1, "Bgn_Ats_26": "BTP", "Jns_Jbt_26": "STANDAR", "Thn_Bgn_26": "2008", "BA_26": "1", "LNT_26": "0", "BB_26": "0", "DAS_26": "1", "OP_26": "0", "UT_26": "0", "GR_26": "0", "LB_26": "0", "JBT_26": "1", "Tp_Lnts_26": "SUNGAI", "Dt_Lnts_26": "LURUS", "Pnangnn_26": "RUTIN", "Pmriksn_26": "TIDAK DI SURVEI", "Pnglola_26": "BPJN PAPUA TENGAH", "Satkr_ID26": "693945", "PPK_Name26": "PPK 1.1", "Traffic_26": null, "VCR_26": "0.0287", "AADT_26": "243", "Tipe_Jb_26": null, "Lat_26": -3.52589, "Long_26": 135.71422, "Tgl_Ins_26": "28\/06\/2021", "Ket_26": null }, "geometry": { "type": "Point", "coordinates": [ 135.714217999661059, -3.525886999585339 ] } },
{ "type": "Feature", "properties": { "PROVINSI": "PAPUA TENGAH (NABIRE)", "No_Prov_26": "62", "ID_Jbt_26": "6200975", "Kd_Ruas_26": "62016", "Suffix_26": null, "Nm_Ruas_26": "BEDUDIPA - BTS. KOTA NABIRE", "Lintas_26": "NON LINTAS", "No_Jbt_26": "62.016.070.0", "Nm_Jbt_26": "YANER", "Status_26": "N", "Fungsi_26": "A", "Lks_Dr_26": "NBR", "Lks_km_26": 46.376, "F_STA_26": "300", "Cadin_26": null, "Pjg_Jbt_26": 6.0, "Btg_Pjg_26": 6.0, "Jml_Btg_26": "1", "Lb_Jl_Ms26": 5.55, "Lb_Jl_Kl26": 5.55, "Lb_Lalin26": 5.95, "Lb_Bh_Ki26": 0.37, "Lb_Bh_Ka26": 0.9, "Lb_Dr_Ki26": 0.0, "Lb_Dr_Ka26": 0.0, "Lb_Tr_Ki26": 0.88, "Lb_Tr_Ka26": 0.87, "Lb_TS_Ki26": 0.0, "Lb_TS_Ka26": 0.0, "Lb_Med_26": 0.0, "Lbr_Jbt_26": 8.97, "Bgn_Ats_26": "PTP", "Jns_Jbt_26": "STANDAR", "Thn_Bgn_26": "1999", "BA_26": "1", "LNT_26": "0", "BB_26": "1", "DAS_26": "1", "OP_26": "3", "UT_26": "0", "GR_26": "0", "LB_26": "0", "JBT_26": "3", "Tp_Lnts_26": "SUNGAI", "Dt_Lnts_26": "LURUS", "Pnangnn_26": "OPRIT", "Pmriksn_26": "DETAIL", "Pnglola_26": "BPJN PAPUA TENGAH", "Satkr_ID26": "693945", "PPK_Name26": "PPK 1.1", "Traffic_26": null, "VCR_26": "0.0287", "AADT_26": "243", "Tipe_Jb_26": null, "Lat_26": -3.49834, "Long_26": 135.72458, "Tgl_Ins_26": "05\/05\/2026", "Ket_26": null }, "geometry": { "type": "Point", "coordinates": [ 135.724578999920936, -3.498341000037101 ] } },
{ "type": "Feature", "properties": { "PROVINSI": "PAPUA TENGAH (NABIRE)", "No_Prov_26": "62", "ID_Jbt_26": "6201202", "Kd_Ruas_26": "62017", "Suffix_26": null, "Nm_Ruas_26": "BTS. KOTA NABIRE - WANGGAR", "Lintas_26": "NON LINTAS", "No_Jbt_26": "62.017.002.0", "Nm_Jbt_26": "YARO BESAR", "Status_26": "N", "Fungsi_26": "A", "Lks_Dr_26": "NBR", "Lks_km_26": 0.517, "F_STA_26": "900", "Cadin_26": null, "Pjg_Jbt_26": 60.5, "Btg_Pjg_26": 60.5, "Jml_Btg_26": "1", "Lb_Jl_Ms26": 6.0, "Lb_Jl_Kl26": 6.0, "Lb_Lalin26": 6.0, "Lb_Bh_Ki26": 0.0, "Lb_Bh_Ka26": 0.0, "Lb_Dr_Ki26": 0.07, "Lb_Dr_Ka26": 0.07, "Lb_Tr_Ki26": 0.5, "Lb_Tr_Ka26": 0.5, "Lb_TS_Ki26": 0.0, "Lb_TS_Ka26": 0.0, "Lb_Med_26": 0.0, "Lbr_Jbt_26": 7.14, "Bgn_Ats_26": "RBR", "Jns_Jbt_26": "STANDAR", "Thn_Bgn_26": "1993", "BA_26": "2", "LNT_26": "2", "BB_26": "2", "DAS_26": "1", "OP_26": "1", "UT_26": "0", "GR_26": "0", "LB_26": "0", "JBT_26": "2", "Tp_Lnts_26": "SUNGAI", "Dt_Lnts_26": "LURUS", "Pnangnn_26": "RUTIN", "Pmriksn_26": "DETAIL", "Pnglola_26": "BPJN PAPUA TENGAH", "Satkr_ID26": "693945", "PPK_Name26": "PPK 1.2", "Traffic_26": null, "VCR_26": "0.0522", "AADT_26": "3203", "Tipe_Jb_26": null, "Lat_26": -3.48997, "Long_26": 135.3187, "Tgl_Ins_26": "29\/04\/2026", "Ket_26": null }, "geometry": { "type": "Point", "coordinates": [ 135.318695000074285, -3.489965999631124 ] } },
{ "type": "Feature", "properties": { "PROVINSI": "PAPUA TENGAH (NABIRE)", "No_Prov_26": "62", "ID_Jbt_26": "6201421", "Kd_Ruas_26": "6204412", "Suffix_26": "12", "Nm_Ruas_26": "JLN. YOS SUDARSO (NABIRE)", "Lintas_26": "JALAN LINTAS UTARA", "No_Jbt_26": "62.044.035.A.12", "Nm_Jbt_26": "YOS SUDARSO A", "Status_26": "N", "Fungsi_26": "K", "Lks_Dr_26": "NBR", "Lks_km_26": 0.454, "F_STA_26": "400", "Cadin_26": null, "Pjg_Jbt_26": 16.5, "Btg_Pjg_26": 16.5, "Jml_Btg_26": "1", "Lb_Jl_Ms26": 6.3, "Lb_Jl_Kl26": 6.3, "Lb_Lalin26": 6.0, "Lb_Bh_Ki26": 0.0, "Lb_Bh_Ka26": 0.0, "Lb_Dr_Ki26": 0.0, "Lb_Dr_Ka26": 0.0, "Lb_Tr_Ki26": 0.5, "Lb_Tr_Ka26": 0.5, "Lb_TS_Ki26": 0.0, "Lb_TS_Ka26": 0.0, "Lb_Med_26": 0.0, "Lbr_Jbt_26": 7.0, "Bgn_Ats_26": "GTP", "Jns_Jbt_26": "STANDAR", "Thn_Bgn_26": "1994", "BA_26": "2", "LNT_26": "2", "BB_26": "3", "DAS_26": "1", "OP_26": "0", "UT_26": "0", "GR_26": "0", "LB_26": "0", "JBT_26": "3", "Tp_Lnts_26": "SUNGAI", "Dt_Lnts_26": "LURUS", "Pnangnn_26": "RUTIN", "Pmriksn_26": "DETAIL", "Pnglola_26": "BPJN PAPUA TENGAH", "Satkr_ID26": "693945", "PPK_Name26": "PPK 1.2", "Traffic_26": null, "VCR_26": "0.1451", "AADT_26": "3340", "Tipe_Jb_26": null, "Lat_26": -3.3598, "Long_26": 135.4998, "Tgl_Ins_26": "24\/04\/2026", "Ket_26": null }, "geometry": { "type": "Point", "coordinates": [ 135.499801999862484, -3.35980400015444 ] } },
{ "type": "Feature", "properties": { "PROVINSI": "PAPUA TENGAH (NABIRE)", "No_Prov_26": "62", "ID_Jbt_26": "6201422", "Kd_Ruas_26": "6204412", "Suffix_26": "12", "Nm_Ruas_26": "JLN. YOS SUDARSO (NABIRE)", "Lintas_26": "JALAN LINTAS UTARA", "No_Jbt_26": "62.044.035.B.12", "Nm_Jbt_26": "YOS SUDARSO B", "Status_26": "N", "Fungsi_26": "K", "Lks_Dr_26": "NBR", "Lks_km_26": 0.454, "F_STA_26": "400", "Cadin_26": null, "Pjg_Jbt_26": 16.5, "Btg_Pjg_26": 16.5, "Jml_Btg_26": "1", "Lb_Jl_Ms26": 6.3, "Lb_Jl_Kl26": 6.3, "Lb_Lalin26": 6.0, "Lb_Bh_Ki26": 0.0, "Lb_Bh_Ka26": 0.0, "Lb_Dr_Ki26": 0.0, "Lb_Dr_Ka26": 0.0, "Lb_Tr_Ki26": 0.5, "Lb_Tr_Ka26": 0.5, "Lb_TS_Ki26": 0.0, "Lb_TS_Ka26": 0.0, "Lb_Med_26": 0.0, "Lbr_Jbt_26": 7.0, "Bgn_Ats_26": "GTP", "Jns_Jbt_26": "STANDAR", "Thn_Bgn_26": "1994", "BA_26": "1", "LNT_26": "1", "BB_26": "1", "DAS_26": "1", "OP_26": "0", "UT_26": "0", "GR_26": "0", "LB_26": "0", "JBT_26": "1", "Tp_Lnts_26": "SUNGAI", "Dt_Lnts_26": "LURUS", "Pnangnn_26": "RUTIN", "Pmriksn_26": "TIDAK DI SURVEI", "Pnglola_26": "BPJN PAPUA TENGAH", "Satkr_ID26": "693945", "PPK_Name26": "PPK 1.2", "Traffic_26": null, "VCR_26": "0.1451", "AADT_26": "3340", "Tipe_Jb_26": null, "Lat_26": -3.3598, "Long_26": 135.4998, "Tgl_Ins_26": "29\/04\/2021", "Ket_26": null }, "geometry": { "type": "Point", "coordinates": [ 135.499801999862484, -3.35980400015444 ] } },
{ "type": "Feature", "properties": { "PROVINSI": "PAPUA TENGAH (NABIRE)", "No_Prov_26": "62", "ID_Jbt_26": "6202844", "Kd_Ruas_26": "62062", "Suffix_26": null, "Nm_Ruas_26": "WAGHETE - SP. KAPIRAYA  *", "Lintas_26": null, "No_Jbt_26": "62.062.001.0", "Nm_Jbt_26": "WAKEI", "Status_26": "N", "Fungsi_26": "K1", "Lks_Dr_26": "WGT", "Lks_km_26": 0.0, "F_STA_26": "330", "Cadin_26": null, "Pjg_Jbt_26": 9.0, "Btg_Pjg_26": 9.0, "Jml_Btg_26": "1", "Lb_Jl_Ms26": 0.0, "Lb_Jl_Kl26": 0.0, "Lb_Lalin26": 7.5, "Lb_Bh_Ki26": 0.0, "Lb_Bh_Ka26": 0.0, "Lb_Dr_Ki26": 0.0, "Lb_Dr_Ka26": 0.0, "Lb_Tr_Ki26": 0.0, "Lb_Tr_Ka26": 0.0, "Lb_TS_Ki26": 0.0, "Lb_TS_Ka26": 0.0, "Lb_Med_26": 0.0, "Lbr_Jbt_26": 7.5, "Bgn_Ats_26": "GBP", "Jns_Jbt_26": "STANDAR", "Thn_Bgn_26": "2010", "BA_26": "2", "LNT_26": "2", "BB_26": "2", "DAS_26": "2", "OP_26": "0", "UT_26": "0", "GR_26": "0", "LB_26": "0", "JBT_26": "2", "Tp_Lnts_26": "SUNGAI", "Dt_Lnts_26": "LURUS", "Pnangnn_26": "RUTIN", "Pmriksn_26": "DETAIL", "Pnglola_26": "BPJN PAPUA TENGAH", "Satkr_ID26": "693946", "PPK_Name26": "PPK 2.2", "Traffic_26": null, "VCR_26": "0.1637", "AADT_26": "0", "Tipe_Jb_26": null, "Lat_26": -4.03967, "Long_26": 136.27922, "Tgl_Ins_26": "01\/06\/2026", "Ket_26": null }, "geometry": { "type": "Point", "coordinates": [ 136.279222, -4.0396667 ] } },
{ "type": "Feature", "properties": { "PROVINSI": "PAPUA TENGAH (NABIRE)", "No_Prov_26": "62", "ID_Jbt_26": "6202846", "Kd_Ruas_26": "62062", "Suffix_26": null, "Nm_Ruas_26": "WAGHETE - SP. KAPIRAYA  *", "Lintas_26": null, "No_Jbt_26": "62.062.003.0", "Nm_Jbt_26": "IYAWE", "Status_26": "N", "Fungsi_26": "K1", "Lks_Dr_26": "WGT", "Lks_km_26": 0.0, "F_STA_26": null, "Cadin_26": null, "Pjg_Jbt_26": 60.0, "Btg_Pjg_26": 60.0, "Jml_Btg_26": "1", "Lb_Jl_Ms26": 0.0, "Lb_Jl_Kl26": 0.0, "Lb_Lalin26": 6.0, "Lb_Bh_Ki26": 0.0, "Lb_Bh_Ka26": 0.0, "Lb_Dr_Ki26": 0.0, "Lb_Dr_Ka26": 0.0, "Lb_Tr_Ki26": 0.0, "Lb_Tr_Ka26": 0.0, "Lb_TS_Ki26": 0.0, "Lb_TS_Ka26": 0.0, "Lb_Med_26": 0.0, "Lbr_Jbt_26": 6.0, "Bgn_Ats_26": "RBP", "Jns_Jbt_26": "STANDAR", "Thn_Bgn_26": "1992", "BA_26": "2", "LNT_26": "2", "BB_26": "2", "DAS_26": "2", "OP_26": "1", "UT_26": "0", "GR_26": "0", "LB_26": "0", "JBT_26": "2", "Tp_Lnts_26": "SUNGAI", "Dt_Lnts_26": "LURUS", "Pnangnn_26": "RUTIN", "Pmriksn_26": "DETAIL", "Pnglola_26": "BPJN PAPUA TENGAH", "Satkr_ID26": "693946", "PPK_Name26": "PPK 2.2", "Traffic_26": null, "VCR_26": "0.1637", "AADT_26": "0", "Tipe_Jb_26": null, "Lat_26": -4.07739, "Long_26": 136.29525, "Tgl_Ins_26": "01\/06\/2026", "Ket_26": null }, "geometry": { "type": "Point", "coordinates": [ 136.29525, -4.0773889 ] } },
{ "type": "Feature", "properties": { "PROVINSI": "PAPUA TENGAH (NABIRE)", "No_Prov_26": "62", "ID_Jbt_26": "6202859", "Kd_Ruas_26": "62011", "Suffix_26": "0", "Nm_Ruas_26": "MULIA - SINAK *", "Lintas_26": "JALAN LINTAS TENGAH", "No_Jbt_26": "62.011.001.0", "Nm_Jbt_26": "KODIM", "Status_26": "N", "Fungsi_26": "A", "Lks_Dr_26": "MUL", "Lks_km_26": 0.0, "F_STA_26": "100", "Cadin_26": null, "Pjg_Jbt_26": 8.9, "Btg_Pjg_26": 8.9, "Jml_Btg_26": "1", "Lb_Jl_Ms26": 0.0, "Lb_Jl_Kl26": 0.0, "Lb_Lalin26": 13.0, "Lb_Bh_Ki26": 0.0, "Lb_Bh_Ka26": 0.0, "Lb_Dr_Ki26": 0.0, "Lb_Dr_Ka26": 0.0, "Lb_Tr_Ki26": 0.0, "Lb_Tr_Ka26": 0.0, "Lb_TS_Ki26": 0.0, "Lb_TS_Ka26": 0.0, "Lb_Med_26": 0.0, "Lbr_Jbt_26": 13.0, "Bgn_Ats_26": "YBP", "Jns_Jbt_26": "STANDAR", "Thn_Bgn_26": "1990", "BA_26": "1", "LNT_26": "1", "BB_26": "0", "DAS_26": "1", "OP_26": "0", "UT_26": "0", "GR_26": "0", "LB_26": "0", "JBT_26": "1", "Tp_Lnts_26": "SUNGAI", "Dt_Lnts_26": "LURUS", "Pnangnn_26": "RUTIN", "Pmriksn_26": "TIDAK DI SURVEI", "Pnglola_26": "BPJN PAPUA TENGAH", "Satkr_ID26": "693948", "PPK_Name26": "PPK 4.1", "Traffic_26": null, "VCR_26": "0.0238", "AADT_26": "0", "Tipe_Jb_26": null, "Lat_26": -3.71106, "Long_26": 137.97795, "Tgl_Ins_26": "26\/06\/2025", "Ket_26": null }, "geometry": { "type": "Point", "coordinates": [ 137.9779541, -3.7110577 ] } },
{ "type": "Feature", "properties": { "PROVINSI": "PAPUA TENGAH (NABIRE)", "No_Prov_26": "62", "ID_Jbt_26": "6202860", "Kd_Ruas_26": "62011", "Suffix_26": "0", "Nm_Ruas_26": "MULIA - SINAK *", "Lintas_26": "JALAN LINTAS TENGAH", "No_Jbt_26": "62.011.002.0", "Nm_Jbt_26": "KYUKWI", "Status_26": "N", "Fungsi_26": "A", "Lks_Dr_26": "MUL", "Lks_km_26": 0.0, "F_STA_26": "270", "Cadin_26": null, "Pjg_Jbt_26": 13.0, "Btg_Pjg_26": 13.0, "Jml_Btg_26": "1", "Lb_Jl_Ms26": 0.0, "Lb_Jl_Kl26": 0.0, "Lb_Lalin26": 14.2, "Lb_Bh_Ki26": 0.0, "Lb_Bh_Ka26": 0.0, "Lb_Dr_Ki26": 0.0, "Lb_Dr_Ka26": 0.0, "Lb_Tr_Ki26": 0.0, "Lb_Tr_Ka26": 0.0, "Lb_TS_Ki26": 0.0, "Lb_TS_Ka26": 0.0, "Lb_Med_26": 0.0, "Lbr_Jbt_26": 14.2, "Bgn_Ats_26": "ABP", "Jns_Jbt_26": "STANDAR", "Thn_Bgn_26": "1990", "BA_26": "0", "LNT_26": "0", "BB_26": "0", "DAS_26": "1", "OP_26": "0", "UT_26": "0", "GR_26": "0", "LB_26": "0", "JBT_26": "1", "Tp_Lnts_26": "SUNGAI", "Dt_Lnts_26": "LURUS", "Pnangnn_26": "RUTIN", "Pmriksn_26": "TIDAK DI SURVEI", "Pnglola_26": "BPJN PAPUA TENGAH", "Satkr_ID26": "693948", "PPK_Name26": "PPK 4.1", "Traffic_26": null, "VCR_26": "0.0238", "AADT_26": "0", "Tipe_Jb_26": null, "Lat_26": -3.70268, "Long_26": 137.96517, "Tgl_Ins_26": "26\/06\/2025", "Ket_26": null }, "geometry": { "type": "Point", "coordinates": [ 137.965167400000013, -3.7026761 ] } },
{ "type": "Feature", "properties": { "PROVINSI": "PAPUA TENGAH (NABIRE)", "No_Prov_26": "62", "ID_Jbt_26": "6202861", "Kd_Ruas_26": "62063", "Suffix_26": "0", "Nm_Ruas_26": "AKSES BANDARA MOZEZ KILANGIN", "Lintas_26": "0", "No_Jbt_26": "62.063.004.0", "Nm_Jbt_26": "HEATUBUN", "Status_26": "N", "Fungsi_26": "A", "Lks_Dr_26": "0", "Lks_km_26": 0.0, "F_STA_26": "230", "Cadin_26": null, "Pjg_Jbt_26": 7.7, "Btg_Pjg_26": 7.7, "Jml_Btg_26": "1", "Lb_Jl_Ms26": 0.0, "Lb_Jl_Kl26": 0.0, "Lb_Lalin26": 5.2, "Lb_Bh_Ki26": 0.0, "Lb_Bh_Ka26": 0.0, "Lb_Dr_Ki26": 0.0, "Lb_Dr_Ka26": 0.0, "Lb_Tr_Ki26": 0.0, "Lb_Tr_Ka26": 0.0, "Lb_TS_Ki26": 0.0, "Lb_TS_Ka26": 0.0, "Lb_Med_26": 0.0, "Lbr_Jbt_26": 5.2, "Bgn_Ats_26": "GTP", "Jns_Jbt_26": "STANDAR", "Thn_Bgn_26": "1990", "BA_26": "0", "LNT_26": "0", "BB_26": "0", "DAS_26": "0", "OP_26": "0", "UT_26": "0", "GR_26": "0", "LB_26": "0", "JBT_26": "0", "Tp_Lnts_26": "SUNGAI", "Dt_Lnts_26": "LURUS", "Pnangnn_26": "RUTIN", "Pmriksn_26": "TIDAK DI SURVEI", "Pnglola_26": "BPJN PAPUA TENGAH", "Satkr_ID26": "693943", "PPK_Name26": "PPK 3.1", "Traffic_26": null, "VCR_26": "0.1857", "AADT_26": "0", "Tipe_Jb_26": null, "Lat_26": -4.53602, "Long_26": 136.87498, "Tgl_Ins_26": null, "Ket_26": null }, "geometry": { "type": "Point", "coordinates": [ 136.874975799999987, -4.5360246 ] } },
{ "type": "Feature", "properties": { "PROVINSI": "PAPUA TENGAH (NABIRE)", "No_Prov_26": "62", "ID_Jbt_26": "6202813", "Kd_Ruas_26": "62053", "Suffix_26": null, "Nm_Ruas_26": "TIMIKA - SP. PELRA - POMAKO", "Lintas_26": "JALAN PENGHUBUNG LINTAS", "No_Jbt_26": "62.053.023.0", "Nm_Jbt_26": "POMAKO-VII", "Status_26": "N", "Fungsi_26": "A", "Lks_Dr_26": "TMK", "Lks_km_26": 39.847, "F_STA_26": "380", "Cadin_26": null, "Pjg_Jbt_26": 20.0, "Btg_Pjg_26": 20.0, "Jml_Btg_26": "1", "Lb_Jl_Ms26": 0.0, "Lb_Jl_Kl26": 0.0, "Lb_Lalin26": 6.4, "Lb_Bh_Ki26": 0.13, "Lb_Bh_Ka26": 0.13, "Lb_Dr_Ki26": 0.07, "Lb_Dr_Ka26": 0.07, "Lb_Tr_Ki26": 1.0, "Lb_Tr_Ka26": 1.0, "Lb_TS_Ki26": 0.0, "Lb_TS_Ka26": 0.0, "Lb_Med_26": 0.0, "Lbr_Jbt_26": 8.8, "Bgn_Ats_26": "GBP", "Jns_Jbt_26": "STANDAR", "Thn_Bgn_26": "2000", "BA_26": "2", "LNT_26": "1", "BB_26": "2", "DAS_26": "1", "OP_26": "2", "UT_26": "0", "GR_26": "0", "LB_26": "0", "JBT_26": "2", "Tp_Lnts_26": "SUNGAI", "Dt_Lnts_26": "LURUS", "Pnangnn_26": "RUTIN", "Pmriksn_26": "DETAIL", "Pnglola_26": "BPJN PAPUA TENGAH", "Satkr_ID26": "693943", "PPK_Name26": "PPK 3.1", "Traffic_26": null, "VCR_26": "0.2254", "AADT_26": "2780", "Tipe_Jb_26": null, "Lat_26": -4.73652, "Long_26": 136.76222, "Tgl_Ins_26": "09\/05\/2026", "Ket_26": null }, "geometry": { "type": "Point", "coordinates": [ 136.762222, -4.736519 ] } },
{ "type": "Feature", "properties": { "PROVINSI": "PAPUA TENGAH (NABIRE)", "No_Prov_26": "62", "ID_Jbt_26": "6202866", "Kd_Ruas_26": "62052", "Suffix_26": "0", "Nm_Ruas_26": "MAYON - SIMPANG KAPIRAYA", "Lintas_26": "NON LINTAS", "No_Jbt_26": "62.052.036.1", "Nm_Jbt_26": "ARAMCO STA 39+300", "Status_26": "N", "Fungsi_26": "A", "Lks_Dr_26": "TMK", "Lks_km_26": 39.3, "F_STA_26": "910", "Cadin_26": null, "Pjg_Jbt_26": 100.0, "Btg_Pjg_26": 6.7, "Jml_Btg_26": "11", "Lb_Jl_Ms26": 0.0, "Lb_Jl_Kl26": 0.0, "Lb_Lalin26": 5.5, "Lb_Bh_Ki26": 3.2, "Lb_Bh_Ka26": 3.26, "Lb_Dr_Ki26": 0.0, "Lb_Dr_Ka26": 0.0, "Lb_Tr_Ki26": 0.0, "Lb_Tr_Ka26": 0.0, "Lb_TS_Ki26": 0.0, "Lb_TS_Ka26": 0.0, "Lb_Med_26": 0.0, "Lbr_Jbt_26": 11.96, "Bgn_Ats_26": "ABP", "Jns_Jbt_26": "STANDAR", "Thn_Bgn_26": "1990", "BA_26": "0", "LNT_26": "0", "BB_26": "0", "DAS_26": "0", "OP_26": "0", "UT_26": "0", "GR_26": "2", "LB_26": "0", "JBT_26": "2", "Tp_Lnts_26": "SUNGAI", "Dt_Lnts_26": "LURUS", "Pnangnn_26": "RUTIN", "Pmriksn_26": "DETAIL", "Pnglola_26": "BPJN PAPUA TENGAH", "Satkr_ID26": "693943", "PPK_Name26": "PPK 3.2", "Traffic_26": null, "VCR_26": "0.0508", "AADT_26": "0", "Tipe_Jb_26": null, "Lat_26": -4.333833, "Long_26": 136.693, "Tgl_Ins_26": "04\/05\/2026", "Ket_26": null }, "geometry": { "type": "Point", "coordinates": [ 136.693, -4.333833 ] } },
{ "type": "Feature", "properties": { "PROVINSI": "PAPUA TENGAH (NABIRE)", "No_Prov_26": "62", "ID_Jbt_26": "6201585", "Kd_Ruas_26": "62015", "Suffix_26": null, "Nm_Ruas_26": "MOANEMANI - BEDUDIPA", "Lintas_26": "JALAN LINTAS TENGAH", "No_Jbt_26": "62.015.047.0", "Nm_Jbt_26": "BEDUDIPA - MOANEMANI 29", "Status_26": "N", "Fungsi_26": "A", "Lks_Dr_26": "BDP", "Lks_km_26": 39.465, "F_STA_26": "300", "Cadin_26": null, "Pjg_Jbt_26": 7.75, "Btg_Pjg_26": 2.0, "Jml_Btg_26": "1", "Lb_Jl_Ms26": 6.45, "Lb_Jl_Kl26": 6.45, "Lb_Lalin26": 11.28, "Lb_Bh_Ki26": 0.0, "Lb_Bh_Ka26": 0.0, "Lb_Dr_Ki26": 0.0, "Lb_Dr_Ka26": 0.0, "Lb_Tr_Ki26": 0.0, "Lb_Tr_Ka26": 0.0, "Lb_TS_Ki26": 0.0, "Lb_TS_Ka26": 0.0, "Lb_Med_26": 0.0, "Lbr_Jbt_26": 11.28, "Bgn_Ats_26": "BTP", "Jns_Jbt_26": "STANDAR", "Thn_Bgn_26": "2025", "BA_26": "1", "LNT_26": "1", "BB_26": "0", "DAS_26": "1", "OP_26": "3", "UT_26": "0", "GR_26": "2", "LB_26": "0", "JBT_26": "3", "Tp_Lnts_26": "SUNGAI", "Dt_Lnts_26": "LURUS", "Pnangnn_26": null, "Pmriksn_26": "DETAIL", "Pnglola_26": "BPJN PAPUA TENGAH", "Satkr_ID26": "693945", "PPK_Name26": "PPK 1.1", "Traffic_26": null, "VCR_26": "0.1231", "AADT_26": "4467", "Tipe_Jb_26": null, "Lat_26": -3.652285, "Long_26": 136.0003, "Tgl_Ins_26": "03\/06\/2026", "Ket_26": null }, "geometry": { "type": "Point", "coordinates": [ 136.0003, -3.652285 ] } },
{ "type": "Feature", "properties": { "PROVINSI": "PAPUA TENGAH (NABIRE)", "No_Prov_26": "62", "ID_Jbt_26": "6200277", "Kd_Ruas_26": "62017", "Suffix_26": null, "Nm_Ruas_26": "BTS. KOTA NABIRE - WANGGAR", "Lintas_26": "NON LINTAS", "No_Jbt_26": "62.017.013.0", "Nm_Jbt_26": "KWATISORE 42", "Status_26": "N", "Fungsi_26": "A", "Lks_Dr_26": "YAU", "Lks_km_26": 5.872, "F_STA_26": "500", "Cadin_26": null, "Pjg_Jbt_26": 6.0, "Btg_Pjg_26": 2.0, "Jml_Btg_26": "1", "Lb_Jl_Ms26": 6.0, "Lb_Jl_Kl26": 6.0, "Lb_Lalin26": 10.0, "Lb_Bh_Ki26": 0.0, "Lb_Bh_Ka26": 0.0, "Lb_Dr_Ki26": 0.0, "Lb_Dr_Ka26": 0.0, "Lb_Tr_Ki26": 0.0, "Lb_Tr_Ka26": 0.0, "Lb_TS_Ki26": 0.0, "Lb_TS_Ka26": 0.0, "Lb_Med_26": 0.0, "Lbr_Jbt_26": 10.0, "Bgn_Ats_26": "BTP", "Jns_Jbt_26": "STANDAR", "Thn_Bgn_26": "2025", "BA_26": "0", "LNT_26": "0", "BB_26": "0", "DAS_26": "1", "OP_26": "0", "UT_26": "0", "GR_26": "2", "LB_26": "0", "JBT_26": "2", "Tp_Lnts_26": "SUNGAI", "Dt_Lnts_26": "LURUS", "Pnangnn_26": null, "Pmriksn_26": "DETAIL", "Pnglola_26": "BPJN PAPUA TENGAH", "Satkr_ID26": "693945", "PPK_Name26": "PPK 1.2", "Traffic_26": null, "VCR_26": "0.0522", "AADT_26": "0", "Tipe_Jb_26": null, "Lat_26": -3.479338, "Long_26": 135.35376, "Tgl_Ins_26": "29\/04\/2026", "Ket_26": null }, "geometry": { "type": "Point", "coordinates": [ 135.35376, -3.479338 ] } }
]
}
