{
"type": "FeatureCollection",
"name": "Sumatera Barat_2026_Q",
"crs": { "type": "name", "properties": { "name": "urn:ogc:def:crs:OGC:1.3:CRS84" } },
"features": [
{ "type": "Feature", "properties": { "KDRUAS_UPD": "0602611", "NOJBT_UPD": "06.026.013.B.11", "NM_RUAS_UP": "JLN. ADINEGORO (PADANG)", "NM_JBT_UPD": "MUARA KASANG B", "PROVINSI": "SUMATERA BARAT", "No_Prov_26": "06", "ID_Jbt_26": "0600332", "Kd_Ruas_26": "0602611", "Suffix_26": "11", "Nm_Ruas_26": "JLN. ADINEGORO (PADANG)", "Lintas_26": "JALAN LINTAS BARAT", "No_Jbt_26": "06.026.013.B.11", "Nm_Jbt_26": "MUARA KASANG B", "Status_26": "N", "Fungsi_26": "A", "Lks_Dr_26": "PDG", "Lks_km_26": 18.6, "F_STA_26": "810", "Cadin_26": "PDG", "Pjg_Jbt_26": 37.2, "Btg_Pjg_26": 18.5, "Jml_Btg_26": "2", "Lb_Jl_Ms26": 6.4, "Lb_Jl_Kl26": 6.4, "Lb_Lalin26": 6.4, "Lb_Bh_Ki26": 0.4, "Lb_Bh_Ka26": 0.4, "Lb_Dr_Ki26": 0.0, "Lb_Dr_Ka26": 0.0, "Lb_Tr_Ki26": 1.15, "Lb_Tr_Ka26": 1.15, "Lb_TS_Ki26": 0.2, "Lb_TS_Ka26": 0.2, "Lb_Med_26": 0.0, "Lbr_Jbt_26": 9.9, "Bgn_Ats_26": "GBP", "Jns_Jbt_26": "STANDAR", "Thn_Bgn_26": "1999", "BA_26": "1", "LNT_26": "1", "BB_26": "0", "DAS_26": "2", "OP_26": "0", "UT_26": "0", "GR_26": "0", "LB_26": "0", "JBT_26": "2", "Tp_Lnts_26": "SUNGAI", "Dt_Lnts_26": "BERKELOK (MEANDER)", "Pnangnn_26": "RUTIN", "Pmriksn_26": "TIDAK DISURVEI", "Pnglola_26": "BPJN SUMATERA BARAT", "Satkr_ID26": "693875", "PPK_Name26": "PPK 1.1", "Traffic_26": null, "VCR_26": "0.675", "AADT_26": null, "Tipe_Jb_26": null, "Lat_26": -0.80452370600400003, "Long_26": 100.315910339, "Tgl_Ins_26": "5\/28\/2021", "Ket_26": null }, "geometry": { "type": "Point", "coordinates": [ 100.315910339090919, -0.804523706004204 ] } },
{ "type": "Feature", "properties": { "KDRUAS_UPD": "0602711", "NOJBT_UPD": "06.027.001.A.11", "NM_RUAS_UP": "BANDARA INTERNATIONAL MINANGKABAU (BIM) - SIMP. DUKU", "NM_JBT_UPD": "DUKU A", "PROVINSI": "SUMATERA BARAT", "No_Prov_26": "06", "ID_Jbt_26": "0600339", "Kd_Ruas_26": "0602711", "Suffix_26": "11", "Nm_Ruas_26": "BANDARA INTERNATIONAL MINANGKABAU (BIM) - SIMP. DUKU", "Lintas_26": "JALAN LINTAS BARAT", "No_Jbt_26": "06.027.001.A.11", "Nm_Jbt_26": "DUKU A", "Status_26": "N", "Fungsi_26": "A", "Lks_Dr_26": "PDG", "Lks_km_26": 24.5, "F_STA_26": "40", "Cadin_26": "PRM", "Pjg_Jbt_26": 96.0, "Btg_Pjg_26": 31.5, "Jml_Btg_26": "3", "Lb_Jl_Ms26": 7.91, "Lb_Jl_Kl26": 7.91, "Lb_Lalin26": 7.91, "Lb_Bh_Ki26": 0.44, "Lb_Bh_Ka26": 0.44, "Lb_Dr_Ki26": 0.09, "Lb_Dr_Ka26": 0.09, "Lb_Tr_Ki26": 0.94, "Lb_Tr_Ka26": 0.94, "Lb_TS_Ki26": 0.275, "Lb_TS_Ka26": 0.275, "Lb_Med_26": 0.0, "Lbr_Jbt_26": 11.4, "Bgn_Ats_26": "GPP", "Jns_Jbt_26": "STANDAR", "Thn_Bgn_26": "1994", "BA_26": "1", "LNT_26": "1", "BB_26": "1", "DAS_26": "0", "OP_26": "2", "UT_26": "0", "GR_26": "0", "LB_26": "0", "JBT_26": "2", "Tp_Lnts_26": "SUNGAI", "Dt_Lnts_26": "LURUS", "Pnangnn_26": "RUTIN", "Pmriksn_26": "DETAIL", "Pnglola_26": "BPJN SUMATERA BARAT", "Satkr_ID26": "693875", "PPK_Name26": "PPK 1.1", "Traffic_26": null, "VCR_26": "0.434", "AADT_26": null, "Tipe_Jb_26": null, "Lat_26": -0.79047405723200004, "Long_26": 100.31228637699999, "Tgl_Ins_26": "6\/9\/2026", "Ket_26": null }, "geometry": { "type": "Point", "coordinates": [ 100.312286377014743, -0.790474057231904 ] } },
{ "type": "Feature", "properties": { "KDRUAS_UPD": "0602711", "NOJBT_UPD": "06.027.001.B.11", "NM_RUAS_UP": "BANDARA INTERNATIONAL MINANGKABAU (BIM) - SIMP. DUKU", "NM_JBT_UPD": "DUKU B", "PROVINSI": "SUMATERA BARAT", "No_Prov_26": "06", "ID_Jbt_26": "0600340", "Kd_Ruas_26": "0602711", "Suffix_26": "11", "Nm_Ruas_26": "BANDARA INTERNATIONAL MINANGKABAU (BIM) - SIMP. DUKU", "Lintas_26": "JALAN LINTAS BARAT", "No_Jbt_26": "06.027.001.B.11", "Nm_Jbt_26": "DUKU B", "Status_26": "N", "Fungsi_26": "A", "Lks_Dr_26": "PDG", "Lks_km_26": 24.5, "F_STA_26": "40", "Cadin_26": "PRM", "Pjg_Jbt_26": 96.0, "Btg_Pjg_26": 31.5, "Jml_Btg_26": "3", "Lb_Jl_Ms26": 7.1, "Lb_Jl_Kl26": 7.1, "Lb_Lalin26": 7.1, "Lb_Bh_Ki26": 0.49, "Lb_Bh_Ka26": 0.5, "Lb_Dr_Ki26": 0.0, "Lb_Dr_Ka26": 0.0, "Lb_Tr_Ki26": 0.53, "Lb_Tr_Ka26": 0.98, "Lb_TS_Ki26": 0.1, "Lb_TS_Ka26": 0.1, "Lb_Med_26": 0.0, "Lbr_Jbt_26": 9.8, "Bgn_Ats_26": "GPP", "Jns_Jbt_26": "STANDAR", "Thn_Bgn_26": "2006", "BA_26": "1", "LNT_26": "0", "BB_26": "1", "DAS_26": "0", "OP_26": "0", "UT_26": "0", "GR_26": "0", "LB_26": "0", "JBT_26": "1", "Tp_Lnts_26": "SUNGAI", "Dt_Lnts_26": "LURUS", "Pnangnn_26": "RUTIN", "Pmriksn_26": "RUTIN", "Pnglola_26": "BPJN SUMATERA BARAT", "Satkr_ID26": "693875", "PPK_Name26": "PPK 1.1", "Traffic_26": null, "VCR_26": "0.434", "AADT_26": null, "Tipe_Jb_26": null, "Lat_26": -0.790411114581, "Long_26": 100.31238555900001, "Tgl_Ins_26": "5\/28\/2021", "Ket_26": null }, "geometry": { "type": "Point", "coordinates": [ 100.312385558746598, -0.790411114581218 ] } },
{ "type": "Feature", "properties": { "KDRUAS_UPD": "06026", "NOJBT_UPD": "06.026.015.0", "NM_RUAS_UP": "LUBUK ALUNG - SIMP. DUKU", "NM_JBT_UPD": "KASAI", "PROVINSI": "SUMATERA BARAT", "No_Prov_26": "06", "ID_Jbt_26": "0600335", "Kd_Ruas_26": "06026", "Suffix_26": null, "Nm_Ruas_26": "LUBUK ALUNG - SIMP. DUKU", "Lintas_26": "JALAN LINTAS BARAT", "No_Jbt_26": "06.026.015.0", "Nm_Jbt_26": "KASAI", "Status_26": "N", "Fungsi_26": "A", "Lks_Dr_26": "PDG", "Lks_km_26": 21.72, "F_STA_26": "170", "Cadin_26": "PRM", "Pjg_Jbt_26": 6.0, "Btg_Pjg_26": 5.0, "Jml_Btg_26": "1", "Lb_Jl_Ms26": 6.1, "Lb_Jl_Kl26": 6.1, "Lb_Lalin26": 6.1, "Lb_Bh_Ki26": 1.99, "Lb_Bh_Ka26": 2.08, "Lb_Dr_Ki26": 0.0, "Lb_Dr_Ka26": 0.0, "Lb_Tr_Ki26": 0.0, "Lb_Tr_Ka26": 0.0, "Lb_TS_Ki26": 0.0, "Lb_TS_Ka26": 0.0, "Lb_Med_26": 0.0, "Lbr_Jbt_26": 10.17, "Bgn_Ats_26": "ATP", "Jns_Jbt_26": "STANDAR", "Thn_Bgn_26": "1974", "BA_26": "1", "LNT_26": "0", "BB_26": "0", "DAS_26": "2", "OP_26": "1", "UT_26": "0", "GR_26": "0", "LB_26": "0", "JBT_26": "2", "Tp_Lnts_26": "SUNGAI", "Dt_Lnts_26": "BERKELOK", "Pnangnn_26": "RUTIN", "Pmriksn_26": "RUTIN", "Pnglola_26": "BPJN SUMATERA BARAT", "Satkr_ID26": "693875", "PPK_Name26": "PPK 1.1", "Traffic_26": null, "VCR_26": "1.255", "AADT_26": null, "Tipe_Jb_26": null, "Lat_26": -0.777045488359, "Long_26": 100.315551758, "Tgl_Ins_26": "6\/26\/2024", "Ket_26": null }, "geometry": { "type": "Point", "coordinates": [ 100.315551757807441, -0.777045488358567 ] } },
{ "type": "Feature", "properties": { "KDRUAS_UPD": "06026", "NOJBT_UPD": "06.026.016.A", "NM_RUAS_UP": "LUBUK ALUNG - SIMP. DUKU", "NM_JBT_UPD": "PASAR USANG A", "PROVINSI": "SUMATERA BARAT", "No_Prov_26": "06", "ID_Jbt_26": "0600336", "Kd_Ruas_26": "06026", "Suffix_26": null, "Nm_Ruas_26": "LUBUK ALUNG - SIMP. DUKU", "Lintas_26": "JALAN LINTAS BARAT", "No_Jbt_26": "06.026.016.A", "Nm_Jbt_26": "PASAR USANG A", "Status_26": "N", "Fungsi_26": "A", "Lks_Dr_26": "PDG", "Lks_km_26": 25.4, "F_STA_26": "540", "Cadin_26": "PRM", "Pjg_Jbt_26": 109.1, "Btg_Pjg_26": 36.0, "Jml_Btg_26": "3", "Lb_Jl_Ms26": 6.22, "Lb_Jl_Kl26": 6.22, "Lb_Lalin26": 6.22, "Lb_Bh_Ki26": 0.34, "Lb_Bh_Ka26": 0.51, "Lb_Dr_Ki26": 0.0, "Lb_Dr_Ka26": 0.0, "Lb_Tr_Ki26": 0.95, "Lb_Tr_Ka26": 0.95, "Lb_TS_Ki26": 0.215, "Lb_TS_Ka26": 0.215, "Lb_Med_26": 0.0, "Lbr_Jbt_26": 9.4, "Bgn_Ats_26": "GPP", "Jns_Jbt_26": "STANDAR", "Thn_Bgn_26": "2013", "BA_26": "1", "LNT_26": "1", "BB_26": "1", "DAS_26": "1", "OP_26": "0", "UT_26": "0", "GR_26": "0", "LB_26": "0", "JBT_26": "1", "Tp_Lnts_26": "SUNGAI", "Dt_Lnts_26": "BERKELOK", "Pnangnn_26": "RUTIN", "Pmriksn_26": "RUTIN", "Pnglola_26": "BPJN SUMATERA BARAT", "Satkr_ID26": "693875", "PPK_Name26": "PPK 1.1", "Traffic_26": null, "VCR_26": "1.255", "AADT_26": null, "Tipe_Jb_26": null, "Lat_26": -0.74565702655, "Long_26": 100.31186676, "Tgl_Ins_26": "10\/1\/2022", "Ket_26": null }, "geometry": { "type": "Point", "coordinates": [ 100.311866759643294, -0.745657026550475 ] } },
{ "type": "Feature", "properties": { "KDRUAS_UPD": "06026", "NOJBT_UPD": "06.026.016.B", "NM_RUAS_UP": "LUBUK ALUNG - SIMP. DUKU", "NM_JBT_UPD": "PASAR USANG B", "PROVINSI": "SUMATERA BARAT", "No_Prov_26": "06", "ID_Jbt_26": "0600337", "Kd_Ruas_26": "06026", "Suffix_26": null, "Nm_Ruas_26": "LUBUK ALUNG - SIMP. DUKU", "Lintas_26": "JALAN LINTAS BARAT", "No_Jbt_26": "06.026.016.B", "Nm_Jbt_26": "PASAR USANG B", "Status_26": "N", "Fungsi_26": "A", "Lks_Dr_26": "PDG", "Lks_km_26": 25.4, "F_STA_26": "540", "Cadin_26": "PRM", "Pjg_Jbt_26": 108.1, "Btg_Pjg_26": 35.5, "Jml_Btg_26": "3", "Lb_Jl_Ms26": 6.53, "Lb_Jl_Kl26": 6.53, "Lb_Lalin26": 6.53, "Lb_Bh_Ki26": 0.29, "Lb_Bh_Ka26": 0.31, "Lb_Dr_Ki26": 0.0, "Lb_Dr_Ka26": 0.0, "Lb_Tr_Ki26": 1.21, "Lb_Tr_Ka26": 1.21, "Lb_TS_Ki26": 0.225, "Lb_TS_Ka26": 0.225, "Lb_Med_26": 0.0, "Lbr_Jbt_26": 10.0, "Bgn_Ats_26": "GTP", "Jns_Jbt_26": "STANDAR", "Thn_Bgn_26": "1995", "BA_26": "2", "LNT_26": "1", "BB_26": "1", "DAS_26": "1", "OP_26": "0", "UT_26": "0", "GR_26": "0", "LB_26": "0", "JBT_26": "2", "Tp_Lnts_26": "SUNGAI", "Dt_Lnts_26": "BERKELOK", "Pnangnn_26": "RUTIN", "Pmriksn_26": "RUTIN", "Pnglola_26": "BPJN SUMATERA BARAT", "Satkr_ID26": "693875", "PPK_Name26": "PPK 1.1", "Traffic_26": null, "VCR_26": "1.255", "AADT_26": null, "Tipe_Jb_26": null, "Lat_26": -0.74564588035299995, "Long_26": 100.311965942, "Tgl_Ins_26": "10\/1\/2022", "Ket_26": null }, "geometry": { "type": "Point", "coordinates": [ 100.311965942274469, -0.745645880353038 ] } },
{ "type": "Feature", "properties": { "KDRUAS_UPD": "06020", "NOJBT_UPD": "06.020.024.0", "NM_RUAS_UP": "SIMP. AIR BALAM - SIMP. EMPAT", "NM_JBT_UPD": "SUNGAI AIR SOMA", "PROVINSI": "SUMATERA BARAT", "No_Prov_26": "06", "ID_Jbt_26": "0600219", "Kd_Ruas_26": "06020", "Suffix_26": null, "Nm_Ruas_26": "SIMP. AIR BALAM - SIMP. EMPAT", "Lintas_26": "JALAN LINTAS BARAT", "No_Jbt_26": "06.020.024.0", "Nm_Jbt_26": "SUNGAI AIR SOMA", "Status_26": "N", "Fungsi_26": "K1", "Lks_Dr_26": "PDG", "Lks_km_26": 311.06, "F_STA_26": "3860", "Cadin_26": "SP4", "Pjg_Jbt_26": 14.2, "Btg_Pjg_26": 13.7, "Jml_Btg_26": "1", "Lb_Jl_Ms26": 5.43, "Lb_Jl_Kl26": 5.43, "Lb_Lalin26": 5.43, "Lb_Bh_Ki26": 0.23, "Lb_Bh_Ka26": 0.25, "Lb_Dr_Ki26": 0.13, "Lb_Dr_Ka26": 0.13, "Lb_Tr_Ki26": 0.5, "Lb_Tr_Ka26": 0.5, "Lb_TS_Ki26": 0.35, "Lb_TS_Ka26": 0.35, "Lb_Med_26": 0.0, "Lbr_Jbt_26": 7.87, "Bgn_Ats_26": "GTP", "Jns_Jbt_26": "STANDAR", "Thn_Bgn_26": "1994", "BA_26": "1", "LNT_26": "1", "BB_26": "1", "DAS_26": "2", "OP_26": "0", "UT_26": "0", "GR_26": "0", "LB_26": "0", "JBT_26": "2", "Tp_Lnts_26": "SUNGAI", "Dt_Lnts_26": "BERKELOK", "Pnangnn_26": "RUTIN", "Pmriksn_26": "RUTIN", "Pnglola_26": "BPJN SUMATERA BARAT", "Satkr_ID26": "693875", "PPK_Name26": "PPK 1.4", "Traffic_26": null, "VCR_26": "0.108", "AADT_26": null, "Tipe_Jb_26": null, "Lat_26": 0.23081319037646608, "Long_26": 99.621345520099979, "Tgl_Ins_26": "9\/25\/2020", "Ket_26": null }, "geometry": { "type": "Point", "coordinates": [ 99.621345520079728, 0.230813190376466 ] } },
{ "type": "Feature", "properties": { "KDRUAS_UPD": "06020", "NOJBT_UPD": "06.020.025.0", "NM_RUAS_UP": "SIMP. AIR BALAM - SIMP. EMPAT", "NM_JBT_UPD": "BATANG MALIGI", "PROVINSI": "SUMATERA BARAT", "No_Prov_26": "06", "ID_Jbt_26": "0600220", "Kd_Ruas_26": "06020", "Suffix_26": null, "Nm_Ruas_26": "SIMP. AIR BALAM - SIMP. EMPAT", "Lintas_26": "JALAN LINTAS BARAT", "No_Jbt_26": "06.020.025.0", "Nm_Jbt_26": "BATANG MALIGI", "Status_26": "N", "Fungsi_26": "K1", "Lks_Dr_26": "PDG", "Lks_km_26": 311.9, "F_STA_26": "3940", "Cadin_26": "SP4", "Pjg_Jbt_26": 83.0, "Btg_Pjg_26": 56.3, "Jml_Btg_26": "2", "Lb_Jl_Ms26": 5.18, "Lb_Jl_Kl26": 5.18, "Lb_Lalin26": 5.18, "Lb_Bh_Ki26": 0.48, "Lb_Bh_Ka26": 0.48, "Lb_Dr_Ki26": 0.14, "Lb_Dr_Ka26": 0.14, "Lb_Tr_Ki26": 0.27, "Lb_Tr_Ka26": 0.27, "Lb_TS_Ki26": 0.0, "Lb_TS_Ka26": 0.0, "Lb_Med_26": 0.0, "Lbr_Jbt_26": 6.96, "Bgn_Ats_26": "RBA", "Jns_Jbt_26": "STANDAR", "Thn_Bgn_26": "1988", "BA_26": "1", "LNT_26": "1", "BB_26": "2", "DAS_26": "1", "OP_26": "1", "UT_26": "0", "GR_26": "0", "LB_26": "0", "JBT_26": "2", "Tp_Lnts_26": "SUNGAI", "Dt_Lnts_26": "BERKELOK", "Pnangnn_26": "RUTIN", "Pmriksn_26": "RUTIN", "Pnglola_26": "BPJN SUMATERA BARAT", "Satkr_ID26": "693875", "PPK_Name26": "PPK 1.4", "Traffic_26": null, "VCR_26": "0.108", "AADT_26": null, "Tipe_Jb_26": null, "Lat_26": 0.23452344510093323, "Long_26": 99.615524292100019, "Tgl_Ins_26": "7\/11\/2025", "Ket_26": null }, "geometry": { "type": "Point", "coordinates": [ 99.615524292112468, 0.234523445100933 ] } },
{ "type": "Feature", "properties": { "KDRUAS_UPD": "06020", "NOJBT_UPD": "06.020.026.0", "NM_RUAS_UP": "SIMP. AIR BALAM - SIMP. EMPAT", "NM_JBT_UPD": "BATANG TAMBUN ARANG", "PROVINSI": "SUMATERA BARAT", "No_Prov_26": "06", "ID_Jbt_26": "0600221", "Kd_Ruas_26": "06020", "Suffix_26": null, "Nm_Ruas_26": "SIMP. AIR BALAM - SIMP. EMPAT", "Lintas_26": "JALAN LINTAS BARAT", "No_Jbt_26": "06.020.026.0", "Nm_Jbt_26": "BATANG TAMBUN ARANG", "Status_26": "N", "Fungsi_26": "K1", "Lks_Dr_26": "PDG", "Lks_km_26": 314.46, "F_STA_26": "4190", "Cadin_26": "SP4", "Pjg_Jbt_26": 15.2, "Btg_Pjg_26": 15.0, "Jml_Btg_26": "1", "Lb_Jl_Ms26": 5.45, "Lb_Jl_Kl26": 5.45, "Lb_Lalin26": 5.45, "Lb_Bh_Ki26": 0.36, "Lb_Bh_Ka26": 0.46, "Lb_Dr_Ki26": 0.0, "Lb_Dr_Ka26": 0.0, "Lb_Tr_Ki26": 0.48, "Lb_Tr_Ka26": 0.48, "Lb_TS_Ki26": 0.335, "Lb_TS_Ka26": 0.335, "Lb_Med_26": 0.0, "Lbr_Jbt_26": 7.9, "Bgn_Ats_26": "GTP", "Jns_Jbt_26": "STANDAR", "Thn_Bgn_26": "1993", "BA_26": "1", "LNT_26": "1", "BB_26": "1", "DAS_26": "1", "OP_26": "0", "UT_26": "0", "GR_26": "0", "LB_26": "0", "JBT_26": "1", "Tp_Lnts_26": "SUNGAI", "Dt_Lnts_26": "BERKELOK", "Pnangnn_26": "RUTIN", "Pmriksn_26": "TIDAK DISURVEI", "Pnglola_26": "BPJN SUMATERA BARAT", "Satkr_ID26": "693875", "PPK_Name26": "PPK 1.4", "Traffic_26": null, "VCR_26": "0.108", "AADT_26": null, "Tipe_Jb_26": null, "Lat_26": 0.24298347550706012, "Long_26": 99.595848083500016, "Tgl_Ins_26": "9\/28\/2020", "Ket_26": null }, "geometry": { "type": "Point", "coordinates": [ 99.595848083522299, 0.24298347550706 ] } },
{ "type": "Feature", "properties": { "KDRUAS_UPD": "06020", "NOJBT_UPD": "06.020.027.0", "NM_RUAS_UP": "SIMP. AIR BALAM - SIMP. EMPAT", "NM_JBT_UPD": "AIR SITUMANG", "PROVINSI": "SUMATERA BARAT", "No_Prov_26": "06", "ID_Jbt_26": "0600222", "Kd_Ruas_26": "06020", "Suffix_26": null, "Nm_Ruas_26": "SIMP. AIR BALAM - SIMP. EMPAT", "Lintas_26": "JALAN LINTAS BARAT", "No_Jbt_26": "06.020.027.0", "Nm_Jbt_26": "AIR SITUMANG", "Status_26": "N", "Fungsi_26": "K1", "Lks_Dr_26": "PDG", "Lks_km_26": 315.39, "F_STA_26": "4290", "Cadin_26": "SP4", "Pjg_Jbt_26": 13.2, "Btg_Pjg_26": 13.7, "Jml_Btg_26": "1", "Lb_Jl_Ms26": 5.34, "Lb_Jl_Kl26": 5.34, "Lb_Lalin26": 5.34, "Lb_Bh_Ki26": 0.26, "Lb_Bh_Ka26": 0.26, "Lb_Dr_Ki26": 0.2, "Lb_Dr_Ka26": 0.2, "Lb_Tr_Ki26": 0.49, "Lb_Tr_Ka26": 0.48, "Lb_TS_Ki26": 0.365, "Lb_TS_Ka26": 0.365, "Lb_Med_26": 0.0, "Lbr_Jbt_26": 7.96, "Bgn_Ats_26": "GTP", "Jns_Jbt_26": "STANDAR", "Thn_Bgn_26": "1994", "BA_26": "2", "LNT_26": "1", "BB_26": "1", "DAS_26": "1", "OP_26": "0", "UT_26": "0", "GR_26": "0", "LB_26": "0", "JBT_26": "2", "Tp_Lnts_26": "SUNGAI", "Dt_Lnts_26": "BERKELOK", "Pnangnn_26": "RUTIN", "Pmriksn_26": "RUTIN", "Pnglola_26": "BPJN SUMATERA BARAT", "Satkr_ID26": "693875", "PPK_Name26": "PPK 1.4", "Traffic_26": null, "VCR_26": "0.108", "AADT_26": null, "Tipe_Jb_26": null, "Lat_26": 0.24800130761428821, "Long_26": 99.589225769199999, "Tgl_Ins_26": "9\/28\/2020", "Ket_26": null }, "geometry": { "type": "Point", "coordinates": [ 99.589225769153984, 0.248001307614288 ] } },
{ "type": "Feature", "properties": { "KDRUAS_UPD": "06020", "NOJBT_UPD": "06.020.028.0", "NM_RUAS_UP": "SIMP. AIR BALAM - SIMP. EMPAT", "NM_JBT_UPD": "SUNGAI AIR BATUNG", "PROVINSI": "SUMATERA BARAT", "No_Prov_26": "06", "ID_Jbt_26": "0600223", "Kd_Ruas_26": "06020", "Suffix_26": null, "Nm_Ruas_26": "SIMP. AIR BALAM - SIMP. EMPAT", "Lintas_26": "JALAN LINTAS BARAT", "No_Jbt_26": "06.020.028.0", "Nm_Jbt_26": "SUNGAI AIR BATUNG", "Status_26": "N", "Fungsi_26": "K1", "Lks_Dr_26": "PDG", "Lks_km_26": 315.89, "F_STA_26": "4340", "Cadin_26": "SP4", "Pjg_Jbt_26": 6.6, "Btg_Pjg_26": 6.0, "Jml_Btg_26": "1", "Lb_Jl_Ms26": 6.1, "Lb_Jl_Kl26": 6.29, "Lb_Lalin26": 6.29, "Lb_Bh_Ki26": 0.45, "Lb_Bh_Ka26": 0.67, "Lb_Dr_Ki26": 0.0, "Lb_Dr_Ka26": 0.0, "Lb_Tr_Ki26": 0.97, "Lb_Tr_Ka26": 0.9, "Lb_TS_Ki26": 0.415, "Lb_TS_Ka26": 0.415, "Lb_Med_26": 0.0, "Lbr_Jbt_26": 10.11, "Bgn_Ats_26": "GTP", "Jns_Jbt_26": "STANDAR", "Thn_Bgn_26": "1970", "BA_26": "1", "LNT_26": "1", "BB_26": "2", "DAS_26": "2", "OP_26": "0", "UT_26": "0", "GR_26": "0", "LB_26": "0", "JBT_26": "2", "Tp_Lnts_26": "SUNGAI", "Dt_Lnts_26": "BERKELOK", "Pnangnn_26": "RUTIN", "Pmriksn_26": "RUTIN", "Pnglola_26": "BPJN SUMATERA BARAT", "Satkr_ID26": "693875", "PPK_Name26": "PPK 1.4", "Traffic_26": null, "VCR_26": "0.108", "AADT_26": null, "Tipe_Jb_26": null, "Lat_26": 0.25093337897232004, "Long_26": 99.586059570100005, "Tgl_Ins_26": "6\/25\/2024", "Ket_26": null }, "geometry": { "type": "Point", "coordinates": [ 99.586059570093141, 0.25093337897232 ] } },
{ "type": "Feature", "properties": { "KDRUAS_UPD": "06020", "NOJBT_UPD": "06.020.030.0", "NM_RUAS_UP": "SIMP. AIR BALAM - SIMP. EMPAT", "NM_JBT_UPD": "BATANG BAYANG", "PROVINSI": "SUMATERA BARAT", "No_Prov_26": "06", "ID_Jbt_26": "0600225", "Kd_Ruas_26": "06020", "Suffix_26": null, "Nm_Ruas_26": "SIMP. AIR BALAM - SIMP. EMPAT", "Lintas_26": "JALAN LINTAS BARAT", "No_Jbt_26": "06.020.030.0", "Nm_Jbt_26": "BATANG BAYANG", "Status_26": "N", "Fungsi_26": "K1", "Lks_Dr_26": "PDG", "Lks_km_26": 319.96, "F_STA_26": "4740", "Cadin_26": "SP4", "Pjg_Jbt_26": 41.0, "Btg_Pjg_26": 40.5, "Jml_Btg_26": "1", "Lb_Jl_Ms26": 5.23, "Lb_Jl_Kl26": 5.23, "Lb_Lalin26": 5.23, "Lb_Bh_Ki26": 0.42, "Lb_Bh_Ka26": 0.42, "Lb_Dr_Ki26": 0.0, "Lb_Dr_Ka26": 0.0, "Lb_Tr_Ki26": 0.45, "Lb_Tr_Ka26": 0.45, "Lb_TS_Ki26": 0.0, "Lb_TS_Ka26": 0.0, "Lb_Med_26": 0.0, "Lbr_Jbt_26": 6.97, "Bgn_Ats_26": "RBA", "Jns_Jbt_26": "STANDAR", "Thn_Bgn_26": "1991", "BA_26": "2", "LNT_26": "2", "BB_26": "2", "DAS_26": "1", "OP_26": "2", "UT_26": "0", "GR_26": "0", "LB_26": "0", "JBT_26": "2", "Tp_Lnts_26": "SUNGAI", "Dt_Lnts_26": "BERKELOK", "Pnangnn_26": "RUTIN", "Pmriksn_26": "RUTIN", "Pnglola_26": "BPJN SUMATERA BARAT", "Satkr_ID26": "693875", "PPK_Name26": "PPK 1.4", "Traffic_26": null, "VCR_26": "0.108", "AADT_26": null, "Tipe_Jb_26": null, "Lat_26": 0.26744875295764814, "Long_26": 99.558563231999997, "Tgl_Ins_26": "5\/31\/2025", "Ket_26": null }, "geometry": { "type": "Point", "coordinates": [ 99.5585632320076, 0.267448752957648 ] } },
{ "type": "Feature", "properties": { "KDRUAS_UPD": "06020", "NOJBT_UPD": "06.020.031.0", "NM_RUAS_UP": "SIMP. AIR BALAM - SIMP. EMPAT", "NM_JBT_UPD": "BATANG SIKABAU", "PROVINSI": "SUMATERA BARAT", "No_Prov_26": "06", "ID_Jbt_26": "0600226", "Kd_Ruas_26": "06020", "Suffix_26": null, "Nm_Ruas_26": "SIMP. AIR BALAM - SIMP. EMPAT", "Lintas_26": "JALAN LINTAS BARAT", "No_Jbt_26": "06.020.031.0", "Nm_Jbt_26": "BATANG SIKABAU", "Status_26": "N", "Fungsi_26": "K1", "Lks_Dr_26": "PDG", "Lks_km_26": 321.15, "F_STA_26": "4860", "Cadin_26": "SP4", "Pjg_Jbt_26": 83.5, "Btg_Pjg_26": 45.9, "Jml_Btg_26": "2", "Lb_Jl_Ms26": 5.0, "Lb_Jl_Kl26": 5.0, "Lb_Lalin26": 5.0, "Lb_Bh_Ki26": 0.5, "Lb_Bh_Ka26": 0.4, "Lb_Dr_Ki26": 0.0, "Lb_Dr_Ka26": 0.0, "Lb_Tr_Ki26": 0.5, "Lb_Tr_Ka26": 0.5, "Lb_TS_Ki26": 0.0, "Lb_TS_Ka26": 0.0, "Lb_Med_26": 0.0, "Lbr_Jbt_26": 6.9, "Bgn_Ats_26": "RBB", "Jns_Jbt_26": "STANDAR", "Thn_Bgn_26": "1985", "BA_26": "2", "LNT_26": "1", "BB_26": "1", "DAS_26": "2", "OP_26": "1", "UT_26": "0", "GR_26": "0", "LB_26": "0", "JBT_26": "2", "Tp_Lnts_26": "SUNGAI", "Dt_Lnts_26": "BERKELOK", "Pnangnn_26": "RUTIN", "Pmriksn_26": "RUTIN", "Pnglola_26": "BPJN SUMATERA BARAT", "Satkr_ID26": "693875", "PPK_Name26": "PPK 1.4", "Traffic_26": null, "VCR_26": "0.108", "AADT_26": null, "Tipe_Jb_26": null, "Lat_26": 0.27492532164632166, "Long_26": 99.55374145479999, "Tgl_Ins_26": "7\/11\/2025", "Ket_26": null }, "geometry": { "type": "Point", "coordinates": [ 99.553741454804367, 0.274925321646322 ] } },
{ "type": "Feature", "properties": { "KDRUAS_UPD": "06020", "NOJBT_UPD": "06.020.032.0", "NM_RUAS_UP": "SIMP. AIR BALAM - SIMP. EMPAT", "NM_JBT_UPD": "SUNGAI AIR TALANG", "PROVINSI": "SUMATERA BARAT", "No_Prov_26": "06", "ID_Jbt_26": "0600227", "Kd_Ruas_26": "06020", "Suffix_26": null, "Nm_Ruas_26": "SIMP. AIR BALAM - SIMP. EMPAT", "Lintas_26": "JALAN LINTAS BARAT", "No_Jbt_26": "06.020.032.0", "Nm_Jbt_26": "SUNGAI AIR TALANG", "Status_26": "N", "Fungsi_26": "K1", "Lks_Dr_26": "PDG", "Lks_km_26": 323.11, "F_STA_26": "5050", "Cadin_26": "SP4", "Pjg_Jbt_26": 13.2, "Btg_Pjg_26": 13.0, "Jml_Btg_26": "1", "Lb_Jl_Ms26": 6.15, "Lb_Jl_Kl26": 6.15, "Lb_Lalin26": 6.15, "Lb_Bh_Ki26": 0.55, "Lb_Bh_Ka26": 0.6, "Lb_Dr_Ki26": 0.0, "Lb_Dr_Ka26": 0.0, "Lb_Tr_Ki26": 0.49, "Lb_Tr_Ka26": 0.49, "Lb_TS_Ki26": 0.285, "Lb_TS_Ka26": 0.285, "Lb_Med_26": 0.0, "Lbr_Jbt_26": 8.85, "Bgn_Ats_26": "GTP", "Jns_Jbt_26": "STANDAR", "Thn_Bgn_26": "1991", "BA_26": "2", "LNT_26": "2", "BB_26": "0", "DAS_26": "0", "OP_26": "0", "UT_26": "0", "GR_26": "0", "LB_26": "0", "JBT_26": "2", "Tp_Lnts_26": "SUNGAI", "Dt_Lnts_26": "BERKELOK", "Pnangnn_26": "RUTIN", "Pmriksn_26": "RUTIN", "Pnglola_26": "BPJN SUMATERA BARAT", "Satkr_ID26": "693875", "PPK_Name26": "PPK 1.4", "Traffic_26": null, "VCR_26": "0.108", "AADT_26": null, "Tipe_Jb_26": null, "Lat_26": 0.2831825909038912, "Long_26": 99.538734436300004, "Tgl_Ins_26": "9\/21\/2022", "Ket_26": null }, "geometry": { "type": "Point", "coordinates": [ 99.538734436345237, 0.283182590903891 ] } },
{ "type": "Feature", "properties": { "KDRUAS_UPD": "06020", "NOJBT_UPD": "06.020.033.0", "NM_RUAS_UP": "SIMP. AIR BALAM - SIMP. EMPAT", "NM_JBT_UPD": "SUNGAI DANAU KERUH", "PROVINSI": "SUMATERA BARAT", "No_Prov_26": "06", "ID_Jbt_26": "0600228", "Kd_Ruas_26": "06020", "Suffix_26": null, "Nm_Ruas_26": "SIMP. AIR BALAM - SIMP. EMPAT", "Lintas_26": "JALAN LINTAS BARAT", "No_Jbt_26": "06.020.033.0", "Nm_Jbt_26": "SUNGAI DANAU KERUH", "Status_26": "N", "Fungsi_26": "K1", "Lks_Dr_26": "PDG", "Lks_km_26": 324.02, "F_STA_26": "5150", "Cadin_26": "SP4", "Pjg_Jbt_26": 9.3, "Btg_Pjg_26": 9.0, "Jml_Btg_26": "1", "Lb_Jl_Ms26": 5.45, "Lb_Jl_Kl26": 5.45, "Lb_Lalin26": 5.45, "Lb_Bh_Ki26": 0.73, "Lb_Bh_Ka26": 0.42, "Lb_Dr_Ki26": 0.22, "Lb_Dr_Ka26": 0.2, "Lb_Tr_Ki26": 0.93, "Lb_Tr_Ka26": 1.0, "Lb_TS_Ki26": 0.325, "Lb_TS_Ka26": 0.325, "Lb_Med_26": 0.0, "Lbr_Jbt_26": 9.6, "Bgn_Ats_26": "GTP", "Jns_Jbt_26": "STANDAR", "Thn_Bgn_26": "1992", "BA_26": "2", "LNT_26": "2", "BB_26": "0", "DAS_26": "0", "OP_26": "0", "UT_26": "0", "GR_26": "0", "LB_26": "0", "JBT_26": "2", "Tp_Lnts_26": "SUNGAI", "Dt_Lnts_26": "BERKELOK", "Pnangnn_26": "RUTIN", "Pmriksn_26": "RUTIN", "Pnglola_26": "BPJN SUMATERA BARAT", "Satkr_ID26": "693875", "PPK_Name26": "PPK 1.4", "Traffic_26": null, "VCR_26": "0.108", "AADT_26": null, "Tipe_Jb_26": null, "Lat_26": 0.28780552710344409, "Long_26": 99.533378601199999, "Tgl_Ins_26": "8\/25\/2022", "Ket_26": null }, "geometry": { "type": "Point", "coordinates": [ 99.533378601241509, 0.287805527103444 ] } },
{ "type": "Feature", "properties": { "KDRUAS_UPD": "06020", "NOJBT_UPD": "06.020.034.0", "NM_RUAS_UP": "SIMP. AIR BALAM - SIMP. EMPAT", "NM_JBT_UPD": "BATANG AIR KALAM", "PROVINSI": "SUMATERA BARAT", "No_Prov_26": "06", "ID_Jbt_26": "0600229", "Kd_Ruas_26": "06020", "Suffix_26": null, "Nm_Ruas_26": "SIMP. AIR BALAM - SIMP. EMPAT", "Lintas_26": "JALAN LINTAS BARAT", "No_Jbt_26": "06.020.034.0", "Nm_Jbt_26": "BATANG AIR KALAM", "Status_26": "N", "Fungsi_26": "K1", "Lks_Dr_26": "PDG", "Lks_km_26": 324.19, "F_STA_26": "5160", "Cadin_26": "SP4", "Pjg_Jbt_26": 25.5, "Btg_Pjg_26": 25.0, "Jml_Btg_26": "1", "Lb_Jl_Ms26": 4.8, "Lb_Jl_Kl26": 4.8, "Lb_Lalin26": 4.8, "Lb_Bh_Ki26": 0.0057, "Lb_Bh_Ka26": 0.51, "Lb_Dr_Ki26": 0.0, "Lb_Dr_Ka26": 0.0, "Lb_Tr_Ki26": 0.48, "Lb_Tr_Ka26": 0.48, "Lb_TS_Ki26": 0.36215, "Lb_TS_Ka26": 0.36215, "Lb_Med_26": 0.0, "Lbr_Jbt_26": 7.0, "Bgn_Ats_26": "GBP", "Jns_Jbt_26": "STANDAR", "Thn_Bgn_26": "1992", "BA_26": "2", "LNT_26": "1", "BB_26": "1", "DAS_26": "1", "OP_26": "0", "UT_26": "0", "GR_26": "0", "LB_26": "0", "JBT_26": "2", "Tp_Lnts_26": "SUNGAI", "Dt_Lnts_26": "BERKELOK", "Pnangnn_26": "BERKALA", "Pmriksn_26": "RUTIN", "Pnglola_26": "BPJN SUMATERA BARAT", "Satkr_ID26": "693875", "PPK_Name26": "PPK 1.4", "Traffic_26": null, "VCR_26": "0.108", "AADT_26": null, "Tipe_Jb_26": null, "Lat_26": 0.28699225219071423, "Long_26": 99.532241821300005, "Tgl_Ins_26": "9\/28\/2020", "Ket_26": null }, "geometry": { "type": "Point", "coordinates": [ 99.532241821303046, 0.286992252190714 ] } },
{ "type": "Feature", "properties": { "KDRUAS_UPD": "06020", "NOJBT_UPD": "06.020.036.0", "NM_RUAS_UP": "SIMP. AIR BALAM - SIMP. EMPAT", "NM_JBT_UPD": "BATANG TANJUNG ALAI", "PROVINSI": "SUMATERA BARAT", "No_Prov_26": "06", "ID_Jbt_26": "0600231", "Kd_Ruas_26": "06020", "Suffix_26": null, "Nm_Ruas_26": "SIMP. AIR BALAM - SIMP. EMPAT", "Lintas_26": "JALAN LINTAS BARAT", "No_Jbt_26": "06.020.036.0", "Nm_Jbt_26": "BATANG TANJUNG ALAI", "Status_26": "N", "Fungsi_26": "K1", "Lks_Dr_26": "PDG", "Lks_km_26": 327.01, "F_STA_26": "5440", "Cadin_26": "SP4", "Pjg_Jbt_26": 11.6, "Btg_Pjg_26": 11.0, "Jml_Btg_26": "1", "Lb_Jl_Ms26": 5.85, "Lb_Jl_Kl26": 5.85, "Lb_Lalin26": 5.85, "Lb_Bh_Ki26": 0.46, "Lb_Bh_Ka26": 0.5, "Lb_Dr_Ki26": 0.0, "Lb_Dr_Ka26": 0.0, "Lb_Tr_Ki26": 0.75, "Lb_Tr_Ka26": 0.7, "Lb_TS_Ki26": 0.37, "Lb_TS_Ka26": 0.37, "Lb_Med_26": 0.0, "Lbr_Jbt_26": 9.0, "Bgn_Ats_26": "GTP", "Jns_Jbt_26": "STANDAR", "Thn_Bgn_26": "1997", "BA_26": "1", "LNT_26": "0", "BB_26": "2", "DAS_26": "1", "OP_26": "0", "UT_26": "0", "GR_26": "0", "LB_26": "0", "JBT_26": "2", "Tp_Lnts_26": "SUNGAI", "Dt_Lnts_26": "BERKELOK", "Pnangnn_26": "RUTIN", "Pmriksn_26": "TIDAK DISURVEI", "Pnglola_26": "BPJN SUMATERA BARAT", "Satkr_ID26": "693875", "PPK_Name26": "PPK 1.4", "Traffic_26": null, "VCR_26": "0.108", "AADT_26": null, "Tipe_Jb_26": null, "Lat_26": 0.27984625090380177, "Long_26": 99.510192871100003, "Tgl_Ins_26": "5\/28\/2021", "Ket_26": null }, "geometry": { "type": "Point", "coordinates": [ 99.510192871104152, 0.279846250903802 ] } },
{ "type": "Feature", "properties": { "KDRUAS_UPD": "06020", "NOJBT_UPD": "06.020.037.0", "NM_RUAS_UP": "SIMP. AIR BALAM - SIMP. EMPAT", "NM_JBT_UPD": "BATANG LAPU", "PROVINSI": "SUMATERA BARAT", "No_Prov_26": "06", "ID_Jbt_26": "0600232", "Kd_Ruas_26": "06020", "Suffix_26": null, "Nm_Ruas_26": "SIMP. AIR BALAM - SIMP. EMPAT", "Lintas_26": "JALAN LINTAS BARAT", "No_Jbt_26": "06.020.037.0", "Nm_Jbt_26": "BATANG LAPU", "Status_26": "N", "Fungsi_26": "K1", "Lks_Dr_26": "PDG", "Lks_km_26": 326.95, "F_STA_26": "5530", "Cadin_26": "SP4", "Pjg_Jbt_26": 36.7, "Btg_Pjg_26": 36.0, "Jml_Btg_26": "1", "Lb_Jl_Ms26": 4.85, "Lb_Jl_Kl26": 4.85, "Lb_Lalin26": 4.85, "Lb_Bh_Ki26": 0.28, "Lb_Bh_Ka26": 0.37, "Lb_Dr_Ki26": 0.18, "Lb_Dr_Ka26": 0.15, "Lb_Tr_Ki26": 0.48, "Lb_Tr_Ka26": 0.48, "Lb_TS_Ki26": 0.0, "Lb_TS_Ka26": 0.0, "Lb_Med_26": 0.0, "Lbr_Jbt_26": 6.79, "Bgn_Ats_26": "RBA", "Jns_Jbt_26": "STANDAR", "Thn_Bgn_26": "1992", "BA_26": "2", "LNT_26": "1", "BB_26": "1", "DAS_26": "1", "OP_26": "1", "UT_26": "0", "GR_26": "0", "LB_26": "0", "JBT_26": "2", "Tp_Lnts_26": "SUNGAI", "Dt_Lnts_26": "BERKELOK", "Pnangnn_26": "RUTIN", "Pmriksn_26": "RUTIN", "Pnglola_26": "BPJN SUMATERA BARAT", "Satkr_ID26": "693875", "PPK_Name26": "PPK 1.4", "Traffic_26": null, "VCR_26": "0.108", "AADT_26": null, "Tipe_Jb_26": null, "Lat_26": 0.27977114941904802, "Long_26": 99.503440856499992, "Tgl_Ins_26": "7\/11\/2025", "Ket_26": null }, "geometry": { "type": "Point", "coordinates": [ 99.503440856510394, 0.279771149419048 ] } },
{ "type": "Feature", "properties": { "KDRUAS_UPD": "06020", "NOJBT_UPD": "06.020.039.0", "NM_RUAS_UP": "SIMP. AIR BALAM - SIMP. EMPAT", "NM_JBT_UPD": "BATANG GARUNTANG", "PROVINSI": "SUMATERA BARAT", "No_Prov_26": "06", "ID_Jbt_26": "0600234", "Kd_Ruas_26": "06020", "Suffix_26": null, "Nm_Ruas_26": "SIMP. AIR BALAM - SIMP. EMPAT", "Lintas_26": "JALAN LINTAS BARAT", "No_Jbt_26": "06.020.039.0", "Nm_Jbt_26": "BATANG GARUNTANG", "Status_26": "N", "Fungsi_26": "K1", "Lks_Dr_26": "PDG", "Lks_km_26": 330.3, "F_STA_26": "5870", "Cadin_26": "SP4", "Pjg_Jbt_26": 7.0, "Btg_Pjg_26": 3.0, "Jml_Btg_26": "2", "Lb_Jl_Ms26": 4.9, "Lb_Jl_Kl26": 4.9, "Lb_Lalin26": 4.9, "Lb_Bh_Ki26": 0.36, "Lb_Bh_Ka26": 0.54, "Lb_Dr_Ki26": 0.0, "Lb_Dr_Ka26": 0.0, "Lb_Tr_Ki26": 0.43, "Lb_Tr_Ka26": 0.42, "Lb_TS_Ki26": 0.275, "Lb_TS_Ka26": 0.275, "Lb_Med_26": 0.0, "Lbr_Jbt_26": 7.2, "Bgn_Ats_26": "BTP", "Jns_Jbt_26": "STANDAR", "Thn_Bgn_26": "1980", "BA_26": "0", "LNT_26": "0", "BB_26": "0", "DAS_26": "2", "OP_26": "0", "UT_26": "0", "GR_26": "2", "LB_26": "0", "JBT_26": "2", "Tp_Lnts_26": "SUNGAI", "Dt_Lnts_26": "BERKELOK", "Pnangnn_26": "RUTIN", "Pmriksn_26": "RUTIN", "Pnglola_26": "BPJN SUMATERA BARAT", "Satkr_ID26": "693875", "PPK_Name26": "PPK 1.4", "Traffic_26": null, "VCR_26": "0.108", "AADT_26": null, "Tipe_Jb_26": null, "Lat_26": 0.27936932423494909, "Long_26": 99.478950500600007, "Tgl_Ins_26": "6\/25\/2024", "Ket_26": null }, "geometry": { "type": "Point", "coordinates": [ 99.47895050056519, 0.279369324234949 ] } },
{ "type": "Feature", "properties": { "KDRUAS_UPD": "06020", "NOJBT_UPD": "06.020.040.0", "NM_RUAS_UP": "SIMP. AIR BALAM - SIMP. EMPAT", "NM_JBT_UPD": "BATANG SIDUAMPAN", "PROVINSI": "SUMATERA BARAT", "No_Prov_26": "06", "ID_Jbt_26": "0600235", "Kd_Ruas_26": "06020", "Suffix_26": null, "Nm_Ruas_26": "SIMP. AIR BALAM - SIMP. EMPAT", "Lintas_26": "JALAN LINTAS BARAT", "No_Jbt_26": "06.020.040.0", "Nm_Jbt_26": "BATANG SIDUAMPAN", "Status_26": "N", "Fungsi_26": "K1", "Lks_Dr_26": "PDG", "Lks_km_26": 333.2, "F_STA_26": "6160", "Cadin_26": "SP4", "Pjg_Jbt_26": 30.7, "Btg_Pjg_26": 30.2, "Jml_Btg_26": "1", "Lb_Jl_Ms26": 5.5, "Lb_Jl_Kl26": 5.5, "Lb_Lalin26": 5.5, "Lb_Bh_Ki26": 0.0, "Lb_Bh_Ka26": 0.0, "Lb_Dr_Ki26": 0.15, "Lb_Dr_Ka26": 0.15, "Lb_Tr_Ki26": 0.49, "Lb_Tr_Ka26": 0.5, "Lb_TS_Ki26": 0.105, "Lb_TS_Ka26": 0.105, "Lb_Med_26": 0.0, "Lbr_Jbt_26": 7.0, "Bgn_Ats_26": "GBP", "Jns_Jbt_26": "STANDAR", "Thn_Bgn_26": "1992", "BA_26": "2", "LNT_26": "1", "BB_26": "1", "DAS_26": "2", "OP_26": "0", "UT_26": "0", "GR_26": "0", "LB_26": "0", "JBT_26": "2", "Tp_Lnts_26": "SUNGAI", "Dt_Lnts_26": "BERKELOK", "Pnangnn_26": "BERKALA", "Pmriksn_26": "RUTIN", "Pnglola_26": "BPJN SUMATERA BARAT", "Satkr_ID26": "693875", "PPK_Name26": "PPK 1.4", "Traffic_26": null, "VCR_26": "0.108", "AADT_26": null, "Tipe_Jb_26": null, "Lat_26": 0.26588076338657629, "Long_26": 99.462898254099983, "Tgl_Ins_26": "9\/28\/2020", "Ket_26": null }, "geometry": { "type": "Point", "coordinates": [ 99.462898254051254, 0.265880763386576 ] } },
{ "type": "Feature", "properties": { "KDRUAS_UPD": "06021", "NOJBT_UPD": "06.021.001.A", "NM_RUAS_UP": "SIMP. EMPAT - PADANG SAWAH", "NM_JBT_UPD": "BATANG TIMAH A", "PROVINSI": "SUMATERA BARAT", "No_Prov_26": "06", "ID_Jbt_26": "0600236", "Kd_Ruas_26": "06021", "Suffix_26": null, "Nm_Ruas_26": "SIMP. EMPAT - PADANG SAWAH", "Lintas_26": "JALAN LINTAS BARAT", "No_Jbt_26": "06.021.001.A", "Nm_Jbt_26": "BATANG TIMAH A", "Status_26": "N", "Fungsi_26": "K1", "Lks_Dr_26": "PDG", "Lks_km_26": 136.45, "F_STA_26": "210", "Cadin_26": "SP4", "Pjg_Jbt_26": 103.4, "Btg_Pjg_26": 25.6, "Jml_Btg_26": "4", "Lb_Jl_Ms26": 3.01, "Lb_Jl_Kl26": 3.01, "Lb_Lalin26": 3.01, "Lb_Bh_Ki26": 0.3, "Lb_Bh_Ka26": 0.3, "Lb_Dr_Ki26": 0.0, "Lb_Dr_Ka26": 0.0, "Lb_Tr_Ki26": 0.53, "Lb_Tr_Ka26": 0.5, "Lb_TS_Ki26": 0.28, "Lb_TS_Ka26": 0.28, "Lb_Med_26": 0.0, "Lbr_Jbt_26": 5.2, "Bgn_Ats_26": "GPP", "Jns_Jbt_26": "STANDAR", "Thn_Bgn_26": "1983", "BA_26": "2", "LNT_26": "1", "BB_26": "0", "DAS_26": "1", "OP_26": "1", "UT_26": "0", "GR_26": "0", "LB_26": "0", "JBT_26": "2", "Tp_Lnts_26": "SUNGAI", "Dt_Lnts_26": "BERKELOK", "Pnangnn_26": "RUTIN", "Pmriksn_26": "RUTIN", "Pnglola_26": "BPJN SUMATERA BARAT", "Satkr_ID26": "693875", "PPK_Name26": "PPK 1.4", "Traffic_26": null, "VCR_26": "0.733", "AADT_26": null, "Tipe_Jb_26": null, "Lat_26": -0.068680554563900001, "Long_26": 100.03365325900002, "Tgl_Ins_26": "6\/25\/2024", "Ket_26": null }, "geometry": { "type": "Point", "coordinates": [ 100.033653258591073, -0.068680554563912 ] } },
{ "type": "Feature", "properties": { "KDRUAS_UPD": "06021", "NOJBT_UPD": "06.021.001.B", "NM_RUAS_UP": "SIMP. EMPAT - PADANG SAWAH", "NM_JBT_UPD": "BATANG TIMAH B", "PROVINSI": "SUMATERA BARAT", "No_Prov_26": "06", "ID_Jbt_26": "0600237", "Kd_Ruas_26": "06021", "Suffix_26": null, "Nm_Ruas_26": "SIMP. EMPAT - PADANG SAWAH", "Lintas_26": "JALAN LINTAS BARAT", "No_Jbt_26": "06.021.001.B", "Nm_Jbt_26": "BATANG TIMAH B", "Status_26": "N", "Fungsi_26": "K1", "Lks_Dr_26": "PDG", "Lks_km_26": 136.45, "F_STA_26": "210", "Cadin_26": "SP4", "Pjg_Jbt_26": 104.4, "Btg_Pjg_26": 26.0, "Jml_Btg_26": "4", "Lb_Jl_Ms26": 5.42, "Lb_Jl_Kl26": 5.42, "Lb_Lalin26": 5.42, "Lb_Bh_Ki26": 0.59, "Lb_Bh_Ka26": 0.4, "Lb_Dr_Ki26": 0.0, "Lb_Dr_Ka26": 0.0, "Lb_Tr_Ki26": 0.48, "Lb_Tr_Ka26": 0.46, "Lb_TS_Ki26": 0.175, "Lb_TS_Ka26": 0.175, "Lb_Med_26": 0.0, "Lbr_Jbt_26": 7.7, "Bgn_Ats_26": "GPP", "Jns_Jbt_26": "STANDAR", "Thn_Bgn_26": "1989", "BA_26": "2", "LNT_26": "2", "BB_26": "0", "DAS_26": "0", "OP_26": "2", "UT_26": "0", "GR_26": "0", "LB_26": "0", "JBT_26": "2", "Tp_Lnts_26": "SUNGAI", "Dt_Lnts_26": "BERKELOK", "Pnangnn_26": "RUTIN", "Pmriksn_26": "RUTIN", "Pnglola_26": "BPJN SUMATERA BARAT", "Satkr_ID26": "693875", "PPK_Name26": "PPK 1.4", "Traffic_26": null, "VCR_26": "0.733", "AADT_26": null, "Tipe_Jb_26": null, "Lat_26": -0.068636357381900021, "Long_26": 100.033760071, "Tgl_Ins_26": "8\/25\/2022", "Ket_26": null }, "geometry": { "type": "Point", "coordinates": [ 100.033760071070503, -0.068636357381934 ] } },
{ "type": "Feature", "properties": { "KDRUAS_UPD": "06021", "NOJBT_UPD": "06.021.002.0", "NM_RUAS_UP": "SIMP. EMPAT - PADANG SAWAH", "NM_JBT_UPD": "BATANG TINGKOK", "PROVINSI": "SUMATERA BARAT", "No_Prov_26": "06", "ID_Jbt_26": "0600238", "Kd_Ruas_26": "06021", "Suffix_26": null, "Nm_Ruas_26": "SIMP. EMPAT - PADANG SAWAH", "Lintas_26": "JALAN LINTAS BARAT", "No_Jbt_26": "06.021.002.0", "Nm_Jbt_26": "BATANG TINGKOK", "Status_26": "N", "Fungsi_26": "K1", "Lks_Dr_26": "PDG", "Lks_km_26": 140.35, "F_STA_26": "600", "Cadin_26": "SP4", "Pjg_Jbt_26": 40.3, "Btg_Pjg_26": 27.8, "Jml_Btg_26": "3", "Lb_Jl_Ms26": 5.33, "Lb_Jl_Kl26": 5.33, "Lb_Lalin26": 5.33, "Lb_Bh_Ki26": 0.3, "Lb_Bh_Ka26": 0.33, "Lb_Dr_Ki26": 0.0, "Lb_Dr_Ka26": 0.0, "Lb_Tr_Ki26": 0.55, "Lb_Tr_Ka26": 0.53, "Lb_TS_Ki26": 0.365, "Lb_TS_Ka26": 0.365, "Lb_Med_26": 0.0, "Lbr_Jbt_26": 7.77, "Bgn_Ats_26": "GTP", "Jns_Jbt_26": "STANDAR", "Thn_Bgn_26": "1983", "BA_26": "1", "LNT_26": "0", "BB_26": "1", "DAS_26": "2", "OP_26": "0", "UT_26": "0", "GR_26": "0", "LB_26": "0", "JBT_26": "2", "Tp_Lnts_26": "SUNGAI", "Dt_Lnts_26": "BERKELOK", "Pnangnn_26": "RUTIN", "Pmriksn_26": "RUTIN", "Pnglola_26": "BPJN SUMATERA BARAT", "Satkr_ID26": "693875", "PPK_Name26": "PPK 1.4", "Traffic_26": null, "VCR_26": "0.733", "AADT_26": null, "Tipe_Jb_26": null, "Lat_26": -0.061310917065100001, "Long_26": 100.003540039, "Tgl_Ins_26": "6\/26\/2024", "Ket_26": null }, "geometry": { "type": "Point", "coordinates": [ 100.003540039041638, -0.0613109170651 ] } },
{ "type": "Feature", "properties": { "KDRUAS_UPD": "06021", "NOJBT_UPD": "06.021.003.0", "NM_RUAS_UP": "SIMP. EMPAT - PADANG SAWAH", "NM_JBT_UPD": "BATANG MASANG KECIL", "PROVINSI": "SUMATERA BARAT", "No_Prov_26": "06", "ID_Jbt_26": "0600239", "Kd_Ruas_26": "06021", "Suffix_26": null, "Nm_Ruas_26": "SIMP. EMPAT - PADANG SAWAH", "Lintas_26": "JALAN LINTAS BARAT", "No_Jbt_26": "06.021.003.0", "Nm_Jbt_26": "BATANG MASANG KECIL", "Status_26": "N", "Fungsi_26": "K1", "Lks_Dr_26": "PDG", "Lks_km_26": 140.35, "F_STA_26": "1010", "Cadin_26": "SP4", "Pjg_Jbt_26": 26.2, "Btg_Pjg_26": 26.0, "Jml_Btg_26": "1", "Lb_Jl_Ms26": 5.48, "Lb_Jl_Kl26": 5.48, "Lb_Lalin26": 5.48, "Lb_Bh_Ki26": 0.34, "Lb_Bh_Ka26": 0.23, "Lb_Dr_Ki26": 0.0, "Lb_Dr_Ka26": 0.0, "Lb_Tr_Ki26": 0.5, "Lb_Tr_Ka26": 0.5, "Lb_TS_Ki26": 0.325, "Lb_TS_Ka26": 0.325, "Lb_Med_26": 0.0, "Lbr_Jbt_26": 7.7, "Bgn_Ats_26": "GPP", "Jns_Jbt_26": "STANDAR", "Thn_Bgn_26": "1984", "BA_26": "2", "LNT_26": "2", "BB_26": "2", "DAS_26": "0", "OP_26": "2", "UT_26": "0", "GR_26": "0", "LB_26": "0", "JBT_26": "2", "Tp_Lnts_26": "SUNGAI", "Dt_Lnts_26": "BERKELOK", "Pnangnn_26": "BERKALA", "Pmriksn_26": "DETAIL", "Pnglola_26": "BPJN SUMATERA BARAT", "Satkr_ID26": "693875", "PPK_Name26": "PPK 1.4", "Traffic_26": null, "VCR_26": "0.733", "AADT_26": null, "Tipe_Jb_26": null, "Lat_26": -0.062540471965200004, "Long_26": 99.96854400620002, "Tgl_Ins_26": "6\/8\/2026", "Ket_26": null }, "geometry": { "type": "Point", "coordinates": [ 99.968544006201, -0.062540471965178 ] } },
{ "type": "Feature", "properties": { "KDRUAS_UPD": "06023", "NOJBT_UPD": "06.023.014.0", "NM_RUAS_UP": "MANGGAPOH - BTS. KOTA PARIAMAN", "NM_JBT_UPD": "PAINGAN 1", "PROVINSI": "SUMATERA BARAT", "No_Prov_26": "06", "ID_Jbt_26": "0600274", "Kd_Ruas_26": "06023", "Suffix_26": null, "Nm_Ruas_26": "MANGGAPOH - BTS. KOTA PARIAMAN", "Lintas_26": "JALAN LINTAS BARAT", "No_Jbt_26": "06.023.014.0", "Nm_Jbt_26": "PAINGAN 1", "Status_26": "N", "Fungsi_26": "K1", "Lks_Dr_26": "PDG", "Lks_km_26": 78.2, "F_STA_26": "1450", "Cadin_26": "PRM", "Pjg_Jbt_26": 6.4, "Btg_Pjg_26": 3.1, "Jml_Btg_26": "2", "Lb_Jl_Ms26": 6.5, "Lb_Jl_Kl26": 6.5, "Lb_Lalin26": 6.5, "Lb_Bh_Ki26": 1.5, "Lb_Bh_Ka26": 2.2, "Lb_Dr_Ki26": 0.0, "Lb_Dr_Ka26": 0.0, "Lb_Tr_Ki26": 0.0, "Lb_Tr_Ka26": 0.0, "Lb_TS_Ki26": 0.415, "Lb_TS_Ka26": 0.415, "Lb_Med_26": 0.0, "Lbr_Jbt_26": 11.03, "Bgn_Ats_26": "BTP", "Jns_Jbt_26": "STANDAR", "Thn_Bgn_26": "1982", "BA_26": "2", "LNT_26": "0", "BB_26": "0", "DAS_26": "2", "OP_26": "0", "UT_26": "0", "GR_26": "0", "LB_26": "0", "JBT_26": "2", "Tp_Lnts_26": "SUNGAI", "Dt_Lnts_26": "BERKELOK", "Pnangnn_26": "RUTIN", "Pmriksn_26": "RUTIN", "Pnglola_26": "BPJN SUMATERA BARAT", "Satkr_ID26": "693875", "PPK_Name26": "PPK 1.5", "Traffic_26": null, "VCR_26": "0.498", "AADT_26": null, "Tipe_Jb_26": null, "Lat_26": -0.47851400002099997, "Long_26": 100.018274, "Tgl_Ins_26": "6\/26\/2024", "Ket_26": null }, "geometry": { "type": "Point", "coordinates": [ 100.018273999945222, -0.47851400002105 ] } },
{ "type": "Feature", "properties": { "KDRUAS_UPD": "06023", "NOJBT_UPD": "06.023.015.0", "NM_RUAS_UP": "MANGGAPOH - BTS. KOTA PARIAMAN", "NM_JBT_UPD": "PAINGAN 2", "PROVINSI": "SUMATERA BARAT", "No_Prov_26": "06", "ID_Jbt_26": "0600275", "Kd_Ruas_26": "06023", "Suffix_26": null, "Nm_Ruas_26": "MANGGAPOH - BTS. KOTA PARIAMAN", "Lintas_26": "JALAN LINTAS BARAT", "No_Jbt_26": "06.023.015.0", "Nm_Jbt_26": "PAINGAN 2", "Status_26": "N", "Fungsi_26": "K1", "Lks_Dr_26": "PDG", "Lks_km_26": 77.7, "F_STA_26": "1470", "Cadin_26": "PRM", "Pjg_Jbt_26": 31.4, "Btg_Pjg_26": 15.5, "Jml_Btg_26": "2", "Lb_Jl_Ms26": 5.5, "Lb_Jl_Kl26": 5.5, "Lb_Lalin26": 5.5, "Lb_Bh_Ki26": 0.26, "Lb_Bh_Ka26": 0.33, "Lb_Dr_Ki26": 0.0, "Lb_Dr_Ka26": 0.0, "Lb_Tr_Ki26": 0.45, "Lb_Tr_Ka26": 0.47, "Lb_TS_Ki26": 0.39, "Lb_TS_Ka26": 0.39, "Lb_Med_26": 0.0, "Lbr_Jbt_26": 7.79, "Bgn_Ats_26": "GTP", "Jns_Jbt_26": "STANDAR", "Thn_Bgn_26": "1982", "BA_26": "2", "LNT_26": "0", "BB_26": "1", "DAS_26": "1", "OP_26": "0", "UT_26": "0", "GR_26": "0", "LB_26": "0", "JBT_26": "2", "Tp_Lnts_26": "SUNGAI", "Dt_Lnts_26": "BERKELOK", "Pnangnn_26": "RUTIN", "Pmriksn_26": "RUTIN", "Pnglola_26": "BPJN SUMATERA BARAT", "Satkr_ID26": "693875", "PPK_Name26": "PPK 1.5", "Traffic_26": null, "VCR_26": "0.498", "AADT_26": null, "Tipe_Jb_26": null, "Lat_26": -0.47695401351700001, "Long_26": 100.01673889200001, "Tgl_Ins_26": "6\/26\/2024", "Ket_26": null }, "geometry": { "type": "Point", "coordinates": [ 100.016738892286128, -0.476954013516888 ] } },
{ "type": "Feature", "properties": { "KDRUAS_UPD": "06023", "NOJBT_UPD": "06.023.016.0", "NM_RUAS_UP": "MANGGAPOH - BTS. KOTA PARIAMAN", "NM_JBT_UPD": "SIGURONG", "PROVINSI": "SUMATERA BARAT", "No_Prov_26": "06", "ID_Jbt_26": "0600276", "Kd_Ruas_26": "06023", "Suffix_26": null, "Nm_Ruas_26": "MANGGAPOH - BTS. KOTA PARIAMAN", "Lintas_26": "JALAN LINTAS BARAT", "No_Jbt_26": "06.023.016.0", "Nm_Jbt_26": "SIGURONG", "Status_26": "N", "Fungsi_26": "K1", "Lks_Dr_26": "PDG", "Lks_km_26": 77.9, "F_STA_26": "1510", "Cadin_26": "PRM", "Pjg_Jbt_26": 13.5, "Btg_Pjg_26": 13.0, "Jml_Btg_26": "1", "Lb_Jl_Ms26": 5.46, "Lb_Jl_Kl26": 5.46, "Lb_Lalin26": 5.46, "Lb_Bh_Ki26": 0.3, "Lb_Bh_Ka26": 0.3, "Lb_Dr_Ki26": 0.0, "Lb_Dr_Ka26": 0.0, "Lb_Tr_Ki26": 0.5, "Lb_Tr_Ka26": 0.5, "Lb_TS_Ki26": 0.27, "Lb_TS_Ka26": 0.27, "Lb_Med_26": 0.0, "Lbr_Jbt_26": 7.6, "Bgn_Ats_26": "GTP", "Jns_Jbt_26": "STANDAR", "Thn_Bgn_26": "1982", "BA_26": "2", "LNT_26": "2", "BB_26": "0", "DAS_26": "1", "OP_26": "0", "UT_26": "0", "GR_26": "0", "LB_26": "0", "JBT_26": "2", "Tp_Lnts_26": "SUNGAI", "Dt_Lnts_26": "BERKELOK", "Pnangnn_26": "BERKALA", "Pmriksn_26": "RUTIN", "Pnglola_26": "BPJN SUMATERA BARAT", "Satkr_ID26": "693875", "PPK_Name26": "PPK 1.5", "Traffic_26": null, "VCR_26": "0.498", "AADT_26": null, "Tipe_Jb_26": null, "Lat_26": -0.475120008082, "Long_26": 100.013580322, "Tgl_Ins_26": "6\/26\/2024", "Ket_26": null }, "geometry": { "type": "Point", "coordinates": [ 100.013580322174164, -0.475120008081888 ] } },
{ "type": "Feature", "properties": { "KDRUAS_UPD": "06021", "NOJBT_UPD": "06.021.014.0", "NM_RUAS_UP": "SIMP. EMPAT - PADANG SAWAH", "NM_JBT_UPD": "SUNGAI HALUAN", "PROVINSI": "SUMATERA BARAT", "No_Prov_26": "06", "ID_Jbt_26": "0600250", "Kd_Ruas_26": "06021", "Suffix_26": null, "Nm_Ruas_26": "SIMP. EMPAT - PADANG SAWAH", "Lintas_26": "JALAN LINTAS BARAT", "No_Jbt_26": "06.021.014.0", "Nm_Jbt_26": "SUNGAI HALUAN", "Status_26": "N", "Fungsi_26": "K1", "Lks_Dr_26": "PDG", "Lks_km_26": 174.21, "F_STA_26": "4020", "Cadin_26": "SP4", "Pjg_Jbt_26": 36.3, "Btg_Pjg_26": 36.0, "Jml_Btg_26": "1", "Lb_Jl_Ms26": 6.47, "Lb_Jl_Kl26": 6.47, "Lb_Lalin26": 6.47, "Lb_Bh_Ki26": 0.42, "Lb_Bh_Ka26": 0.36, "Lb_Dr_Ki26": 0.0, "Lb_Dr_Ka26": 0.0, "Lb_Tr_Ki26": 1.05, "Lb_Tr_Ka26": 1.07, "Lb_TS_Ki26": 0.28, "Lb_TS_Ka26": 0.28, "Lb_Med_26": 0.0, "Lbr_Jbt_26": 9.93, "Bgn_Ats_26": "GPP", "Jns_Jbt_26": "STANDAR", "Thn_Bgn_26": "2011", "BA_26": "1", "LNT_26": "1", "BB_26": "1", "DAS_26": "2", "OP_26": "0", "UT_26": "0", "GR_26": "0", "LB_26": "0", "JBT_26": "2", "Tp_Lnts_26": "SUNGAI", "Dt_Lnts_26": "BERKELOK", "Pnangnn_26": "RUTIN", "Pmriksn_26": "RUTIN", "Pnglola_26": "BPJN SUMATERA BARAT", "Satkr_ID26": "693875", "PPK_Name26": "PPK 1.4", "Traffic_26": null, "VCR_26": "0.733", "AADT_26": null, "Tipe_Jb_26": null, "Lat_26": 0.091112613456402855, "Long_26": 99.825660705199979, "Tgl_Ins_26": "9\/23\/2020", "Ket_26": null }, "geometry": { "type": "Point", "coordinates": [ 99.825660705177484, 0.091112613456403 ] } },
{ "type": "Feature", "properties": { "KDRUAS_UPD": "06022", "NOJBT_UPD": "06.022.001.0", "NM_RUAS_UP": "PADANG SAWAH - MANGGOPOH", "NM_JBT_UPD": "PIARAU", "PROVINSI": "SUMATERA BARAT", "No_Prov_26": "06", "ID_Jbt_26": "0600251", "Kd_Ruas_26": "06022", "Suffix_26": null, "Nm_Ruas_26": "PADANG SAWAH - MANGGOPOH", "Lintas_26": "JALAN LINTAS BARAT", "No_Jbt_26": "06.022.001.0", "Nm_Jbt_26": "PIARAU", "Status_26": "N", "Fungsi_26": "K1", "Lks_Dr_26": "PDG", "Lks_km_26": 104.25, "F_STA_26": "210", "Cadin_26": "PRM", "Pjg_Jbt_26": 16.1, "Btg_Pjg_26": 15.6, "Jml_Btg_26": "1", "Lb_Jl_Ms26": 5.51, "Lb_Jl_Kl26": 5.51, "Lb_Lalin26": 5.51, "Lb_Bh_Ki26": 0.28, "Lb_Bh_Ka26": 0.35, "Lb_Dr_Ki26": 0.0, "Lb_Dr_Ka26": 0.0, "Lb_Tr_Ki26": 0.53, "Lb_Tr_Ka26": 0.48, "Lb_TS_Ki26": 0.18, "Lb_TS_Ka26": 0.18, "Lb_Med_26": 0.0, "Lbr_Jbt_26": 7.51, "Bgn_Ats_26": "GTP", "Jns_Jbt_26": "STANDAR", "Thn_Bgn_26": "1983", "BA_26": "1", "LNT_26": "0", "BB_26": "0", "DAS_26": "1", "OP_26": "1", "UT_26": "0", "GR_26": "0", "LB_26": "0", "JBT_26": "1", "Tp_Lnts_26": "SUNGAI", "Dt_Lnts_26": "BERKELOK", "Pnangnn_26": "RUTIN", "Pmriksn_26": "TIDAK DISURVEI", "Pnglola_26": "BPJN SUMATERA BARAT", "Satkr_ID26": "693875", "PPK_Name26": "PPK 1.5", "Traffic_26": null, "VCR_26": "0.433", "AADT_26": null, "Tipe_Jb_26": null, "Lat_26": -0.30957216012700001, "Long_26": 99.970108032499994, "Tgl_Ins_26": "6\/26\/2024", "Ket_26": null }, "geometry": { "type": "Point", "coordinates": [ 99.970108032459791, -0.309572160127061 ] } },
{ "type": "Feature", "properties": { "KDRUAS_UPD": "06022", "NOJBT_UPD": "06.022.002.0", "NM_RUAS_UP": "PADANG SAWAH - MANGGOPOH", "NM_JBT_UPD": "SITALANG", "PROVINSI": "SUMATERA BARAT", "No_Prov_26": "06", "ID_Jbt_26": "0600252", "Kd_Ruas_26": "06022", "Suffix_26": null, "Nm_Ruas_26": "PADANG SAWAH - MANGGOPOH", "Lintas_26": "JALAN LINTAS BARAT", "No_Jbt_26": "06.022.002.0", "Nm_Jbt_26": "SITALANG", "Status_26": "N", "Fungsi_26": "K1", "Lks_Dr_26": "PDG", "Lks_km_26": 107.51, "F_STA_26": "540", "Cadin_26": "PRM", "Pjg_Jbt_26": 31.7, "Btg_Pjg_26": 15.5, "Jml_Btg_26": "2", "Lb_Jl_Ms26": 5.2, "Lb_Jl_Kl26": 5.2, "Lb_Lalin26": 5.34, "Lb_Bh_Ki26": 0.37, "Lb_Bh_Ka26": 0.37, "Lb_Dr_Ki26": 0.0, "Lb_Dr_Ka26": 0.0, "Lb_Tr_Ki26": 0.52, "Lb_Tr_Ka26": 0.52, "Lb_TS_Ki26": 0.29, "Lb_TS_Ka26": 0.29, "Lb_Med_26": 0.0, "Lbr_Jbt_26": 7.7, "Bgn_Ats_26": "GTP", "Jns_Jbt_26": "STANDAR", "Thn_Bgn_26": "1983", "BA_26": "1", "LNT_26": "1", "BB_26": "0", "DAS_26": "1", "OP_26": "0", "UT_26": "0", "GR_26": "0", "LB_26": "0", "JBT_26": "1", "Tp_Lnts_26": "SUNGAI", "Dt_Lnts_26": "BERKELOK", "Pnangnn_26": "RUTIN", "Pmriksn_26": "TIDAK DISURVEI", "Pnglola_26": "BPJN SUMATERA BARAT", "Satkr_ID26": "693875", "PPK_Name26": "PPK 1.5", "Traffic_26": null, "VCR_26": "0.433", "AADT_26": null, "Tipe_Jb_26": null, "Lat_26": -0.28494504068100002, "Long_26": 99.981529235400004, "Tgl_Ins_26": "6\/26\/2024", "Ket_26": null }, "geometry": { "type": "Point", "coordinates": [ 99.981529235385949, -0.284945040681009 ] } },
{ "type": "Feature", "properties": { "KDRUAS_UPD": "06022", "NOJBT_UPD": "06.022.003.0", "NM_RUAS_UP": "PADANG SAWAH - MANGGOPOH", "NM_JBT_UPD": "LOLO", "PROVINSI": "SUMATERA BARAT", "No_Prov_26": "06", "ID_Jbt_26": "0600253", "Kd_Ruas_26": "06022", "Suffix_26": null, "Nm_Ruas_26": "PADANG SAWAH - MANGGOPOH", "Lintas_26": "JALAN LINTAS BARAT", "No_Jbt_26": "06.022.003.0", "Nm_Jbt_26": "LOLO", "Status_26": "N", "Fungsi_26": "K1", "Lks_Dr_26": "PDG", "Lks_km_26": 108.7, "F_STA_26": "660", "Cadin_26": "PRM", "Pjg_Jbt_26": 18.4, "Btg_Pjg_26": 18.0, "Jml_Btg_26": "1", "Lb_Jl_Ms26": 5.3, "Lb_Jl_Kl26": 5.3, "Lb_Lalin26": 5.3, "Lb_Bh_Ki26": 0.41, "Lb_Bh_Ka26": 0.34, "Lb_Dr_Ki26": 0.0, "Lb_Dr_Ka26": 0.0, "Lb_Tr_Ki26": 0.5, "Lb_Tr_Ka26": 0.5, "Lb_TS_Ki26": 0.32, "Lb_TS_Ka26": 0.32, "Lb_Med_26": 0.0, "Lbr_Jbt_26": 7.69, "Bgn_Ats_26": "GTP", "Jns_Jbt_26": "STANDAR", "Thn_Bgn_26": "1983", "BA_26": "2", "LNT_26": "1", "BB_26": "0", "DAS_26": "0", "OP_26": "0", "UT_26": "0", "GR_26": "0", "LB_26": "0", "JBT_26": "1", "Tp_Lnts_26": "SUNGAI", "Dt_Lnts_26": "BERKELOK", "Pnangnn_26": "RUTIN", "Pmriksn_26": "TIDAK DISURVEI", "Pnglola_26": "BPJN SUMATERA BARAT", "Satkr_ID26": "693875", "PPK_Name26": "PPK 1.5", "Traffic_26": null, "VCR_26": "0.433", "AADT_26": null, "Tipe_Jb_26": null, "Lat_26": -0.27491039000200002, "Long_26": 99.983100891499987, "Tgl_Ins_26": "6\/26\/2024", "Ket_26": null }, "geometry": { "type": "Point", "coordinates": [ 99.983100891492995, -0.274910390002447 ] } },
{ "type": "Feature", "properties": { "KDRUAS_UPD": "06022", "NOJBT_UPD": "06.022.004.0", "NM_RUAS_UP": "PADANG SAWAH - MANGGOPOH", "NM_JBT_UPD": "DAREH", "PROVINSI": "SUMATERA BARAT", "No_Prov_26": "06", "ID_Jbt_26": "0600254", "Kd_Ruas_26": "06022", "Suffix_26": null, "Nm_Ruas_26": "PADANG SAWAH - MANGGOPOH", "Lintas_26": "JALAN LINTAS BARAT", "No_Jbt_26": "06.022.004.0", "Nm_Jbt_26": "DAREH", "Status_26": "N", "Fungsi_26": "K1", "Lks_Dr_26": "PDG", "Lks_km_26": 114.28, "F_STA_26": "1220", "Cadin_26": "PRM", "Pjg_Jbt_26": 37.0, "Btg_Pjg_26": 18.0, "Jml_Btg_26": "2", "Lb_Jl_Ms26": 5.31, "Lb_Jl_Kl26": 5.31, "Lb_Lalin26": 5.31, "Lb_Bh_Ki26": 0.41, "Lb_Bh_Ka26": 0.32, "Lb_Dr_Ki26": 0.0, "Lb_Dr_Ka26": 0.0, "Lb_Tr_Ki26": 0.54, "Lb_Tr_Ka26": 0.55, "Lb_TS_Ki26": 0.34, "Lb_TS_Ka26": 0.34, "Lb_Med_26": 0.0, "Lbr_Jbt_26": 7.81, "Bgn_Ats_26": "GTP", "Jns_Jbt_26": "STANDAR", "Thn_Bgn_26": "1983", "BA_26": "2", "LNT_26": "2", "BB_26": "1", "DAS_26": "1", "OP_26": "0", "UT_26": "0", "GR_26": "0", "LB_26": "0", "JBT_26": "2", "Tp_Lnts_26": "SUNGAI", "Dt_Lnts_26": "BERKELOK", "Pnangnn_26": "RUTIN", "Pmriksn_26": "RUTIN", "Pnglola_26": "BPJN SUMATERA BARAT", "Satkr_ID26": "693875", "PPK_Name26": "PPK 1.5", "Traffic_26": null, "VCR_26": "0.433", "AADT_26": null, "Tipe_Jb_26": null, "Lat_26": -0.23035372834199999, "Long_26": 99.992988586700008, "Tgl_Ins_26": "6\/26\/2024", "Ket_26": null }, "geometry": { "type": "Point", "coordinates": [ 99.992988586654008, -0.230353728341868 ] } },
{ "type": "Feature", "properties": { "KDRUAS_UPD": "06022", "NOJBT_UPD": "06.022.005.0", "NM_RUAS_UP": "PADANG SAWAH - MANGGOPOH", "NM_JBT_UPD": "SITANANG", "PROVINSI": "SUMATERA BARAT", "No_Prov_26": "06", "ID_Jbt_26": "0600255", "Kd_Ruas_26": "06022", "Suffix_26": null, "Nm_Ruas_26": "PADANG SAWAH - MANGGOPOH", "Lintas_26": "JALAN LINTAS BARAT", "No_Jbt_26": "06.022.005.0", "Nm_Jbt_26": "SITANANG", "Status_26": "N", "Fungsi_26": "K1", "Lks_Dr_26": "PDG", "Lks_km_26": 118.4, "F_STA_26": "1630", "Cadin_26": "PRM", "Pjg_Jbt_26": 32.2, "Btg_Pjg_26": 15.5, "Jml_Btg_26": "2", "Lb_Jl_Ms26": 5.6, "Lb_Jl_Kl26": 5.6, "Lb_Lalin26": 5.6, "Lb_Bh_Ki26": 0.3, "Lb_Bh_Ka26": 0.28, "Lb_Dr_Ki26": 0.0, "Lb_Dr_Ka26": 0.0, "Lb_Tr_Ki26": 0.54, "Lb_Tr_Ka26": 0.54, "Lb_TS_Ki26": 0.26, "Lb_TS_Ka26": 0.26, "Lb_Med_26": 0.0, "Lbr_Jbt_26": 7.78, "Bgn_Ats_26": "GTP", "Jns_Jbt_26": "STANDAR", "Thn_Bgn_26": "1991", "BA_26": "1", "LNT_26": "0", "BB_26": "2", "DAS_26": "1", "OP_26": "0", "UT_26": "0", "GR_26": "0", "LB_26": "0", "JBT_26": "2", "Tp_Lnts_26": "SUNGAI", "Dt_Lnts_26": "BERKELOK", "Pnangnn_26": "RUTIN", "Pmriksn_26": "RUTIN", "Pnglola_26": "BPJN SUMATERA BARAT", "Satkr_ID26": "693875", "PPK_Name26": "PPK 1.5", "Traffic_26": null, "VCR_26": "0.433", "AADT_26": null, "Tipe_Jb_26": null, "Lat_26": -0.205776139957, "Long_26": 100.01757812500001, "Tgl_Ins_26": "5\/24\/2021", "Ket_26": null }, "geometry": { "type": "Point", "coordinates": [ 100.01757812523033, -0.205776139956868 ] } },
{ "type": "Feature", "properties": { "KDRUAS_UPD": "06022", "NOJBT_UPD": "06.022.009.A", "NM_RUAS_UP": "PADANG SAWAH - MANGGOPOH", "NM_JBT_UPD": "MASANG GADANG A", "PROVINSI": "SUMATERA BARAT", "No_Prov_26": "06", "ID_Jbt_26": "0600259", "Kd_Ruas_26": "06022", "Suffix_26": null, "Nm_Ruas_26": "PADANG SAWAH - MANGGOPOH", "Lintas_26": "JALAN LINTAS BARAT", "No_Jbt_26": "06.022.009.A", "Nm_Jbt_26": "MASANG GADANG A", "Status_26": "N", "Fungsi_26": "K1", "Lks_Dr_26": "PDG", "Lks_km_26": 133.9, "F_STA_26": "3170", "Cadin_26": "PRM", "Pjg_Jbt_26": 155.7, "Btg_Pjg_26": 26.0, "Jml_Btg_26": "6", "Lb_Jl_Ms26": 5.48, "Lb_Jl_Kl26": 5.48, "Lb_Lalin26": 5.48, "Lb_Bh_Ki26": 0.38, "Lb_Bh_Ka26": 0.35, "Lb_Dr_Ki26": 0.0, "Lb_Dr_Ka26": 0.0, "Lb_Tr_Ki26": 0.42, "Lb_Tr_Ka26": 0.45, "Lb_TS_Ki26": 0.41, "Lb_TS_Ka26": 0.41, "Lb_Med_26": 0.0, "Lbr_Jbt_26": 7.9, "Bgn_Ats_26": "GPP", "Jns_Jbt_26": "STANDAR", "Thn_Bgn_26": "1983", "BA_26": "2", "LNT_26": "2", "BB_26": "2", "DAS_26": "2", "OP_26": "1", "UT_26": "0", "GR_26": "0", "LB_26": "0", "JBT_26": "2", "Tp_Lnts_26": "SUNGAI", "Dt_Lnts_26": "BERKELOK", "Pnangnn_26": "RUTIN", "Pmriksn_26": "RUTIN", "Pnglola_26": "BPJN SUMATERA BARAT", "Satkr_ID26": "693875", "PPK_Name26": "PPK 1.5", "Traffic_26": null, "VCR_26": "0.433", "AADT_26": null, "Tipe_Jb_26": null, "Lat_26": -0.0826369967, "Long_26": 100.049156189, "Tgl_Ins_26": "6\/26\/2024", "Ket_26": null }, "geometry": { "type": "Point", "coordinates": [ 100.049156189306757, -0.082636996699989 ] } },
{ "type": "Feature", "properties": { "KDRUAS_UPD": "06022", "NOJBT_UPD": "06.022.009.B", "NM_RUAS_UP": "PADANG SAWAH - MANGGOPOH", "NM_JBT_UPD": "MASANG GADANG B", "PROVINSI": "SUMATERA BARAT", "No_Prov_26": "06", "ID_Jbt_26": "0600260", "Kd_Ruas_26": "06022", "Suffix_26": null, "Nm_Ruas_26": "PADANG SAWAH - MANGGOPOH", "Lintas_26": "JALAN LINTAS BARAT", "No_Jbt_26": "06.022.009.B", "Nm_Jbt_26": "MASANG GADANG B", "Status_26": "N", "Fungsi_26": "K1", "Lks_Dr_26": "PDG", "Lks_km_26": 133.9, "F_STA_26": "3180", "Cadin_26": "PRM", "Pjg_Jbt_26": 155.0, "Btg_Pjg_26": 25.5, "Jml_Btg_26": "6", "Lb_Jl_Ms26": 3.07, "Lb_Jl_Kl26": 3.07, "Lb_Lalin26": 3.07, "Lb_Bh_Ki26": 0.22, "Lb_Bh_Ka26": 0.29, "Lb_Dr_Ki26": 0.0, "Lb_Dr_Ka26": 0.0, "Lb_Tr_Ki26": 0.48, "Lb_Tr_Ka26": 0.5, "Lb_TS_Ki26": 0.32, "Lb_TS_Ka26": 0.32, "Lb_Med_26": 0.0, "Lbr_Jbt_26": 5.2, "Bgn_Ats_26": "GPP", "Jns_Jbt_26": "STANDAR", "Thn_Bgn_26": "1998", "BA_26": "1", "LNT_26": "0", "BB_26": "2", "DAS_26": "1", "OP_26": "0", "UT_26": "0", "GR_26": "0", "LB_26": "0", "JBT_26": "2", "Tp_Lnts_26": "SUNGAI", "Dt_Lnts_26": "BERKELOK", "Pnangnn_26": "RUTIN", "Pmriksn_26": "RUTIN", "Pnglola_26": "BPJN SUMATERA BARAT", "Satkr_ID26": "693875", "PPK_Name26": "PPK 1.5", "Traffic_26": null, "VCR_26": "0.433", "AADT_26": null, "Tipe_Jb_26": null, "Lat_26": -0.082523084972400004, "Long_26": 100.04924774200001, "Tgl_Ins_26": "8\/26\/2022", "Ket_26": null }, "geometry": { "type": "Point", "coordinates": [ 100.049247742089676, -0.082523084972365 ] } },
{ "type": "Feature", "properties": { "KDRUAS_UPD": "06023", "NOJBT_UPD": "06.023.004.0", "NM_RUAS_UP": "MANGGAPOH - BTS. KOTA PARIAMAN", "NM_JBT_UPD": "LATING", "PROVINSI": "SUMATERA BARAT", "No_Prov_26": "06", "ID_Jbt_26": "0600264", "Kd_Ruas_26": "06023", "Suffix_26": null, "Nm_Ruas_26": "MANGGAPOH - BTS. KOTA PARIAMAN", "Lintas_26": "JALAN LINTAS BARAT", "No_Jbt_26": "06.023.004.0", "Nm_Jbt_26": "LATING", "Status_26": "N", "Fungsi_26": "K1", "Lks_Dr_26": "PDG", "Lks_km_26": 64.7, "F_STA_26": "170", "Cadin_26": "PRM", "Pjg_Jbt_26": 88.1, "Btg_Pjg_26": 51.7, "Jml_Btg_26": "2", "Lb_Jl_Ms26": 5.4, "Lb_Jl_Kl26": 5.4, "Lb_Lalin26": 5.4, "Lb_Bh_Ki26": 0.28, "Lb_Bh_Ka26": 0.32, "Lb_Dr_Ki26": 0.0, "Lb_Dr_Ka26": 0.0, "Lb_Tr_Ki26": 0.45, "Lb_Tr_Ka26": 0.46, "Lb_TS_Ki26": 0.0, "Lb_TS_Ka26": 0.0, "Lb_Med_26": 0.0, "Lbr_Jbt_26": 6.91, "Bgn_Ats_26": "RBA", "Jns_Jbt_26": "STANDAR", "Thn_Bgn_26": "1991", "BA_26": "2", "LNT_26": "2", "BB_26": "2", "DAS_26": "0", "OP_26": "1", "UT_26": "0", "GR_26": "0", "LB_26": "0", "JBT_26": "2", "Tp_Lnts_26": "SUNGAI", "Dt_Lnts_26": "BERKELOK", "Pnangnn_26": "RUTIN", "Pmriksn_26": "DETAIL", "Pnglola_26": "BPJN SUMATERA BARAT", "Satkr_ID26": "693875", "PPK_Name26": "PPK 1.5", "Traffic_26": null, "VCR_26": "0.498", "AADT_26": null, "Tipe_Jb_26": null, "Lat_26": -0.55165600771900003, "Long_26": 100.10208129900002, "Tgl_Ins_26": "4\/29\/2026", "Ket_26": null }, "geometry": { "type": "Point", "coordinates": [ 100.102081298912879, -0.55165600771852 ] } },
{ "type": "Feature", "properties": { "KDRUAS_UPD": "06023", "NOJBT_UPD": "06.023.005.0", "NM_RUAS_UP": "MANGGAPOH - BTS. KOTA PARIAMAN", "NM_JBT_UPD": "SUNGAI SIRAH", "PROVINSI": "SUMATERA BARAT", "No_Prov_26": "06", "ID_Jbt_26": "0600265", "Kd_Ruas_26": "06023", "Suffix_26": null, "Nm_Ruas_26": "MANGGAPOH - BTS. KOTA PARIAMAN", "Lintas_26": "JALAN LINTAS BARAT", "No_Jbt_26": "06.023.005.0", "Nm_Jbt_26": "SUNGAI SIRAH", "Status_26": "N", "Fungsi_26": "K1", "Lks_Dr_26": "PDG", "Lks_km_26": 66.7, "F_STA_26": "350", "Cadin_26": "PRM", "Pjg_Jbt_26": 51.8, "Btg_Pjg_26": 51.0, "Jml_Btg_26": "1", "Lb_Jl_Ms26": 5.41, "Lb_Jl_Kl26": 5.41, "Lb_Lalin26": 5.41, "Lb_Bh_Ki26": 0.3, "Lb_Bh_Ka26": 0.35, "Lb_Dr_Ki26": 0.0, "Lb_Dr_Ka26": 0.0, "Lb_Tr_Ki26": 0.46, "Lb_Tr_Ka26": 0.46, "Lb_TS_Ki26": 0.0, "Lb_TS_Ka26": 0.0, "Lb_Med_26": 0.0, "Lbr_Jbt_26": 6.98, "Bgn_Ats_26": "RBA", "Jns_Jbt_26": "STANDAR", "Thn_Bgn_26": "1991", "BA_26": "2", "LNT_26": "0", "BB_26": "2", "DAS_26": "0", "OP_26": "0", "UT_26": "0", "GR_26": "0", "LB_26": "0", "JBT_26": "2", "Tp_Lnts_26": "SUNGAI", "Dt_Lnts_26": "BERKELOK", "Pnangnn_26": "RUTIN", "Pmriksn_26": "RUTIN", "Pnglola_26": "BPJN SUMATERA BARAT", "Satkr_ID26": "693875", "PPK_Name26": "PPK 1.5", "Traffic_26": null, "VCR_26": "0.498", "AADT_26": null, "Tipe_Jb_26": null, "Lat_26": -0.54349099991000005, "Long_26": 100.087722, "Tgl_Ins_26": "6\/1\/2025", "Ket_26": null }, "geometry": { "type": "Point", "coordinates": [ 100.087722000070301, -0.543490999909693 ] } },
{ "type": "Feature", "properties": { "KDRUAS_UPD": "06023", "NOJBT_UPD": "06.023.006.0", "NM_RUAS_UP": "MANGGAPOH - BTS. KOTA PARIAMAN", "NM_JBT_UPD": "LOHONG", "PROVINSI": "SUMATERA BARAT", "No_Prov_26": "06", "ID_Jbt_26": "0600266", "Kd_Ruas_26": "06023", "Suffix_26": null, "Nm_Ruas_26": "MANGGAPOH - BTS. KOTA PARIAMAN", "Lintas_26": "JALAN LINTAS BARAT", "No_Jbt_26": "06.023.006.0", "Nm_Jbt_26": "LOHONG", "Status_26": "N", "Fungsi_26": "K1", "Lks_Dr_26": "PDG", "Lks_km_26": 67.7, "F_STA_26": "460", "Cadin_26": "PRM", "Pjg_Jbt_26": 13.5, "Btg_Pjg_26": 13.0, "Jml_Btg_26": "1", "Lb_Jl_Ms26": 5.35, "Lb_Jl_Kl26": 5.35, "Lb_Lalin26": 5.48, "Lb_Bh_Ki26": 0.3, "Lb_Bh_Ka26": 0.3, "Lb_Dr_Ki26": 0.0, "Lb_Dr_Ka26": 0.0, "Lb_Tr_Ki26": 0.45, "Lb_Tr_Ka26": 0.45, "Lb_TS_Ki26": 0.31, "Lb_TS_Ka26": 0.31, "Lb_Med_26": 0.0, "Lbr_Jbt_26": 7.6, "Bgn_Ats_26": "GTP", "Jns_Jbt_26": "STANDAR", "Thn_Bgn_26": "1982", "BA_26": "2", "LNT_26": "1", "BB_26": "0", "DAS_26": "2", "OP_26": "0", "UT_26": "0", "GR_26": "0", "LB_26": "0", "JBT_26": "2", "Tp_Lnts_26": "SUNGAI", "Dt_Lnts_26": "BERKELOK", "Pnangnn_26": "RUTIN", "Pmriksn_26": "RUTIN", "Pnglola_26": "BPJN SUMATERA BARAT", "Satkr_ID26": "693875", "PPK_Name26": "PPK 1.5", "Traffic_26": null, "VCR_26": "0.498", "AADT_26": null, "Tipe_Jb_26": null, "Lat_26": -0.54131698599, "Long_26": 100.07840728799999, "Tgl_Ins_26": "6\/26\/2024", "Ket_26": null }, "geometry": { "type": "Point", "coordinates": [ 100.078407288165863, -0.541316985990079 ] } },
{ "type": "Feature", "properties": { "KDRUAS_UPD": "06023", "NOJBT_UPD": "06.023.007.0", "NM_RUAS_UP": "MANGGAPOH - BTS. KOTA PARIAMAN", "NM_JBT_UPD": "SUNGAI BARU", "PROVINSI": "SUMATERA BARAT", "No_Prov_26": "06", "ID_Jbt_26": "0600267", "Kd_Ruas_26": "06023", "Suffix_26": null, "Nm_Ruas_26": "MANGGAPOH - BTS. KOTA PARIAMAN", "Lintas_26": "JALAN LINTAS BARAT", "No_Jbt_26": "06.023.007.0", "Nm_Jbt_26": "SUNGAI BARU", "Status_26": "N", "Fungsi_26": "K1", "Lks_Dr_26": "PDG", "Lks_km_26": 69.1, "F_STA_26": "630", "Cadin_26": "PRM", "Pjg_Jbt_26": 13.7, "Btg_Pjg_26": 13.2, "Jml_Btg_26": "1", "Lb_Jl_Ms26": 5.4, "Lb_Jl_Kl26": 5.4, "Lb_Lalin26": 5.5, "Lb_Bh_Ki26": 0.2, "Lb_Bh_Ka26": 0.2, "Lb_Dr_Ki26": 0.0, "Lb_Dr_Ka26": 0.0, "Lb_Tr_Ki26": 0.7, "Lb_Tr_Ka26": 0.7, "Lb_TS_Ki26": 0.15, "Lb_TS_Ka26": 0.15, "Lb_Med_26": 0.0, "Lbr_Jbt_26": 7.6, "Bgn_Ats_26": "GTP", "Jns_Jbt_26": "STANDAR", "Thn_Bgn_26": "1994", "BA_26": "1", "LNT_26": "1", "BB_26": "1", "DAS_26": "1", "OP_26": "0", "UT_26": "0", "GR_26": "0", "LB_26": "0", "JBT_26": "1", "Tp_Lnts_26": "SUNGAI", "Dt_Lnts_26": "BERKELOK", "Pnangnn_26": "RUTIN", "Pmriksn_26": "TIDAK DISURVEI", "Pnglola_26": "BPJN SUMATERA BARAT", "Satkr_ID26": "693875", "PPK_Name26": "PPK 1.5", "Traffic_26": null, "VCR_26": "0.498", "AADT_26": null, "Tipe_Jb_26": null, "Lat_26": -0.53054302963699995, "Long_26": 100.06719970699999, "Tgl_Ins_26": "9\/30\/2020", "Ket_26": null }, "geometry": { "type": "Point", "coordinates": [ 100.06719970660123, -0.530543029637045 ] } },
{ "type": "Feature", "properties": { "KDRUAS_UPD": "06023", "NOJBT_UPD": "06.023.009.0", "NM_RUAS_UP": "MANGGAPOH - BTS. KOTA PARIAMAN", "NM_JBT_UPD": "SUNGAI LIMAU", "PROVINSI": "SUMATERA BARAT", "No_Prov_26": "06", "ID_Jbt_26": "0600269", "Kd_Ruas_26": "06023", "Suffix_26": null, "Nm_Ruas_26": "MANGGAPOH - BTS. KOTA PARIAMAN", "Lintas_26": "JALAN LINTAS BARAT", "No_Jbt_26": "06.023.009.0", "Nm_Jbt_26": "SUNGAI LIMAU", "Status_26": "N", "Fungsi_26": "K1", "Lks_Dr_26": "PDG", "Lks_km_26": 70.05, "F_STA_26": "730", "Cadin_26": "PRM", "Pjg_Jbt_26": 42.4, "Btg_Pjg_26": 21.0, "Jml_Btg_26": "2", "Lb_Jl_Ms26": 5.35, "Lb_Jl_Kl26": 5.35, "Lb_Lalin26": 5.44, "Lb_Bh_Ki26": 0.34, "Lb_Bh_Ka26": 0.36, "Lb_Dr_Ki26": 0.0, "Lb_Dr_Ka26": 0.0, "Lb_Tr_Ki26": 0.47, "Lb_Tr_Ka26": 0.47, "Lb_TS_Ki26": 0.35, "Lb_TS_Ka26": 0.35, "Lb_Med_26": 0.0, "Lbr_Jbt_26": 7.78, "Bgn_Ats_26": "GTP", "Jns_Jbt_26": "STANDAR", "Thn_Bgn_26": "1982", "BA_26": "2", "LNT_26": "1", "BB_26": "2", "DAS_26": "1", "OP_26": "2", "UT_26": "0", "GR_26": "0", "LB_26": "0", "JBT_26": "2", "Tp_Lnts_26": "SUNGAI", "Dt_Lnts_26": "BERKELOK", "Pnangnn_26": "RUTIN", "Pmriksn_26": "RUTIN", "Pnglola_26": "BPJN SUMATERA BARAT", "Satkr_ID26": "693875", "PPK_Name26": "PPK 1.5", "Traffic_26": null, "VCR_26": "0.498", "AADT_26": null, "Tipe_Jb_26": null, "Lat_26": -0.52448201183499998, "Long_26": 100.061889648, "Tgl_Ins_26": "6\/26\/2024", "Ket_26": null }, "geometry": { "type": "Point", "coordinates": [ 100.061889647889018, -0.524482011835346 ] } },
{ "type": "Feature", "properties": { "KDRUAS_UPD": "06023", "NOJBT_UPD": "06.023.011.0", "NM_RUAS_UP": "MANGGAPOH - BTS. KOTA PARIAMAN", "NM_JBT_UPD": "KAMUMUAN 1", "PROVINSI": "SUMATERA BARAT", "No_Prov_26": "06", "ID_Jbt_26": "0600271", "Kd_Ruas_26": "06023", "Suffix_26": null, "Nm_Ruas_26": "MANGGAPOH - BTS. KOTA PARIAMAN", "Lintas_26": "JALAN LINTAS BARAT", "No_Jbt_26": "06.023.011.0", "Nm_Jbt_26": "KAMUMUAN 1", "Status_26": "N", "Fungsi_26": "K1", "Lks_Dr_26": "PDG", "Lks_km_26": 73.85, "F_STA_26": "1100", "Cadin_26": "PRM", "Pjg_Jbt_26": 92.6, "Btg_Pjg_26": 51.7, "Jml_Btg_26": "2", "Lb_Jl_Ms26": 5.32, "Lb_Jl_Kl26": 5.32, "Lb_Lalin26": 5.32, "Lb_Bh_Ki26": 0.3, "Lb_Bh_Ka26": 0.3, "Lb_Dr_Ki26": 0.0, "Lb_Dr_Ka26": 0.0, "Lb_Tr_Ki26": 0.45, "Lb_Tr_Ka26": 0.46, "Lb_TS_Ki26": 0.0, "Lb_TS_Ka26": 0.0, "Lb_Med_26": 0.0, "Lbr_Jbt_26": 6.83, "Bgn_Ats_26": "RBA", "Jns_Jbt_26": "STANDAR", "Thn_Bgn_26": "1995", "BA_26": "2", "LNT_26": "1", "BB_26": "2", "DAS_26": "1", "OP_26": "1", "UT_26": "0", "GR_26": "0", "LB_26": "0", "JBT_26": "2", "Tp_Lnts_26": "SUNGAI", "Dt_Lnts_26": "BERJALIN", "Pnangnn_26": "RUTIN", "Pmriksn_26": "RUTIN", "Pnglola_26": "BPJN SUMATERA BARAT", "Satkr_ID26": "693875", "PPK_Name26": "PPK 1.5", "Traffic_26": null, "VCR_26": "0.498", "AADT_26": null, "Tipe_Jb_26": null, "Lat_26": -0.498730004186, "Long_26": 100.04094696, "Tgl_Ins_26": "6\/25\/2023", "Ket_26": null }, "geometry": { "type": "Point", "coordinates": [ 100.040946960034262, -0.498730004186314 ] } },
{ "type": "Feature", "properties": { "KDRUAS_UPD": "06023", "NOJBT_UPD": "06.023.013.0", "NM_RUAS_UP": "MANGGAPOH - BTS. KOTA PARIAMAN", "NM_JBT_UPD": "KALAMPAIAN", "PROVINSI": "SUMATERA BARAT", "No_Prov_26": "06", "ID_Jbt_26": "0600273", "Kd_Ruas_26": "06023", "Suffix_26": null, "Nm_Ruas_26": "MANGGAPOH - BTS. KOTA PARIAMAN", "Lintas_26": "JALAN LINTAS BARAT", "No_Jbt_26": "06.023.013.0", "Nm_Jbt_26": "KALAMPAIAN", "Status_26": "N", "Fungsi_26": "K1", "Lks_Dr_26": "PDG", "Lks_km_26": 75.8, "F_STA_26": "1270", "Cadin_26": "PRM", "Pjg_Jbt_26": 37.7, "Btg_Pjg_26": 18.5, "Jml_Btg_26": "2", "Lb_Jl_Ms26": 5.51, "Lb_Jl_Kl26": 5.51, "Lb_Lalin26": 5.51, "Lb_Bh_Ki26": 0.45, "Lb_Bh_Ka26": 0.46, "Lb_Dr_Ki26": 0.0, "Lb_Dr_Ka26": 0.0, "Lb_Tr_Ki26": 0.28, "Lb_Tr_Ka26": 0.34, "Lb_TS_Ki26": 0.26, "Lb_TS_Ka26": 0.26, "Lb_Med_26": 0.0, "Lbr_Jbt_26": 7.56, "Bgn_Ats_26": "GTP", "Jns_Jbt_26": "STANDAR", "Thn_Bgn_26": "1982", "BA_26": "2", "LNT_26": "0", "BB_26": "0", "DAS_26": "1", "OP_26": "0", "UT_26": "0", "GR_26": "0", "LB_26": "0", "JBT_26": "2", "Tp_Lnts_26": "SUNGAI", "Dt_Lnts_26": "BERKELOK", "Pnangnn_26": "RUTIN", "Pmriksn_26": "RUTIN", "Pnglola_26": "BPJN SUMATERA BARAT", "Satkr_ID26": "693875", "PPK_Name26": "PPK 1.5", "Traffic_26": null, "VCR_26": "0.498", "AADT_26": null, "Tipe_Jb_26": null, "Lat_26": -0.48990300272100001, "Long_26": 100.028862, "Tgl_Ins_26": "6\/26\/2024", "Ket_26": null }, "geometry": { "type": "Point", "coordinates": [ 100.028861999881428, -0.489903002721348 ] } },
{ "type": "Feature", "properties": { "KDRUAS_UPD": "06022", "NOJBT_UPD": "06.022.006.0", "NM_RUAS_UP": "PADANG SAWAH - MANGGOPOH", "NM_JBT_UPD": "BAWAN", "PROVINSI": "SUMATERA BARAT", "No_Prov_26": "06", "ID_Jbt_26": "0600256", "Kd_Ruas_26": "06022", "Suffix_26": null, "Nm_Ruas_26": "PADANG SAWAH - MANGGOPOH", "Lintas_26": "JALAN LINTAS BARAT", "No_Jbt_26": "06.022.006.0", "Nm_Jbt_26": "BAWAN", "Status_26": "N", "Fungsi_26": "K1", "Lks_Dr_26": "PDG", "Lks_km_26": 119.2, "F_STA_26": "1710", "Cadin_26": "PRM", "Pjg_Jbt_26": 52.0, "Btg_Pjg_26": 25.5, "Jml_Btg_26": "2", "Lb_Jl_Ms26": 5.45, "Lb_Jl_Kl26": 5.45, "Lb_Lalin26": 5.54, "Lb_Bh_Ki26": 0.35, "Lb_Bh_Ka26": 0.28, "Lb_Dr_Ki26": 0.0, "Lb_Dr_Ka26": 0.0, "Lb_Tr_Ki26": 0.5, "Lb_Tr_Ka26": 0.5, "Lb_TS_Ki26": 0.315, "Lb_TS_Ka26": 0.315, "Lb_Med_26": 0.0, "Lbr_Jbt_26": 7.8, "Bgn_Ats_26": "GTP", "Jns_Jbt_26": "STANDAR", "Thn_Bgn_26": "1983", "BA_26": "2", "LNT_26": "1", "BB_26": "1", "DAS_26": "0", "OP_26": "0", "UT_26": "0", "GR_26": "0", "LB_26": "0", "JBT_26": "2", "Tp_Lnts_26": "SUNGAI", "Dt_Lnts_26": "BERKELOK", "Pnangnn_26": "RUTIN", "Pmriksn_26": "RUTIN", "Pnglola_26": "BPJN SUMATERA BARAT", "Satkr_ID26": "693875", "PPK_Name26": "PPK 1.5", "Traffic_26": null, "VCR_26": "0.433", "AADT_26": null, "Tipe_Jb_26": null, "Lat_26": -0.19940002219299999, "Long_26": 100.019302368, "Tgl_Ins_26": "6\/26\/2024", "Ket_26": null }, "geometry": { "type": "Point", "coordinates": [ 100.019302368409626, -0.199400022193231 ] } },
{ "type": "Feature", "properties": { "KDRUAS_UPD": "06022", "NOJBT_UPD": "06.022.007.0", "NM_RUAS_UP": "PADANG SAWAH - MANGGOPOH", "NM_JBT_UPD": "GERINGGING", "PROVINSI": "SUMATERA BARAT", "No_Prov_26": "06", "ID_Jbt_26": "0600257", "Kd_Ruas_26": "06022", "Suffix_26": null, "Nm_Ruas_26": "PADANG SAWAH - MANGGOPOH", "Lintas_26": "JALAN LINTAS BARAT", "No_Jbt_26": "06.022.007.0", "Nm_Jbt_26": "GERINGGING", "Status_26": "N", "Fungsi_26": "K1", "Lks_Dr_26": "PDG", "Lks_km_26": 123.32, "F_STA_26": "2110", "Cadin_26": "PRM", "Pjg_Jbt_26": 18.6, "Btg_Pjg_26": 18.0, "Jml_Btg_26": "1", "Lb_Jl_Ms26": 5.31, "Lb_Jl_Kl26": 5.31, "Lb_Lalin26": 5.31, "Lb_Bh_Ki26": 0.38, "Lb_Bh_Ka26": 0.4, "Lb_Dr_Ki26": 0.0, "Lb_Dr_Ka26": 0.0, "Lb_Tr_Ki26": 0.49, "Lb_Tr_Ka26": 0.5, "Lb_TS_Ki26": 0.35, "Lb_TS_Ka26": 0.35, "Lb_Med_26": 0.0, "Lbr_Jbt_26": 7.78, "Bgn_Ats_26": "GTP", "Jns_Jbt_26": "STANDAR", "Thn_Bgn_26": "1983", "BA_26": "1", "LNT_26": "0", "BB_26": "0", "DAS_26": "1", "OP_26": "2", "UT_26": "0", "GR_26": "0", "LB_26": "0", "JBT_26": "2", "Tp_Lnts_26": "SUNGAI", "Dt_Lnts_26": "BERKELOK", "Pnangnn_26": "RUTIN", "Pmriksn_26": "RUTIN", "Pnglola_26": "BPJN SUMATERA BARAT", "Satkr_ID26": "693875", "PPK_Name26": "PPK 1.5", "Traffic_26": null, "VCR_26": "0.433", "AADT_26": null, "Tipe_Jb_26": null, "Lat_26": -0.16664244239500001, "Long_26": 100.029602051, "Tgl_Ins_26": "6\/26\/2024", "Ket_26": null }, "geometry": { "type": "Point", "coordinates": [ 100.029602051093832, -0.166642442394732 ] } },
{ "type": "Feature", "properties": { "KDRUAS_UPD": "06022", "NOJBT_UPD": "06.022.008.0", "NM_RUAS_UP": "PADANG SAWAH - MANGGOPOH", "NM_JBT_UPD": "ANGGANG", "PROVINSI": "SUMATERA BARAT", "No_Prov_26": "06", "ID_Jbt_26": "0600258", "Kd_Ruas_26": "06022", "Suffix_26": null, "Nm_Ruas_26": "PADANG SAWAH - MANGGOPOH", "Lintas_26": "JALAN LINTAS BARAT", "No_Jbt_26": "06.022.008.0", "Nm_Jbt_26": "ANGGANG", "Status_26": "N", "Fungsi_26": "K1", "Lks_Dr_26": "PDG", "Lks_km_26": 124.42, "F_STA_26": "2220", "Cadin_26": "PRM", "Pjg_Jbt_26": 32.0, "Btg_Pjg_26": 15.5, "Jml_Btg_26": "2", "Lb_Jl_Ms26": 5.85, "Lb_Jl_Kl26": 5.85, "Lb_Lalin26": 5.85, "Lb_Bh_Ki26": 0.42, "Lb_Bh_Ka26": 0.41, "Lb_Dr_Ki26": 0.0, "Lb_Dr_Ka26": 0.0, "Lb_Tr_Ki26": 0.0, "Lb_Tr_Ka26": 0.0, "Lb_TS_Ki26": 0.285, "Lb_TS_Ka26": 0.285, "Lb_Med_26": 0.0, "Lbr_Jbt_26": 7.25, "Bgn_Ats_26": "GTP", "Jns_Jbt_26": "STANDAR", "Thn_Bgn_26": "1994", "BA_26": "2", "LNT_26": "0", "BB_26": "1", "DAS_26": "1", "OP_26": "0", "UT_26": "0", "GR_26": "0", "LB_26": "0", "JBT_26": "2", "Tp_Lnts_26": "SUNGAI", "Dt_Lnts_26": "BERKELOK", "Pnangnn_26": "RUTIN", "Pmriksn_26": "RUTIN", "Pnglola_26": "BPJN SUMATERA BARAT", "Satkr_ID26": "693875", "PPK_Name26": "PPK 1.5", "Traffic_26": null, "VCR_26": "0.433", "AADT_26": null, "Tipe_Jb_26": null, "Lat_26": -0.15795500581899999, "Long_26": 100.032897949, "Tgl_Ins_26": "5\/24\/2021", "Ket_26": null }, "geometry": { "type": "Point", "coordinates": [ 100.032897948581535, -0.157955005818792 ] } },
{ "type": "Feature", "properties": { "KDRUAS_UPD": "06025", "NOJBT_UPD": "06.025.007.0", "NM_RUAS_UP": "KURAITAJI - LUBUK ALUNG", "NM_JBT_UPD": "PAUH KAMBAR", "PROVINSI": "SUMATERA BARAT", "No_Prov_26": "06", "ID_Jbt_26": "0600301", "Kd_Ruas_26": "06025", "Suffix_26": null, "Nm_Ruas_26": "KURAITAJI - LUBUK ALUNG", "Lintas_26": "JALAN LINTAS BARAT", "No_Jbt_26": "06.025.007.0", "Nm_Jbt_26": "PAUH KAMBAR", "Status_26": "N", "Fungsi_26": "A", "Lks_Dr_26": "PDG", "Lks_km_26": 43.45, "F_STA_26": "1000", "Cadin_26": "PRM", "Pjg_Jbt_26": 52.0, "Btg_Pjg_26": 25.5, "Jml_Btg_26": "2", "Lb_Jl_Ms26": 5.4, "Lb_Jl_Kl26": 5.4, "Lb_Lalin26": 5.4, "Lb_Bh_Ki26": 0.3, "Lb_Bh_Ka26": 0.4, "Lb_Dr_Ki26": 0.0, "Lb_Dr_Ka26": 0.0, "Lb_Tr_Ki26": 0.75, "Lb_Tr_Ka26": 0.75, "Lb_TS_Ki26": 0.0, "Lb_TS_Ka26": 0.0, "Lb_Med_26": 0.0, "Lbr_Jbt_26": 7.6, "Bgn_Ats_26": "GTP", "Jns_Jbt_26": "STANDAR", "Thn_Bgn_26": "1995", "BA_26": "1", "LNT_26": "1", "BB_26": "1", "DAS_26": "2", "OP_26": "0", "UT_26": "0", "GR_26": "0", "LB_26": "0", "JBT_26": "2", "Tp_Lnts_26": "SUNGAI", "Dt_Lnts_26": "BERKELOK", "Pnangnn_26": "BERKALA", "Pmriksn_26": "RUTIN", "Pnglola_26": "BPJN SUMATERA BARAT", "Satkr_ID26": "693875", "PPK_Name26": "PPK 1.5", "Traffic_26": null, "VCR_26": "0.739", "AADT_26": null, "Tipe_Jb_26": null, "Lat_26": -0.64766499974000002, "Long_26": 100.216754, "Tgl_Ins_26": "9\/28\/2020", "Ket_26": null }, "geometry": { "type": "Point", "coordinates": [ 100.216753999597472, -0.647664999739902 ] } },
{ "type": "Feature", "properties": { "KDRUAS_UPD": "06025", "NOJBT_UPD": "06.025.008.0", "NM_RUAS_UP": "KURAITAJI - LUBUK ALUNG", "NM_JBT_UPD": "KAPALO KOTO", "PROVINSI": "SUMATERA BARAT", "No_Prov_26": "06", "ID_Jbt_26": "0600302", "Kd_Ruas_26": "06025", "Suffix_26": null, "Nm_Ruas_26": "KURAITAJI - LUBUK ALUNG", "Lintas_26": "JALAN LINTAS BARAT", "No_Jbt_26": "06.025.008.0", "Nm_Jbt_26": "KAPALO KOTO", "Status_26": "N", "Fungsi_26": "A", "Lks_Dr_26": "PDG", "Lks_km_26": 44.45, "F_STA_26": "1110", "Cadin_26": "PRM", "Pjg_Jbt_26": 6.7, "Btg_Pjg_26": 2.5, "Jml_Btg_26": "2", "Lb_Jl_Ms26": 6.51, "Lb_Jl_Kl26": 6.51, "Lb_Lalin26": 6.51, "Lb_Bh_Ki26": 4.86, "Lb_Bh_Ka26": 3.57, "Lb_Dr_Ki26": 0.0, "Lb_Dr_Ka26": 0.0, "Lb_Tr_Ki26": 0.0, "Lb_Tr_Ka26": 0.0, "Lb_TS_Ki26": 0.305, "Lb_TS_Ka26": 0.305, "Lb_Med_26": 0.0, "Lbr_Jbt_26": 15.55, "Bgn_Ats_26": "BTP", "Jns_Jbt_26": "STANDAR", "Thn_Bgn_26": "1982", "BA_26": "1", "LNT_26": "0", "BB_26": "0", "DAS_26": "1", "OP_26": "0", "UT_26": "0", "GR_26": "2", "LB_26": "0", "JBT_26": "2", "Tp_Lnts_26": "SUNGAI", "Dt_Lnts_26": "BERKELOK", "Pnangnn_26": "RUTIN", "Pmriksn_26": "RUTIN", "Pnglola_26": "BPJN SUMATERA BARAT", "Satkr_ID26": "693875", "PPK_Name26": "PPK 1.5", "Traffic_26": null, "VCR_26": "0.739", "AADT_26": null, "Tipe_Jb_26": null, "Lat_26": -0.64524899984100004, "Long_26": 100.208771, "Tgl_Ins_26": "6\/26\/2024", "Ket_26": null }, "geometry": { "type": "Point", "coordinates": [ 100.208771000181571, -0.645248999841442 ] } },
{ "type": "Feature", "properties": { "KDRUAS_UPD": "06025", "NOJBT_UPD": "06.025.009.0", "NM_RUAS_UP": "KURAITAJI - LUBUK ALUNG", "NM_JBT_UPD": "SUNGAI LABAN", "PROVINSI": "SUMATERA BARAT", "No_Prov_26": "06", "ID_Jbt_26": "0600303", "Kd_Ruas_26": "06025", "Suffix_26": null, "Nm_Ruas_26": "KURAITAJI - LUBUK ALUNG", "Lintas_26": "JALAN LINTAS BARAT", "No_Jbt_26": "06.025.009.0", "Nm_Jbt_26": "SUNGAI LABAN", "Status_26": "N", "Fungsi_26": "A", "Lks_Dr_26": "PDG", "Lks_km_26": 46.9, "F_STA_26": "1340", "Cadin_26": "PRM", "Pjg_Jbt_26": 6.0, "Btg_Pjg_26": 2.9, "Jml_Btg_26": "2", "Lb_Jl_Ms26": 6.62, "Lb_Jl_Kl26": 6.62, "Lb_Lalin26": 6.62, "Lb_Bh_Ki26": 1.46, "Lb_Bh_Ka26": 1.95, "Lb_Dr_Ki26": 0.0, "Lb_Dr_Ka26": 0.0, "Lb_Tr_Ki26": 0.0, "Lb_Tr_Ka26": 0.0, "Lb_TS_Ki26": 0.135, "Lb_TS_Ka26": 0.135, "Lb_Med_26": 0.0, "Lbr_Jbt_26": 10.3, "Bgn_Ats_26": "BTP", "Jns_Jbt_26": "STANDAR", "Thn_Bgn_26": "1982", "BA_26": "0", "LNT_26": "0", "BB_26": "0", "DAS_26": "2", "OP_26": "0", "UT_26": "0", "GR_26": "1", "LB_26": "0", "JBT_26": "2", "Tp_Lnts_26": "SUNGAI", "Dt_Lnts_26": "BERKELOK", "Pnangnn_26": "BERKALA", "Pmriksn_26": "RUTIN", "Pnglola_26": "BPJN SUMATERA BARAT", "Satkr_ID26": "693875", "PPK_Name26": "PPK 1.5", "Traffic_26": null, "VCR_26": "0.739", "AADT_26": null, "Tipe_Jb_26": null, "Lat_26": -0.642683983179, "Long_26": 100.18933868400001, "Tgl_Ins_26": "6\/26\/2024", "Ket_26": null }, "geometry": { "type": "Point", "coordinates": [ 100.18933868413302, -0.642683983179211 ] } },
{ "type": "Feature", "properties": { "KDRUAS_UPD": "06025", "NOJBT_UPD": "06.025.011.0", "NM_RUAS_UP": "KURAITAJI - LUBUK ALUNG", "NM_JBT_UPD": "SIKULIUAT 2", "PROVINSI": "SUMATERA BARAT", "No_Prov_26": "06", "ID_Jbt_26": "0600305", "Kd_Ruas_26": "06025", "Suffix_26": null, "Nm_Ruas_26": "KURAITAJI - LUBUK ALUNG", "Lintas_26": "JALAN LINTAS BARAT", "No_Jbt_26": "06.025.011.0", "Nm_Jbt_26": "SIKULIUAT 2", "Status_26": "N", "Fungsi_26": "A", "Lks_Dr_26": "PDG", "Lks_km_26": 47.4, "F_STA_26": "1400", "Cadin_26": "PRM", "Pjg_Jbt_26": 6.0, "Btg_Pjg_26": 5.5, "Jml_Btg_26": "1", "Lb_Jl_Ms26": 6.37, "Lb_Jl_Kl26": 6.37, "Lb_Lalin26": 6.37, "Lb_Bh_Ki26": 2.57, "Lb_Bh_Ka26": 2.69, "Lb_Dr_Ki26": 0.0, "Lb_Dr_Ka26": 0.0, "Lb_Tr_Ki26": 0.0, "Lb_Tr_Ka26": 0.0, "Lb_TS_Ki26": 0.285, "Lb_TS_Ka26": 0.285, "Lb_Med_26": 0.0, "Lbr_Jbt_26": 12.2, "Bgn_Ats_26": "PTP", "Jns_Jbt_26": "STANDAR", "Thn_Bgn_26": "1982", "BA_26": "0", "LNT_26": "0", "BB_26": "1", "DAS_26": "1", "OP_26": "0", "UT_26": "0", "GR_26": "0", "LB_26": "0", "JBT_26": "1", "Tp_Lnts_26": "SUNGAI", "Dt_Lnts_26": "BERKELOK", "Pnangnn_26": "RUTIN", "Pmriksn_26": "TIDAK DISURVEI", "Pnglola_26": "BPJN SUMATERA BARAT", "Satkr_ID26": "693875", "PPK_Name26": "PPK 1.5", "Traffic_26": null, "VCR_26": "0.739", "AADT_26": null, "Tipe_Jb_26": null, "Lat_26": -0.63844501972199996, "Long_26": 100.185302734, "Tgl_Ins_26": "6\/26\/2024", "Ket_26": null }, "geometry": { "type": "Point", "coordinates": [ 100.18530273363433, -0.638445019721814 ] } },
{ "type": "Feature", "properties": { "KDRUAS_UPD": "06025", "NOJBT_UPD": "06.025.012.0", "NM_RUAS_UP": "KURAITAJI - LUBUK ALUNG", "NM_JBT_UPD": "KURAI TAJI", "PROVINSI": "SUMATERA BARAT", "No_Prov_26": "06", "ID_Jbt_26": "0600306", "Kd_Ruas_26": "06025", "Suffix_26": null, "Nm_Ruas_26": "KURAITAJI - LUBUK ALUNG", "Lintas_26": "JALAN LINTAS BARAT", "No_Jbt_26": "06.025.012.0", "Nm_Jbt_26": "KURAI TAJI", "Status_26": "N", "Fungsi_26": "A", "Lks_Dr_26": "PDG", "Lks_km_26": 48.7, "F_STA_26": "1530", "Cadin_26": "PRM", "Pjg_Jbt_26": 102.5, "Btg_Pjg_26": 51.5, "Jml_Btg_26": "2", "Lb_Jl_Ms26": 5.52, "Lb_Jl_Kl26": 5.52, "Lb_Lalin26": 5.52, "Lb_Bh_Ki26": 0.28, "Lb_Bh_Ka26": 0.28, "Lb_Dr_Ki26": 0.0, "Lb_Dr_Ka26": 0.0, "Lb_Tr_Ki26": 0.45, "Lb_Tr_Ka26": 0.45, "Lb_TS_Ki26": 0.0, "Lb_TS_Ka26": 0.0, "Lb_Med_26": 0.0, "Lbr_Jbt_26": 6.98, "Bgn_Ats_26": "RBA", "Jns_Jbt_26": "STANDAR", "Thn_Bgn_26": "1988", "BA_26": "2", "LNT_26": "1", "BB_26": "1", "DAS_26": "1", "OP_26": "1", "UT_26": "0", "GR_26": "0", "LB_26": "0", "JBT_26": "2", "Tp_Lnts_26": "SUNGAI", "Dt_Lnts_26": "BERKELOK", "Pnangnn_26": "RUTIN", "Pmriksn_26": "RUTIN", "Pnglola_26": "BPJN SUMATERA BARAT", "Satkr_ID26": "693875", "PPK_Name26": "PPK 1.5", "Traffic_26": null, "VCR_26": "0.739", "AADT_26": null, "Tipe_Jb_26": null, "Lat_26": -0.63400799047599998, "Long_26": 100.17456817599999, "Tgl_Ins_26": "6\/1\/2025", "Ket_26": null }, "geometry": { "type": "Point", "coordinates": [ 100.174568175680804, -0.634007990476334 ] } },
{ "type": "Feature", "properties": { "KDRUAS_UPD": "0602611", "NOJBT_UPD": "06.026.002.A.11", "NM_RUAS_UP": "JLN. ADINEGORO (PADANG)", "NM_JBT_UPD": "TABING A", "PROVINSI": "SUMATERA BARAT", "No_Prov_26": "06", "ID_Jbt_26": "0600309", "Kd_Ruas_26": "0602611", "Suffix_26": "11", "Nm_Ruas_26": "JLN. ADINEGORO (PADANG)", "Lintas_26": "JALAN LINTAS BARAT", "No_Jbt_26": "06.026.002.A.11", "Nm_Jbt_26": "TABING A", "Status_26": "N", "Fungsi_26": "A", "Lks_Dr_26": "PDG", "Lks_km_26": 10.5, "F_STA_26": "0", "Cadin_26": "PDG", "Pjg_Jbt_26": 20.2, "Btg_Pjg_26": 20.0, "Jml_Btg_26": "1", "Lb_Jl_Ms26": 7.1, "Lb_Jl_Kl26": 7.1, "Lb_Lalin26": 7.1, "Lb_Bh_Ki26": 0.46, "Lb_Bh_Ka26": 0.46, "Lb_Dr_Ki26": 0.0, "Lb_Dr_Ka26": 0.0, "Lb_Tr_Ki26": 0.23, "Lb_Tr_Ka26": 0.23, "Lb_TS_Ki26": 0.51, "Lb_TS_Ka26": 0.51, "Lb_Med_26": 0.0, "Lbr_Jbt_26": 9.5, "Bgn_Ats_26": "GPP", "Jns_Jbt_26": "STANDAR", "Thn_Bgn_26": "2022", "BA_26": "2", "LNT_26": "2", "BB_26": "2", "DAS_26": "1", "OP_26": "0", "UT_26": "0", "GR_26": "0", "LB_26": "0", "JBT_26": "2", "Tp_Lnts_26": "SUNGAI", "Dt_Lnts_26": "LURUS", "Pnangnn_26": "RUTIN", "Pmriksn_26": "RUTIN", "Pnglola_26": "BPJN SUMATERA BARAT", "Satkr_ID26": "693875", "PPK_Name26": "PPK 1.1", "Traffic_26": null, "VCR_26": "0.675", "AADT_26": null, "Tipe_Jb_26": null, "Lat_26": -0.86951501415300003, "Long_26": 100.343977846, "Tgl_Ins_26": "6\/21\/2023", "Ket_26": null }, "geometry": { "type": "Point", "coordinates": [ 100.343977846173132, -0.869515014153077 ] } },
{ "type": "Feature", "properties": { "KDRUAS_UPD": "0602611", "NOJBT_UPD": "06.026.002.B.11", "NM_RUAS_UP": "JLN. ADINEGORO (PADANG)", "NM_JBT_UPD": "TABING B", "PROVINSI": "SUMATERA BARAT", "No_Prov_26": "06", "ID_Jbt_26": "0600310", "Kd_Ruas_26": "0602611", "Suffix_26": "11", "Nm_Ruas_26": "JLN. ADINEGORO (PADANG)", "Lintas_26": "JALAN LINTAS BARAT", "No_Jbt_26": "06.026.002.B.11", "Nm_Jbt_26": "TABING B", "Status_26": "N", "Fungsi_26": "A", "Lks_Dr_26": "PDG", "Lks_km_26": 10.5, "F_STA_26": "0", "Cadin_26": "PDG", "Pjg_Jbt_26": 20.7, "Btg_Pjg_26": 20.0, "Jml_Btg_26": "1", "Lb_Jl_Ms26": 6.1, "Lb_Jl_Kl26": 6.1, "Lb_Lalin26": 6.1, "Lb_Bh_Ki26": 0.33, "Lb_Bh_Ka26": 0.33, "Lb_Dr_Ki26": 0.2, "Lb_Dr_Ka26": 0.2, "Lb_Tr_Ki26": 0.9, "Lb_Tr_Ka26": 0.9, "Lb_TS_Ki26": 0.27, "Lb_TS_Ka26": 0.27, "Lb_Med_26": 0.0, "Lbr_Jbt_26": 9.5, "Bgn_Ats_26": "GBP", "Jns_Jbt_26": "STANDAR", "Thn_Bgn_26": "1999", "BA_26": "1", "LNT_26": "1", "BB_26": "2", "DAS_26": "1", "OP_26": "0", "UT_26": "0", "GR_26": "0", "LB_26": "0", "JBT_26": "2", "Tp_Lnts_26": "SUNGAI", "Dt_Lnts_26": "LURUS", "Pnangnn_26": "RUTIN", "Pmriksn_26": "RUTIN", "Pnglola_26": "BPJN SUMATERA BARAT", "Satkr_ID26": "693875", "PPK_Name26": "PPK 1.1", "Traffic_26": null, "VCR_26": "0.675", "AADT_26": null, "Tipe_Jb_26": null, "Lat_26": -0.86950934516900003, "Long_26": 100.34404386200001, "Tgl_Ins_26": "10\/1\/2022", "Ket_26": null }, "geometry": { "type": "Point", "coordinates": [ 100.344043861871867, -0.869509345168759 ] } },
{ "type": "Feature", "properties": { "KDRUAS_UPD": "0602611", "NOJBT_UPD": "06.026.003.A.11", "NM_RUAS_UP": "JLN. ADINEGORO (PADANG)", "NM_JBT_UPD": "BUAH PALANG A", "PROVINSI": "SUMATERA BARAT", "No_Prov_26": "06", "ID_Jbt_26": "0600311", "Kd_Ruas_26": "0602611", "Suffix_26": "11", "Nm_Ruas_26": "JLN. ADINEGORO (PADANG)", "Lintas_26": "JALAN LINTAS BARAT", "No_Jbt_26": "06.026.003.A.11", "Nm_Jbt_26": "BUAH PALANG A", "Status_26": "N", "Fungsi_26": "A", "Lks_Dr_26": "PDG", "Lks_km_26": 11.04, "F_STA_26": "50", "Cadin_26": "PDG", "Pjg_Jbt_26": 6.0, "Btg_Pjg_26": 6.0, "Jml_Btg_26": "2", "Lb_Jl_Ms26": 6.8, "Lb_Jl_Kl26": 6.8, "Lb_Lalin26": 6.8, "Lb_Bh_Ki26": 0.48, "Lb_Bh_Ka26": 0.48, "Lb_Dr_Ki26": 0.0, "Lb_Dr_Ka26": 0.0, "Lb_Tr_Ki26": 0.98, "Lb_Tr_Ka26": 0.98, "Lb_TS_Ki26": 0.0, "Lb_TS_Ka26": 0.0, "Lb_Med_26": 0.0, "Lbr_Jbt_26": 9.72, "Bgn_Ats_26": "BTP", "Jns_Jbt_26": "STANDAR", "Thn_Bgn_26": "1995", "BA_26": "1", "LNT_26": "1", "BB_26": "0", "DAS_26": "2", "OP_26": "0", "UT_26": "0", "GR_26": "0", "LB_26": "0", "JBT_26": "2", "Tp_Lnts_26": "SUNGAI", "Dt_Lnts_26": "LURUS", "Pnangnn_26": "RUTIN", "Pmriksn_26": "RUTIN", "Pnglola_26": "BPJN SUMATERA BARAT", "Satkr_ID26": "693875", "PPK_Name26": "PPK 1.1", "Traffic_26": null, "VCR_26": "0.675", "AADT_26": null, "Tipe_Jb_26": null, "Lat_26": -0.86503821594100005, "Long_26": 100.34165191699999, "Tgl_Ins_26": "5\/26\/2021", "Ket_26": null }, "geometry": { "type": "Point", "coordinates": [ 100.341651917302215, -0.865038215940842 ] } },
{ "type": "Feature", "properties": { "KDRUAS_UPD": "06031", "NOJBT_UPD": "06.031.019.B", "NM_RUAS_UP": "BTS. KOTA PADANG - BTS. KOTA PAINAN", "NM_JBT_UPD": "SIMAUNG 1B", "PROVINSI": "SUMATERA BARAT", "No_Prov_26": "06", "ID_Jbt_26": "0600365", "Kd_Ruas_26": "06031", "Suffix_26": null, "Nm_Ruas_26": "BTS. KOTA PADANG - BTS. KOTA PAINAN", "Lintas_26": "JALAN LINTAS BARAT", "No_Jbt_26": "06.031.019.B", "Nm_Jbt_26": "SIMAUNG 1B", "Status_26": "N", "Fungsi_26": "A", "Lks_Dr_26": "PDG", "Lks_km_26": 51.8, "F_STA_26": "2350", "Cadin_26": "PIN", "Pjg_Jbt_26": 15.0, "Btg_Pjg_26": 14.5, "Jml_Btg_26": "1", "Lb_Jl_Ms26": 6.4, "Lb_Jl_Kl26": 6.4, "Lb_Lalin26": 6.4, "Lb_Bh_Ki26": 0.4, "Lb_Bh_Ka26": 0.4, "Lb_Dr_Ki26": 0.0, "Lb_Dr_Ka26": 0.0, "Lb_Tr_Ki26": 1.0, "Lb_Tr_Ka26": 1.0, "Lb_TS_Ki26": 0.35, "Lb_TS_Ka26": 0.35, "Lb_Med_26": 0.0, "Lbr_Jbt_26": 9.9, "Bgn_Ats_26": "GPP", "Jns_Jbt_26": "STANDAR", "Thn_Bgn_26": "2011", "BA_26": "1", "LNT_26": "1", "BB_26": "1", "DAS_26": "1", "OP_26": "0", "UT_26": "0", "GR_26": "0", "LB_26": "0", "JBT_26": "1", "Tp_Lnts_26": "SUNGAI", "Dt_Lnts_26": "LURUS", "Pnangnn_26": "RUTIN", "Pmriksn_26": "RUTIN", "Pnglola_26": "BPJN SUMATERA BARAT", "Satkr_ID26": "693876", "PPK_Name26": "PPK 2.3", "Traffic_26": null, "VCR_26": "0.557", "AADT_26": null, "Tipe_Jb_26": null, "Lat_26": -1.2239170077599999, "Long_26": 100.499084473, "Tgl_Ins_26": "9\/30\/2020", "Ket_26": null }, "geometry": { "type": "Point", "coordinates": [ 100.499084472870209, -1.223917007763646 ] } },
{ "type": "Feature", "properties": { "KDRUAS_UPD": "06031", "NOJBT_UPD": "06.031.020.A", "NM_RUAS_UP": "BTS. KOTA PADANG - BTS. KOTA PAINAN", "NM_JBT_UPD": "SIMAUNG 2A", "PROVINSI": "SUMATERA BARAT", "No_Prov_26": "06", "ID_Jbt_26": "0600366", "Kd_Ruas_26": "06031", "Suffix_26": null, "Nm_Ruas_26": "BTS. KOTA PADANG - BTS. KOTA PAINAN", "Lintas_26": "JALAN LINTAS BARAT", "No_Jbt_26": "06.031.020.A", "Nm_Jbt_26": "SIMAUNG 2A", "Status_26": "N", "Fungsi_26": "A", "Lks_Dr_26": "PDG", "Lks_km_26": 52.1, "F_STA_26": "2380", "Cadin_26": "PIN", "Pjg_Jbt_26": 25.5, "Btg_Pjg_26": 25.0, "Jml_Btg_26": "1", "Lb_Jl_Ms26": 7.0, "Lb_Jl_Kl26": 7.0, "Lb_Lalin26": 7.0, "Lb_Bh_Ki26": 0.0, "Lb_Bh_Ka26": 0.0, "Lb_Dr_Ki26": 0.0, "Lb_Dr_Ka26": 0.0, "Lb_Tr_Ki26": 1.05, "Lb_Tr_Ka26": 1.05, "Lb_TS_Ki26": 0.4, "Lb_TS_Ka26": 0.4, "Lb_Med_26": 0.0, "Lbr_Jbt_26": 9.9, "Bgn_Ats_26": "GPP", "Jns_Jbt_26": "STANDAR", "Thn_Bgn_26": "2011", "BA_26": "1", "LNT_26": "1", "BB_26": "1", "DAS_26": "2", "OP_26": "0", "UT_26": "0", "GR_26": "0", "LB_26": "0", "JBT_26": "2", "Tp_Lnts_26": "SUNGAI", "Dt_Lnts_26": "LURUS", "Pnangnn_26": "RUTIN", "Pmriksn_26": "RUTIN", "Pnglola_26": "BPJN SUMATERA BARAT", "Satkr_ID26": "693876", "PPK_Name26": "PPK 2.3", "Traffic_26": null, "VCR_26": "0.557", "AADT_26": null, "Tipe_Jb_26": null, "Lat_26": -1.2259169812799999, "Long_26": 100.49730682400001, "Tgl_Ins_26": "6\/10\/2021", "Ket_26": null }, "geometry": { "type": "Point", "coordinates": [ 100.497306824350517, -1.225916981283603 ] } },
{ "type": "Feature", "properties": { "KDRUAS_UPD": "06031", "NOJBT_UPD": "06.031.020.B", "NM_RUAS_UP": "BTS. KOTA PADANG - BTS. KOTA PAINAN", "NM_JBT_UPD": "SIMAUNG 2B", "PROVINSI": "SUMATERA BARAT", "No_Prov_26": "06", "ID_Jbt_26": "0600367", "Kd_Ruas_26": "06031", "Suffix_26": null, "Nm_Ruas_26": "BTS. KOTA PADANG - BTS. KOTA PAINAN", "Lintas_26": "JALAN LINTAS BARAT", "No_Jbt_26": "06.031.020.B", "Nm_Jbt_26": "SIMAUNG 2B", "Status_26": "N", "Fungsi_26": "A", "Lks_Dr_26": "PDG", "Lks_km_26": 52.1, "F_STA_26": "2380", "Cadin_26": "PIN", "Pjg_Jbt_26": 25.5, "Btg_Pjg_26": 25.0, "Jml_Btg_26": "1", "Lb_Jl_Ms26": 3.9, "Lb_Jl_Kl26": 3.9, "Lb_Lalin26": 3.9, "Lb_Bh_Ki26": 0.3, "Lb_Bh_Ka26": 0.3, "Lb_Dr_Ki26": 0.3, "Lb_Dr_Ka26": 0.3, "Lb_Tr_Ki26": 0.21, "Lb_Tr_Ka26": 0.21, "Lb_TS_Ki26": 0.0, "Lb_TS_Ka26": 0.0, "Lb_Med_26": 0.0, "Lbr_Jbt_26": 5.52, "Bgn_Ats_26": "GBP", "Jns_Jbt_26": "STANDAR", "Thn_Bgn_26": "1984", "BA_26": "2", "LNT_26": "2", "BB_26": "2", "DAS_26": "0", "OP_26": "1", "UT_26": "0", "GR_26": "0", "LB_26": "0", "JBT_26": "2", "Tp_Lnts_26": "SUNGAI", "Dt_Lnts_26": "BERKELOK (MEANDER)", "Pnangnn_26": "RUTIN", "Pmriksn_26": "DETAIL", "Pnglola_26": "BPJN SUMATERA BARAT", "Satkr_ID26": "693876", "PPK_Name26": "PPK 2.3", "Traffic_26": null, "VCR_26": "0.557", "AADT_26": null, "Tipe_Jb_26": null, "Lat_26": -1.22586095352, "Long_26": 100.49727630599999, "Tgl_Ins_26": "5\/5\/2026", "Ket_26": null }, "geometry": { "type": "Point", "coordinates": [ 100.497276305856872, -1.225860953520169 ] } },
{ "type": "Feature", "properties": { "KDRUAS_UPD": "06031", "NOJBT_UPD": "06.031.021.0", "NM_RUAS_UP": "BTS. KOTA PADANG - BTS. KOTA PAINAN", "NM_JBT_UPD": "RANGEH", "PROVINSI": "SUMATERA BARAT", "No_Prov_26": "06", "ID_Jbt_26": "0600368", "Kd_Ruas_26": "06031", "Suffix_26": null, "Nm_Ruas_26": "BTS. KOTA PADANG - BTS. KOTA PAINAN", "Lintas_26": "JALAN LINTAS BARAT", "No_Jbt_26": "06.031.021.0", "Nm_Jbt_26": "RANGEH", "Status_26": "N", "Fungsi_26": "A", "Lks_Dr_26": "PDG", "Lks_km_26": 55.7, "F_STA_26": "2400", "Cadin_26": "PIN", "Pjg_Jbt_26": 14.0, "Btg_Pjg_26": 14.0, "Jml_Btg_26": "3", "Lb_Jl_Ms26": 7.1, "Lb_Jl_Kl26": 7.1, "Lb_Lalin26": 7.1, "Lb_Bh_Ki26": 0.0, "Lb_Bh_Ka26": 0.0, "Lb_Dr_Ki26": 0.0, "Lb_Dr_Ka26": 0.0, "Lb_Tr_Ki26": 1.4, "Lb_Tr_Ka26": 1.4, "Lb_TS_Ki26": 0.0, "Lb_TS_Ka26": 0.0, "Lb_Med_26": 0.0, "Lbr_Jbt_26": 9.9, "Bgn_Ats_26": "BTP", "Jns_Jbt_26": "STANDAR", "Thn_Bgn_26": "1997", "BA_26": "1", "LNT_26": "1", "BB_26": "0", "DAS_26": "1", "OP_26": "0", "UT_26": "0", "GR_26": "0", "LB_26": "0", "JBT_26": "1", "Tp_Lnts_26": "SUNGAI", "Dt_Lnts_26": "LURUS", "Pnangnn_26": "RUTIN", "Pmriksn_26": "RUTIN", "Pnglola_26": "BPJN SUMATERA BARAT", "Satkr_ID26": "693876", "PPK_Name26": "PPK 2.3", "Traffic_26": null, "VCR_26": "0.557", "AADT_26": null, "Tipe_Jb_26": null, "Lat_26": -1.22733294946, "Long_26": 100.49644470200001, "Tgl_Ins_26": "10\/1\/2020", "Ket_26": null }, "geometry": { "type": "Point", "coordinates": [ 100.496444701861549, -1.227332949456013 ] } },
{ "type": "Feature", "properties": { "KDRUAS_UPD": "06031", "NOJBT_UPD": "06.031.022.0", "NM_RUAS_UP": "BTS. KOTA PADANG - BTS. KOTA PAINAN", "NM_JBT_UPD": "PASAR TARUSAN 1", "PROVINSI": "SUMATERA BARAT", "No_Prov_26": "06", "ID_Jbt_26": "0600369", "Kd_Ruas_26": "06031", "Suffix_26": null, "Nm_Ruas_26": "BTS. KOTA PADANG - BTS. KOTA PAINAN", "Lintas_26": "JALAN LINTAS BARAT", "No_Jbt_26": "06.031.022.0", "Nm_Jbt_26": "PASAR TARUSAN 1", "Status_26": "N", "Fungsi_26": "A", "Lks_Dr_26": "PDG", "Lks_km_26": 55.7, "F_STA_26": "2730", "Cadin_26": "PIN", "Pjg_Jbt_26": 12.1, "Btg_Pjg_26": 12.1, "Jml_Btg_26": "3", "Lb_Jl_Ms26": 6.0, "Lb_Jl_Kl26": 6.0, "Lb_Lalin26": 6.0, "Lb_Bh_Ki26": 0.29, "Lb_Bh_Ka26": 0.29, "Lb_Dr_Ki26": 0.28, "Lb_Dr_Ka26": 0.28, "Lb_Tr_Ki26": 1.0, "Lb_Tr_Ka26": 1.0, "Lb_TS_Ki26": 0.0, "Lb_TS_Ka26": 0.0, "Lb_Med_26": 0.0, "Lbr_Jbt_26": 9.14, "Bgn_Ats_26": "BTP", "Jns_Jbt_26": "STANDAR", "Thn_Bgn_26": "1996", "BA_26": "1", "LNT_26": "1", "BB_26": "0", "DAS_26": "2", "OP_26": "0", "UT_26": "0", "GR_26": "0", "LB_26": "0", "JBT_26": "2", "Tp_Lnts_26": "SUNGAI", "Dt_Lnts_26": "LURUS", "Pnangnn_26": "BERKALA", "Pmriksn_26": "RUTIN", "Pnglola_26": "BPJN SUMATERA BARAT", "Satkr_ID26": "693876", "PPK_Name26": "PPK 2.3", "Traffic_26": null, "VCR_26": "0.557", "AADT_26": null, "Tipe_Jb_26": null, "Lat_26": -1.2470829483200001, "Long_26": 100.475196838, "Tgl_Ins_26": "10\/1\/2020", "Ket_26": null }, "geometry": { "type": "Point", "coordinates": [ 100.475196838063709, -1.24708294831936 ] } },
{ "type": "Feature", "properties": { "KDRUAS_UPD": "06031", "NOJBT_UPD": "06.031.023.0", "NM_RUAS_UP": "BTS. KOTA PADANG - BTS. KOTA PAINAN", "NM_JBT_UPD": "PASAR TARUSAN 2", "PROVINSI": "SUMATERA BARAT", "No_Prov_26": "06", "ID_Jbt_26": "0600370", "Kd_Ruas_26": "06031", "Suffix_26": null, "Nm_Ruas_26": "BTS. KOTA PADANG - BTS. KOTA PAINAN", "Lintas_26": "JALAN LINTAS BARAT", "No_Jbt_26": "06.031.023.0", "Nm_Jbt_26": "PASAR TARUSAN 2", "Status_26": "N", "Fungsi_26": "A", "Lks_Dr_26": "PDG", "Lks_km_26": 55.9, "F_STA_26": "2790", "Cadin_26": "PIN", "Pjg_Jbt_26": 6.8, "Btg_Pjg_26": 6.8, "Jml_Btg_26": "3", "Lb_Jl_Ms26": 5.4, "Lb_Jl_Kl26": 5.4, "Lb_Lalin26": 5.4, "Lb_Bh_Ki26": 0.32, "Lb_Bh_Ka26": 0.32, "Lb_Dr_Ki26": 0.0, "Lb_Dr_Ka26": 0.0, "Lb_Tr_Ki26": 0.8, "Lb_Tr_Ka26": 0.8, "Lb_TS_Ki26": 0.0, "Lb_TS_Ka26": 0.0, "Lb_Med_26": 0.0, "Lbr_Jbt_26": 7.64, "Bgn_Ats_26": "BTP", "Jns_Jbt_26": "STANDAR", "Thn_Bgn_26": "1978", "BA_26": "1", "LNT_26": "1", "BB_26": "0", "DAS_26": "1", "OP_26": "0", "UT_26": "0", "GR_26": "2", "LB_26": "0", "JBT_26": "2", "Tp_Lnts_26": "SUNGAI", "Dt_Lnts_26": "LURUS", "Pnangnn_26": "RUTIN", "Pmriksn_26": "RUTIN", "Pnglola_26": "BPJN SUMATERA BARAT", "Satkr_ID26": "693876", "PPK_Name26": "PPK 2.3", "Traffic_26": null, "VCR_26": "0.557", "AADT_26": null, "Tipe_Jb_26": null, "Lat_26": -1.2508889439699999, "Long_26": 100.47177886999998, "Tgl_Ins_26": "6\/19\/2024", "Ket_26": null }, "geometry": { "type": "Point", "coordinates": [ 100.471778870198762, -1.250888943969528 ] } },
{ "type": "Feature", "properties": { "KDRUAS_UPD": "06031", "NOJBT_UPD": "06.031.025.0", "NM_RUAS_UP": "BTS. KOTA PADANG - BTS. KOTA PAINAN", "NM_JBT_UPD": "SUNGAI TALANG", "PROVINSI": "SUMATERA BARAT", "No_Prov_26": "06", "ID_Jbt_26": "0600371", "Kd_Ruas_26": "06031", "Suffix_26": null, "Nm_Ruas_26": "BTS. KOTA PADANG - BTS. KOTA PAINAN", "Lintas_26": "JALAN LINTAS BARAT", "No_Jbt_26": "06.031.025.0", "Nm_Jbt_26": "SUNGAI TALANG", "Status_26": "N", "Fungsi_26": "A", "Lks_Dr_26": "PDG", "Lks_km_26": 58.3, "F_STA_26": "3000", "Cadin_26": "PIN", "Pjg_Jbt_26": 6.5, "Btg_Pjg_26": 6.5, "Jml_Btg_26": "3", "Lb_Jl_Ms26": 9.0, "Lb_Jl_Kl26": 9.0, "Lb_Lalin26": 9.0, "Lb_Bh_Ki26": 0.7, "Lb_Bh_Ka26": 0.7, "Lb_Dr_Ki26": 0.24, "Lb_Dr_Ka26": 0.24, "Lb_Tr_Ki26": 0.74, "Lb_Tr_Ka26": 0.74, "Lb_TS_Ki26": 0.32, "Lb_TS_Ka26": 0.32, "Lb_Med_26": 0.0, "Lbr_Jbt_26": 13.0, "Bgn_Ats_26": "BTP", "Jns_Jbt_26": "STANDAR", "Thn_Bgn_26": "2020", "BA_26": "1", "LNT_26": "1", "BB_26": "0", "DAS_26": "1", "OP_26": "2", "UT_26": "0", "GR_26": "1", "LB_26": "0", "JBT_26": "2", "Tp_Lnts_26": "SUNGAI", "Dt_Lnts_26": "LURUS", "Pnangnn_26": "RUTIN", "Pmriksn_26": "TIDAK DISURVEI", "Pnglola_26": "BPJN SUMATERA BARAT", "Satkr_ID26": "693876", "PPK_Name26": "PPK 2.3", "Traffic_26": null, "VCR_26": "0.557", "AADT_26": null, "Tipe_Jb_26": null, "Lat_26": -1.2680829760500001, "Long_26": 100.474609375, "Tgl_Ins_26": "6\/10\/2024", "Ket_26": null }, "geometry": { "type": "Point", "coordinates": [ 100.474609374822876, -1.268082976048447 ] } },
{ "type": "Feature", "properties": { "KDRUAS_UPD": "06031", "NOJBT_UPD": "06.031.026.0", "NM_RUAS_UP": "BTS. KOTA PADANG - BTS. KOTA PAINAN", "NM_JBT_UPD": "KAPUH", "PROVINSI": "SUMATERA BARAT", "No_Prov_26": "06", "ID_Jbt_26": "0600372", "Kd_Ruas_26": "06031", "Suffix_26": null, "Nm_Ruas_26": "BTS. KOTA PADANG - BTS. KOTA PAINAN", "Lintas_26": "JALAN LINTAS BARAT", "No_Jbt_26": "06.031.026.0", "Nm_Jbt_26": "KAPUH", "Status_26": "N", "Fungsi_26": "A", "Lks_Dr_26": "PDG", "Lks_km_26": 60.7, "F_STA_26": "3250", "Cadin_26": "PIN", "Pjg_Jbt_26": 6.2, "Btg_Pjg_26": 6.2, "Jml_Btg_26": "2", "Lb_Jl_Ms26": 5.3, "Lb_Jl_Kl26": 5.3, "Lb_Lalin26": 5.3, "Lb_Bh_Ki26": 0.2, "Lb_Bh_Ka26": 0.2, "Lb_Dr_Ki26": 0.14, "Lb_Dr_Ka26": 0.14, "Lb_Tr_Ki26": 0.44, "Lb_Tr_Ka26": 0.44, "Lb_TS_Ki26": 0.22, "Lb_TS_Ka26": 0.22, "Lb_Med_26": 0.0, "Lbr_Jbt_26": 7.3, "Bgn_Ats_26": "BTP", "Jns_Jbt_26": "STANDAR", "Thn_Bgn_26": "1989", "BA_26": "1", "LNT_26": "1", "BB_26": "0", "DAS_26": "1", "OP_26": "0", "UT_26": "0", "GR_26": "0", "LB_26": "0", "JBT_26": "1", "Tp_Lnts_26": "SUNGAI", "Dt_Lnts_26": "LURUS", "Pnangnn_26": "RUTIN", "Pmriksn_26": "TIDAK DISURVEI", "Pnglola_26": "BPJN SUMATERA BARAT", "Satkr_ID26": "693876", "PPK_Name26": "PPK 2.3", "Traffic_26": null, "VCR_26": "0.557", "AADT_26": null, "Tipe_Jb_26": null, "Lat_26": -1.28602802747, "Long_26": 100.48488616899999, "Tgl_Ins_26": "9\/30\/2020", "Ket_26": null }, "geometry": { "type": "Point", "coordinates": [ 100.484886168861635, -1.286028027471446 ] } },
{ "type": "Feature", "properties": { "KDRUAS_UPD": "06031", "NOJBT_UPD": "06.031.027.0", "NM_RUAS_UP": "BTS. KOTA PADANG - BTS. KOTA PAINAN", "NM_JBT_UPD": "MUARA API API", "PROVINSI": "SUMATERA BARAT", "No_Prov_26": "06", "ID_Jbt_26": "0600373", "Kd_Ruas_26": "06031", "Suffix_26": null, "Nm_Ruas_26": "BTS. KOTA PADANG - BTS. KOTA PAINAN", "Lintas_26": "JALAN LINTAS BARAT", "No_Jbt_26": "06.031.027.0", "Nm_Jbt_26": "MUARA API API", "Status_26": "N", "Fungsi_26": "A", "Lks_Dr_26": "PDG", "Lks_km_26": 63.3, "F_STA_26": "3520", "Cadin_26": "PIN", "Pjg_Jbt_26": 121.0, "Btg_Pjg_26": 60.0, "Jml_Btg_26": "2", "Lb_Jl_Ms26": 5.3, "Lb_Jl_Kl26": 5.3, "Lb_Lalin26": 5.3, "Lb_Bh_Ki26": 0.34, "Lb_Bh_Ka26": 0.34, "Lb_Dr_Ki26": 0.24, "Lb_Dr_Ka26": 0.24, "Lb_Tr_Ki26": 0.5, "Lb_Tr_Ka26": 0.5, "Lb_TS_Ki26": 0.0, "Lb_TS_Ka26": 0.0, "Lb_Med_26": 0.0, "Lbr_Jbt_26": 7.46, "Bgn_Ats_26": "RBB", "Jns_Jbt_26": "STANDAR", "Thn_Bgn_26": "1983", "BA_26": "2", "LNT_26": "2", "BB_26": "2", "DAS_26": "0", "OP_26": "2", "UT_26": "0", "GR_26": "0", "LB_26": "0", "JBT_26": "2", "Tp_Lnts_26": "SUNGAI", "Dt_Lnts_26": "LURUS", "Pnangnn_26": "RUTIN", "Pmriksn_26": "RUTIN", "Pnglola_26": "BPJN SUMATERA BARAT", "Satkr_ID26": "693876", "PPK_Name26": "PPK 2.3", "Traffic_26": null, "VCR_26": "0.557", "AADT_26": null, "Tipe_Jb_26": null, "Lat_26": -1.3004440069900001, "Long_26": 100.50050354, "Tgl_Ins_26": "5\/22\/2025", "Ket_26": null }, "geometry": { "type": "Point", "coordinates": [ 100.500503540106365, -1.300444006985288 ] } },
{ "type": "Feature", "properties": { "KDRUAS_UPD": "06031", "NOJBT_UPD": "06.031.028.0", "NM_RUAS_UP": "BTS. KOTA PADANG - BTS. KOTA PAINAN", "NM_JBT_UPD": "TALUK LOKAN", "PROVINSI": "SUMATERA BARAT", "No_Prov_26": "06", "ID_Jbt_26": "0600374", "Kd_Ruas_26": "06031", "Suffix_26": null, "Nm_Ruas_26": "BTS. KOTA PADANG - BTS. KOTA PAINAN", "Lintas_26": "JALAN LINTAS BARAT", "No_Jbt_26": "06.031.028.0", "Nm_Jbt_26": "TALUK LOKAN", "Status_26": "N", "Fungsi_26": "A", "Lks_Dr_26": "PDG", "Lks_km_26": 64.4, "F_STA_26": "3630", "Cadin_26": "PIN", "Pjg_Jbt_26": 16.1, "Btg_Pjg_26": 15.5, "Jml_Btg_26": "1", "Lb_Jl_Ms26": 5.4, "Lb_Jl_Kl26": 5.4, "Lb_Lalin26": 5.4, "Lb_Bh_Ki26": 0.37, "Lb_Bh_Ka26": 0.37, "Lb_Dr_Ki26": 0.15, "Lb_Dr_Ka26": 0.15, "Lb_Tr_Ki26": 0.6, "Lb_Tr_Ka26": 0.6, "Lb_TS_Ki26": 0.0, "Lb_TS_Ka26": 0.0, "Lb_Med_26": 0.0, "Lbr_Jbt_26": 7.64, "Bgn_Ats_26": "ETP", "Jns_Jbt_26": "STANDAR", "Thn_Bgn_26": "1974", "BA_26": "1", "LNT_26": "0", "BB_26": "0", "DAS_26": "2", "OP_26": "0", "UT_26": "0", "GR_26": "0", "LB_26": "0", "JBT_26": "2", "Tp_Lnts_26": "SUNGAI", "Dt_Lnts_26": "LURUS", "Pnangnn_26": "RUTIN", "Pmriksn_26": "RUTIN", "Pnglola_26": "BPJN SUMATERA BARAT", "Satkr_ID26": "693876", "PPK_Name26": "PPK 2.3", "Traffic_26": null, "VCR_26": "0.557", "AADT_26": null, "Tipe_Jb_26": null, "Lat_26": -1.3041110043199999, "Long_26": 100.50894165, "Tgl_Ins_26": "6\/11\/2024", "Ket_26": null }, "geometry": { "type": "Point", "coordinates": [ 100.508941650436896, -1.304111004319338 ] } },
{ "type": "Feature", "properties": { "KDRUAS_UPD": "06031", "NOJBT_UPD": "06.031.029.0", "NM_RUAS_UP": "BTS. KOTA PADANG - BTS. KOTA PAINAN", "NM_JBT_UPD": "PASAR BARU", "PROVINSI": "SUMATERA BARAT", "No_Prov_26": "06", "ID_Jbt_26": "0600375", "Kd_Ruas_26": "06031", "Suffix_26": null, "Nm_Ruas_26": "BTS. KOTA PADANG - BTS. KOTA PAINAN", "Lintas_26": "JALAN LINTAS BARAT", "No_Jbt_26": "06.031.029.0", "Nm_Jbt_26": "PASAR BARU", "Status_26": "N", "Fungsi_26": "A", "Lks_Dr_26": "PDG", "Lks_km_26": 65.8, "F_STA_26": "3730", "Cadin_26": "PIN", "Pjg_Jbt_26": 14.0, "Btg_Pjg_26": 14.0, "Jml_Btg_26": "3", "Lb_Jl_Ms26": 6.1, "Lb_Jl_Kl26": 6.1, "Lb_Lalin26": 6.1, "Lb_Bh_Ki26": 0.4, "Lb_Bh_Ka26": 0.4, "Lb_Dr_Ki26": 0.2, "Lb_Dr_Ka26": 0.2, "Lb_Tr_Ki26": 1.34, "Lb_Tr_Ka26": 1.34, "Lb_TS_Ki26": 0.0, "Lb_TS_Ka26": 0.0, "Lb_Med_26": 0.0, "Lbr_Jbt_26": 9.98, "Bgn_Ats_26": "BTP", "Jns_Jbt_26": "STANDAR", "Thn_Bgn_26": "1996", "BA_26": "1", "LNT_26": "1", "BB_26": "0", "DAS_26": "1", "OP_26": "0", "UT_26": "0", "GR_26": "0", "LB_26": "0", "JBT_26": "1", "Tp_Lnts_26": "SUNGAI", "Dt_Lnts_26": "LURUS", "Pnangnn_26": "RUTIN", "Pmriksn_26": "RUTIN", "Pnglola_26": "BPJN SUMATERA BARAT", "Satkr_ID26": "693876", "PPK_Name26": "PPK 2.3", "Traffic_26": null, "VCR_26": "0.557", "AADT_26": null, "Tipe_Jb_26": null, "Lat_26": -1.3047219515599999, "Long_26": 100.516387939, "Tgl_Ins_26": "10\/1\/2020", "Ket_26": null }, "geometry": { "type": "Point", "coordinates": [ 100.516387938952278, -1.304721951556758 ] } },
{ "type": "Feature", "properties": { "KDRUAS_UPD": "06031", "NOJBT_UPD": "06.031.030.0", "NM_RUAS_UP": "BTS. KOTA PADANG - BTS. KOTA PAINAN", "NM_JBT_UPD": "BAULA", "PROVINSI": "SUMATERA BARAT", "No_Prov_26": "06", "ID_Jbt_26": "0600376", "Kd_Ruas_26": "06031", "Suffix_26": null, "Nm_Ruas_26": "BTS. KOTA PADANG - BTS. KOTA PAINAN", "Lintas_26": "JALAN LINTAS BARAT", "No_Jbt_26": "06.031.030.0", "Nm_Jbt_26": "BAULA", "Status_26": "N", "Fungsi_26": "A", "Lks_Dr_26": "PDG", "Lks_km_26": 65.9, "F_STA_26": "3770", "Cadin_26": "PIN", "Pjg_Jbt_26": 45.6, "Btg_Pjg_26": 45.0, "Jml_Btg_26": "1", "Lb_Jl_Ms26": 5.3, "Lb_Jl_Kl26": 5.3, "Lb_Lalin26": 5.3, "Lb_Bh_Ki26": 0.4, "Lb_Bh_Ka26": 0.4, "Lb_Dr_Ki26": 0.0, "Lb_Dr_Ka26": 0.0, "Lb_Tr_Ki26": 0.48, "Lb_Tr_Ka26": 0.48, "Lb_TS_Ki26": 0.0, "Lb_TS_Ka26": 0.0, "Lb_Med_26": 0.0, "Lbr_Jbt_26": 7.06, "Bgn_Ats_26": "RBB", "Jns_Jbt_26": "STANDAR", "Thn_Bgn_26": "1983", "BA_26": "2", "LNT_26": "2", "BB_26": "1", "DAS_26": "2", "OP_26": "2", "UT_26": "0", "GR_26": "0", "LB_26": "0", "JBT_26": "2", "Tp_Lnts_26": "SUNGAI", "Dt_Lnts_26": "BERKELOK (MEANDER)", "Pnangnn_26": "RUTIN", "Pmriksn_26": "RUTIN", "Pnglola_26": "BPJN SUMATERA BARAT", "Satkr_ID26": "693876", "PPK_Name26": "PPK 2.3", "Traffic_26": null, "VCR_26": "0.557", "AADT_26": null, "Tipe_Jb_26": null, "Lat_26": -1.3030829425199999, "Long_26": 100.51821899399999, "Tgl_Ins_26": "5\/22\/2025", "Ket_26": null }, "geometry": { "type": "Point", "coordinates": [ 100.518218993711628, -1.303082942523758 ] } },
{ "type": "Feature", "properties": { "KDRUAS_UPD": "06031", "NOJBT_UPD": "06.031.031.0", "NM_RUAS_UP": "BTS. KOTA PADANG - BTS. KOTA PAINAN", "NM_JBT_UPD": "JEMBATAN TIGO", "PROVINSI": "SUMATERA BARAT", "No_Prov_26": "06", "ID_Jbt_26": "0600377", "Kd_Ruas_26": "06031", "Suffix_26": null, "Nm_Ruas_26": "BTS. KOTA PADANG - BTS. KOTA PAINAN", "Lintas_26": "JALAN LINTAS BARAT", "No_Jbt_26": "06.031.031.0", "Nm_Jbt_26": "JEMBATAN TIGO", "Status_26": "N", "Fungsi_26": "A", "Lks_Dr_26": "PDG", "Lks_km_26": 66.15, "F_STA_26": "3790", "Cadin_26": "PIN", "Pjg_Jbt_26": 25.7, "Btg_Pjg_26": 25.0, "Jml_Btg_26": "1", "Lb_Jl_Ms26": 5.9, "Lb_Jl_Kl26": 5.9, "Lb_Lalin26": 5.9, "Lb_Bh_Ki26": 0.56, "Lb_Bh_Ka26": 0.56, "Lb_Dr_Ki26": 0.0, "Lb_Dr_Ka26": 0.0, "Lb_Tr_Ki26": 1.0, "Lb_Tr_Ka26": 1.0, "Lb_TS_Ki26": 0.0, "Lb_TS_Ka26": 0.0, "Lb_Med_26": 0.0, "Lbr_Jbt_26": 9.02, "Bgn_Ats_26": "GBP", "Jns_Jbt_26": "STANDAR", "Thn_Bgn_26": "1991", "BA_26": "2", "LNT_26": "2", "BB_26": "0", "DAS_26": "0", "OP_26": "1", "UT_26": "1", "GR_26": "0", "LB_26": "0", "JBT_26": "2", "Tp_Lnts_26": "SUNGAI", "Dt_Lnts_26": "LURUS", "Pnangnn_26": "RUTIN", "Pmriksn_26": "RUTIN", "Pnglola_26": "BPJN SUMATERA BARAT", "Satkr_ID26": "693876", "PPK_Name26": "PPK 2.3", "Traffic_26": null, "VCR_26": "0.557", "AADT_26": null, "Tipe_Jb_26": null, "Lat_26": -1.3035559652399999, "Long_26": 100.520248413, "Tgl_Ins_26": "8\/10\/2023", "Ket_26": null }, "geometry": { "type": "Point", "coordinates": [ 100.520248412834064, -1.303555965235546 ] } },
{ "type": "Feature", "properties": { "KDRUAS_UPD": "06031", "NOJBT_UPD": "06.031.032.0", "NM_RUAS_UP": "BTS. KOTA PADANG - BTS. KOTA PAINAN", "NM_JBT_UPD": "MUARA LUMPO", "PROVINSI": "SUMATERA BARAT", "No_Prov_26": "06", "ID_Jbt_26": "0600378", "Kd_Ruas_26": "06031", "Suffix_26": null, "Nm_Ruas_26": "BTS. KOTA PADANG - BTS. KOTA PAINAN", "Lintas_26": "JALAN LINTAS BARAT", "No_Jbt_26": "06.031.032.0", "Nm_Jbt_26": "MUARA LUMPO", "Status_26": "N", "Fungsi_26": "A", "Lks_Dr_26": "PDG", "Lks_km_26": 66.4, "F_STA_26": "3840", "Cadin_26": "PIN", "Pjg_Jbt_26": 61.6, "Btg_Pjg_26": 61.0, "Jml_Btg_26": "1", "Lb_Jl_Ms26": 6.0, "Lb_Jl_Kl26": 6.0, "Lb_Lalin26": 6.0, "Lb_Bh_Ki26": 0.3, "Lb_Bh_Ka26": 0.3, "Lb_Dr_Ki26": 0.0, "Lb_Dr_Ka26": 0.0, "Lb_Tr_Ki26": 0.4, "Lb_Tr_Ka26": 0.4, "Lb_TS_Ki26": 0.0, "Lb_TS_Ka26": 0.0, "Lb_Med_26": 0.0, "Lbr_Jbt_26": 7.4, "Bgn_Ats_26": "RBA", "Jns_Jbt_26": "STANDAR", "Thn_Bgn_26": "1985", "BA_26": "2", "LNT_26": "2", "BB_26": "2", "DAS_26": "0", "OP_26": "1", "UT_26": "0", "GR_26": "0", "LB_26": "0", "JBT_26": "2", "Tp_Lnts_26": "SUNGAI", "Dt_Lnts_26": "BERKELOK (MEANDER)", "Pnangnn_26": "RUTIN", "Pmriksn_26": "RUTIN", "Pnglola_26": "BPJN SUMATERA BARAT", "Satkr_ID26": "693876", "PPK_Name26": "PPK 2.3", "Traffic_26": null, "VCR_26": "0.557", "AADT_26": null, "Tipe_Jb_26": null, "Lat_26": -1.30449998359, "Long_26": 100.52424621599999, "Tgl_Ins_26": "5\/16\/2025", "Ket_26": null }, "geometry": { "type": "Point", "coordinates": [ 100.52424621589023, -1.304499983587334 ] } },
{ "type": "Feature", "properties": { "KDRUAS_UPD": "06031", "NOJBT_UPD": "06.031.033.A", "NM_RUAS_UP": "BTS. KOTA PADANG - BTS. KOTA PAINAN", "NM_JBT_UPD": "KELOK PAKU A", "PROVINSI": "SUMATERA BARAT", "No_Prov_26": "06", "ID_Jbt_26": "0600379", "Kd_Ruas_26": "06031", "Suffix_26": null, "Nm_Ruas_26": "BTS. KOTA PADANG - BTS. KOTA PAINAN", "Lintas_26": "JALAN LINTAS BARAT", "No_Jbt_26": "06.031.033.A", "Nm_Jbt_26": "KELOK PAKU A", "Status_26": "N", "Fungsi_26": "A", "Lks_Dr_26": "PDG", "Lks_km_26": 69.53, "F_STA_26": "4140", "Cadin_26": "PIN", "Pjg_Jbt_26": 26.2, "Btg_Pjg_26": 25.5, "Jml_Btg_26": "1", "Lb_Jl_Ms26": 6.3, "Lb_Jl_Kl26": 6.3, "Lb_Lalin26": 6.3, "Lb_Bh_Ki26": 0.3, "Lb_Bh_Ka26": 0.3, "Lb_Dr_Ki26": 0.0, "Lb_Dr_Ka26": 0.0, "Lb_Tr_Ki26": 1.07, "Lb_Tr_Ka26": 1.07, "Lb_TS_Ki26": 0.23, "Lb_TS_Ka26": 0.23, "Lb_Med_26": 0.0, "Lbr_Jbt_26": 9.5, "Bgn_Ats_26": "GPP", "Jns_Jbt_26": "STANDAR", "Thn_Bgn_26": "2011", "BA_26": "1", "LNT_26": "1", "BB_26": "1", "DAS_26": "1", "OP_26": "0", "UT_26": "0", "GR_26": "0", "LB_26": "0", "JBT_26": "1", "Tp_Lnts_26": "SUNGAI", "Dt_Lnts_26": "LURUS", "Pnangnn_26": "RUTIN", "Pmriksn_26": "RUTIN", "Pnglola_26": "BPJN SUMATERA BARAT", "Satkr_ID26": "693876", "PPK_Name26": "PPK 2.3", "Traffic_26": null, "VCR_26": "0.557", "AADT_26": null, "Tipe_Jb_26": null, "Lat_26": -1.3058060411200001, "Long_26": 100.538696289, "Tgl_Ins_26": "10\/1\/2020", "Ket_26": null }, "geometry": { "type": "Point", "coordinates": [ 100.538696288702795, -1.305806041115829 ] } },
{ "type": "Feature", "properties": { "KDRUAS_UPD": "06031", "NOJBT_UPD": "06.031.033.B", "NM_RUAS_UP": "BTS. KOTA PADANG - BTS. KOTA PAINAN", "NM_JBT_UPD": "KELOK PAKU B", "PROVINSI": "SUMATERA BARAT", "No_Prov_26": "06", "ID_Jbt_26": "0600380", "Kd_Ruas_26": "06031", "Suffix_26": null, "Nm_Ruas_26": "BTS. KOTA PADANG - BTS. KOTA PAINAN", "Lintas_26": "JALAN LINTAS BARAT", "No_Jbt_26": "06.031.033.B", "Nm_Jbt_26": "KELOK PAKU B", "Status_26": "N", "Fungsi_26": "A", "Lks_Dr_26": "PDG", "Lks_km_26": 69.53, "F_STA_26": "4140", "Cadin_26": "PIN", "Pjg_Jbt_26": 25.6, "Btg_Pjg_26": 25.0, "Jml_Btg_26": "1", "Lb_Jl_Ms26": 4.5, "Lb_Jl_Kl26": 4.5, "Lb_Lalin26": 4.5, "Lb_Bh_Ki26": 0.0, "Lb_Bh_Ka26": 0.0, "Lb_Dr_Ki26": 0.0, "Lb_Dr_Ka26": 0.0, "Lb_Tr_Ki26": 0.5, "Lb_Tr_Ka26": 0.5, "Lb_TS_Ki26": 0.0, "Lb_TS_Ka26": 0.0, "Lb_Med_26": 0.0, "Lbr_Jbt_26": 5.5, "Bgn_Ats_26": "GBP", "Jns_Jbt_26": "STANDAR", "Thn_Bgn_26": "1983", "BA_26": "2", "LNT_26": "2", "BB_26": "1", "DAS_26": "2", "OP_26": "2", "UT_26": "0", "GR_26": "0", "LB_26": "0", "JBT_26": "2", "Tp_Lnts_26": "SUNGAI", "Dt_Lnts_26": "LURUS", "Pnangnn_26": "RUTIN", "Pmriksn_26": "RUTIN", "Pnglola_26": "BPJN SUMATERA BARAT", "Satkr_ID26": "693876", "PPK_Name26": "PPK 2.3", "Traffic_26": null, "VCR_26": "0.557", "AADT_26": null, "Tipe_Jb_26": null, "Lat_26": -1.30591702465, "Long_26": 100.538696289, "Tgl_Ins_26": "6\/11\/2024", "Ket_26": null }, "geometry": { "type": "Point", "coordinates": [ 100.538696288702795, -1.30591702465091 ] } },
{ "type": "Feature", "properties": { "KDRUAS_UPD": "06031", "NOJBT_UPD": "06.031.034.0", "NM_RUAS_UP": "BTS. KOTA PADANG - BTS. KOTA PAINAN", "NM_JBT_UPD": "SAGO", "PROVINSI": "SUMATERA BARAT", "No_Prov_26": "06", "ID_Jbt_26": "0600381", "Kd_Ruas_26": "06031", "Suffix_26": null, "Nm_Ruas_26": "BTS. KOTA PADANG - BTS. KOTA PAINAN", "Lintas_26": "JALAN LINTAS BARAT", "No_Jbt_26": "06.031.034.0", "Nm_Jbt_26": "SAGO", "Status_26": "N", "Fungsi_26": "A", "Lks_Dr_26": "PDG", "Lks_km_26": 71.52, "F_STA_26": "4320", "Cadin_26": "PIN", "Pjg_Jbt_26": 20.8, "Btg_Pjg_26": 20.0, "Jml_Btg_26": "1", "Lb_Jl_Ms26": 14.2, "Lb_Jl_Kl26": 14.2, "Lb_Lalin26": 14.2, "Lb_Bh_Ki26": 0.3, "Lb_Bh_Ka26": 0.3, "Lb_Dr_Ki26": 0.0, "Lb_Dr_Ka26": 0.0, "Lb_Tr_Ki26": 1.27, "Lb_Tr_Ka26": 1.24, "Lb_TS_Ki26": 0.0, "Lb_TS_Ka26": 0.0, "Lb_Med_26": 1.6, "Lbr_Jbt_26": 18.91, "Bgn_Ats_26": "GTP", "Jns_Jbt_26": "STANDAR", "Thn_Bgn_26": "2012", "BA_26": "1", "LNT_26": "1", "BB_26": "1", "DAS_26": "1", "OP_26": "0", "UT_26": "0", "GR_26": "0", "LB_26": "0", "JBT_26": "1", "Tp_Lnts_26": "SUNGAI", "Dt_Lnts_26": "LURUS", "Pnangnn_26": "RUTIN", "Pmriksn_26": "RUTIN", "Pnglola_26": "BPJN SUMATERA BARAT", "Satkr_ID26": "693876", "PPK_Name26": "PPK 2.3", "Traffic_26": null, "VCR_26": "0.557", "AADT_26": null, "Tipe_Jb_26": null, "Lat_26": -1.31294405462, "Long_26": 100.55155944800001, "Tgl_Ins_26": "10\/1\/2020", "Ket_26": null }, "geometry": { "type": "Point", "coordinates": [ 100.551559448409876, -1.312944054624381 ] } },
{ "type": "Feature", "properties": { "KDRUAS_UPD": "06031", "NOJBT_UPD": "06.031.035.0", "NM_RUAS_UP": "BTS. KOTA PADANG - BTS. KOTA PAINAN", "NM_JBT_UPD": "KINCIR SALIDO", "PROVINSI": "SUMATERA BARAT", "No_Prov_26": "06", "ID_Jbt_26": "0600382", "Kd_Ruas_26": "06031", "Suffix_26": null, "Nm_Ruas_26": "BTS. KOTA PADANG - BTS. KOTA PAINAN", "Lintas_26": "JALAN LINTAS BARAT", "No_Jbt_26": "06.031.035.0", "Nm_Jbt_26": "KINCIR SALIDO", "Status_26": "N", "Fungsi_26": "A", "Lks_Dr_26": "PDG", "Lks_km_26": 73.22, "F_STA_26": "4510", "Cadin_26": "PIN", "Pjg_Jbt_26": 20.2, "Btg_Pjg_26": 20.0, "Jml_Btg_26": "1", "Lb_Jl_Ms26": 12.7, "Lb_Jl_Kl26": 12.7, "Lb_Lalin26": 12.7, "Lb_Bh_Ki26": 0.53, "Lb_Bh_Ka26": 0.53, "Lb_Dr_Ki26": 0.1, "Lb_Dr_Ka26": 0.1, "Lb_Tr_Ki26": 1.0, "Lb_Tr_Ka26": 1.0, "Lb_TS_Ki26": 0.62, "Lb_TS_Ka26": 0.62, "Lb_Med_26": 1.8, "Lbr_Jbt_26": 19.0, "Bgn_Ats_26": "GTP", "Jns_Jbt_26": "STANDAR", "Thn_Bgn_26": "1982", "BA_26": "2", "LNT_26": "1", "BB_26": "1", "DAS_26": "1", "OP_26": "2", "UT_26": "0", "GR_26": "0", "LB_26": "0", "JBT_26": "2", "Tp_Lnts_26": "SUNGAI", "Dt_Lnts_26": "LURUS", "Pnangnn_26": "RUTIN", "Pmriksn_26": "RUTIN", "Pnglola_26": "BPJN SUMATERA BARAT", "Satkr_ID26": "693876", "PPK_Name26": "PPK 2.3", "Traffic_26": null, "VCR_26": "0.557", "AADT_26": null, "Tipe_Jb_26": null, "Lat_26": -1.32533299912, "Long_26": 100.56291961699999, "Tgl_Ins_26": "6\/19\/2024", "Ket_26": null }, "geometry": { "type": "Point", "coordinates": [ 100.562919617046759, -1.325332999118586 ] } },
{ "type": "Feature", "properties": { "KDRUAS_UPD": "0603111", "NOJBT_UPD": "06.031.101.0.11", "NM_RUAS_UP": "JLN. BUKIT PUTUS - BTS. KOTA PADANG (PADANG)", "NM_JBT_UPD": "TELUK NIBUNG", "PROVINSI": "SUMATERA BARAT", "No_Prov_26": "06", "ID_Jbt_26": "0600384", "Kd_Ruas_26": "0603111", "Suffix_26": "11", "Nm_Ruas_26": "JLN. BUKIT PUTUS - BTS. KOTA PADANG (PADANG)", "Lintas_26": "JALAN LINTAS BARAT", "No_Jbt_26": "06.031.101.0.11", "Nm_Jbt_26": "TELUK NIBUNG", "Status_26": "N", "Fungsi_26": "A", "Lks_Dr_26": "PDG", "Lks_km_26": 6.0, "F_STA_26": "150", "Cadin_26": "PDG", "Pjg_Jbt_26": 14.1, "Btg_Pjg_26": 13.6, "Jml_Btg_26": "1", "Lb_Jl_Ms26": 6.4, "Lb_Jl_Kl26": 6.4, "Lb_Lalin26": 6.4, "Lb_Bh_Ki26": 0.42, "Lb_Bh_Ka26": 0.42, "Lb_Dr_Ki26": 0.0, "Lb_Dr_Ka26": 0.0, "Lb_Tr_Ki26": 0.65, "Lb_Tr_Ka26": 0.65, "Lb_TS_Ki26": 0.0, "Lb_TS_Ka26": 0.0, "Lb_Med_26": 0.0, "Lbr_Jbt_26": 8.54, "Bgn_Ats_26": "GTP", "Jns_Jbt_26": "STANDAR", "Thn_Bgn_26": "1994", "BA_26": "2", "LNT_26": "2", "BB_26": "0", "DAS_26": "1", "OP_26": "1", "UT_26": "0", "GR_26": "0", "LB_26": "0", "JBT_26": "2", "Tp_Lnts_26": "SUNGAI", "Dt_Lnts_26": "LURUS", "Pnangnn_26": "RUTIN", "Pmriksn_26": "DETAIL", "Pnglola_26": "BPJN SUMATERA BARAT", "Satkr_ID26": "693876", "PPK_Name26": "PPK 2.3", "Traffic_26": null, "VCR_26": "0.306", "AADT_26": null, "Tipe_Jb_26": null, "Lat_26": -1.0027780531599999, "Long_26": 100.387809753, "Tgl_Ins_26": "5\/1\/2026", "Ket_26": null }, "geometry": { "type": "Point", "coordinates": [ 100.387809752618068, -1.002778053164548 ] } },
{ "type": "Feature", "properties": { "KDRUAS_UPD": "06032", "NOJBT_UPD": "06.032.006.0", "NM_RUAS_UP": "BTS. KOTA PAINAN - KAMBANG", "NM_JBT_UPD": "TELUK BETUNG 1", "PROVINSI": "SUMATERA BARAT", "No_Prov_26": "06", "ID_Jbt_26": "0600411", "Kd_Ruas_26": "06032", "Suffix_26": null, "Nm_Ruas_26": "BTS. KOTA PAINAN - KAMBANG", "Lintas_26": "JALAN LINTAS BARAT", "No_Jbt_26": "06.032.006.0", "Nm_Jbt_26": "TELUK BETUNG 1", "Status_26": "N", "Fungsi_26": "A", "Lks_Dr_26": "PDG", "Lks_km_26": 85.69, "F_STA_26": "700", "Cadin_26": "PIN", "Pjg_Jbt_26": 6.1, "Btg_Pjg_26": 6.1, "Jml_Btg_26": "2", "Lb_Jl_Ms26": 5.4, "Lb_Jl_Kl26": 5.4, "Lb_Lalin26": 5.4, "Lb_Bh_Ki26": 0.3, "Lb_Bh_Ka26": 0.3, "Lb_Dr_Ki26": 0.0, "Lb_Dr_Ka26": 0.0, "Lb_Tr_Ki26": 0.37, "Lb_Tr_Ka26": 0.37, "Lb_TS_Ki26": 0.43, "Lb_TS_Ka26": 0.43, "Lb_Med_26": 0.0, "Lbr_Jbt_26": 7.6, "Bgn_Ats_26": "BTP", "Jns_Jbt_26": "STANDAR", "Thn_Bgn_26": "1985", "BA_26": "1", "LNT_26": "1", "BB_26": "0", "DAS_26": "0", "OP_26": "1", "UT_26": "1", "GR_26": "1", "LB_26": "0", "JBT_26": "1", "Tp_Lnts_26": "SUNGAI", "Dt_Lnts_26": "LURUS", "Pnangnn_26": "RUTIN", "Pmriksn_26": "DETAIL", "Pnglola_26": "BPJN SUMATERA BARAT", "Satkr_ID26": "693876", "PPK_Name26": "PPK 2.3", "Traffic_26": null, "VCR_26": "0.119", "AADT_26": null, "Tipe_Jb_26": null, "Lat_26": -1.3828050000500001, "Long_26": 100.587667, "Tgl_Ins_26": "5\/7\/2026", "Ket_26": null }, "geometry": { "type": "Point", "coordinates": [ 100.587667000132001, -1.382805000050666 ] } },
{ "type": "Feature", "properties": { "KDRUAS_UPD": "06032", "NOJBT_UPD": "06.032.007.0", "NM_RUAS_UP": "BTS. KOTA PAINAN - KAMBANG", "NM_JBT_UPD": "TELUK BETUNG 2", "PROVINSI": "SUMATERA BARAT", "No_Prov_26": "06", "ID_Jbt_26": "0600412", "Kd_Ruas_26": "06032", "Suffix_26": null, "Nm_Ruas_26": "BTS. KOTA PAINAN - KAMBANG", "Lintas_26": "JALAN LINTAS BARAT", "No_Jbt_26": "06.032.007.0", "Nm_Jbt_26": "TELUK BETUNG 2", "Status_26": "N", "Fungsi_26": "A", "Lks_Dr_26": "PDG", "Lks_km_26": 85.92, "F_STA_26": "720", "Cadin_26": "PIN", "Pjg_Jbt_26": 10.2, "Btg_Pjg_26": 10.0, "Jml_Btg_26": "1", "Lb_Jl_Ms26": 6.3, "Lb_Jl_Kl26": 6.3, "Lb_Lalin26": 6.3, "Lb_Bh_Ki26": 0.45, "Lb_Bh_Ka26": 0.45, "Lb_Dr_Ki26": 0.0, "Lb_Dr_Ka26": 0.0, "Lb_Tr_Ki26": 1.28, "Lb_Tr_Ka26": 1.28, "Lb_TS_Ki26": 0.0, "Lb_TS_Ka26": 0.0, "Lb_Med_26": 0.0, "Lbr_Jbt_26": 9.76, "Bgn_Ats_26": "GBP", "Jns_Jbt_26": "STANDAR", "Thn_Bgn_26": "1985", "BA_26": "2", "LNT_26": "2", "BB_26": "2", "DAS_26": "1", "OP_26": "1", "UT_26": "0", "GR_26": "0", "LB_26": "0", "JBT_26": "2", "Tp_Lnts_26": "SUNGAI", "Dt_Lnts_26": "LURUS", "Pnangnn_26": "RUTIN", "Pmriksn_26": "DETAIL", "Pnglola_26": "BPJN SUMATERA BARAT", "Satkr_ID26": "693876", "PPK_Name26": "PPK 2.3", "Traffic_26": null, "VCR_26": "0.119", "AADT_26": null, "Tipe_Jb_26": null, "Lat_26": -1.38472200032, "Long_26": 100.588111, "Tgl_Ins_26": "5\/7\/2026", "Ket_26": null }, "geometry": { "type": "Point", "coordinates": [ 100.588110999922776, -1.384722000320039 ] } },
{ "type": "Feature", "properties": { "KDRUAS_UPD": "06021", "NOJBT_UPD": "06.021.004.0", "NM_RUAS_UP": "SIMP. EMPAT - PADANG SAWAH", "NM_JBT_UPD": "BATANG PERTUMPANGAN", "PROVINSI": "SUMATERA BARAT", "No_Prov_26": "06", "ID_Jbt_26": "0600240", "Kd_Ruas_26": "06021", "Suffix_26": null, "Nm_Ruas_26": "SIMP. EMPAT - PADANG SAWAH", "Lintas_26": "JALAN LINTAS BARAT", "No_Jbt_26": "06.021.004.0", "Nm_Jbt_26": "BATANG PERTUMPANGAN", "Status_26": "N", "Fungsi_26": "K1", "Lks_Dr_26": "PDG", "Lks_km_26": 148.5, "F_STA_26": "1420", "Cadin_26": "SP4", "Pjg_Jbt_26": 26.0, "Btg_Pjg_26": 25.5, "Jml_Btg_26": "1", "Lb_Jl_Ms26": 5.46, "Lb_Jl_Kl26": 5.46, "Lb_Lalin26": 5.46, "Lb_Bh_Ki26": 0.34, "Lb_Bh_Ka26": 0.38, "Lb_Dr_Ki26": 0.0, "Lb_Dr_Ka26": 0.0, "Lb_Tr_Ki26": 0.5, "Lb_Tr_Ka26": 0.52, "Lb_TS_Ki26": 0.22, "Lb_TS_Ka26": 0.22, "Lb_Med_26": 0.0, "Lbr_Jbt_26": 7.64, "Bgn_Ats_26": "GTP", "Jns_Jbt_26": "STANDAR", "Thn_Bgn_26": "1983", "BA_26": "1", "LNT_26": "0", "BB_26": "0", "DAS_26": "1", "OP_26": "2", "UT_26": "0", "GR_26": "0", "LB_26": "0", "JBT_26": "2", "Tp_Lnts_26": "SUNGAI", "Dt_Lnts_26": "BERKELOK", "Pnangnn_26": "RUTIN", "Pmriksn_26": "RUTIN", "Pnglola_26": "BPJN SUMATERA BARAT", "Satkr_ID26": "693875", "PPK_Name26": "PPK 1.4", "Traffic_26": null, "VCR_26": "0.733", "AADT_26": null, "Tipe_Jb_26": null, "Lat_26": -0.0585273057905, "Long_26": 99.933036804099999, "Tgl_Ins_26": "6\/26\/2024", "Ket_26": null }, "geometry": { "type": "Point", "coordinates": [ 99.933036804105257, -0.058527305790506 ] } },
{ "type": "Feature", "properties": { "KDRUAS_UPD": "06021", "NOJBT_UPD": "06.021.005.0", "NM_RUAS_UP": "SIMP. EMPAT - PADANG SAWAH", "NM_JBT_UPD": "KINALI", "PROVINSI": "SUMATERA BARAT", "No_Prov_26": "06", "ID_Jbt_26": "0600241", "Kd_Ruas_26": "06021", "Suffix_26": null, "Nm_Ruas_26": "SIMP. EMPAT - PADANG SAWAH", "Lintas_26": "JALAN LINTAS BARAT", "No_Jbt_26": "06.021.005.0", "Nm_Jbt_26": "KINALI", "Status_26": "N", "Fungsi_26": "K1", "Lks_Dr_26": "PDG", "Lks_km_26": 150.5, "F_STA_26": "1630", "Cadin_26": "SP4", "Pjg_Jbt_26": 32.3, "Btg_Pjg_26": 15.5, "Jml_Btg_26": "2", "Lb_Jl_Ms26": 5.47, "Lb_Jl_Kl26": 5.47, "Lb_Lalin26": 5.47, "Lb_Bh_Ki26": 0.3, "Lb_Bh_Ka26": 0.3, "Lb_Dr_Ki26": 0.0, "Lb_Dr_Ka26": 0.0, "Lb_Tr_Ki26": 0.52, "Lb_Tr_Ka26": 0.51, "Lb_TS_Ki26": 0.29, "Lb_TS_Ka26": 0.29, "Lb_Med_26": 0.0, "Lbr_Jbt_26": 7.68, "Bgn_Ats_26": "GTP", "Jns_Jbt_26": "STANDAR", "Thn_Bgn_26": "1983", "BA_26": "0", "LNT_26": "0", "BB_26": "1", "DAS_26": "1", "OP_26": "2", "UT_26": "0", "GR_26": "0", "LB_26": "0", "JBT_26": "2", "Tp_Lnts_26": "SUNGAI", "Dt_Lnts_26": "BERKELOK", "Pnangnn_26": "RUTIN", "Pmriksn_26": "RUTIN", "Pnglola_26": "BPJN SUMATERA BARAT", "Satkr_ID26": "693875", "PPK_Name26": "PPK 1.4", "Traffic_26": null, "VCR_26": "0.733", "AADT_26": null, "Tipe_Jb_26": null, "Lat_26": -0.060720834998499999, "Long_26": 99.918579101399999, "Tgl_Ins_26": "6\/26\/2024", "Ket_26": null }, "geometry": { "type": "Point", "coordinates": [ 99.918579101444436, -0.060720834998506 ] } },
{ "type": "Feature", "properties": { "KDRUAS_UPD": "06021", "NOJBT_UPD": "06.021.006.0", "NM_RUAS_UP": "SIMP. EMPAT - PADANG SAWAH", "NM_JBT_UPD": "SILAMBAU", "PROVINSI": "SUMATERA BARAT", "No_Prov_26": "06", "ID_Jbt_26": "0600242", "Kd_Ruas_26": "06021", "Suffix_26": null, "Nm_Ruas_26": "SIMP. EMPAT - PADANG SAWAH", "Lintas_26": "JALAN LINTAS BARAT", "No_Jbt_26": "06.021.006.0", "Nm_Jbt_26": "SILAMBAU", "Status_26": "N", "Fungsi_26": "K1", "Lks_Dr_26": "PDG", "Lks_km_26": 153.5, "F_STA_26": "1930", "Cadin_26": "SP4", "Pjg_Jbt_26": 18.7, "Btg_Pjg_26": 18.2, "Jml_Btg_26": "1", "Lb_Jl_Ms26": 5.51, "Lb_Jl_Kl26": 5.51, "Lb_Lalin26": 5.51, "Lb_Bh_Ki26": 0.3, "Lb_Bh_Ka26": 0.27, "Lb_Dr_Ki26": 0.0, "Lb_Dr_Ka26": 0.0, "Lb_Tr_Ki26": 0.5, "Lb_Tr_Ka26": 0.5, "Lb_TS_Ki26": 0.33, "Lb_TS_Ka26": 0.33, "Lb_Med_26": 0.0, "Lbr_Jbt_26": 7.74, "Bgn_Ats_26": "GTP", "Jns_Jbt_26": "STANDAR", "Thn_Bgn_26": "1983", "BA_26": "1", "LNT_26": "0", "BB_26": "0", "DAS_26": "2", "OP_26": "1", "UT_26": "0", "GR_26": "0", "LB_26": "0", "JBT_26": "2", "Tp_Lnts_26": "SUNGAI", "Dt_Lnts_26": "BERKELOK", "Pnangnn_26": "RUTIN", "Pmriksn_26": "DETAIL", "Pnglola_26": "BPJN SUMATERA BARAT", "Satkr_ID26": "693875", "PPK_Name26": "PPK 1.4", "Traffic_26": null, "VCR_26": "0.733", "AADT_26": null, "Tipe_Jb_26": null, "Lat_26": -0.051019527029500002, "Long_26": 99.895584106699999, "Tgl_Ins_26": "5\/3\/2026", "Ket_26": null }, "geometry": { "type": "Point", "coordinates": [ 99.89558410672123, -0.051019527029496 ] } },
{ "type": "Feature", "properties": { "KDRUAS_UPD": "06021", "NOJBT_UPD": "06.021.007.0", "NM_RUAS_UP": "SIMP. EMPAT - PADANG SAWAH", "NM_JBT_UPD": "PAKU", "PROVINSI": "SUMATERA BARAT", "No_Prov_26": "06", "ID_Jbt_26": "0600243", "Kd_Ruas_26": "06021", "Suffix_26": null, "Nm_Ruas_26": "SIMP. EMPAT - PADANG SAWAH", "Lintas_26": "JALAN LINTAS BARAT", "No_Jbt_26": "06.021.007.0", "Nm_Jbt_26": "PAKU", "Status_26": "N", "Fungsi_26": "K1", "Lks_Dr_26": "PDG", "Lks_km_26": 155.58, "F_STA_26": "2150", "Cadin_26": "SP4", "Pjg_Jbt_26": 21.1, "Btg_Pjg_26": 20.6, "Jml_Btg_26": "1", "Lb_Jl_Ms26": 5.4, "Lb_Jl_Kl26": 5.4, "Lb_Lalin26": 5.4, "Lb_Bh_Ki26": 0.27, "Lb_Bh_Ka26": 0.31, "Lb_Dr_Ki26": 0.0, "Lb_Dr_Ka26": 0.0, "Lb_Tr_Ki26": 0.52, "Lb_Tr_Ka26": 0.54, "Lb_TS_Ki26": 0.33, "Lb_TS_Ka26": 0.33, "Lb_Med_26": 0.0, "Lbr_Jbt_26": 7.7, "Bgn_Ats_26": "GTP", "Jns_Jbt_26": "STANDAR", "Thn_Bgn_26": "1983", "BA_26": "2", "LNT_26": "2", "BB_26": "0", "DAS_26": "0", "OP_26": "0", "UT_26": "0", "GR_26": "0", "LB_26": "0", "JBT_26": "2", "Tp_Lnts_26": "SUNGAI", "Dt_Lnts_26": "BERJALIN", "Pnangnn_26": "RUTIN", "Pmriksn_26": "RUTIN", "Pnglola_26": "BPJN SUMATERA BARAT", "Satkr_ID26": "693875", "PPK_Name26": "PPK 1.4", "Traffic_26": null, "VCR_26": "0.733", "AADT_26": null, "Tipe_Jb_26": null, "Lat_26": -0.041385472161799997, "Long_26": 99.878593444599986, "Tgl_Ins_26": "6\/26\/2024", "Ket_26": null }, "geometry": { "type": "Point", "coordinates": [ 99.878593444631804, -0.041385472161778 ] } },
{ "type": "Feature", "properties": { "KDRUAS_UPD": "06021", "NOJBT_UPD": "06.021.008.0", "NM_RUAS_UP": "SIMP. EMPAT - PADANG SAWAH", "NM_JBT_UPD": "PINAGAR", "PROVINSI": "SUMATERA BARAT", "No_Prov_26": "06", "ID_Jbt_26": "0600244", "Kd_Ruas_26": "06021", "Suffix_26": null, "Nm_Ruas_26": "SIMP. EMPAT - PADANG SAWAH", "Lintas_26": "JALAN LINTAS BARAT", "No_Jbt_26": "06.021.008.0", "Nm_Jbt_26": "PINAGAR", "Status_26": "N", "Fungsi_26": "K1", "Lks_Dr_26": "PDG", "Lks_km_26": 156.25, "F_STA_26": "2200", "Cadin_26": "SP4", "Pjg_Jbt_26": 27.2, "Btg_Pjg_26": 27.0, "Jml_Btg_26": "1", "Lb_Jl_Ms26": 9.94, "Lb_Jl_Kl26": 9.5, "Lb_Lalin26": 9.94, "Lb_Bh_Ki26": 0.47, "Lb_Bh_Ka26": 0.52, "Lb_Dr_Ki26": 0.0, "Lb_Dr_Ka26": 0.0, "Lb_Tr_Ki26": 0.47, "Lb_Tr_Ka26": 0.48, "Lb_TS_Ki26": 0.48, "Lb_TS_Ka26": 0.48, "Lb_Med_26": 0.0, "Lbr_Jbt_26": 12.84, "Bgn_Ats_26": "GPP", "Jns_Jbt_26": "STANDAR", "Thn_Bgn_26": "1994", "BA_26": "2", "LNT_26": "2", "BB_26": "0", "DAS_26": "0", "OP_26": "0", "UT_26": "0", "GR_26": "0", "LB_26": "0", "JBT_26": "2", "Tp_Lnts_26": "SUNGAI", "Dt_Lnts_26": "BERKELOK", "Pnangnn_26": "RUTIN", "Pmriksn_26": "RUTIN", "Pnglola_26": "BPJN SUMATERA BARAT", "Satkr_ID26": "693875", "PPK_Name26": "PPK 1.4", "Traffic_26": null, "VCR_26": "0.733", "AADT_26": null, "Tipe_Jb_26": null, "Lat_26": -0.039385720774400002, "Long_26": 99.875068664300017, "Tgl_Ins_26": "8\/25\/2022", "Ket_26": null }, "geometry": { "type": "Point", "coordinates": [ 99.875068664287483, -0.039385720774362 ] } },
{ "type": "Feature", "properties": { "KDRUAS_UPD": "06021", "NOJBT_UPD": "06.021.009.0", "NM_RUAS_UP": "SIMP. EMPAT - PADANG SAWAH", "NM_JBT_UPD": "TAREH", "PROVINSI": "SUMATERA BARAT", "No_Prov_26": "06", "ID_Jbt_26": "0600245", "Kd_Ruas_26": "06021", "Suffix_26": null, "Nm_Ruas_26": "SIMP. EMPAT - PADANG SAWAH", "Lintas_26": "JALAN LINTAS BARAT", "No_Jbt_26": "06.021.009.0", "Nm_Jbt_26": "TAREH", "Status_26": "N", "Fungsi_26": "K1", "Lks_Dr_26": "PDG", "Lks_km_26": 164.7, "F_STA_26": "3000", "Cadin_26": "SP4", "Pjg_Jbt_26": 16.2, "Btg_Pjg_26": 15.7, "Jml_Btg_26": "1", "Lb_Jl_Ms26": 5.5, "Lb_Jl_Kl26": 5.5, "Lb_Lalin26": 5.5, "Lb_Bh_Ki26": 0.28, "Lb_Bh_Ka26": 0.28, "Lb_Dr_Ki26": 0.0, "Lb_Dr_Ka26": 0.0, "Lb_Tr_Ki26": 0.5, "Lb_Tr_Ka26": 0.53, "Lb_TS_Ki26": 0.28, "Lb_TS_Ka26": 0.28, "Lb_Med_26": 0.0, "Lbr_Jbt_26": 7.65, "Bgn_Ats_26": "GTP", "Jns_Jbt_26": "STANDAR", "Thn_Bgn_26": "1983", "BA_26": "2", "LNT_26": "2", "BB_26": "0", "DAS_26": "2", "OP_26": "1", "UT_26": "0", "GR_26": "0", "LB_26": "0", "JBT_26": "2", "Tp_Lnts_26": "SUNGAI", "Dt_Lnts_26": "BERKELOK", "Pnangnn_26": "RUTIN", "Pmriksn_26": "RUTIN", "Pnglola_26": "BPJN SUMATERA BARAT", "Satkr_ID26": "693875", "PPK_Name26": "PPK 1.4", "Traffic_26": null, "VCR_26": "0.733", "AADT_26": null, "Tipe_Jb_26": null, "Lat_26": 0.0068008892496891297, "Long_26": 99.823204040600004, "Tgl_Ins_26": "6\/26\/2024", "Ket_26": null }, "geometry": { "type": "Point", "coordinates": [ 99.823204040634039, 0.006800889249689 ] } },
{ "type": "Feature", "properties": { "KDRUAS_UPD": "06021", "NOJBT_UPD": "06.021.012.0", "NM_RUAS_UP": "SIMP. EMPAT - PADANG SAWAH", "NM_JBT_UPD": "SUNGAI TIPO", "PROVINSI": "SUMATERA BARAT", "No_Prov_26": "06", "ID_Jbt_26": "0600248", "Kd_Ruas_26": "06021", "Suffix_26": null, "Nm_Ruas_26": "SIMP. EMPAT - PADANG SAWAH", "Lintas_26": "JALAN LINTAS BARAT", "No_Jbt_26": "06.021.012.0", "Nm_Jbt_26": "SUNGAI TIPO", "Status_26": "N", "Fungsi_26": "K1", "Lks_Dr_26": "PDG", "Lks_km_26": 172.18, "F_STA_26": "3810", "Cadin_26": "SP4", "Pjg_Jbt_26": 26.6, "Btg_Pjg_26": 26.0, "Jml_Btg_26": "1", "Lb_Jl_Ms26": 5.5, "Lb_Jl_Kl26": 5.5, "Lb_Lalin26": 5.5, "Lb_Bh_Ki26": 0.27, "Lb_Bh_Ka26": 0.26, "Lb_Dr_Ki26": 0.0, "Lb_Dr_Ka26": 0.0, "Lb_Tr_Ki26": 0.52, "Lb_Tr_Ka26": 0.52, "Lb_TS_Ki26": 0.265, "Lb_TS_Ka26": 0.265, "Lb_Med_26": 0.0, "Lbr_Jbt_26": 7.6, "Bgn_Ats_26": "GPP", "Jns_Jbt_26": "STANDAR", "Thn_Bgn_26": "1983", "BA_26": "2", "LNT_26": "2", "BB_26": "0", "DAS_26": "2", "OP_26": "2", "UT_26": "0", "GR_26": "0", "LB_26": "0", "JBT_26": "2", "Tp_Lnts_26": "SUNGAI", "Dt_Lnts_26": "BERKELOK", "Pnangnn_26": "RUTIN", "Pmriksn_26": "RUTIN", "Pnglola_26": "BPJN SUMATERA BARAT", "Satkr_ID26": "693875", "PPK_Name26": "PPK 1.4", "Traffic_26": null, "VCR_26": "0.733", "AADT_26": null, "Tipe_Jb_26": null, "Lat_26": 0.073721915833800722, "Long_26": 99.821044922200002, "Tgl_Ins_26": "6\/26\/2024", "Ket_26": null }, "geometry": { "type": "Point", "coordinates": [ 99.821044922185479, 0.073721915833801 ] } },
{ "type": "Feature", "properties": { "KDRUAS_UPD": "06021", "NOJBT_UPD": "06.021.013.0", "NM_RUAS_UP": "SIMP. EMPAT - PADANG SAWAH", "NM_JBT_UPD": "SUNGAI TOMAN", "PROVINSI": "SUMATERA BARAT", "No_Prov_26": "06", "ID_Jbt_26": "0600249", "Kd_Ruas_26": "06021", "Suffix_26": null, "Nm_Ruas_26": "SIMP. EMPAT - PADANG SAWAH", "Lintas_26": "JALAN LINTAS BARAT", "No_Jbt_26": "06.021.013.0", "Nm_Jbt_26": "SUNGAI TOMAN", "Status_26": "N", "Fungsi_26": "K1", "Lks_Dr_26": "PDG", "Lks_km_26": 172.6, "F_STA_26": "3850", "Cadin_26": "SP4", "Pjg_Jbt_26": 42.2, "Btg_Pjg_26": 20.5, "Jml_Btg_26": "2", "Lb_Jl_Ms26": 5.77, "Lb_Jl_Kl26": 5.77, "Lb_Lalin26": 5.77, "Lb_Bh_Ki26": 0.33, "Lb_Bh_Ka26": 0.52, "Lb_Dr_Ki26": 0.0, "Lb_Dr_Ka26": 0.0, "Lb_Tr_Ki26": 0.0, "Lb_Tr_Ka26": 0.0, "Lb_TS_Ki26": 0.34, "Lb_TS_Ka26": 0.34, "Lb_Med_26": 0.0, "Lbr_Jbt_26": 7.3, "Bgn_Ats_26": "GPP", "Jns_Jbt_26": "STANDAR", "Thn_Bgn_26": "1994", "BA_26": "1", "LNT_26": "1", "BB_26": "2", "DAS_26": "1", "OP_26": "0", "UT_26": "0", "GR_26": "0", "LB_26": "0", "JBT_26": "2", "Tp_Lnts_26": "SUNGAI", "Dt_Lnts_26": "BERKELOK", "Pnangnn_26": "RUTIN", "Pmriksn_26": "RUTIN", "Pnglola_26": "BPJN SUMATERA BARAT", "Satkr_ID26": "693875", "PPK_Name26": "PPK 1.4", "Traffic_26": null, "VCR_26": "0.733", "AADT_26": null, "Tipe_Jb_26": null, "Lat_26": 0.077437445082068734, "Long_26": 99.821754455800018, "Tgl_Ins_26": "9\/23\/2020", "Ket_26": null }, "geometry": { "type": "Point", "coordinates": [ 99.821754455803557, 0.077437445082069 ] } },
{ "type": "Feature", "properties": { "KDRUAS_UPD": "0602611", "NOJBT_UPD": "06.026.004.B.11", "NM_RUAS_UP": "JLN. ADINEGORO (PADANG)", "NM_JBT_UPD": "MUARA PENJALINAN B", "PROVINSI": "SUMATERA BARAT", "No_Prov_26": "06", "ID_Jbt_26": "0600314", "Kd_Ruas_26": "0602611", "Suffix_26": "11", "Nm_Ruas_26": "JLN. ADINEGORO (PADANG)", "Lintas_26": "JALAN LINTAS BARAT", "No_Jbt_26": "06.026.004.B.11", "Nm_Jbt_26": "MUARA PENJALINAN B", "Status_26": "N", "Fungsi_26": "A", "Lks_Dr_26": "PDG", "Lks_km_26": 11.5, "F_STA_26": "90", "Cadin_26": "PDG", "Pjg_Jbt_26": 96.6, "Btg_Pjg_26": 33.0, "Jml_Btg_26": "3", "Lb_Jl_Ms26": 6.3, "Lb_Jl_Kl26": 6.3, "Lb_Lalin26": 6.3, "Lb_Bh_Ki26": 0.25, "Lb_Bh_Ka26": 0.25, "Lb_Dr_Ki26": 0.0, "Lb_Dr_Ka26": 0.0, "Lb_Tr_Ki26": 1.2, "Lb_Tr_Ka26": 1.2, "Lb_TS_Ki26": 0.1, "Lb_TS_Ka26": 0.1, "Lb_Med_26": 0.0, "Lbr_Jbt_26": 9.4, "Bgn_Ats_26": "GPP", "Jns_Jbt_26": "STANDAR", "Thn_Bgn_26": "1999", "BA_26": "2", "LNT_26": "2", "BB_26": "1", "DAS_26": "1", "OP_26": "0", "UT_26": "0", "GR_26": "0", "LB_26": "0", "JBT_26": "2", "Tp_Lnts_26": "SUNGAI", "Dt_Lnts_26": "LURUS", "Pnangnn_26": "RUTIN", "Pmriksn_26": "RUTIN", "Pnglola_26": "BPJN SUMATERA BARAT", "Satkr_ID26": "693875", "PPK_Name26": "PPK 1.1", "Traffic_26": null, "VCR_26": "0.675", "AADT_26": null, "Tipe_Jb_26": null, "Lat_26": -0.86184328803700005, "Long_26": 100.340179443, "Tgl_Ins_26": "5\/26\/2021", "Ket_26": null }, "geometry": { "type": "Point", "coordinates": [ 100.340179442927024, -0.861843288037278 ] } },
{ "type": "Feature", "properties": { "KDRUAS_UPD": "0602611", "NOJBT_UPD": "06.026.007.A.11", "NM_RUAS_UP": "JLN. ADINEGORO (PADANG)", "NM_JBT_UPD": "SIKUMBANG A", "PROVINSI": "SUMATERA BARAT", "No_Prov_26": "06", "ID_Jbt_26": "0600319", "Kd_Ruas_26": "0602611", "Suffix_26": "11", "Nm_Ruas_26": "JLN. ADINEGORO (PADANG)", "Lintas_26": "JALAN LINTAS BARAT", "No_Jbt_26": "06.026.007.A.11", "Nm_Jbt_26": "SIKUMBANG A", "Status_26": "N", "Fungsi_26": "A", "Lks_Dr_26": "PDG", "Lks_km_26": 12.6, "F_STA_26": "210", "Cadin_26": "PDG", "Pjg_Jbt_26": 9.1, "Btg_Pjg_26": 9.1, "Jml_Btg_26": "2", "Lb_Jl_Ms26": 6.8, "Lb_Jl_Kl26": 6.8, "Lb_Lalin26": 6.8, "Lb_Bh_Ki26": 0.33, "Lb_Bh_Ka26": 0.33, "Lb_Dr_Ki26": 0.0, "Lb_Dr_Ka26": 0.0, "Lb_Tr_Ki26": 1.56, "Lb_Tr_Ka26": 1.56, "Lb_TS_Ki26": 0.0, "Lb_TS_Ka26": 0.0, "Lb_Med_26": 0.0, "Lbr_Jbt_26": 10.58, "Bgn_Ats_26": "YBP", "Jns_Jbt_26": "STANDAR", "Thn_Bgn_26": "1976", "BA_26": "2", "LNT_26": "2", "BB_26": "0", "DAS_26": "1", "OP_26": "0", "UT_26": "0", "GR_26": "2", "LB_26": "0", "JBT_26": "2", "Tp_Lnts_26": "SUNGAI", "Dt_Lnts_26": "LURUS", "Pnangnn_26": "RUTIN", "Pmriksn_26": "RUTIN", "Pnglola_26": "BPJN SUMATERA BARAT", "Satkr_ID26": "693875", "PPK_Name26": "PPK 1.1", "Traffic_26": null, "VCR_26": "0.675", "AADT_26": null, "Tipe_Jb_26": null, "Lat_26": -0.85265082097900002, "Long_26": 100.335594177, "Tgl_Ins_26": "6\/24\/2024", "Ket_26": null }, "geometry": { "type": "Point", "coordinates": [ 100.335594176630025, -0.852650820978567 ] } },
{ "type": "Feature", "properties": { "KDRUAS_UPD": "0602611", "NOJBT_UPD": "06.026.007.B.11", "NM_RUAS_UP": "JLN. ADINEGORO (PADANG)", "NM_JBT_UPD": "SIKUMBANG B", "PROVINSI": "SUMATERA BARAT", "No_Prov_26": "06", "ID_Jbt_26": "0600320", "Kd_Ruas_26": "0602611", "Suffix_26": "11", "Nm_Ruas_26": "JLN. ADINEGORO (PADANG)", "Lintas_26": "JALAN LINTAS BARAT", "No_Jbt_26": "06.026.007.B.11", "Nm_Jbt_26": "SIKUMBANG B", "Status_26": "N", "Fungsi_26": "A", "Lks_Dr_26": "PDG", "Lks_km_26": 12.6, "F_STA_26": "210", "Cadin_26": "PDG", "Pjg_Jbt_26": 6.0, "Btg_Pjg_26": 6.0, "Jml_Btg_26": "2", "Lb_Jl_Ms26": 6.3, "Lb_Jl_Kl26": 6.3, "Lb_Lalin26": 6.3, "Lb_Bh_Ki26": 0.33, "Lb_Bh_Ka26": 0.33, "Lb_Dr_Ki26": 0.0, "Lb_Dr_Ka26": 0.0, "Lb_Tr_Ki26": 0.56, "Lb_Tr_Ka26": 0.56, "Lb_TS_Ki26": 0.86, "Lb_TS_Ka26": 0.86, "Lb_Med_26": 0.0, "Lbr_Jbt_26": 9.8, "Bgn_Ats_26": "BTP", "Jns_Jbt_26": "STANDAR", "Thn_Bgn_26": "2000", "BA_26": "1", "LNT_26": "1", "BB_26": "0", "DAS_26": "0", "OP_26": "0", "UT_26": "0", "GR_26": "0", "LB_26": "0", "JBT_26": "1", "Tp_Lnts_26": "SUNGAI", "Dt_Lnts_26": "LURUS", "Pnangnn_26": "RUTIN", "Pmriksn_26": "RUTIN", "Pnglola_26": "BPJN SUMATERA BARAT", "Satkr_ID26": "693875", "PPK_Name26": "PPK 1.1", "Traffic_26": null, "VCR_26": "0.675", "AADT_26": null, "Tipe_Jb_26": null, "Lat_26": -0.852597177318, "Long_26": 100.33567810100001, "Tgl_Ins_26": "5\/27\/2021", "Ket_26": null }, "geometry": { "type": "Point", "coordinates": [ 100.335678101363328, -0.852597177317818 ] } },
{ "type": "Feature", "properties": { "KDRUAS_UPD": "0602611", "NOJBT_UPD": "06.026.008.A.11", "NM_RUAS_UP": "JLN. ADINEGORO (PADANG)", "NM_JBT_UPD": "ARANG PERAHU A", "PROVINSI": "SUMATERA BARAT", "No_Prov_26": "06", "ID_Jbt_26": "0600321", "Kd_Ruas_26": "0602611", "Suffix_26": "11", "Nm_Ruas_26": "JLN. ADINEGORO (PADANG)", "Lintas_26": "JALAN LINTAS BARAT", "No_Jbt_26": "06.026.008.A.11", "Nm_Jbt_26": "ARANG PERAHU A", "Status_26": "N", "Fungsi_26": "A", "Lks_Dr_26": "PDG", "Lks_km_26": 12.8, "F_STA_26": "230", "Cadin_26": "PDG", "Pjg_Jbt_26": 12.0, "Btg_Pjg_26": 11.5, "Jml_Btg_26": "1", "Lb_Jl_Ms26": 6.8, "Lb_Jl_Kl26": 6.8, "Lb_Lalin26": 6.8, "Lb_Bh_Ki26": 1.04, "Lb_Bh_Ka26": 1.04, "Lb_Dr_Ki26": 0.0, "Lb_Dr_Ka26": 0.0, "Lb_Tr_Ki26": 0.4, "Lb_Tr_Ka26": 0.4, "Lb_TS_Ki26": 0.0, "Lb_TS_Ka26": 0.0, "Lb_Med_26": 0.0, "Lbr_Jbt_26": 9.68, "Bgn_Ats_26": "GBP", "Jns_Jbt_26": "STANDAR", "Thn_Bgn_26": "1995", "BA_26": "2", "LNT_26": "2", "BB_26": "0", "DAS_26": "2", "OP_26": "2", "UT_26": "0", "GR_26": "0", "LB_26": "0", "JBT_26": "2", "Tp_Lnts_26": "SUNGAI", "Dt_Lnts_26": "LURUS", "Pnangnn_26": "RUTIN", "Pmriksn_26": "RUTIN", "Pnglola_26": "BPJN SUMATERA BARAT", "Satkr_ID26": "693875", "PPK_Name26": "PPK 1.1", "Traffic_26": null, "VCR_26": "0.675", "AADT_26": null, "Tipe_Jb_26": null, "Lat_26": -0.85103029031599997, "Long_26": 100.334655762, "Tgl_Ins_26": "6\/4\/2025", "Ket_26": null }, "geometry": { "type": "Point", "coordinates": [ 100.334655761953911, -0.851030290315578 ] } },
{ "type": "Feature", "properties": { "KDRUAS_UPD": "0602611", "NOJBT_UPD": "06.026.008.B.11", "NM_RUAS_UP": "JLN. ADINEGORO (PADANG)", "NM_JBT_UPD": "ARANG PERAHU B", "PROVINSI": "SUMATERA BARAT", "No_Prov_26": "06", "ID_Jbt_26": "0600322", "Kd_Ruas_26": "0602611", "Suffix_26": "11", "Nm_Ruas_26": "JLN. ADINEGORO (PADANG)", "Lintas_26": "JALAN LINTAS BARAT", "No_Jbt_26": "06.026.008.B.11", "Nm_Jbt_26": "ARANG PERAHU B", "Status_26": "N", "Fungsi_26": "A", "Lks_Dr_26": "PDG", "Lks_km_26": 12.8, "F_STA_26": "230", "Cadin_26": "PDG", "Pjg_Jbt_26": 10.2, "Btg_Pjg_26": 3.0, "Jml_Btg_26": "3", "Lb_Jl_Ms26": 6.5, "Lb_Jl_Kl26": 6.5, "Lb_Lalin26": 6.5, "Lb_Bh_Ki26": 0.46, "Lb_Bh_Ka26": 0.46, "Lb_Dr_Ki26": 0.1, "Lb_Dr_Ka26": 0.1, "Lb_Tr_Ki26": 0.78, "Lb_Tr_Ka26": 0.78, "Lb_TS_Ki26": 0.36, "Lb_TS_Ka26": 0.36, "Lb_Med_26": 0.0, "Lbr_Jbt_26": 9.9, "Bgn_Ats_26": "BTP", "Jns_Jbt_26": "STANDAR", "Thn_Bgn_26": "1995", "BA_26": "1", "LNT_26": "1", "BB_26": "0", "DAS_26": "1", "OP_26": "0", "UT_26": "0", "GR_26": "0", "LB_26": "0", "JBT_26": "1", "Tp_Lnts_26": "SUNGAI", "Dt_Lnts_26": "LURUS", "Pnangnn_26": "RUTIN", "Pmriksn_26": "RUTIN", "Pnglola_26": "BPJN SUMATERA BARAT", "Satkr_ID26": "693875", "PPK_Name26": "PPK 1.1", "Traffic_26": null, "VCR_26": "0.675", "AADT_26": null, "Tipe_Jb_26": null, "Lat_26": -0.850975454154, "Long_26": 100.33477020300002, "Tgl_Ins_26": "5\/28\/2021", "Ket_26": null }, "geometry": { "type": "Point", "coordinates": [ 100.33477020338222, -0.850975454153854 ] } },
{ "type": "Feature", "properties": { "KDRUAS_UPD": "0602611", "NOJBT_UPD": "06.026.010.A.11", "NM_RUAS_UP": "JLN. ADINEGORO (PADANG)", "NM_JBT_UPD": "LUBUK BUAYA A", "PROVINSI": "SUMATERA BARAT", "No_Prov_26": "06", "ID_Jbt_26": "0600325", "Kd_Ruas_26": "0602611", "Suffix_26": "11", "Nm_Ruas_26": "JLN. ADINEGORO (PADANG)", "Lintas_26": "JALAN LINTAS BARAT", "No_Jbt_26": "06.026.010.A.11", "Nm_Jbt_26": "LUBUK BUAYA A", "Status_26": "N", "Fungsi_26": "A", "Lks_Dr_26": "PDG", "Lks_km_26": 14.4, "F_STA_26": "390", "Cadin_26": "PDG", "Pjg_Jbt_26": 42.6, "Btg_Pjg_26": 42.0, "Jml_Btg_26": "1", "Lb_Jl_Ms26": 5.4, "Lb_Jl_Kl26": 5.4, "Lb_Lalin26": 5.4, "Lb_Bh_Ki26": 0.35, "Lb_Bh_Ka26": 0.35, "Lb_Dr_Ki26": 0.0, "Lb_Dr_Ka26": 0.0, "Lb_Tr_Ki26": 0.43, "Lb_Tr_Ka26": 0.43, "Lb_TS_Ki26": 0.0, "Lb_TS_Ka26": 0.0, "Lb_Med_26": 0.0, "Lbr_Jbt_26": 6.96, "Bgn_Ats_26": "RBU", "Jns_Jbt_26": "STANDAR", "Thn_Bgn_26": "1977", "BA_26": "3", "LNT_26": "1", "BB_26": "2", "DAS_26": "0", "OP_26": "1", "UT_26": "0", "GR_26": "0", "LB_26": "0", "JBT_26": "3", "Tp_Lnts_26": "SUNGAI", "Dt_Lnts_26": "BERKELOK (MEANDER)", "Pnangnn_26": "BERKALA", "Pmriksn_26": "DETAIL", "Pnglola_26": "BPJN SUMATERA BARAT", "Satkr_ID26": "693875", "PPK_Name26": "PPK 1.1", "Traffic_26": null, "VCR_26": "0.675", "AADT_26": null, "Tipe_Jb_26": null, "Lat_26": -0.83769285693999995, "Long_26": 100.32814025899999, "Tgl_Ins_26": "4\/28\/2026", "Ket_26": null }, "geometry": { "type": "Point", "coordinates": [ 100.328140259165707, -0.837692856939725 ] } },
{ "type": "Feature", "properties": { "KDRUAS_UPD": "0602611", "NOJBT_UPD": "06.026.010.B.11", "NM_RUAS_UP": "JLN. ADINEGORO (PADANG)", "NM_JBT_UPD": "LUBUK BUAYA B", "PROVINSI": "SUMATERA BARAT", "No_Prov_26": "06", "ID_Jbt_26": "0600326", "Kd_Ruas_26": "0602611", "Suffix_26": "11", "Nm_Ruas_26": "JLN. ADINEGORO (PADANG)", "Lintas_26": "JALAN LINTAS BARAT", "No_Jbt_26": "06.026.010.B.11", "Nm_Jbt_26": "LUBUK BUAYA B", "Status_26": "N", "Fungsi_26": "A", "Lks_Dr_26": "PDG", "Lks_km_26": 14.4, "F_STA_26": "390", "Cadin_26": "PDG", "Pjg_Jbt_26": 45.9, "Btg_Pjg_26": 45.5, "Jml_Btg_26": "1", "Lb_Jl_Ms26": 5.3, "Lb_Jl_Kl26": 5.3, "Lb_Lalin26": 5.3, "Lb_Bh_Ki26": 0.35, "Lb_Bh_Ka26": 0.35, "Lb_Dr_Ki26": 0.0, "Lb_Dr_Ka26": 0.0, "Lb_Tr_Ki26": 0.43, "Lb_Tr_Ka26": 0.43, "Lb_TS_Ki26": 0.0, "Lb_TS_Ka26": 0.0, "Lb_Med_26": 0.0, "Lbr_Jbt_26": 6.86, "Bgn_Ats_26": "RBI", "Jns_Jbt_26": "STANDAR", "Thn_Bgn_26": "1999", "BA_26": "2", "LNT_26": "1", "BB_26": "1", "DAS_26": "1", "OP_26": "1", "UT_26": "0", "GR_26": "0", "LB_26": "0", "JBT_26": "2", "Tp_Lnts_26": "SUNGAI", "Dt_Lnts_26": "BERKELOK (MEANDER)", "Pnangnn_26": "BERKALA", "Pmriksn_26": "DETAIL", "Pnglola_26": "BPJN SUMATERA BARAT", "Satkr_ID26": "693875", "PPK_Name26": "PPK 1.1", "Traffic_26": null, "VCR_26": "0.675", "AADT_26": null, "Tipe_Jb_26": null, "Lat_26": -0.83768463173999996, "Long_26": 100.32823181199998, "Tgl_Ins_26": "4\/28\/2026", "Ket_26": null }, "geometry": { "type": "Point", "coordinates": [ 100.328231811948626, -0.837684631740331 ] } },
{ "type": "Feature", "properties": { "KDRUAS_UPD": "0602611", "NOJBT_UPD": "06.026.012.A.11", "NM_RUAS_UP": "JLN. ADINEGORO (PADANG)", "NM_JBT_UPD": "KAYU KALEK A", "PROVINSI": "SUMATERA BARAT", "No_Prov_26": "06", "ID_Jbt_26": "0600329", "Kd_Ruas_26": "0602611", "Suffix_26": "11", "Nm_Ruas_26": "JLN. ADINEGORO (PADANG)", "Lintas_26": "JALAN LINTAS BARAT", "No_Jbt_26": "06.026.012.A.11", "Nm_Jbt_26": "KAYU KALEK A", "Status_26": "N", "Fungsi_26": "A", "Lks_Dr_26": "PDG", "Lks_km_26": 18.0, "F_STA_26": "760", "Cadin_26": "PDG", "Pjg_Jbt_26": 6.7, "Btg_Pjg_26": 6.7, "Jml_Btg_26": "2", "Lb_Jl_Ms26": 7.1, "Lb_Jl_Kl26": 7.1, "Lb_Lalin26": 7.1, "Lb_Bh_Ki26": 0.27, "Lb_Bh_Ka26": 0.27, "Lb_Dr_Ki26": 0.0, "Lb_Dr_Ka26": 0.0, "Lb_Tr_Ki26": 1.06, "Lb_Tr_Ka26": 1.06, "Lb_TS_Ki26": 0.12, "Lb_TS_Ka26": 0.12, "Lb_Med_26": 0.0, "Lbr_Jbt_26": 10.0, "Bgn_Ats_26": "BTP", "Jns_Jbt_26": "STANDAR", "Thn_Bgn_26": "1980", "BA_26": "1", "LNT_26": "0", "BB_26": "0", "DAS_26": "2", "OP_26": "0", "UT_26": "0", "GR_26": "2", "LB_26": "0", "JBT_26": "2", "Tp_Lnts_26": "SUNGAI", "Dt_Lnts_26": "LURUS", "Pnangnn_26": "RUTIN", "Pmriksn_26": "RUTIN", "Pnglola_26": "BPJN SUMATERA BARAT", "Satkr_ID26": "693875", "PPK_Name26": "PPK 1.1", "Traffic_26": null, "VCR_26": "0.675", "AADT_26": null, "Tipe_Jb_26": null, "Lat_26": -0.80934905981100003, "Long_26": 100.31577301, "Tgl_Ins_26": "6\/26\/2024", "Ket_26": null }, "geometry": { "type": "Point", "coordinates": [ 100.315773009916541, -0.809349059811211 ] } },
{ "type": "Feature", "properties": { "KDRUAS_UPD": "0602611", "NOJBT_UPD": "06.026.012.B.11", "NM_RUAS_UP": "JLN. ADINEGORO (PADANG)", "NM_JBT_UPD": "KAYU KALEK B", "PROVINSI": "SUMATERA BARAT", "No_Prov_26": "06", "ID_Jbt_26": "0600330", "Kd_Ruas_26": "0602611", "Suffix_26": "11", "Nm_Ruas_26": "JLN. ADINEGORO (PADANG)", "Lintas_26": "JALAN LINTAS BARAT", "No_Jbt_26": "06.026.012.B.11", "Nm_Jbt_26": "KAYU KALEK B", "Status_26": "N", "Fungsi_26": "A", "Lks_Dr_26": "PDG", "Lks_km_26": 18.0, "F_STA_26": "760", "Cadin_26": "PDG", "Pjg_Jbt_26": 6.7, "Btg_Pjg_26": 6.0, "Jml_Btg_26": "1", "Lb_Jl_Ms26": 6.3, "Lb_Jl_Kl26": 6.3, "Lb_Lalin26": 6.3, "Lb_Bh_Ki26": 0.45, "Lb_Bh_Ka26": 0.45, "Lb_Dr_Ki26": 0.0, "Lb_Dr_Ka26": 0.0, "Lb_Tr_Ki26": 0.95, "Lb_Tr_Ka26": 0.95, "Lb_TS_Ki26": 0.0, "Lb_TS_Ka26": 0.0, "Lb_Med_26": 0.0, "Lbr_Jbt_26": 9.1, "Bgn_Ats_26": "BTP", "Jns_Jbt_26": "STANDAR", "Thn_Bgn_26": "1980", "BA_26": "2", "LNT_26": "2", "BB_26": "0", "DAS_26": "2", "OP_26": "0", "UT_26": "0", "GR_26": "1", "LB_26": "0", "JBT_26": "2", "Tp_Lnts_26": "SUNGAI", "Dt_Lnts_26": "LURUS", "Pnangnn_26": "RUTIN", "Pmriksn_26": "RUTIN", "Pnglola_26": "BPJN SUMATERA BARAT", "Satkr_ID26": "693875", "PPK_Name26": "PPK 1.1", "Traffic_26": null, "VCR_26": "0.675", "AADT_26": null, "Tipe_Jb_26": null, "Lat_26": -0.80927991903300001, "Long_26": 100.31584167499999, "Tgl_Ins_26": "6\/26\/2024", "Ket_26": null }, "geometry": { "type": "Point", "coordinates": [ 100.31584167495339, -0.809279919032974 ] } },
{ "type": "Feature", "properties": { "KDRUAS_UPD": "0602611", "NOJBT_UPD": "06.026.013.A.11", "NM_RUAS_UP": "JLN. ADINEGORO (PADANG)", "NM_JBT_UPD": "MUARA KASANG A", "PROVINSI": "SUMATERA BARAT", "No_Prov_26": "06", "ID_Jbt_26": "0600331", "Kd_Ruas_26": "0602611", "Suffix_26": "11", "Nm_Ruas_26": "JLN. ADINEGORO (PADANG)", "Lintas_26": "JALAN LINTAS BARAT", "No_Jbt_26": "06.026.013.A.11", "Nm_Jbt_26": "MUARA KASANG A", "Status_26": "N", "Fungsi_26": "A", "Lks_Dr_26": "PDG", "Lks_km_26": 18.6, "F_STA_26": "810", "Cadin_26": "PDG", "Pjg_Jbt_26": 42.0, "Btg_Pjg_26": 20.5, "Jml_Btg_26": "2", "Lb_Jl_Ms26": 6.4, "Lb_Jl_Kl26": 6.4, "Lb_Lalin26": 6.4, "Lb_Bh_Ki26": 0.3, "Lb_Bh_Ka26": 0.3, "Lb_Dr_Ki26": 0.0, "Lb_Dr_Ka26": 0.0, "Lb_Tr_Ki26": 1.2, "Lb_Tr_Ka26": 1.2, "Lb_TS_Ki26": 0.25, "Lb_TS_Ka26": 0.25, "Lb_Med_26": 0.0, "Lbr_Jbt_26": 9.9, "Bgn_Ats_26": "GTP", "Jns_Jbt_26": "STANDAR", "Thn_Bgn_26": "2000", "BA_26": "1", "LNT_26": "1", "BB_26": "1", "DAS_26": "0", "OP_26": "0", "UT_26": "0", "GR_26": "0", "LB_26": "0", "JBT_26": "1", "Tp_Lnts_26": "SUNGAI", "Dt_Lnts_26": "BERKELOK (MEANDER)", "Pnangnn_26": "RUTIN", "Pmriksn_26": "RUTIN", "Pnglola_26": "BPJN SUMATERA BARAT", "Satkr_ID26": "693875", "PPK_Name26": "PPK 1.1", "Traffic_26": null, "VCR_26": "0.675", "AADT_26": null, "Tipe_Jb_26": null, "Lat_26": -0.80449897015100003, "Long_26": 100.31581115700001, "Tgl_Ins_26": "5\/28\/2021", "Ket_26": null }, "geometry": { "type": "Point", "coordinates": [ 100.315811157359065, -0.804498970151315 ] } },
{ "type": "Feature", "properties": { "KDRUAS_UPD": "06023", "NOJBT_UPD": "06.023.034.0", "NM_RUAS_UP": "MANGGAPOH - BTS. KOTA PARIAMAN", "NM_JBT_UPD": "BATANG ANTOKAN", "PROVINSI": "SUMATERA BARAT", "No_Prov_26": "06", "ID_Jbt_26": "0600294", "Kd_Ruas_26": "06023", "Suffix_26": null, "Nm_Ruas_26": "MANGGAPOH - BTS. KOTA PARIAMAN", "Lintas_26": "JALAN LINTAS BARAT", "No_Jbt_26": "06.023.034.0", "Nm_Jbt_26": "BATANG ANTOKAN", "Status_26": "N", "Fungsi_26": "K1", "Lks_Dr_26": "PDG", "Lks_km_26": 102.0, "F_STA_26": "3910", "Cadin_26": "PRM", "Pjg_Jbt_26": 56.0, "Btg_Pjg_26": 55.5, "Jml_Btg_26": "1", "Lb_Jl_Ms26": 5.37, "Lb_Jl_Kl26": 5.37, "Lb_Lalin26": 5.37, "Lb_Bh_Ki26": 0.36, "Lb_Bh_Ka26": 0.3, "Lb_Dr_Ki26": 0.0, "Lb_Dr_Ka26": 0.0, "Lb_Tr_Ki26": 0.46, "Lb_Tr_Ka26": 0.47, "Lb_TS_Ki26": 0.0, "Lb_TS_Ka26": 0.0, "Lb_Med_26": 0.0, "Lbr_Jbt_26": 6.96, "Bgn_Ats_26": "RBR", "Jns_Jbt_26": "STANDAR", "Thn_Bgn_26": "1991", "BA_26": "2", "LNT_26": "0", "BB_26": "1", "DAS_26": "2", "OP_26": "2", "UT_26": "0", "GR_26": "0", "LB_26": "0", "JBT_26": "2", "Tp_Lnts_26": "SUNGAI", "Dt_Lnts_26": "BERKELOK", "Pnangnn_26": "RUTIN", "Pmriksn_26": "RUTIN", "Pnglola_26": "BPJN SUMATERA BARAT", "Satkr_ID26": "693875", "PPK_Name26": "PPK 1.5", "Traffic_26": null, "VCR_26": "0.498", "AADT_26": null, "Tipe_Jb_26": null, "Lat_26": -0.327649000001, "Long_26": 99.960839999900003, "Tgl_Ins_26": "5\/24\/2025", "Ket_26": null }, "geometry": { "type": "Point", "coordinates": [ 99.960839999866153, -0.327649000001315 ] } },
{ "type": "Feature", "properties": { "KDRUAS_UPD": "06025", "NOJBT_UPD": "06.025.001.0", "NM_RUAS_UP": "KURAITAJI - LUBUK ALUNG", "NM_JBT_UPD": "KECIL", "PROVINSI": "SUMATERA BARAT", "No_Prov_26": "06", "ID_Jbt_26": "0600295", "Kd_Ruas_26": "06025", "Suffix_26": null, "Nm_Ruas_26": "KURAITAJI - LUBUK ALUNG", "Lintas_26": "JALAN LINTAS BARAT", "No_Jbt_26": "06.025.001.0", "Nm_Jbt_26": "KECIL", "Status_26": "N", "Fungsi_26": "A", "Lks_Dr_26": "PDG", "Lks_km_26": 34.7, "F_STA_26": "160", "Cadin_26": "PRM", "Pjg_Jbt_26": 7.3, "Btg_Pjg_26": 3.5, "Jml_Btg_26": "2", "Lb_Jl_Ms26": 6.4, "Lb_Jl_Kl26": 6.4, "Lb_Lalin26": 6.4, "Lb_Bh_Ki26": 0.95, "Lb_Bh_Ka26": 0.85, "Lb_Dr_Ki26": 0.0, "Lb_Dr_Ka26": 0.0, "Lb_Tr_Ki26": 0.0, "Lb_Tr_Ka26": 0.0, "Lb_TS_Ki26": 0.0, "Lb_TS_Ka26": 0.0, "Lb_Med_26": 0.0, "Lbr_Jbt_26": 8.2, "Bgn_Ats_26": "PTP", "Jns_Jbt_26": "STANDAR", "Thn_Bgn_26": "1982", "BA_26": "2", "LNT_26": "2", "BB_26": "2", "DAS_26": "2", "OP_26": "1", "UT_26": "0", "GR_26": "0", "LB_26": "0", "JBT_26": "2", "Tp_Lnts_26": "SUNGAI", "Dt_Lnts_26": "BERKELOK", "Pnangnn_26": "RUTIN", "Pmriksn_26": "RUTIN", "Pnglola_26": "BPJN SUMATERA BARAT", "Satkr_ID26": "693875", "PPK_Name26": "PPK 1.5", "Traffic_26": null, "VCR_26": "0.739", "AADT_26": null, "Tipe_Jb_26": null, "Lat_26": -0.68317097426100004, "Long_26": 100.27906036400002, "Tgl_Ins_26": "6\/27\/2024", "Ket_26": null }, "geometry": { "type": "Point", "coordinates": [ 100.279060363744861, -0.683170974261031 ] } },
{ "type": "Feature", "properties": { "KDRUAS_UPD": "06025", "NOJBT_UPD": "06.025.002.0", "NM_RUAS_UP": "KURAITAJI - LUBUK ALUNG", "NM_JBT_UPD": "TAPAKIS II", "PROVINSI": "SUMATERA BARAT", "No_Prov_26": "06", "ID_Jbt_26": "0600296", "Kd_Ruas_26": "06025", "Suffix_26": null, "Nm_Ruas_26": "KURAITAJI - LUBUK ALUNG", "Lintas_26": "JALAN LINTAS BARAT", "No_Jbt_26": "06.025.002.0", "Nm_Jbt_26": "TAPAKIS II", "Status_26": "N", "Fungsi_26": "A", "Lks_Dr_26": "PDG", "Lks_km_26": 38.01, "F_STA_26": "470", "Cadin_26": "PRM", "Pjg_Jbt_26": 41.6, "Btg_Pjg_26": 20.5, "Jml_Btg_26": "2", "Lb_Jl_Ms26": 5.38, "Lb_Jl_Kl26": 5.38, "Lb_Lalin26": 5.38, "Lb_Bh_Ki26": 0.31, "Lb_Bh_Ka26": 0.31, "Lb_Dr_Ki26": 0.0, "Lb_Dr_Ka26": 0.0, "Lb_Tr_Ki26": 0.52, "Lb_Tr_Ka26": 0.52, "Lb_TS_Ki26": 0.27, "Lb_TS_Ka26": 0.27, "Lb_Med_26": 0.0, "Lbr_Jbt_26": 7.58, "Bgn_Ats_26": "GTP", "Jns_Jbt_26": "STANDAR", "Thn_Bgn_26": "1982", "BA_26": "2", "LNT_26": "2", "BB_26": "0", "DAS_26": "2", "OP_26": "1", "UT_26": "0", "GR_26": "0", "LB_26": "0", "JBT_26": "2", "Tp_Lnts_26": "SUNGAI", "Dt_Lnts_26": "BERKELOK", "Pnangnn_26": "RUTIN", "Pmriksn_26": "RUTIN", "Pnglola_26": "BPJN SUMATERA BARAT", "Satkr_ID26": "693875", "PPK_Name26": "PPK 1.5", "Traffic_26": null, "VCR_26": "0.739", "AADT_26": null, "Tipe_Jb_26": null, "Lat_26": -0.67712098394599995, "Long_26": 100.252388, "Tgl_Ins_26": "6\/26\/2024", "Ket_26": null }, "geometry": { "type": "Point", "coordinates": [ 100.252387999806388, -0.677120983946224 ] } },
{ "type": "Feature", "properties": { "KDRUAS_UPD": "06025", "NOJBT_UPD": "06.025.003.0", "NM_RUAS_UP": "KURAITAJI - LUBUK ALUNG", "NM_JBT_UPD": "TOBOH GADANG 1", "PROVINSI": "SUMATERA BARAT", "No_Prov_26": "06", "ID_Jbt_26": "0600297", "Kd_Ruas_26": "06025", "Suffix_26": null, "Nm_Ruas_26": "KURAITAJI - LUBUK ALUNG", "Lintas_26": "JALAN LINTAS BARAT", "No_Jbt_26": "06.025.003.0", "Nm_Jbt_26": "TOBOH GADANG 1", "Status_26": "N", "Fungsi_26": "A", "Lks_Dr_26": "PDG", "Lks_km_26": 40.7, "F_STA_26": "680", "Cadin_26": "PRM", "Pjg_Jbt_26": 7.2, "Btg_Pjg_26": 3.55, "Jml_Btg_26": "2", "Lb_Jl_Ms26": 6.34, "Lb_Jl_Kl26": 6.34, "Lb_Lalin26": 6.34, "Lb_Bh_Ki26": 1.49, "Lb_Bh_Ka26": 2.25, "Lb_Dr_Ki26": 0.0, "Lb_Dr_Ka26": 0.0, "Lb_Tr_Ki26": 0.0, "Lb_Tr_Ka26": 0.0, "Lb_TS_Ki26": 0.265, "Lb_TS_Ka26": 0.265, "Lb_Med_26": 0.0, "Lbr_Jbt_26": 10.61, "Bgn_Ats_26": "BTP", "Jns_Jbt_26": "STANDAR", "Thn_Bgn_26": "1999", "BA_26": "1", "LNT_26": "1", "BB_26": "0", "DAS_26": "1", "OP_26": "0", "UT_26": "0", "GR_26": "0", "LB_26": "0", "JBT_26": "1", "Tp_Lnts_26": "SUNGAI", "Dt_Lnts_26": "LURUS", "Pnangnn_26": "RUTIN", "Pmriksn_26": "RUTIN", "Pnglola_26": "BPJN SUMATERA BARAT", "Satkr_ID26": "693875", "PPK_Name26": "PPK 1.5", "Traffic_26": null, "VCR_26": "0.739", "AADT_26": null, "Tipe_Jb_26": null, "Lat_26": -0.66470300034300001, "Long_26": 100.238663, "Tgl_Ins_26": "6\/14\/2021", "Ket_26": null }, "geometry": { "type": "Point", "coordinates": [ 100.23866299999753, -0.664703000343138 ] } },
{ "type": "Feature", "properties": { "KDRUAS_UPD": "0602811", "NOJBT_UPD": "06.028.007.0.11", "NM_RUAS_UP": "PADANG BYPASS II (BARU)", "NM_JBT_UPD": "OVER PASS K.A.", "PROVINSI": "SUMATERA BARAT", "No_Prov_26": "06", "ID_Jbt_26": "0600341", "Kd_Ruas_26": "0602811", "Suffix_26": "11", "Nm_Ruas_26": "PADANG BYPASS II (BARU)", "Lintas_26": "JALAN LINTAS BARAT", "No_Jbt_26": "06.028.007.0.11", "Nm_Jbt_26": "OVER PASS K.A.", "Status_26": "N", "Fungsi_26": "A", "Lks_Dr_26": "PDG", "Lks_km_26": 9.56, "F_STA_26": "2180", "Cadin_26": "PDG", "Pjg_Jbt_26": 21.2, "Btg_Pjg_26": 31.0, "Jml_Btg_26": "1", "Lb_Jl_Ms26": 20.0, "Lb_Jl_Kl26": 20.0, "Lb_Lalin26": 20.0, "Lb_Bh_Ki26": 0.4, "Lb_Bh_Ka26": 0.4, "Lb_Dr_Ki26": 0.0, "Lb_Dr_Ka26": 0.0, "Lb_Tr_Ki26": 1.5, "Lb_Tr_Ka26": 1.5, "Lb_TS_Ki26": 0.0, "Lb_TS_Ka26": 0.0, "Lb_Med_26": 1.5, "Lbr_Jbt_26": 25.3, "Bgn_Ats_26": "GPP", "Jns_Jbt_26": "STANDAR", "Thn_Bgn_26": "1993", "BA_26": "2", "LNT_26": "2", "BB_26": "1", "DAS_26": "0", "OP_26": "0", "UT_26": "0", "GR_26": "0", "LB_26": "0", "JBT_26": "2", "Tp_Lnts_26": "KERETA API", "Dt_Lnts_26": null, "Pnangnn_26": "BERKALA", "Pmriksn_26": "DETAIL", "Pnglola_26": "BPJN SUMATERA BARAT", "Satkr_ID26": "693876", "PPK_Name26": "PPK 2.1", "Traffic_26": null, "VCR_26": "0.748", "AADT_26": null, "Tipe_Jb_26": null, "Lat_26": -0.792623936945, "Long_26": 100.316864014, "Tgl_Ins_26": "4\/29\/2026", "Ket_26": null }, "geometry": { "type": "Point", "coordinates": [ 100.316864014362807, -0.792623936945063 ] } },
{ "type": "Feature", "properties": { "KDRUAS_UPD": "0602811", "NOJBT_UPD": "06.028.008.0.11", "NM_RUAS_UP": "PADANG BYPASS II (BARU)", "NM_JBT_UPD": "FLY OVER DUKU", "PROVINSI": "SUMATERA BARAT", "No_Prov_26": "06", "ID_Jbt_26": "0600342", "Kd_Ruas_26": "0602811", "Suffix_26": "11", "Nm_Ruas_26": "PADANG BYPASS II (BARU)", "Lintas_26": "JALAN LINTAS BARAT", "No_Jbt_26": "06.028.008.0.11", "Nm_Jbt_26": "FLY OVER DUKU", "Status_26": "N", "Fungsi_26": "A", "Lks_Dr_26": "PDG", "Lks_km_26": 9.7, "F_STA_26": "2190", "Cadin_26": "PDG", "Pjg_Jbt_26": 162.7, "Btg_Pjg_26": 32.5, "Jml_Btg_26": "5", "Lb_Jl_Ms26": 21.3, "Lb_Jl_Kl26": 21.3, "Lb_Lalin26": 21.3, "Lb_Bh_Ki26": 0.57, "Lb_Bh_Ka26": 0.57, "Lb_Dr_Ki26": 0.0, "Lb_Dr_Ka26": 0.0, "Lb_Tr_Ki26": 1.55, "Lb_Tr_Ka26": 1.55, "Lb_TS_Ki26": 0.0, "Lb_TS_Ka26": 0.0, "Lb_Med_26": 1.2, "Lbr_Jbt_26": 26.74, "Bgn_Ats_26": "OBP", "Jns_Jbt_26": "STANDAR", "Thn_Bgn_26": "2010", "BA_26": "2", "LNT_26": "0", "BB_26": "2", "DAS_26": "0", "OP_26": "0", "UT_26": "0", "GR_26": "0", "LB_26": "0", "JBT_26": "2", "Tp_Lnts_26": "JALAN", "Dt_Lnts_26": null, "Pnangnn_26": "RUTIN", "Pmriksn_26": "DETAIL", "Pnglola_26": "BPJN SUMATERA BARAT", "Satkr_ID26": "693876", "PPK_Name26": "PPK 2.1", "Traffic_26": null, "VCR_26": "0.748", "AADT_26": null, "Tipe_Jb_26": null, "Lat_26": -0.79257071056999995, "Long_26": 100.31590271, "Tgl_Ins_26": "4\/29\/2026", "Ket_26": null }, "geometry": { "type": "Point", "coordinates": [ 100.315902710142041, -0.792570710569805 ] } },
{ "type": "Feature", "properties": { "KDRUAS_UPD": "0602911", "NOJBT_UPD": "06.029.002.0.11", "NM_RUAS_UP": "PADANG BYPASS I", "NM_JBT_UPD": "KERETA API", "PROVINSI": "SUMATERA BARAT", "No_Prov_26": "06", "ID_Jbt_26": "0600343", "Kd_Ruas_26": "0602911", "Suffix_26": "11", "Nm_Ruas_26": "PADANG BYPASS I", "Lintas_26": "JALAN LINTAS BARAT", "No_Jbt_26": "06.029.002.0.11", "Nm_Jbt_26": "KERETA API", "Status_26": "N", "Fungsi_26": "A", "Lks_Dr_26": "PDG", "Lks_km_26": 7.9, "F_STA_26": "180", "Cadin_26": "PDG", "Pjg_Jbt_26": 16.3, "Btg_Pjg_26": 16.0, "Jml_Btg_26": "1", "Lb_Jl_Ms26": 15.9, "Lb_Jl_Kl26": 15.9, "Lb_Lalin26": 15.9, "Lb_Bh_Ki26": 0.5, "Lb_Bh_Ka26": 0.5, "Lb_Dr_Ki26": 0.0, "Lb_Dr_Ka26": 0.0, "Lb_Tr_Ki26": 1.57, "Lb_Tr_Ka26": 1.57, "Lb_TS_Ki26": 0.0, "Lb_TS_Ka26": 0.0, "Lb_Med_26": 1.0, "Lbr_Jbt_26": 21.04, "Bgn_Ats_26": "PTP", "Jns_Jbt_26": "STANDAR", "Thn_Bgn_26": "1979", "BA_26": "2", "LNT_26": "2", "BB_26": "2", "DAS_26": "0", "OP_26": "0", "UT_26": "0", "GR_26": "0", "LB_26": "0", "JBT_26": "2", "Tp_Lnts_26": "KERETA API", "Dt_Lnts_26": null, "Pnangnn_26": "RUTIN", "Pmriksn_26": "RUTIN", "Pnglola_26": "BPJN SUMATERA BARAT", "Satkr_ID26": "693876", "PPK_Name26": "PPK 2.1", "Traffic_26": null, "VCR_26": "0.529", "AADT_26": null, "Tipe_Jb_26": null, "Lat_26": -0.97953659293899997, "Long_26": 100.39411163299999, "Tgl_Ins_26": "6\/20\/2024", "Ket_26": null }, "geometry": { "type": "Point", "coordinates": [ 100.394111633145428, -0.979536592939382 ] } },
{ "type": "Feature", "properties": { "KDRUAS_UPD": "0602911", "NOJBT_UPD": "06.029.003.0.11", "NM_RUAS_UP": "PADANG BYPASS I", "NM_JBT_UPD": "PENGAMBIRAN", "PROVINSI": "SUMATERA BARAT", "No_Prov_26": "06", "ID_Jbt_26": "0600344", "Kd_Ruas_26": "0602911", "Suffix_26": "11", "Nm_Ruas_26": "PADANG BYPASS I", "Lintas_26": "JALAN LINTAS BARAT", "No_Jbt_26": "06.029.003.0.11", "Nm_Jbt_26": "PENGAMBIRAN", "Status_26": "N", "Fungsi_26": "A", "Lks_Dr_26": "PDG", "Lks_km_26": 8.02, "F_STA_26": "200", "Cadin_26": "PDG", "Pjg_Jbt_26": 21.1, "Btg_Pjg_26": 21.0, "Jml_Btg_26": "1", "Lb_Jl_Ms26": 18.7, "Lb_Jl_Kl26": 18.7, "Lb_Lalin26": 18.7, "Lb_Bh_Ki26": 0.3, "Lb_Bh_Ka26": 0.3, "Lb_Dr_Ki26": 0.0, "Lb_Dr_Ka26": 0.0, "Lb_Tr_Ki26": 1.35, "Lb_Tr_Ka26": 1.35, "Lb_TS_Ki26": 0.2, "Lb_TS_Ka26": 0.2, "Lb_Med_26": 1.0, "Lbr_Jbt_26": 23.4, "Bgn_Ats_26": "GTP", "Jns_Jbt_26": "STANDAR", "Thn_Bgn_26": "1978", "BA_26": "2", "LNT_26": "2", "BB_26": "2", "DAS_26": "2", "OP_26": "0", "UT_26": "0", "GR_26": "0", "LB_26": "0", "JBT_26": "2", "Tp_Lnts_26": "SUNGAI", "Dt_Lnts_26": "LURUS", "Pnangnn_26": "RUTIN", "Pmriksn_26": "RUTIN", "Pnglola_26": "BPJN SUMATERA BARAT", "Satkr_ID26": "693876", "PPK_Name26": "PPK 2.1", "Traffic_26": null, "VCR_26": "0.529", "AADT_26": null, "Tipe_Jb_26": null, "Lat_26": -0.97828972339200004, "Long_26": 100.39421081500001, "Tgl_Ins_26": "6\/20\/2024", "Ket_26": null }, "geometry": { "type": "Point", "coordinates": [ 100.394210814877283, -0.978289723391981 ] } },
{ "type": "Feature", "properties": { "KDRUAS_UPD": "06031", "NOJBT_UPD": "06.031.003.0", "NM_RUAS_UP": "BTS. KOTA PADANG - BTS. KOTA PAINAN", "NM_JBT_UPD": "SIGUNTUR MUDA 1", "PROVINSI": "SUMATERA BARAT", "No_Prov_26": "06", "ID_Jbt_26": "0600348", "Kd_Ruas_26": "06031", "Suffix_26": null, "Nm_Ruas_26": "BTS. KOTA PADANG - BTS. KOTA PAINAN", "Lintas_26": "JALAN LINTAS BARAT", "No_Jbt_26": "06.031.003.0", "Nm_Jbt_26": "SIGUNTUR MUDA 1", "Status_26": "N", "Fungsi_26": "A", "Lks_Dr_26": "PDG", "Lks_km_26": 30.1, "F_STA_26": "180", "Cadin_26": "PIN", "Pjg_Jbt_26": 30.8, "Btg_Pjg_26": 30.3, "Jml_Btg_26": "1", "Lb_Jl_Ms26": 5.6, "Lb_Jl_Kl26": 5.6, "Lb_Lalin26": 5.6, "Lb_Bh_Ki26": 0.3, "Lb_Bh_Ka26": 0.3, "Lb_Dr_Ki26": 0.0, "Lb_Dr_Ka26": 0.0, "Lb_Tr_Ki26": 0.44, "Lb_Tr_Ka26": 0.44, "Lb_TS_Ki26": 0.0, "Lb_TS_Ka26": 0.0, "Lb_Med_26": 0.0, "Lbr_Jbt_26": 7.08, "Bgn_Ats_26": "GBP", "Jns_Jbt_26": "STANDAR", "Thn_Bgn_26": "1992", "BA_26": "1", "LNT_26": "1", "BB_26": "1", "DAS_26": "2", "OP_26": "0", "UT_26": "0", "GR_26": "0", "LB_26": "0", "JBT_26": "2", "Tp_Lnts_26": "SUNGAI", "Dt_Lnts_26": "LURUS", "Pnangnn_26": "RUTIN", "Pmriksn_26": "RUTIN", "Pnglola_26": "BPJN SUMATERA BARAT", "Satkr_ID26": "693876", "PPK_Name26": "PPK 2.3", "Traffic_26": null, "VCR_26": "0.557", "AADT_26": null, "Tipe_Jb_26": null, "Lat_26": -1.07522201518, "Long_26": 100.444114685, "Tgl_Ins_26": "6\/9\/2021", "Ket_26": null }, "geometry": { "type": "Point", "coordinates": [ 100.444114685344516, -1.075222015183783 ] } },
{ "type": "Feature", "properties": { "KDRUAS_UPD": "06031", "NOJBT_UPD": "06.031.004.0", "NM_RUAS_UP": "BTS. KOTA PADANG - BTS. KOTA PAINAN", "NM_JBT_UPD": "SIGUNTUR MUDA 2", "PROVINSI": "SUMATERA BARAT", "No_Prov_26": "06", "ID_Jbt_26": "0600349", "Kd_Ruas_26": "06031", "Suffix_26": null, "Nm_Ruas_26": "BTS. KOTA PADANG - BTS. KOTA PAINAN", "Lintas_26": "JALAN LINTAS BARAT", "No_Jbt_26": "06.031.004.0", "Nm_Jbt_26": "SIGUNTUR MUDA 2", "Status_26": "N", "Fungsi_26": "A", "Lks_Dr_26": "PDG", "Lks_km_26": 30.4, "F_STA_26": "220", "Cadin_26": "PIN", "Pjg_Jbt_26": 14.0, "Btg_Pjg_26": 13.5, "Jml_Btg_26": "1", "Lb_Jl_Ms26": 7.0, "Lb_Jl_Kl26": 7.0, "Lb_Lalin26": 7.0, "Lb_Bh_Ki26": 0.0, "Lb_Bh_Ka26": 0.0, "Lb_Dr_Ki26": 0.0, "Lb_Dr_Ka26": 0.0, "Lb_Tr_Ki26": 0.66, "Lb_Tr_Ka26": 0.66, "Lb_TS_Ki26": 0.0, "Lb_TS_Ka26": 0.0, "Lb_Med_26": 0.0, "Lbr_Jbt_26": 8.32, "Bgn_Ats_26": "GTP", "Jns_Jbt_26": "STANDAR", "Thn_Bgn_26": "1993", "BA_26": "1", "LNT_26": "1", "BB_26": "0", "DAS_26": "2", "OP_26": "0", "UT_26": "0", "GR_26": "0", "LB_26": "0", "JBT_26": "2", "Tp_Lnts_26": "SUNGAI", "Dt_Lnts_26": "LURUS", "Pnangnn_26": "BERKALA", "Pmriksn_26": "RUTIN", "Pnglola_26": "BPJN SUMATERA BARAT", "Satkr_ID26": "693876", "PPK_Name26": "PPK 2.3", "Traffic_26": null, "VCR_26": "0.557", "AADT_26": null, "Tipe_Jb_26": null, "Lat_26": -1.0766940120199999, "Long_26": 100.44711303699999, "Tgl_Ins_26": "6\/9\/2021", "Ket_26": null }, "geometry": { "type": "Point", "coordinates": [ 100.447113036737335, -1.076694012019004 ] } },
{ "type": "Feature", "properties": { "KDRUAS_UPD": "06031", "NOJBT_UPD": "06.031.005.0", "NM_RUAS_UP": "BTS. KOTA PADANG - BTS. KOTA PAINAN", "NM_JBT_UPD": "SIGUNTUR MUDA 3", "PROVINSI": "SUMATERA BARAT", "No_Prov_26": "06", "ID_Jbt_26": "0600350", "Kd_Ruas_26": "06031", "Suffix_26": null, "Nm_Ruas_26": "BTS. KOTA PADANG - BTS. KOTA PAINAN", "Lintas_26": "JALAN LINTAS BARAT", "No_Jbt_26": "06.031.005.0", "Nm_Jbt_26": "SIGUNTUR MUDA 3", "Status_26": "N", "Fungsi_26": "A", "Lks_Dr_26": "PDG", "Lks_km_26": 30.5, "F_STA_26": "230", "Cadin_26": "PIN", "Pjg_Jbt_26": 25.6, "Btg_Pjg_26": 25.0, "Jml_Btg_26": "1", "Lb_Jl_Ms26": 5.8, "Lb_Jl_Kl26": 5.8, "Lb_Lalin26": 5.8, "Lb_Bh_Ki26": 0.3, "Lb_Bh_Ka26": 0.3, "Lb_Dr_Ki26": 0.0, "Lb_Dr_Ka26": 0.0, "Lb_Tr_Ki26": 0.24, "Lb_Tr_Ka26": 0.24, "Lb_TS_Ki26": 0.16, "Lb_TS_Ka26": 0.16, "Lb_Med_26": 0.0, "Lbr_Jbt_26": 7.2, "Bgn_Ats_26": "GBP", "Jns_Jbt_26": "STANDAR", "Thn_Bgn_26": "1993", "BA_26": "1", "LNT_26": "1", "BB_26": "1", "DAS_26": "1", "OP_26": "0", "UT_26": "0", "GR_26": "0", "LB_26": "0", "JBT_26": "1", "Tp_Lnts_26": "SUNGAI", "Dt_Lnts_26": "LURUS", "Pnangnn_26": "BERKALA", "Pmriksn_26": "TIDAK DISURVEI", "Pnglola_26": "BPJN SUMATERA BARAT", "Satkr_ID26": "693876", "PPK_Name26": "PPK 2.3", "Traffic_26": null, "VCR_26": "0.557", "AADT_26": null, "Tipe_Jb_26": null, "Lat_26": -1.0774439575700001, "Long_26": 100.44777679400002, "Tgl_Ins_26": "6\/9\/2021", "Ket_26": null }, "geometry": { "type": "Point", "coordinates": [ 100.447776793963953, -1.077443957572541 ] } },
{ "type": "Feature", "properties": { "KDRUAS_UPD": "06031", "NOJBT_UPD": "06.031.006.0", "NM_RUAS_UP": "BTS. KOTA PADANG - BTS. KOTA PAINAN", "NM_JBT_UPD": "SIGUNTUR TUA 1", "PROVINSI": "SUMATERA BARAT", "No_Prov_26": "06", "ID_Jbt_26": "0600351", "Kd_Ruas_26": "06031", "Suffix_26": null, "Nm_Ruas_26": "BTS. KOTA PADANG - BTS. KOTA PAINAN", "Lintas_26": "JALAN LINTAS BARAT", "No_Jbt_26": "06.031.006.0", "Nm_Jbt_26": "SIGUNTUR TUA 1", "Status_26": "N", "Fungsi_26": "A", "Lks_Dr_26": "PDG", "Lks_km_26": 33.1, "F_STA_26": "480", "Cadin_26": "PIN", "Pjg_Jbt_26": 36.5, "Btg_Pjg_26": 36.0, "Jml_Btg_26": "1", "Lb_Jl_Ms26": 6.0, "Lb_Jl_Kl26": 6.0, "Lb_Lalin26": 6.0, "Lb_Bh_Ki26": 0.3, "Lb_Bh_Ka26": 0.3, "Lb_Dr_Ki26": 0.0, "Lb_Dr_Ka26": 0.0, "Lb_Tr_Ki26": 0.54, "Lb_Tr_Ka26": 0.54, "Lb_TS_Ki26": 0.0, "Lb_TS_Ka26": 0.0, "Lb_Med_26": 0.0, "Lbr_Jbt_26": 7.68, "Bgn_Ats_26": "RBB", "Jns_Jbt_26": "STANDAR", "Thn_Bgn_26": "1984", "BA_26": "2", "LNT_26": "1", "BB_26": "1", "DAS_26": "2", "OP_26": "2", "UT_26": "0", "GR_26": "0", "LB_26": "0", "JBT_26": "2", "Tp_Lnts_26": "SUNGAI", "Dt_Lnts_26": "BERKELOK (MEANDER)", "Pnangnn_26": "RUTIN", "Pmriksn_26": "RUTIN", "Pnglola_26": "BPJN SUMATERA BARAT", "Satkr_ID26": "693876", "PPK_Name26": "PPK 2.3", "Traffic_26": null, "VCR_26": "0.557", "AADT_26": null, "Tipe_Jb_26": null, "Lat_26": -1.0880830291100001, "Long_26": 100.465278625, "Tgl_Ins_26": "6\/2\/2025", "Ket_26": null }, "geometry": { "type": "Point", "coordinates": [ 100.465278625308372, -1.088083029108475 ] } },
{ "type": "Feature", "properties": { "KDRUAS_UPD": "06031", "NOJBT_UPD": "06.031.007.0", "NM_RUAS_UP": "BTS. KOTA PADANG - BTS. KOTA PAINAN", "NM_JBT_UPD": "SIGUNTUR TUA 2", "PROVINSI": "SUMATERA BARAT", "No_Prov_26": "06", "ID_Jbt_26": "0600352", "Kd_Ruas_26": "06031", "Suffix_26": null, "Nm_Ruas_26": "BTS. KOTA PADANG - BTS. KOTA PAINAN", "Lintas_26": "JALAN LINTAS BARAT", "No_Jbt_26": "06.031.007.0", "Nm_Jbt_26": "SIGUNTUR TUA 2", "Status_26": "N", "Fungsi_26": "A", "Lks_Dr_26": "PDG", "Lks_km_26": 33.4, "F_STA_26": "520", "Cadin_26": "PIN", "Pjg_Jbt_26": 30.5, "Btg_Pjg_26": 30.0, "Jml_Btg_26": "1", "Lb_Jl_Ms26": 5.8, "Lb_Jl_Kl26": 5.8, "Lb_Lalin26": 5.8, "Lb_Bh_Ki26": 0.37, "Lb_Bh_Ka26": 0.37, "Lb_Dr_Ki26": 0.0, "Lb_Dr_Ka26": 0.0, "Lb_Tr_Ki26": 0.25, "Lb_Tr_Ka26": 0.25, "Lb_TS_Ki26": 0.0, "Lb_TS_Ka26": 0.0, "Lb_Med_26": 0.0, "Lbr_Jbt_26": 7.04, "Bgn_Ats_26": "GBP", "Jns_Jbt_26": "STANDAR", "Thn_Bgn_26": "1993", "BA_26": "2", "LNT_26": "1", "BB_26": "0", "DAS_26": "1", "OP_26": "0", "UT_26": "0", "GR_26": "0", "LB_26": "0", "JBT_26": "2", "Tp_Lnts_26": "SUNGAI", "Dt_Lnts_26": "LURUS", "Pnangnn_26": "RUTIN", "Pmriksn_26": "RUTIN", "Pnglola_26": "BPJN SUMATERA BARAT", "Satkr_ID26": "693876", "PPK_Name26": "PPK 2.3", "Traffic_26": null, "VCR_26": "0.557", "AADT_26": null, "Tipe_Jb_26": null, "Lat_26": -1.09058296723, "Long_26": 100.467529297, "Tgl_Ins_26": "6\/9\/2021", "Ket_26": null }, "geometry": { "type": "Point", "coordinates": [ 100.467529297439171, -1.090582967230091 ] } },
{ "type": "Feature", "properties": { "KDRUAS_UPD": "06031", "NOJBT_UPD": "06.031.008.0", "NM_RUAS_UP": "BTS. KOTA PADANG - BTS. KOTA PAINAN", "NM_JBT_UPD": "SIGUNTUR TUA 3", "PROVINSI": "SUMATERA BARAT", "No_Prov_26": "06", "ID_Jbt_26": "0600353", "Kd_Ruas_26": "06031", "Suffix_26": null, "Nm_Ruas_26": "BTS. KOTA PADANG - BTS. KOTA PAINAN", "Lintas_26": "JALAN LINTAS BARAT", "No_Jbt_26": "06.031.008.0", "Nm_Jbt_26": "SIGUNTUR TUA 3", "Status_26": "N", "Fungsi_26": "A", "Lks_Dr_26": "PDG", "Lks_km_26": 35.65, "F_STA_26": "740", "Cadin_26": "PIN", "Pjg_Jbt_26": 20.6, "Btg_Pjg_26": 20.0, "Jml_Btg_26": "1", "Lb_Jl_Ms26": 5.5, "Lb_Jl_Kl26": 5.5, "Lb_Lalin26": 5.5, "Lb_Bh_Ki26": 0.3, "Lb_Bh_Ka26": 0.3, "Lb_Dr_Ki26": 0.0, "Lb_Dr_Ka26": 0.0, "Lb_Tr_Ki26": 0.26, "Lb_Tr_Ka26": 0.26, "Lb_TS_Ki26": 0.0, "Lb_TS_Ka26": 0.0, "Lb_Med_26": 0.0, "Lbr_Jbt_26": 6.62, "Bgn_Ats_26": "GBP", "Jns_Jbt_26": "STANDAR", "Thn_Bgn_26": "1993", "BA_26": "2", "LNT_26": "2", "BB_26": "0", "DAS_26": "0", "OP_26": "1", "UT_26": "1", "GR_26": "0", "LB_26": "0", "JBT_26": "2", "Tp_Lnts_26": "SUNGAI", "Dt_Lnts_26": "LURUS", "Pnangnn_26": "RUTIN", "Pmriksn_26": "RUTIN", "Pnglola_26": "BPJN SUMATERA BARAT", "Satkr_ID26": "693876", "PPK_Name26": "PPK 2.3", "Traffic_26": null, "VCR_26": "0.557", "AADT_26": null, "Tipe_Jb_26": null, "Lat_26": -1.0980830190199999, "Long_26": 100.47946929899999, "Tgl_Ins_26": "8\/10\/2023", "Ket_26": null }, "geometry": { "type": "Point", "coordinates": [ 100.479469298569313, -1.098083019016087 ] } },
{ "type": "Feature", "properties": { "KDRUAS_UPD": "06031", "NOJBT_UPD": "06.031.009.0", "NM_RUAS_UP": "BTS. KOTA PADANG - BTS. KOTA PAINAN", "NM_JBT_UPD": "SUNGAI LUNDANG", "PROVINSI": "SUMATERA BARAT", "No_Prov_26": "06", "ID_Jbt_26": "0600354", "Kd_Ruas_26": "06031", "Suffix_26": null, "Nm_Ruas_26": "BTS. KOTA PADANG - BTS. KOTA PAINAN", "Lintas_26": "JALAN LINTAS BARAT", "No_Jbt_26": "06.031.009.0", "Nm_Jbt_26": "SUNGAI LUNDANG", "Status_26": "N", "Fungsi_26": "A", "Lks_Dr_26": "PDG", "Lks_km_26": 37.0, "F_STA_26": "870", "Cadin_26": "PIN", "Pjg_Jbt_26": 11.0, "Btg_Pjg_26": 10.5, "Jml_Btg_26": "1", "Lb_Jl_Ms26": 6.0, "Lb_Jl_Kl26": 6.0, "Lb_Lalin26": 6.0, "Lb_Bh_Ki26": 0.2, "Lb_Bh_Ka26": 0.2, "Lb_Dr_Ki26": 0.0, "Lb_Dr_Ka26": 0.0, "Lb_Tr_Ki26": 0.76, "Lb_Tr_Ka26": 0.76, "Lb_TS_Ki26": 0.0, "Lb_TS_Ka26": 0.0, "Lb_Med_26": 0.0, "Lbr_Jbt_26": 7.92, "Bgn_Ats_26": "GTP", "Jns_Jbt_26": "STANDAR", "Thn_Bgn_26": "1996", "BA_26": "2", "LNT_26": "2", "BB_26": "1", "DAS_26": "1", "OP_26": "0", "UT_26": "0", "GR_26": "0", "LB_26": "0", "JBT_26": "2", "Tp_Lnts_26": "SUNGAI", "Dt_Lnts_26": "LURUS", "Pnangnn_26": "RUTIN", "Pmriksn_26": "RUTIN", "Pnglola_26": "BPJN SUMATERA BARAT", "Satkr_ID26": "693876", "PPK_Name26": "PPK 2.3", "Traffic_26": null, "VCR_26": "0.557", "AADT_26": null, "Tipe_Jb_26": null, "Lat_26": -1.1044169666700001, "Long_26": 100.4868927, "Tgl_Ins_26": "6\/9\/2021", "Ket_26": null }, "geometry": { "type": "Point", "coordinates": [ 100.486892700238002, -1.104416966669646 ] } },
{ "type": "Feature", "properties": { "KDRUAS_UPD": "06031", "NOJBT_UPD": "06.031.010.0", "NM_RUAS_UP": "BTS. KOTA PADANG - BTS. KOTA PAINAN", "NM_JBT_UPD": "JOAGAM", "PROVINSI": "SUMATERA BARAT", "No_Prov_26": "06", "ID_Jbt_26": "0600355", "Kd_Ruas_26": "06031", "Suffix_26": null, "Nm_Ruas_26": "BTS. KOTA PADANG - BTS. KOTA PAINAN", "Lintas_26": "JALAN LINTAS BARAT", "No_Jbt_26": "06.031.010.0", "Nm_Jbt_26": "JOAGAM", "Status_26": "N", "Fungsi_26": "A", "Lks_Dr_26": "PDG", "Lks_km_26": 38.8, "F_STA_26": "1050", "Cadin_26": "PIN", "Pjg_Jbt_26": 11.0, "Btg_Pjg_26": 10.5, "Jml_Btg_26": "1", "Lb_Jl_Ms26": 5.9, "Lb_Jl_Kl26": 5.9, "Lb_Lalin26": 5.9, "Lb_Bh_Ki26": 0.2, "Lb_Bh_Ka26": 0.2, "Lb_Dr_Ki26": 0.3, "Lb_Dr_Ka26": 0.3, "Lb_Tr_Ki26": 0.76, "Lb_Tr_Ka26": 0.76, "Lb_TS_Ki26": 0.0, "Lb_TS_Ka26": 0.0, "Lb_Med_26": 0.0, "Lbr_Jbt_26": 8.42, "Bgn_Ats_26": "GTP", "Jns_Jbt_26": "STANDAR", "Thn_Bgn_26": "1996", "BA_26": "2", "LNT_26": "2", "BB_26": "1", "DAS_26": "1", "OP_26": "0", "UT_26": "0", "GR_26": "0", "LB_26": "0", "JBT_26": "2", "Tp_Lnts_26": "SUNGAI", "Dt_Lnts_26": "LURUS", "Pnangnn_26": "RUTIN", "Pmriksn_26": "RUTIN", "Pnglola_26": "BPJN SUMATERA BARAT", "Satkr_ID26": "693876", "PPK_Name26": "PPK 2.3", "Traffic_26": null, "VCR_26": "0.557", "AADT_26": null, "Tipe_Jb_26": null, "Lat_26": -1.1166670324600001, "Long_26": 100.49130249, "Tgl_Ins_26": "6\/9\/2021", "Ket_26": null }, "geometry": { "type": "Point", "coordinates": [ 100.491302489918041, -1.116667032457542 ] } },
{ "type": "Feature", "properties": { "KDRUAS_UPD": "06031", "NOJBT_UPD": "06.031.011.0", "NM_RUAS_UP": "BTS. KOTA PADANG - BTS. KOTA PAINAN", "NM_JBT_UPD": "BARUNG-2 BELANTAI", "PROVINSI": "SUMATERA BARAT", "No_Prov_26": "06", "ID_Jbt_26": "0600356", "Kd_Ruas_26": "06031", "Suffix_26": null, "Nm_Ruas_26": "BTS. KOTA PADANG - BTS. KOTA PAINAN", "Lintas_26": "JALAN LINTAS BARAT", "No_Jbt_26": "06.031.011.0", "Nm_Jbt_26": "BARUNG-2 BELANTAI", "Status_26": "N", "Fungsi_26": "A", "Lks_Dr_26": "PDG", "Lks_km_26": 41.7, "F_STA_26": "1340", "Cadin_26": "PIN", "Pjg_Jbt_26": 31.4, "Btg_Pjg_26": 31.0, "Jml_Btg_26": "1", "Lb_Jl_Ms26": 6.0, "Lb_Jl_Kl26": 6.0, "Lb_Lalin26": 6.0, "Lb_Bh_Ki26": 0.3, "Lb_Bh_Ka26": 0.3, "Lb_Dr_Ki26": 0.0, "Lb_Dr_Ka26": 0.0, "Lb_Tr_Ki26": 0.5, "Lb_Tr_Ka26": 0.5, "Lb_TS_Ki26": 0.0, "Lb_TS_Ka26": 0.0, "Lb_Med_26": 0.0, "Lbr_Jbt_26": 7.6, "Bgn_Ats_26": "RBB", "Jns_Jbt_26": "STANDAR", "Thn_Bgn_26": "1985", "BA_26": "2", "LNT_26": "2", "BB_26": "1", "DAS_26": "2", "OP_26": "1", "UT_26": "0", "GR_26": "0", "LB_26": "0", "JBT_26": "2", "Tp_Lnts_26": "SUNGAI", "Dt_Lnts_26": "BERKELOK (MEANDER)", "Pnangnn_26": "RUTIN", "Pmriksn_26": "DETAIL", "Pnglola_26": "BPJN SUMATERA BARAT", "Satkr_ID26": "693876", "PPK_Name26": "PPK 2.3", "Traffic_26": null, "VCR_26": "0.557", "AADT_26": null, "Tipe_Jb_26": null, "Lat_26": -1.14174997778, "Long_26": 100.493141174, "Tgl_Ins_26": "5\/4\/2026", "Ket_26": null }, "geometry": { "type": "Point", "coordinates": [ 100.493141173626327, -1.141749977779227 ] } },
{ "type": "Feature", "properties": { "KDRUAS_UPD": "06031", "NOJBT_UPD": "06.031.012.0", "NM_RUAS_UP": "BTS. KOTA PADANG - BTS. KOTA PAINAN", "NM_JBT_UPD": "KINCIR BARUNG BELANTAI", "PROVINSI": "SUMATERA BARAT", "No_Prov_26": "06", "ID_Jbt_26": "0600357", "Kd_Ruas_26": "06031", "Suffix_26": null, "Nm_Ruas_26": "BTS. KOTA PADANG - BTS. KOTA PAINAN", "Lintas_26": "JALAN LINTAS BARAT", "No_Jbt_26": "06.031.012.0", "Nm_Jbt_26": "KINCIR BARUNG BELANTAI", "Status_26": "N", "Fungsi_26": "A", "Lks_Dr_26": "PDG", "Lks_km_26": 41.98, "F_STA_26": "1380", "Cadin_26": "PIN", "Pjg_Jbt_26": 10.8, "Btg_Pjg_26": 10.3, "Jml_Btg_26": "1", "Lb_Jl_Ms26": 5.6, "Lb_Jl_Kl26": 5.6, "Lb_Lalin26": 5.6, "Lb_Bh_Ki26": 0.16, "Lb_Bh_Ka26": 0.16, "Lb_Dr_Ki26": 0.17, "Lb_Dr_Ka26": 0.17, "Lb_Tr_Ki26": 1.0, "Lb_Tr_Ka26": 1.0, "Lb_TS_Ki26": 0.0, "Lb_TS_Ka26": 0.0, "Lb_Med_26": 0.0, "Lbr_Jbt_26": 8.26, "Bgn_Ats_26": "GTP", "Jns_Jbt_26": "STANDAR", "Thn_Bgn_26": "1980", "BA_26": "1", "LNT_26": "1", "BB_26": "2", "DAS_26": "1", "OP_26": "1", "UT_26": "0", "GR_26": "0", "LB_26": "0", "JBT_26": "2", "Tp_Lnts_26": "SUNGAI", "Dt_Lnts_26": "LURUS", "Pnangnn_26": "RUTIN", "Pmriksn_26": "RUTIN", "Pnglola_26": "BPJN SUMATERA BARAT", "Satkr_ID26": "693876", "PPK_Name26": "PPK 2.3", "Traffic_26": null, "VCR_26": "0.557", "AADT_26": null, "Tipe_Jb_26": null, "Lat_26": -1.14477801309, "Long_26": 100.49433136, "Tgl_Ins_26": "6\/9\/2024", "Ket_26": null }, "geometry": { "type": "Point", "coordinates": [ 100.494331359804448, -1.144778013094765 ] } },
{ "type": "Feature", "properties": { "KDRUAS_UPD": "06031", "NOJBT_UPD": "06.031.014.0", "NM_RUAS_UP": "BTS. KOTA PADANG - BTS. KOTA PAINAN", "NM_JBT_UPD": "KAYU DACIK", "PROVINSI": "SUMATERA BARAT", "No_Prov_26": "06", "ID_Jbt_26": "0600359", "Kd_Ruas_26": "06031", "Suffix_26": null, "Nm_Ruas_26": "BTS. KOTA PADANG - BTS. KOTA PAINAN", "Lintas_26": "JALAN LINTAS BARAT", "No_Jbt_26": "06.031.014.0", "Nm_Jbt_26": "KAYU DACIK", "Status_26": "N", "Fungsi_26": "A", "Lks_Dr_26": "PDG", "Lks_km_26": 45.5, "F_STA_26": "1730", "Cadin_26": "PIN", "Pjg_Jbt_26": 7.5, "Btg_Pjg_26": 7.0, "Jml_Btg_26": "1", "Lb_Jl_Ms26": 5.6, "Lb_Jl_Kl26": 5.6, "Lb_Lalin26": 5.6, "Lb_Bh_Ki26": 0.23, "Lb_Bh_Ka26": 0.23, "Lb_Dr_Ki26": 0.3, "Lb_Dr_Ka26": 0.3, "Lb_Tr_Ki26": 0.5, "Lb_Tr_Ka26": 0.5, "Lb_TS_Ki26": 0.0, "Lb_TS_Ka26": 0.0, "Lb_Med_26": 0.0, "Lbr_Jbt_26": 7.66, "Bgn_Ats_26": "MBP", "Jns_Jbt_26": "STANDAR", "Thn_Bgn_26": "1992", "BA_26": "1", "LNT_26": "1", "BB_26": "2", "DAS_26": "1", "OP_26": "0", "UT_26": "0", "GR_26": "0", "LB_26": "0", "JBT_26": "2", "Tp_Lnts_26": "SUNGAI", "Dt_Lnts_26": "LURUS", "Pnangnn_26": "RUTIN", "Pmriksn_26": "RUTIN", "Pnglola_26": "BPJN SUMATERA BARAT", "Satkr_ID26": "693876", "PPK_Name26": "PPK 2.3", "Traffic_26": null, "VCR_26": "0.557", "AADT_26": null, "Tipe_Jb_26": null, "Lat_26": -1.17494404353, "Long_26": 100.49949646, "Tgl_Ins_26": "6\/10\/2021", "Ket_26": null }, "geometry": { "type": "Point", "coordinates": [ 100.499496460393402, -1.174944043532719 ] } },
{ "type": "Feature", "properties": { "KDRUAS_UPD": "06031", "NOJBT_UPD": "06.031.015.0", "NM_RUAS_UP": "BTS. KOTA PADANG - BTS. KOTA PAINAN", "NM_JBT_UPD": "AIR SONSANG", "PROVINSI": "SUMATERA BARAT", "No_Prov_26": "06", "ID_Jbt_26": "0600360", "Kd_Ruas_26": "06031", "Suffix_26": null, "Nm_Ruas_26": "BTS. KOTA PADANG - BTS. KOTA PAINAN", "Lintas_26": "JALAN LINTAS BARAT", "No_Jbt_26": "06.031.015.0", "Nm_Jbt_26": "AIR SONSANG", "Status_26": "N", "Fungsi_26": "A", "Lks_Dr_26": "PDG", "Lks_km_26": 46.4, "F_STA_26": "1800", "Cadin_26": "PIN", "Pjg_Jbt_26": 18.0, "Btg_Pjg_26": 17.5, "Jml_Btg_26": "1", "Lb_Jl_Ms26": 6.3, "Lb_Jl_Kl26": 6.3, "Lb_Lalin26": 6.3, "Lb_Bh_Ki26": 0.25, "Lb_Bh_Ka26": 0.25, "Lb_Dr_Ki26": 0.35, "Lb_Dr_Ka26": 0.35, "Lb_Tr_Ki26": 0.5, "Lb_Tr_Ka26": 0.5, "Lb_TS_Ki26": 0.0, "Lb_TS_Ka26": 0.0, "Lb_Med_26": 0.0, "Lbr_Jbt_26": 8.5, "Bgn_Ats_26": "GTP", "Jns_Jbt_26": "STANDAR", "Thn_Bgn_26": "1995", "BA_26": "2", "LNT_26": "2", "BB_26": "1", "DAS_26": "2", "OP_26": "0", "UT_26": "0", "GR_26": "0", "LB_26": "0", "JBT_26": "2", "Tp_Lnts_26": "SUNGAI", "Dt_Lnts_26": "LURUS", "Pnangnn_26": "RUTIN", "Pmriksn_26": "RUTIN", "Pnglola_26": "BPJN SUMATERA BARAT", "Satkr_ID26": "693876", "PPK_Name26": "PPK 2.3", "Traffic_26": null, "VCR_26": "0.557", "AADT_26": null, "Tipe_Jb_26": null, "Lat_26": -1.18105602232, "Long_26": 100.49803161600001, "Tgl_Ins_26": "9\/23\/2020", "Ket_26": null }, "geometry": { "type": "Point", "coordinates": [ 100.498031615866466, -1.181056022317534 ] } },
{ "type": "Feature", "properties": { "KDRUAS_UPD": "06031", "NOJBT_UPD": "06.031.017.0", "NM_RUAS_UP": "BTS. KOTA PADANG - BTS. KOTA PAINAN", "NM_JBT_UPD": "DUKU 1", "PROVINSI": "SUMATERA BARAT", "No_Prov_26": "06", "ID_Jbt_26": "0600362", "Kd_Ruas_26": "06031", "Suffix_26": null, "Nm_Ruas_26": "BTS. KOTA PADANG - BTS. KOTA PAINAN", "Lintas_26": "JALAN LINTAS BARAT", "No_Jbt_26": "06.031.017.0", "Nm_Jbt_26": "DUKU 1", "Status_26": "N", "Fungsi_26": "A", "Lks_Dr_26": "PDG", "Lks_km_26": 50.0, "F_STA_26": "2180", "Cadin_26": "PIN", "Pjg_Jbt_26": 25.7, "Btg_Pjg_26": 25.0, "Jml_Btg_26": "1", "Lb_Jl_Ms26": 7.0, "Lb_Jl_Kl26": 7.0, "Lb_Lalin26": 7.0, "Lb_Bh_Ki26": 0.0, "Lb_Bh_Ka26": 0.0, "Lb_Dr_Ki26": 0.0, "Lb_Dr_Ka26": 0.0, "Lb_Tr_Ki26": 1.05, "Lb_Tr_Ka26": 1.05, "Lb_TS_Ki26": 0.0, "Lb_TS_Ka26": 0.0, "Lb_Med_26": 0.0, "Lbr_Jbt_26": 9.1, "Bgn_Ats_26": "GBP", "Jns_Jbt_26": "STANDAR", "Thn_Bgn_26": "1991", "BA_26": "2", "LNT_26": "2", "BB_26": "0", "DAS_26": "0", "OP_26": "1", "UT_26": "0", "GR_26": "0", "LB_26": "0", "JBT_26": "2", "Tp_Lnts_26": "SUNGAI", "Dt_Lnts_26": "LURUS", "Pnangnn_26": "BERKALA", "Pmriksn_26": "RUTIN", "Pnglola_26": "BPJN SUMATERA BARAT", "Satkr_ID26": "693876", "PPK_Name26": "PPK 2.3", "Traffic_26": null, "VCR_26": "0.557", "AADT_26": null, "Tipe_Jb_26": null, "Lat_26": -1.2089999916600001, "Long_26": 100.50291442900001, "Tgl_Ins_26": "8\/10\/2023", "Ket_26": null }, "geometry": { "type": "Point", "coordinates": [ 100.502914429157613, -1.208999991656242 ] } },
{ "type": "Feature", "properties": { "KDRUAS_UPD": "06031", "NOJBT_UPD": "06.031.018.0", "NM_RUAS_UP": "BTS. KOTA PADANG - BTS. KOTA PAINAN", "NM_JBT_UPD": "DUKU 2", "PROVINSI": "SUMATERA BARAT", "No_Prov_26": "06", "ID_Jbt_26": "0600363", "Kd_Ruas_26": "06031", "Suffix_26": null, "Nm_Ruas_26": "BTS. KOTA PADANG - BTS. KOTA PAINAN", "Lintas_26": "JALAN LINTAS BARAT", "No_Jbt_26": "06.031.018.0", "Nm_Jbt_26": "DUKU 2", "Status_26": "N", "Fungsi_26": "A", "Lks_Dr_26": "PDG", "Lks_km_26": 50.1, "F_STA_26": "2190", "Cadin_26": "PIN", "Pjg_Jbt_26": 31.6, "Btg_Pjg_26": 31.0, "Jml_Btg_26": "1", "Lb_Jl_Ms26": 5.4, "Lb_Jl_Kl26": 5.4, "Lb_Lalin26": 5.4, "Lb_Bh_Ki26": 0.27, "Lb_Bh_Ka26": 0.27, "Lb_Dr_Ki26": 0.6, "Lb_Dr_Ka26": 0.6, "Lb_Tr_Ki26": 0.52, "Lb_Tr_Ka26": 0.52, "Lb_TS_Ki26": 0.0, "Lb_TS_Ka26": 0.0, "Lb_Med_26": 0.0, "Lbr_Jbt_26": 8.18, "Bgn_Ats_26": "RBB", "Jns_Jbt_26": "STANDAR", "Thn_Bgn_26": "1984", "BA_26": "2", "LNT_26": "2", "BB_26": "2", "DAS_26": "2", "OP_26": "1", "UT_26": "0", "GR_26": "0", "LB_26": "0", "JBT_26": "2", "Tp_Lnts_26": "SUNGAI", "Dt_Lnts_26": "BERKELOK (MEANDER)", "Pnangnn_26": "RUTIN", "Pmriksn_26": "RUTIN", "Pnglola_26": "BPJN SUMATERA BARAT", "Satkr_ID26": "693876", "PPK_Name26": "PPK 2.3", "Traffic_26": null, "VCR_26": "0.557", "AADT_26": null, "Tipe_Jb_26": null, "Lat_26": -1.20966696756, "Long_26": 100.502502441, "Tgl_Ins_26": "5\/21\/2025", "Ket_26": null }, "geometry": { "type": "Point", "coordinates": [ 100.5025024407351, -1.209666967556473 ] } },
{ "type": "Feature", "properties": { "KDRUAS_UPD": "0603111", "NOJBT_UPD": "06.031.102.0.11", "NM_RUAS_UP": "JLN. BUKIT PUTUS - BTS. KOTA PADANG (PADANG)", "NM_JBT_UPD": "BRAMAS 1", "PROVINSI": "SUMATERA BARAT", "No_Prov_26": "06", "ID_Jbt_26": "0600385", "Kd_Ruas_26": "0603111", "Suffix_26": "11", "Nm_Ruas_26": "JLN. BUKIT PUTUS - BTS. KOTA PADANG (PADANG)", "Lintas_26": "JALAN LINTAS BARAT", "No_Jbt_26": "06.031.102.0.11", "Nm_Jbt_26": "BRAMAS 1", "Status_26": "N", "Fungsi_26": "A", "Lks_Dr_26": "PDG", "Lks_km_26": 8.0, "F_STA_26": "280", "Cadin_26": "PDG", "Pjg_Jbt_26": 11.1, "Btg_Pjg_26": 11.1, "Jml_Btg_26": "3", "Lb_Jl_Ms26": 6.4, "Lb_Jl_Kl26": 6.4, "Lb_Lalin26": 6.4, "Lb_Bh_Ki26": 0.66, "Lb_Bh_Ka26": 0.66, "Lb_Dr_Ki26": 0.0, "Lb_Dr_Ka26": 0.0, "Lb_Tr_Ki26": 0.6, "Lb_Tr_Ka26": 0.6, "Lb_TS_Ki26": 0.0, "Lb_TS_Ka26": 0.0, "Lb_Med_26": 0.0, "Lbr_Jbt_26": 8.92, "Bgn_Ats_26": "BTP", "Jns_Jbt_26": "STANDAR", "Thn_Bgn_26": "1993", "BA_26": "0", "LNT_26": "0", "BB_26": "0", "DAS_26": "1", "OP_26": "1", "UT_26": "0", "GR_26": "1", "LB_26": "0", "JBT_26": "1", "Tp_Lnts_26": "SUNGAI", "Dt_Lnts_26": "LURUS", "Pnangnn_26": "RUTIN", "Pmriksn_26": "DETAIL", "Pnglola_26": "BPJN SUMATERA BARAT", "Satkr_ID26": "693876", "PPK_Name26": "PPK 2.3", "Traffic_26": null, "VCR_26": "0.306", "AADT_26": null, "Tipe_Jb_26": null, "Lat_26": -1.0072220566500001, "Long_26": 100.39011383100001, "Tgl_Ins_26": "5\/2\/2026", "Ket_26": null }, "geometry": { "type": "Point", "coordinates": [ 100.390113830988582, -1.007222056652552 ] } },
{ "type": "Feature", "properties": { "KDRUAS_UPD": "0603111", "NOJBT_UPD": "06.031.103.0.11", "NM_RUAS_UP": "JLN. BUKIT PUTUS - BTS. KOTA PADANG (PADANG)", "NM_JBT_UPD": "BRAMAS 2", "PROVINSI": "SUMATERA BARAT", "No_Prov_26": "06", "ID_Jbt_26": "0600386", "Kd_Ruas_26": "0603111", "Suffix_26": "11", "Nm_Ruas_26": "JLN. BUKIT PUTUS - BTS. KOTA PADANG (PADANG)", "Lintas_26": "JALAN LINTAS BARAT", "No_Jbt_26": "06.031.103.0.11", "Nm_Jbt_26": "BRAMAS 2", "Status_26": "N", "Fungsi_26": "A", "Lks_Dr_26": "PDG", "Lks_km_26": 9.15, "F_STA_26": "320", "Cadin_26": "PDG", "Pjg_Jbt_26": 13.2, "Btg_Pjg_26": 13.0, "Jml_Btg_26": "1", "Lb_Jl_Ms26": 6.4, "Lb_Jl_Kl26": 6.4, "Lb_Lalin26": 6.4, "Lb_Bh_Ki26": 0.48, "Lb_Bh_Ka26": 0.48, "Lb_Dr_Ki26": 0.0, "Lb_Dr_Ka26": 0.0, "Lb_Tr_Ki26": 0.64, "Lb_Tr_Ka26": 0.64, "Lb_TS_Ki26": 0.0, "Lb_TS_Ka26": 0.0, "Lb_Med_26": 0.0, "Lbr_Jbt_26": 8.64, "Bgn_Ats_26": "GTP", "Jns_Jbt_26": "STANDAR", "Thn_Bgn_26": "1993", "BA_26": "2", "LNT_26": "2", "BB_26": "1", "DAS_26": "0", "OP_26": "0", "UT_26": "0", "GR_26": "0", "LB_26": "0", "JBT_26": "2", "Tp_Lnts_26": "SUNGAI", "Dt_Lnts_26": "LURUS", "Pnangnn_26": "RUTIN", "Pmriksn_26": "DETAIL", "Pnglola_26": "BPJN SUMATERA BARAT", "Satkr_ID26": "693876", "PPK_Name26": "PPK 2.3", "Traffic_26": null, "VCR_26": "0.306", "AADT_26": null, "Tipe_Jb_26": null, "Lat_26": -1.00930595401, "Long_26": 100.392471313, "Tgl_Ins_26": "5\/2\/2026", "Ket_26": null }, "geometry": { "type": "Point", "coordinates": [ 100.392471312900852, -1.00930595400655 ] } },
{ "type": "Feature", "properties": { "KDRUAS_UPD": "0603111", "NOJBT_UPD": "06.031.104.0.11", "NM_RUAS_UP": "JLN. BUKIT PUTUS - BTS. KOTA PADANG (PADANG)", "NM_JBT_UPD": "PARAK GADANG", "PROVINSI": "SUMATERA BARAT", "No_Prov_26": "06", "ID_Jbt_26": "0600387", "Kd_Ruas_26": "0603111", "Suffix_26": "11", "Nm_Ruas_26": "JLN. BUKIT PUTUS - BTS. KOTA PADANG (PADANG)", "Lintas_26": "JALAN LINTAS BARAT", "No_Jbt_26": "06.031.104.0.11", "Nm_Jbt_26": "PARAK GADANG", "Status_26": "N", "Fungsi_26": "A", "Lks_Dr_26": "PDG", "Lks_km_26": 15.4, "F_STA_26": "920", "Cadin_26": "PDG", "Pjg_Jbt_26": 16.3, "Btg_Pjg_26": 16.0, "Jml_Btg_26": "1", "Lb_Jl_Ms26": 6.4, "Lb_Jl_Kl26": 6.4, "Lb_Lalin26": 6.4, "Lb_Bh_Ki26": 0.35, "Lb_Bh_Ka26": 0.35, "Lb_Dr_Ki26": 0.0, "Lb_Dr_Ka26": 0.0, "Lb_Tr_Ki26": 1.0, "Lb_Tr_Ka26": 1.0, "Lb_TS_Ki26": 0.0, "Lb_TS_Ka26": 0.0, "Lb_Med_26": 0.0, "Lbr_Jbt_26": 9.1, "Bgn_Ats_26": "GTP", "Jns_Jbt_26": "STANDAR", "Thn_Bgn_26": "1976", "BA_26": "2", "LNT_26": "1", "BB_26": "1", "DAS_26": "1", "OP_26": "1", "UT_26": "0", "GR_26": "0", "LB_26": "0", "JBT_26": "2", "Tp_Lnts_26": "SUNGAI", "Dt_Lnts_26": "LURUS", "Pnangnn_26": "RUTIN", "Pmriksn_26": "RUTIN", "Pnglola_26": "BPJN SUMATERA BARAT", "Satkr_ID26": "693876", "PPK_Name26": "PPK 2.3", "Traffic_26": null, "VCR_26": "0.306", "AADT_26": null, "Tipe_Jb_26": null, "Lat_26": -1.03038895139, "Long_26": 100.39102935800001, "Tgl_Ins_26": "6\/8\/2024", "Ket_26": null }, "geometry": { "type": "Point", "coordinates": [ 100.391029357918569, -1.030388951388943 ] } },
{ "type": "Feature", "properties": { "KDRUAS_UPD": "0603111", "NOJBT_UPD": "06.031.105.0.11", "NM_RUAS_UP": "JLN. BUKIT PUTUS - BTS. KOTA PADANG (PADANG)", "NM_JBT_UPD": "PENGASAHAN", "PROVINSI": "SUMATERA BARAT", "No_Prov_26": "06", "ID_Jbt_26": "0600388", "Kd_Ruas_26": "0603111", "Suffix_26": "11", "Nm_Ruas_26": "JLN. BUKIT PUTUS - BTS. KOTA PADANG (PADANG)", "Lintas_26": "JALAN LINTAS BARAT", "No_Jbt_26": "06.031.105.0.11", "Nm_Jbt_26": "PENGASAHAN", "Status_26": "N", "Fungsi_26": "A", "Lks_Dr_26": "PDG", "Lks_km_26": 16.3, "F_STA_26": "1030", "Cadin_26": "PDG", "Pjg_Jbt_26": 17.5, "Btg_Pjg_26": 17.0, "Jml_Btg_26": "1", "Lb_Jl_Ms26": 6.4, "Lb_Jl_Kl26": 6.4, "Lb_Lalin26": 6.4, "Lb_Bh_Ki26": 0.4, "Lb_Bh_Ka26": 0.4, "Lb_Dr_Ki26": 0.0, "Lb_Dr_Ka26": 0.0, "Lb_Tr_Ki26": 0.65, "Lb_Tr_Ka26": 0.65, "Lb_TS_Ki26": 0.0, "Lb_TS_Ka26": 0.0, "Lb_Med_26": 0.0, "Lbr_Jbt_26": 8.5, "Bgn_Ats_26": "GTP", "Jns_Jbt_26": "STANDAR", "Thn_Bgn_26": "1993", "BA_26": "2", "LNT_26": "2", "BB_26": "1", "DAS_26": "0", "OP_26": "1", "UT_26": "0", "GR_26": "0", "LB_26": "0", "JBT_26": "2", "Tp_Lnts_26": "SUNGAI", "Dt_Lnts_26": "LURUS", "Pnangnn_26": "RUTIN", "Pmriksn_26": "DETAIL", "Pnglola_26": "BPJN SUMATERA BARAT", "Satkr_ID26": "693876", "PPK_Name26": "PPK 2.3", "Traffic_26": null, "VCR_26": "0.306", "AADT_26": null, "Tipe_Jb_26": null, "Lat_26": -1.0247219805300001, "Long_26": 100.397888184, "Tgl_Ins_26": "5\/2\/2026", "Ket_26": null }, "geometry": { "type": "Point", "coordinates": [ 100.397888184092494, -1.024721980534935 ] } },
{ "type": "Feature", "properties": { "KDRUAS_UPD": "0603111", "NOJBT_UPD": "06.031.108.0.11", "NM_RUAS_UP": "JLN. BUKIT PUTUS - BTS. KOTA PADANG (PADANG)", "NM_JBT_UPD": "JERUAI", "PROVINSI": "SUMATERA BARAT", "No_Prov_26": "06", "ID_Jbt_26": "0600391", "Kd_Ruas_26": "0603111", "Suffix_26": "11", "Nm_Ruas_26": "JLN. BUKIT PUTUS - BTS. KOTA PADANG (PADANG)", "Lintas_26": "JALAN LINTAS BARAT", "No_Jbt_26": "06.031.108.0.11", "Nm_Jbt_26": "JERUAI", "Status_26": "N", "Fungsi_26": "A", "Lks_Dr_26": "PDG", "Lks_km_26": 18.4, "F_STA_26": "1240", "Cadin_26": "PDG", "Pjg_Jbt_26": 50.7, "Btg_Pjg_26": 50.0, "Jml_Btg_26": "1", "Lb_Jl_Ms26": 5.6, "Lb_Jl_Kl26": 5.6, "Lb_Lalin26": 5.6, "Lb_Bh_Ki26": 0.6, "Lb_Bh_Ka26": 0.6, "Lb_Dr_Ki26": 0.0, "Lb_Dr_Ka26": 0.0, "Lb_Tr_Ki26": 0.5, "Lb_Tr_Ka26": 0.5, "Lb_TS_Ki26": 0.0, "Lb_TS_Ka26": 0.0, "Lb_Med_26": 0.0, "Lbr_Jbt_26": 7.8, "Bgn_Ats_26": "RBR", "Jns_Jbt_26": "STANDAR", "Thn_Bgn_26": "1994", "BA_26": "3", "LNT_26": "3", "BB_26": "1", "DAS_26": "2", "OP_26": "1", "UT_26": "0", "GR_26": "0", "LB_26": "0", "JBT_26": "3", "Tp_Lnts_26": "SUNGAI", "Dt_Lnts_26": "LURUS", "Pnangnn_26": "REHAB", "Pmriksn_26": "DETAIL", "Pnglola_26": "BPJN SUMATERA BARAT", "Satkr_ID26": "693876", "PPK_Name26": "PPK 2.3", "Traffic_26": null, "VCR_26": "0.306", "AADT_26": null, "Tipe_Jb_26": null, "Lat_26": -1.0283609630899999, "Long_26": 100.414497375, "Tgl_Ins_26": "5\/17\/2026", "Ket_26": null }, "geometry": { "type": "Point", "coordinates": [ 100.414497375353676, -1.028360963087948 ] } },
{ "type": "Feature", "properties": { "KDRUAS_UPD": "0603111", "NOJBT_UPD": "06.031.109.0.11", "NM_RUAS_UP": "JLN. BUKIT PUTUS - BTS. KOTA PADANG (PADANG)", "NM_JBT_UPD": "AUR KUNING", "PROVINSI": "SUMATERA BARAT", "No_Prov_26": "06", "ID_Jbt_26": "0600392", "Kd_Ruas_26": "0603111", "Suffix_26": "11", "Nm_Ruas_26": "JLN. BUKIT PUTUS - BTS. KOTA PADANG (PADANG)", "Lintas_26": "JALAN LINTAS BARAT", "No_Jbt_26": "06.031.109.0.11", "Nm_Jbt_26": "AUR KUNING", "Status_26": "N", "Fungsi_26": "A", "Lks_Dr_26": "PDG", "Lks_km_26": 18.7, "F_STA_26": "1280", "Cadin_26": "PDG", "Pjg_Jbt_26": 10.9, "Btg_Pjg_26": 3.0, "Jml_Btg_26": "3", "Lb_Jl_Ms26": 6.4, "Lb_Jl_Kl26": 6.4, "Lb_Lalin26": 6.4, "Lb_Bh_Ki26": 0.4, "Lb_Bh_Ka26": 0.4, "Lb_Dr_Ki26": 0.0, "Lb_Dr_Ka26": 0.0, "Lb_Tr_Ki26": 0.6, "Lb_Tr_Ka26": 0.6, "Lb_TS_Ki26": 0.25, "Lb_TS_Ka26": 0.25, "Lb_Med_26": 0.0, "Lbr_Jbt_26": 8.9, "Bgn_Ats_26": "BTP", "Jns_Jbt_26": "STANDAR", "Thn_Bgn_26": "1993", "BA_26": "1", "LNT_26": "1", "BB_26": "0", "DAS_26": "3", "OP_26": "1", "UT_26": "0", "GR_26": "0", "LB_26": "0", "JBT_26": "3", "Tp_Lnts_26": "SUNGAI", "Dt_Lnts_26": "LURUS", "Pnangnn_26": "RUTIN", "Pmriksn_26": "DETAIL", "Pnglola_26": "BPJN SUMATERA BARAT", "Satkr_ID26": "693876", "PPK_Name26": "PPK 2.3", "Traffic_26": null, "VCR_26": "0.306", "AADT_26": null, "Tipe_Jb_26": null, "Lat_26": -1.03055500941, "Long_26": 100.41600036600001, "Tgl_Ins_26": "5\/3\/2026", "Ket_26": null }, "geometry": { "type": "Point", "coordinates": [ 100.416000366423816, -1.0305550094061 ] } },
{ "type": "Feature", "properties": { "KDRUAS_UPD": "0602611", "NOJBT_UPD": "06.026.003.B.11", "NM_RUAS_UP": "JLN. ADINEGORO (PADANG)", "NM_JBT_UPD": "BUAH PALANG B", "PROVINSI": "SUMATERA BARAT", "No_Prov_26": "06", "ID_Jbt_26": "0600312", "Kd_Ruas_26": "0602611", "Suffix_26": "11", "Nm_Ruas_26": "JLN. ADINEGORO (PADANG)", "Lintas_26": "JALAN LINTAS BARAT", "No_Jbt_26": "06.026.003.B.11", "Nm_Jbt_26": "BUAH PALANG B", "Status_26": "N", "Fungsi_26": "A", "Lks_Dr_26": "PDG", "Lks_km_26": 11.04, "F_STA_26": "50", "Cadin_26": "PDG", "Pjg_Jbt_26": 6.0, "Btg_Pjg_26": 6.0, "Jml_Btg_26": "2", "Lb_Jl_Ms26": 6.4, "Lb_Jl_Kl26": 6.4, "Lb_Lalin26": 6.4, "Lb_Bh_Ki26": 0.4, "Lb_Bh_Ka26": 0.4, "Lb_Dr_Ki26": 0.0, "Lb_Dr_Ka26": 0.0, "Lb_Tr_Ki26": 1.07, "Lb_Tr_Ka26": 1.07, "Lb_TS_Ki26": 0.18, "Lb_TS_Ka26": 0.18, "Lb_Med_26": 0.0, "Lbr_Jbt_26": 9.7, "Bgn_Ats_26": "BTP", "Jns_Jbt_26": "STANDAR", "Thn_Bgn_26": "1995", "BA_26": "1", "LNT_26": "1", "BB_26": "0", "DAS_26": "2", "OP_26": "0", "UT_26": "0", "GR_26": "0", "LB_26": "0", "JBT_26": "2", "Tp_Lnts_26": "SUNGAI", "Dt_Lnts_26": "LURUS", "Pnangnn_26": "RUTIN", "Pmriksn_26": "RUTIN", "Pnglola_26": "BPJN SUMATERA BARAT", "Satkr_ID26": "693875", "PPK_Name26": "PPK 1.1", "Traffic_26": null, "VCR_26": "0.675", "AADT_26": null, "Tipe_Jb_26": null, "Lat_26": -0.86500030771799996, "Long_26": 100.34172821, "Tgl_Ins_26": "5\/26\/2021", "Ket_26": null }, "geometry": { "type": "Point", "coordinates": [ 100.341728210388681, -0.865000307717992 ] } },
{ "type": "Feature", "properties": { "KDRUAS_UPD": "0602611", "NOJBT_UPD": "06.026.004.A.11", "NM_RUAS_UP": "JLN. ADINEGORO (PADANG)", "NM_JBT_UPD": "MUARA PENJALINAN A", "PROVINSI": "SUMATERA BARAT", "No_Prov_26": "06", "ID_Jbt_26": "0600313", "Kd_Ruas_26": "0602611", "Suffix_26": "11", "Nm_Ruas_26": "JLN. ADINEGORO (PADANG)", "Lintas_26": "JALAN LINTAS BARAT", "No_Jbt_26": "06.026.004.A.11", "Nm_Jbt_26": "MUARA PENJALINAN A", "Status_26": "N", "Fungsi_26": "A", "Lks_Dr_26": "PDG", "Lks_km_26": 11.5, "F_STA_26": "90", "Cadin_26": "PDG", "Pjg_Jbt_26": 93.8, "Btg_Pjg_26": 31.9, "Jml_Btg_26": "3", "Lb_Jl_Ms26": 6.6, "Lb_Jl_Kl26": 6.6, "Lb_Lalin26": 6.6, "Lb_Bh_Ki26": 0.32, "Lb_Bh_Ka26": 0.32, "Lb_Dr_Ki26": 0.0, "Lb_Dr_Ka26": 0.0, "Lb_Tr_Ki26": 1.0, "Lb_Tr_Ka26": 1.0, "Lb_TS_Ki26": 0.33, "Lb_TS_Ka26": 0.33, "Lb_Med_26": 0.0, "Lbr_Jbt_26": 9.9, "Bgn_Ats_26": "GTP", "Jns_Jbt_26": "STANDAR", "Thn_Bgn_26": "1995", "BA_26": "2", "LNT_26": "1", "BB_26": "0", "DAS_26": "0", "OP_26": "0", "UT_26": "0", "GR_26": "0", "LB_26": "0", "JBT_26": "2", "Tp_Lnts_26": "SUNGAI", "Dt_Lnts_26": "LURUS", "Pnangnn_26": "RUTIN", "Pmriksn_26": "RUTIN", "Pnglola_26": "BPJN SUMATERA BARAT", "Satkr_ID26": "693875", "PPK_Name26": "PPK 1.1", "Traffic_26": null, "VCR_26": "0.675", "AADT_26": null, "Tipe_Jb_26": null, "Lat_26": -0.86187297106100003, "Long_26": 100.34008026099998, "Tgl_Ins_26": "5\/26\/2021", "Ket_26": null }, "geometry": { "type": "Point", "coordinates": [ 100.340080261195169, -0.861872971060734 ] } },
{ "type": "Feature", "properties": { "KDRUAS_UPD": "06031", "NOJBT_UPD": "06.031.019.A", "NM_RUAS_UP": "BTS. KOTA PADANG - BTS. KOTA PAINAN", "NM_JBT_UPD": "SIMAUNG 1A", "PROVINSI": "SUMATERA BARAT", "No_Prov_26": "06", "ID_Jbt_26": "0600364", "Kd_Ruas_26": "06031", "Suffix_26": null, "Nm_Ruas_26": "BTS. KOTA PADANG - BTS. KOTA PAINAN", "Lintas_26": "JALAN LINTAS BARAT", "No_Jbt_26": "06.031.019.A", "Nm_Jbt_26": "SIMAUNG 1A", "Status_26": "N", "Fungsi_26": "A", "Lks_Dr_26": "PDG", "Lks_km_26": 51.8, "F_STA_26": "2350", "Cadin_26": "PIN", "Pjg_Jbt_26": 12.1, "Btg_Pjg_26": 11.6, "Jml_Btg_26": "1", "Lb_Jl_Ms26": 4.9, "Lb_Jl_Kl26": 4.9, "Lb_Lalin26": 4.9, "Lb_Bh_Ki26": 0.2, "Lb_Bh_Ka26": 0.2, "Lb_Dr_Ki26": 0.0, "Lb_Dr_Ka26": 0.0, "Lb_Tr_Ki26": 0.0, "Lb_Tr_Ka26": 0.0, "Lb_TS_Ki26": 0.1, "Lb_TS_Ka26": 0.1, "Lb_Med_26": 0.0, "Lbr_Jbt_26": 5.5, "Bgn_Ats_26": "GBP", "Jns_Jbt_26": "STANDAR", "Thn_Bgn_26": "1984", "BA_26": "2", "LNT_26": "2", "BB_26": "2", "DAS_26": "1", "OP_26": "1", "UT_26": "0", "GR_26": "0", "LB_26": "0", "JBT_26": "2", "Tp_Lnts_26": "SUNGAI", "Dt_Lnts_26": "LURUS", "Pnangnn_26": "RUTIN", "Pmriksn_26": "DETAIL", "Pnglola_26": "BPJN SUMATERA BARAT", "Satkr_ID26": "693876", "PPK_Name26": "PPK 2.3", "Traffic_26": null, "VCR_26": "0.557", "AADT_26": null, "Tipe_Jb_26": null, "Lat_26": -1.2239999774200001, "Long_26": 100.499137878, "Tgl_Ins_26": "5\/4\/2026", "Ket_26": null }, "geometry": { "type": "Point", "coordinates": [ 100.499137878210547, -1.223999977416952 ] } },
{ "type": "Feature", "properties": { "KDRUAS_UPD": "06020", "NOJBT_UPD": "06.020.017.0", "NM_RUAS_UP": "SIMP. AIR BALAM - SIMP. EMPAT", "NM_JBT_UPD": "SUNGAI KASIK PUTIH", "PROVINSI": "SUMATERA BARAT", "No_Prov_26": "06", "ID_Jbt_26": "0600212", "Kd_Ruas_26": "06020", "Suffix_26": null, "Nm_Ruas_26": "SIMP. AIR BALAM - SIMP. EMPAT", "Lintas_26": "JALAN LINTAS BARAT", "No_Jbt_26": "06.020.017.0", "Nm_Jbt_26": "SUNGAI KASIK PUTIH", "Status_26": "N", "Fungsi_26": "K1", "Lks_Dr_26": "PDG", "Lks_km_26": 302.4, "F_STA_26": "2990", "Cadin_26": "SP4", "Pjg_Jbt_26": 11.3, "Btg_Pjg_26": 11.0, "Jml_Btg_26": "1", "Lb_Jl_Ms26": 5.9, "Lb_Jl_Kl26": 5.9, "Lb_Lalin26": 5.9, "Lb_Bh_Ki26": 0.54, "Lb_Bh_Ka26": 0.56, "Lb_Dr_Ki26": 0.0, "Lb_Dr_Ka26": 0.0, "Lb_Tr_Ki26": 0.58, "Lb_Tr_Ka26": 0.51, "Lb_TS_Ki26": 0.305, "Lb_TS_Ka26": 0.305, "Lb_Med_26": 0.0, "Lbr_Jbt_26": 8.7, "Bgn_Ats_26": "GTP", "Jns_Jbt_26": "STANDAR", "Thn_Bgn_26": "1970", "BA_26": "1", "LNT_26": "0", "BB_26": "0", "DAS_26": "2", "OP_26": "0", "UT_26": "0", "GR_26": "0", "LB_26": "0", "JBT_26": "2", "Tp_Lnts_26": "SUNGAI", "Dt_Lnts_26": "BERKELOK", "Pnangnn_26": "RUTIN", "Pmriksn_26": "RUTIN", "Pnglola_26": "BPJN SUMATERA BARAT", "Satkr_ID26": "693875", "PPK_Name26": "PPK 1.4", "Traffic_26": null, "VCR_26": "0.108", "AADT_26": null, "Tipe_Jb_26": null, "Lat_26": 0.23078714331205677, "Long_26": 99.684577942199994, "Tgl_Ins_26": "6\/25\/2024", "Ket_26": null }, "geometry": { "type": "Point", "coordinates": [ 99.684577942218311, 0.230787143312057 ] } },
{ "type": "Feature", "properties": { "KDRUAS_UPD": "06020", "NOJBT_UPD": "06.020.018.0", "NM_RUAS_UP": "SIMP. AIR BALAM - SIMP. EMPAT", "NM_JBT_UPD": "TAMBANG CUBADAK", "PROVINSI": "SUMATERA BARAT", "No_Prov_26": "06", "ID_Jbt_26": "0600213", "Kd_Ruas_26": "06020", "Suffix_26": null, "Nm_Ruas_26": "SIMP. AIR BALAM - SIMP. EMPAT", "Lintas_26": "JALAN LINTAS BARAT", "No_Jbt_26": "06.020.018.0", "Nm_Jbt_26": "TAMBANG CUBADAK", "Status_26": "N", "Fungsi_26": "K1", "Lks_Dr_26": "PDG", "Lks_km_26": 302.52, "F_STA_26": "3000", "Cadin_26": "SP4", "Pjg_Jbt_26": 8.1, "Btg_Pjg_26": 7.5, "Jml_Btg_26": "1", "Lb_Jl_Ms26": 5.95, "Lb_Jl_Kl26": 5.95, "Lb_Lalin26": 5.95, "Lb_Bh_Ki26": 0.57, "Lb_Bh_Ka26": 0.64, "Lb_Dr_Ki26": 0.0, "Lb_Dr_Ka26": 0.0, "Lb_Tr_Ki26": 0.98, "Lb_Tr_Ka26": 1.02, "Lb_TS_Ki26": 0.32, "Lb_TS_Ka26": 0.32, "Lb_Med_26": 0.0, "Lbr_Jbt_26": 9.8, "Bgn_Ats_26": "GTP", "Jns_Jbt_26": "STANDAR", "Thn_Bgn_26": "1970", "BA_26": "2", "LNT_26": "0", "BB_26": "1", "DAS_26": "2", "OP_26": "0", "UT_26": "0", "GR_26": "0", "LB_26": "0", "JBT_26": "2", "Tp_Lnts_26": "SUNGAI", "Dt_Lnts_26": "BERKELOK", "Pnangnn_26": "RUTIN", "Pmriksn_26": "RUTIN", "Pnglola_26": "BPJN SUMATERA BARAT", "Satkr_ID26": "693875", "PPK_Name26": "PPK 1.4", "Traffic_26": null, "VCR_26": "0.108", "AADT_26": null, "Tipe_Jb_26": null, "Lat_26": 0.23063619390529763, "Long_26": 99.683319091900003, "Tgl_Ins_26": "6\/25\/2024", "Ket_26": null }, "geometry": { "type": "Point", "coordinates": [ 99.683319091902604, 0.230636193905298 ] } },
{ "type": "Feature", "properties": { "KDRUAS_UPD": "06020", "NOJBT_UPD": "06.020.020.0", "NM_RUAS_UP": "SIMP. AIR BALAM - SIMP. EMPAT", "NM_JBT_UPD": "BATANG TANAH PERIUK", "PROVINSI": "SUMATERA BARAT", "No_Prov_26": "06", "ID_Jbt_26": "0600215", "Kd_Ruas_26": "06020", "Suffix_26": null, "Nm_Ruas_26": "SIMP. AIR BALAM - SIMP. EMPAT", "Lintas_26": "JALAN LINTAS BARAT", "No_Jbt_26": "06.020.020.0", "Nm_Jbt_26": "BATANG TANAH PERIUK", "Status_26": "N", "Fungsi_26": "K1", "Lks_Dr_26": "PDG", "Lks_km_26": 307.31, "F_STA_26": "3480", "Cadin_26": "SP4", "Pjg_Jbt_26": 15.2, "Btg_Pjg_26": 15.0, "Jml_Btg_26": "1", "Lb_Jl_Ms26": 5.45, "Lb_Jl_Kl26": 5.45, "Lb_Lalin26": 5.45, "Lb_Bh_Ki26": 0.41, "Lb_Bh_Ka26": 0.33, "Lb_Dr_Ki26": 0.0, "Lb_Dr_Ka26": 0.0, "Lb_Tr_Ki26": 0.54, "Lb_Tr_Ka26": 0.52, "Lb_TS_Ki26": 0.325, "Lb_TS_Ka26": 0.325, "Lb_Med_26": 0.0, "Lbr_Jbt_26": 7.9, "Bgn_Ats_26": "GTP", "Jns_Jbt_26": "STANDAR", "Thn_Bgn_26": "1993", "BA_26": "2", "LNT_26": "1", "BB_26": "1", "DAS_26": "1", "OP_26": "0", "UT_26": "0", "GR_26": "0", "LB_26": "0", "JBT_26": "2", "Tp_Lnts_26": "SUNGAI", "Dt_Lnts_26": "BERKELOK", "Pnangnn_26": "RUTIN", "Pmriksn_26": "RUTIN", "Pnglola_26": "BPJN SUMATERA BARAT", "Satkr_ID26": "693875", "PPK_Name26": "PPK 1.4", "Traffic_26": null, "VCR_26": "0.108", "AADT_26": null, "Tipe_Jb_26": null, "Lat_26": 0.21649725774227593, "Long_26": 99.645233153999996, "Tgl_Ins_26": "9\/25\/2020", "Ket_26": null }, "geometry": { "type": "Point", "coordinates": [ 99.645233153986908, 0.216497257742276 ] } },
{ "type": "Feature", "properties": { "KDRUAS_UPD": "06019", "NOJBT_UPD": "06.019.005.0", "NM_RUAS_UP": "SILAPING - SIMP. AIR BALAM", "NM_JBT_UPD": "BATANG TAROK 1", "PROVINSI": "SUMATERA BARAT", "No_Prov_26": "06", "ID_Jbt_26": "0600191", "Kd_Ruas_26": "06019", "Suffix_26": null, "Nm_Ruas_26": "SILAPING - SIMP. AIR BALAM", "Lintas_26": "JALAN LINTAS BARAT", "No_Jbt_26": "06.019.005.0", "Nm_Jbt_26": "BATANG TAROK 1", "Status_26": "N", "Fungsi_26": "K1", "Lks_Dr_26": "PDG", "Lks_km_26": 343.0, "F_STA_26": "850", "Cadin_26": "SP4", "Pjg_Jbt_26": 7.0, "Btg_Pjg_26": 6.5, "Jml_Btg_26": "1", "Lb_Jl_Ms26": 6.2, "Lb_Jl_Kl26": 6.2, "Lb_Lalin26": 6.2, "Lb_Bh_Ki26": 1.35, "Lb_Bh_Ka26": 1.4, "Lb_Dr_Ki26": 0.0, "Lb_Dr_Ka26": 0.0, "Lb_Tr_Ki26": 0.8, "Lb_Tr_Ka26": 0.87, "Lb_TS_Ki26": 0.35, "Lb_TS_Ka26": 0.35, "Lb_Med_26": 0.0, "Lbr_Jbt_26": 11.32, "Bgn_Ats_26": "PTP", "Jns_Jbt_26": "STANDAR", "Thn_Bgn_26": "2015", "BA_26": "1", "LNT_26": "1", "BB_26": "1", "DAS_26": "1", "OP_26": "0", "UT_26": "0", "GR_26": "0", "LB_26": "0", "JBT_26": "1", "Tp_Lnts_26": "SUNGAI", "Dt_Lnts_26": "BERKELOK", "Pnangnn_26": "RUTIN", "Pmriksn_26": "RUTIN", "Pnglola_26": "BPJN SUMATERA BARAT", "Satkr_ID26": "693875", "PPK_Name26": "PPK 1.4", "Traffic_26": null, "VCR_26": "0.098", "AADT_26": null, "Tipe_Jb_26": null, "Lat_26": 0.32561454217744767, "Long_26": 99.436897278100005, "Tgl_Ins_26": "9\/24\/2020", "Ket_26": null }, "geometry": { "type": "Point", "coordinates": [ 99.436897278086974, 0.325614542177448 ] } },
{ "type": "Feature", "properties": { "KDRUAS_UPD": "06019", "NOJBT_UPD": "06.019.006.0", "NM_RUAS_UP": "SILAPING - SIMP. AIR BALAM", "NM_JBT_UPD": "BATANG TAROK 2", "PROVINSI": "SUMATERA BARAT", "No_Prov_26": "06", "ID_Jbt_26": "0600192", "Kd_Ruas_26": "06019", "Suffix_26": null, "Nm_Ruas_26": "SILAPING - SIMP. AIR BALAM", "Lintas_26": "JALAN LINTAS BARAT", "No_Jbt_26": "06.019.006.0", "Nm_Jbt_26": "BATANG TAROK 2", "Status_26": "N", "Fungsi_26": "K1", "Lks_Dr_26": "PDG", "Lks_km_26": 344.9, "F_STA_26": "970", "Cadin_26": "SP4", "Pjg_Jbt_26": 6.8, "Btg_Pjg_26": 6.5, "Jml_Btg_26": "1", "Lb_Jl_Ms26": 5.0, "Lb_Jl_Kl26": 5.0, "Lb_Lalin26": 5.0, "Lb_Bh_Ki26": 2.1, "Lb_Bh_Ka26": 2.1, "Lb_Dr_Ki26": 0.0, "Lb_Dr_Ka26": 0.0, "Lb_Tr_Ki26": 0.99, "Lb_Tr_Ka26": 1.0, "Lb_TS_Ki26": 0.305, "Lb_TS_Ka26": 0.305, "Lb_Med_26": 0.0, "Lbr_Jbt_26": 11.8, "Bgn_Ats_26": "PTP", "Jns_Jbt_26": "STANDAR", "Thn_Bgn_26": "2015", "BA_26": "2", "LNT_26": "1", "BB_26": "1", "DAS_26": "1", "OP_26": "0", "UT_26": "0", "GR_26": "0", "LB_26": "0", "JBT_26": "2", "Tp_Lnts_26": "SUNGAI", "Dt_Lnts_26": "BERKELOK", "Pnangnn_26": "RUTIN", "Pmriksn_26": "RUTIN", "Pnglola_26": "BPJN SUMATERA BARAT", "Satkr_ID26": "693875", "PPK_Name26": "PPK 1.4", "Traffic_26": null, "VCR_26": "0.098", "AADT_26": null, "Tipe_Jb_26": null, "Lat_26": 0.33456742804440864, "Long_26": 99.442955017000003, "Tgl_Ins_26": "9\/24\/2020", "Ket_26": null }, "geometry": { "type": "Point", "coordinates": [ 99.442955016960525, 0.334567428044409 ] } },
{ "type": "Feature", "properties": { "KDRUAS_UPD": "06020", "NOJBT_UPD": "06.020.001.0", "NM_RUAS_UP": "SIMP. AIR BALAM - SIMP. EMPAT", "NM_JBT_UPD": "BATANG TIAN", "PROVINSI": "SUMATERA BARAT", "No_Prov_26": "06", "ID_Jbt_26": "0600197", "Kd_Ruas_26": "06020", "Suffix_26": null, "Nm_Ruas_26": "SIMP. AIR BALAM - SIMP. EMPAT", "Lintas_26": "JALAN LINTAS BARAT", "No_Jbt_26": "06.020.001.0", "Nm_Jbt_26": "BATANG TIAN", "Status_26": "N", "Fungsi_26": "K1", "Lks_Dr_26": "PDG", "Lks_km_26": 274.26, "F_STA_26": "180", "Cadin_26": "SP4", "Pjg_Jbt_26": 9.3, "Btg_Pjg_26": 4.05, "Jml_Btg_26": "2", "Lb_Jl_Ms26": 6.6, "Lb_Jl_Kl26": 6.6, "Lb_Lalin26": 6.6, "Lb_Bh_Ki26": 1.65, "Lb_Bh_Ka26": 0.96, "Lb_Dr_Ki26": 0.0, "Lb_Dr_Ka26": 0.0, "Lb_Tr_Ki26": 0.97, "Lb_Tr_Ka26": 0.92, "Lb_TS_Ki26": 0.4, "Lb_TS_Ka26": 0.4, "Lb_Med_26": 0.0, "Lbr_Jbt_26": 11.9, "Bgn_Ats_26": "BTP", "Jns_Jbt_26": "STANDAR", "Thn_Bgn_26": "2015", "BA_26": "1", "LNT_26": "1", "BB_26": "2", "DAS_26": "2", "OP_26": "0", "UT_26": "0", "GR_26": "0", "LB_26": "0", "JBT_26": "2", "Tp_Lnts_26": "SUNGAI", "Dt_Lnts_26": "BERKELOK", "Pnangnn_26": "RUTIN", "Pmriksn_26": "RUTIN", "Pnglola_26": "BPJN SUMATERA BARAT", "Satkr_ID26": "693875", "PPK_Name26": "PPK 1.4", "Traffic_26": null, "VCR_26": "0.108", "AADT_26": null, "Tipe_Jb_26": null, "Lat_26": 0.11182227707649872, "Long_26": 99.820060730199998, "Tgl_Ins_26": "9\/23\/2020", "Ket_26": null }, "geometry": { "type": "Point", "coordinates": [ 99.820060730218586, 0.111822277076499 ] } },
{ "type": "Feature", "properties": { "KDRUAS_UPD": "06020", "NOJBT_UPD": "06.020.002.0", "NM_RUAS_UP": "SIMP. AIR BALAM - SIMP. EMPAT", "NM_JBT_UPD": "BATANG LINGKIN", "PROVINSI": "SUMATERA BARAT", "No_Prov_26": "06", "ID_Jbt_26": "0600198", "Kd_Ruas_26": "06020", "Suffix_26": null, "Nm_Ruas_26": "SIMP. AIR BALAM - SIMP. EMPAT", "Lintas_26": "JALAN LINTAS BARAT", "No_Jbt_26": "06.020.002.0", "Nm_Jbt_26": "BATANG LINGKIN", "Status_26": "N", "Fungsi_26": "K1", "Lks_Dr_26": "PDG", "Lks_km_26": 276.2, "F_STA_26": "370", "Cadin_26": "SP4", "Pjg_Jbt_26": 10.4, "Btg_Pjg_26": 10.0, "Jml_Btg_26": "1", "Lb_Jl_Ms26": 6.72, "Lb_Jl_Kl26": 6.72, "Lb_Lalin26": 6.72, "Lb_Bh_Ki26": 0.3, "Lb_Bh_Ka26": 0.48, "Lb_Dr_Ki26": 0.3, "Lb_Dr_Ka26": 0.2, "Lb_Tr_Ki26": 0.41, "Lb_Tr_Ka26": 0.41, "Lb_TS_Ki26": 0.3, "Lb_TS_Ka26": 0.3, "Lb_Med_26": 0.0, "Lbr_Jbt_26": 9.42, "Bgn_Ats_26": "GTP", "Jns_Jbt_26": "STANDAR", "Thn_Bgn_26": "1970", "BA_26": "2", "LNT_26": "1", "BB_26": "1", "DAS_26": "1", "OP_26": "2", "UT_26": "0", "GR_26": "0", "LB_26": "0", "JBT_26": "2", "Tp_Lnts_26": "SUNGAI", "Dt_Lnts_26": "BERKELOK", "Pnangnn_26": "RUTIN", "Pmriksn_26": "RUTIN", "Pnglola_26": "BPJN SUMATERA BARAT", "Satkr_ID26": "693875", "PPK_Name26": "PPK 1.4", "Traffic_26": null, "VCR_26": "0.108", "AADT_26": null, "Tipe_Jb_26": null, "Lat_26": 0.12730433003088137, "Long_26": 99.814308166399996, "Tgl_Ins_26": "6\/25\/2024", "Ket_26": null }, "geometry": { "type": "Point", "coordinates": [ 99.814308166388855, 0.127304330030881 ] } },
{ "type": "Feature", "properties": { "KDRUAS_UPD": "06020", "NOJBT_UPD": "06.020.003.0", "NM_RUAS_UP": "SIMP. AIR BALAM - SIMP. EMPAT", "NM_JBT_UPD": "BATANG UMPAI", "PROVINSI": "SUMATERA BARAT", "No_Prov_26": "06", "ID_Jbt_26": "0600199", "Kd_Ruas_26": "06020", "Suffix_26": null, "Nm_Ruas_26": "SIMP. AIR BALAM - SIMP. EMPAT", "Lintas_26": "JALAN LINTAS BARAT", "No_Jbt_26": "06.020.003.0", "Nm_Jbt_26": "BATANG UMPAI", "Status_26": "N", "Fungsi_26": "K1", "Lks_Dr_26": "PDG", "Lks_km_26": 280.8, "F_STA_26": "830", "Cadin_26": "SP4", "Pjg_Jbt_26": 21.0, "Btg_Pjg_26": 20.5, "Jml_Btg_26": "1", "Lb_Jl_Ms26": 5.4, "Lb_Jl_Kl26": 5.4, "Lb_Lalin26": 5.4, "Lb_Bh_Ki26": 0.3, "Lb_Bh_Ka26": 0.33, "Lb_Dr_Ki26": 0.0, "Lb_Dr_Ka26": 0.0, "Lb_Tr_Ki26": 0.5, "Lb_Tr_Ka26": 0.49, "Lb_TS_Ki26": 0.29, "Lb_TS_Ka26": 0.29, "Lb_Med_26": 0.0, "Lbr_Jbt_26": 7.6, "Bgn_Ats_26": "GTP", "Jns_Jbt_26": "STANDAR", "Thn_Bgn_26": "1999", "BA_26": "2", "LNT_26": "1", "BB_26": "1", "DAS_26": "2", "OP_26": "0", "UT_26": "0", "GR_26": "0", "LB_26": "0", "JBT_26": "2", "Tp_Lnts_26": "SUNGAI", "Dt_Lnts_26": "BERKELOK", "Pnangnn_26": "RUTIN", "Pmriksn_26": "TIDAK DISURVEI", "Pnglola_26": "BPJN SUMATERA BARAT", "Satkr_ID26": "693875", "PPK_Name26": "PPK 1.4", "Traffic_26": null, "VCR_26": "0.108", "AADT_26": null, "Tipe_Jb_26": null, "Lat_26": 0.16465449301051649, "Long_26": 99.801284789799993, "Tgl_Ins_26": "9\/23\/2020", "Ket_26": null }, "geometry": { "type": "Point", "coordinates": [ 99.801284789761326, 0.164654493010516 ] } },
{ "type": "Feature", "properties": { "KDRUAS_UPD": "06020", "NOJBT_UPD": "06.020.010.0", "NM_RUAS_UP": "SIMP. AIR BALAM - SIMP. EMPAT", "NM_JBT_UPD": "SUNGAI KAMPUNG ALANG", "PROVINSI": "SUMATERA BARAT", "No_Prov_26": "06", "ID_Jbt_26": "0600205", "Kd_Ruas_26": "06020", "Suffix_26": null, "Nm_Ruas_26": "SIMP. AIR BALAM - SIMP. EMPAT", "Lintas_26": "JALAN LINTAS BARAT", "No_Jbt_26": "06.020.010.0", "Nm_Jbt_26": "SUNGAI KAMPUNG ALANG", "Status_26": "N", "Fungsi_26": "K1", "Lks_Dr_26": "PDG", "Lks_km_26": 294.69, "F_STA_26": "2220", "Cadin_26": "SP4", "Pjg_Jbt_26": 6.7, "Btg_Pjg_26": 6.0, "Jml_Btg_26": "1", "Lb_Jl_Ms26": 6.34, "Lb_Jl_Kl26": 6.34, "Lb_Lalin26": 6.34, "Lb_Bh_Ki26": 0.51, "Lb_Bh_Ka26": 0.46, "Lb_Dr_Ki26": 0.0, "Lb_Dr_Ka26": 0.0, "Lb_Tr_Ki26": 1.02, "Lb_Tr_Ka26": 0.94, "Lb_TS_Ki26": 0.33, "Lb_TS_Ka26": 0.33, "Lb_Med_26": 0.0, "Lbr_Jbt_26": 9.93, "Bgn_Ats_26": "GTP", "Jns_Jbt_26": "STANDAR", "Thn_Bgn_26": "1993", "BA_26": "1", "LNT_26": "1", "BB_26": "2", "DAS_26": "1", "OP_26": "0", "UT_26": "0", "GR_26": "0", "LB_26": "0", "JBT_26": "2", "Tp_Lnts_26": "SUNGAI", "Dt_Lnts_26": "BERJALIN", "Pnangnn_26": "RUTIN", "Pmriksn_26": "RUTIN", "Pnglola_26": "BPJN SUMATERA BARAT", "Satkr_ID26": "693875", "PPK_Name26": "PPK 1.4", "Traffic_26": null, "VCR_26": "0.108", "AADT_26": null, "Tipe_Jb_26": null, "Lat_26": 0.22460363784767881, "Long_26": 99.749732970999986, "Tgl_Ins_26": "9\/3\/2022", "Ket_26": null }, "geometry": { "type": "Point", "coordinates": [ 99.749732970999844, 0.224603637847679 ] } },
{ "type": "Feature", "properties": { "KDRUAS_UPD": "06020", "NOJBT_UPD": "06.020.013.0", "NM_RUAS_UP": "SIMP. AIR BALAM - SIMP. EMPAT", "NM_JBT_UPD": "SUNGAI AIR TANANG", "PROVINSI": "SUMATERA BARAT", "No_Prov_26": "06", "ID_Jbt_26": "0600208", "Kd_Ruas_26": "06020", "Suffix_26": null, "Nm_Ruas_26": "SIMP. AIR BALAM - SIMP. EMPAT", "Lintas_26": "JALAN LINTAS BARAT", "No_Jbt_26": "06.020.013.0", "Nm_Jbt_26": "SUNGAI AIR TANANG", "Status_26": "N", "Fungsi_26": "K1", "Lks_Dr_26": "PDG", "Lks_km_26": 297.02, "F_STA_26": "2450", "Cadin_26": "SP4", "Pjg_Jbt_26": 6.9, "Btg_Pjg_26": 6.0, "Jml_Btg_26": "1", "Lb_Jl_Ms26": 6.18, "Lb_Jl_Kl26": 6.18, "Lb_Lalin26": 6.18, "Lb_Bh_Ki26": 0.57, "Lb_Bh_Ka26": 0.46, "Lb_Dr_Ki26": 0.0, "Lb_Dr_Ka26": 0.0, "Lb_Tr_Ki26": 0.95, "Lb_Tr_Ka26": 1.03, "Lb_TS_Ki26": 0.305, "Lb_TS_Ka26": 0.305, "Lb_Med_26": 0.0, "Lbr_Jbt_26": 9.8, "Bgn_Ats_26": "GTP", "Jns_Jbt_26": "STANDAR", "Thn_Bgn_26": "1970", "BA_26": "2", "LNT_26": "2", "BB_26": "0", "DAS_26": "1", "OP_26": "0", "UT_26": "0", "GR_26": "0", "LB_26": "0", "JBT_26": "2", "Tp_Lnts_26": "SUNGAI", "Dt_Lnts_26": "BERKELOK", "Pnangnn_26": "RUTIN", "Pmriksn_26": "RUTIN", "Pnglola_26": "BPJN SUMATERA BARAT", "Satkr_ID26": "693875", "PPK_Name26": "PPK 1.4", "Traffic_26": null, "VCR_26": "0.108", "AADT_26": null, "Tipe_Jb_26": null, "Lat_26": 0.22945852539066891, "Long_26": 99.729698181100005, "Tgl_Ins_26": "6\/25\/2024", "Ket_26": null }, "geometry": { "type": "Point", "coordinates": [ 99.729698181126196, 0.229458525390669 ] } },
{ "type": "Feature", "properties": { "KDRUAS_UPD": "06020", "NOJBT_UPD": "06.020.014.0", "NM_RUAS_UP": "SIMP. AIR BALAM - SIMP. EMPAT", "NM_JBT_UPD": "BATANG KABAU ULIN", "PROVINSI": "SUMATERA BARAT", "No_Prov_26": "06", "ID_Jbt_26": "0600209", "Kd_Ruas_26": "06020", "Suffix_26": null, "Nm_Ruas_26": "SIMP. AIR BALAM - SIMP. EMPAT", "Lintas_26": "JALAN LINTAS BARAT", "No_Jbt_26": "06.020.014.0", "Nm_Jbt_26": "BATANG KABAU ULIN", "Status_26": "N", "Fungsi_26": "K1", "Lks_Dr_26": "PDG", "Lks_km_26": 297.66, "F_STA_26": "2510", "Cadin_26": "SP4", "Pjg_Jbt_26": 9.0, "Btg_Pjg_26": 4.3, "Jml_Btg_26": "2", "Lb_Jl_Ms26": 5.2, "Lb_Jl_Kl26": 5.2, "Lb_Lalin26": 4.9, "Lb_Bh_Ki26": 0.3, "Lb_Bh_Ka26": 0.33, "Lb_Dr_Ki26": 0.33, "Lb_Dr_Ka26": 0.1, "Lb_Tr_Ki26": 0.0, "Lb_Tr_Ka26": 0.0, "Lb_TS_Ki26": 0.42, "Lb_TS_Ka26": 0.42, "Lb_Med_26": 0.0, "Lbr_Jbt_26": 6.8, "Bgn_Ats_26": "BTP", "Jns_Jbt_26": "STANDAR", "Thn_Bgn_26": "1984", "BA_26": "2", "LNT_26": "2", "BB_26": "0", "DAS_26": "2", "OP_26": "2", "UT_26": "0", "GR_26": "0", "LB_26": "0", "JBT_26": "2", "Tp_Lnts_26": "SUNGAI", "Dt_Lnts_26": "BERKELOK", "Pnangnn_26": "RUTIN", "Pmriksn_26": "DETAIL", "Pnglola_26": "BPJN SUMATERA BARAT", "Satkr_ID26": "693875", "PPK_Name26": "PPK 1.4", "Traffic_26": null, "VCR_26": "0.108", "AADT_26": null, "Tipe_Jb_26": null, "Lat_26": 0.22984811619767245, "Long_26": 99.724128722900005, "Tgl_Ins_26": "5\/30\/2026", "Ket_26": null }, "geometry": { "type": "Point", "coordinates": [ 99.724128722862304, 0.229848116197672 ] } },
{ "type": "Feature", "properties": { "KDRUAS_UPD": "06020", "NOJBT_UPD": "06.020.015.0", "NM_RUAS_UP": "SIMP. AIR BALAM - SIMP. EMPAT", "NM_JBT_UPD": "SUNGAI BATANG ALIN", "PROVINSI": "SUMATERA BARAT", "No_Prov_26": "06", "ID_Jbt_26": "0600210", "Kd_Ruas_26": "06020", "Suffix_26": null, "Nm_Ruas_26": "SIMP. AIR BALAM - SIMP. EMPAT", "Lintas_26": "JALAN LINTAS BARAT", "No_Jbt_26": "06.020.015.0", "Nm_Jbt_26": "SUNGAI BATANG ALIN", "Status_26": "N", "Fungsi_26": "K1", "Lks_Dr_26": "PDG", "Lks_km_26": 298.4, "F_STA_26": "2590", "Cadin_26": "SP4", "Pjg_Jbt_26": 30.8, "Btg_Pjg_26": 30.3, "Jml_Btg_26": "1", "Lb_Jl_Ms26": 4.94, "Lb_Jl_Kl26": 4.94, "Lb_Lalin26": 4.94, "Lb_Bh_Ki26": 0.42, "Lb_Bh_Ka26": 0.42, "Lb_Dr_Ki26": 0.1, "Lb_Dr_Ka26": 0.1, "Lb_Tr_Ki26": 0.53, "Lb_Tr_Ka26": 0.53, "Lb_TS_Ki26": 0.0, "Lb_TS_Ka26": 0.0, "Lb_Med_26": 0.0, "Lbr_Jbt_26": 7.04, "Bgn_Ats_26": "GBP", "Jns_Jbt_26": "STANDAR", "Thn_Bgn_26": "1990", "BA_26": "1", "LNT_26": "1", "BB_26": "1", "DAS_26": "1", "OP_26": "0", "UT_26": "0", "GR_26": "0", "LB_26": "0", "JBT_26": "1", "Tp_Lnts_26": "SUNGAI", "Dt_Lnts_26": "BERKELOK", "Pnangnn_26": "RUTIN", "Pmriksn_26": "TIDAK DISURVEI", "Pnglola_26": "BPJN SUMATERA BARAT", "Satkr_ID26": "693875", "PPK_Name26": "PPK 1.4", "Traffic_26": null, "VCR_26": "0.108", "AADT_26": null, "Tipe_Jb_26": null, "Lat_26": 0.23051388520769933, "Long_26": 99.718215942100002, "Tgl_Ins_26": "9\/25\/2020", "Ket_26": null }, "geometry": { "type": "Point", "coordinates": [ 99.718215942112124, 0.230513885207699 ] } },
{ "type": "Feature", "properties": { "KDRUAS_UPD": "0603111", "NOJBT_UPD": "06.031.113.0.11", "NM_RUAS_UP": "JLN. BUKIT PUTUS - BTS. KOTA PADANG (PADANG)", "NM_JBT_UPD": "AIR GADANG", "PROVINSI": "SUMATERA BARAT", "No_Prov_26": "06", "ID_Jbt_26": "0600396", "Kd_Ruas_26": "0603111", "Suffix_26": "11", "Nm_Ruas_26": "JLN. BUKIT PUTUS - BTS. KOTA PADANG (PADANG)", "Lintas_26": "JALAN LINTAS BARAT", "No_Jbt_26": "06.031.113.0.11", "Nm_Jbt_26": "AIR GADANG", "Status_26": "N", "Fungsi_26": "A", "Lks_Dr_26": "PDG", "Lks_km_26": 20.7, "F_STA_26": "1480", "Cadin_26": "PDG", "Pjg_Jbt_26": 15.1, "Btg_Pjg_26": 6.0, "Jml_Btg_26": "2", "Lb_Jl_Ms26": 8.15, "Lb_Jl_Kl26": 8.15, "Lb_Lalin26": 8.15, "Lb_Bh_Ki26": 0.36, "Lb_Bh_Ka26": 0.36, "Lb_Dr_Ki26": 0.2, "Lb_Dr_Ka26": 0.2, "Lb_Tr_Ki26": 1.05, "Lb_Tr_Ka26": 1.05, "Lb_TS_Ki26": 0.0, "Lb_TS_Ka26": 0.0, "Lb_Med_26": 0.0, "Lbr_Jbt_26": 11.37, "Bgn_Ats_26": "DTP", "Jns_Jbt_26": "STANDAR", "Thn_Bgn_26": "2025", "BA_26": "0", "LNT_26": "0", "BB_26": "0", "DAS_26": "1", "OP_26": "0", "UT_26": "0", "GR_26": "1", "LB_26": "0", "JBT_26": "1", "Tp_Lnts_26": "SUNGAI", "Dt_Lnts_26": "LURUS", "Pnangnn_26": "0", "Pmriksn_26": "DETAIL", "Pnglola_26": "BPJN SUMATERA BARAT", "Satkr_ID26": "693876", "PPK_Name26": "PPK 2.3", "Traffic_26": null, "VCR_26": "0.306", "AADT_26": null, "Tipe_Jb_26": null, "Lat_26": -1.04527795272, "Long_26": 100.413192749, "Tgl_Ins_26": "5\/2\/2026", "Ket_26": null }, "geometry": { "type": "Point", "coordinates": [ 100.413192748646509, -1.04527795271531 ] } },
{ "type": "Feature", "properties": { "KDRUAS_UPD": "0603111", "NOJBT_UPD": "06.031.116.0.11", "NM_RUAS_UP": "JLN. BUKIT PUTUS - BTS. KOTA PADANG (PADANG)", "NM_JBT_UPD": "NIPAH", "PROVINSI": "SUMATERA BARAT", "No_Prov_26": "06", "ID_Jbt_26": "0600399", "Kd_Ruas_26": "0603111", "Suffix_26": "11", "Nm_Ruas_26": "JLN. BUKIT PUTUS - BTS. KOTA PADANG (PADANG)", "Lintas_26": "JALAN LINTAS BARAT", "No_Jbt_26": "06.031.116.0.11", "Nm_Jbt_26": "NIPAH", "Status_26": "N", "Fungsi_26": "A", "Lks_Dr_26": "PDG", "Lks_km_26": 22.05, "F_STA_26": "1610", "Cadin_26": "PDG", "Pjg_Jbt_26": 20.7, "Btg_Pjg_26": 20.2, "Jml_Btg_26": "1", "Lb_Jl_Ms26": 6.0, "Lb_Jl_Kl26": 6.0, "Lb_Lalin26": 6.0, "Lb_Bh_Ki26": 0.27, "Lb_Bh_Ka26": 0.27, "Lb_Dr_Ki26": 0.0, "Lb_Dr_Ka26": 0.0, "Lb_Tr_Ki26": 0.24, "Lb_Tr_Ka26": 0.24, "Lb_TS_Ki26": 0.0, "Lb_TS_Ka26": 0.0, "Lb_Med_26": 0.0, "Lbr_Jbt_26": 7.02, "Bgn_Ats_26": "GBP", "Jns_Jbt_26": "STANDAR", "Thn_Bgn_26": "1993", "BA_26": "2", "LNT_26": "0", "BB_26": "2", "DAS_26": "0", "OP_26": "1", "UT_26": "0", "GR_26": "0", "LB_26": "0", "JBT_26": "2", "Tp_Lnts_26": "SUNGAI", "Dt_Lnts_26": "LURUS", "Pnangnn_26": "RUTIN", "Pmriksn_26": "DETAIL", "Pnglola_26": "BPJN SUMATERA BARAT", "Satkr_ID26": "693876", "PPK_Name26": "PPK 2.3", "Traffic_26": null, "VCR_26": "0.306", "AADT_26": null, "Tipe_Jb_26": null, "Lat_26": -1.0554169418399999, "Long_26": 100.414085388, "Tgl_Ins_26": "5\/17\/2026", "Ket_26": null }, "geometry": { "type": "Point", "coordinates": [ 100.414085387830426, -1.055416941838359 ] } },
{ "type": "Feature", "properties": { "KDRUAS_UPD": "0603111", "NOJBT_UPD": "06.031.117.0.11", "NM_RUAS_UP": "JLN. BUKIT PUTUS - BTS. KOTA PADANG (PADANG)", "NM_JBT_UPD": "CINDAKIR", "PROVINSI": "SUMATERA BARAT", "No_Prov_26": "06", "ID_Jbt_26": "0600400", "Kd_Ruas_26": "0603111", "Suffix_26": "11", "Nm_Ruas_26": "JLN. BUKIT PUTUS - BTS. KOTA PADANG (PADANG)", "Lintas_26": "JALAN LINTAS BARAT", "No_Jbt_26": "06.031.117.0.11", "Nm_Jbt_26": "CINDAKIR", "Status_26": "N", "Fungsi_26": "A", "Lks_Dr_26": "PDG", "Lks_km_26": 22.3, "F_STA_26": "1620", "Cadin_26": "PDG", "Pjg_Jbt_26": 41.7, "Btg_Pjg_26": 41.0, "Jml_Btg_26": "1", "Lb_Jl_Ms26": 5.4, "Lb_Jl_Kl26": 5.4, "Lb_Lalin26": 5.4, "Lb_Bh_Ki26": 0.25, "Lb_Bh_Ka26": 0.25, "Lb_Dr_Ki26": 0.0, "Lb_Dr_Ka26": 0.0, "Lb_Tr_Ki26": 0.5, "Lb_Tr_Ka26": 0.5, "Lb_TS_Ki26": 0.0, "Lb_TS_Ka26": 0.0, "Lb_Med_26": 0.0, "Lbr_Jbt_26": 6.9, "Bgn_Ats_26": "RBB", "Jns_Jbt_26": "STANDAR", "Thn_Bgn_26": "1982", "BA_26": "2", "LNT_26": "2", "BB_26": "1", "DAS_26": "2", "OP_26": "2", "UT_26": "0", "GR_26": "0", "LB_26": "0", "JBT_26": "2", "Tp_Lnts_26": "SUNGAI", "Dt_Lnts_26": "LURUS", "Pnangnn_26": "RUTIN", "Pmriksn_26": "RUTIN", "Pnglola_26": "BPJN SUMATERA BARAT", "Satkr_ID26": "693876", "PPK_Name26": "PPK 2.3", "Traffic_26": null, "VCR_26": "0.306", "AADT_26": null, "Tipe_Jb_26": null, "Lat_26": -1.05644404855, "Long_26": 100.41447448700001, "Tgl_Ins_26": "5\/18\/2025", "Ket_26": null }, "geometry": { "type": "Point", "coordinates": [ 100.41447448670823, -1.056444048553942 ] } },
{ "type": "Feature", "properties": { "KDRUAS_UPD": "0603111", "NOJBT_UPD": "06.031.118.0.11", "NM_RUAS_UP": "JLN. BUKIT PUTUS - BTS. KOTA PADANG (PADANG)", "NM_JBT_UPD": "KOTO LUAR", "PROVINSI": "SUMATERA BARAT", "No_Prov_26": "06", "ID_Jbt_26": "0600401", "Kd_Ruas_26": "0603111", "Suffix_26": "11", "Nm_Ruas_26": "JLN. BUKIT PUTUS - BTS. KOTA PADANG (PADANG)", "Lintas_26": "JALAN LINTAS BARAT", "No_Jbt_26": "06.031.118.0.11", "Nm_Jbt_26": "KOTO LUAR", "Status_26": "N", "Fungsi_26": "A", "Lks_Dr_26": "PDG", "Lks_km_26": 22.8, "F_STA_26": "1670", "Cadin_26": "PDG", "Pjg_Jbt_26": 13.1, "Btg_Pjg_26": 12.6, "Jml_Btg_26": "1", "Lb_Jl_Ms26": 6.2, "Lb_Jl_Kl26": 6.2, "Lb_Lalin26": 6.2, "Lb_Bh_Ki26": 0.3, "Lb_Bh_Ka26": 0.3, "Lb_Dr_Ki26": 0.0, "Lb_Dr_Ka26": 0.0, "Lb_Tr_Ki26": 0.66, "Lb_Tr_Ka26": 0.66, "Lb_TS_Ki26": 0.19, "Lb_TS_Ka26": 0.19, "Lb_Med_26": 0.0, "Lbr_Jbt_26": 8.5, "Bgn_Ats_26": "GTP", "Jns_Jbt_26": "STANDAR", "Thn_Bgn_26": "1993", "BA_26": "2", "LNT_26": "2", "BB_26": "1", "DAS_26": "2", "OP_26": "1", "UT_26": "0", "GR_26": "0", "LB_26": "0", "JBT_26": "2", "Tp_Lnts_26": "SUNGAI", "Dt_Lnts_26": "LURUS", "Pnangnn_26": "RUTIN", "Pmriksn_26": "DETAIL", "Pnglola_26": "BPJN SUMATERA BARAT", "Satkr_ID26": "693876", "PPK_Name26": "PPK 2.3", "Traffic_26": null, "VCR_26": "0.306", "AADT_26": null, "Tipe_Jb_26": null, "Lat_26": -1.0608329775600001, "Long_26": 100.415359497, "Tgl_Ins_26": "5\/3\/2026", "Ket_26": null }, "geometry": { "type": "Point", "coordinates": [ 100.415359496943267, -1.060832977559812 ] } },
{ "type": "Feature", "properties": { "KDRUAS_UPD": "0603111", "NOJBT_UPD": "06.031.119.0.11", "NM_RUAS_UP": "JLN. BUKIT PUTUS - BTS. KOTA PADANG (PADANG)", "NM_JBT_UPD": "BATUNG", "PROVINSI": "SUMATERA BARAT", "No_Prov_26": "06", "ID_Jbt_26": "0600402", "Kd_Ruas_26": "0603111", "Suffix_26": "11", "Nm_Ruas_26": "JLN. BUKIT PUTUS - BTS. KOTA PADANG (PADANG)", "Lintas_26": "JALAN LINTAS BARAT", "No_Jbt_26": "06.031.119.0.11", "Nm_Jbt_26": "BATUNG", "Status_26": "N", "Fungsi_26": "A", "Lks_Dr_26": "PDG", "Lks_km_26": 23.4, "F_STA_26": "1740", "Cadin_26": "PDG", "Pjg_Jbt_26": 15.1, "Btg_Pjg_26": 14.6, "Jml_Btg_26": "1", "Lb_Jl_Ms26": 6.4, "Lb_Jl_Kl26": 6.4, "Lb_Lalin26": 6.4, "Lb_Bh_Ki26": 0.4, "Lb_Bh_Ka26": 0.4, "Lb_Dr_Ki26": 0.0, "Lb_Dr_Ka26": 0.0, "Lb_Tr_Ki26": 0.66, "Lb_Tr_Ka26": 0.66, "Lb_TS_Ki26": 0.0, "Lb_TS_Ka26": 0.0, "Lb_Med_26": 0.0, "Lbr_Jbt_26": 8.52, "Bgn_Ats_26": "GTP", "Jns_Jbt_26": "STANDAR", "Thn_Bgn_26": "1993", "BA_26": "2", "LNT_26": "1", "BB_26": "1", "DAS_26": "2", "OP_26": "1", "UT_26": "0", "GR_26": "0", "LB_26": "0", "JBT_26": "2", "Tp_Lnts_26": "SUNGAI", "Dt_Lnts_26": "LURUS", "Pnangnn_26": "RUTIN", "Pmriksn_26": "DETAIL", "Pnglola_26": "BPJN SUMATERA BARAT", "Satkr_ID26": "693876", "PPK_Name26": "PPK 2.3", "Traffic_26": null, "VCR_26": "0.306", "AADT_26": null, "Tipe_Jb_26": null, "Lat_26": -1.0668610334099999, "Long_26": 100.413665771, "Tgl_Ins_26": "5\/3\/2026", "Ket_26": null }, "geometry": { "type": "Point", "coordinates": [ 100.413665771358296, -1.066861033409907 ] } },
{ "type": "Feature", "properties": { "KDRUAS_UPD": "0603111", "NOJBT_UPD": "06.031.120.0.11", "NM_RUAS_UP": "JLN. BUKIT PUTUS - BTS. KOTA PADANG (PADANG)", "NM_JBT_UPD": "MUARA MATI", "PROVINSI": "SUMATERA BARAT", "No_Prov_26": "06", "ID_Jbt_26": "0600403", "Kd_Ruas_26": "0603111", "Suffix_26": "11", "Nm_Ruas_26": "JLN. BUKIT PUTUS - BTS. KOTA PADANG (PADANG)", "Lintas_26": "JALAN LINTAS BARAT", "No_Jbt_26": "06.031.120.0.11", "Nm_Jbt_26": "MUARA MATI", "Status_26": "N", "Fungsi_26": "A", "Lks_Dr_26": "PDG", "Lks_km_26": 23.95, "F_STA_26": "1790", "Cadin_26": "PDG", "Pjg_Jbt_26": 11.1, "Btg_Pjg_26": 11.1, "Jml_Btg_26": "3", "Lb_Jl_Ms26": 6.4, "Lb_Jl_Kl26": 6.4, "Lb_Lalin26": 6.4, "Lb_Bh_Ki26": 0.3, "Lb_Bh_Ka26": 0.3, "Lb_Dr_Ki26": 0.0, "Lb_Dr_Ka26": 0.0, "Lb_Tr_Ki26": 0.66, "Lb_Tr_Ka26": 0.66, "Lb_TS_Ki26": 0.0, "Lb_TS_Ka26": 0.0, "Lb_Med_26": 0.0, "Lbr_Jbt_26": 8.32, "Bgn_Ats_26": "BTP", "Jns_Jbt_26": "STANDAR", "Thn_Bgn_26": "1993", "BA_26": "1", "LNT_26": "1", "BB_26": "0", "DAS_26": "2", "OP_26": "0", "UT_26": "0", "GR_26": "1", "LB_26": "0", "JBT_26": "2", "Tp_Lnts_26": "SUNGAI", "Dt_Lnts_26": "LURUS", "Pnangnn_26": "RUTIN", "Pmriksn_26": "DETAIL", "Pnglola_26": "BPJN SUMATERA BARAT", "Satkr_ID26": "693876", "PPK_Name26": "PPK 2.3", "Traffic_26": null, "VCR_26": "0.306", "AADT_26": null, "Tipe_Jb_26": null, "Lat_26": -1.07122194763, "Long_26": 100.413528442, "Tgl_Ins_26": "5\/3\/2026", "Ket_26": null }, "geometry": { "type": "Point", "coordinates": [ 100.413528442183917, -1.07122194763474 ] } },
{ "type": "Feature", "properties": { "KDRUAS_UPD": "0603111", "NOJBT_UPD": "06.031.121.0.11", "NM_RUAS_UP": "JLN. BUKIT PUTUS - BTS. KOTA PADANG (PADANG)", "NM_JBT_UPD": "PADANG DAMA", "PROVINSI": "SUMATERA BARAT", "No_Prov_26": "06", "ID_Jbt_26": "0600404", "Kd_Ruas_26": "0603111", "Suffix_26": "11", "Nm_Ruas_26": "JLN. BUKIT PUTUS - BTS. KOTA PADANG (PADANG)", "Lintas_26": "JALAN LINTAS BARAT", "No_Jbt_26": "06.031.121.0.11", "Nm_Jbt_26": "PADANG DAMA", "Status_26": "N", "Fungsi_26": "A", "Lks_Dr_26": "PDG", "Lks_km_26": 24.6, "F_STA_26": "1860", "Cadin_26": "PDG", "Pjg_Jbt_26": 11.8, "Btg_Pjg_26": 11.5, "Jml_Btg_26": "1", "Lb_Jl_Ms26": 6.2, "Lb_Jl_Kl26": 6.2, "Lb_Lalin26": 6.2, "Lb_Bh_Ki26": 0.49, "Lb_Bh_Ka26": 0.49, "Lb_Dr_Ki26": 0.0, "Lb_Dr_Ka26": 0.0, "Lb_Tr_Ki26": 0.66, "Lb_Tr_Ka26": 0.66, "Lb_TS_Ki26": 0.0, "Lb_TS_Ka26": 0.0, "Lb_Med_26": 0.0, "Lbr_Jbt_26": 8.5, "Bgn_Ats_26": "GTP", "Jns_Jbt_26": "STANDAR", "Thn_Bgn_26": "1993", "BA_26": "1", "LNT_26": "1", "BB_26": "1", "DAS_26": "2", "OP_26": "0", "UT_26": "1", "GR_26": "0", "LB_26": "0", "JBT_26": "2", "Tp_Lnts_26": "SUNGAI", "Dt_Lnts_26": "LURUS", "Pnangnn_26": "RUTIN", "Pmriksn_26": "DETAIL", "Pnglola_26": "BPJN SUMATERA BARAT", "Satkr_ID26": "693876", "PPK_Name26": "PPK 2.3", "Traffic_26": null, "VCR_26": "0.306", "AADT_26": null, "Tipe_Jb_26": null, "Lat_26": -1.0747779605300001, "Long_26": 100.416252136, "Tgl_Ins_26": "5\/3\/2026", "Ket_26": null }, "geometry": { "type": "Point", "coordinates": [ 100.416252136127241, -1.074777960534391 ] } },
{ "type": "Feature", "properties": { "KDRUAS_UPD": "0603111", "NOJBT_UPD": "06.031.122.0.11", "NM_RUAS_UP": "JLN. BUKIT PUTUS - BTS. KOTA PADANG (PADANG)", "NM_JBT_UPD": "SARANG LABAH", "PROVINSI": "SUMATERA BARAT", "No_Prov_26": "06", "ID_Jbt_26": "0600405", "Kd_Ruas_26": "0603111", "Suffix_26": "11", "Nm_Ruas_26": "JLN. BUKIT PUTUS - BTS. KOTA PADANG (PADANG)", "Lintas_26": "JALAN LINTAS BARAT", "No_Jbt_26": "06.031.122.0.11", "Nm_Jbt_26": "SARANG LABAH", "Status_26": "N", "Fungsi_26": "A", "Lks_Dr_26": "PDG", "Lks_km_26": 25.4, "F_STA_26": "1940", "Cadin_26": "PDG", "Pjg_Jbt_26": 30.5, "Btg_Pjg_26": 30.0, "Jml_Btg_26": "1", "Lb_Jl_Ms26": 7.0, "Lb_Jl_Kl26": 7.0, "Lb_Lalin26": 7.0, "Lb_Bh_Ki26": 0.0, "Lb_Bh_Ka26": 0.0, "Lb_Dr_Ki26": 0.0, "Lb_Dr_Ka26": 0.0, "Lb_Tr_Ki26": 1.1, "Lb_Tr_Ka26": 1.1, "Lb_TS_Ki26": 0.0, "Lb_TS_Ka26": 0.0, "Lb_Med_26": 0.0, "Lbr_Jbt_26": 9.2, "Bgn_Ats_26": "GBP", "Jns_Jbt_26": "STANDAR", "Thn_Bgn_26": "1991", "BA_26": "2", "LNT_26": "1", "BB_26": "0", "DAS_26": "0", "OP_26": "0", "UT_26": "0", "GR_26": "0", "LB_26": "0", "JBT_26": "2", "Tp_Lnts_26": "SUNGAI", "Dt_Lnts_26": "LURUS", "Pnangnn_26": "RUTIN", "Pmriksn_26": "RUTIN", "Pnglola_26": "BPJN SUMATERA BARAT", "Satkr_ID26": "693876", "PPK_Name26": "PPK 2.3", "Traffic_26": null, "VCR_26": "0.306", "AADT_26": null, "Tipe_Jb_26": null, "Lat_26": -1.0805680584699999, "Long_26": 100.41815610099999, "Tgl_Ins_26": "8\/10\/2023", "Ket_26": null }, "geometry": { "type": "Point", "coordinates": [ 100.418156100723536, -1.080568058469055 ] } },
{ "type": "Feature", "properties": { "KDRUAS_UPD": "06032", "NOJBT_UPD": "06.032.001.0", "NM_RUAS_UP": "BTS. KOTA PAINAN - KAMBANG", "NM_JBT_UPD": "PAINAN", "PROVINSI": "SUMATERA BARAT", "No_Prov_26": "06", "ID_Jbt_26": "0600406", "Kd_Ruas_26": "06032", "Suffix_26": null, "Nm_Ruas_26": "BTS. KOTA PAINAN - KAMBANG", "Lintas_26": "JALAN LINTAS BARAT", "No_Jbt_26": "06.032.001.0", "Nm_Jbt_26": "PAINAN", "Status_26": "N", "Fungsi_26": "A", "Lks_Dr_26": "PDG", "Lks_km_26": 78.72, "F_STA_26": "0", "Cadin_26": "PIN", "Pjg_Jbt_26": 46.4, "Btg_Pjg_26": 46.0, "Jml_Btg_26": "1", "Lb_Jl_Ms26": 5.4, "Lb_Jl_Kl26": 5.4, "Lb_Lalin26": 5.4, "Lb_Bh_Ki26": 0.31, "Lb_Bh_Ka26": 0.31, "Lb_Dr_Ki26": 0.2, "Lb_Dr_Ka26": 0.2, "Lb_Tr_Ki26": 0.47, "Lb_Tr_Ka26": 0.47, "Lb_TS_Ki26": 0.0, "Lb_TS_Ka26": 0.0, "Lb_Med_26": 0.0, "Lbr_Jbt_26": 7.36, "Bgn_Ats_26": "RBB", "Jns_Jbt_26": "STANDAR", "Thn_Bgn_26": "1986", "BA_26": "3", "LNT_26": "3", "BB_26": "1", "DAS_26": "0", "OP_26": "0", "UT_26": "0", "GR_26": "0", "LB_26": "0", "JBT_26": "3", "Tp_Lnts_26": "SUNGAI", "Dt_Lnts_26": "BERKELOK (MEANDER)", "Pnangnn_26": "RUTIN", "Pmriksn_26": "DETAIL", "Pnglola_26": "BPJN SUMATERA BARAT", "Satkr_ID26": "693876", "PPK_Name26": "PPK 2.3", "Traffic_26": null, "VCR_26": "0.119", "AADT_26": null, "Tipe_Jb_26": null, "Lat_26": -1.35433304324, "Long_26": 100.57772064199999, "Tgl_Ins_26": "5\/6\/2026", "Ket_26": null }, "geometry": { "type": "Point", "coordinates": [ 100.577720642193924, -1.354333043235329 ] } },
{ "type": "Feature", "properties": { "KDRUAS_UPD": "06032", "NOJBT_UPD": "06.032.002.0", "NM_RUAS_UP": "BTS. KOTA PAINAN - KAMBANG", "NM_JBT_UPD": "PINCURAN BOGA", "PROVINSI": "SUMATERA BARAT", "No_Prov_26": "06", "ID_Jbt_26": "0600407", "Kd_Ruas_26": "06032", "Suffix_26": null, "Nm_Ruas_26": "BTS. KOTA PAINAN - KAMBANG", "Lintas_26": "JALAN LINTAS BARAT", "No_Jbt_26": "06.032.002.0", "Nm_Jbt_26": "PINCURAN BOGA", "Status_26": "N", "Fungsi_26": "A", "Lks_Dr_26": "PDG", "Lks_km_26": 78.76, "F_STA_26": "10", "Cadin_26": "PIN", "Pjg_Jbt_26": 12.9, "Btg_Pjg_26": 12.0, "Jml_Btg_26": "1", "Lb_Jl_Ms26": 7.1, "Lb_Jl_Kl26": 7.1, "Lb_Lalin26": 7.1, "Lb_Bh_Ki26": 0.3, "Lb_Bh_Ka26": 0.3, "Lb_Dr_Ki26": 0.0, "Lb_Dr_Ka26": 0.0, "Lb_Tr_Ki26": 0.95, "Lb_Tr_Ka26": 0.95, "Lb_TS_Ki26": 0.0, "Lb_TS_Ka26": 0.0, "Lb_Med_26": 0.0, "Lbr_Jbt_26": 9.6, "Bgn_Ats_26": "GTP", "Jns_Jbt_26": "STANDAR", "Thn_Bgn_26": "2001", "BA_26": "1", "LNT_26": "1", "BB_26": "0", "DAS_26": "0", "OP_26": "1", "UT_26": "0", "GR_26": "0", "LB_26": "0", "JBT_26": "1", "Tp_Lnts_26": "SUNGAI", "Dt_Lnts_26": "LURUS", "Pnangnn_26": "RUTIN", "Pmriksn_26": "RUTIN", "Pnglola_26": "BPJN SUMATERA BARAT", "Satkr_ID26": "693876", "PPK_Name26": "PPK 2.3", "Traffic_26": null, "VCR_26": "0.119", "AADT_26": null, "Tipe_Jb_26": null, "Lat_26": -1.35552799672, "Long_26": 100.57724762, "Tgl_Ins_26": "8\/10\/2023", "Ket_26": null }, "geometry": { "type": "Point", "coordinates": [ 100.577247620381456, -1.355527996719616 ] } },
{ "type": "Feature", "properties": { "KDRUAS_UPD": "06032", "NOJBT_UPD": "06.032.005.0", "NM_RUAS_UP": "BTS. KOTA PAINAN - KAMBANG", "NM_JBT_UPD": "BARANGAN", "PROVINSI": "SUMATERA BARAT", "No_Prov_26": "06", "ID_Jbt_26": "0600410", "Kd_Ruas_26": "06032", "Suffix_26": null, "Nm_Ruas_26": "BTS. KOTA PAINAN - KAMBANG", "Lintas_26": "JALAN LINTAS BARAT", "No_Jbt_26": "06.032.005.0", "Nm_Jbt_26": "BARANGAN", "Status_26": "N", "Fungsi_26": "A", "Lks_Dr_26": "PDG", "Lks_km_26": 84.66, "F_STA_26": "600", "Cadin_26": "PIN", "Pjg_Jbt_26": 6.0, "Btg_Pjg_26": 6.0, "Jml_Btg_26": "2", "Lb_Jl_Ms26": 6.2, "Lb_Jl_Kl26": 6.2, "Lb_Lalin26": 6.2, "Lb_Bh_Ki26": 0.38, "Lb_Bh_Ka26": 0.38, "Lb_Dr_Ki26": 0.0, "Lb_Dr_Ka26": 0.0, "Lb_Tr_Ki26": 1.26, "Lb_Tr_Ka26": 1.26, "Lb_TS_Ki26": 0.11, "Lb_TS_Ka26": 0.11, "Lb_Med_26": 0.0, "Lbr_Jbt_26": 9.7, "Bgn_Ats_26": "BTP", "Jns_Jbt_26": "STANDAR", "Thn_Bgn_26": "1998", "BA_26": "2", "LNT_26": "2", "BB_26": "0", "DAS_26": "2", "OP_26": "0", "UT_26": "0", "GR_26": "0", "LB_26": "0", "JBT_26": "2", "Tp_Lnts_26": "SUNGAI", "Dt_Lnts_26": "BERKELOK (MEANDER)", "Pnangnn_26": "RUTIN", "Pmriksn_26": "RUTIN", "Pnglola_26": "BPJN SUMATERA BARAT", "Satkr_ID26": "693876", "PPK_Name26": "PPK 2.3", "Traffic_26": null, "VCR_26": "0.119", "AADT_26": null, "Tipe_Jb_26": null, "Lat_26": -1.3779170003700001, "Long_26": 100.581472, "Tgl_Ins_26": "9\/30\/2020", "Ket_26": null }, "geometry": { "type": "Point", "coordinates": [ 100.581472000432541, -1.377917000369223 ] } },
{ "type": "Feature", "properties": { "KDRUAS_UPD": "06020", "NOJBT_UPD": "06.020.021.0", "NM_RUAS_UP": "SIMP. AIR BALAM - SIMP. EMPAT", "NM_JBT_UPD": "BATANG TAPUS", "PROVINSI": "SUMATERA BARAT", "No_Prov_26": "06", "ID_Jbt_26": "0600216", "Kd_Ruas_26": "06020", "Suffix_26": null, "Nm_Ruas_26": "SIMP. AIR BALAM - SIMP. EMPAT", "Lintas_26": "JALAN LINTAS BARAT", "No_Jbt_26": "06.020.021.0", "Nm_Jbt_26": "BATANG TAPUS", "Status_26": "N", "Fungsi_26": "K1", "Lks_Dr_26": "PDG", "Lks_km_26": 308.02, "F_STA_26": "3550", "Cadin_26": "SP4", "Pjg_Jbt_26": 17.2, "Btg_Pjg_26": 17.0, "Jml_Btg_26": "1", "Lb_Jl_Ms26": 5.17, "Lb_Jl_Kl26": 5.17, "Lb_Lalin26": 5.17, "Lb_Bh_Ki26": 0.38, "Lb_Bh_Ka26": 0.59, "Lb_Dr_Ki26": 0.0, "Lb_Dr_Ka26": 0.0, "Lb_Tr_Ki26": 0.49, "Lb_Tr_Ka26": 0.49, "Lb_TS_Ki26": 0.37, "Lb_TS_Ka26": 0.37, "Lb_Med_26": 0.0, "Lbr_Jbt_26": 7.86, "Bgn_Ats_26": "GTP", "Jns_Jbt_26": "STANDAR", "Thn_Bgn_26": "1993", "BA_26": "2", "LNT_26": "1", "BB_26": "1", "DAS_26": "1", "OP_26": "0", "UT_26": "0", "GR_26": "0", "LB_26": "0", "JBT_26": "2", "Tp_Lnts_26": "SUNGAI", "Dt_Lnts_26": "BERKELOK", "Pnangnn_26": "RUTIN", "Pmriksn_26": "RUTIN", "Pnglola_26": "BPJN SUMATERA BARAT", "Satkr_ID26": "693875", "PPK_Name26": "PPK 1.4", "Traffic_26": null, "VCR_26": "0.108", "AADT_26": null, "Tipe_Jb_26": null, "Lat_26": 0.21483336356891411, "Long_26": 99.639297485499981, "Tgl_Ins_26": "9\/25\/2020", "Ket_26": null }, "geometry": { "type": "Point", "coordinates": [ 99.639297485490602, 0.214833363568914 ] } },
{ "type": "Feature", "properties": { "KDRUAS_UPD": "06020", "NOJBT_UPD": "06.020.022.0", "NM_RUAS_UP": "SIMP. AIR BALAM - SIMP. EMPAT", "NM_JBT_UPD": "AIR HAJI", "PROVINSI": "SUMATERA BARAT", "No_Prov_26": "06", "ID_Jbt_26": "0600217", "Kd_Ruas_26": "06020", "Suffix_26": null, "Nm_Ruas_26": "SIMP. AIR BALAM - SIMP. EMPAT", "Lintas_26": "JALAN LINTAS BARAT", "No_Jbt_26": "06.020.022.0", "Nm_Jbt_26": "AIR HAJI", "Status_26": "N", "Fungsi_26": "K1", "Lks_Dr_26": "PDG", "Lks_km_26": 309.1, "F_STA_26": "3660", "Cadin_26": "SP4", "Pjg_Jbt_26": 61.4, "Btg_Pjg_26": 61.0, "Jml_Btg_26": "1", "Lb_Jl_Ms26": 4.96, "Lb_Jl_Kl26": 4.96, "Lb_Lalin26": 4.96, "Lb_Bh_Ki26": 0.55, "Lb_Bh_Ka26": 0.55, "Lb_Dr_Ki26": 0.0, "Lb_Dr_Ka26": 0.0, "Lb_Tr_Ki26": 0.47, "Lb_Tr_Ka26": 0.47, "Lb_TS_Ki26": 0.0, "Lb_TS_Ka26": 0.0, "Lb_Med_26": 0.0, "Lbr_Jbt_26": 7.0, "Bgn_Ats_26": "RBA", "Jns_Jbt_26": "STANDAR", "Thn_Bgn_26": "1995", "BA_26": "1", "LNT_26": "1", "BB_26": "1", "DAS_26": "1", "OP_26": "0", "UT_26": "1", "GR_26": "0", "LB_26": "0", "JBT_26": "1", "Tp_Lnts_26": "SUNGAI", "Dt_Lnts_26": "BERKELOK", "Pnangnn_26": "RUTIN", "Pmriksn_26": "RUTIN", "Pnglola_26": "BPJN SUMATERA BARAT", "Satkr_ID26": "693875", "PPK_Name26": "PPK 1.4", "Traffic_26": null, "VCR_26": "0.108", "AADT_26": null, "Tipe_Jb_26": null, "Lat_26": 0.21716581285204484, "Long_26": 99.630729674899982, "Tgl_Ins_26": "6\/18\/2023", "Ket_26": null }, "geometry": { "type": "Point", "coordinates": [ 99.630729674934628, 0.217165812852045 ] } },
{ "type": "Feature", "properties": { "KDRUAS_UPD": "06020", "NOJBT_UPD": "06.020.023.0", "NM_RUAS_UP": "SIMP. AIR BALAM - SIMP. EMPAT", "NM_JBT_UPD": "SUNGAI PARAMAN UDANG", "PROVINSI": "SUMATERA BARAT", "No_Prov_26": "06", "ID_Jbt_26": "0600218", "Kd_Ruas_26": "06020", "Suffix_26": null, "Nm_Ruas_26": "SIMP. AIR BALAM - SIMP. EMPAT", "Lintas_26": "JALAN LINTAS BARAT", "No_Jbt_26": "06.020.023.0", "Nm_Jbt_26": "SUNGAI PARAMAN UDANG", "Status_26": "N", "Fungsi_26": "K1", "Lks_Dr_26": "PDG", "Lks_km_26": 309.47, "F_STA_26": "3700", "Cadin_26": "SP4", "Pjg_Jbt_26": 16.6, "Btg_Pjg_26": 16.0, "Jml_Btg_26": "1", "Lb_Jl_Ms26": 6.15, "Lb_Jl_Kl26": 6.15, "Lb_Lalin26": 6.15, "Lb_Bh_Ki26": 0.61, "Lb_Bh_Ka26": 0.53, "Lb_Dr_Ki26": 0.0, "Lb_Dr_Ka26": 0.0, "Lb_Tr_Ki26": 0.47, "Lb_Tr_Ka26": 0.46, "Lb_TS_Ki26": 0.32, "Lb_TS_Ka26": 0.32, "Lb_Med_26": 0.0, "Lbr_Jbt_26": 8.86, "Bgn_Ats_26": "GTP", "Jns_Jbt_26": "STANDAR", "Thn_Bgn_26": "1994", "BA_26": "1", "LNT_26": "0", "BB_26": "2", "DAS_26": "0", "OP_26": "0", "UT_26": "1", "GR_26": "0", "LB_26": "0", "JBT_26": "2", "Tp_Lnts_26": "SUNGAI", "Dt_Lnts_26": "BERKELOK", "Pnangnn_26": "RUTIN", "Pmriksn_26": "RUTIN", "Pnglola_26": "BPJN SUMATERA BARAT", "Satkr_ID26": "693875", "PPK_Name26": "PPK 1.4", "Traffic_26": null, "VCR_26": "0.108", "AADT_26": null, "Tipe_Jb_26": null, "Lat_26": 0.21988302448204425, "Long_26": 99.629325866499997, "Tgl_Ins_26": "8\/25\/2022", "Ket_26": null }, "geometry": { "type": "Point", "coordinates": [ 99.629325866495606, 0.219883024482044 ] } },
{ "type": "Feature", "properties": { "KDRUAS_UPD": "06026", "NOJBT_UPD": "06.026.014.A", "NM_RUAS_UP": "LUBUK ALUNG - SIMP. DUKU", "NM_JBT_UPD": "DUKU II A", "PROVINSI": "SUMATERA BARAT", "No_Prov_26": "06", "ID_Jbt_26": "0600333", "Kd_Ruas_26": "06026", "Suffix_26": null, "Nm_Ruas_26": "LUBUK ALUNG - SIMP. DUKU", "Lintas_26": "JALAN LINTAS BARAT", "No_Jbt_26": "06.026.014.A", "Nm_Jbt_26": "DUKU II A", "Status_26": "N", "Fungsi_26": "A", "Lks_Dr_26": "PDG", "Lks_km_26": 20.05, "F_STA_26": "20", "Cadin_26": "PRM", "Pjg_Jbt_26": 42.1, "Btg_Pjg_26": 20.5, "Jml_Btg_26": "2", "Lb_Jl_Ms26": 6.6, "Lb_Jl_Kl26": 6.6, "Lb_Lalin26": 6.6, "Lb_Bh_Ki26": 0.4, "Lb_Bh_Ka26": 0.4, "Lb_Dr_Ki26": 0.0, "Lb_Dr_Ka26": 0.0, "Lb_Tr_Ki26": 1.0, "Lb_Tr_Ka26": 0.0, "Lb_TS_Ki26": 0.0, "Lb_TS_Ka26": 0.0, "Lb_Med_26": 1.44, "Lbr_Jbt_26": 9.84, "Bgn_Ats_26": "GTP", "Jns_Jbt_26": "STANDAR", "Thn_Bgn_26": "1980", "BA_26": "1", "LNT_26": "1", "BB_26": "1", "DAS_26": "2", "OP_26": "0", "UT_26": "0", "GR_26": "0", "LB_26": "0", "JBT_26": "2", "Tp_Lnts_26": "SUNGAI", "Dt_Lnts_26": "BERKELOK", "Pnangnn_26": "RUTIN", "Pmriksn_26": "RUTIN", "Pnglola_26": "BPJN SUMATERA BARAT", "Satkr_ID26": "693875", "PPK_Name26": "PPK 1.1", "Traffic_26": null, "VCR_26": "1.255", "AADT_26": null, "Tipe_Jb_26": null, "Lat_26": -0.79025810932399998, "Long_26": 100.31529235799998, "Tgl_Ins_26": "6\/26\/2024", "Ket_26": null }, "geometry": { "type": "Point", "coordinates": [ 100.315292358255761, -0.790258109324213 ] } },
{ "type": "Feature", "properties": { "KDRUAS_UPD": "06026", "NOJBT_UPD": "06.026.014.B", "NM_RUAS_UP": "LUBUK ALUNG - SIMP. DUKU", "NM_JBT_UPD": "DUKU II B", "PROVINSI": "SUMATERA BARAT", "No_Prov_26": "06", "ID_Jbt_26": "0600334", "Kd_Ruas_26": "06026", "Suffix_26": null, "Nm_Ruas_26": "LUBUK ALUNG - SIMP. DUKU", "Lintas_26": "JALAN LINTAS BARAT", "No_Jbt_26": "06.026.014.B", "Nm_Jbt_26": "DUKU II B", "Status_26": "N", "Fungsi_26": "A", "Lks_Dr_26": "PDG", "Lks_km_26": 20.05, "F_STA_26": "20", "Cadin_26": "PRM", "Pjg_Jbt_26": 42.1, "Btg_Pjg_26": 20.5, "Jml_Btg_26": "2", "Lb_Jl_Ms26": 6.62, "Lb_Jl_Kl26": 6.62, "Lb_Lalin26": 6.62, "Lb_Bh_Ki26": 0.35, "Lb_Bh_Ka26": 0.48, "Lb_Dr_Ki26": 0.0, "Lb_Dr_Ka26": 0.0, "Lb_Tr_Ki26": 0.0, "Lb_Tr_Ka26": 1.01, "Lb_TS_Ki26": 0.0, "Lb_TS_Ka26": 0.0, "Lb_Med_26": 1.44, "Lbr_Jbt_26": 9.9, "Bgn_Ats_26": "GTP", "Jns_Jbt_26": "STANDAR", "Thn_Bgn_26": "1980", "BA_26": "2", "LNT_26": "0", "BB_26": "1", "DAS_26": "2", "OP_26": "0", "UT_26": "0", "GR_26": "0", "LB_26": "0", "JBT_26": "2", "Tp_Lnts_26": "SUNGAI", "Dt_Lnts_26": "BERKELOK", "Pnangnn_26": "RUTIN", "Pmriksn_26": "RUTIN", "Pnglola_26": "BPJN SUMATERA BARAT", "Satkr_ID26": "693875", "PPK_Name26": "PPK 1.1", "Traffic_26": null, "VCR_26": "1.255", "AADT_26": null, "Tipe_Jb_26": null, "Lat_26": -0.790278852187, "Long_26": 100.315383911, "Tgl_Ins_26": "6\/26\/2024", "Ket_26": null }, "geometry": { "type": "Point", "coordinates": [ 100.315383911038737, -0.790278852187214 ] } },
{ "type": "Feature", "properties": { "KDRUAS_UPD": "06050", "NOJBT_UPD": "06.050.019.0", "NM_RUAS_UP": "TUAPEJAT - ROKOT", "NM_JBT_UPD": "POGARI", "PROVINSI": "SUMATERA BARAT", "No_Prov_26": "06", "ID_Jbt_26": "0600767", "Kd_Ruas_26": "06050", "Suffix_26": null, "Nm_Ruas_26": "TUAPEJAT - ROKOT", "Lintas_26": "NON LINTAS", "No_Jbt_26": "06.050.019.0", "Nm_Jbt_26": "POGARI", "Status_26": "N", "Fungsi_26": "A", "Lks_Dr_26": "TPJ", "Lks_km_26": 22.17, "F_STA_26": "2250", "Cadin_26": "MTW", "Pjg_Jbt_26": 41.8, "Btg_Pjg_26": 41.0, "Jml_Btg_26": "1", "Lb_Jl_Ms26": 7.0, "Lb_Jl_Kl26": 7.0, "Lb_Lalin26": 7.0, "Lb_Bh_Ki26": 0.0, "Lb_Bh_Ka26": 0.0, "Lb_Dr_Ki26": 0.0, "Lb_Dr_Ka26": 0.0, "Lb_Tr_Ki26": 0.98, "Lb_Tr_Ka26": 0.98, "Lb_TS_Ki26": 0.0, "Lb_TS_Ka26": 0.0, "Lb_Med_26": 0.0, "Lbr_Jbt_26": 8.96, "Bgn_Ats_26": "RBI", "Jns_Jbt_26": "STANDAR", "Thn_Bgn_26": "2019", "BA_26": "1", "LNT_26": "1", "BB_26": "2", "DAS_26": "2", "OP_26": "1", "UT_26": "0", "GR_26": "0", "LB_26": "0", "JBT_26": "2", "Tp_Lnts_26": "SUNGAI", "Dt_Lnts_26": "BERKELOK", "Pnangnn_26": "RUTIN", "Pmriksn_26": "DETAIL", "Pnglola_26": "BPJN SUMATERA BARAT", "Satkr_ID26": "693875", "PPK_Name26": "PPK 1.6", "Traffic_26": null, "VCR_26": "0.107", "AADT_26": null, "Tipe_Jb_26": null, "Lat_26": -2.0873499995999998, "Long_26": 99.690090000399991, "Tgl_Ins_26": "5\/29\/2026", "Ket_26": null }, "geometry": { "type": "Point", "coordinates": [ 99.69009000035328, -2.087349999602736 ] } },
{ "type": "Feature", "properties": { "KDRUAS_UPD": "06001", "NOJBT_UPD": "06.001.004.0", "NM_RUAS_UP": "RANJAU BATU (BTS. PROV. SUMUT) - PANTI", "NM_JBT_UPD": "SUNGAI AIR PANGGAN", "PROVINSI": "SUMATERA BARAT", "No_Prov_26": "06", "ID_Jbt_26": "0600001", "Kd_Ruas_26": "06001", "Suffix_26": null, "Nm_Ruas_26": "RANJAU BATU (BTS. PROV. SUMUT) - PANTI", "Lintas_26": "JALAN LINTAS TENGAH", "No_Jbt_26": "06.001.004.0", "Nm_Jbt_26": "SUNGAI AIR PANGGAN", "Status_26": "N", "Fungsi_26": "A", "Lks_Dr_26": "PDG", "Lks_km_26": 201.9, "F_STA_26": "360", "Cadin_26": "LBS", "Pjg_Jbt_26": 7.0, "Btg_Pjg_26": 6.5, "Jml_Btg_26": "1", "Lb_Jl_Ms26": 7.0, "Lb_Jl_Kl26": 7.0, "Lb_Lalin26": 7.0, "Lb_Bh_Ki26": 0.5, "Lb_Bh_Ka26": 0.32, "Lb_Dr_Ki26": 0.0, "Lb_Dr_Ka26": 0.0, "Lb_Tr_Ki26": 0.38, "Lb_Tr_Ka26": 0.4, "Lb_TS_Ki26": 0.3, "Lb_TS_Ka26": 0.3, "Lb_Med_26": 0.0, "Lbr_Jbt_26": 9.2, "Bgn_Ats_26": "GTP", "Jns_Jbt_26": "STANDAR", "Thn_Bgn_26": "1980", "BA_26": "1", "LNT_26": "0", "BB_26": "1", "DAS_26": "1", "OP_26": "1", "UT_26": "0", "GR_26": "0", "LB_26": "0", "JBT_26": "1", "Tp_Lnts_26": "SUNGAI", "Dt_Lnts_26": "BERKELOK", "Pnangnn_26": "RUTIN", "Pmriksn_26": "RUTIN", "Pnglola_26": "BPJN SUMATERA BARAT", "Satkr_ID26": "693875", "PPK_Name26": "PPK 1.3", "Traffic_26": null, "VCR_26": "0.147", "AADT_26": null, "Tipe_Jb_26": null, "Lat_26": 0.39534199223919586, "Long_26": 100.05612182599999, "Tgl_Ins_26": "6\/25\/2024", "Ket_26": null }, "geometry": { "type": "Point", "coordinates": [ 100.056121826161416, 0.395341992239196 ] } },
{ "type": "Feature", "properties": { "KDRUAS_UPD": "06001", "NOJBT_UPD": "06.001.006.0", "NM_RUAS_UP": "RANJAU BATU (BTS. PROV. SUMUT) - PANTI", "NM_JBT_UPD": "SUNGAI KAMPUNG PAS", "PROVINSI": "SUMATERA BARAT", "No_Prov_26": "06", "ID_Jbt_26": "0600003", "Kd_Ruas_26": "06001", "Suffix_26": null, "Nm_Ruas_26": "RANJAU BATU (BTS. PROV. SUMUT) - PANTI", "Lintas_26": "JALAN LINTAS TENGAH", "No_Jbt_26": "06.001.006.0", "Nm_Jbt_26": "SUNGAI KAMPUNG PAS", "Status_26": "N", "Fungsi_26": "A", "Lks_Dr_26": "PDG", "Lks_km_26": 207.85, "F_STA_26": "940", "Cadin_26": "LBS", "Pjg_Jbt_26": 30.7, "Btg_Pjg_26": 30.0, "Jml_Btg_26": "1", "Lb_Jl_Ms26": 6.0, "Lb_Jl_Kl26": 6.0, "Lb_Lalin26": 6.0, "Lb_Bh_Ki26": 0.42, "Lb_Bh_Ka26": 0.4, "Lb_Dr_Ki26": 0.0, "Lb_Dr_Ka26": 0.0, "Lb_Tr_Ki26": 0.97, "Lb_Tr_Ka26": 0.99, "Lb_TS_Ki26": 0.11, "Lb_TS_Ka26": 0.11, "Lb_Med_26": 0.0, "Lbr_Jbt_26": 9.0, "Bgn_Ats_26": "GBP", "Jns_Jbt_26": "STANDAR", "Thn_Bgn_26": "1992", "BA_26": "1", "LNT_26": "1", "BB_26": "2", "DAS_26": "1", "OP_26": "0", "UT_26": "0", "GR_26": "0", "LB_26": "0", "JBT_26": "2", "Tp_Lnts_26": "SUNGAI", "Dt_Lnts_26": "BERKELOK", "Pnangnn_26": "RUTIN", "Pmriksn_26": "RUTIN", "Pnglola_26": "BPJN SUMATERA BARAT", "Satkr_ID26": "693875", "PPK_Name26": "PPK 1.3", "Traffic_26": null, "VCR_26": "0.147", "AADT_26": null, "Tipe_Jb_26": null, "Lat_26": 0.44387701181466355, "Long_26": 100.039985657, "Tgl_Ins_26": "9\/22\/2020", "Ket_26": null }, "geometry": { "type": "Point", "coordinates": [ 100.039985656712759, 0.443877011814664 ] } },
{ "type": "Feature", "properties": { "KDRUAS_UPD": "06001", "NOJBT_UPD": "06.001.007.0", "NM_RUAS_UP": "RANJAU BATU (BTS. PROV. SUMUT) - PANTI", "NM_JBT_UPD": "JEMBATAN LENGKUNG", "PROVINSI": "SUMATERA BARAT", "No_Prov_26": "06", "ID_Jbt_26": "0600004", "Kd_Ruas_26": "06001", "Suffix_26": null, "Nm_Ruas_26": "RANJAU BATU (BTS. PROV. SUMUT) - PANTI", "Lintas_26": "JALAN LINTAS TENGAH", "No_Jbt_26": "06.001.007.0", "Nm_Jbt_26": "JEMBATAN LENGKUNG", "Status_26": "N", "Fungsi_26": "A", "Lks_Dr_26": "PDG", "Lks_km_26": 210.8, "F_STA_26": "1130", "Cadin_26": "LBS", "Pjg_Jbt_26": 8.4, "Btg_Pjg_26": 8.0, "Jml_Btg_26": "1", "Lb_Jl_Ms26": 5.5, "Lb_Jl_Kl26": 5.5, "Lb_Lalin26": 5.5, "Lb_Bh_Ki26": 0.53, "Lb_Bh_Ka26": 0.44, "Lb_Dr_Ki26": 0.0, "Lb_Dr_Ka26": 0.0, "Lb_Tr_Ki26": 0.56, "Lb_Tr_Ka26": 0.56, "Lb_TS_Ki26": 0.305, "Lb_TS_Ka26": 0.305, "Lb_Med_26": 0.0, "Lbr_Jbt_26": 8.2, "Bgn_Ats_26": "GTP", "Jns_Jbt_26": "STANDAR", "Thn_Bgn_26": "1970", "BA_26": "2", "LNT_26": "2", "BB_26": "0", "DAS_26": "2", "OP_26": "0", "UT_26": "0", "GR_26": "0", "LB_26": "0", "JBT_26": "2", "Tp_Lnts_26": "SUNGAI", "Dt_Lnts_26": "BERKELOK", "Pnangnn_26": "RUTIN", "Pmriksn_26": "RUTIN", "Pnglola_26": "BPJN SUMATERA BARAT", "Satkr_ID26": "693875", "PPK_Name26": "PPK 1.3", "Traffic_26": null, "VCR_26": "0.147", "AADT_26": null, "Tipe_Jb_26": null, "Lat_26": 0.46002799309746933, "Long_26": 100.043930054, "Tgl_Ins_26": "6\/25\/2024", "Ket_26": null }, "geometry": { "type": "Point", "coordinates": [ 100.043930054428529, 0.460027993097469 ] } },
{ "type": "Feature", "properties": { "KDRUAS_UPD": "06001", "NOJBT_UPD": "06.001.010.0", "NM_RUAS_UP": "RANJAU BATU (BTS. PROV. SUMUT) - PANTI", "NM_JBT_UPD": "SUNGAI AIR KEDONDONG 1", "PROVINSI": "SUMATERA BARAT", "No_Prov_26": "06", "ID_Jbt_26": "0600007", "Kd_Ruas_26": "06001", "Suffix_26": null, "Nm_Ruas_26": "RANJAU BATU (BTS. PROV. SUMUT) - PANTI", "Lintas_26": "JALAN LINTAS TENGAH", "No_Jbt_26": "06.001.010.0", "Nm_Jbt_26": "SUNGAI AIR KEDONDONG 1", "Status_26": "N", "Fungsi_26": "A", "Lks_Dr_26": "PDG", "Lks_km_26": 213.75, "F_STA_26": "1540", "Cadin_26": "LBS", "Pjg_Jbt_26": 6.5, "Btg_Pjg_26": 6.0, "Jml_Btg_26": "1", "Lb_Jl_Ms26": 5.0, "Lb_Jl_Kl26": 5.0, "Lb_Lalin26": 5.0, "Lb_Bh_Ki26": 0.94, "Lb_Bh_Ka26": 1.0, "Lb_Dr_Ki26": 0.0, "Lb_Dr_Ka26": 0.0, "Lb_Tr_Ki26": 0.0, "Lb_Tr_Ka26": 0.0, "Lb_TS_Ki26": 0.28, "Lb_TS_Ka26": 0.28, "Lb_Med_26": 0.0, "Lbr_Jbt_26": 7.5, "Bgn_Ats_26": "PTP", "Jns_Jbt_26": "STANDAR", "Thn_Bgn_26": "1980", "BA_26": "0", "LNT_26": "0", "BB_26": "2", "DAS_26": "1", "OP_26": "1", "UT_26": "0", "GR_26": "0", "LB_26": "0", "JBT_26": "2", "Tp_Lnts_26": "SUNGAI", "Dt_Lnts_26": "BERKELOK", "Pnangnn_26": "RUTIN", "Pmriksn_26": "RUTIN", "Pnglola_26": "BPJN SUMATERA BARAT", "Satkr_ID26": "693875", "PPK_Name26": "PPK 1.3", "Traffic_26": null, "VCR_26": "0.147", "AADT_26": null, "Tipe_Jb_26": null, "Lat_26": 0.49672898675339638, "Long_26": 100.039039612, "Tgl_Ins_26": "6\/25\/2024", "Ket_26": null }, "geometry": { "type": "Point", "coordinates": [ 100.03903961218839, 0.496728986753396 ] } },
{ "type": "Feature", "properties": { "KDRUAS_UPD": "06001", "NOJBT_UPD": "06.001.011.0", "NM_RUAS_UP": "RANJAU BATU (BTS. PROV. SUMUT) - PANTI", "NM_JBT_UPD": "SUNGAI AIR BERINGIN", "PROVINSI": "SUMATERA BARAT", "No_Prov_26": "06", "ID_Jbt_26": "0600008", "Kd_Ruas_26": "06001", "Suffix_26": null, "Nm_Ruas_26": "RANJAU BATU (BTS. PROV. SUMUT) - PANTI", "Lintas_26": "JALAN LINTAS TENGAH", "No_Jbt_26": "06.001.011.0", "Nm_Jbt_26": "SUNGAI AIR BERINGIN", "Status_26": "N", "Fungsi_26": "A", "Lks_Dr_26": "PDG", "Lks_km_26": 214.2, "F_STA_26": "1590", "Cadin_26": "LBS", "Pjg_Jbt_26": 11.0, "Btg_Pjg_26": 10.5, "Jml_Btg_26": "1", "Lb_Jl_Ms26": 5.7, "Lb_Jl_Kl26": 5.7, "Lb_Lalin26": 5.7, "Lb_Bh_Ki26": 0.74, "Lb_Bh_Ka26": 0.56, "Lb_Dr_Ki26": 0.0, "Lb_Dr_Ka26": 0.0, "Lb_Tr_Ki26": 0.46, "Lb_Tr_Ka26": 0.52, "Lb_TS_Ki26": 0.26, "Lb_TS_Ka26": 0.26, "Lb_Med_26": 0.0, "Lbr_Jbt_26": 8.5, "Bgn_Ats_26": "GTP", "Jns_Jbt_26": "STANDAR", "Thn_Bgn_26": "1970", "BA_26": "0", "LNT_26": "0", "BB_26": "1", "DAS_26": "2", "OP_26": "2", "UT_26": "0", "GR_26": "0", "LB_26": "0", "JBT_26": "2", "Tp_Lnts_26": "SUNGAI", "Dt_Lnts_26": "BERKELOK", "Pnangnn_26": "RUTIN", "Pmriksn_26": "RUTIN", "Pnglola_26": "BPJN SUMATERA BARAT", "Satkr_ID26": "693875", "PPK_Name26": "PPK 1.3", "Traffic_26": null, "VCR_26": "0.147", "AADT_26": null, "Tipe_Jb_26": null, "Lat_26": 0.50118297361541408, "Long_26": 100.03901672400001, "Tgl_Ins_26": "6\/25\/2024", "Ket_26": null }, "geometry": { "type": "Point", "coordinates": [ 100.03901672444232, 0.501182973615414 ] } },
{ "type": "Feature", "properties": { "KDRUAS_UPD": "06001", "NOJBT_UPD": "06.001.013.0", "NM_RUAS_UP": "RANJAU BATU (BTS. PROV. SUMUT) - PANTI", "NM_JBT_UPD": "SUNGAI AIR KAPUAS", "PROVINSI": "SUMATERA BARAT", "No_Prov_26": "06", "ID_Jbt_26": "0600010", "Kd_Ruas_26": "06001", "Suffix_26": null, "Nm_Ruas_26": "RANJAU BATU (BTS. PROV. SUMUT) - PANTI", "Lintas_26": "JALAN LINTAS TENGAH", "No_Jbt_26": "06.001.013.0", "Nm_Jbt_26": "SUNGAI AIR KAPUAS", "Status_26": "N", "Fungsi_26": "A", "Lks_Dr_26": "PDG", "Lks_km_26": 215.8, "F_STA_26": "1760", "Cadin_26": "LBS", "Pjg_Jbt_26": 8.1, "Btg_Pjg_26": 7.5, "Jml_Btg_26": "1", "Lb_Jl_Ms26": 5.3, "Lb_Jl_Kl26": 5.3, "Lb_Lalin26": 5.3, "Lb_Bh_Ki26": 0.56, "Lb_Bh_Ka26": 0.87, "Lb_Dr_Ki26": 0.0, "Lb_Dr_Ka26": 0.0, "Lb_Tr_Ki26": 1.05, "Lb_Tr_Ka26": 1.0, "Lb_TS_Ki26": 0.41, "Lb_TS_Ka26": 0.41, "Lb_Med_26": 0.0, "Lbr_Jbt_26": 9.6, "Bgn_Ats_26": "GTP", "Jns_Jbt_26": "STANDAR", "Thn_Bgn_26": "1970", "BA_26": "1", "LNT_26": "1", "BB_26": "1", "DAS_26": "2", "OP_26": "0", "UT_26": "0", "GR_26": "0", "LB_26": "0", "JBT_26": "2", "Tp_Lnts_26": "SUNGAI", "Dt_Lnts_26": "BERKELOK", "Pnangnn_26": "BERKALA", "Pmriksn_26": "RUTIN", "Pnglola_26": "BPJN SUMATERA BARAT", "Satkr_ID26": "693875", "PPK_Name26": "PPK 1.3", "Traffic_26": null, "VCR_26": "0.147", "AADT_26": null, "Tipe_Jb_26": null, "Lat_26": 0.51532697655875381, "Long_26": 100.03465271, "Tgl_Ins_26": "6\/25\/2024", "Ket_26": null }, "geometry": { "type": "Point", "coordinates": [ 100.03465271025442, 0.515326976558754 ] } },
{ "type": "Feature", "properties": { "KDRUAS_UPD": "06001", "NOJBT_UPD": "06.001.014.0", "NM_RUAS_UP": "RANJAU BATU (BTS. PROV. SUMUT) - PANTI", "NM_JBT_UPD": "SUNGAI BATANG TINGKARANG", "PROVINSI": "SUMATERA BARAT", "No_Prov_26": "06", "ID_Jbt_26": "0600011", "Kd_Ruas_26": "06001", "Suffix_26": null, "Nm_Ruas_26": "RANJAU BATU (BTS. PROV. SUMUT) - PANTI", "Lintas_26": "JALAN LINTAS TENGAH", "No_Jbt_26": "06.001.014.0", "Nm_Jbt_26": "SUNGAI BATANG TINGKARANG", "Status_26": "N", "Fungsi_26": "A", "Lks_Dr_26": "PDG", "Lks_km_26": 216.9, "F_STA_26": "1860", "Cadin_26": "LBS", "Pjg_Jbt_26": 36.4, "Btg_Pjg_26": 36.0, "Jml_Btg_26": "1", "Lb_Jl_Ms26": 4.95, "Lb_Jl_Kl26": 4.95, "Lb_Lalin26": 4.95, "Lb_Bh_Ki26": 0.31, "Lb_Bh_Ka26": 0.3, "Lb_Dr_Ki26": 0.18, "Lb_Dr_Ka26": 0.2, "Lb_Tr_Ki26": 0.5, "Lb_Tr_Ka26": 0.5, "Lb_TS_Ki26": 0.0, "Lb_TS_Ka26": 0.0, "Lb_Med_26": 0.0, "Lbr_Jbt_26": 6.94, "Bgn_Ats_26": "RBB", "Jns_Jbt_26": "STANDAR", "Thn_Bgn_26": "1988", "BA_26": "2", "LNT_26": "2", "BB_26": "1", "DAS_26": "2", "OP_26": "1", "UT_26": "0", "GR_26": "0", "LB_26": "0", "JBT_26": "2", "Tp_Lnts_26": "SUNGAI", "Dt_Lnts_26": "BERKELOK", "Pnangnn_26": "RUTIN", "Pmriksn_26": "RUTIN", "Pnglola_26": "BPJN SUMATERA BARAT", "Satkr_ID26": "693875", "PPK_Name26": "PPK 1.3", "Traffic_26": null, "VCR_26": "0.147", "AADT_26": null, "Tipe_Jb_26": null, "Lat_26": 0.52419298881545728, "Long_26": 100.032775879, "Tgl_Ins_26": "7\/9\/2025", "Ket_26": null }, "geometry": { "type": "Point", "coordinates": [ 100.03277587910361, 0.524192988815457 ] } },
{ "type": "Feature", "properties": { "KDRUAS_UPD": "06001", "NOJBT_UPD": "06.001.018.0", "NM_RUAS_UP": "RANJAU BATU (BTS. PROV. SUMUT) - PANTI", "NM_JBT_UPD": "SUNGAI AIR RANAH", "PROVINSI": "SUMATERA BARAT", "No_Prov_26": "06", "ID_Jbt_26": "0600015", "Kd_Ruas_26": "06001", "Suffix_26": null, "Nm_Ruas_26": "RANJAU BATU (BTS. PROV. SUMUT) - PANTI", "Lintas_26": "JALAN LINTAS TENGAH", "No_Jbt_26": "06.001.018.0", "Nm_Jbt_26": "SUNGAI AIR RANAH", "Status_26": "N", "Fungsi_26": "A", "Lks_Dr_26": "PDG", "Lks_km_26": 221.45, "F_STA_26": "2360", "Cadin_26": "LBS", "Pjg_Jbt_26": 12.4, "Btg_Pjg_26": 4.0, "Jml_Btg_26": "2", "Lb_Jl_Ms26": 7.7, "Lb_Jl_Kl26": 7.7, "Lb_Lalin26": 7.7, "Lb_Bh_Ki26": 0.55, "Lb_Bh_Ka26": 0.73, "Lb_Dr_Ki26": 0.0, "Lb_Dr_Ka26": 0.0, "Lb_Tr_Ki26": 0.0, "Lb_Tr_Ka26": 0.0, "Lb_TS_Ki26": 0.37, "Lb_TS_Ka26": 0.37, "Lb_Med_26": 0.0, "Lbr_Jbt_26": 9.72, "Bgn_Ats_26": "BTP", "Jns_Jbt_26": "STANDAR", "Thn_Bgn_26": "1970", "BA_26": "1", "LNT_26": "0", "BB_26": "0", "DAS_26": "2", "OP_26": "0", "UT_26": "0", "GR_26": "1", "LB_26": "0", "JBT_26": "2", "Tp_Lnts_26": "SUNGAI", "Dt_Lnts_26": "BERKELOK", "Pnangnn_26": "BERKALA", "Pmriksn_26": "RUTIN", "Pnglola_26": "BPJN SUMATERA BARAT", "Satkr_ID26": "693875", "PPK_Name26": "PPK 1.3", "Traffic_26": null, "VCR_26": "0.147", "AADT_26": null, "Tipe_Jb_26": null, "Lat_26": 0.56397098317438576, "Long_26": 100.01766204800001, "Tgl_Ins_26": "6\/25\/2024", "Ket_26": null }, "geometry": { "type": "Point", "coordinates": [ 100.01766204816505, 0.563970983174386 ] } },
{ "type": "Feature", "properties": { "KDRUAS_UPD": "06001", "NOJBT_UPD": "06.001.019.0", "NM_RUAS_UP": "RANJAU BATU (BTS. PROV. SUMUT) - PANTI", "NM_JBT_UPD": "SUNGAI AIR PERTANI", "PROVINSI": "SUMATERA BARAT", "No_Prov_26": "06", "ID_Jbt_26": "0600016", "Kd_Ruas_26": "06001", "Suffix_26": null, "Nm_Ruas_26": "RANJAU BATU (BTS. PROV. SUMUT) - PANTI", "Lintas_26": "JALAN LINTAS TENGAH", "No_Jbt_26": "06.001.019.0", "Nm_Jbt_26": "SUNGAI AIR PERTANI", "Status_26": "N", "Fungsi_26": "A", "Lks_Dr_26": "PDG", "Lks_km_26": 223.15, "F_STA_26": "2480", "Cadin_26": "LBS", "Pjg_Jbt_26": 7.5, "Btg_Pjg_26": 7.0, "Jml_Btg_26": "1", "Lb_Jl_Ms26": 5.3, "Lb_Jl_Kl26": 5.3, "Lb_Lalin26": 5.3, "Lb_Bh_Ki26": 0.41, "Lb_Bh_Ka26": 0.47, "Lb_Dr_Ki26": 0.0, "Lb_Dr_Ka26": 0.0, "Lb_Tr_Ki26": 0.0, "Lb_Tr_Ka26": 0.0, "Lb_TS_Ki26": 0.38, "Lb_TS_Ka26": 0.38, "Lb_Med_26": 0.0, "Lbr_Jbt_26": 6.94, "Bgn_Ats_26": "PTP", "Jns_Jbt_26": "STANDAR", "Thn_Bgn_26": "1970", "BA_26": "1", "LNT_26": "0", "BB_26": "0", "DAS_26": "0", "OP_26": "2", "UT_26": "0", "GR_26": "0", "LB_26": "0", "JBT_26": "2", "Tp_Lnts_26": "SUNGAI", "Dt_Lnts_26": "BERKELOK", "Pnangnn_26": "RUTIN", "Pmriksn_26": "RUTIN", "Pnglola_26": "BPJN SUMATERA BARAT", "Satkr_ID26": "693875", "PPK_Name26": "PPK 1.3", "Traffic_26": null, "VCR_26": "0.147", "AADT_26": null, "Tipe_Jb_26": null, "Lat_26": 0.57029497623221914, "Long_26": 100.00925445599999, "Tgl_Ins_26": "6\/25\/2024", "Ket_26": null }, "geometry": { "type": "Point", "coordinates": [ 100.009254456328165, 0.570294976232219 ] } },
{ "type": "Feature", "properties": { "KDRUAS_UPD": "06001", "NOJBT_UPD": "06.001.020.0", "NM_RUAS_UP": "RANJAU BATU (BTS. PROV. SUMUT) - PANTI", "NM_JBT_UPD": "SUNGAI SIMUSUH", "PROVINSI": "SUMATERA BARAT", "No_Prov_26": "06", "ID_Jbt_26": "0600017", "Kd_Ruas_26": "06001", "Suffix_26": null, "Nm_Ruas_26": "RANJAU BATU (BTS. PROV. SUMUT) - PANTI", "Lintas_26": "JALAN LINTAS TENGAH", "No_Jbt_26": "06.001.020.0", "Nm_Jbt_26": "SUNGAI SIMUSUH", "Status_26": "N", "Fungsi_26": "A", "Lks_Dr_26": "PDG", "Lks_km_26": 223.75, "F_STA_26": "2540", "Cadin_26": "LBS", "Pjg_Jbt_26": 11.7, "Btg_Pjg_26": 11.2, "Jml_Btg_26": "1", "Lb_Jl_Ms26": 5.1, "Lb_Jl_Kl26": 5.1, "Lb_Lalin26": 5.1, "Lb_Bh_Ki26": 0.41, "Lb_Bh_Ka26": 0.41, "Lb_Dr_Ki26": 0.0, "Lb_Dr_Ka26": 0.0, "Lb_Tr_Ki26": 0.47, "Lb_Tr_Ka26": 1.08, "Lb_TS_Ki26": 0.265, "Lb_TS_Ka26": 0.265, "Lb_Med_26": 0.0, "Lbr_Jbt_26": 8.0, "Bgn_Ats_26": "GBP", "Jns_Jbt_26": "STANDAR", "Thn_Bgn_26": "1970", "BA_26": "3", "LNT_26": "2", "BB_26": "1", "DAS_26": "1", "OP_26": "1", "UT_26": "0", "GR_26": "0", "LB_26": "0", "JBT_26": "3", "Tp_Lnts_26": "SUNGAI", "Dt_Lnts_26": "BERKELOK", "Pnangnn_26": "RUTIN", "Pmriksn_26": "DETAIL", "Pnglola_26": "BPJN SUMATERA BARAT", "Satkr_ID26": "693875", "PPK_Name26": "PPK 1.3", "Traffic_26": null, "VCR_26": "0.147", "AADT_26": null, "Tipe_Jb_26": null, "Lat_26": 0.57324802877354841, "Long_26": 100.004638672, "Tgl_Ins_26": "6\/9\/2026", "Ket_26": null }, "geometry": { "type": "Point", "coordinates": [ 100.00463867243684, 0.573248028773548 ] } },
{ "type": "Feature", "properties": { "KDRUAS_UPD": "06001", "NOJBT_UPD": "06.001.023.0", "NM_RUAS_UP": "RANJAU BATU (BTS. PROV. SUMUT) - PANTI", "NM_JBT_UPD": "SUNGAI SINYAMUK", "PROVINSI": "SUMATERA BARAT", "No_Prov_26": "06", "ID_Jbt_26": "0600020", "Kd_Ruas_26": "06001", "Suffix_26": null, "Nm_Ruas_26": "RANJAU BATU (BTS. PROV. SUMUT) - PANTI", "Lintas_26": "JALAN LINTAS TENGAH", "No_Jbt_26": "06.001.023.0", "Nm_Jbt_26": "SUNGAI SINYAMUK", "Status_26": "N", "Fungsi_26": "A", "Lks_Dr_26": "PDG", "Lks_km_26": 228.9, "F_STA_26": "3080", "Cadin_26": "LBS", "Pjg_Jbt_26": 26.0, "Btg_Pjg_26": 25.0, "Jml_Btg_26": "1", "Lb_Jl_Ms26": 9.0, "Lb_Jl_Kl26": 9.0, "Lb_Lalin26": 9.0, "Lb_Bh_Ki26": 0.0, "Lb_Bh_Ka26": 0.0, "Lb_Dr_Ki26": 0.0, "Lb_Dr_Ka26": 0.0, "Lb_Tr_Ki26": 0.44, "Lb_Tr_Ka26": 0.5, "Lb_TS_Ki26": 0.29, "Lb_TS_Ka26": 0.29, "Lb_Med_26": 0.0, "Lbr_Jbt_26": 10.52, "Bgn_Ats_26": "GTP", "Jns_Jbt_26": "STANDAR", "Thn_Bgn_26": "1997", "BA_26": "2", "LNT_26": "1", "BB_26": "1", "DAS_26": "1", "OP_26": "0", "UT_26": "0", "GR_26": "0", "LB_26": "0", "JBT_26": "2", "Tp_Lnts_26": "SUNGAI", "Dt_Lnts_26": "BERKELOK", "Pnangnn_26": "BERKALA", "Pmriksn_26": "RUTIN", "Pnglola_26": "BPJN SUMATERA BARAT", "Satkr_ID26": "693875", "PPK_Name26": "PPK 1.3", "Traffic_26": null, "VCR_26": "0.147", "AADT_26": null, "Tipe_Jb_26": null, "Lat_26": 0.6043270230737221, "Long_26": 99.971855163399994, "Tgl_Ins_26": "9\/23\/2020", "Ket_26": null }, "geometry": { "type": "Point", "coordinates": [ 99.971855163385158, 0.604327023073722 ] } },
{ "type": "Feature", "properties": { "KDRUAS_UPD": "06001", "NOJBT_UPD": "06.001.024.0", "NM_RUAS_UP": "RANJAU BATU (BTS. PROV. SUMUT) - PANTI", "NM_JBT_UPD": "SUNGAI LURAH SIBAD", "PROVINSI": "SUMATERA BARAT", "No_Prov_26": "06", "ID_Jbt_26": "0600021", "Kd_Ruas_26": "06001", "Suffix_26": null, "Nm_Ruas_26": "RANJAU BATU (BTS. PROV. SUMUT) - PANTI", "Lintas_26": "JALAN LINTAS TENGAH", "No_Jbt_26": "06.001.024.0", "Nm_Jbt_26": "SUNGAI LURAH SIBAD", "Status_26": "N", "Fungsi_26": "A", "Lks_Dr_26": "PDG", "Lks_km_26": 230.2, "F_STA_26": "3220", "Cadin_26": "LBS", "Pjg_Jbt_26": 62.1, "Btg_Pjg_26": 61.0, "Jml_Btg_26": "1", "Lb_Jl_Ms26": 5.1, "Lb_Jl_Kl26": 5.1, "Lb_Lalin26": 5.1, "Lb_Bh_Ki26": 0.28, "Lb_Bh_Ka26": 0.25, "Lb_Dr_Ki26": 0.12, "Lb_Dr_Ka26": 0.14, "Lb_Tr_Ki26": 0.5, "Lb_Tr_Ka26": 0.5, "Lb_TS_Ki26": 0.0, "Lb_TS_Ka26": 0.0, "Lb_Med_26": 0.0, "Lbr_Jbt_26": 6.89, "Bgn_Ats_26": "RBR", "Jns_Jbt_26": "STANDAR", "Thn_Bgn_26": "1988", "BA_26": "2", "LNT_26": "2", "BB_26": "2", "DAS_26": "0", "OP_26": "1", "UT_26": "0", "GR_26": "0", "LB_26": "0", "JBT_26": "2", "Tp_Lnts_26": "SUNGAI", "Dt_Lnts_26": "BERKELOK", "Pnangnn_26": "RUTIN", "Pmriksn_26": "RUTIN", "Pnglola_26": "BPJN SUMATERA BARAT", "Satkr_ID26": "693875", "PPK_Name26": "PPK 1.3", "Traffic_26": null, "VCR_26": "0.147", "AADT_26": null, "Tipe_Jb_26": null, "Lat_26": 0.60616499182094685, "Long_26": 99.963645935000002, "Tgl_Ins_26": "7\/9\/2025", "Ket_26": null }, "geometry": { "type": "Point", "coordinates": [ 99.963645935011925, 0.606164991820947 ] } },
{ "type": "Feature", "properties": { "KDRUAS_UPD": "06001", "NOJBT_UPD": "06.001.025.0", "NM_RUAS_UP": "RANJAU BATU (BTS. PROV. SUMUT) - PANTI", "NM_JBT_UPD": "SUNGAI AIR MANIS", "PROVINSI": "SUMATERA BARAT", "No_Prov_26": "06", "ID_Jbt_26": "0600022", "Kd_Ruas_26": "06001", "Suffix_26": null, "Nm_Ruas_26": "RANJAU BATU (BTS. PROV. SUMUT) - PANTI", "Lintas_26": "JALAN LINTAS TENGAH", "No_Jbt_26": "06.001.025.0", "Nm_Jbt_26": "SUNGAI AIR MANIS", "Status_26": "N", "Fungsi_26": "A", "Lks_Dr_26": "PDG", "Lks_km_26": 230.98, "F_STA_26": "3290", "Cadin_26": "LBS", "Pjg_Jbt_26": 20.7, "Btg_Pjg_26": 20.0, "Jml_Btg_26": "1", "Lb_Jl_Ms26": 6.25, "Lb_Jl_Kl26": 6.25, "Lb_Lalin26": 6.25, "Lb_Bh_Ki26": 0.23, "Lb_Bh_Ka26": 0.26, "Lb_Dr_Ki26": 0.2, "Lb_Dr_Ka26": 0.18, "Lb_Tr_Ki26": 0.46, "Lb_Tr_Ka26": 0.45, "Lb_TS_Ki26": 0.335, "Lb_TS_Ka26": 0.335, "Lb_Med_26": 0.0, "Lbr_Jbt_26": 8.7, "Bgn_Ats_26": "GTP", "Jns_Jbt_26": "STANDAR", "Thn_Bgn_26": "1970", "BA_26": "2", "LNT_26": "1", "BB_26": "0", "DAS_26": "0", "OP_26": "0", "UT_26": "0", "GR_26": "0", "LB_26": "0", "JBT_26": "2", "Tp_Lnts_26": "SUNGAI", "Dt_Lnts_26": "BERKELOK", "Pnangnn_26": "RUTIN", "Pmriksn_26": "RUTIN", "Pnglola_26": "BPJN SUMATERA BARAT", "Satkr_ID26": "693875", "PPK_Name26": "PPK 1.3", "Traffic_26": null, "VCR_26": "0.147", "AADT_26": null, "Tipe_Jb_26": null, "Lat_26": 0.60650599045914078, "Long_26": 99.959632873199979, "Tgl_Ins_26": "6\/25\/2024", "Ket_26": null }, "geometry": { "type": "Point", "coordinates": [ 99.959632873158625, 0.606505990459141 ] } },
{ "type": "Feature", "properties": { "KDRUAS_UPD": "06001", "NOJBT_UPD": "06.001.026.0", "NM_RUAS_UP": "RANJAU BATU (BTS. PROV. SUMUT) - PANTI", "NM_JBT_UPD": "SUNGAI AIR KEDONDO", "PROVINSI": "SUMATERA BARAT", "No_Prov_26": "06", "ID_Jbt_26": "0600023", "Kd_Ruas_26": "06001", "Suffix_26": null, "Nm_Ruas_26": "RANJAU BATU (BTS. PROV. SUMUT) - PANTI", "Lintas_26": "JALAN LINTAS TENGAH", "No_Jbt_26": "06.001.026.0", "Nm_Jbt_26": "SUNGAI AIR KEDONDO", "Status_26": "N", "Fungsi_26": "A", "Lks_Dr_26": "PDG", "Lks_km_26": 231.5, "F_STA_26": "3340", "Cadin_26": "LBS", "Pjg_Jbt_26": 31.0, "Btg_Pjg_26": 30.5, "Jml_Btg_26": "1", "Lb_Jl_Ms26": 5.0, "Lb_Jl_Kl26": 5.0, "Lb_Lalin26": 5.0, "Lb_Bh_Ki26": 0.95, "Lb_Bh_Ka26": 1.0, "Lb_Dr_Ki26": 0.0, "Lb_Dr_Ka26": 0.0, "Lb_Tr_Ki26": 0.0, "Lb_Tr_Ka26": 0.0, "Lb_TS_Ki26": 0.225, "Lb_TS_Ka26": 0.225, "Lb_Med_26": 0.0, "Lbr_Jbt_26": 7.4, "Bgn_Ats_26": "GBP", "Jns_Jbt_26": "STANDAR", "Thn_Bgn_26": "1988", "BA_26": "2", "LNT_26": "1", "BB_26": "1", "DAS_26": "1", "OP_26": "0", "UT_26": "0", "GR_26": "0", "LB_26": "0", "JBT_26": "2", "Tp_Lnts_26": "SUNGAI", "Dt_Lnts_26": "BERKELOK", "Pnangnn_26": "RUTIN", "Pmriksn_26": "RUTIN", "Pnglola_26": "BPJN SUMATERA BARAT", "Satkr_ID26": "693875", "PPK_Name26": "PPK 1.3", "Traffic_26": null, "VCR_26": "0.147", "AADT_26": null, "Tipe_Jb_26": null, "Lat_26": 0.60587298914720122, "Long_26": 99.956405639799996, "Tgl_Ins_26": "9\/23\/2020", "Ket_26": null }, "geometry": { "type": "Point", "coordinates": [ 99.956405639808509, 0.605872989147201 ] } },
{ "type": "Feature", "properties": { "KDRUAS_UPD": "06001", "NOJBT_UPD": "06.001.027.0", "NM_RUAS_UP": "RANJAU BATU (BTS. PROV. SUMUT) - PANTI", "NM_JBT_UPD": "SUNGAI MUARO CUBAD", "PROVINSI": "SUMATERA BARAT", "No_Prov_26": "06", "ID_Jbt_26": "0600024", "Kd_Ruas_26": "06001", "Suffix_26": null, "Nm_Ruas_26": "RANJAU BATU (BTS. PROV. SUMUT) - PANTI", "Lintas_26": "JALAN LINTAS TENGAH", "No_Jbt_26": "06.001.027.0", "Nm_Jbt_26": "SUNGAI MUARO CUBAD", "Status_26": "N", "Fungsi_26": "A", "Lks_Dr_26": "PDG", "Lks_km_26": 232.9, "F_STA_26": "3480", "Cadin_26": "LBS", "Pjg_Jbt_26": 31.2, "Btg_Pjg_26": 30.7, "Jml_Btg_26": "1", "Lb_Jl_Ms26": 5.1, "Lb_Jl_Kl26": 5.1, "Lb_Lalin26": 5.1, "Lb_Bh_Ki26": 0.18, "Lb_Bh_Ka26": 0.26, "Lb_Dr_Ki26": 0.18, "Lb_Dr_Ka26": 0.15, "Lb_Tr_Ki26": 0.5, "Lb_Tr_Ka26": 0.5, "Lb_TS_Ki26": 0.0, "Lb_TS_Ka26": 0.0, "Lb_Med_26": 0.0, "Lbr_Jbt_26": 6.87, "Bgn_Ats_26": "RBB", "Jns_Jbt_26": "STANDAR", "Thn_Bgn_26": "1997", "BA_26": "2", "LNT_26": "2", "BB_26": "1", "DAS_26": "1", "OP_26": "1", "UT_26": "1", "GR_26": "0", "LB_26": "0", "JBT_26": "2", "Tp_Lnts_26": "SUNGAI", "Dt_Lnts_26": "BERKELOK", "Pnangnn_26": "BERKALA", "Pmriksn_26": "DETAIL", "Pnglola_26": "BPJN SUMATERA BARAT", "Satkr_ID26": "693875", "PPK_Name26": "PPK 1.3", "Traffic_26": null, "VCR_26": "0.147", "AADT_26": null, "Tipe_Jb_26": null, "Lat_26": 0.60843002792347534, "Long_26": 99.946624756199995, "Tgl_Ins_26": "5\/7\/2026", "Ket_26": null }, "geometry": { "type": "Point", "coordinates": [ 99.94662475622755, 0.608430027923475 ] } },
{ "type": "Feature", "properties": { "KDRUAS_UPD": "06002", "NOJBT_UPD": "06.002.003.0", "NM_RUAS_UP": "PANTI - BTS. KOTA LUBUK SIKAPING", "NM_JBT_UPD": "AIR MANGIS", "PROVINSI": "SUMATERA BARAT", "No_Prov_26": "06", "ID_Jbt_26": "0600027", "Kd_Ruas_26": "06002", "Suffix_26": null, "Nm_Ruas_26": "PANTI - BTS. KOTA LUBUK SIKAPING", "Lintas_26": "JALAN LINTAS TENGAH", "No_Jbt_26": "06.002.003.0", "Nm_Jbt_26": "AIR MANGIS", "Status_26": "N", "Fungsi_26": "A", "Lks_Dr_26": "PDG", "Lks_km_26": 171.4, "F_STA_26": "80", "Cadin_26": "LBS", "Pjg_Jbt_26": 14.6, "Btg_Pjg_26": 4.37, "Jml_Btg_26": "3", "Lb_Jl_Ms26": 5.15, "Lb_Jl_Kl26": 5.15, "Lb_Lalin26": 5.15, "Lb_Bh_Ki26": 0.34, "Lb_Bh_Ka26": 0.33, "Lb_Dr_Ki26": 0.2, "Lb_Dr_Ka26": 0.22, "Lb_Tr_Ki26": 0.9, "Lb_Tr_Ka26": 0.75, "Lb_TS_Ki26": 0.455, "Lb_TS_Ka26": 0.455, "Lb_Med_26": 0.0, "Lbr_Jbt_26": 8.8, "Bgn_Ats_26": "BTP", "Jns_Jbt_26": "STANDAR", "Thn_Bgn_26": "1992", "BA_26": "1", "LNT_26": "1", "BB_26": "1", "DAS_26": "2", "OP_26": "0", "UT_26": "0", "GR_26": "0", "LB_26": "0", "JBT_26": "2", "Tp_Lnts_26": "SUNGAI", "Dt_Lnts_26": "BERKELOK", "Pnangnn_26": "RUTIN", "Pmriksn_26": "RUTIN", "Pnglola_26": "BPJN SUMATERA BARAT", "Satkr_ID26": "693875", "PPK_Name26": "PPK 1.3", "Traffic_26": null, "VCR_26": "0.106", "AADT_26": null, "Tipe_Jb_26": null, "Lat_26": 0.16098000072651075, "Long_26": 100.159820557, "Tgl_Ins_26": "9\/23\/2020", "Ket_26": null }, "geometry": { "type": "Point", "coordinates": [ 100.159820556773354, 0.160980000726511 ] } },
{ "type": "Feature", "properties": { "KDRUAS_UPD": "06002", "NOJBT_UPD": "06.002.005.0", "NM_RUAS_UP": "PANTI - BTS. KOTA LUBUK SIKAPING", "NM_JBT_UPD": "AIR PILUBANG 2", "PROVINSI": "SUMATERA BARAT", "No_Prov_26": "06", "ID_Jbt_26": "0600029", "Kd_Ruas_26": "06002", "Suffix_26": null, "Nm_Ruas_26": "PANTI - BTS. KOTA LUBUK SIKAPING", "Lintas_26": "JALAN LINTAS TENGAH", "No_Jbt_26": "06.002.005.0", "Nm_Jbt_26": "AIR PILUBANG 2", "Status_26": "N", "Fungsi_26": "A", "Lks_Dr_26": "PDG", "Lks_km_26": 172.1, "F_STA_26": "150", "Cadin_26": "LBS", "Pjg_Jbt_26": 6.0, "Btg_Pjg_26": 5.0, "Jml_Btg_26": "1", "Lb_Jl_Ms26": 5.0, "Lb_Jl_Kl26": 5.0, "Lb_Lalin26": 5.0, "Lb_Bh_Ki26": 3.1, "Lb_Bh_Ka26": 1.15, "Lb_Dr_Ki26": 0.0, "Lb_Dr_Ka26": 0.0, "Lb_Tr_Ki26": 0.0, "Lb_Tr_Ka26": 0.0, "Lb_TS_Ki26": 0.5, "Lb_TS_Ka26": 0.5, "Lb_Med_26": 0.0, "Lbr_Jbt_26": 10.25, "Bgn_Ats_26": "BTP", "Jns_Jbt_26": "STANDAR", "Thn_Bgn_26": "2022", "BA_26": "0", "LNT_26": "0", "BB_26": "0", "DAS_26": "0", "OP_26": "0", "UT_26": "0", "GR_26": "0", "LB_26": "0", "JBT_26": "0", "Tp_Lnts_26": "SUNGAI", "Dt_Lnts_26": "BERKELOK", "Pnangnn_26": "RUTIN", "Pmriksn_26": "TIDAK DISURVEI", "Pnglola_26": "BPJN SUMATERA BARAT", "Satkr_ID26": "693875", "PPK_Name26": "PPK 1.3", "Traffic_26": null, "VCR_26": "0.106", "AADT_26": null, "Tipe_Jb_26": null, "Lat_26": 0.16695499387793689, "Long_26": 100.15672302199998, "Tgl_Ins_26": "10\/1\/2022", "Ket_26": null }, "geometry": { "type": "Point", "coordinates": [ 100.156723021850041, 0.166954993877937 ] } },
{ "type": "Feature", "properties": { "KDRUAS_UPD": "06002", "NOJBT_UPD": "06.002.007.0", "NM_RUAS_UP": "PANTI - BTS. KOTA LUBUK SIKAPING", "NM_JBT_UPD": "SUNGAI KOTO RANDAH", "PROVINSI": "SUMATERA BARAT", "No_Prov_26": "06", "ID_Jbt_26": "0600031", "Kd_Ruas_26": "06002", "Suffix_26": null, "Nm_Ruas_26": "PANTI - BTS. KOTA LUBUK SIKAPING", "Lintas_26": "JALAN LINTAS TENGAH", "No_Jbt_26": "06.002.007.0", "Nm_Jbt_26": "SUNGAI KOTO RANDAH", "Status_26": "N", "Fungsi_26": "A", "Lks_Dr_26": "PDG", "Lks_km_26": 172.96, "F_STA_26": "240", "Cadin_26": "LBS", "Pjg_Jbt_26": 8.2, "Btg_Pjg_26": 4.1, "Jml_Btg_26": "2", "Lb_Jl_Ms26": 5.45, "Lb_Jl_Kl26": 5.45, "Lb_Lalin26": 5.45, "Lb_Bh_Ki26": 0.75, "Lb_Bh_Ka26": 0.6, "Lb_Dr_Ki26": 0.2, "Lb_Dr_Ka26": 0.2, "Lb_Tr_Ki26": 0.92, "Lb_Tr_Ka26": 0.9, "Lb_TS_Ki26": 0.19, "Lb_TS_Ka26": 0.19, "Lb_Med_26": 0.0, "Lbr_Jbt_26": 9.4, "Bgn_Ats_26": "BTP", "Jns_Jbt_26": "STANDAR", "Thn_Bgn_26": "1980", "BA_26": "2", "LNT_26": "2", "BB_26": "0", "DAS_26": "2", "OP_26": "1", "UT_26": "0", "GR_26": "0", "LB_26": "0", "JBT_26": "2", "Tp_Lnts_26": "SUNGAI", "Dt_Lnts_26": "BERKELOK", "Pnangnn_26": "RUTIN", "Pmriksn_26": "RUTIN", "Pnglola_26": "BPJN SUMATERA BARAT", "Satkr_ID26": "693875", "PPK_Name26": "PPK 1.3", "Traffic_26": null, "VCR_26": "0.106", "AADT_26": null, "Tipe_Jb_26": null, "Lat_26": 0.17317900031065392, "Long_26": 100.152420044, "Tgl_Ins_26": "6\/25\/2024", "Ket_26": null }, "geometry": { "type": "Point", "coordinates": [ 100.152420043750055, 0.173179000310654 ] } },
{ "type": "Feature", "properties": { "KDRUAS_UPD": "06002", "NOJBT_UPD": "06.002.009.0", "NM_RUAS_UP": "PANTI - BTS. KOTA LUBUK SIKAPING", "NM_JBT_UPD": "AIR TANDAN KERING", "PROVINSI": "SUMATERA BARAT", "No_Prov_26": "06", "ID_Jbt_26": "0600033", "Kd_Ruas_26": "06002", "Suffix_26": null, "Nm_Ruas_26": "PANTI - BTS. KOTA LUBUK SIKAPING", "Lintas_26": "JALAN LINTAS TENGAH", "No_Jbt_26": "06.002.009.0", "Nm_Jbt_26": "AIR TANDAN KERING", "Status_26": "N", "Fungsi_26": "A", "Lks_Dr_26": "PDG", "Lks_km_26": 175.2, "F_STA_26": "480", "Cadin_26": "LBS", "Pjg_Jbt_26": 9.0, "Btg_Pjg_26": 3.96, "Jml_Btg_26": "2", "Lb_Jl_Ms26": 5.2, "Lb_Jl_Kl26": 5.2, "Lb_Lalin26": 5.2, "Lb_Bh_Ki26": 0.28, "Lb_Bh_Ka26": 0.22, "Lb_Dr_Ki26": 0.2, "Lb_Dr_Ka26": 0.2, "Lb_Tr_Ki26": 0.97, "Lb_Tr_Ka26": 0.97, "Lb_TS_Ki26": 0.18, "Lb_TS_Ka26": 0.18, "Lb_Med_26": 0.0, "Lbr_Jbt_26": 8.4, "Bgn_Ats_26": "BTP", "Jns_Jbt_26": "STANDAR", "Thn_Bgn_26": "1980", "BA_26": "1", "LNT_26": "1", "BB_26": "0", "DAS_26": "0", "OP_26": "0", "UT_26": "0", "GR_26": "1", "LB_26": "0", "JBT_26": "1", "Tp_Lnts_26": "SUNGAI", "Dt_Lnts_26": "BERKELOK", "Pnangnn_26": "RUTIN", "Pmriksn_26": "RUTIN", "Pnglola_26": "BPJN SUMATERA BARAT", "Satkr_ID26": "693875", "PPK_Name26": "PPK 1.3", "Traffic_26": null, "VCR_26": "0.106", "AADT_26": null, "Tipe_Jb_26": null, "Lat_26": 0.1878270058116982, "Long_26": 100.138679504, "Tgl_Ins_26": "6\/25\/2024", "Ket_26": null }, "geometry": { "type": "Point", "coordinates": [ 100.138679503656249, 0.187827005811698 ] } },
{ "type": "Feature", "properties": { "KDRUAS_UPD": "06002", "NOJBT_UPD": "06.002.012.0", "NM_RUAS_UP": "PANTI - BTS. KOTA LUBUK SIKAPING", "NM_JBT_UPD": "BATANG PAMENAN", "PROVINSI": "SUMATERA BARAT", "No_Prov_26": "06", "ID_Jbt_26": "0600036", "Kd_Ruas_26": "06002", "Suffix_26": null, "Nm_Ruas_26": "PANTI - BTS. KOTA LUBUK SIKAPING", "Lintas_26": "JALAN LINTAS TENGAH", "No_Jbt_26": "06.002.012.0", "Nm_Jbt_26": "BATANG PAMENAN", "Status_26": "N", "Fungsi_26": "A", "Lks_Dr_26": "PDG", "Lks_km_26": 176.3, "F_STA_26": "580", "Cadin_26": "LBS", "Pjg_Jbt_26": 20.6, "Btg_Pjg_26": 20.0, "Jml_Btg_26": "1", "Lb_Jl_Ms26": 6.0, "Lb_Jl_Kl26": 6.0, "Lb_Lalin26": 6.0, "Lb_Bh_Ki26": 0.38, "Lb_Bh_Ka26": 0.37, "Lb_Dr_Ki26": 0.2, "Lb_Dr_Ka26": 0.2, "Lb_Tr_Ki26": 0.97, "Lb_Tr_Ka26": 1.0, "Lb_TS_Ki26": 0.265, "Lb_TS_Ka26": 0.265, "Lb_Med_26": 0.0, "Lbr_Jbt_26": 9.65, "Bgn_Ats_26": "GBP", "Jns_Jbt_26": "STANDAR", "Thn_Bgn_26": "1976", "BA_26": "2", "LNT_26": "2", "BB_26": "2", "DAS_26": "2", "OP_26": "1", "UT_26": "0", "GR_26": "0", "LB_26": "0", "JBT_26": "2", "Tp_Lnts_26": "SUNGAI", "Dt_Lnts_26": "BERKELOK", "Pnangnn_26": "BERKALA", "Pmriksn_26": "RUTIN", "Pnglola_26": "BPJN SUMATERA BARAT", "Satkr_ID26": "693875", "PPK_Name26": "PPK 1.3", "Traffic_26": null, "VCR_26": "0.106", "AADT_26": null, "Tipe_Jb_26": null, "Lat_26": 0.19579799478168525, "Long_26": 100.13374328600001, "Tgl_Ins_26": "6\/25\/2024", "Ket_26": null }, "geometry": { "type": "Point", "coordinates": [ 100.13374328592397, 0.195797994781685 ] } },
{ "type": "Feature", "properties": { "KDRUAS_UPD": "06002", "NOJBT_UPD": "06.002.013.0", "NM_RUAS_UP": "PANTI - BTS. KOTA LUBUK SIKAPING", "NM_JBT_UPD": "ANAK AIR PANDAHAN 3", "PROVINSI": "SUMATERA BARAT", "No_Prov_26": "06", "ID_Jbt_26": "0600037", "Kd_Ruas_26": "06002", "Suffix_26": null, "Nm_Ruas_26": "PANTI - BTS. KOTA LUBUK SIKAPING", "Lintas_26": "JALAN LINTAS TENGAH", "No_Jbt_26": "06.002.013.0", "Nm_Jbt_26": "ANAK AIR PANDAHAN 3", "Status_26": "N", "Fungsi_26": "A", "Lks_Dr_26": "PDG", "Lks_km_26": 176.9, "F_STA_26": "640", "Cadin_26": "LBS", "Pjg_Jbt_26": 8.7, "Btg_Pjg_26": 8.0, "Jml_Btg_26": "1", "Lb_Jl_Ms26": 5.2, "Lb_Jl_Kl26": 5.2, "Lb_Lalin26": 5.2, "Lb_Bh_Ki26": 0.5, "Lb_Bh_Ka26": 0.25, "Lb_Dr_Ki26": 0.0, "Lb_Dr_Ka26": 0.0, "Lb_Tr_Ki26": 0.0, "Lb_Tr_Ka26": 0.0, "Lb_TS_Ki26": 0.375, "Lb_TS_Ka26": 0.375, "Lb_Med_26": 0.0, "Lbr_Jbt_26": 6.7, "Bgn_Ats_26": "ETP", "Jns_Jbt_26": "STANDAR", "Thn_Bgn_26": "1970", "BA_26": "1", "LNT_26": "0", "BB_26": "0", "DAS_26": "1", "OP_26": "2", "UT_26": "0", "GR_26": "0", "LB_26": "0", "JBT_26": "2", "Tp_Lnts_26": "SUNGAI", "Dt_Lnts_26": "BERKELOK", "Pnangnn_26": "RUTIN", "Pmriksn_26": "RUTIN", "Pnglola_26": "BPJN SUMATERA BARAT", "Satkr_ID26": "693875", "PPK_Name26": "PPK 1.3", "Traffic_26": null, "VCR_26": "0.106", "AADT_26": null, "Tipe_Jb_26": null, "Lat_26": 0.19960400482102611, "Long_26": 100.1300354, "Tgl_Ins_26": "6\/25\/2024", "Ket_26": null }, "geometry": { "type": "Point", "coordinates": [ 100.130035400013753, 0.199604004821026 ] } },
{ "type": "Feature", "properties": { "KDRUAS_UPD": "06002", "NOJBT_UPD": "06.002.014.0", "NM_RUAS_UP": "PANTI - BTS. KOTA LUBUK SIKAPING", "NM_JBT_UPD": "SUNGAI AIR CAWAN", "PROVINSI": "SUMATERA BARAT", "No_Prov_26": "06", "ID_Jbt_26": "0600038", "Kd_Ruas_26": "06002", "Suffix_26": null, "Nm_Ruas_26": "PANTI - BTS. KOTA LUBUK SIKAPING", "Lintas_26": "JALAN LINTAS TENGAH", "No_Jbt_26": "06.002.014.0", "Nm_Jbt_26": "SUNGAI AIR CAWAN", "Status_26": "N", "Fungsi_26": "A", "Lks_Dr_26": "PDG", "Lks_km_26": 177.3, "F_STA_26": "680", "Cadin_26": "LBS", "Pjg_Jbt_26": 6.6, "Btg_Pjg_26": 6.0, "Jml_Btg_26": "1", "Lb_Jl_Ms26": 5.2, "Lb_Jl_Kl26": 5.2, "Lb_Lalin26": 5.2, "Lb_Bh_Ki26": 0.3, "Lb_Bh_Ka26": 0.34, "Lb_Dr_Ki26": 0.2, "Lb_Dr_Ka26": 0.15, "Lb_Tr_Ki26": 0.96, "Lb_Tr_Ka26": 0.95, "Lb_TS_Ki26": 0.125, "Lb_TS_Ka26": 0.125, "Lb_Med_26": 0.0, "Lbr_Jbt_26": 8.35, "Bgn_Ats_26": "PTP", "Jns_Jbt_26": "STANDAR", "Thn_Bgn_26": "1980", "BA_26": "1", "LNT_26": "0", "BB_26": "1", "DAS_26": "0", "OP_26": "1", "UT_26": "0", "GR_26": "0", "LB_26": "0", "JBT_26": "1", "Tp_Lnts_26": "SUNGAI", "Dt_Lnts_26": "BERKELOK", "Pnangnn_26": "RUTIN", "Pmriksn_26": "TIDAK DISURVEI", "Pnglola_26": "BPJN SUMATERA BARAT", "Satkr_ID26": "693875", "PPK_Name26": "PPK 1.3", "Traffic_26": null, "VCR_26": "0.106", "AADT_26": null, "Tipe_Jb_26": null, "Lat_26": 0.20162500449043819, "Long_26": 100.12779998800001, "Tgl_Ins_26": "6\/25\/2024", "Ket_26": null }, "geometry": { "type": "Point", "coordinates": [ 100.127799987579408, 0.201625004490438 ] } },
{ "type": "Feature", "properties": { "KDRUAS_UPD": "06002", "NOJBT_UPD": "06.002.015.0", "NM_RUAS_UP": "PANTI - BTS. KOTA LUBUK SIKAPING", "NM_JBT_UPD": "S. BATANG SUMPUR", "PROVINSI": "SUMATERA BARAT", "No_Prov_26": "06", "ID_Jbt_26": "0600039", "Kd_Ruas_26": "06002", "Suffix_26": null, "Nm_Ruas_26": "PANTI - BTS. KOTA LUBUK SIKAPING", "Lintas_26": "JALAN LINTAS TENGAH", "No_Jbt_26": "06.002.015.0", "Nm_Jbt_26": "S. BATANG SUMPUR", "Status_26": "N", "Fungsi_26": "A", "Lks_Dr_26": "PDG", "Lks_km_26": 177.4, "F_STA_26": "700", "Cadin_26": "LBS", "Pjg_Jbt_26": 37.0, "Btg_Pjg_26": 36.5, "Jml_Btg_26": "1", "Lb_Jl_Ms26": 5.15, "Lb_Jl_Kl26": 5.15, "Lb_Lalin26": 5.15, "Lb_Bh_Ki26": 0.4, "Lb_Bh_Ka26": 0.31, "Lb_Dr_Ki26": 0.1, "Lb_Dr_Ka26": 0.1, "Lb_Tr_Ki26": 0.2, "Lb_Tr_Ka26": 0.19, "Lb_TS_Ki26": 0.275, "Lb_TS_Ka26": 0.275, "Lb_Med_26": 0.0, "Lbr_Jbt_26": 7.0, "Bgn_Ats_26": "GBP", "Jns_Jbt_26": "STANDAR", "Thn_Bgn_26": "1980", "BA_26": "2", "LNT_26": "2", "BB_26": "1", "DAS_26": "0", "OP_26": "1", "UT_26": "0", "GR_26": "0", "LB_26": "0", "JBT_26": "2", "Tp_Lnts_26": "SUNGAI", "Dt_Lnts_26": "BERKELOK", "Pnangnn_26": "RUTIN", "Pmriksn_26": "DETAIL", "Pnglola_26": "BPJN SUMATERA BARAT", "Satkr_ID26": "693875", "PPK_Name26": "PPK 1.3", "Traffic_26": null, "VCR_26": "0.106", "AADT_26": null, "Tipe_Jb_26": null, "Lat_26": 0.20317100024152523, "Long_26": 100.12746429400001, "Tgl_Ins_26": "5\/8\/2026", "Ket_26": null }, "geometry": { "type": "Point", "coordinates": [ 100.127464294041999, 0.203171000241525 ] } },
{ "type": "Feature", "properties": { "KDRUAS_UPD": "06002", "NOJBT_UPD": "06.002.016.0", "NM_RUAS_UP": "PANTI - BTS. KOTA LUBUK SIKAPING", "NM_JBT_UPD": "ANAK AIR SAWAH MUDIK", "PROVINSI": "SUMATERA BARAT", "No_Prov_26": "06", "ID_Jbt_26": "0600040", "Kd_Ruas_26": "06002", "Suffix_26": null, "Nm_Ruas_26": "PANTI - BTS. KOTA LUBUK SIKAPING", "Lintas_26": "JALAN LINTAS TENGAH", "No_Jbt_26": "06.002.016.0", "Nm_Jbt_26": "ANAK AIR SAWAH MUDIK", "Status_26": "N", "Fungsi_26": "A", "Lks_Dr_26": "PDG", "Lks_km_26": 179.15, "F_STA_26": "870", "Cadin_26": "LBS", "Pjg_Jbt_26": 7.1, "Btg_Pjg_26": 6.6, "Jml_Btg_26": "1", "Lb_Jl_Ms26": 5.2, "Lb_Jl_Kl26": 5.2, "Lb_Lalin26": 5.2, "Lb_Bh_Ki26": 1.1, "Lb_Bh_Ka26": 1.02, "Lb_Dr_Ki26": 0.0, "Lb_Dr_Ka26": 0.0, "Lb_Tr_Ki26": 0.0, "Lb_Tr_Ka26": 0.0, "Lb_TS_Ki26": 0.44, "Lb_TS_Ka26": 0.44, "Lb_Med_26": 0.0, "Lbr_Jbt_26": 8.2, "Bgn_Ats_26": "ETP", "Jns_Jbt_26": "STANDAR", "Thn_Bgn_26": "1980", "BA_26": "2", "LNT_26": "0", "BB_26": "0", "DAS_26": "0", "OP_26": "0", "UT_26": "0", "GR_26": "0", "LB_26": "0", "JBT_26": "2", "Tp_Lnts_26": "SUNGAI", "Dt_Lnts_26": "BERKELOK", "Pnangnn_26": "RUTIN", "Pmriksn_26": "RUTIN", "Pnglola_26": "BPJN SUMATERA BARAT", "Satkr_ID26": "693875", "PPK_Name26": "PPK 1.3", "Traffic_26": null, "VCR_26": "0.106", "AADT_26": null, "Tipe_Jb_26": null, "Lat_26": 0.21522800586780025, "Long_26": 100.120223999, "Tgl_Ins_26": "6\/25\/2024", "Ket_26": null }, "geometry": { "type": "Point", "coordinates": [ 100.120223998838526, 0.2152280058678 ] } },
{ "type": "Feature", "properties": { "KDRUAS_UPD": "06002", "NOJBT_UPD": "06.002.022.0", "NM_RUAS_UP": "PANTI - BTS. KOTA LUBUK SIKAPING", "NM_JBT_UPD": "AIR SAWAH PANDAN", "PROVINSI": "SUMATERA BARAT", "No_Prov_26": "06", "ID_Jbt_26": "0600046", "Kd_Ruas_26": "06002", "Suffix_26": null, "Nm_Ruas_26": "PANTI - BTS. KOTA LUBUK SIKAPING", "Lintas_26": "JALAN LINTAS TENGAH", "No_Jbt_26": "06.002.022.0", "Nm_Jbt_26": "AIR SAWAH PANDAN", "Status_26": "N", "Fungsi_26": "A", "Lks_Dr_26": "PDG", "Lks_km_26": 181.9, "F_STA_26": "1260", "Cadin_26": "LBS", "Pjg_Jbt_26": 6.0, "Btg_Pjg_26": 5.5, "Jml_Btg_26": "1", "Lb_Jl_Ms26": 5.7, "Lb_Jl_Kl26": 5.7, "Lb_Lalin26": 5.7, "Lb_Bh_Ki26": 2.6, "Lb_Bh_Ka26": 2.0, "Lb_Dr_Ki26": 0.0, "Lb_Dr_Ka26": 0.0, "Lb_Tr_Ki26": 0.0, "Lb_Tr_Ka26": 0.0, "Lb_TS_Ki26": 0.4, "Lb_TS_Ka26": 0.4, "Lb_Med_26": 0.0, "Lbr_Jbt_26": 11.1, "Bgn_Ats_26": "ETP", "Jns_Jbt_26": "STANDAR", "Thn_Bgn_26": "1970", "BA_26": "2", "LNT_26": "2", "BB_26": "0", "DAS_26": "2", "OP_26": "0", "UT_26": "0", "GR_26": "0", "LB_26": "0", "JBT_26": "2", "Tp_Lnts_26": "SUNGAI", "Dt_Lnts_26": "BERKELOK", "Pnangnn_26": "RUTIN", "Pmriksn_26": "RUTIN", "Pnglola_26": "BPJN SUMATERA BARAT", "Satkr_ID26": "693875", "PPK_Name26": "PPK 1.3", "Traffic_26": null, "VCR_26": "0.106", "AADT_26": null, "Tipe_Jb_26": null, "Lat_26": 0.24186800410512888, "Long_26": 100.11241149900002, "Tgl_Ins_26": "6\/26\/2024", "Ket_26": null }, "geometry": { "type": "Point", "coordinates": [ 100.11241149919141, 0.241868004105129 ] } },
{ "type": "Feature", "properties": { "KDRUAS_UPD": "06002", "NOJBT_UPD": "06.002.024.0", "NM_RUAS_UP": "PANTI - BTS. KOTA LUBUK SIKAPING", "NM_JBT_UPD": "SUNGAI SALIBAWAN", "PROVINSI": "SUMATERA BARAT", "No_Prov_26": "06", "ID_Jbt_26": "0600047", "Kd_Ruas_26": "06002", "Suffix_26": null, "Nm_Ruas_26": "PANTI - BTS. KOTA LUBUK SIKAPING", "Lintas_26": "JALAN LINTAS TENGAH", "No_Jbt_26": "06.002.024.0", "Nm_Jbt_26": "SUNGAI SALIBAWAN", "Status_26": "N", "Fungsi_26": "A", "Lks_Dr_26": "PDG", "Lks_km_26": 183.2, "F_STA_26": "1280", "Cadin_26": "LBS", "Pjg_Jbt_26": 20.7, "Btg_Pjg_26": 20.2, "Jml_Btg_26": "1", "Lb_Jl_Ms26": 6.1, "Lb_Jl_Kl26": 6.1, "Lb_Lalin26": 6.1, "Lb_Bh_Ki26": 0.32, "Lb_Bh_Ka26": 0.36, "Lb_Dr_Ki26": 0.08, "Lb_Dr_Ka26": 0.08, "Lb_Tr_Ki26": 1.2, "Lb_Tr_Ka26": 1.1, "Lb_TS_Ki26": 0.28, "Lb_TS_Ka26": 0.28, "Lb_Med_26": 0.0, "Lbr_Jbt_26": 9.8, "Bgn_Ats_26": "GPP", "Jns_Jbt_26": "STANDAR", "Thn_Bgn_26": "2023", "BA_26": "1", "LNT_26": "1", "BB_26": "1", "DAS_26": "1", "OP_26": "1", "UT_26": "0", "GR_26": "0", "LB_26": "0", "JBT_26": "1", "Tp_Lnts_26": "SUNGAI", "Dt_Lnts_26": "BERKELOK", "Pnangnn_26": "RUTIN", "Pmriksn_26": "TIDAK DISURVEI", "Pnglola_26": "BPJN SUMATERA BARAT", "Satkr_ID26": "693875", "PPK_Name26": "PPK 1.3", "Traffic_26": null, "VCR_26": "0.106", "AADT_26": null, "Tipe_Jb_26": null, "Lat_26": 0.24320200087169039, "Long_26": 100.11124420199999, "Tgl_Ins_26": "7\/10\/2024", "Ket_26": null }, "geometry": { "type": "Point", "coordinates": [ 100.111244201658621, 0.24320200087169 ] } },
{ "type": "Feature", "properties": { "KDRUAS_UPD": "06002", "NOJBT_UPD": "06.002.026.0", "NM_RUAS_UP": "PANTI - BTS. KOTA LUBUK SIKAPING", "NM_JBT_UPD": "AIR PEJAGAAN", "PROVINSI": "SUMATERA BARAT", "No_Prov_26": "06", "ID_Jbt_26": "0600049", "Kd_Ruas_26": "06002", "Suffix_26": null, "Nm_Ruas_26": "PANTI - BTS. KOTA LUBUK SIKAPING", "Lintas_26": "JALAN LINTAS TENGAH", "No_Jbt_26": "06.002.026.0", "Nm_Jbt_26": "AIR PEJAGAAN", "Status_26": "N", "Fungsi_26": "A", "Lks_Dr_26": "PDG", "Lks_km_26": 183.75, "F_STA_26": "1320", "Cadin_26": "LBS", "Pjg_Jbt_26": 10.2, "Btg_Pjg_26": 10.0, "Jml_Btg_26": "1", "Lb_Jl_Ms26": 6.0, "Lb_Jl_Kl26": 6.0, "Lb_Lalin26": 6.0, "Lb_Bh_Ki26": 0.3, "Lb_Bh_Ka26": 0.42, "Lb_Dr_Ki26": 0.1, "Lb_Dr_Ka26": 0.1, "Lb_Tr_Ki26": 0.92, "Lb_Tr_Ka26": 0.92, "Lb_TS_Ki26": 0.53, "Lb_TS_Ka26": 0.53, "Lb_Med_26": 0.0, "Lbr_Jbt_26": 9.82, "Bgn_Ats_26": "BTP", "Jns_Jbt_26": "STANDAR", "Thn_Bgn_26": "2022", "BA_26": "0", "LNT_26": "0", "BB_26": "0", "DAS_26": "0", "OP_26": "0", "UT_26": "0", "GR_26": "0", "LB_26": "0", "JBT_26": "0", "Tp_Lnts_26": "SUNGAI", "Dt_Lnts_26": "BERKELOK", "Pnangnn_26": "RUTIN", "Pmriksn_26": "TIDAK DISURVEI", "Pnglola_26": "BPJN SUMATERA BARAT", "Satkr_ID26": "693875", "PPK_Name26": "PPK 1.3", "Traffic_26": null, "VCR_26": "0.106", "AADT_26": null, "Tipe_Jb_26": null, "Lat_26": 0.24673900030467169, "Long_26": 100.109809875, "Tgl_Ins_26": "8\/7\/2022", "Ket_26": null }, "geometry": { "type": "Point", "coordinates": [ 100.109809874726011, 0.246739000304672 ] } },
{ "type": "Feature", "properties": { "KDRUAS_UPD": "06002", "NOJBT_UPD": "06.002.027.0", "NM_RUAS_UP": "PANTI - BTS. KOTA LUBUK SIKAPING", "NM_JBT_UPD": "BATANG SARIK", "PROVINSI": "SUMATERA BARAT", "No_Prov_26": "06", "ID_Jbt_26": "0600050", "Kd_Ruas_26": "06002", "Suffix_26": null, "Nm_Ruas_26": "PANTI - BTS. KOTA LUBUK SIKAPING", "Lintas_26": "JALAN LINTAS TENGAH", "No_Jbt_26": "06.002.027.0", "Nm_Jbt_26": "BATANG SARIK", "Status_26": "N", "Fungsi_26": "A", "Lks_Dr_26": "PDG", "Lks_km_26": 185.2, "F_STA_26": "1470", "Cadin_26": "LBS", "Pjg_Jbt_26": 7.4, "Btg_Pjg_26": 7.0, "Jml_Btg_26": "1", "Lb_Jl_Ms26": 5.2, "Lb_Jl_Kl26": 5.2, "Lb_Lalin26": 5.2, "Lb_Bh_Ki26": 1.91, "Lb_Bh_Ka26": 2.52, "Lb_Dr_Ki26": 0.0, "Lb_Dr_Ka26": 0.0, "Lb_Tr_Ki26": 0.0, "Lb_Tr_Ka26": 0.0, "Lb_TS_Ki26": 0.785, "Lb_TS_Ka26": 0.785, "Lb_Med_26": 0.0, "Lbr_Jbt_26": 11.2, "Bgn_Ats_26": "BTP", "Jns_Jbt_26": "STANDAR", "Thn_Bgn_26": "1980", "BA_26": "1", "LNT_26": "1", "BB_26": "0", "DAS_26": "1", "OP_26": "0", "UT_26": "0", "GR_26": "1", "LB_26": "0", "JBT_26": "1", "Tp_Lnts_26": "SUNGAI", "Dt_Lnts_26": "BERKELOK", "Pnangnn_26": "RUTIN", "Pmriksn_26": "RUTIN", "Pnglola_26": "BPJN SUMATERA BARAT", "Satkr_ID26": "693875", "PPK_Name26": "PPK 1.3", "Traffic_26": null, "VCR_26": "0.106", "AADT_26": null, "Tipe_Jb_26": null, "Lat_26": 0.25856700526310306, "Long_26": 100.106895447, "Tgl_Ins_26": "6\/26\/2024", "Ket_26": null }, "geometry": { "type": "Point", "coordinates": [ 100.106895447167233, 0.258567005263103 ] } },
{ "type": "Feature", "properties": { "KDRUAS_UPD": "06002", "NOJBT_UPD": "06.002.030.0", "NM_RUAS_UP": "PANTI - BTS. KOTA LUBUK SIKAPING", "NM_JBT_UPD": "AIR AMPANG GADANG 2", "PROVINSI": "SUMATERA BARAT", "No_Prov_26": "06", "ID_Jbt_26": "0600053", "Kd_Ruas_26": "06002", "Suffix_26": null, "Nm_Ruas_26": "PANTI - BTS. KOTA LUBUK SIKAPING", "Lintas_26": "JALAN LINTAS TENGAH", "No_Jbt_26": "06.002.030.0", "Nm_Jbt_26": "AIR AMPANG GADANG 2", "Status_26": "N", "Fungsi_26": "A", "Lks_Dr_26": "PDG", "Lks_km_26": 187.1, "F_STA_26": "1590", "Cadin_26": "LBS", "Pjg_Jbt_26": 6.0, "Btg_Pjg_26": 5.5, "Jml_Btg_26": "1", "Lb_Jl_Ms26": 5.05, "Lb_Jl_Kl26": 5.05, "Lb_Lalin26": 5.05, "Lb_Bh_Ki26": 1.08, "Lb_Bh_Ka26": 1.12, "Lb_Dr_Ki26": 0.0, "Lb_Dr_Ka26": 0.0, "Lb_Tr_Ki26": 0.0, "Lb_Tr_Ka26": 0.0, "Lb_TS_Ki26": 0.275, "Lb_TS_Ka26": 0.275, "Lb_Med_26": 0.0, "Lbr_Jbt_26": 7.8, "Bgn_Ats_26": "PTP", "Jns_Jbt_26": "STANDAR", "Thn_Bgn_26": "1970", "BA_26": "1", "LNT_26": "0", "BB_26": "0", "DAS_26": "1", "OP_26": "2", "UT_26": "0", "GR_26": "1", "LB_26": "0", "JBT_26": "2", "Tp_Lnts_26": "SUNGAI", "Dt_Lnts_26": "BERKELOK", "Pnangnn_26": "RUTIN", "Pmriksn_26": "RUTIN", "Pnglola_26": "BPJN SUMATERA BARAT", "Satkr_ID26": "693875", "PPK_Name26": "PPK 1.3", "Traffic_26": null, "VCR_26": "0.106", "AADT_26": null, "Tipe_Jb_26": null, "Lat_26": 0.26820299996853691, "Long_26": 100.110096, "Tgl_Ins_26": "6\/26\/2024", "Ket_26": null }, "geometry": { "type": "Point", "coordinates": [ 100.110096000330202, 0.268202999968537 ] } },
{ "type": "Feature", "properties": { "KDRUAS_UPD": "06002", "NOJBT_UPD": "06.002.031.0", "NM_RUAS_UP": "PANTI - BTS. KOTA LUBUK SIKAPING", "NM_JBT_UPD": "AIR PAGADIH", "PROVINSI": "SUMATERA BARAT", "No_Prov_26": "06", "ID_Jbt_26": "0600054", "Kd_Ruas_26": "06002", "Suffix_26": null, "Nm_Ruas_26": "PANTI - BTS. KOTA LUBUK SIKAPING", "Lintas_26": "JALAN LINTAS TENGAH", "No_Jbt_26": "06.002.031.0", "Nm_Jbt_26": "AIR PAGADIH", "Status_26": "N", "Fungsi_26": "A", "Lks_Dr_26": "PDG", "Lks_km_26": 189.2, "F_STA_26": "1880", "Cadin_26": "LBS", "Pjg_Jbt_26": 11.6, "Btg_Pjg_26": 11.0, "Jml_Btg_26": "1", "Lb_Jl_Ms26": 5.3, "Lb_Jl_Kl26": 5.3, "Lb_Lalin26": 5.3, "Lb_Bh_Ki26": 1.85, "Lb_Bh_Ka26": 1.65, "Lb_Dr_Ki26": 0.0, "Lb_Dr_Ka26": 0.0, "Lb_Tr_Ki26": 0.0, "Lb_Tr_Ka26": 0.0, "Lb_TS_Ki26": 0.35, "Lb_TS_Ka26": 0.35, "Lb_Med_26": 0.0, "Lbr_Jbt_26": 9.5, "Bgn_Ats_26": "GBP", "Jns_Jbt_26": "STANDAR", "Thn_Bgn_26": "1972", "BA_26": "2", "LNT_26": "2", "BB_26": "0", "DAS_26": "2", "OP_26": "0", "UT_26": "0", "GR_26": "0", "LB_26": "0", "JBT_26": "2", "Tp_Lnts_26": "SUNGAI", "Dt_Lnts_26": "BERKELOK", "Pnangnn_26": "RUTIN", "Pmriksn_26": "RUTIN", "Pnglola_26": "BPJN SUMATERA BARAT", "Satkr_ID26": "693875", "PPK_Name26": "PPK 1.3", "Traffic_26": null, "VCR_26": "0.106", "AADT_26": null, "Tipe_Jb_26": null, "Lat_26": 0.2903090121512264, "Long_26": 100.09902954099999, "Tgl_Ins_26": "6\/26\/2024", "Ket_26": null }, "geometry": { "type": "Point", "coordinates": [ 100.099029541280345, 0.290309012151226 ] } },
{ "type": "Feature", "properties": { "KDRUAS_UPD": "06002", "NOJBT_UPD": "06.002.034.0", "NM_RUAS_UP": "PANTI - BTS. KOTA LUBUK SIKAPING", "NM_JBT_UPD": "SUNGAI KAMPUNG PETOK", "PROVINSI": "SUMATERA BARAT", "No_Prov_26": "06", "ID_Jbt_26": "0600057", "Kd_Ruas_26": "06002", "Suffix_26": null, "Nm_Ruas_26": "PANTI - BTS. KOTA LUBUK SIKAPING", "Lintas_26": "JALAN LINTAS TENGAH", "No_Jbt_26": "06.002.034.0", "Nm_Jbt_26": "SUNGAI KAMPUNG PETOK", "Status_26": "N", "Fungsi_26": "A", "Lks_Dr_26": "PDG", "Lks_km_26": 191.1, "F_STA_26": "2070", "Cadin_26": "LBS", "Pjg_Jbt_26": 6.2, "Btg_Pjg_26": 6.0, "Jml_Btg_26": "1", "Lb_Jl_Ms26": 5.15, "Lb_Jl_Kl26": 5.15, "Lb_Lalin26": 5.15, "Lb_Bh_Ki26": 0.84, "Lb_Bh_Ka26": 1.1, "Lb_Dr_Ki26": 0.0, "Lb_Dr_Ka26": 0.0, "Lb_Tr_Ki26": 0.0, "Lb_Tr_Ka26": 0.0, "Lb_TS_Ki26": 0.43, "Lb_TS_Ka26": 0.43, "Lb_Med_26": 0.0, "Lbr_Jbt_26": 7.95, "Bgn_Ats_26": "PTP", "Jns_Jbt_26": "STANDAR", "Thn_Bgn_26": "1976", "BA_26": "1", "LNT_26": "1", "BB_26": "0", "DAS_26": "2", "OP_26": "0", "UT_26": "0", "GR_26": "0", "LB_26": "0", "JBT_26": "2", "Tp_Lnts_26": "SUNGAI", "Dt_Lnts_26": "BERKELOK", "Pnangnn_26": "RUTIN", "Pmriksn_26": "RUTIN", "Pnglola_26": "BPJN SUMATERA BARAT", "Satkr_ID26": "693875", "PPK_Name26": "PPK 1.3", "Traffic_26": null, "VCR_26": "0.106", "AADT_26": null, "Tipe_Jb_26": null, "Lat_26": 0.30482599182613512, "Long_26": 100.09059906000002, "Tgl_Ins_26": "6\/22\/2024", "Ket_26": null }, "geometry": { "type": "Point", "coordinates": [ 100.09059905989875, 0.304825991826135 ] } },
{ "type": "Feature", "properties": { "KDRUAS_UPD": "06002", "NOJBT_UPD": "06.002.035.0", "NM_RUAS_UP": "PANTI - BTS. KOTA LUBUK SIKAPING", "NM_JBT_UPD": "SUNGAI AIR PETOK", "PROVINSI": "SUMATERA BARAT", "No_Prov_26": "06", "ID_Jbt_26": "0600058", "Kd_Ruas_26": "06002", "Suffix_26": null, "Nm_Ruas_26": "PANTI - BTS. KOTA LUBUK SIKAPING", "Lintas_26": "JALAN LINTAS TENGAH", "No_Jbt_26": "06.002.035.0", "Nm_Jbt_26": "SUNGAI AIR PETOK", "Status_26": "N", "Fungsi_26": "A", "Lks_Dr_26": "PDG", "Lks_km_26": 191.6, "F_STA_26": "2120", "Cadin_26": "LBS", "Pjg_Jbt_26": 12.8, "Btg_Pjg_26": 12.3, "Jml_Btg_26": "1", "Lb_Jl_Ms26": 5.55, "Lb_Jl_Kl26": 5.55, "Lb_Lalin26": 5.55, "Lb_Bh_Ki26": 0.45, "Lb_Bh_Ka26": 0.83, "Lb_Dr_Ki26": 0.0, "Lb_Dr_Ka26": 0.0, "Lb_Tr_Ki26": 0.24, "Lb_Tr_Ka26": 0.25, "Lb_TS_Ki26": 0.0, "Lb_TS_Ka26": 0.0, "Lb_Med_26": 0.0, "Lbr_Jbt_26": 7.32, "Bgn_Ats_26": "GTP", "Jns_Jbt_26": "STANDAR", "Thn_Bgn_26": "1993", "BA_26": "1", "LNT_26": "1", "BB_26": "1", "DAS_26": "2", "OP_26": "0", "UT_26": "0", "GR_26": "0", "LB_26": "0", "JBT_26": "2", "Tp_Lnts_26": "SUNGAI", "Dt_Lnts_26": "BERKELOK", "Pnangnn_26": "RUTIN", "Pmriksn_26": "RUTIN", "Pnglola_26": "BPJN SUMATERA BARAT", "Satkr_ID26": "693875", "PPK_Name26": "PPK 1.3", "Traffic_26": null, "VCR_26": "0.106", "AADT_26": null, "Tipe_Jb_26": null, "Lat_26": 0.30859899494771525, "Long_26": 100.08817291299999, "Tgl_Ins_26": "9\/21\/2020", "Ket_26": null }, "geometry": { "type": "Point", "coordinates": [ 100.088172912949631, 0.308598994947715 ] } },
{ "type": "Feature", "properties": { "KDRUAS_UPD": "06002", "NOJBT_UPD": "06.002.038.A", "NM_RUAS_UP": "PANTI - BTS. KOTA LUBUK SIKAPING", "NM_JBT_UPD": "SEI.AIR SINTUK A", "PROVINSI": "SUMATERA BARAT", "No_Prov_26": "06", "ID_Jbt_26": "0600061", "Kd_Ruas_26": "06002", "Suffix_26": null, "Nm_Ruas_26": "PANTI - BTS. KOTA LUBUK SIKAPING", "Lintas_26": "JALAN LINTAS TENGAH", "No_Jbt_26": "06.002.038.A", "Nm_Jbt_26": "SEI.AIR SINTUK A", "Status_26": "N", "Fungsi_26": "A", "Lks_Dr_26": "PDG", "Lks_km_26": 197.7, "F_STA_26": "2780", "Cadin_26": "LBS", "Pjg_Jbt_26": 8.7, "Btg_Pjg_26": 8.2, "Jml_Btg_26": "1", "Lb_Jl_Ms26": 5.0, "Lb_Jl_Kl26": 5.0, "Lb_Lalin26": 5.0, "Lb_Bh_Ki26": 0.62, "Lb_Bh_Ka26": 0.5, "Lb_Dr_Ki26": 0.0, "Lb_Dr_Ka26": 0.0, "Lb_Tr_Ki26": 0.0, "Lb_Tr_Ka26": 0.0, "Lb_TS_Ki26": 0.29, "Lb_TS_Ka26": 0.29, "Lb_Med_26": 0.0, "Lbr_Jbt_26": 6.7, "Bgn_Ats_26": "GBP", "Jns_Jbt_26": "STANDAR", "Thn_Bgn_26": "1970", "BA_26": "2", "LNT_26": "0", "BB_26": "0", "DAS_26": "2", "OP_26": "0", "UT_26": "0", "GR_26": "0", "LB_26": "0", "JBT_26": "2", "Tp_Lnts_26": "SUNGAI", "Dt_Lnts_26": "BERKELOK", "Pnangnn_26": "RUTIN", "Pmriksn_26": "RUTIN", "Pnglola_26": "BPJN SUMATERA BARAT", "Satkr_ID26": "693875", "PPK_Name26": "PPK 1.3", "Traffic_26": null, "VCR_26": "0.106", "AADT_26": null, "Tipe_Jb_26": null, "Lat_26": 0.35914099196327243, "Long_26": 100.05979919400002, "Tgl_Ins_26": "6\/23\/2024", "Ket_26": null }, "geometry": { "type": "Point", "coordinates": [ 100.059799193577987, 0.359140991963272 ] } },
{ "type": "Feature", "properties": { "KDRUAS_UPD": "06002", "NOJBT_UPD": "06.002.038.B", "NM_RUAS_UP": "PANTI - BTS. KOTA LUBUK SIKAPING", "NM_JBT_UPD": "SEI.AIR SINTUK B", "PROVINSI": "SUMATERA BARAT", "No_Prov_26": "06", "ID_Jbt_26": "0600062", "Kd_Ruas_26": "06002", "Suffix_26": null, "Nm_Ruas_26": "PANTI - BTS. KOTA LUBUK SIKAPING", "Lintas_26": "JALAN LINTAS TENGAH", "No_Jbt_26": "06.002.038.B", "Nm_Jbt_26": "SEI.AIR SINTUK B", "Status_26": "N", "Fungsi_26": "A", "Lks_Dr_26": "PDG", "Lks_km_26": 197.7, "F_STA_26": "2780", "Cadin_26": "LBS", "Pjg_Jbt_26": 10.8, "Btg_Pjg_26": 10.0, "Jml_Btg_26": "1", "Lb_Jl_Ms26": 6.5, "Lb_Jl_Kl26": 6.5, "Lb_Lalin26": 6.5, "Lb_Bh_Ki26": 0.33, "Lb_Bh_Ka26": 0.41, "Lb_Dr_Ki26": 0.0, "Lb_Dr_Ka26": 0.0, "Lb_Tr_Ki26": 0.81, "Lb_Tr_Ka26": 0.81, "Lb_TS_Ki26": 0.42, "Lb_TS_Ka26": 0.42, "Lb_Med_26": 0.0, "Lbr_Jbt_26": 9.7, "Bgn_Ats_26": "GTP", "Jns_Jbt_26": "STANDAR", "Thn_Bgn_26": "2013", "BA_26": "2", "LNT_26": "1", "BB_26": "1", "DAS_26": "1", "OP_26": "0", "UT_26": "0", "GR_26": "0", "LB_26": "0", "JBT_26": "2", "Tp_Lnts_26": "SUNGAI", "Dt_Lnts_26": "BERKELOK", "Pnangnn_26": "RUTIN", "Pmriksn_26": "RUTIN", "Pnglola_26": "BPJN SUMATERA BARAT", "Satkr_ID26": "693875", "PPK_Name26": "PPK 1.3", "Traffic_26": null, "VCR_26": "0.106", "AADT_26": null, "Tipe_Jb_26": null, "Lat_26": 0.35911899814328763, "Long_26": 100.05989837600001, "Tgl_Ins_26": "9\/21\/2020", "Ket_26": null }, "geometry": { "type": "Point", "coordinates": [ 100.059898376209162, 0.359118998143288 ] } },
{ "type": "Feature", "properties": { "KDRUAS_UPD": "06003", "NOJBT_UPD": "06.003.002.0", "NM_RUAS_UP": "BTS. KOTA LUBUK SIKAPING - SP. KUMPULAN", "NM_JBT_UPD": "SUNGAI BATUNG BADARAH 2", "PROVINSI": "SUMATERA BARAT", "No_Prov_26": "06", "ID_Jbt_26": "0600067", "Kd_Ruas_26": "06003", "Suffix_26": null, "Nm_Ruas_26": "BTS. KOTA LUBUK SIKAPING - SP. KUMPULAN", "Lintas_26": "JALAN LINTAS TENGAH", "No_Jbt_26": "06.003.002.0", "Nm_Jbt_26": "SUNGAI BATUNG BADARAH 2", "Status_26": "N", "Fungsi_26": "A", "Lks_Dr_26": "PDG", "Lks_km_26": 143.02, "F_STA_26": "100", "Cadin_26": "LBS", "Pjg_Jbt_26": 6.7, "Btg_Pjg_26": 6.0, "Jml_Btg_26": "1", "Lb_Jl_Ms26": 5.0, "Lb_Jl_Kl26": 5.0, "Lb_Lalin26": 5.0, "Lb_Bh_Ki26": 1.17, "Lb_Bh_Ka26": 1.95, "Lb_Dr_Ki26": 0.0, "Lb_Dr_Ka26": 0.0, "Lb_Tr_Ki26": 0.0, "Lb_Tr_Ka26": 0.0, "Lb_TS_Ki26": 0.4, "Lb_TS_Ka26": 0.4, "Lb_Med_26": 0.0, "Lbr_Jbt_26": 8.92, "Bgn_Ats_26": "ETP", "Jns_Jbt_26": "STANDAR", "Thn_Bgn_26": "1970", "BA_26": "2", "LNT_26": "0", "BB_26": "0", "DAS_26": "1", "OP_26": "0", "UT_26": "0", "GR_26": "0", "LB_26": "0", "JBT_26": "2", "Tp_Lnts_26": "SUNGAI", "Dt_Lnts_26": "BERKELOK", "Pnangnn_26": "RUTIN", "Pmriksn_26": "RUTIN", "Pnglola_26": "BPJN SUMATERA BARAT", "Satkr_ID26": "693875", "PPK_Name26": "PPK 1.3", "Traffic_26": null, "VCR_26": "0.087", "AADT_26": null, "Tipe_Jb_26": null, "Lat_26": -0.040731999582099998, "Long_26": 100.21250915500001, "Tgl_Ins_26": "6\/23\/2024", "Ket_26": null }, "geometry": { "type": "Point", "coordinates": [ 100.212509154573866, -0.040731999582079 ] } },
{ "type": "Feature", "properties": { "KDRUAS_UPD": "06003", "NOJBT_UPD": "06.003.003.0", "NM_RUAS_UP": "BTS. KOTA LUBUK SIKAPING - SP. KUMPULAN", "NM_JBT_UPD": "SUNGAI MUSUS", "PROVINSI": "SUMATERA BARAT", "No_Prov_26": "06", "ID_Jbt_26": "0600068", "Kd_Ruas_26": "06003", "Suffix_26": null, "Nm_Ruas_26": "BTS. KOTA LUBUK SIKAPING - SP. KUMPULAN", "Lintas_26": "JALAN LINTAS TENGAH", "No_Jbt_26": "06.003.003.0", "Nm_Jbt_26": "SUNGAI MUSUS", "Status_26": "N", "Fungsi_26": "A", "Lks_Dr_26": "PDG", "Lks_km_26": 145.38, "F_STA_26": "330", "Cadin_26": "LBS", "Pjg_Jbt_26": 20.7, "Btg_Pjg_26": 20.0, "Jml_Btg_26": "1", "Lb_Jl_Ms26": 6.2, "Lb_Jl_Kl26": 6.2, "Lb_Lalin26": 6.2, "Lb_Bh_Ki26": 0.67, "Lb_Bh_Ka26": 0.51, "Lb_Dr_Ki26": 0.0, "Lb_Dr_Ka26": 0.0, "Lb_Tr_Ki26": 0.81, "Lb_Tr_Ka26": 0.82, "Lb_TS_Ki26": 0.22, "Lb_TS_Ka26": 0.22, "Lb_Med_26": 0.0, "Lbr_Jbt_26": 9.45, "Bgn_Ats_26": "GTP", "Jns_Jbt_26": "STANDAR", "Thn_Bgn_26": "1975", "BA_26": "3", "LNT_26": "1", "BB_26": "2", "DAS_26": "2", "OP_26": "1", "UT_26": "1", "GR_26": "0", "LB_26": "0", "JBT_26": "3", "Tp_Lnts_26": "SUNGAI", "Dt_Lnts_26": "BERKELOK", "Pnangnn_26": "RUTIN", "Pmriksn_26": "DETAIL", "Pnglola_26": "BPJN SUMATERA BARAT", "Satkr_ID26": "693875", "PPK_Name26": "PPK 1.3", "Traffic_26": null, "VCR_26": "0.087", "AADT_26": null, "Tipe_Jb_26": null, "Lat_26": -0.027643999470999998, "Long_26": 100.21890258800001, "Tgl_Ins_26": "5\/15\/2026", "Ket_26": null }, "geometry": { "type": "Point", "coordinates": [ 100.218902587884202, -0.027643999470968 ] } },
{ "type": "Feature", "properties": { "KDRUAS_UPD": "06003", "NOJBT_UPD": "06.003.004.0", "NM_RUAS_UP": "BTS. KOTA LUBUK SIKAPING - SP. KUMPULAN", "NM_JBT_UPD": "SUNGAI MALANDU", "PROVINSI": "SUMATERA BARAT", "No_Prov_26": "06", "ID_Jbt_26": "0600069", "Kd_Ruas_26": "06003", "Suffix_26": null, "Nm_Ruas_26": "BTS. KOTA LUBUK SIKAPING - SP. KUMPULAN", "Lintas_26": "JALAN LINTAS TENGAH", "No_Jbt_26": "06.003.004.0", "Nm_Jbt_26": "SUNGAI MALANDU", "Status_26": "N", "Fungsi_26": "A", "Lks_Dr_26": "PDG", "Lks_km_26": 146.03, "F_STA_26": "400", "Cadin_26": "LBS", "Pjg_Jbt_26": 20.9, "Btg_Pjg_26": 20.0, "Jml_Btg_26": "1", "Lb_Jl_Ms26": 5.8, "Lb_Jl_Kl26": 5.8, "Lb_Lalin26": 5.8, "Lb_Bh_Ki26": 0.0, "Lb_Bh_Ka26": 0.0, "Lb_Dr_Ki26": 0.0, "Lb_Dr_Ka26": 0.0, "Lb_Tr_Ki26": 0.51, "Lb_Tr_Ka26": 0.53, "Lb_TS_Ki26": 0.13, "Lb_TS_Ka26": 0.13, "Lb_Med_26": 0.0, "Lbr_Jbt_26": 7.1, "Bgn_Ats_26": "GBP", "Jns_Jbt_26": "STANDAR", "Thn_Bgn_26": "1988", "BA_26": "2", "LNT_26": "2", "BB_26": "2", "DAS_26": "2", "OP_26": "0", "UT_26": "0", "GR_26": "0", "LB_26": "0", "JBT_26": "2", "Tp_Lnts_26": "SUNGAI", "Dt_Lnts_26": "BERKELOK", "Pnangnn_26": "RUTIN", "Pmriksn_26": "DETAIL", "Pnglola_26": "BPJN SUMATERA BARAT", "Satkr_ID26": "693875", "PPK_Name26": "PPK 1.3", "Traffic_26": null, "VCR_26": "0.087", "AADT_26": null, "Tipe_Jb_26": null, "Lat_26": -0.021565999771, "Long_26": 100.219688416, "Tgl_Ins_26": "5\/31\/2026", "Ket_26": null }, "geometry": { "type": "Point", "coordinates": [ 100.219688416387385, -0.021565999771042 ] } },
{ "type": "Feature", "properties": { "KDRUAS_UPD": "06003", "NOJBT_UPD": "06.003.005.0", "NM_RUAS_UP": "BTS. KOTA LUBUK SIKAPING - SP. KUMPULAN", "NM_JBT_UPD": "SUNGAI MANGGANI", "PROVINSI": "SUMATERA BARAT", "No_Prov_26": "06", "ID_Jbt_26": "0600070", "Kd_Ruas_26": "06003", "Suffix_26": null, "Nm_Ruas_26": "BTS. KOTA LUBUK SIKAPING - SP. KUMPULAN", "Lintas_26": "JALAN LINTAS TENGAH", "No_Jbt_26": "06.003.005.0", "Nm_Jbt_26": "SUNGAI MANGGANI", "Status_26": "N", "Fungsi_26": "A", "Lks_Dr_26": "PDG", "Lks_km_26": 151.65, "F_STA_26": "970", "Cadin_26": "LBS", "Pjg_Jbt_26": 61.7, "Btg_Pjg_26": 61.0, "Jml_Btg_26": "1", "Lb_Jl_Ms26": 4.9, "Lb_Jl_Kl26": 4.9, "Lb_Lalin26": 4.9, "Lb_Bh_Ki26": 0.39, "Lb_Bh_Ka26": 0.39, "Lb_Dr_Ki26": 0.1, "Lb_Dr_Ka26": 0.1, "Lb_Tr_Ki26": 0.52, "Lb_Tr_Ka26": 0.52, "Lb_TS_Ki26": 0.0, "Lb_TS_Ka26": 0.0, "Lb_Med_26": 0.0, "Lbr_Jbt_26": 6.92, "Bgn_Ats_26": "RBB", "Jns_Jbt_26": "STANDAR", "Thn_Bgn_26": "1981", "BA_26": "2", "LNT_26": "2", "BB_26": "2", "DAS_26": "2", "OP_26": "1", "UT_26": "0", "GR_26": "0", "LB_26": "0", "JBT_26": "2", "Tp_Lnts_26": "SUNGAI", "Dt_Lnts_26": "BERKELOK", "Pnangnn_26": "RUTIN", "Pmriksn_26": "RUTIN", "Pnglola_26": "BPJN SUMATERA BARAT", "Satkr_ID26": "693875", "PPK_Name26": "PPK 1.3", "Traffic_26": null, "VCR_26": "0.087", "AADT_26": null, "Tipe_Jb_26": null, "Lat_26": 0.026253000275801242, "Long_26": 100.223251343, "Tgl_Ins_26": "7\/9\/2025", "Ket_26": null }, "geometry": { "type": "Point", "coordinates": [ 100.22325134327491, 0.026253000275801 ] } },
{ "type": "Feature", "properties": { "KDRUAS_UPD": "06003", "NOJBT_UPD": "06.003.006.0", "NM_RUAS_UP": "BTS. KOTA LUBUK SIKAPING - SP. KUMPULAN", "NM_JBT_UPD": "SUNGAI KAMBAHAN", "PROVINSI": "SUMATERA BARAT", "No_Prov_26": "06", "ID_Jbt_26": "0600071", "Kd_Ruas_26": "06003", "Suffix_26": null, "Nm_Ruas_26": "BTS. KOTA LUBUK SIKAPING - SP. KUMPULAN", "Lintas_26": "JALAN LINTAS TENGAH", "No_Jbt_26": "06.003.006.0", "Nm_Jbt_26": "SUNGAI KAMBAHAN", "Status_26": "N", "Fungsi_26": "A", "Lks_Dr_26": "PDG", "Lks_km_26": 152.65, "F_STA_26": "1010", "Cadin_26": "LBS", "Pjg_Jbt_26": 36.3, "Btg_Pjg_26": 36.0, "Jml_Btg_26": "1", "Lb_Jl_Ms26": 4.6, "Lb_Jl_Kl26": 4.6, "Lb_Lalin26": 4.6, "Lb_Bh_Ki26": 0.45, "Lb_Bh_Ka26": 0.68, "Lb_Dr_Ki26": 0.0, "Lb_Dr_Ka26": 0.0, "Lb_Tr_Ki26": 0.52, "Lb_Tr_Ka26": 0.53, "Lb_TS_Ki26": 0.0, "Lb_TS_Ka26": 0.0, "Lb_Med_26": 0.0, "Lbr_Jbt_26": 6.78, "Bgn_Ats_26": "RBB", "Jns_Jbt_26": "STANDAR", "Thn_Bgn_26": "1981", "BA_26": "2", "LNT_26": "1", "BB_26": "2", "DAS_26": "2", "OP_26": "0", "UT_26": "0", "GR_26": "0", "LB_26": "0", "JBT_26": "2", "Tp_Lnts_26": "SUNGAI", "Dt_Lnts_26": "BERKELOK", "Pnangnn_26": "RUTIN", "Pmriksn_26": "RUTIN", "Pnglola_26": "BPJN SUMATERA BARAT", "Satkr_ID26": "693875", "PPK_Name26": "PPK 1.3", "Traffic_26": null, "VCR_26": "0.087", "AADT_26": null, "Tipe_Jb_26": null, "Lat_26": 0.029308000863579761, "Long_26": 100.221374512, "Tgl_Ins_26": "7\/10\/2025", "Ket_26": null }, "geometry": { "type": "Point", "coordinates": [ 100.2213745121241, 0.02930800086358 ] } },
{ "type": "Feature", "properties": { "KDRUAS_UPD": "06003", "NOJBT_UPD": "06.003.007.0", "NM_RUAS_UP": "BTS. KOTA LUBUK SIKAPING - SP. KUMPULAN", "NM_JBT_UPD": "SUNGAI LANGKUT", "PROVINSI": "SUMATERA BARAT", "No_Prov_26": "06", "ID_Jbt_26": "0600072", "Kd_Ruas_26": "06003", "Suffix_26": null, "Nm_Ruas_26": "BTS. KOTA LUBUK SIKAPING - SP. KUMPULAN", "Lintas_26": "JALAN LINTAS TENGAH", "No_Jbt_26": "06.003.007.0", "Nm_Jbt_26": "SUNGAI LANGKUT", "Status_26": "N", "Fungsi_26": "A", "Lks_Dr_26": "PDG", "Lks_km_26": 152.7, "F_STA_26": "1060", "Cadin_26": "LBS", "Pjg_Jbt_26": 14.2, "Btg_Pjg_26": 14.0, "Jml_Btg_26": "1", "Lb_Jl_Ms26": 5.0, "Lb_Jl_Kl26": 5.0, "Lb_Lalin26": 5.0, "Lb_Bh_Ki26": 0.48, "Lb_Bh_Ka26": 0.48, "Lb_Dr_Ki26": 0.1, "Lb_Dr_Ka26": 0.1, "Lb_Tr_Ki26": 0.2, "Lb_Tr_Ka26": 0.14, "Lb_TS_Ki26": 0.25, "Lb_TS_Ka26": 0.25, "Lb_Med_26": 0.0, "Lbr_Jbt_26": 7.0, "Bgn_Ats_26": "GTP", "Jns_Jbt_26": "STANDAR", "Thn_Bgn_26": "1980", "BA_26": "2", "LNT_26": "2", "BB_26": "2", "DAS_26": "1", "OP_26": "0", "UT_26": "0", "GR_26": "0", "LB_26": "0", "JBT_26": "2", "Tp_Lnts_26": "SUNGAI", "Dt_Lnts_26": "BERKELOK", "Pnangnn_26": "RUTIN", "Pmriksn_26": "RUTIN", "Pnglola_26": "BPJN SUMATERA BARAT", "Satkr_ID26": "693875", "PPK_Name26": "PPK 1.3", "Traffic_26": null, "VCR_26": "0.087", "AADT_26": null, "Tipe_Jb_26": null, "Lat_26": 0.033245000756210168, "Long_26": 100.22176361099999, "Tgl_Ins_26": "6\/23\/2024", "Ket_26": null }, "geometry": { "type": "Point", "coordinates": [ 100.221763611001904, 0.03324500075621 ] } },
{ "type": "Feature", "properties": { "KDRUAS_UPD": "06003", "NOJBT_UPD": "06.003.008.0", "NM_RUAS_UP": "BTS. KOTA LUBUK SIKAPING - SP. KUMPULAN", "NM_JBT_UPD": "SEI LURAH DALAM", "PROVINSI": "SUMATERA BARAT", "No_Prov_26": "06", "ID_Jbt_26": "0600073", "Kd_Ruas_26": "06003", "Suffix_26": null, "Nm_Ruas_26": "BTS. KOTA LUBUK SIKAPING - SP. KUMPULAN", "Lintas_26": "JALAN LINTAS TENGAH", "No_Jbt_26": "06.003.008.0", "Nm_Jbt_26": "SEI LURAH DALAM", "Status_26": "N", "Fungsi_26": "A", "Lks_Dr_26": "PDG", "Lks_km_26": 154.08, "F_STA_26": "1200", "Cadin_26": "LBS", "Pjg_Jbt_26": 21.1, "Btg_Pjg_26": 6.0, "Jml_Btg_26": "3", "Lb_Jl_Ms26": 7.0, "Lb_Jl_Kl26": 7.5, "Lb_Lalin26": 7.5, "Lb_Bh_Ki26": 0.3, "Lb_Bh_Ka26": 0.3, "Lb_Dr_Ki26": 0.0, "Lb_Dr_Ka26": 0.0, "Lb_Tr_Ki26": 0.95, "Lb_Tr_Ka26": 0.88, "Lb_TS_Ki26": 0.385, "Lb_TS_Ka26": 0.385, "Lb_Med_26": 0.0, "Lbr_Jbt_26": 10.7, "Bgn_Ats_26": "ETP", "Jns_Jbt_26": "STANDAR", "Thn_Bgn_26": "1994", "BA_26": "2", "LNT_26": "2", "BB_26": "0", "DAS_26": "2", "OP_26": "0", "UT_26": "1", "GR_26": "0", "LB_26": "0", "JBT_26": "2", "Tp_Lnts_26": "SUNGAI", "Dt_Lnts_26": "BERKELOK", "Pnangnn_26": "RUTIN", "Pmriksn_26": "RUTIN", "Pnglola_26": "BPJN SUMATERA BARAT", "Satkr_ID26": "693875", "PPK_Name26": "PPK 1.3", "Traffic_26": null, "VCR_26": "0.087", "AADT_26": null, "Tipe_Jb_26": null, "Lat_26": 0.04202299906222607, "Long_26": 100.218353271, "Tgl_Ins_26": "6\/24\/2023", "Ket_26": null }, "geometry": { "type": "Point", "coordinates": [ 100.218353271186572, 0.042022999062226 ] } },
{ "type": "Feature", "properties": { "KDRUAS_UPD": "06003", "NOJBT_UPD": "06.003.009.0", "NM_RUAS_UP": "BTS. KOTA LUBUK SIKAPING - SP. KUMPULAN", "NM_JBT_UPD": "SUNGAI MARUMUK", "PROVINSI": "SUMATERA BARAT", "No_Prov_26": "06", "ID_Jbt_26": "0600074", "Kd_Ruas_26": "06003", "Suffix_26": null, "Nm_Ruas_26": "BTS. KOTA LUBUK SIKAPING - SP. KUMPULAN", "Lintas_26": "JALAN LINTAS TENGAH", "No_Jbt_26": "06.003.009.0", "Nm_Jbt_26": "SUNGAI MARUMUK", "Status_26": "N", "Fungsi_26": "A", "Lks_Dr_26": "PDG", "Lks_km_26": 154.6, "F_STA_26": "1250", "Cadin_26": "LBS", "Pjg_Jbt_26": 16.1, "Btg_Pjg_26": 15.5, "Jml_Btg_26": "1", "Lb_Jl_Ms26": 7.5, "Lb_Jl_Kl26": 7.5, "Lb_Lalin26": 7.7, "Lb_Bh_Ki26": 0.39, "Lb_Bh_Ka26": 0.31, "Lb_Dr_Ki26": 0.0, "Lb_Dr_Ka26": 0.0, "Lb_Tr_Ki26": 0.55, "Lb_Tr_Ka26": 0.5, "Lb_TS_Ki26": 0.34, "Lb_TS_Ka26": 0.34, "Lb_Med_26": 0.0, "Lbr_Jbt_26": 10.13, "Bgn_Ats_26": "ETP", "Jns_Jbt_26": "STANDAR", "Thn_Bgn_26": "1970", "BA_26": "2", "LNT_26": "1", "BB_26": "0", "DAS_26": "1", "OP_26": "2", "UT_26": "0", "GR_26": "0", "LB_26": "0", "JBT_26": "2", "Tp_Lnts_26": "SUNGAI", "Dt_Lnts_26": "BERKELOK", "Pnangnn_26": "RUTIN", "Pmriksn_26": "RUTIN", "Pnglola_26": "BPJN SUMATERA BARAT", "Satkr_ID26": "693875", "PPK_Name26": "PPK 1.3", "Traffic_26": null, "VCR_26": "0.087", "AADT_26": null, "Tipe_Jb_26": null, "Lat_26": 0.044153001060180941, "Long_26": 100.21522522, "Tgl_Ins_26": "6\/23\/2024", "Ket_26": null }, "geometry": { "type": "Point", "coordinates": [ 100.21522521956831, 0.044153001060181 ] } },
{ "type": "Feature", "properties": { "KDRUAS_UPD": "06003", "NOJBT_UPD": "06.003.011.0", "NM_RUAS_UP": "BTS. KOTA LUBUK SIKAPING - SP. KUMPULAN", "NM_JBT_UPD": "SUNGAI LUNDANG", "PROVINSI": "SUMATERA BARAT", "No_Prov_26": "06", "ID_Jbt_26": "0600076", "Kd_Ruas_26": "06003", "Suffix_26": null, "Nm_Ruas_26": "BTS. KOTA LUBUK SIKAPING - SP. KUMPULAN", "Lintas_26": "JALAN LINTAS TENGAH", "No_Jbt_26": "06.003.011.0", "Nm_Jbt_26": "SUNGAI LUNDANG", "Status_26": "N", "Fungsi_26": "A", "Lks_Dr_26": "PDG", "Lks_km_26": 156.35, "F_STA_26": "1470", "Cadin_26": "LBS", "Pjg_Jbt_26": 7.2, "Btg_Pjg_26": 7.0, "Jml_Btg_26": "1", "Lb_Jl_Ms26": 6.1, "Lb_Jl_Kl26": 6.1, "Lb_Lalin26": 6.1, "Lb_Bh_Ki26": 1.2, "Lb_Bh_Ka26": 1.73, "Lb_Dr_Ki26": 0.0, "Lb_Dr_Ka26": 0.0, "Lb_Tr_Ki26": 0.0, "Lb_Tr_Ka26": 0.0, "Lb_TS_Ki26": 0.34, "Lb_TS_Ka26": 0.34, "Lb_Med_26": 0.0, "Lbr_Jbt_26": 9.71, "Bgn_Ats_26": "EDP", "Jns_Jbt_26": "STANDAR", "Thn_Bgn_26": "1970", "BA_26": "2", "LNT_26": "0", "BB_26": "0", "DAS_26": "1", "OP_26": "0", "UT_26": "0", "GR_26": "0", "LB_26": "0", "JBT_26": "2", "Tp_Lnts_26": "SUNGAI", "Dt_Lnts_26": "BERKELOK", "Pnangnn_26": "RUTIN", "Pmriksn_26": "RUTIN", "Pnglola_26": "BPJN SUMATERA BARAT", "Satkr_ID26": "693875", "PPK_Name26": "PPK 1.3", "Traffic_26": null, "VCR_26": "0.087", "AADT_26": null, "Tipe_Jb_26": null, "Lat_26": 0.055452998756948098, "Long_26": 100.211097717, "Tgl_Ins_26": "6\/23\/2024", "Ket_26": null }, "geometry": { "type": "Point", "coordinates": [ 100.211097717185964, 0.055452998756948 ] } },
{ "type": "Feature", "properties": { "KDRUAS_UPD": "06004", "NOJBT_UPD": "06.004.001.0", "NM_RUAS_UP": "SP. KUMPULAN - BTS. KOTA BUKIT TINGGI", "NM_JBT_UPD": "SARASAH", "PROVINSI": "SUMATERA BARAT", "No_Prov_26": "06", "ID_Jbt_26": "0600077", "Kd_Ruas_26": "06004", "Suffix_26": null, "Nm_Ruas_26": "SP. KUMPULAN - BTS. KOTA BUKIT TINGGI", "Lintas_26": "JALAN LINTAS TENGAH", "No_Jbt_26": "06.004.001.0", "Nm_Jbt_26": "SARASAH", "Status_26": "N", "Fungsi_26": "A", "Lks_Dr_26": "PDG", "Lks_km_26": 101.8, "F_STA_26": "730", "Cadin_26": "LBS", "Pjg_Jbt_26": 6.0, "Btg_Pjg_26": 5.5, "Jml_Btg_26": "1", "Lb_Jl_Ms26": 5.0, "Lb_Jl_Kl26": 5.0, "Lb_Lalin26": 5.0, "Lb_Bh_Ki26": 3.04, "Lb_Bh_Ka26": 0.82, "Lb_Dr_Ki26": 0.0, "Lb_Dr_Ka26": 0.0, "Lb_Tr_Ki26": 0.0, "Lb_Tr_Ka26": 0.0, "Lb_TS_Ki26": 0.37, "Lb_TS_Ka26": 0.37, "Lb_Med_26": 0.0, "Lbr_Jbt_26": 9.6, "Bgn_Ats_26": "ETP", "Jns_Jbt_26": "STANDAR", "Thn_Bgn_26": "1985", "BA_26": "2", "LNT_26": "2", "BB_26": "2", "DAS_26": "1", "OP_26": "1", "UT_26": "0", "GR_26": "0", "LB_26": "0", "JBT_26": "2", "Tp_Lnts_26": "SUNGAI", "Dt_Lnts_26": "BERKELOK", "Pnangnn_26": "RUTIN", "Pmriksn_26": "DETAIL", "Pnglola_26": "BPJN SUMATERA BARAT", "Satkr_ID26": "693875", "PPK_Name26": "PPK 1.3", "Traffic_26": null, "VCR_26": "0.146", "AADT_26": null, "Tipe_Jb_26": null, "Lat_26": -0.24509499983399999, "Long_26": 100.34615325900002, "Tgl_Ins_26": "6\/8\/2026", "Ket_26": null }, "geometry": { "type": "Point", "coordinates": [ 100.346153258865854, -0.24509499983435 ] } },
{ "type": "Feature", "properties": { "KDRUAS_UPD": "06004", "NOJBT_UPD": "06.004.003.0", "NM_RUAS_UP": "SP. KUMPULAN - BTS. KOTA BUKIT TINGGI", "NM_JBT_UPD": "PAPURUK", "PROVINSI": "SUMATERA BARAT", "No_Prov_26": "06", "ID_Jbt_26": "0600079", "Kd_Ruas_26": "06004", "Suffix_26": null, "Nm_Ruas_26": "SP. KUMPULAN - BTS. KOTA BUKIT TINGGI", "Lintas_26": "JALAN LINTAS TENGAH", "No_Jbt_26": "06.004.003.0", "Nm_Jbt_26": "PAPURUK", "Status_26": "N", "Fungsi_26": "A", "Lks_Dr_26": "PDG", "Lks_km_26": 104.1, "F_STA_26": "960", "Cadin_26": "LBS", "Pjg_Jbt_26": 7.6, "Btg_Pjg_26": 7.0, "Jml_Btg_26": "1", "Lb_Jl_Ms26": 4.7, "Lb_Jl_Kl26": 4.7, "Lb_Lalin26": 4.7, "Lb_Bh_Ki26": 0.71, "Lb_Bh_Ka26": 1.6, "Lb_Dr_Ki26": 0.0, "Lb_Dr_Ka26": 0.0, "Lb_Tr_Ki26": 0.0, "Lb_Tr_Ka26": 0.0, "Lb_TS_Ki26": 0.495, "Lb_TS_Ka26": 0.495, "Lb_Med_26": 0.0, "Lbr_Jbt_26": 8.0, "Bgn_Ats_26": "ETP", "Jns_Jbt_26": "STANDAR", "Thn_Bgn_26": "1985", "BA_26": "2", "LNT_26": "2", "BB_26": "1", "DAS_26": "0", "OP_26": "1", "UT_26": "0", "GR_26": "0", "LB_26": "0", "JBT_26": "2", "Tp_Lnts_26": "SUNGAI", "Dt_Lnts_26": "BERKELOK", "Pnangnn_26": "RUTIN", "Pmriksn_26": "DETAIL", "Pnglola_26": "BPJN SUMATERA BARAT", "Satkr_ID26": "693875", "PPK_Name26": "PPK 1.3", "Traffic_26": null, "VCR_26": "0.146", "AADT_26": null, "Tipe_Jb_26": null, "Lat_26": -0.23379799688, "Long_26": 100.33643341099999, "Tgl_Ins_26": "6\/8\/2026", "Ket_26": null }, "geometry": { "type": "Point", "coordinates": [ 100.336433411372923, -0.233797996880014 ] } },
{ "type": "Feature", "properties": { "KDRUAS_UPD": "06004", "NOJBT_UPD": "06.004.004.0", "NM_RUAS_UP": "SP. KUMPULAN - BTS. KOTA BUKIT TINGGI", "NM_JBT_UPD": "JAMBU AIR", "PROVINSI": "SUMATERA BARAT", "No_Prov_26": "06", "ID_Jbt_26": "0600080", "Kd_Ruas_26": "06004", "Suffix_26": null, "Nm_Ruas_26": "SP. KUMPULAN - BTS. KOTA BUKIT TINGGI", "Lintas_26": "JALAN LINTAS TENGAH", "No_Jbt_26": "06.004.004.0", "Nm_Jbt_26": "JAMBU AIR", "Status_26": "N", "Fungsi_26": "A", "Lks_Dr_26": "PDG", "Lks_km_26": 105.8, "F_STA_26": "1110", "Cadin_26": "LBS", "Pjg_Jbt_26": 6.2, "Btg_Pjg_26": 6.0, "Jml_Btg_26": "1", "Lb_Jl_Ms26": 4.8, "Lb_Jl_Kl26": 4.8, "Lb_Lalin26": 4.8, "Lb_Bh_Ki26": 0.72, "Lb_Bh_Ka26": 0.66, "Lb_Dr_Ki26": 0.0, "Lb_Dr_Ka26": 0.0, "Lb_Tr_Ki26": 0.0, "Lb_Tr_Ka26": 0.0, "Lb_TS_Ki26": 0.21, "Lb_TS_Ka26": 0.21, "Lb_Med_26": 0.0, "Lbr_Jbt_26": 6.6, "Bgn_Ats_26": "PTP", "Jns_Jbt_26": "STANDAR", "Thn_Bgn_26": "1970", "BA_26": "1", "LNT_26": "1", "BB_26": "2", "DAS_26": "2", "OP_26": "0", "UT_26": "0", "GR_26": "0", "LB_26": "0", "JBT_26": "2", "Tp_Lnts_26": "SUNGAI", "Dt_Lnts_26": "BERKELOK", "Pnangnn_26": "RUTIN", "Pmriksn_26": "RUTIN", "Pnglola_26": "BPJN SUMATERA BARAT", "Satkr_ID26": "693875", "PPK_Name26": "PPK 1.3", "Traffic_26": null, "VCR_26": "0.146", "AADT_26": null, "Tipe_Jb_26": null, "Lat_26": -0.223024993808, "Long_26": 100.33186340299999, "Tgl_Ins_26": "6\/23\/2024", "Ket_26": null }, "geometry": { "type": "Point", "coordinates": [ 100.331863402973738, -0.223024993808394 ] } },
{ "type": "Feature", "properties": { "KDRUAS_UPD": "06004", "NOJBT_UPD": "06.004.005.0", "NM_RUAS_UP": "SP. KUMPULAN - BTS. KOTA BUKIT TINGGI", "NM_JBT_UPD": "BATU GADANG", "PROVINSI": "SUMATERA BARAT", "No_Prov_26": "06", "ID_Jbt_26": "0600081", "Kd_Ruas_26": "06004", "Suffix_26": null, "Nm_Ruas_26": "SP. KUMPULAN - BTS. KOTA BUKIT TINGGI", "Lintas_26": "JALAN LINTAS TENGAH", "No_Jbt_26": "06.004.005.0", "Nm_Jbt_26": "BATU GADANG", "Status_26": "N", "Fungsi_26": "A", "Lks_Dr_26": "PDG", "Lks_km_26": 106.05, "F_STA_26": "1140", "Cadin_26": "LBS", "Pjg_Jbt_26": 9.4, "Btg_Pjg_26": 9.0, "Jml_Btg_26": "1", "Lb_Jl_Ms26": 5.8, "Lb_Jl_Kl26": 6.1, "Lb_Lalin26": 6.1, "Lb_Bh_Ki26": 1.38, "Lb_Bh_Ka26": 1.43, "Lb_Dr_Ki26": 0.0, "Lb_Dr_Ka26": 0.0, "Lb_Tr_Ki26": 0.0, "Lb_Tr_Ka26": 0.0, "Lb_TS_Ki26": 0.295, "Lb_TS_Ka26": 0.295, "Lb_Med_26": 0.0, "Lbr_Jbt_26": 9.5, "Bgn_Ats_26": "GTP", "Jns_Jbt_26": "STANDAR", "Thn_Bgn_26": "1976", "BA_26": "1", "LNT_26": "1", "BB_26": "1", "DAS_26": "1", "OP_26": "2", "UT_26": "0", "GR_26": "0", "LB_26": "0", "JBT_26": "2", "Tp_Lnts_26": "SUNGAI", "Dt_Lnts_26": "BERKELOK", "Pnangnn_26": "RUTIN", "Pmriksn_26": "RUTIN", "Pnglola_26": "BPJN SUMATERA BARAT", "Satkr_ID26": "693875", "PPK_Name26": "PPK 1.3", "Traffic_26": null, "VCR_26": "0.146", "AADT_26": null, "Tipe_Jb_26": null, "Lat_26": -0.22076399656099999, "Long_26": 100.33265686000001, "Tgl_Ins_26": "6\/23\/2024", "Ket_26": null }, "geometry": { "type": "Point", "coordinates": [ 100.3326568604258, -0.220763996561118 ] } },
{ "type": "Feature", "properties": { "KDRUAS_UPD": "06004", "NOJBT_UPD": "06.004.007.0", "NM_RUAS_UP": "SP. KUMPULAN - BTS. KOTA BUKIT TINGGI", "NM_JBT_UPD": "PAKUNDURAN", "PROVINSI": "SUMATERA BARAT", "No_Prov_26": "06", "ID_Jbt_26": "0600083", "Kd_Ruas_26": "06004", "Suffix_26": null, "Nm_Ruas_26": "SP. KUMPULAN - BTS. KOTA BUKIT TINGGI", "Lintas_26": "JALAN LINTAS TENGAH", "No_Jbt_26": "06.004.007.0", "Nm_Jbt_26": "PAKUNDURAN", "Status_26": "N", "Fungsi_26": "A", "Lks_Dr_26": "PDG", "Lks_km_26": 108.65, "F_STA_26": "1400", "Cadin_26": "LBS", "Pjg_Jbt_26": 20.6, "Btg_Pjg_26": 20.0, "Jml_Btg_26": "1", "Lb_Jl_Ms26": 6.9, "Lb_Jl_Kl26": 6.9, "Lb_Lalin26": 6.9, "Lb_Bh_Ki26": 0.0, "Lb_Bh_Ka26": 0.0, "Lb_Dr_Ki26": 0.0, "Lb_Dr_Ka26": 0.0, "Lb_Tr_Ki26": 1.07, "Lb_Tr_Ka26": 1.07, "Lb_TS_Ki26": 0.0, "Lb_TS_Ka26": 0.0, "Lb_Med_26": 0.0, "Lbr_Jbt_26": 9.04, "Bgn_Ats_26": "GBP", "Jns_Jbt_26": "STANDAR", "Thn_Bgn_26": "1991", "BA_26": "1", "LNT_26": "1", "BB_26": "1", "DAS_26": "2", "OP_26": "0", "UT_26": "0", "GR_26": "0", "LB_26": "0", "JBT_26": "2", "Tp_Lnts_26": "SUNGAI", "Dt_Lnts_26": "BERKELOK", "Pnangnn_26": "RUTIN", "Pmriksn_26": "RUTIN", "Pnglola_26": "BPJN SUMATERA BARAT", "Satkr_ID26": "693875", "PPK_Name26": "PPK 1.3", "Traffic_26": null, "VCR_26": "0.146", "AADT_26": null, "Tipe_Jb_26": null, "Lat_26": -0.20385099992399999, "Long_26": 100.33081817599999, "Tgl_Ins_26": "9\/17\/2020", "Ket_26": null }, "geometry": { "type": "Point", "coordinates": [ 100.330818175818195, -0.203850999923645 ] } },
{ "type": "Feature", "properties": { "KDRUAS_UPD": "06004", "NOJBT_UPD": "06.004.008.0", "NM_RUAS_UP": "SP. KUMPULAN - BTS. KOTA BUKIT TINGGI", "NM_JBT_UPD": "KOTO TABUNG", "PROVINSI": "SUMATERA BARAT", "No_Prov_26": "06", "ID_Jbt_26": "0600084", "Kd_Ruas_26": "06004", "Suffix_26": null, "Nm_Ruas_26": "SP. KUMPULAN - BTS. KOTA BUKIT TINGGI", "Lintas_26": "JALAN LINTAS TENGAH", "No_Jbt_26": "06.004.008.0", "Nm_Jbt_26": "KOTO TABUNG", "Status_26": "N", "Fungsi_26": "A", "Lks_Dr_26": "PDG", "Lks_km_26": 113.75, "F_STA_26": "1900", "Cadin_26": "LBS", "Pjg_Jbt_26": 9.0, "Btg_Pjg_26": 8.5, "Jml_Btg_26": "1", "Lb_Jl_Ms26": 7.0, "Lb_Jl_Kl26": 7.0, "Lb_Lalin26": 7.0, "Lb_Bh_Ki26": 0.0, "Lb_Bh_Ka26": 0.0, "Lb_Dr_Ki26": 0.0, "Lb_Dr_Ka26": 0.0, "Lb_Tr_Ki26": 0.24, "Lb_Tr_Ka26": 0.25, "Lb_TS_Ki26": 0.33, "Lb_TS_Ka26": 0.33, "Lb_Med_26": 0.0, "Lbr_Jbt_26": 8.15, "Bgn_Ats_26": "GTP", "Jns_Jbt_26": "STANDAR", "Thn_Bgn_26": "1978", "BA_26": "2", "LNT_26": "1", "BB_26": "1", "DAS_26": "2", "OP_26": "0", "UT_26": "0", "GR_26": "0", "LB_26": "0", "JBT_26": "2", "Tp_Lnts_26": "SUNGAI", "Dt_Lnts_26": "BERKELOK", "Pnangnn_26": "BERKALA", "Pmriksn_26": "RUTIN", "Pnglola_26": "BPJN SUMATERA BARAT", "Satkr_ID26": "693875", "PPK_Name26": "PPK 1.3", "Traffic_26": null, "VCR_26": "0.146", "AADT_26": null, "Tipe_Jb_26": null, "Lat_26": -0.17686399827499999, "Long_26": 100.31378173799999, "Tgl_Ins_26": "6\/23\/2024", "Ket_26": null }, "geometry": { "type": "Point", "coordinates": [ 100.313781738236685, -0.176863998274825 ] } },
{ "type": "Feature", "properties": { "KDRUAS_UPD": "06004", "NOJBT_UPD": "06.004.009.0", "NM_RUAS_UP": "SP. KUMPULAN - BTS. KOTA BUKIT TINGGI", "NM_JBT_UPD": "KANDANG POS", "PROVINSI": "SUMATERA BARAT", "No_Prov_26": "06", "ID_Jbt_26": "0600085", "Kd_Ruas_26": "06004", "Suffix_26": null, "Nm_Ruas_26": "SP. KUMPULAN - BTS. KOTA BUKIT TINGGI", "Lintas_26": "JALAN LINTAS TENGAH", "No_Jbt_26": "06.004.009.0", "Nm_Jbt_26": "KANDANG POS", "Status_26": "N", "Fungsi_26": "A", "Lks_Dr_26": "PDG", "Lks_km_26": 115.8, "F_STA_26": "2070", "Cadin_26": "LBS", "Pjg_Jbt_26": 16.2, "Btg_Pjg_26": 16.0, "Jml_Btg_26": "1", "Lb_Jl_Ms26": 5.5, "Lb_Jl_Kl26": 5.5, "Lb_Lalin26": 5.5, "Lb_Bh_Ki26": 0.92, "Lb_Bh_Ka26": 0.65, "Lb_Dr_Ki26": 0.0, "Lb_Dr_Ka26": 0.0, "Lb_Tr_Ki26": 1.08, "Lb_Tr_Ka26": 1.0, "Lb_TS_Ki26": 0.3, "Lb_TS_Ka26": 0.3, "Lb_Med_26": 0.0, "Lbr_Jbt_26": 9.75, "Bgn_Ats_26": "GTP", "Jns_Jbt_26": "STANDAR", "Thn_Bgn_26": "1978", "BA_26": "1", "LNT_26": "1", "BB_26": "1", "DAS_26": "2", "OP_26": "0", "UT_26": "0", "GR_26": "0", "LB_26": "0", "JBT_26": "2", "Tp_Lnts_26": "SUNGAI", "Dt_Lnts_26": "BERKELOK", "Pnangnn_26": "RUTIN", "Pmriksn_26": "RUTIN", "Pnglola_26": "BPJN SUMATERA BARAT", "Satkr_ID26": "693875", "PPK_Name26": "PPK 1.3", "Traffic_26": null, "VCR_26": "0.146", "AADT_26": null, "Tipe_Jb_26": null, "Lat_26": -0.166610002949, "Long_26": 100.30405426000002, "Tgl_Ins_26": "6\/23\/2024", "Ket_26": null }, "geometry": { "type": "Point", "coordinates": [ 100.304054259996178, -0.166610002949255 ] } },
{ "type": "Feature", "properties": { "KDRUAS_UPD": "06004", "NOJBT_UPD": "06.004.010.0", "NM_RUAS_UP": "SP. KUMPULAN - BTS. KOTA BUKIT TINGGI", "NM_JBT_UPD": "LURAH DALAM", "PROVINSI": "SUMATERA BARAT", "No_Prov_26": "06", "ID_Jbt_26": "0600086", "Kd_Ruas_26": "06004", "Suffix_26": null, "Nm_Ruas_26": "SP. KUMPULAN - BTS. KOTA BUKIT TINGGI", "Lintas_26": "JALAN LINTAS TENGAH", "No_Jbt_26": "06.004.010.0", "Nm_Jbt_26": "LURAH DALAM", "Status_26": "N", "Fungsi_26": "A", "Lks_Dr_26": "PDG", "Lks_km_26": 116.4, "F_STA_26": "2160", "Cadin_26": "LBS", "Pjg_Jbt_26": 16.9, "Btg_Pjg_26": 16.0, "Jml_Btg_26": "1", "Lb_Jl_Ms26": 5.8, "Lb_Jl_Kl26": 5.8, "Lb_Lalin26": 5.8, "Lb_Bh_Ki26": 0.27, "Lb_Bh_Ka26": 0.29, "Lb_Dr_Ki26": 0.44, "Lb_Dr_Ka26": 0.25, "Lb_Tr_Ki26": 0.8, "Lb_Tr_Ka26": 0.78, "Lb_TS_Ki26": 0.26, "Lb_TS_Ka26": 0.26, "Lb_Med_26": 0.0, "Lbr_Jbt_26": 9.15, "Bgn_Ats_26": "ETP", "Jns_Jbt_26": "STANDAR", "Thn_Bgn_26": "1965", "BA_26": "2", "LNT_26": "2", "BB_26": "2", "DAS_26": "2", "OP_26": "0", "UT_26": "0", "GR_26": "0", "LB_26": "0", "JBT_26": "2", "Tp_Lnts_26": "SUNGAI", "Dt_Lnts_26": "BERKELOK", "Pnangnn_26": "BERKALA", "Pmriksn_26": "RUTIN", "Pnglola_26": "BPJN SUMATERA BARAT", "Satkr_ID26": "693875", "PPK_Name26": "PPK 1.3", "Traffic_26": null, "VCR_26": "0.146", "AADT_26": null, "Tipe_Jb_26": null, "Lat_26": -0.159710004913, "Long_26": 100.30301666300001, "Tgl_Ins_26": "7\/11\/2025", "Ket_26": null }, "geometry": { "type": "Point", "coordinates": [ 100.30301666268889, -0.159710004912768 ] } },
{ "type": "Feature", "properties": { "KDRUAS_UPD": "06004", "NOJBT_UPD": "06.004.011.0", "NM_RUAS_UP": "SP. KUMPULAN - BTS. KOTA BUKIT TINGGI", "NM_JBT_UPD": "INJOK", "PROVINSI": "SUMATERA BARAT", "No_Prov_26": "06", "ID_Jbt_26": "0600087", "Kd_Ruas_26": "06004", "Suffix_26": null, "Nm_Ruas_26": "SP. KUMPULAN - BTS. KOTA BUKIT TINGGI", "Lintas_26": "JALAN LINTAS TENGAH", "No_Jbt_26": "06.004.011.0", "Nm_Jbt_26": "INJOK", "Status_26": "N", "Fungsi_26": "A", "Lks_Dr_26": "PDG", "Lks_km_26": 117.0, "F_STA_26": "2220", "Cadin_26": "LBS", "Pjg_Jbt_26": 25.8, "Btg_Pjg_26": 25.3, "Jml_Btg_26": "1", "Lb_Jl_Ms26": 5.2, "Lb_Jl_Kl26": 5.2, "Lb_Lalin26": 5.2, "Lb_Bh_Ki26": 0.39, "Lb_Bh_Ka26": 0.4, "Lb_Dr_Ki26": 0.0, "Lb_Dr_Ka26": 0.0, "Lb_Tr_Ki26": 0.5, "Lb_Tr_Ka26": 0.47, "Lb_TS_Ki26": 0.0, "Lb_TS_Ka26": 0.0, "Lb_Med_26": 0.0, "Lbr_Jbt_26": 6.96, "Bgn_Ats_26": "GBP", "Jns_Jbt_26": "STANDAR", "Thn_Bgn_26": "1991", "BA_26": "2", "LNT_26": "1", "BB_26": "1", "DAS_26": "2", "OP_26": "0", "UT_26": "0", "GR_26": "0", "LB_26": "0", "JBT_26": "2", "Tp_Lnts_26": "SUNGAI", "Dt_Lnts_26": "BERKELOK", "Pnangnn_26": "RUTIN", "Pmriksn_26": "RUTIN", "Pnglola_26": "BPJN SUMATERA BARAT", "Satkr_ID26": "693875", "PPK_Name26": "PPK 1.3", "Traffic_26": null, "VCR_26": "0.146", "AADT_26": null, "Tipe_Jb_26": null, "Lat_26": -0.15437599995199999, "Long_26": 100.303268433, "Tgl_Ins_26": "9\/17\/2020", "Ket_26": null }, "geometry": { "type": "Point", "coordinates": [ 100.303268433291635, -0.154375999952379 ] } },
{ "type": "Feature", "properties": { "KDRUAS_UPD": "06004", "NOJBT_UPD": "06.004.012.0", "NM_RUAS_UP": "SP. KUMPULAN - BTS. KOTA BUKIT TINGGI", "NM_JBT_UPD": "BANCAH LAWEH", "PROVINSI": "SUMATERA BARAT", "No_Prov_26": "06", "ID_Jbt_26": "0600088", "Kd_Ruas_26": "06004", "Suffix_26": null, "Nm_Ruas_26": "SP. KUMPULAN - BTS. KOTA BUKIT TINGGI", "Lintas_26": "JALAN LINTAS TENGAH", "No_Jbt_26": "06.004.012.0", "Nm_Jbt_26": "BANCAH LAWEH", "Status_26": "N", "Fungsi_26": "A", "Lks_Dr_26": "PDG", "Lks_km_26": 121.1, "F_STA_26": "2620", "Cadin_26": "LBS", "Pjg_Jbt_26": 26.4, "Btg_Pjg_26": 26.0, "Jml_Btg_26": "1", "Lb_Jl_Ms26": 5.8, "Lb_Jl_Kl26": 5.8, "Lb_Lalin26": 5.9, "Lb_Bh_Ki26": 0.54, "Lb_Bh_Ka26": 0.5, "Lb_Dr_Ki26": 0.0, "Lb_Dr_Ka26": 0.0, "Lb_Tr_Ki26": 0.95, "Lb_Tr_Ka26": 0.98, "Lb_TS_Ki26": 0.415, "Lb_TS_Ka26": 0.415, "Lb_Med_26": 0.0, "Lbr_Jbt_26": 9.7, "Bgn_Ats_26": "GTP", "Jns_Jbt_26": "STANDAR", "Thn_Bgn_26": "1997", "BA_26": "1", "LNT_26": "1", "BB_26": "1", "DAS_26": "2", "OP_26": "0", "UT_26": "0", "GR_26": "0", "LB_26": "0", "JBT_26": "2", "Tp_Lnts_26": "SUNGAI", "Dt_Lnts_26": "BERKELOK", "Pnangnn_26": "RUTIN", "Pmriksn_26": "RUTIN", "Pnglola_26": "BPJN SUMATERA BARAT", "Satkr_ID26": "693875", "PPK_Name26": "PPK 1.3", "Traffic_26": null, "VCR_26": "0.146", "AADT_26": null, "Tipe_Jb_26": null, "Lat_26": -0.148352995594, "Long_26": 100.28275299100001, "Tgl_Ins_26": "9\/17\/2020", "Ket_26": null }, "geometry": { "type": "Point", "coordinates": [ 100.282752990857887, -0.148352995594223 ] } },
{ "type": "Feature", "properties": { "KDRUAS_UPD": "06004", "NOJBT_UPD": "06.004.013.0", "NM_RUAS_UP": "SP. KUMPULAN - BTS. KOTA BUKIT TINGGI", "NM_JBT_UPD": "AIR BANDAR RAWANG", "PROVINSI": "SUMATERA BARAT", "No_Prov_26": "06", "ID_Jbt_26": "0600089", "Kd_Ruas_26": "06004", "Suffix_26": null, "Nm_Ruas_26": "SP. KUMPULAN - BTS. KOTA BUKIT TINGGI", "Lintas_26": "JALAN LINTAS TENGAH", "No_Jbt_26": "06.004.013.0", "Nm_Jbt_26": "AIR BANDAR RAWANG", "Status_26": "N", "Fungsi_26": "A", "Lks_Dr_26": "PDG", "Lks_km_26": 121.6, "F_STA_26": "2690", "Cadin_26": "LBS", "Pjg_Jbt_26": 6.8, "Btg_Pjg_26": 6.0, "Jml_Btg_26": "1", "Lb_Jl_Ms26": 5.1, "Lb_Jl_Kl26": 5.1, "Lb_Lalin26": 5.1, "Lb_Bh_Ki26": 1.59, "Lb_Bh_Ka26": 0.63, "Lb_Dr_Ki26": 0.0, "Lb_Dr_Ka26": 0.0, "Lb_Tr_Ki26": 0.0, "Lb_Tr_Ka26": 0.0, "Lb_TS_Ki26": 0.44, "Lb_TS_Ka26": 0.44, "Lb_Med_26": 0.0, "Lbr_Jbt_26": 8.2, "Bgn_Ats_26": "EMP", "Jns_Jbt_26": "STANDAR", "Thn_Bgn_26": "1970", "BA_26": "2", "LNT_26": "0", "BB_26": "0", "DAS_26": "2", "OP_26": "0", "UT_26": "0", "GR_26": "0", "LB_26": "0", "JBT_26": "2", "Tp_Lnts_26": "SUNGAI", "Dt_Lnts_26": "BERKELOK", "Pnangnn_26": "RUTIN", "Pmriksn_26": "RUTIN", "Pnglola_26": "BPJN SUMATERA BARAT", "Satkr_ID26": "693875", "PPK_Name26": "PPK 1.3", "Traffic_26": null, "VCR_26": "0.146", "AADT_26": null, "Tipe_Jb_26": null, "Lat_26": -0.14655099793000001, "Long_26": 100.278968811, "Tgl_Ins_26": "6\/23\/2024", "Ket_26": null }, "geometry": { "type": "Point", "coordinates": [ 100.278968810961942, -0.146550997930149 ] } },
{ "type": "Feature", "properties": { "KDRUAS_UPD": "06004", "NOJBT_UPD": "06.004.015.0", "NM_RUAS_UP": "SP. KUMPULAN - BTS. KOTA BUKIT TINGGI", "NM_JBT_UPD": "LUBUK HITAM", "PROVINSI": "SUMATERA BARAT", "No_Prov_26": "06", "ID_Jbt_26": "0600091", "Kd_Ruas_26": "06004", "Suffix_26": null, "Nm_Ruas_26": "SP. KUMPULAN - BTS. KOTA BUKIT TINGGI", "Lintas_26": "JALAN LINTAS TENGAH", "No_Jbt_26": "06.004.015.0", "Nm_Jbt_26": "LUBUK HITAM", "Status_26": "N", "Fungsi_26": "A", "Lks_Dr_26": "PDG", "Lks_km_26": 127.0, "F_STA_26": "3190", "Cadin_26": "LBS", "Pjg_Jbt_26": 11.0, "Btg_Pjg_26": 5.0, "Jml_Btg_26": "2", "Lb_Jl_Ms26": 5.35, "Lb_Jl_Kl26": 5.35, "Lb_Lalin26": 5.35, "Lb_Bh_Ki26": 1.25, "Lb_Bh_Ka26": 0.45, "Lb_Dr_Ki26": 0.0, "Lb_Dr_Ka26": 0.0, "Lb_Tr_Ki26": 0.0, "Lb_Tr_Ka26": 0.0, "Lb_TS_Ki26": 0.275, "Lb_TS_Ka26": 0.275, "Lb_Med_26": 0.0, "Lbr_Jbt_26": 7.6, "Bgn_Ats_26": "EMP", "Jns_Jbt_26": "STANDAR", "Thn_Bgn_26": "1995", "BA_26": "2", "LNT_26": "1", "BB_26": "0", "DAS_26": "2", "OP_26": "1", "UT_26": "1", "GR_26": "0", "LB_26": "0", "JBT_26": "2", "Tp_Lnts_26": "SUNGAI", "Dt_Lnts_26": "BERKELOK", "Pnangnn_26": "RUTIN", "Pmriksn_26": "TIDAK DISURVEI", "Pnglola_26": "BPJN SUMATERA BARAT", "Satkr_ID26": "693875", "PPK_Name26": "PPK 1.3", "Traffic_26": null, "VCR_26": "0.146", "AADT_26": null, "Tipe_Jb_26": null, "Lat_26": -0.135410994122, "Long_26": 100.25113678, "Tgl_Ins_26": "6\/26\/2023", "Ket_26": null }, "geometry": { "type": "Point", "coordinates": [ 100.251136780238255, -0.135410994122026 ] } },
{ "type": "Feature", "properties": { "KDRUAS_UPD": "06004", "NOJBT_UPD": "06.004.017.0", "NM_RUAS_UP": "SP. KUMPULAN - BTS. KOTA BUKIT TINGGI", "NM_JBT_UPD": "PATAI DIBAWAH", "PROVINSI": "SUMATERA BARAT", "No_Prov_26": "06", "ID_Jbt_26": "0600093", "Kd_Ruas_26": "06004", "Suffix_26": null, "Nm_Ruas_26": "SP. KUMPULAN - BTS. KOTA BUKIT TINGGI", "Lintas_26": "JALAN LINTAS TENGAH", "No_Jbt_26": "06.004.017.0", "Nm_Jbt_26": "PATAI DIBAWAH", "Status_26": "N", "Fungsi_26": "A", "Lks_Dr_26": "PDG", "Lks_km_26": 130.2, "F_STA_26": "3520", "Cadin_26": "LBS", "Pjg_Jbt_26": 16.8, "Btg_Pjg_26": 16.0, "Jml_Btg_26": "1", "Lb_Jl_Ms26": 5.0, "Lb_Jl_Kl26": 5.0, "Lb_Lalin26": 5.0, "Lb_Bh_Ki26": 0.52, "Lb_Bh_Ka26": 1.72, "Lb_Dr_Ki26": 0.0, "Lb_Dr_Ka26": 0.0, "Lb_Tr_Ki26": 0.0, "Lb_Tr_Ka26": 0.0, "Lb_TS_Ki26": 0.28, "Lb_TS_Ka26": 0.28, "Lb_Med_26": 0.0, "Lbr_Jbt_26": 7.8, "Bgn_Ats_26": "ETP", "Jns_Jbt_26": "STANDAR", "Thn_Bgn_26": "1965", "BA_26": "2", "LNT_26": "0", "BB_26": "0", "DAS_26": "2", "OP_26": "0", "UT_26": "0", "GR_26": "0", "LB_26": "0", "JBT_26": "2", "Tp_Lnts_26": "SUNGAI", "Dt_Lnts_26": "BERKELOK", "Pnangnn_26": "RUTIN", "Pmriksn_26": "RUTIN", "Pnglola_26": "BPJN SUMATERA BARAT", "Satkr_ID26": "693875", "PPK_Name26": "PPK 1.3", "Traffic_26": null, "VCR_26": "0.146", "AADT_26": null, "Tipe_Jb_26": null, "Lat_26": -0.13197800488100001, "Long_26": 100.239135742, "Tgl_Ins_26": "6\/24\/2024", "Ket_26": null }, "geometry": { "type": "Point", "coordinates": [ 100.23913574212088, -0.131978004880978 ] } },
{ "type": "Feature", "properties": { "KDRUAS_UPD": "06004", "NOJBT_UPD": "06.004.018.0", "NM_RUAS_UP": "SP. KUMPULAN - BTS. KOTA BUKIT TINGGI", "NM_JBT_UPD": "HARABAN 1", "PROVINSI": "SUMATERA BARAT", "No_Prov_26": "06", "ID_Jbt_26": "0600094", "Kd_Ruas_26": "06004", "Suffix_26": null, "Nm_Ruas_26": "SP. KUMPULAN - BTS. KOTA BUKIT TINGGI", "Lintas_26": "JALAN LINTAS TENGAH", "No_Jbt_26": "06.004.018.0", "Nm_Jbt_26": "HARABAN 1", "Status_26": "N", "Fungsi_26": "A", "Lks_Dr_26": "PDG", "Lks_km_26": 133.6, "F_STA_26": "3850", "Cadin_26": "LBS", "Pjg_Jbt_26": 30.7, "Btg_Pjg_26": 30.2, "Jml_Btg_26": "1", "Lb_Jl_Ms26": 6.2, "Lb_Jl_Kl26": 6.2, "Lb_Lalin26": 6.2, "Lb_Bh_Ki26": 0.36, "Lb_Bh_Ka26": 0.36, "Lb_Dr_Ki26": 0.0, "Lb_Dr_Ka26": 0.0, "Lb_Tr_Ki26": 1.0, "Lb_Tr_Ka26": 1.0, "Lb_TS_Ki26": 0.0, "Lb_TS_Ka26": 0.0, "Lb_Med_26": 0.0, "Lbr_Jbt_26": 8.92, "Bgn_Ats_26": "GBP", "Jns_Jbt_26": "STANDAR", "Thn_Bgn_26": "1992", "BA_26": "1", "LNT_26": "1", "BB_26": "1", "DAS_26": "1", "OP_26": "0", "UT_26": "0", "GR_26": "0", "LB_26": "0", "JBT_26": "1", "Tp_Lnts_26": "SUNGAI", "Dt_Lnts_26": "BERKELOK", "Pnangnn_26": "RUTIN", "Pmriksn_26": "TIDAK DISURVEI", "Pnglola_26": "BPJN SUMATERA BARAT", "Satkr_ID26": "693875", "PPK_Name26": "PPK 1.3", "Traffic_26": null, "VCR_26": "0.146", "AADT_26": null, "Tipe_Jb_26": null, "Lat_26": -0.114230997662, "Long_26": 100.22547912600001, "Tgl_Ins_26": "9\/18\/2020", "Ket_26": null }, "geometry": { "type": "Point", "coordinates": [ 100.225479125861057, -0.114230997662389 ] } },
{ "type": "Feature", "properties": { "KDRUAS_UPD": "06004", "NOJBT_UPD": "06.004.021.0", "NM_RUAS_UP": "SP. KUMPULAN - BTS. KOTA BUKIT TINGGI", "NM_JBT_UPD": "KARING", "PROVINSI": "SUMATERA BARAT", "No_Prov_26": "06", "ID_Jbt_26": "0600097", "Kd_Ruas_26": "06004", "Suffix_26": null, "Nm_Ruas_26": "SP. KUMPULAN - BTS. KOTA BUKIT TINGGI", "Lintas_26": "JALAN LINTAS TENGAH", "No_Jbt_26": "06.004.021.0", "Nm_Jbt_26": "KARING", "Status_26": "N", "Fungsi_26": "A", "Lks_Dr_26": "PDG", "Lks_km_26": 136.96, "F_STA_26": "4190", "Cadin_26": "LBS", "Pjg_Jbt_26": 8.2, "Btg_Pjg_26": 8.0, "Jml_Btg_26": "1", "Lb_Jl_Ms26": 5.65, "Lb_Jl_Kl26": 5.65, "Lb_Lalin26": 5.65, "Lb_Bh_Ki26": 0.55, "Lb_Bh_Ka26": 0.55, "Lb_Dr_Ki26": 0.0, "Lb_Dr_Ka26": 0.0, "Lb_Tr_Ki26": 0.24, "Lb_Tr_Ka26": 0.22, "Lb_TS_Ki26": 0.445, "Lb_TS_Ka26": 0.445, "Lb_Med_26": 0.0, "Lbr_Jbt_26": 8.1, "Bgn_Ats_26": "GTP", "Jns_Jbt_26": "STANDAR", "Thn_Bgn_26": "1990", "BA_26": "2", "LNT_26": "2", "BB_26": "2", "DAS_26": "0", "OP_26": "0", "UT_26": "0", "GR_26": "0", "LB_26": "0", "JBT_26": "2", "Tp_Lnts_26": "SUNGAI", "Dt_Lnts_26": "BERKELOK", "Pnangnn_26": "RUTIN", "Pmriksn_26": "RUTIN", "Pnglola_26": "BPJN SUMATERA BARAT", "Satkr_ID26": "693875", "PPK_Name26": "PPK 1.3", "Traffic_26": null, "VCR_26": "0.146", "AADT_26": null, "Tipe_Jb_26": null, "Lat_26": -0.091289997335500001, "Long_26": 100.210075378, "Tgl_Ins_26": "10\/2\/2022", "Ket_26": null }, "geometry": { "type": "Point", "coordinates": [ 100.210075377776548, -0.09128999733548 ] } },
{ "type": "Feature", "properties": { "KDRUAS_UPD": "06004", "NOJBT_UPD": "06.004.022.0", "NM_RUAS_UP": "SP. KUMPULAN - BTS. KOTA BUKIT TINGGI", "NM_JBT_UPD": "SUNGAI AIR KIJANG", "PROVINSI": "SUMATERA BARAT", "No_Prov_26": "06", "ID_Jbt_26": "0600098", "Kd_Ruas_26": "06004", "Suffix_26": null, "Nm_Ruas_26": "SP. KUMPULAN - BTS. KOTA BUKIT TINGGI", "Lintas_26": "JALAN LINTAS TENGAH", "No_Jbt_26": "06.004.022.0", "Nm_Jbt_26": "SUNGAI AIR KIJANG", "Status_26": "N", "Fungsi_26": "A", "Lks_Dr_26": "PDG", "Lks_km_26": 137.86, "F_STA_26": "4270", "Cadin_26": "LBS", "Pjg_Jbt_26": 16.8, "Btg_Pjg_26": 16.3, "Jml_Btg_26": "1", "Lb_Jl_Ms26": 4.9, "Lb_Jl_Kl26": 4.9, "Lb_Lalin26": 4.9, "Lb_Bh_Ki26": 0.48, "Lb_Bh_Ka26": 0.57, "Lb_Dr_Ki26": 0.0, "Lb_Dr_Ka26": 0.0, "Lb_Tr_Ki26": 0.55, "Lb_Tr_Ka26": 0.55, "Lb_TS_Ki26": 0.325, "Lb_TS_Ka26": 0.325, "Lb_Med_26": 0.0, "Lbr_Jbt_26": 7.7, "Bgn_Ats_26": "GTP", "Jns_Jbt_26": "STANDAR", "Thn_Bgn_26": "1990", "BA_26": "1", "LNT_26": "1", "BB_26": "1", "DAS_26": "2", "OP_26": "0", "UT_26": "0", "GR_26": "0", "LB_26": "0", "JBT_26": "2", "Tp_Lnts_26": "SUNGAI", "Dt_Lnts_26": "BERKELOK", "Pnangnn_26": "RUTIN", "Pmriksn_26": "RUTIN", "Pnglola_26": "BPJN SUMATERA BARAT", "Satkr_ID26": "693875", "PPK_Name26": "PPK 1.3", "Traffic_26": null, "VCR_26": "0.146", "AADT_26": null, "Tipe_Jb_26": null, "Lat_26": -0.084857001949000005, "Long_26": 100.207290649, "Tgl_Ins_26": "9\/18\/2020", "Ket_26": null }, "geometry": { "type": "Point", "coordinates": [ 100.207290648644573, -0.084857001949047 ] } },
{ "type": "Feature", "properties": { "KDRUAS_UPD": "06004", "NOJBT_UPD": "06.004.023.0", "NM_RUAS_UP": "SP. KUMPULAN - BTS. KOTA BUKIT TINGGI", "NM_JBT_UPD": "SUNGAI AIR BULANAN", "PROVINSI": "SUMATERA BARAT", "No_Prov_26": "06", "ID_Jbt_26": "0600099", "Kd_Ruas_26": "06004", "Suffix_26": null, "Nm_Ruas_26": "SP. KUMPULAN - BTS. KOTA BUKIT TINGGI", "Lintas_26": "JALAN LINTAS TENGAH", "No_Jbt_26": "06.004.023.0", "Nm_Jbt_26": "SUNGAI AIR BULANAN", "Status_26": "N", "Fungsi_26": "A", "Lks_Dr_26": "PDG", "Lks_km_26": 138.6, "F_STA_26": "4360", "Cadin_26": "LBS", "Pjg_Jbt_26": 11.0, "Btg_Pjg_26": 10.5, "Jml_Btg_26": "1", "Lb_Jl_Ms26": 5.3, "Lb_Jl_Kl26": 5.3, "Lb_Lalin26": 5.3, "Lb_Bh_Ki26": 1.14, "Lb_Bh_Ka26": 1.43, "Lb_Dr_Ki26": 0.0, "Lb_Dr_Ka26": 0.0, "Lb_Tr_Ki26": 0.5, "Lb_Tr_Ka26": 0.5, "Lb_TS_Ki26": 0.0, "Lb_TS_Ka26": 0.0, "Lb_Med_26": 0.0, "Lbr_Jbt_26": 8.87, "Bgn_Ats_26": "EMP", "Jns_Jbt_26": "STANDAR", "Thn_Bgn_26": "1960", "BA_26": "2", "LNT_26": "1", "BB_26": "0", "DAS_26": "2", "OP_26": "0", "UT_26": "0", "GR_26": "0", "LB_26": "0", "JBT_26": "2", "Tp_Lnts_26": "SUNGAI", "Dt_Lnts_26": "BERKELOK", "Pnangnn_26": "RUTIN", "Pmriksn_26": "RUTIN", "Pnglola_26": "BPJN SUMATERA BARAT", "Satkr_ID26": "693875", "PPK_Name26": "PPK 1.3", "Traffic_26": null, "VCR_26": "0.146", "AADT_26": null, "Tipe_Jb_26": null, "Lat_26": -0.078171998538799997, "Long_26": 100.20622253400001, "Tgl_Ins_26": "6\/24\/2024", "Ket_26": null }, "geometry": { "type": "Point", "coordinates": [ 100.206222533743016, -0.078171998538835 ] } },
{ "type": "Feature", "properties": { "KDRUAS_UPD": "06004", "NOJBT_UPD": "06.004.024.0", "NM_RUAS_UP": "SP. KUMPULAN - BTS. KOTA BUKIT TINGGI", "NM_JBT_UPD": "SUNGAI AIR BISO", "PROVINSI": "SUMATERA BARAT", "No_Prov_26": "06", "ID_Jbt_26": "0600100", "Kd_Ruas_26": "06004", "Suffix_26": null, "Nm_Ruas_26": "SP. KUMPULAN - BTS. KOTA BUKIT TINGGI", "Lintas_26": "JALAN LINTAS TENGAH", "No_Jbt_26": "06.004.024.0", "Nm_Jbt_26": "SUNGAI AIR BISO", "Status_26": "N", "Fungsi_26": "A", "Lks_Dr_26": "PDG", "Lks_km_26": 139.05, "F_STA_26": "4400", "Cadin_26": "LBS", "Pjg_Jbt_26": 25.6, "Btg_Pjg_26": 25.0, "Jml_Btg_26": "1", "Lb_Jl_Ms26": 5.35, "Lb_Jl_Kl26": 5.35, "Lb_Lalin26": 5.35, "Lb_Bh_Ki26": 0.27, "Lb_Bh_Ka26": 0.26, "Lb_Dr_Ki26": 0.0, "Lb_Dr_Ka26": 0.0, "Lb_Tr_Ki26": 0.47, "Lb_Tr_Ka26": 0.46, "Lb_TS_Ki26": 0.0, "Lb_TS_Ka26": 0.0, "Lb_Med_26": 0.0, "Lbr_Jbt_26": 6.81, "Bgn_Ats_26": "GBP", "Jns_Jbt_26": "STANDAR", "Thn_Bgn_26": "1990", "BA_26": "1", "LNT_26": "1", "BB_26": "1", "DAS_26": "2", "OP_26": "0", "UT_26": "0", "GR_26": "0", "LB_26": "0", "JBT_26": "2", "Tp_Lnts_26": "SUNGAI", "Dt_Lnts_26": "BERKELOK", "Pnangnn_26": "RUTIN", "Pmriksn_26": "RUTIN", "Pnglola_26": "BPJN SUMATERA BARAT", "Satkr_ID26": "693875", "PPK_Name26": "PPK 1.3", "Traffic_26": null, "VCR_26": "0.146", "AADT_26": null, "Tipe_Jb_26": null, "Lat_26": -0.074505999452200003, "Long_26": 100.20524597200001, "Tgl_Ins_26": "9\/18\/2020", "Ket_26": null }, "geometry": { "type": "Point", "coordinates": [ 100.205245971624379, -0.074505999452242 ] } },
{ "type": "Feature", "properties": { "KDRUAS_UPD": "06004", "NOJBT_UPD": "06.004.026.0", "NM_RUAS_UP": "SP. KUMPULAN - BTS. KOTA BUKIT TINGGI", "NM_JBT_UPD": "SUNGAI AIR DERAS", "PROVINSI": "SUMATERA BARAT", "No_Prov_26": "06", "ID_Jbt_26": "0600102", "Kd_Ruas_26": "06004", "Suffix_26": null, "Nm_Ruas_26": "SP. KUMPULAN - BTS. KOTA BUKIT TINGGI", "Lintas_26": "JALAN LINTAS TENGAH", "No_Jbt_26": "06.004.026.0", "Nm_Jbt_26": "SUNGAI AIR DERAS", "Status_26": "N", "Fungsi_26": "A", "Lks_Dr_26": "PDG", "Lks_km_26": 74.1, "F_STA_26": "4540", "Cadin_26": "LBS", "Pjg_Jbt_26": 21.3, "Btg_Pjg_26": 21.0, "Jml_Btg_26": "1", "Lb_Jl_Ms26": 7.1, "Lb_Jl_Kl26": 7.1, "Lb_Lalin26": 7.1, "Lb_Bh_Ki26": 0.0, "Lb_Bh_Ka26": 0.0, "Lb_Dr_Ki26": 0.0, "Lb_Dr_Ka26": 0.0, "Lb_Tr_Ki26": 0.86, "Lb_Tr_Ka26": 0.89, "Lb_TS_Ki26": 0.475, "Lb_TS_Ka26": 0.475, "Lb_Med_26": 0.0, "Lbr_Jbt_26": 9.8, "Bgn_Ats_26": "GPP", "Jns_Jbt_26": "STANDAR", "Thn_Bgn_26": "1990", "BA_26": "2", "LNT_26": "1", "BB_26": "1", "DAS_26": "1", "OP_26": "0", "UT_26": "0", "GR_26": "0", "LB_26": "0", "JBT_26": "2", "Tp_Lnts_26": "SUNGAI", "Dt_Lnts_26": "BERKELOK", "Pnangnn_26": "RUTIN", "Pmriksn_26": "RUTIN", "Pnglola_26": "BPJN SUMATERA BARAT", "Satkr_ID26": "693875", "PPK_Name26": "PPK 1.3", "Traffic_26": null, "VCR_26": "0.146", "AADT_26": null, "Tipe_Jb_26": null, "Lat_26": -0.062488001020400002, "Long_26": 100.20892333999998, "Tgl_Ins_26": "7\/9\/2024", "Ket_26": null }, "geometry": { "type": "Point", "coordinates": [ 100.20892333994027, -0.06248800102037 ] } },
{ "type": "Feature", "properties": { "KDRUAS_UPD": "06006", "NOJBT_UPD": "06.006.003.0", "NM_RUAS_UP": "SP. PADANG LUAR - BTS. KOTA PADANG PANJANG", "NM_JBT_UPD": "PADANG GIRING", "PROVINSI": "SUMATERA BARAT", "No_Prov_26": "06", "ID_Jbt_26": "0600107", "Kd_Ruas_26": "06006", "Suffix_26": null, "Nm_Ruas_26": "SP. PADANG LUAR - BTS. KOTA PADANG PANJANG", "Lintas_26": "JALAN LINTAS TENGAH", "No_Jbt_26": "06.006.003.0", "Nm_Jbt_26": "PADANG GIRING", "Status_26": "N", "Fungsi_26": "A", "Lks_Dr_26": "PDG", "Lks_km_26": 82.55, "F_STA_26": "850", "Cadin_26": "BKT", "Pjg_Jbt_26": 7.0, "Btg_Pjg_26": 6.0, "Jml_Btg_26": "1", "Lb_Jl_Ms26": 5.95, "Lb_Jl_Kl26": 5.95, "Lb_Lalin26": 5.95, "Lb_Bh_Ki26": 1.9, "Lb_Bh_Ka26": 1.05, "Lb_Dr_Ki26": 0.0, "Lb_Dr_Ka26": 0.0, "Lb_Tr_Ki26": 0.0, "Lb_Tr_Ka26": 0.0, "Lb_TS_Ki26": 0.37, "Lb_TS_Ka26": 0.37, "Lb_Med_26": 0.0, "Lbr_Jbt_26": 9.64, "Bgn_Ats_26": "BTP", "Jns_Jbt_26": "STANDAR", "Thn_Bgn_26": "2023", "BA_26": "1", "LNT_26": "0", "BB_26": "0", "DAS_26": "1", "OP_26": "1", "UT_26": "0", "GR_26": "0", "LB_26": "0", "JBT_26": "1", "Tp_Lnts_26": "SUNGAI", "Dt_Lnts_26": "BERKELOK", "Pnangnn_26": "RUTIN", "Pmriksn_26": "TIDAK DISURVEI", "Pnglola_26": "BPJN SUMATERA BARAT", "Satkr_ID26": "693875", "PPK_Name26": "PPK 1.1", "Traffic_26": null, "VCR_26": "1.187", "AADT_26": null, "Tipe_Jb_26": null, "Lat_26": -0.37830001103700001, "Long_26": 100.394958496, "Tgl_Ins_26": "7\/10\/2024", "Ket_26": null }, "geometry": { "type": "Point", "coordinates": [ 100.394958495937885, -0.378300011036629 ] } },
{ "type": "Feature", "properties": { "KDRUAS_UPD": "06006", "NOJBT_UPD": "06.006.004.0", "NM_RUAS_UP": "SP. PADANG LUAR - BTS. KOTA PADANG PANJANG", "NM_JBT_UPD": "CINGKARING", "PROVINSI": "SUMATERA BARAT", "No_Prov_26": "06", "ID_Jbt_26": "0600108", "Kd_Ruas_26": "06006", "Suffix_26": null, "Nm_Ruas_26": "SP. PADANG LUAR - BTS. KOTA PADANG PANJANG", "Lintas_26": "JALAN LINTAS TENGAH", "No_Jbt_26": "06.006.004.0", "Nm_Jbt_26": "CINGKARING", "Status_26": "N", "Fungsi_26": "A", "Lks_Dr_26": "PDG", "Lks_km_26": 84.95, "F_STA_26": "1090", "Cadin_26": "BKT", "Pjg_Jbt_26": 13.2, "Btg_Pjg_26": 13.0, "Jml_Btg_26": "1", "Lb_Jl_Ms26": 6.15, "Lb_Jl_Kl26": 6.15, "Lb_Lalin26": 6.15, "Lb_Bh_Ki26": 1.12, "Lb_Bh_Ka26": 0.0, "Lb_Dr_Ki26": 0.0, "Lb_Dr_Ka26": 0.0, "Lb_Tr_Ki26": 0.0, "Lb_Tr_Ka26": 0.0, "Lb_TS_Ki26": 0.465, "Lb_TS_Ka26": 0.465, "Lb_Med_26": 0.0, "Lbr_Jbt_26": 8.2, "Bgn_Ats_26": "ESP", "Jns_Jbt_26": "STANDAR", "Thn_Bgn_26": "1950", "BA_26": "2", "LNT_26": "0", "BB_26": "0", "DAS_26": "2", "OP_26": "0", "UT_26": "0", "GR_26": "0", "LB_26": "0", "JBT_26": "2", "Tp_Lnts_26": "SUNGAI", "Dt_Lnts_26": "BERKELOK", "Pnangnn_26": "RUTIN", "Pmriksn_26": "RUTIN", "Pnglola_26": "BPJN SUMATERA BARAT", "Satkr_ID26": "693875", "PPK_Name26": "PPK 1.1", "Traffic_26": null, "VCR_26": "1.187", "AADT_26": null, "Tipe_Jb_26": null, "Lat_26": -0.35868999344800001, "Long_26": 100.38643646200001, "Tgl_Ins_26": "6\/25\/2024", "Ket_26": null }, "geometry": { "type": "Point", "coordinates": [ 100.386436461773371, -0.358689993448365 ] } },
{ "type": "Feature", "properties": { "KDRUAS_UPD": "06007", "NOJBT_UPD": "06.007.003.0", "NM_RUAS_UP": "BTS. KOTA PADANG PANJANG - KUBU KERAMBIL", "NM_JBT_UPD": "LUBUAK BAUAK", "PROVINSI": "SUMATERA BARAT", "No_Prov_26": "06", "ID_Jbt_26": "0600111", "Kd_Ruas_26": "06007", "Suffix_26": null, "Nm_Ruas_26": "BTS. KOTA PADANG PANJANG - KUBU KERAMBIL", "Lintas_26": "JALAN LINTAS TENGAH", "No_Jbt_26": "06.007.003.0", "Nm_Jbt_26": "LUBUAK BAUAK", "Status_26": "N", "Fungsi_26": "A", "Lks_Dr_26": "PDG", "Lks_km_26": 79.35, "F_STA_26": "260", "Cadin_26": "BSK", "Pjg_Jbt_26": 7.5, "Btg_Pjg_26": 7.0, "Jml_Btg_26": "1", "Lb_Jl_Ms26": 6.55, "Lb_Jl_Kl26": 6.55, "Lb_Lalin26": 6.55, "Lb_Bh_Ki26": 1.42, "Lb_Bh_Ka26": 1.51, "Lb_Dr_Ki26": 0.0, "Lb_Dr_Ka26": 0.0, "Lb_Tr_Ki26": 0.0, "Lb_Tr_Ka26": 0.0, "Lb_TS_Ki26": 0.26, "Lb_TS_Ka26": 0.26, "Lb_Med_26": 0.0, "Lbr_Jbt_26": 10.0, "Bgn_Ats_26": "BTP", "Jns_Jbt_26": "STANDAR", "Thn_Bgn_26": "2022", "BA_26": "0", "LNT_26": "0", "BB_26": "0", "DAS_26": "0", "OP_26": "0", "UT_26": "0", "GR_26": "0", "LB_26": "0", "JBT_26": "0", "Tp_Lnts_26": "SUNGAI", "Dt_Lnts_26": "BERKELOK", "Pnangnn_26": "RUTIN", "Pmriksn_26": "TIDAK DISURVEI", "Pnglola_26": "BPJN SUMATERA BARAT", "Satkr_ID26": "693875", "PPK_Name26": "PPK 1.1", "Traffic_26": null, "VCR_26": "0.787", "AADT_26": null, "Tipe_Jb_26": null, "Lat_26": -0.47677999739900001, "Long_26": 100.45809936499998, "Tgl_Ins_26": "9\/8\/2022", "Ket_26": null }, "geometry": { "type": "Point", "coordinates": [ 100.458099365293549, -0.476779997398921 ] } },
{ "type": "Feature", "properties": { "KDRUAS_UPD": "06007", "NOJBT_UPD": "06.007.004.0", "NM_RUAS_UP": "BTS. KOTA PADANG PANJANG - KUBU KERAMBIL", "NM_JBT_UPD": "PINCURAN BALIK", "PROVINSI": "SUMATERA BARAT", "No_Prov_26": "06", "ID_Jbt_26": "0600112", "Kd_Ruas_26": "06007", "Suffix_26": null, "Nm_Ruas_26": "BTS. KOTA PADANG PANJANG - KUBU KERAMBIL", "Lintas_26": "JALAN LINTAS TENGAH", "No_Jbt_26": "06.007.004.0", "Nm_Jbt_26": "PINCURAN BALIK", "Status_26": "N", "Fungsi_26": "A", "Lks_Dr_26": "PDG", "Lks_km_26": 80.3, "F_STA_26": "350", "Cadin_26": "BSK", "Pjg_Jbt_26": 10.3, "Btg_Pjg_26": 10.0, "Jml_Btg_26": "1", "Lb_Jl_Ms26": 5.2, "Lb_Jl_Kl26": 5.2, "Lb_Lalin26": 5.2, "Lb_Bh_Ki26": 0.66, "Lb_Bh_Ka26": 1.41, "Lb_Dr_Ki26": 0.0, "Lb_Dr_Ka26": 0.0, "Lb_Tr_Ki26": 0.0, "Lb_Tr_Ka26": 0.0, "Lb_TS_Ki26": 0.24, "Lb_TS_Ka26": 0.24, "Lb_Med_26": 0.0, "Lbr_Jbt_26": 7.75, "Bgn_Ats_26": "GTP", "Jns_Jbt_26": "STANDAR", "Thn_Bgn_26": "1976", "BA_26": "2", "LNT_26": "1", "BB_26": "0", "DAS_26": "2", "OP_26": "2", "UT_26": "0", "GR_26": "0", "LB_26": "0", "JBT_26": "2", "Tp_Lnts_26": "SUNGAI", "Dt_Lnts_26": "BERKELOK", "Pnangnn_26": "RUTIN", "Pmriksn_26": "RUTIN", "Pnglola_26": "BPJN SUMATERA BARAT", "Satkr_ID26": "693875", "PPK_Name26": "PPK 1.1", "Traffic_26": null, "VCR_26": "0.787", "AADT_26": null, "Tipe_Jb_26": null, "Lat_26": -0.483213991033, "Long_26": 100.462394714, "Tgl_Ins_26": "6\/25\/2024", "Ket_26": null }, "geometry": { "type": "Point", "coordinates": [ 100.462394714444599, -0.483213991032812 ] } },
{ "type": "Feature", "properties": { "KDRUAS_UPD": "06008", "NOJBT_UPD": "06.008.001.0", "NM_RUAS_UP": "KUBU KERAMBIL - BTS. KAB. TANAH DATAR", "NM_JBT_UPD": "KUBU KERAMBIL", "PROVINSI": "SUMATERA BARAT", "No_Prov_26": "06", "ID_Jbt_26": "0600115", "Kd_Ruas_26": "06008", "Suffix_26": null, "Nm_Ruas_26": "KUBU KERAMBIL - BTS. KAB. TANAH DATAR", "Lintas_26": "JALAN LINTAS TENGAH", "No_Jbt_26": "06.008.001.0", "Nm_Jbt_26": "KUBU KERAMBIL", "Status_26": "N", "Fungsi_26": "A", "Lks_Dr_26": "PDG", "Lks_km_26": 81.65, "F_STA_26": "0", "Cadin_26": "BSK", "Pjg_Jbt_26": 16.3, "Btg_Pjg_26": 16.0, "Jml_Btg_26": "1", "Lb_Jl_Ms26": 5.3, "Lb_Jl_Kl26": 5.3, "Lb_Lalin26": 5.3, "Lb_Bh_Ki26": 0.76, "Lb_Bh_Ka26": 1.71, "Lb_Dr_Ki26": 0.0, "Lb_Dr_Ka26": 0.0, "Lb_Tr_Ki26": 0.0, "Lb_Tr_Ka26": 0.0, "Lb_TS_Ki26": 0.405, "Lb_TS_Ka26": 0.405, "Lb_Med_26": 0.0, "Lbr_Jbt_26": 8.58, "Bgn_Ats_26": "ETP", "Jns_Jbt_26": "STANDAR", "Thn_Bgn_26": "1976", "BA_26": "2", "LNT_26": "1", "BB_26": "0", "DAS_26": "1", "OP_26": "2", "UT_26": "0", "GR_26": "0", "LB_26": "0", "JBT_26": "2", "Tp_Lnts_26": "SUNGAI", "Dt_Lnts_26": "BERKELOK", "Pnangnn_26": "RUTIN", "Pmriksn_26": "RUTIN", "Pnglola_26": "BPJN SUMATERA BARAT", "Satkr_ID26": "693875", "PPK_Name26": "PPK 1.1", "Traffic_26": null, "VCR_26": "0.489", "AADT_26": null, "Tipe_Jb_26": null, "Lat_26": -0.48647499122799998, "Long_26": 100.46868896500001, "Tgl_Ins_26": "6\/25\/2024", "Ket_26": null }, "geometry": { "type": "Point", "coordinates": [ 100.468688965123704, -0.486474991227794 ] } },
{ "type": "Feature", "properties": { "KDRUAS_UPD": "06008", "NOJBT_UPD": "06.008.002.0", "NM_RUAS_UP": "KUBU KERAMBIL - BTS. KAB. TANAH DATAR", "NM_JBT_UPD": "GANTING PAYO", "PROVINSI": "SUMATERA BARAT", "No_Prov_26": "06", "ID_Jbt_26": "0600116", "Kd_Ruas_26": "06008", "Suffix_26": null, "Nm_Ruas_26": "KUBU KERAMBIL - BTS. KAB. TANAH DATAR", "Lintas_26": "JALAN LINTAS TENGAH", "No_Jbt_26": "06.008.002.0", "Nm_Jbt_26": "GANTING PAYO", "Status_26": "N", "Fungsi_26": "A", "Lks_Dr_26": "PDG", "Lks_km_26": 88.5, "F_STA_26": "690", "Cadin_26": "BSK", "Pjg_Jbt_26": 6.8, "Btg_Pjg_26": 6.0, "Jml_Btg_26": "1", "Lb_Jl_Ms26": 7.4, "Lb_Jl_Kl26": 7.4, "Lb_Lalin26": 7.4, "Lb_Bh_Ki26": 0.31, "Lb_Bh_Ka26": 1.13, "Lb_Dr_Ki26": 0.0, "Lb_Dr_Ka26": 0.0, "Lb_Tr_Ki26": 0.15, "Lb_Tr_Ka26": 0.15, "Lb_TS_Ki26": 0.305, "Lb_TS_Ka26": 0.305, "Lb_Med_26": 0.0, "Lbr_Jbt_26": 9.75, "Bgn_Ats_26": "PTP", "Jns_Jbt_26": "STANDAR", "Thn_Bgn_26": "1972", "BA_26": "2", "LNT_26": "1", "BB_26": "2", "DAS_26": "2", "OP_26": "0", "UT_26": "0", "GR_26": "0", "LB_26": "0", "JBT_26": "2", "Tp_Lnts_26": "KERETA API", "Dt_Lnts_26": null, "Pnangnn_26": "RUTIN", "Pmriksn_26": "RUTIN", "Pnglola_26": "BPJN SUMATERA BARAT", "Satkr_ID26": "693875", "PPK_Name26": "PPK 1.1", "Traffic_26": null, "VCR_26": "0.489", "AADT_26": null, "Tipe_Jb_26": null, "Lat_26": -0.53228098118199996, "Long_26": 100.505867004, "Tgl_Ins_26": "6\/25\/2024", "Ket_26": null }, "geometry": { "type": "Point", "coordinates": [ 100.505867004158972, -0.532280981182282 ] } },
{ "type": "Feature", "properties": { "KDRUAS_UPD": "06008", "NOJBT_UPD": "06.008.003.0", "NM_RUAS_UP": "KUBU KERAMBIL - BTS. KAB. TANAH DATAR", "NM_JBT_UPD": "SUNGAI TIMBALAU", "PROVINSI": "SUMATERA BARAT", "No_Prov_26": "06", "ID_Jbt_26": "0600117", "Kd_Ruas_26": "06008", "Suffix_26": null, "Nm_Ruas_26": "KUBU KERAMBIL - BTS. KAB. TANAH DATAR", "Lintas_26": "JALAN LINTAS TENGAH", "No_Jbt_26": "06.008.003.0", "Nm_Jbt_26": "SUNGAI TIMBALAU", "Status_26": "N", "Fungsi_26": "A", "Lks_Dr_26": "PDG", "Lks_km_26": 90.02, "F_STA_26": "850", "Cadin_26": "BSK", "Pjg_Jbt_26": 17.0, "Btg_Pjg_26": 16.5, "Jml_Btg_26": "1", "Lb_Jl_Ms26": 5.7, "Lb_Jl_Kl26": 5.7, "Lb_Lalin26": 5.7, "Lb_Bh_Ki26": 0.3, "Lb_Bh_Ka26": 0.35, "Lb_Dr_Ki26": 0.25, "Lb_Dr_Ka26": 0.25, "Lb_Tr_Ki26": 1.05, "Lb_Tr_Ka26": 1.05, "Lb_TS_Ki26": 0.45, "Lb_TS_Ka26": 0.45, "Lb_Med_26": 0.0, "Lbr_Jbt_26": 9.85, "Bgn_Ats_26": "GTP", "Jns_Jbt_26": "STANDAR", "Thn_Bgn_26": "1981", "BA_26": "2", "LNT_26": "1", "BB_26": "1", "DAS_26": "1", "OP_26": "0", "UT_26": "0", "GR_26": "0", "LB_26": "0", "JBT_26": "2", "Tp_Lnts_26": "SUNGAI", "Dt_Lnts_26": "BERKELOK", "Pnangnn_26": "RUTIN", "Pmriksn_26": "RUTIN", "Pnglola_26": "BPJN SUMATERA BARAT", "Satkr_ID26": "693875", "PPK_Name26": "PPK 1.1", "Traffic_26": null, "VCR_26": "0.489", "AADT_26": null, "Tipe_Jb_26": null, "Lat_26": -0.53942799600500002, "Long_26": 100.517311096, "Tgl_Ins_26": "6\/25\/2024", "Ket_26": null }, "geometry": { "type": "Point", "coordinates": [ 100.51731109573052, -0.539427996005145 ] } },
{ "type": "Feature", "properties": { "KDRUAS_UPD": "06008", "NOJBT_UPD": "06.008.004.0", "NM_RUAS_UP": "KUBU KERAMBIL - BTS. KAB. TANAH DATAR", "NM_JBT_UPD": "BATANG OMBILIN", "PROVINSI": "SUMATERA BARAT", "No_Prov_26": "06", "ID_Jbt_26": "0600118", "Kd_Ruas_26": "06008", "Suffix_26": null, "Nm_Ruas_26": "KUBU KERAMBIL - BTS. KAB. TANAH DATAR", "Lintas_26": "JALAN LINTAS TENGAH", "No_Jbt_26": "06.008.004.0", "Nm_Jbt_26": "BATANG OMBILIN", "Status_26": "N", "Fungsi_26": "A", "Lks_Dr_26": "PDG", "Lks_km_26": 94.75, "F_STA_26": "1330", "Cadin_26": "BSK", "Pjg_Jbt_26": 102.1, "Btg_Pjg_26": 51.5, "Jml_Btg_26": "2", "Lb_Jl_Ms26": 5.35, "Lb_Jl_Kl26": 5.35, "Lb_Lalin26": 5.35, "Lb_Bh_Ki26": 0.23, "Lb_Bh_Ka26": 0.32, "Lb_Dr_Ki26": 0.0, "Lb_Dr_Ka26": 0.0, "Lb_Tr_Ki26": 0.49, "Lb_Tr_Ka26": 0.45, "Lb_TS_Ki26": 0.0, "Lb_TS_Ka26": 0.0, "Lb_Med_26": 0.0, "Lbr_Jbt_26": 6.84, "Bgn_Ats_26": "RBA", "Jns_Jbt_26": "STANDAR", "Thn_Bgn_26": "1988", "BA_26": "2", "LNT_26": "0", "BB_26": "1", "DAS_26": "0", "OP_26": "0", "UT_26": "0", "GR_26": "0", "LB_26": "0", "JBT_26": "2", "Tp_Lnts_26": "SUNGAI", "Dt_Lnts_26": "LURUS", "Pnangnn_26": "RUTIN", "Pmriksn_26": "RUTIN", "Pnglola_26": "BPJN SUMATERA BARAT", "Satkr_ID26": "693875", "PPK_Name26": "PPK 1.1", "Traffic_26": null, "VCR_26": "0.489", "AADT_26": null, "Tipe_Jb_26": null, "Lat_26": -0.561312973715, "Long_26": 100.550857544, "Tgl_Ins_26": "7\/10\/2025", "Ket_26": null }, "geometry": { "type": "Point", "coordinates": [ 100.550857543740733, -0.561312973714735 ] } },
{ "type": "Feature", "properties": { "KDRUAS_UPD": "06008", "NOJBT_UPD": "06.008.006.0", "NM_RUAS_UP": "KUBU KERAMBIL - BTS. KAB. TANAH DATAR", "NM_JBT_UPD": "TUNAI NABAK", "PROVINSI": "SUMATERA BARAT", "No_Prov_26": "06", "ID_Jbt_26": "0600120", "Kd_Ruas_26": "06008", "Suffix_26": null, "Nm_Ruas_26": "KUBU KERAMBIL - BTS. KAB. TANAH DATAR", "Lintas_26": "JALAN LINTAS TENGAH", "No_Jbt_26": "06.008.006.0", "Nm_Jbt_26": "TUNAI NABAK", "Status_26": "N", "Fungsi_26": "A", "Lks_Dr_26": "PDG", "Lks_km_26": 100.2, "F_STA_26": "1870", "Cadin_26": "BSK", "Pjg_Jbt_26": 7.6, "Btg_Pjg_26": 7.0, "Jml_Btg_26": "1", "Lb_Jl_Ms26": 5.95, "Lb_Jl_Kl26": 5.95, "Lb_Lalin26": 5.95, "Lb_Bh_Ki26": 0.35, "Lb_Bh_Ka26": 0.38, "Lb_Dr_Ki26": 0.26, "Lb_Dr_Ka26": 0.2, "Lb_Tr_Ki26": 0.86, "Lb_Tr_Ka26": 0.85, "Lb_TS_Ki26": 0.275, "Lb_TS_Ka26": 0.275, "Lb_Med_26": 0.0, "Lbr_Jbt_26": 9.4, "Bgn_Ats_26": "GTP", "Jns_Jbt_26": "STANDAR", "Thn_Bgn_26": "1970", "BA_26": "2", "LNT_26": "1", "BB_26": "3", "DAS_26": "2", "OP_26": "1", "UT_26": "0", "GR_26": "0", "LB_26": "0", "JBT_26": "3", "Tp_Lnts_26": "SUNGAI", "Dt_Lnts_26": "LURUS", "Pnangnn_26": "RUTIN", "Pmriksn_26": "DETAIL", "Pnglola_26": "BPJN SUMATERA BARAT", "Satkr_ID26": "693875", "PPK_Name26": "PPK 1.1", "Traffic_26": null, "VCR_26": "0.489", "AADT_26": null, "Tipe_Jb_26": null, "Lat_26": -0.60191601511199999, "Long_26": 100.57131958, "Tgl_Ins_26": "6\/8\/2026", "Ket_26": null }, "geometry": { "type": "Point", "coordinates": [ 100.571319579934709, -0.601916015111954 ] } },
{ "type": "Feature", "properties": { "KDRUAS_UPD": "06009", "NOJBT_UPD": "06.009.001.0", "NM_RUAS_UP": "BTS. KAB. TANAH DATAR - BTS. KOTA SOLOK", "NM_JBT_UPD": "KACANG", "PROVINSI": "SUMATERA BARAT", "No_Prov_26": "06", "ID_Jbt_26": "0600121", "Kd_Ruas_26": "06009", "Suffix_26": null, "Nm_Ruas_26": "BTS. KAB. TANAH DATAR - BTS. KOTA SOLOK", "Lintas_26": "JALAN LINTAS TENGAH", "No_Jbt_26": "06.009.001.0", "Nm_Jbt_26": "KACANG", "Status_26": "N", "Fungsi_26": "A", "Lks_Dr_26": "PDG", "Lks_km_26": 101.41, "F_STA_26": "20", "Cadin_26": "BSK", "Pjg_Jbt_26": 9.7, "Btg_Pjg_26": 9.2, "Jml_Btg_26": "1", "Lb_Jl_Ms26": 5.5, "Lb_Jl_Kl26": 5.5, "Lb_Lalin26": 5.5, "Lb_Bh_Ki26": 1.86, "Lb_Bh_Ka26": 1.56, "Lb_Dr_Ki26": 0.0, "Lb_Dr_Ka26": 0.0, "Lb_Tr_Ki26": 0.0, "Lb_Tr_Ka26": 0.0, "Lb_TS_Ki26": 0.265, "Lb_TS_Ka26": 0.265, "Lb_Med_26": 0.0, "Lbr_Jbt_26": 9.45, "Bgn_Ats_26": "GBP", "Jns_Jbt_26": "STANDAR", "Thn_Bgn_26": "1973", "BA_26": "2", "LNT_26": "2", "BB_26": "0", "DAS_26": "1", "OP_26": "0", "UT_26": "0", "GR_26": "0", "LB_26": "0", "JBT_26": "2", "Tp_Lnts_26": "SUNGAI", "Dt_Lnts_26": "BERKELOK", "Pnangnn_26": "RUTIN", "Pmriksn_26": "RUTIN", "Pnglola_26": "BPJN SUMATERA BARAT", "Satkr_ID26": "693875", "PPK_Name26": "PPK 1.1", "Traffic_26": null, "VCR_26": "0.811", "AADT_26": null, "Tipe_Jb_26": null, "Lat_26": -0.61216199388100001, "Long_26": 100.57359314, "Tgl_Ins_26": "6\/25\/2024", "Ket_26": null }, "geometry": { "type": "Point", "coordinates": [ 100.573593139811635, -0.612161993880875 ] } },
{ "type": "Feature", "properties": { "KDRUAS_UPD": "06009", "NOJBT_UPD": "06.009.003.0", "NM_RUAS_UP": "BTS. KAB. TANAH DATAR - BTS. KOTA SOLOK", "NM_JBT_UPD": "LURAH TEMBOK", "PROVINSI": "SUMATERA BARAT", "No_Prov_26": "06", "ID_Jbt_26": "0600123", "Kd_Ruas_26": "06009", "Suffix_26": null, "Nm_Ruas_26": "BTS. KAB. TANAH DATAR - BTS. KOTA SOLOK", "Lintas_26": "JALAN LINTAS TENGAH", "No_Jbt_26": "06.009.003.0", "Nm_Jbt_26": "LURAH TEMBOK", "Status_26": "N", "Fungsi_26": "A", "Lks_Dr_26": "PDG", "Lks_km_26": 106.55, "F_STA_26": "520", "Cadin_26": "BSK", "Pjg_Jbt_26": 10.0, "Btg_Pjg_26": 9.5, "Jml_Btg_26": "1", "Lb_Jl_Ms26": 6.7, "Lb_Jl_Kl26": 6.7, "Lb_Lalin26": 6.7, "Lb_Bh_Ki26": 0.35, "Lb_Bh_Ka26": 0.48, "Lb_Dr_Ki26": 0.2, "Lb_Dr_Ka26": 0.13, "Lb_Tr_Ki26": 1.0, "Lb_Tr_Ka26": 0.92, "Lb_TS_Ki26": 0.0, "Lb_TS_Ka26": 0.0, "Lb_Med_26": 0.0, "Lbr_Jbt_26": 9.78, "Bgn_Ats_26": "GTP", "Jns_Jbt_26": "STANDAR", "Thn_Bgn_26": "1989", "BA_26": "1", "LNT_26": "1", "BB_26": "2", "DAS_26": "2", "OP_26": "0", "UT_26": "0", "GR_26": "0", "LB_26": "0", "JBT_26": "2", "Tp_Lnts_26": "SUNGAI", "Dt_Lnts_26": "BERKELOK", "Pnangnn_26": "RUTIN", "Pmriksn_26": "RUTIN", "Pnglola_26": "BPJN SUMATERA BARAT", "Satkr_ID26": "693875", "PPK_Name26": "PPK 1.1", "Traffic_26": null, "VCR_26": "0.811", "AADT_26": null, "Tipe_Jb_26": null, "Lat_26": -0.65309500732900005, "Long_26": 100.58822631800001, "Tgl_Ins_26": "10\/1\/2020", "Ket_26": null }, "geometry": { "type": "Point", "coordinates": [ 100.588226318190095, -0.653095007328659 ] } },
{ "type": "Feature", "properties": { "KDRUAS_UPD": "06009", "NOJBT_UPD": "06.009.009.0", "NM_RUAS_UP": "BTS. KAB. TANAH DATAR - BTS. KOTA SOLOK", "NM_JBT_UPD": "BATANG SUMANI", "PROVINSI": "SUMATERA BARAT", "No_Prov_26": "06", "ID_Jbt_26": "0600129", "Kd_Ruas_26": "06009", "Suffix_26": null, "Nm_Ruas_26": "BTS. KAB. TANAH DATAR - BTS. KOTA SOLOK", "Lintas_26": "JALAN LINTAS TENGAH", "No_Jbt_26": "06.009.009.0", "Nm_Jbt_26": "BATANG SUMANI", "Status_26": "N", "Fungsi_26": "A", "Lks_Dr_26": "PDG", "Lks_km_26": 114.15, "F_STA_26": "1310", "Cadin_26": "BSK", "Pjg_Jbt_26": 46.8, "Btg_Pjg_26": 46.0, "Jml_Btg_26": "1", "Lb_Jl_Ms26": 5.95, "Lb_Jl_Kl26": 5.95, "Lb_Lalin26": 5.95, "Lb_Bh_Ki26": 0.0, "Lb_Bh_Ka26": 0.0, "Lb_Dr_Ki26": 0.0, "Lb_Dr_Ka26": 0.0, "Lb_Tr_Ki26": 0.47, "Lb_Tr_Ka26": 0.48, "Lb_TS_Ki26": 0.0, "Lb_TS_Ka26": 0.0, "Lb_Med_26": 0.0, "Lbr_Jbt_26": 6.9, "Bgn_Ats_26": "RBA", "Jns_Jbt_26": "STANDAR", "Thn_Bgn_26": "1988", "BA_26": "2", "LNT_26": "1", "BB_26": "1", "DAS_26": "2", "OP_26": "2", "UT_26": "0", "GR_26": "0", "LB_26": "0", "JBT_26": "2", "Tp_Lnts_26": "SUNGAI", "Dt_Lnts_26": "BERKELOK", "Pnangnn_26": "RUTIN", "Pmriksn_26": "RUTIN", "Pnglola_26": "BPJN SUMATERA BARAT", "Satkr_ID26": "693875", "PPK_Name26": "PPK 1.1", "Traffic_26": null, "VCR_26": "0.811", "AADT_26": null, "Tipe_Jb_26": null, "Lat_26": -0.71482402111200005, "Long_26": 100.59310150100001, "Tgl_Ins_26": "7\/10\/2025", "Ket_26": null }, "geometry": { "type": "Point", "coordinates": [ 100.593101500733724, -0.71482402111161 ] } },
{ "type": "Feature", "properties": { "KDRUAS_UPD": "06009", "NOJBT_UPD": "06.009.010.0", "NM_RUAS_UP": "BTS. KAB. TANAH DATAR - BTS. KOTA SOLOK", "NM_JBT_UPD": "PANGKA TITI", "PROVINSI": "SUMATERA BARAT", "No_Prov_26": "06", "ID_Jbt_26": "0600130", "Kd_Ruas_26": "06009", "Suffix_26": null, "Nm_Ruas_26": "BTS. KAB. TANAH DATAR - BTS. KOTA SOLOK", "Lintas_26": "JALAN LINTAS TENGAH", "No_Jbt_26": "06.009.010.0", "Nm_Jbt_26": "PANGKA TITI", "Status_26": "N", "Fungsi_26": "A", "Lks_Dr_26": "PDG", "Lks_km_26": 114.4, "F_STA_26": "1340", "Cadin_26": "BSK", "Pjg_Jbt_26": 9.1, "Btg_Pjg_26": 4.03, "Jml_Btg_26": "2", "Lb_Jl_Ms26": 6.3, "Lb_Jl_Kl26": 6.3, "Lb_Lalin26": 6.3, "Lb_Bh_Ki26": 0.3, "Lb_Bh_Ka26": 0.24, "Lb_Dr_Ki26": 0.15, "Lb_Dr_Ka26": 0.1, "Lb_Tr_Ki26": 0.54, "Lb_Tr_Ka26": 0.53, "Lb_TS_Ki26": 0.22, "Lb_TS_Ka26": 0.22, "Lb_Med_26": 0.0, "Lbr_Jbt_26": 8.6, "Bgn_Ats_26": "BTP", "Jns_Jbt_26": "STANDAR", "Thn_Bgn_26": "1974", "BA_26": "1", "LNT_26": "1", "BB_26": "0", "DAS_26": "1", "OP_26": "0", "UT_26": "0", "GR_26": "2", "LB_26": "0", "JBT_26": "2", "Tp_Lnts_26": "SUNGAI", "Dt_Lnts_26": "BERKELOK", "Pnangnn_26": "RUTIN", "Pmriksn_26": "RUTIN", "Pnglola_26": "BPJN SUMATERA BARAT", "Satkr_ID26": "693875", "PPK_Name26": "PPK 1.1", "Traffic_26": null, "VCR_26": "0.811", "AADT_26": null, "Tipe_Jb_26": null, "Lat_26": -0.71651399112799996, "Long_26": 100.593544006, "Tgl_Ins_26": "6\/25\/2024", "Ket_26": null }, "geometry": { "type": "Point", "coordinates": [ 100.593544005851243, -0.716513991127727 ] } },
{ "type": "Feature", "properties": { "KDRUAS_UPD": "06009", "NOJBT_UPD": "06.009.011.0", "NM_RUAS_UP": "BTS. KAB. TANAH DATAR - BTS. KOTA SOLOK", "NM_JBT_UPD": "SIMPANG AIR ANGAT", "PROVINSI": "SUMATERA BARAT", "No_Prov_26": "06", "ID_Jbt_26": "0600131", "Kd_Ruas_26": "06009", "Suffix_26": null, "Nm_Ruas_26": "BTS. KAB. TANAH DATAR - BTS. KOTA SOLOK", "Lintas_26": "JALAN LINTAS TENGAH", "No_Jbt_26": "06.009.011.0", "Nm_Jbt_26": "SIMPANG AIR ANGAT", "Status_26": "N", "Fungsi_26": "A", "Lks_Dr_26": "PDG", "Lks_km_26": 117.3, "F_STA_26": "1620", "Cadin_26": "BSK", "Pjg_Jbt_26": 16.0, "Btg_Pjg_26": 15.5, "Jml_Btg_26": "1", "Lb_Jl_Ms26": 5.45, "Lb_Jl_Kl26": 5.45, "Lb_Lalin26": 5.45, "Lb_Bh_Ki26": 0.67, "Lb_Bh_Ka26": 0.75, "Lb_Dr_Ki26": 0.0, "Lb_Dr_Ka26": 0.0, "Lb_Tr_Ki26": 1.14, "Lb_Tr_Ka26": 1.16, "Lb_TS_Ki26": 0.315, "Lb_TS_Ka26": 0.315, "Lb_Med_26": 0.0, "Lbr_Jbt_26": 9.8, "Bgn_Ats_26": "GTP", "Jns_Jbt_26": "STANDAR", "Thn_Bgn_26": "1993", "BA_26": "1", "LNT_26": "1", "BB_26": "1", "DAS_26": "2", "OP_26": "0", "UT_26": "0", "GR_26": "0", "LB_26": "0", "JBT_26": "2", "Tp_Lnts_26": "SUNGAI", "Dt_Lnts_26": "BERKELOK", "Pnangnn_26": "RUTIN", "Pmriksn_26": "RUTIN", "Pnglola_26": "BPJN SUMATERA BARAT", "Satkr_ID26": "693875", "PPK_Name26": "PPK 1.1", "Traffic_26": null, "VCR_26": "0.811", "AADT_26": null, "Tipe_Jb_26": null, "Lat_26": -0.73477202640799999, "Long_26": 100.610137939, "Tgl_Ins_26": "10\/1\/2020", "Ket_26": null }, "geometry": { "type": "Point", "coordinates": [ 100.61013793921461, -0.734772026407825 ] } },
{ "type": "Feature", "properties": { "KDRUAS_UPD": "06009", "NOJBT_UPD": "06.009.013.0", "NM_RUAS_UP": "BTS. KAB. TANAH DATAR - BTS. KOTA SOLOK", "NM_JBT_UPD": "BATANG KAPUH", "PROVINSI": "SUMATERA BARAT", "No_Prov_26": "06", "ID_Jbt_26": "0600133", "Kd_Ruas_26": "06009", "Suffix_26": null, "Nm_Ruas_26": "BTS. KAB. TANAH DATAR - BTS. KOTA SOLOK", "Lintas_26": "JALAN LINTAS TENGAH", "No_Jbt_26": "06.009.013.0", "Nm_Jbt_26": "BATANG KAPUH", "Status_26": "N", "Fungsi_26": "A", "Lks_Dr_26": "PDG", "Lks_km_26": 118.3, "F_STA_26": "1720", "Cadin_26": "BSK", "Pjg_Jbt_26": 12.4, "Btg_Pjg_26": 12.0, "Jml_Btg_26": "1", "Lb_Jl_Ms26": 5.6, "Lb_Jl_Kl26": 5.6, "Lb_Lalin26": 5.6, "Lb_Bh_Ki26": 0.53, "Lb_Bh_Ka26": 0.76, "Lb_Dr_Ki26": 0.23, "Lb_Dr_Ka26": 0.1, "Lb_Tr_Ki26": 1.0, "Lb_Tr_Ka26": 0.94, "Lb_TS_Ki26": 0.32, "Lb_TS_Ka26": 0.32, "Lb_Med_26": 0.0, "Lbr_Jbt_26": 9.8, "Bgn_Ats_26": "GBP", "Jns_Jbt_26": "STANDAR", "Thn_Bgn_26": "1981", "BA_26": "1", "LNT_26": "1", "BB_26": "2", "DAS_26": "0", "OP_26": "2", "UT_26": "0", "GR_26": "0", "LB_26": "0", "JBT_26": "2", "Tp_Lnts_26": "SUNGAI", "Dt_Lnts_26": "BERKELOK", "Pnangnn_26": "RUTIN", "Pmriksn_26": "RUTIN", "Pnglola_26": "BPJN SUMATERA BARAT", "Satkr_ID26": "693875", "PPK_Name26": "PPK 1.1", "Traffic_26": null, "VCR_26": "0.811", "AADT_26": null, "Tipe_Jb_26": null, "Lat_26": -0.74167501918699996, "Long_26": 100.615890503, "Tgl_Ins_26": "6\/25\/2024", "Ket_26": null }, "geometry": { "type": "Point", "coordinates": [ 100.615890503044341, -0.741675019186744 ] } },
{ "type": "Feature", "properties": { "KDRUAS_UPD": "0600912", "NOJBT_UPD": "06.009.016.0.12", "NM_RUAS_UP": "JLN. KH. DEWANTORO (SOLOK)", "NM_JBT_UPD": "TANAH GARAM", "PROVINSI": "SUMATERA BARAT", "No_Prov_26": "06", "ID_Jbt_26": "0600136", "Kd_Ruas_26": "0600912", "Suffix_26": "12", "Nm_Ruas_26": "JLN. KH. DEWANTORO (SOLOK)", "Lintas_26": "JALAN LINTAS TENGAH", "No_Jbt_26": "06.009.016.0.12", "Nm_Jbt_26": "TANAH GARAM", "Status_26": "N", "Fungsi_26": "A", "Lks_Dr_26": "PDG", "Lks_km_26": 124.3, "F_STA_26": "0", "Cadin_26": "SLK", "Pjg_Jbt_26": 41.3, "Btg_Pjg_26": 41.0, "Jml_Btg_26": "1", "Lb_Jl_Ms26": 6.0, "Lb_Jl_Kl26": 6.0, "Lb_Lalin26": 6.0, "Lb_Bh_Ki26": 0.3, "Lb_Bh_Ka26": 0.3, "Lb_Dr_Ki26": 0.1, "Lb_Dr_Ka26": 0.1, "Lb_Tr_Ki26": 0.5, "Lb_Tr_Ka26": 0.5, "Lb_TS_Ki26": 0.0, "Lb_TS_Ka26": 0.0, "Lb_Med_26": 0.0, "Lbr_Jbt_26": 7.8, "Bgn_Ats_26": "RBB", "Jns_Jbt_26": "STANDAR", "Thn_Bgn_26": "1983", "BA_26": "2", "LNT_26": "2", "BB_26": "1", "DAS_26": "2", "OP_26": "0", "UT_26": "0", "GR_26": "0", "LB_26": "0", "JBT_26": "2", "Tp_Lnts_26": "SUNGAI", "Dt_Lnts_26": "LURUS", "Pnangnn_26": "RUTIN", "Pmriksn_26": "RUTIN", "Pnglola_26": "BPJN SUMATERA BARAT", "Satkr_ID26": "693876", "PPK_Name26": "PPK 2.1", "Traffic_26": null, "VCR_26": "0.395", "AADT_26": null, "Tipe_Jb_26": null, "Lat_26": -0.78751599816499995, "Long_26": 100.639221191, "Tgl_Ins_26": "5\/28\/2025", "Ket_26": null }, "geometry": { "type": "Point", "coordinates": [ 100.639221191305012, -0.787515998164736 ] } },
{ "type": "Feature", "properties": { "KDRUAS_UPD": "06010", "NOJBT_UPD": "06.010.001.0", "NM_RUAS_UP": "BTS. KOTA SOLOK - BTS. KOTA SAWAHLUNTO", "NM_JBT_UPD": "KASIK BANDARO", "PROVINSI": "SUMATERA BARAT", "No_Prov_26": "06", "ID_Jbt_26": "0600138", "Kd_Ruas_26": "06010", "Suffix_26": null, "Nm_Ruas_26": "BTS. KOTA SOLOK - BTS. KOTA SAWAHLUNTO", "Lintas_26": "JALAN LINTAS TENGAH", "No_Jbt_26": "06.010.001.0", "Nm_Jbt_26": "KASIK BANDARO", "Status_26": "N", "Fungsi_26": "A", "Lks_Dr_26": "PDG", "Lks_km_26": 68.4, "F_STA_26": "60", "Cadin_26": "SWL", "Pjg_Jbt_26": 10.7, "Btg_Pjg_26": 10.0, "Jml_Btg_26": "1", "Lb_Jl_Ms26": 7.1, "Lb_Jl_Kl26": 7.1, "Lb_Lalin26": 7.1, "Lb_Bh_Ki26": 0.34, "Lb_Bh_Ka26": 0.34, "Lb_Dr_Ki26": 0.1, "Lb_Dr_Ka26": 0.1, "Lb_Tr_Ki26": 1.0, "Lb_Tr_Ka26": 1.0, "Lb_TS_Ki26": 0.0, "Lb_TS_Ka26": 0.0, "Lb_Med_26": 0.0, "Lbr_Jbt_26": 9.98, "Bgn_Ats_26": "GTP", "Jns_Jbt_26": "STANDAR", "Thn_Bgn_26": "1978", "BA_26": "2", "LNT_26": "2", "BB_26": "1", "DAS_26": "2", "OP_26": "1", "UT_26": "0", "GR_26": "0", "LB_26": "0", "JBT_26": "2", "Tp_Lnts_26": "SUNGAI", "Dt_Lnts_26": "LURUS", "Pnangnn_26": "RUTIN", "Pmriksn_26": "RUTIN", "Pnglola_26": "BPJN SUMATERA BARAT", "Satkr_ID26": "693876", "PPK_Name26": "PPK 2.1", "Traffic_26": null, "VCR_26": "0.158", "AADT_26": null, "Tipe_Jb_26": null, "Lat_26": -0.787073016407, "Long_26": 100.67364502, "Tgl_Ins_26": "6\/18\/2024", "Ket_26": null }, "geometry": { "type": "Point", "coordinates": [ 100.673645019701951, -0.787073016406509 ] } },
{ "type": "Feature", "properties": { "KDRUAS_UPD": "06010", "NOJBT_UPD": "06.010.002.0", "NM_RUAS_UP": "BTS. KOTA SOLOK - BTS. KOTA SAWAHLUNTO", "NM_JBT_UPD": "LAING", "PROVINSI": "SUMATERA BARAT", "No_Prov_26": "06", "ID_Jbt_26": "0600139", "Kd_Ruas_26": "06010", "Suffix_26": null, "Nm_Ruas_26": "BTS. KOTA SOLOK - BTS. KOTA SAWAHLUNTO", "Lintas_26": "JALAN LINTAS TENGAH", "No_Jbt_26": "06.010.002.0", "Nm_Jbt_26": "LAING", "Status_26": "N", "Fungsi_26": "A", "Lks_Dr_26": "PDG", "Lks_km_26": 69.1, "F_STA_26": "470", "Cadin_26": "SWL", "Pjg_Jbt_26": 20.7, "Btg_Pjg_26": 20.0, "Jml_Btg_26": "1", "Lb_Jl_Ms26": 7.8, "Lb_Jl_Kl26": 7.8, "Lb_Lalin26": 7.8, "Lb_Bh_Ki26": 0.72, "Lb_Bh_Ka26": 0.72, "Lb_Dr_Ki26": 0.0, "Lb_Dr_Ka26": 0.0, "Lb_Tr_Ki26": 0.48, "Lb_Tr_Ka26": 0.48, "Lb_TS_Ki26": 0.0, "Lb_TS_Ka26": 0.0, "Lb_Med_26": 0.0, "Lbr_Jbt_26": 10.2, "Bgn_Ats_26": "GBP", "Jns_Jbt_26": "STANDAR", "Thn_Bgn_26": "1991", "BA_26": "2", "LNT_26": "1", "BB_26": "1", "DAS_26": "1", "OP_26": "0", "UT_26": "0", "GR_26": "0", "LB_26": "0", "JBT_26": "2", "Tp_Lnts_26": "SUNGAI", "Dt_Lnts_26": "LURUS", "Pnangnn_26": "RUTIN", "Pmriksn_26": "RUTIN", "Pnglola_26": "BPJN SUMATERA BARAT", "Satkr_ID26": "693876", "PPK_Name26": "PPK 2.1", "Traffic_26": null, "VCR_26": "0.158", "AADT_26": null, "Tipe_Jb_26": null, "Lat_26": -0.75967097313700005, "Long_26": 100.687995911, "Tgl_Ins_26": "10\/5\/2020", "Ket_26": null }, "geometry": { "type": "Point", "coordinates": [ 100.687995910782718, -0.759670973136849 ] } },
{ "type": "Feature", "properties": { "KDRUAS_UPD": "06010", "NOJBT_UPD": "06.010.003.0", "NM_RUAS_UP": "BTS. KOTA SOLOK - BTS. KOTA SAWAHLUNTO", "NM_JBT_UPD": "RIMBO BATANG", "PROVINSI": "SUMATERA BARAT", "No_Prov_26": "06", "ID_Jbt_26": "0600140", "Kd_Ruas_26": "06010", "Suffix_26": null, "Nm_Ruas_26": "BTS. KOTA SOLOK - BTS. KOTA SAWAHLUNTO", "Lintas_26": "JALAN LINTAS TENGAH", "No_Jbt_26": "06.010.003.0", "Nm_Jbt_26": "RIMBO BATANG", "Status_26": "N", "Fungsi_26": "A", "Lks_Dr_26": "PDG", "Lks_km_26": 70.4, "F_STA_26": "600", "Cadin_26": "SWL", "Pjg_Jbt_26": 23.0, "Btg_Pjg_26": 22.5, "Jml_Btg_26": "1", "Lb_Jl_Ms26": 6.2, "Lb_Jl_Kl26": 6.2, "Lb_Lalin26": 6.2, "Lb_Bh_Ki26": 0.3, "Lb_Bh_Ka26": 0.3, "Lb_Dr_Ki26": 0.2, "Lb_Dr_Ka26": 0.2, "Lb_Tr_Ki26": 1.05, "Lb_Tr_Ka26": 1.05, "Lb_TS_Ki26": 0.25, "Lb_TS_Ka26": 0.25, "Lb_Med_26": 0.0, "Lbr_Jbt_26": 9.8, "Bgn_Ats_26": "GTP", "Jns_Jbt_26": "STANDAR", "Thn_Bgn_26": "1994", "BA_26": "2", "LNT_26": "1", "BB_26": "1", "DAS_26": "2", "OP_26": "0", "UT_26": "0", "GR_26": "0", "LB_26": "0", "JBT_26": "2", "Tp_Lnts_26": "SUNGAI", "Dt_Lnts_26": "LURUS", "Pnangnn_26": "RUTIN", "Pmriksn_26": "RUTIN", "Pnglola_26": "BPJN SUMATERA BARAT", "Satkr_ID26": "693876", "PPK_Name26": "PPK 2.1", "Traffic_26": null, "VCR_26": "0.158", "AADT_26": null, "Tipe_Jb_26": null, "Lat_26": -0.76280999198699995, "Long_26": 100.69741058300001, "Tgl_Ins_26": "10\/6\/2020", "Ket_26": null }, "geometry": { "type": "Point", "coordinates": [ 100.697410583231886, -0.762809991987467 ] } },
{ "type": "Feature", "properties": { "KDRUAS_UPD": "06010", "NOJBT_UPD": "06.010.007.0", "NM_RUAS_UP": "BTS. KOTA SOLOK - BTS. KOTA SAWAHLUNTO", "NM_JBT_UPD": "TERBAKAR 2", "PROVINSI": "SUMATERA BARAT", "No_Prov_26": "06", "ID_Jbt_26": "0600144", "Kd_Ruas_26": "06010", "Suffix_26": null, "Nm_Ruas_26": "BTS. KOTA SOLOK - BTS. KOTA SAWAHLUNTO", "Lintas_26": "JALAN LINTAS TENGAH", "No_Jbt_26": "06.010.007.0", "Nm_Jbt_26": "TERBAKAR 2", "Status_26": "N", "Fungsi_26": "A", "Lks_Dr_26": "PDG", "Lks_km_26": 74.3, "F_STA_26": "1000", "Cadin_26": "SWL", "Pjg_Jbt_26": 20.7, "Btg_Pjg_26": 20.0, "Jml_Btg_26": "1", "Lb_Jl_Ms26": 7.6, "Lb_Jl_Kl26": 7.6, "Lb_Lalin26": 7.6, "Lb_Bh_Ki26": 0.44, "Lb_Bh_Ka26": 0.44, "Lb_Dr_Ki26": 0.2, "Lb_Dr_Ka26": 0.2, "Lb_Tr_Ki26": 0.46, "Lb_Tr_Ka26": 0.46, "Lb_TS_Ki26": 0.1, "Lb_TS_Ka26": 0.1, "Lb_Med_26": 0.0, "Lbr_Jbt_26": 10.0, "Bgn_Ats_26": "GTP", "Jns_Jbt_26": "STANDAR", "Thn_Bgn_26": "1991", "BA_26": "1", "LNT_26": "1", "BB_26": "1", "DAS_26": "2", "OP_26": "0", "UT_26": "0", "GR_26": "0", "LB_26": "0", "JBT_26": "2", "Tp_Lnts_26": "SUNGAI", "Dt_Lnts_26": "LURUS", "Pnangnn_26": "RUTIN", "Pmriksn_26": "RUTIN", "Pnglola_26": "BPJN SUMATERA BARAT", "Satkr_ID26": "693876", "PPK_Name26": "PPK 2.1", "Traffic_26": null, "VCR_26": "0.158", "AADT_26": null, "Tipe_Jb_26": null, "Lat_26": -0.76851701774600001, "Long_26": 100.723205566, "Tgl_Ins_26": "10\/1\/2020", "Ket_26": null }, "geometry": { "type": "Point", "coordinates": [ 100.7232055658842, -0.768517017746149 ] } },
{ "type": "Feature", "properties": { "KDRUAS_UPD": "06010", "NOJBT_UPD": "06.010.008.0", "NM_RUAS_UP": "BTS. KOTA SOLOK - BTS. KOTA SAWAHLUNTO", "NM_JBT_UPD": "SUNGAI LASI", "PROVINSI": "SUMATERA BARAT", "No_Prov_26": "06", "ID_Jbt_26": "0600145", "Kd_Ruas_26": "06010", "Suffix_26": null, "Nm_Ruas_26": "BTS. KOTA SOLOK - BTS. KOTA SAWAHLUNTO", "Lintas_26": "JALAN LINTAS TENGAH", "No_Jbt_26": "06.010.008.0", "Nm_Jbt_26": "SUNGAI LASI", "Status_26": "N", "Fungsi_26": "A", "Lks_Dr_26": "PDG", "Lks_km_26": 75.9, "F_STA_26": "1140", "Cadin_26": "SWL", "Pjg_Jbt_26": 32.2, "Btg_Pjg_26": 32.0, "Jml_Btg_26": "1", "Lb_Jl_Ms26": 6.7, "Lb_Jl_Kl26": 6.7, "Lb_Lalin26": 6.7, "Lb_Bh_Ki26": 0.32, "Lb_Bh_Ka26": 0.32, "Lb_Dr_Ki26": 0.2, "Lb_Dr_Ka26": 0.2, "Lb_Tr_Ki26": 0.95, "Lb_Tr_Ka26": 0.95, "Lb_TS_Ki26": 0.0, "Lb_TS_Ka26": 0.0, "Lb_Med_26": 0.0, "Lbr_Jbt_26": 9.64, "Bgn_Ats_26": "GPP", "Jns_Jbt_26": "STANDAR", "Thn_Bgn_26": "1999", "BA_26": "1", "LNT_26": "1", "BB_26": "1", "DAS_26": "1", "OP_26": "0", "UT_26": "0", "GR_26": "0", "LB_26": "0", "JBT_26": "1", "Tp_Lnts_26": "SUNGAI", "Dt_Lnts_26": "LURUS", "Pnangnn_26": "RUTIN", "Pmriksn_26": "RUTIN", "Pnglola_26": "BPJN SUMATERA BARAT", "Satkr_ID26": "693876", "PPK_Name26": "PPK 2.1", "Traffic_26": null, "VCR_26": "0.158", "AADT_26": null, "Tipe_Jb_26": null, "Lat_26": -0.77403801694100005, "Long_26": 100.73326110799999, "Tgl_Ins_26": "10\/1\/2020", "Ket_26": null }, "geometry": { "type": "Point", "coordinates": [ 100.733261107813917, -0.774038016940892 ] } },
{ "type": "Feature", "properties": { "KDRUAS_UPD": "06010", "NOJBT_UPD": "06.010.009.0", "NM_RUAS_UP": "BTS. KOTA SOLOK - BTS. KOTA SAWAHLUNTO", "NM_JBT_UPD": "BATANG PAYUNG", "PROVINSI": "SUMATERA BARAT", "No_Prov_26": "06", "ID_Jbt_26": "0600146", "Kd_Ruas_26": "06010", "Suffix_26": null, "Nm_Ruas_26": "BTS. KOTA SOLOK - BTS. KOTA SAWAHLUNTO", "Lintas_26": "JALAN LINTAS TENGAH", "No_Jbt_26": "06.010.009.0", "Nm_Jbt_26": "BATANG PAYUNG", "Status_26": "N", "Fungsi_26": "A", "Lks_Dr_26": "PDG", "Lks_km_26": 76.15, "F_STA_26": "1170", "Cadin_26": "SWL", "Pjg_Jbt_26": 14.9, "Btg_Pjg_26": 14.0, "Jml_Btg_26": "1", "Lb_Jl_Ms26": 6.9, "Lb_Jl_Kl26": 6.9, "Lb_Lalin26": 6.9, "Lb_Bh_Ki26": 0.2, "Lb_Bh_Ka26": 0.2, "Lb_Dr_Ki26": 0.1, "Lb_Dr_Ka26": 0.1, "Lb_Tr_Ki26": 0.96, "Lb_Tr_Ka26": 0.96, "Lb_TS_Ki26": 0.0, "Lb_TS_Ka26": 0.0, "Lb_Med_26": 0.0, "Lbr_Jbt_26": 9.42, "Bgn_Ats_26": "GTP", "Jns_Jbt_26": "STANDAR", "Thn_Bgn_26": "1994", "BA_26": "1", "LNT_26": "1", "BB_26": "1", "DAS_26": "1", "OP_26": "0", "UT_26": "0", "GR_26": "0", "LB_26": "0", "JBT_26": "1", "Tp_Lnts_26": "SUNGAI", "Dt_Lnts_26": "LURUS", "Pnangnn_26": "RUTIN", "Pmriksn_26": "RUTIN", "Pnglola_26": "BPJN SUMATERA BARAT", "Satkr_ID26": "693876", "PPK_Name26": "PPK 2.1", "Traffic_26": null, "VCR_26": "0.158", "AADT_26": null, "Tipe_Jb_26": null, "Lat_26": -0.77381098308999996, "Long_26": 100.73591613799999, "Tgl_Ins_26": "10\/1\/2020", "Ket_26": null }, "geometry": { "type": "Point", "coordinates": [ 100.735916137619711, -0.773810983090357 ] } },
{ "type": "Feature", "properties": { "KDRUAS_UPD": "06010", "NOJBT_UPD": "06.010.010.0", "NM_RUAS_UP": "BTS. KOTA SOLOK - BTS. KOTA SAWAHLUNTO", "NM_JBT_UPD": "BATANG PAMO", "PROVINSI": "SUMATERA BARAT", "No_Prov_26": "06", "ID_Jbt_26": "0600147", "Kd_Ruas_26": "06010", "Suffix_26": null, "Nm_Ruas_26": "BTS. KOTA SOLOK - BTS. KOTA SAWAHLUNTO", "Lintas_26": "JALAN LINTAS TENGAH", "No_Jbt_26": "06.010.010.0", "Nm_Jbt_26": "BATANG PAMO", "Status_26": "N", "Fungsi_26": "A", "Lks_Dr_26": "PDG", "Lks_km_26": 79.8, "F_STA_26": "1530", "Cadin_26": "SWL", "Pjg_Jbt_26": 11.0, "Btg_Pjg_26": 10.5, "Jml_Btg_26": "1", "Lb_Jl_Ms26": 11.5, "Lb_Jl_Kl26": 11.5, "Lb_Lalin26": 11.5, "Lb_Bh_Ki26": 0.0, "Lb_Bh_Ka26": 0.0, "Lb_Dr_Ki26": 0.0, "Lb_Dr_Ka26": 0.0, "Lb_Tr_Ki26": 1.33, "Lb_Tr_Ka26": 1.33, "Lb_TS_Ki26": 0.0, "Lb_TS_Ka26": 0.0, "Lb_Med_26": 0.0, "Lbr_Jbt_26": 14.16, "Bgn_Ats_26": "GTP", "Jns_Jbt_26": "STANDAR", "Thn_Bgn_26": "1977", "BA_26": "2", "LNT_26": "2", "BB_26": "1", "DAS_26": "1", "OP_26": "2", "UT_26": "0", "GR_26": "0", "LB_26": "0", "JBT_26": "2", "Tp_Lnts_26": "SUNGAI", "Dt_Lnts_26": "LURUS", "Pnangnn_26": "RUTIN", "Pmriksn_26": "RUTIN", "Pnglola_26": "BPJN SUMATERA BARAT", "Satkr_ID26": "693876", "PPK_Name26": "PPK 2.1", "Traffic_26": null, "VCR_26": "0.158", "AADT_26": null, "Tipe_Jb_26": null, "Lat_26": -0.75164300222299996, "Long_26": 100.75403595, "Tgl_Ins_26": "6\/19\/2024", "Ket_26": null }, "geometry": { "type": "Point", "coordinates": [ 100.754035949799288, -0.75164300222275 ] } },
{ "type": "Feature", "properties": { "KDRUAS_UPD": "06011", "NOJBT_UPD": "06.011.001.0", "NM_RUAS_UP": "BTS. KOTA SAWAHLUNTO - MUARA KALABAN", "NM_JBT_UPD": "BATANG KUBANG", "PROVINSI": "SUMATERA BARAT", "No_Prov_26": "06", "ID_Jbt_26": "0600148", "Kd_Ruas_26": "06011", "Suffix_26": null, "Nm_Ruas_26": "BTS. KOTA SAWAHLUNTO - MUARA KALABAN", "Lintas_26": "JALAN LINTAS TENGAH", "No_Jbt_26": "06.011.001.0", "Nm_Jbt_26": "BATANG KUBANG", "Status_26": "N", "Fungsi_26": "A", "Lks_Dr_26": "PDG", "Lks_km_26": 83.0, "F_STA_26": "170", "Cadin_26": "SWL", "Pjg_Jbt_26": 8.8, "Btg_Pjg_26": 8.0, "Jml_Btg_26": "1", "Lb_Jl_Ms26": 7.0, "Lb_Jl_Kl26": 7.0, "Lb_Lalin26": 7.0, "Lb_Bh_Ki26": 1.9, "Lb_Bh_Ka26": 1.9, "Lb_Dr_Ki26": 0.0, "Lb_Dr_Ka26": 0.0, "Lb_Tr_Ki26": 0.4, "Lb_Tr_Ka26": 0.4, "Lb_TS_Ki26": 0.1, "Lb_TS_Ka26": 0.1, "Lb_Med_26": 0.0, "Lbr_Jbt_26": 11.8, "Bgn_Ats_26": "BTP", "Jns_Jbt_26": "STANDAR", "Thn_Bgn_26": "2022", "BA_26": "0", "LNT_26": "0", "BB_26": "0", "DAS_26": "0", "OP_26": "0", "UT_26": "0", "GR_26": "0", "LB_26": "0", "JBT_26": "0", "Tp_Lnts_26": "SUNGAI", "Dt_Lnts_26": "LURUS", "Pnangnn_26": "RUTIN", "Pmriksn_26": "RUTIN", "Pnglola_26": "BPJN SUMATERA BARAT", "Satkr_ID26": "693876", "PPK_Name26": "PPK 2.1", "Traffic_26": null, "VCR_26": "0.543", "AADT_26": null, "Tipe_Jb_26": null, "Lat_26": -0.728640973902, "Long_26": 100.75965118400001, "Tgl_Ins_26": "9\/10\/2022", "Ket_26": null }, "geometry": { "type": "Point", "coordinates": [ 100.75965118355532, -0.728640973901804 ] } },
{ "type": "Feature", "properties": { "KDRUAS_UPD": "06011", "NOJBT_UPD": "06.011.003.0", "NM_RUAS_UP": "BTS. KOTA SAWAHLUNTO - MUARA KALABAN", "NM_JBT_UPD": "BATANG LASI", "PROVINSI": "SUMATERA BARAT", "No_Prov_26": "06", "ID_Jbt_26": "0600150", "Kd_Ruas_26": "06011", "Suffix_26": null, "Nm_Ruas_26": "BTS. KOTA SAWAHLUNTO - MUARA KALABAN", "Lintas_26": "JALAN LINTAS TENGAH", "No_Jbt_26": "06.011.003.0", "Nm_Jbt_26": "BATANG LASI", "Status_26": "N", "Fungsi_26": "A", "Lks_Dr_26": "PDG", "Lks_km_26": 84.7, "F_STA_26": "330", "Cadin_26": "SWL", "Pjg_Jbt_26": 33.1, "Btg_Pjg_26": 32.5, "Jml_Btg_26": "1", "Lb_Jl_Ms26": 6.3, "Lb_Jl_Kl26": 6.3, "Lb_Lalin26": 6.3, "Lb_Bh_Ki26": 0.45, "Lb_Bh_Ka26": 0.45, "Lb_Dr_Ki26": 0.2, "Lb_Dr_Ka26": 0.2, "Lb_Tr_Ki26": 1.0, "Lb_Tr_Ka26": 1.0, "Lb_TS_Ki26": 0.0, "Lb_TS_Ka26": 0.0, "Lb_Med_26": 0.0, "Lbr_Jbt_26": 9.6, "Bgn_Ats_26": "GPP", "Jns_Jbt_26": "STANDAR", "Thn_Bgn_26": "2022", "BA_26": "0", "LNT_26": "0", "BB_26": "0", "DAS_26": "0", "OP_26": "0", "UT_26": "0", "GR_26": "0", "LB_26": "0", "JBT_26": "0", "Tp_Lnts_26": "SUNGAI", "Dt_Lnts_26": "LURUS", "Pnangnn_26": "RUTIN", "Pmriksn_26": "RUTIN", "Pnglola_26": "BPJN SUMATERA BARAT", "Satkr_ID26": "693876", "PPK_Name26": "PPK 2.1", "Traffic_26": null, "VCR_26": "0.543", "AADT_26": null, "Tipe_Jb_26": null, "Lat_26": -0.72111600639899998, "Long_26": 100.76830291700001, "Tgl_Ins_26": "9\/10\/2022", "Ket_26": null }, "geometry": { "type": "Point", "coordinates": [ 100.768302917046071, -0.721116006398518 ] } },
{ "type": "Feature", "properties": { "KDRUAS_UPD": "06011", "NOJBT_UPD": "06.011.004.0", "NM_RUAS_UP": "BTS. KOTA SAWAHLUNTO - MUARA KALABAN", "NM_JBT_UPD": "BATANG LABAN", "PROVINSI": "SUMATERA BARAT", "No_Prov_26": "06", "ID_Jbt_26": "0600151", "Kd_Ruas_26": "06011", "Suffix_26": null, "Nm_Ruas_26": "BTS. KOTA SAWAHLUNTO - MUARA KALABAN", "Lintas_26": "JALAN LINTAS TENGAH", "No_Jbt_26": "06.011.004.0", "Nm_Jbt_26": "BATANG LABAN", "Status_26": "N", "Fungsi_26": "A", "Lks_Dr_26": "PDG", "Lks_km_26": 87.9, "F_STA_26": "650", "Cadin_26": "SWL", "Pjg_Jbt_26": 10.7, "Btg_Pjg_26": 10.2, "Jml_Btg_26": "1", "Lb_Jl_Ms26": 7.0, "Lb_Jl_Kl26": 7.0, "Lb_Lalin26": 7.0, "Lb_Bh_Ki26": 0.25, "Lb_Bh_Ka26": 0.25, "Lb_Dr_Ki26": 0.2, "Lb_Dr_Ka26": 0.2, "Lb_Tr_Ki26": 0.95, "Lb_Tr_Ka26": 0.95, "Lb_TS_Ki26": 0.0, "Lb_TS_Ka26": 0.0, "Lb_Med_26": 0.0, "Lbr_Jbt_26": 9.8, "Bgn_Ats_26": "GTP", "Jns_Jbt_26": "STANDAR", "Thn_Bgn_26": "1980", "BA_26": "2", "LNT_26": "2", "BB_26": "2", "DAS_26": "2", "OP_26": "2", "UT_26": "0", "GR_26": "0", "LB_26": "0", "JBT_26": "2", "Tp_Lnts_26": "SUNGAI", "Dt_Lnts_26": "LURUS", "Pnangnn_26": "RUTIN", "Pmriksn_26": "RUTIN", "Pnglola_26": "BPJN SUMATERA BARAT", "Satkr_ID26": "693876", "PPK_Name26": "PPK 2.1", "Traffic_26": null, "VCR_26": "0.543", "AADT_26": null, "Tipe_Jb_26": null, "Lat_26": -0.70894902987399999, "Long_26": 100.79066467299999, "Tgl_Ins_26": "6\/20\/2024", "Ket_26": null }, "geometry": { "type": "Point", "coordinates": [ 100.790664673036304, -0.708949029873793 ] } },
{ "type": "Feature", "properties": { "KDRUAS_UPD": "06012", "NOJBT_UPD": "06.012.001.0", "NM_RUAS_UP": "MUARA KALABAN - TANAH BADANTUNG", "NM_JBT_UPD": "BATANG LASI", "PROVINSI": "SUMATERA BARAT", "No_Prov_26": "06", "ID_Jbt_26": "0600152", "Kd_Ruas_26": "06012", "Suffix_26": null, "Nm_Ruas_26": "MUARA KALABAN - TANAH BADANTUNG", "Lintas_26": "JALAN LINTAS TENGAH", "No_Jbt_26": "06.012.001.0", "Nm_Jbt_26": "BATANG LASI", "Status_26": "N", "Fungsi_26": "A", "Lks_Dr_26": "PDG", "Lks_km_26": 90.5, "F_STA_26": "180", "Cadin_26": "SJJ", "Pjg_Jbt_26": 46.3, "Btg_Pjg_26": 22.5, "Jml_Btg_26": "2", "Lb_Jl_Ms26": 6.4, "Lb_Jl_Kl26": 6.4, "Lb_Lalin26": 6.4, "Lb_Bh_Ki26": 0.5, "Lb_Bh_Ka26": 0.5, "Lb_Dr_Ki26": 0.3, "Lb_Dr_Ka26": 0.3, "Lb_Tr_Ki26": 0.4, "Lb_Tr_Ka26": 0.4, "Lb_TS_Ki26": 0.8, "Lb_TS_Ka26": 0.8, "Lb_Med_26": 0.0, "Lbr_Jbt_26": 10.4, "Bgn_Ats_26": "GBP", "Jns_Jbt_26": "STANDAR", "Thn_Bgn_26": "1974", "BA_26": "1", "LNT_26": "1", "BB_26": "2", "DAS_26": "2", "OP_26": "2", "UT_26": "0", "GR_26": "0", "LB_26": "0", "JBT_26": "2", "Tp_Lnts_26": "SUNGAI", "Dt_Lnts_26": "LURUS", "Pnangnn_26": "RUTIN", "Pmriksn_26": "RUTIN", "Pnglola_26": "BPJN SUMATERA BARAT", "Satkr_ID26": "693876", "PPK_Name26": "PPK 2.2", "Traffic_26": null, "VCR_26": "0.159", "AADT_26": null, "Tipe_Jb_26": null, "Lat_26": -0.70441597731500005, "Long_26": 100.80241394, "Tgl_Ins_26": "6\/22\/2024", "Ket_26": null }, "geometry": { "type": "Point", "coordinates": [ 100.802413939651672, -0.704415977315477 ] } },
{ "type": "Feature", "properties": { "KDRUAS_UPD": "06012", "NOJBT_UPD": "06.012.002.0", "NM_RUAS_UP": "MUARA KALABAN - TANAH BADANTUNG", "NM_JBT_UPD": "BATANG PIRUKO 1", "PROVINSI": "SUMATERA BARAT", "No_Prov_26": "06", "ID_Jbt_26": "0600153", "Kd_Ruas_26": "06012", "Suffix_26": null, "Nm_Ruas_26": "MUARA KALABAN - TANAH BADANTUNG", "Lintas_26": "JALAN LINTAS TENGAH", "No_Jbt_26": "06.012.002.0", "Nm_Jbt_26": "BATANG PIRUKO 1", "Status_26": "N", "Fungsi_26": "A", "Lks_Dr_26": "PDG", "Lks_km_26": 95.15, "F_STA_26": "690", "Cadin_26": "SJJ", "Pjg_Jbt_26": 23.4, "Btg_Pjg_26": 23.0, "Jml_Btg_26": "1", "Lb_Jl_Ms26": 7.2, "Lb_Jl_Kl26": 7.2, "Lb_Lalin26": 7.2, "Lb_Bh_Ki26": 0.4, "Lb_Bh_Ka26": 0.4, "Lb_Dr_Ki26": 0.1, "Lb_Dr_Ka26": 0.1, "Lb_Tr_Ki26": 0.38, "Lb_Tr_Ka26": 0.38, "Lb_TS_Ki26": 0.12, "Lb_TS_Ka26": 0.12, "Lb_Med_26": 0.0, "Lbr_Jbt_26": 9.2, "Bgn_Ats_26": "GBP", "Jns_Jbt_26": "STANDAR", "Thn_Bgn_26": "1974", "BA_26": "2", "LNT_26": "2", "BB_26": "2", "DAS_26": "2", "OP_26": "1", "UT_26": "0", "GR_26": "0", "LB_26": "0", "JBT_26": "2", "Tp_Lnts_26": "SUNGAI", "Dt_Lnts_26": "LURUS", "Pnangnn_26": "BERKALA", "Pmriksn_26": "RUTIN", "Pnglola_26": "BPJN SUMATERA BARAT", "Satkr_ID26": "693876", "PPK_Name26": "PPK 2.2", "Traffic_26": null, "VCR_26": "0.159", "AADT_26": null, "Tipe_Jb_26": null, "Lat_26": -0.69745397552, "Long_26": 100.84300994900001, "Tgl_Ins_26": "6\/22\/2024", "Ket_26": null }, "geometry": { "type": "Point", "coordinates": [ 100.84300994924979, -0.697453975520489 ] } },
{ "type": "Feature", "properties": { "KDRUAS_UPD": "06012", "NOJBT_UPD": "06.012.003.0", "NM_RUAS_UP": "MUARA KALABAN - TANAH BADANTUNG", "NM_JBT_UPD": "BATANG PIRUKO 2", "PROVINSI": "SUMATERA BARAT", "No_Prov_26": "06", "ID_Jbt_26": "0600154", "Kd_Ruas_26": "06012", "Suffix_26": null, "Nm_Ruas_26": "MUARA KALABAN - TANAH BADANTUNG", "Lintas_26": "JALAN LINTAS TENGAH", "No_Jbt_26": "06.012.003.0", "Nm_Jbt_26": "BATANG PIRUKO 2", "Status_26": "N", "Fungsi_26": "A", "Lks_Dr_26": "PDG", "Lks_km_26": 96.8, "F_STA_26": "850", "Cadin_26": "SJJ", "Pjg_Jbt_26": 6.0, "Btg_Pjg_26": 5.5, "Jml_Btg_26": "1", "Lb_Jl_Ms26": 6.9, "Lb_Jl_Kl26": 6.9, "Lb_Lalin26": 6.9, "Lb_Bh_Ki26": 0.45, "Lb_Bh_Ka26": 0.45, "Lb_Dr_Ki26": 0.23, "Lb_Dr_Ka26": 0.23, "Lb_Tr_Ki26": 0.57, "Lb_Tr_Ka26": 0.57, "Lb_TS_Ki26": 0.8, "Lb_TS_Ka26": 0.8, "Lb_Med_26": 0.0, "Lbr_Jbt_26": 11.0, "Bgn_Ats_26": "PTP", "Jns_Jbt_26": "STANDAR", "Thn_Bgn_26": "1975", "BA_26": "1", "LNT_26": "1", "BB_26": "1", "DAS_26": "1", "OP_26": "1", "UT_26": "0", "GR_26": "0", "LB_26": "0", "JBT_26": "1", "Tp_Lnts_26": "SUNGAI", "Dt_Lnts_26": "LURUS", "Pnangnn_26": "RUTIN", "Pmriksn_26": "RUTIN", "Pnglola_26": "BPJN SUMATERA BARAT", "Satkr_ID26": "693876", "PPK_Name26": "PPK 2.2", "Traffic_26": null, "VCR_26": "0.159", "AADT_26": null, "Tipe_Jb_26": null, "Lat_26": -0.70214897349600003, "Long_26": 100.855606079, "Tgl_Ins_26": "6\/22\/2024", "Ket_26": null }, "geometry": { "type": "Point", "coordinates": [ 100.855606078657672, -0.702148973496264 ] } },
{ "type": "Feature", "properties": { "KDRUAS_UPD": "06012", "NOJBT_UPD": "06.012.005.0", "NM_RUAS_UP": "MUARA KALABAN - TANAH BADANTUNG", "NM_JBT_UPD": "BATANG PALANGKI", "PROVINSI": "SUMATERA BARAT", "No_Prov_26": "06", "ID_Jbt_26": "0600156", "Kd_Ruas_26": "06012", "Suffix_26": null, "Nm_Ruas_26": "MUARA KALABAN - TANAH BADANTUNG", "Lintas_26": "JALAN LINTAS TENGAH", "No_Jbt_26": "06.012.005.0", "Nm_Jbt_26": "BATANG PALANGKI", "Status_26": "N", "Fungsi_26": "A", "Lks_Dr_26": "PDG", "Lks_km_26": 100.99, "F_STA_26": "1260", "Cadin_26": "SJJ", "Pjg_Jbt_26": 54.2, "Btg_Pjg_26": 26.5, "Jml_Btg_26": "2", "Lb_Jl_Ms26": 6.0, "Lb_Jl_Kl26": 6.0, "Lb_Lalin26": 6.0, "Lb_Bh_Ki26": 0.5, "Lb_Bh_Ka26": 0.5, "Lb_Dr_Ki26": 0.12, "Lb_Dr_Ka26": 0.12, "Lb_Tr_Ki26": 1.2, "Lb_Tr_Ka26": 1.2, "Lb_TS_Ki26": 0.18, "Lb_TS_Ka26": 0.18, "Lb_Med_26": 0.0, "Lbr_Jbt_26": 10.0, "Bgn_Ats_26": "GBP", "Jns_Jbt_26": "STANDAR", "Thn_Bgn_26": "1975", "BA_26": "2", "LNT_26": "2", "BB_26": "2", "DAS_26": "1", "OP_26": "1", "UT_26": "0", "GR_26": "0", "LB_26": "0", "JBT_26": "2", "Tp_Lnts_26": "SUNGAI", "Dt_Lnts_26": "LURUS", "Pnangnn_26": "RUTIN", "Pmriksn_26": "RUTIN", "Pnglola_26": "BPJN SUMATERA BARAT", "Satkr_ID26": "693876", "PPK_Name26": "PPK 2.2", "Traffic_26": null, "VCR_26": "0.159", "AADT_26": null, "Tipe_Jb_26": null, "Lat_26": -0.70670300723799995, "Long_26": 100.888870239, "Tgl_Ins_26": "6\/22\/2024", "Ket_26": null }, "geometry": { "type": "Point", "coordinates": [ 100.888870239370135, -0.706703007237934 ] } },
{ "type": "Feature", "properties": { "KDRUAS_UPD": "06013", "NOJBT_UPD": "06.013.001.0", "NM_RUAS_UP": "TANAH BADANTUNG - KILIRANJAO", "NM_JBT_UPD": "BATANG SUKAM", "PROVINSI": "SUMATERA BARAT", "No_Prov_26": "06", "ID_Jbt_26": "0600157", "Kd_Ruas_26": "06013", "Suffix_26": null, "Nm_Ruas_26": "TANAH BADANTUNG - KILIRANJAO", "Lintas_26": "JALAN LINTAS TENGAH", "No_Jbt_26": "06.013.001.0", "Nm_Jbt_26": "BATANG SUKAM", "Status_26": "N", "Fungsi_26": "A", "Lks_Dr_26": "PDG", "Lks_km_26": 116.9, "F_STA_26": "340", "Cadin_26": "SJJ", "Pjg_Jbt_26": 62.0, "Btg_Pjg_26": 30.5, "Jml_Btg_26": "2", "Lb_Jl_Ms26": 7.0, "Lb_Jl_Kl26": 7.0, "Lb_Lalin26": 7.0, "Lb_Bh_Ki26": 0.3, "Lb_Bh_Ka26": 0.3, "Lb_Dr_Ki26": 0.06, "Lb_Dr_Ka26": 0.06, "Lb_Tr_Ki26": 0.45, "Lb_Tr_Ka26": 0.45, "Lb_TS_Ki26": 0.19, "Lb_TS_Ka26": 0.19, "Lb_Med_26": 0.0, "Lbr_Jbt_26": 9.0, "Bgn_Ats_26": "GBP", "Jns_Jbt_26": "STANDAR", "Thn_Bgn_26": "1995", "BA_26": "2", "LNT_26": "1", "BB_26": "1", "DAS_26": "1", "OP_26": "0", "UT_26": "0", "GR_26": "0", "LB_26": "0", "JBT_26": "2", "Tp_Lnts_26": "SUNGAI", "Dt_Lnts_26": "LURUS", "Pnangnn_26": "RUTIN", "Pmriksn_26": "RUTIN", "Pnglola_26": "BPJN SUMATERA BARAT", "Satkr_ID26": "693876", "PPK_Name26": "PPK 2.2", "Traffic_26": null, "VCR_26": "0.521", "AADT_26": null, "Tipe_Jb_26": null, "Lat_26": -0.75420600170600005, "Long_26": 101.012619019, "Tgl_Ins_26": "10\/2\/2020", "Ket_26": null }, "geometry": { "type": "Point", "coordinates": [ 101.012619018652856, -0.754206001705541 ] } },
{ "type": "Feature", "properties": { "KDRUAS_UPD": "06013", "NOJBT_UPD": "06.013.002.0", "NM_RUAS_UP": "TANAH BADANTUNG - KILIRANJAO", "NM_JBT_UPD": "BATANG KULAMPI 1", "PROVINSI": "SUMATERA BARAT", "No_Prov_26": "06", "ID_Jbt_26": "0600158", "Kd_Ruas_26": "06013", "Suffix_26": null, "Nm_Ruas_26": "TANAH BADANTUNG - KILIRANJAO", "Lintas_26": "JALAN LINTAS TENGAH", "No_Jbt_26": "06.013.002.0", "Nm_Jbt_26": "BATANG KULAMPI 1", "Status_26": "N", "Fungsi_26": "A", "Lks_Dr_26": "PDG", "Lks_km_26": 125.9, "F_STA_26": "1250", "Cadin_26": "SJJ", "Pjg_Jbt_26": 13.0, "Btg_Pjg_26": 12.5, "Jml_Btg_26": "1", "Lb_Jl_Ms26": 8.7, "Lb_Jl_Kl26": 8.7, "Lb_Lalin26": 8.7, "Lb_Bh_Ki26": 0.43, "Lb_Bh_Ka26": 0.43, "Lb_Dr_Ki26": 0.54, "Lb_Dr_Ka26": 0.54, "Lb_Tr_Ki26": 0.45, "Lb_Tr_Ka26": 0.45, "Lb_TS_Ki26": 0.795, "Lb_TS_Ka26": 0.795, "Lb_Med_26": 0.0, "Lbr_Jbt_26": 13.13, "Bgn_Ats_26": "GTP", "Jns_Jbt_26": "STANDAR", "Thn_Bgn_26": "1975", "BA_26": "2", "LNT_26": "2", "BB_26": "1", "DAS_26": "1", "OP_26": "1", "UT_26": "0", "GR_26": "0", "LB_26": "0", "JBT_26": "2", "Tp_Lnts_26": "SUNGAI", "Dt_Lnts_26": "LURUS", "Pnangnn_26": "RUTIN", "Pmriksn_26": "RUTIN", "Pnglola_26": "BPJN SUMATERA BARAT", "Satkr_ID26": "693876", "PPK_Name26": "PPK 2.2", "Traffic_26": null, "VCR_26": "0.521", "AADT_26": null, "Tipe_Jb_26": null, "Lat_26": -0.77701801047300001, "Long_26": 101.074493408, "Tgl_Ins_26": "6\/22\/2024", "Ket_26": null }, "geometry": { "type": "Point", "coordinates": [ 101.074493407844557, -0.777018010472773 ] } },
{ "type": "Feature", "properties": { "KDRUAS_UPD": "06013", "NOJBT_UPD": "06.013.003.0", "NM_RUAS_UP": "TANAH BADANTUNG - KILIRANJAO", "NM_JBT_UPD": "BATANG KULAMPI 2", "PROVINSI": "SUMATERA BARAT", "No_Prov_26": "06", "ID_Jbt_26": "0600159", "Kd_Ruas_26": "06013", "Suffix_26": null, "Nm_Ruas_26": "TANAH BADANTUNG - KILIRANJAO", "Lintas_26": "JALAN LINTAS TENGAH", "No_Jbt_26": "06.013.003.0", "Nm_Jbt_26": "BATANG KULAMPI 2", "Status_26": "N", "Fungsi_26": "A", "Lks_Dr_26": "PDG", "Lks_km_26": 128.4, "F_STA_26": "1510", "Cadin_26": "SJJ", "Pjg_Jbt_26": 12.8, "Btg_Pjg_26": 12.0, "Jml_Btg_26": "1", "Lb_Jl_Ms26": 9.3, "Lb_Jl_Kl26": 9.3, "Lb_Lalin26": 9.3, "Lb_Bh_Ki26": 0.45, "Lb_Bh_Ka26": 0.45, "Lb_Dr_Ki26": 0.35, "Lb_Dr_Ka26": 0.35, "Lb_Tr_Ki26": 0.0, "Lb_Tr_Ka26": 0.0, "Lb_TS_Ki26": 0.15, "Lb_TS_Ka26": 0.15, "Lb_Med_26": 0.0, "Lbr_Jbt_26": 11.2, "Bgn_Ats_26": "GTP", "Jns_Jbt_26": "STANDAR", "Thn_Bgn_26": "1975", "BA_26": "2", "LNT_26": "2", "BB_26": "1", "DAS_26": "2", "OP_26": "1", "UT_26": "0", "GR_26": "0", "LB_26": "0", "JBT_26": "2", "Tp_Lnts_26": "SUNGAI", "Dt_Lnts_26": "LURUS", "Pnangnn_26": "RUTIN", "Pmriksn_26": "RUTIN", "Pnglola_26": "BPJN SUMATERA BARAT", "Satkr_ID26": "693876", "PPK_Name26": "PPK 2.2", "Traffic_26": null, "VCR_26": "0.521", "AADT_26": null, "Tipe_Jb_26": null, "Lat_26": -0.77789002640399996, "Long_26": 101.09607696499998, "Tgl_Ins_26": "6\/23\/2024", "Ket_26": null }, "geometry": { "type": "Point", "coordinates": [ 101.096076965179861, -0.777890026403554 ] } },
{ "type": "Feature", "properties": { "KDRUAS_UPD": "06013", "NOJBT_UPD": "06.013.004.0", "NM_RUAS_UP": "TANAH BADANTUNG - KILIRANJAO", "NM_JBT_UPD": "BATANG KULAMPI 3", "PROVINSI": "SUMATERA BARAT", "No_Prov_26": "06", "ID_Jbt_26": "0600160", "Kd_Ruas_26": "06013", "Suffix_26": null, "Nm_Ruas_26": "TANAH BADANTUNG - KILIRANJAO", "Lintas_26": "JALAN LINTAS TENGAH", "No_Jbt_26": "06.013.004.0", "Nm_Jbt_26": "BATANG KULAMPI 3", "Status_26": "N", "Fungsi_26": "A", "Lks_Dr_26": "PDG", "Lks_km_26": 129.0, "F_STA_26": "1560", "Cadin_26": "SJJ", "Pjg_Jbt_26": 23.0, "Btg_Pjg_26": 22.5, "Jml_Btg_26": "1", "Lb_Jl_Ms26": 7.0, "Lb_Jl_Kl26": 7.0, "Lb_Lalin26": 7.0, "Lb_Bh_Ki26": 0.6, "Lb_Bh_Ka26": 0.6, "Lb_Dr_Ki26": 0.0, "Lb_Dr_Ka26": 0.0, "Lb_Tr_Ki26": 0.3, "Lb_Tr_Ka26": 0.3, "Lb_TS_Ki26": 0.1, "Lb_TS_Ka26": 0.1, "Lb_Med_26": 0.0, "Lbr_Jbt_26": 9.0, "Bgn_Ats_26": "GBP", "Jns_Jbt_26": "STANDAR", "Thn_Bgn_26": "1975", "BA_26": "2", "LNT_26": "2", "BB_26": "2", "DAS_26": "1", "OP_26": "1", "UT_26": "0", "GR_26": "0", "LB_26": "0", "JBT_26": "2", "Tp_Lnts_26": "SUNGAI", "Dt_Lnts_26": "LURUS", "Pnangnn_26": "RUTIN", "Pmriksn_26": "RUTIN", "Pnglola_26": "BPJN SUMATERA BARAT", "Satkr_ID26": "693876", "PPK_Name26": "PPK 2.2", "Traffic_26": null, "VCR_26": "0.521", "AADT_26": null, "Tipe_Jb_26": null, "Lat_26": -0.77336198127, "Long_26": 101.097984314, "Tgl_Ins_26": "6\/23\/2024", "Ket_26": null }, "geometry": { "type": "Point", "coordinates": [ 101.097984313924997, -0.773361981270398 ] } },
{ "type": "Feature", "properties": { "KDRUAS_UPD": "06013", "NOJBT_UPD": "06.013.005.0", "NM_RUAS_UP": "TANAH BADANTUNG - KILIRANJAO", "NM_JBT_UPD": "BATANG KULAMPI 4", "PROVINSI": "SUMATERA BARAT", "No_Prov_26": "06", "ID_Jbt_26": "0600161", "Kd_Ruas_26": "06013", "Suffix_26": null, "Nm_Ruas_26": "TANAH BADANTUNG - KILIRANJAO", "Lintas_26": "JALAN LINTAS TENGAH", "No_Jbt_26": "06.013.005.0", "Nm_Jbt_26": "BATANG KULAMPI 4", "Status_26": "N", "Fungsi_26": "A", "Lks_Dr_26": "PDG", "Lks_km_26": 129.5, "F_STA_26": "1610", "Cadin_26": "SJJ", "Pjg_Jbt_26": 12.7, "Btg_Pjg_26": 12.0, "Jml_Btg_26": "1", "Lb_Jl_Ms26": 9.0, "Lb_Jl_Kl26": 9.0, "Lb_Lalin26": 9.0, "Lb_Bh_Ki26": 0.6, "Lb_Bh_Ka26": 0.6, "Lb_Dr_Ki26": 0.0, "Lb_Dr_Ka26": 0.0, "Lb_Tr_Ki26": 0.25, "Lb_Tr_Ka26": 0.25, "Lb_TS_Ki26": 0.15, "Lb_TS_Ka26": 0.15, "Lb_Med_26": 0.0, "Lbr_Jbt_26": 11.0, "Bgn_Ats_26": "GTP", "Jns_Jbt_26": "STANDAR", "Thn_Bgn_26": "1975", "BA_26": "2", "LNT_26": "2", "BB_26": "1", "DAS_26": "1", "OP_26": "1", "UT_26": "0", "GR_26": "0", "LB_26": "0", "JBT_26": "2", "Tp_Lnts_26": "SUNGAI", "Dt_Lnts_26": "LURUS", "Pnangnn_26": "RUTIN", "Pmriksn_26": "RUTIN", "Pnglola_26": "BPJN SUMATERA BARAT", "Satkr_ID26": "693876", "PPK_Name26": "PPK 2.2", "Traffic_26": null, "VCR_26": "0.521", "AADT_26": null, "Tipe_Jb_26": null, "Lat_26": -0.77148497115400005, "Long_26": 101.1015625, "Tgl_Ins_26": "6\/24\/2024", "Ket_26": null }, "geometry": { "type": "Point", "coordinates": [ 101.101562499609713, -0.77148497115445 ] } },
{ "type": "Feature", "properties": { "KDRUAS_UPD": "06013", "NOJBT_UPD": "06.013.006.0", "NM_RUAS_UP": "TANAH BADANTUNG - KILIRANJAO", "NM_JBT_UPD": "BATANG KULAMPI 5", "PROVINSI": "SUMATERA BARAT", "No_Prov_26": "06", "ID_Jbt_26": "0600162", "Kd_Ruas_26": "06013", "Suffix_26": null, "Nm_Ruas_26": "TANAH BADANTUNG - KILIRANJAO", "Lintas_26": "JALAN LINTAS TENGAH", "No_Jbt_26": "06.013.006.0", "Nm_Jbt_26": "BATANG KULAMPI 5", "Status_26": "N", "Fungsi_26": "A", "Lks_Dr_26": "PDG", "Lks_km_26": 131.26, "F_STA_26": "1790", "Cadin_26": "SJJ", "Pjg_Jbt_26": 8.8, "Btg_Pjg_26": 8.0, "Jml_Btg_26": "1", "Lb_Jl_Ms26": 9.0, "Lb_Jl_Kl26": 9.0, "Lb_Lalin26": 9.0, "Lb_Bh_Ki26": 0.4, "Lb_Bh_Ka26": 0.4, "Lb_Dr_Ki26": 0.0, "Lb_Dr_Ka26": 0.0, "Lb_Tr_Ki26": 0.36, "Lb_Tr_Ka26": 0.36, "Lb_TS_Ki26": 0.24, "Lb_TS_Ka26": 0.24, "Lb_Med_26": 0.0, "Lbr_Jbt_26": 11.0, "Bgn_Ats_26": "GTP", "Jns_Jbt_26": "STANDAR", "Thn_Bgn_26": "1975", "BA_26": "2", "LNT_26": "2", "BB_26": "1", "DAS_26": "1", "OP_26": "1", "UT_26": "0", "GR_26": "0", "LB_26": "0", "JBT_26": "2", "Tp_Lnts_26": "SUNGAI", "Dt_Lnts_26": "LURUS", "Pnangnn_26": "RUTIN", "Pmriksn_26": "RUTIN", "Pnglola_26": "BPJN SUMATERA BARAT", "Satkr_ID26": "693876", "PPK_Name26": "PPK 2.2", "Traffic_26": null, "VCR_26": "0.521", "AADT_26": null, "Tipe_Jb_26": null, "Lat_26": -0.76517397150199995, "Long_26": 101.113380432, "Tgl_Ins_26": "6\/24\/2024", "Ket_26": null }, "geometry": { "type": "Point", "coordinates": [ 101.11338043216125, -0.765173971501554 ] } },
{ "type": "Feature", "properties": { "KDRUAS_UPD": "06013", "NOJBT_UPD": "06.013.007.0", "NM_RUAS_UP": "TANAH BADANTUNG - KILIRANJAO", "NM_JBT_UPD": "BATANG KULAMPI 6", "PROVINSI": "SUMATERA BARAT", "No_Prov_26": "06", "ID_Jbt_26": "0600163", "Kd_Ruas_26": "06013", "Suffix_26": null, "Nm_Ruas_26": "TANAH BADANTUNG - KILIRANJAO", "Lintas_26": "JALAN LINTAS TENGAH", "No_Jbt_26": "06.013.007.0", "Nm_Jbt_26": "BATANG KULAMPI 6", "Status_26": "N", "Fungsi_26": "A", "Lks_Dr_26": "PDG", "Lks_km_26": 132.0, "F_STA_26": "1860", "Cadin_26": "SJJ", "Pjg_Jbt_26": 12.5, "Btg_Pjg_26": 12.0, "Jml_Btg_26": "1", "Lb_Jl_Ms26": 10.4, "Lb_Jl_Kl26": 10.4, "Lb_Lalin26": 10.4, "Lb_Bh_Ki26": 0.43, "Lb_Bh_Ka26": 0.43, "Lb_Dr_Ki26": 0.0, "Lb_Dr_Ka26": 0.0, "Lb_Tr_Ki26": 0.5, "Lb_Tr_Ka26": 0.5, "Lb_TS_Ki26": 0.17, "Lb_TS_Ka26": 0.17, "Lb_Med_26": 0.0, "Lbr_Jbt_26": 12.6, "Bgn_Ats_26": "GTP", "Jns_Jbt_26": "STANDAR", "Thn_Bgn_26": "1975", "BA_26": "2", "LNT_26": "1", "BB_26": "1", "DAS_26": "2", "OP_26": "1", "UT_26": "0", "GR_26": "0", "LB_26": "0", "JBT_26": "2", "Tp_Lnts_26": "SUNGAI", "Dt_Lnts_26": "LURUS", "Pnangnn_26": "RUTIN", "Pmriksn_26": "RUTIN", "Pnglola_26": "BPJN SUMATERA BARAT", "Satkr_ID26": "693876", "PPK_Name26": "PPK 2.2", "Traffic_26": null, "VCR_26": "0.521", "AADT_26": null, "Tipe_Jb_26": null, "Lat_26": -0.76582097975399999, "Long_26": 101.119606018, "Tgl_Ins_26": "6\/23\/2024", "Ket_26": null }, "geometry": { "type": "Point", "coordinates": [ 101.119606017803562, -0.76582097975438 ] } },
{ "type": "Feature", "properties": { "KDRUAS_UPD": "06013", "NOJBT_UPD": "06.013.008.0", "NM_RUAS_UP": "TANAH BADANTUNG - KILIRANJAO", "NM_JBT_UPD": "BATANG KULAMPI 7", "PROVINSI": "SUMATERA BARAT", "No_Prov_26": "06", "ID_Jbt_26": "0600164", "Kd_Ruas_26": "06013", "Suffix_26": null, "Nm_Ruas_26": "TANAH BADANTUNG - KILIRANJAO", "Lintas_26": "JALAN LINTAS TENGAH", "No_Jbt_26": "06.013.008.0", "Nm_Jbt_26": "BATANG KULAMPI 7", "Status_26": "N", "Fungsi_26": "A", "Lks_Dr_26": "PDG", "Lks_km_26": 132.42, "F_STA_26": "1900", "Cadin_26": "SJJ", "Pjg_Jbt_26": 8.7, "Btg_Pjg_26": 8.0, "Jml_Btg_26": "1", "Lb_Jl_Ms26": 10.4, "Lb_Jl_Kl26": 10.4, "Lb_Lalin26": 10.4, "Lb_Bh_Ki26": 0.3, "Lb_Bh_Ka26": 0.3, "Lb_Dr_Ki26": 0.0, "Lb_Dr_Ka26": 0.0, "Lb_Tr_Ki26": 0.0, "Lb_Tr_Ka26": 0.0, "Lb_TS_Ki26": 0.0, "Lb_TS_Ka26": 0.0, "Lb_Med_26": 0.0, "Lbr_Jbt_26": 11.0, "Bgn_Ats_26": "GTP", "Jns_Jbt_26": "STANDAR", "Thn_Bgn_26": "1975", "BA_26": "2", "LNT_26": "2", "BB_26": "1", "DAS_26": "2", "OP_26": "0", "UT_26": "0", "GR_26": "0", "LB_26": "0", "JBT_26": "2", "Tp_Lnts_26": "SUNGAI", "Dt_Lnts_26": "LURUS", "Pnangnn_26": "RUTIN", "Pmriksn_26": "RUTIN", "Pnglola_26": "BPJN SUMATERA BARAT", "Satkr_ID26": "693876", "PPK_Name26": "PPK 2.2", "Traffic_26": null, "VCR_26": "0.521", "AADT_26": null, "Tipe_Jb_26": null, "Lat_26": -0.76678800546199999, "Long_26": 101.122970581, "Tgl_Ins_26": "6\/23\/2024", "Ket_26": null }, "geometry": { "type": "Point", "coordinates": [ 101.122970581227378, -0.766788005462047 ] } },
{ "type": "Feature", "properties": { "KDRUAS_UPD": "06013", "NOJBT_UPD": "06.013.009.0", "NM_RUAS_UP": "TANAH BADANTUNG - KILIRANJAO", "NM_JBT_UPD": "BATANG TAKUNG 1", "PROVINSI": "SUMATERA BARAT", "No_Prov_26": "06", "ID_Jbt_26": "0600165", "Kd_Ruas_26": "06013", "Suffix_26": null, "Nm_Ruas_26": "TANAH BADANTUNG - KILIRANJAO", "Lintas_26": "JALAN LINTAS TENGAH", "No_Jbt_26": "06.013.009.0", "Nm_Jbt_26": "BATANG TAKUNG 1", "Status_26": "N", "Fungsi_26": "A", "Lks_Dr_26": "PDG", "Lks_km_26": 140.3, "F_STA_26": "2740", "Cadin_26": "SJJ", "Pjg_Jbt_26": 9.6, "Btg_Pjg_26": 9.0, "Jml_Btg_26": "1", "Lb_Jl_Ms26": 6.4, "Lb_Jl_Kl26": 6.4, "Lb_Lalin26": 6.4, "Lb_Bh_Ki26": 0.32, "Lb_Bh_Ka26": 0.32, "Lb_Dr_Ki26": 0.44, "Lb_Dr_Ka26": 0.44, "Lb_Tr_Ki26": 0.4, "Lb_Tr_Ka26": 0.4, "Lb_TS_Ki26": 0.14, "Lb_TS_Ka26": 0.14, "Lb_Med_26": 0.0, "Lbr_Jbt_26": 9.0, "Bgn_Ats_26": "GBP", "Jns_Jbt_26": "STANDAR", "Thn_Bgn_26": "1975", "BA_26": "2", "LNT_26": "2", "BB_26": "1", "DAS_26": "2", "OP_26": "2", "UT_26": "0", "GR_26": "0", "LB_26": "0", "JBT_26": "2", "Tp_Lnts_26": "SUNGAI", "Dt_Lnts_26": "LURUS", "Pnangnn_26": "RUTIN", "Pmriksn_26": "RUTIN", "Pnglola_26": "BPJN SUMATERA BARAT", "Satkr_ID26": "693876", "PPK_Name26": "PPK 2.2", "Traffic_26": null, "VCR_26": "0.521", "AADT_26": null, "Tipe_Jb_26": null, "Lat_26": -0.77979499104600003, "Long_26": 101.18709564199999, "Tgl_Ins_26": "6\/1\/2025", "Ket_26": null }, "geometry": { "type": "Point", "coordinates": [ 101.187095641650615, -0.779794991045947 ] } },
{ "type": "Feature", "properties": { "KDRUAS_UPD": "06013", "NOJBT_UPD": "06.013.010.0", "NM_RUAS_UP": "TANAH BADANTUNG - KILIRANJAO", "NM_JBT_UPD": "BATANG TAKUNG 2", "PROVINSI": "SUMATERA BARAT", "No_Prov_26": "06", "ID_Jbt_26": "0600166", "Kd_Ruas_26": "06013", "Suffix_26": null, "Nm_Ruas_26": "TANAH BADANTUNG - KILIRANJAO", "Lintas_26": "JALAN LINTAS TENGAH", "No_Jbt_26": "06.013.010.0", "Nm_Jbt_26": "BATANG TAKUNG 2", "Status_26": "N", "Fungsi_26": "A", "Lks_Dr_26": "PDG", "Lks_km_26": 141.28, "F_STA_26": "2820", "Cadin_26": "SJJ", "Pjg_Jbt_26": 23.0, "Btg_Pjg_26": 22.5, "Jml_Btg_26": "1", "Lb_Jl_Ms26": 7.1, "Lb_Jl_Kl26": 7.1, "Lb_Lalin26": 7.1, "Lb_Bh_Ki26": 0.33, "Lb_Bh_Ka26": 0.33, "Lb_Dr_Ki26": 0.3, "Lb_Dr_Ka26": 0.3, "Lb_Tr_Ki26": 0.35, "Lb_Tr_Ka26": 0.35, "Lb_TS_Ki26": 0.0, "Lb_TS_Ka26": 0.0, "Lb_Med_26": 0.0, "Lbr_Jbt_26": 9.06, "Bgn_Ats_26": "GBP", "Jns_Jbt_26": "STANDAR", "Thn_Bgn_26": "1975", "BA_26": "2", "LNT_26": "2", "BB_26": "2", "DAS_26": "1", "OP_26": "2", "UT_26": "0", "GR_26": "0", "LB_26": "0", "JBT_26": "2", "Tp_Lnts_26": "SUNGAI", "Dt_Lnts_26": "LURUS", "Pnangnn_26": "RUTIN", "Pmriksn_26": "RUTIN", "Pnglola_26": "BPJN SUMATERA BARAT", "Satkr_ID26": "693876", "PPK_Name26": "PPK 2.2", "Traffic_26": null, "VCR_26": "0.521", "AADT_26": null, "Tipe_Jb_26": null, "Lat_26": -0.78376001111600002, "Long_26": 101.19293975799998, "Tgl_Ins_26": "6\/23\/2024", "Ket_26": null }, "geometry": { "type": "Point", "coordinates": [ 101.192939758263265, -0.783760011115589 ] } },
{ "type": "Feature", "properties": { "KDRUAS_UPD": "06014", "NOJBT_UPD": "06.014.001.0", "NM_RUAS_UP": "KILIRANJAO - BTS. KAB. DHAMAS RAYA", "NM_JBT_UPD": "BATANG TAKUNG 1", "PROVINSI": "SUMATERA BARAT", "No_Prov_26": "06", "ID_Jbt_26": "0600168", "Kd_Ruas_26": "06014", "Suffix_26": null, "Nm_Ruas_26": "KILIRANJAO - BTS. KAB. DHAMAS RAYA", "Lintas_26": "JALAN LINTAS TENGAH", "No_Jbt_26": "06.014.001.0", "Nm_Jbt_26": "BATANG TAKUNG 1", "Status_26": "N", "Fungsi_26": "A", "Lks_Dr_26": "PDG", "Lks_km_26": 168.8, "F_STA_26": "350", "Cadin_26": "SJJ", "Pjg_Jbt_26": 60.8, "Btg_Pjg_26": 30.0, "Jml_Btg_26": "2", "Lb_Jl_Ms26": 6.2, "Lb_Jl_Kl26": 6.2, "Lb_Lalin26": 6.2, "Lb_Bh_Ki26": 0.46, "Lb_Bh_Ka26": 0.46, "Lb_Dr_Ki26": 0.2, "Lb_Dr_Ka26": 0.2, "Lb_Tr_Ki26": 0.5, "Lb_Tr_Ka26": 0.5, "Lb_TS_Ki26": 0.24, "Lb_TS_Ka26": 0.24, "Lb_Med_26": 0.0, "Lbr_Jbt_26": 9.0, "Bgn_Ats_26": "GBP", "Jns_Jbt_26": "STANDAR", "Thn_Bgn_26": "1975", "BA_26": "2", "LNT_26": "2", "BB_26": "1", "DAS_26": "2", "OP_26": "1", "UT_26": "0", "GR_26": "0", "LB_26": "0", "JBT_26": "2", "Tp_Lnts_26": "SUNGAI", "Dt_Lnts_26": "LURUS", "Pnangnn_26": "RUTIN", "Pmriksn_26": "RUTIN", "Pnglola_26": "BPJN SUMATERA BARAT", "Satkr_ID26": "693876", "PPK_Name26": "PPK 2.2", "Traffic_26": null, "VCR_26": "0.474", "AADT_26": null, "Tipe_Jb_26": null, "Lat_26": -0.90148699293000001, "Long_26": 101.38867187499999, "Tgl_Ins_26": "6\/2\/2025", "Ket_26": null }, "geometry": { "type": "Point", "coordinates": [ 101.388671874907175, -0.901486992930359 ] } },
{ "type": "Feature", "properties": { "KDRUAS_UPD": "0600211", "NOJBT_UPD": "06.002.001.0.11", "NM_RUAS_UP": "LUBUK SIKAPING BY PASS", "NM_JBT_UPD": "BATANG PAKAU", "PROVINSI": "SUMATERA BARAT", "No_Prov_26": "06", "ID_Jbt_26": "0600063", "Kd_Ruas_26": "0600211", "Suffix_26": "11", "Nm_Ruas_26": "LUBUK SIKAPING BY PASS", "Lintas_26": "JALAN LINTAS TENGAH", "No_Jbt_26": "06.002.001.0.11", "Nm_Jbt_26": "BATANG PAKAU", "Status_26": "N", "Fungsi_26": "A", "Lks_Dr_26": "PDG", "Lks_km_26": 166.9, "F_STA_26": "290", "Cadin_26": "LBS", "Pjg_Jbt_26": 45.6, "Btg_Pjg_26": 45.0, "Jml_Btg_26": "1", "Lb_Jl_Ms26": 5.8, "Lb_Jl_Kl26": 5.8, "Lb_Lalin26": 5.8, "Lb_Bh_Ki26": 0.0, "Lb_Bh_Ka26": 0.0, "Lb_Dr_Ki26": 0.0, "Lb_Dr_Ka26": 0.0, "Lb_Tr_Ki26": 0.5, "Lb_Tr_Ka26": 0.5, "Lb_TS_Ki26": 0.0, "Lb_TS_Ka26": 0.0, "Lb_Med_26": 0.0, "Lbr_Jbt_26": 6.8, "Bgn_Ats_26": "RBA", "Jns_Jbt_26": "STANDAR", "Thn_Bgn_26": "1990", "BA_26": "2", "LNT_26": "0", "BB_26": "1", "DAS_26": "1", "OP_26": "0", "UT_26": "0", "GR_26": "0", "LB_26": "0", "JBT_26": "2", "Tp_Lnts_26": "SUNGAI", "Dt_Lnts_26": "BERKELOK", "Pnangnn_26": "RUTIN", "Pmriksn_26": "RUTIN", "Pnglola_26": "BPJN SUMATERA BARAT", "Satkr_ID26": "693875", "PPK_Name26": "PPK 1.3", "Traffic_26": null, "VCR_26": "0.094", "AADT_26": null, "Tipe_Jb_26": null, "Lat_26": 0.1202130021283665, "Long_26": 100.180091858, "Tgl_Ins_26": "7\/9\/2025", "Ket_26": null }, "geometry": { "type": "Point", "coordinates": [ 100.180091857553236, 0.120213002128366 ] } },
{ "type": "Feature", "properties": { "KDRUAS_UPD": "0600211", "NOJBT_UPD": "06.002.002.0.11", "NM_RUAS_UP": "LUBUK SIKAPING BY PASS", "NM_JBT_UPD": "TELUK EMBUN", "PROVINSI": "SUMATERA BARAT", "No_Prov_26": "06", "ID_Jbt_26": "0600064", "Kd_Ruas_26": "0600211", "Suffix_26": "11", "Nm_Ruas_26": "LUBUK SIKAPING BY PASS", "Lintas_26": "JALAN LINTAS TENGAH", "No_Jbt_26": "06.002.002.0.11", "Nm_Jbt_26": "TELUK EMBUN", "Status_26": "N", "Fungsi_26": "A", "Lks_Dr_26": "PDG", "Lks_km_26": 167.9, "F_STA_26": "420", "Cadin_26": "LBS", "Pjg_Jbt_26": 16.0, "Btg_Pjg_26": 15.5, "Jml_Btg_26": "1", "Lb_Jl_Ms26": 6.85, "Lb_Jl_Kl26": 6.85, "Lb_Lalin26": 6.85, "Lb_Bh_Ki26": 0.0, "Lb_Bh_Ka26": 0.0, "Lb_Dr_Ki26": 0.0, "Lb_Dr_Ka26": 0.0, "Lb_Tr_Ki26": 1.12, "Lb_Tr_Ka26": 1.08, "Lb_TS_Ki26": 0.275, "Lb_TS_Ka26": 0.275, "Lb_Med_26": 0.0, "Lbr_Jbt_26": 9.6, "Bgn_Ats_26": "GTP", "Jns_Jbt_26": "STANDAR", "Thn_Bgn_26": "1990", "BA_26": "1", "LNT_26": "1", "BB_26": "2", "DAS_26": "0", "OP_26": "1", "UT_26": "0", "GR_26": "0", "LB_26": "0", "JBT_26": "2", "Tp_Lnts_26": "SUNGAI", "Dt_Lnts_26": "BERKELOK", "Pnangnn_26": "RUTIN", "Pmriksn_26": "RUTIN", "Pnglola_26": "BPJN SUMATERA BARAT", "Satkr_ID26": "693875", "PPK_Name26": "PPK 1.3", "Traffic_26": null, "VCR_26": "0.094", "AADT_26": null, "Tipe_Jb_26": null, "Lat_26": 0.1316370073420785, "Long_26": 100.176551819, "Tgl_Ins_26": "8\/3\/2022", "Ket_26": null }, "geometry": { "type": "Point", "coordinates": [ 100.176551819311044, 0.131637007342079 ] } },
{ "type": "Feature", "properties": { "KDRUAS_UPD": "0600211", "NOJBT_UPD": "06.002.003.0.11", "NM_RUAS_UP": "LUBUK SIKAPING BY PASS", "NM_JBT_UPD": "BATANG MAUH", "PROVINSI": "SUMATERA BARAT", "No_Prov_26": "06", "ID_Jbt_26": "0600065", "Kd_Ruas_26": "0600211", "Suffix_26": "11", "Nm_Ruas_26": "LUBUK SIKAPING BY PASS", "Lintas_26": "JALAN LINTAS TENGAH", "No_Jbt_26": "06.002.003.0.11", "Nm_Jbt_26": "BATANG MAUH", "Status_26": "N", "Fungsi_26": "A", "Lks_Dr_26": "PDG", "Lks_km_26": 169.02, "F_STA_26": "580", "Cadin_26": "LBS", "Pjg_Jbt_26": 26.0, "Btg_Pjg_26": 25.5, "Jml_Btg_26": "1", "Lb_Jl_Ms26": 5.7, "Lb_Jl_Kl26": 5.7, "Lb_Lalin26": 5.7, "Lb_Bh_Ki26": 0.65, "Lb_Bh_Ka26": 0.25, "Lb_Dr_Ki26": 0.22, "Lb_Dr_Ka26": 0.3, "Lb_Tr_Ki26": 1.01, "Lb_Tr_Ka26": 0.99, "Lb_TS_Ki26": 0.44, "Lb_TS_Ka26": 0.44, "Lb_Med_26": 0.0, "Lbr_Jbt_26": 10.0, "Bgn_Ats_26": "GPP", "Jns_Jbt_26": "STANDAR", "Thn_Bgn_26": "1990", "BA_26": "2", "LNT_26": "2", "BB_26": "2", "DAS_26": "0", "OP_26": "0", "UT_26": "0", "GR_26": "0", "LB_26": "0", "JBT_26": "2", "Tp_Lnts_26": "SUNGAI", "Dt_Lnts_26": "BERKELOK", "Pnangnn_26": "RUTIN", "Pmriksn_26": "RUTIN", "Pnglola_26": "BPJN SUMATERA BARAT", "Satkr_ID26": "693875", "PPK_Name26": "PPK 1.3", "Traffic_26": null, "VCR_26": "0.094", "AADT_26": null, "Tipe_Jb_26": null, "Lat_26": 0.1448930053080062, "Long_26": 100.172492981, "Tgl_Ins_26": "8\/9\/2022", "Ket_26": null }, "geometry": { "type": "Point", "coordinates": [ 100.172492981066284, 0.144893005308006 ] } },
{ "type": "Feature", "properties": { "KDRUAS_UPD": "0600714", "NOJBT_UPD": "06.007.001.0.14", "NM_RUAS_UP": "JLN. BKIA  - SOLOK BATUNG", "NM_JBT_UPD": "SOLOK BATUNG 1", "PROVINSI": "SUMATERA BARAT", "No_Prov_26": "06", "ID_Jbt_26": "0600114", "Kd_Ruas_26": "0600714", "Suffix_26": "14", "Nm_Ruas_26": "JLN. BKIA  - SOLOK BATUNG", "Lintas_26": "JALAN LINTAS TENGAH", "No_Jbt_26": "06.007.001.0.14", "Nm_Jbt_26": "SOLOK BATUNG 1", "Status_26": "N", "Fungsi_26": "A", "Lks_Dr_26": "PDG", "Lks_km_26": 0.6, "F_STA_26": "60", "Cadin_26": "BSK", "Pjg_Jbt_26": 18.2, "Btg_Pjg_26": 18.0, "Jml_Btg_26": "1", "Lb_Jl_Ms26": 6.2, "Lb_Jl_Kl26": 6.2, "Lb_Lalin26": 6.2, "Lb_Bh_Ki26": 0.26, "Lb_Bh_Ka26": 0.3, "Lb_Dr_Ki26": 0.2, "Lb_Dr_Ka26": 0.1, "Lb_Tr_Ki26": 0.95, "Lb_Tr_Ka26": 0.95, "Lb_TS_Ki26": 0.22, "Lb_TS_Ka26": 0.22, "Lb_Med_26": 0.0, "Lbr_Jbt_26": 9.4, "Bgn_Ats_26": "GBP", "Jns_Jbt_26": "STANDAR", "Thn_Bgn_26": "2011", "BA_26": "2", "LNT_26": "2", "BB_26": "1", "DAS_26": "1", "OP_26": "0", "UT_26": "0", "GR_26": "0", "LB_26": "0", "JBT_26": "2", "Tp_Lnts_26": "SUNGAI", "Dt_Lnts_26": "BERKELOK", "Pnangnn_26": "RUTIN", "Pmriksn_26": "RUTIN", "Pnglola_26": "BPJN SUMATERA BARAT", "Satkr_ID26": "693875", "PPK_Name26": "PPK 1.1", "Traffic_26": null, "VCR_26": "0.075", "AADT_26": null, "Tipe_Jb_26": null, "Lat_26": -0.45981800569600001, "Long_26": 100.42533874499999, "Tgl_Ins_26": "10\/1\/2022", "Ket_26": null }, "geometry": { "type": "Point", "coordinates": [ 100.425338744887199, -0.459818005696377 ] } },
{ "type": "Feature", "properties": { "KDRUAS_UPD": "06014", "NOJBT_UPD": "06.014.002.0", "NM_RUAS_UP": "KILIRANJAO - BTS. KAB. DHAMAS RAYA", "NM_JBT_UPD": "BATANG TAKUNG 2", "PROVINSI": "SUMATERA BARAT", "No_Prov_26": "06", "ID_Jbt_26": "0600169", "Kd_Ruas_26": "06014", "Suffix_26": null, "Nm_Ruas_26": "KILIRANJAO - BTS. KAB. DHAMAS RAYA", "Lintas_26": "JALAN LINTAS TENGAH", "No_Jbt_26": "06.014.002.0", "Nm_Jbt_26": "BATANG TAKUNG 2", "Status_26": "N", "Fungsi_26": "A", "Lks_Dr_26": "PDG", "Lks_km_26": 171.25, "F_STA_26": "610", "Cadin_26": "SJJ", "Pjg_Jbt_26": 12.3, "Btg_Pjg_26": 12.0, "Jml_Btg_26": "1", "Lb_Jl_Ms26": 6.2, "Lb_Jl_Kl26": 6.2, "Lb_Lalin26": 6.2, "Lb_Bh_Ki26": 0.9, "Lb_Bh_Ka26": 0.9, "Lb_Dr_Ki26": 0.0, "Lb_Dr_Ka26": 0.0, "Lb_Tr_Ki26": 0.0, "Lb_Tr_Ka26": 0.0, "Lb_TS_Ki26": 0.5, "Lb_TS_Ka26": 0.5, "Lb_Med_26": 0.0, "Lbr_Jbt_26": 9.0, "Bgn_Ats_26": "GBP", "Jns_Jbt_26": "STANDAR", "Thn_Bgn_26": "1974", "BA_26": "2", "LNT_26": "2", "BB_26": "1", "DAS_26": "1", "OP_26": "2", "UT_26": "0", "GR_26": "0", "LB_26": "0", "JBT_26": "2", "Tp_Lnts_26": "SUNGAI", "Dt_Lnts_26": "LURUS", "Pnangnn_26": "RUTIN", "Pmriksn_26": "RUTIN", "Pnglola_26": "BPJN SUMATERA BARAT", "Satkr_ID26": "693876", "PPK_Name26": "PPK 2.2", "Traffic_26": null, "VCR_26": "0.474", "AADT_26": null, "Tipe_Jb_26": null, "Lat_26": -0.90937197163899997, "Long_26": 101.40705108600001, "Tgl_Ins_26": "6\/24\/2024", "Ket_26": null }, "geometry": { "type": "Point", "coordinates": [ 101.407051085739056, -0.909371971639132 ] } },
{ "type": "Feature", "properties": { "KDRUAS_UPD": "06015", "NOJBT_UPD": "06.015.001.0", "NM_RUAS_UP": "BTS. KAB. DHAMAS RAYA - SEI DAREH", "NM_JBT_UPD": "BATANG TAKUNG", "PROVINSI": "SUMATERA BARAT", "No_Prov_26": "06", "ID_Jbt_26": "0600170", "Kd_Ruas_26": "06015", "Suffix_26": null, "Nm_Ruas_26": "BTS. KAB. DHAMAS RAYA - SEI DAREH", "Lintas_26": "JALAN LINTAS TENGAH", "No_Jbt_26": "06.015.001.0", "Nm_Jbt_26": "BATANG TAKUNG", "Status_26": "N", "Fungsi_26": "A", "Lks_Dr_26": "PDG", "Lks_km_26": 179.55, "F_STA_26": "650", "Cadin_26": "DMR", "Pjg_Jbt_26": 9.6, "Btg_Pjg_26": 9.0, "Jml_Btg_26": "1", "Lb_Jl_Ms26": 7.0, "Lb_Jl_Kl26": 7.0, "Lb_Lalin26": 7.0, "Lb_Bh_Ki26": 0.45, "Lb_Bh_Ka26": 0.45, "Lb_Dr_Ki26": 0.0, "Lb_Dr_Ka26": 0.0, "Lb_Tr_Ki26": 0.4, "Lb_Tr_Ka26": 0.4, "Lb_TS_Ki26": 0.15, "Lb_TS_Ka26": 0.15, "Lb_Med_26": 0.0, "Lbr_Jbt_26": 9.0, "Bgn_Ats_26": "GBP", "Jns_Jbt_26": "STANDAR", "Thn_Bgn_26": "1974", "BA_26": "2", "LNT_26": "2", "BB_26": "1", "DAS_26": "0", "OP_26": "1", "UT_26": "0", "GR_26": "0", "LB_26": "0", "JBT_26": "2", "Tp_Lnts_26": "SUNGAI", "Dt_Lnts_26": "LURUS", "Pnangnn_26": "RUTIN", "Pmriksn_26": "RUTIN", "Pnglola_26": "BPJN SUMATERA BARAT", "Satkr_ID26": "693876", "PPK_Name26": "PPK 2.2", "Traffic_26": null, "VCR_26": "0.73", "AADT_26": null, "Tipe_Jb_26": null, "Lat_26": -0.93743097775700002, "Long_26": 101.459747314, "Tgl_Ins_26": "6\/2\/2025", "Ket_26": null }, "geometry": { "type": "Point", "coordinates": [ 101.459747314287199, -0.937430977757344 ] } },
{ "type": "Feature", "properties": { "KDRUAS_UPD": "06016", "NOJBT_UPD": "06.016.001.0", "NM_RUAS_UP": "SEI DAREH - JUNCTION (KOTO BARU )", "NM_JBT_UPD": "BATANG MIMPI", "PROVINSI": "SUMATERA BARAT", "No_Prov_26": "06", "ID_Jbt_26": "0600172", "Kd_Ruas_26": "06016", "Suffix_26": null, "Nm_Ruas_26": "SEI DAREH - JUNCTION (KOTO BARU )", "Lintas_26": "JALAN LINTAS TENGAH", "No_Jbt_26": "06.016.001.0", "Nm_Jbt_26": "BATANG MIMPI", "Status_26": "N", "Fungsi_26": "A", "Lks_Dr_26": "PDG", "Lks_km_26": 193.55, "F_STA_26": "740", "Cadin_26": "DMR", "Pjg_Jbt_26": 31.6, "Btg_Pjg_26": 31.0, "Jml_Btg_26": "1", "Lb_Jl_Ms26": 6.4, "Lb_Jl_Kl26": 6.4, "Lb_Lalin26": 6.4, "Lb_Bh_Ki26": 1.23, "Lb_Bh_Ka26": 1.23, "Lb_Dr_Ki26": 0.0, "Lb_Dr_Ka26": 0.0, "Lb_Tr_Ki26": 0.0, "Lb_Tr_Ka26": 0.0, "Lb_TS_Ki26": 0.0, "Lb_TS_Ka26": 0.0, "Lb_Med_26": 0.0, "Lbr_Jbt_26": 8.86, "Bgn_Ats_26": "GBP", "Jns_Jbt_26": "STANDAR", "Thn_Bgn_26": "1995", "BA_26": "1", "LNT_26": "1", "BB_26": "1", "DAS_26": "1", "OP_26": "0", "UT_26": "0", "GR_26": "0", "LB_26": "0", "JBT_26": "1", "Tp_Lnts_26": "SUNGAI", "Dt_Lnts_26": "LURUS", "Pnangnn_26": "RUTIN", "Pmriksn_26": "TIDAK DISURVEI", "Pnglola_26": "BPJN SUMATERA BARAT", "Satkr_ID26": "693876", "PPK_Name26": "PPK 2.2", "Traffic_26": null, "VCR_26": "0.148", "AADT_26": null, "Tipe_Jb_26": null, "Lat_26": -0.993494987504, "Long_26": 101.562667847, "Tgl_Ins_26": "6\/7\/2021", "Ket_26": null }, "geometry": { "type": "Point", "coordinates": [ 101.562667847143473, -0.993494987503595 ] } },
{ "type": "Feature", "properties": { "KDRUAS_UPD": "06016", "NOJBT_UPD": "06.016.002.0", "NM_RUAS_UP": "SEI DAREH - JUNCTION (KOTO BARU )", "NM_JBT_UPD": "BATANG PIRUKO", "PROVINSI": "SUMATERA BARAT", "No_Prov_26": "06", "ID_Jbt_26": "0600173", "Kd_Ruas_26": "06016", "Suffix_26": null, "Nm_Ruas_26": "SEI DAREH - JUNCTION (KOTO BARU )", "Lintas_26": "JALAN LINTAS TENGAH", "No_Jbt_26": "06.016.002.0", "Nm_Jbt_26": "BATANG PIRUKO", "Status_26": "N", "Fungsi_26": "A", "Lks_Dr_26": "PDG", "Lks_km_26": 201.5, "F_STA_26": "1530", "Cadin_26": "DMR", "Pjg_Jbt_26": 31.4, "Btg_Pjg_26": 31.0, "Jml_Btg_26": "1", "Lb_Jl_Ms26": 6.3, "Lb_Jl_Kl26": 6.3, "Lb_Lalin26": 6.3, "Lb_Bh_Ki26": 0.4, "Lb_Bh_Ka26": 0.4, "Lb_Dr_Ki26": 0.14, "Lb_Dr_Ka26": 0.14, "Lb_Tr_Ki26": 0.45, "Lb_Tr_Ka26": 0.45, "Lb_TS_Ki26": 0.21, "Lb_TS_Ka26": 0.21, "Lb_Med_26": 0.0, "Lbr_Jbt_26": 8.7, "Bgn_Ats_26": "GBP", "Jns_Jbt_26": "STANDAR", "Thn_Bgn_26": "1995", "BA_26": "2", "LNT_26": "1", "BB_26": "1", "DAS_26": "2", "OP_26": "0", "UT_26": "0", "GR_26": "0", "LB_26": "0", "JBT_26": "2", "Tp_Lnts_26": "SUNGAI", "Dt_Lnts_26": "LURUS", "Pnangnn_26": "RUTIN", "Pmriksn_26": "RUTIN", "Pnglola_26": "BPJN SUMATERA BARAT", "Satkr_ID26": "693876", "PPK_Name26": "PPK 2.2", "Traffic_26": null, "VCR_26": "0.148", "AADT_26": null, "Tipe_Jb_26": null, "Lat_26": -1.03227901427, "Long_26": 101.619804382, "Tgl_Ins_26": "10\/6\/2020", "Ket_26": null }, "geometry": { "type": "Point", "coordinates": [ 101.619804382066661, -1.032279014265043 ] } },
{ "type": "Feature", "properties": { "KDRUAS_UPD": "06016", "NOJBT_UPD": "06.016.003.0", "NM_RUAS_UP": "SEI DAREH - JUNCTION (KOTO BARU )", "NM_JBT_UPD": "BATANG BATIH", "PROVINSI": "SUMATERA BARAT", "No_Prov_26": "06", "ID_Jbt_26": "0600174", "Kd_Ruas_26": "06016", "Suffix_26": null, "Nm_Ruas_26": "SEI DAREH - JUNCTION (KOTO BARU )", "Lintas_26": "JALAN LINTAS TENGAH", "No_Jbt_26": "06.016.003.0", "Nm_Jbt_26": "BATANG BATIH", "Status_26": "N", "Fungsi_26": "A", "Lks_Dr_26": "PDG", "Lks_km_26": 211.85, "F_STA_26": "2580", "Cadin_26": "DMR", "Pjg_Jbt_26": 30.8, "Btg_Pjg_26": 30.3, "Jml_Btg_26": "1", "Lb_Jl_Ms26": 7.0, "Lb_Jl_Kl26": 7.0, "Lb_Lalin26": 7.0, "Lb_Bh_Ki26": 0.6, "Lb_Bh_Ka26": 0.6, "Lb_Dr_Ki26": 0.0, "Lb_Dr_Ka26": 0.0, "Lb_Tr_Ki26": 0.3, "Lb_Tr_Ka26": 0.3, "Lb_TS_Ki26": 0.1, "Lb_TS_Ka26": 0.1, "Lb_Med_26": 0.0, "Lbr_Jbt_26": 9.0, "Bgn_Ats_26": "GBP", "Jns_Jbt_26": "STANDAR", "Thn_Bgn_26": "1972", "BA_26": "2", "LNT_26": "2", "BB_26": "2", "DAS_26": "0", "OP_26": "1", "UT_26": "0", "GR_26": "0", "LB_26": "0", "JBT_26": "2", "Tp_Lnts_26": "SUNGAI", "Dt_Lnts_26": "LURUS", "Pnangnn_26": "RUTIN", "Pmriksn_26": "RUTIN", "Pnglola_26": "BPJN SUMATERA BARAT", "Satkr_ID26": "693876", "PPK_Name26": "PPK 2.2", "Traffic_26": null, "VCR_26": "0.148", "AADT_26": null, "Tipe_Jb_26": null, "Lat_26": -1.0876400473500001, "Long_26": 101.68952179, "Tgl_Ins_26": "6\/23\/2024", "Ket_26": null }, "geometry": { "type": "Point", "coordinates": [ 101.689521790298443, -1.087640047350249 ] } },
{ "type": "Feature", "properties": { "KDRUAS_UPD": "06016", "NOJBT_UPD": "06.016.004.0", "NM_RUAS_UP": "SEI DAREH - JUNCTION (KOTO BARU )", "NM_JBT_UPD": "IRIGASI", "PROVINSI": "SUMATERA BARAT", "No_Prov_26": "06", "ID_Jbt_26": "0600175", "Kd_Ruas_26": "06016", "Suffix_26": null, "Nm_Ruas_26": "SEI DAREH - JUNCTION (KOTO BARU )", "Lintas_26": "JALAN LINTAS TENGAH", "No_Jbt_26": "06.016.004.0", "Nm_Jbt_26": "IRIGASI", "Status_26": "N", "Fungsi_26": "A", "Lks_Dr_26": "PDG", "Lks_km_26": 213.2, "F_STA_26": "2850", "Cadin_26": "DMR", "Pjg_Jbt_26": 11.2, "Btg_Pjg_26": 11.2, "Jml_Btg_26": "3", "Lb_Jl_Ms26": 5.4, "Lb_Jl_Kl26": 5.4, "Lb_Lalin26": 5.4, "Lb_Bh_Ki26": 3.1, "Lb_Bh_Ka26": 3.1, "Lb_Dr_Ki26": 0.0, "Lb_Dr_Ka26": 0.0, "Lb_Tr_Ki26": 0.34, "Lb_Tr_Ka26": 0.34, "Lb_TS_Ki26": 0.11, "Lb_TS_Ka26": 0.11, "Lb_Med_26": 0.0, "Lbr_Jbt_26": 12.5, "Bgn_Ats_26": "BTP", "Jns_Jbt_26": "STANDAR", "Thn_Bgn_26": "1975", "BA_26": "1", "LNT_26": "1", "BB_26": "0", "DAS_26": "3", "OP_26": "1", "UT_26": "0", "GR_26": "1", "LB_26": "0", "JBT_26": "3", "Tp_Lnts_26": "SUNGAI", "Dt_Lnts_26": "LURUS", "Pnangnn_26": "RUTIN", "Pmriksn_26": "DETAIL", "Pnglola_26": "BPJN SUMATERA BARAT", "Satkr_ID26": "693876", "PPK_Name26": "PPK 2.2", "Traffic_26": null, "VCR_26": "0.148", "AADT_26": null, "Tipe_Jb_26": null, "Lat_26": -1.1045670509300001, "Long_26": 101.70782470699999, "Tgl_Ins_26": "5\/25\/2026", "Ket_26": null }, "geometry": { "type": "Point", "coordinates": [ 101.707824707144596, -1.104567050928608 ] } },
{ "type": "Feature", "properties": { "KDRUAS_UPD": "06017", "NOJBT_UPD": "06.017.001.A", "NM_RUAS_UP": "JUNCTION (KOTO BARU) - BTS. PROV. JAMBI", "NM_JBT_UPD": "BATANG SIAT A", "PROVINSI": "SUMATERA BARAT", "No_Prov_26": "06", "ID_Jbt_26": "0600176", "Kd_Ruas_26": "06017", "Suffix_26": null, "Nm_Ruas_26": "JUNCTION (KOTO BARU) - BTS. PROV. JAMBI", "Lintas_26": "JALAN LINTAS TENGAH", "No_Jbt_26": "06.017.001.A", "Nm_Jbt_26": "BATANG SIAT A", "Status_26": "N", "Fungsi_26": "A", "Lks_Dr_26": "PDG", "Lks_km_26": 218.3, "F_STA_26": "70", "Cadin_26": "DMR", "Pjg_Jbt_26": 54.1, "Btg_Pjg_26": 31.0, "Jml_Btg_26": "2", "Lb_Jl_Ms26": 6.1, "Lb_Jl_Kl26": 6.1, "Lb_Lalin26": 6.1, "Lb_Bh_Ki26": 1.1, "Lb_Bh_Ka26": 1.1, "Lb_Dr_Ki26": 0.0, "Lb_Dr_Ka26": 0.0, "Lb_Tr_Ki26": 0.6, "Lb_Tr_Ka26": 0.6, "Lb_TS_Ki26": 0.25, "Lb_TS_Ka26": 0.25, "Lb_Med_26": 0.0, "Lbr_Jbt_26": 10.0, "Bgn_Ats_26": "GBP", "Jns_Jbt_26": "STANDAR", "Thn_Bgn_26": "1974", "BA_26": "2", "LNT_26": "2", "BB_26": "2", "DAS_26": "0", "OP_26": "1", "UT_26": "0", "GR_26": "0", "LB_26": "0", "JBT_26": "2", "Tp_Lnts_26": "SUNGAI", "Dt_Lnts_26": "LURUS", "Pnangnn_26": "BERKALA", "Pmriksn_26": "RUTIN", "Pnglola_26": "BPJN SUMATERA BARAT", "Satkr_ID26": "693876", "PPK_Name26": "PPK 2.2", "Traffic_26": null, "VCR_26": "0.591", "AADT_26": null, "Tipe_Jb_26": null, "Lat_26": -1.1332550051100001, "Long_26": 101.71819305400001, "Tgl_Ins_26": "6\/23\/2024", "Ket_26": null }, "geometry": { "type": "Point", "coordinates": [ 101.718193053966331, -1.133255005114336 ] } },
{ "type": "Feature", "properties": { "KDRUAS_UPD": "06017", "NOJBT_UPD": "06.017.002.0", "NM_RUAS_UP": "JUNCTION (KOTO BARU) - BTS. PROV. JAMBI", "NM_JBT_UPD": "BATANG BETUNG", "PROVINSI": "SUMATERA BARAT", "No_Prov_26": "06", "ID_Jbt_26": "0600177", "Kd_Ruas_26": "06017", "Suffix_26": null, "Nm_Ruas_26": "JUNCTION (KOTO BARU) - BTS. PROV. JAMBI", "Lintas_26": "JALAN LINTAS TENGAH", "No_Jbt_26": "06.017.002.0", "Nm_Jbt_26": "BATANG BETUNG", "Status_26": "N", "Fungsi_26": "A", "Lks_Dr_26": "PDG", "Lks_km_26": 223.0, "F_STA_26": "640", "Cadin_26": "DMR", "Pjg_Jbt_26": 46.3, "Btg_Pjg_26": 23.0, "Jml_Btg_26": "2", "Lb_Jl_Ms26": 8.2, "Lb_Jl_Kl26": 8.2, "Lb_Lalin26": 8.2, "Lb_Bh_Ki26": 0.3, "Lb_Bh_Ka26": 0.3, "Lb_Dr_Ki26": 0.0, "Lb_Dr_Ka26": 0.0, "Lb_Tr_Ki26": 0.0, "Lb_Tr_Ka26": 0.0, "Lb_TS_Ki26": 0.15, "Lb_TS_Ka26": 0.15, "Lb_Med_26": 0.0, "Lbr_Jbt_26": 9.1, "Bgn_Ats_26": "GBP", "Jns_Jbt_26": "STANDAR", "Thn_Bgn_26": "1974", "BA_26": "2", "LNT_26": "2", "BB_26": "2", "DAS_26": "2", "OP_26": "1", "UT_26": "0", "GR_26": "0", "LB_26": "0", "JBT_26": "2", "Tp_Lnts_26": "SUNGAI", "Dt_Lnts_26": "LURUS", "Pnangnn_26": "RUTIN", "Pmriksn_26": "RUTIN", "Pnglola_26": "BPJN SUMATERA BARAT", "Satkr_ID26": "693876", "PPK_Name26": "PPK 2.2", "Traffic_26": null, "VCR_26": "0.591", "AADT_26": null, "Tipe_Jb_26": null, "Lat_26": -1.18262994292, "Long_26": 101.725578308, "Tgl_Ins_26": "6\/23\/2024", "Ket_26": null }, "geometry": { "type": "Point", "coordinates": [ 101.725578308192439, -1.182629942917458 ] } },
{ "type": "Feature", "properties": { "KDRUAS_UPD": "06018", "NOJBT_UPD": "06.018.001.0", "NM_RUAS_UP": "BEDENG RAPAT (BTS. PROV. SUMUT) - SILAPING", "NM_JBT_UPD": "URUG PLAT BETON", "PROVINSI": "SUMATERA BARAT", "No_Prov_26": "06", "ID_Jbt_26": "0600178", "Kd_Ruas_26": "06018", "Suffix_26": null, "Nm_Ruas_26": "BEDENG RAPAT (BTS. PROV. SUMUT) - SILAPING", "Lintas_26": "JALAN LINTAS BARAT", "No_Jbt_26": "06.018.001.0", "Nm_Jbt_26": "URUG PLAT BETON", "Status_26": "N", "Fungsi_26": "K1", "Lks_Dr_26": "PDG", "Lks_km_26": 352.57, "F_STA_26": "50", "Cadin_26": "SP4", "Pjg_Jbt_26": 7.2, "Btg_Pjg_26": 7.0, "Jml_Btg_26": "1", "Lb_Jl_Ms26": 4.0, "Lb_Jl_Kl26": 4.0, "Lb_Lalin26": 4.0, "Lb_Bh_Ki26": 2.7, "Lb_Bh_Ka26": 1.62, "Lb_Dr_Ki26": 0.0, "Lb_Dr_Ka26": 0.0, "Lb_Tr_Ki26": 0.0, "Lb_Tr_Ka26": 0.0, "Lb_TS_Ki26": 0.46, "Lb_TS_Ka26": 0.46, "Lb_Med_26": 0.0, "Lbr_Jbt_26": 9.24, "Bgn_Ats_26": "BTP", "Jns_Jbt_26": "STANDAR", "Thn_Bgn_26": "1999", "BA_26": "1", "LNT_26": "1", "BB_26": "1", "DAS_26": "1", "OP_26": "0", "UT_26": "0", "GR_26": "0", "LB_26": "0", "JBT_26": "1", "Tp_Lnts_26": "SUNGAI", "Dt_Lnts_26": "BERKELOK", "Pnangnn_26": "RUTIN", "Pmriksn_26": "RUTIN", "Pnglola_26": "BPJN SUMATERA BARAT", "Satkr_ID26": "693875", "PPK_Name26": "PPK 1.4", "Traffic_26": null, "VCR_26": "0.082", "AADT_26": null, "Tipe_Jb_26": null, "Lat_26": 0.392360806206284, "Long_26": 99.461021422900004, "Tgl_Ins_26": "9\/24\/2020", "Ket_26": null }, "geometry": { "type": "Point", "coordinates": [ 99.461021422900387, 0.392360806206284 ] } },
{ "type": "Feature", "properties": { "KDRUAS_UPD": "06018", "NOJBT_UPD": "06.018.003.0", "NM_RUAS_UP": "BEDENG RAPAT (BTS. PROV. SUMUT) - SILAPING", "NM_JBT_UPD": "BATANG AIR DESA BARU", "PROVINSI": "SUMATERA BARAT", "No_Prov_26": "06", "ID_Jbt_26": "0600180", "Kd_Ruas_26": "06018", "Suffix_26": null, "Nm_Ruas_26": "BEDENG RAPAT (BTS. PROV. SUMUT) - SILAPING", "Lintas_26": "JALAN LINTAS BARAT", "No_Jbt_26": "06.018.003.0", "Nm_Jbt_26": "BATANG AIR DESA BARU", "Status_26": "N", "Fungsi_26": "K1", "Lks_Dr_26": "PDG", "Lks_km_26": 355.71, "F_STA_26": "350", "Cadin_26": "SP4", "Pjg_Jbt_26": 7.2, "Btg_Pjg_26": 7.0, "Jml_Btg_26": "1", "Lb_Jl_Ms26": 7.2, "Lb_Jl_Kl26": 7.2, "Lb_Lalin26": 7.2, "Lb_Bh_Ki26": 0.0, "Lb_Bh_Ka26": 0.0, "Lb_Dr_Ki26": 0.0, "Lb_Dr_Ka26": 0.0, "Lb_Tr_Ki26": 0.85, "Lb_Tr_Ka26": 0.84, "Lb_TS_Ki26": 0.405, "Lb_TS_Ka26": 0.405, "Lb_Med_26": 0.0, "Lbr_Jbt_26": 9.7, "Bgn_Ats_26": "PTP", "Jns_Jbt_26": "STANDAR", "Thn_Bgn_26": "1999", "BA_26": "1", "LNT_26": "1", "BB_26": "1", "DAS_26": "1", "OP_26": "0", "UT_26": "0", "GR_26": "0", "LB_26": "0", "JBT_26": "1", "Tp_Lnts_26": "SUNGAI", "Dt_Lnts_26": "BERKELOK", "Pnangnn_26": "RUTIN", "Pmriksn_26": "RUTIN", "Pnglola_26": "BPJN SUMATERA BARAT", "Satkr_ID26": "693875", "PPK_Name26": "PPK 1.4", "Traffic_26": null, "VCR_26": "0.082", "AADT_26": null, "Tipe_Jb_26": null, "Lat_26": 0.39605101953895883, "Long_26": 99.436508178300002, "Tgl_Ins_26": "9\/25\/2020", "Ket_26": null }, "geometry": { "type": "Point", "coordinates": [ 99.43650817830985, 0.396051019538959 ] } },
{ "type": "Feature", "properties": { "KDRUAS_UPD": "06018", "NOJBT_UPD": "06.018.006.0", "NM_RUAS_UP": "BEDENG RAPAT (BTS. PROV. SUMUT) - SILAPING", "NM_JBT_UPD": "BATAHAN", "PROVINSI": "SUMATERA BARAT", "No_Prov_26": "06", "ID_Jbt_26": "0600183", "Kd_Ruas_26": "06018", "Suffix_26": null, "Nm_Ruas_26": "BEDENG RAPAT (BTS. PROV. SUMUT) - SILAPING", "Lintas_26": "JALAN LINTAS BARAT", "No_Jbt_26": "06.018.006.0", "Nm_Jbt_26": "BATAHAN", "Status_26": "N", "Fungsi_26": "K1", "Lks_Dr_26": "PDG", "Lks_km_26": 361.63, "F_STA_26": "940", "Cadin_26": "SP4", "Pjg_Jbt_26": 73.7, "Btg_Pjg_26": 36.4, "Jml_Btg_26": "2", "Lb_Jl_Ms26": 5.8, "Lb_Jl_Kl26": 5.8, "Lb_Lalin26": 5.8, "Lb_Bh_Ki26": 0.0, "Lb_Bh_Ka26": 0.0, "Lb_Dr_Ki26": 0.0, "Lb_Dr_Ka26": 0.0, "Lb_Tr_Ki26": 0.49, "Lb_Tr_Ka26": 0.49, "Lb_TS_Ki26": 0.0, "Lb_TS_Ka26": 0.0, "Lb_Med_26": 0.0, "Lbr_Jbt_26": 6.78, "Bgn_Ats_26": "RBA", "Jns_Jbt_26": "STANDAR", "Thn_Bgn_26": "1993", "BA_26": "3", "LNT_26": "2", "BB_26": "1", "DAS_26": "2", "OP_26": "1", "UT_26": "0", "GR_26": "0", "LB_26": "0", "JBT_26": "3", "Tp_Lnts_26": "SUNGAI", "Dt_Lnts_26": "BERKELOK", "Pnangnn_26": "BERKALA", "Pmriksn_26": "DETAIL", "Pnglola_26": "BPJN SUMATERA BARAT", "Satkr_ID26": "693875", "PPK_Name26": "PPK 1.4", "Traffic_26": null, "VCR_26": "0.082", "AADT_26": null, "Tipe_Jb_26": null, "Lat_26": 0.41154479965280194, "Long_26": 99.391326904200014, "Tgl_Ins_26": "5\/4\/2026", "Ket_26": null }, "geometry": { "type": "Point", "coordinates": [ 99.391326904213315, 0.411544799652802 ] } },
{ "type": "Feature", "properties": { "KDRUAS_UPD": "06018", "NOJBT_UPD": "06.018.007.0", "NM_RUAS_UP": "BEDENG RAPAT (BTS. PROV. SUMUT) - SILAPING", "NM_JBT_UPD": "PATENTANGAN", "PROVINSI": "SUMATERA BARAT", "No_Prov_26": "06", "ID_Jbt_26": "0600184", "Kd_Ruas_26": "06018", "Suffix_26": null, "Nm_Ruas_26": "BEDENG RAPAT (BTS. PROV. SUMUT) - SILAPING", "Lintas_26": "JALAN LINTAS BARAT", "No_Jbt_26": "06.018.007.0", "Nm_Jbt_26": "PATENTANGAN", "Status_26": "N", "Fungsi_26": "K1", "Lks_Dr_26": "PDG", "Lks_km_26": 363.7, "F_STA_26": "1150", "Cadin_26": "SP4", "Pjg_Jbt_26": 10.2, "Btg_Pjg_26": 10.0, "Jml_Btg_26": "1", "Lb_Jl_Ms26": 6.0, "Lb_Jl_Kl26": 6.0, "Lb_Lalin26": 6.0, "Lb_Bh_Ki26": 0.52, "Lb_Bh_Ka26": 0.48, "Lb_Dr_Ki26": 0.0, "Lb_Dr_Ka26": 0.0, "Lb_Tr_Ki26": 0.0, "Lb_Tr_Ka26": 0.0, "Lb_TS_Ki26": 0.0, "Lb_TS_Ka26": 0.0, "Lb_Med_26": 0.0, "Lbr_Jbt_26": 7.0, "Bgn_Ats_26": "GBP", "Jns_Jbt_26": "STANDAR", "Thn_Bgn_26": "1987", "BA_26": "2", "LNT_26": "1", "BB_26": "1", "DAS_26": "1", "OP_26": "0", "UT_26": "0", "GR_26": "0", "LB_26": "0", "JBT_26": "2", "Tp_Lnts_26": "SUNGAI", "Dt_Lnts_26": "BERKELOK", "Pnangnn_26": "BERKALA", "Pmriksn_26": "RUTIN", "Pnglola_26": "BPJN SUMATERA BARAT", "Satkr_ID26": "693875", "PPK_Name26": "PPK 1.4", "Traffic_26": null, "VCR_26": "0.082", "AADT_26": null, "Tipe_Jb_26": null, "Lat_26": 0.42762097712642344, "Long_26": 99.384445190299999, "Tgl_Ins_26": "9\/25\/2020", "Ket_26": null }, "geometry": { "type": "Point", "coordinates": [ 99.384445190293377, 0.427620977126423 ] } },
{ "type": "Feature", "properties": { "KDRUAS_UPD": "06018", "NOJBT_UPD": "06.018.008.0", "NM_RUAS_UP": "BEDENG RAPAT (BTS. PROV. SUMUT) - SILAPING", "NM_JBT_UPD": "BATANG NAPAL", "PROVINSI": "SUMATERA BARAT", "No_Prov_26": "06", "ID_Jbt_26": "0600185", "Kd_Ruas_26": "06018", "Suffix_26": null, "Nm_Ruas_26": "BEDENG RAPAT (BTS. PROV. SUMUT) - SILAPING", "Lintas_26": "JALAN LINTAS BARAT", "No_Jbt_26": "06.018.008.0", "Nm_Jbt_26": "BATANG NAPAL", "Status_26": "N", "Fungsi_26": "K1", "Lks_Dr_26": "PDG", "Lks_km_26": 364.5, "F_STA_26": "1240", "Cadin_26": "SP4", "Pjg_Jbt_26": 10.2, "Btg_Pjg_26": 10.0, "Jml_Btg_26": "1", "Lb_Jl_Ms26": 5.4, "Lb_Jl_Kl26": 5.4, "Lb_Lalin26": 5.4, "Lb_Bh_Ki26": 0.78, "Lb_Bh_Ka26": 0.74, "Lb_Dr_Ki26": 0.0, "Lb_Dr_Ka26": 0.0, "Lb_Tr_Ki26": 0.0, "Lb_Tr_Ka26": 0.0, "Lb_TS_Ki26": 0.39, "Lb_TS_Ka26": 0.39, "Lb_Med_26": 0.0, "Lbr_Jbt_26": 7.7, "Bgn_Ats_26": "GBP", "Jns_Jbt_26": "STANDAR", "Thn_Bgn_26": "1987", "BA_26": "2", "LNT_26": "1", "BB_26": "1", "DAS_26": "1", "OP_26": "0", "UT_26": "0", "GR_26": "0", "LB_26": "0", "JBT_26": "2", "Tp_Lnts_26": "SUNGAI", "Dt_Lnts_26": "BERKELOK", "Pnangnn_26": "BERKALA", "Pmriksn_26": "RUTIN", "Pnglola_26": "BPJN SUMATERA BARAT", "Satkr_ID26": "693875", "PPK_Name26": "PPK 1.4", "Traffic_26": null, "VCR_26": "0.082", "AADT_26": null, "Tipe_Jb_26": null, "Lat_26": 0.43457943199524607, "Long_26": 99.382377624599997, "Tgl_Ins_26": "9\/25\/2020", "Ket_26": null }, "geometry": { "type": "Point", "coordinates": [ 99.382377624627736, 0.434579431995246 ] } },
{ "type": "Feature", "properties": { "KDRUAS_UPD": "06018", "NOJBT_UPD": "06.018.009.0", "NM_RUAS_UP": "BEDENG RAPAT (BTS. PROV. SUMUT) - SILAPING", "NM_JBT_UPD": "BATANG TAMING", "PROVINSI": "SUMATERA BARAT", "No_Prov_26": "06", "ID_Jbt_26": "0600186", "Kd_Ruas_26": "06018", "Suffix_26": null, "Nm_Ruas_26": "BEDENG RAPAT (BTS. PROV. SUMUT) - SILAPING", "Lintas_26": "JALAN LINTAS BARAT", "No_Jbt_26": "06.018.009.0", "Nm_Jbt_26": "BATANG TAMING", "Status_26": "N", "Fungsi_26": "K1", "Lks_Dr_26": "PDG", "Lks_km_26": 365.87, "F_STA_26": "1360", "Cadin_26": "SP4", "Pjg_Jbt_26": 41.6, "Btg_Pjg_26": 41.0, "Jml_Btg_26": "1", "Lb_Jl_Ms26": 5.2, "Lb_Jl_Kl26": 5.2, "Lb_Lalin26": 5.2, "Lb_Bh_Ki26": 0.33, "Lb_Bh_Ka26": 0.34, "Lb_Dr_Ki26": 0.0, "Lb_Dr_Ka26": 0.0, "Lb_Tr_Ki26": 0.45, "Lb_Tr_Ka26": 0.45, "Lb_TS_Ki26": 0.0, "Lb_TS_Ka26": 0.0, "Lb_Med_26": 0.0, "Lbr_Jbt_26": 6.77, "Bgn_Ats_26": "RBA", "Jns_Jbt_26": "STANDAR", "Thn_Bgn_26": "1993", "BA_26": "2", "LNT_26": "2", "BB_26": "2", "DAS_26": "2", "OP_26": "2", "UT_26": "0", "GR_26": "0", "LB_26": "0", "JBT_26": "2", "Tp_Lnts_26": "SUNGAI", "Dt_Lnts_26": "BERKELOK", "Pnangnn_26": "RUTIN", "Pmriksn_26": "RUTIN", "Pnglola_26": "BPJN SUMATERA BARAT", "Satkr_ID26": "693875", "PPK_Name26": "PPK 1.4", "Traffic_26": null, "VCR_26": "0.082", "AADT_26": null, "Tipe_Jb_26": null, "Lat_26": 0.44561323486294674, "Long_26": 99.380401611699995, "Tgl_Ins_26": "7\/11\/2025", "Ket_26": null }, "geometry": { "type": "Point", "coordinates": [ 99.380401611745071, 0.445613234862947 ] } },
{ "type": "Feature", "properties": { "KDRUAS_UPD": "06023", "NOJBT_UPD": "06.023.018.0", "NM_RUAS_UP": "MANGGAPOH - BTS. KOTA PARIAMAN", "NM_JBT_UPD": "SUNGAI SARIK", "PROVINSI": "SUMATERA BARAT", "No_Prov_26": "06", "ID_Jbt_26": "0600278", "Kd_Ruas_26": "06023", "Suffix_26": null, "Nm_Ruas_26": "MANGGAPOH - BTS. KOTA PARIAMAN", "Lintas_26": "JALAN LINTAS BARAT", "No_Jbt_26": "06.023.018.0", "Nm_Jbt_26": "SUNGAI SARIK", "Status_26": "N", "Fungsi_26": "K1", "Lks_Dr_26": "PDG", "Lks_km_26": 80.8, "F_STA_26": "1800", "Cadin_26": "PRM", "Pjg_Jbt_26": 13.5, "Btg_Pjg_26": 13.0, "Jml_Btg_26": "1", "Lb_Jl_Ms26": 5.35, "Lb_Jl_Kl26": 5.35, "Lb_Lalin26": 5.45, "Lb_Bh_Ki26": 0.3, "Lb_Bh_Ka26": 0.3, "Lb_Dr_Ki26": 0.0, "Lb_Dr_Ka26": 0.0, "Lb_Tr_Ki26": 0.5, "Lb_Tr_Ka26": 0.5, "Lb_TS_Ki26": 0.325, "Lb_TS_Ka26": 0.325, "Lb_Med_26": 0.0, "Lbr_Jbt_26": 7.7, "Bgn_Ats_26": "GTP", "Jns_Jbt_26": "STANDAR", "Thn_Bgn_26": "1982", "BA_26": "2", "LNT_26": "2", "BB_26": "0", "DAS_26": "2", "OP_26": "2", "UT_26": "0", "GR_26": "0", "LB_26": "0", "JBT_26": "2", "Tp_Lnts_26": "SUNGAI", "Dt_Lnts_26": "BERKELOK", "Pnangnn_26": "BERKALA", "Pmriksn_26": "RUTIN", "Pnglola_26": "BPJN SUMATERA BARAT", "Satkr_ID26": "693875", "PPK_Name26": "PPK 1.5", "Traffic_26": null, "VCR_26": "0.498", "AADT_26": null, "Tipe_Jb_26": null, "Lat_26": -0.45701900162600001, "Long_26": 99.99480438259998, "Tgl_Ins_26": "6\/26\/2024", "Ket_26": null }, "geometry": { "type": "Point", "coordinates": [ 99.994804382616223, -0.457019001625554 ] } },
{ "type": "Feature", "properties": { "KDRUAS_UPD": "06023", "NOJBT_UPD": "06.023.021.A", "NM_RUAS_UP": "MANGGAPOH - BTS. KOTA PARIAMAN", "NM_JBT_UPD": "GASAN GADANG A", "PROVINSI": "SUMATERA BARAT", "No_Prov_26": "06", "ID_Jbt_26": "0600281", "Kd_Ruas_26": "06023", "Suffix_26": null, "Nm_Ruas_26": "MANGGAPOH - BTS. KOTA PARIAMAN", "Lintas_26": "JALAN LINTAS BARAT", "No_Jbt_26": "06.023.021.A", "Nm_Jbt_26": "GASAN GADANG A", "Status_26": "N", "Fungsi_26": "K1", "Lks_Dr_26": "PDG", "Lks_km_26": 84.97, "F_STA_26": "2120", "Cadin_26": "PRM", "Pjg_Jbt_26": 55.4, "Btg_Pjg_26": 55.0, "Jml_Btg_26": "1", "Lb_Jl_Ms26": 6.37, "Lb_Jl_Kl26": 6.37, "Lb_Lalin26": 6.37, "Lb_Bh_Ki26": 0.3, "Lb_Bh_Ka26": 0.4, "Lb_Dr_Ki26": 0.0, "Lb_Dr_Ka26": 0.0, "Lb_Tr_Ki26": 0.99, "Lb_Tr_Ka26": 1.0, "Lb_TS_Ki26": 0.0, "Lb_TS_Ka26": 0.0, "Lb_Med_26": 0.0, "Lbr_Jbt_26": 9.06, "Bgn_Ats_26": "RBI", "Jns_Jbt_26": "STANDAR", "Thn_Bgn_26": "2018", "BA_26": "1", "LNT_26": "1", "BB_26": "1", "DAS_26": "1", "OP_26": "0", "UT_26": "0", "GR_26": "0", "LB_26": "0", "JBT_26": "1", "Tp_Lnts_26": "SUNGAI", "Dt_Lnts_26": "BERKELOK", "Pnangnn_26": "RUTIN", "Pmriksn_26": "DETAIL", "Pnglola_26": "BPJN SUMATERA BARAT", "Satkr_ID26": "693875", "PPK_Name26": "PPK 1.5", "Traffic_26": null, "VCR_26": "0.498", "AADT_26": null, "Tipe_Jb_26": null, "Lat_26": -0.437258988811, "Long_26": 99.975898742799998, "Tgl_Ins_26": "4\/30\/2026", "Ket_26": null }, "geometry": { "type": "Point", "coordinates": [ 99.975898742832783, -0.437258988811209 ] } },
{ "type": "Feature", "properties": { "KDRUAS_UPD": "06023", "NOJBT_UPD": "06.023.023.0", "NM_RUAS_UP": "MANGGAPOH - BTS. KOTA PARIAMAN", "NM_JBT_UPD": "BATANG INANGO", "PROVINSI": "SUMATERA BARAT", "No_Prov_26": "06", "ID_Jbt_26": "0600283", "Kd_Ruas_26": "06023", "Suffix_26": null, "Nm_Ruas_26": "MANGGAPOH - BTS. KOTA PARIAMAN", "Lintas_26": "JALAN LINTAS BARAT", "No_Jbt_26": "06.023.023.0", "Nm_Jbt_26": "BATANG INANGO", "Status_26": "N", "Fungsi_26": "K1", "Lks_Dr_26": "PDG", "Lks_km_26": 85.4, "F_STA_26": "2360", "Cadin_26": "PRM", "Pjg_Jbt_26": 13.6, "Btg_Pjg_26": 13.0, "Jml_Btg_26": "1", "Lb_Jl_Ms26": 5.5, "Lb_Jl_Kl26": 5.5, "Lb_Lalin26": 5.6, "Lb_Bh_Ki26": 0.34, "Lb_Bh_Ka26": 0.34, "Lb_Dr_Ki26": 0.0, "Lb_Dr_Ka26": 0.0, "Lb_Tr_Ki26": 0.5, "Lb_Tr_Ka26": 0.5, "Lb_TS_Ki26": 0.185, "Lb_TS_Ka26": 0.185, "Lb_Med_26": 0.0, "Lbr_Jbt_26": 7.65, "Bgn_Ats_26": "GTP", "Jns_Jbt_26": "STANDAR", "Thn_Bgn_26": "1982", "BA_26": "2", "LNT_26": "2", "BB_26": "2", "DAS_26": "2", "OP_26": "0", "UT_26": "0", "GR_26": "0", "LB_26": "0", "JBT_26": "2", "Tp_Lnts_26": "SUNGAI", "Dt_Lnts_26": "BERKELOK", "Pnangnn_26": "RUTIN", "Pmriksn_26": "RUTIN", "Pnglola_26": "BPJN SUMATERA BARAT", "Satkr_ID26": "693875", "PPK_Name26": "PPK 1.5", "Traffic_26": null, "VCR_26": "0.498", "AADT_26": null, "Tipe_Jb_26": null, "Lat_26": -0.42398101051499998, "Long_26": 99.959228515500016, "Tgl_Ins_26": "6\/26\/2024", "Ket_26": null }, "geometry": { "type": "Point", "coordinates": [ 99.959228515483687, -0.423981010515149 ] } },
{ "type": "Feature", "properties": { "KDRUAS_UPD": "06023", "NOJBT_UPD": "06.023.024.0", "NM_RUAS_UP": "MANGGAPOH - BTS. KOTA PARIAMAN", "NM_JBT_UPD": "GASAN KECIL", "PROVINSI": "SUMATERA BARAT", "No_Prov_26": "06", "ID_Jbt_26": "0600284", "Kd_Ruas_26": "06023", "Suffix_26": null, "Nm_Ruas_26": "MANGGAPOH - BTS. KOTA PARIAMAN", "Lintas_26": "JALAN LINTAS BARAT", "No_Jbt_26": "06.023.024.0", "Nm_Jbt_26": "GASAN KECIL", "Status_26": "N", "Fungsi_26": "K1", "Lks_Dr_26": "PDG", "Lks_km_26": 86.5, "F_STA_26": "2420", "Cadin_26": "PRM", "Pjg_Jbt_26": 6.7, "Btg_Pjg_26": 2.62, "Jml_Btg_26": "2", "Lb_Jl_Ms26": 6.15, "Lb_Jl_Kl26": 6.15, "Lb_Lalin26": 6.15, "Lb_Bh_Ki26": 2.74, "Lb_Bh_Ka26": 2.89, "Lb_Dr_Ki26": 0.0, "Lb_Dr_Ka26": 0.0, "Lb_Tr_Ki26": 0.0, "Lb_Tr_Ka26": 0.0, "Lb_TS_Ki26": 0.3, "Lb_TS_Ka26": 0.3, "Lb_Med_26": 0.0, "Lbr_Jbt_26": 12.38, "Bgn_Ats_26": "BTP", "Jns_Jbt_26": "STANDAR", "Thn_Bgn_26": "1982", "BA_26": "0", "LNT_26": "0", "BB_26": "0", "DAS_26": "2", "OP_26": "0", "UT_26": "0", "GR_26": "2", "LB_26": "0", "JBT_26": "2", "Tp_Lnts_26": "SUNGAI", "Dt_Lnts_26": "BERKELOK", "Pnangnn_26": "RUTIN", "Pmriksn_26": "RUTIN", "Pnglola_26": "BPJN SUMATERA BARAT", "Satkr_ID26": "693875", "PPK_Name26": "PPK 1.5", "Traffic_26": null, "VCR_26": "0.498", "AADT_26": null, "Tipe_Jb_26": null, "Lat_26": -0.42048099660100002, "Long_26": 99.955368041599996, "Tgl_Ins_26": "6\/27\/2024", "Ket_26": null }, "geometry": { "type": "Point", "coordinates": [ 99.955368041601901, -0.420480996600645 ] } },
{ "type": "Feature", "properties": { "KDRUAS_UPD": "06023", "NOJBT_UPD": "06.023.025.0", "NM_RUAS_UP": "MANGGAPOH - BTS. KOTA PARIAMAN", "NM_JBT_UPD": "UJUNG PADANG", "PROVINSI": "SUMATERA BARAT", "No_Prov_26": "06", "ID_Jbt_26": "0600285", "Kd_Ruas_26": "06023", "Suffix_26": null, "Nm_Ruas_26": "MANGGAPOH - BTS. KOTA PARIAMAN", "Lintas_26": "JALAN LINTAS BARAT", "No_Jbt_26": "06.023.025.0", "Nm_Jbt_26": "UJUNG PADANG", "Status_26": "N", "Fungsi_26": "K1", "Lks_Dr_26": "PDG", "Lks_km_26": 87.15, "F_STA_26": "2500", "Cadin_26": "PRM", "Pjg_Jbt_26": 7.5, "Btg_Pjg_26": 3.65, "Jml_Btg_26": "2", "Lb_Jl_Ms26": 6.51, "Lb_Jl_Kl26": 6.51, "Lb_Lalin26": 6.51, "Lb_Bh_Ki26": 2.53, "Lb_Bh_Ka26": 2.4, "Lb_Dr_Ki26": 0.0, "Lb_Dr_Ka26": 0.0, "Lb_Tr_Ki26": 0.0, "Lb_Tr_Ka26": 0.0, "Lb_TS_Ki26": 0.33, "Lb_TS_Ka26": 0.33, "Lb_Med_26": 0.0, "Lbr_Jbt_26": 12.1, "Bgn_Ats_26": "BTP", "Jns_Jbt_26": "STANDAR", "Thn_Bgn_26": "1982", "BA_26": "0", "LNT_26": "0", "BB_26": "0", "DAS_26": "1", "OP_26": "0", "UT_26": "0", "GR_26": "2", "LB_26": "0", "JBT_26": "2", "Tp_Lnts_26": "SUNGAI", "Dt_Lnts_26": "BERKELOK", "Pnangnn_26": "RUTIN", "Pmriksn_26": "RUTIN", "Pnglola_26": "BPJN SUMATERA BARAT", "Satkr_ID26": "693875", "PPK_Name26": "PPK 1.5", "Traffic_26": null, "VCR_26": "0.498", "AADT_26": null, "Tipe_Jb_26": null, "Lat_26": -0.41555499966300002, "Long_26": 99.949227000299985, "Tgl_Ins_26": "6\/27\/2024", "Ket_26": null }, "geometry": { "type": "Point", "coordinates": [ 99.949227000325891, -0.41555499966347 ] } },
{ "type": "Feature", "properties": { "KDRUAS_UPD": "06023", "NOJBT_UPD": "06.023.026.0", "NM_RUAS_UP": "MANGGAPOH - BTS. KOTA PARIAMAN", "NM_JBT_UPD": "BANDAR GADANG", "PROVINSI": "SUMATERA BARAT", "No_Prov_26": "06", "ID_Jbt_26": "0600286", "Kd_Ruas_26": "06023", "Suffix_26": null, "Nm_Ruas_26": "MANGGAPOH - BTS. KOTA PARIAMAN", "Lintas_26": "JALAN LINTAS BARAT", "No_Jbt_26": "06.023.026.0", "Nm_Jbt_26": "BANDAR GADANG", "Status_26": "N", "Fungsi_26": "K1", "Lks_Dr_26": "PDG", "Lks_km_26": 88.15, "F_STA_26": "2670", "Cadin_26": "PRM", "Pjg_Jbt_26": 13.7, "Btg_Pjg_26": 13.2, "Jml_Btg_26": "1", "Lb_Jl_Ms26": 5.45, "Lb_Jl_Kl26": 5.45, "Lb_Lalin26": 5.45, "Lb_Bh_Ki26": 0.3, "Lb_Bh_Ka26": 0.3, "Lb_Dr_Ki26": 0.0, "Lb_Dr_Ka26": 0.0, "Lb_Tr_Ki26": 0.53, "Lb_Tr_Ka26": 0.53, "Lb_TS_Ki26": 0.27, "Lb_TS_Ka26": 0.27, "Lb_Med_26": 0.0, "Lbr_Jbt_26": 7.65, "Bgn_Ats_26": "GTP", "Jns_Jbt_26": "STANDAR", "Thn_Bgn_26": "1982", "BA_26": "1", "LNT_26": "1", "BB_26": "0", "DAS_26": "0", "OP_26": "0", "UT_26": "0", "GR_26": "0", "LB_26": "0", "JBT_26": "1", "Tp_Lnts_26": "SUNGAI", "Dt_Lnts_26": "LURUS", "Pnangnn_26": "RUTIN", "Pmriksn_26": "TIDAK DISURVEI", "Pnglola_26": "BPJN SUMATERA BARAT", "Satkr_ID26": "693875", "PPK_Name26": "PPK 1.5", "Traffic_26": null, "VCR_26": "0.498", "AADT_26": null, "Tipe_Jb_26": null, "Lat_26": -0.40736401044100001, "Long_26": 99.937110901099985, "Tgl_Ins_26": "6\/27\/2024", "Ket_26": null }, "geometry": { "type": "Point", "coordinates": [ 99.937110901147207, -0.407364010440688 ] } },
{ "type": "Feature", "properties": { "KDRUAS_UPD": "06023", "NOJBT_UPD": "06.023.029.0", "NM_RUAS_UP": "MANGGAPOH - BTS. KOTA PARIAMAN", "NM_JBT_UPD": "SUNGAI NIBUNG", "PROVINSI": "SUMATERA BARAT", "No_Prov_26": "06", "ID_Jbt_26": "0600289", "Kd_Ruas_26": "06023", "Suffix_26": null, "Nm_Ruas_26": "MANGGAPOH - BTS. KOTA PARIAMAN", "Lintas_26": "JALAN LINTAS BARAT", "No_Jbt_26": "06.023.029.0", "Nm_Jbt_26": "SUNGAI NIBUNG", "Status_26": "N", "Fungsi_26": "K1", "Lks_Dr_26": "PDG", "Lks_km_26": 92.8, "F_STA_26": "2990", "Cadin_26": "PRM", "Pjg_Jbt_26": 13.7, "Btg_Pjg_26": 13.2, "Jml_Btg_26": "1", "Lb_Jl_Ms26": 5.37, "Lb_Jl_Kl26": 5.37, "Lb_Lalin26": 5.37, "Lb_Bh_Ki26": 0.33, "Lb_Bh_Ka26": 0.31, "Lb_Dr_Ki26": 0.0, "Lb_Dr_Ka26": 0.0, "Lb_Tr_Ki26": 0.47, "Lb_Tr_Ka26": 0.5, "Lb_TS_Ki26": 0.36, "Lb_TS_Ka26": 0.36, "Lb_Med_26": 0.0, "Lbr_Jbt_26": 7.7, "Bgn_Ats_26": "GTP", "Jns_Jbt_26": "STANDAR", "Thn_Bgn_26": "1982", "BA_26": "2", "LNT_26": "2", "BB_26": "1", "DAS_26": "2", "OP_26": "2", "UT_26": "0", "GR_26": "0", "LB_26": "0", "JBT_26": "2", "Tp_Lnts_26": "SUNGAI", "Dt_Lnts_26": "BERKELOK", "Pnangnn_26": "RUTIN", "Pmriksn_26": "RUTIN", "Pnglola_26": "BPJN SUMATERA BARAT", "Satkr_ID26": "693875", "PPK_Name26": "PPK 1.5", "Traffic_26": null, "VCR_26": "0.498", "AADT_26": null, "Tipe_Jb_26": null, "Lat_26": -0.389030009427, "Long_26": 99.923492431399993, "Tgl_Ins_26": "6\/27\/2024", "Ket_26": null }, "geometry": { "type": "Point", "coordinates": [ 99.923492431430645, -0.389030009427358 ] } },
{ "type": "Feature", "properties": { "KDRUAS_UPD": "06023", "NOJBT_UPD": "06.023.030.0", "NM_RUAS_UP": "MANGGAPOH - BTS. KOTA PARIAMAN", "NM_JBT_UPD": "SUNGAI NILAM", "PROVINSI": "SUMATERA BARAT", "No_Prov_26": "06", "ID_Jbt_26": "0600290", "Kd_Ruas_26": "06023", "Suffix_26": null, "Nm_Ruas_26": "MANGGAPOH - BTS. KOTA PARIAMAN", "Lintas_26": "JALAN LINTAS BARAT", "No_Jbt_26": "06.023.030.0", "Nm_Jbt_26": "SUNGAI NILAM", "Status_26": "N", "Fungsi_26": "K1", "Lks_Dr_26": "PDG", "Lks_km_26": 93.5, "F_STA_26": "3040", "Cadin_26": "PRM", "Pjg_Jbt_26": 16.2, "Btg_Pjg_26": 16.0, "Jml_Btg_26": "1", "Lb_Jl_Ms26": 5.51, "Lb_Jl_Kl26": 5.51, "Lb_Lalin26": 5.51, "Lb_Bh_Ki26": 0.28, "Lb_Bh_Ka26": 0.36, "Lb_Dr_Ki26": 0.0, "Lb_Dr_Ka26": 0.0, "Lb_Tr_Ki26": 0.48, "Lb_Tr_Ka26": 0.48, "Lb_TS_Ki26": 0.315, "Lb_TS_Ka26": 0.315, "Lb_Med_26": 0.0, "Lbr_Jbt_26": 7.74, "Bgn_Ats_26": "GTP", "Jns_Jbt_26": "STANDAR", "Thn_Bgn_26": "1982", "BA_26": "2", "LNT_26": "0", "BB_26": "2", "DAS_26": "1", "OP_26": "0", "UT_26": "0", "GR_26": "0", "LB_26": "0", "JBT_26": "2", "Tp_Lnts_26": "SUNGAI", "Dt_Lnts_26": "BERKELOK", "Pnangnn_26": "RUTIN", "Pmriksn_26": "RUTIN", "Pnglola_26": "BPJN SUMATERA BARAT", "Satkr_ID26": "693875", "PPK_Name26": "PPK 1.5", "Traffic_26": null, "VCR_26": "0.498", "AADT_26": null, "Tipe_Jb_26": null, "Lat_26": -0.38457599288799998, "Long_26": 99.923171996699992, "Tgl_Ins_26": "6\/27\/2024", "Ket_26": null }, "geometry": { "type": "Point", "coordinates": [ 99.923171996690371, -0.384575992887733 ] } },
{ "type": "Feature", "properties": { "KDRUAS_UPD": "06023", "NOJBT_UPD": "06.023.031.0", "NM_RUAS_UP": "MANGGAPOH - BTS. KOTA PARIAMAN", "NM_JBT_UPD": "DURIAN KAPAS 1", "PROVINSI": "SUMATERA BARAT", "No_Prov_26": "06", "ID_Jbt_26": "0600291", "Kd_Ruas_26": "06023", "Suffix_26": null, "Nm_Ruas_26": "MANGGAPOH - BTS. KOTA PARIAMAN", "Lintas_26": "JALAN LINTAS BARAT", "No_Jbt_26": "06.023.031.0", "Nm_Jbt_26": "DURIAN KAPAS 1", "Status_26": "N", "Fungsi_26": "K1", "Lks_Dr_26": "PDG", "Lks_km_26": 95.0, "F_STA_26": "3230", "Cadin_26": "PRM", "Pjg_Jbt_26": 31.8, "Btg_Pjg_26": 15.5, "Jml_Btg_26": "2", "Lb_Jl_Ms26": 5.55, "Lb_Jl_Kl26": 5.55, "Lb_Lalin26": 5.55, "Lb_Bh_Ki26": 0.3, "Lb_Bh_Ka26": 0.35, "Lb_Dr_Ki26": 0.0, "Lb_Dr_Ka26": 0.0, "Lb_Tr_Ki26": 0.44, "Lb_Tr_Ka26": 0.47, "Lb_TS_Ki26": 0.335, "Lb_TS_Ka26": 0.335, "Lb_Med_26": 0.0, "Lbr_Jbt_26": 7.78, "Bgn_Ats_26": "GTP", "Jns_Jbt_26": "STANDAR", "Thn_Bgn_26": "1982", "BA_26": "2", "LNT_26": "0", "BB_26": "2", "DAS_26": "3", "OP_26": "1", "UT_26": "0", "GR_26": "0", "LB_26": "0", "JBT_26": "3", "Tp_Lnts_26": "SUNGAI", "Dt_Lnts_26": "BERKELOK", "Pnangnn_26": "RUTIN", "Pmriksn_26": "DETAIL", "Pnglola_26": "BPJN SUMATERA BARAT", "Satkr_ID26": "693875", "PPK_Name26": "PPK 1.5", "Traffic_26": null, "VCR_26": "0.498", "AADT_26": null, "Tipe_Jb_26": null, "Lat_26": -0.37130498883399998, "Long_26": 99.930175781000003, "Tgl_Ins_26": "6\/9\/2026", "Ket_26": null }, "geometry": { "type": "Point", "coordinates": [ 99.930175780987554, -0.37130498883414 ] } },
{ "type": "Feature", "properties": { "KDRUAS_UPD": "06023", "NOJBT_UPD": "06.023.032.0", "NM_RUAS_UP": "MANGGAPOH - BTS. KOTA PARIAMAN", "NM_JBT_UPD": "SUNGAI BALINGKUNG", "PROVINSI": "SUMATERA BARAT", "No_Prov_26": "06", "ID_Jbt_26": "0600292", "Kd_Ruas_26": "06023", "Suffix_26": null, "Nm_Ruas_26": "MANGGAPOH - BTS. KOTA PARIAMAN", "Lintas_26": "JALAN LINTAS BARAT", "No_Jbt_26": "06.023.032.0", "Nm_Jbt_26": "SUNGAI BALINGKUNG", "Status_26": "N", "Fungsi_26": "K1", "Lks_Dr_26": "PDG", "Lks_km_26": 95.9, "F_STA_26": "3320", "Cadin_26": "PRM", "Pjg_Jbt_26": 16.0, "Btg_Pjg_26": 15.5, "Jml_Btg_26": "1", "Lb_Jl_Ms26": 5.48, "Lb_Jl_Kl26": 5.48, "Lb_Lalin26": 5.48, "Lb_Bh_Ki26": 0.28, "Lb_Bh_Ka26": 0.33, "Lb_Dr_Ki26": 0.0, "Lb_Dr_Ka26": 0.0, "Lb_Tr_Ki26": 0.46, "Lb_Tr_Ka26": 0.5, "Lb_TS_Ki26": 0.385, "Lb_TS_Ka26": 0.385, "Lb_Med_26": 0.0, "Lbr_Jbt_26": 7.82, "Bgn_Ats_26": "GTP", "Jns_Jbt_26": "STANDAR", "Thn_Bgn_26": "1982", "BA_26": "1", "LNT_26": "1", "BB_26": "2", "DAS_26": "3", "OP_26": "1", "UT_26": "0", "GR_26": "0", "LB_26": "0", "JBT_26": "3", "Tp_Lnts_26": "SUNGAI", "Dt_Lnts_26": "BERKELOK", "Pnangnn_26": "RUTIN", "Pmriksn_26": "DETAIL", "Pnglola_26": "BPJN SUMATERA BARAT", "Satkr_ID26": "693875", "PPK_Name26": "PPK 1.5", "Traffic_26": null, "VCR_26": "0.498", "AADT_26": null, "Tipe_Jb_26": null, "Lat_26": -0.36377999165300001, "Long_26": 99.932899474899983, "Tgl_Ins_26": "6\/8\/2026", "Ket_26": null }, "geometry": { "type": "Point", "coordinates": [ 99.932899474930878, -0.363779991653246 ] } },
{ "type": "Feature", "properties": { "KDRUAS_UPD": "06032", "NOJBT_UPD": "06.032.009.0", "NM_RUAS_UP": "BTS. KOTA PAINAN - KAMBANG", "NM_JBT_UPD": "PEMALATAN", "PROVINSI": "SUMATERA BARAT", "No_Prov_26": "06", "ID_Jbt_26": "0600414", "Kd_Ruas_26": "06032", "Suffix_26": null, "Nm_Ruas_26": "BTS. KOTA PAINAN - KAMBANG", "Lintas_26": "JALAN LINTAS BARAT", "No_Jbt_26": "06.032.009.0", "Nm_Jbt_26": "PEMALATAN", "Status_26": "N", "Fungsi_26": "A", "Lks_Dr_26": "PDG", "Lks_km_26": 87.42, "F_STA_26": "890", "Cadin_26": "PIN", "Pjg_Jbt_26": 6.1, "Btg_Pjg_26": 6.1, "Jml_Btg_26": "2", "Lb_Jl_Ms26": 5.2, "Lb_Jl_Kl26": 5.2, "Lb_Lalin26": 5.2, "Lb_Bh_Ki26": 0.48, "Lb_Bh_Ka26": 0.48, "Lb_Dr_Ki26": 0.0, "Lb_Dr_Ka26": 0.0, "Lb_Tr_Ki26": 0.4, "Lb_Tr_Ka26": 0.4, "Lb_TS_Ki26": 0.17, "Lb_TS_Ka26": 0.17, "Lb_Med_26": 0.0, "Lbr_Jbt_26": 7.3, "Bgn_Ats_26": "BTP", "Jns_Jbt_26": "STANDAR", "Thn_Bgn_26": "1985", "BA_26": "2", "LNT_26": "0", "BB_26": "0", "DAS_26": "0", "OP_26": "1", "UT_26": "0", "GR_26": "2", "LB_26": "0", "JBT_26": "2", "Tp_Lnts_26": "SUNGAI", "Dt_Lnts_26": "BERKELOK (MEANDER)", "Pnangnn_26": "RUTIN", "Pmriksn_26": "RUTIN", "Pnglola_26": "BPJN SUMATERA BARAT", "Satkr_ID26": "693876", "PPK_Name26": "PPK 2.3", "Traffic_26": null, "VCR_26": "0.119", "AADT_26": null, "Tipe_Jb_26": null, "Lat_26": -1.39727800018, "Long_26": 100.591333, "Tgl_Ins_26": "8\/10\/2023", "Ket_26": null }, "geometry": { "type": "Point", "coordinates": [ 100.591333000117913, -1.39727800017954 ] } },
{ "type": "Feature", "properties": { "KDRUAS_UPD": "06032", "NOJBT_UPD": "06.032.010.0", "NM_RUAS_UP": "BTS. KOTA PAINAN - KAMBANG", "NM_JBT_UPD": "JALAMU", "PROVINSI": "SUMATERA BARAT", "No_Prov_26": "06", "ID_Jbt_26": "0600415", "Kd_Ruas_26": "06032", "Suffix_26": null, "Nm_Ruas_26": "BTS. KOTA PAINAN - KAMBANG", "Lintas_26": "JALAN LINTAS BARAT", "No_Jbt_26": "06.032.010.0", "Nm_Jbt_26": "JALAMU", "Status_26": "N", "Fungsi_26": "A", "Lks_Dr_26": "PDG", "Lks_km_26": 93.5, "F_STA_26": "1480", "Cadin_26": "PIN", "Pjg_Jbt_26": 41.4, "Btg_Pjg_26": 41.0, "Jml_Btg_26": "1", "Lb_Jl_Ms26": 6.0, "Lb_Jl_Kl26": 6.0, "Lb_Lalin26": 6.0, "Lb_Bh_Ki26": 0.4, "Lb_Bh_Ka26": 0.4, "Lb_Dr_Ki26": 0.0, "Lb_Dr_Ka26": 0.0, "Lb_Tr_Ki26": 0.48, "Lb_Tr_Ka26": 0.48, "Lb_TS_Ki26": 0.0, "Lb_TS_Ka26": 0.0, "Lb_Med_26": 0.0, "Lbr_Jbt_26": 7.76, "Bgn_Ats_26": "RBB", "Jns_Jbt_26": "STANDAR", "Thn_Bgn_26": "1991", "BA_26": "2", "LNT_26": "2", "BB_26": "2", "DAS_26": "2", "OP_26": "1", "UT_26": "0", "GR_26": "0", "LB_26": "0", "JBT_26": "2", "Tp_Lnts_26": "SUNGAI", "Dt_Lnts_26": "BERKELOK (MEANDER)", "Pnangnn_26": "BERKALA", "Pmriksn_26": "RUTIN", "Pnglola_26": "BPJN SUMATERA BARAT", "Satkr_ID26": "693876", "PPK_Name26": "PPK 2.3", "Traffic_26": null, "VCR_26": "0.119", "AADT_26": null, "Tipe_Jb_26": null, "Lat_26": -1.4282779998299999, "Long_26": 100.602055, "Tgl_Ins_26": "5\/24\/2025", "Ket_26": null }, "geometry": { "type": "Point", "coordinates": [ 100.602054999938332, -1.428277999829788 ] } },
{ "type": "Feature", "properties": { "KDRUAS_UPD": "06032", "NOJBT_UPD": "06.032.011.0", "NM_RUAS_UP": "BTS. KOTA PAINAN - KAMBANG", "NM_JBT_UPD": "KALUMPANG", "PROVINSI": "SUMATERA BARAT", "No_Prov_26": "06", "ID_Jbt_26": "0600416", "Kd_Ruas_26": "06032", "Suffix_26": null, "Nm_Ruas_26": "BTS. KOTA PAINAN - KAMBANG", "Lintas_26": "JALAN LINTAS BARAT", "No_Jbt_26": "06.032.011.0", "Nm_Jbt_26": "KALUMPANG", "Status_26": "N", "Fungsi_26": "A", "Lks_Dr_26": "PDG", "Lks_km_26": 98.3, "F_STA_26": "1960", "Cadin_26": "PIN", "Pjg_Jbt_26": 97.7, "Btg_Pjg_26": 51.0, "Jml_Btg_26": "2", "Lb_Jl_Ms26": 6.2, "Lb_Jl_Kl26": 6.2, "Lb_Lalin26": 6.2, "Lb_Bh_Ki26": 0.4, "Lb_Bh_Ka26": 0.4, "Lb_Dr_Ki26": 0.0, "Lb_Dr_Ka26": 0.0, "Lb_Tr_Ki26": 1.0, "Lb_Tr_Ka26": 1.0, "Lb_TS_Ki26": 0.0, "Lb_TS_Ka26": 0.0, "Lb_Med_26": 0.0, "Lbr_Jbt_26": 9.0, "Bgn_Ats_26": "RBA", "Jns_Jbt_26": "STANDAR", "Thn_Bgn_26": "1994", "BA_26": "2", "LNT_26": "1", "BB_26": "1", "DAS_26": "2", "OP_26": "1", "UT_26": "0", "GR_26": "0", "LB_26": "0", "JBT_26": "2", "Tp_Lnts_26": "SUNGAI", "Dt_Lnts_26": "LURUS", "Pnangnn_26": "RUTIN", "Pmriksn_26": "RUTIN", "Pnglola_26": "BPJN SUMATERA BARAT", "Satkr_ID26": "693876", "PPK_Name26": "PPK 2.3", "Traffic_26": null, "VCR_26": "0.119", "AADT_26": null, "Tipe_Jb_26": null, "Lat_26": -1.46577799975, "Long_26": 100.600722, "Tgl_Ins_26": "6\/20\/2025", "Ket_26": null }, "geometry": { "type": "Point", "coordinates": [ 100.600721999620646, -1.465777999754835 ] } },
{ "type": "Feature", "properties": { "KDRUAS_UPD": "06032", "NOJBT_UPD": "06.032.012.0", "NM_RUAS_UP": "BTS. KOTA PAINAN - KAMBANG", "NM_JBT_UPD": "GUNUNG KACIAK", "PROVINSI": "SUMATERA BARAT", "No_Prov_26": "06", "ID_Jbt_26": "0600417", "Kd_Ruas_26": "06032", "Suffix_26": null, "Nm_Ruas_26": "BTS. KOTA PAINAN - KAMBANG", "Lintas_26": "JALAN LINTAS BARAT", "No_Jbt_26": "06.032.012.0", "Nm_Jbt_26": "GUNUNG KACIAK", "Status_26": "N", "Fungsi_26": "A", "Lks_Dr_26": "PDG", "Lks_km_26": 102.3, "F_STA_26": "2350", "Cadin_26": "PIN", "Pjg_Jbt_26": 10.9, "Btg_Pjg_26": 10.0, "Jml_Btg_26": "1", "Lb_Jl_Ms26": 6.2, "Lb_Jl_Kl26": 6.2, "Lb_Lalin26": 6.2, "Lb_Bh_Ki26": 0.41, "Lb_Bh_Ka26": 0.41, "Lb_Dr_Ki26": 0.0, "Lb_Dr_Ka26": 0.0, "Lb_Tr_Ki26": 1.3, "Lb_Tr_Ka26": 1.3, "Lb_TS_Ki26": 0.0, "Lb_TS_Ka26": 0.0, "Lb_Med_26": 0.0, "Lbr_Jbt_26": 9.62, "Bgn_Ats_26": "GTP", "Jns_Jbt_26": "STANDAR", "Thn_Bgn_26": "1985", "BA_26": "2", "LNT_26": "2", "BB_26": "2", "DAS_26": "0", "OP_26": "1", "UT_26": "0", "GR_26": "0", "LB_26": "0", "JBT_26": "2", "Tp_Lnts_26": "SUNGAI", "Dt_Lnts_26": "LURUS", "Pnangnn_26": "BERKALA", "Pmriksn_26": "DETAIL", "Pnglola_26": "BPJN SUMATERA BARAT", "Satkr_ID26": "693876", "PPK_Name26": "PPK 2.3", "Traffic_26": null, "VCR_26": "0.119", "AADT_26": null, "Tipe_Jb_26": null, "Lat_26": -1.49258300021, "Long_26": 100.615444, "Tgl_Ins_26": "6\/7\/2026", "Ket_26": null }, "geometry": { "type": "Point", "coordinates": [ 100.615444000440334, -1.492583000205229 ] } },
{ "type": "Feature", "properties": { "KDRUAS_UPD": "06032", "NOJBT_UPD": "06.032.014.0", "NM_RUAS_UP": "BTS. KOTA PAINAN - KAMBANG", "NM_JBT_UPD": "TALUK", "PROVINSI": "SUMATERA BARAT", "No_Prov_26": "06", "ID_Jbt_26": "0600419", "Kd_Ruas_26": "06032", "Suffix_26": null, "Nm_Ruas_26": "BTS. KOTA PAINAN - KAMBANG", "Lintas_26": "JALAN LINTAS BARAT", "No_Jbt_26": "06.032.014.0", "Nm_Jbt_26": "TALUK", "Status_26": "N", "Fungsi_26": "A", "Lks_Dr_26": "PDG", "Lks_km_26": 103.3, "F_STA_26": "2450", "Cadin_26": "PIN", "Pjg_Jbt_26": 31.4, "Btg_Pjg_26": 31.0, "Jml_Btg_26": "1", "Lb_Jl_Ms26": 6.0, "Lb_Jl_Kl26": 6.0, "Lb_Lalin26": 6.0, "Lb_Bh_Ki26": 0.24, "Lb_Bh_Ka26": 0.24, "Lb_Dr_Ki26": 0.0, "Lb_Dr_Ka26": 0.0, "Lb_Tr_Ki26": 0.5, "Lb_Tr_Ka26": 0.5, "Lb_TS_Ki26": 0.0, "Lb_TS_Ka26": 0.0, "Lb_Med_26": 0.0, "Lbr_Jbt_26": 7.48, "Bgn_Ats_26": "RBB", "Jns_Jbt_26": "STANDAR", "Thn_Bgn_26": "1981", "BA_26": "2", "LNT_26": "2", "BB_26": "1", "DAS_26": "2", "OP_26": "1", "UT_26": "0", "GR_26": "0", "LB_26": "0", "JBT_26": "2", "Tp_Lnts_26": "SUNGAI", "Dt_Lnts_26": "BERKELOK (MEANDER)", "Pnangnn_26": "BERKALA", "Pmriksn_26": "RUTIN", "Pnglola_26": "BPJN SUMATERA BARAT", "Satkr_ID26": "693876", "PPK_Name26": "PPK 2.3", "Traffic_26": null, "VCR_26": "0.119", "AADT_26": null, "Tipe_Jb_26": null, "Lat_26": -1.4929170003200001, "Long_26": 100.624528, "Tgl_Ins_26": "5\/24\/2025", "Ket_26": null }, "geometry": { "type": "Point", "coordinates": [ 100.624528000267048, -1.492917000319267 ] } },
{ "type": "Feature", "properties": { "KDRUAS_UPD": "06032", "NOJBT_UPD": "06.032.015.A", "NM_RUAS_UP": "BTS. KOTA PAINAN - KAMBANG", "NM_JBT_UPD": "TALUK UJUNG BATU A", "PROVINSI": "SUMATERA BARAT", "No_Prov_26": "06", "ID_Jbt_26": "0600420", "Kd_Ruas_26": "06032", "Suffix_26": null, "Nm_Ruas_26": "BTS. KOTA PAINAN - KAMBANG", "Lintas_26": "JALAN LINTAS BARAT", "No_Jbt_26": "06.032.015.A", "Nm_Jbt_26": "TALUK UJUNG BATU A", "Status_26": "N", "Fungsi_26": "A", "Lks_Dr_26": "PDG", "Lks_km_26": 105.9, "F_STA_26": "2600", "Cadin_26": "PIN", "Pjg_Jbt_26": 25.6, "Btg_Pjg_26": 25.0, "Jml_Btg_26": "1", "Lb_Jl_Ms26": 3.9, "Lb_Jl_Kl26": 3.9, "Lb_Lalin26": 3.9, "Lb_Bh_Ki26": 0.3, "Lb_Bh_Ka26": 0.3, "Lb_Dr_Ki26": 0.0, "Lb_Dr_Ka26": 0.0, "Lb_Tr_Ki26": 0.5, "Lb_Tr_Ka26": 0.5, "Lb_TS_Ki26": 0.0, "Lb_TS_Ka26": 0.0, "Lb_Med_26": 0.0, "Lbr_Jbt_26": 5.5, "Bgn_Ats_26": "GBP", "Jns_Jbt_26": "STANDAR", "Thn_Bgn_26": "1983", "BA_26": "2", "LNT_26": "2", "BB_26": "2", "DAS_26": "2", "OP_26": "0", "UT_26": "0", "GR_26": "0", "LB_26": "0", "JBT_26": "2", "Tp_Lnts_26": "SUNGAI", "Dt_Lnts_26": "BERKELOK (MEANDER)", "Pnangnn_26": "RUTIN", "Pmriksn_26": "RUTIN", "Pnglola_26": "BPJN SUMATERA BARAT", "Satkr_ID26": "693876", "PPK_Name26": "PPK 2.3", "Traffic_26": null, "VCR_26": "0.119", "AADT_26": null, "Tipe_Jb_26": null, "Lat_26": -1.5039439998199999, "Long_26": 100.631361, "Tgl_Ins_26": "6\/10\/2024", "Ket_26": null }, "geometry": { "type": "Point", "coordinates": [ 100.631360999710409, -1.503943999815704 ] } },
{ "type": "Feature", "properties": { "KDRUAS_UPD": "06032", "NOJBT_UPD": "06.032.015.B", "NM_RUAS_UP": "BTS. KOTA PAINAN - KAMBANG", "NM_JBT_UPD": "TALUK UJUNG BATU B", "PROVINSI": "SUMATERA BARAT", "No_Prov_26": "06", "ID_Jbt_26": "0600421", "Kd_Ruas_26": "06032", "Suffix_26": null, "Nm_Ruas_26": "BTS. KOTA PAINAN - KAMBANG", "Lintas_26": "JALAN LINTAS BARAT", "No_Jbt_26": "06.032.015.B", "Nm_Jbt_26": "TALUK UJUNG BATU B", "Status_26": "N", "Fungsi_26": "A", "Lks_Dr_26": "PDG", "Lks_km_26": 104.9, "F_STA_26": "2610", "Cadin_26": "PIN", "Pjg_Jbt_26": 26.1, "Btg_Pjg_26": 25.5, "Jml_Btg_26": "1", "Lb_Jl_Ms26": 6.9, "Lb_Jl_Kl26": 6.9, "Lb_Lalin26": 6.9, "Lb_Bh_Ki26": 0.0, "Lb_Bh_Ka26": 0.0, "Lb_Dr_Ki26": 0.0, "Lb_Dr_Ka26": 0.0, "Lb_Tr_Ki26": 1.43, "Lb_Tr_Ka26": 1.43, "Lb_TS_Ki26": 0.12, "Lb_TS_Ka26": 0.12, "Lb_Med_26": 0.0, "Lbr_Jbt_26": 10.0, "Bgn_Ats_26": "GTP", "Jns_Jbt_26": "STANDAR", "Thn_Bgn_26": "2013", "BA_26": "1", "LNT_26": "1", "BB_26": "1", "DAS_26": "2", "OP_26": "0", "UT_26": "0", "GR_26": "0", "LB_26": "0", "JBT_26": "2", "Tp_Lnts_26": "SUNGAI", "Dt_Lnts_26": "BERKELOK (MEANDER)", "Pnangnn_26": "RUTIN", "Pmriksn_26": "RUTIN", "Pnglola_26": "BPJN SUMATERA BARAT", "Satkr_ID26": "693876", "PPK_Name26": "PPK 2.3", "Traffic_26": null, "VCR_26": "0.119", "AADT_26": null, "Tipe_Jb_26": null, "Lat_26": -1.5043010000899999, "Long_26": 100.631298, "Tgl_Ins_26": "6\/7\/2021", "Ket_26": null }, "geometry": { "type": "Point", "coordinates": [ 100.631298000402467, -1.504301000091061 ] } },
{ "type": "Feature", "properties": { "KDRUAS_UPD": "06032", "NOJBT_UPD": "06.032.017.0", "NM_RUAS_UP": "BTS. KOTA PAINAN - KAMBANG", "NM_JBT_UPD": "TANJUNG ALAI", "PROVINSI": "SUMATERA BARAT", "No_Prov_26": "06", "ID_Jbt_26": "0600422", "Kd_Ruas_26": "06032", "Suffix_26": null, "Nm_Ruas_26": "BTS. KOTA PAINAN - KAMBANG", "Lintas_26": "JALAN LINTAS BARAT", "No_Jbt_26": "06.032.017.0", "Nm_Jbt_26": "TANJUNG ALAI", "Status_26": "N", "Fungsi_26": "A", "Lks_Dr_26": "PDG", "Lks_km_26": 109.78, "F_STA_26": "3130", "Cadin_26": "PIN", "Pjg_Jbt_26": 10.4, "Btg_Pjg_26": 10.0, "Jml_Btg_26": "1", "Lb_Jl_Ms26": 7.6, "Lb_Jl_Kl26": 7.6, "Lb_Lalin26": 7.6, "Lb_Bh_Ki26": 0.0, "Lb_Bh_Ka26": 0.0, "Lb_Dr_Ki26": 0.0, "Lb_Dr_Ka26": 0.0, "Lb_Tr_Ki26": 0.5, "Lb_Tr_Ka26": 0.5, "Lb_TS_Ki26": 0.1, "Lb_TS_Ka26": 0.1, "Lb_Med_26": 0.0, "Lbr_Jbt_26": 8.8, "Bgn_Ats_26": "GTP", "Jns_Jbt_26": "STANDAR", "Thn_Bgn_26": "1996", "BA_26": "1", "LNT_26": "1", "BB_26": "1", "DAS_26": "1", "OP_26": "0", "UT_26": "0", "GR_26": "0", "LB_26": "0", "JBT_26": "1", "Tp_Lnts_26": "SUNGAI", "Dt_Lnts_26": "LURUS", "Pnangnn_26": "RUTIN", "Pmriksn_26": "TIDAK DISURVEI", "Pnglola_26": "BPJN SUMATERA BARAT", "Satkr_ID26": "693876", "PPK_Name26": "PPK 2.3", "Traffic_26": null, "VCR_26": "0.119", "AADT_26": null, "Tipe_Jb_26": null, "Lat_26": -1.53466700018, "Long_26": 100.631639, "Tgl_Ins_26": "6\/7\/2021", "Ket_26": null }, "geometry": { "type": "Point", "coordinates": [ 100.63163899993998, -1.534667000181855 ] } },
{ "type": "Feature", "properties": { "KDRUAS_UPD": "06032", "NOJBT_UPD": "06.032.016.0", "NM_RUAS_UP": "BTS. KOTA PAINAN - KAMBANG", "NM_JBT_UPD": "KAMPUNG KAMPAI", "PROVINSI": "SUMATERA BARAT", "No_Prov_26": "06", "ID_Jbt_26": "0600423", "Kd_Ruas_26": "06032", "Suffix_26": null, "Nm_Ruas_26": "BTS. KOTA PAINAN - KAMBANG", "Lintas_26": "JALAN LINTAS BARAT", "No_Jbt_26": "06.032.016.0", "Nm_Jbt_26": "KAMPUNG KAMPAI", "Status_26": "N", "Fungsi_26": "A", "Lks_Dr_26": "PDG", "Lks_km_26": 110.2, "F_STA_26": "3090", "Cadin_26": "PIN", "Pjg_Jbt_26": 12.9, "Btg_Pjg_26": 12.5, "Jml_Btg_26": "1", "Lb_Jl_Ms26": 7.2, "Lb_Jl_Kl26": 7.2, "Lb_Lalin26": 7.2, "Lb_Bh_Ki26": 0.0, "Lb_Bh_Ka26": 0.0, "Lb_Dr_Ki26": 0.0, "Lb_Dr_Ka26": 0.0, "Lb_Tr_Ki26": 0.5, "Lb_Tr_Ka26": 0.5, "Lb_TS_Ki26": 0.15, "Lb_TS_Ka26": 0.15, "Lb_Med_26": 0.0, "Lbr_Jbt_26": 8.5, "Bgn_Ats_26": "GTP", "Jns_Jbt_26": "STANDAR", "Thn_Bgn_26": "1993", "BA_26": "1", "LNT_26": "1", "BB_26": "1", "DAS_26": "1", "OP_26": "0", "UT_26": "0", "GR_26": "0", "LB_26": "0", "JBT_26": "1", "Tp_Lnts_26": "SUNGAI", "Dt_Lnts_26": "LURUS", "Pnangnn_26": "RUTIN", "Pmriksn_26": "RUTIN", "Pnglola_26": "BPJN SUMATERA BARAT", "Satkr_ID26": "693876", "PPK_Name26": "PPK 2.3", "Traffic_26": null, "VCR_26": "0.119", "AADT_26": null, "Tipe_Jb_26": null, "Lat_26": -1.5328890000299999, "Long_26": 100.629222, "Tgl_Ins_26": "6\/7\/2021", "Ket_26": null }, "geometry": { "type": "Point", "coordinates": [ 100.629221999995366, -1.532889000027296 ] } },
{ "type": "Feature", "properties": { "KDRUAS_UPD": "06032", "NOJBT_UPD": "06.032.018.0", "NM_RUAS_UP": "BTS. KOTA PAINAN - KAMBANG", "NM_JBT_UPD": "KAMPUNG OLO", "PROVINSI": "SUMATERA BARAT", "No_Prov_26": "06", "ID_Jbt_26": "0600424", "Kd_Ruas_26": "06032", "Suffix_26": null, "Nm_Ruas_26": "BTS. KOTA PAINAN - KAMBANG", "Lintas_26": "JALAN LINTAS BARAT", "No_Jbt_26": "06.032.018.0", "Nm_Jbt_26": "KAMPUNG OLO", "Status_26": "N", "Fungsi_26": "A", "Lks_Dr_26": "PDG", "Lks_km_26": 110.76, "F_STA_26": "3190", "Cadin_26": "PIN", "Pjg_Jbt_26": 20.7, "Btg_Pjg_26": 20.2, "Jml_Btg_26": "1", "Lb_Jl_Ms26": 6.0, "Lb_Jl_Kl26": 6.0, "Lb_Lalin26": 6.0, "Lb_Bh_Ki26": 0.0, "Lb_Bh_Ka26": 0.0, "Lb_Dr_Ki26": 0.0, "Lb_Dr_Ka26": 0.0, "Lb_Tr_Ki26": 0.45, "Lb_Tr_Ka26": 0.45, "Lb_TS_Ki26": 0.0, "Lb_TS_Ka26": 0.0, "Lb_Med_26": 0.0, "Lbr_Jbt_26": 6.9, "Bgn_Ats_26": "GBP", "Jns_Jbt_26": "STANDAR", "Thn_Bgn_26": "1993", "BA_26": "2", "LNT_26": "1", "BB_26": "2", "DAS_26": "2", "OP_26": "0", "UT_26": "0", "GR_26": "0", "LB_26": "0", "JBT_26": "2", "Tp_Lnts_26": "SUNGAI", "Dt_Lnts_26": "LURUS", "Pnangnn_26": "BERKALA", "Pmriksn_26": "RUTIN", "Pnglola_26": "BPJN SUMATERA BARAT", "Satkr_ID26": "693876", "PPK_Name26": "PPK 2.3", "Traffic_26": null, "VCR_26": "0.119", "AADT_26": null, "Tipe_Jb_26": null, "Lat_26": -1.53944400014, "Long_26": 100.630972, "Tgl_Ins_26": "6\/7\/2021", "Ket_26": null }, "geometry": { "type": "Point", "coordinates": [ 100.63097199975806, -1.539444000140463 ] } },
{ "type": "Feature", "properties": { "KDRUAS_UPD": "06032", "NOJBT_UPD": "06.032.019.0", "NM_RUAS_UP": "BTS. KOTA PAINAN - KAMBANG", "NM_JBT_UPD": "SURANTIH", "PROVINSI": "SUMATERA BARAT", "No_Prov_26": "06", "ID_Jbt_26": "0600425", "Kd_Ruas_26": "06032", "Suffix_26": null, "Nm_Ruas_26": "BTS. KOTA PAINAN - KAMBANG", "Lintas_26": "JALAN LINTAS BARAT", "No_Jbt_26": "06.032.019.0", "Nm_Jbt_26": "SURANTIH", "Status_26": "N", "Fungsi_26": "A", "Lks_Dr_26": "PDG", "Lks_km_26": 115.36, "F_STA_26": "3630", "Cadin_26": "PIN", "Pjg_Jbt_26": 98.6, "Btg_Pjg_26": 52.52, "Jml_Btg_26": "2", "Lb_Jl_Ms26": 6.0, "Lb_Jl_Kl26": 6.0, "Lb_Lalin26": 6.0, "Lb_Bh_Ki26": 0.0, "Lb_Bh_Ka26": 0.0, "Lb_Dr_Ki26": 0.0, "Lb_Dr_Ka26": 0.0, "Lb_Tr_Ki26": 0.53, "Lb_Tr_Ka26": 0.53, "Lb_TS_Ki26": 0.0, "Lb_TS_Ka26": 0.0, "Lb_Med_26": 0.0, "Lbr_Jbt_26": 7.06, "Bgn_Ats_26": "RBB", "Jns_Jbt_26": "STANDAR", "Thn_Bgn_26": "1982", "BA_26": "2", "LNT_26": "2", "BB_26": "2", "DAS_26": "2", "OP_26": "1", "UT_26": "0", "GR_26": "0", "LB_26": "0", "JBT_26": "2", "Tp_Lnts_26": "SUNGAI", "Dt_Lnts_26": "BERKELOK (MEANDER)", "Pnangnn_26": "RUTIN", "Pmriksn_26": "DETAIL", "Pnglola_26": "BPJN SUMATERA BARAT", "Satkr_ID26": "693876", "PPK_Name26": "PPK 2.3", "Traffic_26": null, "VCR_26": "0.119", "AADT_26": null, "Tipe_Jb_26": null, "Lat_26": -1.57665, "Long_26": 100.642884, "Tgl_Ins_26": "5\/8\/2026", "Ket_26": null }, "geometry": { "type": "Point", "coordinates": [ 100.642883999596961, -1.576649999997471 ] } },
{ "type": "Feature", "properties": { "KDRUAS_UPD": "06032", "NOJBT_UPD": "06.032.021.0", "NM_RUAS_UP": "BTS. KOTA PAINAN - KAMBANG", "NM_JBT_UPD": "AIR SIRAH", "PROVINSI": "SUMATERA BARAT", "No_Prov_26": "06", "ID_Jbt_26": "0600427", "Kd_Ruas_26": "06032", "Suffix_26": null, "Nm_Ruas_26": "BTS. KOTA PAINAN - KAMBANG", "Lintas_26": "JALAN LINTAS BARAT", "No_Jbt_26": "06.032.021.0", "Nm_Jbt_26": "AIR SIRAH", "Status_26": "N", "Fungsi_26": "A", "Lks_Dr_26": "PDG", "Lks_km_26": 118.9, "F_STA_26": "3980", "Cadin_26": "PIN", "Pjg_Jbt_26": 20.5, "Btg_Pjg_26": 20.0, "Jml_Btg_26": "1", "Lb_Jl_Ms26": 6.0, "Lb_Jl_Kl26": 6.0, "Lb_Lalin26": 6.0, "Lb_Bh_Ki26": 0.0, "Lb_Bh_Ka26": 0.0, "Lb_Dr_Ki26": 0.0, "Lb_Dr_Ka26": 0.0, "Lb_Tr_Ki26": 0.45, "Lb_Tr_Ka26": 0.45, "Lb_TS_Ki26": 0.0, "Lb_TS_Ka26": 0.0, "Lb_Med_26": 0.0, "Lbr_Jbt_26": 6.9, "Bgn_Ats_26": "GBP", "Jns_Jbt_26": "STANDAR", "Thn_Bgn_26": "1989", "BA_26": "1", "LNT_26": "1", "BB_26": "1", "DAS_26": "1", "OP_26": "0", "UT_26": "0", "GR_26": "0", "LB_26": "0", "JBT_26": "1", "Tp_Lnts_26": "SUNGAI", "Dt_Lnts_26": "LURUS", "Pnangnn_26": "RUTIN", "Pmriksn_26": "TIDAK DISURVEI", "Pnglola_26": "BPJN SUMATERA BARAT", "Satkr_ID26": "693876", "PPK_Name26": "PPK 2.3", "Traffic_26": null, "VCR_26": "0.119", "AADT_26": null, "Tipe_Jb_26": null, "Lat_26": -1.6074999999199999, "Long_26": 100.645694, "Tgl_Ins_26": "6\/11\/2021", "Ket_26": null }, "geometry": { "type": "Point", "coordinates": [ 100.645693999678429, -1.607499999924983 ] } },
{ "type": "Feature", "properties": { "KDRUAS_UPD": "06032", "NOJBT_UPD": "06.032.023.0", "NM_RUAS_UP": "BTS. KOTA PAINAN - KAMBANG", "NM_JBT_UPD": "AMPING PARAK", "PROVINSI": "SUMATERA BARAT", "No_Prov_26": "06", "ID_Jbt_26": "0600429", "Kd_Ruas_26": "06032", "Suffix_26": null, "Nm_Ruas_26": "BTS. KOTA PAINAN - KAMBANG", "Lintas_26": "JALAN LINTAS BARAT", "No_Jbt_26": "06.032.023.0", "Nm_Jbt_26": "AMPING PARAK", "Status_26": "N", "Fungsi_26": "A", "Lks_Dr_26": "PDG", "Lks_km_26": 123.02, "F_STA_26": "4380", "Cadin_26": "PIN", "Pjg_Jbt_26": 61.9, "Btg_Pjg_26": 61.0, "Jml_Btg_26": "1", "Lb_Jl_Ms26": 6.0, "Lb_Jl_Kl26": 6.0, "Lb_Lalin26": 6.0, "Lb_Bh_Ki26": 0.0, "Lb_Bh_Ka26": 0.0, "Lb_Dr_Ki26": 0.0, "Lb_Dr_Ka26": 0.0, "Lb_Tr_Ki26": 0.51, "Lb_Tr_Ka26": 0.51, "Lb_TS_Ki26": 0.0, "Lb_TS_Ka26": 0.0, "Lb_Med_26": 0.0, "Lbr_Jbt_26": 7.02, "Bgn_Ats_26": "RBB", "Jns_Jbt_26": "STANDAR", "Thn_Bgn_26": "1983", "BA_26": "2", "LNT_26": "2", "BB_26": "1", "DAS_26": "1", "OP_26": "2", "UT_26": "0", "GR_26": "0", "LB_26": "0", "JBT_26": "2", "Tp_Lnts_26": "SUNGAI", "Dt_Lnts_26": "LURUS", "Pnangnn_26": "BERKALA", "Pmriksn_26": "RUTIN", "Pnglola_26": "BPJN SUMATERA BARAT", "Satkr_ID26": "693876", "PPK_Name26": "PPK 2.3", "Traffic_26": null, "VCR_26": "0.119", "AADT_26": null, "Tipe_Jb_26": null, "Lat_26": -1.6362779996300001, "Long_26": 100.666333, "Tgl_Ins_26": "6\/20\/2025", "Ket_26": null }, "geometry": { "type": "Point", "coordinates": [ 100.666332999968006, -1.636277999629954 ] } },
{ "type": "Feature", "properties": { "KDRUAS_UPD": "06032", "NOJBT_UPD": "06.032.024.0", "NM_RUAS_UP": "BTS. KOTA PAINAN - KAMBANG", "NM_JBT_UPD": "PADANG TAE", "PROVINSI": "SUMATERA BARAT", "No_Prov_26": "06", "ID_Jbt_26": "0600430", "Kd_Ruas_26": "06032", "Suffix_26": null, "Nm_Ruas_26": "BTS. KOTA PAINAN - KAMBANG", "Lintas_26": "JALAN LINTAS BARAT", "No_Jbt_26": "06.032.024.0", "Nm_Jbt_26": "PADANG TAE", "Status_26": "N", "Fungsi_26": "A", "Lks_Dr_26": "PDG", "Lks_km_26": 123.8, "F_STA_26": "4460", "Cadin_26": "PIN", "Pjg_Jbt_26": 10.6, "Btg_Pjg_26": 3.0, "Jml_Btg_26": "3", "Lb_Jl_Ms26": 5.2, "Lb_Jl_Kl26": 5.2, "Lb_Lalin26": 5.2, "Lb_Bh_Ki26": 0.3, "Lb_Bh_Ka26": 0.3, "Lb_Dr_Ki26": 0.2, "Lb_Dr_Ka26": 0.2, "Lb_Tr_Ki26": 0.38, "Lb_Tr_Ka26": 0.38, "Lb_TS_Ki26": 0.22, "Lb_TS_Ka26": 0.22, "Lb_Med_26": 0.0, "Lbr_Jbt_26": 7.4, "Bgn_Ats_26": "BTP", "Jns_Jbt_26": "STANDAR", "Thn_Bgn_26": "1985", "BA_26": "1", "LNT_26": "1", "BB_26": "0", "DAS_26": "0", "OP_26": "1", "UT_26": "0", "GR_26": "2", "LB_26": "0", "JBT_26": "2", "Tp_Lnts_26": "SUNGAI", "Dt_Lnts_26": "LURUS", "Pnangnn_26": "RUTIN", "Pmriksn_26": "DETAIL", "Pnglola_26": "BPJN SUMATERA BARAT", "Satkr_ID26": "693876", "PPK_Name26": "PPK 2.3", "Traffic_26": null, "VCR_26": "0.119", "AADT_26": null, "Tipe_Jb_26": null, "Lat_26": -1.64169400028, "Long_26": 100.671055, "Tgl_Ins_26": "5\/8\/2026", "Ket_26": null }, "geometry": { "type": "Point", "coordinates": [ 100.671055000088245, -1.641694000277823 ] } },
{ "type": "Feature", "properties": { "KDRUAS_UPD": "06032", "NOJBT_UPD": "06.032.025.0", "NM_RUAS_UP": "BTS. KOTA PAINAN - KAMBANG", "NM_JBT_UPD": "SOLOK KATAPING", "PROVINSI": "SUMATERA BARAT", "No_Prov_26": "06", "ID_Jbt_26": "0600431", "Kd_Ruas_26": "06032", "Suffix_26": null, "Nm_Ruas_26": "BTS. KOTA PAINAN - KAMBANG", "Lintas_26": "JALAN LINTAS BARAT", "No_Jbt_26": "06.032.025.0", "Nm_Jbt_26": "SOLOK KATAPING", "Status_26": "N", "Fungsi_26": "A", "Lks_Dr_26": "PDG", "Lks_km_26": 124.95, "F_STA_26": "4570", "Cadin_26": "PIN", "Pjg_Jbt_26": 10.3, "Btg_Pjg_26": 3.0, "Jml_Btg_26": "3", "Lb_Jl_Ms26": 7.0, "Lb_Jl_Kl26": 7.0, "Lb_Lalin26": 7.0, "Lb_Bh_Ki26": 0.0, "Lb_Bh_Ka26": 0.0, "Lb_Dr_Ki26": 0.0, "Lb_Dr_Ka26": 0.0, "Lb_Tr_Ki26": 0.49, "Lb_Tr_Ka26": 0.49, "Lb_TS_Ki26": 0.26, "Lb_TS_Ka26": 0.26, "Lb_Med_26": 0.0, "Lbr_Jbt_26": 8.5, "Bgn_Ats_26": "BTP", "Jns_Jbt_26": "STANDAR", "Thn_Bgn_26": "1985", "BA_26": "2", "LNT_26": "2", "BB_26": "0", "DAS_26": "0", "OP_26": "1", "UT_26": "1", "GR_26": "1", "LB_26": "0", "JBT_26": "2", "Tp_Lnts_26": "SUNGAI", "Dt_Lnts_26": "LURUS", "Pnangnn_26": "BERKALA", "Pmriksn_26": "DETAIL", "Pnglola_26": "BPJN SUMATERA BARAT", "Satkr_ID26": "693876", "PPK_Name26": "PPK 2.3", "Traffic_26": null, "VCR_26": "0.119", "AADT_26": null, "Tipe_Jb_26": null, "Lat_26": -1.64855500011, "Long_26": 100.677583, "Tgl_Ins_26": "5\/8\/2026", "Ket_26": null }, "geometry": { "type": "Point", "coordinates": [ 100.677582999855645, -1.648555000113106 ] } },
{ "type": "Feature", "properties": { "KDRUAS_UPD": "06032", "NOJBT_UPD": "06.032.026.0", "NM_RUAS_UP": "BTS. KOTA PAINAN - KAMBANG", "NM_JBT_UPD": "PASAR GOMPONG", "PROVINSI": "SUMATERA BARAT", "No_Prov_26": "06", "ID_Jbt_26": "0600432", "Kd_Ruas_26": "06032", "Suffix_26": null, "Nm_Ruas_26": "BTS. KOTA PAINAN - KAMBANG", "Lintas_26": "JALAN LINTAS BARAT", "No_Jbt_26": "06.032.026.0", "Nm_Jbt_26": "PASAR GOMPONG", "Status_26": "N", "Fungsi_26": "A", "Lks_Dr_26": "PDG", "Lks_km_26": 129.72, "F_STA_26": "5050", "Cadin_26": "PIN", "Pjg_Jbt_26": 87.3, "Btg_Pjg_26": 46.11, "Jml_Btg_26": "2", "Lb_Jl_Ms26": 6.0, "Lb_Jl_Kl26": 6.0, "Lb_Lalin26": 6.0, "Lb_Bh_Ki26": 0.0, "Lb_Bh_Ka26": 0.0, "Lb_Dr_Ki26": 0.0, "Lb_Dr_Ka26": 0.0, "Lb_Tr_Ki26": 0.5, "Lb_Tr_Ka26": 0.5, "Lb_TS_Ki26": 0.0, "Lb_TS_Ka26": 0.0, "Lb_Med_26": 0.0, "Lbr_Jbt_26": 7.0, "Bgn_Ats_26": "RBB", "Jns_Jbt_26": "STANDAR", "Thn_Bgn_26": "1986", "BA_26": "2", "LNT_26": "2", "BB_26": "2", "DAS_26": "2", "OP_26": "1", "UT_26": "0", "GR_26": "0", "LB_26": "0", "JBT_26": "2", "Tp_Lnts_26": "SUNGAI", "Dt_Lnts_26": "BERKELOK (MEANDER)", "Pnangnn_26": "RUTIN", "Pmriksn_26": "RUTIN", "Pnglola_26": "BPJN SUMATERA BARAT", "Satkr_ID26": "693876", "PPK_Name26": "PPK 2.3", "Traffic_26": null, "VCR_26": "0.119", "AADT_26": null, "Tipe_Jb_26": null, "Lat_26": -1.6826939997299999, "Long_26": 100.702444, "Tgl_Ins_26": "6\/20\/2025", "Ket_26": null }, "geometry": { "type": "Point", "coordinates": [ 100.7024439996909, -1.682693999728258 ] } },
{ "type": "Feature", "properties": { "KDRUAS_UPD": "06033", "NOJBT_UPD": "06.033.001.0", "NM_RUAS_UP": "KAMBANG - INDRAPURA", "NM_JBT_UPD": "PASAR LAKITAN", "PROVINSI": "SUMATERA BARAT", "No_Prov_26": "06", "ID_Jbt_26": "0600433", "Kd_Ruas_26": "06033", "Suffix_26": null, "Nm_Ruas_26": "KAMBANG - INDRAPURA", "Lintas_26": "JALAN LINTAS BARAT", "No_Jbt_26": "06.033.001.0", "Nm_Jbt_26": "PASAR LAKITAN", "Status_26": "N", "Fungsi_26": "A", "Lks_Dr_26": "PDG", "Lks_km_26": 132.6, "F_STA_26": "100", "Cadin_26": "PIN", "Pjg_Jbt_26": 62.3, "Btg_Pjg_26": 31.0, "Jml_Btg_26": "2", "Lb_Jl_Ms26": 5.4, "Lb_Jl_Kl26": 5.4, "Lb_Lalin26": 5.4, "Lb_Bh_Ki26": 0.36, "Lb_Bh_Ka26": 0.36, "Lb_Dr_Ki26": 0.0, "Lb_Dr_Ka26": 0.0, "Lb_Tr_Ki26": 0.87, "Lb_Tr_Ka26": 0.87, "Lb_TS_Ki26": 0.0, "Lb_TS_Ka26": 0.0, "Lb_Med_26": 0.0, "Lbr_Jbt_26": 7.86, "Bgn_Ats_26": "GTP", "Jns_Jbt_26": "STANDAR", "Thn_Bgn_26": "1985", "BA_26": "2", "LNT_26": "2", "BB_26": "2", "DAS_26": "2", "OP_26": "1", "UT_26": "0", "GR_26": "0", "LB_26": "0", "JBT_26": "2", "Tp_Lnts_26": "SUNGAI", "Dt_Lnts_26": "BERKELOK (MEANDER)", "Pnangnn_26": "RUTIN", "Pmriksn_26": "DETAIL", "Pnglola_26": "BPJN SUMATERA BARAT", "Satkr_ID26": "693876", "PPK_Name26": "PPK 2.4", "Traffic_26": null, "VCR_26": "0.114", "AADT_26": null, "Tipe_Jb_26": null, "Lat_26": -1.70255500011, "Long_26": 100.714917, "Tgl_Ins_26": "5\/9\/2026", "Ket_26": null }, "geometry": { "type": "Point", "coordinates": [ 100.71491700021943, -1.702555000113136 ] } },
{ "type": "Feature", "properties": { "KDRUAS_UPD": "06033", "NOJBT_UPD": "06.033.002.0", "NM_RUAS_UP": "KAMBANG - INDRAPURA", "NM_JBT_UPD": "MUARAPALAM", "PROVINSI": "SUMATERA BARAT", "No_Prov_26": "06", "ID_Jbt_26": "0600434", "Kd_Ruas_26": "06033", "Suffix_26": null, "Nm_Ruas_26": "KAMBANG - INDRAPURA", "Lintas_26": "JALAN LINTAS BARAT", "No_Jbt_26": "06.033.002.0", "Nm_Jbt_26": "MUARAPALAM", "Status_26": "N", "Fungsi_26": "A", "Lks_Dr_26": "PDG", "Lks_km_26": 133.0, "F_STA_26": "220", "Cadin_26": "PIN", "Pjg_Jbt_26": 9.3, "Btg_Pjg_26": 9.3, "Jml_Btg_26": "3", "Lb_Jl_Ms26": 5.5, "Lb_Jl_Kl26": 5.5, "Lb_Lalin26": 5.5, "Lb_Bh_Ki26": 0.3, "Lb_Bh_Ka26": 0.3, "Lb_Dr_Ki26": 0.0, "Lb_Dr_Ka26": 0.0, "Lb_Tr_Ki26": 0.39, "Lb_Tr_Ka26": 0.39, "Lb_TS_Ki26": 0.21, "Lb_TS_Ka26": 0.21, "Lb_Med_26": 0.0, "Lbr_Jbt_26": 7.3, "Bgn_Ats_26": "BTP", "Jns_Jbt_26": "STANDAR", "Thn_Bgn_26": "1985", "BA_26": "1", "LNT_26": "1", "BB_26": "0", "DAS_26": "0", "OP_26": "2", "UT_26": "0", "GR_26": "1", "LB_26": "0", "JBT_26": "2", "Tp_Lnts_26": "SUNGAI", "Dt_Lnts_26": "LURUS", "Pnangnn_26": "RUTIN", "Pmriksn_26": "DETAIL", "Pnglola_26": "BPJN SUMATERA BARAT", "Satkr_ID26": "693876", "PPK_Name26": "PPK 2.4", "Traffic_26": null, "VCR_26": "0.114", "AADT_26": null, "Tipe_Jb_26": null, "Lat_26": -1.7112499999899999, "Long_26": 100.719278, "Tgl_Ins_26": "5\/9\/2026", "Ket_26": null }, "geometry": { "type": "Point", "coordinates": [ 100.719277999879864, -1.711249999987444 ] } },
{ "type": "Feature", "properties": { "KDRUAS_UPD": "06033", "NOJBT_UPD": "06.033.003.0", "NM_RUAS_UP": "KAMBANG - INDRAPURA", "NM_JBT_UPD": "BANDALUNG", "PROVINSI": "SUMATERA BARAT", "No_Prov_26": "06", "ID_Jbt_26": "0600435", "Kd_Ruas_26": "06033", "Suffix_26": null, "Nm_Ruas_26": "KAMBANG - INDRAPURA", "Lintas_26": "JALAN LINTAS BARAT", "No_Jbt_26": "06.033.003.0", "Nm_Jbt_26": "BANDALUNG", "Status_26": "N", "Fungsi_26": "A", "Lks_Dr_26": "PDG", "Lks_km_26": 134.75, "F_STA_26": "400", "Cadin_26": "PIN", "Pjg_Jbt_26": 12.4, "Btg_Pjg_26": 12.4, "Jml_Btg_26": "3", "Lb_Jl_Ms26": 5.4, "Lb_Jl_Kl26": 5.4, "Lb_Lalin26": 5.4, "Lb_Bh_Ki26": 0.33, "Lb_Bh_Ka26": 0.33, "Lb_Dr_Ki26": 0.0, "Lb_Dr_Ka26": 0.0, "Lb_Tr_Ki26": 0.38, "Lb_Tr_Ka26": 0.38, "Lb_TS_Ki26": 0.24, "Lb_TS_Ka26": 0.24, "Lb_Med_26": 0.0, "Lbr_Jbt_26": 7.3, "Bgn_Ats_26": "BTP", "Jns_Jbt_26": "STANDAR", "Thn_Bgn_26": "1985", "BA_26": "1", "LNT_26": "0", "BB_26": "0", "DAS_26": "0", "OP_26": "2", "UT_26": "0", "GR_26": "2", "LB_26": "0", "JBT_26": "2", "Tp_Lnts_26": "SUNGAI", "Dt_Lnts_26": "LURUS", "Pnangnn_26": "RUTIN", "Pmriksn_26": "DETAIL", "Pnglola_26": "BPJN SUMATERA BARAT", "Satkr_ID26": "693876", "PPK_Name26": "PPK 2.4", "Traffic_26": null, "VCR_26": "0.114", "AADT_26": null, "Tipe_Jb_26": null, "Lat_26": -1.7235549999599999, "Long_26": 100.729361, "Tgl_Ins_26": "5\/9\/2026", "Ket_26": null }, "geometry": { "type": "Point", "coordinates": [ 100.729360999910284, -1.723554999963255 ] } },
{ "type": "Feature", "properties": { "KDRUAS_UPD": "06033", "NOJBT_UPD": "06.033.004.0", "NM_RUAS_UP": "KAMBANG - INDRAPURA", "NM_JBT_UPD": "LAKITAN", "PROVINSI": "SUMATERA BARAT", "No_Prov_26": "06", "ID_Jbt_26": "0600436", "Kd_Ruas_26": "06033", "Suffix_26": null, "Nm_Ruas_26": "KAMBANG - INDRAPURA", "Lintas_26": "JALAN LINTAS BARAT", "No_Jbt_26": "06.033.004.0", "Nm_Jbt_26": "LAKITAN", "Status_26": "N", "Fungsi_26": "A", "Lks_Dr_26": "PDG", "Lks_km_26": 137.1, "F_STA_26": "580", "Cadin_26": "PIN", "Pjg_Jbt_26": 61.8, "Btg_Pjg_26": 61.3, "Jml_Btg_26": "1", "Lb_Jl_Ms26": 5.4, "Lb_Jl_Kl26": 5.4, "Lb_Lalin26": 5.4, "Lb_Bh_Ki26": 0.36, "Lb_Bh_Ka26": 0.36, "Lb_Dr_Ki26": 0.0, "Lb_Dr_Ka26": 0.0, "Lb_Tr_Ki26": 0.87, "Lb_Tr_Ka26": 0.87, "Lb_TS_Ki26": 0.0, "Lb_TS_Ka26": 0.0, "Lb_Med_26": 0.0, "Lbr_Jbt_26": 7.86, "Bgn_Ats_26": "RBA", "Jns_Jbt_26": "STANDAR", "Thn_Bgn_26": "1995", "BA_26": "2", "LNT_26": "0", "BB_26": "2", "DAS_26": "2", "OP_26": "0", "UT_26": "0", "GR_26": "0", "LB_26": "0", "JBT_26": "2", "Tp_Lnts_26": "SUNGAI", "Dt_Lnts_26": "BERKELOK (MEANDER)", "Pnangnn_26": "BERKALA", "Pmriksn_26": "RUTIN", "Pnglola_26": "BPJN SUMATERA BARAT", "Satkr_ID26": "693876", "PPK_Name26": "PPK 2.4", "Traffic_26": null, "VCR_26": "0.114", "AADT_26": null, "Tipe_Jb_26": null, "Lat_26": -1.7337780001500001, "Long_26": 100.740806, "Tgl_Ins_26": "6\/20\/2025", "Ket_26": null }, "geometry": { "type": "Point", "coordinates": [ 100.740805999797089, -1.73377800015453 ] } },
{ "type": "Feature", "properties": { "KDRUAS_UPD": "06033", "NOJBT_UPD": "06.033.005.0", "NM_RUAS_UP": "KAMBANG - INDRAPURA", "NM_JBT_UPD": "PALAKEK", "PROVINSI": "SUMATERA BARAT", "No_Prov_26": "06", "ID_Jbt_26": "0600437", "Kd_Ruas_26": "06033", "Suffix_26": null, "Nm_Ruas_26": "KAMBANG - INDRAPURA", "Lintas_26": "JALAN LINTAS BARAT", "No_Jbt_26": "06.033.005.0", "Nm_Jbt_26": "PALAKEK", "Status_26": "N", "Fungsi_26": "A", "Lks_Dr_26": "PDG", "Lks_km_26": 138.0, "F_STA_26": "720", "Cadin_26": "PIN", "Pjg_Jbt_26": 31.0, "Btg_Pjg_26": 30.5, "Jml_Btg_26": "1", "Lb_Jl_Ms26": 5.4, "Lb_Jl_Kl26": 5.4, "Lb_Lalin26": 5.4, "Lb_Bh_Ki26": 0.32, "Lb_Bh_Ka26": 0.32, "Lb_Dr_Ki26": 0.0, "Lb_Dr_Ka26": 0.0, "Lb_Tr_Ki26": 0.42, "Lb_Tr_Ka26": 0.42, "Lb_TS_Ki26": 0.31, "Lb_TS_Ka26": 0.31, "Lb_Med_26": 0.0, "Lbr_Jbt_26": 7.5, "Bgn_Ats_26": "GTP", "Jns_Jbt_26": "STANDAR", "Thn_Bgn_26": "1985", "BA_26": "2", "LNT_26": "0", "BB_26": "1", "DAS_26": "2", "OP_26": "0", "UT_26": "0", "GR_26": "0", "LB_26": "0", "JBT_26": "2", "Tp_Lnts_26": "SUNGAI", "Dt_Lnts_26": "LURUS", "Pnangnn_26": "RUTIN", "Pmriksn_26": "DETAIL", "Pnglola_26": "BPJN SUMATERA BARAT", "Satkr_ID26": "693876", "PPK_Name26": "PPK 2.4", "Traffic_26": null, "VCR_26": "0.114", "AADT_26": null, "Tipe_Jb_26": null, "Lat_26": -1.7440560001800001, "Long_26": 100.748389, "Tgl_Ins_26": "5\/9\/2026", "Ket_26": null }, "geometry": { "type": "Point", "coordinates": [ 100.748388999652661, -1.74405600018423 ] } },
{ "type": "Feature", "properties": { "KDRUAS_UPD": "06033", "NOJBT_UPD": "06.033.006.0", "NM_RUAS_UP": "KAMBANG - INDRAPURA", "NM_JBT_UPD": "LABUAN", "PROVINSI": "SUMATERA BARAT", "No_Prov_26": "06", "ID_Jbt_26": "0600438", "Kd_Ruas_26": "06033", "Suffix_26": null, "Nm_Ruas_26": "KAMBANG - INDRAPURA", "Lintas_26": "JALAN LINTAS BARAT", "No_Jbt_26": "06.033.006.0", "Nm_Jbt_26": "LABUAN", "Status_26": "N", "Fungsi_26": "A", "Lks_Dr_26": "PDG", "Lks_km_26": 143.37, "F_STA_26": "1270", "Cadin_26": "PIN", "Pjg_Jbt_26": 93.6, "Btg_Pjg_26": 46.5, "Jml_Btg_26": "2", "Lb_Jl_Ms26": 5.3, "Lb_Jl_Kl26": 5.3, "Lb_Lalin26": 5.3, "Lb_Bh_Ki26": 0.35, "Lb_Bh_Ka26": 0.35, "Lb_Dr_Ki26": 0.0, "Lb_Dr_Ka26": 0.0, "Lb_Tr_Ki26": 0.45, "Lb_Tr_Ka26": 0.45, "Lb_TS_Ki26": 0.0, "Lb_TS_Ka26": 0.0, "Lb_Med_26": 0.0, "Lbr_Jbt_26": 6.9, "Bgn_Ats_26": "RBA", "Jns_Jbt_26": "STANDAR", "Thn_Bgn_26": "1991", "BA_26": "2", "LNT_26": "2", "BB_26": "2", "DAS_26": "0", "OP_26": "1", "UT_26": "0", "GR_26": "0", "LB_26": "0", "JBT_26": "2", "Tp_Lnts_26": "SUNGAI", "Dt_Lnts_26": "BERKELOK (MEANDER)", "Pnangnn_26": "RUTIN", "Pmriksn_26": "RUTIN", "Pnglola_26": "BPJN SUMATERA BARAT", "Satkr_ID26": "693876", "PPK_Name26": "PPK 2.4", "Traffic_26": null, "VCR_26": "0.114", "AADT_26": null, "Tipe_Jb_26": null, "Lat_26": -1.7777499999599999, "Long_26": 100.7815, "Tgl_Ins_26": "6\/20\/2025", "Ket_26": null }, "geometry": { "type": "Point", "coordinates": [ 100.781500000424728, -1.777749999962452 ] } },
{ "type": "Feature", "properties": { "KDRUAS_UPD": "06033", "NOJBT_UPD": "06.033.007.0", "NM_RUAS_UP": "KAMBANG - INDRAPURA", "NM_JBT_UPD": "SIKAYAN", "PROVINSI": "SUMATERA BARAT", "No_Prov_26": "06", "ID_Jbt_26": "0600439", "Kd_Ruas_26": "06033", "Suffix_26": null, "Nm_Ruas_26": "KAMBANG - INDRAPURA", "Lintas_26": "JALAN LINTAS BARAT", "No_Jbt_26": "06.033.007.0", "Nm_Jbt_26": "SIKAYAN", "Status_26": "N", "Fungsi_26": "A", "Lks_Dr_26": "PDG", "Lks_km_26": 145.0, "F_STA_26": "1410", "Cadin_26": "PIN", "Pjg_Jbt_26": 8.8, "Btg_Pjg_26": 8.8, "Jml_Btg_26": "3", "Lb_Jl_Ms26": 6.3, "Lb_Jl_Kl26": 6.3, "Lb_Lalin26": 6.3, "Lb_Bh_Ki26": 0.3, "Lb_Bh_Ka26": 0.3, "Lb_Dr_Ki26": 0.1, "Lb_Dr_Ka26": 0.1, "Lb_Tr_Ki26": 1.34, "Lb_Tr_Ka26": 1.34, "Lb_TS_Ki26": 0.0, "Lb_TS_Ka26": 0.0, "Lb_Med_26": 0.0, "Lbr_Jbt_26": 9.78, "Bgn_Ats_26": "BTP", "Jns_Jbt_26": "STANDAR", "Thn_Bgn_26": "2001", "BA_26": "1", "LNT_26": "1", "BB_26": "0", "DAS_26": "2", "OP_26": "0", "UT_26": "0", "GR_26": "0", "LB_26": "0", "JBT_26": "2", "Tp_Lnts_26": "SUNGAI", "Dt_Lnts_26": "LURUS", "Pnangnn_26": "RUTIN", "Pmriksn_26": "RUTIN", "Pnglola_26": "BPJN SUMATERA BARAT", "Satkr_ID26": "693876", "PPK_Name26": "PPK 2.4", "Traffic_26": null, "VCR_26": "0.114", "AADT_26": null, "Tipe_Jb_26": null, "Lat_26": -1.77923700019, "Long_26": 100.792894, "Tgl_Ins_26": "9\/28\/2020", "Ket_26": null }, "geometry": { "type": "Point", "coordinates": [ 100.792893999758348, -1.779237000187379 ] } },
{ "type": "Feature", "properties": { "KDRUAS_UPD": "06033", "NOJBT_UPD": "06.033.008.0", "NM_RUAS_UP": "KAMBANG - INDRAPURA", "NM_JBT_UPD": "TARATAK PANAS", "PROVINSI": "SUMATERA BARAT", "No_Prov_26": "06", "ID_Jbt_26": "0600440", "Kd_Ruas_26": "06033", "Suffix_26": null, "Nm_Ruas_26": "KAMBANG - INDRAPURA", "Lintas_26": "JALAN LINTAS BARAT", "No_Jbt_26": "06.033.008.0", "Nm_Jbt_26": "TARATAK PANAS", "Status_26": "N", "Fungsi_26": "A", "Lks_Dr_26": "PDG", "Lks_km_26": 149.17, "F_STA_26": "1850", "Cadin_26": "PIN", "Pjg_Jbt_26": 62.2, "Btg_Pjg_26": 30.5, "Jml_Btg_26": "2", "Lb_Jl_Ms26": 5.5, "Lb_Jl_Kl26": 5.5, "Lb_Lalin26": 5.5, "Lb_Bh_Ki26": 0.2, "Lb_Bh_Ka26": 0.2, "Lb_Dr_Ki26": 0.1, "Lb_Dr_Ka26": 0.1, "Lb_Tr_Ki26": 0.95, "Lb_Tr_Ka26": 0.95, "Lb_TS_Ki26": 0.0, "Lb_TS_Ka26": 0.0, "Lb_Med_26": 0.0, "Lbr_Jbt_26": 8.0, "Bgn_Ats_26": "GTP", "Jns_Jbt_26": "STANDAR", "Thn_Bgn_26": "1985", "BA_26": "2", "LNT_26": "0", "BB_26": "2", "DAS_26": "1", "OP_26": "1", "UT_26": "1", "GR_26": "0", "LB_26": "0", "JBT_26": "2", "Tp_Lnts_26": "SUNGAI", "Dt_Lnts_26": "LURUS", "Pnangnn_26": "RUTIN", "Pmriksn_26": "DETAIL", "Pnglola_26": "BPJN SUMATERA BARAT", "Satkr_ID26": "693876", "PPK_Name26": "PPK 2.4", "Traffic_26": null, "VCR_26": "0.114", "AADT_26": null, "Tipe_Jb_26": null, "Lat_26": -1.7867779999, "Long_26": 100.830333, "Tgl_Ins_26": "5\/9\/2026", "Ket_26": null }, "geometry": { "type": "Point", "coordinates": [ 100.830332999568327, -1.7867779999047 ] } },
{ "type": "Feature", "properties": { "KDRUAS_UPD": "06033", "NOJBT_UPD": "06.033.009.0", "NM_RUAS_UP": "KAMBANG - INDRAPURA", "NM_JBT_UPD": "KOTO KUI", "PROVINSI": "SUMATERA BARAT", "No_Prov_26": "06", "ID_Jbt_26": "0600441", "Kd_Ruas_26": "06033", "Suffix_26": null, "Nm_Ruas_26": "KAMBANG - INDRAPURA", "Lintas_26": "JALAN LINTAS BARAT", "No_Jbt_26": "06.033.009.0", "Nm_Jbt_26": "KOTO KUI", "Status_26": "N", "Fungsi_26": "A", "Lks_Dr_26": "PDG", "Lks_km_26": 150.8, "F_STA_26": "2000", "Cadin_26": "PIN", "Pjg_Jbt_26": 62.2, "Btg_Pjg_26": 30.5, "Jml_Btg_26": "2", "Lb_Jl_Ms26": 5.4, "Lb_Jl_Kl26": 5.4, "Lb_Lalin26": 5.4, "Lb_Bh_Ki26": 0.32, "Lb_Bh_Ka26": 0.32, "Lb_Dr_Ki26": 0.0, "Lb_Dr_Ka26": 0.0, "Lb_Tr_Ki26": 0.45, "Lb_Tr_Ka26": 0.45, "Lb_TS_Ki26": 0.53, "Lb_TS_Ka26": 0.53, "Lb_Med_26": 0.0, "Lbr_Jbt_26": 8.0, "Bgn_Ats_26": "GTP", "Jns_Jbt_26": "STANDAR", "Thn_Bgn_26": "1985", "BA_26": "1", "LNT_26": "1", "BB_26": "1", "DAS_26": "1", "OP_26": "0", "UT_26": "1", "GR_26": "0", "LB_26": "0", "JBT_26": "1", "Tp_Lnts_26": "SUNGAI", "Dt_Lnts_26": "LURUS", "Pnangnn_26": "BERKALA", "Pmriksn_26": "DETAIL", "Pnglola_26": "BPJN SUMATERA BARAT", "Satkr_ID26": "693876", "PPK_Name26": "PPK 2.4", "Traffic_26": null, "VCR_26": "0.114", "AADT_26": null, "Tipe_Jb_26": null, "Lat_26": -1.7974170003900001, "Long_26": 100.837194, "Tgl_Ins_26": "5\/9\/2026", "Ket_26": null }, "geometry": { "type": "Point", "coordinates": [ 100.837194000302929, -1.797417000394205 ] } },
{ "type": "Feature", "properties": { "KDRUAS_UPD": "06033", "NOJBT_UPD": "06.033.011.0", "NM_RUAS_UP": "KAMBANG - INDRAPURA", "NM_JBT_UPD": "BATANG LAGAN", "PROVINSI": "SUMATERA BARAT", "No_Prov_26": "06", "ID_Jbt_26": "0600443", "Kd_Ruas_26": "06033", "Suffix_26": null, "Nm_Ruas_26": "KAMBANG - INDRAPURA", "Lintas_26": "JALAN LINTAS BARAT", "No_Jbt_26": "06.033.011.0", "Nm_Jbt_26": "BATANG LAGAN", "Status_26": "N", "Fungsi_26": "A", "Lks_Dr_26": "PDG", "Lks_km_26": 159.8, "F_STA_26": "3150", "Cadin_26": "PIN", "Pjg_Jbt_26": 30.6, "Btg_Pjg_26": 30.0, "Jml_Btg_26": "1", "Lb_Jl_Ms26": 5.3, "Lb_Jl_Kl26": 5.3, "Lb_Lalin26": 5.3, "Lb_Bh_Ki26": 0.3, "Lb_Bh_Ka26": 0.3, "Lb_Dr_Ki26": 0.0, "Lb_Dr_Ka26": 0.0, "Lb_Tr_Ki26": 0.45, "Lb_Tr_Ka26": 0.45, "Lb_TS_Ki26": 0.1, "Lb_TS_Ka26": 0.1, "Lb_Med_26": 0.0, "Lbr_Jbt_26": 7.0, "Bgn_Ats_26": "GBP", "Jns_Jbt_26": "STANDAR", "Thn_Bgn_26": "1994", "BA_26": "1", "LNT_26": "1", "BB_26": "1", "DAS_26": "1", "OP_26": "0", "UT_26": "0", "GR_26": "0", "LB_26": "0", "JBT_26": "1", "Tp_Lnts_26": "SUNGAI", "Dt_Lnts_26": "LURUS", "Pnangnn_26": "RUTIN", "Pmriksn_26": "TIDAK DISURVEI", "Pnglola_26": "BPJN SUMATERA BARAT", "Satkr_ID26": "693876", "PPK_Name26": "PPK 2.4", "Traffic_26": null, "VCR_26": "0.114", "AADT_26": null, "Tipe_Jb_26": null, "Lat_26": -1.8753329998199999, "Long_26": 100.855222, "Tgl_Ins_26": "9\/28\/2020", "Ket_26": null }, "geometry": { "type": "Point", "coordinates": [ 100.855221999795504, -1.875332999818056 ] } },
{ "type": "Feature", "properties": { "KDRUAS_UPD": "06033", "NOJBT_UPD": "06.033.012.0", "NM_RUAS_UP": "KAMBANG - INDRAPURA", "NM_JBT_UPD": "TAREH PUNGGASAN", "PROVINSI": "SUMATERA BARAT", "No_Prov_26": "06", "ID_Jbt_26": "0600444", "Kd_Ruas_26": "06033", "Suffix_26": null, "Nm_Ruas_26": "KAMBANG - INDRAPURA", "Lintas_26": "JALAN LINTAS BARAT", "No_Jbt_26": "06.033.012.0", "Nm_Jbt_26": "TAREH PUNGGASAN", "Status_26": "N", "Fungsi_26": "A", "Lks_Dr_26": "PDG", "Lks_km_26": 163.9, "F_STA_26": "3290", "Cadin_26": "PIN", "Pjg_Jbt_26": 13.0, "Btg_Pjg_26": 12.5, "Jml_Btg_26": "1", "Lb_Jl_Ms26": 6.8, "Lb_Jl_Kl26": 6.8, "Lb_Lalin26": 6.8, "Lb_Bh_Ki26": 0.29, "Lb_Bh_Ka26": 0.29, "Lb_Dr_Ki26": 0.0, "Lb_Dr_Ka26": 0.0, "Lb_Tr_Ki26": 0.57, "Lb_Tr_Ka26": 0.57, "Lb_TS_Ki26": 0.0, "Lb_TS_Ka26": 0.0, "Lb_Med_26": 0.0, "Lbr_Jbt_26": 8.52, "Bgn_Ats_26": "GTP", "Jns_Jbt_26": "STANDAR", "Thn_Bgn_26": "1993", "BA_26": "1", "LNT_26": "1", "BB_26": "1", "DAS_26": "2", "OP_26": "0", "UT_26": "0", "GR_26": "0", "LB_26": "0", "JBT_26": "2", "Tp_Lnts_26": "SUNGAI", "Dt_Lnts_26": "LURUS", "Pnangnn_26": "RUTIN", "Pmriksn_26": "RUTIN", "Pnglola_26": "BPJN SUMATERA BARAT", "Satkr_ID26": "693876", "PPK_Name26": "PPK 2.4", "Traffic_26": null, "VCR_26": "0.114", "AADT_26": null, "Tipe_Jb_26": null, "Lat_26": -1.8806389998899999, "Long_26": 100.866167, "Tgl_Ins_26": "6\/16\/2021", "Ket_26": null }, "geometry": { "type": "Point", "coordinates": [ 100.866167000007124, -1.880638999889868 ] } },
{ "type": "Feature", "properties": { "KDRUAS_UPD": "06033", "NOJBT_UPD": "06.033.014.0", "NM_RUAS_UP": "KAMBANG - INDRAPURA", "NM_JBT_UPD": "AIR HAJI", "PROVINSI": "SUMATERA BARAT", "No_Prov_26": "06", "ID_Jbt_26": "0600446", "Kd_Ruas_26": "06033", "Suffix_26": null, "Nm_Ruas_26": "KAMBANG - INDRAPURA", "Lintas_26": "JALAN LINTAS BARAT", "No_Jbt_26": "06.033.014.0", "Nm_Jbt_26": "AIR HAJI", "Status_26": "N", "Fungsi_26": "A", "Lks_Dr_26": "PDG", "Lks_km_26": 166.8, "F_STA_26": "3800", "Cadin_26": "PIN", "Pjg_Jbt_26": 150.0, "Btg_Pjg_26": 62.0, "Jml_Btg_26": "3", "Lb_Jl_Ms26": 5.4, "Lb_Jl_Kl26": 5.4, "Lb_Lalin26": 5.4, "Lb_Bh_Ki26": 0.33, "Lb_Bh_Ka26": 0.33, "Lb_Dr_Ki26": 0.0, "Lb_Dr_Ka26": 0.0, "Lb_Tr_Ki26": 0.46, "Lb_Tr_Ka26": 0.46, "Lb_TS_Ki26": 0.0, "Lb_TS_Ka26": 0.0, "Lb_Med_26": 0.0, "Lbr_Jbt_26": 6.98, "Bgn_Ats_26": "RBA", "Jns_Jbt_26": "STANDAR", "Thn_Bgn_26": "1993", "BA_26": "2", "LNT_26": "1", "BB_26": "2", "DAS_26": "0", "OP_26": "2", "UT_26": "0", "GR_26": "0", "LB_26": "0", "JBT_26": "2", "Tp_Lnts_26": "SUNGAI", "Dt_Lnts_26": "LURUS", "Pnangnn_26": "RUTIN", "Pmriksn_26": "RUTIN", "Pnglola_26": "BPJN SUMATERA BARAT", "Satkr_ID26": "693876", "PPK_Name26": "PPK 2.4", "Traffic_26": null, "VCR_26": "0.114", "AADT_26": null, "Tipe_Jb_26": null, "Lat_26": -1.9207499997099999, "Long_26": 100.882722, "Tgl_Ins_26": "6\/19\/2025", "Ket_26": null }, "geometry": { "type": "Point", "coordinates": [ 100.88272199992042, -1.920749999712655 ] } },
{ "type": "Feature", "properties": { "KDRUAS_UPD": "06033", "NOJBT_UPD": "06.033.015.0", "NM_RUAS_UP": "KAMBANG - INDRAPURA", "NM_JBT_UPD": "TITIAN PATAI", "PROVINSI": "SUMATERA BARAT", "No_Prov_26": "06", "ID_Jbt_26": "0600447", "Kd_Ruas_26": "06033", "Suffix_26": null, "Nm_Ruas_26": "KAMBANG - INDRAPURA", "Lintas_26": "JALAN LINTAS BARAT", "No_Jbt_26": "06.033.015.0", "Nm_Jbt_26": "TITIAN PATAI", "Status_26": "N", "Fungsi_26": "A", "Lks_Dr_26": "PDG", "Lks_km_26": 172.96, "F_STA_26": "4240", "Cadin_26": "PIN", "Pjg_Jbt_26": 10.3, "Btg_Pjg_26": 3.0, "Jml_Btg_26": "3", "Lb_Jl_Ms26": 6.1, "Lb_Jl_Kl26": 6.1, "Lb_Lalin26": 6.1, "Lb_Bh_Ki26": 0.3, "Lb_Bh_Ka26": 0.3, "Lb_Dr_Ki26": 0.1, "Lb_Dr_Ka26": 0.1, "Lb_Tr_Ki26": 0.57, "Lb_Tr_Ka26": 0.57, "Lb_TS_Ki26": 0.28, "Lb_TS_Ka26": 0.28, "Lb_Med_26": 0.0, "Lbr_Jbt_26": 8.6, "Bgn_Ats_26": "BTP", "Jns_Jbt_26": "STANDAR", "Thn_Bgn_26": "2006", "BA_26": "1", "LNT_26": "0", "BB_26": "0", "DAS_26": "0", "OP_26": "1", "UT_26": "0", "GR_26": "2", "LB_26": "0", "JBT_26": "2", "Tp_Lnts_26": "SUNGAI", "Dt_Lnts_26": "LURUS", "Pnangnn_26": "RUTIN", "Pmriksn_26": "TIDAK DISURVEI", "Pnglola_26": "BPJN SUMATERA BARAT", "Satkr_ID26": "693876", "PPK_Name26": "PPK 2.4", "Traffic_26": null, "VCR_26": "0.114", "AADT_26": null, "Tipe_Jb_26": null, "Lat_26": -1.9493609998100001, "Long_26": 100.907333, "Tgl_Ins_26": "8\/10\/2023", "Ket_26": null }, "geometry": { "type": "Point", "coordinates": [ 100.907332999918083, -1.949360999810267 ] } },
{ "type": "Feature", "properties": { "KDRUAS_UPD": "06033", "NOJBT_UPD": "06.033.016.0", "NM_RUAS_UP": "KAMBANG - INDRAPURA", "NM_JBT_UPD": "GAJAH TAANTAK", "PROVINSI": "SUMATERA BARAT", "No_Prov_26": "06", "ID_Jbt_26": "0600448", "Kd_Ruas_26": "06033", "Suffix_26": null, "Nm_Ruas_26": "KAMBANG - INDRAPURA", "Lintas_26": "JALAN LINTAS BARAT", "No_Jbt_26": "06.033.016.0", "Nm_Jbt_26": "GAJAH TAANTAK", "Status_26": "N", "Fungsi_26": "A", "Lks_Dr_26": "PDG", "Lks_km_26": 173.6, "F_STA_26": "4300", "Cadin_26": "PIN", "Pjg_Jbt_26": 10.7, "Btg_Pjg_26": 3.0, "Jml_Btg_26": "3", "Lb_Jl_Ms26": 5.5, "Lb_Jl_Kl26": 5.5, "Lb_Lalin26": 5.5, "Lb_Bh_Ki26": 0.32, "Lb_Bh_Ka26": 0.32, "Lb_Dr_Ki26": 0.0, "Lb_Dr_Ka26": 0.0, "Lb_Tr_Ki26": 0.4, "Lb_Tr_Ka26": 0.4, "Lb_TS_Ki26": 0.28, "Lb_TS_Ka26": 0.28, "Lb_Med_26": 0.0, "Lbr_Jbt_26": 7.5, "Bgn_Ats_26": "BTP", "Jns_Jbt_26": "STANDAR", "Thn_Bgn_26": "1988", "BA_26": "1", "LNT_26": "1", "BB_26": "0", "DAS_26": "2", "OP_26": "0", "UT_26": "0", "GR_26": "0", "LB_26": "0", "JBT_26": "2", "Tp_Lnts_26": "SUNGAI", "Dt_Lnts_26": "LURUS", "Pnangnn_26": "RUTIN", "Pmriksn_26": "RUTIN", "Pnglola_26": "BPJN SUMATERA BARAT", "Satkr_ID26": "693876", "PPK_Name26": "PPK 2.4", "Traffic_26": null, "VCR_26": "0.114", "AADT_26": null, "Tipe_Jb_26": null, "Lat_26": -1.9528810002600001, "Long_26": 100.911601, "Tgl_Ins_26": "9\/28\/2020", "Ket_26": null }, "geometry": { "type": "Point", "coordinates": [ 100.911600999786344, -1.952881000257889 ] } },
{ "type": "Feature", "properties": { "KDRUAS_UPD": "06033", "NOJBT_UPD": "06.033.017.0", "NM_RUAS_UP": "KAMBANG - INDRAPURA", "NM_JBT_UPD": "SUNGAI SIRAH", "PROVINSI": "SUMATERA BARAT", "No_Prov_26": "06", "ID_Jbt_26": "0600449", "Kd_Ruas_26": "06033", "Suffix_26": null, "Nm_Ruas_26": "KAMBANG - INDRAPURA", "Lintas_26": "JALAN LINTAS BARAT", "No_Jbt_26": "06.033.017.0", "Nm_Jbt_26": "SUNGAI SIRAH", "Status_26": "N", "Fungsi_26": "A", "Lks_Dr_26": "PDG", "Lks_km_26": 175.2, "F_STA_26": "4520", "Cadin_26": "PIN", "Pjg_Jbt_26": 25.7, "Btg_Pjg_26": 25.0, "Jml_Btg_26": "1", "Lb_Jl_Ms26": 5.6, "Lb_Jl_Kl26": 5.6, "Lb_Lalin26": 5.6, "Lb_Bh_Ki26": 0.26, "Lb_Bh_Ka26": 0.26, "Lb_Dr_Ki26": 0.1, "Lb_Dr_Ka26": 0.1, "Lb_Tr_Ki26": 0.23, "Lb_Tr_Ka26": 0.23, "Lb_TS_Ki26": 0.11, "Lb_TS_Ka26": 0.11, "Lb_Med_26": 0.0, "Lbr_Jbt_26": 7.0, "Bgn_Ats_26": "GBP", "Jns_Jbt_26": "STANDAR", "Thn_Bgn_26": "1993", "BA_26": "1", "LNT_26": "1", "BB_26": "1", "DAS_26": "1", "OP_26": "0", "UT_26": "0", "GR_26": "0", "LB_26": "0", "JBT_26": "1", "Tp_Lnts_26": "SUNGAI", "Dt_Lnts_26": "LURUS", "Pnangnn_26": "RUTIN", "Pmriksn_26": "TIDAK DISURVEI", "Pnglola_26": "BPJN SUMATERA BARAT", "Satkr_ID26": "693876", "PPK_Name26": "PPK 2.4", "Traffic_26": null, "VCR_26": "0.114", "AADT_26": null, "Tipe_Jb_26": null, "Lat_26": -1.9679720001100001, "Long_26": 100.922806, "Tgl_Ins_26": "9\/28\/2020", "Ket_26": null }, "geometry": { "type": "Point", "coordinates": [ 100.92280600029676, -1.967972000107693 ] } },
{ "type": "Feature", "properties": { "KDRUAS_UPD": "06033", "NOJBT_UPD": "06.033.018.0", "NM_RUAS_UP": "KAMBANG - INDRAPURA", "NM_JBT_UPD": "BANTAIAN", "PROVINSI": "SUMATERA BARAT", "No_Prov_26": "06", "ID_Jbt_26": "0600450", "Kd_Ruas_26": "06033", "Suffix_26": null, "Nm_Ruas_26": "KAMBANG - INDRAPURA", "Lintas_26": "JALAN LINTAS BARAT", "No_Jbt_26": "06.033.018.0", "Nm_Jbt_26": "BANTAIAN", "Status_26": "N", "Fungsi_26": "A", "Lks_Dr_26": "PDG", "Lks_km_26": 176.3, "F_STA_26": "4590", "Cadin_26": "PIN", "Pjg_Jbt_26": 25.6, "Btg_Pjg_26": 25.0, "Jml_Btg_26": "1", "Lb_Jl_Ms26": 5.4, "Lb_Jl_Kl26": 5.4, "Lb_Lalin26": 5.4, "Lb_Bh_Ki26": 0.37, "Lb_Bh_Ka26": 0.37, "Lb_Dr_Ki26": 0.0, "Lb_Dr_Ka26": 0.0, "Lb_Tr_Ki26": 0.46, "Lb_Tr_Ka26": 0.46, "Lb_TS_Ki26": 0.0, "Lb_TS_Ka26": 0.0, "Lb_Med_26": 0.0, "Lbr_Jbt_26": 7.06, "Bgn_Ats_26": "GBP", "Jns_Jbt_26": "STANDAR", "Thn_Bgn_26": "1993", "BA_26": "1", "LNT_26": "1", "BB_26": "1", "DAS_26": "2", "OP_26": "0", "UT_26": "0", "GR_26": "0", "LB_26": "0", "JBT_26": "2", "Tp_Lnts_26": "SUNGAI", "Dt_Lnts_26": "LURUS", "Pnangnn_26": "RUTIN", "Pmriksn_26": "RUTIN", "Pnglola_26": "BPJN SUMATERA BARAT", "Satkr_ID26": "693876", "PPK_Name26": "PPK 2.4", "Traffic_26": null, "VCR_26": "0.114", "AADT_26": null, "Tipe_Jb_26": null, "Lat_26": -1.97066700028, "Long_26": 100.927861, "Tgl_Ins_26": "9\/28\/2020", "Ket_26": null }, "geometry": { "type": "Point", "coordinates": [ 100.927860999585505, -1.970667000281765 ] } },
{ "type": "Feature", "properties": { "KDRUAS_UPD": "06033", "NOJBT_UPD": "06.033.019.0", "NM_RUAS_UP": "KAMBANG - INDRAPURA", "NM_JBT_UPD": "PALOKAN", "PROVINSI": "SUMATERA BARAT", "No_Prov_26": "06", "ID_Jbt_26": "0600451", "Kd_Ruas_26": "06033", "Suffix_26": null, "Nm_Ruas_26": "KAMBANG - INDRAPURA", "Lintas_26": "JALAN LINTAS BARAT", "No_Jbt_26": "06.033.019.0", "Nm_Jbt_26": "PALOKAN", "Status_26": "N", "Fungsi_26": "A", "Lks_Dr_26": "PDG", "Lks_km_26": 182.05, "F_STA_26": "5150", "Cadin_26": "PIN", "Pjg_Jbt_26": 10.3, "Btg_Pjg_26": 5.0, "Jml_Btg_26": "2", "Lb_Jl_Ms26": 6.8, "Lb_Jl_Kl26": 6.8, "Lb_Lalin26": 6.8, "Lb_Bh_Ki26": 0.38, "Lb_Bh_Ka26": 0.38, "Lb_Dr_Ki26": 0.0, "Lb_Dr_Ka26": 0.0, "Lb_Tr_Ki26": 0.47, "Lb_Tr_Ka26": 0.47, "Lb_TS_Ki26": 0.9, "Lb_TS_Ka26": 0.9, "Lb_Med_26": 0.0, "Lbr_Jbt_26": 10.3, "Bgn_Ats_26": "BTP", "Jns_Jbt_26": "STANDAR", "Thn_Bgn_26": "2001", "BA_26": "2", "LNT_26": "2", "BB_26": "0", "DAS_26": "2", "OP_26": "2", "UT_26": "0", "GR_26": "2", "LB_26": "0", "JBT_26": "2", "Tp_Lnts_26": "SUNGAI", "Dt_Lnts_26": "LURUS", "Pnangnn_26": "RUTIN", "Pmriksn_26": "RUTIN", "Pnglola_26": "BPJN SUMATERA BARAT", "Satkr_ID26": "693876", "PPK_Name26": "PPK 2.4", "Traffic_26": null, "VCR_26": "0.114", "AADT_26": null, "Tipe_Jb_26": null, "Lat_26": -2.00972199997, "Long_26": 100.954611, "Tgl_Ins_26": "6\/24\/2024", "Ket_26": null }, "geometry": { "type": "Point", "coordinates": [ 100.954611000197588, -2.009721999970282 ] } },
{ "type": "Feature", "properties": { "KDRUAS_UPD": "06033", "NOJBT_UPD": "06.033.020.0", "NM_RUAS_UP": "KAMBANG - INDRAPURA", "NM_JBT_UPD": "AIR BATU", "PROVINSI": "SUMATERA BARAT", "No_Prov_26": "06", "ID_Jbt_26": "0600452", "Kd_Ruas_26": "06033", "Suffix_26": null, "Nm_Ruas_26": "KAMBANG - INDRAPURA", "Lintas_26": "JALAN LINTAS BARAT", "No_Jbt_26": "06.033.020.0", "Nm_Jbt_26": "AIR BATU", "Status_26": "N", "Fungsi_26": "A", "Lks_Dr_26": "PDG", "Lks_km_26": 183.02, "F_STA_26": "5250", "Cadin_26": "PIN", "Pjg_Jbt_26": 9.1, "Btg_Pjg_26": 9.1, "Jml_Btg_26": "3", "Lb_Jl_Ms26": 6.2, "Lb_Jl_Kl26": 6.2, "Lb_Lalin26": 6.2, "Lb_Bh_Ki26": 0.37, "Lb_Bh_Ka26": 0.37, "Lb_Dr_Ki26": 0.0, "Lb_Dr_Ka26": 0.0, "Lb_Tr_Ki26": 1.39, "Lb_Tr_Ka26": 1.39, "Lb_TS_Ki26": 0.0, "Lb_TS_Ka26": 0.0, "Lb_Med_26": 0.0, "Lbr_Jbt_26": 9.72, "Bgn_Ats_26": "BTP", "Jns_Jbt_26": "STANDAR", "Thn_Bgn_26": "1997", "BA_26": "2", "LNT_26": "2", "BB_26": "0", "DAS_26": "1", "OP_26": "2", "UT_26": "0", "GR_26": "2", "LB_26": "0", "JBT_26": "2", "Tp_Lnts_26": "SUNGAI", "Dt_Lnts_26": "BERKELOK (MEANDER)", "Pnangnn_26": "BERKALA", "Pmriksn_26": "RUTIN", "Pnglola_26": "BPJN SUMATERA BARAT", "Satkr_ID26": "693876", "PPK_Name26": "PPK 2.4", "Traffic_26": null, "VCR_26": "0.114", "AADT_26": null, "Tipe_Jb_26": null, "Lat_26": -2.0152779998799999, "Long_26": 100.959667, "Tgl_Ins_26": "6\/27\/2023", "Ket_26": null }, "geometry": { "type": "Point", "coordinates": [ 100.959667000431807, -2.015277999879743 ] } },
{ "type": "Feature", "properties": { "KDRUAS_UPD": "06033", "NOJBT_UPD": "06.033.021.0", "NM_RUAS_UP": "KAMBANG - INDRAPURA", "NM_JBT_UPD": "AIR BETUNG", "PROVINSI": "SUMATERA BARAT", "No_Prov_26": "06", "ID_Jbt_26": "0600453", "Kd_Ruas_26": "06033", "Suffix_26": null, "Nm_Ruas_26": "KAMBANG - INDRAPURA", "Lintas_26": "JALAN LINTAS BARAT", "No_Jbt_26": "06.033.021.0", "Nm_Jbt_26": "AIR BETUNG", "Status_26": "N", "Fungsi_26": "A", "Lks_Dr_26": "PDG", "Lks_km_26": 187.42, "F_STA_26": "5700", "Cadin_26": "PIN", "Pjg_Jbt_26": 103.8, "Btg_Pjg_26": 61.6, "Jml_Btg_26": "2", "Lb_Jl_Ms26": 5.4, "Lb_Jl_Kl26": 5.4, "Lb_Lalin26": 5.4, "Lb_Bh_Ki26": 0.37, "Lb_Bh_Ka26": 0.37, "Lb_Dr_Ki26": 0.0, "Lb_Dr_Ka26": 0.0, "Lb_Tr_Ki26": 0.44, "Lb_Tr_Ka26": 0.44, "Lb_TS_Ki26": 0.0, "Lb_TS_Ka26": 0.0, "Lb_Med_26": 0.0, "Lbr_Jbt_26": 7.02, "Bgn_Ats_26": "RBA", "Jns_Jbt_26": "STANDAR", "Thn_Bgn_26": "1988", "BA_26": "2", "LNT_26": "2", "BB_26": "2", "DAS_26": "2", "OP_26": "0", "UT_26": "0", "GR_26": "0", "LB_26": "0", "JBT_26": "2", "Tp_Lnts_26": "SUNGAI", "Dt_Lnts_26": "BERKELOK (MEANDER)", "Pnangnn_26": "RUTIN", "Pmriksn_26": "RUTIN", "Pnglola_26": "BPJN SUMATERA BARAT", "Satkr_ID26": "693876", "PPK_Name26": "PPK 2.4", "Traffic_26": null, "VCR_26": "0.114", "AADT_26": null, "Tipe_Jb_26": null, "Lat_26": -2.0515000002199999, "Long_26": 100.957222, "Tgl_Ins_26": "6\/18\/2025", "Ket_26": null }, "geometry": { "type": "Point", "coordinates": [ 100.957222000095271, -2.051500000224792 ] } },
{ "type": "Feature", "properties": { "KDRUAS_UPD": "06034", "NOJBT_UPD": "06.034.001.0", "NM_RUAS_UP": "INDRAPURA - TAPAN", "NM_JBT_UPD": "INDRAPURA", "PROVINSI": "SUMATERA BARAT", "No_Prov_26": "06", "ID_Jbt_26": "0600454", "Kd_Ruas_26": "06034", "Suffix_26": null, "Nm_Ruas_26": "INDRAPURA - TAPAN", "Lintas_26": "JALAN LINTAS BARAT", "No_Jbt_26": "06.034.001.0", "Nm_Jbt_26": "INDRAPURA", "Status_26": "N", "Fungsi_26": "A", "Lks_Dr_26": "PDG", "Lks_km_26": 181.7, "F_STA_26": "50", "Cadin_26": "PIN", "Pjg_Jbt_26": 9.5, "Btg_Pjg_26": 4.5, "Jml_Btg_26": "2", "Lb_Jl_Ms26": 6.4, "Lb_Jl_Kl26": 6.4, "Lb_Lalin26": 6.4, "Lb_Bh_Ki26": 0.76, "Lb_Bh_Ka26": 0.76, "Lb_Dr_Ki26": 0.0, "Lb_Dr_Ka26": 0.0, "Lb_Tr_Ki26": 0.6, "Lb_Tr_Ka26": 0.6, "Lb_TS_Ki26": 0.0, "Lb_TS_Ka26": 0.0, "Lb_Med_26": 0.0, "Lbr_Jbt_26": 9.12, "Bgn_Ats_26": "PTP", "Jns_Jbt_26": "STANDAR", "Thn_Bgn_26": "1993", "BA_26": "1", "LNT_26": "1", "BB_26": "0", "DAS_26": "2", "OP_26": "0", "UT_26": "0", "GR_26": "0", "LB_26": "0", "JBT_26": "2", "Tp_Lnts_26": "SUNGAI", "Dt_Lnts_26": "LURUS", "Pnangnn_26": "RUTIN", "Pmriksn_26": "RUTIN", "Pnglola_26": "BPJN SUMATERA BARAT", "Satkr_ID26": "693876", "PPK_Name26": "PPK 2.4", "Traffic_26": null, "VCR_26": "0.142", "AADT_26": null, "Tipe_Jb_26": null, "Lat_26": -2.0510759357100001, "Long_26": 100.96419525100001, "Tgl_Ins_26": "9\/28\/2020", "Ket_26": null }, "geometry": { "type": "Point", "coordinates": [ 100.964195250610373, -2.051075935705796 ] } },
{ "type": "Feature", "properties": { "KDRUAS_UPD": "06034", "NOJBT_UPD": "06.034.003.0", "NM_RUAS_UP": "INDRAPURA - TAPAN", "NM_JBT_UPD": "SUNGAI TEGUH GADANG", "PROVINSI": "SUMATERA BARAT", "No_Prov_26": "06", "ID_Jbt_26": "0600456", "Kd_Ruas_26": "06034", "Suffix_26": null, "Nm_Ruas_26": "INDRAPURA - TAPAN", "Lintas_26": "JALAN LINTAS BARAT", "No_Jbt_26": "06.034.003.0", "Nm_Jbt_26": "SUNGAI TEGUH GADANG", "Status_26": "N", "Fungsi_26": "A", "Lks_Dr_26": "PDG", "Lks_km_26": 190.7, "F_STA_26": "260", "Cadin_26": "PIN", "Pjg_Jbt_26": 20.6, "Btg_Pjg_26": 20.0, "Jml_Btg_26": "1", "Lb_Jl_Ms26": 5.4, "Lb_Jl_Kl26": 5.4, "Lb_Lalin26": 5.4, "Lb_Bh_Ki26": 0.32, "Lb_Bh_Ka26": 0.32, "Lb_Dr_Ki26": 0.0, "Lb_Dr_Ka26": 0.0, "Lb_Tr_Ki26": 0.46, "Lb_Tr_Ka26": 0.46, "Lb_TS_Ki26": 0.0, "Lb_TS_Ka26": 0.0, "Lb_Med_26": 0.0, "Lbr_Jbt_26": 6.96, "Bgn_Ats_26": "GBP", "Jns_Jbt_26": "STANDAR", "Thn_Bgn_26": "1993", "BA_26": "1", "LNT_26": "1", "BB_26": "1", "DAS_26": "1", "OP_26": "0", "UT_26": "0", "GR_26": "0", "LB_26": "0", "JBT_26": "1", "Tp_Lnts_26": "SUNGAI", "Dt_Lnts_26": "LURUS", "Pnangnn_26": "RUTIN", "Pmriksn_26": "TIDAK DISURVEI", "Pnglola_26": "BPJN SUMATERA BARAT", "Satkr_ID26": "693876", "PPK_Name26": "PPK 2.4", "Traffic_26": null, "VCR_26": "0.142", "AADT_26": null, "Tipe_Jb_26": null, "Lat_26": -2.0461111069400002, "Long_26": 100.98163604700001, "Tgl_Ins_26": "9\/28\/2020", "Ket_26": null }, "geometry": { "type": "Point", "coordinates": [ 100.981636046766198, -2.046111106941964 ] } },
{ "type": "Feature", "properties": { "KDRUAS_UPD": "06034", "NOJBT_UPD": "06.034.004.0", "NM_RUAS_UP": "INDRAPURA - TAPAN", "NM_JBT_UPD": "SUNGAI TEGUH KECIL", "PROVINSI": "SUMATERA BARAT", "No_Prov_26": "06", "ID_Jbt_26": "0600457", "Kd_Ruas_26": "06034", "Suffix_26": null, "Nm_Ruas_26": "INDRAPURA - TAPAN", "Lintas_26": "JALAN LINTAS BARAT", "No_Jbt_26": "06.034.004.0", "Nm_Jbt_26": "SUNGAI TEGUH KECIL", "Status_26": "N", "Fungsi_26": "A", "Lks_Dr_26": "PDG", "Lks_km_26": 191.2, "F_STA_26": "310", "Cadin_26": "PIN", "Pjg_Jbt_26": 10.2, "Btg_Pjg_26": 3.0, "Jml_Btg_26": "3", "Lb_Jl_Ms26": 6.3, "Lb_Jl_Kl26": 6.3, "Lb_Lalin26": 6.3, "Lb_Bh_Ki26": 0.17, "Lb_Bh_Ka26": 0.17, "Lb_Dr_Ki26": 0.14, "Lb_Dr_Ka26": 0.14, "Lb_Tr_Ki26": 1.34, "Lb_Tr_Ka26": 1.34, "Lb_TS_Ki26": 0.1, "Lb_TS_Ka26": 0.1, "Lb_Med_26": 0.0, "Lbr_Jbt_26": 9.8, "Bgn_Ats_26": "BTP", "Jns_Jbt_26": "STANDAR", "Thn_Bgn_26": "1993", "BA_26": "1", "LNT_26": "0", "BB_26": "0", "DAS_26": "0", "OP_26": "0", "UT_26": "0", "GR_26": "2", "LB_26": "0", "JBT_26": "2", "Tp_Lnts_26": "SUNGAI", "Dt_Lnts_26": "LURUS", "Pnangnn_26": "RUTIN", "Pmriksn_26": "RUTIN", "Pnglola_26": "BPJN SUMATERA BARAT", "Satkr_ID26": "693876", "PPK_Name26": "PPK 2.4", "Traffic_26": null, "VCR_26": "0.142", "AADT_26": null, "Tipe_Jb_26": null, "Lat_26": -2.0450830460499998, "Long_26": 100.985610962, "Tgl_Ins_26": "8\/3\/2022", "Ket_26": null }, "geometry": { "type": "Point", "coordinates": [ 100.985610962076294, -2.045083046045704 ] } },
{ "type": "Feature", "properties": { "KDRUAS_UPD": "06034", "NOJBT_UPD": "06.034.005.0", "NM_RUAS_UP": "INDRAPURA - TAPAN", "NM_JBT_UPD": "SUNGAI BATANG", "PROVINSI": "SUMATERA BARAT", "No_Prov_26": "06", "ID_Jbt_26": "0600458", "Kd_Ruas_26": "06034", "Suffix_26": null, "Nm_Ruas_26": "INDRAPURA - TAPAN", "Lintas_26": "JALAN LINTAS BARAT", "No_Jbt_26": "06.034.005.0", "Nm_Jbt_26": "SUNGAI BATANG", "Status_26": "N", "Fungsi_26": "A", "Lks_Dr_26": "PDG", "Lks_km_26": 194.7, "F_STA_26": "660", "Cadin_26": "PIN", "Pjg_Jbt_26": 30.7, "Btg_Pjg_26": 30.0, "Jml_Btg_26": "1", "Lb_Jl_Ms26": 5.4, "Lb_Jl_Kl26": 5.4, "Lb_Lalin26": 5.4, "Lb_Bh_Ki26": 0.34, "Lb_Bh_Ka26": 0.34, "Lb_Dr_Ki26": 0.0, "Lb_Dr_Ka26": 0.0, "Lb_Tr_Ki26": 0.47, "Lb_Tr_Ka26": 0.47, "Lb_TS_Ki26": 0.0, "Lb_TS_Ka26": 0.0, "Lb_Med_26": 0.0, "Lbr_Jbt_26": 7.02, "Bgn_Ats_26": "GBP", "Jns_Jbt_26": "STANDAR", "Thn_Bgn_26": "1983", "BA_26": "2", "LNT_26": "2", "BB_26": "2", "DAS_26": "0", "OP_26": "0", "UT_26": "0", "GR_26": "0", "LB_26": "0", "JBT_26": "2", "Tp_Lnts_26": "SUNGAI", "Dt_Lnts_26": "LURUS", "Pnangnn_26": "RUTIN", "Pmriksn_26": "RUTIN", "Pnglola_26": "BPJN SUMATERA BARAT", "Satkr_ID26": "693876", "PPK_Name26": "PPK 2.4", "Traffic_26": null, "VCR_26": "0.142", "AADT_26": null, "Tipe_Jb_26": null, "Lat_26": -2.0547499657400001, "Long_26": 101.01030731199999, "Tgl_Ins_26": "6\/24\/2024", "Ket_26": null }, "geometry": { "type": "Point", "coordinates": [ 101.010307312232726, -2.054749965738267 ] } },
{ "type": "Feature", "properties": { "KDRUAS_UPD": "06034", "NOJBT_UPD": "06.034.006.0", "NM_RUAS_UP": "INDRAPURA - TAPAN", "NM_JBT_UPD": "TAPAN KECIL", "PROVINSI": "SUMATERA BARAT", "No_Prov_26": "06", "ID_Jbt_26": "0600459", "Kd_Ruas_26": "06034", "Suffix_26": null, "Nm_Ruas_26": "INDRAPURA - TAPAN", "Lintas_26": "JALAN LINTAS BARAT", "No_Jbt_26": "06.034.006.0", "Nm_Jbt_26": "TAPAN KECIL", "Status_26": "N", "Fungsi_26": "A", "Lks_Dr_26": "PDG", "Lks_km_26": 195.2, "F_STA_26": "700", "Cadin_26": "PIN", "Pjg_Jbt_26": 41.1, "Btg_Pjg_26": 40.5, "Jml_Btg_26": "1", "Lb_Jl_Ms26": 5.8, "Lb_Jl_Kl26": 5.8, "Lb_Lalin26": 5.8, "Lb_Bh_Ki26": 0.36, "Lb_Bh_Ka26": 0.36, "Lb_Dr_Ki26": 0.0, "Lb_Dr_Ka26": 0.0, "Lb_Tr_Ki26": 0.45, "Lb_Tr_Ka26": 0.45, "Lb_TS_Ki26": 0.0, "Lb_TS_Ka26": 0.0, "Lb_Med_26": 0.0, "Lbr_Jbt_26": 7.42, "Bgn_Ats_26": "RBA", "Jns_Jbt_26": "STANDAR", "Thn_Bgn_26": "1993", "BA_26": "2", "LNT_26": "1", "BB_26": "2", "DAS_26": "0", "OP_26": "2", "UT_26": "0", "GR_26": "0", "LB_26": "0", "JBT_26": "2", "Tp_Lnts_26": "SUNGAI", "Dt_Lnts_26": "LURUS", "Pnangnn_26": "RUTIN", "Pmriksn_26": "RUTIN", "Pnglola_26": "BPJN SUMATERA BARAT", "Satkr_ID26": "693876", "PPK_Name26": "PPK 2.4", "Traffic_26": null, "VCR_26": "0.142", "AADT_26": null, "Tipe_Jb_26": null, "Lat_26": -2.0528330805800001, "Long_26": 101.01396942100001, "Tgl_Ins_26": "6\/17\/2025", "Ket_26": null }, "geometry": { "type": "Point", "coordinates": [ 101.013969420852163, -2.052833080582161 ] } },
{ "type": "Feature", "properties": { "KDRUAS_UPD": "06034", "NOJBT_UPD": "06.034.007.0", "NM_RUAS_UP": "INDRAPURA - TAPAN", "NM_JBT_UPD": "SUNGAI GEMURUH", "PROVINSI": "SUMATERA BARAT", "No_Prov_26": "06", "ID_Jbt_26": "0600460", "Kd_Ruas_26": "06034", "Suffix_26": null, "Nm_Ruas_26": "INDRAPURA - TAPAN", "Lintas_26": "JALAN LINTAS BARAT", "No_Jbt_26": "06.034.007.0", "Nm_Jbt_26": "SUNGAI GEMURUH", "Status_26": "N", "Fungsi_26": "A", "Lks_Dr_26": "PDG", "Lks_km_26": 195.9, "F_STA_26": "780", "Cadin_26": "PIN", "Pjg_Jbt_26": 9.3, "Btg_Pjg_26": 9.0, "Jml_Btg_26": "1", "Lb_Jl_Ms26": 6.2, "Lb_Jl_Kl26": 6.2, "Lb_Lalin26": 6.2, "Lb_Bh_Ki26": 0.35, "Lb_Bh_Ka26": 0.35, "Lb_Dr_Ki26": 0.14, "Lb_Dr_Ka26": 0.14, "Lb_Tr_Ki26": 1.26, "Lb_Tr_Ka26": 1.26, "Lb_TS_Ki26": 0.0, "Lb_TS_Ka26": 0.0, "Lb_Med_26": 0.0, "Lbr_Jbt_26": 9.7, "Bgn_Ats_26": "GTP", "Jns_Jbt_26": "STANDAR", "Thn_Bgn_26": "2001", "BA_26": "1", "LNT_26": "1", "BB_26": "2", "DAS_26": "1", "OP_26": "0", "UT_26": "0", "GR_26": "0", "LB_26": "0", "JBT_26": "2", "Tp_Lnts_26": "SUNGAI", "Dt_Lnts_26": "LURUS", "Pnangnn_26": "RUTIN", "Pmriksn_26": "RUTIN", "Pnglola_26": "BPJN SUMATERA BARAT", "Satkr_ID26": "693876", "PPK_Name26": "PPK 2.4", "Traffic_26": null, "VCR_26": "0.142", "AADT_26": null, "Tipe_Jb_26": null, "Lat_26": -2.05069398914, "Long_26": 101.020385742, "Tgl_Ins_26": "6\/9\/2021", "Ket_26": null }, "geometry": { "type": "Point", "coordinates": [ 101.020385741908513, -2.050693989136221 ] } },
{ "type": "Feature", "properties": { "KDRUAS_UPD": "06034", "NOJBT_UPD": "06.034.008.0", "NM_RUAS_UP": "INDRAPURA - TAPAN", "NM_JBT_UPD": "BATANG PANJANG", "PROVINSI": "SUMATERA BARAT", "No_Prov_26": "06", "ID_Jbt_26": "0600461", "Kd_Ruas_26": "06034", "Suffix_26": null, "Nm_Ruas_26": "INDRAPURA - TAPAN", "Lintas_26": "JALAN LINTAS BARAT", "No_Jbt_26": "06.034.008.0", "Nm_Jbt_26": "BATANG PANJANG", "Status_26": "N", "Fungsi_26": "A", "Lks_Dr_26": "PDG", "Lks_km_26": 198.5, "F_STA_26": "1020", "Cadin_26": "PIN", "Pjg_Jbt_26": 22.1, "Btg_Pjg_26": 21.5, "Jml_Btg_26": "1", "Lb_Jl_Ms26": 6.4, "Lb_Jl_Kl26": 6.4, "Lb_Lalin26": 6.4, "Lb_Bh_Ki26": 0.29, "Lb_Bh_Ka26": 0.29, "Lb_Dr_Ki26": 0.11, "Lb_Dr_Ka26": 0.11, "Lb_Tr_Ki26": 0.95, "Lb_Tr_Ka26": 0.95, "Lb_TS_Ki26": 0.2, "Lb_TS_Ka26": 0.2, "Lb_Med_26": 0.0, "Lbr_Jbt_26": 9.5, "Bgn_Ats_26": "GBP", "Jns_Jbt_26": "STANDAR", "Thn_Bgn_26": "2002", "BA_26": "2", "LNT_26": "2", "BB_26": "1", "DAS_26": "1", "OP_26": "0", "UT_26": "0", "GR_26": "0", "LB_26": "0", "JBT_26": "2", "Tp_Lnts_26": "SUNGAI", "Dt_Lnts_26": "LURUS", "Pnangnn_26": "RUTIN", "Pmriksn_26": "RUTIN", "Pnglola_26": "BPJN SUMATERA BARAT", "Satkr_ID26": "693876", "PPK_Name26": "PPK 2.4", "Traffic_26": null, "VCR_26": "0.142", "AADT_26": null, "Tipe_Jb_26": null, "Lat_26": -2.0618889334300001, "Long_26": 101.036079407, "Tgl_Ins_26": "10\/1\/2022", "Ket_26": null }, "geometry": { "type": "Point", "coordinates": [ 101.036079407138971, -2.061888933427497 ] } },
{ "type": "Feature", "properties": { "KDRUAS_UPD": "06034", "NOJBT_UPD": "06.034.009.0", "NM_RUAS_UP": "INDRAPURA - TAPAN", "NM_JBT_UPD": "SUNGAI KUYUNG", "PROVINSI": "SUMATERA BARAT", "No_Prov_26": "06", "ID_Jbt_26": "0600462", "Kd_Ruas_26": "06034", "Suffix_26": null, "Nm_Ruas_26": "INDRAPURA - TAPAN", "Lintas_26": "JALAN LINTAS BARAT", "No_Jbt_26": "06.034.009.0", "Nm_Jbt_26": "SUNGAI KUYUNG", "Status_26": "N", "Fungsi_26": "A", "Lks_Dr_26": "PDG", "Lks_km_26": 198.75, "F_STA_26": "1060", "Cadin_26": "PIN", "Pjg_Jbt_26": 13.3, "Btg_Pjg_26": 13.3, "Jml_Btg_26": "3", "Lb_Jl_Ms26": 6.2, "Lb_Jl_Kl26": 6.2, "Lb_Lalin26": 6.2, "Lb_Bh_Ki26": 0.35, "Lb_Bh_Ka26": 0.35, "Lb_Dr_Ki26": 0.0, "Lb_Dr_Ka26": 0.0, "Lb_Tr_Ki26": 0.0, "Lb_Tr_Ka26": 0.0, "Lb_TS_Ki26": 0.0, "Lb_TS_Ka26": 0.0, "Lb_Med_26": 0.0, "Lbr_Jbt_26": 6.9, "Bgn_Ats_26": "BTP", "Jns_Jbt_26": "STANDAR", "Thn_Bgn_26": "2006", "BA_26": "2", "LNT_26": "0", "BB_26": "0", "DAS_26": "2", "OP_26": "0", "UT_26": "0", "GR_26": "2", "LB_26": "0", "JBT_26": "2", "Tp_Lnts_26": "SUNGAI", "Dt_Lnts_26": "LURUS", "Pnangnn_26": "BERKALA", "Pmriksn_26": "RUTIN", "Pnglola_26": "BPJN SUMATERA BARAT", "Satkr_ID26": "693876", "PPK_Name26": "PPK 2.4", "Traffic_26": null, "VCR_26": "0.142", "AADT_26": null, "Tipe_Jb_26": null, "Lat_26": -2.0650401111100001, "Long_26": 101.037475586, "Tgl_Ins_26": "7\/5\/2024", "Ket_26": null }, "geometry": { "type": "Point", "coordinates": [ 101.037475585729737, -2.065040111112182 ] } },
{ "type": "Feature", "properties": { "KDRUAS_UPD": "06034", "NOJBT_UPD": "06.034.010.0", "NM_RUAS_UP": "INDRAPURA - TAPAN", "NM_JBT_UPD": "RAWANG NIKE", "PROVINSI": "SUMATERA BARAT", "No_Prov_26": "06", "ID_Jbt_26": "0600463", "Kd_Ruas_26": "06034", "Suffix_26": null, "Nm_Ruas_26": "INDRAPURA - TAPAN", "Lintas_26": "JALAN LINTAS BARAT", "No_Jbt_26": "06.034.010.0", "Nm_Jbt_26": "RAWANG NIKE", "Status_26": "N", "Fungsi_26": "A", "Lks_Dr_26": "PDG", "Lks_km_26": 199.8, "F_STA_26": "1170", "Cadin_26": "PIN", "Pjg_Jbt_26": 7.0, "Btg_Pjg_26": 7.0, "Jml_Btg_26": "2", "Lb_Jl_Ms26": 6.2, "Lb_Jl_Kl26": 6.2, "Lb_Lalin26": 6.2, "Lb_Bh_Ki26": 0.31, "Lb_Bh_Ka26": 0.31, "Lb_Dr_Ki26": 0.2, "Lb_Dr_Ka26": 0.2, "Lb_Tr_Ki26": 0.0, "Lb_Tr_Ka26": 0.0, "Lb_TS_Ki26": 0.0, "Lb_TS_Ka26": 0.0, "Lb_Med_26": 0.0, "Lbr_Jbt_26": 7.22, "Bgn_Ats_26": "BTP", "Jns_Jbt_26": "STANDAR", "Thn_Bgn_26": "2008", "BA_26": "2", "LNT_26": "0", "BB_26": "0", "DAS_26": "2", "OP_26": "1", "UT_26": "0", "GR_26": "2", "LB_26": "0", "JBT_26": "2", "Tp_Lnts_26": "SUNGAI", "Dt_Lnts_26": "BERKELOK (MEANDER)", "Pnangnn_26": "RUTIN", "Pmriksn_26": "TIDAK DISURVEI", "Pnglola_26": "BPJN SUMATERA BARAT", "Satkr_ID26": "693876", "PPK_Name26": "PPK 2.4", "Traffic_26": null, "VCR_26": "0.142", "AADT_26": null, "Tipe_Jb_26": null, "Lat_26": -2.0716669562600001, "Long_26": 101.043304443, "Tgl_Ins_26": "6\/27\/2023", "Ket_26": null }, "geometry": { "type": "Point", "coordinates": [ 101.04330444264599, -2.071666956264949 ] } },
{ "type": "Feature", "properties": { "KDRUAS_UPD": "06034", "NOJBT_UPD": "06.034.011.0", "NM_RUAS_UP": "INDRAPURA - TAPAN", "NM_JBT_UPD": "RUANG BUBUR", "PROVINSI": "SUMATERA BARAT", "No_Prov_26": "06", "ID_Jbt_26": "0600464", "Kd_Ruas_26": "06034", "Suffix_26": null, "Nm_Ruas_26": "INDRAPURA - TAPAN", "Lintas_26": "JALAN LINTAS BARAT", "No_Jbt_26": "06.034.011.0", "Nm_Jbt_26": "RUANG BUBUR", "Status_26": "N", "Fungsi_26": "A", "Lks_Dr_26": "PDG", "Lks_km_26": 201.8, "F_STA_26": "1320", "Cadin_26": "PIN", "Pjg_Jbt_26": 7.0, "Btg_Pjg_26": 7.0, "Jml_Btg_26": "2", "Lb_Jl_Ms26": 6.3, "Lb_Jl_Kl26": 6.3, "Lb_Lalin26": 6.3, "Lb_Bh_Ki26": 0.38, "Lb_Bh_Ka26": 0.38, "Lb_Dr_Ki26": 0.0, "Lb_Dr_Ka26": 0.0, "Lb_Tr_Ki26": 0.19, "Lb_Tr_Ka26": 0.19, "Lb_TS_Ki26": 0.28, "Lb_TS_Ka26": 0.28, "Lb_Med_26": 0.0, "Lbr_Jbt_26": 8.0, "Bgn_Ats_26": "BTP", "Jns_Jbt_26": "STANDAR", "Thn_Bgn_26": "2009", "BA_26": "1", "LNT_26": "1", "BB_26": "0", "DAS_26": "0", "OP_26": "2", "UT_26": "0", "GR_26": "2", "LB_26": "0", "JBT_26": "2", "Tp_Lnts_26": "SUNGAI", "Dt_Lnts_26": "BERKELOK (MEANDER)", "Pnangnn_26": "RUTIN", "Pmriksn_26": "TIDAK DISURVEI", "Pnglola_26": "BPJN SUMATERA BARAT", "Satkr_ID26": "693876", "PPK_Name26": "PPK 2.4", "Traffic_26": null, "VCR_26": "0.142", "AADT_26": null, "Tipe_Jb_26": null, "Lat_26": -2.0821108821099998, "Long_26": 101.048164368, "Tgl_Ins_26": "6\/27\/2023", "Ket_26": null }, "geometry": { "type": "Point", "coordinates": [ 101.048164368191124, -2.082110882111465 ] } },
{ "type": "Feature", "properties": { "KDRUAS_UPD": "06034", "NOJBT_UPD": "06.034.012.0", "NM_RUAS_UP": "INDRAPURA - TAPAN", "NM_JBT_UPD": "MALAPANG", "PROVINSI": "SUMATERA BARAT", "No_Prov_26": "06", "ID_Jbt_26": "0600465", "Kd_Ruas_26": "06034", "Suffix_26": null, "Nm_Ruas_26": "INDRAPURA - TAPAN", "Lintas_26": "JALAN LINTAS BARAT", "No_Jbt_26": "06.034.012.0", "Nm_Jbt_26": "MALAPANG", "Status_26": "N", "Fungsi_26": "A", "Lks_Dr_26": "PDG", "Lks_km_26": 204.06, "F_STA_26": "1590", "Cadin_26": "PIN", "Pjg_Jbt_26": 36.8, "Btg_Pjg_26": 36.0, "Jml_Btg_26": "1", "Lb_Jl_Ms26": 5.6, "Lb_Jl_Kl26": 5.6, "Lb_Lalin26": 5.6, "Lb_Bh_Ki26": 0.2, "Lb_Bh_Ka26": 0.2, "Lb_Dr_Ki26": 0.1, "Lb_Dr_Ka26": 0.1, "Lb_Tr_Ki26": 0.45, "Lb_Tr_Ka26": 0.34, "Lb_TS_Ki26": 0.0, "Lb_TS_Ka26": 0.0, "Lb_Med_26": 0.0, "Lbr_Jbt_26": 6.99, "Bgn_Ats_26": "RBA", "Jns_Jbt_26": "STANDAR", "Thn_Bgn_26": "1993", "BA_26": "2", "LNT_26": "1", "BB_26": "2", "DAS_26": "2", "OP_26": "1", "UT_26": "0", "GR_26": "0", "LB_26": "0", "JBT_26": "2", "Tp_Lnts_26": "SUNGAI", "Dt_Lnts_26": "BERKELOK (MEANDER)", "Pnangnn_26": "RUTIN", "Pmriksn_26": "RUTIN", "Pnglola_26": "BPJN SUMATERA BARAT", "Satkr_ID26": "693876", "PPK_Name26": "PPK 2.4", "Traffic_26": null, "VCR_26": "0.142", "AADT_26": null, "Tipe_Jb_26": null, "Lat_26": -2.1008059978000002, "Long_26": 101.0521698, "Tgl_Ins_26": "6\/17\/2025", "Ket_26": null }, "geometry": { "type": "Point", "coordinates": [ 101.052169800196168, -2.100805997798489 ] } },
{ "type": "Feature", "properties": { "KDRUAS_UPD": "06034", "NOJBT_UPD": "06.034.013.0", "NM_RUAS_UP": "INDRAPURA - TAPAN", "NM_JBT_UPD": "SUNGAI DURIAN", "PROVINSI": "SUMATERA BARAT", "No_Prov_26": "06", "ID_Jbt_26": "0600466", "Kd_Ruas_26": "06034", "Suffix_26": null, "Nm_Ruas_26": "INDRAPURA - TAPAN", "Lintas_26": "JALAN LINTAS BARAT", "No_Jbt_26": "06.034.013.0", "Nm_Jbt_26": "SUNGAI DURIAN", "Status_26": "N", "Fungsi_26": "A", "Lks_Dr_26": "PDG", "Lks_km_26": 205.95, "F_STA_26": "1780", "Cadin_26": "PIN", "Pjg_Jbt_26": 26.3, "Btg_Pjg_26": 26.0, "Jml_Btg_26": "1", "Lb_Jl_Ms26": 6.3, "Lb_Jl_Kl26": 6.3, "Lb_Lalin26": 6.3, "Lb_Bh_Ki26": 0.35, "Lb_Bh_Ka26": 0.35, "Lb_Dr_Ki26": 0.0, "Lb_Dr_Ka26": 0.0, "Lb_Tr_Ki26": 1.22, "Lb_Tr_Ka26": 1.22, "Lb_TS_Ki26": 0.0, "Lb_TS_Ka26": 0.0, "Lb_Med_26": 0.0, "Lbr_Jbt_26": 9.44, "Bgn_Ats_26": "GPP", "Jns_Jbt_26": "STANDAR", "Thn_Bgn_26": "2001", "BA_26": "1", "LNT_26": "1", "BB_26": "1", "DAS_26": "1", "OP_26": "0", "UT_26": "0", "GR_26": "0", "LB_26": "0", "JBT_26": "1", "Tp_Lnts_26": "SUNGAI", "Dt_Lnts_26": "LURUS", "Pnangnn_26": "RUTIN", "Pmriksn_26": "RUTIN", "Pnglola_26": "BPJN SUMATERA BARAT", "Satkr_ID26": "693876", "PPK_Name26": "PPK 2.4", "Traffic_26": null, "VCR_26": "0.142", "AADT_26": null, "Tipe_Jb_26": null, "Lat_26": -2.1152219773100001, "Long_26": 101.05891418499999, "Tgl_Ins_26": "9\/29\/2020", "Ket_26": null }, "geometry": { "type": "Point", "coordinates": [ 101.058914184941727, -2.115221977312331 ] } },
{ "type": "Feature", "properties": { "KDRUAS_UPD": "06034", "NOJBT_UPD": "06.034.014.0", "NM_RUAS_UP": "INDRAPURA - TAPAN", "NM_JBT_UPD": "AIR BATU", "PROVINSI": "SUMATERA BARAT", "No_Prov_26": "06", "ID_Jbt_26": "0600467", "Kd_Ruas_26": "06034", "Suffix_26": null, "Nm_Ruas_26": "INDRAPURA - TAPAN", "Lintas_26": "JALAN LINTAS BARAT", "No_Jbt_26": "06.034.014.0", "Nm_Jbt_26": "AIR BATU", "Status_26": "N", "Fungsi_26": "A", "Lks_Dr_26": "PDG", "Lks_km_26": 206.7, "F_STA_26": "1860", "Cadin_26": "PIN", "Pjg_Jbt_26": 10.2, "Btg_Pjg_26": 3.0, "Jml_Btg_26": "3", "Lb_Jl_Ms26": 6.5, "Lb_Jl_Kl26": 6.5, "Lb_Lalin26": 6.5, "Lb_Bh_Ki26": 0.39, "Lb_Bh_Ka26": 0.39, "Lb_Dr_Ki26": 0.0, "Lb_Dr_Ka26": 0.0, "Lb_Tr_Ki26": 0.53, "Lb_Tr_Ka26": 0.53, "Lb_TS_Ki26": 0.23, "Lb_TS_Ka26": 0.23, "Lb_Med_26": 0.0, "Lbr_Jbt_26": 8.8, "Bgn_Ats_26": "BTP", "Jns_Jbt_26": "STANDAR", "Thn_Bgn_26": "2007", "BA_26": "1", "LNT_26": "1", "BB_26": "0", "DAS_26": "1", "OP_26": "2", "UT_26": "0", "GR_26": "2", "LB_26": "0", "JBT_26": "2", "Tp_Lnts_26": "SUNGAI", "Dt_Lnts_26": "BERKELOK (MEANDER)", "Pnangnn_26": "RUTIN", "Pmriksn_26": "RUTIN", "Pnglola_26": "BPJN SUMATERA BARAT", "Satkr_ID26": "693876", "PPK_Name26": "PPK 2.4", "Traffic_26": null, "VCR_26": "0.142", "AADT_26": null, "Tipe_Jb_26": null, "Lat_26": -2.1185278896500002, "Long_26": 101.064697266, "Tgl_Ins_26": "8\/18\/2022", "Ket_26": null }, "geometry": { "type": "Point", "coordinates": [ 101.064697266365783, -2.118527889650352 ] } },
{ "type": "Feature", "properties": { "KDRUAS_UPD": "06034", "NOJBT_UPD": "06.034.015.0", "NM_RUAS_UP": "INDRAPURA - TAPAN", "NM_JBT_UPD": "BATANG NILAU", "PROVINSI": "SUMATERA BARAT", "No_Prov_26": "06", "ID_Jbt_26": "0600468", "Kd_Ruas_26": "06034", "Suffix_26": null, "Nm_Ruas_26": "INDRAPURA - TAPAN", "Lintas_26": "JALAN LINTAS BARAT", "No_Jbt_26": "06.034.015.0", "Nm_Jbt_26": "BATANG NILAU", "Status_26": "N", "Fungsi_26": "A", "Lks_Dr_26": "PDG", "Lks_km_26": 211.9, "F_STA_26": "2320", "Cadin_26": "PIN", "Pjg_Jbt_26": 94.1, "Btg_Pjg_26": 61.64, "Jml_Btg_26": "2", "Lb_Jl_Ms26": 5.4, "Lb_Jl_Kl26": 5.4, "Lb_Lalin26": 5.4, "Lb_Bh_Ki26": 0.2, "Lb_Bh_Ka26": 0.2, "Lb_Dr_Ki26": 0.1, "Lb_Dr_Ka26": 0.1, "Lb_Tr_Ki26": 0.43, "Lb_Tr_Ka26": 0.43, "Lb_TS_Ki26": 0.0, "Lb_TS_Ka26": 0.0, "Lb_Med_26": 0.0, "Lbr_Jbt_26": 6.86, "Bgn_Ats_26": "RBA", "Jns_Jbt_26": "STANDAR", "Thn_Bgn_26": "1986", "BA_26": "2", "LNT_26": "2", "BB_26": "2", "DAS_26": "2", "OP_26": "1", "UT_26": "0", "GR_26": "0", "LB_26": "0", "JBT_26": "2", "Tp_Lnts_26": "SUNGAI", "Dt_Lnts_26": "BERKELOK (MEANDER)", "Pnangnn_26": "RUTIN", "Pmriksn_26": "RUTIN", "Pnglola_26": "BPJN SUMATERA BARAT", "Satkr_ID26": "693876", "PPK_Name26": "PPK 2.4", "Traffic_26": null, "VCR_26": "0.142", "AADT_26": null, "Tipe_Jb_26": null, "Lat_26": -2.1502499576699998, "Long_26": 101.07900238000001, "Tgl_Ins_26": "6\/14\/2025", "Ket_26": null }, "geometry": { "type": "Point", "coordinates": [ 101.079002380155771, -2.150249957669359 ] } },
{ "type": "Feature", "properties": { "KDRUAS_UPD": "06035", "NOJBT_UPD": "06.035.001.0", "NM_RUAS_UP": "TAPAN - BTS. PROV. BENGKULU", "NM_JBT_UPD": "LABUAN", "PROVINSI": "SUMATERA BARAT", "No_Prov_26": "06", "ID_Jbt_26": "0600469", "Kd_Ruas_26": "06035", "Suffix_26": null, "Nm_Ruas_26": "TAPAN - BTS. PROV. BENGKULU", "Lintas_26": "JALAN LINTAS BARAT", "No_Jbt_26": "06.035.001.0", "Nm_Jbt_26": "LABUAN", "Status_26": "N", "Fungsi_26": "A", "Lks_Dr_26": "PDG", "Lks_km_26": 216.9, "F_STA_26": "300", "Cadin_26": "PIN", "Pjg_Jbt_26": 62.3, "Btg_Pjg_26": 51.2, "Jml_Btg_26": "2", "Lb_Jl_Ms26": 6.0, "Lb_Jl_Kl26": 6.0, "Lb_Lalin26": 6.0, "Lb_Bh_Ki26": 0.0, "Lb_Bh_Ka26": 0.0, "Lb_Dr_Ki26": 0.0, "Lb_Dr_Ka26": 0.0, "Lb_Tr_Ki26": 0.5, "Lb_Tr_Ka26": 0.5, "Lb_TS_Ki26": 0.0, "Lb_TS_Ka26": 0.0, "Lb_Med_26": 0.0, "Lbr_Jbt_26": 7.0, "Bgn_Ats_26": "RBB", "Jns_Jbt_26": "STANDAR", "Thn_Bgn_26": "1982", "BA_26": "2", "LNT_26": "2", "BB_26": "2", "DAS_26": "0", "OP_26": "1", "UT_26": "0", "GR_26": "0", "LB_26": "0", "JBT_26": "2", "Tp_Lnts_26": "SUNGAI", "Dt_Lnts_26": "BERKELOK (MEANDER)", "Pnangnn_26": "RUTIN", "Pmriksn_26": "RUTIN", "Pnglola_26": "BPJN SUMATERA BARAT", "Satkr_ID26": "693876", "PPK_Name26": "PPK 2.4", "Traffic_26": null, "VCR_26": "0.135", "AADT_26": null, "Tipe_Jb_26": null, "Lat_26": -2.1702880858300002, "Long_26": 101.06033325200001, "Tgl_Ins_26": "6\/14\/2025", "Ket_26": null }, "geometry": { "type": "Point", "coordinates": [ 101.060333252177884, -2.170288085826428 ] } },
{ "type": "Feature", "properties": { "KDRUAS_UPD": "06035", "NOJBT_UPD": "06.035.002.0", "NM_RUAS_UP": "TAPAN - BTS. PROV. BENGKULU", "NM_JBT_UPD": "SUNGAI SONGSANG", "PROVINSI": "SUMATERA BARAT", "No_Prov_26": "06", "ID_Jbt_26": "0600470", "Kd_Ruas_26": "06035", "Suffix_26": null, "Nm_Ruas_26": "TAPAN - BTS. PROV. BENGKULU", "Lintas_26": "JALAN LINTAS BARAT", "No_Jbt_26": "06.035.002.0", "Nm_Jbt_26": "SUNGAI SONGSANG", "Status_26": "N", "Fungsi_26": "A", "Lks_Dr_26": "PDG", "Lks_km_26": 229.2, "F_STA_26": "470", "Cadin_26": "PIN", "Pjg_Jbt_26": 6.9, "Btg_Pjg_26": 6.9, "Jml_Btg_26": "2", "Lb_Jl_Ms26": 5.8, "Lb_Jl_Kl26": 5.8, "Lb_Lalin26": 5.8, "Lb_Bh_Ki26": 0.3, "Lb_Bh_Ka26": 0.3, "Lb_Dr_Ki26": 0.0, "Lb_Dr_Ka26": 0.0, "Lb_Tr_Ki26": 0.45, "Lb_Tr_Ka26": 0.45, "Lb_TS_Ki26": 0.0, "Lb_TS_Ka26": 0.0, "Lb_Med_26": 0.0, "Lbr_Jbt_26": 7.3, "Bgn_Ats_26": "BTP", "Jns_Jbt_26": "STANDAR", "Thn_Bgn_26": "1976", "BA_26": "1", "LNT_26": "1", "BB_26": "0", "DAS_26": "1", "OP_26": "2", "UT_26": "0", "GR_26": "1", "LB_26": "0", "JBT_26": "2", "Tp_Lnts_26": "SUNGAI", "Dt_Lnts_26": "LURUS", "Pnangnn_26": "RUTIN", "Pmriksn_26": "RUTIN", "Pnglola_26": "BPJN SUMATERA BARAT", "Satkr_ID26": "693876", "PPK_Name26": "PPK 2.4", "Traffic_26": null, "VCR_26": "0.135", "AADT_26": null, "Tipe_Jb_26": null, "Lat_26": -2.1799590587600002, "Long_26": 101.06533050499999, "Tgl_Ins_26": "6\/25\/2024", "Ket_26": null }, "geometry": { "type": "Point", "coordinates": [ 101.065330505098814, -2.179959058763529 ] } },
{ "type": "Feature", "properties": { "KDRUAS_UPD": "06035", "NOJBT_UPD": "06.035.003.0", "NM_RUAS_UP": "TAPAN - BTS. PROV. BENGKULU", "NM_JBT_UPD": "SUNGAI KASAI", "PROVINSI": "SUMATERA BARAT", "No_Prov_26": "06", "ID_Jbt_26": "0600471", "Kd_Ruas_26": "06035", "Suffix_26": null, "Nm_Ruas_26": "TAPAN - BTS. PROV. BENGKULU", "Lintas_26": "JALAN LINTAS BARAT", "No_Jbt_26": "06.035.003.0", "Nm_Jbt_26": "SUNGAI KASAI", "Status_26": "N", "Fungsi_26": "A", "Lks_Dr_26": "PDG", "Lks_km_26": 224.6, "F_STA_26": "1120", "Cadin_26": "PIN", "Pjg_Jbt_26": 16.0, "Btg_Pjg_26": 15.5, "Jml_Btg_26": "1", "Lb_Jl_Ms26": 5.4, "Lb_Jl_Kl26": 5.4, "Lb_Lalin26": 5.4, "Lb_Bh_Ki26": 0.38, "Lb_Bh_Ka26": 0.38, "Lb_Dr_Ki26": 0.0, "Lb_Dr_Ka26": 0.0, "Lb_Tr_Ki26": 0.5, "Lb_Tr_Ka26": 0.5, "Lb_TS_Ki26": 0.32, "Lb_TS_Ka26": 0.32, "Lb_Med_26": 0.0, "Lbr_Jbt_26": 7.8, "Bgn_Ats_26": "GTP", "Jns_Jbt_26": "STANDAR", "Thn_Bgn_26": "1991", "BA_26": "1", "LNT_26": "1", "BB_26": "1", "DAS_26": "2", "OP_26": "0", "UT_26": "0", "GR_26": "0", "LB_26": "0", "JBT_26": "2", "Tp_Lnts_26": "SUNGAI", "Dt_Lnts_26": "LURUS", "Pnangnn_26": "BERKALA", "Pmriksn_26": "RUTIN", "Pnglola_26": "BPJN SUMATERA BARAT", "Satkr_ID26": "693876", "PPK_Name26": "PPK 2.4", "Traffic_26": null, "VCR_26": "0.135", "AADT_26": null, "Tipe_Jb_26": null, "Lat_26": -2.1983370779900002, "Long_26": 101.110443115, "Tgl_Ins_26": "9\/28\/2020", "Ket_26": null }, "geometry": { "type": "Point", "coordinates": [ 101.110443115057762, -2.198337077993699 ] } },
{ "type": "Feature", "properties": { "KDRUAS_UPD": "06035", "NOJBT_UPD": "06.035.004.0", "NM_RUAS_UP": "TAPAN - BTS. PROV. BENGKULU", "NM_JBT_UPD": "SUNGAI KUYUNG", "PROVINSI": "SUMATERA BARAT", "No_Prov_26": "06", "ID_Jbt_26": "0600472", "Kd_Ruas_26": "06035", "Suffix_26": null, "Nm_Ruas_26": "TAPAN - BTS. PROV. BENGKULU", "Lintas_26": "JALAN LINTAS BARAT", "No_Jbt_26": "06.035.004.0", "Nm_Jbt_26": "SUNGAI KUYUNG", "Status_26": "N", "Fungsi_26": "A", "Lks_Dr_26": "PDG", "Lks_km_26": 225.05, "F_STA_26": "1170", "Cadin_26": "PIN", "Pjg_Jbt_26": 25.4, "Btg_Pjg_26": 25.4, "Jml_Btg_26": "1", "Lb_Jl_Ms26": 5.0, "Lb_Jl_Kl26": 5.0, "Lb_Lalin26": 5.0, "Lb_Bh_Ki26": 0.56, "Lb_Bh_Ka26": 0.56, "Lb_Dr_Ki26": 0.0, "Lb_Dr_Ka26": 0.0, "Lb_Tr_Ki26": 0.46, "Lb_Tr_Ka26": 0.46, "Lb_TS_Ki26": 0.0, "Lb_TS_Ka26": 0.0, "Lb_Med_26": 0.0, "Lbr_Jbt_26": 7.04, "Bgn_Ats_26": "GBP", "Jns_Jbt_26": "STANDAR", "Thn_Bgn_26": "1991", "BA_26": "2", "LNT_26": "2", "BB_26": "0", "DAS_26": "0", "OP_26": "0", "UT_26": "0", "GR_26": "0", "LB_26": "0", "JBT_26": "2", "Tp_Lnts_26": "SUNGAI", "Dt_Lnts_26": "LURUS", "Pnangnn_26": "RUTIN", "Pmriksn_26": "RUTIN", "Pnglola_26": "BPJN SUMATERA BARAT", "Satkr_ID26": "693876", "PPK_Name26": "PPK 2.4", "Traffic_26": null, "VCR_26": "0.135", "AADT_26": null, "Tipe_Jb_26": null, "Lat_26": -2.1994309422799998, "Long_26": 101.114570618, "Tgl_Ins_26": "8\/10\/2023", "Ket_26": null }, "geometry": { "type": "Point", "coordinates": [ 101.114570618339428, -2.199430942284096 ] } },
{ "type": "Feature", "properties": { "KDRUAS_UPD": "06035", "NOJBT_UPD": "06.035.005.0", "NM_RUAS_UP": "TAPAN - BTS. PROV. BENGKULU", "NM_JBT_UPD": "KUMBUNG BESAR", "PROVINSI": "SUMATERA BARAT", "No_Prov_26": "06", "ID_Jbt_26": "0600473", "Kd_Ruas_26": "06035", "Suffix_26": null, "Nm_Ruas_26": "TAPAN - BTS. PROV. BENGKULU", "Lintas_26": "JALAN LINTAS BARAT", "No_Jbt_26": "06.035.005.0", "Nm_Jbt_26": "KUMBUNG BESAR", "Status_26": "N", "Fungsi_26": "A", "Lks_Dr_26": "PDG", "Lks_km_26": 225.5, "F_STA_26": "1230", "Cadin_26": "PIN", "Pjg_Jbt_26": 30.7, "Btg_Pjg_26": 30.0, "Jml_Btg_26": "1", "Lb_Jl_Ms26": 5.1, "Lb_Jl_Kl26": 5.1, "Lb_Lalin26": 5.1, "Lb_Bh_Ki26": 0.5, "Lb_Bh_Ka26": 0.5, "Lb_Dr_Ki26": 0.0, "Lb_Dr_Ka26": 0.0, "Lb_Tr_Ki26": 0.45, "Lb_Tr_Ka26": 0.45, "Lb_TS_Ki26": 0.0, "Lb_TS_Ka26": 0.0, "Lb_Med_26": 0.0, "Lbr_Jbt_26": 7.0, "Bgn_Ats_26": "GBP", "Jns_Jbt_26": "STANDAR", "Thn_Bgn_26": "1991", "BA_26": "2", "LNT_26": "1", "BB_26": "1", "DAS_26": "1", "OP_26": "0", "UT_26": "0", "GR_26": "0", "LB_26": "0", "JBT_26": "2", "Tp_Lnts_26": "SUNGAI", "Dt_Lnts_26": "LURUS", "Pnangnn_26": "RUTIN", "Pmriksn_26": "RUTIN", "Pnglola_26": "BPJN SUMATERA BARAT", "Satkr_ID26": "693876", "PPK_Name26": "PPK 2.4", "Traffic_26": null, "VCR_26": "0.135", "AADT_26": null, "Tipe_Jb_26": null, "Lat_26": -2.2025320529100001, "Long_26": 101.11906433100002, "Tgl_Ins_26": "6\/9\/2021", "Ket_26": null }, "geometry": { "type": "Point", "coordinates": [ 101.119064330954188, -2.202532052911863 ] } },
{ "type": "Feature", "properties": { "KDRUAS_UPD": "06035", "NOJBT_UPD": "06.035.006.0", "NM_RUAS_UP": "TAPAN - BTS. PROV. BENGKULU", "NM_JBT_UPD": "RAWA PUYU", "PROVINSI": "SUMATERA BARAT", "No_Prov_26": "06", "ID_Jbt_26": "0600474", "Kd_Ruas_26": "06035", "Suffix_26": null, "Nm_Ruas_26": "TAPAN - BTS. PROV. BENGKULU", "Lintas_26": "JALAN LINTAS BARAT", "No_Jbt_26": "06.035.006.0", "Nm_Jbt_26": "RAWA PUYU", "Status_26": "N", "Fungsi_26": "A", "Lks_Dr_26": "PDG", "Lks_km_26": 225.0, "F_STA_26": "1280", "Cadin_26": "PIN", "Pjg_Jbt_26": 11.1, "Btg_Pjg_26": 11.1, "Jml_Btg_26": "3", "Lb_Jl_Ms26": 6.1, "Lb_Jl_Kl26": 6.1, "Lb_Lalin26": 6.1, "Lb_Bh_Ki26": 0.38, "Lb_Bh_Ka26": 0.38, "Lb_Dr_Ki26": 0.15, "Lb_Dr_Ka26": 0.15, "Lb_Tr_Ki26": 0.6, "Lb_Tr_Ka26": 0.6, "Lb_TS_Ki26": 0.0, "Lb_TS_Ka26": 0.0, "Lb_Med_26": 0.0, "Lbr_Jbt_26": 8.36, "Bgn_Ats_26": "BTP", "Jns_Jbt_26": "STANDAR", "Thn_Bgn_26": "1995", "BA_26": "1", "LNT_26": "1", "BB_26": "0", "DAS_26": "2", "OP_26": "0", "UT_26": "0", "GR_26": "0", "LB_26": "0", "JBT_26": "2", "Tp_Lnts_26": "SUNGAI", "Dt_Lnts_26": "LURUS", "Pnangnn_26": "RUTIN", "Pmriksn_26": "RUTIN", "Pnglola_26": "BPJN SUMATERA BARAT", "Satkr_ID26": "693876", "PPK_Name26": "PPK 2.4", "Traffic_26": null, "VCR_26": "0.135", "AADT_26": null, "Tipe_Jb_26": null, "Lat_26": -2.2071108818599998, "Long_26": 101.119995117, "Tgl_Ins_26": "9\/28\/2020", "Ket_26": null }, "geometry": { "type": "Point", "coordinates": [ 101.119995116681366, -2.207110881861638 ] } },
{ "type": "Feature", "properties": { "KDRUAS_UPD": "06035", "NOJBT_UPD": "06.035.007.0", "NM_RUAS_UP": "TAPAN - BTS. PROV. BENGKULU", "NM_JBT_UPD": "AIR PONDOK", "PROVINSI": "SUMATERA BARAT", "No_Prov_26": "06", "ID_Jbt_26": "0600475", "Kd_Ruas_26": "06035", "Suffix_26": null, "Nm_Ruas_26": "TAPAN - BTS. PROV. BENGKULU", "Lintas_26": "JALAN LINTAS BARAT", "No_Jbt_26": "06.035.007.0", "Nm_Jbt_26": "AIR PONDOK", "Status_26": "N", "Fungsi_26": "A", "Lks_Dr_26": "PDG", "Lks_km_26": 226.3, "F_STA_26": "1310", "Cadin_26": "PIN", "Pjg_Jbt_26": 16.0, "Btg_Pjg_26": 15.5, "Jml_Btg_26": "1", "Lb_Jl_Ms26": 6.2, "Lb_Jl_Kl26": 6.2, "Lb_Lalin26": 6.2, "Lb_Bh_Ki26": 0.0, "Lb_Bh_Ka26": 0.0, "Lb_Dr_Ki26": 0.0, "Lb_Dr_Ka26": 0.0, "Lb_Tr_Ki26": 0.5, "Lb_Tr_Ka26": 0.5, "Lb_TS_Ki26": 0.3, "Lb_TS_Ka26": 0.3, "Lb_Med_26": 0.0, "Lbr_Jbt_26": 7.8, "Bgn_Ats_26": "GTP", "Jns_Jbt_26": "STANDAR", "Thn_Bgn_26": "1994", "BA_26": "2", "LNT_26": "1", "BB_26": "0", "DAS_26": "0", "OP_26": "1", "UT_26": "0", "GR_26": "0", "LB_26": "0", "JBT_26": "2", "Tp_Lnts_26": "SUNGAI", "Dt_Lnts_26": "LURUS", "Pnangnn_26": "RUTIN", "Pmriksn_26": "RUTIN", "Pnglola_26": "BPJN SUMATERA BARAT", "Satkr_ID26": "693876", "PPK_Name26": "PPK 2.4", "Traffic_26": null, "VCR_26": "0.135", "AADT_26": null, "Tipe_Jb_26": null, "Lat_26": -2.2099270818700001, "Long_26": 101.120193481, "Tgl_Ins_26": "8\/10\/2023", "Ket_26": null }, "geometry": { "type": "Point", "coordinates": [ 101.120193481044396, -2.209927081869296 ] } },
{ "type": "Feature", "properties": { "KDRUAS_UPD": "06035", "NOJBT_UPD": "06.035.008.0", "NM_RUAS_UP": "TAPAN - BTS. PROV. BENGKULU", "NM_JBT_UPD": "KUMBUNG KECIL", "PROVINSI": "SUMATERA BARAT", "No_Prov_26": "06", "ID_Jbt_26": "0600476", "Kd_Ruas_26": "06035", "Suffix_26": null, "Nm_Ruas_26": "TAPAN - BTS. PROV. BENGKULU", "Lintas_26": "JALAN LINTAS BARAT", "No_Jbt_26": "06.035.008.0", "Nm_Jbt_26": "KUMBUNG KECIL", "Status_26": "N", "Fungsi_26": "A", "Lks_Dr_26": "PDG", "Lks_km_26": 226.8, "F_STA_26": "1340", "Cadin_26": "PIN", "Pjg_Jbt_26": 30.5, "Btg_Pjg_26": 30.0, "Jml_Btg_26": "1", "Lb_Jl_Ms26": 5.3, "Lb_Jl_Kl26": 5.3, "Lb_Lalin26": 5.3, "Lb_Bh_Ki26": 0.36, "Lb_Bh_Ka26": 0.36, "Lb_Dr_Ki26": 0.0, "Lb_Dr_Ka26": 0.0, "Lb_Tr_Ki26": 0.43, "Lb_Tr_Ka26": 0.43, "Lb_TS_Ki26": 0.0, "Lb_TS_Ka26": 0.0, "Lb_Med_26": 0.0, "Lbr_Jbt_26": 6.88, "Bgn_Ats_26": "GBP", "Jns_Jbt_26": "STANDAR", "Thn_Bgn_26": "1991", "BA_26": "1", "LNT_26": "1", "BB_26": "1", "DAS_26": "1", "OP_26": "0", "UT_26": "0", "GR_26": "0", "LB_26": "0", "JBT_26": "1", "Tp_Lnts_26": "SUNGAI", "Dt_Lnts_26": "LURUS", "Pnangnn_26": "RUTIN", "Pmriksn_26": "TIDAK DISURVEI", "Pnglola_26": "BPJN SUMATERA BARAT", "Satkr_ID26": "693876", "PPK_Name26": "PPK 2.4", "Traffic_26": null, "VCR_26": "0.135", "AADT_26": null, "Tipe_Jb_26": null, "Lat_26": -2.2120180128200002, "Long_26": 101.11935424799999, "Tgl_Ins_26": "9\/28\/2020", "Ket_26": null }, "geometry": { "type": "Point", "coordinates": [ 101.119354248100137, -2.212018012820977 ] } },
{ "type": "Feature", "properties": { "KDRUAS_UPD": "06035", "NOJBT_UPD": "06.035.009.0", "NM_RUAS_UP": "TAPAN - BTS. PROV. BENGKULU", "NM_JBT_UPD": "SUNGAI TABAN", "PROVINSI": "SUMATERA BARAT", "No_Prov_26": "06", "ID_Jbt_26": "0600477", "Kd_Ruas_26": "06035", "Suffix_26": null, "Nm_Ruas_26": "TAPAN - BTS. PROV. BENGKULU", "Lintas_26": "JALAN LINTAS BARAT", "No_Jbt_26": "06.035.009.0", "Nm_Jbt_26": "SUNGAI TABAN", "Status_26": "N", "Fungsi_26": "A", "Lks_Dr_26": "PDG", "Lks_km_26": 227.2, "F_STA_26": "1500", "Cadin_26": "PIN", "Pjg_Jbt_26": 15.9, "Btg_Pjg_26": 15.5, "Jml_Btg_26": "1", "Lb_Jl_Ms26": 6.3, "Lb_Jl_Kl26": 6.3, "Lb_Lalin26": 6.3, "Lb_Bh_Ki26": 0.37, "Lb_Bh_Ka26": 0.37, "Lb_Dr_Ki26": 0.0, "Lb_Dr_Ka26": 0.0, "Lb_Tr_Ki26": 0.6, "Lb_Tr_Ka26": 0.6, "Lb_TS_Ki26": 0.28, "Lb_TS_Ka26": 0.28, "Lb_Med_26": 0.0, "Lbr_Jbt_26": 8.8, "Bgn_Ats_26": "GTP", "Jns_Jbt_26": "STANDAR", "Thn_Bgn_26": "1995", "BA_26": "1", "LNT_26": "1", "BB_26": "2", "DAS_26": "1", "OP_26": "0", "UT_26": "0", "GR_26": "0", "LB_26": "0", "JBT_26": "2", "Tp_Lnts_26": "SUNGAI", "Dt_Lnts_26": "LURUS", "Pnangnn_26": "RUTIN", "Pmriksn_26": "RUTIN", "Pnglola_26": "BPJN SUMATERA BARAT", "Satkr_ID26": "693876", "PPK_Name26": "PPK 2.4", "Traffic_26": null, "VCR_26": "0.135", "AADT_26": null, "Tipe_Jb_26": null, "Lat_26": -2.22533392902, "Long_26": 101.11784362800002, "Tgl_Ins_26": "9\/28\/2020", "Ket_26": null }, "geometry": { "type": "Point", "coordinates": [ 101.117843628081005, -2.225333929017552 ] } },
{ "type": "Feature", "properties": { "KDRUAS_UPD": "06035", "NOJBT_UPD": "06.035.010.0", "NM_RUAS_UP": "TAPAN - BTS. PROV. BENGKULU", "NM_JBT_UPD": "SUNGAI GADANG", "PROVINSI": "SUMATERA BARAT", "No_Prov_26": "06", "ID_Jbt_26": "0600478", "Kd_Ruas_26": "06035", "Suffix_26": null, "Nm_Ruas_26": "TAPAN - BTS. PROV. BENGKULU", "Lintas_26": "JALAN LINTAS BARAT", "No_Jbt_26": "06.035.010.0", "Nm_Jbt_26": "SUNGAI GADANG", "Status_26": "N", "Fungsi_26": "A", "Lks_Dr_26": "PDG", "Lks_km_26": 228.5, "F_STA_26": "1630", "Cadin_26": "PIN", "Pjg_Jbt_26": 10.6, "Btg_Pjg_26": 3.0, "Jml_Btg_26": "3", "Lb_Jl_Ms26": 6.2, "Lb_Jl_Kl26": 6.2, "Lb_Lalin26": 6.2, "Lb_Bh_Ki26": 0.43, "Lb_Bh_Ka26": 0.43, "Lb_Dr_Ki26": 0.0, "Lb_Dr_Ka26": 0.0, "Lb_Tr_Ki26": 0.6, "Lb_Tr_Ka26": 0.6, "Lb_TS_Ki26": 0.0, "Lb_TS_Ka26": 0.0, "Lb_Med_26": 0.0, "Lbr_Jbt_26": 8.26, "Bgn_Ats_26": "BTP", "Jns_Jbt_26": "STANDAR", "Thn_Bgn_26": "1995", "BA_26": "1", "LNT_26": "1", "BB_26": "0", "DAS_26": "2", "OP_26": "0", "UT_26": "0", "GR_26": "0", "LB_26": "0", "JBT_26": "2", "Tp_Lnts_26": "SUNGAI", "Dt_Lnts_26": "LURUS", "Pnangnn_26": "RUTIN", "Pmriksn_26": "RUTIN", "Pnglola_26": "BPJN SUMATERA BARAT", "Satkr_ID26": "693876", "PPK_Name26": "PPK 2.4", "Traffic_26": null, "VCR_26": "0.135", "AADT_26": null, "Tipe_Jb_26": null, "Lat_26": -2.2309470178900002, "Long_26": 101.12363433799999, "Tgl_Ins_26": "9\/28\/2020", "Ket_26": null }, "geometry": { "type": "Point", "coordinates": [ 101.123634337554677, -2.230947017890514 ] } },
{ "type": "Feature", "properties": { "KDRUAS_UPD": "06035", "NOJBT_UPD": "06.035.011.0", "NM_RUAS_UP": "TAPAN - BTS. PROV. BENGKULU", "NM_JBT_UPD": "SUNGAI LUMBUNG", "PROVINSI": "SUMATERA BARAT", "No_Prov_26": "06", "ID_Jbt_26": "0600479", "Kd_Ruas_26": "06035", "Suffix_26": null, "Nm_Ruas_26": "TAPAN - BTS. PROV. BENGKULU", "Lintas_26": "JALAN LINTAS BARAT", "No_Jbt_26": "06.035.011.0", "Nm_Jbt_26": "SUNGAI LUMBUNG", "Status_26": "N", "Fungsi_26": "A", "Lks_Dr_26": "PDG", "Lks_km_26": 229.3, "F_STA_26": "1710", "Cadin_26": "PIN", "Pjg_Jbt_26": 7.0, "Btg_Pjg_26": 7.0, "Jml_Btg_26": "2", "Lb_Jl_Ms26": 6.2, "Lb_Jl_Kl26": 6.2, "Lb_Lalin26": 6.2, "Lb_Bh_Ki26": 0.48, "Lb_Bh_Ka26": 0.48, "Lb_Dr_Ki26": 0.0, "Lb_Dr_Ka26": 0.0, "Lb_Tr_Ki26": 1.08, "Lb_Tr_Ka26": 1.08, "Lb_TS_Ki26": 0.0, "Lb_TS_Ka26": 0.0, "Lb_Med_26": 0.0, "Lbr_Jbt_26": 9.32, "Bgn_Ats_26": "BTP", "Jns_Jbt_26": "STANDAR", "Thn_Bgn_26": "1994", "BA_26": "1", "LNT_26": "1", "BB_26": "0", "DAS_26": "1", "OP_26": "0", "UT_26": "0", "GR_26": "0", "LB_26": "0", "JBT_26": "1", "Tp_Lnts_26": "SUNGAI", "Dt_Lnts_26": "LURUS", "Pnangnn_26": "RUTIN", "Pmriksn_26": "RUTIN", "Pnglola_26": "BPJN SUMATERA BARAT", "Satkr_ID26": "693876", "PPK_Name26": "PPK 2.4", "Traffic_26": null, "VCR_26": "0.135", "AADT_26": null, "Tipe_Jb_26": null, "Lat_26": -2.2366969584, "Long_26": 101.12739563000001, "Tgl_Ins_26": "9\/28\/2020", "Ket_26": null }, "geometry": { "type": "Point", "coordinates": [ 101.127395629704608, -2.236696958397886 ] } },
{ "type": "Feature", "properties": { "KDRUAS_UPD": "06035", "NOJBT_UPD": "06.035.012.0", "NM_RUAS_UP": "TAPAN - BTS. PROV. BENGKULU", "NM_JBT_UPD": "SUNGAI RUMBAI 1", "PROVINSI": "SUMATERA BARAT", "No_Prov_26": "06", "ID_Jbt_26": "0600480", "Kd_Ruas_26": "06035", "Suffix_26": null, "Nm_Ruas_26": "TAPAN - BTS. PROV. BENGKULU", "Lintas_26": "JALAN LINTAS BARAT", "No_Jbt_26": "06.035.012.0", "Nm_Jbt_26": "SUNGAI RUMBAI 1", "Status_26": "N", "Fungsi_26": "A", "Lks_Dr_26": "PDG", "Lks_km_26": 229.6, "F_STA_26": "1740", "Cadin_26": "PIN", "Pjg_Jbt_26": 25.6, "Btg_Pjg_26": 25.0, "Jml_Btg_26": "1", "Lb_Jl_Ms26": 5.3, "Lb_Jl_Kl26": 5.3, "Lb_Lalin26": 5.3, "Lb_Bh_Ki26": 0.38, "Lb_Bh_Ka26": 0.38, "Lb_Dr_Ki26": 0.0, "Lb_Dr_Ka26": 0.0, "Lb_Tr_Ki26": 0.43, "Lb_Tr_Ka26": 0.43, "Lb_TS_Ki26": 0.0, "Lb_TS_Ka26": 0.0, "Lb_Med_26": 0.0, "Lbr_Jbt_26": 6.92, "Bgn_Ats_26": "GBP", "Jns_Jbt_26": "STANDAR", "Thn_Bgn_26": "1992", "BA_26": "1", "LNT_26": "1", "BB_26": "1", "DAS_26": "2", "OP_26": "0", "UT_26": "0", "GR_26": "0", "LB_26": "0", "JBT_26": "2", "Tp_Lnts_26": "SUNGAI", "Dt_Lnts_26": "LURUS", "Pnangnn_26": "RUTIN", "Pmriksn_26": "RUTIN", "Pnglola_26": "BPJN SUMATERA BARAT", "Satkr_ID26": "693876", "PPK_Name26": "PPK 2.4", "Traffic_26": null, "VCR_26": "0.135", "AADT_26": null, "Tipe_Jb_26": null, "Lat_26": -2.2387828828199998, "Long_26": 101.125892639, "Tgl_Ins_26": "10\/4\/2022", "Ket_26": null }, "geometry": { "type": "Point", "coordinates": [ 101.125892638634411, -2.238782882823728 ] } },
{ "type": "Feature", "properties": { "KDRUAS_UPD": "06035", "NOJBT_UPD": "06.035.013.0", "NM_RUAS_UP": "TAPAN - BTS. PROV. BENGKULU", "NM_JBT_UPD": "SUNGAI SARIK", "PROVINSI": "SUMATERA BARAT", "No_Prov_26": "06", "ID_Jbt_26": "0600481", "Kd_Ruas_26": "06035", "Suffix_26": null, "Nm_Ruas_26": "TAPAN - BTS. PROV. BENGKULU", "Lintas_26": "JALAN LINTAS BARAT", "No_Jbt_26": "06.035.013.0", "Nm_Jbt_26": "SUNGAI SARIK", "Status_26": "N", "Fungsi_26": "A", "Lks_Dr_26": "PDG", "Lks_km_26": 230.7, "F_STA_26": "1850", "Cadin_26": "PIN", "Pjg_Jbt_26": 7.0, "Btg_Pjg_26": 7.0, "Jml_Btg_26": "2", "Lb_Jl_Ms26": 6.5, "Lb_Jl_Kl26": 6.5, "Lb_Lalin26": 6.5, "Lb_Bh_Ki26": 0.33, "Lb_Bh_Ka26": 0.33, "Lb_Dr_Ki26": 0.0, "Lb_Dr_Ka26": 0.0, "Lb_Tr_Ki26": 1.14, "Lb_Tr_Ka26": 1.14, "Lb_TS_Ki26": 0.0, "Lb_TS_Ka26": 0.0, "Lb_Med_26": 0.0, "Lbr_Jbt_26": 9.44, "Bgn_Ats_26": "BTP", "Jns_Jbt_26": "STANDAR", "Thn_Bgn_26": "1994", "BA_26": "2", "LNT_26": "2", "BB_26": "2", "DAS_26": "2", "OP_26": "0", "UT_26": "0", "GR_26": "0", "LB_26": "0", "JBT_26": "2", "Tp_Lnts_26": "SUNGAI", "Dt_Lnts_26": "LURUS", "Pnangnn_26": "RUTIN", "Pmriksn_26": "RUTIN", "Pnglola_26": "BPJN SUMATERA BARAT", "Satkr_ID26": "693876", "PPK_Name26": "PPK 2.4", "Traffic_26": null, "VCR_26": "0.135", "AADT_26": null, "Tipe_Jb_26": null, "Lat_26": -2.2477269175600001, "Long_26": 101.12756347699998, "Tgl_Ins_26": "6\/24\/2024", "Ket_26": null }, "geometry": { "type": "Point", "coordinates": [ 101.127563477372632, -2.24772691756317 ] } },
{ "type": "Feature", "properties": { "KDRUAS_UPD": "06035", "NOJBT_UPD": "06.035.014.A", "NM_RUAS_UP": "TAPAN - BTS. PROV. BENGKULU", "NM_JBT_UPD": "BATANG LUNANG A", "PROVINSI": "SUMATERA BARAT", "No_Prov_26": "06", "ID_Jbt_26": "0600482", "Kd_Ruas_26": "06035", "Suffix_26": null, "Nm_Ruas_26": "TAPAN - BTS. PROV. BENGKULU", "Lintas_26": "JALAN LINTAS BARAT", "No_Jbt_26": "06.035.014.A", "Nm_Jbt_26": "BATANG LUNANG A", "Status_26": "N", "Fungsi_26": "A", "Lks_Dr_26": "PDG", "Lks_km_26": 232.9, "F_STA_26": "1940", "Cadin_26": "PIN", "Pjg_Jbt_26": 61.6, "Btg_Pjg_26": 61.0, "Jml_Btg_26": "1", "Lb_Jl_Ms26": 5.4, "Lb_Jl_Kl26": 5.4, "Lb_Lalin26": 5.4, "Lb_Bh_Ki26": 0.32, "Lb_Bh_Ka26": 0.32, "Lb_Dr_Ki26": 0.0, "Lb_Dr_Ka26": 0.0, "Lb_Tr_Ki26": 0.45, "Lb_Tr_Ka26": 0.45, "Lb_TS_Ki26": 0.0, "Lb_TS_Ka26": 0.0, "Lb_Med_26": 0.0, "Lbr_Jbt_26": 6.94, "Bgn_Ats_26": "RBA", "Jns_Jbt_26": "STANDAR", "Thn_Bgn_26": "1990", "BA_26": "3", "LNT_26": "3", "BB_26": "1", "DAS_26": "3", "OP_26": "1", "UT_26": "0", "GR_26": "0", "LB_26": "0", "JBT_26": "3", "Tp_Lnts_26": "SUNGAI", "Dt_Lnts_26": "BERKELOK (MEANDER)", "Pnangnn_26": "RUTIN", "Pmriksn_26": "DETAIL", "Pnglola_26": "BPJN SUMATERA BARAT", "Satkr_ID26": "693876", "PPK_Name26": "PPK 2.4", "Traffic_26": null, "VCR_26": "0.135", "AADT_26": null, "Tipe_Jb_26": null, "Lat_26": -2.2507150175800001, "Long_26": 101.13372039799998, "Tgl_Ins_26": "5\/13\/2026", "Ket_26": null }, "geometry": { "type": "Point", "coordinates": [ 101.133720397978038, -2.250715017583957 ] } },
{ "type": "Feature", "properties": { "KDRUAS_UPD": "06035", "NOJBT_UPD": "06.035.014.B", "NM_RUAS_UP": "TAPAN - BTS. PROV. BENGKULU", "NM_JBT_UPD": "BATANG LUNANG B", "PROVINSI": "SUMATERA BARAT", "No_Prov_26": "06", "ID_Jbt_26": "0600483", "Kd_Ruas_26": "06035", "Suffix_26": null, "Nm_Ruas_26": "TAPAN - BTS. PROV. BENGKULU", "Lintas_26": "JALAN LINTAS BARAT", "No_Jbt_26": "06.035.014.B", "Nm_Jbt_26": "BATANG LUNANG B", "Status_26": "N", "Fungsi_26": "A", "Lks_Dr_26": "PDG", "Lks_km_26": 231.55, "F_STA_26": "1940", "Cadin_26": "PIN", "Pjg_Jbt_26": 61.6, "Btg_Pjg_26": 61.0, "Jml_Btg_26": "1", "Lb_Jl_Ms26": 6.4, "Lb_Jl_Kl26": 6.4, "Lb_Lalin26": 6.4, "Lb_Bh_Ki26": 0.3, "Lb_Bh_Ka26": 0.3, "Lb_Dr_Ki26": 0.0, "Lb_Dr_Ka26": 0.0, "Lb_Tr_Ki26": 0.99, "Lb_Tr_Ka26": 0.99, "Lb_TS_Ki26": 0.0, "Lb_TS_Ka26": 0.0, "Lb_Med_26": 0.0, "Lbr_Jbt_26": 8.98, "Bgn_Ats_26": "RBI", "Jns_Jbt_26": "STANDAR", "Thn_Bgn_26": "2015", "BA_26": "2", "LNT_26": "2", "BB_26": "2", "DAS_26": "0", "OP_26": "0", "UT_26": "0", "GR_26": "0", "LB_26": "0", "JBT_26": "2", "Tp_Lnts_26": "SUNGAI", "Dt_Lnts_26": "BERKELOK (MEANDER)", "Pnangnn_26": "RUTIN", "Pmriksn_26": "DETAIL", "Pnglola_26": "BPJN SUMATERA BARAT", "Satkr_ID26": "693876", "PPK_Name26": "PPK 2.4", "Traffic_26": null, "VCR_26": "0.135", "AADT_26": null, "Tipe_Jb_26": null, "Lat_26": -2.2507190708299998, "Long_26": 101.133666992, "Tgl_Ins_26": "5\/13\/2026", "Ket_26": null }, "geometry": { "type": "Point", "coordinates": [ 101.133666991738323, -2.250719070828382 ] } },
{ "type": "Feature", "properties": { "KDRUAS_UPD": "06035", "NOJBT_UPD": "06.035.015.0", "NM_RUAS_UP": "TAPAN - BTS. PROV. BENGKULU", "NM_JBT_UPD": "SUNGAI PERMIN", "PROVINSI": "SUMATERA BARAT", "No_Prov_26": "06", "ID_Jbt_26": "0600484", "Kd_Ruas_26": "06035", "Suffix_26": null, "Nm_Ruas_26": "TAPAN - BTS. PROV. BENGKULU", "Lintas_26": "JALAN LINTAS BARAT", "No_Jbt_26": "06.035.015.0", "Nm_Jbt_26": "SUNGAI PERMIN", "Status_26": "N", "Fungsi_26": "A", "Lks_Dr_26": "PDG", "Lks_km_26": 233.1, "F_STA_26": "2090", "Cadin_26": "PIN", "Pjg_Jbt_26": 17.0, "Btg_Pjg_26": 16.5, "Jml_Btg_26": "1", "Lb_Jl_Ms26": 5.6, "Lb_Jl_Kl26": 5.6, "Lb_Lalin26": 5.6, "Lb_Bh_Ki26": 0.3, "Lb_Bh_Ka26": 0.3, "Lb_Dr_Ki26": 0.0, "Lb_Dr_Ka26": 0.0, "Lb_Tr_Ki26": 0.48, "Lb_Tr_Ka26": 0.48, "Lb_TS_Ki26": 0.37, "Lb_TS_Ka26": 0.37, "Lb_Med_26": 0.0, "Lbr_Jbt_26": 7.9, "Bgn_Ats_26": "GTP", "Jns_Jbt_26": "STANDAR", "Thn_Bgn_26": "1994", "BA_26": "1", "LNT_26": "1", "BB_26": "1", "DAS_26": "1", "OP_26": "0", "UT_26": "0", "GR_26": "0", "LB_26": "0", "JBT_26": "1", "Tp_Lnts_26": "SUNGAI", "Dt_Lnts_26": "LURUS", "Pnangnn_26": "RUTIN", "Pmriksn_26": "TIDAK DISURVEI", "Pnglola_26": "BPJN SUMATERA BARAT", "Satkr_ID26": "693876", "PPK_Name26": "PPK 2.4", "Traffic_26": null, "VCR_26": "0.135", "AADT_26": null, "Tipe_Jb_26": null, "Lat_26": -2.2627589704500002, "Long_26": 101.13924408, "Tgl_Ins_26": "9\/28\/2020", "Ket_26": null }, "geometry": { "type": "Point", "coordinates": [ 101.139244079850471, -2.262758970450079 ] } },
{ "type": "Feature", "properties": { "KDRUAS_UPD": "06035", "NOJBT_UPD": "06.035.016.0", "NM_RUAS_UP": "TAPAN - BTS. PROV. BENGKULU", "NM_JBT_UPD": "SUNGAI BULU TERUNG", "PROVINSI": "SUMATERA BARAT", "No_Prov_26": "06", "ID_Jbt_26": "0600485", "Kd_Ruas_26": "06035", "Suffix_26": null, "Nm_Ruas_26": "TAPAN - BTS. PROV. BENGKULU", "Lintas_26": "JALAN LINTAS BARAT", "No_Jbt_26": "06.035.016.0", "Nm_Jbt_26": "SUNGAI BULU TERUNG", "Status_26": "N", "Fungsi_26": "A", "Lks_Dr_26": "PDG", "Lks_km_26": 233.5, "F_STA_26": "2130", "Cadin_26": "PIN", "Pjg_Jbt_26": 10.7, "Btg_Pjg_26": 3.0, "Jml_Btg_26": "3", "Lb_Jl_Ms26": 6.4, "Lb_Jl_Kl26": 6.4, "Lb_Lalin26": 6.4, "Lb_Bh_Ki26": 0.34, "Lb_Bh_Ka26": 0.34, "Lb_Dr_Ki26": 0.0, "Lb_Dr_Ka26": 0.0, "Lb_Tr_Ki26": 0.6, "Lb_Tr_Ka26": 0.6, "Lb_TS_Ki26": 0.0, "Lb_TS_Ka26": 0.0, "Lb_Med_26": 0.0, "Lbr_Jbt_26": 8.28, "Bgn_Ats_26": "BTP", "Jns_Jbt_26": "STANDAR", "Thn_Bgn_26": "1995", "BA_26": "1", "LNT_26": "1", "BB_26": "0", "DAS_26": "1", "OP_26": "0", "UT_26": "0", "GR_26": "0", "LB_26": "0", "JBT_26": "1", "Tp_Lnts_26": "SUNGAI", "Dt_Lnts_26": "LURUS", "Pnangnn_26": "RUTIN", "Pmriksn_26": "TIDAK DISURVEI", "Pnglola_26": "BPJN SUMATERA BARAT", "Satkr_ID26": "693876", "PPK_Name26": "PPK 2.4", "Traffic_26": null, "VCR_26": "0.135", "AADT_26": null, "Tipe_Jb_26": null, "Lat_26": -2.2658450605999998, "Long_26": 101.13984680199999, "Tgl_Ins_26": "9\/28\/2020", "Ket_26": null }, "geometry": { "type": "Point", "coordinates": [ 101.139846801888439, -2.265845060601009 ] } },
{ "type": "Feature", "properties": { "KDRUAS_UPD": "06035", "NOJBT_UPD": "06.035.017.0", "NM_RUAS_UP": "TAPAN - BTS. PROV. BENGKULU", "NM_JBT_UPD": "SUNGAI KAYU ARO", "PROVINSI": "SUMATERA BARAT", "No_Prov_26": "06", "ID_Jbt_26": "0600486", "Kd_Ruas_26": "06035", "Suffix_26": null, "Nm_Ruas_26": "TAPAN - BTS. PROV. BENGKULU", "Lintas_26": "JALAN LINTAS BARAT", "No_Jbt_26": "06.035.017.0", "Nm_Jbt_26": "SUNGAI KAYU ARO", "Status_26": "N", "Fungsi_26": "A", "Lks_Dr_26": "PDG", "Lks_km_26": 235.4, "F_STA_26": "2330", "Cadin_26": "PIN", "Pjg_Jbt_26": 17.9, "Btg_Pjg_26": 17.5, "Jml_Btg_26": "1", "Lb_Jl_Ms26": 6.6, "Lb_Jl_Kl26": 6.6, "Lb_Lalin26": 6.6, "Lb_Bh_Ki26": 0.35, "Lb_Bh_Ka26": 0.35, "Lb_Dr_Ki26": 0.0, "Lb_Dr_Ka26": 0.0, "Lb_Tr_Ki26": 0.5, "Lb_Tr_Ka26": 0.5, "Lb_TS_Ki26": 0.2, "Lb_TS_Ka26": 0.2, "Lb_Med_26": 0.0, "Lbr_Jbt_26": 8.7, "Bgn_Ats_26": "GTP", "Jns_Jbt_26": "STANDAR", "Thn_Bgn_26": "1995", "BA_26": "1", "LNT_26": "1", "BB_26": "2", "DAS_26": "1", "OP_26": "0", "UT_26": "0", "GR_26": "0", "LB_26": "0", "JBT_26": "2", "Tp_Lnts_26": "SUNGAI", "Dt_Lnts_26": "LURUS", "Pnangnn_26": "RUTIN", "Pmriksn_26": "RUTIN", "Pnglola_26": "BPJN SUMATERA BARAT", "Satkr_ID26": "693876", "PPK_Name26": "PPK 2.4", "Traffic_26": null, "VCR_26": "0.135", "AADT_26": null, "Tipe_Jb_26": null, "Lat_26": -2.27515602143, "Long_26": 101.14986419700001, "Tgl_Ins_26": "9\/28\/2020", "Ket_26": null }, "geometry": { "type": "Point", "coordinates": [ 101.149864197274951, -2.27515602143319 ] } },
{ "type": "Feature", "properties": { "KDRUAS_UPD": "06035", "NOJBT_UPD": "06.035.018.0", "NM_RUAS_UP": "TAPAN - BTS. PROV. BENGKULU", "NM_JBT_UPD": "SUNGAI RUMBAI 2", "PROVINSI": "SUMATERA BARAT", "No_Prov_26": "06", "ID_Jbt_26": "0600487", "Kd_Ruas_26": "06035", "Suffix_26": null, "Nm_Ruas_26": "TAPAN - BTS. PROV. BENGKULU", "Lintas_26": "JALAN LINTAS BARAT", "No_Jbt_26": "06.035.018.0", "Nm_Jbt_26": "SUNGAI RUMBAI 2", "Status_26": "N", "Fungsi_26": "A", "Lks_Dr_26": "PDG", "Lks_km_26": 236.1, "F_STA_26": "2390", "Cadin_26": "PIN", "Pjg_Jbt_26": 25.6, "Btg_Pjg_26": 25.0, "Jml_Btg_26": "1", "Lb_Jl_Ms26": 5.5, "Lb_Jl_Kl26": 5.5, "Lb_Lalin26": 5.5, "Lb_Bh_Ki26": 0.28, "Lb_Bh_Ka26": 0.28, "Lb_Dr_Ki26": 0.0, "Lb_Dr_Ka26": 0.0, "Lb_Tr_Ki26": 0.44, "Lb_Tr_Ka26": 0.44, "Lb_TS_Ki26": 0.0, "Lb_TS_Ka26": 0.0, "Lb_Med_26": 0.0, "Lbr_Jbt_26": 6.94, "Bgn_Ats_26": "GBP", "Jns_Jbt_26": "STANDAR", "Thn_Bgn_26": "1991", "BA_26": "1", "LNT_26": "1", "BB_26": "1", "DAS_26": "1", "OP_26": "0", "UT_26": "0", "GR_26": "0", "LB_26": "0", "JBT_26": "1", "Tp_Lnts_26": "SUNGAI", "Dt_Lnts_26": "LURUS", "Pnangnn_26": "BERKALA", "Pmriksn_26": "TIDAK DISURVEI", "Pnglola_26": "BPJN SUMATERA BARAT", "Satkr_ID26": "693876", "PPK_Name26": "PPK 2.4", "Traffic_26": null, "VCR_26": "0.135", "AADT_26": null, "Tipe_Jb_26": null, "Lat_26": -2.2780449388199999, "Long_26": 101.153930664, "Tgl_Ins_26": "6\/9\/2021", "Ket_26": null }, "geometry": { "type": "Point", "coordinates": [ 101.153930663569326, -2.278044938822802 ] } },
{ "type": "Feature", "properties": { "KDRUAS_UPD": "06035", "NOJBT_UPD": "06.035.019.0", "NM_RUAS_UP": "TAPAN - BTS. PROV. BENGKULU", "NM_JBT_UPD": "RAWA TEMBUSU", "PROVINSI": "SUMATERA BARAT", "No_Prov_26": "06", "ID_Jbt_26": "0600488", "Kd_Ruas_26": "06035", "Suffix_26": null, "Nm_Ruas_26": "TAPAN - BTS. PROV. BENGKULU", "Lintas_26": "JALAN LINTAS BARAT", "No_Jbt_26": "06.035.019.0", "Nm_Jbt_26": "RAWA TEMBUSU", "Status_26": "N", "Fungsi_26": "A", "Lks_Dr_26": "PDG", "Lks_km_26": 236.8, "F_STA_26": "2470", "Cadin_26": "PIN", "Pjg_Jbt_26": 10.7, "Btg_Pjg_26": 3.0, "Jml_Btg_26": "3", "Lb_Jl_Ms26": 6.2, "Lb_Jl_Kl26": 6.2, "Lb_Lalin26": 6.2, "Lb_Bh_Ki26": 0.2, "Lb_Bh_Ka26": 0.2, "Lb_Dr_Ki26": 0.2, "Lb_Dr_Ka26": 0.2, "Lb_Tr_Ki26": 0.6, "Lb_Tr_Ka26": 0.6, "Lb_TS_Ki26": 0.0, "Lb_TS_Ka26": 0.0, "Lb_Med_26": 0.0, "Lbr_Jbt_26": 8.2, "Bgn_Ats_26": "BTP", "Jns_Jbt_26": "STANDAR", "Thn_Bgn_26": "1995", "BA_26": "1", "LNT_26": "1", "BB_26": "0", "DAS_26": "0", "OP_26": "2", "UT_26": "0", "GR_26": "2", "LB_26": "0", "JBT_26": "2", "Tp_Lnts_26": "SUNGAI", "Dt_Lnts_26": "LURUS", "Pnangnn_26": "RUTIN", "Pmriksn_26": "RUTIN", "Pnglola_26": "BPJN SUMATERA BARAT", "Satkr_ID26": "693876", "PPK_Name26": "PPK 2.4", "Traffic_26": null, "VCR_26": "0.135", "AADT_26": null, "Tipe_Jb_26": null, "Lat_26": -2.28260493237, "Long_26": 101.156539917, "Tgl_Ins_26": "8\/14\/2022", "Ket_26": null }, "geometry": { "type": "Point", "coordinates": [ 101.156539916983661, -2.282604932371669 ] } },
{ "type": "Feature", "properties": { "KDRUAS_UPD": "06035", "NOJBT_UPD": "06.035.021.0", "NM_RUAS_UP": "TAPAN - BTS. PROV. BENGKULU", "NM_JBT_UPD": "SUNGAI RUMBAI 4", "PROVINSI": "SUMATERA BARAT", "No_Prov_26": "06", "ID_Jbt_26": "0600490", "Kd_Ruas_26": "06035", "Suffix_26": null, "Nm_Ruas_26": "TAPAN - BTS. PROV. BENGKULU", "Lintas_26": "JALAN LINTAS BARAT", "No_Jbt_26": "06.035.021.0", "Nm_Jbt_26": "SUNGAI RUMBAI 4", "Status_26": "N", "Fungsi_26": "A", "Lks_Dr_26": "PDG", "Lks_km_26": 239.3, "F_STA_26": "2710", "Cadin_26": "PIN", "Pjg_Jbt_26": 18.0, "Btg_Pjg_26": 17.5, "Jml_Btg_26": "1", "Lb_Jl_Ms26": 6.0, "Lb_Jl_Kl26": 6.0, "Lb_Lalin26": 6.0, "Lb_Bh_Ki26": 0.26, "Lb_Bh_Ka26": 0.26, "Lb_Dr_Ki26": 0.28, "Lb_Dr_Ka26": 0.28, "Lb_Tr_Ki26": 0.63, "Lb_Tr_Ka26": 0.63, "Lb_TS_Ki26": 0.23, "Lb_TS_Ka26": 0.23, "Lb_Med_26": 0.0, "Lbr_Jbt_26": 8.8, "Bgn_Ats_26": "GTP", "Jns_Jbt_26": "STANDAR", "Thn_Bgn_26": "1995", "BA_26": "1", "LNT_26": "1", "BB_26": "1", "DAS_26": "0", "OP_26": "2", "UT_26": "0", "GR_26": "0", "LB_26": "0", "JBT_26": "2", "Tp_Lnts_26": "SUNGAI", "Dt_Lnts_26": "LURUS", "Pnangnn_26": "RUTIN", "Pmriksn_26": "DETAIL", "Pnglola_26": "BPJN SUMATERA BARAT", "Satkr_ID26": "693876", "PPK_Name26": "PPK 2.4", "Traffic_26": null, "VCR_26": "0.135", "AADT_26": null, "Tipe_Jb_26": null, "Lat_26": -2.3016979692900001, "Long_26": 101.15460968, "Tgl_Ins_26": "5\/13\/2026", "Ket_26": null }, "geometry": { "type": "Point", "coordinates": [ 101.154609679593079, -2.301697969285783 ] } },
{ "type": "Feature", "properties": { "KDRUAS_UPD": "06035", "NOJBT_UPD": "06.035.022.0", "NM_RUAS_UP": "TAPAN - BTS. PROV. BENGKULU", "NM_JBT_UPD": "SUNGAI NAPA", "PROVINSI": "SUMATERA BARAT", "No_Prov_26": "06", "ID_Jbt_26": "0600491", "Kd_Ruas_26": "06035", "Suffix_26": null, "Nm_Ruas_26": "TAPAN - BTS. PROV. BENGKULU", "Lintas_26": "JALAN LINTAS BARAT", "No_Jbt_26": "06.035.022.0", "Nm_Jbt_26": "SUNGAI NAPA", "Status_26": "N", "Fungsi_26": "A", "Lks_Dr_26": "PDG", "Lks_km_26": 242.2, "F_STA_26": "2850", "Cadin_26": "PIN", "Pjg_Jbt_26": 11.2, "Btg_Pjg_26": 11.2, "Jml_Btg_26": "3", "Lb_Jl_Ms26": 5.0, "Lb_Jl_Kl26": 5.0, "Lb_Lalin26": 5.0, "Lb_Bh_Ki26": 0.6, "Lb_Bh_Ka26": 0.6, "Lb_Dr_Ki26": 0.0, "Lb_Dr_Ka26": 0.0, "Lb_Tr_Ki26": 0.44, "Lb_Tr_Ka26": 0.44, "Lb_TS_Ki26": 0.0, "Lb_TS_Ka26": 0.0, "Lb_Med_26": 0.0, "Lbr_Jbt_26": 7.08, "Bgn_Ats_26": "BTP", "Jns_Jbt_26": "STANDAR", "Thn_Bgn_26": "1992", "BA_26": "1", "LNT_26": "1", "BB_26": "0", "DAS_26": "1", "OP_26": "0", "UT_26": "0", "GR_26": "0", "LB_26": "0", "JBT_26": "1", "Tp_Lnts_26": "SUNGAI", "Dt_Lnts_26": "LURUS", "Pnangnn_26": "RUTIN", "Pmriksn_26": "TIDAK DISURVEI", "Pnglola_26": "BPJN SUMATERA BARAT", "Satkr_ID26": "693876", "PPK_Name26": "PPK 2.4", "Traffic_26": null, "VCR_26": "0.135", "AADT_26": null, "Tipe_Jb_26": null, "Lat_26": -2.3087430000900002, "Long_26": 101.163986206, "Tgl_Ins_26": "9\/28\/2020", "Ket_26": null }, "geometry": { "type": "Point", "coordinates": [ 101.163986206398363, -2.308743000089351 ] } },
{ "type": "Feature", "properties": { "KDRUAS_UPD": "06035", "NOJBT_UPD": "06.035.023.0", "NM_RUAS_UP": "TAPAN - BTS. PROV. BENGKULU", "NM_JBT_UPD": "SUNGAI SINDANG", "PROVINSI": "SUMATERA BARAT", "No_Prov_26": "06", "ID_Jbt_26": "0600492", "Kd_Ruas_26": "06035", "Suffix_26": null, "Nm_Ruas_26": "TAPAN - BTS. PROV. BENGKULU", "Lintas_26": "JALAN LINTAS BARAT", "No_Jbt_26": "06.035.023.0", "Nm_Jbt_26": "SUNGAI SINDANG", "Status_26": "N", "Fungsi_26": "A", "Lks_Dr_26": "PDG", "Lks_km_26": 242.9, "F_STA_26": "3020", "Cadin_26": "PIN", "Pjg_Jbt_26": 25.5, "Btg_Pjg_26": 25.0, "Jml_Btg_26": "1", "Lb_Jl_Ms26": 5.2, "Lb_Jl_Kl26": 5.2, "Lb_Lalin26": 5.2, "Lb_Bh_Ki26": 0.32, "Lb_Bh_Ka26": 0.32, "Lb_Dr_Ki26": 0.15, "Lb_Dr_Ka26": 0.15, "Lb_Tr_Ki26": 0.5, "Lb_Tr_Ka26": 0.5, "Lb_TS_Ki26": 0.0, "Lb_TS_Ka26": 0.0, "Lb_Med_26": 0.0, "Lbr_Jbt_26": 7.14, "Bgn_Ats_26": "GBP", "Jns_Jbt_26": "STANDAR", "Thn_Bgn_26": "1990", "BA_26": "2", "LNT_26": "1", "BB_26": "1", "DAS_26": "2", "OP_26": "0", "UT_26": "0", "GR_26": "0", "LB_26": "0", "JBT_26": "2", "Tp_Lnts_26": "SUNGAI", "Dt_Lnts_26": "LURUS", "Pnangnn_26": "RUTIN", "Pmriksn_26": "RUTIN", "Pnglola_26": "BPJN SUMATERA BARAT", "Satkr_ID26": "693876", "PPK_Name26": "PPK 2.4", "Traffic_26": null, "VCR_26": "0.135", "AADT_26": null, "Tipe_Jb_26": null, "Lat_26": -2.3202550408399998, "Long_26": 101.163719177, "Tgl_Ins_26": "9\/28\/2020", "Ket_26": null }, "geometry": { "type": "Point", "coordinates": [ 101.163719176998484, -2.320255040837424 ] } },
{ "type": "Feature", "properties": { "KDRUAS_UPD": "06035", "NOJBT_UPD": "06.035.024.0", "NM_RUAS_UP": "TAPAN - BTS. PROV. BENGKULU", "NM_JBT_UPD": "PANADA", "PROVINSI": "SUMATERA BARAT", "No_Prov_26": "06", "ID_Jbt_26": "0600493", "Kd_Ruas_26": "06035", "Suffix_26": null, "Nm_Ruas_26": "TAPAN - BTS. PROV. BENGKULU", "Lintas_26": "JALAN LINTAS BARAT", "No_Jbt_26": "06.035.024.0", "Nm_Jbt_26": "PANADA", "Status_26": "N", "Fungsi_26": "A", "Lks_Dr_26": "PDG", "Lks_km_26": 243.9, "F_STA_26": "3080", "Cadin_26": "PIN", "Pjg_Jbt_26": 15.8, "Btg_Pjg_26": 15.0, "Jml_Btg_26": "1", "Lb_Jl_Ms26": 5.6, "Lb_Jl_Kl26": 5.6, "Lb_Lalin26": 5.6, "Lb_Bh_Ki26": 0.4, "Lb_Bh_Ka26": 0.4, "Lb_Dr_Ki26": 0.0, "Lb_Dr_Ka26": 0.0, "Lb_Tr_Ki26": 0.43, "Lb_Tr_Ka26": 0.43, "Lb_TS_Ki26": 0.27, "Lb_TS_Ka26": 0.27, "Lb_Med_26": 0.0, "Lbr_Jbt_26": 7.8, "Bgn_Ats_26": "GTP", "Jns_Jbt_26": "STANDAR", "Thn_Bgn_26": "1992", "BA_26": "1", "LNT_26": "1", "BB_26": "1", "DAS_26": "1", "OP_26": "0", "UT_26": "0", "GR_26": "0", "LB_26": "0", "JBT_26": "1", "Tp_Lnts_26": "SUNGAI", "Dt_Lnts_26": "LURUS", "Pnangnn_26": "RUTIN", "Pmriksn_26": "TIDAK DISURVEI", "Pnglola_26": "BPJN SUMATERA BARAT", "Satkr_ID26": "693876", "PPK_Name26": "PPK 2.4", "Traffic_26": null, "VCR_26": "0.135", "AADT_26": null, "Tipe_Jb_26": null, "Lat_26": -2.32316803937, "Long_26": 101.15978241000002, "Tgl_Ins_26": "9\/28\/2020", "Ket_26": null }, "geometry": { "type": "Point", "coordinates": [ 101.159782410030232, -2.323168039373456 ] } },
{ "type": "Feature", "properties": { "KDRUAS_UPD": "06035", "NOJBT_UPD": "06.035.025.0", "NM_RUAS_UP": "TAPAN - BTS. PROV. BENGKULU", "NM_JBT_UPD": "TALANG LANGKAP", "PROVINSI": "SUMATERA BARAT", "No_Prov_26": "06", "ID_Jbt_26": "0600494", "Kd_Ruas_26": "06035", "Suffix_26": null, "Nm_Ruas_26": "TAPAN - BTS. PROV. BENGKULU", "Lintas_26": "JALAN LINTAS BARAT", "No_Jbt_26": "06.035.025.0", "Nm_Jbt_26": "TALANG LANGKAP", "Status_26": "N", "Fungsi_26": "A", "Lks_Dr_26": "PDG", "Lks_km_26": 246.6, "F_STA_26": "3350", "Cadin_26": "PIN", "Pjg_Jbt_26": 6.0, "Btg_Pjg_26": 6.0, "Jml_Btg_26": "2", "Lb_Jl_Ms26": 6.0, "Lb_Jl_Kl26": 6.0, "Lb_Lalin26": 6.0, "Lb_Bh_Ki26": 0.58, "Lb_Bh_Ka26": 0.58, "Lb_Dr_Ki26": 0.0, "Lb_Dr_Ka26": 0.0, "Lb_Tr_Ki26": 1.18, "Lb_Tr_Ka26": 1.18, "Lb_TS_Ki26": 0.0, "Lb_TS_Ka26": 0.0, "Lb_Med_26": 0.0, "Lbr_Jbt_26": 9.52, "Bgn_Ats_26": "BTP", "Jns_Jbt_26": "STANDAR", "Thn_Bgn_26": "1994", "BA_26": "1", "LNT_26": "1", "BB_26": "0", "DAS_26": "1", "OP_26": "0", "UT_26": "0", "GR_26": "0", "LB_26": "0", "JBT_26": "1", "Tp_Lnts_26": "SUNGAI", "Dt_Lnts_26": "LURUS", "Pnangnn_26": "BERKALA", "Pmriksn_26": "RUTIN", "Pnglola_26": "BPJN SUMATERA BARAT", "Satkr_ID26": "693876", "PPK_Name26": "PPK 2.4", "Traffic_26": null, "VCR_26": "0.135", "AADT_26": null, "Tipe_Jb_26": null, "Lat_26": -2.3417539593800001, "Long_26": 101.14909362800002, "Tgl_Ins_26": "9\/28\/2020", "Ket_26": null }, "geometry": { "type": "Point", "coordinates": [ 101.149093627568902, -2.341753959377684 ] } },
{ "type": "Feature", "properties": { "KDRUAS_UPD": "06035", "NOJBT_UPD": "06.035.026.0", "NM_RUAS_UP": "TAPAN - BTS. PROV. BENGKULU", "NM_JBT_UPD": "SUNGAI SILAUT", "PROVINSI": "SUMATERA BARAT", "No_Prov_26": "06", "ID_Jbt_26": "0600495", "Kd_Ruas_26": "06035", "Suffix_26": null, "Nm_Ruas_26": "TAPAN - BTS. PROV. BENGKULU", "Lintas_26": "JALAN LINTAS BARAT", "No_Jbt_26": "06.035.026.0", "Nm_Jbt_26": "SUNGAI SILAUT", "Status_26": "N", "Fungsi_26": "A", "Lks_Dr_26": "PDG", "Lks_km_26": 248.13, "F_STA_26": "3560", "Cadin_26": "PIN", "Pjg_Jbt_26": 61.1, "Btg_Pjg_26": 60.5, "Jml_Btg_26": "1", "Lb_Jl_Ms26": 5.9, "Lb_Jl_Kl26": 5.9, "Lb_Lalin26": 5.9, "Lb_Bh_Ki26": 0.58, "Lb_Bh_Ka26": 0.58, "Lb_Dr_Ki26": 0.0, "Lb_Dr_Ka26": 0.0, "Lb_Tr_Ki26": 0.95, "Lb_Tr_Ka26": 0.95, "Lb_TS_Ki26": 0.0, "Lb_TS_Ka26": 0.0, "Lb_Med_26": 0.0, "Lbr_Jbt_26": 8.96, "Bgn_Ats_26": "RBA", "Jns_Jbt_26": "STANDAR", "Thn_Bgn_26": "1988", "BA_26": "3", "LNT_26": "3", "BB_26": "2", "DAS_26": "0", "OP_26": "1", "UT_26": "1", "GR_26": "0", "LB_26": "0", "JBT_26": "3", "Tp_Lnts_26": "SUNGAI", "Dt_Lnts_26": "LURUS", "Pnangnn_26": "REHAB", "Pmriksn_26": "DETAIL", "Pnglola_26": "BPJN SUMATERA BARAT", "Satkr_ID26": "693876", "PPK_Name26": "PPK 2.4", "Traffic_26": null, "VCR_26": "0.135", "AADT_26": null, "Tipe_Jb_26": null, "Lat_26": -2.35864090895, "Long_26": 101.1404953, "Tgl_Ins_26": "5\/14\/2026", "Ket_26": null }, "geometry": { "type": "Point", "coordinates": [ 101.140495300317923, -2.358640908950747 ] } },
{ "type": "Feature", "properties": { "KDRUAS_UPD": "06035", "NOJBT_UPD": "06.035.027.0", "NM_RUAS_UP": "TAPAN - BTS. PROV. BENGKULU", "NM_JBT_UPD": "SUNGAI SIRAH", "PROVINSI": "SUMATERA BARAT", "No_Prov_26": "06", "ID_Jbt_26": "0600496", "Kd_Ruas_26": "06035", "Suffix_26": null, "Nm_Ruas_26": "TAPAN - BTS. PROV. BENGKULU", "Lintas_26": "JALAN LINTAS BARAT", "No_Jbt_26": "06.035.027.0", "Nm_Jbt_26": "SUNGAI SIRAH", "Status_26": "N", "Fungsi_26": "A", "Lks_Dr_26": "PDG", "Lks_km_26": 248.8, "F_STA_26": "3620", "Cadin_26": "PIN", "Pjg_Jbt_26": 25.7, "Btg_Pjg_26": 25.0, "Jml_Btg_26": "1", "Lb_Jl_Ms26": 5.4, "Lb_Jl_Kl26": 5.4, "Lb_Lalin26": 5.4, "Lb_Bh_Ki26": 0.35, "Lb_Bh_Ka26": 0.35, "Lb_Dr_Ki26": 0.0, "Lb_Dr_Ka26": 0.0, "Lb_Tr_Ki26": 0.45, "Lb_Tr_Ka26": 0.45, "Lb_TS_Ki26": 0.0, "Lb_TS_Ka26": 0.0, "Lb_Med_26": 0.0, "Lbr_Jbt_26": 7.0, "Bgn_Ats_26": "GBP", "Jns_Jbt_26": "STANDAR", "Thn_Bgn_26": "1991", "BA_26": "1", "LNT_26": "1", "BB_26": "1", "DAS_26": "1", "OP_26": "0", "UT_26": "0", "GR_26": "0", "LB_26": "0", "JBT_26": "1", "Tp_Lnts_26": "SUNGAI", "Dt_Lnts_26": "LURUS", "Pnangnn_26": "RUTIN", "Pmriksn_26": "TIDAK DISURVEI", "Pnglola_26": "BPJN SUMATERA BARAT", "Satkr_ID26": "693876", "PPK_Name26": "PPK 2.4", "Traffic_26": null, "VCR_26": "0.135", "AADT_26": null, "Tipe_Jb_26": null, "Lat_26": -2.3637700078799999, "Long_26": 101.140266418, "Tgl_Ins_26": "9\/28\/2020", "Ket_26": null }, "geometry": { "type": "Point", "coordinates": [ 101.140266418360568, -2.363770007879509 ] } },
{ "type": "Feature", "properties": { "KDRUAS_UPD": "06035", "NOJBT_UPD": "06.035.028.0", "NM_RUAS_UP": "TAPAN - BTS. PROV. BENGKULU", "NM_JBT_UPD": "SUNGAI SARIK", "PROVINSI": "SUMATERA BARAT", "No_Prov_26": "06", "ID_Jbt_26": "0600497", "Kd_Ruas_26": "06035", "Suffix_26": null, "Nm_Ruas_26": "TAPAN - BTS. PROV. BENGKULU", "Lintas_26": "JALAN LINTAS BARAT", "No_Jbt_26": "06.035.028.0", "Nm_Jbt_26": "SUNGAI SARIK", "Status_26": "N", "Fungsi_26": "A", "Lks_Dr_26": "PDG", "Lks_km_26": 250.65, "F_STA_26": "3940", "Cadin_26": "PIN", "Pjg_Jbt_26": 17.2, "Btg_Pjg_26": 17.0, "Jml_Btg_26": "1", "Lb_Jl_Ms26": 6.5, "Lb_Jl_Kl26": 6.5, "Lb_Lalin26": 6.5, "Lb_Bh_Ki26": 0.26, "Lb_Bh_Ka26": 0.26, "Lb_Dr_Ki26": 0.0, "Lb_Dr_Ka26": 0.0, "Lb_Tr_Ki26": 0.98, "Lb_Tr_Ka26": 0.98, "Lb_TS_Ki26": 0.0, "Lb_TS_Ka26": 0.0, "Lb_Med_26": 0.0, "Lbr_Jbt_26": 8.98, "Bgn_Ats_26": "GTP", "Jns_Jbt_26": "STANDAR", "Thn_Bgn_26": "1978", "BA_26": "2", "LNT_26": "2", "BB_26": "0", "DAS_26": "2", "OP_26": "0", "UT_26": "0", "GR_26": "0", "LB_26": "0", "JBT_26": "2", "Tp_Lnts_26": "SUNGAI", "Dt_Lnts_26": "LURUS", "Pnangnn_26": "RUTIN", "Pmriksn_26": "RUTIN", "Pnglola_26": "BPJN SUMATERA BARAT", "Satkr_ID26": "693876", "PPK_Name26": "PPK 2.4", "Traffic_26": null, "VCR_26": "0.135", "AADT_26": null, "Tipe_Jb_26": null, "Lat_26": -2.3872408869599999, "Long_26": 101.151893616, "Tgl_Ins_26": "6\/27\/2024", "Ket_26": null }, "geometry": { "type": "Point", "coordinates": [ 101.151893616397331, -2.387240886957329 ] } },
{ "type": "Feature", "properties": { "KDRUAS_UPD": "06036", "NOJBT_UPD": "06.036.001.0", "NM_RUAS_UP": "BTS. PROV. RIAU - BTS. KOTA PAYAKUMBUH", "NM_JBT_UPD": "BATANG SINAMAR", "PROVINSI": "SUMATERA BARAT", "No_Prov_26": "06", "ID_Jbt_26": "0600498", "Kd_Ruas_26": "06036", "Suffix_26": null, "Nm_Ruas_26": "BTS. PROV. RIAU - BTS. KOTA PAYAKUMBUH", "Lintas_26": "JALAN PENGHUBUNG LINTAS", "No_Jbt_26": "06.036.001.0", "Nm_Jbt_26": "BATANG SINAMAR", "Status_26": "N", "Fungsi_26": "A", "Lks_Dr_26": "PDG", "Lks_km_26": 130.0, "F_STA_26": "40", "Cadin_26": "PYK", "Pjg_Jbt_26": 52.6, "Btg_Pjg_26": 35.0, "Jml_Btg_26": "2", "Lb_Jl_Ms26": 6.15, "Lb_Jl_Kl26": 6.15, "Lb_Lalin26": 6.15, "Lb_Bh_Ki26": 0.38, "Lb_Bh_Ka26": 0.68, "Lb_Dr_Ki26": 0.36, "Lb_Dr_Ka26": 0.27, "Lb_Tr_Ki26": 0.88, "Lb_Tr_Ka26": 0.9, "Lb_TS_Ki26": 0.14, "Lb_TS_Ka26": 0.14, "Lb_Med_26": 0.0, "Lbr_Jbt_26": 9.9, "Bgn_Ats_26": "GPP", "Jns_Jbt_26": "STANDAR", "Thn_Bgn_26": "1982", "BA_26": "2", "LNT_26": "2", "BB_26": "2", "DAS_26": "2", "OP_26": "0", "UT_26": "0", "GR_26": "0", "LB_26": "0", "JBT_26": "2", "Tp_Lnts_26": "SUNGAI", "Dt_Lnts_26": "BERKELOK", "Pnangnn_26": "RUTIN", "Pmriksn_26": "RUTIN", "Pnglola_26": "BPJN SUMATERA BARAT", "Satkr_ID26": "693875", "PPK_Name26": "PPK 1.2", "Traffic_26": null, "VCR_26": "1.118", "AADT_26": null, "Tipe_Jb_26": null, "Lat_26": -0.184204995964, "Long_26": 100.655334473, "Tgl_Ins_26": "6\/25\/2024", "Ket_26": null }, "geometry": { "type": "Point", "coordinates": [ 100.655334473007599, -0.184204995963739 ] } },
{ "type": "Feature", "properties": { "KDRUAS_UPD": "06036", "NOJBT_UPD": "06.036.002.0", "NM_RUAS_UP": "BTS. PROV. RIAU - BTS. KOTA PAYAKUMBUH", "NM_JBT_UPD": "BATANG HARAU", "PROVINSI": "SUMATERA BARAT", "No_Prov_26": "06", "ID_Jbt_26": "0600499", "Kd_Ruas_26": "06036", "Suffix_26": null, "Nm_Ruas_26": "BTS. PROV. RIAU - BTS. KOTA PAYAKUMBUH", "Lintas_26": "JALAN PENGHUBUNG LINTAS", "No_Jbt_26": "06.036.002.0", "Nm_Jbt_26": "BATANG HARAU", "Status_26": "N", "Fungsi_26": "A", "Lks_Dr_26": "PDG", "Lks_km_26": 134.16, "F_STA_26": "450", "Cadin_26": "PYK", "Pjg_Jbt_26": 20.7, "Btg_Pjg_26": 20.0, "Jml_Btg_26": "1", "Lb_Jl_Ms26": 6.0, "Lb_Jl_Kl26": 6.0, "Lb_Lalin26": 6.0, "Lb_Bh_Ki26": 0.43, "Lb_Bh_Ka26": 0.35, "Lb_Dr_Ki26": 0.2, "Lb_Dr_Ka26": 0.15, "Lb_Tr_Ki26": 1.0, "Lb_Tr_Ka26": 1.11, "Lb_TS_Ki26": 0.23, "Lb_TS_Ka26": 0.23, "Lb_Med_26": 0.0, "Lbr_Jbt_26": 9.7, "Bgn_Ats_26": "GTP", "Jns_Jbt_26": "STANDAR", "Thn_Bgn_26": "1975", "BA_26": "1", "LNT_26": "1", "BB_26": "2", "DAS_26": "2", "OP_26": "2", "UT_26": "0", "GR_26": "0", "LB_26": "0", "JBT_26": "2", "Tp_Lnts_26": "SUNGAI", "Dt_Lnts_26": "BERKELOK", "Pnangnn_26": "RUTIN", "Pmriksn_26": "RUTIN", "Pnglola_26": "BPJN SUMATERA BARAT", "Satkr_ID26": "693875", "PPK_Name26": "PPK 1.2", "Traffic_26": null, "VCR_26": "1.118", "AADT_26": null, "Tipe_Jb_26": null, "Lat_26": -0.15052099484799999, "Long_26": 100.664024353, "Tgl_Ins_26": "6\/25\/2024", "Ket_26": null }, "geometry": { "type": "Point", "coordinates": [ 100.664024353041498, -0.150520994847966 ] } },
{ "type": "Feature", "properties": { "KDRUAS_UPD": "06036", "NOJBT_UPD": "06.036.003.0", "NM_RUAS_UP": "BTS. PROV. RIAU - BTS. KOTA PAYAKUMBUH", "NM_JBT_UPD": "LUBUK BANGKU\/S. NA", "PROVINSI": "SUMATERA BARAT", "No_Prov_26": "06", "ID_Jbt_26": "0600500", "Kd_Ruas_26": "06036", "Suffix_26": null, "Nm_Ruas_26": "BTS. PROV. RIAU - BTS. KOTA PAYAKUMBUH", "Lintas_26": "JALAN PENGHUBUNG LINTAS", "No_Jbt_26": "06.036.003.0", "Nm_Jbt_26": "LUBUK BANGKU\/S. NA", "Status_26": "N", "Fungsi_26": "A", "Lks_Dr_26": "PDG", "Lks_km_26": 143.8, "F_STA_26": "1360", "Cadin_26": "PYK", "Pjg_Jbt_26": 11.0, "Btg_Pjg_26": 10.5, "Jml_Btg_26": "1", "Lb_Jl_Ms26": 6.6, "Lb_Jl_Kl26": 6.6, "Lb_Lalin26": 6.6, "Lb_Bh_Ki26": 0.0, "Lb_Bh_Ka26": 0.0, "Lb_Dr_Ki26": 0.0, "Lb_Dr_Ka26": 0.0, "Lb_Tr_Ki26": 0.49, "Lb_Tr_Ka26": 0.48, "Lb_TS_Ki26": 0.365, "Lb_TS_Ka26": 0.365, "Lb_Med_26": 0.0, "Lbr_Jbt_26": 8.3, "Bgn_Ats_26": "GTP", "Jns_Jbt_26": "STANDAR", "Thn_Bgn_26": "1993", "BA_26": "2", "LNT_26": "1", "BB_26": "1", "DAS_26": "2", "OP_26": "0", "UT_26": "0", "GR_26": "0", "LB_26": "0", "JBT_26": "2", "Tp_Lnts_26": "SUNGAI", "Dt_Lnts_26": "BERKELOK", "Pnangnn_26": "RUTIN", "Pmriksn_26": "RUTIN", "Pnglola_26": "BPJN SUMATERA BARAT", "Satkr_ID26": "693875", "PPK_Name26": "PPK 1.2", "Traffic_26": null, "VCR_26": "1.118", "AADT_26": null, "Tipe_Jb_26": null, "Lat_26": -0.095241002370300004, "Long_26": 100.69514465300001, "Tgl_Ins_26": "10\/7\/2020", "Ket_26": null }, "geometry": { "type": "Point", "coordinates": [ 100.695144653203215, -0.095241002370301 ] } },
{ "type": "Feature", "properties": { "KDRUAS_UPD": "06036", "NOJBT_UPD": "06.036.005.0", "NM_RUAS_UP": "BTS. PROV. RIAU - BTS. KOTA PAYAKUMBUH", "NM_JBT_UPD": "SUNGAI NANAS 1", "PROVINSI": "SUMATERA BARAT", "No_Prov_26": "06", "ID_Jbt_26": "0600502", "Kd_Ruas_26": "06036", "Suffix_26": null, "Nm_Ruas_26": "BTS. PROV. RIAU - BTS. KOTA PAYAKUMBUH", "Lintas_26": "JALAN PENGHUBUNG LINTAS", "No_Jbt_26": "06.036.005.0", "Nm_Jbt_26": "SUNGAI NANAS 1", "Status_26": "N", "Fungsi_26": "A", "Lks_Dr_26": "PDG", "Lks_km_26": 143.8, "F_STA_26": "1450", "Cadin_26": "PYK", "Pjg_Jbt_26": 11.0, "Btg_Pjg_26": 10.5, "Jml_Btg_26": "1", "Lb_Jl_Ms26": 6.2, "Lb_Jl_Kl26": 6.2, "Lb_Lalin26": 6.2, "Lb_Bh_Ki26": 0.22, "Lb_Bh_Ka26": 0.4, "Lb_Dr_Ki26": 0.1, "Lb_Dr_Ka26": 0.1, "Lb_Tr_Ki26": 0.48, "Lb_Tr_Ka26": 0.49, "Lb_TS_Ki26": 0.255, "Lb_TS_Ka26": 0.255, "Lb_Med_26": 0.0, "Lbr_Jbt_26": 8.5, "Bgn_Ats_26": "GTP", "Jns_Jbt_26": "STANDAR", "Thn_Bgn_26": "1993", "BA_26": "1", "LNT_26": "1", "BB_26": "1", "DAS_26": "1", "OP_26": "0", "UT_26": "0", "GR_26": "0", "LB_26": "0", "JBT_26": "1", "Tp_Lnts_26": "SUNGAI", "Dt_Lnts_26": "BERJALIN", "Pnangnn_26": "RUTIN", "Pmriksn_26": "TIDAK DISURVEI", "Pnglola_26": "BPJN SUMATERA BARAT", "Satkr_ID26": "693875", "PPK_Name26": "PPK 1.2", "Traffic_26": null, "VCR_26": "1.118", "AADT_26": null, "Tipe_Jb_26": null, "Lat_26": -0.087718002583699994, "Long_26": 100.69784545900001, "Tgl_Ins_26": "10\/7\/2020", "Ket_26": null }, "geometry": { "type": "Point", "coordinates": [ 100.697845459400469, -0.087718002583699 ] } },
{ "type": "Feature", "properties": { "KDRUAS_UPD": "06036", "NOJBT_UPD": "06.036.006.0", "NM_RUAS_UP": "BTS. PROV. RIAU - BTS. KOTA PAYAKUMBUH", "NM_JBT_UPD": "NGALAU AGAM", "PROVINSI": "SUMATERA BARAT", "No_Prov_26": "06", "ID_Jbt_26": "0600503", "Kd_Ruas_26": "06036", "Suffix_26": null, "Nm_Ruas_26": "BTS. PROV. RIAU - BTS. KOTA PAYAKUMBUH", "Lintas_26": "JALAN PENGHUBUNG LINTAS", "No_Jbt_26": "06.036.006.0", "Nm_Jbt_26": "NGALAU AGAM", "Status_26": "N", "Fungsi_26": "A", "Lks_Dr_26": "PDG", "Lks_km_26": 144.4, "F_STA_26": "1480", "Cadin_26": "PYK", "Pjg_Jbt_26": 10.8, "Btg_Pjg_26": 10.3, "Jml_Btg_26": "1", "Lb_Jl_Ms26": 6.0, "Lb_Jl_Kl26": 6.0, "Lb_Lalin26": 6.0, "Lb_Bh_Ki26": 0.3, "Lb_Bh_Ka26": 0.41, "Lb_Dr_Ki26": 0.15, "Lb_Dr_Ka26": 0.0, "Lb_Tr_Ki26": 0.46, "Lb_Tr_Ka26": 0.5, "Lb_TS_Ki26": 0.215, "Lb_TS_Ka26": 0.215, "Lb_Med_26": 0.0, "Lbr_Jbt_26": 8.25, "Bgn_Ats_26": "GTP", "Jns_Jbt_26": "STANDAR", "Thn_Bgn_26": "1993", "BA_26": "2", "LNT_26": "1", "BB_26": "1", "DAS_26": "2", "OP_26": "0", "UT_26": "0", "GR_26": "0", "LB_26": "0", "JBT_26": "2", "Tp_Lnts_26": "SUNGAI", "Dt_Lnts_26": "BERKELOK", "Pnangnn_26": "RUTIN", "Pmriksn_26": "RUTIN", "Pnglola_26": "BPJN SUMATERA BARAT", "Satkr_ID26": "693875", "PPK_Name26": "PPK 1.2", "Traffic_26": null, "VCR_26": "1.118", "AADT_26": null, "Tipe_Jb_26": null, "Lat_26": -0.085745997979399996, "Long_26": 100.69847869900001, "Tgl_Ins_26": "10\/7\/2020", "Ket_26": null }, "geometry": { "type": "Point", "coordinates": [ 100.698478699032819, -0.085745997979359 ] } },
{ "type": "Feature", "properties": { "KDRUAS_UPD": "06036", "NOJBT_UPD": "06.036.008.0", "NM_RUAS_UP": "BTS. PROV. RIAU - BTS. KOTA PAYAKUMBUH", "NM_JBT_UPD": "AIR SIRAH", "PROVINSI": "SUMATERA BARAT", "No_Prov_26": "06", "ID_Jbt_26": "0600504", "Kd_Ruas_26": "06036", "Suffix_26": null, "Nm_Ruas_26": "BTS. PROV. RIAU - BTS. KOTA PAYAKUMBUH", "Lintas_26": "JALAN PENGHUBUNG LINTAS", "No_Jbt_26": "06.036.008.0", "Nm_Jbt_26": "AIR SIRAH", "Status_26": "N", "Fungsi_26": "A", "Lks_Dr_26": "PDG", "Lks_km_26": 145.57, "F_STA_26": "1550", "Cadin_26": "PYK", "Pjg_Jbt_26": 31.0, "Btg_Pjg_26": 30.5, "Jml_Btg_26": "1", "Lb_Jl_Ms26": 6.25, "Lb_Jl_Kl26": 6.25, "Lb_Lalin26": 6.25, "Lb_Bh_Ki26": 0.46, "Lb_Bh_Ka26": 0.34, "Lb_Dr_Ki26": 0.0, "Lb_Dr_Ka26": 0.0, "Lb_Tr_Ki26": 1.01, "Lb_Tr_Ka26": 1.01, "Lb_TS_Ki26": 0.0, "Lb_TS_Ka26": 0.0, "Lb_Med_26": 0.0, "Lbr_Jbt_26": 9.07, "Bgn_Ats_26": "GBP", "Jns_Jbt_26": "STANDAR", "Thn_Bgn_26": "1993", "BA_26": "2", "LNT_26": "2", "BB_26": "2", "DAS_26": "2", "OP_26": "1", "UT_26": "1", "GR_26": "0", "LB_26": "0", "JBT_26": "2", "Tp_Lnts_26": "SUNGAI", "Dt_Lnts_26": "BERKELOK", "Pnangnn_26": "RUTIN", "Pmriksn_26": "DETAIL", "Pnglola_26": "BPJN SUMATERA BARAT", "Satkr_ID26": "693875", "PPK_Name26": "PPK 1.2", "Traffic_26": null, "VCR_26": "1.118", "AADT_26": null, "Tipe_Jb_26": null, "Lat_26": -0.0795599968963, "Long_26": 100.699356079, "Tgl_Ins_26": "5\/28\/2026", "Ket_26": null }, "geometry": { "type": "Point", "coordinates": [ 100.699356079419601, -0.079559996896307 ] } },
{ "type": "Feature", "properties": { "KDRUAS_UPD": "06036", "NOJBT_UPD": "06.036.009.0", "NM_RUAS_UP": "BTS. PROV. RIAU - BTS. KOTA PAYAKUMBUH", "NM_JBT_UPD": "KELOK IX 1", "PROVINSI": "SUMATERA BARAT", "No_Prov_26": "06", "ID_Jbt_26": "0600505", "Kd_Ruas_26": "06036", "Suffix_26": null, "Nm_Ruas_26": "BTS. PROV. RIAU - BTS. KOTA PAYAKUMBUH", "Lintas_26": "JALAN PENGHUBUNG LINTAS", "No_Jbt_26": "06.036.009.0", "Nm_Jbt_26": "KELOK IX 1", "Status_26": "N", "Fungsi_26": "A", "Lks_Dr_26": "PDG", "Lks_km_26": 146.1, "F_STA_26": "1640", "Cadin_26": "PYK", "Pjg_Jbt_26": 24.3, "Btg_Pjg_26": 24.0, "Jml_Btg_26": "1", "Lb_Jl_Ms26": 7.7, "Lb_Jl_Kl26": 7.7, "Lb_Lalin26": 7.7, "Lb_Bh_Ki26": 3.0, "Lb_Bh_Ka26": 3.1, "Lb_Dr_Ki26": 0.0, "Lb_Dr_Ka26": 0.0, "Lb_Tr_Ki26": 0.0, "Lb_Tr_Ka26": 0.0, "Lb_TS_Ki26": 0.2, "Lb_TS_Ka26": 0.2, "Lb_Med_26": 0.0, "Lbr_Jbt_26": 14.2, "Bgn_Ats_26": "OPP", "Jns_Jbt_26": "STANDAR", "Thn_Bgn_26": "2012", "BA_26": "1", "LNT_26": "1", "BB_26": "1", "DAS_26": "2", "OP_26": "0", "UT_26": "0", "GR_26": "0", "LB_26": "0", "JBT_26": "2", "Tp_Lnts_26": "SUNGAI", "Dt_Lnts_26": "LURUS", "Pnangnn_26": "RUTIN", "Pmriksn_26": "RUTIN", "Pnglola_26": "BPJN SUMATERA BARAT", "Satkr_ID26": "693875", "PPK_Name26": "PPK 1.2", "Traffic_26": null, "VCR_26": "1.118", "AADT_26": null, "Tipe_Jb_26": null, "Lat_26": -0.071732997479799998, "Long_26": 100.69868469200001, "Tgl_Ins_26": "10\/8\/2020", "Ket_26": null }, "geometry": { "type": "Point", "coordinates": [ 100.698684692344727, -0.071732997479785 ] } },
{ "type": "Feature", "properties": { "KDRUAS_UPD": "06036", "NOJBT_UPD": "06.036.010.0", "NM_RUAS_UP": "BTS. PROV. RIAU - BTS. KOTA PAYAKUMBUH", "NM_JBT_UPD": "KELOK IX 2", "PROVINSI": "SUMATERA BARAT", "No_Prov_26": "06", "ID_Jbt_26": "0600506", "Kd_Ruas_26": "06036", "Suffix_26": null, "Nm_Ruas_26": "BTS. PROV. RIAU - BTS. KOTA PAYAKUMBUH", "Lintas_26": "JALAN PENGHUBUNG LINTAS", "No_Jbt_26": "06.036.010.0", "Nm_Jbt_26": "KELOK IX 2", "Status_26": "N", "Fungsi_26": "A", "Lks_Dr_26": "PDG", "Lks_km_26": 146.24, "F_STA_26": "1660", "Cadin_26": "PYK", "Pjg_Jbt_26": 230.0, "Btg_Pjg_26": 43.0, "Jml_Btg_26": "9", "Lb_Jl_Ms26": 10.7, "Lb_Jl_Kl26": 10.7, "Lb_Lalin26": 10.7, "Lb_Bh_Ki26": 1.63, "Lb_Bh_Ka26": 1.7, "Lb_Dr_Ki26": 0.0, "Lb_Dr_Ka26": 0.0, "Lb_Tr_Ki26": 0.0, "Lb_Tr_Ka26": 0.0, "Lb_TS_Ki26": 0.185, "Lb_TS_Ka26": 0.185, "Lb_Med_26": 0.0, "Lbr_Jbt_26": 14.4, "Bgn_Ats_26": "OPP", "Jns_Jbt_26": "STANDAR", "Thn_Bgn_26": "2013", "BA_26": "1", "LNT_26": "0", "BB_26": "0", "DAS_26": "1", "OP_26": "0", "UT_26": "1", "GR_26": "0", "LB_26": "0", "JBT_26": "1", "Tp_Lnts_26": "SUNGAI", "Dt_Lnts_26": "LURUS", "Pnangnn_26": "RUTIN", "Pmriksn_26": "RUTIN", "Pnglola_26": "BPJN SUMATERA BARAT", "Satkr_ID26": "693875", "PPK_Name26": "PPK 1.2", "Traffic_26": null, "VCR_26": "1.118", "AADT_26": null, "Tipe_Jb_26": null, "Lat_26": -0.073242001417199998, "Long_26": 100.698448181, "Tgl_Ins_26": "8\/31\/2022", "Ket_26": null }, "geometry": { "type": "Point", "coordinates": [ 100.698448181438494, -0.073242001417157 ] } },
{ "type": "Feature", "properties": { "KDRUAS_UPD": "06036", "NOJBT_UPD": "06.036.012.0", "NM_RUAS_UP": "BTS. PROV. RIAU - BTS. KOTA PAYAKUMBUH", "NM_JBT_UPD": "KELOK IX 3", "PROVINSI": "SUMATERA BARAT", "No_Prov_26": "06", "ID_Jbt_26": "0600508", "Kd_Ruas_26": "06036", "Suffix_26": null, "Nm_Ruas_26": "BTS. PROV. RIAU - BTS. KOTA PAYAKUMBUH", "Lintas_26": "JALAN PENGHUBUNG LINTAS", "No_Jbt_26": "06.036.012.0", "Nm_Jbt_26": "KELOK IX 3", "Status_26": "N", "Fungsi_26": "A", "Lks_Dr_26": "PDG", "Lks_km_26": 147.12, "F_STA_26": "1750", "Cadin_26": "PYK", "Pjg_Jbt_26": 65.2, "Btg_Pjg_26": 21.4, "Jml_Btg_26": "3", "Lb_Jl_Ms26": 12.08, "Lb_Jl_Kl26": 12.08, "Lb_Lalin26": 12.08, "Lb_Bh_Ki26": 1.13, "Lb_Bh_Ka26": 1.05, "Lb_Dr_Ki26": 0.0, "Lb_Dr_Ka26": 0.0, "Lb_Tr_Ki26": 0.0, "Lb_Tr_Ka26": 0.0, "Lb_TS_Ki26": 0.47, "Lb_TS_Ka26": 0.47, "Lb_Med_26": 0.0, "Lbr_Jbt_26": 15.2, "Bgn_Ats_26": "GPP", "Jns_Jbt_26": "STANDAR", "Thn_Bgn_26": "2004", "BA_26": "2", "LNT_26": "2", "BB_26": "1", "DAS_26": "1", "OP_26": "1", "UT_26": "1", "GR_26": "0", "LB_26": "0", "JBT_26": "2", "Tp_Lnts_26": "SUNGAI", "Dt_Lnts_26": "LURUS", "Pnangnn_26": "RUTIN", "Pmriksn_26": "RUTIN", "Pnglola_26": "BPJN SUMATERA BARAT", "Satkr_ID26": "693875", "PPK_Name26": "PPK 1.2", "Traffic_26": null, "VCR_26": "1.118", "AADT_26": null, "Tipe_Jb_26": null, "Lat_26": -0.069135002678199997, "Long_26": 100.69826507599998, "Tgl_Ins_26": "6\/19\/2023", "Ket_26": null }, "geometry": { "type": "Point", "coordinates": [ 100.698265075872598, -0.069135002678195 ] } },
{ "type": "Feature", "properties": { "KDRUAS_UPD": "06036", "NOJBT_UPD": "06.036.013.0", "NM_RUAS_UP": "BTS. PROV. RIAU - BTS. KOTA PAYAKUMBUH", "NM_JBT_UPD": "KELOK IX 4", "PROVINSI": "SUMATERA BARAT", "No_Prov_26": "06", "ID_Jbt_26": "0600509", "Kd_Ruas_26": "06036", "Suffix_26": null, "Nm_Ruas_26": "BTS. PROV. RIAU - BTS. KOTA PAYAKUMBUH", "Lintas_26": "JALAN PENGHUBUNG LINTAS", "No_Jbt_26": "06.036.013.0", "Nm_Jbt_26": "KELOK IX 4", "Status_26": "N", "Fungsi_26": "A", "Lks_Dr_26": "PDG", "Lks_km_26": 147.32, "F_STA_26": "1770", "Cadin_26": "PYK", "Pjg_Jbt_26": 453.0, "Btg_Pjg_26": 90.8, "Jml_Btg_26": "16", "Lb_Jl_Ms26": 12.0, "Lb_Jl_Kl26": 12.0, "Lb_Lalin26": 12.0, "Lb_Bh_Ki26": 0.96, "Lb_Bh_Ka26": 0.96, "Lb_Dr_Ki26": 0.0, "Lb_Dr_Ka26": 0.0, "Lb_Tr_Ki26": 0.0, "Lb_Tr_Ka26": 0.0, "Lb_TS_Ki26": 0.34, "Lb_TS_Ka26": 0.34, "Lb_Med_26": 0.0, "Lbr_Jbt_26": 14.6, "Bgn_Ats_26": "LTP", "Jns_Jbt_26": "KHUSUS", "Thn_Bgn_26": "2011", "BA_26": "2", "LNT_26": "2", "BB_26": "1", "DAS_26": "1", "OP_26": "0", "UT_26": "0", "GR_26": "0", "LB_26": "0", "JBT_26": "2", "Tp_Lnts_26": "SUNGAI", "Dt_Lnts_26": "LURUS", "Pnangnn_26": "RUTIN", "Pmriksn_26": "DETAIL", "Pnglola_26": "BPJN SUMATERA BARAT", "Satkr_ID26": "693875", "PPK_Name26": "PPK 1.2", "Traffic_26": null, "VCR_26": "1.118", "AADT_26": null, "Tipe_Jb_26": null, "Lat_26": -0.069986000553500002, "Long_26": 100.699310303, "Tgl_Ins_26": "7\/8\/2026", "Ket_26": null }, "geometry": { "type": "Point", "coordinates": [ 100.699310303028142, -0.069986000553456 ] } },
{ "type": "Feature", "properties": { "KDRUAS_UPD": "06036", "NOJBT_UPD": "06.036.015.0", "NM_RUAS_UP": "BTS. PROV. RIAU - BTS. KOTA PAYAKUMBUH", "NM_JBT_UPD": "KELOK IX 5", "PROVINSI": "SUMATERA BARAT", "No_Prov_26": "06", "ID_Jbt_26": "0600511", "Kd_Ruas_26": "06036", "Suffix_26": null, "Nm_Ruas_26": "BTS. PROV. RIAU - BTS. KOTA PAYAKUMBUH", "Lintas_26": "JALAN PENGHUBUNG LINTAS", "No_Jbt_26": "06.036.015.0", "Nm_Jbt_26": "KELOK IX 5", "Status_26": "N", "Fungsi_26": "A", "Lks_Dr_26": "PDG", "Lks_km_26": 148.14, "F_STA_26": "1840", "Cadin_26": "PYK", "Pjg_Jbt_26": 32.0, "Btg_Pjg_26": 31.5, "Jml_Btg_26": "1", "Lb_Jl_Ms26": 10.4, "Lb_Jl_Kl26": 10.4, "Lb_Lalin26": 10.4, "Lb_Bh_Ki26": 1.11, "Lb_Bh_Ka26": 1.11, "Lb_Dr_Ki26": 0.0, "Lb_Dr_Ka26": 0.0, "Lb_Tr_Ki26": 0.0, "Lb_Tr_Ka26": 0.0, "Lb_TS_Ki26": 0.175, "Lb_TS_Ka26": 0.175, "Lb_Med_26": 0.0, "Lbr_Jbt_26": 12.97, "Bgn_Ats_26": "GPP", "Jns_Jbt_26": "STANDAR", "Thn_Bgn_26": "2011", "BA_26": "1", "LNT_26": "1", "BB_26": "1", "DAS_26": "0", "OP_26": "0", "UT_26": "0", "GR_26": "0", "LB_26": "0", "JBT_26": "1", "Tp_Lnts_26": "SUNGAI", "Dt_Lnts_26": "LURUS", "Pnangnn_26": "RUTIN", "Pmriksn_26": "RUTIN", "Pnglola_26": "BPJN SUMATERA BARAT", "Satkr_ID26": "693875", "PPK_Name26": "PPK 1.2", "Traffic_26": null, "VCR_26": "1.118", "AADT_26": null, "Tipe_Jb_26": null, "Lat_26": -0.069231003508000002, "Long_26": 100.69944000199999, "Tgl_Ins_26": "10\/8\/2020", "Ket_26": null }, "geometry": { "type": "Point", "coordinates": [ 100.699440002354265, -0.06923100350798 ] } },
{ "type": "Feature", "properties": { "KDRUAS_UPD": "06036", "NOJBT_UPD": "06.036.016.0", "NM_RUAS_UP": "BTS. PROV. RIAU - BTS. KOTA PAYAKUMBUH", "NM_JBT_UPD": "KELOK IX 6", "PROVINSI": "SUMATERA BARAT", "No_Prov_26": "06", "ID_Jbt_26": "0600512", "Kd_Ruas_26": "06036", "Suffix_26": null, "Nm_Ruas_26": "BTS. PROV. RIAU - BTS. KOTA PAYAKUMBUH", "Lintas_26": "JALAN PENGHUBUNG LINTAS", "No_Jbt_26": "06.036.016.0", "Nm_Jbt_26": "KELOK IX 6", "Status_26": "N", "Fungsi_26": "A", "Lks_Dr_26": "PDG", "Lks_km_26": 148.48, "F_STA_26": "1860", "Cadin_26": "PYK", "Pjg_Jbt_26": 150.0, "Btg_Pjg_26": 31.6, "Jml_Btg_26": "6", "Lb_Jl_Ms26": 10.65, "Lb_Jl_Kl26": 10.65, "Lb_Lalin26": 10.65, "Lb_Bh_Ki26": 1.1, "Lb_Bh_Ka26": 1.26, "Lb_Dr_Ki26": 0.0, "Lb_Dr_Ka26": 0.0, "Lb_Tr_Ki26": 0.0, "Lb_Tr_Ka26": 0.0, "Lb_TS_Ki26": 0.495, "Lb_TS_Ka26": 0.495, "Lb_Med_26": 0.0, "Lbr_Jbt_26": 14.0, "Bgn_Ats_26": "GPP", "Jns_Jbt_26": "STANDAR", "Thn_Bgn_26": "2006", "BA_26": "2", "LNT_26": "2", "BB_26": "0", "DAS_26": "0", "OP_26": "0", "UT_26": "1", "GR_26": "0", "LB_26": "0", "JBT_26": "2", "Tp_Lnts_26": "SUNGAI", "Dt_Lnts_26": "BERKELOK", "Pnangnn_26": "RUTIN", "Pmriksn_26": "RUTIN", "Pnglola_26": "BPJN SUMATERA BARAT", "Satkr_ID26": "693875", "PPK_Name26": "PPK 1.2", "Traffic_26": null, "VCR_26": "1.118", "AADT_26": null, "Tipe_Jb_26": null, "Lat_26": -0.067781999639500004, "Long_26": 100.698814392, "Tgl_Ins_26": "9\/4\/2022", "Ket_26": null }, "geometry": { "type": "Point", "coordinates": [ 100.698814391670908, -0.067781999639521 ] } },
{ "type": "Feature", "properties": { "KDRUAS_UPD": "06036", "NOJBT_UPD": "06.036.017.0", "NM_RUAS_UP": "BTS. PROV. RIAU - BTS. KOTA PAYAKUMBUH", "NM_JBT_UPD": "LUBUK TERANDAM 1", "PROVINSI": "SUMATERA BARAT", "No_Prov_26": "06", "ID_Jbt_26": "0600513", "Kd_Ruas_26": "06036", "Suffix_26": null, "Nm_Ruas_26": "BTS. PROV. RIAU - BTS. KOTA PAYAKUMBUH", "Lintas_26": "JALAN PENGHUBUNG LINTAS", "No_Jbt_26": "06.036.017.0", "Nm_Jbt_26": "LUBUK TERANDAM 1", "Status_26": "N", "Fungsi_26": "A", "Lks_Dr_26": "PDG", "Lks_km_26": 148.2, "F_STA_26": "1960", "Cadin_26": "PYK", "Pjg_Jbt_26": 10.9, "Btg_Pjg_26": 10.0, "Jml_Btg_26": "1", "Lb_Jl_Ms26": 6.7, "Lb_Jl_Kl26": 6.7, "Lb_Lalin26": 6.7, "Lb_Bh_Ki26": 2.8, "Lb_Bh_Ka26": 0.95, "Lb_Dr_Ki26": 0.0, "Lb_Dr_Ka26": 0.0, "Lb_Tr_Ki26": 0.0, "Lb_Tr_Ka26": 0.0, "Lb_TS_Ki26": 0.25, "Lb_TS_Ka26": 0.25, "Lb_Med_26": 0.0, "Lbr_Jbt_26": 10.95, "Bgn_Ats_26": "EMP", "Jns_Jbt_26": "STANDAR", "Thn_Bgn_26": "1960", "BA_26": "2", "LNT_26": "1", "BB_26": "0", "DAS_26": "2", "OP_26": "2", "UT_26": "0", "GR_26": "0", "LB_26": "0", "JBT_26": "2", "Tp_Lnts_26": "SUNGAI", "Dt_Lnts_26": "BERJALIN", "Pnangnn_26": "RUTIN", "Pmriksn_26": "RUTIN", "Pnglola_26": "BPJN SUMATERA BARAT", "Satkr_ID26": "693875", "PPK_Name26": "PPK 1.2", "Traffic_26": null, "VCR_26": "1.118", "AADT_26": null, "Tipe_Jb_26": null, "Lat_26": -0.060648999851400001, "Long_26": 100.69451904299999, "Tgl_Ins_26": "6\/25\/2024", "Ket_26": null }, "geometry": { "type": "Point", "coordinates": [ 100.694519043419177, -0.060648999851423 ] } },
{ "type": "Feature", "properties": { "KDRUAS_UPD": "06036", "NOJBT_UPD": "06.036.018.0", "NM_RUAS_UP": "BTS. PROV. RIAU - BTS. KOTA PAYAKUMBUH", "NM_JBT_UPD": "LUBUK ALAHAN", "PROVINSI": "SUMATERA BARAT", "No_Prov_26": "06", "ID_Jbt_26": "0600514", "Kd_Ruas_26": "06036", "Suffix_26": null, "Nm_Ruas_26": "BTS. PROV. RIAU - BTS. KOTA PAYAKUMBUH", "Lintas_26": "JALAN PENGHUBUNG LINTAS", "No_Jbt_26": "06.036.018.0", "Nm_Jbt_26": "LUBUK ALAHAN", "Status_26": "N", "Fungsi_26": "A", "Lks_Dr_26": "PDG", "Lks_km_26": 149.31, "F_STA_26": "2060", "Cadin_26": "PYK", "Pjg_Jbt_26": 17.0, "Btg_Pjg_26": 16.5, "Jml_Btg_26": "1", "Lb_Jl_Ms26": 6.15, "Lb_Jl_Kl26": 6.15, "Lb_Lalin26": 6.15, "Lb_Bh_Ki26": 2.77, "Lb_Bh_Ka26": 2.37, "Lb_Dr_Ki26": 0.0, "Lb_Dr_Ka26": 0.0, "Lb_Tr_Ki26": 0.48, "Lb_Tr_Ka26": 0.5, "Lb_TS_Ki26": 0.35, "Lb_TS_Ka26": 0.35, "Lb_Med_26": 0.0, "Lbr_Jbt_26": 12.97, "Bgn_Ats_26": "GPP", "Jns_Jbt_26": "STANDAR", "Thn_Bgn_26": "2018", "BA_26": "2", "LNT_26": "2", "BB_26": "2", "DAS_26": "2", "OP_26": "0", "UT_26": "0", "GR_26": "0", "LB_26": "0", "JBT_26": "2", "Tp_Lnts_26": "SUNGAI", "Dt_Lnts_26": "BERJALIN", "Pnangnn_26": "RUTIN", "Pmriksn_26": "RUTIN", "Pnglola_26": "BPJN SUMATERA BARAT", "Satkr_ID26": "693875", "PPK_Name26": "PPK 1.2", "Traffic_26": null, "VCR_26": "1.118", "AADT_26": null, "Tipe_Jb_26": null, "Lat_26": -0.052317000529100002, "Long_26": 100.69240570100001, "Tgl_Ins_26": "8\/10\/2023", "Ket_26": null }, "geometry": { "type": "Point", "coordinates": [ 100.692405701362077, -0.052317000529115 ] } },
{ "type": "Feature", "properties": { "KDRUAS_UPD": "06036", "NOJBT_UPD": "06.036.019.0", "NM_RUAS_UP": "BTS. PROV. RIAU - BTS. KOTA PAYAKUMBUH", "NM_JBT_UPD": "LUBUK DAMA", "PROVINSI": "SUMATERA BARAT", "No_Prov_26": "06", "ID_Jbt_26": "0600515", "Kd_Ruas_26": "06036", "Suffix_26": null, "Nm_Ruas_26": "BTS. PROV. RIAU - BTS. KOTA PAYAKUMBUH", "Lintas_26": "JALAN PENGHUBUNG LINTAS", "No_Jbt_26": "06.036.019.0", "Nm_Jbt_26": "LUBUK DAMA", "Status_26": "N", "Fungsi_26": "A", "Lks_Dr_26": "PDG", "Lks_km_26": 150.62, "F_STA_26": "2100", "Cadin_26": "PYK", "Pjg_Jbt_26": 12.1, "Btg_Pjg_26": 11.5, "Jml_Btg_26": "1", "Lb_Jl_Ms26": 5.7, "Lb_Jl_Kl26": 5.7, "Lb_Lalin26": 5.7, "Lb_Bh_Ki26": 0.32, "Lb_Bh_Ka26": 0.33, "Lb_Dr_Ki26": 0.5, "Lb_Dr_Ka26": 0.4, "Lb_Tr_Ki26": 1.0, "Lb_Tr_Ka26": 1.0, "Lb_TS_Ki26": 0.3, "Lb_TS_Ka26": 0.3, "Lb_Med_26": 0.0, "Lbr_Jbt_26": 9.85, "Bgn_Ats_26": "GBP", "Jns_Jbt_26": "STANDAR", "Thn_Bgn_26": "1981", "BA_26": "2", "LNT_26": "1", "BB_26": "1", "DAS_26": "1", "OP_26": "0", "UT_26": "0", "GR_26": "0", "LB_26": "0", "JBT_26": "2", "Tp_Lnts_26": "SUNGAI", "Dt_Lnts_26": "BERKELOK", "Pnangnn_26": "RUTIN", "Pmriksn_26": "RUTIN", "Pnglola_26": "BPJN SUMATERA BARAT", "Satkr_ID26": "693875", "PPK_Name26": "PPK 1.2", "Traffic_26": null, "VCR_26": "1.118", "AADT_26": null, "Tipe_Jb_26": null, "Lat_26": -0.048617001673200003, "Long_26": 100.69257354699999, "Tgl_Ins_26": "6\/25\/2024", "Ket_26": null }, "geometry": { "type": "Point", "coordinates": [ 100.692573547231461, -0.048617001673222 ] } },
{ "type": "Feature", "properties": { "KDRUAS_UPD": "06036", "NOJBT_UPD": "06.036.020.0", "NM_RUAS_UP": "BTS. PROV. RIAU - BTS. KOTA PAYAKUMBUH", "NM_JBT_UPD": "KOTO MARAPAK 1", "PROVINSI": "SUMATERA BARAT", "No_Prov_26": "06", "ID_Jbt_26": "0600516", "Kd_Ruas_26": "06036", "Suffix_26": null, "Nm_Ruas_26": "BTS. PROV. RIAU - BTS. KOTA PAYAKUMBUH", "Lintas_26": "JALAN PENGHUBUNG LINTAS", "No_Jbt_26": "06.036.020.0", "Nm_Jbt_26": "KOTO MARAPAK 1", "Status_26": "N", "Fungsi_26": "A", "Lks_Dr_26": "PDG", "Lks_km_26": 152.1, "F_STA_26": "2260", "Cadin_26": "PYK", "Pjg_Jbt_26": 12.0, "Btg_Pjg_26": 11.5, "Jml_Btg_26": "1", "Lb_Jl_Ms26": 5.9, "Lb_Jl_Kl26": 5.9, "Lb_Lalin26": 5.9, "Lb_Bh_Ki26": 0.8, "Lb_Bh_Ka26": 0.64, "Lb_Dr_Ki26": 0.0, "Lb_Dr_Ka26": 0.0, "Lb_Tr_Ki26": 0.82, "Lb_Tr_Ka26": 0.82, "Lb_TS_Ki26": 0.235, "Lb_TS_Ka26": 0.235, "Lb_Med_26": 0.0, "Lbr_Jbt_26": 9.45, "Bgn_Ats_26": "GBP", "Jns_Jbt_26": "STANDAR", "Thn_Bgn_26": "1978", "BA_26": "2", "LNT_26": "2", "BB_26": "1", "DAS_26": "1", "OP_26": "0", "UT_26": "0", "GR_26": "0", "LB_26": "0", "JBT_26": "2", "Tp_Lnts_26": "SUNGAI", "Dt_Lnts_26": "BERKELOK", "Pnangnn_26": "RUTIN", "Pmriksn_26": "RUTIN", "Pnglola_26": "BPJN SUMATERA BARAT", "Satkr_ID26": "693875", "PPK_Name26": "PPK 1.2", "Traffic_26": null, "VCR_26": "1.118", "AADT_26": null, "Tipe_Jb_26": null, "Lat_26": -0.036258999253400002, "Long_26": 100.69665527299999, "Tgl_Ins_26": "6\/25\/2024", "Ket_26": null }, "geometry": { "type": "Point", "coordinates": [ 100.696655273222348, -0.036258999253391 ] } },
{ "type": "Feature", "properties": { "KDRUAS_UPD": "06036", "NOJBT_UPD": "06.036.022.0", "NM_RUAS_UP": "BTS. PROV. RIAU - BTS. KOTA PAYAKUMBUH", "NM_JBT_UPD": "KOTO MARAPAK 3", "PROVINSI": "SUMATERA BARAT", "No_Prov_26": "06", "ID_Jbt_26": "0600518", "Kd_Ruas_26": "06036", "Suffix_26": null, "Nm_Ruas_26": "BTS. PROV. RIAU - BTS. KOTA PAYAKUMBUH", "Lintas_26": "JALAN PENGHUBUNG LINTAS", "No_Jbt_26": "06.036.022.0", "Nm_Jbt_26": "KOTO MARAPAK 3", "Status_26": "N", "Fungsi_26": "A", "Lks_Dr_26": "PDG", "Lks_km_26": 154.1, "F_STA_26": "2460", "Cadin_26": "PYK", "Pjg_Jbt_26": 9.5, "Btg_Pjg_26": 9.0, "Jml_Btg_26": "1", "Lb_Jl_Ms26": 6.95, "Lb_Jl_Kl26": 6.95, "Lb_Lalin26": 6.95, "Lb_Bh_Ki26": 1.9, "Lb_Bh_Ka26": 0.55, "Lb_Dr_Ki26": 0.0, "Lb_Dr_Ka26": 0.0, "Lb_Tr_Ki26": 0.0, "Lb_Tr_Ka26": 0.0, "Lb_TS_Ki26": 0.37, "Lb_TS_Ka26": 0.37, "Lb_Med_26": 0.0, "Lbr_Jbt_26": 10.14, "Bgn_Ats_26": "PTP", "Jns_Jbt_26": "STANDAR", "Thn_Bgn_26": "1978", "BA_26": "2", "LNT_26": "0", "BB_26": "0", "DAS_26": "2", "OP_26": "0", "UT_26": "0", "GR_26": "0", "LB_26": "0", "JBT_26": "2", "Tp_Lnts_26": "SUNGAI", "Dt_Lnts_26": "BERKELOK", "Pnangnn_26": "BERKALA", "Pmriksn_26": "RUTIN", "Pnglola_26": "BPJN SUMATERA BARAT", "Satkr_ID26": "693875", "PPK_Name26": "PPK 1.2", "Traffic_26": null, "VCR_26": "1.118", "AADT_26": null, "Tipe_Jb_26": null, "Lat_26": -0.028051000253399998, "Long_26": 100.70334625200002, "Tgl_Ins_26": "6\/25\/2024", "Ket_26": null }, "geometry": { "type": "Point", "coordinates": [ 100.703346251728192, -0.028051000253413 ] } },
{ "type": "Feature", "properties": { "KDRUAS_UPD": "06036", "NOJBT_UPD": "06.036.024.0", "NM_RUAS_UP": "BTS. PROV. RIAU - BTS. KOTA PAYAKUMBUH", "NM_JBT_UPD": "KELOK PULAI", "PROVINSI": "SUMATERA BARAT", "No_Prov_26": "06", "ID_Jbt_26": "0600520", "Kd_Ruas_26": "06036", "Suffix_26": null, "Nm_Ruas_26": "BTS. PROV. RIAU - BTS. KOTA PAYAKUMBUH", "Lintas_26": "JALAN PENGHUBUNG LINTAS", "No_Jbt_26": "06.036.024.0", "Nm_Jbt_26": "KELOK PULAI", "Status_26": "N", "Fungsi_26": "A", "Lks_Dr_26": "PDG", "Lks_km_26": 158.2, "F_STA_26": "2770", "Cadin_26": "PYK", "Pjg_Jbt_26": 6.0, "Btg_Pjg_26": 5.5, "Jml_Btg_26": "1", "Lb_Jl_Ms26": 7.5, "Lb_Jl_Kl26": 7.5, "Lb_Lalin26": 7.5, "Lb_Bh_Ki26": 0.84, "Lb_Bh_Ka26": 1.1, "Lb_Dr_Ki26": 0.0, "Lb_Dr_Ka26": 0.0, "Lb_Tr_Ki26": 0.0, "Lb_Tr_Ka26": 0.0, "Lb_TS_Ki26": 0.405, "Lb_TS_Ka26": 0.405, "Lb_Med_26": 0.0, "Lbr_Jbt_26": 10.25, "Bgn_Ats_26": "PTP", "Jns_Jbt_26": "STANDAR", "Thn_Bgn_26": "1970", "BA_26": "3", "LNT_26": "3", "BB_26": "3", "DAS_26": "2", "OP_26": "0", "UT_26": "1", "GR_26": "0", "LB_26": "0", "JBT_26": "3", "Tp_Lnts_26": "SUNGAI", "Dt_Lnts_26": "BERKELOK", "Pnangnn_26": "BERKALA", "Pmriksn_26": "DETAIL", "Pnglola_26": "BPJN SUMATERA BARAT", "Satkr_ID26": "693875", "PPK_Name26": "PPK 1.2", "Traffic_26": null, "VCR_26": "1.118", "AADT_26": null, "Tipe_Jb_26": null, "Lat_26": -0.022538998775699998, "Long_26": 100.71607208299999, "Tgl_Ins_26": "5\/30\/2026", "Ket_26": null }, "geometry": { "type": "Point", "coordinates": [ 100.716072083160157, -0.022538998775701 ] } },
{ "type": "Feature", "properties": { "KDRUAS_UPD": "06036", "NOJBT_UPD": "06.036.025.0", "NM_RUAS_UP": "BTS. PROV. RIAU - BTS. KOTA PAYAKUMBUH", "NM_JBT_UPD": "LUBUK JANTAN", "PROVINSI": "SUMATERA BARAT", "No_Prov_26": "06", "ID_Jbt_26": "0600521", "Kd_Ruas_26": "06036", "Suffix_26": null, "Nm_Ruas_26": "BTS. PROV. RIAU - BTS. KOTA PAYAKUMBUH", "Lintas_26": "JALAN PENGHUBUNG LINTAS", "No_Jbt_26": "06.036.025.0", "Nm_Jbt_26": "LUBUK JANTAN", "Status_26": "N", "Fungsi_26": "A", "Lks_Dr_26": "PDG", "Lks_km_26": 169.1, "F_STA_26": "3920", "Cadin_26": "PYK", "Pjg_Jbt_26": 20.8, "Btg_Pjg_26": 20.3, "Jml_Btg_26": "1", "Lb_Jl_Ms26": 6.0, "Lb_Jl_Kl26": 6.0, "Lb_Lalin26": 6.0, "Lb_Bh_Ki26": 0.0, "Lb_Bh_Ka26": 0.0, "Lb_Dr_Ki26": 0.0, "Lb_Dr_Ka26": 0.0, "Lb_Tr_Ki26": 0.49, "Lb_Tr_Ka26": 0.48, "Lb_TS_Ki26": 0.0, "Lb_TS_Ka26": 0.0, "Lb_Med_26": 0.0, "Lbr_Jbt_26": 6.97, "Bgn_Ats_26": "GBP", "Jns_Jbt_26": "STANDAR", "Thn_Bgn_26": "1993", "BA_26": "2", "LNT_26": "1", "BB_26": "1", "DAS_26": "2", "OP_26": "0", "UT_26": "0", "GR_26": "0", "LB_26": "0", "JBT_26": "2", "Tp_Lnts_26": "SUNGAI", "Dt_Lnts_26": "BERJALIN", "Pnangnn_26": "RUTIN", "Pmriksn_26": "RUTIN", "Pnglola_26": "BPJN SUMATERA BARAT", "Satkr_ID26": "693875", "PPK_Name26": "PPK 1.2", "Traffic_26": null, "VCR_26": "1.118", "AADT_26": null, "Tipe_Jb_26": null, "Lat_26": 0.032405998937747427, "Long_26": 100.745323181, "Tgl_Ins_26": "9\/17\/2020", "Ket_26": null }, "geometry": { "type": "Point", "coordinates": [ 100.74532318112, 0.032405998937747 ] } },
{ "type": "Feature", "properties": { "KDRUAS_UPD": "06036", "NOJBT_UPD": "06.036.026.0", "NM_RUAS_UP": "BTS. PROV. RIAU - BTS. KOTA PAYAKUMBUH", "NM_JBT_UPD": "SOPANG", "PROVINSI": "SUMATERA BARAT", "No_Prov_26": "06", "ID_Jbt_26": "0600522", "Kd_Ruas_26": "06036", "Suffix_26": null, "Nm_Ruas_26": "BTS. PROV. RIAU - BTS. KOTA PAYAKUMBUH", "Lintas_26": "JALAN PENGHUBUNG LINTAS", "No_Jbt_26": "06.036.026.0", "Nm_Jbt_26": "SOPANG", "Status_26": "N", "Fungsi_26": "A", "Lks_Dr_26": "PDG", "Lks_km_26": 173.7, "F_STA_26": "4370", "Cadin_26": "PYK", "Pjg_Jbt_26": 11.2, "Btg_Pjg_26": 11.0, "Jml_Btg_26": "1", "Lb_Jl_Ms26": 6.5, "Lb_Jl_Kl26": 6.5, "Lb_Lalin26": 6.5, "Lb_Bh_Ki26": 0.55, "Lb_Bh_Ka26": 0.6, "Lb_Dr_Ki26": 0.0, "Lb_Dr_Ka26": 0.0, "Lb_Tr_Ki26": 0.0, "Lb_Tr_Ka26": 0.0, "Lb_TS_Ki26": 0.325, "Lb_TS_Ka26": 0.325, "Lb_Med_26": 0.0, "Lbr_Jbt_26": 8.3, "Bgn_Ats_26": "PTP", "Jns_Jbt_26": "STANDAR", "Thn_Bgn_26": "1972", "BA_26": "2", "LNT_26": "1", "BB_26": "0", "DAS_26": "2", "OP_26": "0", "UT_26": "0", "GR_26": "0", "LB_26": "0", "JBT_26": "2", "Tp_Lnts_26": "SUNGAI", "Dt_Lnts_26": "BERJALIN", "Pnangnn_26": "RUTIN", "Pmriksn_26": "RUTIN", "Pnglola_26": "BPJN SUMATERA BARAT", "Satkr_ID26": "693875", "PPK_Name26": "PPK 1.2", "Traffic_26": null, "VCR_26": "1.118", "AADT_26": null, "Tipe_Jb_26": null, "Lat_26": 0.062968999120073477, "Long_26": 100.750938416, "Tgl_Ins_26": "6\/25\/2024", "Ket_26": null }, "geometry": { "type": "Point", "coordinates": [ 100.750938415775352, 0.062968999120073 ] } },
{ "type": "Feature", "properties": { "KDRUAS_UPD": "06036", "NOJBT_UPD": "06.036.027.0", "NM_RUAS_UP": "BTS. PROV. RIAU - BTS. KOTA PAYAKUMBUH", "NM_JBT_UPD": "KELOK BALACAN 1", "PROVINSI": "SUMATERA BARAT", "No_Prov_26": "06", "ID_Jbt_26": "0600523", "Kd_Ruas_26": "06036", "Suffix_26": null, "Nm_Ruas_26": "BTS. PROV. RIAU - BTS. KOTA PAYAKUMBUH", "Lintas_26": "JALAN PENGHUBUNG LINTAS", "No_Jbt_26": "06.036.027.0", "Nm_Jbt_26": "KELOK BALACAN 1", "Status_26": "N", "Fungsi_26": "A", "Lks_Dr_26": "PDG", "Lks_km_26": 175.5, "F_STA_26": "4550", "Cadin_26": "PYK", "Pjg_Jbt_26": 12.4, "Btg_Pjg_26": 12.0, "Jml_Btg_26": "1", "Lb_Jl_Ms26": 7.0, "Lb_Jl_Kl26": 7.0, "Lb_Lalin26": 7.0, "Lb_Bh_Ki26": 0.0, "Lb_Bh_Ka26": 0.0, "Lb_Dr_Ki26": 0.0, "Lb_Dr_Ka26": 0.0, "Lb_Tr_Ki26": 0.97, "Lb_Tr_Ka26": 0.96, "Lb_TS_Ki26": 0.235, "Lb_TS_Ka26": 0.235, "Lb_Med_26": 0.0, "Lbr_Jbt_26": 9.4, "Bgn_Ats_26": "GBP", "Jns_Jbt_26": "STANDAR", "Thn_Bgn_26": "1972", "BA_26": "3", "LNT_26": "1", "BB_26": "2", "DAS_26": "1", "OP_26": "1", "UT_26": "1", "GR_26": "0", "LB_26": "0", "JBT_26": "3", "Tp_Lnts_26": "SUNGAI", "Dt_Lnts_26": "BERKELOK", "Pnangnn_26": "RUTIN", "Pmriksn_26": "DETAIL", "Pnglola_26": "BPJN SUMATERA BARAT", "Satkr_ID26": "693875", "PPK_Name26": "PPK 1.2", "Traffic_26": null, "VCR_26": "1.118", "AADT_26": null, "Tipe_Jb_26": null, "Lat_26": 0.074510998983441823, "Long_26": 100.74131012, "Tgl_Ins_26": "5\/30\/2026", "Ket_26": null }, "geometry": { "type": "Point", "coordinates": [ 100.741310120165963, 0.074510998983442 ] } },
{ "type": "Feature", "properties": { "KDRUAS_UPD": "06036", "NOJBT_UPD": "06.036.028.0", "NM_RUAS_UP": "BTS. PROV. RIAU - BTS. KOTA PAYAKUMBUH", "NM_JBT_UPD": "KELOK BALACAN 2", "PROVINSI": "SUMATERA BARAT", "No_Prov_26": "06", "ID_Jbt_26": "0600524", "Kd_Ruas_26": "06036", "Suffix_26": null, "Nm_Ruas_26": "BTS. PROV. RIAU - BTS. KOTA PAYAKUMBUH", "Lintas_26": "JALAN PENGHUBUNG LINTAS", "No_Jbt_26": "06.036.028.0", "Nm_Jbt_26": "KELOK BALACAN 2", "Status_26": "N", "Fungsi_26": "A", "Lks_Dr_26": "PDG", "Lks_km_26": 176.1, "F_STA_26": "4620", "Cadin_26": "PYK", "Pjg_Jbt_26": 6.0, "Btg_Pjg_26": 5.0, "Jml_Btg_26": "1", "Lb_Jl_Ms26": 6.7, "Lb_Jl_Kl26": 6.7, "Lb_Lalin26": 6.7, "Lb_Bh_Ki26": 3.15, "Lb_Bh_Ka26": 3.71, "Lb_Dr_Ki26": 0.0, "Lb_Dr_Ka26": 0.0, "Lb_Tr_Ki26": 0.0, "Lb_Tr_Ka26": 0.0, "Lb_TS_Ki26": 0.42, "Lb_TS_Ka26": 0.42, "Lb_Med_26": 0.0, "Lbr_Jbt_26": 14.4, "Bgn_Ats_26": "BTP", "Jns_Jbt_26": "STANDAR", "Thn_Bgn_26": "1974", "BA_26": "0", "LNT_26": "0", "BB_26": "0", "DAS_26": "2", "OP_26": "0", "UT_26": "0", "GR_26": "2", "LB_26": "0", "JBT_26": "2", "Tp_Lnts_26": "SUNGAI", "Dt_Lnts_26": "BERKELOK", "Pnangnn_26": "RUTIN", "Pmriksn_26": "DETAIL", "Pnglola_26": "BPJN SUMATERA BARAT", "Satkr_ID26": "693875", "PPK_Name26": "PPK 1.2", "Traffic_26": null, "VCR_26": "1.118", "AADT_26": null, "Tipe_Jb_26": null, "Lat_26": 0.079341001386126223, "Long_26": 100.73839569099999, "Tgl_Ins_26": "5\/28\/2026", "Ket_26": null }, "geometry": { "type": "Point", "coordinates": [ 100.738395690808545, 0.079341001386126 ] } },
{ "type": "Feature", "properties": { "KDRUAS_UPD": "06036", "NOJBT_UPD": "06.036.029.A", "NM_RUAS_UP": "BTS. PROV. RIAU - BTS. KOTA PAYAKUMBUH", "NM_JBT_UPD": "BATANG SAMO A", "PROVINSI": "SUMATERA BARAT", "No_Prov_26": "06", "ID_Jbt_26": "0600525", "Kd_Ruas_26": "06036", "Suffix_26": null, "Nm_Ruas_26": "BTS. PROV. RIAU - BTS. KOTA PAYAKUMBUH", "Lintas_26": "JALAN PENGHUBUNG LINTAS", "No_Jbt_26": "06.036.029.A", "Nm_Jbt_26": "BATANG SAMO A", "Status_26": "N", "Fungsi_26": "A", "Lks_Dr_26": "PDG", "Lks_km_26": 176.0, "F_STA_26": "4690", "Cadin_26": "PYK", "Pjg_Jbt_26": 35.4, "Btg_Pjg_26": 35.0, "Jml_Btg_26": "1", "Lb_Jl_Ms26": 6.1, "Lb_Jl_Kl26": 6.1, "Lb_Lalin26": 6.1, "Lb_Bh_Ki26": 0.37, "Lb_Bh_Ka26": 0.53, "Lb_Dr_Ki26": 0.0, "Lb_Dr_Ka26": 0.0, "Lb_Tr_Ki26": 0.99, "Lb_Tr_Ka26": 0.99, "Lb_TS_Ki26": 0.16, "Lb_TS_Ka26": 0.16, "Lb_Med_26": 0.0, "Lbr_Jbt_26": 9.3, "Bgn_Ats_26": "GPP", "Jns_Jbt_26": "STANDAR", "Thn_Bgn_26": "2013", "BA_26": "1", "LNT_26": "1", "BB_26": "2", "DAS_26": "0", "OP_26": "0", "UT_26": "0", "GR_26": "0", "LB_26": "0", "JBT_26": "2", "Tp_Lnts_26": "SUNGAI", "Dt_Lnts_26": "BERKELOK", "Pnangnn_26": "RUTIN", "Pmriksn_26": "RUTIN", "Pnglola_26": "BPJN SUMATERA BARAT", "Satkr_ID26": "693875", "PPK_Name26": "PPK 1.2", "Traffic_26": null, "VCR_26": "1.118", "AADT_26": null, "Tipe_Jb_26": null, "Lat_26": 0.083553999617436162, "Long_26": 100.73354339600002, "Tgl_Ins_26": "8\/22\/2022", "Ket_26": null }, "geometry": { "type": "Point", "coordinates": [ 100.733543396010987, 0.083553999617436 ] } },
{ "type": "Feature", "properties": { "KDRUAS_UPD": "06036", "NOJBT_UPD": "06.036.029.B", "NM_RUAS_UP": "BTS. PROV. RIAU - BTS. KOTA PAYAKUMBUH", "NM_JBT_UPD": "BATANG SAMO B", "PROVINSI": "SUMATERA BARAT", "No_Prov_26": "06", "ID_Jbt_26": "0600526", "Kd_Ruas_26": "06036", "Suffix_26": null, "Nm_Ruas_26": "BTS. PROV. RIAU - BTS. KOTA PAYAKUMBUH", "Lintas_26": "JALAN PENGHUBUNG LINTAS", "No_Jbt_26": "06.036.029.B", "Nm_Jbt_26": "BATANG SAMO B", "Status_26": "N", "Fungsi_26": "A", "Lks_Dr_26": "PDG", "Lks_km_26": 176.0, "F_STA_26": "4690", "Cadin_26": "PYK", "Pjg_Jbt_26": 33.4, "Btg_Pjg_26": 33.0, "Jml_Btg_26": "1", "Lb_Jl_Ms26": 5.0, "Lb_Jl_Kl26": 5.0, "Lb_Lalin26": 5.0, "Lb_Bh_Ki26": 0.55, "Lb_Bh_Ka26": 0.4, "Lb_Dr_Ki26": 0.0, "Lb_Dr_Ka26": 0.0, "Lb_Tr_Ki26": 0.34, "Lb_Tr_Ka26": 0.3, "Lb_TS_Ki26": 0.0, "Lb_TS_Ka26": 0.0, "Lb_Med_26": 0.0, "Lbr_Jbt_26": 6.59, "Bgn_Ats_26": "RBU", "Jns_Jbt_26": "STANDAR", "Thn_Bgn_26": "1977", "BA_26": "2", "LNT_26": "1", "BB_26": "2", "DAS_26": "2", "OP_26": "0", "UT_26": "0", "GR_26": "0", "LB_26": "0", "JBT_26": "2", "Tp_Lnts_26": "SUNGAI", "Dt_Lnts_26": "BERKELOK", "Pnangnn_26": "BERKALA", "Pmriksn_26": "RUTIN", "Pnglola_26": "BPJN SUMATERA BARAT", "Satkr_ID26": "693875", "PPK_Name26": "PPK 1.2", "Traffic_26": null, "VCR_26": "1.118", "AADT_26": null, "Tipe_Jb_26": null, "Lat_26": 0.083927999777415621, "Long_26": 100.733449, "Tgl_Ins_26": "7\/11\/2025", "Ket_26": null }, "geometry": { "type": "Point", "coordinates": [ 100.733448999571749, 0.083927999777416 ] } },
{ "type": "Feature", "properties": { "KDRUAS_UPD": "06036", "NOJBT_UPD": "06.036.030.0", "NM_RUAS_UP": "BTS. PROV. RIAU - BTS. KOTA PAYAKUMBUH", "NM_JBT_UPD": "PANTAI USANG", "PROVINSI": "SUMATERA BARAT", "No_Prov_26": "06", "ID_Jbt_26": "0600527", "Kd_Ruas_26": "06036", "Suffix_26": null, "Nm_Ruas_26": "BTS. PROV. RIAU - BTS. KOTA PAYAKUMBUH", "Lintas_26": "JALAN PENGHUBUNG LINTAS", "No_Jbt_26": "06.036.030.0", "Nm_Jbt_26": "PANTAI USANG", "Status_26": "N", "Fungsi_26": "A", "Lks_Dr_26": "PDG", "Lks_km_26": 179.0, "F_STA_26": "4900", "Cadin_26": "PYK", "Pjg_Jbt_26": 102.5, "Btg_Pjg_26": 50.0, "Jml_Btg_26": "2", "Lb_Jl_Ms26": 6.25, "Lb_Jl_Kl26": 6.25, "Lb_Lalin26": 6.25, "Lb_Bh_Ki26": 0.28, "Lb_Bh_Ka26": 0.35, "Lb_Dr_Ki26": 0.0, "Lb_Dr_Ka26": 0.0, "Lb_Tr_Ki26": 0.95, "Lb_Tr_Ka26": 0.95, "Lb_TS_Ki26": 0.0, "Lb_TS_Ka26": 0.0, "Lb_Med_26": 0.0, "Lbr_Jbt_26": 8.78, "Bgn_Ats_26": "RBB", "Jns_Jbt_26": "STANDAR", "Thn_Bgn_26": "1991", "BA_26": "2", "LNT_26": "0", "BB_26": "2", "DAS_26": "2", "OP_26": "1", "UT_26": "0", "GR_26": "0", "LB_26": "0", "JBT_26": "2", "Tp_Lnts_26": "SUNGAI", "Dt_Lnts_26": "BERKELOK", "Pnangnn_26": "RUTIN", "Pmriksn_26": "RUTIN", "Pnglola_26": "BPJN SUMATERA BARAT", "Satkr_ID26": "693875", "PPK_Name26": "PPK 1.2", "Traffic_26": null, "VCR_26": "1.118", "AADT_26": null, "Tipe_Jb_26": null, "Lat_26": 0.092910997644480645, "Long_26": 100.728477478, "Tgl_Ins_26": "7\/11\/2025", "Ket_26": null }, "geometry": { "type": "Point", "coordinates": [ 100.728477478053208, 0.092910997644481 ] } },
{ "type": "Feature", "properties": { "KDRUAS_UPD": "06036", "NOJBT_UPD": "06.036.031.0", "NM_RUAS_UP": "BTS. PROV. RIAU - BTS. KOTA PAYAKUMBUH", "NM_JBT_UPD": "PAUH SANGIK", "PROVINSI": "SUMATERA BARAT", "No_Prov_26": "06", "ID_Jbt_26": "0600528", "Kd_Ruas_26": "06036", "Suffix_26": null, "Nm_Ruas_26": "BTS. PROV. RIAU - BTS. KOTA PAYAKUMBUH", "Lintas_26": "JALAN PENGHUBUNG LINTAS", "No_Jbt_26": "06.036.031.0", "Nm_Jbt_26": "PAUH SANGIK", "Status_26": "N", "Fungsi_26": "A", "Lks_Dr_26": "PDG", "Lks_km_26": 181.1, "F_STA_26": "5110", "Cadin_26": "PYK", "Pjg_Jbt_26": 20.6, "Btg_Pjg_26": 20.0, "Jml_Btg_26": "1", "Lb_Jl_Ms26": 5.5, "Lb_Jl_Kl26": 5.5, "Lb_Lalin26": 5.5, "Lb_Bh_Ki26": 0.42, "Lb_Bh_Ka26": 0.39, "Lb_Dr_Ki26": 0.0, "Lb_Dr_Ka26": 0.0, "Lb_Tr_Ki26": 0.27, "Lb_Tr_Ka26": 0.27, "Lb_TS_Ki26": 0.0, "Lb_TS_Ka26": 0.0, "Lb_Med_26": 0.0, "Lbr_Jbt_26": 6.85, "Bgn_Ats_26": "GBP", "Jns_Jbt_26": "STANDAR", "Thn_Bgn_26": "1993", "BA_26": "1", "LNT_26": "1", "BB_26": "1", "DAS_26": "1", "OP_26": "0", "UT_26": "0", "GR_26": "0", "LB_26": "0", "JBT_26": "1", "Tp_Lnts_26": "SUNGAI", "Dt_Lnts_26": "BERKELOK", "Pnangnn_26": "RUTIN", "Pmriksn_26": "TIDAK DISURVEI", "Pnglola_26": "BPJN SUMATERA BARAT", "Satkr_ID26": "693875", "PPK_Name26": "PPK 1.2", "Traffic_26": null, "VCR_26": "1.118", "AADT_26": null, "Tipe_Jb_26": null, "Lat_26": 0.096339001943420044, "Long_26": 100.744308472, "Tgl_Ins_26": "9\/18\/2020", "Ket_26": null }, "geometry": { "type": "Point", "coordinates": [ 100.744308471558782, 0.09633900194342 ] } },
{ "type": "Feature", "properties": { "KDRUAS_UPD": "06036", "NOJBT_UPD": "06.036.032.0", "NM_RUAS_UP": "BTS. PROV. RIAU - BTS. KOTA PAYAKUMBUH", "NM_JBT_UPD": "SIBUMBUN 1", "PROVINSI": "SUMATERA BARAT", "No_Prov_26": "06", "ID_Jbt_26": "0600529", "Kd_Ruas_26": "06036", "Suffix_26": null, "Nm_Ruas_26": "BTS. PROV. RIAU - BTS. KOTA PAYAKUMBUH", "Lintas_26": "JALAN PENGHUBUNG LINTAS", "No_Jbt_26": "06.036.032.0", "Nm_Jbt_26": "SIBUMBUN 1", "Status_26": "N", "Fungsi_26": "A", "Lks_Dr_26": "PDG", "Lks_km_26": 183.8, "F_STA_26": "5360", "Cadin_26": "PYK", "Pjg_Jbt_26": 20.5, "Btg_Pjg_26": 20.0, "Jml_Btg_26": "1", "Lb_Jl_Ms26": 6.35, "Lb_Jl_Kl26": 6.35, "Lb_Lalin26": 6.35, "Lb_Bh_Ki26": 0.0, "Lb_Bh_Ka26": 0.0, "Lb_Dr_Ki26": 0.0, "Lb_Dr_Ka26": 0.0, "Lb_Tr_Ki26": 0.27, "Lb_Tr_Ka26": 0.25, "Lb_TS_Ki26": 0.0, "Lb_TS_Ka26": 0.0, "Lb_Med_26": 0.0, "Lbr_Jbt_26": 6.87, "Bgn_Ats_26": "GBP", "Jns_Jbt_26": "STANDAR", "Thn_Bgn_26": "1993", "BA_26": "2", "LNT_26": "1", "BB_26": "1", "DAS_26": "1", "OP_26": "0", "UT_26": "0", "GR_26": "0", "LB_26": "0", "JBT_26": "2", "Tp_Lnts_26": "SUNGAI", "Dt_Lnts_26": "BERJALIN", "Pnangnn_26": "RUTIN", "Pmriksn_26": "RUTIN", "Pnglola_26": "BPJN SUMATERA BARAT", "Satkr_ID26": "693875", "PPK_Name26": "PPK 1.2", "Traffic_26": null, "VCR_26": "1.118", "AADT_26": null, "Tipe_Jb_26": null, "Lat_26": 0.11004599912359936, "Long_26": 100.757904053, "Tgl_Ins_26": "9\/18\/2020", "Ket_26": null }, "geometry": { "type": "Point", "coordinates": [ 100.75790405263001, 0.110045999123599 ] } },
{ "type": "Feature", "properties": { "KDRUAS_UPD": "06036", "NOJBT_UPD": "06.036.033.0", "NM_RUAS_UP": "BTS. PROV. RIAU - BTS. KOTA PAYAKUMBUH", "NM_JBT_UPD": "SIBUMBUN 2", "PROVINSI": "SUMATERA BARAT", "No_Prov_26": "06", "ID_Jbt_26": "0600530", "Kd_Ruas_26": "06036", "Suffix_26": null, "Nm_Ruas_26": "BTS. PROV. RIAU - BTS. KOTA PAYAKUMBUH", "Lintas_26": "JALAN PENGHUBUNG LINTAS", "No_Jbt_26": "06.036.033.0", "Nm_Jbt_26": "SIBUMBUN 2", "Status_26": "N", "Fungsi_26": "A", "Lks_Dr_26": "PDG", "Lks_km_26": 184.2, "F_STA_26": "5400", "Cadin_26": "PYK", "Pjg_Jbt_26": 16.1, "Btg_Pjg_26": 15.5, "Jml_Btg_26": "1", "Lb_Jl_Ms26": 7.1, "Lb_Jl_Kl26": 7.1, "Lb_Lalin26": 7.1, "Lb_Bh_Ki26": 0.0, "Lb_Bh_Ka26": 0.0, "Lb_Dr_Ki26": 0.0, "Lb_Dr_Ka26": 0.0, "Lb_Tr_Ki26": 0.95, "Lb_Tr_Ka26": 0.95, "Lb_TS_Ki26": 0.4, "Lb_TS_Ka26": 0.4, "Lb_Med_26": 0.0, "Lbr_Jbt_26": 9.8, "Bgn_Ats_26": "GTP", "Jns_Jbt_26": "STANDAR", "Thn_Bgn_26": "1993", "BA_26": "2", "LNT_26": "2", "BB_26": "0", "DAS_26": "2", "OP_26": "0", "UT_26": "1", "GR_26": "0", "LB_26": "0", "JBT_26": "2", "Tp_Lnts_26": "SUNGAI", "Dt_Lnts_26": "BERJALIN", "Pnangnn_26": "RUTIN", "Pmriksn_26": "RUTIN", "Pnglola_26": "BPJN SUMATERA BARAT", "Satkr_ID26": "693875", "PPK_Name26": "PPK 1.2", "Traffic_26": null, "VCR_26": "1.118", "AADT_26": null, "Tipe_Jb_26": null, "Lat_26": 0.11375299830228867, "Long_26": 100.758110046, "Tgl_Ins_26": "8\/23\/2022", "Ket_26": null }, "geometry": { "type": "Point", "coordinates": [ 100.758110045941919, 0.113752998302289 ] } },
{ "type": "Feature", "properties": { "KDRUAS_UPD": "06037", "NOJBT_UPD": "06.037.001.0", "NM_RUAS_UP": "BTS. KOTA PAYAKUMBUH - BASO", "NM_JBT_UPD": "UJUNG GUGUK", "PROVINSI": "SUMATERA BARAT", "No_Prov_26": "06", "ID_Jbt_26": "0600532", "Kd_Ruas_26": "06037", "Suffix_26": null, "Nm_Ruas_26": "BTS. KOTA PAYAKUMBUH - BASO", "Lintas_26": "JALAN PENGHUBUNG LINTAS", "No_Jbt_26": "06.037.001.0", "Nm_Jbt_26": "UJUNG GUGUK", "Status_26": "N", "Fungsi_26": "A", "Lks_Dr_26": "PDG", "Lks_km_26": 106.2, "F_STA_26": "370", "Cadin_26": "BKT", "Pjg_Jbt_26": 12.1, "Btg_Pjg_26": 11.5, "Jml_Btg_26": "1", "Lb_Jl_Ms26": 6.15, "Lb_Jl_Kl26": 6.15, "Lb_Lalin26": 6.15, "Lb_Bh_Ki26": 0.3, "Lb_Bh_Ka26": 0.44, "Lb_Dr_Ki26": 0.1, "Lb_Dr_Ka26": 0.1, "Lb_Tr_Ki26": 1.08, "Lb_Tr_Ka26": 1.05, "Lb_TS_Ki26": 0.265, "Lb_TS_Ka26": 0.265, "Lb_Med_26": 0.0, "Lbr_Jbt_26": 9.75, "Bgn_Ats_26": "GBP", "Jns_Jbt_26": "STANDAR", "Thn_Bgn_26": "1976", "BA_26": "2", "LNT_26": "2", "BB_26": "2", "DAS_26": "2", "OP_26": "2", "UT_26": "0", "GR_26": "0", "LB_26": "0", "JBT_26": "2", "Tp_Lnts_26": "SUNGAI", "Dt_Lnts_26": "BERKELOK", "Pnangnn_26": "RUTIN", "Pmriksn_26": "RUTIN", "Pnglola_26": "BPJN SUMATERA BARAT", "Satkr_ID26": "693875", "PPK_Name26": "PPK 1.2", "Traffic_26": null, "VCR_26": "1.02", "AADT_26": null, "Tipe_Jb_26": null, "Lat_26": -0.27193099272100002, "Long_26": 100.49217224099999, "Tgl_Ins_26": "6\/26\/2024", "Ket_26": null }, "geometry": { "type": "Point", "coordinates": [ 100.492172241355888, -0.271930992721082 ] } },
{ "type": "Feature", "properties": { "KDRUAS_UPD": "06037", "NOJBT_UPD": "06.037.003.0", "NM_RUAS_UP": "BTS. KOTA PAYAKUMBUH - BASO", "NM_JBT_UPD": "AIR TITI", "PROVINSI": "SUMATERA BARAT", "No_Prov_26": "06", "ID_Jbt_26": "0600534", "Kd_Ruas_26": "06037", "Suffix_26": null, "Nm_Ruas_26": "BTS. KOTA PAYAKUMBUH - BASO", "Lintas_26": "JALAN PENGHUBUNG LINTAS", "No_Jbt_26": "06.037.003.0", "Nm_Jbt_26": "AIR TITI", "Status_26": "N", "Fungsi_26": "A", "Lks_Dr_26": "PDG", "Lks_km_26": 112.0, "F_STA_26": "940", "Cadin_26": "BKT", "Pjg_Jbt_26": 45.3, "Btg_Pjg_26": 45.0, "Jml_Btg_26": "1", "Lb_Jl_Ms26": 6.4, "Lb_Jl_Kl26": 6.4, "Lb_Lalin26": 6.4, "Lb_Bh_Ki26": 0.41, "Lb_Bh_Ka26": 0.34, "Lb_Dr_Ki26": 0.0, "Lb_Dr_Ka26": 0.0, "Lb_Tr_Ki26": 0.89, "Lb_Tr_Ka26": 0.92, "Lb_TS_Ki26": 0.0, "Lb_TS_Ka26": 0.0, "Lb_Med_26": 0.0, "Lbr_Jbt_26": 8.96, "Bgn_Ats_26": "RBI", "Jns_Jbt_26": "STANDAR", "Thn_Bgn_26": "2020", "BA_26": "2", "LNT_26": "2", "BB_26": "2", "DAS_26": "1", "OP_26": "1", "UT_26": "0", "GR_26": "0", "LB_26": "0", "JBT_26": "2", "Tp_Lnts_26": "SUNGAI", "Dt_Lnts_26": "BERKELOK", "Pnangnn_26": "RUTIN", "Pmriksn_26": "DETAIL", "Pnglola_26": "BPJN SUMATERA BARAT", "Satkr_ID26": "693875", "PPK_Name26": "PPK 1.2", "Traffic_26": null, "VCR_26": "1.02", "AADT_26": null, "Tipe_Jb_26": null, "Lat_26": -0.26325300352300002, "Long_26": 100.54126739500002, "Tgl_Ins_26": "5\/28\/2026", "Ket_26": null }, "geometry": { "type": "Point", "coordinates": [ 100.541267394674605, -0.263253003523232 ] } },
{ "type": "Feature", "properties": { "KDRUAS_UPD": "0603712", "NOJBT_UPD": "06.037.005.0.12", "NM_RUAS_UP": "JLN. DIPONEGORO  (PAYAKUMBUH)", "NM_JBT_UPD": "IRIGASI SUNGAI BERINGIN", "PROVINSI": "SUMATERA BARAT", "No_Prov_26": "06", "ID_Jbt_26": "0600536", "Kd_Ruas_26": "0603712", "Suffix_26": "12", "Nm_Ruas_26": "JLN. DIPONEGORO  (PAYAKUMBUH)", "Lintas_26": "JALAN PENGHUBUNG LINTAS", "No_Jbt_26": "06.037.005.0.12", "Nm_Jbt_26": "IRIGASI SUNGAI BERINGIN", "Status_26": "N", "Fungsi_26": "A", "Lks_Dr_26": "PDG", "Lks_km_26": 12.2, "F_STA_26": "210", "Cadin_26": "PYK", "Pjg_Jbt_26": 6.7, "Btg_Pjg_26": 6.0, "Jml_Btg_26": "1", "Lb_Jl_Ms26": 6.2, "Lb_Jl_Kl26": 6.2, "Lb_Lalin26": 6.2, "Lb_Bh_Ki26": 0.34, "Lb_Bh_Ka26": 0.34, "Lb_Dr_Ki26": 0.0, "Lb_Dr_Ka26": 0.0, "Lb_Tr_Ki26": 0.63, "Lb_Tr_Ka26": 0.69, "Lb_TS_Ki26": 0.3, "Lb_TS_Ka26": 0.3, "Lb_Med_26": 0.0, "Lbr_Jbt_26": 8.8, "Bgn_Ats_26": "GTP", "Jns_Jbt_26": "STANDAR", "Thn_Bgn_26": "1990", "BA_26": "2", "LNT_26": "2", "BB_26": "1", "DAS_26": "1", "OP_26": "0", "UT_26": "0", "GR_26": "0", "LB_26": "0", "JBT_26": "2", "Tp_Lnts_26": "SUNGAI", "Dt_Lnts_26": "LURUS", "Pnangnn_26": "RUTIN", "Pmriksn_26": "RUTIN", "Pnglola_26": "BPJN SUMATERA BARAT", "Satkr_ID26": "693875", "PPK_Name26": "PPK 1.2", "Traffic_26": null, "VCR_26": "0.119", "AADT_26": null, "Tipe_Jb_26": null, "Lat_26": -0.23753899313, "Long_26": 100.60041809099999, "Tgl_Ins_26": "9\/17\/2020", "Ket_26": null }, "geometry": { "type": "Point", "coordinates": [ 100.600418090822302, -0.237538993129988 ] } },
{ "type": "Feature", "properties": { "KDRUAS_UPD": "0603713", "NOJBT_UPD": "06.037.006.0.13", "NM_RUAS_UP": "JLN. K.H. AHMAD DAHLAN  (PAYAKUMBUH)", "NM_JBT_UPD": "BATANG LAMPASI", "PROVINSI": "SUMATERA BARAT", "No_Prov_26": "06", "ID_Jbt_26": "0600537", "Kd_Ruas_26": "0603713", "Suffix_26": "13", "Nm_Ruas_26": "JLN. K.H. AHMAD DAHLAN  (PAYAKUMBUH)", "Lintas_26": "JALAN PENGHUBUNG LINTAS", "No_Jbt_26": "06.037.006.0.13", "Nm_Jbt_26": "BATANG LAMPASI", "Status_26": "N", "Fungsi_26": "A", "Lks_Dr_26": "PDG", "Lks_km_26": 129.24, "F_STA_26": "250", "Cadin_26": "PYK", "Pjg_Jbt_26": 26.2, "Btg_Pjg_26": 26.0, "Jml_Btg_26": "1", "Lb_Jl_Ms26": 5.9, "Lb_Jl_Kl26": 5.9, "Lb_Lalin26": 5.9, "Lb_Bh_Ki26": 0.3, "Lb_Bh_Ka26": 0.32, "Lb_Dr_Ki26": 0.2, "Lb_Dr_Ka26": 0.2, "Lb_Tr_Ki26": 1.0, "Lb_Tr_Ka26": 1.0, "Lb_TS_Ki26": 0.0, "Lb_TS_Ka26": 0.0, "Lb_Med_26": 0.0, "Lbr_Jbt_26": 8.92, "Bgn_Ats_26": "RBB", "Jns_Jbt_26": "STANDAR", "Thn_Bgn_26": "1990", "BA_26": "2", "LNT_26": "2", "BB_26": "2", "DAS_26": "2", "OP_26": "2", "UT_26": "0", "GR_26": "0", "LB_26": "0", "JBT_26": "2", "Tp_Lnts_26": "SUNGAI", "Dt_Lnts_26": "BERKELOK", "Pnangnn_26": "RUTIN", "Pmriksn_26": "RUTIN", "Pnglola_26": "BPJN SUMATERA BARAT", "Satkr_ID26": "693875", "PPK_Name26": "PPK 1.2", "Traffic_26": null, "VCR_26": "0.07", "AADT_26": null, "Tipe_Jb_26": null, "Lat_26": -0.19230399983, "Long_26": 100.63392639200001, "Tgl_Ins_26": "6\/17\/2025", "Ket_26": null }, "geometry": { "type": "Point", "coordinates": [ 100.633926392289254, -0.192303999829676 ] } },
{ "type": "Feature", "properties": { "KDRUAS_UPD": "06038", "NOJBT_UPD": "06.038.002.0", "NM_RUAS_UP": "BASO - BTS. KOTA BUKIT TINGGI", "NM_JBT_UPD": "BATANG KATIK", "PROVINSI": "SUMATERA BARAT", "No_Prov_26": "06", "ID_Jbt_26": "0600539", "Kd_Ruas_26": "06038", "Suffix_26": null, "Nm_Ruas_26": "BASO - BTS. KOTA BUKIT TINGGI", "Lintas_26": "JALAN PENGHUBUNG LINTAS", "No_Jbt_26": "06.038.002.0", "Nm_Jbt_26": "BATANG KATIK", "Status_26": "N", "Fungsi_26": "A", "Lks_Dr_26": "PDG", "Lks_km_26": 97.6, "F_STA_26": "270", "Cadin_26": "BKT", "Pjg_Jbt_26": 6.0, "Btg_Pjg_26": 5.5, "Jml_Btg_26": "1", "Lb_Jl_Ms26": 6.0, "Lb_Jl_Kl26": 6.0, "Lb_Lalin26": 6.0, "Lb_Bh_Ki26": 2.3, "Lb_Bh_Ka26": 0.84, "Lb_Dr_Ki26": 0.0, "Lb_Dr_Ka26": 0.0, "Lb_Tr_Ki26": 0.0, "Lb_Tr_Ka26": 0.0, "Lb_TS_Ki26": 0.33, "Lb_TS_Ka26": 0.33, "Lb_Med_26": 0.0, "Lbr_Jbt_26": 9.8, "Bgn_Ats_26": "ESP", "Jns_Jbt_26": "STANDAR", "Thn_Bgn_26": "1969", "BA_26": "2", "LNT_26": "0", "BB_26": "0", "DAS_26": "1", "OP_26": "1", "UT_26": "0", "GR_26": "0", "LB_26": "0", "JBT_26": "2", "Tp_Lnts_26": "SUNGAI", "Dt_Lnts_26": "BERKELOK", "Pnangnn_26": "RUTIN", "Pmriksn_26": "RUTIN", "Pnglola_26": "BPJN SUMATERA BARAT", "Satkr_ID26": "693875", "PPK_Name26": "PPK 1.2", "Traffic_26": null, "VCR_26": "1.056", "AADT_26": null, "Tipe_Jb_26": null, "Lat_26": -0.29032999313500002, "Long_26": 100.422241211, "Tgl_Ins_26": "6\/26\/2024", "Ket_26": null }, "geometry": { "type": "Point", "coordinates": [ 100.422241210863262, -0.290329993134606 ] } },
{ "type": "Feature", "properties": { "KDRUAS_UPD": "06038", "NOJBT_UPD": "06.038.003.0", "NM_RUAS_UP": "BASO - BTS. KOTA BUKIT TINGGI", "NM_JBT_UPD": "BIARO", "PROVINSI": "SUMATERA BARAT", "No_Prov_26": "06", "ID_Jbt_26": "0600540", "Kd_Ruas_26": "06038", "Suffix_26": null, "Nm_Ruas_26": "BASO - BTS. KOTA BUKIT TINGGI", "Lintas_26": "JALAN PENGHUBUNG LINTAS", "No_Jbt_26": "06.038.003.0", "Nm_Jbt_26": "BIARO", "Status_26": "N", "Fungsi_26": "A", "Lks_Dr_26": "PDG", "Lks_km_26": 98.1, "F_STA_26": "360", "Cadin_26": "BKT", "Pjg_Jbt_26": 8.6, "Btg_Pjg_26": 3.5, "Jml_Btg_26": "2", "Lb_Jl_Ms26": 6.2, "Lb_Jl_Kl26": 6.2, "Lb_Lalin26": 6.2, "Lb_Bh_Ki26": 0.35, "Lb_Bh_Ka26": 0.42, "Lb_Dr_Ki26": 0.0, "Lb_Dr_Ka26": 0.0, "Lb_Tr_Ki26": 0.95, "Lb_Tr_Ka26": 0.95, "Lb_TS_Ki26": 0.315, "Lb_TS_Ka26": 0.315, "Lb_Med_26": 0.0, "Lbr_Jbt_26": 9.5, "Bgn_Ats_26": "BTP", "Jns_Jbt_26": "STANDAR", "Thn_Bgn_26": "2023", "BA_26": "1", "LNT_26": "0", "BB_26": "0", "DAS_26": "1", "OP_26": "1", "UT_26": "0", "GR_26": "0", "LB_26": "0", "JBT_26": "1", "Tp_Lnts_26": "SUNGAI", "Dt_Lnts_26": "BERKELOK", "Pnangnn_26": "RUTIN", "Pmriksn_26": "TIDAK DISURVEI", "Pnglola_26": "BPJN SUMATERA BARAT", "Satkr_ID26": "693875", "PPK_Name26": "PPK 1.2", "Traffic_26": null, "VCR_26": "1.056", "AADT_26": null, "Tipe_Jb_26": null, "Lat_26": -0.28873699881300002, "Long_26": 100.429763794, "Tgl_Ins_26": "7\/10\/2024", "Ket_26": null }, "geometry": { "type": "Point", "coordinates": [ 100.429763794263749, -0.28873699881342 ] } },
{ "type": "Feature", "properties": { "KDRUAS_UPD": "06038", "NOJBT_UPD": "06.038.004.0", "NM_RUAS_UP": "BASO - BTS. KOTA BUKIT TINGGI", "NM_JBT_UPD": "LUNDANG", "PROVINSI": "SUMATERA BARAT", "No_Prov_26": "06", "ID_Jbt_26": "0600541", "Kd_Ruas_26": "06038", "Suffix_26": null, "Nm_Ruas_26": "BASO - BTS. KOTA BUKIT TINGGI", "Lintas_26": "JALAN PENGHUBUNG LINTAS", "No_Jbt_26": "06.038.004.0", "Nm_Jbt_26": "LUNDANG", "Status_26": "N", "Fungsi_26": "A", "Lks_Dr_26": "PDG", "Lks_km_26": 99.6, "F_STA_26": "490", "Cadin_26": "BKT", "Pjg_Jbt_26": 30.9, "Btg_Pjg_26": 20.0, "Jml_Btg_26": "3", "Lb_Jl_Ms26": 6.5, "Lb_Jl_Kl26": 6.5, "Lb_Lalin26": 6.5, "Lb_Bh_Ki26": 0.43, "Lb_Bh_Ka26": 0.41, "Lb_Dr_Ki26": 0.0, "Lb_Dr_Ka26": 0.0, "Lb_Tr_Ki26": 0.7, "Lb_Tr_Ka26": 0.8, "Lb_TS_Ki26": 0.23, "Lb_TS_Ka26": 0.23, "Lb_Med_26": 0.0, "Lbr_Jbt_26": 9.3, "Bgn_Ats_26": "GTP", "Jns_Jbt_26": "STANDAR", "Thn_Bgn_26": "1987", "BA_26": "1", "LNT_26": "1", "BB_26": "2", "DAS_26": "1", "OP_26": "0", "UT_26": "0", "GR_26": "0", "LB_26": "0", "JBT_26": "2", "Tp_Lnts_26": "SUNGAI", "Dt_Lnts_26": "BERKELOK", "Pnangnn_26": "RUTIN", "Pmriksn_26": "RUTIN", "Pnglola_26": "BPJN SUMATERA BARAT", "Satkr_ID26": "693875", "PPK_Name26": "PPK 1.2", "Traffic_26": null, "VCR_26": "1.056", "AADT_26": null, "Tipe_Jb_26": null, "Lat_26": -0.28648498669299999, "Long_26": 100.44093322800001, "Tgl_Ins_26": "9\/16\/2020", "Ket_26": null }, "geometry": { "type": "Point", "coordinates": [ 100.440933228385859, -0.286484986692756 ] } },
{ "type": "Feature", "properties": { "KDRUAS_UPD": "06040", "NOJBT_UPD": "06.040.002.0", "NM_RUAS_UP": "BTS. KOTA PADANG PANJANG - SICINCIN", "NM_JBT_UPD": "TITIAN TIGO", "PROVINSI": "SUMATERA BARAT", "No_Prov_26": "06", "ID_Jbt_26": "0600542", "Kd_Ruas_26": "06040", "Suffix_26": null, "Nm_Ruas_26": "BTS. KOTA PADANG PANJANG - SICINCIN", "Lintas_26": "JALAN PENGHUBUNG LINTAS", "No_Jbt_26": "06.040.002.0", "Nm_Jbt_26": "TITIAN TIGO", "Status_26": "N", "Fungsi_26": "A", "Lks_Dr_26": "PDG", "Lks_km_26": 51.0, "F_STA_26": "320", "Cadin_26": "PRM", "Pjg_Jbt_26": 30.4, "Btg_Pjg_26": 30.0, "Jml_Btg_26": "1", "Lb_Jl_Ms26": 6.3, "Lb_Jl_Kl26": 6.3, "Lb_Lalin26": 6.3, "Lb_Bh_Ki26": 0.45, "Lb_Bh_Ka26": 0.57, "Lb_Dr_Ki26": 0.0, "Lb_Dr_Ka26": 0.0, "Lb_Tr_Ki26": 0.97, "Lb_Tr_Ka26": 0.97, "Lb_TS_Ki26": 0.22, "Lb_TS_Ka26": 0.22, "Lb_Med_26": 0.0, "Lbr_Jbt_26": 9.7, "Bgn_Ats_26": "GTP", "Jns_Jbt_26": "STANDAR", "Thn_Bgn_26": "1994", "BA_26": "2", "LNT_26": "2", "BB_26": "2", "DAS_26": "2", "OP_26": "2", "UT_26": "1", "GR_26": "0", "LB_26": "0", "JBT_26": "2", "Tp_Lnts_26": "SUNGAI", "Dt_Lnts_26": "BERKELOK", "Pnangnn_26": "RUTIN", "Pmriksn_26": "DETAIL", "Pnglola_26": "BPJN SUMATERA BARAT", "Satkr_ID26": "693875", "PPK_Name26": "PPK 1.1", "Traffic_26": null, "VCR_26": "0.744", "AADT_26": null, "Tipe_Jb_26": null, "Lat_26": -0.55011701588799999, "Long_26": 100.299743652, "Tgl_Ins_26": "5\/10\/2026", "Ket_26": null }, "geometry": { "type": "Point", "coordinates": [ 100.299743652047937, -0.550117015887508 ] } },
{ "type": "Feature", "properties": { "KDRUAS_UPD": "06040", "NOJBT_UPD": "06.040.003.0", "NM_RUAS_UP": "BTS. KOTA PADANG PANJANG - SICINCIN", "NM_JBT_UPD": "TITIAN PANJANG", "PROVINSI": "SUMATERA BARAT", "No_Prov_26": "06", "ID_Jbt_26": "0600543", "Kd_Ruas_26": "06040", "Suffix_26": null, "Nm_Ruas_26": "BTS. KOTA PADANG PANJANG - SICINCIN", "Lintas_26": "JALAN PENGHUBUNG LINTAS", "No_Jbt_26": "06.040.003.0", "Nm_Jbt_26": "TITIAN PANJANG", "Status_26": "N", "Fungsi_26": "A", "Lks_Dr_26": "PDG", "Lks_km_26": 52.1, "F_STA_26": "420", "Cadin_26": "PRM", "Pjg_Jbt_26": 30.7, "Btg_Pjg_26": 30.0, "Jml_Btg_26": "1", "Lb_Jl_Ms26": 10.05, "Lb_Jl_Kl26": 10.05, "Lb_Lalin26": 10.05, "Lb_Bh_Ki26": 0.35, "Lb_Bh_Ka26": 0.35, "Lb_Dr_Ki26": 0.16, "Lb_Dr_Ka26": 0.16, "Lb_Tr_Ki26": 0.53, "Lb_Tr_Ka26": 0.53, "Lb_TS_Ki26": 0.285, "Lb_TS_Ka26": 0.285, "Lb_Med_26": 0.0, "Lbr_Jbt_26": 12.7, "Bgn_Ats_26": "GTP", "Jns_Jbt_26": "STANDAR", "Thn_Bgn_26": "2021", "BA_26": "2", "LNT_26": "2", "BB_26": "2", "DAS_26": "2", "OP_26": "1", "UT_26": "0", "GR_26": "0", "LB_26": "0", "JBT_26": "2", "Tp_Lnts_26": "SUNGAI", "Dt_Lnts_26": "BERKELOK", "Pnangnn_26": "RUTIN", "Pmriksn_26": "DETAIL", "Pnglola_26": "BPJN SUMATERA BARAT", "Satkr_ID26": "693875", "PPK_Name26": "PPK 1.1", "Traffic_26": null, "VCR_26": "0.744", "AADT_26": null, "Tipe_Jb_26": null, "Lat_26": -0.55143700031700005, "Long_26": 100.308162, "Tgl_Ins_26": "5\/10\/2026", "Ket_26": null }, "geometry": { "type": "Point", "coordinates": [ 100.30816199977653, -0.551437000317264 ] } },
{ "type": "Feature", "properties": { "KDRUAS_UPD": "06040", "NOJBT_UPD": "06.040.004.0", "NM_RUAS_UP": "BTS. KOTA PADANG PANJANG - SICINCIN", "NM_JBT_UPD": "PALABIHAN", "PROVINSI": "SUMATERA BARAT", "No_Prov_26": "06", "ID_Jbt_26": "0600544", "Kd_Ruas_26": "06040", "Suffix_26": null, "Nm_Ruas_26": "BTS. KOTA PADANG PANJANG - SICINCIN", "Lintas_26": "JALAN PENGHUBUNG LINTAS", "No_Jbt_26": "06.040.004.0", "Nm_Jbt_26": "PALABIHAN", "Status_26": "N", "Fungsi_26": "A", "Lks_Dr_26": "PDG", "Lks_km_26": 52.5, "F_STA_26": "460", "Cadin_26": "PRM", "Pjg_Jbt_26": 20.9, "Btg_Pjg_26": 20.0, "Jml_Btg_26": "1", "Lb_Jl_Ms26": 6.28, "Lb_Jl_Kl26": 6.28, "Lb_Lalin26": 6.28, "Lb_Bh_Ki26": 0.32, "Lb_Bh_Ka26": 0.34, "Lb_Dr_Ki26": 0.08, "Lb_Dr_Ka26": 0.1, "Lb_Tr_Ki26": 1.08, "Lb_Tr_Ka26": 1.03, "Lb_TS_Ki26": 0.135, "Lb_TS_Ka26": 0.135, "Lb_Med_26": 0.0, "Lbr_Jbt_26": 9.5, "Bgn_Ats_26": "GTP", "Jns_Jbt_26": "STANDAR", "Thn_Bgn_26": "1994", "BA_26": "2", "LNT_26": "2", "BB_26": "2", "DAS_26": "2", "OP_26": "1", "UT_26": "0", "GR_26": "0", "LB_26": "0", "JBT_26": "2", "Tp_Lnts_26": "SUNGAI", "Dt_Lnts_26": "BERKELOK", "Pnangnn_26": "BERKALA", "Pmriksn_26": "DETAIL", "Pnglola_26": "BPJN SUMATERA BARAT", "Satkr_ID26": "693875", "PPK_Name26": "PPK 1.1", "Traffic_26": null, "VCR_26": "0.744", "AADT_26": null, "Tipe_Jb_26": null, "Lat_26": -0.55133897061699999, "Long_26": 100.31231689500001, "Tgl_Ins_26": "5\/10\/2026", "Ket_26": null }, "geometry": { "type": "Point", "coordinates": [ 100.312316894609069, -0.551338970616939 ] } },
{ "type": "Feature", "properties": { "KDRUAS_UPD": "06040", "NOJBT_UPD": "06.040.005.0", "NM_RUAS_UP": "BTS. KOTA PADANG PANJANG - SICINCIN", "NM_JBT_UPD": "BATANG KALU", "PROVINSI": "SUMATERA BARAT", "No_Prov_26": "06", "ID_Jbt_26": "0600545", "Kd_Ruas_26": "06040", "Suffix_26": null, "Nm_Ruas_26": "BTS. KOTA PADANG PANJANG - SICINCIN", "Lintas_26": "JALAN PENGHUBUNG LINTAS", "No_Jbt_26": "06.040.005.0", "Nm_Jbt_26": "BATANG KALU", "Status_26": "N", "Fungsi_26": "A", "Lks_Dr_26": "PDG", "Lks_km_26": 54.1, "F_STA_26": "630", "Cadin_26": "PRM", "Pjg_Jbt_26": 30.8, "Btg_Pjg_26": 30.0, "Jml_Btg_26": "1", "Lb_Jl_Ms26": 7.15, "Lb_Jl_Kl26": 7.15, "Lb_Lalin26": 7.15, "Lb_Bh_Ki26": 0.47, "Lb_Bh_Ka26": 0.34, "Lb_Dr_Ki26": 0.0, "Lb_Dr_Ka26": 0.0, "Lb_Tr_Ki26": 0.5, "Lb_Tr_Ka26": 0.5, "Lb_TS_Ki26": 0.495, "Lb_TS_Ka26": 0.495, "Lb_Med_26": 0.0, "Lbr_Jbt_26": 9.95, "Bgn_Ats_26": "GPP", "Jns_Jbt_26": "STANDAR", "Thn_Bgn_26": "2019", "BA_26": "2", "LNT_26": "2", "BB_26": "2", "DAS_26": "1", "OP_26": "1", "UT_26": "0", "GR_26": "0", "LB_26": "0", "JBT_26": "2", "Tp_Lnts_26": "SUNGAI", "Dt_Lnts_26": "BERKELOK", "Pnangnn_26": "RUTIN", "Pmriksn_26": "DETAIL", "Pnglola_26": "BPJN SUMATERA BARAT", "Satkr_ID26": "693875", "PPK_Name26": "PPK 1.1", "Traffic_26": null, "VCR_26": "0.744", "AADT_26": null, "Tipe_Jb_26": null, "Lat_26": -0.552637994548, "Long_26": 100.32727050799998, "Tgl_Ins_26": "6\/5\/2026", "Ket_26": null }, "geometry": { "type": "Point", "coordinates": [ 100.327270507727803, -0.552637994547752 ] } },
{ "type": "Feature", "properties": { "KDRUAS_UPD": "06040", "NOJBT_UPD": "06.040.006.0", "NM_RUAS_UP": "BTS. KOTA PADANG PANJANG - SICINCIN", "NM_JBT_UPD": "BATANG KATIAK", "PROVINSI": "SUMATERA BARAT", "No_Prov_26": "06", "ID_Jbt_26": "0600546", "Kd_Ruas_26": "06040", "Suffix_26": null, "Nm_Ruas_26": "BTS. KOTA PADANG PANJANG - SICINCIN", "Lintas_26": "JALAN PENGHUBUNG LINTAS", "No_Jbt_26": "06.040.006.0", "Nm_Jbt_26": "BATANG KATIAK", "Status_26": "N", "Fungsi_26": "A", "Lks_Dr_26": "PDG", "Lks_km_26": 58.6, "F_STA_26": "1090", "Cadin_26": "PRM", "Pjg_Jbt_26": 21.8, "Btg_Pjg_26": 7.0, "Jml_Btg_26": "3", "Lb_Jl_Ms26": 6.35, "Lb_Jl_Kl26": 6.35, "Lb_Lalin26": 6.35, "Lb_Bh_Ki26": 1.28, "Lb_Bh_Ka26": 1.37, "Lb_Dr_Ki26": 0.0, "Lb_Dr_Ka26": 0.0, "Lb_Tr_Ki26": 0.0, "Lb_Tr_Ka26": 0.0, "Lb_TS_Ki26": 0.325, "Lb_TS_Ka26": 0.325, "Lb_Med_26": 0.0, "Lbr_Jbt_26": 9.65, "Bgn_Ats_26": "ETP", "Jns_Jbt_26": "STANDAR", "Thn_Bgn_26": "1965", "BA_26": "2", "LNT_26": "1", "BB_26": "2", "DAS_26": "0", "OP_26": "0", "UT_26": "0", "GR_26": "0", "LB_26": "0", "JBT_26": "2", "Tp_Lnts_26": "SUNGAI", "Dt_Lnts_26": "BERKELOK", "Pnangnn_26": "RUTIN", "Pmriksn_26": "RUTIN", "Pnglola_26": "BPJN SUMATERA BARAT", "Satkr_ID26": "693875", "PPK_Name26": "PPK 1.1", "Traffic_26": null, "VCR_26": "0.744", "AADT_26": null, "Tipe_Jb_26": null, "Lat_26": -0.51528102190199998, "Long_26": 100.33715820299999, "Tgl_Ins_26": "6\/26\/2024", "Ket_26": null }, "geometry": { "type": "Point", "coordinates": [ 100.337158202888816, -0.515281021901615 ] } },
{ "type": "Feature", "properties": { "KDRUAS_UPD": "06040", "NOJBT_UPD": "06.040.007.0", "NM_RUAS_UP": "BTS. KOTA PADANG PANJANG - SICINCIN", "NM_JBT_UPD": "BATANG TAROK", "PROVINSI": "SUMATERA BARAT", "No_Prov_26": "06", "ID_Jbt_26": "0600547", "Kd_Ruas_26": "06040", "Suffix_26": null, "Nm_Ruas_26": "BTS. KOTA PADANG PANJANG - SICINCIN", "Lintas_26": "JALAN PENGHUBUNG LINTAS", "No_Jbt_26": "06.040.007.0", "Nm_Jbt_26": "BATANG TAROK", "Status_26": "N", "Fungsi_26": "A", "Lks_Dr_26": "PDG", "Lks_km_26": 59.3, "F_STA_26": "1140", "Cadin_26": "PRM", "Pjg_Jbt_26": 30.6, "Btg_Pjg_26": 20.0, "Jml_Btg_26": "3", "Lb_Jl_Ms26": 6.2, "Lb_Jl_Kl26": 6.2, "Lb_Lalin26": 6.2, "Lb_Bh_Ki26": 0.2, "Lb_Bh_Ka26": 0.39, "Lb_Dr_Ki26": 0.2, "Lb_Dr_Ka26": 0.15, "Lb_Tr_Ki26": 1.25, "Lb_Tr_Ka26": 1.4, "Lb_TS_Ki26": 0.0, "Lb_TS_Ka26": 0.0, "Lb_Med_26": 0.0, "Lbr_Jbt_26": 9.79, "Bgn_Ats_26": "GTP", "Jns_Jbt_26": "STANDAR", "Thn_Bgn_26": "1974", "BA_26": "1", "LNT_26": "1", "BB_26": "2", "DAS_26": "1", "OP_26": "0", "UT_26": "0", "GR_26": "0", "LB_26": "0", "JBT_26": "2", "Tp_Lnts_26": "SUNGAI", "Dt_Lnts_26": "BERKELOK", "Pnangnn_26": "RUTIN", "Pmriksn_26": "RUTIN", "Pnglola_26": "BPJN SUMATERA BARAT", "Satkr_ID26": "693875", "PPK_Name26": "PPK 1.1", "Traffic_26": null, "VCR_26": "0.744", "AADT_26": null, "Tipe_Jb_26": null, "Lat_26": -0.51103699166399996, "Long_26": 100.337600708, "Tgl_Ins_26": "6\/25\/2024", "Ket_26": null }, "geometry": { "type": "Point", "coordinates": [ 100.337600708006335, -0.511036991663786 ] } },
{ "type": "Feature", "properties": { "KDRUAS_UPD": "06040", "NOJBT_UPD": "06.040.008.0", "NM_RUAS_UP": "BTS. KOTA PADANG PANJANG - SICINCIN", "NM_JBT_UPD": "BATANG TAMBOHONG", "PROVINSI": "SUMATERA BARAT", "No_Prov_26": "06", "ID_Jbt_26": "0600548", "Kd_Ruas_26": "06040", "Suffix_26": null, "Nm_Ruas_26": "BTS. KOTA PADANG PANJANG - SICINCIN", "Lintas_26": "JALAN PENGHUBUNG LINTAS", "No_Jbt_26": "06.040.008.0", "Nm_Jbt_26": "BATANG TAMBOHONG", "Status_26": "N", "Fungsi_26": "A", "Lks_Dr_26": "PDG", "Lks_km_26": 59.5, "F_STA_26": "1160", "Cadin_26": "PRM", "Pjg_Jbt_26": 17.7, "Btg_Pjg_26": 17.0, "Jml_Btg_26": "1", "Lb_Jl_Ms26": 6.5, "Lb_Jl_Kl26": 6.5, "Lb_Lalin26": 6.5, "Lb_Bh_Ki26": 0.37, "Lb_Bh_Ka26": 0.23, "Lb_Dr_Ki26": 0.0, "Lb_Dr_Ka26": 0.0, "Lb_Tr_Ki26": 1.0, "Lb_Tr_Ka26": 1.06, "Lb_TS_Ki26": 0.32, "Lb_TS_Ka26": 0.32, "Lb_Med_26": 0.0, "Lbr_Jbt_26": 9.8, "Bgn_Ats_26": "GTP", "Jns_Jbt_26": "STANDAR", "Thn_Bgn_26": "1973", "BA_26": "1", "LNT_26": "1", "BB_26": "0", "DAS_26": "2", "OP_26": "0", "UT_26": "0", "GR_26": "0", "LB_26": "0", "JBT_26": "2", "Tp_Lnts_26": "SUNGAI", "Dt_Lnts_26": "BERKELOK", "Pnangnn_26": "RUTIN", "Pmriksn_26": "RUTIN", "Pnglola_26": "BPJN SUMATERA BARAT", "Satkr_ID26": "693875", "PPK_Name26": "PPK 1.1", "Traffic_26": null, "VCR_26": "0.744", "AADT_26": null, "Tipe_Jb_26": null, "Lat_26": -0.50916898286199996, "Long_26": 100.33782959, "Tgl_Ins_26": "6\/26\/2024", "Ket_26": null }, "geometry": { "type": "Point", "coordinates": [ 100.33782958996369, -0.509168982862207 ] } },
{ "type": "Feature", "properties": { "KDRUAS_UPD": "06040", "NOJBT_UPD": "06.040.009.0", "NM_RUAS_UP": "BTS. KOTA PADANG PANJANG - SICINCIN", "NM_JBT_UPD": "KANDANG AMPAT", "PROVINSI": "SUMATERA BARAT", "No_Prov_26": "06", "ID_Jbt_26": "0600549", "Kd_Ruas_26": "06040", "Suffix_26": null, "Nm_Ruas_26": "BTS. KOTA PADANG PANJANG - SICINCIN", "Lintas_26": "JALAN PENGHUBUNG LINTAS", "No_Jbt_26": "06.040.009.0", "Nm_Jbt_26": "KANDANG AMPAT", "Status_26": "N", "Fungsi_26": "A", "Lks_Dr_26": "PDG", "Lks_km_26": 59.99, "F_STA_26": "1210", "Cadin_26": "PRM", "Pjg_Jbt_26": 8.3, "Btg_Pjg_26": 8.0, "Jml_Btg_26": "1", "Lb_Jl_Ms26": 6.75, "Lb_Jl_Kl26": 6.75, "Lb_Lalin26": 6.75, "Lb_Bh_Ki26": 0.4, "Lb_Bh_Ka26": 0.54, "Lb_Dr_Ki26": 0.0, "Lb_Dr_Ka26": 0.0, "Lb_Tr_Ki26": 0.57, "Lb_Tr_Ka26": 0.57, "Lb_TS_Ki26": 0.435, "Lb_TS_Ka26": 0.435, "Lb_Med_26": 0.0, "Lbr_Jbt_26": 9.7, "Bgn_Ats_26": "GTP", "Jns_Jbt_26": "STANDAR", "Thn_Bgn_26": "1973", "BA_26": "1", "LNT_26": "1", "BB_26": "2", "DAS_26": "2", "OP_26": "0", "UT_26": "0", "GR_26": "0", "LB_26": "0", "JBT_26": "2", "Tp_Lnts_26": "KERETA API", "Dt_Lnts_26": null, "Pnangnn_26": "RUTIN", "Pmriksn_26": "RUTIN", "Pnglola_26": "BPJN SUMATERA BARAT", "Satkr_ID26": "693875", "PPK_Name26": "PPK 1.1", "Traffic_26": null, "VCR_26": "0.744", "AADT_26": null, "Tipe_Jb_26": null, "Lat_26": -0.50496602016600001, "Long_26": 100.337631226, "Tgl_Ins_26": "6\/26\/2024", "Ket_26": null }, "geometry": { "type": "Point", "coordinates": [ 100.33763122560066, -0.504966020165625 ] } },
{ "type": "Feature", "properties": { "KDRUAS_UPD": "06040", "NOJBT_UPD": "06.040.010.0", "NM_RUAS_UP": "BTS. KOTA PADANG PANJANG - SICINCIN", "NM_JBT_UPD": "LURAH DALAM", "PROVINSI": "SUMATERA BARAT", "No_Prov_26": "06", "ID_Jbt_26": "0600550", "Kd_Ruas_26": "06040", "Suffix_26": null, "Nm_Ruas_26": "BTS. KOTA PADANG PANJANG - SICINCIN", "Lintas_26": "JALAN PENGHUBUNG LINTAS", "No_Jbt_26": "06.040.010.0", "Nm_Jbt_26": "LURAH DALAM", "Status_26": "N", "Fungsi_26": "A", "Lks_Dr_26": "PDG", "Lks_km_26": 62.2, "F_STA_26": "1430", "Cadin_26": "PRM", "Pjg_Jbt_26": 12.5, "Btg_Pjg_26": 12.0, "Jml_Btg_26": "1", "Lb_Jl_Ms26": 11.8, "Lb_Jl_Kl26": 11.8, "Lb_Lalin26": 12.2, "Lb_Bh_Ki26": 2.28, "Lb_Bh_Ka26": 0.74, "Lb_Dr_Ki26": 0.0, "Lb_Dr_Ka26": 0.0, "Lb_Tr_Ki26": 0.0, "Lb_Tr_Ka26": 0.0, "Lb_TS_Ki26": 0.25, "Lb_TS_Ka26": 0.25, "Lb_Med_26": 0.0, "Lbr_Jbt_26": 15.72, "Bgn_Ats_26": "ETP", "Jns_Jbt_26": "STANDAR", "Thn_Bgn_26": "1974", "BA_26": "2", "LNT_26": "1", "BB_26": "0", "DAS_26": "1", "OP_26": "0", "UT_26": "0", "GR_26": "2", "LB_26": "0", "JBT_26": "2", "Tp_Lnts_26": "SUNGAI", "Dt_Lnts_26": "BERKELOK", "Pnangnn_26": "RUTIN", "Pmriksn_26": "RUTIN", "Pnglola_26": "BPJN SUMATERA BARAT", "Satkr_ID26": "693875", "PPK_Name26": "PPK 1.1", "Traffic_26": null, "VCR_26": "0.744", "AADT_26": null, "Tipe_Jb_26": null, "Lat_26": -0.486831993302, "Long_26": 100.33667755100001, "Tgl_Ins_26": "6\/26\/2024", "Ket_26": null }, "geometry": { "type": "Point", "coordinates": [ 100.336677551228092, -0.486831993301791 ] } },
{ "type": "Feature", "properties": { "KDRUAS_UPD": "06040", "NOJBT_UPD": "06.040.011.0", "NM_RUAS_UP": "BTS. KOTA PADANG PANJANG - SICINCIN", "NM_JBT_UPD": "TARANTANG", "PROVINSI": "SUMATERA BARAT", "No_Prov_26": "06", "ID_Jbt_26": "0600551", "Kd_Ruas_26": "06040", "Suffix_26": null, "Nm_Ruas_26": "BTS. KOTA PADANG PANJANG - SICINCIN", "Lintas_26": "JALAN PENGHUBUNG LINTAS", "No_Jbt_26": "06.040.011.0", "Nm_Jbt_26": "TARANTANG", "Status_26": "N", "Fungsi_26": "A", "Lks_Dr_26": "PDG", "Lks_km_26": 62.3, "F_STA_26": "1440", "Cadin_26": "PRM", "Pjg_Jbt_26": 26.0, "Btg_Pjg_26": 25.5, "Jml_Btg_26": "1", "Lb_Jl_Ms26": 6.31, "Lb_Jl_Kl26": 6.31, "Lb_Lalin26": 6.31, "Lb_Bh_Ki26": 0.34, "Lb_Bh_Ka26": 0.34, "Lb_Dr_Ki26": 0.0, "Lb_Dr_Ka26": 0.0, "Lb_Tr_Ki26": 0.95, "Lb_Tr_Ka26": 0.95, "Lb_TS_Ki26": 0.555, "Lb_TS_Ka26": 0.555, "Lb_Med_26": 0.0, "Lbr_Jbt_26": 10.0, "Bgn_Ats_26": "GPP", "Jns_Jbt_26": "STANDAR", "Thn_Bgn_26": "2023", "BA_26": "1", "LNT_26": "0", "BB_26": "0", "DAS_26": "1", "OP_26": "1", "UT_26": "0", "GR_26": "0", "LB_26": "0", "JBT_26": "1", "Tp_Lnts_26": "SUNGAI", "Dt_Lnts_26": "BERJALIN", "Pnangnn_26": "RUTIN", "Pmriksn_26": "TIDAK DISURVEI", "Pnglola_26": "BPJN SUMATERA BARAT", "Satkr_ID26": "693875", "PPK_Name26": "PPK 1.1", "Traffic_26": null, "VCR_26": "0.744", "AADT_26": null, "Tipe_Jb_26": null, "Lat_26": -0.48589700504299999, "Long_26": 100.33700561500001, "Tgl_Ins_26": "7\/10\/2024", "Ket_26": null }, "geometry": { "type": "Point", "coordinates": [ 100.337005614917246, -0.485897005042716 ] } },
{ "type": "Feature", "properties": { "KDRUAS_UPD": "06040", "NOJBT_UPD": "06.040.012.0", "NM_RUAS_UP": "BTS. KOTA PADANG PANJANG - SICINCIN", "NM_JBT_UPD": "AIR MANCUR", "PROVINSI": "SUMATERA BARAT", "No_Prov_26": "06", "ID_Jbt_26": "0600552", "Kd_Ruas_26": "06040", "Suffix_26": null, "Nm_Ruas_26": "BTS. KOTA PADANG PANJANG - SICINCIN", "Lintas_26": "JALAN PENGHUBUNG LINTAS", "No_Jbt_26": "06.040.012.0", "Nm_Jbt_26": "AIR MANCUR", "Status_26": "N", "Fungsi_26": "A", "Lks_Dr_26": "PDG", "Lks_km_26": 62.6, "F_STA_26": "1480", "Cadin_26": "PRM", "Pjg_Jbt_26": 17.0, "Btg_Pjg_26": 4.0, "Jml_Btg_26": "4", "Lb_Jl_Ms26": 6.0, "Lb_Jl_Kl26": 6.0, "Lb_Lalin26": 6.0, "Lb_Bh_Ki26": 0.54, "Lb_Bh_Ka26": 0.5, "Lb_Dr_Ki26": 0.0, "Lb_Dr_Ka26": 0.0, "Lb_Tr_Ki26": 0.4, "Lb_Tr_Ka26": 0.4, "Lb_TS_Ki26": 0.3, "Lb_TS_Ka26": 0.3, "Lb_Med_26": 0.0, "Lbr_Jbt_26": 8.44, "Bgn_Ats_26": "YBP", "Jns_Jbt_26": "STANDAR", "Thn_Bgn_26": "1974", "BA_26": "2", "LNT_26": "1", "BB_26": "0", "DAS_26": "2", "OP_26": "0", "UT_26": "0", "GR_26": "1", "LB_26": "0", "JBT_26": "2", "Tp_Lnts_26": "SUNGAI", "Dt_Lnts_26": "BERJALIN", "Pnangnn_26": "RUTIN", "Pmriksn_26": "RUTIN", "Pnglola_26": "BPJN SUMATERA BARAT", "Satkr_ID26": "693875", "PPK_Name26": "PPK 1.1", "Traffic_26": null, "VCR_26": "0.744", "AADT_26": null, "Tipe_Jb_26": null, "Lat_26": -0.48385301240700002, "Long_26": 100.338813782, "Tgl_Ins_26": "6\/26\/2024", "Ket_26": null }, "geometry": { "type": "Point", "coordinates": [ 100.338813781930526, -0.483853012406541 ] } },
{ "type": "Feature", "properties": { "KDRUAS_UPD": "06040", "NOJBT_UPD": "06.040.013.0", "NM_RUAS_UP": "BTS. KOTA PADANG PANJANG - SICINCIN", "NM_JBT_UPD": "SINGGALANG KERING", "PROVINSI": "SUMATERA BARAT", "No_Prov_26": "06", "ID_Jbt_26": "0600553", "Kd_Ruas_26": "06040", "Suffix_26": null, "Nm_Ruas_26": "BTS. KOTA PADANG PANJANG - SICINCIN", "Lintas_26": "JALAN PENGHUBUNG LINTAS", "No_Jbt_26": "06.040.013.0", "Nm_Jbt_26": "SINGGALANG KERING", "Status_26": "N", "Fungsi_26": "A", "Lks_Dr_26": "PDG", "Lks_km_26": 65.5, "F_STA_26": "1760", "Cadin_26": "PRM", "Pjg_Jbt_26": 16.0, "Btg_Pjg_26": 15.5, "Jml_Btg_26": "1", "Lb_Jl_Ms26": 8.33, "Lb_Jl_Kl26": 8.33, "Lb_Lalin26": 8.33, "Lb_Bh_Ki26": 0.36, "Lb_Bh_Ka26": 0.46, "Lb_Dr_Ki26": 0.0, "Lb_Dr_Ka26": 0.0, "Lb_Tr_Ki26": 0.5, "Lb_Tr_Ka26": 0.5, "Lb_TS_Ki26": 0.0, "Lb_TS_Ka26": 0.0, "Lb_Med_26": 0.0, "Lbr_Jbt_26": 10.15, "Bgn_Ats_26": "GTP", "Jns_Jbt_26": "STANDAR", "Thn_Bgn_26": "1998", "BA_26": "2", "LNT_26": "2", "BB_26": "2", "DAS_26": "0", "OP_26": "3", "UT_26": "1", "GR_26": "0", "LB_26": "0", "JBT_26": "3", "Tp_Lnts_26": "SUNGAI", "Dt_Lnts_26": "BERJALIN", "Pnangnn_26": "RUTIN", "Pmriksn_26": "DETAIL", "Pnglola_26": "BPJN SUMATERA BARAT", "Satkr_ID26": "693875", "PPK_Name26": "PPK 1.1", "Traffic_26": null, "VCR_26": "0.744", "AADT_26": null, "Tipe_Jb_26": null, "Lat_26": -0.47701799848199999, "Long_26": 100.35846710200001, "Tgl_Ins_26": "5\/31\/2026", "Ket_26": null }, "geometry": { "type": "Point", "coordinates": [ 100.358467101875306, -0.477017998481813 ] } },
{ "type": "Feature", "properties": { "KDRUAS_UPD": "06040", "NOJBT_UPD": "06.040.014.0", "NM_RUAS_UP": "BTS. KOTA PADANG PANJANG - SICINCIN", "NM_JBT_UPD": "SINGGALANG 1", "PROVINSI": "SUMATERA BARAT", "No_Prov_26": "06", "ID_Jbt_26": "0600554", "Kd_Ruas_26": "06040", "Suffix_26": null, "Nm_Ruas_26": "BTS. KOTA PADANG PANJANG - SICINCIN", "Lintas_26": "JALAN PENGHUBUNG LINTAS", "No_Jbt_26": "06.040.014.0", "Nm_Jbt_26": "SINGGALANG 1", "Status_26": "N", "Fungsi_26": "A", "Lks_Dr_26": "PDG", "Lks_km_26": 66.3, "F_STA_26": "1840", "Cadin_26": "PRM", "Pjg_Jbt_26": 20.7, "Btg_Pjg_26": 20.0, "Jml_Btg_26": "1", "Lb_Jl_Ms26": 6.36, "Lb_Jl_Kl26": 6.36, "Lb_Lalin26": 6.36, "Lb_Bh_Ki26": 0.4, "Lb_Bh_Ka26": 0.35, "Lb_Dr_Ki26": 0.0, "Lb_Dr_Ka26": 0.4, "Lb_Tr_Ki26": 1.05, "Lb_Tr_Ka26": 1.01, "Lb_TS_Ki26": 0.145, "Lb_TS_Ka26": 0.145, "Lb_Med_26": 0.0, "Lbr_Jbt_26": 9.86, "Bgn_Ats_26": "GTP", "Jns_Jbt_26": "STANDAR", "Thn_Bgn_26": "1973", "BA_26": "3", "LNT_26": "2", "BB_26": "2", "DAS_26": "2", "OP_26": "2", "UT_26": "1", "GR_26": "0", "LB_26": "0", "JBT_26": "3", "Tp_Lnts_26": "SUNGAI", "Dt_Lnts_26": "BERKELOK", "Pnangnn_26": "BERKALA", "Pmriksn_26": "DETAIL", "Pnglola_26": "BPJN SUMATERA BARAT", "Satkr_ID26": "693875", "PPK_Name26": "PPK 1.1", "Traffic_26": null, "VCR_26": "0.744", "AADT_26": null, "Tipe_Jb_26": null, "Lat_26": -0.47397699943900001, "Long_26": 100.363418579, "Tgl_Ins_26": "5\/11\/2026", "Ket_26": null }, "geometry": { "type": "Point", "coordinates": [ 100.363418579304039, -0.473976999438946 ] } },
{ "type": "Feature", "properties": { "KDRUAS_UPD": "06040", "NOJBT_UPD": "06.040.015.0", "NM_RUAS_UP": "BTS. KOTA PADANG PANJANG - SICINCIN", "NM_JBT_UPD": "SINGGALANG 2", "PROVINSI": "SUMATERA BARAT", "No_Prov_26": "06", "ID_Jbt_26": "0600555", "Kd_Ruas_26": "06040", "Suffix_26": null, "Nm_Ruas_26": "BTS. KOTA PADANG PANJANG - SICINCIN", "Lintas_26": "JALAN PENGHUBUNG LINTAS", "No_Jbt_26": "06.040.015.0", "Nm_Jbt_26": "SINGGALANG 2", "Status_26": "N", "Fungsi_26": "A", "Lks_Dr_26": "PDG", "Lks_km_26": 66.4, "F_STA_26": "1850", "Cadin_26": "PRM", "Pjg_Jbt_26": 10.4, "Btg_Pjg_26": 10.0, "Jml_Btg_26": "1", "Lb_Jl_Ms26": 6.1, "Lb_Jl_Kl26": 6.1, "Lb_Lalin26": 6.1, "Lb_Bh_Ki26": 1.5, "Lb_Bh_Ka26": 0.74, "Lb_Dr_Ki26": 0.0, "Lb_Dr_Ka26": 0.0, "Lb_Tr_Ki26": 0.0, "Lb_Tr_Ka26": 0.0, "Lb_TS_Ki26": 0.35, "Lb_TS_Ka26": 0.35, "Lb_Med_26": 0.0, "Lbr_Jbt_26": 9.04, "Bgn_Ats_26": "ESP", "Jns_Jbt_26": "STANDAR", "Thn_Bgn_26": "1970", "BA_26": "2", "LNT_26": "1", "BB_26": "0", "DAS_26": "0", "OP_26": "0", "UT_26": "0", "GR_26": "0", "LB_26": "0", "JBT_26": "2", "Tp_Lnts_26": "SUNGAI", "Dt_Lnts_26": "BERKELOK", "Pnangnn_26": "RUTIN", "Pmriksn_26": "RUTIN", "Pnglola_26": "BPJN SUMATERA BARAT", "Satkr_ID26": "693875", "PPK_Name26": "PPK 1.1", "Traffic_26": null, "VCR_26": "0.744", "AADT_26": null, "Tipe_Jb_26": null, "Lat_26": -0.47407000013, "Long_26": 100.364204, "Tgl_Ins_26": "6\/26\/2024", "Ket_26": null }, "geometry": { "type": "Point", "coordinates": [ 100.364204000414361, -0.474070000130382 ] } },
{ "type": "Feature", "properties": { "KDRUAS_UPD": "06040", "NOJBT_UPD": "06.040.016.A", "NM_RUAS_UP": "BTS. KOTA PADANG PANJANG - SICINCIN", "NM_JBT_UPD": "MARGA YASA A", "PROVINSI": "SUMATERA BARAT", "No_Prov_26": "06", "ID_Jbt_26": "0600556", "Kd_Ruas_26": "06040", "Suffix_26": null, "Nm_Ruas_26": "BTS. KOTA PADANG PANJANG - SICINCIN", "Lintas_26": "JALAN PENGHUBUNG LINTAS", "No_Jbt_26": "06.040.016.A", "Nm_Jbt_26": "MARGA YASA A", "Status_26": "N", "Fungsi_26": "A", "Lks_Dr_26": "PDG", "Lks_km_26": 67.0, "F_STA_26": "1910", "Cadin_26": "PRM", "Pjg_Jbt_26": 54.8, "Btg_Pjg_26": 54.0, "Jml_Btg_26": "1", "Lb_Jl_Ms26": 5.15, "Lb_Jl_Kl26": 5.15, "Lb_Lalin26": 5.15, "Lb_Bh_Ki26": 0.54, "Lb_Bh_Ka26": 0.54, "Lb_Dr_Ki26": 0.0, "Lb_Dr_Ka26": 0.0, "Lb_Tr_Ki26": 0.0, "Lb_Tr_Ka26": 0.0, "Lb_TS_Ki26": 0.32, "Lb_TS_Ka26": 0.32, "Lb_Med_26": 0.0, "Lbr_Jbt_26": 6.87, "Bgn_Ats_26": "LTP", "Jns_Jbt_26": "STANDAR", "Thn_Bgn_26": "1958", "BA_26": "2", "LNT_26": "2", "BB_26": "2", "DAS_26": "2", "OP_26": "1", "UT_26": "1", "GR_26": "0", "LB_26": "0", "JBT_26": "2", "Tp_Lnts_26": "SUNGAI", "Dt_Lnts_26": "BERKELOK", "Pnangnn_26": "RUTIN", "Pmriksn_26": "DETAIL", "Pnglola_26": "BPJN SUMATERA BARAT", "Satkr_ID26": "693875", "PPK_Name26": "PPK 1.1", "Traffic_26": null, "VCR_26": "0.744", "AADT_26": null, "Tipe_Jb_26": null, "Lat_26": -0.47568601349900003, "Long_26": 100.36687469500001, "Tgl_Ins_26": "5\/11\/2026", "Ket_26": null }, "geometry": { "type": "Point", "coordinates": [ 100.366874694611511, -0.47568601349866 ] } },
{ "type": "Feature", "properties": { "KDRUAS_UPD": "06040", "NOJBT_UPD": "06.040.016.B", "NM_RUAS_UP": "BTS. KOTA PADANG PANJANG - SICINCIN", "NM_JBT_UPD": "MARGA YASA B", "PROVINSI": "SUMATERA BARAT", "No_Prov_26": "06", "ID_Jbt_26": "0600557", "Kd_Ruas_26": "06040", "Suffix_26": null, "Nm_Ruas_26": "BTS. KOTA PADANG PANJANG - SICINCIN", "Lintas_26": "JALAN PENGHUBUNG LINTAS", "No_Jbt_26": "06.040.016.B", "Nm_Jbt_26": "MARGA YASA B", "Status_26": "N", "Fungsi_26": "A", "Lks_Dr_26": "PDG", "Lks_km_26": 67.0, "F_STA_26": "1910", "Cadin_26": "PRM", "Pjg_Jbt_26": 134.0, "Btg_Pjg_26": 35.8, "Jml_Btg_26": "6", "Lb_Jl_Ms26": 6.75, "Lb_Jl_Kl26": 6.75, "Lb_Lalin26": 6.75, "Lb_Bh_Ki26": 0.52, "Lb_Bh_Ka26": 0.46, "Lb_Dr_Ki26": 0.0, "Lb_Dr_Ka26": 0.0, "Lb_Tr_Ki26": 0.47, "Lb_Tr_Ka26": 1.0, "Lb_TS_Ki26": 0.3, "Lb_TS_Ka26": 0.3, "Lb_Med_26": 0.0, "Lbr_Jbt_26": 9.8, "Bgn_Ats_26": "GPP", "Jns_Jbt_26": "STANDAR", "Thn_Bgn_26": "2003", "BA_26": "2", "LNT_26": "2", "BB_26": "2", "DAS_26": "2", "OP_26": "0", "UT_26": "0", "GR_26": "0", "LB_26": "0", "JBT_26": "2", "Tp_Lnts_26": "SUNGAI", "Dt_Lnts_26": "BERJALIN", "Pnangnn_26": "RUTIN", "Pmriksn_26": "DETAIL", "Pnglola_26": "BPJN SUMATERA BARAT", "Satkr_ID26": "693875", "PPK_Name26": "PPK 1.1", "Traffic_26": null, "VCR_26": "0.744", "AADT_26": null, "Tipe_Jb_26": null, "Lat_26": -0.47594111081099999, "Long_26": 100.36695610599999, "Tgl_Ins_26": "5\/11\/2026", "Ket_26": null }, "geometry": { "type": "Point", "coordinates": [ 100.366956106171003, -0.475941110810883 ] } },
{ "type": "Feature", "properties": { "KDRUAS_UPD": "06041", "NOJBT_UPD": "06.041.001.0", "NM_RUAS_UP": "SICINCIN - LUBUK ALUNG", "NM_JBT_UPD": "IRIGASI", "PROVINSI": "SUMATERA BARAT", "No_Prov_26": "06", "ID_Jbt_26": "0600559", "Kd_Ruas_26": "06041", "Suffix_26": null, "Nm_Ruas_26": "SICINCIN - LUBUK ALUNG", "Lintas_26": "JALAN PENGHUBUNG LINTAS", "No_Jbt_26": "06.041.001.0", "Nm_Jbt_26": "IRIGASI", "Status_26": "N", "Fungsi_26": "A", "Lks_Dr_26": "PDG", "Lks_km_26": 34.9, "F_STA_26": "150", "Cadin_26": "PRM", "Pjg_Jbt_26": 9.0, "Btg_Pjg_26": 4.0, "Jml_Btg_26": "2", "Lb_Jl_Ms26": 6.26, "Lb_Jl_Kl26": 6.26, "Lb_Lalin26": 6.26, "Lb_Bh_Ki26": 1.48, "Lb_Bh_Ka26": 1.51, "Lb_Dr_Ki26": 0.0, "Lb_Dr_Ka26": 0.0, "Lb_Tr_Ki26": 0.0, "Lb_Tr_Ka26": 0.0, "Lb_TS_Ki26": 0.26, "Lb_TS_Ka26": 0.26, "Lb_Med_26": 0.0, "Lbr_Jbt_26": 9.77, "Bgn_Ats_26": "PTP", "Jns_Jbt_26": "STANDAR", "Thn_Bgn_26": "1976", "BA_26": "1", "LNT_26": "1", "BB_26": "1", "DAS_26": "0", "OP_26": "0", "UT_26": "0", "GR_26": "0", "LB_26": "0", "JBT_26": "1", "Tp_Lnts_26": "SUNGAI", "Dt_Lnts_26": "BERKELOK", "Pnangnn_26": "RUTIN", "Pmriksn_26": "TIDAK DISURVEI", "Pnglola_26": "BPJN SUMATERA BARAT", "Satkr_ID26": "693875", "PPK_Name26": "PPK 1.1", "Traffic_26": null, "VCR_26": "1.154", "AADT_26": null, "Tipe_Jb_26": null, "Lat_26": -0.67573040723199995, "Long_26": 100.28950500499998, "Tgl_Ins_26": "6\/26\/2024", "Ket_26": null }, "geometry": { "type": "Point", "coordinates": [ 100.289505004552382, -0.675730407232436 ] } },
{ "type": "Feature", "properties": { "KDRUAS_UPD": "06041", "NOJBT_UPD": "06.041.003.0", "NM_RUAS_UP": "SICINCIN - LUBUK ALUNG", "NM_JBT_UPD": "PASAR GADANG", "PROVINSI": "SUMATERA BARAT", "No_Prov_26": "06", "ID_Jbt_26": "0600561", "Kd_Ruas_26": "06041", "Suffix_26": null, "Nm_Ruas_26": "SICINCIN - LUBUK ALUNG", "Lintas_26": "JALAN PENGHUBUNG LINTAS", "No_Jbt_26": "06.041.003.0", "Nm_Jbt_26": "PASAR GADANG", "Status_26": "N", "Fungsi_26": "A", "Lks_Dr_26": "PDG", "Lks_km_26": 35.7, "F_STA_26": "330", "Cadin_26": "PRM", "Pjg_Jbt_26": 10.0, "Btg_Pjg_26": 9.5, "Jml_Btg_26": "1", "Lb_Jl_Ms26": 6.2, "Lb_Jl_Kl26": 6.2, "Lb_Lalin26": 6.2, "Lb_Bh_Ki26": 1.46, "Lb_Bh_Ka26": 1.63, "Lb_Dr_Ki26": 0.0, "Lb_Dr_Ka26": 0.0, "Lb_Tr_Ki26": 0.0, "Lb_Tr_Ka26": 0.0, "Lb_TS_Ki26": 0.215, "Lb_TS_Ka26": 0.215, "Lb_Med_26": 0.0, "Lbr_Jbt_26": 9.72, "Bgn_Ats_26": "GBP", "Jns_Jbt_26": "STANDAR", "Thn_Bgn_26": "1976", "BA_26": "0", "LNT_26": "0", "BB_26": "0", "DAS_26": "1", "OP_26": "0", "UT_26": "0", "GR_26": "0", "LB_26": "0", "JBT_26": "1", "Tp_Lnts_26": "SUNGAI", "Dt_Lnts_26": "BERKELOK", "Pnangnn_26": "RUTIN", "Pmriksn_26": "TIDAK DISURVEI", "Pnglola_26": "BPJN SUMATERA BARAT", "Satkr_ID26": "693875", "PPK_Name26": "PPK 1.1", "Traffic_26": null, "VCR_26": "1.154", "AADT_26": null, "Tipe_Jb_26": null, "Lat_26": -0.66083377605799998, "Long_26": 100.283546448, "Tgl_Ins_26": "6\/26\/2024", "Ket_26": null }, "geometry": { "type": "Point", "coordinates": [ 100.283546448310005, -0.660833776057871 ] } },
{ "type": "Feature", "properties": { "KDRUAS_UPD": "06041", "NOJBT_UPD": "06.041.004.0", "NM_RUAS_UP": "SICINCIN - LUBUK ALUNG", "NM_JBT_UPD": "BATANG TAPAKIS", "PROVINSI": "SUMATERA BARAT", "No_Prov_26": "06", "ID_Jbt_26": "0600562", "Kd_Ruas_26": "06041", "Suffix_26": null, "Nm_Ruas_26": "SICINCIN - LUBUK ALUNG", "Lintas_26": "JALAN PENGHUBUNG LINTAS", "No_Jbt_26": "06.041.004.0", "Nm_Jbt_26": "BATANG TAPAKIS", "Status_26": "N", "Fungsi_26": "A", "Lks_Dr_26": "PDG", "Lks_km_26": 37.1, "F_STA_26": "380", "Cadin_26": "PRM", "Pjg_Jbt_26": 23.2, "Btg_Pjg_26": 23.0, "Jml_Btg_26": "1", "Lb_Jl_Ms26": 6.5, "Lb_Jl_Kl26": 6.5, "Lb_Lalin26": 6.5, "Lb_Bh_Ki26": 4.5, "Lb_Bh_Ka26": 4.22, "Lb_Dr_Ki26": 0.0, "Lb_Dr_Ka26": 0.0, "Lb_Tr_Ki26": 0.97, "Lb_Tr_Ka26": 0.93, "Lb_TS_Ki26": 0.355, "Lb_TS_Ka26": 0.355, "Lb_Med_26": 0.0, "Lbr_Jbt_26": 17.83, "Bgn_Ats_26": "GTP", "Jns_Jbt_26": "STANDAR", "Thn_Bgn_26": "1994", "BA_26": "3", "LNT_26": "2", "BB_26": "1", "DAS_26": "2", "OP_26": "2", "UT_26": "0", "GR_26": "0", "LB_26": "0", "JBT_26": "3", "Tp_Lnts_26": "SUNGAI", "Dt_Lnts_26": "BERKELOK", "Pnangnn_26": "RUTIN", "Pmriksn_26": "DETAIL", "Pnglola_26": "BPJN SUMATERA BARAT", "Satkr_ID26": "693875", "PPK_Name26": "PPK 1.1", "Traffic_26": null, "VCR_26": "1.154", "AADT_26": null, "Tipe_Jb_26": null, "Lat_26": -0.65709972347300005, "Long_26": 100.28117370599999, "Tgl_Ins_26": "4\/27\/2026", "Ket_26": null }, "geometry": { "type": "Point", "coordinates": [ 100.281173705801962, -0.657099723473436 ] } },
{ "type": "Feature", "properties": { "KDRUAS_UPD": "06041", "NOJBT_UPD": "06.041.006.A", "NM_RUAS_UP": "SICINCIN - LUBUK ALUNG", "NM_JBT_UPD": "KIAMBANG A", "PROVINSI": "SUMATERA BARAT", "No_Prov_26": "06", "ID_Jbt_26": "0600564", "Kd_Ruas_26": "06041", "Suffix_26": null, "Nm_Ruas_26": "SICINCIN - LUBUK ALUNG", "Lintas_26": "JALAN PENGHUBUNG LINTAS", "No_Jbt_26": "06.041.006.A", "Nm_Jbt_26": "KIAMBANG A", "Status_26": "N", "Fungsi_26": "A", "Lks_Dr_26": "PDG", "Lks_km_26": 44.5, "F_STA_26": "1130", "Cadin_26": "PRM", "Pjg_Jbt_26": 45.8, "Btg_Pjg_26": 11.0, "Jml_Btg_26": "4", "Lb_Jl_Ms26": 7.0, "Lb_Jl_Kl26": 7.0, "Lb_Lalin26": 7.0, "Lb_Bh_Ki26": 0.48, "Lb_Bh_Ka26": 0.48, "Lb_Dr_Ki26": 0.0, "Lb_Dr_Ka26": 0.0, "Lb_Tr_Ki26": 0.57, "Lb_Tr_Ka26": 0.57, "Lb_TS_Ki26": 0.45, "Lb_TS_Ka26": 0.45, "Lb_Med_26": 0.0, "Lbr_Jbt_26": 10.0, "Bgn_Ats_26": "GPP", "Jns_Jbt_26": "STANDAR", "Thn_Bgn_26": "2024", "BA_26": "1", "LNT_26": "0", "BB_26": "1", "DAS_26": "1", "OP_26": "0", "UT_26": "0", "GR_26": "0", "LB_26": "0", "JBT_26": "1", "Tp_Lnts_26": "SUNGAI", "Dt_Lnts_26": "BERKELOK", "Pnangnn_26": "RUTIN", "Pmriksn_26": "TIDAK DISURVEI", "Pnglola_26": "BPJN SUMATERA BARAT", "Satkr_ID26": "693875", "PPK_Name26": "PPK 1.1", "Traffic_26": null, "VCR_26": "1.154", "AADT_26": null, "Tipe_Jb_26": null, "Lat_26": -0.59629058844000005, "Long_26": 100.283424377, "Tgl_Ins_26": "7\/10\/2025", "Ket_26": null }, "geometry": { "type": "Point", "coordinates": [ 100.283424377033441, -0.596290588439842 ] } },
{ "type": "Feature", "properties": { "KDRUAS_UPD": "06041", "NOJBT_UPD": "06.041.006.B", "NM_RUAS_UP": "SICINCIN - LUBUK ALUNG", "NM_JBT_UPD": "KIAMBANG B", "PROVINSI": "SUMATERA BARAT", "No_Prov_26": "06", "ID_Jbt_26": "0600565", "Kd_Ruas_26": "06041", "Suffix_26": null, "Nm_Ruas_26": "SICINCIN - LUBUK ALUNG", "Lintas_26": "JALAN PENGHUBUNG LINTAS", "No_Jbt_26": "06.041.006.B", "Nm_Jbt_26": "KIAMBANG B", "Status_26": "N", "Fungsi_26": "A", "Lks_Dr_26": "PDG", "Lks_km_26": 44.5, "F_STA_26": "1140", "Cadin_26": "PRM", "Pjg_Jbt_26": 51.9, "Btg_Pjg_26": 25.0, "Jml_Btg_26": "2", "Lb_Jl_Ms26": 6.0, "Lb_Jl_Kl26": 6.0, "Lb_Lalin26": 6.0, "Lb_Bh_Ki26": 0.58, "Lb_Bh_Ka26": 0.58, "Lb_Dr_Ki26": 0.0, "Lb_Dr_Ka26": 0.0, "Lb_Tr_Ki26": 0.95, "Lb_Tr_Ka26": 0.95, "Lb_TS_Ki26": 0.32, "Lb_TS_Ka26": 0.32, "Lb_Med_26": 0.0, "Lbr_Jbt_26": 9.7, "Bgn_Ats_26": "GPP", "Jns_Jbt_26": "STANDAR", "Thn_Bgn_26": "2001", "BA_26": "2", "LNT_26": "2", "BB_26": "2", "DAS_26": "2", "OP_26": "0", "UT_26": "0", "GR_26": "0", "LB_26": "0", "JBT_26": "2", "Tp_Lnts_26": "SUNGAI", "Dt_Lnts_26": "BERKELOK", "Pnangnn_26": "RUTIN", "Pmriksn_26": "DETAIL", "Pnglola_26": "BPJN SUMATERA BARAT", "Satkr_ID26": "693875", "PPK_Name26": "PPK 1.1", "Traffic_26": null, "VCR_26": "1.154", "AADT_26": null, "Tipe_Jb_26": null, "Lat_26": -0.59540700003299996, "Long_26": 100.283195, "Tgl_Ins_26": "5\/10\/2026", "Ket_26": null }, "geometry": { "type": "Point", "coordinates": [ 100.283195000448984, -0.595407000032992 ] } },
{ "type": "Feature", "properties": { "KDRUAS_UPD": "06042", "NOJBT_UPD": "06.042.001.0", "NM_RUAS_UP": "BTS. KOTA SOLOK - LUBUK SELASIH", "NM_JBT_UPD": "PINTU RIMBO", "PROVINSI": "SUMATERA BARAT", "No_Prov_26": "06", "ID_Jbt_26": "0600566", "Kd_Ruas_26": "06042", "Suffix_26": null, "Nm_Ruas_26": "BTS. KOTA SOLOK - LUBUK SELASIH", "Lintas_26": "JALAN PENGHUBUNG LINTAS", "No_Jbt_26": "06.042.001.0", "Nm_Jbt_26": "PINTU RIMBO", "Status_26": "N", "Fungsi_26": "A", "Lks_Dr_26": "PDG", "Lks_km_26": 39.2, "F_STA_26": "200", "Cadin_26": "SLK", "Pjg_Jbt_26": 8.6, "Btg_Pjg_26": 4.0, "Jml_Btg_26": "2", "Lb_Jl_Ms26": 6.5, "Lb_Jl_Kl26": 6.5, "Lb_Lalin26": 6.5, "Lb_Bh_Ki26": 3.9, "Lb_Bh_Ka26": 3.9, "Lb_Dr_Ki26": 0.2, "Lb_Dr_Ka26": 0.2, "Lb_Tr_Ki26": 0.0, "Lb_Tr_Ka26": 0.0, "Lb_TS_Ki26": 0.4, "Lb_TS_Ka26": 0.4, "Lb_Med_26": 0.0, "Lbr_Jbt_26": 15.5, "Bgn_Ats_26": "BTP", "Jns_Jbt_26": "STANDAR", "Thn_Bgn_26": "1980", "BA_26": "1", "LNT_26": "1", "BB_26": "0", "DAS_26": "0", "OP_26": "1", "UT_26": "1", "GR_26": "1", "LB_26": "0", "JBT_26": "1", "Tp_Lnts_26": "SUNGAI", "Dt_Lnts_26": "LURUS", "Pnangnn_26": "RUTIN", "Pmriksn_26": "RUTIN", "Pnglola_26": "BPJN SUMATERA BARAT", "Satkr_ID26": "693876", "PPK_Name26": "PPK 2.1", "Traffic_26": null, "VCR_26": "0.727", "AADT_26": null, "Tipe_Jb_26": null, "Lat_26": -0.96111500245500003, "Long_26": 100.613105774, "Tgl_Ins_26": "6\/20\/2024", "Ket_26": null }, "geometry": { "type": "Point", "coordinates": [ 100.613105773912423, -0.961115002455358 ] } },
{ "type": "Feature", "properties": { "KDRUAS_UPD": "06042", "NOJBT_UPD": "06.042.002.0", "NM_RUAS_UP": "BTS. KOTA SOLOK - LUBUK SELASIH", "NM_JBT_UPD": "KAYU ARO", "PROVINSI": "SUMATERA BARAT", "No_Prov_26": "06", "ID_Jbt_26": "0600567", "Kd_Ruas_26": "06042", "Suffix_26": null, "Nm_Ruas_26": "BTS. KOTA SOLOK - LUBUK SELASIH", "Lintas_26": "JALAN PENGHUBUNG LINTAS", "No_Jbt_26": "06.042.002.0", "Nm_Jbt_26": "KAYU ARO", "Status_26": "N", "Fungsi_26": "A", "Lks_Dr_26": "PDG", "Lks_km_26": 41.3, "F_STA_26": "320", "Cadin_26": "SLK", "Pjg_Jbt_26": 7.4, "Btg_Pjg_26": 7.0, "Jml_Btg_26": "1", "Lb_Jl_Ms26": 6.5, "Lb_Jl_Kl26": 6.5, "Lb_Lalin26": 6.5, "Lb_Bh_Ki26": 0.27, "Lb_Bh_Ka26": 0.27, "Lb_Dr_Ki26": 0.1, "Lb_Dr_Ka26": 0.1, "Lb_Tr_Ki26": 0.9, "Lb_Tr_Ka26": 0.9, "Lb_TS_Ki26": 0.18, "Lb_TS_Ka26": 0.18, "Lb_Med_26": 0.0, "Lbr_Jbt_26": 9.4, "Bgn_Ats_26": "GTP", "Jns_Jbt_26": "STANDAR", "Thn_Bgn_26": "1980", "BA_26": "2", "LNT_26": "2", "BB_26": "1", "DAS_26": "2", "OP_26": "2", "UT_26": "0", "GR_26": "0", "LB_26": "0", "JBT_26": "2", "Tp_Lnts_26": "SUNGAI", "Dt_Lnts_26": "LURUS", "Pnangnn_26": "RUTIN", "Pmriksn_26": "RUTIN", "Pnglola_26": "BPJN SUMATERA BARAT", "Satkr_ID26": "693876", "PPK_Name26": "PPK 2.1", "Traffic_26": null, "VCR_26": "0.727", "AADT_26": null, "Tipe_Jb_26": null, "Lat_26": -0.95299398858200002, "Long_26": 100.619407654, "Tgl_Ins_26": "6\/20\/2024", "Ket_26": null }, "geometry": { "type": "Point", "coordinates": [ 100.619407654439783, -0.952993988581682 ] } },
{ "type": "Feature", "properties": { "KDRUAS_UPD": "06042", "NOJBT_UPD": "06.042.003.0", "NM_RUAS_UP": "BTS. KOTA SOLOK - LUBUK SELASIH", "NM_JBT_UPD": "GUGUK", "PROVINSI": "SUMATERA BARAT", "No_Prov_26": "06", "ID_Jbt_26": "0600568", "Kd_Ruas_26": "06042", "Suffix_26": null, "Nm_Ruas_26": "BTS. KOTA SOLOK - LUBUK SELASIH", "Lintas_26": "JALAN PENGHUBUNG LINTAS", "No_Jbt_26": "06.042.003.0", "Nm_Jbt_26": "GUGUK", "Status_26": "N", "Fungsi_26": "A", "Lks_Dr_26": "PDG", "Lks_km_26": 42.9, "F_STA_26": "520", "Cadin_26": "SLK", "Pjg_Jbt_26": 10.4, "Btg_Pjg_26": 5.2, "Jml_Btg_26": "2", "Lb_Jl_Ms26": 6.9, "Lb_Jl_Kl26": 6.9, "Lb_Lalin26": 6.9, "Lb_Bh_Ki26": 0.3, "Lb_Bh_Ka26": 0.3, "Lb_Dr_Ki26": 0.0, "Lb_Dr_Ka26": 0.0, "Lb_Tr_Ki26": 2.9, "Lb_Tr_Ka26": 2.9, "Lb_TS_Ki26": 0.0, "Lb_TS_Ka26": 0.0, "Lb_Med_26": 0.0, "Lbr_Jbt_26": 13.3, "Bgn_Ats_26": "BTP", "Jns_Jbt_26": "STANDAR", "Thn_Bgn_26": "1980", "BA_26": "1", "LNT_26": "1", "BB_26": "0", "DAS_26": "2", "OP_26": "2", "UT_26": "0", "GR_26": "1", "LB_26": "0", "JBT_26": "2", "Tp_Lnts_26": "SUNGAI", "Dt_Lnts_26": "LURUS", "Pnangnn_26": "RUTIN", "Pmriksn_26": "RUTIN", "Pnglola_26": "BPJN SUMATERA BARAT", "Satkr_ID26": "693876", "PPK_Name26": "PPK 2.1", "Traffic_26": null, "VCR_26": "0.727", "AADT_26": null, "Tipe_Jb_26": null, "Lat_26": -0.94098901772900001, "Long_26": 100.62744903600002, "Tgl_Ins_26": "5\/28\/2025", "Ket_26": null }, "geometry": { "type": "Point", "coordinates": [ 100.627449036044254, -0.940989017728953 ] } },
{ "type": "Feature", "properties": { "KDRUAS_UPD": "06042", "NOJBT_UPD": "06.042.005.0", "NM_RUAS_UP": "BTS. KOTA SOLOK - LUBUK SELASIH", "NM_JBT_UPD": "AIR BATUMBUK", "PROVINSI": "SUMATERA BARAT", "No_Prov_26": "06", "ID_Jbt_26": "0600570", "Kd_Ruas_26": "06042", "Suffix_26": null, "Nm_Ruas_26": "BTS. KOTA SOLOK - LUBUK SELASIH", "Lintas_26": "JALAN PENGHUBUNG LINTAS", "No_Jbt_26": "06.042.005.0", "Nm_Jbt_26": "AIR BATUMBUK", "Status_26": "N", "Fungsi_26": "A", "Lks_Dr_26": "PDG", "Lks_km_26": 57.3, "F_STA_26": "2030", "Cadin_26": "SLK", "Pjg_Jbt_26": 20.8, "Btg_Pjg_26": 20.0, "Jml_Btg_26": "1", "Lb_Jl_Ms26": 18.4, "Lb_Jl_Kl26": 18.4, "Lb_Lalin26": 18.4, "Lb_Bh_Ki26": 0.45, "Lb_Bh_Ka26": 0.45, "Lb_Dr_Ki26": 0.14, "Lb_Dr_Ka26": 0.14, "Lb_Tr_Ki26": 1.0, "Lb_Tr_Ka26": 1.0, "Lb_TS_Ki26": 0.21, "Lb_TS_Ka26": 0.21, "Lb_Med_26": 0.0, "Lbr_Jbt_26": 22.0, "Bgn_Ats_26": "GTP", "Jns_Jbt_26": "STANDAR", "Thn_Bgn_26": "1978", "BA_26": "2", "LNT_26": "2", "BB_26": "2", "DAS_26": "2", "OP_26": "2", "UT_26": "0", "GR_26": "0", "LB_26": "0", "JBT_26": "2", "Tp_Lnts_26": "SUNGAI", "Dt_Lnts_26": "LURUS", "Pnangnn_26": "RUTIN", "Pmriksn_26": "RUTIN", "Pnglola_26": "BPJN SUMATERA BARAT", "Satkr_ID26": "693876", "PPK_Name26": "PPK 2.1", "Traffic_26": null, "VCR_26": "0.727", "AADT_26": null, "Tipe_Jb_26": null, "Lat_26": -0.82434099933799998, "Long_26": 100.65504455599999, "Tgl_Ins_26": "6\/20\/2024", "Ket_26": null }, "geometry": { "type": "Point", "coordinates": [ 100.65504455586165, -0.824340999337608 ] } },
{ "type": "Feature", "properties": { "KDRUAS_UPD": "06042", "NOJBT_UPD": "06.042.006.0", "NM_RUAS_UP": "BTS. KOTA SOLOK - LUBUK SELASIH", "NM_JBT_UPD": "KOTO BARU", "PROVINSI": "SUMATERA BARAT", "No_Prov_26": "06", "ID_Jbt_26": "0600571", "Kd_Ruas_26": "06042", "Suffix_26": null, "Nm_Ruas_26": "BTS. KOTA SOLOK - LUBUK SELASIH", "Lintas_26": "JALAN PENGHUBUNG LINTAS", "No_Jbt_26": "06.042.006.0", "Nm_Jbt_26": "KOTO BARU", "Status_26": "N", "Fungsi_26": "A", "Lks_Dr_26": "PDG", "Lks_km_26": 57.9, "F_STA_26": "2090", "Cadin_26": "SLK", "Pjg_Jbt_26": 51.9, "Btg_Pjg_26": 51.0, "Jml_Btg_26": "1", "Lb_Jl_Ms26": 6.2, "Lb_Jl_Kl26": 6.2, "Lb_Lalin26": 6.2, "Lb_Bh_Ki26": 0.35, "Lb_Bh_Ka26": 0.35, "Lb_Dr_Ki26": 0.1, "Lb_Dr_Ka26": 0.1, "Lb_Tr_Ki26": 0.97, "Lb_Tr_Ka26": 0.97, "Lb_TS_Ki26": 0.0, "Lb_TS_Ka26": 0.0, "Lb_Med_26": 0.0, "Lbr_Jbt_26": 9.04, "Bgn_Ats_26": "RBA", "Jns_Jbt_26": "STANDAR", "Thn_Bgn_26": "1991", "BA_26": "2", "LNT_26": "2", "BB_26": "1", "DAS_26": "1", "OP_26": "1", "UT_26": "0", "GR_26": "0", "LB_26": "0", "JBT_26": "2", "Tp_Lnts_26": "SUNGAI", "Dt_Lnts_26": "LURUS", "Pnangnn_26": "RUTIN", "Pmriksn_26": "DETAIL", "Pnglola_26": "BPJN SUMATERA BARAT", "Satkr_ID26": "693876", "PPK_Name26": "PPK 2.1", "Traffic_26": null, "VCR_26": "0.727", "AADT_26": null, "Tipe_Jb_26": null, "Lat_26": -0.81955200422200003, "Long_26": 100.65483856199999, "Tgl_Ins_26": "5\/23\/2026", "Ket_26": null }, "geometry": { "type": "Point", "coordinates": [ 100.654838561650365, -0.819552004221578 ] } },
{ "type": "Feature", "properties": { "KDRUAS_UPD": "0604311", "NOJBT_UPD": "06.043.001.B.11", "NM_RUAS_UP": "BTS. KOTA PADANG - JLN. SIMP. HARU", "NM_JBT_UPD": "MARAPALAM B", "PROVINSI": "SUMATERA BARAT", "No_Prov_26": "06", "ID_Jbt_26": "0600573", "Kd_Ruas_26": "0604311", "Suffix_26": "11", "Nm_Ruas_26": "BTS. KOTA PADANG - JLN. SIMP. HARU", "Lintas_26": "JALAN PENGHUBUNG LINTAS", "No_Jbt_26": "06.043.001.B.11", "Nm_Jbt_26": "MARAPALAM B", "Status_26": "N", "Fungsi_26": "A", "Lks_Dr_26": "PDG", "Lks_km_26": 3.9, "F_STA_26": "160", "Cadin_26": "PDG", "Pjg_Jbt_26": 95.9, "Btg_Pjg_26": 31.5, "Jml_Btg_26": "3", "Lb_Jl_Ms26": 6.4, "Lb_Jl_Kl26": 6.4, "Lb_Lalin26": 6.4, "Lb_Bh_Ki26": 0.24, "Lb_Bh_Ka26": 0.24, "Lb_Dr_Ki26": 0.1, "Lb_Dr_Ka26": 0.1, "Lb_Tr_Ki26": 0.93, "Lb_Tr_Ka26": 0.93, "Lb_TS_Ki26": 0.53, "Lb_TS_Ka26": 0.53, "Lb_Med_26": 0.0, "Lbr_Jbt_26": 10.0, "Bgn_Ats_26": "GPP", "Jns_Jbt_26": "STANDAR", "Thn_Bgn_26": "1982", "BA_26": "2", "LNT_26": "2", "BB_26": "2", "DAS_26": "2", "OP_26": "0", "UT_26": "0", "GR_26": "0", "LB_26": "0", "JBT_26": "2", "Tp_Lnts_26": "SUNGAI", "Dt_Lnts_26": "LURUS", "Pnangnn_26": "RUTIN", "Pmriksn_26": "RUTIN", "Pnglola_26": "BPJN SUMATERA BARAT", "Satkr_ID26": "693876", "PPK_Name26": "PPK 2.1", "Traffic_26": null, "VCR_26": "0.732", "AADT_26": null, "Tipe_Jb_26": null, "Lat_26": -0.95359033352699996, "Long_26": 100.39031219500001, "Tgl_Ins_26": "6\/25\/2024", "Ket_26": null }, "geometry": { "type": "Point", "coordinates": [ 100.390312195351612, -0.953590333527018 ] } },
{ "type": "Feature", "properties": { "KDRUAS_UPD": "0604311", "NOJBT_UPD": "06.043.002.0.11", "NM_RUAS_UP": "BTS. KOTA PADANG - JLN. SIMP. HARU", "NM_JBT_UPD": "TANJUNG SABAR", "PROVINSI": "SUMATERA BARAT", "No_Prov_26": "06", "ID_Jbt_26": "0600574", "Kd_Ruas_26": "0604311", "Suffix_26": "11", "Nm_Ruas_26": "BTS. KOTA PADANG - JLN. SIMP. HARU", "Lintas_26": "JALAN PENGHUBUNG LINTAS", "No_Jbt_26": "06.043.002.0.11", "Nm_Jbt_26": "TANJUNG SABAR", "Status_26": "N", "Fungsi_26": "A", "Lks_Dr_26": "PDG", "Lks_km_26": 4.89, "F_STA_26": "30", "Cadin_26": "PDG", "Pjg_Jbt_26": 11.4, "Btg_Pjg_26": 11.0, "Jml_Btg_26": "1", "Lb_Jl_Ms26": 15.0, "Lb_Jl_Kl26": 15.0, "Lb_Lalin26": 15.0, "Lb_Bh_Ki26": 0.33, "Lb_Bh_Ka26": 0.47, "Lb_Dr_Ki26": 0.47, "Lb_Dr_Ka26": 0.47, "Lb_Tr_Ki26": 1.2, "Lb_Tr_Ka26": 1.2, "Lb_TS_Ki26": 0.0, "Lb_TS_Ka26": 0.0, "Lb_Med_26": 1.94, "Lbr_Jbt_26": 21.08, "Bgn_Ats_26": "GTP", "Jns_Jbt_26": "STANDAR", "Thn_Bgn_26": "1997", "BA_26": "2", "LNT_26": "2", "BB_26": "2", "DAS_26": "1", "OP_26": "2", "UT_26": "1", "GR_26": "0", "LB_26": "0", "JBT_26": "2", "Tp_Lnts_26": "SUNGAI", "Dt_Lnts_26": "BERKELOK (MEANDER)", "Pnangnn_26": "BERKALA", "Pmriksn_26": "DETAIL", "Pnglola_26": "BPJN SUMATERA BARAT", "Satkr_ID26": "693876", "PPK_Name26": "PPK 2.1", "Traffic_26": null, "VCR_26": "0.732", "AADT_26": null, "Tipe_Jb_26": null, "Lat_26": -0.95611369628999998, "Long_26": 100.405952454, "Tgl_Ins_26": "5\/31\/2026", "Ket_26": null }, "geometry": { "type": "Point", "coordinates": [ 100.405952454342355, -0.956113696290004 ] } },
{ "type": "Feature", "properties": { "KDRUAS_UPD": "0604311", "NOJBT_UPD": "06.043.003.0.11", "NM_RUAS_UP": "BTS. KOTA PADANG - JLN. SIMP. HARU", "NM_JBT_UPD": "CENGKEH 1", "PROVINSI": "SUMATERA BARAT", "No_Prov_26": "06", "ID_Jbt_26": "0600575", "Kd_Ruas_26": "0604311", "Suffix_26": "11", "Nm_Ruas_26": "BTS. KOTA PADANG - JLN. SIMP. HARU", "Lintas_26": "JALAN PENGHUBUNG LINTAS", "No_Jbt_26": "06.043.003.0.11", "Nm_Jbt_26": "CENGKEH 1", "Status_26": "N", "Fungsi_26": "A", "Lks_Dr_26": "PDG", "Lks_km_26": 5.61, "F_STA_26": "110", "Cadin_26": "PDG", "Pjg_Jbt_26": 6.4, "Btg_Pjg_26": 6.0, "Jml_Btg_26": "1", "Lb_Jl_Ms26": 14.9, "Lb_Jl_Kl26": 14.9, "Lb_Lalin26": 14.9, "Lb_Bh_Ki26": 0.8, "Lb_Bh_Ka26": 0.8, "Lb_Dr_Ki26": 0.2, "Lb_Dr_Ka26": 0.2, "Lb_Tr_Ki26": 1.32, "Lb_Tr_Ka26": 1.32, "Lb_TS_Ki26": 0.0, "Lb_TS_Ka26": 0.0, "Lb_Med_26": 1.67, "Lbr_Jbt_26": 21.21, "Bgn_Ats_26": "PTP", "Jns_Jbt_26": "STANDAR", "Thn_Bgn_26": "1998", "BA_26": "2", "LNT_26": "2", "BB_26": "2", "DAS_26": "1", "OP_26": "0", "UT_26": "1", "GR_26": "0", "LB_26": "0", "JBT_26": "2", "Tp_Lnts_26": "SUNGAI", "Dt_Lnts_26": "LURUS", "Pnangnn_26": "BERKALA", "Pmriksn_26": "DETAIL", "Pnglola_26": "BPJN SUMATERA BARAT", "Satkr_ID26": "693876", "PPK_Name26": "PPK 2.1", "Traffic_26": null, "VCR_26": "0.732", "AADT_26": null, "Tipe_Jb_26": null, "Lat_26": -0.95379030677700005, "Long_26": 100.41289520300002, "Tgl_Ins_26": "5\/31\/2026", "Ket_26": null }, "geometry": { "type": "Point", "coordinates": [ 100.412895202551624, -0.953790306777194 ] } },
{ "type": "Feature", "properties": { "KDRUAS_UPD": "0604311", "NOJBT_UPD": "06.043.004.0.11", "NM_RUAS_UP": "BTS. KOTA PADANG - JLN. SIMP. HARU", "NM_JBT_UPD": "CENGKEH 2", "PROVINSI": "SUMATERA BARAT", "No_Prov_26": "06", "ID_Jbt_26": "0600576", "Kd_Ruas_26": "0604311", "Suffix_26": "11", "Nm_Ruas_26": "BTS. KOTA PADANG - JLN. SIMP. HARU", "Lintas_26": "JALAN PENGHUBUNG LINTAS", "No_Jbt_26": "06.043.004.0.11", "Nm_Jbt_26": "CENGKEH 2", "Status_26": "N", "Fungsi_26": "A", "Lks_Dr_26": "PDG", "Lks_km_26": 6.49, "F_STA_26": "190", "Cadin_26": "PDG", "Pjg_Jbt_26": 6.0, "Btg_Pjg_26": 5.5, "Jml_Btg_26": "1", "Lb_Jl_Ms26": 15.7, "Lb_Jl_Kl26": 15.7, "Lb_Lalin26": 16.1, "Lb_Bh_Ki26": 0.46, "Lb_Bh_Ka26": 0.25, "Lb_Dr_Ki26": 0.34, "Lb_Dr_Ka26": 0.2, "Lb_Tr_Ki26": 1.34, "Lb_Tr_Ka26": 1.34, "Lb_TS_Ki26": 0.0, "Lb_TS_Ka26": 0.0, "Lb_Med_26": 2.0, "Lbr_Jbt_26": 22.03, "Bgn_Ats_26": "PTP", "Jns_Jbt_26": "STANDAR", "Thn_Bgn_26": "1998", "BA_26": "1", "LNT_26": "1", "BB_26": "2", "DAS_26": "1", "OP_26": "1", "UT_26": "1", "GR_26": "0", "LB_26": "0", "JBT_26": "2", "Tp_Lnts_26": "SUNGAI", "Dt_Lnts_26": "LURUS", "Pnangnn_26": "RUTIN", "Pmriksn_26": "DETAIL", "Pnglola_26": "BPJN SUMATERA BARAT", "Satkr_ID26": "693876", "PPK_Name26": "PPK 2.1", "Traffic_26": null, "VCR_26": "0.732", "AADT_26": null, "Tipe_Jb_26": null, "Lat_26": -0.95241463182999997, "Long_26": 100.41960907000001, "Tgl_Ins_26": "5\/31\/2026", "Ket_26": null }, "geometry": { "type": "Point", "coordinates": [ 100.419609069702858, -0.952414631829754 ] } },
{ "type": "Feature", "properties": { "KDRUAS_UPD": "0604311", "NOJBT_UPD": "06.043.005.0.11", "NM_RUAS_UP": "BTS. KOTA PADANG - JLN. SIMP. HARU", "NM_JBT_UPD": "VIADUCT BETON", "PROVINSI": "SUMATERA BARAT", "No_Prov_26": "06", "ID_Jbt_26": "0600577", "Kd_Ruas_26": "0604311", "Suffix_26": "11", "Nm_Ruas_26": "BTS. KOTA PADANG - JLN. SIMP. HARU", "Lintas_26": "JALAN PENGHUBUNG LINTAS", "No_Jbt_26": "06.043.005.0.11", "Nm_Jbt_26": "VIADUCT BETON", "Status_26": "N", "Fungsi_26": "A", "Lks_Dr_26": "PDG", "Lks_km_26": 8.5, "F_STA_26": "340", "Cadin_26": "PDG", "Pjg_Jbt_26": 9.0, "Btg_Pjg_26": 8.5, "Jml_Btg_26": "1", "Lb_Jl_Ms26": 15.3, "Lb_Jl_Kl26": 15.3, "Lb_Lalin26": 15.3, "Lb_Bh_Ki26": 0.48, "Lb_Bh_Ka26": 0.4, "Lb_Dr_Ki26": 0.0, "Lb_Dr_Ka26": 0.0, "Lb_Tr_Ki26": 1.27, "Lb_Tr_Ka26": 1.27, "Lb_TS_Ki26": 0.0, "Lb_TS_Ka26": 0.0, "Lb_Med_26": 1.3, "Lbr_Jbt_26": 20.02, "Bgn_Ats_26": "PTP", "Jns_Jbt_26": "STANDAR", "Thn_Bgn_26": "1997", "BA_26": "2", "LNT_26": "2", "BB_26": "1", "DAS_26": "0", "OP_26": "2", "UT_26": "0", "GR_26": "0", "LB_26": "0", "JBT_26": "2", "Tp_Lnts_26": "SUNGAI", "Dt_Lnts_26": "LURUS", "Pnangnn_26": "RUTIN", "Pmriksn_26": "DETAIL", "Pnglola_26": "BPJN SUMATERA BARAT", "Satkr_ID26": "693876", "PPK_Name26": "PPK 2.1", "Traffic_26": null, "VCR_26": "0.732", "AADT_26": null, "Tipe_Jb_26": null, "Lat_26": -0.94956719836699999, "Long_26": 100.432899475, "Tgl_Ins_26": "5\/31\/2026", "Ket_26": null }, "geometry": { "type": "Point", "coordinates": [ 100.432899474830947, -0.949567198367447 ] } },
{ "type": "Feature", "properties": { "KDRUAS_UPD": "0604311", "NOJBT_UPD": "06.043.007.0.11", "NM_RUAS_UP": "BTS. KOTA PADANG - JLN. SIMP. HARU", "NM_JBT_UPD": "KABUN", "PROVINSI": "SUMATERA BARAT", "No_Prov_26": "06", "ID_Jbt_26": "0600579", "Kd_Ruas_26": "0604311", "Suffix_26": "11", "Nm_Ruas_26": "BTS. KOTA PADANG - JLN. SIMP. HARU", "Lintas_26": "JALAN PENGHUBUNG LINTAS", "No_Jbt_26": "06.043.007.0.11", "Nm_Jbt_26": "KABUN", "Status_26": "N", "Fungsi_26": "A", "Lks_Dr_26": "PDG", "Lks_km_26": 9.55, "F_STA_26": "430", "Cadin_26": "PDG", "Pjg_Jbt_26": 13.0, "Btg_Pjg_26": 12.5, "Jml_Btg_26": "1", "Lb_Jl_Ms26": 15.7, "Lb_Jl_Kl26": 15.7, "Lb_Lalin26": 15.7, "Lb_Bh_Ki26": 0.75, "Lb_Bh_Ka26": 0.75, "Lb_Dr_Ki26": 0.0, "Lb_Dr_Ka26": 0.0, "Lb_Tr_Ki26": 1.3, "Lb_Tr_Ka26": 1.3, "Lb_TS_Ki26": 0.0, "Lb_TS_Ka26": 0.0, "Lb_Med_26": 1.7, "Lbr_Jbt_26": 21.5, "Bgn_Ats_26": "GTP", "Jns_Jbt_26": "STANDAR", "Thn_Bgn_26": "1997", "BA_26": "2", "LNT_26": "2", "BB_26": "1", "DAS_26": "1", "OP_26": "0", "UT_26": "0", "GR_26": "0", "LB_26": "0", "JBT_26": "2", "Tp_Lnts_26": "SUNGAI", "Dt_Lnts_26": "LURUS", "Pnangnn_26": "RUTIN", "Pmriksn_26": "RUTIN", "Pnglola_26": "BPJN SUMATERA BARAT", "Satkr_ID26": "693876", "PPK_Name26": "PPK 2.1", "Traffic_26": null, "VCR_26": "0.732", "AADT_26": null, "Tipe_Jb_26": null, "Lat_26": -0.94984358521300005, "Long_26": 100.440322876, "Tgl_Ins_26": "8\/10\/2023", "Ket_26": null }, "geometry": { "type": "Point", "coordinates": [ 100.440322875600316, -0.949843585213216 ] } },
{ "type": "Feature", "properties": { "KDRUAS_UPD": "0604311", "NOJBT_UPD": "06.043.008.0.11", "NM_RUAS_UP": "BTS. KOTA PADANG - JLN. SIMP. HARU", "NM_JBT_UPD": "SUNGAI GAYO", "PROVINSI": "SUMATERA BARAT", "No_Prov_26": "06", "ID_Jbt_26": "0600580", "Kd_Ruas_26": "0604311", "Suffix_26": "11", "Nm_Ruas_26": "BTS. KOTA PADANG - JLN. SIMP. HARU", "Lintas_26": "JALAN PENGHUBUNG LINTAS", "No_Jbt_26": "06.043.008.0.11", "Nm_Jbt_26": "SUNGAI GAYO", "Status_26": "N", "Fungsi_26": "A", "Lks_Dr_26": "PDG", "Lks_km_26": 9.7, "F_STA_26": "440", "Cadin_26": "PDG", "Pjg_Jbt_26": 25.1, "Btg_Pjg_26": 24.5, "Jml_Btg_26": "1", "Lb_Jl_Ms26": 14.8, "Lb_Jl_Kl26": 14.8, "Lb_Lalin26": 14.8, "Lb_Bh_Ki26": 0.44, "Lb_Bh_Ka26": 0.44, "Lb_Dr_Ki26": 0.0, "Lb_Dr_Ka26": 0.0, "Lb_Tr_Ki26": 1.27, "Lb_Tr_Ka26": 1.27, "Lb_TS_Ki26": 0.115, "Lb_TS_Ka26": 0.115, "Lb_Med_26": 1.55, "Lbr_Jbt_26": 20.0, "Bgn_Ats_26": "GTP", "Jns_Jbt_26": "STANDAR", "Thn_Bgn_26": "1980", "BA_26": "2", "LNT_26": "2", "BB_26": "2", "DAS_26": "2", "OP_26": "1", "UT_26": "0", "GR_26": "0", "LB_26": "0", "JBT_26": "2", "Tp_Lnts_26": "SUNGAI", "Dt_Lnts_26": "LURUS", "Pnangnn_26": "RUTIN", "Pmriksn_26": "RUTIN", "Pnglola_26": "BPJN SUMATERA BARAT", "Satkr_ID26": "693876", "PPK_Name26": "PPK 2.1", "Traffic_26": null, "VCR_26": "0.732", "AADT_26": null, "Tipe_Jb_26": null, "Lat_26": -0.94980859798799999, "Long_26": 100.441848755, "Tgl_Ins_26": "6\/21\/2024", "Ket_26": null }, "geometry": { "type": "Point", "coordinates": [ 100.441848755315846, -0.949808597988351 ] } },
{ "type": "Feature", "properties": { "KDRUAS_UPD": "0604311", "NOJBT_UPD": "06.043.009.0.11", "NM_RUAS_UP": "BTS. KOTA PADANG - JLN. SIMP. HARU", "NM_JBT_UPD": "PADANG BESI", "PROVINSI": "SUMATERA BARAT", "No_Prov_26": "06", "ID_Jbt_26": "0600581", "Kd_Ruas_26": "0604311", "Suffix_26": "11", "Nm_Ruas_26": "BTS. KOTA PADANG - JLN. SIMP. HARU", "Lintas_26": "JALAN PENGHUBUNG LINTAS", "No_Jbt_26": "06.043.009.0.11", "Nm_Jbt_26": "PADANG BESI", "Status_26": "N", "Fungsi_26": "A", "Lks_Dr_26": "PDG", "Lks_km_26": 10.95, "F_STA_26": "590", "Cadin_26": "PDG", "Pjg_Jbt_26": 20.5, "Btg_Pjg_26": 20.0, "Jml_Btg_26": "1", "Lb_Jl_Ms26": 16.3, "Lb_Jl_Kl26": 16.3, "Lb_Lalin26": 16.3, "Lb_Bh_Ki26": 0.0, "Lb_Bh_Ka26": 0.0, "Lb_Dr_Ki26": 0.18, "Lb_Dr_Ka26": 0.18, "Lb_Tr_Ki26": 1.38, "Lb_Tr_Ka26": 1.38, "Lb_TS_Ki26": 0.14, "Lb_TS_Ka26": 0.14, "Lb_Med_26": 1.8, "Lbr_Jbt_26": 21.5, "Bgn_Ats_26": "GTP", "Jns_Jbt_26": "STANDAR", "Thn_Bgn_26": "1997", "BA_26": "2", "LNT_26": "2", "BB_26": "1", "DAS_26": "1", "OP_26": "2", "UT_26": "1", "GR_26": "0", "LB_26": "0", "JBT_26": "2", "Tp_Lnts_26": "SUNGAI", "Dt_Lnts_26": "LURUS", "Pnangnn_26": "RUTIN", "Pmriksn_26": "DETAIL", "Pnglola_26": "BPJN SUMATERA BARAT", "Satkr_ID26": "693876", "PPK_Name26": "PPK 2.1", "Traffic_26": null, "VCR_26": "0.732", "AADT_26": null, "Tipe_Jb_26": null, "Lat_26": -0.95317351844300002, "Long_26": 100.45381164600001, "Tgl_Ins_26": "5\/30\/2026", "Ket_26": null }, "geometry": { "type": "Point", "coordinates": [ 100.453811645990754, -0.953173518443066 ] } },
{ "type": "Feature", "properties": { "KDRUAS_UPD": "0604311", "NOJBT_UPD": "06.043.010.0.11", "NM_RUAS_UP": "BTS. KOTA PADANG - JLN. SIMP. HARU", "NM_JBT_UPD": "SUNGAI LIMAU", "PROVINSI": "SUMATERA BARAT", "No_Prov_26": "06", "ID_Jbt_26": "0600582", "Kd_Ruas_26": "0604311", "Suffix_26": "11", "Nm_Ruas_26": "BTS. KOTA PADANG - JLN. SIMP. HARU", "Lintas_26": "JALAN PENGHUBUNG LINTAS", "No_Jbt_26": "06.043.010.0.11", "Nm_Jbt_26": "SUNGAI LIMAU", "Status_26": "N", "Fungsi_26": "A", "Lks_Dr_26": "PDG", "Lks_km_26": 11.02, "F_STA_26": "600", "Cadin_26": "PDG", "Pjg_Jbt_26": 11.0, "Btg_Pjg_26": 10.5, "Jml_Btg_26": "1", "Lb_Jl_Ms26": 14.7, "Lb_Jl_Kl26": 14.7, "Lb_Lalin26": 14.7, "Lb_Bh_Ki26": 0.63, "Lb_Bh_Ka26": 0.63, "Lb_Dr_Ki26": 0.3, "Lb_Dr_Ka26": 0.3, "Lb_Tr_Ki26": 1.38, "Lb_Tr_Ka26": 1.38, "Lb_TS_Ki26": 0.19, "Lb_TS_Ka26": 0.19, "Lb_Med_26": 2.0, "Lbr_Jbt_26": 21.7, "Bgn_Ats_26": "GTP", "Jns_Jbt_26": "STANDAR", "Thn_Bgn_26": "1980", "BA_26": "2", "LNT_26": "1", "BB_26": "1", "DAS_26": "2", "OP_26": "1", "UT_26": "0", "GR_26": "0", "LB_26": "0", "JBT_26": "2", "Tp_Lnts_26": "SUNGAI", "Dt_Lnts_26": "LURUS", "Pnangnn_26": "RUTIN", "Pmriksn_26": "RUTIN", "Pnglola_26": "BPJN SUMATERA BARAT", "Satkr_ID26": "693876", "PPK_Name26": "PPK 2.1", "Traffic_26": null, "VCR_26": "0.732", "AADT_26": null, "Tipe_Jb_26": null, "Lat_26": -0.95399743323499997, "Long_26": 100.45440673799999, "Tgl_Ins_26": "6\/25\/2024", "Ket_26": null }, "geometry": { "type": "Point", "coordinates": [ 100.454406738180467, -0.953997433234917 ] } },
{ "type": "Feature", "properties": { "KDRUAS_UPD": "0604311", "NOJBT_UPD": "06.043.011.0.11", "NM_RUAS_UP": "BTS. KOTA PADANG - JLN. SIMP. HARU", "NM_JBT_UPD": "BELT CONVERYER", "PROVINSI": "SUMATERA BARAT", "No_Prov_26": "06", "ID_Jbt_26": "0600583", "Kd_Ruas_26": "0604311", "Suffix_26": "11", "Nm_Ruas_26": "BTS. KOTA PADANG - JLN. SIMP. HARU", "Lintas_26": "JALAN PENGHUBUNG LINTAS", "No_Jbt_26": "06.043.011.0.11", "Nm_Jbt_26": "BELT CONVERYER", "Status_26": "N", "Fungsi_26": "A", "Lks_Dr_26": "PDG", "Lks_km_26": 12.9, "F_STA_26": "840", "Cadin_26": "PDG", "Pjg_Jbt_26": 19.3, "Btg_Pjg_26": 19.3, "Jml_Btg_26": "3", "Lb_Jl_Ms26": 10.6, "Lb_Jl_Kl26": 10.6, "Lb_Lalin26": 10.6, "Lb_Bh_Ki26": 0.36, "Lb_Bh_Ka26": 0.36, "Lb_Dr_Ki26": 0.0, "Lb_Dr_Ka26": 0.0, "Lb_Tr_Ki26": 1.3, "Lb_Tr_Ka26": 1.3, "Lb_TS_Ki26": 0.1, "Lb_TS_Ka26": 0.1, "Lb_Med_26": 1.68, "Lbr_Jbt_26": 15.8, "Bgn_Ats_26": "BTP", "Jns_Jbt_26": "STANDAR", "Thn_Bgn_26": "1997", "BA_26": "2", "LNT_26": "1", "BB_26": "0", "DAS_26": "0", "OP_26": "1", "UT_26": "1", "GR_26": "1", "LB_26": "0", "JBT_26": "2", "Tp_Lnts_26": "KERETA API", "Dt_Lnts_26": null, "Pnangnn_26": "RUTIN", "Pmriksn_26": "DETAIL", "Pnglola_26": "BPJN SUMATERA BARAT", "Satkr_ID26": "693876", "PPK_Name26": "PPK 2.1", "Traffic_26": null, "VCR_26": "0.732", "AADT_26": null, "Tipe_Jb_26": null, "Lat_26": -0.95503163380300005, "Long_26": 100.47332763699998, "Tgl_Ins_26": "5\/30\/2026", "Ket_26": null }, "geometry": { "type": "Point", "coordinates": [ 100.473327636761098, -0.955031633802832 ] } },
{ "type": "Feature", "properties": { "KDRUAS_UPD": "0604311", "NOJBT_UPD": "06.043.013.0.11", "NM_RUAS_UP": "BTS. KOTA PADANG - JLN. SIMP. HARU", "NM_JBT_UPD": "SIKAYAN", "PROVINSI": "SUMATERA BARAT", "No_Prov_26": "06", "ID_Jbt_26": "0600585", "Kd_Ruas_26": "0604311", "Suffix_26": "11", "Nm_Ruas_26": "BTS. KOTA PADANG - JLN. SIMP. HARU", "Lintas_26": "JALAN PENGHUBUNG LINTAS", "No_Jbt_26": "06.043.013.0.11", "Nm_Jbt_26": "SIKAYAN", "Status_26": "N", "Fungsi_26": "A", "Lks_Dr_26": "PDG", "Lks_km_26": 15.4, "F_STA_26": "1030", "Cadin_26": "PDG", "Pjg_Jbt_26": 23.1, "Btg_Pjg_26": 22.5, "Jml_Btg_26": "1", "Lb_Jl_Ms26": 7.3, "Lb_Jl_Kl26": 7.3, "Lb_Lalin26": 7.3, "Lb_Bh_Ki26": 0.4, "Lb_Bh_Ka26": 0.4, "Lb_Dr_Ki26": 0.0, "Lb_Dr_Ka26": 0.0, "Lb_Tr_Ki26": 0.95, "Lb_Tr_Ka26": 0.95, "Lb_TS_Ki26": 0.0, "Lb_TS_Ka26": 0.0, "Lb_Med_26": 0.0, "Lbr_Jbt_26": 10.0, "Bgn_Ats_26": "GTP", "Jns_Jbt_26": "STANDAR", "Thn_Bgn_26": "1995", "BA_26": "2", "LNT_26": "2", "BB_26": "2", "DAS_26": "2", "OP_26": "1", "UT_26": "1", "GR_26": "0", "LB_26": "0", "JBT_26": "2", "Tp_Lnts_26": "SUNGAI", "Dt_Lnts_26": "LURUS", "Pnangnn_26": "RUTIN", "Pmriksn_26": "RUTIN", "Pnglola_26": "BPJN SUMATERA BARAT", "Satkr_ID26": "693876", "PPK_Name26": "PPK 2.1", "Traffic_26": null, "VCR_26": "0.732", "AADT_26": null, "Tipe_Jb_26": null, "Lat_26": -0.94929051384600005, "Long_26": 100.48845672600001, "Tgl_Ins_26": "8\/10\/2023", "Ket_26": null }, "geometry": { "type": "Point", "coordinates": [ 100.488456725597473, -0.949290513846108 ] } },
{ "type": "Feature", "properties": { "KDRUAS_UPD": "0604311", "NOJBT_UPD": "06.043.014.0.11", "NM_RUAS_UP": "BTS. KOTA PADANG - JLN. SIMP. HARU", "NM_JBT_UPD": "LUBUK PERAKU", "PROVINSI": "SUMATERA BARAT", "No_Prov_26": "06", "ID_Jbt_26": "0600586", "Kd_Ruas_26": "0604311", "Suffix_26": "11", "Nm_Ruas_26": "BTS. KOTA PADANG - JLN. SIMP. HARU", "Lintas_26": "JALAN PENGHUBUNG LINTAS", "No_Jbt_26": "06.043.014.0.11", "Nm_Jbt_26": "LUBUK PERAKU", "Status_26": "N", "Fungsi_26": "A", "Lks_Dr_26": "PDG", "Lks_km_26": 17.5, "F_STA_26": "1250", "Cadin_26": "PDG", "Pjg_Jbt_26": 24.0, "Btg_Pjg_26": 23.5, "Jml_Btg_26": "1", "Lb_Jl_Ms26": 7.3, "Lb_Jl_Kl26": 7.3, "Lb_Lalin26": 7.3, "Lb_Bh_Ki26": 0.34, "Lb_Bh_Ka26": 0.34, "Lb_Dr_Ki26": 0.1, "Lb_Dr_Ka26": 0.1, "Lb_Tr_Ki26": 0.94, "Lb_Tr_Ka26": 0.94, "Lb_TS_Ki26": 0.12, "Lb_TS_Ka26": 0.12, "Lb_Med_26": 0.0, "Lbr_Jbt_26": 10.3, "Bgn_Ats_26": "GTP", "Jns_Jbt_26": "STANDAR", "Thn_Bgn_26": "1995", "BA_26": "2", "LNT_26": "2", "BB_26": "1", "DAS_26": "0", "OP_26": "1", "UT_26": "0", "GR_26": "0", "LB_26": "0", "JBT_26": "2", "Tp_Lnts_26": "SUNGAI", "Dt_Lnts_26": "LURUS", "Pnangnn_26": "0", "Pmriksn_26": "DETAIL", "Pnglola_26": "BPJN SUMATERA BARAT", "Satkr_ID26": "693876", "PPK_Name26": "PPK 2.1", "Traffic_26": null, "VCR_26": "0.732", "AADT_26": null, "Tipe_Jb_26": null, "Lat_26": -0.94788676476199996, "Long_26": 100.50612640399999, "Tgl_Ins_26": "5\/30\/2026", "Ket_26": null }, "geometry": { "type": "Point", "coordinates": [ 100.506126403710596, -0.947886764762359 ] } },
{ "type": "Feature", "properties": { "KDRUAS_UPD": "06043", "NOJBT_UPD": "06.043.016.0", "NM_RUAS_UP": "LUBUK SELASIH - BTS. KOTA PADANG", "NM_JBT_UPD": "AIR SIRAH 1", "PROVINSI": "SUMATERA BARAT", "No_Prov_26": "06", "ID_Jbt_26": "0600588", "Kd_Ruas_26": "06043", "Suffix_26": null, "Nm_Ruas_26": "LUBUK SELASIH - BTS. KOTA PADANG", "Lintas_26": "JALAN PENGHUBUNG LINTAS", "No_Jbt_26": "06.043.016.0", "Nm_Jbt_26": "AIR SIRAH 1", "Status_26": "N", "Fungsi_26": "A", "Lks_Dr_26": "PDG", "Lks_km_26": 25.9, "F_STA_26": "60", "Cadin_26": "SLK", "Pjg_Jbt_26": 13.1, "Btg_Pjg_26": 13.0, "Jml_Btg_26": "1", "Lb_Jl_Ms26": 7.7, "Lb_Jl_Kl26": 7.7, "Lb_Lalin26": 7.7, "Lb_Bh_Ki26": 0.32, "Lb_Bh_Ka26": 0.32, "Lb_Dr_Ki26": 0.15, "Lb_Dr_Ka26": 0.15, "Lb_Tr_Ki26": 0.18, "Lb_Tr_Ka26": 0.18, "Lb_TS_Ki26": 0.2, "Lb_TS_Ka26": 0.2, "Lb_Med_26": 0.0, "Lbr_Jbt_26": 9.4, "Bgn_Ats_26": "GTP", "Jns_Jbt_26": "STANDAR", "Thn_Bgn_26": "1980", "BA_26": "2", "LNT_26": "2", "BB_26": "2", "DAS_26": "1", "OP_26": "2", "UT_26": "0", "GR_26": "0", "LB_26": "0", "JBT_26": "2", "Tp_Lnts_26": "SUNGAI", "Dt_Lnts_26": "LURUS", "Pnangnn_26": "RUTIN", "Pmriksn_26": "RUTIN", "Pnglola_26": "BPJN SUMATERA BARAT", "Satkr_ID26": "693876", "PPK_Name26": "PPK 2.1", "Traffic_26": null, "VCR_26": "0.747", "AADT_26": null, "Tipe_Jb_26": null, "Lat_26": -0.94545996220700002, "Long_26": 100.54618835399999, "Tgl_Ins_26": "6\/22\/2024", "Ket_26": null }, "geometry": { "type": "Point", "coordinates": [ 100.546188353609693, -0.945459962207451 ] } },
{ "type": "Feature", "properties": { "KDRUAS_UPD": "06043", "NOJBT_UPD": "06.043.017.0", "NM_RUAS_UP": "LUBUK SELASIH - BTS. KOTA PADANG", "NM_JBT_UPD": "AIR SIRAH 2", "PROVINSI": "SUMATERA BARAT", "No_Prov_26": "06", "ID_Jbt_26": "0600589", "Kd_Ruas_26": "06043", "Suffix_26": null, "Nm_Ruas_26": "LUBUK SELASIH - BTS. KOTA PADANG", "Lintas_26": "JALAN PENGHUBUNG LINTAS", "No_Jbt_26": "06.043.017.0", "Nm_Jbt_26": "AIR SIRAH 2", "Status_26": "N", "Fungsi_26": "A", "Lks_Dr_26": "PDG", "Lks_km_26": 26.15, "F_STA_26": "90", "Cadin_26": "SLK", "Pjg_Jbt_26": 9.8, "Btg_Pjg_26": 9.0, "Jml_Btg_26": "1", "Lb_Jl_Ms26": 9.6, "Lb_Jl_Kl26": 9.6, "Lb_Lalin26": 9.6, "Lb_Bh_Ki26": 0.37, "Lb_Bh_Ka26": 0.37, "Lb_Dr_Ki26": 0.25, "Lb_Dr_Ka26": 0.25, "Lb_Tr_Ki26": 0.16, "Lb_Tr_Ka26": 0.16, "Lb_TS_Ki26": 0.17, "Lb_TS_Ka26": 0.17, "Lb_Med_26": 0.0, "Lbr_Jbt_26": 11.5, "Bgn_Ats_26": "GTP", "Jns_Jbt_26": "STANDAR", "Thn_Bgn_26": "1980", "BA_26": "2", "LNT_26": "2", "BB_26": "2", "DAS_26": "1", "OP_26": "2", "UT_26": "0", "GR_26": "0", "LB_26": "0", "JBT_26": "2", "Tp_Lnts_26": "SUNGAI", "Dt_Lnts_26": "LURUS", "Pnangnn_26": "RUTIN", "Pmriksn_26": "RUTIN", "Pnglola_26": "BPJN SUMATERA BARAT", "Satkr_ID26": "693876", "PPK_Name26": "PPK 2.1", "Traffic_26": null, "VCR_26": "0.747", "AADT_26": null, "Tipe_Jb_26": null, "Lat_26": -0.94555801169300002, "Long_26": 100.54861450200001, "Tgl_Ins_26": "6\/22\/2024", "Ket_26": null }, "geometry": { "type": "Point", "coordinates": [ 100.548614502357452, -0.94555801169281 ] } },
{ "type": "Feature", "properties": { "KDRUAS_UPD": "06043", "NOJBT_UPD": "06.043.018.0", "NM_RUAS_UP": "LUBUK SELASIH - BTS. KOTA PADANG", "NM_JBT_UPD": "LOLO", "PROVINSI": "SUMATERA BARAT", "No_Prov_26": "06", "ID_Jbt_26": "0600590", "Kd_Ruas_26": "06043", "Suffix_26": null, "Nm_Ruas_26": "LUBUK SELASIH - BTS. KOTA PADANG", "Lintas_26": "JALAN PENGHUBUNG LINTAS", "No_Jbt_26": "06.043.018.0", "Nm_Jbt_26": "LOLO", "Status_26": "N", "Fungsi_26": "A", "Lks_Dr_26": "PDG", "Lks_km_26": 27.5, "F_STA_26": "190", "Cadin_26": "SLK", "Pjg_Jbt_26": 20.6, "Btg_Pjg_26": 20.0, "Jml_Btg_26": "1", "Lb_Jl_Ms26": 4.5, "Lb_Jl_Kl26": 4.5, "Lb_Lalin26": 4.5, "Lb_Bh_Ki26": 0.42, "Lb_Bh_Ka26": 0.42, "Lb_Dr_Ki26": 0.2, "Lb_Dr_Ka26": 0.2, "Lb_Tr_Ki26": 0.3, "Lb_Tr_Ka26": 0.3, "Lb_TS_Ki26": 0.23, "Lb_TS_Ka26": 0.23, "Lb_Med_26": 0.0, "Lbr_Jbt_26": 6.8, "Bgn_Ats_26": "GTP", "Jns_Jbt_26": "STANDAR", "Thn_Bgn_26": "1997", "BA_26": "3", "LNT_26": "2", "BB_26": "1", "DAS_26": "1", "OP_26": "1", "UT_26": "0", "GR_26": "0", "LB_26": "0", "JBT_26": "3", "Tp_Lnts_26": "SUNGAI", "Dt_Lnts_26": "LURUS", "Pnangnn_26": "RUTIN", "Pmriksn_26": "DETAIL", "Pnglola_26": "BPJN SUMATERA BARAT", "Satkr_ID26": "693876", "PPK_Name26": "PPK 2.1", "Traffic_26": null, "VCR_26": "0.747", "AADT_26": null, "Tipe_Jb_26": null, "Lat_26": -0.94582963033300005, "Long_26": 100.55552673299999, "Tgl_Ins_26": "5\/30\/2026", "Ket_26": null }, "geometry": { "type": "Point", "coordinates": [ 100.555526732972396, -0.945829630333151 ] } },
{ "type": "Feature", "properties": { "KDRUAS_UPD": "06045", "NOJBT_UPD": "06.045.001.0", "NM_RUAS_UP": "KILIRANJAO - BTS. PROV. RIAU", "NM_JBT_UPD": "SUNGAI TAMBANG", "PROVINSI": "SUMATERA BARAT", "No_Prov_26": "06", "ID_Jbt_26": "0600595", "Kd_Ruas_26": "06045", "Suffix_26": null, "Nm_Ruas_26": "KILIRANJAO - BTS. PROV. RIAU", "Lintas_26": "JALAN PENGHUBUNG LINTAS", "No_Jbt_26": "06.045.001.0", "Nm_Jbt_26": "SUNGAI TAMBANG", "Status_26": "N", "Fungsi_26": "A", "Lks_Dr_26": "PDG", "Lks_km_26": 166.6, "F_STA_26": "130", "Cadin_26": "SJJ", "Pjg_Jbt_26": 7.0, "Btg_Pjg_26": 6.5, "Jml_Btg_26": "1", "Lb_Jl_Ms26": 5.7, "Lb_Jl_Kl26": 5.7, "Lb_Lalin26": 5.7, "Lb_Bh_Ki26": 0.77, "Lb_Bh_Ka26": 0.77, "Lb_Dr_Ki26": 0.0, "Lb_Dr_Ka26": 0.0, "Lb_Tr_Ki26": 0.55, "Lb_Tr_Ka26": 0.55, "Lb_TS_Ki26": 0.0, "Lb_TS_Ka26": 0.0, "Lb_Med_26": 0.0, "Lbr_Jbt_26": 8.34, "Bgn_Ats_26": "GTP", "Jns_Jbt_26": "STANDAR", "Thn_Bgn_26": "1993", "BA_26": "2", "LNT_26": "1", "BB_26": "1", "DAS_26": "2", "OP_26": "0", "UT_26": "0", "GR_26": "0", "LB_26": "0", "JBT_26": "2", "Tp_Lnts_26": "SUNGAI", "Dt_Lnts_26": "LURUS", "Pnangnn_26": "RUTIN", "Pmriksn_26": "RUTIN", "Pnglola_26": "BPJN SUMATERA BARAT", "Satkr_ID26": "693876", "PPK_Name26": "PPK 2.2", "Traffic_26": null, "VCR_26": "0.18", "AADT_26": null, "Tipe_Jb_26": null, "Lat_26": -0.87873297964300001, "Long_26": 101.36036682100001, "Tgl_Ins_26": "10\/5\/2020", "Ket_26": null }, "geometry": { "type": "Point", "coordinates": [ 101.360366820572381, -0.878732979643246 ] } },
{ "type": "Feature", "properties": { "KDRUAS_UPD": "06045", "NOJBT_UPD": "06.045.002.0", "NM_RUAS_UP": "KILIRANJAO - BTS. PROV. RIAU", "NM_JBT_UPD": "BATANG TAMBANGAN", "PROVINSI": "SUMATERA BARAT", "No_Prov_26": "06", "ID_Jbt_26": "0600596", "Kd_Ruas_26": "06045", "Suffix_26": null, "Nm_Ruas_26": "KILIRANJAO - BTS. PROV. RIAU", "Lintas_26": "JALAN PENGHUBUNG LINTAS", "No_Jbt_26": "06.045.002.0", "Nm_Jbt_26": "BATANG TAMBANGAN", "Status_26": "N", "Fungsi_26": "A", "Lks_Dr_26": "PDG", "Lks_km_26": 169.9, "F_STA_26": "480", "Cadin_26": "SJJ", "Pjg_Jbt_26": 7.9, "Btg_Pjg_26": 7.4, "Jml_Btg_26": "1", "Lb_Jl_Ms26": 7.0, "Lb_Jl_Kl26": 7.0, "Lb_Lalin26": 7.0, "Lb_Bh_Ki26": 0.0, "Lb_Bh_Ka26": 0.0, "Lb_Dr_Ki26": 0.0, "Lb_Dr_Ka26": 0.0, "Lb_Tr_Ki26": 0.45, "Lb_Tr_Ka26": 0.45, "Lb_TS_Ki26": 0.0, "Lb_TS_Ka26": 0.0, "Lb_Med_26": 0.0, "Lbr_Jbt_26": 7.9, "Bgn_Ats_26": "GTP", "Jns_Jbt_26": "STANDAR", "Thn_Bgn_26": "1993", "BA_26": "1", "LNT_26": "1", "BB_26": "1", "DAS_26": "2", "OP_26": "0", "UT_26": "0", "GR_26": "0", "LB_26": "0", "JBT_26": "2", "Tp_Lnts_26": "SUNGAI", "Dt_Lnts_26": "LURUS", "Pnangnn_26": "BERKALA", "Pmriksn_26": "RUTIN", "Pnglola_26": "BPJN SUMATERA BARAT", "Satkr_ID26": "693876", "PPK_Name26": "PPK 2.2", "Traffic_26": null, "VCR_26": "0.18", "AADT_26": null, "Tipe_Jb_26": null, "Lat_26": -0.86190098494199996, "Long_26": 101.38339233400001, "Tgl_Ins_26": "10\/5\/2020", "Ket_26": null }, "geometry": { "type": "Point", "coordinates": [ 101.383392333789232, -0.861900984942451 ] } },
{ "type": "Feature", "properties": { "KDRUAS_UPD": "06045", "NOJBT_UPD": "06.045.003.0", "NM_RUAS_UP": "KILIRANJAO - BTS. PROV. RIAU", "NM_JBT_UPD": "BATANG TIUNG", "PROVINSI": "SUMATERA BARAT", "No_Prov_26": "06", "ID_Jbt_26": "0600597", "Kd_Ruas_26": "06045", "Suffix_26": null, "Nm_Ruas_26": "KILIRANJAO - BTS. PROV. RIAU", "Lintas_26": "JALAN PENGHUBUNG LINTAS", "No_Jbt_26": "06.045.003.0", "Nm_Jbt_26": "BATANG TIUNG", "Status_26": "N", "Fungsi_26": "A", "Lks_Dr_26": "PDG", "Lks_km_26": 171.8, "F_STA_26": "660", "Cadin_26": "SJJ", "Pjg_Jbt_26": 8.0, "Btg_Pjg_26": 7.5, "Jml_Btg_26": "1", "Lb_Jl_Ms26": 7.0, "Lb_Jl_Kl26": 7.0, "Lb_Lalin26": 7.0, "Lb_Bh_Ki26": 0.0, "Lb_Bh_Ka26": 0.0, "Lb_Dr_Ki26": 0.0, "Lb_Dr_Ka26": 0.0, "Lb_Tr_Ki26": 0.47, "Lb_Tr_Ka26": 0.47, "Lb_TS_Ki26": 0.0, "Lb_TS_Ka26": 0.0, "Lb_Med_26": 0.0, "Lbr_Jbt_26": 7.94, "Bgn_Ats_26": "GTP", "Jns_Jbt_26": "STANDAR", "Thn_Bgn_26": "1993", "BA_26": "2", "LNT_26": "1", "BB_26": "1", "DAS_26": "2", "OP_26": "0", "UT_26": "0", "GR_26": "0", "LB_26": "0", "JBT_26": "2", "Tp_Lnts_26": "SUNGAI", "Dt_Lnts_26": "LURUS", "Pnangnn_26": "RUTIN", "Pmriksn_26": "RUTIN", "Pnglola_26": "BPJN SUMATERA BARAT", "Satkr_ID26": "693876", "PPK_Name26": "PPK 2.2", "Traffic_26": null, "VCR_26": "0.18", "AADT_26": null, "Tipe_Jb_26": null, "Lat_26": -0.84968000682699996, "Long_26": 101.394233704, "Tgl_Ins_26": "10\/5\/2020", "Ket_26": null }, "geometry": { "type": "Point", "coordinates": [ 101.394233704222131, -0.849680006826816 ] } },
{ "type": "Feature", "properties": { "KDRUAS_UPD": "06045", "NOJBT_UPD": "06.045.004.0", "NM_RUAS_UP": "KILIRANJAO - BTS. PROV. RIAU", "NM_JBT_UPD": "BATANG LOLO 3", "PROVINSI": "SUMATERA BARAT", "No_Prov_26": "06", "ID_Jbt_26": "0600598", "Kd_Ruas_26": "06045", "Suffix_26": null, "Nm_Ruas_26": "KILIRANJAO - BTS. PROV. RIAU", "Lintas_26": "JALAN PENGHUBUNG LINTAS", "No_Jbt_26": "06.045.004.0", "Nm_Jbt_26": "BATANG LOLO 3", "Status_26": "N", "Fungsi_26": "A", "Lks_Dr_26": "PDG", "Lks_km_26": 172.2, "F_STA_26": "700", "Cadin_26": "SJJ", "Pjg_Jbt_26": 30.8, "Btg_Pjg_26": 30.0, "Jml_Btg_26": "1", "Lb_Jl_Ms26": 5.0, "Lb_Jl_Kl26": 5.0, "Lb_Lalin26": 5.0, "Lb_Bh_Ki26": 0.42, "Lb_Bh_Ka26": 0.42, "Lb_Dr_Ki26": 0.12, "Lb_Dr_Ka26": 0.12, "Lb_Tr_Ki26": 0.5, "Lb_Tr_Ka26": 0.5, "Lb_TS_Ki26": 0.0, "Lb_TS_Ka26": 0.0, "Lb_Med_26": 0.0, "Lbr_Jbt_26": 7.08, "Bgn_Ats_26": "RBB", "Jns_Jbt_26": "STANDAR", "Thn_Bgn_26": "1982", "BA_26": "2", "LNT_26": "2", "BB_26": "2", "DAS_26": "0", "OP_26": "2", "UT_26": "0", "GR_26": "0", "LB_26": "0", "JBT_26": "2", "Tp_Lnts_26": "SUNGAI", "Dt_Lnts_26": "BERKELOK (MEANDER)", "Pnangnn_26": "RUTIN", "Pmriksn_26": "RUTIN", "Pnglola_26": "BPJN SUMATERA BARAT", "Satkr_ID26": "693876", "PPK_Name26": "PPK 2.2", "Traffic_26": null, "VCR_26": "0.18", "AADT_26": null, "Tipe_Jb_26": null, "Lat_26": -0.84665900510900005, "Long_26": 101.396217346, "Tgl_Ins_26": "6\/1\/2025", "Ket_26": null }, "geometry": { "type": "Point", "coordinates": [ 101.396217346053731, -0.846659005108961 ] } },
{ "type": "Feature", "properties": { "KDRUAS_UPD": "06045", "NOJBT_UPD": "06.045.005.0", "NM_RUAS_UP": "KILIRANJAO - BTS. PROV. RIAU", "NM_JBT_UPD": "BATANG LOLO 2", "PROVINSI": "SUMATERA BARAT", "No_Prov_26": "06", "ID_Jbt_26": "0600599", "Kd_Ruas_26": "06045", "Suffix_26": null, "Nm_Ruas_26": "KILIRANJAO - BTS. PROV. RIAU", "Lintas_26": "JALAN PENGHUBUNG LINTAS", "No_Jbt_26": "06.045.005.0", "Nm_Jbt_26": "BATANG LOLO 2", "Status_26": "N", "Fungsi_26": "A", "Lks_Dr_26": "PDG", "Lks_km_26": 174.6, "F_STA_26": "920", "Cadin_26": "SJJ", "Pjg_Jbt_26": 13.6, "Btg_Pjg_26": 13.0, "Jml_Btg_26": "1", "Lb_Jl_Ms26": 6.7, "Lb_Jl_Kl26": 6.7, "Lb_Lalin26": 6.7, "Lb_Bh_Ki26": 0.0, "Lb_Bh_Ka26": 0.0, "Lb_Dr_Ki26": 0.14, "Lb_Dr_Ka26": 0.14, "Lb_Tr_Ki26": 0.58, "Lb_Tr_Ka26": 0.58, "Lb_TS_Ki26": 0.0, "Lb_TS_Ka26": 0.0, "Lb_Med_26": 0.0, "Lbr_Jbt_26": 8.14, "Bgn_Ats_26": "GTP", "Jns_Jbt_26": "STANDAR", "Thn_Bgn_26": "1993", "BA_26": "2", "LNT_26": "1", "BB_26": "1", "DAS_26": "2", "OP_26": "0", "UT_26": "0", "GR_26": "0", "LB_26": "0", "JBT_26": "2", "Tp_Lnts_26": "SUNGAI", "Dt_Lnts_26": "BERKELOK (MEANDER)", "Pnangnn_26": "RUTIN", "Pmriksn_26": "RUTIN", "Pnglola_26": "BPJN SUMATERA BARAT", "Satkr_ID26": "693876", "PPK_Name26": "PPK 2.2", "Traffic_26": null, "VCR_26": "0.18", "AADT_26": null, "Tipe_Jb_26": null, "Lat_26": -0.83353501592799994, "Long_26": 101.38852691699999, "Tgl_Ins_26": "10\/5\/2020", "Ket_26": null }, "geometry": { "type": "Point", "coordinates": [ 101.38852691678386, -0.833535015928192 ] } },
{ "type": "Feature", "properties": { "KDRUAS_UPD": "06045", "NOJBT_UPD": "06.045.008.0", "NM_RUAS_UP": "KILIRANJAO - BTS. PROV. RIAU", "NM_JBT_UPD": "SUNGAI ROTAN", "PROVINSI": "SUMATERA BARAT", "No_Prov_26": "06", "ID_Jbt_26": "0600601", "Kd_Ruas_26": "06045", "Suffix_26": null, "Nm_Ruas_26": "KILIRANJAO - BTS. PROV. RIAU", "Lintas_26": "JALAN PENGHUBUNG LINTAS", "No_Jbt_26": "06.045.008.0", "Nm_Jbt_26": "SUNGAI ROTAN", "Status_26": "N", "Fungsi_26": "A", "Lks_Dr_26": "PDG", "Lks_km_26": 183.1, "F_STA_26": "1770", "Cadin_26": "SJJ", "Pjg_Jbt_26": 9.1, "Btg_Pjg_26": 8.6, "Jml_Btg_26": "1", "Lb_Jl_Ms26": 6.3, "Lb_Jl_Kl26": 6.3, "Lb_Lalin26": 6.3, "Lb_Bh_Ki26": 0.46, "Lb_Bh_Ka26": 0.46, "Lb_Dr_Ki26": 0.0, "Lb_Dr_Ka26": 0.0, "Lb_Tr_Ki26": 0.46, "Lb_Tr_Ka26": 0.46, "Lb_TS_Ki26": 0.0, "Lb_TS_Ka26": 0.0, "Lb_Med_26": 0.0, "Lbr_Jbt_26": 8.14, "Bgn_Ats_26": "GTP", "Jns_Jbt_26": "STANDAR", "Thn_Bgn_26": "1993", "BA_26": "1", "LNT_26": "0", "BB_26": "1", "DAS_26": "2", "OP_26": "0", "UT_26": "0", "GR_26": "0", "LB_26": "0", "JBT_26": "2", "Tp_Lnts_26": "SUNGAI", "Dt_Lnts_26": "LURUS", "Pnangnn_26": "BERKALA", "Pmriksn_26": "RUTIN", "Pnglola_26": "BPJN SUMATERA BARAT", "Satkr_ID26": "693876", "PPK_Name26": "PPK 2.2", "Traffic_26": null, "VCR_26": "0.18", "AADT_26": null, "Tipe_Jb_26": null, "Lat_26": -0.77793997564899997, "Long_26": 101.410324097, "Tgl_Ins_26": "10\/6\/2020", "Ket_26": null }, "geometry": { "type": "Point", "coordinates": [ 101.410324097279329, -0.777939975649304 ] } },
{ "type": "Feature", "properties": { "KDRUAS_UPD": "06045", "NOJBT_UPD": "06.045.009.0", "NM_RUAS_UP": "KILIRANJAO - BTS. PROV. RIAU", "NM_JBT_UPD": "SUNGAI PANJANG", "PROVINSI": "SUMATERA BARAT", "No_Prov_26": "06", "ID_Jbt_26": "0600602", "Kd_Ruas_26": "06045", "Suffix_26": null, "Nm_Ruas_26": "KILIRANJAO - BTS. PROV. RIAU", "Lintas_26": "JALAN PENGHUBUNG LINTAS", "No_Jbt_26": "06.045.009.0", "Nm_Jbt_26": "SUNGAI PANJANG", "Status_26": "N", "Fungsi_26": "A", "Lks_Dr_26": "PDG", "Lks_km_26": 183.6, "F_STA_26": "1820", "Cadin_26": "SJJ", "Pjg_Jbt_26": 6.7, "Btg_Pjg_26": 6.2, "Jml_Btg_26": "1", "Lb_Jl_Ms26": 6.6, "Lb_Jl_Kl26": 6.6, "Lb_Lalin26": 6.6, "Lb_Bh_Ki26": 0.34, "Lb_Bh_Ka26": 0.34, "Lb_Dr_Ki26": 0.0, "Lb_Dr_Ka26": 0.0, "Lb_Tr_Ki26": 0.43, "Lb_Tr_Ka26": 0.43, "Lb_TS_Ki26": 0.18, "Lb_TS_Ka26": 0.18, "Lb_Med_26": 0.0, "Lbr_Jbt_26": 8.5, "Bgn_Ats_26": "GTP", "Jns_Jbt_26": "STANDAR", "Thn_Bgn_26": "1993", "BA_26": "2", "LNT_26": "1", "BB_26": "2", "DAS_26": "1", "OP_26": "1", "UT_26": "1", "GR_26": "0", "LB_26": "0", "JBT_26": "2", "Tp_Lnts_26": "SUNGAI", "Dt_Lnts_26": "LURUS", "Pnangnn_26": "RUTIN", "Pmriksn_26": "RUTIN", "Pnglola_26": "BPJN SUMATERA BARAT", "Satkr_ID26": "693876", "PPK_Name26": "PPK 2.2", "Traffic_26": null, "VCR_26": "0.18", "AADT_26": null, "Tipe_Jb_26": null, "Lat_26": -0.77385902397499995, "Long_26": 101.41222381599999, "Tgl_Ins_26": "8\/10\/2023", "Ket_26": null }, "geometry": { "type": "Point", "coordinates": [ 101.412223816176208, -0.773859023974751 ] } },
{ "type": "Feature", "properties": { "KDRUAS_UPD": "06045", "NOJBT_UPD": "06.045.010.0", "NM_RUAS_UP": "KILIRANJAO - BTS. PROV. RIAU", "NM_JBT_UPD": "BATANG KERING", "PROVINSI": "SUMATERA BARAT", "No_Prov_26": "06", "ID_Jbt_26": "0600603", "Kd_Ruas_26": "06045", "Suffix_26": null, "Nm_Ruas_26": "KILIRANJAO - BTS. PROV. RIAU", "Lintas_26": "JALAN PENGHUBUNG LINTAS", "No_Jbt_26": "06.045.010.0", "Nm_Jbt_26": "BATANG KERING", "Status_26": "N", "Fungsi_26": "A", "Lks_Dr_26": "PDG", "Lks_km_26": 183.9, "F_STA_26": "1860", "Cadin_26": "SJJ", "Pjg_Jbt_26": 25.5, "Btg_Pjg_26": 25.0, "Jml_Btg_26": "1", "Lb_Jl_Ms26": 6.0, "Lb_Jl_Kl26": 6.0, "Lb_Lalin26": 6.0, "Lb_Bh_Ki26": 0.0, "Lb_Bh_Ka26": 0.0, "Lb_Dr_Ki26": 0.0, "Lb_Dr_Ka26": 0.0, "Lb_Tr_Ki26": 0.5, "Lb_Tr_Ka26": 0.5, "Lb_TS_Ki26": 0.0, "Lb_TS_Ka26": 0.0, "Lb_Med_26": 0.0, "Lbr_Jbt_26": 7.0, "Bgn_Ats_26": "GBP", "Jns_Jbt_26": "STANDAR", "Thn_Bgn_26": "1988", "BA_26": "2", "LNT_26": "1", "BB_26": "1", "DAS_26": "1", "OP_26": "0", "UT_26": "0", "GR_26": "0", "LB_26": "0", "JBT_26": "2", "Tp_Lnts_26": "SUNGAI", "Dt_Lnts_26": "LURUS", "Pnangnn_26": "RUTIN", "Pmriksn_26": "RUTIN", "Pnglola_26": "BPJN SUMATERA BARAT", "Satkr_ID26": "693876", "PPK_Name26": "PPK 2.2", "Traffic_26": null, "VCR_26": "0.18", "AADT_26": null, "Tipe_Jb_26": null, "Lat_26": -0.77097702057299999, "Long_26": 101.413970947, "Tgl_Ins_26": "10\/6\/2020", "Ket_26": null }, "geometry": { "type": "Point", "coordinates": [ 101.413970947101575, -0.770977020573014 ] } },
{ "type": "Feature", "properties": { "KDRUAS_UPD": "0604711", "NOJBT_UPD": "06.047.001.0.11", "NM_RUAS_UP": "SOLOK BYPASS (JL. NASIR PAMUNCAK)", "NM_JBT_UPD": "BATANG LEMBANG", "PROVINSI": "SUMATERA BARAT", "No_Prov_26": "06", "ID_Jbt_26": "0600606", "Kd_Ruas_26": "0604711", "Suffix_26": "11", "Nm_Ruas_26": "SOLOK BYPASS (JL. NASIR PAMUNCAK)", "Lintas_26": "NON LINTAS", "No_Jbt_26": "06.047.001.0.11", "Nm_Jbt_26": "BATANG LEMBANG", "Status_26": "N", "Fungsi_26": "A", "Lks_Dr_26": "PDG", "Lks_km_26": 57.68, "F_STA_26": "0", "Cadin_26": "SLK", "Pjg_Jbt_26": 51.9, "Btg_Pjg_26": 51.0, "Jml_Btg_26": "1", "Lb_Jl_Ms26": 7.0, "Lb_Jl_Kl26": 7.0, "Lb_Lalin26": 7.0, "Lb_Bh_Ki26": 0.35, "Lb_Bh_Ka26": 0.35, "Lb_Dr_Ki26": 0.0, "Lb_Dr_Ka26": 0.0, "Lb_Tr_Ki26": 0.95, "Lb_Tr_Ka26": 0.95, "Lb_TS_Ki26": 0.0, "Lb_TS_Ka26": 0.0, "Lb_Med_26": 0.0, "Lbr_Jbt_26": 9.6, "Bgn_Ats_26": "RBA", "Jns_Jbt_26": "STANDAR", "Thn_Bgn_26": "1988", "BA_26": "2", "LNT_26": "2", "BB_26": "1", "DAS_26": "2", "OP_26": "1", "UT_26": "0", "GR_26": "0", "LB_26": "0", "JBT_26": "2", "Tp_Lnts_26": "SUNGAI", "Dt_Lnts_26": "LURUS", "Pnangnn_26": "BERKALA", "Pmriksn_26": "RUTIN", "Pnglola_26": "BPJN SUMATERA BARAT", "Satkr_ID26": "693876", "PPK_Name26": "PPK 2.1", "Traffic_26": null, "VCR_26": "0.666", "AADT_26": null, "Tipe_Jb_26": null, "Lat_26": -0.80647897692299997, "Long_26": 100.653106689, "Tgl_Ins_26": "5\/28\/2025", "Ket_26": null }, "geometry": { "type": "Point", "coordinates": [ 100.653106688622813, -0.806478976923188 ] } },
{ "type": "Feature", "properties": { "KDRUAS_UPD": "0604711", "NOJBT_UPD": "06.047.002.0.11", "NM_RUAS_UP": "SOLOK BYPASS (JL. NASIR PAMUNCAK)", "NM_JBT_UPD": "BATANG SIMO\/S.BULU", "PROVINSI": "SUMATERA BARAT", "No_Prov_26": "06", "ID_Jbt_26": "0600607", "Kd_Ruas_26": "0604711", "Suffix_26": "11", "Nm_Ruas_26": "SOLOK BYPASS (JL. NASIR PAMUNCAK)", "Lintas_26": "NON LINTAS", "No_Jbt_26": "06.047.002.0.11", "Nm_Jbt_26": "BATANG SIMO\/S.BULU", "Status_26": "N", "Fungsi_26": "A", "Lks_Dr_26": "PDG", "Lks_km_26": 65.1, "F_STA_26": "90", "Cadin_26": "SLK", "Pjg_Jbt_26": 10.0, "Btg_Pjg_26": 9.5, "Jml_Btg_26": "1", "Lb_Jl_Ms26": 7.1, "Lb_Jl_Kl26": 7.1, "Lb_Lalin26": 7.1, "Lb_Bh_Ki26": 0.0, "Lb_Bh_Ka26": 0.0, "Lb_Dr_Ki26": 0.0, "Lb_Dr_Ka26": 0.0, "Lb_Tr_Ki26": 1.29, "Lb_Tr_Ka26": 1.29, "Lb_TS_Ki26": 0.0, "Lb_TS_Ka26": 0.0, "Lb_Med_26": 0.0, "Lbr_Jbt_26": 9.68, "Bgn_Ats_26": "GTP", "Jns_Jbt_26": "STANDAR", "Thn_Bgn_26": "1976", "BA_26": "1", "LNT_26": "1", "BB_26": "2", "DAS_26": "2", "OP_26": "2", "UT_26": "0", "GR_26": "0", "LB_26": "0", "JBT_26": "2", "Tp_Lnts_26": "SUNGAI", "Dt_Lnts_26": "LURUS", "Pnangnn_26": "RUTIN", "Pmriksn_26": "RUTIN", "Pnglola_26": "BPJN SUMATERA BARAT", "Satkr_ID26": "693876", "PPK_Name26": "PPK 2.1", "Traffic_26": null, "VCR_26": "0.666", "AADT_26": null, "Tipe_Jb_26": null, "Lat_26": -0.80320602653700002, "Long_26": 100.660400391, "Tgl_Ins_26": "6\/22\/2024", "Ket_26": null }, "geometry": { "type": "Point", "coordinates": [ 100.660400390965322, -0.803206026536827 ] } },
{ "type": "Feature", "properties": { "KDRUAS_UPD": "06048", "NOJBT_UPD": "06.048.001.0", "NM_RUAS_UP": "BY PASS PARIAMAN (KOTA PARIAMAN)", "NM_JBT_UPD": "LAPAI JATI 6", "PROVINSI": "SUMATERA BARAT", "No_Prov_26": "06", "ID_Jbt_26": "0600608", "Kd_Ruas_26": "06048", "Suffix_26": null, "Nm_Ruas_26": "BY PASS PARIAMAN (KOTA PARIAMAN)", "Lintas_26": "NON LINTAS", "No_Jbt_26": "06.048.001.0", "Nm_Jbt_26": "LAPAI JATI 6", "Status_26": "N", "Fungsi_26": "A", "Lks_Dr_26": "PDG", "Lks_km_26": 53.67, "F_STA_26": "20", "Cadin_26": "PRM", "Pjg_Jbt_26": 7.0, "Btg_Pjg_26": 6.5, "Jml_Btg_26": "1", "Lb_Jl_Ms26": 6.31, "Lb_Jl_Kl26": 6.31, "Lb_Lalin26": 6.31, "Lb_Bh_Ki26": 1.45, "Lb_Bh_Ka26": 1.45, "Lb_Dr_Ki26": 0.0, "Lb_Dr_Ka26": 0.0, "Lb_Tr_Ki26": 0.0, "Lb_Tr_Ka26": 0.0, "Lb_TS_Ki26": 0.24, "Lb_TS_Ka26": 0.24, "Lb_Med_26": 0.0, "Lbr_Jbt_26": 9.69, "Bgn_Ats_26": "GTP", "Jns_Jbt_26": "STANDAR", "Thn_Bgn_26": "1996", "BA_26": "1", "LNT_26": "1", "BB_26": "1", "DAS_26": "2", "OP_26": "0", "UT_26": "0", "GR_26": "0", "LB_26": "0", "JBT_26": "2", "Tp_Lnts_26": "SUNGAI", "Dt_Lnts_26": "BERKELOK", "Pnangnn_26": "RUTIN", "Pmriksn_26": "RUTIN", "Pnglola_26": "BPJN SUMATERA BARAT", "Satkr_ID26": "693875", "PPK_Name26": "PPK 1.5", "Traffic_26": null, "VCR_26": "0.165", "AADT_26": null, "Tipe_Jb_26": null, "Lat_26": -0.62424200776200001, "Long_26": 100.14563751199999, "Tgl_Ins_26": "9\/28\/2020", "Ket_26": null }, "geometry": { "type": "Point", "coordinates": [ 100.145637511561972, -0.624242007762405 ] } },
{ "type": "Feature", "properties": { "KDRUAS_UPD": "06048", "NOJBT_UPD": "06.048.004.0", "NM_RUAS_UP": "BY PASS PARIAMAN (KOTA PARIAMAN)", "NM_JBT_UPD": "LAPAI JATI 3", "PROVINSI": "SUMATERA BARAT", "No_Prov_26": "06", "ID_Jbt_26": "0600611", "Kd_Ruas_26": "06048", "Suffix_26": null, "Nm_Ruas_26": "BY PASS PARIAMAN (KOTA PARIAMAN)", "Lintas_26": "NON LINTAS", "No_Jbt_26": "06.048.004.0", "Nm_Jbt_26": "LAPAI JATI 3", "Status_26": "N", "Fungsi_26": "A", "Lks_Dr_26": "PDG", "Lks_km_26": 54.32, "F_STA_26": "80", "Cadin_26": "PRM", "Pjg_Jbt_26": 7.0, "Btg_Pjg_26": 6.5, "Jml_Btg_26": "1", "Lb_Jl_Ms26": 6.49, "Lb_Jl_Kl26": 6.49, "Lb_Lalin26": 6.49, "Lb_Bh_Ki26": 1.3, "Lb_Bh_Ka26": 1.38, "Lb_Dr_Ki26": 0.0, "Lb_Dr_Ka26": 0.0, "Lb_Tr_Ki26": 0.0, "Lb_Tr_Ka26": 0.0, "Lb_TS_Ki26": 0.315, "Lb_TS_Ka26": 0.315, "Lb_Med_26": 0.0, "Lbr_Jbt_26": 9.8, "Bgn_Ats_26": "GTP", "Jns_Jbt_26": "STANDAR", "Thn_Bgn_26": "1996", "BA_26": "1", "LNT_26": "1", "BB_26": "0", "DAS_26": "1", "OP_26": "0", "UT_26": "0", "GR_26": "0", "LB_26": "0", "JBT_26": "1", "Tp_Lnts_26": "SUNGAI", "Dt_Lnts_26": "LURUS", "Pnangnn_26": "RUTIN", "Pmriksn_26": "RUTIN", "Pnglola_26": "BPJN SUMATERA BARAT", "Satkr_ID26": "693875", "PPK_Name26": "PPK 1.5", "Traffic_26": null, "VCR_26": "0.165", "AADT_26": null, "Tipe_Jb_26": null, "Lat_26": -0.61993998294399999, "Long_26": 100.14311981199999, "Tgl_Ins_26": "9\/28\/2020", "Ket_26": null }, "geometry": { "type": "Point", "coordinates": [ 100.143119811829933, -0.619939982943833 ] } },
{ "type": "Feature", "properties": { "KDRUAS_UPD": "06048", "NOJBT_UPD": "06.048.006.0", "NM_RUAS_UP": "BY PASS PARIAMAN (KOTA PARIAMAN)", "NM_JBT_UPD": "LAPAI JATI 1", "PROVINSI": "SUMATERA BARAT", "No_Prov_26": "06", "ID_Jbt_26": "0600613", "Kd_Ruas_26": "06048", "Suffix_26": null, "Nm_Ruas_26": "BY PASS PARIAMAN (KOTA PARIAMAN)", "Lintas_26": "NON LINTAS", "No_Jbt_26": "06.048.006.0", "Nm_Jbt_26": "LAPAI JATI 1", "Status_26": "N", "Fungsi_26": "A", "Lks_Dr_26": "PDG", "Lks_km_26": 54.87, "F_STA_26": "140", "Cadin_26": "PRM", "Pjg_Jbt_26": 7.4, "Btg_Pjg_26": 7.0, "Jml_Btg_26": "1", "Lb_Jl_Ms26": 19.2, "Lb_Jl_Kl26": 19.2, "Lb_Lalin26": 19.2, "Lb_Bh_Ki26": 1.26, "Lb_Bh_Ka26": 1.32, "Lb_Dr_Ki26": 0.0, "Lb_Dr_Ka26": 0.0, "Lb_Tr_Ki26": 0.0, "Lb_Tr_Ka26": 0.0, "Lb_TS_Ki26": 0.485, "Lb_TS_Ka26": 0.485, "Lb_Med_26": 0.0, "Lbr_Jbt_26": 22.75, "Bgn_Ats_26": "GTP", "Jns_Jbt_26": "STANDAR", "Thn_Bgn_26": "1996", "BA_26": "1", "LNT_26": "1", "BB_26": "1", "DAS_26": "1", "OP_26": "0", "UT_26": "0", "GR_26": "0", "LB_26": "0", "JBT_26": "1", "Tp_Lnts_26": "SUNGAI", "Dt_Lnts_26": "LURUS", "Pnangnn_26": "RUTIN", "Pmriksn_26": "RUTIN", "Pnglola_26": "BPJN SUMATERA BARAT", "Satkr_ID26": "693875", "PPK_Name26": "PPK 1.5", "Traffic_26": null, "VCR_26": "0.165", "AADT_26": null, "Tipe_Jb_26": null, "Lat_26": -0.61511302025000003, "Long_26": 100.140457153, "Tgl_Ins_26": "9\/30\/2020", "Ket_26": null }, "geometry": { "type": "Point", "coordinates": [ 100.140457153075204, -0.615113020249623 ] } },
{ "type": "Feature", "properties": { "KDRUAS_UPD": "06048", "NOJBT_UPD": "06.048.007.A", "NM_RUAS_UP": "BY PASS PARIAMAN (KOTA PARIAMAN)", "NM_JBT_UPD": "JATI A", "PROVINSI": "SUMATERA BARAT", "No_Prov_26": "06", "ID_Jbt_26": "0600614", "Kd_Ruas_26": "06048", "Suffix_26": null, "Nm_Ruas_26": "BY PASS PARIAMAN (KOTA PARIAMAN)", "Lintas_26": "NON LINTAS", "No_Jbt_26": "06.048.007.A", "Nm_Jbt_26": "JATI A", "Status_26": "N", "Fungsi_26": "A", "Lks_Dr_26": "PDG", "Lks_km_26": 55.07, "F_STA_26": "160", "Cadin_26": "PRM", "Pjg_Jbt_26": 41.5, "Btg_Pjg_26": 41.0, "Jml_Btg_26": "1", "Lb_Jl_Ms26": 6.65, "Lb_Jl_Kl26": 6.65, "Lb_Lalin26": 6.65, "Lb_Bh_Ki26": 0.32, "Lb_Bh_Ka26": 0.4, "Lb_Dr_Ki26": 0.0, "Lb_Dr_Ka26": 0.0, "Lb_Tr_Ki26": 0.8, "Lb_Tr_Ka26": 0.79, "Lb_TS_Ki26": 0.24, "Lb_TS_Ka26": 0.24, "Lb_Med_26": 0.0, "Lbr_Jbt_26": 9.44, "Bgn_Ats_26": "GPP", "Jns_Jbt_26": "STANDAR", "Thn_Bgn_26": "2005", "BA_26": "1", "LNT_26": "1", "BB_26": "1", "DAS_26": "1", "OP_26": "0", "UT_26": "0", "GR_26": "0", "LB_26": "0", "JBT_26": "1", "Tp_Lnts_26": "SUNGAI", "Dt_Lnts_26": "BERKELOK", "Pnangnn_26": "RUTIN", "Pmriksn_26": "RUTIN", "Pnglola_26": "BPJN SUMATERA BARAT", "Satkr_ID26": "693875", "PPK_Name26": "PPK 1.5", "Traffic_26": null, "VCR_26": "0.165", "AADT_26": null, "Tipe_Jb_26": null, "Lat_26": -0.61379199980099997, "Long_26": 100.139715, "Tgl_Ins_26": "9\/30\/2020", "Ket_26": null }, "geometry": { "type": "Point", "coordinates": [ 100.139715000147191, -0.613791999800924 ] } },
{ "type": "Feature", "properties": { "KDRUAS_UPD": "06048", "NOJBT_UPD": "06.048.007.B", "NM_RUAS_UP": "BY PASS PARIAMAN (KOTA PARIAMAN)", "NM_JBT_UPD": "JATI B", "PROVINSI": "SUMATERA BARAT", "No_Prov_26": "06", "ID_Jbt_26": "0600615", "Kd_Ruas_26": "06048", "Suffix_26": null, "Nm_Ruas_26": "BY PASS PARIAMAN (KOTA PARIAMAN)", "Lintas_26": "NON LINTAS", "No_Jbt_26": "06.048.007.B", "Nm_Jbt_26": "JATI B", "Status_26": "N", "Fungsi_26": "A", "Lks_Dr_26": "PDG", "Lks_km_26": 55.07, "F_STA_26": "160", "Cadin_26": "PRM", "Pjg_Jbt_26": 41.8, "Btg_Pjg_26": 41.0, "Jml_Btg_26": "1", "Lb_Jl_Ms26": 6.55, "Lb_Jl_Kl26": 6.55, "Lb_Lalin26": 6.55, "Lb_Bh_Ki26": 0.4, "Lb_Bh_Ka26": 0.51, "Lb_Dr_Ki26": 0.0, "Lb_Dr_Ka26": 0.0, "Lb_Tr_Ki26": 0.72, "Lb_Tr_Ka26": 0.78, "Lb_TS_Ki26": 0.24, "Lb_TS_Ka26": 0.24, "Lb_Med_26": 0.0, "Lbr_Jbt_26": 9.44, "Bgn_Ats_26": "GPP", "Jns_Jbt_26": "STANDAR", "Thn_Bgn_26": "2006", "BA_26": "2", "LNT_26": "1", "BB_26": "1", "DAS_26": "1", "OP_26": "0", "UT_26": "0", "GR_26": "0", "LB_26": "0", "JBT_26": "2", "Tp_Lnts_26": "SUNGAI", "Dt_Lnts_26": "BERKELOK", "Pnangnn_26": "RUTIN", "Pmriksn_26": "RUTIN", "Pnglola_26": "BPJN SUMATERA BARAT", "Satkr_ID26": "693875", "PPK_Name26": "PPK 1.5", "Traffic_26": null, "VCR_26": "0.165", "AADT_26": null, "Tipe_Jb_26": null, "Lat_26": -0.61339300028699995, "Long_26": 100.13969, "Tgl_Ins_26": "9\/30\/2020", "Ket_26": null }, "geometry": { "type": "Point", "coordinates": [ 100.139689999893619, -0.613393000286692 ] } },
{ "type": "Feature", "properties": { "KDRUAS_UPD": "06048", "NOJBT_UPD": "06.048.008.0", "NM_RUAS_UP": "BY PASS PARIAMAN (KOTA PARIAMAN)", "NM_JBT_UPD": "NAN TONGGA", "PROVINSI": "SUMATERA BARAT", "No_Prov_26": "06", "ID_Jbt_26": "0600616", "Kd_Ruas_26": "06048", "Suffix_26": null, "Nm_Ruas_26": "BY PASS PARIAMAN (KOTA PARIAMAN)", "Lintas_26": "NON LINTAS", "No_Jbt_26": "06.048.008.0", "Nm_Jbt_26": "NAN TONGGA", "Status_26": "N", "Fungsi_26": "A", "Lks_Dr_26": "PDG", "Lks_km_26": 56.67, "F_STA_26": "330", "Cadin_26": "PRM", "Pjg_Jbt_26": 9.1, "Btg_Pjg_26": 8.5, "Jml_Btg_26": "1", "Lb_Jl_Ms26": 12.35, "Lb_Jl_Kl26": 12.35, "Lb_Lalin26": 12.35, "Lb_Bh_Ki26": 0.8, "Lb_Bh_Ka26": 0.47, "Lb_Dr_Ki26": 0.0, "Lb_Dr_Ka26": 0.0, "Lb_Tr_Ki26": 1.27, "Lb_Tr_Ka26": 1.27, "Lb_TS_Ki26": 0.0, "Lb_TS_Ka26": 0.0, "Lb_Med_26": 3.75, "Lbr_Jbt_26": 19.91, "Bgn_Ats_26": "GTP", "Jns_Jbt_26": "STANDAR", "Thn_Bgn_26": "1999", "BA_26": "2", "LNT_26": "1", "BB_26": "1", "DAS_26": "2", "OP_26": "0", "UT_26": "0", "GR_26": "0", "LB_26": "0", "JBT_26": "2", "Tp_Lnts_26": "SUNGAI", "Dt_Lnts_26": "BERKELOK", "Pnangnn_26": "RUTIN", "Pmriksn_26": "RUTIN", "Pnglola_26": "BPJN SUMATERA BARAT", "Satkr_ID26": "693875", "PPK_Name26": "PPK 1.5", "Traffic_26": null, "VCR_26": "0.165", "AADT_26": null, "Tipe_Jb_26": null, "Lat_26": -0.60410398201299997, "Long_26": 100.12802124, "Tgl_Ins_26": "9\/30\/2020", "Ket_26": null }, "geometry": { "type": "Point", "coordinates": [ 100.128021239688508, -0.6041039820131 ] } },
{ "type": "Feature", "properties": { "KDRUAS_UPD": "06049", "NOJBT_UPD": "06.049.001.0", "NM_RUAS_UP": "TAPAN - BTS. JAMBI", "NM_JBT_UPD": "LANGGINANG", "PROVINSI": "SUMATERA BARAT", "No_Prov_26": "06", "ID_Jbt_26": "0600617", "Kd_Ruas_26": "06049", "Suffix_26": null, "Nm_Ruas_26": "TAPAN - BTS. JAMBI", "Lintas_26": "NON LINTAS", "No_Jbt_26": "06.049.001.0", "Nm_Jbt_26": "LANGGINANG", "Status_26": "N", "Fungsi_26": "A", "Lks_Dr_26": "PDG", "Lks_km_26": 217.2, "F_STA_26": "440", "Cadin_26": "PIN", "Pjg_Jbt_26": 12.9, "Btg_Pjg_26": 12.4, "Jml_Btg_26": "1", "Lb_Jl_Ms26": 6.0, "Lb_Jl_Kl26": 6.0, "Lb_Lalin26": 6.0, "Lb_Bh_Ki26": 0.35, "Lb_Bh_Ka26": 0.35, "Lb_Dr_Ki26": 0.0, "Lb_Dr_Ka26": 0.0, "Lb_Tr_Ki26": 0.42, "Lb_Tr_Ka26": 0.42, "Lb_TS_Ki26": 0.0, "Lb_TS_Ka26": 0.0, "Lb_Med_26": 0.0, "Lbr_Jbt_26": 7.54, "Bgn_Ats_26": "GTP", "Jns_Jbt_26": "STANDAR", "Thn_Bgn_26": "1985", "BA_26": "1", "LNT_26": "1", "BB_26": "1", "DAS_26": "0", "OP_26": "2", "UT_26": "0", "GR_26": "0", "LB_26": "0", "JBT_26": "2", "Tp_Lnts_26": "SUNGAI", "Dt_Lnts_26": "LURUS", "Pnangnn_26": "RUTIN", "Pmriksn_26": "DETAIL", "Pnglola_26": "BPJN SUMATERA BARAT", "Satkr_ID26": "693876", "PPK_Name26": "PPK 2.4", "Traffic_26": null, "VCR_26": "0.046", "AADT_26": null, "Tipe_Jb_26": null, "Lat_26": -2.1306319235200002, "Long_26": 101.11002349899999, "Tgl_Ins_26": "5\/14\/2026", "Ket_26": null }, "geometry": { "type": "Point", "coordinates": [ 101.110023498585633, -2.13063192352439 ] } },
{ "type": "Feature", "properties": { "KDRUAS_UPD": "06049", "NOJBT_UPD": "06.049.002.0", "NM_RUAS_UP": "TAPAN - BTS. JAMBI", "NM_JBT_UPD": "SUNGAI GAMBIR", "PROVINSI": "SUMATERA BARAT", "No_Prov_26": "06", "ID_Jbt_26": "0600618", "Kd_Ruas_26": "06049", "Suffix_26": null, "Nm_Ruas_26": "TAPAN - BTS. JAMBI", "Lintas_26": "NON LINTAS", "No_Jbt_26": "06.049.002.0", "Nm_Jbt_26": "SUNGAI GAMBIR", "Status_26": "N", "Fungsi_26": "A", "Lks_Dr_26": "PDG", "Lks_km_26": 218.7, "F_STA_26": "580", "Cadin_26": "PIN", "Pjg_Jbt_26": 56.4, "Btg_Pjg_26": 56.0, "Jml_Btg_26": "1", "Lb_Jl_Ms26": 6.0, "Lb_Jl_Kl26": 6.0, "Lb_Lalin26": 6.0, "Lb_Bh_Ki26": 0.3, "Lb_Bh_Ka26": 0.3, "Lb_Dr_Ki26": 0.0, "Lb_Dr_Ka26": 0.0, "Lb_Tr_Ki26": 0.46, "Lb_Tr_Ka26": 0.46, "Lb_TS_Ki26": 0.0, "Lb_TS_Ka26": 0.0, "Lb_Med_26": 0.0, "Lbr_Jbt_26": 7.52, "Bgn_Ats_26": "RBB", "Jns_Jbt_26": "STANDAR", "Thn_Bgn_26": "1992", "BA_26": "2", "LNT_26": "0", "BB_26": "2", "DAS_26": "1", "OP_26": "1", "UT_26": "1", "GR_26": "0", "LB_26": "0", "JBT_26": "2", "Tp_Lnts_26": "SUNGAI", "Dt_Lnts_26": "BERKELOK (MEANDER)", "Pnangnn_26": "RUTIN", "Pmriksn_26": "DETAIL", "Pnglola_26": "BPJN SUMATERA BARAT", "Satkr_ID26": "693876", "PPK_Name26": "PPK 2.4", "Traffic_26": null, "VCR_26": "0.046", "AADT_26": null, "Tipe_Jb_26": null, "Lat_26": -2.1252779958799999, "Long_26": 101.120506287, "Tgl_Ins_26": "5\/14\/2026", "Ket_26": null }, "geometry": { "type": "Point", "coordinates": [ 101.120506286835734, -2.125277995882755 ] } },
{ "type": "Feature", "properties": { "KDRUAS_UPD": "06049", "NOJBT_UPD": "06.049.003.0", "NM_RUAS_UP": "TAPAN - BTS. JAMBI", "NM_JBT_UPD": "PANADA", "PROVINSI": "SUMATERA BARAT", "No_Prov_26": "06", "ID_Jbt_26": "0600619", "Kd_Ruas_26": "06049", "Suffix_26": null, "Nm_Ruas_26": "TAPAN - BTS. JAMBI", "Lintas_26": "NON LINTAS", "No_Jbt_26": "06.049.003.0", "Nm_Jbt_26": "PANADA", "Status_26": "N", "Fungsi_26": "A", "Lks_Dr_26": "PDG", "Lks_km_26": 219.9, "F_STA_26": "760", "Cadin_26": "PIN", "Pjg_Jbt_26": 62.2, "Btg_Pjg_26": 31.1, "Jml_Btg_26": "2", "Lb_Jl_Ms26": 5.3, "Lb_Jl_Kl26": 5.3, "Lb_Lalin26": 5.3, "Lb_Bh_Ki26": 0.4, "Lb_Bh_Ka26": 0.4, "Lb_Dr_Ki26": 0.0, "Lb_Dr_Ka26": 0.0, "Lb_Tr_Ki26": 0.44, "Lb_Tr_Ka26": 0.44, "Lb_TS_Ki26": 0.0, "Lb_TS_Ka26": 0.0, "Lb_Med_26": 0.0, "Lbr_Jbt_26": 6.98, "Bgn_Ats_26": "RBR", "Jns_Jbt_26": "STANDAR", "Thn_Bgn_26": "1993", "BA_26": "2", "LNT_26": "2", "BB_26": "1", "DAS_26": "2", "OP_26": "1", "UT_26": "0", "GR_26": "0", "LB_26": "0", "JBT_26": "2", "Tp_Lnts_26": "SUNGAI", "Dt_Lnts_26": "BERKELOK (MEANDER) (MEANDER)", "Pnangnn_26": "BERKALA", "Pmriksn_26": "RUTIN", "Pnglola_26": "BPJN SUMATERA BARAT", "Satkr_ID26": "693876", "PPK_Name26": "PPK 2.4", "Traffic_26": null, "VCR_26": "0.046", "AADT_26": null, "Tipe_Jb_26": null, "Lat_26": -2.12315392491, "Long_26": 101.134925842, "Tgl_Ins_26": "6\/15\/2025", "Ket_26": null }, "geometry": { "type": "Point", "coordinates": [ 101.134925842054031, -2.123153924913652 ] } },
{ "type": "Feature", "properties": { "KDRUAS_UPD": "06049", "NOJBT_UPD": "06.049.004.0", "NM_RUAS_UP": "TAPAN - BTS. JAMBI", "NM_JBT_UPD": "LUBUK BEGALUNG", "PROVINSI": "SUMATERA BARAT", "No_Prov_26": "06", "ID_Jbt_26": "0600620", "Kd_Ruas_26": "06049", "Suffix_26": null, "Nm_Ruas_26": "TAPAN - BTS. JAMBI", "Lintas_26": "NON LINTAS", "No_Jbt_26": "06.049.004.0", "Nm_Jbt_26": "LUBUK BEGALUNG", "Status_26": "N", "Fungsi_26": "A", "Lks_Dr_26": "PDG", "Lks_km_26": 222.4, "F_STA_26": "1020", "Cadin_26": "PIN", "Pjg_Jbt_26": 12.8, "Btg_Pjg_26": 12.0, "Jml_Btg_26": "1", "Lb_Jl_Ms26": 7.0, "Lb_Jl_Kl26": 7.0, "Lb_Lalin26": 7.0, "Lb_Bh_Ki26": 0.0, "Lb_Bh_Ka26": 0.0, "Lb_Dr_Ki26": 0.0, "Lb_Dr_Ka26": 0.0, "Lb_Tr_Ki26": 0.85, "Lb_Tr_Ka26": 0.85, "Lb_TS_Ki26": 0.1, "Lb_TS_Ka26": 0.1, "Lb_Med_26": 0.0, "Lbr_Jbt_26": 8.9, "Bgn_Ats_26": "GTP", "Jns_Jbt_26": "STANDAR", "Thn_Bgn_26": "1994", "BA_26": "1", "LNT_26": "1", "BB_26": "1", "DAS_26": "2", "OP_26": "0", "UT_26": "0", "GR_26": "0", "LB_26": "0", "JBT_26": "2", "Tp_Lnts_26": "SUNGAI", "Dt_Lnts_26": "LURUS", "Pnangnn_26": "RUTIN", "Pmriksn_26": "RUTIN", "Pnglola_26": "BPJN SUMATERA BARAT", "Satkr_ID26": "693876", "PPK_Name26": "PPK 2.4", "Traffic_26": null, "VCR_26": "0.046", "AADT_26": null, "Tipe_Jb_26": null, "Lat_26": -2.1206080916899999, "Long_26": 101.15366363499999, "Tgl_Ins_26": "9\/25\/2020", "Ket_26": null }, "geometry": { "type": "Point", "coordinates": [ 101.153663635068767, -2.120608091690031 ] } },
{ "type": "Feature", "properties": { "KDRUAS_UPD": "06049", "NOJBT_UPD": "06.049.005.0", "NM_RUAS_UP": "TAPAN - BTS. JAMBI", "NM_JBT_UPD": "BATANG SIRIH 1", "PROVINSI": "SUMATERA BARAT", "No_Prov_26": "06", "ID_Jbt_26": "0600621", "Kd_Ruas_26": "06049", "Suffix_26": null, "Nm_Ruas_26": "TAPAN - BTS. JAMBI", "Lintas_26": "NON LINTAS", "No_Jbt_26": "06.049.005.0", "Nm_Jbt_26": "BATANG SIRIH 1", "Status_26": "N", "Fungsi_26": "A", "Lks_Dr_26": "PDG", "Lks_km_26": 224.0, "F_STA_26": "1180", "Cadin_26": "PIN", "Pjg_Jbt_26": 20.8, "Btg_Pjg_26": 20.0, "Jml_Btg_26": "1", "Lb_Jl_Ms26": 7.0, "Lb_Jl_Kl26": 7.0, "Lb_Lalin26": 7.0, "Lb_Bh_Ki26": 0.31, "Lb_Bh_Ka26": 0.31, "Lb_Dr_Ki26": 0.0, "Lb_Dr_Ka26": 0.0, "Lb_Tr_Ki26": 0.89, "Lb_Tr_Ka26": 0.89, "Lb_TS_Ki26": 0.35, "Lb_TS_Ka26": 0.35, "Lb_Med_26": 0.0, "Lbr_Jbt_26": 10.1, "Bgn_Ats_26": "GPP", "Jns_Jbt_26": "STANDAR", "Thn_Bgn_26": "2018", "BA_26": "2", "LNT_26": "1", "BB_26": "1", "DAS_26": "0", "OP_26": "1", "UT_26": "0", "GR_26": "0", "LB_26": "0", "JBT_26": "2", "Tp_Lnts_26": "SUNGAI", "Dt_Lnts_26": "LURUS", "Pnangnn_26": "RUTIN", "Pmriksn_26": "RUTIN", "Pnglola_26": "BPJN SUMATERA BARAT", "Satkr_ID26": "693876", "PPK_Name26": "PPK 2.4", "Traffic_26": null, "VCR_26": "0.046", "AADT_26": null, "Tipe_Jb_26": null, "Lat_26": -2.1283650402099998, "Long_26": 101.16493988000001, "Tgl_Ins_26": "8\/10\/2023", "Ket_26": null }, "geometry": { "type": "Point", "coordinates": [ 101.164939879871611, -2.128365040214362 ] } },
{ "type": "Feature", "properties": { "KDRUAS_UPD": "06049", "NOJBT_UPD": "06.049.006.0", "NM_RUAS_UP": "TAPAN - BTS. JAMBI", "NM_JBT_UPD": "BATANG SIRIH 2", "PROVINSI": "SUMATERA BARAT", "No_Prov_26": "06", "ID_Jbt_26": "0600622", "Kd_Ruas_26": "06049", "Suffix_26": null, "Nm_Ruas_26": "TAPAN - BTS. JAMBI", "Lintas_26": "NON LINTAS", "No_Jbt_26": "06.049.006.0", "Nm_Jbt_26": "BATANG SIRIH 2", "Status_26": "N", "Fungsi_26": "A", "Lks_Dr_26": "PDG", "Lks_km_26": 224.6, "F_STA_26": "1240", "Cadin_26": "PIN", "Pjg_Jbt_26": 12.8, "Btg_Pjg_26": 12.0, "Jml_Btg_26": "1", "Lb_Jl_Ms26": 7.0, "Lb_Jl_Kl26": 7.0, "Lb_Lalin26": 7.0, "Lb_Bh_Ki26": 0.0, "Lb_Bh_Ka26": 0.0, "Lb_Dr_Ki26": 0.0, "Lb_Dr_Ka26": 0.0, "Lb_Tr_Ki26": 0.9, "Lb_Tr_Ka26": 0.9, "Lb_TS_Ki26": 0.0, "Lb_TS_Ka26": 0.0, "Lb_Med_26": 0.0, "Lbr_Jbt_26": 8.8, "Bgn_Ats_26": "GTP", "Jns_Jbt_26": "STANDAR", "Thn_Bgn_26": "1994", "BA_26": "1", "LNT_26": "1", "BB_26": "2", "DAS_26": "1", "OP_26": "0", "UT_26": "0", "GR_26": "0", "LB_26": "0", "JBT_26": "2", "Tp_Lnts_26": "SUNGAI", "Dt_Lnts_26": "LURUS", "Pnangnn_26": "BERKALA", "Pmriksn_26": "RUTIN", "Pnglola_26": "BPJN SUMATERA BARAT", "Satkr_ID26": "693876", "PPK_Name26": "PPK 2.4", "Traffic_26": null, "VCR_26": "0.046", "AADT_26": null, "Tipe_Jb_26": null, "Lat_26": -2.13195991552, "Long_26": 101.16812133800002, "Tgl_Ins_26": "9\/25\/2020", "Ket_26": null }, "geometry": { "type": "Point", "coordinates": [ 101.168121337729588, -2.131959915517655 ] } },
{ "type": "Feature", "properties": { "KDRUAS_UPD": "06049", "NOJBT_UPD": "06.049.007.0", "NM_RUAS_UP": "TAPAN - BTS. JAMBI", "NM_JBT_UPD": "JANGKI AYAM", "PROVINSI": "SUMATERA BARAT", "No_Prov_26": "06", "ID_Jbt_26": "0600623", "Kd_Ruas_26": "06049", "Suffix_26": null, "Nm_Ruas_26": "TAPAN - BTS. JAMBI", "Lintas_26": "NON LINTAS", "No_Jbt_26": "06.049.007.0", "Nm_Jbt_26": "JANGKI AYAM", "Status_26": "N", "Fungsi_26": "A", "Lks_Dr_26": "PDG", "Lks_km_26": 226.8, "F_STA_26": "1460", "Cadin_26": "PIN", "Pjg_Jbt_26": 11.0, "Btg_Pjg_26": 10.5, "Jml_Btg_26": "1", "Lb_Jl_Ms26": 7.0, "Lb_Jl_Kl26": 7.0, "Lb_Lalin26": 7.0, "Lb_Bh_Ki26": 0.0, "Lb_Bh_Ka26": 0.0, "Lb_Dr_Ki26": 0.0, "Lb_Dr_Ka26": 0.0, "Lb_Tr_Ki26": 0.9, "Lb_Tr_Ka26": 0.9, "Lb_TS_Ki26": 0.1, "Lb_TS_Ka26": 0.1, "Lb_Med_26": 0.0, "Lbr_Jbt_26": 9.0, "Bgn_Ats_26": "GTP", "Jns_Jbt_26": "STANDAR", "Thn_Bgn_26": "1994", "BA_26": "1", "LNT_26": "1", "BB_26": "2", "DAS_26": "1", "OP_26": "0", "UT_26": "0", "GR_26": "0", "LB_26": "0", "JBT_26": "2", "Tp_Lnts_26": "SUNGAI", "Dt_Lnts_26": "LURUS", "Pnangnn_26": "RUTIN", "Pmriksn_26": "RUTIN", "Pnglola_26": "BPJN SUMATERA BARAT", "Satkr_ID26": "693876", "PPK_Name26": "PPK 2.4", "Traffic_26": null, "VCR_26": "0.046", "AADT_26": null, "Tipe_Jb_26": null, "Lat_26": -2.1314010624100002, "Long_26": 101.182395935, "Tgl_Ins_26": "9\/25\/2020", "Ket_26": null }, "geometry": { "type": "Point", "coordinates": [ 101.182395934824569, -2.131401062409054 ] } },
{ "type": "Feature", "properties": { "KDRUAS_UPD": "06049", "NOJBT_UPD": "06.049.008.0", "NM_RUAS_UP": "TAPAN - BTS. JAMBI", "NM_JBT_UPD": "PALAYANG TANANG", "PROVINSI": "SUMATERA BARAT", "No_Prov_26": "06", "ID_Jbt_26": "0600624", "Kd_Ruas_26": "06049", "Suffix_26": null, "Nm_Ruas_26": "TAPAN - BTS. JAMBI", "Lintas_26": "NON LINTAS", "No_Jbt_26": "06.049.008.0", "Nm_Jbt_26": "PALAYANG TANANG", "Status_26": "N", "Fungsi_26": "A", "Lks_Dr_26": "PDG", "Lks_km_26": 228.7, "F_STA_26": "1650", "Cadin_26": "PIN", "Pjg_Jbt_26": 17.0, "Btg_Pjg_26": 16.5, "Jml_Btg_26": "1", "Lb_Jl_Ms26": 7.6, "Lb_Jl_Kl26": 7.6, "Lb_Lalin26": 7.6, "Lb_Bh_Ki26": 0.28, "Lb_Bh_Ka26": 0.28, "Lb_Dr_Ki26": 0.0, "Lb_Dr_Ka26": 0.0, "Lb_Tr_Ki26": 0.96, "Lb_Tr_Ka26": 0.96, "Lb_TS_Ki26": 0.0, "Lb_TS_Ka26": 0.0, "Lb_Med_26": 0.0, "Lbr_Jbt_26": 10.08, "Bgn_Ats_26": "GTP", "Jns_Jbt_26": "STANDAR", "Thn_Bgn_26": "2018", "BA_26": "1", "LNT_26": "1", "BB_26": "1", "DAS_26": "1", "OP_26": "0", "UT_26": "0", "GR_26": "0", "LB_26": "0", "JBT_26": "1", "Tp_Lnts_26": "SUNGAI", "Dt_Lnts_26": "LURUS", "Pnangnn_26": "RUTIN", "Pmriksn_26": "RUTIN", "Pnglola_26": "BPJN SUMATERA BARAT", "Satkr_ID26": "693876", "PPK_Name26": "PPK 2.4", "Traffic_26": null, "VCR_26": "0.046", "AADT_26": null, "Tipe_Jb_26": null, "Lat_26": -2.1290791037200001, "Long_26": 101.196502686, "Tgl_Ins_26": "9\/25\/2020", "Ket_26": null }, "geometry": { "type": "Point", "coordinates": [ 101.196502686050167, -2.129079103717629 ] } },
{ "type": "Feature", "properties": { "KDRUAS_UPD": "06049", "NOJBT_UPD": "06.049.009.0", "NM_RUAS_UP": "TAPAN - BTS. JAMBI", "NM_JBT_UPD": "BATANG ASAHAN GADANG", "PROVINSI": "SUMATERA BARAT", "No_Prov_26": "06", "ID_Jbt_26": "0600625", "Kd_Ruas_26": "06049", "Suffix_26": null, "Nm_Ruas_26": "TAPAN - BTS. JAMBI", "Lintas_26": "NON LINTAS", "No_Jbt_26": "06.049.009.0", "Nm_Jbt_26": "BATANG ASAHAN GADANG", "Status_26": "N", "Fungsi_26": "A", "Lks_Dr_26": "PDG", "Lks_km_26": 229.55, "F_STA_26": "1740", "Cadin_26": "PIN", "Pjg_Jbt_26": 25.9, "Btg_Pjg_26": 25.4, "Jml_Btg_26": "1", "Lb_Jl_Ms26": 7.0, "Lb_Jl_Kl26": 7.0, "Lb_Lalin26": 7.0, "Lb_Bh_Ki26": 0.3, "Lb_Bh_Ka26": 0.3, "Lb_Dr_Ki26": 0.0, "Lb_Dr_Ka26": 0.0, "Lb_Tr_Ki26": 0.88, "Lb_Tr_Ka26": 0.88, "Lb_TS_Ki26": 0.47, "Lb_TS_Ka26": 0.47, "Lb_Med_26": 0.0, "Lbr_Jbt_26": 10.3, "Bgn_Ats_26": "GPP", "Jns_Jbt_26": "STANDAR", "Thn_Bgn_26": "2018", "BA_26": "1", "LNT_26": "1", "BB_26": "1", "DAS_26": "1", "OP_26": "0", "UT_26": "0", "GR_26": "0", "LB_26": "0", "JBT_26": "1", "Tp_Lnts_26": "SUNGAI", "Dt_Lnts_26": "LURUS", "Pnangnn_26": "RUTIN", "Pmriksn_26": "RUTIN", "Pnglola_26": "BPJN SUMATERA BARAT", "Satkr_ID26": "693876", "PPK_Name26": "PPK 2.4", "Traffic_26": null, "VCR_26": "0.046", "AADT_26": null, "Tipe_Jb_26": null, "Lat_26": -2.1246800420500001, "Long_26": 101.202308655, "Tgl_Ins_26": "9\/25\/2020", "Ket_26": null }, "geometry": { "type": "Point", "coordinates": [ 101.202308655220349, -2.124680042050272 ] } },
{ "type": "Feature", "properties": { "KDRUAS_UPD": "06049", "NOJBT_UPD": "06.049.010.0", "NM_RUAS_UP": "TAPAN - BTS. JAMBI", "NM_JBT_UPD": "BATANG ASAHAN KECIL", "PROVINSI": "SUMATERA BARAT", "No_Prov_26": "06", "ID_Jbt_26": "0600626", "Kd_Ruas_26": "06049", "Suffix_26": null, "Nm_Ruas_26": "TAPAN - BTS. JAMBI", "Lintas_26": "NON LINTAS", "No_Jbt_26": "06.049.010.0", "Nm_Jbt_26": "BATANG ASAHAN KECIL", "Status_26": "N", "Fungsi_26": "A", "Lks_Dr_26": "PDG", "Lks_km_26": 230.5, "F_STA_26": "1760", "Cadin_26": "PIN", "Pjg_Jbt_26": 16.8, "Btg_Pjg_26": 16.0, "Jml_Btg_26": "1", "Lb_Jl_Ms26": 7.0, "Lb_Jl_Kl26": 7.0, "Lb_Lalin26": 7.0, "Lb_Bh_Ki26": 0.41, "Lb_Bh_Ka26": 0.41, "Lb_Dr_Ki26": 0.0, "Lb_Dr_Ka26": 0.0, "Lb_Tr_Ki26": 1.2, "Lb_Tr_Ka26": 1.2, "Lb_TS_Ki26": 0.0, "Lb_TS_Ka26": 0.0, "Lb_Med_26": 0.0, "Lbr_Jbt_26": 10.22, "Bgn_Ats_26": "GTP", "Jns_Jbt_26": "STANDAR", "Thn_Bgn_26": "2018", "BA_26": "1", "LNT_26": "1", "BB_26": "1", "DAS_26": "2", "OP_26": "0", "UT_26": "0", "GR_26": "0", "LB_26": "0", "JBT_26": "2", "Tp_Lnts_26": "SUNGAI", "Dt_Lnts_26": "LURUS", "Pnangnn_26": "RUTIN", "Pmriksn_26": "RUTIN", "Pnglola_26": "BPJN SUMATERA BARAT", "Satkr_ID26": "693876", "PPK_Name26": "PPK 2.4", "Traffic_26": null, "VCR_26": "0.046", "AADT_26": null, "Tipe_Jb_26": null, "Lat_26": -2.1232490543, "Long_26": 101.20386505099999, "Tgl_Ins_26": "9\/25\/2020", "Ket_26": null }, "geometry": { "type": "Point", "coordinates": [ 101.203865050731565, -2.123249054300345 ] } },
{ "type": "Feature", "properties": { "KDRUAS_UPD": "06049", "NOJBT_UPD": "06.049.011.0", "NM_RUAS_UP": "TAPAN - BTS. JAMBI", "NM_JBT_UPD": "SUNGAI GADANG", "PROVINSI": "SUMATERA BARAT", "No_Prov_26": "06", "ID_Jbt_26": "0600627", "Kd_Ruas_26": "06049", "Suffix_26": null, "Nm_Ruas_26": "TAPAN - BTS. JAMBI", "Lintas_26": "NON LINTAS", "No_Jbt_26": "06.049.011.0", "Nm_Jbt_26": "SUNGAI GADANG", "Status_26": "N", "Fungsi_26": "A", "Lks_Dr_26": "PDG", "Lks_km_26": 231.5, "F_STA_26": "1870", "Cadin_26": "PIN", "Pjg_Jbt_26": 30.8, "Btg_Pjg_26": 30.3, "Jml_Btg_26": "1", "Lb_Jl_Ms26": 6.0, "Lb_Jl_Kl26": 6.0, "Lb_Lalin26": 6.0, "Lb_Bh_Ki26": 0.0, "Lb_Bh_Ka26": 0.0, "Lb_Dr_Ki26": 0.0, "Lb_Dr_Ka26": 0.0, "Lb_Tr_Ki26": 0.47, "Lb_Tr_Ka26": 0.47, "Lb_TS_Ki26": 0.0, "Lb_TS_Ka26": 0.0, "Lb_Med_26": 0.0, "Lbr_Jbt_26": 6.94, "Bgn_Ats_26": "GBP", "Jns_Jbt_26": "STANDAR", "Thn_Bgn_26": "1993", "BA_26": "1", "LNT_26": "1", "BB_26": "2", "DAS_26": "0", "OP_26": "0", "UT_26": "0", "GR_26": "0", "LB_26": "0", "JBT_26": "2", "Tp_Lnts_26": "SUNGAI", "Dt_Lnts_26": "LURUS", "Pnangnn_26": "RUTIN", "Pmriksn_26": "RUTIN", "Pnglola_26": "BPJN SUMATERA BARAT", "Satkr_ID26": "693876", "PPK_Name26": "PPK 2.4", "Traffic_26": null, "VCR_26": "0.046", "AADT_26": null, "Tipe_Jb_26": null, "Lat_26": -2.1231260297399999, "Long_26": 101.21182251, "Tgl_Ins_26": "8\/30\/2023", "Ket_26": null }, "geometry": { "type": "Point", "coordinates": [ 101.211822510300692, -2.123126029742423 ] } },
{ "type": "Feature", "properties": { "KDRUAS_UPD": "06049", "NOJBT_UPD": "06.049.012.0", "NM_RUAS_UP": "TAPAN - BTS. JAMBI", "NM_JBT_UPD": "SUNGAI SARIK", "PROVINSI": "SUMATERA BARAT", "No_Prov_26": "06", "ID_Jbt_26": "0600628", "Kd_Ruas_26": "06049", "Suffix_26": null, "Nm_Ruas_26": "TAPAN - BTS. JAMBI", "Lintas_26": "NON LINTAS", "No_Jbt_26": "06.049.012.0", "Nm_Jbt_26": "SUNGAI SARIK", "Status_26": "N", "Fungsi_26": "A", "Lks_Dr_26": "PDG", "Lks_km_26": 232.9, "F_STA_26": "2020", "Cadin_26": "PIN", "Pjg_Jbt_26": 25.9, "Btg_Pjg_26": 25.0, "Jml_Btg_26": "1", "Lb_Jl_Ms26": 6.8, "Lb_Jl_Kl26": 6.8, "Lb_Lalin26": 6.8, "Lb_Bh_Ki26": 0.45, "Lb_Bh_Ka26": 0.45, "Lb_Dr_Ki26": 0.0, "Lb_Dr_Ka26": 0.0, "Lb_Tr_Ki26": 0.9, "Lb_Tr_Ka26": 0.9, "Lb_TS_Ki26": 0.35, "Lb_TS_Ka26": 0.35, "Lb_Med_26": 0.0, "Lbr_Jbt_26": 10.2, "Bgn_Ats_26": "GPP", "Jns_Jbt_26": "STANDAR", "Thn_Bgn_26": "2018", "BA_26": "1", "LNT_26": "1", "BB_26": "1", "DAS_26": "1", "OP_26": "0", "UT_26": "0", "GR_26": "0", "LB_26": "0", "JBT_26": "1", "Tp_Lnts_26": "SUNGAI", "Dt_Lnts_26": "LURUS", "Pnangnn_26": "RUTIN", "Pmriksn_26": "RUTIN", "Pnglola_26": "BPJN SUMATERA BARAT", "Satkr_ID26": "693876", "PPK_Name26": "PPK 2.4", "Traffic_26": null, "VCR_26": "0.046", "AADT_26": null, "Tipe_Jb_26": null, "Lat_26": -2.1202909943299999, "Long_26": 101.22264099100001, "Tgl_Ins_26": "9\/25\/2020", "Ket_26": null }, "geometry": { "type": "Point", "coordinates": [ 101.222640991188825, -2.120290994333857 ] } },
{ "type": "Feature", "properties": { "KDRUAS_UPD": "06049", "NOJBT_UPD": "06.049.013.0", "NM_RUAS_UP": "TAPAN - BTS. JAMBI", "NM_JBT_UPD": "MUARO SAKO", "PROVINSI": "SUMATERA BARAT", "No_Prov_26": "06", "ID_Jbt_26": "0600629", "Kd_Ruas_26": "06049", "Suffix_26": null, "Nm_Ruas_26": "TAPAN - BTS. JAMBI", "Lintas_26": "NON LINTAS", "No_Jbt_26": "06.049.013.0", "Nm_Jbt_26": "MUARO SAKO", "Status_26": "N", "Fungsi_26": "A", "Lks_Dr_26": "PDG", "Lks_km_26": 233.6, "F_STA_26": "2100", "Cadin_26": "PIN", "Pjg_Jbt_26": 32.0, "Btg_Pjg_26": 31.5, "Jml_Btg_26": "1", "Lb_Jl_Ms26": 6.9, "Lb_Jl_Kl26": 6.9, "Lb_Lalin26": 6.9, "Lb_Bh_Ki26": 0.39, "Lb_Bh_Ka26": 0.39, "Lb_Dr_Ki26": 0.0, "Lb_Dr_Ka26": 0.0, "Lb_Tr_Ki26": 0.98, "Lb_Tr_Ka26": 0.98, "Lb_TS_Ki26": 0.33, "Lb_TS_Ka26": 0.33, "Lb_Med_26": 0.0, "Lbr_Jbt_26": 10.3, "Bgn_Ats_26": "GTP", "Jns_Jbt_26": "STANDAR", "Thn_Bgn_26": "2022", "BA_26": "2", "LNT_26": "1", "BB_26": "1", "DAS_26": "1", "OP_26": "0", "UT_26": "0", "GR_26": "0", "LB_26": "0", "JBT_26": "2", "Tp_Lnts_26": "SUNGAI", "Dt_Lnts_26": "BERKELOK (MEANDER)", "Pnangnn_26": "RUTIN", "Pmriksn_26": "RUTIN", "Pnglola_26": "BPJN SUMATERA BARAT", "Satkr_ID26": "693876", "PPK_Name26": "PPK 2.4", "Traffic_26": null, "VCR_26": "0.046", "AADT_26": null, "Tipe_Jb_26": null, "Lat_26": -2.1194291110600001, "Long_26": 101.228050232, "Tgl_Ins_26": "6\/11\/2021", "Ket_26": null }, "geometry": { "type": "Point", "coordinates": [ 101.228050231632949, -2.119429111064562 ] } },
{ "type": "Feature", "properties": { "KDRUAS_UPD": "06053", "NOJBT_UPD": "06.053.002.0", "NM_RUAS_UP": "LUBUK SELASIH - SURIAN", "NM_JBT_UPD": "BATANG SARASAH", "PROVINSI": "SUMATERA BARAT", "No_Prov_26": "06", "ID_Jbt_26": "0600631", "Kd_Ruas_26": "06053", "Suffix_26": null, "Nm_Ruas_26": "LUBUK SELASIH - SURIAN", "Lintas_26": "NON LINTAS", "No_Jbt_26": "06.053.002.0", "Nm_Jbt_26": "BATANG SARASAH", "Status_26": "N", "Fungsi_26": "A", "Lks_Dr_26": "PDG", "Lks_km_26": 43.2, "F_STA_26": "780", "Cadin_26": "SLK", "Pjg_Jbt_26": 8.5, "Btg_Pjg_26": 8.0, "Jml_Btg_26": "1", "Lb_Jl_Ms26": 6.2, "Lb_Jl_Kl26": 6.2, "Lb_Lalin26": 6.2, "Lb_Bh_Ki26": 0.4, "Lb_Bh_Ka26": 0.4, "Lb_Dr_Ki26": 0.0, "Lb_Dr_Ka26": 0.0, "Lb_Tr_Ki26": 0.2, "Lb_Tr_Ka26": 0.2, "Lb_TS_Ki26": 0.35, "Lb_TS_Ka26": 0.35, "Lb_Med_26": 0.0, "Lbr_Jbt_26": 8.1, "Bgn_Ats_26": "GTP", "Jns_Jbt_26": "STANDAR", "Thn_Bgn_26": "1992", "BA_26": "2", "LNT_26": "2", "BB_26": "2", "DAS_26": "0", "OP_26": "1", "UT_26": "0", "GR_26": "0", "LB_26": "0", "JBT_26": "2", "Tp_Lnts_26": "SUNGAI", "Dt_Lnts_26": "LURUS", "Pnangnn_26": "RUTIN", "Pmriksn_26": "DETAIL", "Pnglola_26": "BPJN SUMATERA BARAT", "Satkr_ID26": "693876", "PPK_Name26": "PPK 2.5", "Traffic_26": null, "VCR_26": "0.535", "AADT_26": null, "Tipe_Jb_26": null, "Lat_26": -0.99988502227599996, "Long_26": 100.635314941, "Tgl_Ins_26": "5\/22\/2026", "Ket_26": null }, "geometry": { "type": "Point", "coordinates": [ 100.635314941031766, -0.999885022275919 ] } },
{ "type": "Feature", "properties": { "KDRUAS_UPD": "06053", "NOJBT_UPD": "06.053.005.0", "NM_RUAS_UP": "LUBUK SELASIH - SURIAN", "NM_JBT_UPD": "ANDALEH", "PROVINSI": "SUMATERA BARAT", "No_Prov_26": "06", "ID_Jbt_26": "0600634", "Kd_Ruas_26": "06053", "Suffix_26": null, "Nm_Ruas_26": "LUBUK SELASIH - SURIAN", "Lintas_26": "NON LINTAS", "No_Jbt_26": "06.053.005.0", "Nm_Jbt_26": "ANDALEH", "Status_26": "N", "Fungsi_26": "A", "Lks_Dr_26": "PDG", "Lks_km_26": 47.9, "F_STA_26": "930", "Cadin_26": "SLK", "Pjg_Jbt_26": 13.0, "Btg_Pjg_26": 12.5, "Jml_Btg_26": "1", "Lb_Jl_Ms26": 8.2, "Lb_Jl_Kl26": 8.2, "Lb_Lalin26": 8.2, "Lb_Bh_Ki26": 0.0, "Lb_Bh_Ka26": 0.0, "Lb_Dr_Ki26": 0.0, "Lb_Dr_Ka26": 0.0, "Lb_Tr_Ki26": 0.8, "Lb_Tr_Ka26": 0.8, "Lb_TS_Ki26": 0.0, "Lb_TS_Ka26": 0.0, "Lb_Med_26": 0.0, "Lbr_Jbt_26": 9.8, "Bgn_Ats_26": "GTP", "Jns_Jbt_26": "STANDAR", "Thn_Bgn_26": "1970", "BA_26": "2", "LNT_26": "2", "BB_26": "1", "DAS_26": "2", "OP_26": "1", "UT_26": "0", "GR_26": "0", "LB_26": "0", "JBT_26": "2", "Tp_Lnts_26": "SUNGAI", "Dt_Lnts_26": "LURUS", "Pnangnn_26": "RUTIN", "Pmriksn_26": "RUTIN", "Pnglola_26": "BPJN SUMATERA BARAT", "Satkr_ID26": "693876", "PPK_Name26": "PPK 2.5", "Traffic_26": null, "VCR_26": "0.535", "AADT_26": null, "Tipe_Jb_26": null, "Lat_26": -1.00880801648, "Long_26": 100.640884399, "Tgl_Ins_26": "6\/24\/2024", "Ket_26": null }, "geometry": { "type": "Point", "coordinates": [ 100.640884399295658, -1.008808016476735 ] } },
{ "type": "Feature", "properties": { "KDRUAS_UPD": "06053", "NOJBT_UPD": "06.053.010.0", "NM_RUAS_UP": "LUBUK SELASIH - SURIAN", "NM_JBT_UPD": "SANGKAR PUYUH", "PROVINSI": "SUMATERA BARAT", "No_Prov_26": "06", "ID_Jbt_26": "0600639", "Kd_Ruas_26": "06053", "Suffix_26": null, "Nm_Ruas_26": "LUBUK SELASIH - SURIAN", "Lintas_26": "NON LINTAS", "No_Jbt_26": "06.053.010.0", "Nm_Jbt_26": "SANGKAR PUYUH", "Status_26": "N", "Fungsi_26": "A", "Lks_Dr_26": "PDG", "Lks_km_26": 48.7, "F_STA_26": "1340", "Cadin_26": "SLK", "Pjg_Jbt_26": 8.5, "Btg_Pjg_26": 8.0, "Jml_Btg_26": "1", "Lb_Jl_Ms26": 6.0, "Lb_Jl_Kl26": 6.0, "Lb_Lalin26": 6.0, "Lb_Bh_Ki26": 0.4, "Lb_Bh_Ka26": 0.4, "Lb_Dr_Ki26": 0.0, "Lb_Dr_Ka26": 0.0, "Lb_Tr_Ki26": 0.78, "Lb_Tr_Ka26": 0.78, "Lb_TS_Ki26": 0.12, "Lb_TS_Ka26": 0.12, "Lb_Med_26": 0.0, "Lbr_Jbt_26": 8.6, "Bgn_Ats_26": "GTP", "Jns_Jbt_26": "STANDAR", "Thn_Bgn_26": "1994", "BA_26": "1", "LNT_26": "1", "BB_26": "1", "DAS_26": "2", "OP_26": "1", "UT_26": "0", "GR_26": "0", "LB_26": "0", "JBT_26": "2", "Tp_Lnts_26": "SUNGAI", "Dt_Lnts_26": "LURUS", "Pnangnn_26": "RUTIN", "Pmriksn_26": "DETAIL", "Pnglola_26": "BPJN SUMATERA BARAT", "Satkr_ID26": "693876", "PPK_Name26": "PPK 2.5", "Traffic_26": null, "VCR_26": "0.535", "AADT_26": null, "Tipe_Jb_26": null, "Lat_26": -1.0250829459199999, "Long_26": 100.661804199, "Tgl_Ins_26": "5\/22\/2026", "Ket_26": null }, "geometry": { "type": "Point", "coordinates": [ 100.661804199404344, -1.025082945921156 ] } },
{ "type": "Feature", "properties": { "KDRUAS_UPD": "06053", "NOJBT_UPD": "06.053.011.0", "NM_RUAS_UP": "LUBUK SELASIH - SURIAN", "NM_JBT_UPD": "PELENGKUNG BETON 1", "PROVINSI": "SUMATERA BARAT", "No_Prov_26": "06", "ID_Jbt_26": "0600640", "Kd_Ruas_26": "06053", "Suffix_26": null, "Nm_Ruas_26": "LUBUK SELASIH - SURIAN", "Lintas_26": "NON LINTAS", "No_Jbt_26": "06.053.011.0", "Nm_Jbt_26": "PELENGKUNG BETON 1", "Status_26": "N", "Fungsi_26": "A", "Lks_Dr_26": "PDG", "Lks_km_26": 50.4, "F_STA_26": "1510", "Cadin_26": "SLK", "Pjg_Jbt_26": 6.5, "Btg_Pjg_26": 6.0, "Jml_Btg_26": "1", "Lb_Jl_Ms26": 6.0, "Lb_Jl_Kl26": 6.0, "Lb_Lalin26": 6.0, "Lb_Bh_Ki26": 0.38, "Lb_Bh_Ka26": 0.38, "Lb_Dr_Ki26": 0.0, "Lb_Dr_Ka26": 0.0, "Lb_Tr_Ki26": 0.8, "Lb_Tr_Ka26": 0.8, "Lb_TS_Ki26": 0.22, "Lb_TS_Ka26": 0.22, "Lb_Med_26": 0.0, "Lbr_Jbt_26": 8.8, "Bgn_Ats_26": "ETP", "Jns_Jbt_26": "STANDAR", "Thn_Bgn_26": "1974", "BA_26": "2", "LNT_26": "1", "BB_26": "0", "DAS_26": "1", "OP_26": "1", "UT_26": "0", "GR_26": "0", "LB_26": "0", "JBT_26": "2", "Tp_Lnts_26": "SUNGAI", "Dt_Lnts_26": "LURUS", "Pnangnn_26": "RUTIN", "Pmriksn_26": "RUTIN", "Pnglola_26": "BPJN SUMATERA BARAT", "Satkr_ID26": "693876", "PPK_Name26": "PPK 2.5", "Traffic_26": null, "VCR_26": "0.535", "AADT_26": null, "Tipe_Jb_26": null, "Lat_26": -1.0278600452, "Long_26": 100.674865723, "Tgl_Ins_26": "6\/22\/2024", "Ket_26": null }, "geometry": { "type": "Point", "coordinates": [ 100.674865722575078, -1.027860045204875 ] } },
{ "type": "Feature", "properties": { "KDRUAS_UPD": "06053", "NOJBT_UPD": "06.053.013.0", "NM_RUAS_UP": "LUBUK SELASIH - SURIAN", "NM_JBT_UPD": "PELENGKUNG BETON 3", "PROVINSI": "SUMATERA BARAT", "No_Prov_26": "06", "ID_Jbt_26": "0600642", "Kd_Ruas_26": "06053", "Suffix_26": null, "Nm_Ruas_26": "LUBUK SELASIH - SURIAN", "Lintas_26": "NON LINTAS", "No_Jbt_26": "06.053.013.0", "Nm_Jbt_26": "PELENGKUNG BETON 3", "Status_26": "N", "Fungsi_26": "A", "Lks_Dr_26": "PDG", "Lks_km_26": 52.8, "F_STA_26": "1770", "Cadin_26": "SLK", "Pjg_Jbt_26": 6.5, "Btg_Pjg_26": 6.0, "Jml_Btg_26": "1", "Lb_Jl_Ms26": 5.5, "Lb_Jl_Kl26": 5.5, "Lb_Lalin26": 5.5, "Lb_Bh_Ki26": 1.8, "Lb_Bh_Ka26": 1.8, "Lb_Dr_Ki26": 0.0, "Lb_Dr_Ka26": 0.0, "Lb_Tr_Ki26": 1.4, "Lb_Tr_Ka26": 1.4, "Lb_TS_Ki26": 0.25, "Lb_TS_Ka26": 0.25, "Lb_Med_26": 0.0, "Lbr_Jbt_26": 12.4, "Bgn_Ats_26": "ETP", "Jns_Jbt_26": "STANDAR", "Thn_Bgn_26": "1974", "BA_26": "2", "LNT_26": "0", "BB_26": "0", "DAS_26": "1", "OP_26": "2", "UT_26": "0", "GR_26": "0", "LB_26": "0", "JBT_26": "2", "Tp_Lnts_26": "SUNGAI", "Dt_Lnts_26": "LURUS", "Pnangnn_26": "RUTIN", "Pmriksn_26": "RUTIN", "Pnglola_26": "BPJN SUMATERA BARAT", "Satkr_ID26": "693876", "PPK_Name26": "PPK 2.5", "Traffic_26": null, "VCR_26": "0.535", "AADT_26": null, "Tipe_Jb_26": null, "Lat_26": -1.04058003464, "Long_26": 100.6925354, "Tgl_Ins_26": "6\/8\/2025", "Ket_26": null }, "geometry": { "type": "Point", "coordinates": [ 100.692535399788937, -1.040580034640811 ] } },
{ "type": "Feature", "properties": { "KDRUAS_UPD": "06053", "NOJBT_UPD": "06.053.014.0", "NM_RUAS_UP": "LUBUK SELASIH - SURIAN", "NM_JBT_UPD": "TALANG", "PROVINSI": "SUMATERA BARAT", "No_Prov_26": "06", "ID_Jbt_26": "0600643", "Kd_Ruas_26": "06053", "Suffix_26": null, "Nm_Ruas_26": "LUBUK SELASIH - SURIAN", "Lintas_26": "NON LINTAS", "No_Jbt_26": "06.053.014.0", "Nm_Jbt_26": "TALANG", "Status_26": "N", "Fungsi_26": "A", "Lks_Dr_26": "PDG", "Lks_km_26": 54.35, "F_STA_26": "1910", "Cadin_26": "SLK", "Pjg_Jbt_26": 15.8, "Btg_Pjg_26": 15.0, "Jml_Btg_26": "1", "Lb_Jl_Ms26": 5.8, "Lb_Jl_Kl26": 5.8, "Lb_Lalin26": 5.8, "Lb_Bh_Ki26": 0.93, "Lb_Bh_Ka26": 0.93, "Lb_Dr_Ki26": 0.0, "Lb_Dr_Ka26": 0.0, "Lb_Tr_Ki26": 1.3, "Lb_Tr_Ka26": 1.3, "Lb_TS_Ki26": 0.0, "Lb_TS_Ka26": 0.0, "Lb_Med_26": 0.0, "Lbr_Jbt_26": 10.26, "Bgn_Ats_26": "GTP", "Jns_Jbt_26": "STANDAR", "Thn_Bgn_26": "1992", "BA_26": "2", "LNT_26": "2", "BB_26": "1", "DAS_26": "1", "OP_26": "0", "UT_26": "0", "GR_26": "0", "LB_26": "0", "JBT_26": "2", "Tp_Lnts_26": "SUNGAI", "Dt_Lnts_26": "LURUS", "Pnangnn_26": "RUTIN", "Pmriksn_26": "DETAIL", "Pnglola_26": "BPJN SUMATERA BARAT", "Satkr_ID26": "693876", "PPK_Name26": "PPK 2.5", "Traffic_26": null, "VCR_26": "0.535", "AADT_26": null, "Tipe_Jb_26": null, "Lat_26": -1.0467089413599999, "Long_26": 100.702507019, "Tgl_Ins_26": "5\/22\/2026", "Ket_26": null }, "geometry": { "type": "Point", "coordinates": [ 100.702507018783933, -1.0467089413645 ] } },
{ "type": "Feature", "properties": { "KDRUAS_UPD": "06053", "NOJBT_UPD": "06.053.015.0", "NM_RUAS_UP": "LUBUK SELASIH - SURIAN", "NM_JBT_UPD": "PELENGKUNG BETON 4", "PROVINSI": "SUMATERA BARAT", "No_Prov_26": "06", "ID_Jbt_26": "0600644", "Kd_Ruas_26": "06053", "Suffix_26": null, "Nm_Ruas_26": "LUBUK SELASIH - SURIAN", "Lintas_26": "NON LINTAS", "No_Jbt_26": "06.053.015.0", "Nm_Jbt_26": "PELENGKUNG BETON 4", "Status_26": "N", "Fungsi_26": "A", "Lks_Dr_26": "PDG", "Lks_km_26": 54.95, "F_STA_26": "1970", "Cadin_26": "SLK", "Pjg_Jbt_26": 7.5, "Btg_Pjg_26": 7.0, "Jml_Btg_26": "1", "Lb_Jl_Ms26": 5.2, "Lb_Jl_Kl26": 5.2, "Lb_Lalin26": 5.2, "Lb_Bh_Ki26": 2.1, "Lb_Bh_Ka26": 2.1, "Lb_Dr_Ki26": 0.0, "Lb_Dr_Ka26": 0.0, "Lb_Tr_Ki26": 0.34, "Lb_Tr_Ka26": 0.34, "Lb_TS_Ki26": 0.0, "Lb_TS_Ka26": 0.0, "Lb_Med_26": 0.0, "Lbr_Jbt_26": 10.08, "Bgn_Ats_26": "ETP", "Jns_Jbt_26": "STANDAR", "Thn_Bgn_26": "1974", "BA_26": "2", "LNT_26": "0", "BB_26": "0", "DAS_26": "1", "OP_26": "2", "UT_26": "0", "GR_26": "0", "LB_26": "0", "JBT_26": "2", "Tp_Lnts_26": "SUNGAI", "Dt_Lnts_26": "LURUS", "Pnangnn_26": "RUTIN", "Pmriksn_26": "RUTIN", "Pnglola_26": "BPJN SUMATERA BARAT", "Satkr_ID26": "693876", "PPK_Name26": "PPK 2.5", "Traffic_26": null, "VCR_26": "0.535", "AADT_26": null, "Tipe_Jb_26": null, "Lat_26": -1.0473810434, "Long_26": 100.70750427199999, "Tgl_Ins_26": "6\/23\/2024", "Ket_26": null }, "geometry": { "type": "Point", "coordinates": [ 100.707504271704863, -1.047381043400378 ] } },
{ "type": "Feature", "properties": { "KDRUAS_UPD": "06053", "NOJBT_UPD": "06.053.017.0", "NM_RUAS_UP": "LUBUK SELASIH - SURIAN", "NM_JBT_UPD": "LURAH INGUH", "PROVINSI": "SUMATERA BARAT", "No_Prov_26": "06", "ID_Jbt_26": "0600646", "Kd_Ruas_26": "06053", "Suffix_26": null, "Nm_Ruas_26": "LUBUK SELASIH - SURIAN", "Lintas_26": "NON LINTAS", "No_Jbt_26": "06.053.017.0", "Nm_Jbt_26": "LURAH INGUH", "Status_26": "N", "Fungsi_26": "A", "Lks_Dr_26": "PDG", "Lks_km_26": 56.3, "F_STA_26": "2110", "Cadin_26": "SLK", "Pjg_Jbt_26": 10.3, "Btg_Pjg_26": 3.0, "Jml_Btg_26": "3", "Lb_Jl_Ms26": 6.9, "Lb_Jl_Kl26": 6.9, "Lb_Lalin26": 6.9, "Lb_Bh_Ki26": 0.0, "Lb_Bh_Ka26": 0.0, "Lb_Dr_Ki26": 0.0, "Lb_Dr_Ka26": 0.0, "Lb_Tr_Ki26": 1.47, "Lb_Tr_Ka26": 1.47, "Lb_TS_Ki26": 0.0, "Lb_TS_Ka26": 0.0, "Lb_Med_26": 0.0, "Lbr_Jbt_26": 9.84, "Bgn_Ats_26": "BTP", "Jns_Jbt_26": "STANDAR", "Thn_Bgn_26": "1995", "BA_26": "0", "LNT_26": "0", "BB_26": "0", "DAS_26": "1", "OP_26": "1", "UT_26": "0", "GR_26": "2", "LB_26": "0", "JBT_26": "2", "Tp_Lnts_26": "SUNGAI", "Dt_Lnts_26": "LURUS", "Pnangnn_26": "RUTIN", "Pmriksn_26": "DETAIL", "Pnglola_26": "BPJN SUMATERA BARAT", "Satkr_ID26": "693876", "PPK_Name26": "PPK 2.5", "Traffic_26": null, "VCR_26": "0.535", "AADT_26": null, "Tipe_Jb_26": null, "Lat_26": -1.05464899545, "Long_26": 100.715911865, "Tgl_Ins_26": "5\/22\/2026", "Ket_26": null }, "geometry": { "type": "Point", "coordinates": [ 100.715911865340388, -1.054648995454727 ] } },
{ "type": "Feature", "properties": { "KDRUAS_UPD": "06053", "NOJBT_UPD": "06.053.018.0", "NM_RUAS_UP": "LUBUK SELASIH - SURIAN", "NM_JBT_UPD": "MUARA DANAU", "PROVINSI": "SUMATERA BARAT", "No_Prov_26": "06", "ID_Jbt_26": "0600647", "Kd_Ruas_26": "06053", "Suffix_26": null, "Nm_Ruas_26": "LUBUK SELASIH - SURIAN", "Lintas_26": "NON LINTAS", "No_Jbt_26": "06.053.018.0", "Nm_Jbt_26": "MUARA DANAU", "Status_26": "N", "Fungsi_26": "A", "Lks_Dr_26": "PDG", "Lks_km_26": 65.5, "F_STA_26": "3020", "Cadin_26": "SLK", "Pjg_Jbt_26": 7.7, "Btg_Pjg_26": 7.2, "Jml_Btg_26": "1", "Lb_Jl_Ms26": 5.9, "Lb_Jl_Kl26": 5.9, "Lb_Lalin26": 5.9, "Lb_Bh_Ki26": 0.65, "Lb_Bh_Ka26": 0.65, "Lb_Dr_Ki26": 0.0, "Lb_Dr_Ka26": 0.0, "Lb_Tr_Ki26": 0.75, "Lb_Tr_Ka26": 0.75, "Lb_TS_Ki26": 0.0, "Lb_TS_Ka26": 0.0, "Lb_Med_26": 0.0, "Lbr_Jbt_26": 8.7, "Bgn_Ats_26": "GTP", "Jns_Jbt_26": "STANDAR", "Thn_Bgn_26": "1992", "BA_26": "2", "LNT_26": "0", "BB_26": "1", "DAS_26": "1", "OP_26": "1", "UT_26": "0", "GR_26": "0", "LB_26": "0", "JBT_26": "2", "Tp_Lnts_26": "SUNGAI", "Dt_Lnts_26": "LURUS", "Pnangnn_26": "RUTIN", "Pmriksn_26": "DETAIL", "Pnglola_26": "BPJN SUMATERA BARAT", "Satkr_ID26": "693876", "PPK_Name26": "PPK 2.5", "Traffic_26": null, "VCR_26": "0.535", "AADT_26": null, "Tipe_Jb_26": null, "Lat_26": -1.0769679545099999, "Long_26": 100.776489258, "Tgl_Ins_26": "5\/21\/2026", "Ket_26": null }, "geometry": { "type": "Point", "coordinates": [ 100.776489257673177, -1.076967954507438 ] } },
{ "type": "Feature", "properties": { "KDRUAS_UPD": "06053", "NOJBT_UPD": "06.053.019.0", "NM_RUAS_UP": "LUBUK SELASIH - SURIAN", "NM_JBT_UPD": "GELAGAH", "PROVINSI": "SUMATERA BARAT", "No_Prov_26": "06", "ID_Jbt_26": "0600648", "Kd_Ruas_26": "06053", "Suffix_26": null, "Nm_Ruas_26": "LUBUK SELASIH - SURIAN", "Lintas_26": "NON LINTAS", "No_Jbt_26": "06.053.019.0", "Nm_Jbt_26": "GELAGAH", "Status_26": "N", "Fungsi_26": "A", "Lks_Dr_26": "PDG", "Lks_km_26": 71.8, "F_STA_26": "3280", "Cadin_26": "SLK", "Pjg_Jbt_26": 26.3, "Btg_Pjg_26": 26.0, "Jml_Btg_26": "1", "Lb_Jl_Ms26": 7.0, "Lb_Jl_Kl26": 7.0, "Lb_Lalin26": 7.0, "Lb_Bh_Ki26": 0.0, "Lb_Bh_Ka26": 0.0, "Lb_Dr_Ki26": 0.0, "Lb_Dr_Ka26": 0.0, "Lb_Tr_Ki26": 1.25, "Lb_Tr_Ka26": 1.25, "Lb_TS_Ki26": 0.0, "Lb_TS_Ka26": 0.0, "Lb_Med_26": 0.0, "Lbr_Jbt_26": 9.5, "Bgn_Ats_26": "GTP", "Jns_Jbt_26": "STANDAR", "Thn_Bgn_26": "1992", "BA_26": "2", "LNT_26": "2", "BB_26": "2", "DAS_26": "2", "OP_26": "1", "UT_26": "0", "GR_26": "0", "LB_26": "0", "JBT_26": "2", "Tp_Lnts_26": "SUNGAI", "Dt_Lnts_26": "LURUS", "Pnangnn_26": "RUTIN", "Pmriksn_26": "DETAIL", "Pnglola_26": "BPJN SUMATERA BARAT", "Satkr_ID26": "693876", "PPK_Name26": "PPK 2.5", "Traffic_26": null, "VCR_26": "0.535", "AADT_26": null, "Tipe_Jb_26": null, "Lat_26": -1.09703505073, "Long_26": 100.78253173799999, "Tgl_Ins_26": "5\/29\/2026", "Ket_26": null }, "geometry": { "type": "Point", "coordinates": [ 100.782531737749537, -1.097035050726959 ] } },
{ "type": "Feature", "properties": { "KDRUAS_UPD": "06053", "NOJBT_UPD": "06.053.020.0", "NM_RUAS_UP": "LUBUK SELASIH - SURIAN", "NM_JBT_UPD": "LUBUK BATU GAJAH 1", "PROVINSI": "SUMATERA BARAT", "No_Prov_26": "06", "ID_Jbt_26": "0600649", "Kd_Ruas_26": "06053", "Suffix_26": null, "Nm_Ruas_26": "LUBUK SELASIH - SURIAN", "Lintas_26": "NON LINTAS", "No_Jbt_26": "06.053.020.0", "Nm_Jbt_26": "LUBUK BATU GAJAH 1", "Status_26": "N", "Fungsi_26": "A", "Lks_Dr_26": "PDG", "Lks_km_26": 78.2, "F_STA_26": "3940", "Cadin_26": "SLK", "Pjg_Jbt_26": 46.3, "Btg_Pjg_26": 46.0, "Jml_Btg_26": "1", "Lb_Jl_Ms26": 6.0, "Lb_Jl_Kl26": 6.0, "Lb_Lalin26": 6.0, "Lb_Bh_Ki26": 0.35, "Lb_Bh_Ka26": 0.35, "Lb_Dr_Ki26": 0.0, "Lb_Dr_Ka26": 0.0, "Lb_Tr_Ki26": 0.46, "Lb_Tr_Ka26": 0.46, "Lb_TS_Ki26": 0.0, "Lb_TS_Ka26": 0.0, "Lb_Med_26": 0.0, "Lbr_Jbt_26": 7.62, "Bgn_Ats_26": "RBA", "Jns_Jbt_26": "STANDAR", "Thn_Bgn_26": "1992", "BA_26": "2", "LNT_26": "0", "BB_26": "1", "DAS_26": "1", "OP_26": "1", "UT_26": "0", "GR_26": "0", "LB_26": "0", "JBT_26": "2", "Tp_Lnts_26": "SUNGAI", "Dt_Lnts_26": "LURUS", "Pnangnn_26": "RUTIN", "Pmriksn_26": "RUTIN", "Pnglola_26": "BPJN SUMATERA BARAT", "Satkr_ID26": "693876", "PPK_Name26": "PPK 2.5", "Traffic_26": null, "VCR_26": "0.535", "AADT_26": null, "Tipe_Jb_26": null, "Lat_26": -1.1305270196099999, "Long_26": 100.79889679, "Tgl_Ins_26": "6\/9\/2025", "Ket_26": null }, "geometry": { "type": "Point", "coordinates": [ 100.798896790054869, -1.130527019606234 ] } },
{ "type": "Feature", "properties": { "KDRUAS_UPD": "06053", "NOJBT_UPD": "06.053.021.0", "NM_RUAS_UP": "LUBUK SELASIH - SURIAN", "NM_JBT_UPD": "LUBUK BATU GAJAH 2", "PROVINSI": "SUMATERA BARAT", "No_Prov_26": "06", "ID_Jbt_26": "0600650", "Kd_Ruas_26": "06053", "Suffix_26": null, "Nm_Ruas_26": "LUBUK SELASIH - SURIAN", "Lintas_26": "NON LINTAS", "No_Jbt_26": "06.053.021.0", "Nm_Jbt_26": "LUBUK BATU GAJAH 2", "Status_26": "N", "Fungsi_26": "A", "Lks_Dr_26": "PDG", "Lks_km_26": 78.7, "F_STA_26": "4010", "Cadin_26": "SLK", "Pjg_Jbt_26": 16.8, "Btg_Pjg_26": 16.8, "Jml_Btg_26": "4", "Lb_Jl_Ms26": 6.6, "Lb_Jl_Kl26": 6.6, "Lb_Lalin26": 6.6, "Lb_Bh_Ki26": 0.4, "Lb_Bh_Ka26": 0.4, "Lb_Dr_Ki26": 0.0, "Lb_Dr_Ka26": 0.0, "Lb_Tr_Ki26": 0.46, "Lb_Tr_Ka26": 0.46, "Lb_TS_Ki26": 0.0, "Lb_TS_Ka26": 0.0, "Lb_Med_26": 0.0, "Lbr_Jbt_26": 8.32, "Bgn_Ats_26": "BTP", "Jns_Jbt_26": "STANDAR", "Thn_Bgn_26": "1992", "BA_26": "1", "LNT_26": "1", "BB_26": "0", "DAS_26": "2", "OP_26": "1", "UT_26": "0", "GR_26": "2", "LB_26": "0", "JBT_26": "2", "Tp_Lnts_26": "SUNGAI", "Dt_Lnts_26": "LURUS", "Pnangnn_26": "RUTIN", "Pmriksn_26": "DETAIL", "Pnglola_26": "BPJN SUMATERA BARAT", "Satkr_ID26": "693876", "PPK_Name26": "PPK 2.5", "Traffic_26": null, "VCR_26": "0.535", "AADT_26": null, "Tipe_Jb_26": null, "Lat_26": -1.13547003262, "Long_26": 100.802017212, "Tgl_Ins_26": "5\/21\/2026", "Ket_26": null }, "geometry": { "type": "Point", "coordinates": [ 100.802017211824932, -1.135470032615842 ] } },
{ "type": "Feature", "properties": { "KDRUAS_UPD": "06053", "NOJBT_UPD": "06.053.023.0", "NM_RUAS_UP": "LUBUK SELASIH - SURIAN", "NM_JBT_UPD": "KASIK BADORO", "PROVINSI": "SUMATERA BARAT", "No_Prov_26": "06", "ID_Jbt_26": "0600652", "Kd_Ruas_26": "06053", "Suffix_26": null, "Nm_Ruas_26": "LUBUK SELASIH - SURIAN", "Lintas_26": "NON LINTAS", "No_Jbt_26": "06.053.023.0", "Nm_Jbt_26": "KASIK BADORO", "Status_26": "N", "Fungsi_26": "A", "Lks_Dr_26": "PDG", "Lks_km_26": 82.9, "F_STA_26": "4400", "Cadin_26": "SLK", "Pjg_Jbt_26": 17.0, "Btg_Pjg_26": 16.5, "Jml_Btg_26": "1", "Lb_Jl_Ms26": 7.5, "Lb_Jl_Kl26": 7.5, "Lb_Lalin26": 7.5, "Lb_Bh_Ki26": 0.32, "Lb_Bh_Ka26": 0.32, "Lb_Dr_Ki26": 0.0, "Lb_Dr_Ka26": 0.0, "Lb_Tr_Ki26": 0.86, "Lb_Tr_Ka26": 0.86, "Lb_TS_Ki26": 0.0, "Lb_TS_Ka26": 0.0, "Lb_Med_26": 0.0, "Lbr_Jbt_26": 9.86, "Bgn_Ats_26": "GTP", "Jns_Jbt_26": "STANDAR", "Thn_Bgn_26": "2011", "BA_26": "2", "LNT_26": "2", "BB_26": "2", "DAS_26": "0", "OP_26": "2", "UT_26": "0", "GR_26": "0", "LB_26": "0", "JBT_26": "2", "Tp_Lnts_26": "SUNGAI", "Dt_Lnts_26": "LURUS", "Pnangnn_26": "RUTIN", "Pmriksn_26": "DETAIL", "Pnglola_26": "BPJN SUMATERA BARAT", "Satkr_ID26": "693876", "PPK_Name26": "PPK 2.5", "Traffic_26": null, "VCR_26": "0.535", "AADT_26": null, "Tipe_Jb_26": null, "Lat_26": -1.15500295133, "Long_26": 100.81940460200002, "Tgl_Ins_26": "5\/21\/2026", "Ket_26": null }, "geometry": { "type": "Point", "coordinates": [ 100.819404601741041, -1.155002951325116 ] } },
{ "type": "Feature", "properties": { "KDRUAS_UPD": "06053", "NOJBT_UPD": "06.053.024.0", "NM_RUAS_UP": "LUBUK SELASIH - SURIAN", "NM_JBT_UPD": "AIR AMPUH", "PROVINSI": "SUMATERA BARAT", "No_Prov_26": "06", "ID_Jbt_26": "0600653", "Kd_Ruas_26": "06053", "Suffix_26": null, "Nm_Ruas_26": "LUBUK SELASIH - SURIAN", "Lintas_26": "NON LINTAS", "No_Jbt_26": "06.053.024.0", "Nm_Jbt_26": "AIR AMPUH", "Status_26": "N", "Fungsi_26": "A", "Lks_Dr_26": "PDG", "Lks_km_26": 86.4, "F_STA_26": "4730", "Cadin_26": "SLK", "Pjg_Jbt_26": 6.0, "Btg_Pjg_26": 5.5, "Jml_Btg_26": "1", "Lb_Jl_Ms26": 6.1, "Lb_Jl_Kl26": 6.1, "Lb_Lalin26": 6.1, "Lb_Bh_Ki26": 0.0, "Lb_Bh_Ka26": 0.0, "Lb_Dr_Ki26": 0.3, "Lb_Dr_Ka26": 0.3, "Lb_Tr_Ki26": 1.1, "Lb_Tr_Ka26": 1.1, "Lb_TS_Ki26": 0.1, "Lb_TS_Ka26": 0.1, "Lb_Med_26": 0.0, "Lbr_Jbt_26": 9.1, "Bgn_Ats_26": "PTP", "Jns_Jbt_26": "STANDAR", "Thn_Bgn_26": "1994", "BA_26": "2", "LNT_26": "2", "BB_26": "2", "DAS_26": "0", "OP_26": "0", "UT_26": "0", "GR_26": "0", "LB_26": "0", "JBT_26": "2", "Tp_Lnts_26": "SUNGAI", "Dt_Lnts_26": "LURUS", "Pnangnn_26": "RUTIN", "Pmriksn_26": "DETAIL", "Pnglola_26": "BPJN SUMATERA BARAT", "Satkr_ID26": "693876", "PPK_Name26": "PPK 2.5", "Traffic_26": null, "VCR_26": "0.535", "AADT_26": null, "Tipe_Jb_26": null, "Lat_26": -1.1704380515699999, "Long_26": 100.833984375, "Tgl_Ins_26": "5\/21\/2026", "Ket_26": null }, "geometry": { "type": "Point", "coordinates": [ 100.833984374779106, -1.170438051574763 ] } },
{ "type": "Feature", "properties": { "KDRUAS_UPD": "06053", "NOJBT_UPD": "06.053.026.0", "NM_RUAS_UP": "LUBUK SELASIH - SURIAN", "NM_JBT_UPD": "TITIAN PANJANG", "PROVINSI": "SUMATERA BARAT", "No_Prov_26": "06", "ID_Jbt_26": "0600655", "Kd_Ruas_26": "06053", "Suffix_26": null, "Nm_Ruas_26": "LUBUK SELASIH - SURIAN", "Lintas_26": "NON LINTAS", "No_Jbt_26": "06.053.026.0", "Nm_Jbt_26": "TITIAN PANJANG", "Status_26": "N", "Fungsi_26": "A", "Lks_Dr_26": "PDG", "Lks_km_26": 88.7, "F_STA_26": "4940", "Cadin_26": "SLK", "Pjg_Jbt_26": 93.3, "Btg_Pjg_26": 46.75, "Jml_Btg_26": "2", "Lb_Jl_Ms26": 7.0, "Lb_Jl_Kl26": 7.0, "Lb_Lalin26": 7.0, "Lb_Bh_Ki26": 0.28, "Lb_Bh_Ka26": 0.28, "Lb_Dr_Ki26": 0.0, "Lb_Dr_Ka26": 0.0, "Lb_Tr_Ki26": 0.96, "Lb_Tr_Ka26": 0.96, "Lb_TS_Ki26": 0.0, "Lb_TS_Ka26": 0.0, "Lb_Med_26": 0.0, "Lbr_Jbt_26": 9.48, "Bgn_Ats_26": "RBA", "Jns_Jbt_26": "STANDAR", "Thn_Bgn_26": "1992", "BA_26": "2", "LNT_26": "2", "BB_26": "2", "DAS_26": "1", "OP_26": "0", "UT_26": "0", "GR_26": "0", "LB_26": "0", "JBT_26": "2", "Tp_Lnts_26": "SUNGAI", "Dt_Lnts_26": "BERKELOK (MEANDER)", "Pnangnn_26": "RUTIN", "Pmriksn_26": "DETAIL", "Pnglola_26": "BPJN SUMATERA BARAT", "Satkr_ID26": "693876", "PPK_Name26": "PPK 2.5", "Traffic_26": null, "VCR_26": "0.535", "AADT_26": null, "Tipe_Jb_26": null, "Lat_26": -1.1828969714199999, "Long_26": 100.84445953400001, "Tgl_Ins_26": "5\/21\/2026", "Ket_26": null }, "geometry": { "type": "Point", "coordinates": [ 100.844459534080272, -1.182896971418074 ] } },
{ "type": "Feature", "properties": { "KDRUAS_UPD": "06053", "NOJBT_UPD": "06.053.029.0", "NM_RUAS_UP": "LUBUK SELASIH - SURIAN", "NM_JBT_UPD": "BATANG LOLO", "PROVINSI": "SUMATERA BARAT", "No_Prov_26": "06", "ID_Jbt_26": "0600658", "Kd_Ruas_26": "06053", "Suffix_26": null, "Nm_Ruas_26": "LUBUK SELASIH - SURIAN", "Lintas_26": "NON LINTAS", "No_Jbt_26": "06.053.029.0", "Nm_Jbt_26": "BATANG LOLO", "Status_26": "N", "Fungsi_26": "A", "Lks_Dr_26": "PDG", "Lks_km_26": 92.2, "F_STA_26": "5290", "Cadin_26": "SLK", "Pjg_Jbt_26": 9.6, "Btg_Pjg_26": 9.0, "Jml_Btg_26": "1", "Lb_Jl_Ms26": 4.7, "Lb_Jl_Kl26": 4.7, "Lb_Lalin26": 4.7, "Lb_Bh_Ki26": 0.32, "Lb_Bh_Ka26": 0.32, "Lb_Dr_Ki26": 0.3, "Lb_Dr_Ka26": 0.3, "Lb_Tr_Ki26": 0.45, "Lb_Tr_Ka26": 0.45, "Lb_TS_Ki26": 0.0, "Lb_TS_Ka26": 0.0, "Lb_Med_26": 0.0, "Lbr_Jbt_26": 6.84, "Bgn_Ats_26": "GTP", "Jns_Jbt_26": "STANDAR", "Thn_Bgn_26": "1994", "BA_26": "2", "LNT_26": "2", "BB_26": "1", "DAS_26": "0", "OP_26": "1", "UT_26": "1", "GR_26": "0", "LB_26": "0", "JBT_26": "2", "Tp_Lnts_26": "SUNGAI", "Dt_Lnts_26": "LURUS", "Pnangnn_26": "BERKALA", "Pmriksn_26": "DETAIL", "Pnglola_26": "BPJN SUMATERA BARAT", "Satkr_ID26": "693876", "PPK_Name26": "PPK 2.5", "Traffic_26": null, "VCR_26": "0.535", "AADT_26": null, "Tipe_Jb_26": null, "Lat_26": -1.20615100866, "Long_26": 100.85160827599999, "Tgl_Ins_26": "5\/20\/2026", "Ket_26": null }, "geometry": { "type": "Point", "coordinates": [ 100.851608275601507, -1.206151008662061 ] } },
{ "type": "Feature", "properties": { "KDRUAS_UPD": "06053", "NOJBT_UPD": "06.053.030.0", "NM_RUAS_UP": "LUBUK SELASIH - SURIAN", "NM_JBT_UPD": "PISAU HILANG", "PROVINSI": "SUMATERA BARAT", "No_Prov_26": "06", "ID_Jbt_26": "0600659", "Kd_Ruas_26": "06053", "Suffix_26": null, "Nm_Ruas_26": "LUBUK SELASIH - SURIAN", "Lintas_26": "NON LINTAS", "No_Jbt_26": "06.053.030.0", "Nm_Jbt_26": "PISAU HILANG", "Status_26": "N", "Fungsi_26": "A", "Lks_Dr_26": "PDG", "Lks_km_26": 94.8, "F_STA_26": "5530", "Cadin_26": "SLK", "Pjg_Jbt_26": 12.9, "Btg_Pjg_26": 10.3, "Jml_Btg_26": "1", "Lb_Jl_Ms26": 5.6, "Lb_Jl_Kl26": 6.05, "Lb_Lalin26": 6.4, "Lb_Bh_Ki26": 1.0, "Lb_Bh_Ka26": 1.55, "Lb_Dr_Ki26": 0.2, "Lb_Dr_Ka26": 0.2, "Lb_Tr_Ki26": 0.5, "Lb_Tr_Ka26": 0.5, "Lb_TS_Ki26": 0.6, "Lb_TS_Ka26": 0.5, "Lb_Med_26": 0.0, "Lbr_Jbt_26": 11.45, "Bgn_Ats_26": "BTP", "Jns_Jbt_26": "STANDAR", "Thn_Bgn_26": "2025", "BA_26": "1", "LNT_26": "1", "BB_26": "1", "DAS_26": "0", "OP_26": "0", "UT_26": "0", "GR_26": "0", "LB_26": "0", "JBT_26": "1", "Tp_Lnts_26": "SUNGAI", "Dt_Lnts_26": "LURUS", "Pnangnn_26": "0", "Pmriksn_26": "DETAIL", "Pnglola_26": "BPJN SUMATERA BARAT", "Satkr_ID26": "693876", "PPK_Name26": "PPK 2.5", "Traffic_26": null, "VCR_26": "0.535", "AADT_26": null, "Tipe_Jb_26": null, "Lat_26": -1.22280597721, "Long_26": 100.86260223399999, "Tgl_Ins_26": "5\/20\/2026", "Ket_26": null }, "geometry": { "type": "Point", "coordinates": [ 100.862602234005976, -1.222805977214023 ] } },
{ "type": "Feature", "properties": { "KDRUAS_UPD": "06053", "NOJBT_UPD": "06.053.031.0", "NM_RUAS_UP": "LUBUK SELASIH - SURIAN", "NM_JBT_UPD": "SUNGAI INDARUNG", "PROVINSI": "SUMATERA BARAT", "No_Prov_26": "06", "ID_Jbt_26": "0600660", "Kd_Ruas_26": "06053", "Suffix_26": null, "Nm_Ruas_26": "LUBUK SELASIH - SURIAN", "Lintas_26": "NON LINTAS", "No_Jbt_26": "06.053.031.0", "Nm_Jbt_26": "SUNGAI INDARUNG", "Status_26": "N", "Fungsi_26": "A", "Lks_Dr_26": "PDG", "Lks_km_26": 97.5, "F_STA_26": "5810", "Cadin_26": "SLK", "Pjg_Jbt_26": 12.7, "Btg_Pjg_26": 12.2, "Jml_Btg_26": "1", "Lb_Jl_Ms26": 7.0, "Lb_Jl_Kl26": 7.0, "Lb_Lalin26": 7.0, "Lb_Bh_Ki26": 0.0, "Lb_Bh_Ka26": 0.0, "Lb_Dr_Ki26": 0.0, "Lb_Dr_Ka26": 0.0, "Lb_Tr_Ki26": 0.95, "Lb_Tr_Ka26": 0.95, "Lb_TS_Ki26": 0.0, "Lb_TS_Ka26": 0.0, "Lb_Med_26": 0.0, "Lbr_Jbt_26": 8.9, "Bgn_Ats_26": "GTP", "Jns_Jbt_26": "STANDAR", "Thn_Bgn_26": "1993", "BA_26": "2", "LNT_26": "1", "BB_26": "1", "DAS_26": "0", "OP_26": "1", "UT_26": "0", "GR_26": "0", "LB_26": "0", "JBT_26": "2", "Tp_Lnts_26": "SUNGAI", "Dt_Lnts_26": "LURUS", "Pnangnn_26": "RUTIN", "Pmriksn_26": "DETAIL", "Pnglola_26": "BPJN SUMATERA BARAT", "Satkr_ID26": "693876", "PPK_Name26": "PPK 2.5", "Traffic_26": null, "VCR_26": "0.535", "AADT_26": null, "Tipe_Jb_26": null, "Lat_26": -1.241459966, "Long_26": 100.87378692599998, "Tgl_Ins_26": "5\/20\/2026", "Ket_26": null }, "geometry": { "type": "Point", "coordinates": [ 100.8737869260259, -1.241459966004584 ] } },
{ "type": "Feature", "properties": { "KDRUAS_UPD": "06053", "NOJBT_UPD": "06.053.032.0", "NM_RUAS_UP": "LUBUK SELASIH - SURIAN", "NM_JBT_UPD": "KAYU MANANG", "PROVINSI": "SUMATERA BARAT", "No_Prov_26": "06", "ID_Jbt_26": "0600661", "Kd_Ruas_26": "06053", "Suffix_26": null, "Nm_Ruas_26": "LUBUK SELASIH - SURIAN", "Lintas_26": "NON LINTAS", "No_Jbt_26": "06.053.032.0", "Nm_Jbt_26": "KAYU MANANG", "Status_26": "N", "Fungsi_26": "A", "Lks_Dr_26": "PDG", "Lks_km_26": 98.65, "F_STA_26": "6140", "Cadin_26": "SLK", "Pjg_Jbt_26": 12.7, "Btg_Pjg_26": 12.2, "Jml_Btg_26": "1", "Lb_Jl_Ms26": 5.0, "Lb_Jl_Kl26": 5.0, "Lb_Lalin26": 5.0, "Lb_Bh_Ki26": 0.34, "Lb_Bh_Ka26": 0.34, "Lb_Dr_Ki26": 0.25, "Lb_Dr_Ka26": 0.25, "Lb_Tr_Ki26": 0.5, "Lb_Tr_Ka26": 0.5, "Lb_TS_Ki26": 0.16, "Lb_TS_Ka26": 0.16, "Lb_Med_26": 0.0, "Lbr_Jbt_26": 7.5, "Bgn_Ats_26": "GTP", "Jns_Jbt_26": "STANDAR", "Thn_Bgn_26": "1986", "BA_26": "2", "LNT_26": "1", "BB_26": "1", "DAS_26": "1", "OP_26": "1", "UT_26": "1", "GR_26": "0", "LB_26": "0", "JBT_26": "2", "Tp_Lnts_26": "SUNGAI", "Dt_Lnts_26": "LURUS", "Pnangnn_26": "RUTIN", "Pmriksn_26": "DETAIL", "Pnglola_26": "BPJN SUMATERA BARAT", "Satkr_ID26": "693876", "PPK_Name26": "PPK 2.5", "Traffic_26": null, "VCR_26": "0.535", "AADT_26": null, "Tipe_Jb_26": null, "Lat_26": -1.26154005563, "Long_26": 100.893409729, "Tgl_Ins_26": "5\/20\/2026", "Ket_26": null }, "geometry": { "type": "Point", "coordinates": [ 100.893409729275618, -1.261540055629041 ] } },
{ "type": "Feature", "properties": { "KDRUAS_UPD": "06053", "NOJBT_UPD": "06.053.033.0", "NM_RUAS_UP": "LUBUK SELASIH - SURIAN", "NM_JBT_UPD": "LIMAU HANTU", "PROVINSI": "SUMATERA BARAT", "No_Prov_26": "06", "ID_Jbt_26": "0600662", "Kd_Ruas_26": "06053", "Suffix_26": null, "Nm_Ruas_26": "LUBUK SELASIH - SURIAN", "Lintas_26": "NON LINTAS", "No_Jbt_26": "06.053.033.0", "Nm_Jbt_26": "LIMAU HANTU", "Status_26": "N", "Fungsi_26": "A", "Lks_Dr_26": "PDG", "Lks_km_26": 100.95, "F_STA_26": "6140", "Cadin_26": "SLK", "Pjg_Jbt_26": 16.9, "Btg_Pjg_26": 16.0, "Jml_Btg_26": "1", "Lb_Jl_Ms26": 6.7, "Lb_Jl_Kl26": 6.7, "Lb_Lalin26": 6.7, "Lb_Bh_Ki26": 0.44, "Lb_Bh_Ka26": 0.44, "Lb_Dr_Ki26": 0.0, "Lb_Dr_Ka26": 0.0, "Lb_Tr_Ki26": 0.84, "Lb_Tr_Ka26": 0.84, "Lb_TS_Ki26": 0.0, "Lb_TS_Ka26": 0.0, "Lb_Med_26": 0.0, "Lbr_Jbt_26": 9.26, "Bgn_Ats_26": "GTP", "Jns_Jbt_26": "STANDAR", "Thn_Bgn_26": "2012", "BA_26": "2", "LNT_26": "2", "BB_26": "1", "DAS_26": "1", "OP_26": "0", "UT_26": "0", "GR_26": "0", "LB_26": "0", "JBT_26": "2", "Tp_Lnts_26": "SUNGAI", "Dt_Lnts_26": "LURUS", "Pnangnn_26": "RUTIN", "Pmriksn_26": "DETAIL", "Pnglola_26": "BPJN SUMATERA BARAT", "Satkr_ID26": "693876", "PPK_Name26": "PPK 2.5", "Traffic_26": null, "VCR_26": "0.535", "AADT_26": null, "Tipe_Jb_26": null, "Lat_26": -1.261327982, "Long_26": 100.89347076399999, "Tgl_Ins_26": "5\/20\/2026", "Ket_26": null }, "geometry": { "type": "Point", "coordinates": [ 100.893470763564949, -1.261327982000694 ] } },
{ "type": "Feature", "properties": { "KDRUAS_UPD": "06053", "NOJBT_UPD": "06.053.034.0", "NM_RUAS_UP": "LUBUK SELASIH - SURIAN", "NM_JBT_UPD": "KUTI ANYIR", "PROVINSI": "SUMATERA BARAT", "No_Prov_26": "06", "ID_Jbt_26": "0600663", "Kd_Ruas_26": "06053", "Suffix_26": null, "Nm_Ruas_26": "LUBUK SELASIH - SURIAN", "Lintas_26": "NON LINTAS", "No_Jbt_26": "06.053.034.0", "Nm_Jbt_26": "KUTI ANYIR", "Status_26": "N", "Fungsi_26": "A", "Lks_Dr_26": "PDG", "Lks_km_26": 101.15, "F_STA_26": "6160", "Cadin_26": "SLK", "Pjg_Jbt_26": 17.1, "Btg_Pjg_26": 16.5, "Jml_Btg_26": "1", "Lb_Jl_Ms26": 11.0, "Lb_Jl_Kl26": 11.0, "Lb_Lalin26": 11.0, "Lb_Bh_Ki26": 0.32, "Lb_Bh_Ka26": 0.32, "Lb_Dr_Ki26": 0.0, "Lb_Dr_Ka26": 0.0, "Lb_Tr_Ki26": 0.5, "Lb_Tr_Ka26": 0.5, "Lb_TS_Ki26": 0.0, "Lb_TS_Ka26": 0.0, "Lb_Med_26": 0.0, "Lbr_Jbt_26": 12.64, "Bgn_Ats_26": "GPP", "Jns_Jbt_26": "STANDAR", "Thn_Bgn_26": "2018", "BA_26": "2", "LNT_26": "2", "BB_26": "2", "DAS_26": "2", "OP_26": "0", "UT_26": "1", "GR_26": "0", "LB_26": "0", "JBT_26": "2", "Tp_Lnts_26": "SUNGAI", "Dt_Lnts_26": "LURUS", "Pnangnn_26": "BERKALA", "Pmriksn_26": "DETAIL", "Pnglola_26": "BPJN SUMATERA BARAT", "Satkr_ID26": "693876", "PPK_Name26": "PPK 2.5", "Traffic_26": null, "VCR_26": "0.535", "AADT_26": null, "Tipe_Jb_26": null, "Lat_26": -1.26284599265, "Long_26": 100.89455413799999, "Tgl_Ins_26": "5\/20\/2026", "Ket_26": null }, "geometry": { "type": "Point", "coordinates": [ 100.894554138163016, -1.262845992648408 ] } },
{ "type": "Feature", "properties": { "KDRUAS_UPD": "06054", "NOJBT_UPD": "06.054.001.0", "NM_RUAS_UP": "SURIAN - SP. PADANG ARO", "NM_JBT_UPD": "BATANG KULAMBAN", "PROVINSI": "SUMATERA BARAT", "No_Prov_26": "06", "ID_Jbt_26": "0600664", "Kd_Ruas_26": "06054", "Suffix_26": null, "Nm_Ruas_26": "SURIAN - SP. PADANG ARO", "Lintas_26": "NON LINTAS", "No_Jbt_26": "06.054.001.0", "Nm_Jbt_26": "BATANG KULAMBAN", "Status_26": "N", "Fungsi_26": "A", "Lks_Dr_26": "PDG", "Lks_km_26": 101.98, "F_STA_26": "0", "Cadin_26": "SLS", "Pjg_Jbt_26": 20.5, "Btg_Pjg_26": 20.0, "Jml_Btg_26": "1", "Lb_Jl_Ms26": 6.0, "Lb_Jl_Kl26": 6.0, "Lb_Lalin26": 6.0, "Lb_Bh_Ki26": 0.0, "Lb_Bh_Ka26": 0.0, "Lb_Dr_Ki26": 0.0, "Lb_Dr_Ka26": 0.0, "Lb_Tr_Ki26": 0.5, "Lb_Tr_Ka26": 0.5, "Lb_TS_Ki26": 0.0, "Lb_TS_Ka26": 0.0, "Lb_Med_26": 0.0, "Lbr_Jbt_26": 7.0, "Bgn_Ats_26": "GBP", "Jns_Jbt_26": "STANDAR", "Thn_Bgn_26": "1992", "BA_26": "1", "LNT_26": "1", "BB_26": "1", "DAS_26": "1", "OP_26": "0", "UT_26": "0", "GR_26": "0", "LB_26": "0", "JBT_26": "1", "Tp_Lnts_26": "SUNGAI", "Dt_Lnts_26": "LURUS", "Pnangnn_26": "RUTIN", "Pmriksn_26": "TIDAK DISURVEI", "Pnglola_26": "BPJN SUMATERA BARAT", "Satkr_ID26": "693876", "PPK_Name26": "PPK 2.5", "Traffic_26": null, "VCR_26": "0.258", "AADT_26": null, "Tipe_Jb_26": null, "Lat_26": -1.26573395766, "Long_26": 100.90159606900001, "Tgl_Ins_26": "9\/22\/2020", "Ket_26": null }, "geometry": { "type": "Point", "coordinates": [ 100.90159606900346, -1.265733957655982 ] } },
{ "type": "Feature", "properties": { "KDRUAS_UPD": "06054", "NOJBT_UPD": "06.054.002.0", "NM_RUAS_UP": "SURIAN - SP. PADANG ARO", "NM_JBT_UPD": "BATANG SULITI", "PROVINSI": "SUMATERA BARAT", "No_Prov_26": "06", "ID_Jbt_26": "0600665", "Kd_Ruas_26": "06054", "Suffix_26": null, "Nm_Ruas_26": "SURIAN - SP. PADANG ARO", "Lintas_26": "NON LINTAS", "No_Jbt_26": "06.054.002.0", "Nm_Jbt_26": "BATANG SULITI", "Status_26": "N", "Fungsi_26": "A", "Lks_Dr_26": "PDG", "Lks_km_26": 105.6, "F_STA_26": "360", "Cadin_26": "SLS", "Pjg_Jbt_26": 25.6, "Btg_Pjg_26": 25.0, "Jml_Btg_26": "1", "Lb_Jl_Ms26": 5.1, "Lb_Jl_Kl26": 5.1, "Lb_Lalin26": 5.1, "Lb_Bh_Ki26": 0.3, "Lb_Bh_Ka26": 0.3, "Lb_Dr_Ki26": 0.2, "Lb_Dr_Ka26": 0.2, "Lb_Tr_Ki26": 0.43, "Lb_Tr_Ka26": 0.43, "Lb_TS_Ki26": 0.0, "Lb_TS_Ka26": 0.0, "Lb_Med_26": 0.0, "Lbr_Jbt_26": 6.96, "Bgn_Ats_26": "GBP", "Jns_Jbt_26": "STANDAR", "Thn_Bgn_26": "1992", "BA_26": "1", "LNT_26": "1", "BB_26": "1", "DAS_26": "1", "OP_26": "0", "UT_26": "0", "GR_26": "0", "LB_26": "0", "JBT_26": "1", "Tp_Lnts_26": "SUNGAI", "Dt_Lnts_26": "LURUS", "Pnangnn_26": "RUTIN", "Pmriksn_26": "TIDAK DISURVEI", "Pnglola_26": "BPJN SUMATERA BARAT", "Satkr_ID26": "693876", "PPK_Name26": "PPK 2.5", "Traffic_26": null, "VCR_26": "0.258", "AADT_26": null, "Tipe_Jb_26": null, "Lat_26": -1.2886929516200001, "Long_26": 100.92324066200001, "Tgl_Ins_26": "9\/22\/2020", "Ket_26": null }, "geometry": { "type": "Point", "coordinates": [ 100.923240662426679, -1.288692951618373 ] } },
{ "type": "Feature", "properties": { "KDRUAS_UPD": "06054", "NOJBT_UPD": "06.054.004.0", "NM_RUAS_UP": "SURIAN - SP. PADANG ARO", "NM_JBT_UPD": "BATANG SULITI KECIL", "PROVINSI": "SUMATERA BARAT", "No_Prov_26": "06", "ID_Jbt_26": "0600667", "Kd_Ruas_26": "06054", "Suffix_26": null, "Nm_Ruas_26": "SURIAN - SP. PADANG ARO", "Lintas_26": "NON LINTAS", "No_Jbt_26": "06.054.004.0", "Nm_Jbt_26": "BATANG SULITI KECIL", "Status_26": "N", "Fungsi_26": "A", "Lks_Dr_26": "PDG", "Lks_km_26": 106.95, "F_STA_26": "500", "Cadin_26": "SLS", "Pjg_Jbt_26": 8.9, "Btg_Pjg_26": 8.4, "Jml_Btg_26": "1", "Lb_Jl_Ms26": 5.7, "Lb_Jl_Kl26": 5.7, "Lb_Lalin26": 5.7, "Lb_Bh_Ki26": 0.0, "Lb_Bh_Ka26": 0.0, "Lb_Dr_Ki26": 0.13, "Lb_Dr_Ka26": 0.13, "Lb_Tr_Ki26": 0.83, "Lb_Tr_Ka26": 0.83, "Lb_TS_Ki26": 0.0, "Lb_TS_Ka26": 0.0, "Lb_Med_26": 0.0, "Lbr_Jbt_26": 7.62, "Bgn_Ats_26": "GTP", "Jns_Jbt_26": "STANDAR", "Thn_Bgn_26": "1992", "BA_26": "1", "LNT_26": "1", "BB_26": "1", "DAS_26": "2", "OP_26": "0", "UT_26": "0", "GR_26": "0", "LB_26": "0", "JBT_26": "2", "Tp_Lnts_26": "SUNGAI", "Dt_Lnts_26": "LURUS", "Pnangnn_26": "RUTIN", "Pmriksn_26": "RUTIN", "Pnglola_26": "BPJN SUMATERA BARAT", "Satkr_ID26": "693876", "PPK_Name26": "PPK 2.5", "Traffic_26": null, "VCR_26": "0.258", "AADT_26": null, "Tipe_Jb_26": null, "Lat_26": -1.2973170282599999, "Long_26": 100.93165588399999, "Tgl_Ins_26": "9\/23\/2020", "Ket_26": null }, "geometry": { "type": "Point", "coordinates": [ 100.931655884111819, -1.297317028258192 ] } },
{ "type": "Feature", "properties": { "KDRUAS_UPD": "06054", "NOJBT_UPD": "06.054.006.0", "NM_RUAS_UP": "SURIAN - SP. PADANG ARO", "NM_JBT_UPD": "TANJUNG LIMAU KAPEH", "PROVINSI": "SUMATERA BARAT", "No_Prov_26": "06", "ID_Jbt_26": "0600669", "Kd_Ruas_26": "06054", "Suffix_26": null, "Nm_Ruas_26": "SURIAN - SP. PADANG ARO", "Lintas_26": "NON LINTAS", "No_Jbt_26": "06.054.006.0", "Nm_Jbt_26": "TANJUNG LIMAU KAPEH", "Status_26": "N", "Fungsi_26": "A", "Lks_Dr_26": "PDG", "Lks_km_26": 108.95, "F_STA_26": "700", "Cadin_26": "SLS", "Pjg_Jbt_26": 10.1, "Btg_Pjg_26": 9.6, "Jml_Btg_26": "1", "Lb_Jl_Ms26": 6.0, "Lb_Jl_Kl26": 6.0, "Lb_Lalin26": 6.0, "Lb_Bh_Ki26": 0.0, "Lb_Bh_Ka26": 0.0, "Lb_Dr_Ki26": 0.0, "Lb_Dr_Ka26": 0.0, "Lb_Tr_Ki26": 0.46, "Lb_Tr_Ka26": 0.46, "Lb_TS_Ki26": 0.0, "Lb_TS_Ka26": 0.0, "Lb_Med_26": 0.0, "Lbr_Jbt_26": 6.92, "Bgn_Ats_26": "GTP", "Jns_Jbt_26": "STANDAR", "Thn_Bgn_26": "1993", "BA_26": "1", "LNT_26": "1", "BB_26": "2", "DAS_26": "2", "OP_26": "0", "UT_26": "0", "GR_26": "0", "LB_26": "0", "JBT_26": "2", "Tp_Lnts_26": "SUNGAI", "Dt_Lnts_26": "LURUS", "Pnangnn_26": "RUTIN", "Pmriksn_26": "RUTIN", "Pnglola_26": "BPJN SUMATERA BARAT", "Satkr_ID26": "693876", "PPK_Name26": "PPK 2.5", "Traffic_26": null, "VCR_26": "0.258", "AADT_26": null, "Tipe_Jb_26": null, "Lat_26": -1.31005299055, "Long_26": 100.940635681, "Tgl_Ins_26": "9\/23\/2020", "Ket_26": null }, "geometry": { "type": "Point", "coordinates": [ 100.940635681291724, -1.310052990553004 ] } },
{ "type": "Feature", "properties": { "KDRUAS_UPD": "06054", "NOJBT_UPD": "06.054.009.0", "NM_RUAS_UP": "SURIAN - SP. PADANG ARO", "NM_JBT_UPD": "MUARO PASAMPAN", "PROVINSI": "SUMATERA BARAT", "No_Prov_26": "06", "ID_Jbt_26": "0600672", "Kd_Ruas_26": "06054", "Suffix_26": null, "Nm_Ruas_26": "SURIAN - SP. PADANG ARO", "Lintas_26": "NON LINTAS", "No_Jbt_26": "06.054.009.0", "Nm_Jbt_26": "MUARO PASAMPAN", "Status_26": "N", "Fungsi_26": "A", "Lks_Dr_26": "PDG", "Lks_km_26": 111.3, "F_STA_26": "930", "Cadin_26": "SLS", "Pjg_Jbt_26": 20.6, "Btg_Pjg_26": 20.0, "Jml_Btg_26": "1", "Lb_Jl_Ms26": 6.0, "Lb_Jl_Kl26": 6.0, "Lb_Lalin26": 6.0, "Lb_Bh_Ki26": 0.0, "Lb_Bh_Ka26": 0.0, "Lb_Dr_Ki26": 0.0, "Lb_Dr_Ka26": 0.0, "Lb_Tr_Ki26": 0.45, "Lb_Tr_Ka26": 0.45, "Lb_TS_Ki26": 0.0, "Lb_TS_Ka26": 0.0, "Lb_Med_26": 0.0, "Lbr_Jbt_26": 6.9, "Bgn_Ats_26": "GBP", "Jns_Jbt_26": "STANDAR", "Thn_Bgn_26": "1993", "BA_26": "1", "LNT_26": "1", "BB_26": "1", "DAS_26": "1", "OP_26": "0", "UT_26": "0", "GR_26": "0", "LB_26": "0", "JBT_26": "1", "Tp_Lnts_26": "SUNGAI", "Dt_Lnts_26": "LURUS", "Pnangnn_26": "RUTIN", "Pmriksn_26": "TIDAK DISURVEI", "Pnglola_26": "BPJN SUMATERA BARAT", "Satkr_ID26": "693876", "PPK_Name26": "PPK 2.5", "Traffic_26": null, "VCR_26": "0.258", "AADT_26": null, "Tipe_Jb_26": null, "Lat_26": -1.32493805914, "Long_26": 100.951347351, "Tgl_Ins_26": "9\/23\/2020", "Ket_26": null }, "geometry": { "type": "Point", "coordinates": [ 100.951347350599804, -1.324938059144074 ] } },
{ "type": "Feature", "properties": { "KDRUAS_UPD": "06054", "NOJBT_UPD": "06.054.013.0", "NM_RUAS_UP": "SURIAN - SP. PADANG ARO", "NM_JBT_UPD": "SUNGAI KALU", "PROVINSI": "SUMATERA BARAT", "No_Prov_26": "06", "ID_Jbt_26": "0600676", "Kd_Ruas_26": "06054", "Suffix_26": null, "Nm_Ruas_26": "SURIAN - SP. PADANG ARO", "Lintas_26": "NON LINTAS", "No_Jbt_26": "06.054.013.0", "Nm_Jbt_26": "SUNGAI KALU", "Status_26": "N", "Fungsi_26": "A", "Lks_Dr_26": "PDG", "Lks_km_26": 114.4, "F_STA_26": "1220", "Cadin_26": "SLS", "Pjg_Jbt_26": 20.5, "Btg_Pjg_26": 20.0, "Jml_Btg_26": "1", "Lb_Jl_Ms26": 6.0, "Lb_Jl_Kl26": 6.0, "Lb_Lalin26": 6.0, "Lb_Bh_Ki26": 0.0, "Lb_Bh_Ka26": 0.0, "Lb_Dr_Ki26": 0.0, "Lb_Dr_Ka26": 0.0, "Lb_Tr_Ki26": 0.5, "Lb_Tr_Ka26": 0.5, "Lb_TS_Ki26": 0.0, "Lb_TS_Ka26": 0.0, "Lb_Med_26": 0.0, "Lbr_Jbt_26": 7.0, "Bgn_Ats_26": "GBP", "Jns_Jbt_26": "STANDAR", "Thn_Bgn_26": "1993", "BA_26": "2", "LNT_26": "1", "BB_26": "0", "DAS_26": "0", "OP_26": "0", "UT_26": "1", "GR_26": "0", "LB_26": "0", "JBT_26": "2", "Tp_Lnts_26": "SUNGAI", "Dt_Lnts_26": "LURUS", "Pnangnn_26": "RUTIN", "Pmriksn_26": "RUTIN", "Pnglola_26": "BPJN SUMATERA BARAT", "Satkr_ID26": "693876", "PPK_Name26": "PPK 2.5", "Traffic_26": null, "VCR_26": "0.258", "AADT_26": null, "Tipe_Jb_26": null, "Lat_26": -1.34519100206, "Long_26": 100.96528625500001, "Tgl_Ins_26": "8\/11\/2023", "Ket_26": null }, "geometry": { "type": "Point", "coordinates": [ 100.965286255056697, -1.345191002063075 ] } },
{ "type": "Feature", "properties": { "KDRUAS_UPD": "06054", "NOJBT_UPD": "06.054.015.0", "NM_RUAS_UP": "SURIAN - SP. PADANG ARO", "NM_JBT_UPD": "SUNGAI MANAU", "PROVINSI": "SUMATERA BARAT", "No_Prov_26": "06", "ID_Jbt_26": "0600678", "Kd_Ruas_26": "06054", "Suffix_26": null, "Nm_Ruas_26": "SURIAN - SP. PADANG ARO", "Lintas_26": "NON LINTAS", "No_Jbt_26": "06.054.015.0", "Nm_Jbt_26": "SUNGAI MANAU", "Status_26": "N", "Fungsi_26": "A", "Lks_Dr_26": "PDG", "Lks_km_26": 118.6, "F_STA_26": "1650", "Cadin_26": "SLS", "Pjg_Jbt_26": 20.4, "Btg_Pjg_26": 20.0, "Jml_Btg_26": "1", "Lb_Jl_Ms26": 6.0, "Lb_Jl_Kl26": 6.0, "Lb_Lalin26": 6.0, "Lb_Bh_Ki26": 0.0, "Lb_Bh_Ka26": 0.0, "Lb_Dr_Ki26": 0.0, "Lb_Dr_Ka26": 0.0, "Lb_Tr_Ki26": 0.45, "Lb_Tr_Ka26": 0.45, "Lb_TS_Ki26": 0.0, "Lb_TS_Ka26": 0.0, "Lb_Med_26": 0.0, "Lbr_Jbt_26": 6.9, "Bgn_Ats_26": "GBP", "Jns_Jbt_26": "STANDAR", "Thn_Bgn_26": "1993", "BA_26": "2", "LNT_26": "2", "BB_26": "0", "DAS_26": "0", "OP_26": "1", "UT_26": "1", "GR_26": "0", "LB_26": "0", "JBT_26": "2", "Tp_Lnts_26": "SUNGAI", "Dt_Lnts_26": "LURUS", "Pnangnn_26": "RUTIN", "Pmriksn_26": "RUTIN", "Pnglola_26": "BPJN SUMATERA BARAT", "Satkr_ID26": "693876", "PPK_Name26": "PPK 2.5", "Traffic_26": null, "VCR_26": "0.258", "AADT_26": null, "Tipe_Jb_26": null, "Lat_26": -1.3753160234199999, "Long_26": 100.978149414, "Tgl_Ins_26": "8\/11\/2023", "Ket_26": null }, "geometry": { "type": "Point", "coordinates": [ 100.978149413864401, -1.375316023415678 ] } },
{ "type": "Feature", "properties": { "KDRUAS_UPD": "06054", "NOJBT_UPD": "06.054.016.0", "NM_RUAS_UP": "SURIAN - SP. PADANG ARO", "NM_JBT_UPD": "SUNGAI IMPUH", "PROVINSI": "SUMATERA BARAT", "No_Prov_26": "06", "ID_Jbt_26": "0600679", "Kd_Ruas_26": "06054", "Suffix_26": null, "Nm_Ruas_26": "SURIAN - SP. PADANG ARO", "Lintas_26": "NON LINTAS", "No_Jbt_26": "06.054.016.0", "Nm_Jbt_26": "SUNGAI IMPUH", "Status_26": "N", "Fungsi_26": "A", "Lks_Dr_26": "PDG", "Lks_km_26": 120.98, "F_STA_26": "1900", "Cadin_26": "SLS", "Pjg_Jbt_26": 16.0, "Btg_Pjg_26": 15.5, "Jml_Btg_26": "1", "Lb_Jl_Ms26": 5.5, "Lb_Jl_Kl26": 5.5, "Lb_Lalin26": 5.5, "Lb_Bh_Ki26": 0.45, "Lb_Bh_Ka26": 0.45, "Lb_Dr_Ki26": 0.0, "Lb_Dr_Ka26": 0.0, "Lb_Tr_Ki26": 0.47, "Lb_Tr_Ka26": 0.47, "Lb_TS_Ki26": 0.23, "Lb_TS_Ka26": 0.23, "Lb_Med_26": 0.0, "Lbr_Jbt_26": 7.8, "Bgn_Ats_26": "GTP", "Jns_Jbt_26": "STANDAR", "Thn_Bgn_26": "1993", "BA_26": "0", "LNT_26": "0", "BB_26": "0", "DAS_26": "2", "OP_26": "0", "UT_26": "0", "GR_26": "0", "LB_26": "0", "JBT_26": "2", "Tp_Lnts_26": "SUNGAI", "Dt_Lnts_26": "LURUS", "Pnangnn_26": "RUTIN", "Pmriksn_26": "RUTIN", "Pnglola_26": "BPJN SUMATERA BARAT", "Satkr_ID26": "693876", "PPK_Name26": "PPK 2.5", "Traffic_26": null, "VCR_26": "0.258", "AADT_26": null, "Tipe_Jb_26": null, "Lat_26": -1.391682029, "Long_26": 100.98921203599998, "Tgl_Ins_26": "8\/11\/2023", "Ket_26": null }, "geometry": { "type": "Point", "coordinates": [ 100.9892120364064, -1.391682029002368 ] } },
{ "type": "Feature", "properties": { "KDRUAS_UPD": "06054", "NOJBT_UPD": "06.054.018.0", "NM_RUAS_UP": "SURIAN - SP. PADANG ARO", "NM_JBT_UPD": "BATANG LIMPAUNG", "PROVINSI": "SUMATERA BARAT", "No_Prov_26": "06", "ID_Jbt_26": "0600681", "Kd_Ruas_26": "06054", "Suffix_26": null, "Nm_Ruas_26": "SURIAN - SP. PADANG ARO", "Lintas_26": "NON LINTAS", "No_Jbt_26": "06.054.018.0", "Nm_Jbt_26": "BATANG LIMPAUNG", "Status_26": "N", "Fungsi_26": "A", "Lks_Dr_26": "PDG", "Lks_km_26": 124.03, "F_STA_26": "2210", "Cadin_26": "SLS", "Pjg_Jbt_26": 20.5, "Btg_Pjg_26": 20.0, "Jml_Btg_26": "1", "Lb_Jl_Ms26": 7.0, "Lb_Jl_Kl26": 7.0, "Lb_Lalin26": 7.0, "Lb_Bh_Ki26": 0.0, "Lb_Bh_Ka26": 0.0, "Lb_Dr_Ki26": 0.0, "Lb_Dr_Ka26": 0.0, "Lb_Tr_Ki26": 1.28, "Lb_Tr_Ka26": 1.28, "Lb_TS_Ki26": 0.0, "Lb_TS_Ka26": 0.0, "Lb_Med_26": 0.0, "Lbr_Jbt_26": 9.56, "Bgn_Ats_26": "GBP", "Jns_Jbt_26": "STANDAR", "Thn_Bgn_26": "1993", "BA_26": "2", "LNT_26": "1", "BB_26": "1", "DAS_26": "1", "OP_26": "0", "UT_26": "0", "GR_26": "0", "LB_26": "0", "JBT_26": "2", "Tp_Lnts_26": "SUNGAI", "Dt_Lnts_26": "LURUS", "Pnangnn_26": "RUTIN", "Pmriksn_26": "RUTIN", "Pnglola_26": "BPJN SUMATERA BARAT", "Satkr_ID26": "693876", "PPK_Name26": "PPK 2.5", "Traffic_26": null, "VCR_26": "0.258", "AADT_26": null, "Tipe_Jb_26": null, "Lat_26": -1.4153870339800001, "Long_26": 101.000259399, "Tgl_Ins_26": "9\/23\/2020", "Ket_26": null }, "geometry": { "type": "Point", "coordinates": [ 101.000259399251945, -1.415387033984359 ] } },
{ "type": "Feature", "properties": { "KDRUAS_UPD": "06054", "NOJBT_UPD": "06.054.019.0", "NM_RUAS_UP": "SURIAN - SP. PADANG ARO", "NM_JBT_UPD": "SUNGAI LOLO KECIL", "PROVINSI": "SUMATERA BARAT", "No_Prov_26": "06", "ID_Jbt_26": "0600682", "Kd_Ruas_26": "06054", "Suffix_26": null, "Nm_Ruas_26": "SURIAN - SP. PADANG ARO", "Lintas_26": "NON LINTAS", "No_Jbt_26": "06.054.019.0", "Nm_Jbt_26": "SUNGAI LOLO KECIL", "Status_26": "N", "Fungsi_26": "A", "Lks_Dr_26": "PDG", "Lks_km_26": 125.25, "F_STA_26": "2330", "Cadin_26": "SLS", "Pjg_Jbt_26": 20.6, "Btg_Pjg_26": 20.0, "Jml_Btg_26": "1", "Lb_Jl_Ms26": 6.1, "Lb_Jl_Kl26": 6.1, "Lb_Lalin26": 6.1, "Lb_Bh_Ki26": 0.39, "Lb_Bh_Ka26": 0.39, "Lb_Dr_Ki26": 0.0, "Lb_Dr_Ka26": 0.0, "Lb_Tr_Ki26": 1.3, "Lb_Tr_Ka26": 1.3, "Lb_TS_Ki26": 0.0, "Lb_TS_Ka26": 0.0, "Lb_Med_26": 0.0, "Lbr_Jbt_26": 9.48, "Bgn_Ats_26": "GBP", "Jns_Jbt_26": "STANDAR", "Thn_Bgn_26": "1993", "BA_26": "2", "LNT_26": "2", "BB_26": "2", "DAS_26": "2", "OP_26": "0", "UT_26": "0", "GR_26": "0", "LB_26": "0", "JBT_26": "2", "Tp_Lnts_26": "SUNGAI", "Dt_Lnts_26": "BERKELOK (MEANDER)", "Pnangnn_26": "RUTIN", "Pmriksn_26": "RUTIN", "Pnglola_26": "BPJN SUMATERA BARAT", "Satkr_ID26": "693876", "PPK_Name26": "PPK 2.5", "Traffic_26": null, "VCR_26": "0.258", "AADT_26": null, "Tipe_Jb_26": null, "Lat_26": -1.4250559807500001, "Long_26": 101.005409241, "Tgl_Ins_26": "6\/10\/2025", "Ket_26": null }, "geometry": { "type": "Point", "coordinates": [ 101.005409241043708, -1.42505598074888 ] } },
{ "type": "Feature", "properties": { "KDRUAS_UPD": "06054", "NOJBT_UPD": "06.054.020.0", "NM_RUAS_UP": "SURIAN - SP. PADANG ARO", "NM_JBT_UPD": "SUNGAI LOLO BESAR", "PROVINSI": "SUMATERA BARAT", "No_Prov_26": "06", "ID_Jbt_26": "0600683", "Kd_Ruas_26": "06054", "Suffix_26": null, "Nm_Ruas_26": "SURIAN - SP. PADANG ARO", "Lintas_26": "NON LINTAS", "No_Jbt_26": "06.054.020.0", "Nm_Jbt_26": "SUNGAI LOLO BESAR", "Status_26": "N", "Fungsi_26": "A", "Lks_Dr_26": "PDG", "Lks_km_26": 126.1, "F_STA_26": "2410", "Cadin_26": "SLS", "Pjg_Jbt_26": 25.5, "Btg_Pjg_26": 25.0, "Jml_Btg_26": "1", "Lb_Jl_Ms26": 7.0, "Lb_Jl_Kl26": 7.0, "Lb_Lalin26": 7.0, "Lb_Bh_Ki26": 0.0, "Lb_Bh_Ka26": 0.0, "Lb_Dr_Ki26": 0.0, "Lb_Dr_Ka26": 0.0, "Lb_Tr_Ki26": 1.3, "Lb_Tr_Ka26": 1.3, "Lb_TS_Ki26": 0.0, "Lb_TS_Ka26": 0.0, "Lb_Med_26": 0.0, "Lbr_Jbt_26": 9.6, "Bgn_Ats_26": "GBP", "Jns_Jbt_26": "STANDAR", "Thn_Bgn_26": "1993", "BA_26": "1", "LNT_26": "1", "BB_26": "1", "DAS_26": "1", "OP_26": "0", "UT_26": "0", "GR_26": "0", "LB_26": "0", "JBT_26": "1", "Tp_Lnts_26": "SUNGAI", "Dt_Lnts_26": "BERKELOK (MEANDER)", "Pnangnn_26": "RUTIN", "Pmriksn_26": "RUTIN", "Pnglola_26": "BPJN SUMATERA BARAT", "Satkr_ID26": "693876", "PPK_Name26": "PPK 2.5", "Traffic_26": null, "VCR_26": "0.258", "AADT_26": null, "Tipe_Jb_26": null, "Lat_26": -1.4311859603599999, "Long_26": 101.00991058300001, "Tgl_Ins_26": "8\/11\/2023", "Ket_26": null }, "geometry": { "type": "Point", "coordinates": [ 101.009910582607347, -1.431185960363734 ] } },
{ "type": "Feature", "properties": { "KDRUAS_UPD": "06054", "NOJBT_UPD": "06.054.021.0", "NM_RUAS_UP": "SURIAN - SP. PADANG ARO", "NM_JBT_UPD": "SUNGAI BARAMBUN", "PROVINSI": "SUMATERA BARAT", "No_Prov_26": "06", "ID_Jbt_26": "0600684", "Kd_Ruas_26": "06054", "Suffix_26": null, "Nm_Ruas_26": "SURIAN - SP. PADANG ARO", "Lintas_26": "NON LINTAS", "No_Jbt_26": "06.054.021.0", "Nm_Jbt_26": "SUNGAI BARAMBUN", "Status_26": "N", "Fungsi_26": "A", "Lks_Dr_26": "PDG", "Lks_km_26": 126.7, "F_STA_26": "2460", "Cadin_26": "SLS", "Pjg_Jbt_26": 6.1, "Btg_Pjg_26": 6.0, "Jml_Btg_26": "1", "Lb_Jl_Ms26": 6.5, "Lb_Jl_Kl26": 6.5, "Lb_Lalin26": 6.5, "Lb_Bh_Ki26": 0.22, "Lb_Bh_Ka26": 0.22, "Lb_Dr_Ki26": 0.14, "Lb_Dr_Ka26": 0.14, "Lb_Tr_Ki26": 1.42, "Lb_Tr_Ka26": 1.42, "Lb_TS_Ki26": 0.12, "Lb_TS_Ka26": 0.12, "Lb_Med_26": 0.0, "Lbr_Jbt_26": 10.3, "Bgn_Ats_26": "PTP", "Jns_Jbt_26": "STANDAR", "Thn_Bgn_26": "1995", "BA_26": "1", "LNT_26": "1", "BB_26": "1", "DAS_26": "2", "OP_26": "0", "UT_26": "0", "GR_26": "0", "LB_26": "0", "JBT_26": "2", "Tp_Lnts_26": "SUNGAI", "Dt_Lnts_26": "LURUS", "Pnangnn_26": "RUTIN", "Pmriksn_26": "RUTIN", "Pnglola_26": "BPJN SUMATERA BARAT", "Satkr_ID26": "693876", "PPK_Name26": "PPK 2.5", "Traffic_26": null, "VCR_26": "0.258", "AADT_26": null, "Tipe_Jb_26": null, "Lat_26": -1.43400895565, "Long_26": 101.012908936, "Tgl_Ins_26": "9\/23\/2020", "Ket_26": null }, "geometry": { "type": "Point", "coordinates": [ 101.012908935798805, -1.434008955648721 ] } },
{ "type": "Feature", "properties": { "KDRUAS_UPD": "06054", "NOJBT_UPD": "06.054.022.0", "NM_RUAS_UP": "SURIAN - SP. PADANG ARO", "NM_JBT_UPD": "SUNGAI KAPUR", "PROVINSI": "SUMATERA BARAT", "No_Prov_26": "06", "ID_Jbt_26": "0600685", "Kd_Ruas_26": "06054", "Suffix_26": null, "Nm_Ruas_26": "SURIAN - SP. PADANG ARO", "Lintas_26": "NON LINTAS", "No_Jbt_26": "06.054.022.0", "Nm_Jbt_26": "SUNGAI KAPUR", "Status_26": "N", "Fungsi_26": "A", "Lks_Dr_26": "PDG", "Lks_km_26": 126.98, "F_STA_26": "2510", "Cadin_26": "SLS", "Pjg_Jbt_26": 8.1, "Btg_Pjg_26": 7.5, "Jml_Btg_26": "1", "Lb_Jl_Ms26": 6.1, "Lb_Jl_Kl26": 6.1, "Lb_Lalin26": 6.1, "Lb_Bh_Ki26": 0.43, "Lb_Bh_Ka26": 0.43, "Lb_Dr_Ki26": 0.0, "Lb_Dr_Ka26": 0.0, "Lb_Tr_Ki26": 1.3, "Lb_Tr_Ka26": 1.3, "Lb_TS_Ki26": 0.0, "Lb_TS_Ka26": 0.0, "Lb_Med_26": 0.0, "Lbr_Jbt_26": 9.56, "Bgn_Ats_26": "GTP", "Jns_Jbt_26": "STANDAR", "Thn_Bgn_26": "2005", "BA_26": "1", "LNT_26": "1", "BB_26": "1", "DAS_26": "1", "OP_26": "0", "UT_26": "0", "GR_26": "0", "LB_26": "0", "JBT_26": "1", "Tp_Lnts_26": "SUNGAI", "Dt_Lnts_26": "LURUS", "Pnangnn_26": "RUTIN", "Pmriksn_26": "RUTIN", "Pnglola_26": "BPJN SUMATERA BARAT", "Satkr_ID26": "693876", "PPK_Name26": "PPK 2.5", "Traffic_26": null, "VCR_26": "0.258", "AADT_26": null, "Tipe_Jb_26": null, "Lat_26": -1.43740594413, "Long_26": 101.015090942, "Tgl_Ins_26": "8\/11\/2023", "Ket_26": null }, "geometry": { "type": "Point", "coordinates": [ 101.015090941993435, -1.437405944128955 ] } },
{ "type": "Feature", "properties": { "KDRUAS_UPD": "06054", "NOJBT_UPD": "06.054.024.0", "NM_RUAS_UP": "SURIAN - SP. PADANG ARO", "NM_JBT_UPD": "SUNGAI ARO", "PROVINSI": "SUMATERA BARAT", "No_Prov_26": "06", "ID_Jbt_26": "0600687", "Kd_Ruas_26": "06054", "Suffix_26": null, "Nm_Ruas_26": "SURIAN - SP. PADANG ARO", "Lintas_26": "NON LINTAS", "No_Jbt_26": "06.054.024.0", "Nm_Jbt_26": "SUNGAI ARO", "Status_26": "N", "Fungsi_26": "A", "Lks_Dr_26": "PDG", "Lks_km_26": 127.95, "F_STA_26": "2600", "Cadin_26": "SLS", "Pjg_Jbt_26": 11.1, "Btg_Pjg_26": 10.5, "Jml_Btg_26": "1", "Lb_Jl_Ms26": 6.4, "Lb_Jl_Kl26": 6.4, "Lb_Lalin26": 6.4, "Lb_Bh_Ki26": 0.37, "Lb_Bh_Ka26": 0.37, "Lb_Dr_Ki26": 0.0, "Lb_Dr_Ka26": 0.0, "Lb_Tr_Ki26": 0.9, "Lb_Tr_Ka26": 0.9, "Lb_TS_Ki26": 0.43, "Lb_TS_Ka26": 0.43, "Lb_Med_26": 0.0, "Lbr_Jbt_26": 9.8, "Bgn_Ats_26": "GTP", "Jns_Jbt_26": "STANDAR", "Thn_Bgn_26": "1994", "BA_26": "1", "LNT_26": "1", "BB_26": "1", "DAS_26": "1", "OP_26": "0", "UT_26": "0", "GR_26": "0", "LB_26": "0", "JBT_26": "1", "Tp_Lnts_26": "SUNGAI", "Dt_Lnts_26": "LURUS", "Pnangnn_26": "RUTIN", "Pmriksn_26": "RUTIN", "Pnglola_26": "BPJN SUMATERA BARAT", "Satkr_ID26": "693876", "PPK_Name26": "PPK 2.5", "Traffic_26": null, "VCR_26": "0.258", "AADT_26": null, "Tipe_Jb_26": null, "Lat_26": -1.4441000226, "Long_26": 101.01924896200002, "Tgl_Ins_26": "9\/23\/2020", "Ket_26": null }, "geometry": { "type": "Point", "coordinates": [ 101.019248961970106, -1.444100022597922 ] } },
{ "type": "Feature", "properties": { "KDRUAS_UPD": "06054", "NOJBT_UPD": "06.054.026.0", "NM_RUAS_UP": "SURIAN - SP. PADANG ARO", "NM_JBT_UPD": "SUNGAI PAGU", "PROVINSI": "SUMATERA BARAT", "No_Prov_26": "06", "ID_Jbt_26": "0600689", "Kd_Ruas_26": "06054", "Suffix_26": null, "Nm_Ruas_26": "SURIAN - SP. PADANG ARO", "Lintas_26": "NON LINTAS", "No_Jbt_26": "06.054.026.0", "Nm_Jbt_26": "SUNGAI PAGU", "Status_26": "N", "Fungsi_26": "A", "Lks_Dr_26": "PDG", "Lks_km_26": 128.9, "F_STA_26": "2700", "Cadin_26": "SLS", "Pjg_Jbt_26": 10.3, "Btg_Pjg_26": 3.0, "Jml_Btg_26": "3", "Lb_Jl_Ms26": 7.0, "Lb_Jl_Kl26": 7.0, "Lb_Lalin26": 7.0, "Lb_Bh_Ki26": 0.47, "Lb_Bh_Ka26": 0.47, "Lb_Dr_Ki26": 0.2, "Lb_Dr_Ka26": 0.2, "Lb_Tr_Ki26": 0.9, "Lb_Tr_Ka26": 0.9, "Lb_TS_Ki26": 0.18, "Lb_TS_Ka26": 0.18, "Lb_Med_26": 0.0, "Lbr_Jbt_26": 10.5, "Bgn_Ats_26": "BTP", "Jns_Jbt_26": "STANDAR", "Thn_Bgn_26": "1995", "BA_26": "1", "LNT_26": "1", "BB_26": "0", "DAS_26": "2", "OP_26": "0", "UT_26": "0", "GR_26": "0", "LB_26": "0", "JBT_26": "2", "Tp_Lnts_26": "SUNGAI", "Dt_Lnts_26": "LURUS", "Pnangnn_26": "RUTIN", "Pmriksn_26": "RUTIN", "Pnglola_26": "BPJN SUMATERA BARAT", "Satkr_ID26": "693876", "PPK_Name26": "PPK 2.5", "Traffic_26": null, "VCR_26": "0.258", "AADT_26": null, "Tipe_Jb_26": null, "Lat_26": -1.4518469571699999, "Long_26": 101.02358245800002, "Tgl_Ins_26": "9\/23\/2020", "Ket_26": null }, "geometry": { "type": "Point", "coordinates": [ 101.023582457664361, -1.451846957171313 ] } },
{ "type": "Feature", "properties": { "KDRUAS_UPD": "06054", "NOJBT_UPD": "06.054.029.0", "NM_RUAS_UP": "SURIAN - SP. PADANG ARO", "NM_JBT_UPD": "BATANG LUNDANG 1", "PROVINSI": "SUMATERA BARAT", "No_Prov_26": "06", "ID_Jbt_26": "0600692", "Kd_Ruas_26": "06054", "Suffix_26": null, "Nm_Ruas_26": "SURIAN - SP. PADANG ARO", "Lintas_26": "NON LINTAS", "No_Jbt_26": "06.054.029.0", "Nm_Jbt_26": "BATANG LUNDANG 1", "Status_26": "N", "Fungsi_26": "A", "Lks_Dr_26": "PDG", "Lks_km_26": 131.1, "F_STA_26": "2920", "Cadin_26": "SLS", "Pjg_Jbt_26": 20.5, "Btg_Pjg_26": 20.0, "Jml_Btg_26": "1", "Lb_Jl_Ms26": 6.1, "Lb_Jl_Kl26": 6.1, "Lb_Lalin26": 6.1, "Lb_Bh_Ki26": 0.42, "Lb_Bh_Ka26": 0.42, "Lb_Dr_Ki26": 0.0, "Lb_Dr_Ka26": 0.0, "Lb_Tr_Ki26": 1.3, "Lb_Tr_Ka26": 1.3, "Lb_TS_Ki26": 0.0, "Lb_TS_Ka26": 0.0, "Lb_Med_26": 0.0, "Lbr_Jbt_26": 9.54, "Bgn_Ats_26": "GBP", "Jns_Jbt_26": "STANDAR", "Thn_Bgn_26": "1993", "BA_26": "2", "LNT_26": "1", "BB_26": "1", "DAS_26": "2", "OP_26": "0", "UT_26": "0", "GR_26": "0", "LB_26": "0", "JBT_26": "2", "Tp_Lnts_26": "SUNGAI", "Dt_Lnts_26": "BERKELOK (MEANDER)", "Pnangnn_26": "RUTIN", "Pmriksn_26": "RUTIN", "Pnglola_26": "BPJN SUMATERA BARAT", "Satkr_ID26": "693876", "PPK_Name26": "PPK 2.5", "Traffic_26": null, "VCR_26": "0.258", "AADT_26": null, "Tipe_Jb_26": null, "Lat_26": -1.4689199926600001, "Long_26": 101.032592773, "Tgl_Ins_26": "6\/10\/2025", "Ket_26": null }, "geometry": { "type": "Point", "coordinates": [ 101.032592773337853, -1.468919992663473 ] } },
{ "type": "Feature", "properties": { "KDRUAS_UPD": "06054", "NOJBT_UPD": "06.054.031.0", "NM_RUAS_UP": "SURIAN - SP. PADANG ARO", "NM_JBT_UPD": "BATANG LAWEH", "PROVINSI": "SUMATERA BARAT", "No_Prov_26": "06", "ID_Jbt_26": "0600694", "Kd_Ruas_26": "06054", "Suffix_26": null, "Nm_Ruas_26": "SURIAN - SP. PADANG ARO", "Lintas_26": "NON LINTAS", "No_Jbt_26": "06.054.031.0", "Nm_Jbt_26": "BATANG LAWEH", "Status_26": "N", "Fungsi_26": "A", "Lks_Dr_26": "PDG", "Lks_km_26": 131.8, "F_STA_26": "2990", "Cadin_26": "SLS", "Pjg_Jbt_26": 8.1, "Btg_Pjg_26": 7.5, "Jml_Btg_26": "1", "Lb_Jl_Ms26": 6.5, "Lb_Jl_Kl26": 6.5, "Lb_Lalin26": 6.5, "Lb_Bh_Ki26": 0.33, "Lb_Bh_Ka26": 0.33, "Lb_Dr_Ki26": 0.0, "Lb_Dr_Ka26": 0.0, "Lb_Tr_Ki26": 1.2, "Lb_Tr_Ka26": 1.2, "Lb_TS_Ki26": 0.12, "Lb_TS_Ka26": 0.12, "Lb_Med_26": 0.0, "Lbr_Jbt_26": 9.8, "Bgn_Ats_26": "GTP", "Jns_Jbt_26": "STANDAR", "Thn_Bgn_26": "1993", "BA_26": "1", "LNT_26": "1", "BB_26": "1", "DAS_26": "1", "OP_26": "0", "UT_26": "0", "GR_26": "0", "LB_26": "0", "JBT_26": "1", "Tp_Lnts_26": "SUNGAI", "Dt_Lnts_26": "LURUS", "Pnangnn_26": "RUTIN", "Pmriksn_26": "RUTIN", "Pnglola_26": "BPJN SUMATERA BARAT", "Satkr_ID26": "693876", "PPK_Name26": "PPK 2.5", "Traffic_26": null, "VCR_26": "0.258", "AADT_26": null, "Tipe_Jb_26": null, "Lat_26": -1.47298705611, "Long_26": 101.037200928, "Tgl_Ins_26": "8\/11\/2023", "Ket_26": null }, "geometry": { "type": "Point", "coordinates": [ 101.037200928280299, -1.472987056107684 ] } },
{ "type": "Feature", "properties": { "KDRUAS_UPD": "06054", "NOJBT_UPD": "06.054.032.0", "NM_RUAS_UP": "SURIAN - SP. PADANG ARO", "NM_JBT_UPD": "RAWANG 1", "PROVINSI": "SUMATERA BARAT", "No_Prov_26": "06", "ID_Jbt_26": "0600695", "Kd_Ruas_26": "06054", "Suffix_26": null, "Nm_Ruas_26": "SURIAN - SP. PADANG ARO", "Lintas_26": "NON LINTAS", "No_Jbt_26": "06.054.032.0", "Nm_Jbt_26": "RAWANG 1", "Status_26": "N", "Fungsi_26": "A", "Lks_Dr_26": "PDG", "Lks_km_26": 132.95, "F_STA_26": "3100", "Cadin_26": "SLS", "Pjg_Jbt_26": 10.3, "Btg_Pjg_26": 3.0, "Jml_Btg_26": "3", "Lb_Jl_Ms26": 5.9, "Lb_Jl_Kl26": 5.9, "Lb_Lalin26": 5.9, "Lb_Bh_Ki26": 0.56, "Lb_Bh_Ka26": 0.56, "Lb_Dr_Ki26": 0.0, "Lb_Dr_Ka26": 0.0, "Lb_Tr_Ki26": 1.2, "Lb_Tr_Ka26": 1.2, "Lb_TS_Ki26": 0.29, "Lb_TS_Ka26": 0.29, "Lb_Med_26": 0.0, "Lbr_Jbt_26": 10.0, "Bgn_Ats_26": "BTP", "Jns_Jbt_26": "STANDAR", "Thn_Bgn_26": "1995", "BA_26": "1", "LNT_26": "1", "BB_26": "0", "DAS_26": "2", "OP_26": "0", "UT_26": "0", "GR_26": "0", "LB_26": "0", "JBT_26": "2", "Tp_Lnts_26": "SUNGAI", "Dt_Lnts_26": "LURUS", "Pnangnn_26": "RUTIN", "Pmriksn_26": "RUTIN", "Pnglola_26": "BPJN SUMATERA BARAT", "Satkr_ID26": "693876", "PPK_Name26": "PPK 2.5", "Traffic_26": null, "VCR_26": "0.258", "AADT_26": null, "Tipe_Jb_26": null, "Lat_26": -1.47686302621, "Long_26": 101.0470047, "Tgl_Ins_26": "9\/24\/2020", "Ket_26": null }, "geometry": { "type": "Point", "coordinates": [ 101.047004699607271, -1.476863026207639 ] } },
{ "type": "Feature", "properties": { "KDRUAS_UPD": "06054", "NOJBT_UPD": "06.054.033.0", "NM_RUAS_UP": "SURIAN - SP. PADANG ARO", "NM_JBT_UPD": "RAWANG 2", "PROVINSI": "SUMATERA BARAT", "No_Prov_26": "06", "ID_Jbt_26": "0600696", "Kd_Ruas_26": "06054", "Suffix_26": null, "Nm_Ruas_26": "SURIAN - SP. PADANG ARO", "Lintas_26": "NON LINTAS", "No_Jbt_26": "06.054.033.0", "Nm_Jbt_26": "RAWANG 2", "Status_26": "N", "Fungsi_26": "A", "Lks_Dr_26": "PDG", "Lks_km_26": 133.4, "F_STA_26": "3140", "Cadin_26": "SLS", "Pjg_Jbt_26": 9.0, "Btg_Pjg_26": 9.0, "Jml_Btg_26": "2", "Lb_Jl_Ms26": 6.3, "Lb_Jl_Kl26": 6.3, "Lb_Lalin26": 6.3, "Lb_Bh_Ki26": 0.42, "Lb_Bh_Ka26": 0.42, "Lb_Dr_Ki26": 0.0, "Lb_Dr_Ka26": 0.0, "Lb_Tr_Ki26": 0.77, "Lb_Tr_Ka26": 0.77, "Lb_TS_Ki26": 0.0, "Lb_TS_Ka26": 0.0, "Lb_Med_26": 0.0, "Lbr_Jbt_26": 8.68, "Bgn_Ats_26": "BTP", "Jns_Jbt_26": "STANDAR", "Thn_Bgn_26": "1995", "BA_26": "1", "LNT_26": "1", "BB_26": "1", "DAS_26": "2", "OP_26": "0", "UT_26": "0", "GR_26": "0", "LB_26": "0", "JBT_26": "2", "Tp_Lnts_26": "SUNGAI", "Dt_Lnts_26": "LURUS", "Pnangnn_26": "RUTIN", "Pmriksn_26": "RUTIN", "Pnglola_26": "BPJN SUMATERA BARAT", "Satkr_ID26": "693876", "PPK_Name26": "PPK 2.5", "Traffic_26": null, "VCR_26": "0.258", "AADT_26": null, "Tipe_Jb_26": null, "Lat_26": -1.47770595537, "Long_26": 101.049743652, "Tgl_Ins_26": "9\/24\/2020", "Ket_26": null }, "geometry": { "type": "Point", "coordinates": [ 101.049743652347729, -1.477705955365479 ] } },
{ "type": "Feature", "properties": { "KDRUAS_UPD": "06054", "NOJBT_UPD": "06.054.034.0", "NM_RUAS_UP": "SURIAN - SP. PADANG ARO", "NM_JBT_UPD": "BATANG BANGKO", "PROVINSI": "SUMATERA BARAT", "No_Prov_26": "06", "ID_Jbt_26": "0600697", "Kd_Ruas_26": "06054", "Suffix_26": null, "Nm_Ruas_26": "SURIAN - SP. PADANG ARO", "Lintas_26": "NON LINTAS", "No_Jbt_26": "06.054.034.0", "Nm_Jbt_26": "BATANG BANGKO", "Status_26": "N", "Fungsi_26": "A", "Lks_Dr_26": "PDG", "Lks_km_26": 134.5, "F_STA_26": "3250", "Cadin_26": "SLS", "Pjg_Jbt_26": 51.4, "Btg_Pjg_26": 51.0, "Jml_Btg_26": "1", "Lb_Jl_Ms26": 5.9, "Lb_Jl_Kl26": 5.9, "Lb_Lalin26": 5.9, "Lb_Bh_Ki26": 0.3, "Lb_Bh_Ka26": 0.3, "Lb_Dr_Ki26": 0.0, "Lb_Dr_Ka26": 0.0, "Lb_Tr_Ki26": 0.5, "Lb_Tr_Ka26": 0.5, "Lb_TS_Ki26": 0.0, "Lb_TS_Ka26": 0.0, "Lb_Med_26": 0.0, "Lbr_Jbt_26": 7.5, "Bgn_Ats_26": "RBB", "Jns_Jbt_26": "STANDAR", "Thn_Bgn_26": "1988", "BA_26": "2", "LNT_26": "0", "BB_26": "2", "DAS_26": "2", "OP_26": "1", "UT_26": "0", "GR_26": "0", "LB_26": "0", "JBT_26": "2", "Tp_Lnts_26": "SUNGAI", "Dt_Lnts_26": "BERKELOK (MEANDER)", "Pnangnn_26": "RUTIN", "Pmriksn_26": "RUTIN", "Pnglola_26": "BPJN SUMATERA BARAT", "Satkr_ID26": "693876", "PPK_Name26": "PPK 2.5", "Traffic_26": null, "VCR_26": "0.258", "AADT_26": null, "Tipe_Jb_26": null, "Lat_26": -1.4800579550099999, "Long_26": 101.05937194800001, "Tgl_Ins_26": "6\/11\/2025", "Ket_26": null }, "geometry": { "type": "Point", "coordinates": [ 101.059371947957118, -1.480057955010579 ] } },
{ "type": "Feature", "properties": { "KDRUAS_UPD": "06054", "NOJBT_UPD": "06.054.036.0", "NM_RUAS_UP": "SURIAN - SP. PADANG ARO", "NM_JBT_UPD": "BATANG KUMINGKING", "PROVINSI": "SUMATERA BARAT", "No_Prov_26": "06", "ID_Jbt_26": "0600699", "Kd_Ruas_26": "06054", "Suffix_26": null, "Nm_Ruas_26": "SURIAN - SP. PADANG ARO", "Lintas_26": "NON LINTAS", "No_Jbt_26": "06.054.036.0", "Nm_Jbt_26": "BATANG KUMINGKING", "Status_26": "N", "Fungsi_26": "A", "Lks_Dr_26": "PDG", "Lks_km_26": 138.7, "F_STA_26": "3680", "Cadin_26": "SLS", "Pjg_Jbt_26": 8.0, "Btg_Pjg_26": 7.5, "Jml_Btg_26": "1", "Lb_Jl_Ms26": 6.5, "Lb_Jl_Kl26": 6.5, "Lb_Lalin26": 6.5, "Lb_Bh_Ki26": 0.4, "Lb_Bh_Ka26": 0.4, "Lb_Dr_Ki26": 0.0, "Lb_Dr_Ka26": 0.0, "Lb_Tr_Ki26": 1.28, "Lb_Tr_Ka26": 1.28, "Lb_TS_Ki26": 0.17, "Lb_TS_Ka26": 0.17, "Lb_Med_26": 0.0, "Lbr_Jbt_26": 10.2, "Bgn_Ats_26": "GTP", "Jns_Jbt_26": "STANDAR", "Thn_Bgn_26": "1980", "BA_26": "1", "LNT_26": "1", "BB_26": "2", "DAS_26": "2", "OP_26": "0", "UT_26": "0", "GR_26": "0", "LB_26": "0", "JBT_26": "2", "Tp_Lnts_26": "SUNGAI", "Dt_Lnts_26": "LURUS", "Pnangnn_26": "RUTIN", "Pmriksn_26": "RUTIN", "Pnglola_26": "BPJN SUMATERA BARAT", "Satkr_ID26": "693876", "PPK_Name26": "PPK 2.5", "Traffic_26": null, "VCR_26": "0.258", "AADT_26": null, "Tipe_Jb_26": null, "Lat_26": -1.50967502578, "Long_26": 101.081840515, "Tgl_Ins_26": "6\/25\/2024", "Ket_26": null }, "geometry": { "type": "Point", "coordinates": [ 101.081840514628084, -1.509675025781746 ] } },
{ "type": "Feature", "properties": { "KDRUAS_UPD": "06054", "NOJBT_UPD": "06.054.037.0", "NM_RUAS_UP": "SURIAN - SP. PADANG ARO", "NM_JBT_UPD": "BATANG PULAKEK", "PROVINSI": "SUMATERA BARAT", "No_Prov_26": "06", "ID_Jbt_26": "0600700", "Kd_Ruas_26": "06054", "Suffix_26": null, "Nm_Ruas_26": "SURIAN - SP. PADANG ARO", "Lintas_26": "NON LINTAS", "No_Jbt_26": "06.054.037.0", "Nm_Jbt_26": "BATANG PULAKEK", "Status_26": "N", "Fungsi_26": "A", "Lks_Dr_26": "PDG", "Lks_km_26": 138.9, "F_STA_26": "3800", "Cadin_26": "SLS", "Pjg_Jbt_26": 11.3, "Btg_Pjg_26": 11.0, "Jml_Btg_26": "1", "Lb_Jl_Ms26": 6.8, "Lb_Jl_Kl26": 6.8, "Lb_Lalin26": 6.8, "Lb_Bh_Ki26": 0.0, "Lb_Bh_Ka26": 0.0, "Lb_Dr_Ki26": 0.0, "Lb_Dr_Ka26": 0.0, "Lb_Tr_Ki26": 1.41, "Lb_Tr_Ka26": 1.41, "Lb_TS_Ki26": 0.14, "Lb_TS_Ka26": 0.14, "Lb_Med_26": 0.0, "Lbr_Jbt_26": 9.9, "Bgn_Ats_26": "GTP", "Jns_Jbt_26": "STANDAR", "Thn_Bgn_26": "1980", "BA_26": "2", "LNT_26": "1", "BB_26": "1", "DAS_26": "1", "OP_26": "2", "UT_26": "0", "GR_26": "0", "LB_26": "0", "JBT_26": "2", "Tp_Lnts_26": "SUNGAI", "Dt_Lnts_26": "LURUS", "Pnangnn_26": "RUTIN", "Pmriksn_26": "RUTIN", "Pnglola_26": "BPJN SUMATERA BARAT", "Satkr_ID26": "693876", "PPK_Name26": "PPK 2.5", "Traffic_26": null, "VCR_26": "0.258", "AADT_26": null, "Tipe_Jb_26": null, "Lat_26": -1.51853203762, "Long_26": 101.08631897, "Tgl_Ins_26": "6\/25\/2024", "Ket_26": null }, "geometry": { "type": "Point", "coordinates": [ 101.086318970244349, -1.518532037623402 ] } },
{ "type": "Feature", "properties": { "KDRUAS_UPD": "06054", "NOJBT_UPD": "06.054.038.0", "NM_RUAS_UP": "SURIAN - SP. PADANG ARO", "NM_JBT_UPD": "PINANG AWAN", "PROVINSI": "SUMATERA BARAT", "No_Prov_26": "06", "ID_Jbt_26": "0600701", "Kd_Ruas_26": "06054", "Suffix_26": null, "Nm_Ruas_26": "SURIAN - SP. PADANG ARO", "Lintas_26": "NON LINTAS", "No_Jbt_26": "06.054.038.0", "Nm_Jbt_26": "PINANG AWAN", "Status_26": "N", "Fungsi_26": "A", "Lks_Dr_26": "PDG", "Lks_km_26": 146.4, "F_STA_26": "4460", "Cadin_26": "SLS", "Pjg_Jbt_26": 21.0, "Btg_Pjg_26": 20.5, "Jml_Btg_26": "1", "Lb_Jl_Ms26": 8.0, "Lb_Jl_Kl26": 8.0, "Lb_Lalin26": 8.0, "Lb_Bh_Ki26": 0.5, "Lb_Bh_Ka26": 0.5, "Lb_Dr_Ki26": 0.0, "Lb_Dr_Ka26": 0.0, "Lb_Tr_Ki26": 0.58, "Lb_Tr_Ka26": 0.58, "Lb_TS_Ki26": 0.77, "Lb_TS_Ka26": 0.77, "Lb_Med_26": 0.0, "Lbr_Jbt_26": 11.7, "Bgn_Ats_26": "GTP", "Jns_Jbt_26": "STANDAR", "Thn_Bgn_26": "2012", "BA_26": "1", "LNT_26": "1", "BB_26": "1", "DAS_26": "1", "OP_26": "0", "UT_26": "0", "GR_26": "0", "LB_26": "0", "JBT_26": "1", "Tp_Lnts_26": "SUNGAI", "Dt_Lnts_26": "LURUS", "Pnangnn_26": "RUTIN", "Pmriksn_26": "RUTIN", "Pnglola_26": "BPJN SUMATERA BARAT", "Satkr_ID26": "693876", "PPK_Name26": "PPK 2.5", "Traffic_26": null, "VCR_26": "0.258", "AADT_26": null, "Tipe_Jb_26": null, "Lat_26": -1.56045401124, "Long_26": 101.12242889400001, "Tgl_Ins_26": "9\/24\/2020", "Ket_26": null }, "geometry": { "type": "Point", "coordinates": [ 101.122428894378061, -1.560454011243564 ] } },
{ "type": "Feature", "properties": { "KDRUAS_UPD": "06054", "NOJBT_UPD": "06.054.039.0", "NM_RUAS_UP": "SURIAN - SP. PADANG ARO", "NM_JBT_UPD": "BATANG LIKI", "PROVINSI": "SUMATERA BARAT", "No_Prov_26": "06", "ID_Jbt_26": "0600702", "Kd_Ruas_26": "06054", "Suffix_26": null, "Nm_Ruas_26": "SURIAN - SP. PADANG ARO", "Lintas_26": "NON LINTAS", "No_Jbt_26": "06.054.039.0", "Nm_Jbt_26": "BATANG LIKI", "Status_26": "N", "Fungsi_26": "A", "Lks_Dr_26": "PDG", "Lks_km_26": 153.0, "F_STA_26": "5120", "Cadin_26": "SLS", "Pjg_Jbt_26": 51.9, "Btg_Pjg_26": 51.0, "Jml_Btg_26": "1", "Lb_Jl_Ms26": 6.0, "Lb_Jl_Kl26": 6.0, "Lb_Lalin26": 6.0, "Lb_Bh_Ki26": 0.42, "Lb_Bh_Ka26": 0.42, "Lb_Dr_Ki26": 0.0, "Lb_Dr_Ka26": 0.0, "Lb_Tr_Ki26": 0.46, "Lb_Tr_Ka26": 0.46, "Lb_TS_Ki26": 0.0, "Lb_TS_Ka26": 0.0, "Lb_Med_26": 0.0, "Lbr_Jbt_26": 7.76, "Bgn_Ats_26": "RBA", "Jns_Jbt_26": "STANDAR", "Thn_Bgn_26": "1991", "BA_26": "2", "LNT_26": "2", "BB_26": "2", "DAS_26": "0", "OP_26": "1", "UT_26": "0", "GR_26": "0", "LB_26": "0", "JBT_26": "2", "Tp_Lnts_26": "SUNGAI", "Dt_Lnts_26": "BERKELOK (MEANDER)", "Pnangnn_26": "RUTIN", "Pmriksn_26": "RUTIN", "Pnglola_26": "BPJN SUMATERA BARAT", "Satkr_ID26": "693876", "PPK_Name26": "PPK 2.5", "Traffic_26": null, "VCR_26": "0.258", "AADT_26": null, "Tipe_Jb_26": null, "Lat_26": -1.5935959819700001, "Long_26": 101.155662537, "Tgl_Ins_26": "6\/11\/2025", "Ket_26": null }, "geometry": { "type": "Point", "coordinates": [ 101.155662536596822, -1.593595981968917 ] } },
{ "type": "Feature", "properties": { "KDRUAS_UPD": "06054", "NOJBT_UPD": "06.054.040.0", "NM_RUAS_UP": "SURIAN - SP. PADANG ARO", "NM_JBT_UPD": "SUNGAI BANGKU", "PROVINSI": "SUMATERA BARAT", "No_Prov_26": "06", "ID_Jbt_26": "0600703", "Kd_Ruas_26": "06054", "Suffix_26": null, "Nm_Ruas_26": "SURIAN - SP. PADANG ARO", "Lintas_26": "NON LINTAS", "No_Jbt_26": "06.054.040.0", "Nm_Jbt_26": "SUNGAI BANGKU", "Status_26": "N", "Fungsi_26": "A", "Lks_Dr_26": "PDG", "Lks_km_26": 156.0, "F_STA_26": "5430", "Cadin_26": "SLS", "Pjg_Jbt_26": 30.8, "Btg_Pjg_26": 30.0, "Jml_Btg_26": "1", "Lb_Jl_Ms26": 6.0, "Lb_Jl_Kl26": 6.0, "Lb_Lalin26": 6.0, "Lb_Bh_Ki26": 0.0, "Lb_Bh_Ka26": 0.0, "Lb_Dr_Ki26": 0.0, "Lb_Dr_Ka26": 0.0, "Lb_Tr_Ki26": 0.44, "Lb_Tr_Ka26": 0.44, "Lb_TS_Ki26": 0.0, "Lb_TS_Ka26": 0.0, "Lb_Med_26": 0.0, "Lbr_Jbt_26": 6.88, "Bgn_Ats_26": "GBP", "Jns_Jbt_26": "STANDAR", "Thn_Bgn_26": "1992", "BA_26": "1", "LNT_26": "1", "BB_26": "1", "DAS_26": "1", "OP_26": "0", "UT_26": "0", "GR_26": "0", "LB_26": "0", "JBT_26": "1", "Tp_Lnts_26": "SUNGAI", "Dt_Lnts_26": "LURUS", "Pnangnn_26": "RUTIN", "Pmriksn_26": "TIDAK DISURVEI", "Pnglola_26": "BPJN SUMATERA BARAT", "Satkr_ID26": "693876", "PPK_Name26": "PPK 2.5", "Traffic_26": null, "VCR_26": "0.258", "AADT_26": null, "Tipe_Jb_26": null, "Lat_26": -1.5904879573499999, "Long_26": 101.180610657, "Tgl_Ins_26": "9\/24\/2020", "Ket_26": null }, "geometry": { "type": "Point", "coordinates": [ 101.180610657355999, -1.590487957353275 ] } },
{ "type": "Feature", "properties": { "KDRUAS_UPD": "06054", "NOJBT_UPD": "06.054.041.0", "NM_RUAS_UP": "SURIAN - SP. PADANG ARO", "NM_JBT_UPD": "SUNGAI KAPUR", "PROVINSI": "SUMATERA BARAT", "No_Prov_26": "06", "ID_Jbt_26": "0600704", "Kd_Ruas_26": "06054", "Suffix_26": null, "Nm_Ruas_26": "SURIAN - SP. PADANG ARO", "Lintas_26": "NON LINTAS", "No_Jbt_26": "06.054.041.0", "Nm_Jbt_26": "SUNGAI KAPUR", "Status_26": "N", "Fungsi_26": "A", "Lks_Dr_26": "PDG", "Lks_km_26": 157.4, "F_STA_26": "5560", "Cadin_26": "SLS", "Pjg_Jbt_26": 30.8, "Btg_Pjg_26": 30.3, "Jml_Btg_26": "1", "Lb_Jl_Ms26": 5.7, "Lb_Jl_Kl26": 5.7, "Lb_Lalin26": 5.7, "Lb_Bh_Ki26": 0.14, "Lb_Bh_Ka26": 0.14, "Lb_Dr_Ki26": 0.0, "Lb_Dr_Ka26": 0.0, "Lb_Tr_Ki26": 0.45, "Lb_Tr_Ka26": 0.45, "Lb_TS_Ki26": 0.0, "Lb_TS_Ka26": 0.0, "Lb_Med_26": 0.0, "Lbr_Jbt_26": 6.88, "Bgn_Ats_26": "GBP", "Jns_Jbt_26": "STANDAR", "Thn_Bgn_26": "1992", "BA_26": "1", "LNT_26": "1", "BB_26": "1", "DAS_26": "1", "OP_26": "0", "UT_26": "0", "GR_26": "0", "LB_26": "0", "JBT_26": "1", "Tp_Lnts_26": "SUNGAI", "Dt_Lnts_26": "LURUS", "Pnangnn_26": "RUTIN", "Pmriksn_26": "TIDAK DISURVEI", "Pnglola_26": "BPJN SUMATERA BARAT", "Satkr_ID26": "693876", "PPK_Name26": "PPK 2.5", "Traffic_26": null, "VCR_26": "0.258", "AADT_26": null, "Tipe_Jb_26": null, "Lat_26": -1.58287799402, "Long_26": 101.188957214, "Tgl_Ins_26": "9\/24\/2020", "Ket_26": null }, "geometry": { "type": "Point", "coordinates": [ 101.18895721400429, -1.582877994024159 ] } },
{ "type": "Feature", "properties": { "KDRUAS_UPD": "06054", "NOJBT_UPD": "06.054.043.0", "NM_RUAS_UP": "SURIAN - SP. PADANG ARO", "NM_JBT_UPD": "BATANG SANGIR", "PROVINSI": "SUMATERA BARAT", "No_Prov_26": "06", "ID_Jbt_26": "0600706", "Kd_Ruas_26": "06054", "Suffix_26": null, "Nm_Ruas_26": "SURIAN - SP. PADANG ARO", "Lintas_26": "NON LINTAS", "No_Jbt_26": "06.054.043.0", "Nm_Jbt_26": "BATANG SANGIR", "Status_26": "N", "Fungsi_26": "A", "Lks_Dr_26": "PDG", "Lks_km_26": 160.8, "F_STA_26": "5890", "Cadin_26": "SLS", "Pjg_Jbt_26": 36.9, "Btg_Pjg_26": 36.0, "Jml_Btg_26": "1", "Lb_Jl_Ms26": 6.0, "Lb_Jl_Kl26": 6.0, "Lb_Lalin26": 6.0, "Lb_Bh_Ki26": 0.34, "Lb_Bh_Ka26": 0.34, "Lb_Dr_Ki26": 0.0, "Lb_Dr_Ka26": 0.0, "Lb_Tr_Ki26": 0.45, "Lb_Tr_Ka26": 0.45, "Lb_TS_Ki26": 0.0, "Lb_TS_Ka26": 0.0, "Lb_Med_26": 0.0, "Lbr_Jbt_26": 7.58, "Bgn_Ats_26": "RBR", "Jns_Jbt_26": "STANDAR", "Thn_Bgn_26": "1992", "BA_26": "2", "LNT_26": "1", "BB_26": "1", "DAS_26": "1", "OP_26": "1", "UT_26": "0", "GR_26": "0", "LB_26": "0", "JBT_26": "2", "Tp_Lnts_26": "SUNGAI", "Dt_Lnts_26": "LURUS", "Pnangnn_26": "RUTIN", "Pmriksn_26": "DETAIL", "Pnglola_26": "BPJN SUMATERA BARAT", "Satkr_ID26": "693876", "PPK_Name26": "PPK 2.5", "Traffic_26": null, "VCR_26": "0.258", "AADT_26": null, "Tipe_Jb_26": null, "Lat_26": -1.5694589615600001, "Long_26": 101.211875916, "Tgl_Ins_26": "5\/18\/2026", "Ket_26": null }, "geometry": { "type": "Point", "coordinates": [ 101.211875915641031, -1.569458961561793 ] } },
{ "type": "Feature", "properties": { "KDRUAS_UPD": "06054", "NOJBT_UPD": "06.054.044.0", "NM_RUAS_UP": "SURIAN - SP. PADANG ARO", "NM_JBT_UPD": "SUNGAI LAMBAI 1", "PROVINSI": "SUMATERA BARAT", "No_Prov_26": "06", "ID_Jbt_26": "0600707", "Kd_Ruas_26": "06054", "Suffix_26": null, "Nm_Ruas_26": "SURIAN - SP. PADANG ARO", "Lintas_26": "NON LINTAS", "No_Jbt_26": "06.054.044.0", "Nm_Jbt_26": "SUNGAI LAMBAI 1", "Status_26": "N", "Fungsi_26": "A", "Lks_Dr_26": "PDG", "Lks_km_26": 161.9, "F_STA_26": "6000", "Cadin_26": "SLS", "Pjg_Jbt_26": 10.6, "Btg_Pjg_26": 10.0, "Jml_Btg_26": "1", "Lb_Jl_Ms26": 10.1, "Lb_Jl_Kl26": 10.1, "Lb_Lalin26": 10.1, "Lb_Bh_Ki26": 0.5, "Lb_Bh_Ka26": 0.5, "Lb_Dr_Ki26": 0.0, "Lb_Dr_Ka26": 0.0, "Lb_Tr_Ki26": 0.49, "Lb_Tr_Ka26": 0.49, "Lb_TS_Ki26": 0.0, "Lb_TS_Ka26": 0.0, "Lb_Med_26": 0.0, "Lbr_Jbt_26": 12.08, "Bgn_Ats_26": "GTP", "Jns_Jbt_26": "STANDAR", "Thn_Bgn_26": "2021", "BA_26": "1", "LNT_26": "1", "BB_26": "0", "DAS_26": "2", "OP_26": "0", "UT_26": "0", "GR_26": "0", "LB_26": "0", "JBT_26": "2", "Tp_Lnts_26": "SUNGAI", "Dt_Lnts_26": "LURUS", "Pnangnn_26": "RUTIN", "Pmriksn_26": "RUTIN", "Pnglola_26": "BPJN SUMATERA BARAT", "Satkr_ID26": "693876", "PPK_Name26": "PPK 2.5", "Traffic_26": null, "VCR_26": "0.258", "AADT_26": null, "Tipe_Jb_26": null, "Lat_26": -1.56828796871, "Long_26": 101.22101593, "Tgl_Ins_26": "10\/2\/2022", "Ket_26": null }, "geometry": { "type": "Point", "coordinates": [ 101.221015929741441, -1.568287968714742 ] } },
{ "type": "Feature", "properties": { "KDRUAS_UPD": "06054", "NOJBT_UPD": "06.054.045.0", "NM_RUAS_UP": "SURIAN - SP. PADANG ARO", "NM_JBT_UPD": "SUNGAI RAMBUTAN", "PROVINSI": "SUMATERA BARAT", "No_Prov_26": "06", "ID_Jbt_26": "0600708", "Kd_Ruas_26": "06054", "Suffix_26": null, "Nm_Ruas_26": "SURIAN - SP. PADANG ARO", "Lintas_26": "NON LINTAS", "No_Jbt_26": "06.054.045.0", "Nm_Jbt_26": "SUNGAI RAMBUTAN", "Status_26": "N", "Fungsi_26": "A", "Lks_Dr_26": "PDG", "Lks_km_26": 163.15, "F_STA_26": "6120", "Cadin_26": "SLS", "Pjg_Jbt_26": 30.6, "Btg_Pjg_26": 30.0, "Jml_Btg_26": "1", "Lb_Jl_Ms26": 6.0, "Lb_Jl_Kl26": 6.0, "Lb_Lalin26": 6.0, "Lb_Bh_Ki26": 0.0, "Lb_Bh_Ka26": 0.0, "Lb_Dr_Ki26": 0.0, "Lb_Dr_Ka26": 0.0, "Lb_Tr_Ki26": 0.46, "Lb_Tr_Ka26": 0.46, "Lb_TS_Ki26": 0.0, "Lb_TS_Ka26": 0.0, "Lb_Med_26": 0.0, "Lbr_Jbt_26": 6.92, "Bgn_Ats_26": "GBP", "Jns_Jbt_26": "STANDAR", "Thn_Bgn_26": "1993", "BA_26": "1", "LNT_26": "1", "BB_26": "1", "DAS_26": "2", "OP_26": "0", "UT_26": "0", "GR_26": "0", "LB_26": "0", "JBT_26": "2", "Tp_Lnts_26": "SUNGAI", "Dt_Lnts_26": "LURUS", "Pnangnn_26": "RUTIN", "Pmriksn_26": "RUTIN", "Pnglola_26": "BPJN SUMATERA BARAT", "Satkr_ID26": "693876", "PPK_Name26": "PPK 2.5", "Traffic_26": null, "VCR_26": "0.258", "AADT_26": null, "Tipe_Jb_26": null, "Lat_26": -1.5618549589399999, "Long_26": 101.22965240499998, "Tgl_Ins_26": "9\/24\/2020", "Ket_26": null }, "geometry": { "type": "Point", "coordinates": [ 101.229652405334321, -1.561854958939136 ] } },
{ "type": "Feature", "properties": { "KDRUAS_UPD": "06054", "NOJBT_UPD": "06.054.046.0", "NM_RUAS_UP": "SURIAN - SP. PADANG ARO", "NM_JBT_UPD": "SUNGAI LAMBAI 2", "PROVINSI": "SUMATERA BARAT", "No_Prov_26": "06", "ID_Jbt_26": "0600709", "Kd_Ruas_26": "06054", "Suffix_26": null, "Nm_Ruas_26": "SURIAN - SP. PADANG ARO", "Lintas_26": "NON LINTAS", "No_Jbt_26": "06.054.046.0", "Nm_Jbt_26": "SUNGAI LAMBAI 2", "Status_26": "N", "Fungsi_26": "A", "Lks_Dr_26": "PDG", "Lks_km_26": 163.3, "F_STA_26": "6140", "Cadin_26": "SLS", "Pjg_Jbt_26": 17.0, "Btg_Pjg_26": 16.5, "Jml_Btg_26": "1", "Lb_Jl_Ms26": 6.4, "Lb_Jl_Kl26": 6.4, "Lb_Lalin26": 6.4, "Lb_Bh_Ki26": 0.54, "Lb_Bh_Ka26": 0.54, "Lb_Dr_Ki26": 0.0, "Lb_Dr_Ka26": 0.0, "Lb_Tr_Ki26": 0.96, "Lb_Tr_Ka26": 0.96, "Lb_TS_Ki26": 0.25, "Lb_TS_Ka26": 0.25, "Lb_Med_26": 0.0, "Lbr_Jbt_26": 9.9, "Bgn_Ats_26": "GTP", "Jns_Jbt_26": "STANDAR", "Thn_Bgn_26": "1980", "BA_26": "2", "LNT_26": "1", "BB_26": "2", "DAS_26": "1", "OP_26": "1", "UT_26": "0", "GR_26": "0", "LB_26": "0", "JBT_26": "2", "Tp_Lnts_26": "SUNGAI", "Dt_Lnts_26": "LURUS", "Pnangnn_26": "RUTIN", "Pmriksn_26": "RUTIN", "Pnglola_26": "BPJN SUMATERA BARAT", "Satkr_ID26": "693876", "PPK_Name26": "PPK 2.5", "Traffic_26": null, "VCR_26": "0.258", "AADT_26": null, "Tipe_Jb_26": null, "Lat_26": -1.5618000031699999, "Long_26": 101.231132507, "Tgl_Ins_26": "6\/21\/2024", "Ket_26": null }, "geometry": { "type": "Point", "coordinates": [ 101.231132506859751, -1.561800003167548 ] } },
{ "type": "Feature", "properties": { "KDRUAS_UPD": "06054", "NOJBT_UPD": "06.054.047.0", "NM_RUAS_UP": "SURIAN - SP. PADANG ARO", "NM_JBT_UPD": "SUNGAI BELANGIR", "PROVINSI": "SUMATERA BARAT", "No_Prov_26": "06", "ID_Jbt_26": "0600710", "Kd_Ruas_26": "06054", "Suffix_26": null, "Nm_Ruas_26": "SURIAN - SP. PADANG ARO", "Lintas_26": "NON LINTAS", "No_Jbt_26": "06.054.047.0", "Nm_Jbt_26": "SUNGAI BELANGIR", "Status_26": "N", "Fungsi_26": "A", "Lks_Dr_26": "PDG", "Lks_km_26": 164.5, "F_STA_26": "6230", "Cadin_26": "SLS", "Pjg_Jbt_26": 30.6, "Btg_Pjg_26": 30.0, "Jml_Btg_26": "1", "Lb_Jl_Ms26": 6.0, "Lb_Jl_Kl26": 6.0, "Lb_Lalin26": 6.0, "Lb_Bh_Ki26": 0.0, "Lb_Bh_Ka26": 0.0, "Lb_Dr_Ki26": 0.0, "Lb_Dr_Ka26": 0.0, "Lb_Tr_Ki26": 0.45, "Lb_Tr_Ka26": 0.45, "Lb_TS_Ki26": 0.0, "Lb_TS_Ka26": 0.0, "Lb_Med_26": 0.0, "Lbr_Jbt_26": 6.9, "Bgn_Ats_26": "GBP", "Jns_Jbt_26": "STANDAR", "Thn_Bgn_26": "1991", "BA_26": "2", "LNT_26": "1", "BB_26": "1", "DAS_26": "1", "OP_26": "0", "UT_26": "0", "GR_26": "0", "LB_26": "0", "JBT_26": "2", "Tp_Lnts_26": "SUNGAI", "Dt_Lnts_26": "LURUS", "Pnangnn_26": "RUTIN", "Pmriksn_26": "RUTIN", "Pnglola_26": "BPJN SUMATERA BARAT", "Satkr_ID26": "693876", "PPK_Name26": "PPK 2.5", "Traffic_26": null, "VCR_26": "0.258", "AADT_26": null, "Tipe_Jb_26": null, "Lat_26": -1.55816698042, "Long_26": 101.236228943, "Tgl_Ins_26": "9\/24\/2020", "Ket_26": null }, "geometry": { "type": "Point", "coordinates": [ 101.236228943311119, -1.558166980421788 ] } },
{ "type": "Feature", "properties": { "KDRUAS_UPD": "06054", "NOJBT_UPD": "06.054.048.0", "NM_RUAS_UP": "SURIAN - SP. PADANG ARO", "NM_JBT_UPD": "SUNGAI NAPAR", "PROVINSI": "SUMATERA BARAT", "No_Prov_26": "06", "ID_Jbt_26": "0600711", "Kd_Ruas_26": "06054", "Suffix_26": null, "Nm_Ruas_26": "SURIAN - SP. PADANG ARO", "Lintas_26": "NON LINTAS", "No_Jbt_26": "06.054.048.0", "Nm_Jbt_26": "SUNGAI NAPAR", "Status_26": "N", "Fungsi_26": "A", "Lks_Dr_26": "PDG", "Lks_km_26": 164.85, "F_STA_26": "6290", "Cadin_26": "SLS", "Pjg_Jbt_26": 60.9, "Btg_Pjg_26": 60.0, "Jml_Btg_26": "1", "Lb_Jl_Ms26": 5.4, "Lb_Jl_Kl26": 5.4, "Lb_Lalin26": 5.4, "Lb_Bh_Ki26": 0.32, "Lb_Bh_Ka26": 0.32, "Lb_Dr_Ki26": 0.0, "Lb_Dr_Ka26": 0.0, "Lb_Tr_Ki26": 0.49, "Lb_Tr_Ka26": 0.59, "Lb_TS_Ki26": 0.0, "Lb_TS_Ka26": 0.0, "Lb_Med_26": 0.0, "Lbr_Jbt_26": 7.12, "Bgn_Ats_26": "RBR", "Jns_Jbt_26": "STANDAR", "Thn_Bgn_26": "1992", "BA_26": "2", "LNT_26": "0", "BB_26": "1", "DAS_26": "0", "OP_26": "1", "UT_26": "0", "GR_26": "0", "LB_26": "0", "JBT_26": "2", "Tp_Lnts_26": "SUNGAI", "Dt_Lnts_26": "LURUS", "Pnangnn_26": "RUTIN", "Pmriksn_26": "RUTIN", "Pnglola_26": "BPJN SUMATERA BARAT", "Satkr_ID26": "693876", "PPK_Name26": "PPK 2.5", "Traffic_26": null, "VCR_26": "0.258", "AADT_26": null, "Tipe_Jb_26": null, "Lat_26": -1.55539703345, "Long_26": 101.23986053500001, "Tgl_Ins_26": "6\/12\/2025", "Ket_26": null }, "geometry": { "type": "Point", "coordinates": [ 101.23986053523555, -1.555397033446297 ] } },
{ "type": "Feature", "properties": { "KDRUAS_UPD": "06054", "NOJBT_UPD": "06.054.049.0", "NM_RUAS_UP": "SURIAN - SP. PADANG ARO", "NM_JBT_UPD": "BATANG TIMBULUN", "PROVINSI": "SUMATERA BARAT", "No_Prov_26": "06", "ID_Jbt_26": "0600712", "Kd_Ruas_26": "06054", "Suffix_26": null, "Nm_Ruas_26": "SURIAN - SP. PADANG ARO", "Lintas_26": "NON LINTAS", "No_Jbt_26": "06.054.049.0", "Nm_Jbt_26": "BATANG TIMBULUN", "Status_26": "N", "Fungsi_26": "A", "Lks_Dr_26": "PDG", "Lks_km_26": 165.5, "F_STA_26": "6340", "Cadin_26": "SLS", "Pjg_Jbt_26": 102.5, "Btg_Pjg_26": 100.0, "Jml_Btg_26": "1", "Lb_Jl_Ms26": 6.0, "Lb_Jl_Kl26": 6.0, "Lb_Lalin26": 6.0, "Lb_Bh_Ki26": 0.28, "Lb_Bh_Ka26": 0.28, "Lb_Dr_Ki26": 0.0, "Lb_Dr_Ka26": 0.0, "Lb_Tr_Ki26": 0.47, "Lb_Tr_Ka26": 0.47, "Lb_TS_Ki26": 0.0, "Lb_TS_Ka26": 0.0, "Lb_Med_26": 0.0, "Lbr_Jbt_26": 7.5, "Bgn_Ats_26": "RBR", "Jns_Jbt_26": "KHUSUS", "Thn_Bgn_26": "1992", "BA_26": "2", "LNT_26": "0", "BB_26": "0", "DAS_26": "1", "OP_26": "0", "UT_26": "1", "GR_26": "0", "LB_26": "0", "JBT_26": "2", "Tp_Lnts_26": "SUNGAI", "Dt_Lnts_26": "LURUS", "Pnangnn_26": "RUTIN", "Pmriksn_26": "DETAIL", "Pnglola_26": "BPJN SUMATERA BARAT", "Satkr_ID26": "693876", "PPK_Name26": "PPK 2.5", "Traffic_26": null, "VCR_26": "0.258", "AADT_26": null, "Tipe_Jb_26": null, "Lat_26": -1.55432105038, "Long_26": 101.244216919, "Tgl_Ins_26": "5\/18\/2026", "Ket_26": null }, "geometry": { "type": "Point", "coordinates": [ 101.244216918675932, -1.554321050376132 ] } },
{ "type": "Feature", "properties": { "KDRUAS_UPD": "06055", "NOJBT_UPD": "06.055.002.0", "NM_RUAS_UP": "SP. PADANG ARO - BTS. JAMBI", "NM_JBT_UPD": "SUNGAI PADI", "PROVINSI": "SUMATERA BARAT", "No_Prov_26": "06", "ID_Jbt_26": "0600715", "Kd_Ruas_26": "06055", "Suffix_26": null, "Nm_Ruas_26": "SP. PADANG ARO - BTS. JAMBI", "Lintas_26": "NON LINTAS", "No_Jbt_26": "06.055.002.0", "Nm_Jbt_26": "SUNGAI PADI", "Status_26": "N", "Fungsi_26": "A", "Lks_Dr_26": "PDG", "Lks_km_26": 173.1, "F_STA_26": "730", "Cadin_26": "SLS", "Pjg_Jbt_26": 20.6, "Btg_Pjg_26": 20.0, "Jml_Btg_26": "1", "Lb_Jl_Ms26": 6.0, "Lb_Jl_Kl26": 6.0, "Lb_Lalin26": 6.0, "Lb_Bh_Ki26": 0.0, "Lb_Bh_Ka26": 0.0, "Lb_Dr_Ki26": 0.0, "Lb_Dr_Ka26": 0.0, "Lb_Tr_Ki26": 0.46, "Lb_Tr_Ka26": 0.46, "Lb_TS_Ki26": 0.0, "Lb_TS_Ka26": 0.0, "Lb_Med_26": 0.0, "Lbr_Jbt_26": 6.92, "Bgn_Ats_26": "GBP", "Jns_Jbt_26": "STANDAR", "Thn_Bgn_26": "1991", "BA_26": "2", "LNT_26": "1", "BB_26": "1", "DAS_26": "1", "OP_26": "0", "UT_26": "0", "GR_26": "0", "LB_26": "0", "JBT_26": "2", "Tp_Lnts_26": "SUNGAI", "Dt_Lnts_26": "LURUS", "Pnangnn_26": "RUTIN", "Pmriksn_26": "RUTIN", "Pnglola_26": "BPJN SUMATERA BARAT", "Satkr_ID26": "693876", "PPK_Name26": "PPK 2.5", "Traffic_26": null, "VCR_26": "0.164", "AADT_26": null, "Tipe_Jb_26": null, "Lat_26": -1.60619401974, "Long_26": 101.273033142, "Tgl_Ins_26": "9\/25\/2020", "Ket_26": null }, "geometry": { "type": "Point", "coordinates": [ 101.273033142265774, -1.606194019738155 ] } },
{ "type": "Feature", "properties": { "KDRUAS_UPD": "06055", "NOJBT_UPD": "06.055.003.0", "NM_RUAS_UP": "SP. PADANG ARO - BTS. JAMBI", "NM_JBT_UPD": "JEMBATAN SS", "PROVINSI": "SUMATERA BARAT", "No_Prov_26": "06", "ID_Jbt_26": "0600716", "Kd_Ruas_26": "06055", "Suffix_26": null, "Nm_Ruas_26": "SP. PADANG ARO - BTS. JAMBI", "Lintas_26": "NON LINTAS", "No_Jbt_26": "06.055.003.0", "Nm_Jbt_26": "JEMBATAN SS", "Status_26": "N", "Fungsi_26": "A", "Lks_Dr_26": "PDG", "Lks_km_26": 173.1, "F_STA_26": "790", "Cadin_26": "SLS", "Pjg_Jbt_26": 30.8, "Btg_Pjg_26": 30.0, "Jml_Btg_26": "1", "Lb_Jl_Ms26": 7.0, "Lb_Jl_Kl26": 7.0, "Lb_Lalin26": 7.0, "Lb_Bh_Ki26": 0.0, "Lb_Bh_Ka26": 0.0, "Lb_Dr_Ki26": 0.0, "Lb_Dr_Ka26": 0.0, "Lb_Tr_Ki26": 1.04, "Lb_Tr_Ka26": 1.04, "Lb_TS_Ki26": 0.0, "Lb_TS_Ka26": 0.0, "Lb_Med_26": 0.0, "Lbr_Jbt_26": 9.08, "Bgn_Ats_26": "GBP", "Jns_Jbt_26": "STANDAR", "Thn_Bgn_26": "1991", "BA_26": "2", "LNT_26": "1", "BB_26": "1", "DAS_26": "1", "OP_26": "0", "UT_26": "0", "GR_26": "0", "LB_26": "0", "JBT_26": "2", "Tp_Lnts_26": "SUNGAI", "Dt_Lnts_26": "LURUS", "Pnangnn_26": "RUTIN", "Pmriksn_26": "RUTIN", "Pnglola_26": "BPJN SUMATERA BARAT", "Satkr_ID26": "693876", "PPK_Name26": "PPK 2.5", "Traffic_26": null, "VCR_26": "0.164", "AADT_26": null, "Tipe_Jb_26": null, "Lat_26": -1.60548996929, "Long_26": 101.27711486799998, "Tgl_Ins_26": "9\/25\/2020", "Ket_26": null }, "geometry": { "type": "Point", "coordinates": [ 101.277114868256604, -1.605489969286623 ] } },
{ "type": "Feature", "properties": { "KDRUAS_UPD": "06055", "NOJBT_UPD": "06.055.004.0", "NM_RUAS_UP": "SP. PADANG ARO - BTS. JAMBI", "NM_JBT_UPD": "TELUK AIR PUTIH", "PROVINSI": "SUMATERA BARAT", "No_Prov_26": "06", "ID_Jbt_26": "0600717", "Kd_Ruas_26": "06055", "Suffix_26": null, "Nm_Ruas_26": "SP. PADANG ARO - BTS. JAMBI", "Lintas_26": "NON LINTAS", "No_Jbt_26": "06.055.004.0", "Nm_Jbt_26": "TELUK AIR PUTIH", "Status_26": "N", "Fungsi_26": "A", "Lks_Dr_26": "PDG", "Lks_km_26": 178.7, "F_STA_26": "1270", "Cadin_26": "SLS", "Pjg_Jbt_26": 25.8, "Btg_Pjg_26": 25.3, "Jml_Btg_26": "1", "Lb_Jl_Ms26": 5.4, "Lb_Jl_Kl26": 5.4, "Lb_Lalin26": 5.4, "Lb_Bh_Ki26": 0.44, "Lb_Bh_Ka26": 0.44, "Lb_Dr_Ki26": 0.0, "Lb_Dr_Ka26": 0.0, "Lb_Tr_Ki26": 0.47, "Lb_Tr_Ka26": 0.47, "Lb_TS_Ki26": 0.29, "Lb_TS_Ka26": 0.29, "Lb_Med_26": 0.0, "Lbr_Jbt_26": 7.8, "Bgn_Ats_26": "GTP", "Jns_Jbt_26": "STANDAR", "Thn_Bgn_26": "1999", "BA_26": "1", "LNT_26": "1", "BB_26": "1", "DAS_26": "1", "OP_26": "0", "UT_26": "0", "GR_26": "0", "LB_26": "0", "JBT_26": "1", "Tp_Lnts_26": "SUNGAI", "Dt_Lnts_26": "BERKELOK (MEANDER)", "Pnangnn_26": "RUTIN", "Pmriksn_26": "TIDAK DISURVEI", "Pnglola_26": "BPJN SUMATERA BARAT", "Satkr_ID26": "693876", "PPK_Name26": "PPK 2.5", "Traffic_26": null, "VCR_26": "0.164", "AADT_26": null, "Tipe_Jb_26": null, "Lat_26": -1.5914340018799999, "Long_26": 101.31238555900001, "Tgl_Ins_26": "9\/25\/2020", "Ket_26": null }, "geometry": { "type": "Point", "coordinates": [ 101.312385559446057, -1.591434001877644 ] } },
{ "type": "Feature", "properties": { "KDRUAS_UPD": "06055", "NOJBT_UPD": "06.055.005.0", "NM_RUAS_UP": "SP. PADANG ARO - BTS. JAMBI", "NM_JBT_UPD": "SUNGAI NAN PANJANG", "PROVINSI": "SUMATERA BARAT", "No_Prov_26": "06", "ID_Jbt_26": "0600718", "Kd_Ruas_26": "06055", "Suffix_26": null, "Nm_Ruas_26": "SP. PADANG ARO - BTS. JAMBI", "Lintas_26": "NON LINTAS", "No_Jbt_26": "06.055.005.0", "Nm_Jbt_26": "SUNGAI NAN PANJANG", "Status_26": "N", "Fungsi_26": "A", "Lks_Dr_26": "PDG", "Lks_km_26": 181.8, "F_STA_26": "1570", "Cadin_26": "SLS", "Pjg_Jbt_26": 26.1, "Btg_Pjg_26": 25.6, "Jml_Btg_26": "1", "Lb_Jl_Ms26": 5.3, "Lb_Jl_Kl26": 5.3, "Lb_Lalin26": 5.3, "Lb_Bh_Ki26": 0.3, "Lb_Bh_Ka26": 0.3, "Lb_Dr_Ki26": 0.18, "Lb_Dr_Ka26": 0.18, "Lb_Tr_Ki26": 0.47, "Lb_Tr_Ka26": 0.47, "Lb_TS_Ki26": 0.3, "Lb_TS_Ka26": 0.3, "Lb_Med_26": 0.0, "Lbr_Jbt_26": 7.8, "Bgn_Ats_26": "GTP", "Jns_Jbt_26": "STANDAR", "Thn_Bgn_26": "1994", "BA_26": "2", "LNT_26": "1", "BB_26": "1", "DAS_26": "2", "OP_26": "1", "UT_26": "0", "GR_26": "0", "LB_26": "0", "JBT_26": "2", "Tp_Lnts_26": "SUNGAI", "Dt_Lnts_26": "LURUS", "Pnangnn_26": "RUTIN", "Pmriksn_26": "RUTIN", "Pnglola_26": "BPJN SUMATERA BARAT", "Satkr_ID26": "693876", "PPK_Name26": "PPK 2.5", "Traffic_26": null, "VCR_26": "0.164", "AADT_26": null, "Tipe_Jb_26": null, "Lat_26": -1.60864400861, "Long_26": 101.321922302, "Tgl_Ins_26": "6\/26\/2023", "Ket_26": null }, "geometry": { "type": "Point", "coordinates": [ 101.321922302272469, -1.608644008614078 ] } },
{ "type": "Feature", "properties": { "KDRUAS_UPD": "06055", "NOJBT_UPD": "06.055.006.0", "NM_RUAS_UP": "SP. PADANG ARO - BTS. JAMBI", "NM_JBT_UPD": "PELENGKUNG", "PROVINSI": "SUMATERA BARAT", "No_Prov_26": "06", "ID_Jbt_26": "0600719", "Kd_Ruas_26": "06055", "Suffix_26": null, "Nm_Ruas_26": "SP. PADANG ARO - BTS. JAMBI", "Lintas_26": "NON LINTAS", "No_Jbt_26": "06.055.006.0", "Nm_Jbt_26": "PELENGKUNG", "Status_26": "N", "Fungsi_26": "A", "Lks_Dr_26": "PDG", "Lks_km_26": 184.2, "F_STA_26": "1870", "Cadin_26": "SLS", "Pjg_Jbt_26": 10.6, "Btg_Pjg_26": 10.0, "Jml_Btg_26": "1", "Lb_Jl_Ms26": 5.5, "Lb_Jl_Kl26": 5.5, "Lb_Lalin26": 5.5, "Lb_Bh_Ki26": 0.33, "Lb_Bh_Ka26": 0.33, "Lb_Dr_Ki26": 0.0, "Lb_Dr_Ka26": 0.0, "Lb_Tr_Ki26": 0.44, "Lb_Tr_Ka26": 0.44, "Lb_TS_Ki26": 0.0, "Lb_TS_Ka26": 0.0, "Lb_Med_26": 0.0, "Lbr_Jbt_26": 7.04, "Bgn_Ats_26": "GTP", "Jns_Jbt_26": "STANDAR", "Thn_Bgn_26": "1972", "BA_26": "1", "LNT_26": "1", "BB_26": "2", "DAS_26": "0", "OP_26": "1", "UT_26": "0", "GR_26": "0", "LB_26": "0", "JBT_26": "2", "Tp_Lnts_26": "SUNGAI", "Dt_Lnts_26": "BERKELOK (MEANDER)", "Pnangnn_26": "RUTIN", "Pmriksn_26": "RUTIN", "Pnglola_26": "BPJN SUMATERA BARAT", "Satkr_ID26": "693876", "PPK_Name26": "PPK 2.5", "Traffic_26": null, "VCR_26": "0.164", "AADT_26": null, "Tipe_Jb_26": null, "Lat_26": -1.62704002867, "Long_26": 101.334243774, "Tgl_Ins_26": "6\/22\/2024", "Ket_26": null }, "geometry": { "type": "Point", "coordinates": [ 101.334243774230856, -1.627040028674344 ] } },
{ "type": "Feature", "properties": { "KDRUAS_UPD": "06055", "NOJBT_UPD": "06.055.007.0", "NM_RUAS_UP": "SP. PADANG ARO - BTS. JAMBI", "NM_JBT_UPD": "SUNGAI KARAK", "PROVINSI": "SUMATERA BARAT", "No_Prov_26": "06", "ID_Jbt_26": "0600720", "Kd_Ruas_26": "06055", "Suffix_26": null, "Nm_Ruas_26": "SP. PADANG ARO - BTS. JAMBI", "Lintas_26": "NON LINTAS", "No_Jbt_26": "06.055.007.0", "Nm_Jbt_26": "SUNGAI KARAK", "Status_26": "N", "Fungsi_26": "A", "Lks_Dr_26": "PDG", "Lks_km_26": 184.2, "F_STA_26": "2190", "Cadin_26": "SLS", "Pjg_Jbt_26": 10.6, "Btg_Pjg_26": 10.0, "Jml_Btg_26": "1", "Lb_Jl_Ms26": 6.3, "Lb_Jl_Kl26": 6.3, "Lb_Lalin26": 6.3, "Lb_Bh_Ki26": 0.45, "Lb_Bh_Ka26": 0.45, "Lb_Dr_Ki26": 0.0, "Lb_Dr_Ka26": 0.0, "Lb_Tr_Ki26": 1.02, "Lb_Tr_Ka26": 1.02, "Lb_TS_Ki26": 0.18, "Lb_TS_Ka26": 0.18, "Lb_Med_26": 0.0, "Lbr_Jbt_26": 9.6, "Bgn_Ats_26": "EMP", "Jns_Jbt_26": "STANDAR", "Thn_Bgn_26": "1960", "BA_26": "2", "LNT_26": "1", "BB_26": "0", "DAS_26": "1", "OP_26": "1", "UT_26": "0", "GR_26": "2", "LB_26": "0", "JBT_26": "2", "Tp_Lnts_26": "SUNGAI", "Dt_Lnts_26": "LURUS", "Pnangnn_26": "RUTIN", "Pmriksn_26": "RUTIN", "Pnglola_26": "BPJN SUMATERA BARAT", "Satkr_ID26": "693876", "PPK_Name26": "PPK 2.5", "Traffic_26": null, "VCR_26": "0.164", "AADT_26": null, "Tipe_Jb_26": null, "Lat_26": -1.6456789969900001, "Long_26": 101.322341919, "Tgl_Ins_26": "6\/25\/2024", "Ket_26": null }, "geometry": { "type": "Point", "coordinates": [ 101.322341918744598, -1.645678996988067 ] } },
{ "type": "Feature", "properties": { "KDRUAS_UPD": "06055", "NOJBT_UPD": "06.055.008.0", "NM_RUAS_UP": "SP. PADANG ARO - BTS. JAMBI", "NM_JBT_UPD": "KELOK SAFARI", "PROVINSI": "SUMATERA BARAT", "No_Prov_26": "06", "ID_Jbt_26": "0600721", "Kd_Ruas_26": "06055", "Suffix_26": null, "Nm_Ruas_26": "SP. PADANG ARO - BTS. JAMBI", "Lintas_26": "NON LINTAS", "No_Jbt_26": "06.055.008.0", "Nm_Jbt_26": "KELOK SAFARI", "Status_26": "N", "Fungsi_26": "A", "Lks_Dr_26": "PDG", "Lks_km_26": 186.8, "F_STA_26": "2310", "Cadin_26": "SLS", "Pjg_Jbt_26": 10.1, "Btg_Pjg_26": 9.6, "Jml_Btg_26": "1", "Lb_Jl_Ms26": 3.8, "Lb_Jl_Kl26": 3.8, "Lb_Lalin26": 3.8, "Lb_Bh_Ki26": 0.45, "Lb_Bh_Ka26": 0.45, "Lb_Dr_Ki26": 0.0, "Lb_Dr_Ka26": 0.0, "Lb_Tr_Ki26": 0.3, "Lb_Tr_Ka26": 0.3, "Lb_TS_Ki26": 0.0, "Lb_TS_Ka26": 0.0, "Lb_Med_26": 0.0, "Lbr_Jbt_26": 5.3, "Bgn_Ats_26": "EMP", "Jns_Jbt_26": "STANDAR", "Thn_Bgn_26": "1972", "BA_26": "2", "LNT_26": "0", "BB_26": "0", "DAS_26": "1", "OP_26": "0", "UT_26": "0", "GR_26": "0", "LB_26": "0", "JBT_26": "2", "Tp_Lnts_26": "SUNGAI", "Dt_Lnts_26": "LURUS", "Pnangnn_26": "RUTIN", "Pmriksn_26": "RUTIN", "Pnglola_26": "BPJN SUMATERA BARAT", "Satkr_ID26": "693876", "PPK_Name26": "PPK 2.5", "Traffic_26": null, "VCR_26": "0.164", "AADT_26": null, "Tipe_Jb_26": null, "Lat_26": -1.6531020407300001, "Long_26": 101.320922852, "Tgl_Ins_26": "6\/13\/2025", "Ket_26": null }, "geometry": { "type": "Point", "coordinates": [ 101.320922852407762, -1.653102040726537 ] } },
{ "type": "Feature", "properties": { "KDRUAS_UPD": "06055", "NOJBT_UPD": "06.055.009.0", "NM_RUAS_UP": "SP. PADANG ARO - BTS. JAMBI", "NM_JBT_UPD": "PONDOK PISANG 1", "PROVINSI": "SUMATERA BARAT", "No_Prov_26": "06", "ID_Jbt_26": "0600722", "Kd_Ruas_26": "06055", "Suffix_26": null, "Nm_Ruas_26": "SP. PADANG ARO - BTS. JAMBI", "Lintas_26": "NON LINTAS", "No_Jbt_26": "06.055.009.0", "Nm_Jbt_26": "PONDOK PISANG 1", "Status_26": "N", "Fungsi_26": "A", "Lks_Dr_26": "PDG", "Lks_km_26": 190.2, "F_STA_26": "2430", "Cadin_26": "SLS", "Pjg_Jbt_26": 20.5, "Btg_Pjg_26": 20.0, "Jml_Btg_26": "1", "Lb_Jl_Ms26": 5.2, "Lb_Jl_Kl26": 5.2, "Lb_Lalin26": 5.2, "Lb_Bh_Ki26": 0.4, "Lb_Bh_Ka26": 0.4, "Lb_Dr_Ki26": 0.0, "Lb_Dr_Ka26": 0.0, "Lb_Tr_Ki26": 0.44, "Lb_Tr_Ka26": 0.44, "Lb_TS_Ki26": 0.0, "Lb_TS_Ka26": 0.0, "Lb_Med_26": 0.0, "Lbr_Jbt_26": 6.88, "Bgn_Ats_26": "GBP", "Jns_Jbt_26": "STANDAR", "Thn_Bgn_26": "1991", "BA_26": "1", "LNT_26": "1", "BB_26": "1", "DAS_26": "1", "OP_26": "0", "UT_26": "0", "GR_26": "0", "LB_26": "0", "JBT_26": "1", "Tp_Lnts_26": "SUNGAI", "Dt_Lnts_26": "LURUS", "Pnangnn_26": "RUTIN", "Pmriksn_26": "TIDAK DISURVEI", "Pnglola_26": "BPJN SUMATERA BARAT", "Satkr_ID26": "693876", "PPK_Name26": "PPK 2.5", "Traffic_26": null, "VCR_26": "0.164", "AADT_26": null, "Tipe_Jb_26": null, "Lat_26": -1.6605069640300001, "Long_26": 101.31820678699999, "Tgl_Ins_26": "8\/11\/2023", "Ket_26": null }, "geometry": { "type": "Point", "coordinates": [ 101.318206787413374, -1.660506964025103 ] } },
{ "type": "Feature", "properties": { "KDRUAS_UPD": "06055", "NOJBT_UPD": "06.055.010.0", "NM_RUAS_UP": "SP. PADANG ARO - BTS. JAMBI", "NM_JBT_UPD": "PONDOK PISANG 2", "PROVINSI": "SUMATERA BARAT", "No_Prov_26": "06", "ID_Jbt_26": "0600723", "Kd_Ruas_26": "06055", "Suffix_26": null, "Nm_Ruas_26": "SP. PADANG ARO - BTS. JAMBI", "Lintas_26": "NON LINTAS", "No_Jbt_26": "06.055.010.0", "Nm_Jbt_26": "PONDOK PISANG 2", "Status_26": "N", "Fungsi_26": "A", "Lks_Dr_26": "PDG", "Lks_km_26": 190.6, "F_STA_26": "2460", "Cadin_26": "SLS", "Pjg_Jbt_26": 25.6, "Btg_Pjg_26": 25.0, "Jml_Btg_26": "1", "Lb_Jl_Ms26": 5.3, "Lb_Jl_Kl26": 5.3, "Lb_Lalin26": 5.3, "Lb_Bh_Ki26": 0.44, "Lb_Bh_Ka26": 0.44, "Lb_Dr_Ki26": 0.0, "Lb_Dr_Ka26": 0.0, "Lb_Tr_Ki26": 0.45, "Lb_Tr_Ka26": 0.45, "Lb_TS_Ki26": 0.0, "Lb_TS_Ka26": 0.0, "Lb_Med_26": 0.0, "Lbr_Jbt_26": 7.08, "Bgn_Ats_26": "GBP", "Jns_Jbt_26": "STANDAR", "Thn_Bgn_26": "1991", "BA_26": "2", "LNT_26": "2", "BB_26": "1", "DAS_26": "2", "OP_26": "0", "UT_26": "0", "GR_26": "0", "LB_26": "0", "JBT_26": "2", "Tp_Lnts_26": "SUNGAI", "Dt_Lnts_26": "LURUS", "Pnangnn_26": "RUTIN", "Pmriksn_26": "RUTIN", "Pnglola_26": "BPJN SUMATERA BARAT", "Satkr_ID26": "693876", "PPK_Name26": "PPK 2.5", "Traffic_26": null, "VCR_26": "0.164", "AADT_26": null, "Tipe_Jb_26": null, "Lat_26": -1.6608799695300001, "Long_26": 101.320205688, "Tgl_Ins_26": "9\/28\/2020", "Ket_26": null }, "geometry": { "type": "Point", "coordinates": [ 101.320205688042108, -1.660879969534903 ] } },
{ "type": "Feature", "properties": { "KDRUAS_UPD": "06055", "NOJBT_UPD": "06.055.011.0", "NM_RUAS_UP": "SP. PADANG ARO - BTS. JAMBI", "NM_JBT_UPD": "PONDOK ANDALEH 1", "PROVINSI": "SUMATERA BARAT", "No_Prov_26": "06", "ID_Jbt_26": "0600724", "Kd_Ruas_26": "06055", "Suffix_26": null, "Nm_Ruas_26": "SP. PADANG ARO - BTS. JAMBI", "Lintas_26": "NON LINTAS", "No_Jbt_26": "06.055.011.0", "Nm_Jbt_26": "PONDOK ANDALEH 1", "Status_26": "N", "Fungsi_26": "A", "Lks_Dr_26": "PDG", "Lks_km_26": 191.0, "F_STA_26": "2480", "Cadin_26": "SLS", "Pjg_Jbt_26": 25.6, "Btg_Pjg_26": 25.0, "Jml_Btg_26": "1", "Lb_Jl_Ms26": 5.1, "Lb_Jl_Kl26": 5.1, "Lb_Lalin26": 5.1, "Lb_Bh_Ki26": 0.43, "Lb_Bh_Ka26": 0.43, "Lb_Dr_Ki26": 0.0, "Lb_Dr_Ka26": 0.0, "Lb_Tr_Ki26": 0.45, "Lb_Tr_Ka26": 0.45, "Lb_TS_Ki26": 0.0, "Lb_TS_Ka26": 0.0, "Lb_Med_26": 0.0, "Lbr_Jbt_26": 6.86, "Bgn_Ats_26": "GBP", "Jns_Jbt_26": "STANDAR", "Thn_Bgn_26": "1991", "BA_26": "2", "LNT_26": "1", "BB_26": "1", "DAS_26": "1", "OP_26": "0", "UT_26": "0", "GR_26": "0", "LB_26": "0", "JBT_26": "2", "Tp_Lnts_26": "SUNGAI", "Dt_Lnts_26": "LURUS", "Pnangnn_26": "RUTIN", "Pmriksn_26": "RUTIN", "Pnglola_26": "BPJN SUMATERA BARAT", "Satkr_ID26": "693876", "PPK_Name26": "PPK 2.5", "Traffic_26": null, "VCR_26": "0.164", "AADT_26": null, "Tipe_Jb_26": null, "Lat_26": -1.66119396693, "Long_26": 101.321647644, "Tgl_Ins_26": "9\/25\/2020", "Ket_26": null }, "geometry": { "type": "Point", "coordinates": [ 101.321647643923711, -1.66119396692801 ] } },
{ "type": "Feature", "properties": { "KDRUAS_UPD": "06055", "NOJBT_UPD": "06.055.012.0", "NM_RUAS_UP": "SP. PADANG ARO - BTS. JAMBI", "NM_JBT_UPD": "PONDOK ANDALEH 2", "PROVINSI": "SUMATERA BARAT", "No_Prov_26": "06", "ID_Jbt_26": "0600725", "Kd_Ruas_26": "06055", "Suffix_26": null, "Nm_Ruas_26": "SP. PADANG ARO - BTS. JAMBI", "Lintas_26": "NON LINTAS", "No_Jbt_26": "06.055.012.0", "Nm_Jbt_26": "PONDOK ANDALEH 2", "Status_26": "N", "Fungsi_26": "A", "Lks_Dr_26": "PDG", "Lks_km_26": 191.4, "F_STA_26": "2520", "Cadin_26": "SLS", "Pjg_Jbt_26": 32.2, "Btg_Pjg_26": 31.7, "Jml_Btg_26": "1", "Lb_Jl_Ms26": 5.3, "Lb_Jl_Kl26": 5.3, "Lb_Lalin26": 5.3, "Lb_Bh_Ki26": 0.46, "Lb_Bh_Ka26": 0.46, "Lb_Dr_Ki26": 0.0, "Lb_Dr_Ka26": 0.0, "Lb_Tr_Ki26": 0.85, "Lb_Tr_Ka26": 0.85, "Lb_TS_Ki26": 0.0, "Lb_TS_Ka26": 0.0, "Lb_Med_26": 0.0, "Lbr_Jbt_26": 7.92, "Bgn_Ats_26": "GTP", "Jns_Jbt_26": "STANDAR", "Thn_Bgn_26": "1994", "BA_26": "1", "LNT_26": "1", "BB_26": "1", "DAS_26": "2", "OP_26": "0", "UT_26": "0", "GR_26": "0", "LB_26": "0", "JBT_26": "2", "Tp_Lnts_26": "SUNGAI", "Dt_Lnts_26": "BERKELOK (MEANDER)", "Pnangnn_26": "RUTIN", "Pmriksn_26": "RUTIN", "Pnglola_26": "BPJN SUMATERA BARAT", "Satkr_ID26": "693876", "PPK_Name26": "PPK 2.5", "Traffic_26": null, "VCR_26": "0.164", "AADT_26": null, "Tipe_Jb_26": null, "Lat_26": -1.66146504867, "Long_26": 101.323669434, "Tgl_Ins_26": "9\/25\/2020", "Ket_26": null }, "geometry": { "type": "Point", "coordinates": [ 101.323669434097155, -1.661465048672994 ] } },
{ "type": "Feature", "properties": { "KDRUAS_UPD": "06055", "NOJBT_UPD": "06.055.013.0", "NM_RUAS_UP": "SP. PADANG ARO - BTS. JAMBI", "NM_JBT_UPD": "PONDOK KAYU ARO", "PROVINSI": "SUMATERA BARAT", "No_Prov_26": "06", "ID_Jbt_26": "0600726", "Kd_Ruas_26": "06055", "Suffix_26": null, "Nm_Ruas_26": "SP. PADANG ARO - BTS. JAMBI", "Lintas_26": "NON LINTAS", "No_Jbt_26": "06.055.013.0", "Nm_Jbt_26": "PONDOK KAYU ARO", "Status_26": "N", "Fungsi_26": "A", "Lks_Dr_26": "PDG", "Lks_km_26": 192.9, "F_STA_26": "2650", "Cadin_26": "SLS", "Pjg_Jbt_26": 32.3, "Btg_Pjg_26": 31.8, "Jml_Btg_26": "1", "Lb_Jl_Ms26": 5.3, "Lb_Jl_Kl26": 5.3, "Lb_Lalin26": 5.3, "Lb_Bh_Ki26": 0.36, "Lb_Bh_Ka26": 0.36, "Lb_Dr_Ki26": 0.0, "Lb_Dr_Ka26": 0.0, "Lb_Tr_Ki26": 0.82, "Lb_Tr_Ka26": 0.82, "Lb_TS_Ki26": 0.0, "Lb_TS_Ka26": 0.0, "Lb_Med_26": 0.0, "Lbr_Jbt_26": 7.66, "Bgn_Ats_26": "GPP", "Jns_Jbt_26": "STANDAR", "Thn_Bgn_26": "1994", "BA_26": "2", "LNT_26": "2", "BB_26": "1", "DAS_26": "1", "OP_26": "0", "UT_26": "0", "GR_26": "0", "LB_26": "0", "JBT_26": "2", "Tp_Lnts_26": "SUNGAI", "Dt_Lnts_26": "LURUS", "Pnangnn_26": "RUTIN", "Pmriksn_26": "RUTIN", "Pnglola_26": "BPJN SUMATERA BARAT", "Satkr_ID26": "693876", "PPK_Name26": "PPK 2.5", "Traffic_26": null, "VCR_26": "0.164", "AADT_26": null, "Tipe_Jb_26": null, "Lat_26": -1.66008400927, "Long_26": 101.330253601, "Tgl_Ins_26": "9\/25\/2020", "Ket_26": null }, "geometry": { "type": "Point", "coordinates": [ 101.330253601022946, -1.660084009269553 ] } },
{ "type": "Feature", "properties": { "KDRUAS_UPD": "06055", "NOJBT_UPD": "06.055.014.0", "NM_RUAS_UP": "SP. PADANG ARO - BTS. JAMBI", "NM_JBT_UPD": "SUNGAI TANANG", "PROVINSI": "SUMATERA BARAT", "No_Prov_26": "06", "ID_Jbt_26": "0600727", "Kd_Ruas_26": "06055", "Suffix_26": null, "Nm_Ruas_26": "SP. PADANG ARO - BTS. JAMBI", "Lintas_26": "NON LINTAS", "No_Jbt_26": "06.055.014.0", "Nm_Jbt_26": "SUNGAI TANANG", "Status_26": "N", "Fungsi_26": "A", "Lks_Dr_26": "PDG", "Lks_km_26": 193.4, "F_STA_26": "2740", "Cadin_26": "SLS", "Pjg_Jbt_26": 21.0, "Btg_Pjg_26": 20.5, "Jml_Btg_26": "1", "Lb_Jl_Ms26": 5.6, "Lb_Jl_Kl26": 5.6, "Lb_Lalin26": 5.6, "Lb_Bh_Ki26": 0.45, "Lb_Bh_Ka26": 0.45, "Lb_Dr_Ki26": 0.0, "Lb_Dr_Ka26": 0.0, "Lb_Tr_Ki26": 0.5, "Lb_Tr_Ka26": 0.5, "Lb_TS_Ki26": 0.15, "Lb_TS_Ka26": 0.15, "Lb_Med_26": 0.0, "Lbr_Jbt_26": 7.8, "Bgn_Ats_26": "GTP", "Jns_Jbt_26": "STANDAR", "Thn_Bgn_26": "1994", "BA_26": "1", "LNT_26": "1", "BB_26": "2", "DAS_26": "1", "OP_26": "0", "UT_26": "0", "GR_26": "0", "LB_26": "0", "JBT_26": "2", "Tp_Lnts_26": "SUNGAI", "Dt_Lnts_26": "LURUS", "Pnangnn_26": "RUTIN", "Pmriksn_26": "RUTIN", "Pnglola_26": "BPJN SUMATERA BARAT", "Satkr_ID26": "693876", "PPK_Name26": "PPK 2.5", "Traffic_26": null, "VCR_26": "0.164", "AADT_26": null, "Tipe_Jb_26": null, "Lat_26": -1.6650749444499999, "Long_26": 101.33330535900001, "Tgl_Ins_26": "8\/22\/2022", "Ket_26": null }, "geometry": { "type": "Point", "coordinates": [ 101.333305358655423, -1.665074944453067 ] } },
{ "type": "Feature", "properties": { "KDRUAS_UPD": "06055", "NOJBT_UPD": "06.055.015.0", "NM_RUAS_UP": "SP. PADANG ARO - BTS. JAMBI", "NM_JBT_UPD": "SUNGAI LICIN 1", "PROVINSI": "SUMATERA BARAT", "No_Prov_26": "06", "ID_Jbt_26": "0600728", "Kd_Ruas_26": "06055", "Suffix_26": null, "Nm_Ruas_26": "SP. PADANG ARO - BTS. JAMBI", "Lintas_26": "NON LINTAS", "No_Jbt_26": "06.055.015.0", "Nm_Jbt_26": "SUNGAI LICIN 1", "Status_26": "N", "Fungsi_26": "A", "Lks_Dr_26": "PDG", "Lks_km_26": 194.2, "F_STA_26": "2880", "Cadin_26": "SLS", "Pjg_Jbt_26": 26.5, "Btg_Pjg_26": 26.0, "Jml_Btg_26": "1", "Lb_Jl_Ms26": 5.4, "Lb_Jl_Kl26": 5.4, "Lb_Lalin26": 5.4, "Lb_Bh_Ki26": 0.43, "Lb_Bh_Ka26": 0.43, "Lb_Dr_Ki26": 0.0, "Lb_Dr_Ka26": 0.0, "Lb_Tr_Ki26": 0.46, "Lb_Tr_Ka26": 0.46, "Lb_TS_Ki26": 0.0, "Lb_TS_Ka26": 0.0, "Lb_Med_26": 0.0, "Lbr_Jbt_26": 7.18, "Bgn_Ats_26": "GTP", "Jns_Jbt_26": "STANDAR", "Thn_Bgn_26": "1994", "BA_26": "2", "LNT_26": "2", "BB_26": "0", "DAS_26": "0", "OP_26": "0", "UT_26": "0", "GR_26": "0", "LB_26": "0", "JBT_26": "2", "Tp_Lnts_26": "SUNGAI", "Dt_Lnts_26": "LURUS", "Pnangnn_26": "RUTIN", "Pmriksn_26": "RUTIN", "Pnglola_26": "BPJN SUMATERA BARAT", "Satkr_ID26": "693876", "PPK_Name26": "PPK 2.5", "Traffic_26": null, "VCR_26": "0.164", "AADT_26": null, "Tipe_Jb_26": null, "Lat_26": -1.67289495434, "Long_26": 101.33206939700001, "Tgl_Ins_26": "6\/26\/2023", "Ket_26": null }, "geometry": { "type": "Point", "coordinates": [ 101.332069396985162, -1.672894954338631 ] } },
{ "type": "Feature", "properties": { "KDRUAS_UPD": "06055", "NOJBT_UPD": "06.055.016.0", "NM_RUAS_UP": "SP. PADANG ARO - BTS. JAMBI", "NM_JBT_UPD": "SUNGAI LICIN 2", "PROVINSI": "SUMATERA BARAT", "No_Prov_26": "06", "ID_Jbt_26": "0600729", "Kd_Ruas_26": "06055", "Suffix_26": null, "Nm_Ruas_26": "SP. PADANG ARO - BTS. JAMBI", "Lintas_26": "NON LINTAS", "No_Jbt_26": "06.055.016.0", "Nm_Jbt_26": "SUNGAI LICIN 2", "Status_26": "N", "Fungsi_26": "A", "Lks_Dr_26": "PDG", "Lks_km_26": 195.5, "F_STA_26": "2920", "Cadin_26": "SLS", "Pjg_Jbt_26": 21.3, "Btg_Pjg_26": 21.0, "Jml_Btg_26": "1", "Lb_Jl_Ms26": 5.4, "Lb_Jl_Kl26": 5.4, "Lb_Lalin26": 5.4, "Lb_Bh_Ki26": 0.4, "Lb_Bh_Ka26": 0.4, "Lb_Dr_Ki26": 0.0, "Lb_Dr_Ka26": 0.0, "Lb_Tr_Ki26": 0.5, "Lb_Tr_Ka26": 0.5, "Lb_TS_Ki26": 0.2, "Lb_TS_Ka26": 0.2, "Lb_Med_26": 0.0, "Lbr_Jbt_26": 7.6, "Bgn_Ats_26": "GTP", "Jns_Jbt_26": "STANDAR", "Thn_Bgn_26": "1994", "BA_26": "2", "LNT_26": "1", "BB_26": "2", "DAS_26": "1", "OP_26": "0", "UT_26": "0", "GR_26": "0", "LB_26": "0", "JBT_26": "2", "Tp_Lnts_26": "SUNGAI", "Dt_Lnts_26": "LURUS", "Pnangnn_26": "BERKALA", "Pmriksn_26": "RUTIN", "Pnglola_26": "BPJN SUMATERA BARAT", "Satkr_ID26": "693876", "PPK_Name26": "PPK 2.5", "Traffic_26": null, "VCR_26": "0.164", "AADT_26": null, "Tipe_Jb_26": null, "Lat_26": -1.6749589443, "Long_26": 101.33307647700001, "Tgl_Ins_26": "8\/22\/2022", "Ket_26": null }, "geometry": { "type": "Point", "coordinates": [ 101.333076476698125, -1.674958944299817 ] } },
{ "type": "Feature", "properties": { "KDRUAS_UPD": "06055", "NOJBT_UPD": "06.055.017.0", "NM_RUAS_UP": "SP. PADANG ARO - BTS. JAMBI", "NM_JBT_UPD": "AIR AMPUH 1", "PROVINSI": "SUMATERA BARAT", "No_Prov_26": "06", "ID_Jbt_26": "0600730", "Kd_Ruas_26": "06055", "Suffix_26": null, "Nm_Ruas_26": "SP. PADANG ARO - BTS. JAMBI", "Lintas_26": "NON LINTAS", "No_Jbt_26": "06.055.017.0", "Nm_Jbt_26": "AIR AMPUH 1", "Status_26": "N", "Fungsi_26": "A", "Lks_Dr_26": "PDG", "Lks_km_26": 196.2, "F_STA_26": "2940", "Cadin_26": "SLS", "Pjg_Jbt_26": 26.1, "Btg_Pjg_26": 25.6, "Jml_Btg_26": "1", "Lb_Jl_Ms26": 5.5, "Lb_Jl_Kl26": 5.5, "Lb_Lalin26": 5.5, "Lb_Bh_Ki26": 0.47, "Lb_Bh_Ka26": 0.47, "Lb_Dr_Ki26": 0.0, "Lb_Dr_Ka26": 0.0, "Lb_Tr_Ki26": 0.43, "Lb_Tr_Ka26": 0.43, "Lb_TS_Ki26": 0.25, "Lb_TS_Ka26": 0.25, "Lb_Med_26": 0.0, "Lbr_Jbt_26": 7.8, "Bgn_Ats_26": "GTP", "Jns_Jbt_26": "STANDAR", "Thn_Bgn_26": "1994", "BA_26": "2", "LNT_26": "0", "BB_26": "2", "DAS_26": "2", "OP_26": "0", "UT_26": "0", "GR_26": "0", "LB_26": "0", "JBT_26": "2", "Tp_Lnts_26": "SUNGAI", "Dt_Lnts_26": "LURUS", "Pnangnn_26": "BERKALA", "Pmriksn_26": "RUTIN", "Pnglola_26": "BPJN SUMATERA BARAT", "Satkr_ID26": "693876", "PPK_Name26": "PPK 2.5", "Traffic_26": null, "VCR_26": "0.164", "AADT_26": null, "Tipe_Jb_26": null, "Lat_26": -1.6770689489699999, "Long_26": 101.33194732700001, "Tgl_Ins_26": "8\/19\/2022", "Ket_26": null }, "geometry": { "type": "Point", "coordinates": [ 101.331947326607917, -1.67706894897276 ] } },
{ "type": "Feature", "properties": { "KDRUAS_UPD": "06055", "NOJBT_UPD": "06.055.018.0", "NM_RUAS_UP": "SP. PADANG ARO - BTS. JAMBI", "NM_JBT_UPD": "AIR AMPUH 2", "PROVINSI": "SUMATERA BARAT", "No_Prov_26": "06", "ID_Jbt_26": "0600731", "Kd_Ruas_26": "06055", "Suffix_26": null, "Nm_Ruas_26": "SP. PADANG ARO - BTS. JAMBI", "Lintas_26": "NON LINTAS", "No_Jbt_26": "06.055.018.0", "Nm_Jbt_26": "AIR AMPUH 2", "Status_26": "N", "Fungsi_26": "A", "Lks_Dr_26": "PDG", "Lks_km_26": 196.9, "F_STA_26": "3040", "Cadin_26": "SLS", "Pjg_Jbt_26": 21.0, "Btg_Pjg_26": 20.5, "Jml_Btg_26": "1", "Lb_Jl_Ms26": 5.5, "Lb_Jl_Kl26": 5.5, "Lb_Lalin26": 5.5, "Lb_Bh_Ki26": 0.41, "Lb_Bh_Ka26": 0.41, "Lb_Dr_Ki26": 0.0, "Lb_Dr_Ka26": 0.0, "Lb_Tr_Ki26": 0.45, "Lb_Tr_Ka26": 0.45, "Lb_TS_Ki26": 0.19, "Lb_TS_Ka26": 0.19, "Lb_Med_26": 0.0, "Lbr_Jbt_26": 7.6, "Bgn_Ats_26": "GTP", "Jns_Jbt_26": "STANDAR", "Thn_Bgn_26": "1999", "BA_26": "1", "LNT_26": "1", "BB_26": "1", "DAS_26": "2", "OP_26": "0", "UT_26": "0", "GR_26": "0", "LB_26": "0", "JBT_26": "2", "Tp_Lnts_26": "SUNGAI", "Dt_Lnts_26": "LURUS", "Pnangnn_26": "RUTIN", "Pmriksn_26": "TIDAK DISURVEI", "Pnglola_26": "BPJN SUMATERA BARAT", "Satkr_ID26": "693876", "PPK_Name26": "PPK 2.5", "Traffic_26": null, "VCR_26": "0.164", "AADT_26": null, "Tipe_Jb_26": null, "Lat_26": -1.6811419722200001, "Long_26": 101.332946777, "Tgl_Ins_26": "9\/25\/2020", "Ket_26": null }, "geometry": { "type": "Point", "coordinates": [ 101.332946777371944, -1.681141972224168 ] } },
{ "type": "Feature", "properties": { "KDRUAS_UPD": "06055", "NOJBT_UPD": "06.055.019.0", "NM_RUAS_UP": "SP. PADANG ARO - BTS. JAMBI", "NM_JBT_UPD": "SUNGAI DALAM 1", "PROVINSI": "SUMATERA BARAT", "No_Prov_26": "06", "ID_Jbt_26": "0600732", "Kd_Ruas_26": "06055", "Suffix_26": null, "Nm_Ruas_26": "SP. PADANG ARO - BTS. JAMBI", "Lintas_26": "NON LINTAS", "No_Jbt_26": "06.055.019.0", "Nm_Jbt_26": "SUNGAI DALAM 1", "Status_26": "N", "Fungsi_26": "A", "Lks_Dr_26": "PDG", "Lks_km_26": 197.15, "F_STA_26": "3110", "Cadin_26": "SLS", "Pjg_Jbt_26": 20.6, "Btg_Pjg_26": 20.0, "Jml_Btg_26": "1", "Lb_Jl_Ms26": 6.0, "Lb_Jl_Kl26": 6.0, "Lb_Lalin26": 6.0, "Lb_Bh_Ki26": 0.0, "Lb_Bh_Ka26": 0.0, "Lb_Dr_Ki26": 0.0, "Lb_Dr_Ka26": 0.0, "Lb_Tr_Ki26": 0.44, "Lb_Tr_Ka26": 0.44, "Lb_TS_Ki26": 0.0, "Lb_TS_Ka26": 0.0, "Lb_Med_26": 0.0, "Lbr_Jbt_26": 6.88, "Bgn_Ats_26": "GBP", "Jns_Jbt_26": "STANDAR", "Thn_Bgn_26": "1996", "BA_26": "1", "LNT_26": "1", "BB_26": "1", "DAS_26": "2", "OP_26": "0", "UT_26": "0", "GR_26": "0", "LB_26": "0", "JBT_26": "2", "Tp_Lnts_26": "SUNGAI", "Dt_Lnts_26": "LURUS", "Pnangnn_26": "RUTIN", "Pmriksn_26": "RUTIN", "Pnglola_26": "BPJN SUMATERA BARAT", "Satkr_ID26": "693876", "PPK_Name26": "PPK 2.5", "Traffic_26": null, "VCR_26": "0.164", "AADT_26": null, "Tipe_Jb_26": null, "Lat_26": -1.6854339839900001, "Long_26": 101.331069946, "Tgl_Ins_26": "9\/25\/2020", "Ket_26": null }, "geometry": { "type": "Point", "coordinates": [ 101.331069946221078, -1.685433983991118 ] } },
{ "type": "Feature", "properties": { "KDRUAS_UPD": "06055", "NOJBT_UPD": "06.055.020.0", "NM_RUAS_UP": "SP. PADANG ARO - BTS. JAMBI", "NM_JBT_UPD": "SUNGAI DALAM 2", "PROVINSI": "SUMATERA BARAT", "No_Prov_26": "06", "ID_Jbt_26": "0600733", "Kd_Ruas_26": "06055", "Suffix_26": null, "Nm_Ruas_26": "SP. PADANG ARO - BTS. JAMBI", "Lintas_26": "NON LINTAS", "No_Jbt_26": "06.055.020.0", "Nm_Jbt_26": "SUNGAI DALAM 2", "Status_26": "N", "Fungsi_26": "A", "Lks_Dr_26": "PDG", "Lks_km_26": 197.55, "F_STA_26": "3200", "Cadin_26": "SLS", "Pjg_Jbt_26": 43.2, "Btg_Pjg_26": 25.8, "Jml_Btg_26": "3", "Lb_Jl_Ms26": 5.4, "Lb_Jl_Kl26": 5.4, "Lb_Lalin26": 5.4, "Lb_Bh_Ki26": 0.37, "Lb_Bh_Ka26": 0.37, "Lb_Dr_Ki26": 0.0, "Lb_Dr_Ka26": 0.0, "Lb_Tr_Ki26": 0.78, "Lb_Tr_Ka26": 0.78, "Lb_TS_Ki26": 0.0, "Lb_TS_Ka26": 0.0, "Lb_Med_26": 0.0, "Lbr_Jbt_26": 7.7, "Bgn_Ats_26": "GTP", "Jns_Jbt_26": "STANDAR", "Thn_Bgn_26": "1995", "BA_26": "2", "LNT_26": "1", "BB_26": "2", "DAS_26": "1", "OP_26": "0", "UT_26": "0", "GR_26": "0", "LB_26": "0", "JBT_26": "2", "Tp_Lnts_26": "SUNGAI", "Dt_Lnts_26": "LURUS", "Pnangnn_26": "BERKALA", "Pmriksn_26": "RUTIN", "Pnglola_26": "BPJN SUMATERA BARAT", "Satkr_ID26": "693876", "PPK_Name26": "PPK 2.5", "Traffic_26": null, "VCR_26": "0.164", "AADT_26": null, "Tipe_Jb_26": null, "Lat_26": -1.6910220384400001, "Long_26": 101.33270263699998, "Tgl_Ins_26": "8\/19\/2022", "Ket_26": null }, "geometry": { "type": "Point", "coordinates": [ 101.332702636617455, -1.691022038436302 ] } },
{ "type": "Feature", "properties": { "KDRUAS_UPD": "06020", "NOJBT_UPD": "06.020.004.A", "NM_RUAS_UP": "SIMP. AIR BALAM - SIMP. EMPAT", "NM_JBT_UPD": "SEI AIR GADANG A", "PROVINSI": "SUMATERA BARAT", "No_Prov_26": "06", "ID_Jbt_26": "0600737", "Kd_Ruas_26": "06020", "Suffix_26": null, "Nm_Ruas_26": "SIMP. AIR BALAM - SIMP. EMPAT", "Lintas_26": "JALAN LINTAS BARAT", "No_Jbt_26": "06.020.004.A", "Nm_Jbt_26": "SEI AIR GADANG A", "Status_26": "N", "Fungsi_26": "K1", "Lks_Dr_26": "PDG", "Lks_km_26": 284.53, "F_STA_26": "1200", "Cadin_26": "SP4", "Pjg_Jbt_26": 103.8, "Btg_Pjg_26": 25.5, "Jml_Btg_26": "4", "Lb_Jl_Ms26": 6.23, "Lb_Jl_Kl26": 6.23, "Lb_Lalin26": 6.23, "Lb_Bh_Ki26": 0.36, "Lb_Bh_Ka26": 0.3, "Lb_Dr_Ki26": 0.0, "Lb_Dr_Ka26": 0.0, "Lb_Tr_Ki26": 1.0, "Lb_Tr_Ka26": 1.03, "Lb_TS_Ki26": 0.515, "Lb_TS_Ka26": 0.515, "Lb_Med_26": 0.0, "Lbr_Jbt_26": 9.95, "Bgn_Ats_26": "GPP", "Jns_Jbt_26": "STANDAR", "Thn_Bgn_26": "2015", "BA_26": "1", "LNT_26": "1", "BB_26": "1", "DAS_26": "1", "OP_26": "0", "UT_26": "0", "GR_26": "0", "LB_26": "0", "JBT_26": "1", "Tp_Lnts_26": "SUNGAI", "Dt_Lnts_26": "BERKELOK", "Pnangnn_26": "BERKALA", "Pmriksn_26": "RUTIN", "Pnglola_26": "BPJN SUMATERA BARAT", "Satkr_ID26": "693875", "PPK_Name26": "PPK 1.4", "Traffic_26": null, "VCR_26": "0.108", "AADT_26": null, "Tipe_Jb_26": null, "Lat_26": 0.17359758885766041, "Long_26": 99.775642395099993, "Tgl_Ins_26": "10\/2\/2022", "Ket_26": null }, "geometry": { "type": "Point", "coordinates": [ 99.775642395080524, 0.17359758885766 ] } },
{ "type": "Feature", "properties": { "KDRUAS_UPD": "06020", "NOJBT_UPD": "06.020.004.B", "NM_RUAS_UP": "SIMP. AIR BALAM - SIMP. EMPAT", "NM_JBT_UPD": "SUNGAI AIR GADANG B", "PROVINSI": "SUMATERA BARAT", "No_Prov_26": "06", "ID_Jbt_26": "0600738", "Kd_Ruas_26": "06020", "Suffix_26": null, "Nm_Ruas_26": "SIMP. AIR BALAM - SIMP. EMPAT", "Lintas_26": "JALAN LINTAS BARAT", "No_Jbt_26": "06.020.004.B", "Nm_Jbt_26": "SUNGAI AIR GADANG B", "Status_26": "N", "Fungsi_26": "K1", "Lks_Dr_26": "PDG", "Lks_km_26": 284.45, "F_STA_26": "1200", "Cadin_26": "SP4", "Pjg_Jbt_26": 103.6, "Btg_Pjg_26": 25.4, "Jml_Btg_26": "4", "Lb_Jl_Ms26": 3.05, "Lb_Jl_Kl26": 3.05, "Lb_Lalin26": 3.05, "Lb_Bh_Ki26": 0.24, "Lb_Bh_Ka26": 0.3, "Lb_Dr_Ki26": 0.0, "Lb_Dr_Ka26": 0.0, "Lb_Tr_Ki26": 0.52, "Lb_Tr_Ka26": 0.54, "Lb_TS_Ki26": 0.255, "Lb_TS_Ka26": 0.255, "Lb_Med_26": 0.0, "Lbr_Jbt_26": 5.16, "Bgn_Ats_26": "GPP", "Jns_Jbt_26": "STANDAR", "Thn_Bgn_26": "1984", "BA_26": "2", "LNT_26": "1", "BB_26": "2", "DAS_26": "1", "OP_26": "2", "UT_26": "0", "GR_26": "0", "LB_26": "0", "JBT_26": "2", "Tp_Lnts_26": "SUNGAI", "Dt_Lnts_26": "BERKELOK", "Pnangnn_26": "BERKALA", "Pmriksn_26": "RUTIN", "Pnglola_26": "BPJN SUMATERA BARAT", "Satkr_ID26": "693875", "PPK_Name26": "PPK 1.4", "Traffic_26": null, "VCR_26": "0.108", "AADT_26": null, "Tipe_Jb_26": null, "Lat_26": 0.17371836331187751, "Long_26": 99.775688171499993, "Tgl_Ins_26": "7\/11\/2024", "Ket_26": null }, "geometry": { "type": "Point", "coordinates": [ 99.775688171471984, 0.173718363311878 ] } },
{ "type": "Feature", "properties": { "KDRUAS_UPD": "0602811", "NOJBT_UPD": "06.028.001.A.11", "NM_RUAS_UP": "PADANG BYPASS II (BARU)", "NM_JBT_UPD": "BATANG KURANJI A", "PROVINSI": "SUMATERA BARAT", "No_Prov_26": "06", "ID_Jbt_26": "0600739", "Kd_Ruas_26": "0602811", "Suffix_26": "11", "Nm_Ruas_26": "PADANG BYPASS II (BARU)", "Lintas_26": "JALAN LINTAS BARAT", "No_Jbt_26": "06.028.001.A.11", "Nm_Jbt_26": "BATANG KURANJI A", "Status_26": "N", "Fungsi_26": "A", "Lks_Dr_26": "PDG", "Lks_km_26": 8.74, "F_STA_26": "380", "Cadin_26": "PDG", "Pjg_Jbt_26": 131.7, "Btg_Pjg_26": 51.3, "Jml_Btg_26": "3", "Lb_Jl_Ms26": 9.2, "Lb_Jl_Kl26": 9.2, "Lb_Lalin26": 9.2, "Lb_Bh_Ki26": 0.73, "Lb_Bh_Ka26": 0.73, "Lb_Dr_Ki26": 0.0, "Lb_Dr_Ka26": 0.0, "Lb_Tr_Ki26": 1.4, "Lb_Tr_Ka26": 1.4, "Lb_TS_Ki26": 0.0, "Lb_TS_Ka26": 0.0, "Lb_Med_26": 0.0, "Lbr_Jbt_26": 13.46, "Bgn_Ats_26": "GBP", "Jns_Jbt_26": "STANDAR", "Thn_Bgn_26": "1993", "BA_26": "2", "LNT_26": "1", "BB_26": "1", "DAS_26": "3", "OP_26": "0", "UT_26": "0", "GR_26": "0", "LB_26": "0", "JBT_26": "3", "Tp_Lnts_26": "SUNGAI", "Dt_Lnts_26": "LURUS", "Pnangnn_26": "RUTIN", "Pmriksn_26": "DETAIL", "Pnglola_26": "BPJN SUMATERA BARAT", "Satkr_ID26": "693876", "PPK_Name26": "PPK 2.1", "Traffic_26": null, "VCR_26": "0.748", "AADT_26": null, "Tipe_Jb_26": null, "Lat_26": -0.922861516346, "Long_26": 100.397705078, "Tgl_Ins_26": "4\/25\/2026", "Ket_26": null }, "geometry": { "type": "Point", "coordinates": [ 100.397705077627279, -0.922861516345847 ] } },
{ "type": "Feature", "properties": { "KDRUAS_UPD": "0602811", "NOJBT_UPD": "06.028.001.B.11", "NM_RUAS_UP": "PADANG BYPASS II (BARU)", "NM_JBT_UPD": "BATANG KURANJI B", "PROVINSI": "SUMATERA BARAT", "No_Prov_26": "06", "ID_Jbt_26": "0600740", "Kd_Ruas_26": "0602811", "Suffix_26": "11", "Nm_Ruas_26": "PADANG BYPASS II (BARU)", "Lintas_26": "JALAN LINTAS BARAT", "No_Jbt_26": "06.028.001.B.11", "Nm_Jbt_26": "BATANG KURANJI B", "Status_26": "N", "Fungsi_26": "A", "Lks_Dr_26": "PDG", "Lks_km_26": 8.74, "F_STA_26": "380", "Cadin_26": "PDG", "Pjg_Jbt_26": 138.2, "Btg_Pjg_26": 51.0, "Jml_Btg_26": "3", "Lb_Jl_Ms26": 8.2, "Lb_Jl_Kl26": 8.2, "Lb_Lalin26": 8.2, "Lb_Bh_Ki26": 0.0, "Lb_Bh_Ka26": 0.0, "Lb_Dr_Ki26": 0.0, "Lb_Dr_Ka26": 0.0, "Lb_Tr_Ki26": 1.3, "Lb_Tr_Ka26": 1.3, "Lb_TS_Ki26": 0.0, "Lb_TS_Ka26": 0.0, "Lb_Med_26": 0.0, "Lbr_Jbt_26": 10.8, "Bgn_Ats_26": "GPP", "Jns_Jbt_26": "STANDAR", "Thn_Bgn_26": "2016", "BA_26": "2", "LNT_26": "1", "BB_26": "2", "DAS_26": "2", "OP_26": "0", "UT_26": "0", "GR_26": "0", "LB_26": "0", "JBT_26": "2", "Tp_Lnts_26": "SUNGAI", "Dt_Lnts_26": "LURUS", "Pnangnn_26": "RUTIN", "Pmriksn_26": "DETAIL", "Pnglola_26": "BPJN SUMATERA BARAT", "Satkr_ID26": "693876", "PPK_Name26": "PPK 2.1", "Traffic_26": null, "VCR_26": "0.748", "AADT_26": null, "Tipe_Jb_26": null, "Lat_26": -0.92282992586000001, "Long_26": 100.39781189, "Tgl_Ins_26": "4\/25\/2026", "Ket_26": null }, "geometry": { "type": "Point", "coordinates": [ 100.397811890106709, -0.922829925860356 ] } },
{ "type": "Feature", "properties": { "KDRUAS_UPD": "0602811", "NOJBT_UPD": "06.028.002.A.11", "NM_RUAS_UP": "PADANG BYPASS II (BARU)", "NM_JBT_UPD": "BELIMBING A", "PROVINSI": "SUMATERA BARAT", "No_Prov_26": "06", "ID_Jbt_26": "0600741", "Kd_Ruas_26": "0602811", "Suffix_26": "11", "Nm_Ruas_26": "PADANG BYPASS II (BARU)", "Lintas_26": "JALAN LINTAS BARAT", "No_Jbt_26": "06.028.002.A.11", "Nm_Jbt_26": "BELIMBING A", "Status_26": "N", "Fungsi_26": "A", "Lks_Dr_26": "PDG", "Lks_km_26": 12.0, "F_STA_26": "710", "Cadin_26": "PDG", "Pjg_Jbt_26": 54.7, "Btg_Pjg_26": 27.0, "Jml_Btg_26": "2", "Lb_Jl_Ms26": 9.3, "Lb_Jl_Kl26": 9.3, "Lb_Lalin26": 9.3, "Lb_Bh_Ki26": 0.6, "Lb_Bh_Ka26": 0.6, "Lb_Dr_Ki26": 0.0, "Lb_Dr_Ka26": 0.0, "Lb_Tr_Ki26": 1.4, "Lb_Tr_Ka26": 1.4, "Lb_TS_Ki26": 0.15, "Lb_TS_Ka26": 0.15, "Lb_Med_26": 0.0, "Lbr_Jbt_26": 13.6, "Bgn_Ats_26": "GPP", "Jns_Jbt_26": "STANDAR", "Thn_Bgn_26": "1993", "BA_26": "2", "LNT_26": "2", "BB_26": "2", "DAS_26": "2", "OP_26": "1", "UT_26": "2", "GR_26": "0", "LB_26": "0", "JBT_26": "2", "Tp_Lnts_26": "SUNGAI", "Dt_Lnts_26": "LURUS", "Pnangnn_26": "RUTIN", "Pmriksn_26": "DETAIL", "Pnglola_26": "BPJN SUMATERA BARAT", "Satkr_ID26": "693876", "PPK_Name26": "PPK 2.1", "Traffic_26": null, "VCR_26": "0.748", "AADT_26": null, "Tipe_Jb_26": null, "Lat_26": -0.89290779785700003, "Long_26": 100.39466095, "Tgl_Ins_26": "4\/30\/2026", "Ket_26": null }, "geometry": { "type": "Point", "coordinates": [ 100.394660949843001, -0.892907797856537 ] } },
{ "type": "Feature", "properties": { "KDRUAS_UPD": "0602811", "NOJBT_UPD": "06.028.002.B.11", "NM_RUAS_UP": "PADANG BYPASS II (BARU)", "NM_JBT_UPD": "BELIMBING B", "PROVINSI": "SUMATERA BARAT", "No_Prov_26": "06", "ID_Jbt_26": "0600742", "Kd_Ruas_26": "0602811", "Suffix_26": "11", "Nm_Ruas_26": "PADANG BYPASS II (BARU)", "Lintas_26": "JALAN LINTAS BARAT", "No_Jbt_26": "06.028.002.B.11", "Nm_Jbt_26": "BELIMBING B", "Status_26": "N", "Fungsi_26": "A", "Lks_Dr_26": "PDG", "Lks_km_26": 12.0, "F_STA_26": "710", "Cadin_26": "PDG", "Pjg_Jbt_26": 52.6, "Btg_Pjg_26": 26.0, "Jml_Btg_26": "2", "Lb_Jl_Ms26": 7.3, "Lb_Jl_Kl26": 7.3, "Lb_Lalin26": 7.3, "Lb_Bh_Ki26": 0.47, "Lb_Bh_Ka26": 0.47, "Lb_Dr_Ki26": 0.0, "Lb_Dr_Ka26": 0.0, "Lb_Tr_Ki26": 1.46, "Lb_Tr_Ka26": 1.46, "Lb_TS_Ki26": 0.0, "Lb_TS_Ka26": 0.0, "Lb_Med_26": 0.0, "Lbr_Jbt_26": 11.16, "Bgn_Ats_26": "GPP", "Jns_Jbt_26": "STANDAR", "Thn_Bgn_26": "2016", "BA_26": "2", "LNT_26": "2", "BB_26": "1", "DAS_26": "1", "OP_26": "1", "UT_26": "0", "GR_26": "0", "LB_26": "0", "JBT_26": "2", "Tp_Lnts_26": "SUNGAI", "Dt_Lnts_26": "LURUS", "Pnangnn_26": "RUTIN", "Pmriksn_26": "DETAIL", "Pnglola_26": "BPJN SUMATERA BARAT", "Satkr_ID26": "693876", "PPK_Name26": "PPK 2.1", "Traffic_26": null, "VCR_26": "0.748", "AADT_26": null, "Tipe_Jb_26": null, "Lat_26": -0.89286291629000003, "Long_26": 100.394767761, "Tgl_Ins_26": "4\/30\/2026", "Ket_26": null }, "geometry": { "type": "Point", "coordinates": [ 100.394767761423111, -0.892862916290483 ] } },
{ "type": "Feature", "properties": { "KDRUAS_UPD": "0602811", "NOJBT_UPD": "06.028.003.A.11", "NM_RUAS_UP": "PADANG BYPASS II (BARU)", "NM_JBT_UPD": "LARAS A", "PROVINSI": "SUMATERA BARAT", "No_Prov_26": "06", "ID_Jbt_26": "0600743", "Kd_Ruas_26": "0602811", "Suffix_26": "11", "Nm_Ruas_26": "PADANG BYPASS II (BARU)", "Lintas_26": "JALAN LINTAS BARAT", "No_Jbt_26": "06.028.003.A.11", "Nm_Jbt_26": "LARAS A", "Status_26": "N", "Fungsi_26": "A", "Lks_Dr_26": "PDG", "Lks_km_26": 13.6, "F_STA_26": "870", "Cadin_26": "PDG", "Pjg_Jbt_26": 42.4, "Btg_Pjg_26": 20.0, "Jml_Btg_26": "2", "Lb_Jl_Ms26": 9.3, "Lb_Jl_Kl26": 9.3, "Lb_Lalin26": 9.3, "Lb_Bh_Ki26": 0.6, "Lb_Bh_Ka26": 0.6, "Lb_Dr_Ki26": 0.2, "Lb_Dr_Ka26": 0.2, "Lb_Tr_Ki26": 1.45, "Lb_Tr_Ka26": 1.45, "Lb_TS_Ki26": 0.1, "Lb_TS_Ka26": 0.1, "Lb_Med_26": 0.0, "Lbr_Jbt_26": 14.0, "Bgn_Ats_26": "GPP", "Jns_Jbt_26": "STANDAR", "Thn_Bgn_26": "1993", "BA_26": "2", "LNT_26": "2", "BB_26": "2", "DAS_26": "1", "OP_26": "0", "UT_26": "0", "GR_26": "0", "LB_26": "0", "JBT_26": "2", "Tp_Lnts_26": "SUNGAI", "Dt_Lnts_26": "LURUS", "Pnangnn_26": "RUTIN", "Pmriksn_26": "DETAIL", "Pnglola_26": "BPJN SUMATERA BARAT", "Satkr_ID26": "693876", "PPK_Name26": "PPK 2.1", "Traffic_26": null, "VCR_26": "0.748", "AADT_26": null, "Tipe_Jb_26": null, "Lat_26": -0.88005775206400005, "Long_26": 100.38895416299999, "Tgl_Ins_26": "4\/30\/2026", "Ket_26": null }, "geometry": { "type": "Point", "coordinates": [ 100.388954163304049, -0.880057752063578 ] } },
{ "type": "Feature", "properties": { "KDRUAS_UPD": "0602811", "NOJBT_UPD": "06.028.003.B.11", "NM_RUAS_UP": "PADANG BYPASS II (BARU)", "NM_JBT_UPD": "LARAS B", "PROVINSI": "SUMATERA BARAT", "No_Prov_26": "06", "ID_Jbt_26": "0600744", "Kd_Ruas_26": "0602811", "Suffix_26": "11", "Nm_Ruas_26": "PADANG BYPASS II (BARU)", "Lintas_26": "JALAN LINTAS BARAT", "No_Jbt_26": "06.028.003.B.11", "Nm_Jbt_26": "LARAS B", "Status_26": "N", "Fungsi_26": "A", "Lks_Dr_26": "PDG", "Lks_km_26": 13.6, "F_STA_26": "870", "Cadin_26": "PDG", "Pjg_Jbt_26": 42.9, "Btg_Pjg_26": 21.0, "Jml_Btg_26": "2", "Lb_Jl_Ms26": 7.0, "Lb_Jl_Kl26": 7.0, "Lb_Lalin26": 7.0, "Lb_Bh_Ki26": 0.6, "Lb_Bh_Ka26": 0.6, "Lb_Dr_Ki26": 0.0, "Lb_Dr_Ka26": 0.0, "Lb_Tr_Ki26": 1.4, "Lb_Tr_Ka26": 1.4, "Lb_TS_Ki26": 0.0, "Lb_TS_Ka26": 0.0, "Lb_Med_26": 0.0, "Lbr_Jbt_26": 11.0, "Bgn_Ats_26": "GPP", "Jns_Jbt_26": "STANDAR", "Thn_Bgn_26": "2016", "BA_26": "2", "LNT_26": "2", "BB_26": "1", "DAS_26": "1", "OP_26": "1", "UT_26": "0", "GR_26": "0", "LB_26": "0", "JBT_26": "2", "Tp_Lnts_26": "SUNGAI", "Dt_Lnts_26": "LURUS", "Pnangnn_26": "BERKALA", "Pmriksn_26": "DETAIL", "Pnglola_26": "BPJN SUMATERA BARAT", "Satkr_ID26": "693876", "PPK_Name26": "PPK 2.1", "Traffic_26": null, "VCR_26": "0.748", "AADT_26": null, "Tipe_Jb_26": null, "Lat_26": -0.88004368576699998, "Long_26": 100.389099121, "Tgl_Ins_26": "4\/30\/2026", "Ket_26": null }, "geometry": { "type": "Point", "coordinates": [ 100.389099121427364, -0.880043685767419 ] } },
{ "type": "Feature", "properties": { "KDRUAS_UPD": "0602811", "NOJBT_UPD": "06.028.004.A.11", "NM_RUAS_UP": "PADANG BYPASS II (BARU)", "NM_JBT_UPD": "AIR DINGIN A", "PROVINSI": "SUMATERA BARAT", "No_Prov_26": "06", "ID_Jbt_26": "0600745", "Kd_Ruas_26": "0602811", "Suffix_26": "11", "Nm_Ruas_26": "PADANG BYPASS II (BARU)", "Lintas_26": "JALAN LINTAS BARAT", "No_Jbt_26": "06.028.004.A.11", "Nm_Jbt_26": "AIR DINGIN A", "Status_26": "N", "Fungsi_26": "A", "Lks_Dr_26": "PDG", "Lks_km_26": 18.6, "F_STA_26": "1370", "Cadin_26": "PDG", "Pjg_Jbt_26": 104.8, "Btg_Pjg_26": 46.0, "Jml_Btg_26": "3", "Lb_Jl_Ms26": 9.4, "Lb_Jl_Kl26": 9.4, "Lb_Lalin26": 9.4, "Lb_Bh_Ki26": 0.6, "Lb_Bh_Ka26": 0.6, "Lb_Dr_Ki26": 0.0, "Lb_Dr_Ka26": 0.0, "Lb_Tr_Ki26": 1.45, "Lb_Tr_Ka26": 1.45, "Lb_TS_Ki26": 0.0, "Lb_TS_Ka26": 0.0, "Lb_Med_26": 0.0, "Lbr_Jbt_26": 13.5, "Bgn_Ats_26": "GBP", "Jns_Jbt_26": "STANDAR", "Thn_Bgn_26": "1993", "BA_26": "2", "LNT_26": "0", "BB_26": "2", "DAS_26": "0", "OP_26": "1", "UT_26": "0", "GR_26": "0", "LB_26": "0", "JBT_26": "2", "Tp_Lnts_26": "SUNGAI", "Dt_Lnts_26": "LURUS", "Pnangnn_26": "RUTIN", "Pmriksn_26": "DETAIL", "Pnglola_26": "BPJN SUMATERA BARAT", "Satkr_ID26": "693876", "PPK_Name26": "PPK 2.1", "Traffic_26": null, "VCR_26": "0.748", "AADT_26": null, "Tipe_Jb_26": null, "Lat_26": -0.84468500041200001, "Long_26": 100.361883, "Tgl_Ins_26": "4\/29\/2026", "Ket_26": null }, "geometry": { "type": "Point", "coordinates": [ 100.361883000400212, -0.844685000412369 ] } },
{ "type": "Feature", "properties": { "KDRUAS_UPD": "0602811", "NOJBT_UPD": "06.028.004.B.11", "NM_RUAS_UP": "PADANG BYPASS II (BARU)", "NM_JBT_UPD": "AIR DINGIN B", "PROVINSI": "SUMATERA BARAT", "No_Prov_26": "06", "ID_Jbt_26": "0600746", "Kd_Ruas_26": "0602811", "Suffix_26": "11", "Nm_Ruas_26": "PADANG BYPASS II (BARU)", "Lintas_26": "JALAN LINTAS BARAT", "No_Jbt_26": "06.028.004.B.11", "Nm_Jbt_26": "AIR DINGIN B", "Status_26": "N", "Fungsi_26": "A", "Lks_Dr_26": "PDG", "Lks_km_26": 18.6, "F_STA_26": "1380", "Cadin_26": "PDG", "Pjg_Jbt_26": 113.9, "Btg_Pjg_26": 41.0, "Jml_Btg_26": "3", "Lb_Jl_Ms26": 7.1, "Lb_Jl_Kl26": 7.1, "Lb_Lalin26": 7.1, "Lb_Bh_Ki26": 0.5, "Lb_Bh_Ka26": 0.5, "Lb_Dr_Ki26": 0.0, "Lb_Dr_Ka26": 0.0, "Lb_Tr_Ki26": 1.35, "Lb_Tr_Ka26": 1.35, "Lb_TS_Ki26": 0.0, "Lb_TS_Ka26": 0.0, "Lb_Med_26": 0.0, "Lbr_Jbt_26": 10.8, "Bgn_Ats_26": "GPP", "Jns_Jbt_26": "STANDAR", "Thn_Bgn_26": "2017", "BA_26": "2", "LNT_26": "2", "BB_26": "1", "DAS_26": "1", "OP_26": "0", "UT_26": "0", "GR_26": "0", "LB_26": "0", "JBT_26": "2", "Tp_Lnts_26": "SUNGAI", "Dt_Lnts_26": "LURUS", "Pnangnn_26": "RUTIN", "Pmriksn_26": "DETAIL", "Pnglola_26": "BPJN SUMATERA BARAT", "Satkr_ID26": "693876", "PPK_Name26": "PPK 2.1", "Traffic_26": null, "VCR_26": "0.748", "AADT_26": null, "Tipe_Jb_26": null, "Lat_26": -0.843699999955, "Long_26": 100.361414, "Tgl_Ins_26": "6\/1\/2026", "Ket_26": null }, "geometry": { "type": "Point", "coordinates": [ 100.361414000355865, -0.843699999954993 ] } },
{ "type": "Feature", "properties": { "KDRUAS_UPD": "0602811", "NOJBT_UPD": "06.028.005.A.11", "NM_RUAS_UP": "PADANG BYPASS II (BARU)", "NM_JBT_UPD": "KANDIS 1A", "PROVINSI": "SUMATERA BARAT", "No_Prov_26": "06", "ID_Jbt_26": "0600747", "Kd_Ruas_26": "0602811", "Suffix_26": "11", "Nm_Ruas_26": "PADANG BYPASS II (BARU)", "Lintas_26": "JALAN LINTAS BARAT", "No_Jbt_26": "06.028.005.A.11", "Nm_Jbt_26": "KANDIS 1A", "Status_26": "N", "Fungsi_26": "A", "Lks_Dr_26": "PDG", "Lks_km_26": 21.68, "F_STA_26": "1680", "Cadin_26": "PDG", "Pjg_Jbt_26": 42.1, "Btg_Pjg_26": 20.5, "Jml_Btg_26": "2", "Lb_Jl_Ms26": 9.3, "Lb_Jl_Kl26": 9.3, "Lb_Lalin26": 9.3, "Lb_Bh_Ki26": 0.62, "Lb_Bh_Ka26": 0.62, "Lb_Dr_Ki26": 0.0, "Lb_Dr_Ka26": 0.0, "Lb_Tr_Ki26": 1.43, "Lb_Tr_Ka26": 1.43, "Lb_TS_Ki26": 0.0, "Lb_TS_Ka26": 0.0, "Lb_Med_26": 0.0, "Lbr_Jbt_26": 13.4, "Bgn_Ats_26": "GPP", "Jns_Jbt_26": "STANDAR", "Thn_Bgn_26": "1993", "BA_26": "2", "LNT_26": "2", "BB_26": "1", "DAS_26": "2", "OP_26": "0", "UT_26": "1", "GR_26": "0", "LB_26": "0", "JBT_26": "2", "Tp_Lnts_26": "SUNGAI", "Dt_Lnts_26": "LURUS", "Pnangnn_26": "RUTIN", "Pmriksn_26": "RUTIN", "Pnglola_26": "BPJN SUMATERA BARAT", "Satkr_ID26": "693876", "PPK_Name26": "PPK 2.1", "Traffic_26": null, "VCR_26": "0.748", "AADT_26": null, "Tipe_Jb_26": null, "Lat_26": -0.83041548718500002, "Long_26": 100.339385986, "Tgl_Ins_26": "8\/10\/2023", "Ket_26": null }, "geometry": { "type": "Point", "coordinates": [ 100.339385986374225, -0.830415487184951 ] } },
{ "type": "Feature", "properties": { "KDRUAS_UPD": "0602811", "NOJBT_UPD": "06.028.005.B.11", "NM_RUAS_UP": "PADANG BYPASS II (BARU)", "NM_JBT_UPD": "KANDIS 1B", "PROVINSI": "SUMATERA BARAT", "No_Prov_26": "06", "ID_Jbt_26": "0600748", "Kd_Ruas_26": "0602811", "Suffix_26": "11", "Nm_Ruas_26": "PADANG BYPASS II (BARU)", "Lintas_26": "JALAN LINTAS BARAT", "No_Jbt_26": "06.028.005.B.11", "Nm_Jbt_26": "KANDIS 1B", "Status_26": "N", "Fungsi_26": "A", "Lks_Dr_26": "PDG", "Lks_km_26": 21.68, "F_STA_26": "1680", "Cadin_26": "PDG", "Pjg_Jbt_26": 42.6, "Btg_Pjg_26": 21.0, "Jml_Btg_26": "2", "Lb_Jl_Ms26": 6.4, "Lb_Jl_Kl26": 6.4, "Lb_Lalin26": 6.4, "Lb_Bh_Ki26": 0.54, "Lb_Bh_Ka26": 0.54, "Lb_Dr_Ki26": 0.0, "Lb_Dr_Ka26": 0.0, "Lb_Tr_Ki26": 1.32, "Lb_Tr_Ka26": 1.32, "Lb_TS_Ki26": 0.0, "Lb_TS_Ka26": 0.0, "Lb_Med_26": 0.0, "Lbr_Jbt_26": 10.12, "Bgn_Ats_26": "GPP", "Jns_Jbt_26": "STANDAR", "Thn_Bgn_26": "2016", "BA_26": "1", "LNT_26": "1", "BB_26": "2", "DAS_26": "1", "OP_26": "1", "UT_26": "0", "GR_26": "0", "LB_26": "0", "JBT_26": "2", "Tp_Lnts_26": "SUNGAI", "Dt_Lnts_26": "LURUS", "Pnangnn_26": "BERKALA", "Pmriksn_26": "DETAIL", "Pnglola_26": "BPJN SUMATERA BARAT", "Satkr_ID26": "693876", "PPK_Name26": "PPK 2.1", "Traffic_26": null, "VCR_26": "0.748", "AADT_26": null, "Tipe_Jb_26": null, "Lat_26": -0.83033108671, "Long_26": 100.339454651, "Tgl_Ins_26": "4\/28\/2026", "Ket_26": null }, "geometry": { "type": "Point", "coordinates": [ 100.339454651411074, -0.83033108671026 ] } },
{ "type": "Feature", "properties": { "KDRUAS_UPD": "0602811", "NOJBT_UPD": "06.028.006.A.11", "NM_RUAS_UP": "PADANG BYPASS II (BARU)", "NM_JBT_UPD": "KANDIS 2A", "PROVINSI": "SUMATERA BARAT", "No_Prov_26": "06", "ID_Jbt_26": "0600749", "Kd_Ruas_26": "0602811", "Suffix_26": "11", "Nm_Ruas_26": "PADANG BYPASS II (BARU)", "Lintas_26": "JALAN LINTAS BARAT", "No_Jbt_26": "06.028.006.A.11", "Nm_Jbt_26": "KANDIS 2A", "Status_26": "N", "Fungsi_26": "A", "Lks_Dr_26": "PDG", "Lks_km_26": 22.2, "F_STA_26": "1730", "Cadin_26": "PDG", "Pjg_Jbt_26": 21.0, "Btg_Pjg_26": 20.5, "Jml_Btg_26": "1", "Lb_Jl_Ms26": 9.1, "Lb_Jl_Kl26": 9.1, "Lb_Lalin26": 9.1, "Lb_Bh_Ki26": 0.72, "Lb_Bh_Ka26": 0.72, "Lb_Dr_Ki26": 0.0, "Lb_Dr_Ka26": 0.0, "Lb_Tr_Ki26": 1.42, "Lb_Tr_Ka26": 1.42, "Lb_TS_Ki26": 0.0, "Lb_TS_Ka26": 0.0, "Lb_Med_26": 0.0, "Lbr_Jbt_26": 13.38, "Bgn_Ats_26": "GPP", "Jns_Jbt_26": "STANDAR", "Thn_Bgn_26": "1993", "BA_26": "2", "LNT_26": "2", "BB_26": "1", "DAS_26": "1", "OP_26": "1", "UT_26": "1", "GR_26": "0", "LB_26": "0", "JBT_26": "2", "Tp_Lnts_26": "SUNGAI", "Dt_Lnts_26": "LURUS", "Pnangnn_26": "RUTIN", "Pmriksn_26": "DETAIL", "Pnglola_26": "BPJN SUMATERA BARAT", "Satkr_ID26": "693876", "PPK_Name26": "PPK 2.1", "Traffic_26": null, "VCR_26": "0.748", "AADT_26": null, "Tipe_Jb_26": null, "Lat_26": -0.82641714813300005, "Long_26": 100.336799622, "Tgl_Ins_26": "4\/28\/2026", "Ket_26": null }, "geometry": { "type": "Point", "coordinates": [ 100.336799621605337, -0.826417148132805 ] } },
{ "type": "Feature", "properties": { "KDRUAS_UPD": "0602811", "NOJBT_UPD": "06.028.006.B.11", "NM_RUAS_UP": "PADANG BYPASS II (BARU)", "NM_JBT_UPD": "KANDIS 2B", "PROVINSI": "SUMATERA BARAT", "No_Prov_26": "06", "ID_Jbt_26": "0600750", "Kd_Ruas_26": "0602811", "Suffix_26": "11", "Nm_Ruas_26": "PADANG BYPASS II (BARU)", "Lintas_26": "JALAN LINTAS BARAT", "No_Jbt_26": "06.028.006.B.11", "Nm_Jbt_26": "KANDIS 2B", "Status_26": "N", "Fungsi_26": "A", "Lks_Dr_26": "PDG", "Lks_km_26": 22.2, "F_STA_26": "1730", "Cadin_26": "PDG", "Pjg_Jbt_26": 31.5, "Btg_Pjg_26": 31.0, "Jml_Btg_26": "1", "Lb_Jl_Ms26": 7.1, "Lb_Jl_Kl26": 7.1, "Lb_Lalin26": 7.1, "Lb_Bh_Ki26": 0.5, "Lb_Bh_Ka26": 0.5, "Lb_Dr_Ki26": 0.0, "Lb_Dr_Ka26": 0.0, "Lb_Tr_Ki26": 1.3, "Lb_Tr_Ka26": 1.3, "Lb_TS_Ki26": 0.0, "Lb_TS_Ka26": 0.0, "Lb_Med_26": 0.0, "Lbr_Jbt_26": 10.7, "Bgn_Ats_26": "GPP", "Jns_Jbt_26": "STANDAR", "Thn_Bgn_26": "2016", "BA_26": "2", "LNT_26": "2", "BB_26": "1", "DAS_26": "0", "OP_26": "1", "UT_26": "0", "GR_26": "0", "LB_26": "0", "JBT_26": "2", "Tp_Lnts_26": "SUNGAI", "Dt_Lnts_26": "LURUS", "Pnangnn_26": "RUTIN", "Pmriksn_26": "DETAIL", "Pnglola_26": "BPJN SUMATERA BARAT", "Satkr_ID26": "693876", "PPK_Name26": "PPK 2.1", "Traffic_26": null, "VCR_26": "0.748", "AADT_26": null, "Tipe_Jb_26": null, "Lat_26": -0.82641732709799998, "Long_26": 100.336959839, "Tgl_Ins_26": "4\/28\/2026", "Ket_26": null }, "geometry": { "type": "Point", "coordinates": [ 100.336959839425106, -0.826417327097943 ] } },
{ "type": "Feature", "properties": { "KDRUAS_UPD": "0602911", "NOJBT_UPD": "06.029.001.A.11", "NM_RUAS_UP": "PADANG BYPASS I", "NM_JBT_UPD": "BATANG ARAU A", "PROVINSI": "SUMATERA BARAT", "No_Prov_26": "06", "ID_Jbt_26": "0600751", "Kd_Ruas_26": "0602911", "Suffix_26": "11", "Nm_Ruas_26": "PADANG BYPASS I", "Lintas_26": "JALAN LINTAS BARAT", "No_Jbt_26": "06.029.001.A.11", "Nm_Jbt_26": "BATANG ARAU A", "Status_26": "N", "Fungsi_26": "A", "Lks_Dr_26": "PDG", "Lks_km_26": 4.45, "F_STA_26": "440", "Cadin_26": "PDG", "Pjg_Jbt_26": 107.9, "Btg_Pjg_26": 36.4, "Jml_Btg_26": "3", "Lb_Jl_Ms26": 8.2, "Lb_Jl_Kl26": 8.2, "Lb_Lalin26": 8.2, "Lb_Bh_Ki26": 0.0, "Lb_Bh_Ka26": 0.0, "Lb_Dr_Ki26": 0.0, "Lb_Dr_Ka26": 0.0, "Lb_Tr_Ki26": 1.34, "Lb_Tr_Ka26": 1.34, "Lb_TS_Ki26": 0.0, "Lb_TS_Ka26": 0.0, "Lb_Med_26": 0.0, "Lbr_Jbt_26": 10.88, "Bgn_Ats_26": "GPP", "Jns_Jbt_26": "STANDAR", "Thn_Bgn_26": "2016", "BA_26": "2", "LNT_26": "0", "BB_26": "2", "DAS_26": "0", "OP_26": "0", "UT_26": "1", "GR_26": "0", "LB_26": "0", "JBT_26": "2", "Tp_Lnts_26": "SUNGAI", "Dt_Lnts_26": "LURUS", "Pnangnn_26": "RUTIN", "Pmriksn_26": "RUTIN", "Pnglola_26": "BPJN SUMATERA BARAT", "Satkr_ID26": "693876", "PPK_Name26": "PPK 2.1", "Traffic_26": null, "VCR_26": "0.529", "AADT_26": null, "Tipe_Jb_26": null, "Lat_26": -0.96010499994599996, "Long_26": 100.404276, "Tgl_Ins_26": "9\/11\/2022", "Ket_26": null }, "geometry": { "type": "Point", "coordinates": [ 100.404276000237303, -0.96010499994577 ] } },
{ "type": "Feature", "properties": { "KDRUAS_UPD": "0602911", "NOJBT_UPD": "06.029.001.B.11", "NM_RUAS_UP": "PADANG BYPASS I", "NM_JBT_UPD": "BATANG ARAU B", "PROVINSI": "SUMATERA BARAT", "No_Prov_26": "06", "ID_Jbt_26": "0600752", "Kd_Ruas_26": "0602911", "Suffix_26": "11", "Nm_Ruas_26": "PADANG BYPASS I", "Lintas_26": "JALAN LINTAS BARAT", "No_Jbt_26": "06.029.001.B.11", "Nm_Jbt_26": "BATANG ARAU B", "Status_26": "N", "Fungsi_26": "A", "Lks_Dr_26": "PDG", "Lks_km_26": 4.48, "F_STA_26": "450", "Cadin_26": "PDG", "Pjg_Jbt_26": 109.4, "Btg_Pjg_26": 37.0, "Jml_Btg_26": "3", "Lb_Jl_Ms26": 7.3, "Lb_Jl_Kl26": 7.3, "Lb_Lalin26": 7.3, "Lb_Bh_Ki26": 0.24, "Lb_Bh_Ka26": 0.24, "Lb_Dr_Ki26": 0.0, "Lb_Dr_Ka26": 0.0, "Lb_Tr_Ki26": 1.2, "Lb_Tr_Ka26": 1.2, "Lb_TS_Ki26": 0.0, "Lb_TS_Ka26": 0.0, "Lb_Med_26": 0.0, "Lbr_Jbt_26": 10.18, "Bgn_Ats_26": "GPP", "Jns_Jbt_26": "STANDAR", "Thn_Bgn_26": "1982", "BA_26": "2", "LNT_26": "1", "BB_26": "2", "DAS_26": "2", "OP_26": "0", "UT_26": "0", "GR_26": "0", "LB_26": "0", "JBT_26": "2", "Tp_Lnts_26": "SUNGAI", "Dt_Lnts_26": "LURUS", "Pnangnn_26": "RUTIN", "Pmriksn_26": "RUTIN", "Pnglola_26": "BPJN SUMATERA BARAT", "Satkr_ID26": "693876", "PPK_Name26": "PPK 2.1", "Traffic_26": null, "VCR_26": "0.529", "AADT_26": null, "Tipe_Jb_26": null, "Lat_26": -0.95899399997300006, "Long_26": 100.404064, "Tgl_Ins_26": "6\/25\/2024", "Ket_26": null }, "geometry": { "type": "Point", "coordinates": [ 100.404064000353401, -0.958993999973075 ] } },
{ "type": "Feature", "properties": { "KDRUAS_UPD": "06031", "NOJBT_UPD": "06.031.024.A", "NM_RUAS_UP": "BTS. KOTA PADANG - BTS. KOTA PAINAN", "NM_JBT_UPD": "BATANG TARUSAN A", "PROVINSI": "SUMATERA BARAT", "No_Prov_26": "06", "ID_Jbt_26": "0600753", "Kd_Ruas_26": "06031", "Suffix_26": null, "Nm_Ruas_26": "BTS. KOTA PADANG - BTS. KOTA PAINAN", "Lintas_26": "JALAN LINTAS BARAT", "No_Jbt_26": "06.031.024.A", "Nm_Jbt_26": "BATANG TARUSAN A", "Status_26": "N", "Fungsi_26": "A", "Lks_Dr_26": "PDG", "Lks_km_26": 56.7, "F_STA_26": "2830", "Cadin_26": "PIN", "Pjg_Jbt_26": 126.5, "Btg_Pjg_26": 42.0, "Jml_Btg_26": "3", "Lb_Jl_Ms26": 5.4, "Lb_Jl_Kl26": 5.4, "Lb_Lalin26": 5.4, "Lb_Bh_Ki26": 0.36, "Lb_Bh_Ka26": 0.36, "Lb_Dr_Ki26": 0.3, "Lb_Dr_Ka26": 0.3, "Lb_Tr_Ki26": 0.4, "Lb_Tr_Ka26": 0.4, "Lb_TS_Ki26": 0.0, "Lb_TS_Ka26": 0.0, "Lb_Med_26": 0.0, "Lbr_Jbt_26": 7.52, "Bgn_Ats_26": "RBU", "Jns_Jbt_26": "STANDAR", "Thn_Bgn_26": "1978", "BA_26": "2", "LNT_26": "1", "BB_26": "2", "DAS_26": "0", "OP_26": "1", "UT_26": "0", "GR_26": "0", "LB_26": "0", "JBT_26": "2", "Tp_Lnts_26": "SUNGAI", "Dt_Lnts_26": "LURUS", "Pnangnn_26": "BERKALA", "Pmriksn_26": "RUTIN", "Pnglola_26": "BPJN SUMATERA BARAT", "Satkr_ID26": "693876", "PPK_Name26": "PPK 2.3", "Traffic_26": null, "VCR_26": "0.557", "AADT_26": null, "Tipe_Jb_26": null, "Lat_26": -1.2538330554499999, "Long_26": 100.472167969, "Tgl_Ins_26": "5\/22\/2025", "Ket_26": null }, "geometry": { "type": "Point", "coordinates": [ 100.472167969076565, -1.253833055451082 ] } },
{ "type": "Feature", "properties": { "KDRUAS_UPD": "06031", "NOJBT_UPD": "06.031.024.B", "NM_RUAS_UP": "BTS. KOTA PADANG - BTS. KOTA PAINAN", "NM_JBT_UPD": "BATANG TARUSAN B", "PROVINSI": "SUMATERA BARAT", "No_Prov_26": "06", "ID_Jbt_26": "0600754", "Kd_Ruas_26": "06031", "Suffix_26": null, "Nm_Ruas_26": "BTS. KOTA PADANG - BTS. KOTA PAINAN", "Lintas_26": "JALAN LINTAS BARAT", "No_Jbt_26": "06.031.024.B", "Nm_Jbt_26": "BATANG TARUSAN B", "Status_26": "N", "Fungsi_26": "A", "Lks_Dr_26": "PDG", "Lks_km_26": 56.7, "F_STA_26": "2830", "Cadin_26": "PIN", "Pjg_Jbt_26": 124.1, "Btg_Pjg_26": 42.5, "Jml_Btg_26": "3", "Lb_Jl_Ms26": 6.4, "Lb_Jl_Kl26": 6.4, "Lb_Lalin26": 6.4, "Lb_Bh_Ki26": 0.4, "Lb_Bh_Ka26": 0.4, "Lb_Dr_Ki26": 0.0, "Lb_Dr_Ka26": 0.0, "Lb_Tr_Ki26": 0.8, "Lb_Tr_Ka26": 0.8, "Lb_TS_Ki26": 0.25, "Lb_TS_Ka26": 0.25, "Lb_Med_26": 0.0, "Lbr_Jbt_26": 9.3, "Bgn_Ats_26": "GPP", "Jns_Jbt_26": "STANDAR", "Thn_Bgn_26": "2015", "BA_26": "2", "LNT_26": "1", "BB_26": "1", "DAS_26": "0", "OP_26": "0", "UT_26": "0", "GR_26": "0", "LB_26": "0", "JBT_26": "2", "Tp_Lnts_26": "SUNGAI", "Dt_Lnts_26": "LURUS", "Pnangnn_26": "RUTIN", "Pmriksn_26": "RUTIN", "Pnglola_26": "BPJN SUMATERA BARAT", "Satkr_ID26": "693876", "PPK_Name26": "PPK 2.3", "Traffic_26": null, "VCR_26": "0.557", "AADT_26": null, "Tipe_Jb_26": null, "Lat_26": -1.25391697929, "Long_26": 100.47211456300002, "Tgl_Ins_26": "10\/18\/2022", "Ket_26": null }, "geometry": { "type": "Point", "coordinates": [ 100.47211456283685, -1.253916979285123 ] } },
{ "type": "Feature", "properties": { "KDRUAS_UPD": "06036", "NOJBT_UPD": "06.036.007.A", "NM_RUAS_UP": "BTS. PROV. RIAU - BTS. KOTA PAYAKUMBUH", "NM_JBT_UPD": "BATANG AIR SIRAH A", "PROVINSI": "SUMATERA BARAT", "No_Prov_26": "06", "ID_Jbt_26": "0600755", "Kd_Ruas_26": "06036", "Suffix_26": null, "Nm_Ruas_26": "BTS. PROV. RIAU - BTS. KOTA PAYAKUMBUH", "Lintas_26": "JALAN PENGHUBUNG LINTAS", "No_Jbt_26": "06.036.007.A", "Nm_Jbt_26": "BATANG AIR SIRAH A", "Status_26": "N", "Fungsi_26": "A", "Lks_Dr_26": "PDG", "Lks_km_26": 145.1, "F_STA_26": "1500", "Cadin_26": "PYK", "Pjg_Jbt_26": 26.0, "Btg_Pjg_26": 25.5, "Jml_Btg_26": "1", "Lb_Jl_Ms26": 5.0, "Lb_Jl_Kl26": 5.0, "Lb_Lalin26": 5.0, "Lb_Bh_Ki26": 0.42, "Lb_Bh_Ka26": 0.49, "Lb_Dr_Ki26": 0.0, "Lb_Dr_Ka26": 0.0, "Lb_Tr_Ki26": 0.21, "Lb_Tr_Ka26": 0.51, "Lb_TS_Ki26": 0.0, "Lb_TS_Ka26": 0.0, "Lb_Med_26": 0.0, "Lbr_Jbt_26": 6.63, "Bgn_Ats_26": "RBB", "Jns_Jbt_26": "STANDAR", "Thn_Bgn_26": "1982", "BA_26": "2", "LNT_26": "2", "BB_26": "2", "DAS_26": "2", "OP_26": "2", "UT_26": "0", "GR_26": "0", "LB_26": "0", "JBT_26": "2", "Tp_Lnts_26": "SUNGAI", "Dt_Lnts_26": "BERKELOK", "Pnangnn_26": "RUTIN", "Pmriksn_26": "RUTIN", "Pnglola_26": "BPJN SUMATERA BARAT", "Satkr_ID26": "693875", "PPK_Name26": "PPK 1.2", "Traffic_26": null, "VCR_26": "1.118", "AADT_26": null, "Tipe_Jb_26": null, "Lat_26": -0.0838640038207, "Long_26": 100.69827270499999, "Tgl_Ins_26": "6\/17\/2025", "Ket_26": null }, "geometry": { "type": "Point", "coordinates": [ 100.698272704821534, -0.083864003820679 ] } },
{ "type": "Feature", "properties": { "KDRUAS_UPD": "06036", "NOJBT_UPD": "06.036.007.B", "NM_RUAS_UP": "BTS. PROV. RIAU - BTS. KOTA PAYAKUMBUH", "NM_JBT_UPD": "BATANG AIR SIRAH B", "PROVINSI": "SUMATERA BARAT", "No_Prov_26": "06", "ID_Jbt_26": "0600756", "Kd_Ruas_26": "06036", "Suffix_26": null, "Nm_Ruas_26": "BTS. PROV. RIAU - BTS. KOTA PAYAKUMBUH", "Lintas_26": "JALAN PENGHUBUNG LINTAS", "No_Jbt_26": "06.036.007.B", "Nm_Jbt_26": "BATANG AIR SIRAH B", "Status_26": "N", "Fungsi_26": "A", "Lks_Dr_26": "PDG", "Lks_km_26": 145.1, "F_STA_26": "1500", "Cadin_26": "PYK", "Pjg_Jbt_26": 26.0, "Btg_Pjg_26": 25.5, "Jml_Btg_26": "1", "Lb_Jl_Ms26": 6.8, "Lb_Jl_Kl26": 6.8, "Lb_Lalin26": 6.8, "Lb_Bh_Ki26": 0.33, "Lb_Bh_Ka26": 0.37, "Lb_Dr_Ki26": 0.0, "Lb_Dr_Ka26": 0.0, "Lb_Tr_Ki26": 0.88, "Lb_Tr_Ka26": 0.89, "Lb_TS_Ki26": 0.44, "Lb_TS_Ka26": 0.44, "Lb_Med_26": 0.0, "Lbr_Jbt_26": 10.15, "Bgn_Ats_26": "GPP", "Jns_Jbt_26": "STANDAR", "Thn_Bgn_26": "2016", "BA_26": "1", "LNT_26": "1", "BB_26": "1", "DAS_26": "2", "OP_26": "0", "UT_26": "0", "GR_26": "0", "LB_26": "0", "JBT_26": "2", "Tp_Lnts_26": "SUNGAI", "Dt_Lnts_26": "BERKELOK", "Pnangnn_26": "RUTIN", "Pmriksn_26": "RUTIN", "Pnglola_26": "BPJN SUMATERA BARAT", "Satkr_ID26": "693875", "PPK_Name26": "PPK 1.2", "Traffic_26": null, "VCR_26": "1.118", "AADT_26": null, "Tipe_Jb_26": null, "Lat_26": -0.083971999807900002, "Long_26": 100.698364258, "Tgl_Ins_26": "10\/7\/2020", "Ket_26": null }, "geometry": { "type": "Point", "coordinates": [ 100.698364257604453, -0.083971999807886 ] } },
{ "type": "Feature", "properties": { "KDRUAS_UPD": "06045", "NOJBT_UPD": "06.045.006.A", "NM_RUAS_UP": "KILIRANJAO - BTS. PROV. RIAU", "NM_JBT_UPD": "BATANG LOLO 1A", "PROVINSI": "SUMATERA BARAT", "No_Prov_26": "06", "ID_Jbt_26": "0600757", "Kd_Ruas_26": "06045", "Suffix_26": null, "Nm_Ruas_26": "KILIRANJAO - BTS. PROV. RIAU", "Lintas_26": "JALAN PENGHUBUNG LINTAS", "No_Jbt_26": "06.045.006.A", "Nm_Jbt_26": "BATANG LOLO 1A", "Status_26": "N", "Fungsi_26": "A", "Lks_Dr_26": "PDG", "Lks_km_26": 176.0, "F_STA_26": "1090", "Cadin_26": "SJJ", "Pjg_Jbt_26": 25.5, "Btg_Pjg_26": 25.0, "Jml_Btg_26": "1", "Lb_Jl_Ms26": 5.2, "Lb_Jl_Kl26": 5.2, "Lb_Lalin26": 5.2, "Lb_Bh_Ki26": 0.41, "Lb_Bh_Ka26": 0.41, "Lb_Dr_Ki26": 0.0, "Lb_Dr_Ka26": 0.0, "Lb_Tr_Ki26": 1.0, "Lb_Tr_Ka26": 1.0, "Lb_TS_Ki26": 0.0, "Lb_TS_Ka26": 0.0, "Lb_Med_26": 0.0, "Lbr_Jbt_26": 8.02, "Bgn_Ats_26": "RBU", "Jns_Jbt_26": "STANDAR", "Thn_Bgn_26": "1980", "BA_26": "2", "LNT_26": "2", "BB_26": "1", "DAS_26": "0", "OP_26": "1", "UT_26": "0", "GR_26": "0", "LB_26": "0", "JBT_26": "2", "Tp_Lnts_26": "SUNGAI", "Dt_Lnts_26": "LURUS", "Pnangnn_26": "BERKALA", "Pmriksn_26": "RUTIN", "Pnglola_26": "BPJN SUMATERA BARAT", "Satkr_ID26": "693876", "PPK_Name26": "PPK 2.2", "Traffic_26": null, "VCR_26": "0.18", "AADT_26": null, "Tipe_Jb_26": null, "Lat_26": -0.81969100253799998, "Long_26": 101.389099121, "Tgl_Ins_26": "6\/1\/2025", "Ket_26": null }, "geometry": { "type": "Point", "coordinates": [ 101.389099121227503, -0.819691002537695 ] } },
{ "type": "Feature", "properties": { "KDRUAS_UPD": "06045", "NOJBT_UPD": "06.045.006.B", "NM_RUAS_UP": "KILIRANJAO - BTS. PROV. RIAU", "NM_JBT_UPD": "BATANG LOLO 1B", "PROVINSI": "SUMATERA BARAT", "No_Prov_26": "06", "ID_Jbt_26": "0600758", "Kd_Ruas_26": "06045", "Suffix_26": null, "Nm_Ruas_26": "KILIRANJAO - BTS. PROV. RIAU", "Lintas_26": "JALAN PENGHUBUNG LINTAS", "No_Jbt_26": "06.045.006.B", "Nm_Jbt_26": "BATANG LOLO 1B", "Status_26": "N", "Fungsi_26": "A", "Lks_Dr_26": "PDG", "Lks_km_26": 176.0, "F_STA_26": "1090", "Cadin_26": "SJJ", "Pjg_Jbt_26": 30.8, "Btg_Pjg_26": 30.0, "Jml_Btg_26": "1", "Lb_Jl_Ms26": 6.4, "Lb_Jl_Kl26": 6.4, "Lb_Lalin26": 6.4, "Lb_Bh_Ki26": 0.36, "Lb_Bh_Ka26": 0.36, "Lb_Dr_Ki26": 0.2, "Lb_Dr_Ka26": 0.2, "Lb_Tr_Ki26": 1.0, "Lb_Tr_Ka26": 1.0, "Lb_TS_Ki26": 0.0, "Lb_TS_Ka26": 0.0, "Lb_Med_26": 0.0, "Lbr_Jbt_26": 9.52, "Bgn_Ats_26": "GPP", "Jns_Jbt_26": "STANDAR", "Thn_Bgn_26": "2016", "BA_26": "1", "LNT_26": "1", "BB_26": "1", "DAS_26": "1", "OP_26": "0", "UT_26": "0", "GR_26": "0", "LB_26": "0", "JBT_26": "1", "Tp_Lnts_26": "SUNGAI", "Dt_Lnts_26": "LURUS", "Pnangnn_26": "RUTIN", "Pmriksn_26": "RUTIN", "Pnglola_26": "BPJN SUMATERA BARAT", "Satkr_ID26": "693876", "PPK_Name26": "PPK 2.2", "Traffic_26": null, "VCR_26": "0.18", "AADT_26": null, "Tipe_Jb_26": null, "Lat_26": -0.81976497177600005, "Long_26": 101.38913726799998, "Tgl_Ins_26": "10\/6\/2020", "Ket_26": null }, "geometry": { "type": "Point", "coordinates": [ 101.389137267770764, -0.819764971775953 ] } },
{ "type": "Feature", "properties": { "KDRUAS_UPD": "06050", "NOJBT_UPD": "06.050.009.0", "NM_RUAS_UP": "TUAPEJAT - ROKOT", "NM_JBT_UPD": "PINANG", "PROVINSI": "SUMATERA BARAT", "No_Prov_26": "06", "ID_Jbt_26": "0600762", "Kd_Ruas_26": "06050", "Suffix_26": null, "Nm_Ruas_26": "TUAPEJAT - ROKOT", "Lintas_26": "NON LINTAS", "No_Jbt_26": "06.050.009.0", "Nm_Jbt_26": "PINANG", "Status_26": "N", "Fungsi_26": "A", "Lks_Dr_26": "TPJ", "Lks_km_26": 15.05, "F_STA_26": "1540", "Cadin_26": "MTW", "Pjg_Jbt_26": 9.2, "Btg_Pjg_26": 9.0, "Jml_Btg_26": "1", "Lb_Jl_Ms26": 5.15, "Lb_Jl_Kl26": 5.15, "Lb_Lalin26": 5.15, "Lb_Bh_Ki26": 3.7, "Lb_Bh_Ka26": 3.6, "Lb_Dr_Ki26": 0.0, "Lb_Dr_Ka26": 0.0, "Lb_Tr_Ki26": 0.0, "Lb_Tr_Ka26": 0.0, "Lb_TS_Ki26": 0.425, "Lb_TS_Ka26": 0.425, "Lb_Med_26": 0.0, "Lbr_Jbt_26": 13.3, "Bgn_Ats_26": "YBP", "Jns_Jbt_26": "STANDAR", "Thn_Bgn_26": "2015", "BA_26": "1", "LNT_26": "1", "BB_26": "0", "DAS_26": "2", "OP_26": "0", "UT_26": "0", "GR_26": "0", "LB_26": "0", "JBT_26": "2", "Tp_Lnts_26": "SUNGAI", "Dt_Lnts_26": "BERKELOK", "Pnangnn_26": "RUTIN", "Pmriksn_26": "RUTIN", "Pnglola_26": "BPJN SUMATERA BARAT", "Satkr_ID26": "693875", "PPK_Name26": "PPK 1.6", "Traffic_26": null, "VCR_26": "0.107", "AADT_26": null, "Tipe_Jb_26": null, "Lat_26": -2.0662179999600001, "Long_26": 99.645426000100002, "Tgl_Ins_26": "10\/2\/2020", "Ket_26": null }, "geometry": { "type": "Point", "coordinates": [ 99.645426000109865, -2.066217999960656 ] } },
{ "type": "Feature", "properties": { "KDRUAS_UPD": "06050", "NOJBT_UPD": "06.050.010.0", "NM_RUAS_UP": "TUAPEJAT - ROKOT", "NM_JBT_UPD": "KERAMBIL", "PROVINSI": "SUMATERA BARAT", "No_Prov_26": "06", "ID_Jbt_26": "0600763", "Kd_Ruas_26": "06050", "Suffix_26": null, "Nm_Ruas_26": "TUAPEJAT - ROKOT", "Lintas_26": "NON LINTAS", "No_Jbt_26": "06.050.010.0", "Nm_Jbt_26": "KERAMBIL", "Status_26": "N", "Fungsi_26": "A", "Lks_Dr_26": "TPJ", "Lks_km_26": 15.57, "F_STA_26": "1600", "Cadin_26": "MTW", "Pjg_Jbt_26": 10.1, "Btg_Pjg_26": 10.0, "Jml_Btg_26": "1", "Lb_Jl_Ms26": 6.15, "Lb_Jl_Kl26": 6.15, "Lb_Lalin26": 6.15, "Lb_Bh_Ki26": 3.1, "Lb_Bh_Ka26": 3.1, "Lb_Dr_Ki26": 0.0, "Lb_Dr_Ka26": 0.0, "Lb_Tr_Ki26": 0.0, "Lb_Tr_Ka26": 0.0, "Lb_TS_Ki26": 0.425, "Lb_TS_Ka26": 0.425, "Lb_Med_26": 0.0, "Lbr_Jbt_26": 13.2, "Bgn_Ats_26": "YBP", "Jns_Jbt_26": "STANDAR", "Thn_Bgn_26": "2015", "BA_26": "1", "LNT_26": "1", "BB_26": "1", "DAS_26": "1", "OP_26": "0", "UT_26": "0", "GR_26": "0", "LB_26": "0", "JBT_26": "1", "Tp_Lnts_26": "SUNGAI", "Dt_Lnts_26": "BERKELOK", "Pnangnn_26": "RUTIN", "Pmriksn_26": "RUTIN", "Pnglola_26": "BPJN SUMATERA BARAT", "Satkr_ID26": "693875", "PPK_Name26": "PPK 1.6", "Traffic_26": null, "VCR_26": "0.107", "AADT_26": null, "Tipe_Jb_26": null, "Lat_26": -2.0627019996999998, "Long_26": 99.648900000200001, "Tgl_Ins_26": "9\/14\/2020", "Ket_26": null }, "geometry": { "type": "Point", "coordinates": [ 99.648900000234903, -2.062701999697481 ] } },
{ "type": "Feature", "properties": { "KDRUAS_UPD": "06050", "NOJBT_UPD": "06.050.011.0", "NM_RUAS_UP": "TUAPEJAT - ROKOT", "NM_JBT_UPD": "GOISO OINAN", "PROVINSI": "SUMATERA BARAT", "No_Prov_26": "06", "ID_Jbt_26": "0600764", "Kd_Ruas_26": "06050", "Suffix_26": null, "Nm_Ruas_26": "TUAPEJAT - ROKOT", "Lintas_26": "NON LINTAS", "No_Jbt_26": "06.050.011.0", "Nm_Jbt_26": "GOISO OINAN", "Status_26": "N", "Fungsi_26": "A", "Lks_Dr_26": "TPJ", "Lks_km_26": 16.2, "F_STA_26": "1660", "Cadin_26": "MTW", "Pjg_Jbt_26": 9.8, "Btg_Pjg_26": 9.0, "Jml_Btg_26": "1", "Lb_Jl_Ms26": 5.6, "Lb_Jl_Kl26": 5.6, "Lb_Lalin26": 11.2, "Lb_Bh_Ki26": 0.0, "Lb_Bh_Ka26": 0.0, "Lb_Dr_Ki26": 0.0, "Lb_Dr_Ka26": 0.0, "Lb_Tr_Ki26": 0.0, "Lb_Tr_Ka26": 0.0, "Lb_TS_Ki26": 0.3, "Lb_TS_Ka26": 0.3, "Lb_Med_26": 0.0, "Lbr_Jbt_26": 11.8, "Bgn_Ats_26": "BTP", "Jns_Jbt_26": "STANDAR", "Thn_Bgn_26": "2021", "BA_26": "1", "LNT_26": "1", "BB_26": "0", "DAS_26": "0", "OP_26": "0", "UT_26": "0", "GR_26": "2", "LB_26": "0", "JBT_26": "2", "Tp_Lnts_26": "SUNGAI", "Dt_Lnts_26": "BERKELOK", "Pnangnn_26": "RUTIN", "Pmriksn_26": "RUTIN", "Pnglola_26": "BPJN SUMATERA BARAT", "Satkr_ID26": "693875", "PPK_Name26": "PPK 1.6", "Traffic_26": null, "VCR_26": "0.107", "AADT_26": null, "Tipe_Jb_26": null, "Lat_26": -2.05974199989, "Long_26": 99.653179999799988, "Tgl_Ins_26": "10\/1\/2022", "Ket_26": null }, "geometry": { "type": "Point", "coordinates": [ 99.653179999757242, -2.059741999893333 ] } },
{ "type": "Feature", "properties": { "KDRUAS_UPD": "06050", "NOJBT_UPD": "06.050.017.0", "NM_RUAS_UP": "TUAPEJAT - ROKOT", "NM_JBT_UPD": "MATORA BIBIT", "PROVINSI": "SUMATERA BARAT", "No_Prov_26": "06", "ID_Jbt_26": "0600766", "Kd_Ruas_26": "06050", "Suffix_26": null, "Nm_Ruas_26": "TUAPEJAT - ROKOT", "Lintas_26": "NON LINTAS", "No_Jbt_26": "06.050.017.0", "Nm_Jbt_26": "MATORA BIBIT", "Status_26": "N", "Fungsi_26": "A", "Lks_Dr_26": "TPJ", "Lks_km_26": 19.5, "F_STA_26": "2010", "Cadin_26": "MTW", "Pjg_Jbt_26": 15.8, "Btg_Pjg_26": 15.0, "Jml_Btg_26": "1", "Lb_Jl_Ms26": 7.0, "Lb_Jl_Kl26": 7.0, "Lb_Lalin26": 7.0, "Lb_Bh_Ki26": 0.0, "Lb_Bh_Ka26": 0.0, "Lb_Dr_Ki26": 0.0, "Lb_Dr_Ka26": 0.0, "Lb_Tr_Ki26": 1.0, "Lb_Tr_Ka26": 1.0, "Lb_TS_Ki26": 0.3, "Lb_TS_Ka26": 0.3, "Lb_Med_26": 0.0, "Lbr_Jbt_26": 9.6, "Bgn_Ats_26": "GBP", "Jns_Jbt_26": "STANDAR", "Thn_Bgn_26": "2017", "BA_26": "1", "LNT_26": "1", "BB_26": "1", "DAS_26": "1", "OP_26": "0", "UT_26": "0", "GR_26": "0", "LB_26": "0", "JBT_26": "1", "Tp_Lnts_26": "SUNGAI", "Dt_Lnts_26": "BERKELOK", "Pnangnn_26": "RUTIN", "Pmriksn_26": "RUTIN", "Pnglola_26": "BPJN SUMATERA BARAT", "Satkr_ID26": "693875", "PPK_Name26": "PPK 1.6", "Traffic_26": null, "VCR_26": "0.107", "AADT_26": null, "Tipe_Jb_26": null, "Lat_26": -2.0720099999600001, "Long_26": 99.676164000300005, "Tgl_Ins_26": "10\/2\/2020", "Ket_26": null }, "geometry": { "type": "Point", "coordinates": [ 99.676164000268443, -2.072009999961494 ] } },
{ "type": "Feature", "properties": { "KDRUAS_UPD": "06051", "NOJBT_UPD": "06.051.020.0", "NM_RUAS_UP": "ROKOT - SIOBAN", "NM_JBT_UPD": "SIJOKJOK", "PROVINSI": "SUMATERA BARAT", "No_Prov_26": "06", "ID_Jbt_26": "0600768", "Kd_Ruas_26": "06051", "Suffix_26": null, "Nm_Ruas_26": "ROKOT - SIOBAN", "Lintas_26": "NON LINTAS", "No_Jbt_26": "06.051.020.0", "Nm_Jbt_26": "SIJOKJOK", "Status_26": "N", "Fungsi_26": "A", "Lks_Dr_26": "TPJ", "Lks_km_26": 26.07, "F_STA_26": "60", "Cadin_26": "MTW", "Pjg_Jbt_26": 17.0, "Btg_Pjg_26": 16.5, "Jml_Btg_26": "1", "Lb_Jl_Ms26": 7.25, "Lb_Jl_Kl26": 7.25, "Lb_Lalin26": 7.25, "Lb_Bh_Ki26": 0.0, "Lb_Bh_Ka26": 0.0, "Lb_Dr_Ki26": 0.0, "Lb_Dr_Ka26": 0.0, "Lb_Tr_Ki26": 0.42, "Lb_Tr_Ka26": 0.34, "Lb_TS_Ki26": 0.195, "Lb_TS_Ka26": 0.195, "Lb_Med_26": 0.0, "Lbr_Jbt_26": 8.4, "Bgn_Ats_26": "GTP", "Jns_Jbt_26": "STANDAR", "Thn_Bgn_26": "2018", "BA_26": "1", "LNT_26": "1", "BB_26": "1", "DAS_26": "1", "OP_26": "0", "UT_26": "0", "GR_26": "0", "LB_26": "0", "JBT_26": "1", "Tp_Lnts_26": "SUNGAI", "Dt_Lnts_26": "BERKELOK", "Pnangnn_26": "RUTIN", "Pmriksn_26": "TIDAK DISURVEI", "Pnglola_26": "BPJN SUMATERA BARAT", "Satkr_ID26": "693875", "PPK_Name26": "PPK 1.6", "Traffic_26": null, "VCR_26": "0.02", "AADT_26": null, "Tipe_Jb_26": null, "Lat_26": -2.1101601126, "Long_26": 99.70266723589998, "Tgl_Ins_26": "9\/14\/2020", "Ket_26": null }, "geometry": { "type": "Point", "coordinates": [ 99.7026672359043, -2.11016011259909 ] } },
{ "type": "Feature", "properties": { "KDRUAS_UPD": "06051", "NOJBT_UPD": "06.051.021.0", "NM_RUAS_UP": "ROKOT - SIOBAN", "NM_JBT_UPD": "MAPALEKAK", "PROVINSI": "SUMATERA BARAT", "No_Prov_26": "06", "ID_Jbt_26": "0600769", "Kd_Ruas_26": "06051", "Suffix_26": null, "Nm_Ruas_26": "ROKOT - SIOBAN", "Lintas_26": "NON LINTAS", "No_Jbt_26": "06.051.021.0", "Nm_Jbt_26": "MAPALEKAK", "Status_26": "N", "Fungsi_26": "A", "Lks_Dr_26": "TPJ", "Lks_km_26": 27.22, "F_STA_26": "200", "Cadin_26": "MTW", "Pjg_Jbt_26": 17.0, "Btg_Pjg_26": 16.5, "Jml_Btg_26": "1", "Lb_Jl_Ms26": 7.0, "Lb_Jl_Kl26": 7.0, "Lb_Lalin26": 7.0, "Lb_Bh_Ki26": 0.0, "Lb_Bh_Ka26": 0.0, "Lb_Dr_Ki26": 0.0, "Lb_Dr_Ka26": 0.0, "Lb_Tr_Ki26": 0.48, "Lb_Tr_Ka26": 0.47, "Lb_TS_Ki26": 0.525, "Lb_TS_Ka26": 0.525, "Lb_Med_26": 0.0, "Lbr_Jbt_26": 9.0, "Bgn_Ats_26": "GTP", "Jns_Jbt_26": "STANDAR", "Thn_Bgn_26": "2018", "BA_26": "1", "LNT_26": "1", "BB_26": "1", "DAS_26": "1", "OP_26": "0", "UT_26": "0", "GR_26": "0", "LB_26": "0", "JBT_26": "1", "Tp_Lnts_26": "SUNGAI", "Dt_Lnts_26": "BERKELOK", "Pnangnn_26": "RUTIN", "Pmriksn_26": "RUTIN", "Pnglola_26": "BPJN SUMATERA BARAT", "Satkr_ID26": "693875", "PPK_Name26": "PPK 1.6", "Traffic_26": null, "VCR_26": "0.02", "AADT_26": null, "Tipe_Jb_26": null, "Lat_26": -2.1208720211299998, "Long_26": 99.707069396600019, "Tgl_Ins_26": "10\/2\/2020", "Ket_26": null }, "geometry": { "type": "Point", "coordinates": [ 99.707069396635404, -2.120872021126843 ] } },
{ "type": "Feature", "properties": { "KDRUAS_UPD": "06051", "NOJBT_UPD": "06.051.001.0", "NM_RUAS_UP": "ROKOT - SIOBAN", "NM_JBT_UPD": "MATOBEK", "PROVINSI": "SUMATERA BARAT", "No_Prov_26": "06", "ID_Jbt_26": "0600770", "Kd_Ruas_26": "06051", "Suffix_26": null, "Nm_Ruas_26": "ROKOT - SIOBAN", "Lintas_26": "NON LINTAS", "No_Jbt_26": "06.051.001.0", "Nm_Jbt_26": "MATOBEK", "Status_26": "N", "Fungsi_26": "A", "Lks_Dr_26": "TPJ", "Lks_km_26": 30.5, "F_STA_26": "480", "Cadin_26": "MTW", "Pjg_Jbt_26": 17.3, "Btg_Pjg_26": 17.0, "Jml_Btg_26": "1", "Lb_Jl_Ms26": 7.0, "Lb_Jl_Kl26": 7.0, "Lb_Lalin26": 7.0, "Lb_Bh_Ki26": 0.0, "Lb_Bh_Ka26": 0.0, "Lb_Dr_Ki26": 0.0, "Lb_Dr_Ka26": 0.0, "Lb_Tr_Ki26": 0.49, "Lb_Tr_Ka26": 0.49, "Lb_TS_Ki26": 0.35, "Lb_TS_Ka26": 0.35, "Lb_Med_26": 0.0, "Lbr_Jbt_26": 8.68, "Bgn_Ats_26": "GTP", "Jns_Jbt_26": "STANDAR", "Thn_Bgn_26": "2018", "BA_26": "2", "LNT_26": "2", "BB_26": "1", "DAS_26": "1", "OP_26": "0", "UT_26": "0", "GR_26": "0", "LB_26": "0", "JBT_26": "2", "Tp_Lnts_26": "SUNGAI", "Dt_Lnts_26": "BERKELOK", "Pnangnn_26": "RUTIN", "Pmriksn_26": "TIDAK DISURVEI", "Pnglola_26": "BPJN SUMATERA BARAT", "Satkr_ID26": "693875", "PPK_Name26": "PPK 1.6", "Traffic_26": null, "VCR_26": "0.02", "AADT_26": null, "Tipe_Jb_26": null, "Lat_26": -2.1424300673899999, "Long_26": 99.707130431799996, "Tgl_Ins_26": "10\/2\/2020", "Ket_26": null }, "geometry": { "type": "Point", "coordinates": [ 99.707130431824055, -2.142430067393661 ] } },
{ "type": "Feature", "properties": { "KDRUAS_UPD": "06051", "NOJBT_UPD": "06.051.002.0", "NM_RUAS_UP": "ROKOT - SIOBAN", "NM_JBT_UPD": "SAURENUIK", "PROVINSI": "SUMATERA BARAT", "No_Prov_26": "06", "ID_Jbt_26": "0600771", "Kd_Ruas_26": "06051", "Suffix_26": null, "Nm_Ruas_26": "ROKOT - SIOBAN", "Lintas_26": "NON LINTAS", "No_Jbt_26": "06.051.002.0", "Nm_Jbt_26": "SAURENUIK", "Status_26": "N", "Fungsi_26": "A", "Lks_Dr_26": "TPJ", "Lks_km_26": 34.55, "F_STA_26": "940", "Cadin_26": "MTW", "Pjg_Jbt_26": 41.3, "Btg_Pjg_26": 41.0, "Jml_Btg_26": "1", "Lb_Jl_Ms26": 6.0, "Lb_Jl_Kl26": 6.0, "Lb_Lalin26": 6.0, "Lb_Bh_Ki26": 0.0, "Lb_Bh_Ka26": 0.0, "Lb_Dr_Ki26": 0.0, "Lb_Dr_Ka26": 0.0, "Lb_Tr_Ki26": 0.47, "Lb_Tr_Ka26": 0.47, "Lb_TS_Ki26": 0.0, "Lb_TS_Ka26": 0.0, "Lb_Med_26": 0.0, "Lbr_Jbt_26": 6.94, "Bgn_Ats_26": "RBI", "Jns_Jbt_26": "STANDAR", "Thn_Bgn_26": "2018", "BA_26": "2", "LNT_26": "2", "BB_26": "1", "DAS_26": "0", "OP_26": "1", "UT_26": "0", "GR_26": "0", "LB_26": "0", "JBT_26": "2", "Tp_Lnts_26": "SUNGAI", "Dt_Lnts_26": "BERJALIN", "Pnangnn_26": "RUTIN", "Pmriksn_26": "DETAIL", "Pnglola_26": "BPJN SUMATERA BARAT", "Satkr_ID26": "693875", "PPK_Name26": "PPK 1.6", "Traffic_26": null, "VCR_26": "0.02", "AADT_26": null, "Tipe_Jb_26": null, "Lat_26": -2.15407991396, "Long_26": 99.678710937899993, "Tgl_Ins_26": "5\/29\/2026", "Ket_26": null }, "geometry": { "type": "Point", "coordinates": [ 99.678710937859535, -2.154079913956821 ] } },
{ "type": "Feature", "properties": { "KDRUAS_UPD": "06051", "NOJBT_UPD": "06.051.003.0", "NM_RUAS_UP": "ROKOT - SIOBAN", "NM_JBT_UPD": "SILAOINAN", "PROVINSI": "SUMATERA BARAT", "No_Prov_26": "06", "ID_Jbt_26": "0600772", "Kd_Ruas_26": "06051", "Suffix_26": null, "Nm_Ruas_26": "ROKOT - SIOBAN", "Lintas_26": "NON LINTAS", "No_Jbt_26": "06.051.003.0", "Nm_Jbt_26": "SILAOINAN", "Status_26": "N", "Fungsi_26": "A", "Lks_Dr_26": "TPJ", "Lks_km_26": 36.95, "F_STA_26": "1180", "Cadin_26": "MTW", "Pjg_Jbt_26": 41.4, "Btg_Pjg_26": 41.0, "Jml_Btg_26": "1", "Lb_Jl_Ms26": 6.0, "Lb_Jl_Kl26": 6.0, "Lb_Lalin26": 6.0, "Lb_Bh_Ki26": 0.0, "Lb_Bh_Ka26": 0.0, "Lb_Dr_Ki26": 0.0, "Lb_Dr_Ka26": 0.0, "Lb_Tr_Ki26": 0.48, "Lb_Tr_Ka26": 0.47, "Lb_TS_Ki26": 0.0, "Lb_TS_Ka26": 0.0, "Lb_Med_26": 0.0, "Lbr_Jbt_26": 6.95, "Bgn_Ats_26": "RBI", "Jns_Jbt_26": "STANDAR", "Thn_Bgn_26": "2018", "BA_26": "2", "LNT_26": "1", "BB_26": "2", "DAS_26": "2", "OP_26": "1", "UT_26": "0", "GR_26": "0", "LB_26": "0", "JBT_26": "2", "Tp_Lnts_26": "SUNGAI", "Dt_Lnts_26": "BERJALIN", "Pnangnn_26": "RUTIN", "Pmriksn_26": "DETAIL", "Pnglola_26": "BPJN SUMATERA BARAT", "Satkr_ID26": "693875", "PPK_Name26": "PPK 1.6", "Traffic_26": null, "VCR_26": "0.02", "AADT_26": null, "Tipe_Jb_26": null, "Lat_26": -2.1701500416899999, "Long_26": 99.678573608700006, "Tgl_Ins_26": "5\/29\/2026", "Ket_26": null }, "geometry": { "type": "Point", "coordinates": [ 99.678573608685156, -2.170150041691045 ] } },
{ "type": "Feature", "properties": { "KDRUAS_UPD": "06051", "NOJBT_UPD": "06.051.004.0", "NM_RUAS_UP": "ROKOT - SIOBAN", "NM_JBT_UPD": "TAKUMAN 1", "PROVINSI": "SUMATERA BARAT", "No_Prov_26": "06", "ID_Jbt_26": "0600773", "Kd_Ruas_26": "06051", "Suffix_26": null, "Nm_Ruas_26": "ROKOT - SIOBAN", "Lintas_26": "NON LINTAS", "No_Jbt_26": "06.051.004.0", "Nm_Jbt_26": "TAKUMAN 1", "Status_26": "N", "Fungsi_26": "A", "Lks_Dr_26": "TPJ", "Lks_km_26": 42.14, "F_STA_26": "1650", "Cadin_26": "MTW", "Pjg_Jbt_26": 31.3, "Btg_Pjg_26": 31.0, "Jml_Btg_26": "1", "Lb_Jl_Ms26": 7.0, "Lb_Jl_Kl26": 7.0, "Lb_Lalin26": 7.0, "Lb_Bh_Ki26": 0.0, "Lb_Bh_Ka26": 0.0, "Lb_Dr_Ki26": 0.0, "Lb_Dr_Ka26": 0.0, "Lb_Tr_Ki26": 0.47, "Lb_Tr_Ka26": 0.44, "Lb_TS_Ki26": 0.45, "Lb_TS_Ka26": 0.45, "Lb_Med_26": 0.0, "Lbr_Jbt_26": 8.81, "Bgn_Ats_26": "GBP", "Jns_Jbt_26": "STANDAR", "Thn_Bgn_26": "2018", "BA_26": "1", "LNT_26": "1", "BB_26": "2", "DAS_26": "1", "OP_26": "0", "UT_26": "0", "GR_26": "0", "LB_26": "0", "JBT_26": "2", "Tp_Lnts_26": "SUNGAI", "Dt_Lnts_26": "BERKELOK", "Pnangnn_26": "RUTIN", "Pmriksn_26": "TIDAK DISURVEI", "Pnglola_26": "BPJN SUMATERA BARAT", "Satkr_ID26": "693875", "PPK_Name26": "PPK 1.6", "Traffic_26": null, "VCR_26": "0.02", "AADT_26": null, "Tipe_Jb_26": null, "Lat_26": -2.1903400419599999, "Long_26": 99.709609985, "Tgl_Ins_26": "9\/14\/2020", "Ket_26": null }, "geometry": { "type": "Point", "coordinates": [ 99.709609985012833, -2.190340041959303 ] } },
{ "type": "Feature", "properties": { "KDRUAS_UPD": "06051", "NOJBT_UPD": "06.051.005.0", "NM_RUAS_UP": "ROKOT - SIOBAN", "NM_JBT_UPD": "TAKUMAN 2", "PROVINSI": "SUMATERA BARAT", "No_Prov_26": "06", "ID_Jbt_26": "0600774", "Kd_Ruas_26": "06051", "Suffix_26": null, "Nm_Ruas_26": "ROKOT - SIOBAN", "Lintas_26": "NON LINTAS", "No_Jbt_26": "06.051.005.0", "Nm_Jbt_26": "TAKUMAN 2", "Status_26": "N", "Fungsi_26": "A", "Lks_Dr_26": "TPJ", "Lks_km_26": 42.25, "F_STA_26": "1680", "Cadin_26": "MTW", "Pjg_Jbt_26": 12.2, "Btg_Pjg_26": 12.0, "Jml_Btg_26": "1", "Lb_Jl_Ms26": 7.0, "Lb_Jl_Kl26": 7.0, "Lb_Lalin26": 7.0, "Lb_Bh_Ki26": 0.0, "Lb_Bh_Ka26": 0.0, "Lb_Dr_Ki26": 0.0, "Lb_Dr_Ka26": 0.0, "Lb_Tr_Ki26": 0.46, "Lb_Tr_Ka26": 0.46, "Lb_TS_Ki26": 0.36, "Lb_TS_Ka26": 0.36, "Lb_Med_26": 0.0, "Lbr_Jbt_26": 8.64, "Bgn_Ats_26": "GBP", "Jns_Jbt_26": "STANDAR", "Thn_Bgn_26": "2018", "BA_26": "2", "LNT_26": "1", "BB_26": "1", "DAS_26": "1", "OP_26": "0", "UT_26": "0", "GR_26": "0", "LB_26": "0", "JBT_26": "2", "Tp_Lnts_26": "SUNGAI", "Dt_Lnts_26": "BERKELOK", "Pnangnn_26": "RUTIN", "Pmriksn_26": "TIDAK DISURVEI", "Pnglola_26": "BPJN SUMATERA BARAT", "Satkr_ID26": "693875", "PPK_Name26": "PPK 1.6", "Traffic_26": null, "VCR_26": "0.02", "AADT_26": null, "Tipe_Jb_26": null, "Lat_26": -2.1912899014099998, "Long_26": 99.712043761800004, "Tgl_Ins_26": "9\/14\/2020", "Ket_26": null }, "geometry": { "type": "Point", "coordinates": [ 99.712043761810207, -2.191289901407799 ] } },
{ "type": "Feature", "properties": { "KDRUAS_UPD": "06052", "NOJBT_UPD": "06.052.001.0", "NM_RUAS_UP": "SIOBAN - KATIET", "NM_JBT_UPD": "MALABAEK 1", "PROVINSI": "SUMATERA BARAT", "No_Prov_26": "06", "ID_Jbt_26": "0600775", "Kd_Ruas_26": "06052", "Suffix_26": null, "Nm_Ruas_26": "SIOBAN - KATIET", "Lintas_26": "NON LINTAS", "No_Jbt_26": "06.052.001.0", "Nm_Jbt_26": "MALABAEK 1", "Status_26": "N", "Fungsi_26": "A", "Lks_Dr_26": "TPJ", "Lks_km_26": 45.4, "F_STA_26": "30", "Cadin_26": "MTW", "Pjg_Jbt_26": 20.0, "Btg_Pjg_26": 19.5, "Jml_Btg_26": "1", "Lb_Jl_Ms26": 5.8, "Lb_Jl_Kl26": 5.8, "Lb_Lalin26": 5.8, "Lb_Bh_Ki26": 0.0, "Lb_Bh_Ka26": 0.0, "Lb_Dr_Ki26": 0.0, "Lb_Dr_Ka26": 0.0, "Lb_Tr_Ki26": 0.0, "Lb_Tr_Ka26": 0.0, "Lb_TS_Ki26": 0.45, "Lb_TS_Ka26": 0.45, "Lb_Med_26": 0.0, "Lbr_Jbt_26": 6.7, "Bgn_Ats_26": "GTP", "Jns_Jbt_26": "STANDAR", "Thn_Bgn_26": "2024", "BA_26": "0", "LNT_26": "0", "BB_26": "0", "DAS_26": "0", "OP_26": "0", "UT_26": "0", "GR_26": "0", "LB_26": "0", "JBT_26": "0", "Tp_Lnts_26": "SUNGAI", "Dt_Lnts_26": "BERKELOK", "Pnangnn_26": "RUTIN", "Pmriksn_26": "TIDAK DISURVEI", "Pnglola_26": "BPJN SUMATERA BARAT", "Satkr_ID26": "693875", "PPK_Name26": "PPK 1.6", "Traffic_26": null, "VCR_26": "0", "AADT_26": null, "Tipe_Jb_26": null, "Lat_26": -2.193540096, "Long_26": 99.732696533400002, "Tgl_Ins_26": "7\/11\/2025", "Ket_26": null }, "geometry": { "type": "Point", "coordinates": [ 99.732696533418334, -2.193540095998571 ] } },
{ "type": "Feature", "properties": { "KDRUAS_UPD": "06052", "NOJBT_UPD": "06.052.002.0", "NM_RUAS_UP": "SIOBAN - KATIET", "NM_JBT_UPD": "MALABAEK 2", "PROVINSI": "SUMATERA BARAT", "No_Prov_26": "06", "ID_Jbt_26": "0600776", "Kd_Ruas_26": "06052", "Suffix_26": null, "Nm_Ruas_26": "SIOBAN - KATIET", "Lintas_26": "NON LINTAS", "No_Jbt_26": "06.052.002.0", "Nm_Jbt_26": "MALABAEK 2", "Status_26": "N", "Fungsi_26": "A", "Lks_Dr_26": "TPJ", "Lks_km_26": 46.15, "F_STA_26": "110", "Cadin_26": "MTW", "Pjg_Jbt_26": 6.7, "Btg_Pjg_26": 6.0, "Jml_Btg_26": "1", "Lb_Jl_Ms26": 3.5, "Lb_Jl_Kl26": 3.5, "Lb_Lalin26": 3.0, "Lb_Bh_Ki26": 0.0, "Lb_Bh_Ka26": 0.0, "Lb_Dr_Ki26": 0.0, "Lb_Dr_Ka26": 0.0, "Lb_Tr_Ki26": 0.5, "Lb_Tr_Ka26": 0.5, "Lb_TS_Ki26": 0.0, "Lb_TS_Ka26": 0.0, "Lb_Med_26": 0.0, "Lbr_Jbt_26": 4.0, "Bgn_Ats_26": "GTP", "Jns_Jbt_26": "STANDAR", "Thn_Bgn_26": "2005", "BA_26": "1", "LNT_26": "1", "BB_26": "1", "DAS_26": "1", "OP_26": "0", "UT_26": "0", "GR_26": "0", "LB_26": "0", "JBT_26": "1", "Tp_Lnts_26": "SUNGAI", "Dt_Lnts_26": "BERKELOK", "Pnangnn_26": "RUTIN", "Pmriksn_26": "TIDAK DISURVEI", "Pnglola_26": "BPJN SUMATERA BARAT", "Satkr_ID26": "693875", "PPK_Name26": "PPK 1.6", "Traffic_26": null, "VCR_26": "0", "AADT_26": null, "Tipe_Jb_26": null, "Lat_26": -2.20015001321, "Long_26": 99.7332534791, "Tgl_Ins_26": "7\/9\/2024", "Ket_26": null }, "geometry": { "type": "Point", "coordinates": [ 99.733253479064842, -2.200150013212465 ] } },
{ "type": "Feature", "properties": { "KDRUAS_UPD": "06052", "NOJBT_UPD": "06.052.005.0", "NM_RUAS_UP": "SIOBAN - KATIET", "NM_JBT_UPD": "MONGA", "PROVINSI": "SUMATERA BARAT", "No_Prov_26": "06", "ID_Jbt_26": "0600778", "Kd_Ruas_26": "06052", "Suffix_26": null, "Nm_Ruas_26": "SIOBAN - KATIET", "Lintas_26": "NON LINTAS", "No_Jbt_26": "06.052.005.0", "Nm_Jbt_26": "MONGA", "Status_26": "N", "Fungsi_26": "A", "Lks_Dr_26": "TPJ", "Lks_km_26": 49.9, "F_STA_26": "530", "Cadin_26": "MTW", "Pjg_Jbt_26": 51.4, "Btg_Pjg_26": 51.0, "Jml_Btg_26": "1", "Lb_Jl_Ms26": 6.0, "Lb_Jl_Kl26": 6.0, "Lb_Lalin26": 6.0, "Lb_Bh_Ki26": 0.0, "Lb_Bh_Ka26": 0.0, "Lb_Dr_Ki26": 0.0, "Lb_Dr_Ka26": 0.0, "Lb_Tr_Ki26": 0.49, "Lb_Tr_Ka26": 0.52, "Lb_TS_Ki26": 0.0, "Lb_TS_Ka26": 0.0, "Lb_Med_26": 0.0, "Lbr_Jbt_26": 7.01, "Bgn_Ats_26": "RBI", "Jns_Jbt_26": "STANDAR", "Thn_Bgn_26": "2016", "BA_26": "1", "LNT_26": "0", "BB_26": "2", "DAS_26": "0", "OP_26": "0", "UT_26": "0", "GR_26": "0", "LB_26": "0", "JBT_26": "2", "Tp_Lnts_26": "SUNGAI", "Dt_Lnts_26": "BERKELOK", "Pnangnn_26": "RUTIN", "Pmriksn_26": "DETAIL", "Pnglola_26": "BPJN SUMATERA BARAT", "Satkr_ID26": "693875", "PPK_Name26": "PPK 1.6", "Traffic_26": null, "VCR_26": "0", "AADT_26": null, "Tipe_Jb_26": null, "Lat_26": -2.22919988607, "Long_26": 99.748092651700006, "Tgl_Ins_26": "5\/29\/2026", "Ket_26": null }, "geometry": { "type": "Point", "coordinates": [ 99.748092651654588, -2.229199886065828 ] } },
{ "type": "Feature", "properties": { "KDRUAS_UPD": "06052", "NOJBT_UPD": "06.052.006.0", "NM_RUAS_UP": "SIOBAN - KATIET", "NM_JBT_UPD": "NEM NEM", "PROVINSI": "SUMATERA BARAT", "No_Prov_26": "06", "ID_Jbt_26": "0600779", "Kd_Ruas_26": "06052", "Suffix_26": null, "Nm_Ruas_26": "SIOBAN - KATIET", "Lintas_26": "NON LINTAS", "No_Jbt_26": "06.052.006.0", "Nm_Jbt_26": "NEM NEM", "Status_26": "N", "Fungsi_26": "A", "Lks_Dr_26": "TPJ", "Lks_km_26": 50.79, "F_STA_26": "620", "Cadin_26": "MTW", "Pjg_Jbt_26": 25.0, "Btg_Pjg_26": 24.5, "Jml_Btg_26": "1", "Lb_Jl_Ms26": 6.65, "Lb_Jl_Kl26": 6.65, "Lb_Lalin26": 6.65, "Lb_Bh_Ki26": 0.0, "Lb_Bh_Ka26": 0.0, "Lb_Dr_Ki26": 0.0, "Lb_Dr_Ka26": 0.0, "Lb_Tr_Ki26": 0.37, "Lb_Tr_Ka26": 0.45, "Lb_TS_Ki26": 0.14, "Lb_TS_Ka26": 0.14, "Lb_Med_26": 0.0, "Lbr_Jbt_26": 7.75, "Bgn_Ats_26": "GTP", "Jns_Jbt_26": "STANDAR", "Thn_Bgn_26": "2024", "BA_26": "0", "LNT_26": "0", "BB_26": "0", "DAS_26": "0", "OP_26": "0", "UT_26": "0", "GR_26": "0", "LB_26": "0", "JBT_26": "0", "Tp_Lnts_26": "SUNGAI", "Dt_Lnts_26": "BERKELOK", "Pnangnn_26": "RUTIN", "Pmriksn_26": "TIDAK DISURVEI", "Pnglola_26": "BPJN SUMATERA BARAT", "Satkr_ID26": "693875", "PPK_Name26": "PPK 1.6", "Traffic_26": null, "VCR_26": "0", "AADT_26": null, "Tipe_Jb_26": null, "Lat_26": -2.23557305315, "Long_26": 99.752265930400014, "Tgl_Ins_26": "7\/18\/2025", "Ket_26": null }, "geometry": { "type": "Point", "coordinates": [ 99.752265930428393, -2.235573053153814 ] } },
{ "type": "Feature", "properties": { "KDRUAS_UPD": "06052", "NOJBT_UPD": "06.052.007.0", "NM_RUAS_UP": "SIOBAN - KATIET", "NM_JBT_UPD": "TRANS SAGITSI", "PROVINSI": "SUMATERA BARAT", "No_Prov_26": "06", "ID_Jbt_26": "0600780", "Kd_Ruas_26": "06052", "Suffix_26": null, "Nm_Ruas_26": "SIOBAN - KATIET", "Lintas_26": "NON LINTAS", "No_Jbt_26": "06.052.007.0", "Nm_Jbt_26": "TRANS SAGITSI", "Status_26": "N", "Fungsi_26": "A", "Lks_Dr_26": "TPJ", "Lks_km_26": 54.95, "F_STA_26": "1040", "Cadin_26": "MTW", "Pjg_Jbt_26": 14.0, "Btg_Pjg_26": 13.5, "Jml_Btg_26": "1", "Lb_Jl_Ms26": 6.0, "Lb_Jl_Kl26": 6.0, "Lb_Lalin26": 6.0, "Lb_Bh_Ki26": 0.0, "Lb_Bh_Ka26": 0.0, "Lb_Dr_Ki26": 0.0, "Lb_Dr_Ka26": 0.0, "Lb_Tr_Ki26": 0.38, "Lb_Tr_Ka26": 0.39, "Lb_TS_Ki26": 0.415, "Lb_TS_Ka26": 0.415, "Lb_Med_26": 0.0, "Lbr_Jbt_26": 7.6, "Bgn_Ats_26": "GTP", "Jns_Jbt_26": "STANDAR", "Thn_Bgn_26": "2024", "BA_26": "0", "LNT_26": "0", "BB_26": "0", "DAS_26": "0", "OP_26": "0", "UT_26": "0", "GR_26": "0", "LB_26": "0", "JBT_26": "0", "Tp_Lnts_26": "SUNGAI", "Dt_Lnts_26": "BERKELOK", "Pnangnn_26": "RUTIN", "Pmriksn_26": "TIDAK DISURVEI", "Pnglola_26": "BPJN SUMATERA BARAT", "Satkr_ID26": "693875", "PPK_Name26": "PPK 1.6", "Traffic_26": null, "VCR_26": "0", "AADT_26": null, "Tipe_Jb_26": null, "Lat_26": -2.2630450726700002, "Long_26": 99.767829895399998, "Tgl_Ins_26": "7\/18\/2025", "Ket_26": null }, "geometry": { "type": "Point", "coordinates": [ 99.767829895433408, -2.2630450726719 ] } },
{ "type": "Feature", "properties": { "KDRUAS_UPD": "06052", "NOJBT_UPD": "06.052.008.0", "NM_RUAS_UP": "SIOBAN - KATIET", "NM_JBT_UPD": "SAGITSI", "PROVINSI": "SUMATERA BARAT", "No_Prov_26": "06", "ID_Jbt_26": "0600781", "Kd_Ruas_26": "06052", "Suffix_26": null, "Nm_Ruas_26": "SIOBAN - KATIET", "Lintas_26": "NON LINTAS", "No_Jbt_26": "06.052.008.0", "Nm_Jbt_26": "SAGITSI", "Status_26": "N", "Fungsi_26": "A", "Lks_Dr_26": "TPJ", "Lks_km_26": 56.66, "F_STA_26": "1210", "Cadin_26": "MTW", "Pjg_Jbt_26": 40.0, "Btg_Pjg_26": 39.5, "Jml_Btg_26": "1", "Lb_Jl_Ms26": 6.0, "Lb_Jl_Kl26": 6.0, "Lb_Lalin26": 6.0, "Lb_Bh_Ki26": 0.0, "Lb_Bh_Ka26": 0.0, "Lb_Dr_Ki26": 0.0, "Lb_Dr_Ka26": 0.0, "Lb_Tr_Ki26": 0.38, "Lb_Tr_Ka26": 0.47, "Lb_TS_Ki26": 0.0, "Lb_TS_Ka26": 0.0, "Lb_Med_26": 0.0, "Lbr_Jbt_26": 6.85, "Bgn_Ats_26": "RBI", "Jns_Jbt_26": "STANDAR", "Thn_Bgn_26": "2024", "BA_26": "0", "LNT_26": "0", "BB_26": "0", "DAS_26": "0", "OP_26": "0", "UT_26": "0", "GR_26": "0", "LB_26": "0", "JBT_26": "0", "Tp_Lnts_26": "SUNGAI", "Dt_Lnts_26": "BERKELOK", "Pnangnn_26": "RUTIN", "Pmriksn_26": "RUTIN", "Pnglola_26": "BPJN SUMATERA BARAT", "Satkr_ID26": "693875", "PPK_Name26": "PPK 1.6", "Traffic_26": null, "VCR_26": "0", "AADT_26": null, "Tipe_Jb_26": null, "Lat_26": -2.26486706766, "Long_26": 99.778251647600001, "Tgl_Ins_26": "7\/18\/2025", "Ket_26": null }, "geometry": { "type": "Point", "coordinates": [ 99.778251647595539, -2.264867067660987 ] } },
{ "type": "Feature", "properties": { "KDRUAS_UPD": "0603111", "NOJBT_UPD": "06.031.123.0.11", "NM_RUAS_UP": "JLN. BUKIT PUTUS - BTS. KOTA PADANG (PADANG)", "NM_JBT_UPD": "LANGUK LANGAK", "PROVINSI": "SUMATERA BARAT", "No_Prov_26": "06", "ID_Jbt_26": "0600789", "Kd_Ruas_26": "0603111", "Suffix_26": "11", "Nm_Ruas_26": "JLN. BUKIT PUTUS - BTS. KOTA PADANG (PADANG)", "Lintas_26": "JALAN LINTAS BARAT", "No_Jbt_26": "06.031.123.0.11", "Nm_Jbt_26": "LANGUK LANGAK", "Status_26": "N", "Fungsi_26": "A", "Lks_Dr_26": "PDG", "Lks_km_26": 26.3, "F_STA_26": "2020", "Cadin_26": "PDG", "Pjg_Jbt_26": 11.2, "Btg_Pjg_26": 11.0, "Jml_Btg_26": "1", "Lb_Jl_Ms26": 6.6, "Lb_Jl_Kl26": 6.6, "Lb_Lalin26": 6.6, "Lb_Bh_Ki26": 0.37, "Lb_Bh_Ka26": 0.37, "Lb_Dr_Ki26": 0.0, "Lb_Dr_Ka26": 0.0, "Lb_Tr_Ki26": 0.67, "Lb_Tr_Ka26": 0.67, "Lb_TS_Ki26": 0.0, "Lb_TS_Ka26": 0.0, "Lb_Med_26": 0.0, "Lbr_Jbt_26": 8.68, "Bgn_Ats_26": "GTP", "Jns_Jbt_26": "STANDAR", "Thn_Bgn_26": "1993", "BA_26": "2", "LNT_26": "2", "BB_26": "1", "DAS_26": "0", "OP_26": "0", "UT_26": "0", "GR_26": "0", "LB_26": "0", "JBT_26": "2", "Tp_Lnts_26": "SUNGAI", "Dt_Lnts_26": "LURUS", "Pnangnn_26": "RUTIN", "Pmriksn_26": "DETAIL", "Pnglola_26": "BPJN SUMATERA BARAT", "Satkr_ID26": "693876", "PPK_Name26": "PPK 2.3", "Traffic_26": null, "VCR_26": "0.306", "AADT_26": null, "Tipe_Jb_26": null, "Lat_26": -1.0788099765000001, "Long_26": 100.42241668700001, "Tgl_Ins_26": "5\/3\/2026", "Ket_26": null }, "geometry": { "type": "Point", "coordinates": [ 100.422416686580902, -1.078809976499144 ] } },
{ "type": "Feature", "properties": { "KDRUAS_UPD": "06023", "NOJBT_UPD": "06.023.021.B", "NM_RUAS_UP": "MANGGAPOH - BTS. KOTA PARIAMAN", "NM_JBT_UPD": "GASAN GADANG B", "PROVINSI": "SUMATERA BARAT", "No_Prov_26": "06", "ID_Jbt_26": "0600809", "Kd_Ruas_26": "06023", "Suffix_26": null, "Nm_Ruas_26": "MANGGAPOH - BTS. KOTA PARIAMAN", "Lintas_26": "JALAN LINTAS BARAT", "No_Jbt_26": "06.023.021.B", "Nm_Jbt_26": "GASAN GADANG B", "Status_26": "N", "Fungsi_26": "K1", "Lks_Dr_26": "PDG", "Lks_km_26": 84.97, "F_STA_26": "2120", "Cadin_26": "PRM", "Pjg_Jbt_26": 47.0, "Btg_Pjg_26": 46.0, "Jml_Btg_26": "1", "Lb_Jl_Ms26": 6.38, "Lb_Jl_Kl26": 6.38, "Lb_Lalin26": 6.38, "Lb_Bh_Ki26": 0.3, "Lb_Bh_Ka26": 0.35, "Lb_Dr_Ki26": 0.0, "Lb_Dr_Ka26": 0.0, "Lb_Tr_Ki26": 1.0, "Lb_Tr_Ka26": 1.0, "Lb_TS_Ki26": 0.0, "Lb_TS_Ka26": 0.0, "Lb_Med_26": 0.0, "Lbr_Jbt_26": 9.03, "Bgn_Ats_26": "RBU", "Jns_Jbt_26": "STANDAR", "Thn_Bgn_26": "1980", "BA_26": "3", "LNT_26": "3", "BB_26": "1", "DAS_26": "1", "OP_26": "0", "UT_26": "1", "GR_26": "0", "LB_26": "0", "JBT_26": "3", "Tp_Lnts_26": "SUNGAI", "Dt_Lnts_26": "BERKELOK", "Pnangnn_26": "BERKALA", "Pmriksn_26": "DETAIL", "Pnglola_26": "BPJN SUMATERA BARAT", "Satkr_ID26": "693875", "PPK_Name26": "PPK 1.5", "Traffic_26": null, "VCR_26": "0.498", "AADT_26": null, "Tipe_Jb_26": null, "Lat_26": -0.437258988811, "Long_26": 99.975898742799998, "Tgl_Ins_26": "5\/30\/2026", "Ket_26": null }, "geometry": { "type": "Point", "coordinates": [ 99.975898742832783, -0.437258988811209 ] } },
{ "type": "Feature", "properties": { "KDRUAS_UPD": "06002", "NOJBT_UPD": "06.002.030.31", "NM_RUAS_UP": "PANTI - BTS. KOTA LUBUK SIKAPING", "NM_JBT_UPD": "AIR AMPANG GADANG 3", "PROVINSI": "SUMATERA BARAT", "No_Prov_26": "06", "ID_Jbt_26": "0600810", "Kd_Ruas_26": "06002", "Suffix_26": null, "Nm_Ruas_26": "PANTI - BTS. KOTA LUBUK SIKAPING", "Lintas_26": "JALAN LINTAS TENGAH", "No_Jbt_26": "06.002.030.31", "Nm_Jbt_26": "AIR AMPANG GADANG 3", "Status_26": "N", "Fungsi_26": "A", "Lks_Dr_26": "PDG", "Lks_km_26": 187.2, "F_STA_26": "1650", "Cadin_26": "LBS", "Pjg_Jbt_26": 6.0, "Btg_Pjg_26": 5.5, "Jml_Btg_26": "1", "Lb_Jl_Ms26": 5.2, "Lb_Jl_Kl26": 5.2, "Lb_Lalin26": 5.2, "Lb_Bh_Ki26": 2.75, "Lb_Bh_Ka26": 2.3, "Lb_Dr_Ki26": 0.0, "Lb_Dr_Ka26": 0.0, "Lb_Tr_Ki26": 0.0, "Lb_Tr_Ka26": 0.0, "Lb_TS_Ki26": 0.375, "Lb_TS_Ka26": 0.375, "Lb_Med_26": 0.0, "Lbr_Jbt_26": 11.0, "Bgn_Ats_26": "MBP", "Jns_Jbt_26": "STANDAR", "Thn_Bgn_26": "1980", "BA_26": "2", "LNT_26": "0", "BB_26": "0", "DAS_26": "2", "OP_26": "0", "UT_26": "0", "GR_26": "0", "LB_26": "0", "JBT_26": "2", "Tp_Lnts_26": "SUNGAI", "Dt_Lnts_26": "BERKELOK", "Pnangnn_26": "RUTIN", "Pmriksn_26": "RUTIN", "Pnglola_26": "BPJN SUMATERA BARAT", "Satkr_ID26": "693875", "PPK_Name26": "PPK 1.3", "Traffic_26": null, "VCR_26": "0.106", "AADT_26": null, "Tipe_Jb_26": null, "Lat_26": 0.27367399955545579, "Long_26": 100.109554, "Tgl_Ins_26": "6\/25\/2024", "Ket_26": null }, "geometry": { "type": "Point", "coordinates": [ 100.109553999617447, 0.273673999555456 ] } },
{ "type": "Feature", "properties": { "KDRUAS_UPD": "06002", "NOJBT_UPD": "06.002.030.32", "NM_RUAS_UP": "PANTI - BTS. KOTA LUBUK SIKAPING", "NM_JBT_UPD": "AIR AMPANG GADANG 4", "PROVINSI": "SUMATERA BARAT", "No_Prov_26": "06", "ID_Jbt_26": "0600811", "Kd_Ruas_26": "06002", "Suffix_26": null, "Nm_Ruas_26": "PANTI - BTS. KOTA LUBUK SIKAPING", "Lintas_26": "JALAN LINTAS TENGAH", "No_Jbt_26": "06.002.030.32", "Nm_Jbt_26": "AIR AMPANG GADANG 4", "Status_26": "N", "Fungsi_26": "A", "Lks_Dr_26": "PDG", "Lks_km_26": 187.3, "F_STA_26": "1660", "Cadin_26": "LBS", "Pjg_Jbt_26": 10.1, "Btg_Pjg_26": 9.5, "Jml_Btg_26": "1", "Lb_Jl_Ms26": 8.1, "Lb_Jl_Kl26": 8.1, "Lb_Lalin26": 8.1, "Lb_Bh_Ki26": 0.0, "Lb_Bh_Ka26": 0.0, "Lb_Dr_Ki26": 0.0, "Lb_Dr_Ka26": 0.0, "Lb_Tr_Ki26": 0.47, "Lb_Tr_Ka26": 0.53, "Lb_TS_Ki26": 0.2, "Lb_TS_Ka26": 0.2, "Lb_Med_26": 0.0, "Lbr_Jbt_26": 9.5, "Bgn_Ats_26": "GTP", "Jns_Jbt_26": "STANDAR", "Thn_Bgn_26": "2019", "BA_26": "2", "LNT_26": "2", "BB_26": "1", "DAS_26": "0", "OP_26": "0", "UT_26": "0", "GR_26": "0", "LB_26": "0", "JBT_26": "2", "Tp_Lnts_26": "SUNGAI", "Dt_Lnts_26": "BERKELOK", "Pnangnn_26": "RUTIN", "Pmriksn_26": "RUTIN", "Pnglola_26": "BPJN SUMATERA BARAT", "Satkr_ID26": "693875", "PPK_Name26": "PPK 1.3", "Traffic_26": null, "VCR_26": "0.106", "AADT_26": null, "Tipe_Jb_26": null, "Lat_26": 0.27478300033521919, "Long_26": 100.109052, "Tgl_Ins_26": "6\/26\/2024", "Ket_26": null }, "geometry": { "type": "Point", "coordinates": [ 100.109051999849953, 0.274783000335219 ] } },
{ "type": "Feature", "properties": { "KDRUAS_UPD": "06003", "NOJBT_UPD": "06.003.012.0", "NM_RUAS_UP": "BTS. KOTA LUBUK SIKAPING - SP. KUMPULAN", "NM_JBT_UPD": "MUARA MANGGUNG", "PROVINSI": "SUMATERA BARAT", "No_Prov_26": "06", "ID_Jbt_26": "0600812", "Kd_Ruas_26": "06003", "Suffix_26": null, "Nm_Ruas_26": "BTS. KOTA LUBUK SIKAPING - SP. KUMPULAN", "Lintas_26": "JALAN LINTAS TENGAH", "No_Jbt_26": "06.003.012.0", "Nm_Jbt_26": "MUARA MANGGUNG", "Status_26": "N", "Fungsi_26": "A", "Lks_Dr_26": "PDG", "Lks_km_26": 159.1, "F_STA_26": "1630", "Cadin_26": "LBS", "Pjg_Jbt_26": 7.1, "Btg_Pjg_26": 7.0, "Jml_Btg_26": "1", "Lb_Jl_Ms26": 6.85, "Lb_Jl_Kl26": 6.85, "Lb_Lalin26": 6.85, "Lb_Bh_Ki26": 3.15, "Lb_Bh_Ka26": 2.4, "Lb_Dr_Ki26": 0.0, "Lb_Dr_Ka26": 0.0, "Lb_Tr_Ki26": 0.0, "Lb_Tr_Ka26": 0.0, "Lb_TS_Ki26": 0.4, "Lb_TS_Ka26": 0.4, "Lb_Med_26": 0.0, "Lbr_Jbt_26": 13.2, "Bgn_Ats_26": "BTP", "Jns_Jbt_26": "STANDAR", "Thn_Bgn_26": "1980", "BA_26": "2", "LNT_26": "0", "BB_26": "0", "DAS_26": "1", "OP_26": "2", "UT_26": "0", "GR_26": "1", "LB_26": "0", "JBT_26": "2", "Tp_Lnts_26": "SUNGAI", "Dt_Lnts_26": "BERKELOK", "Pnangnn_26": "BERKALA", "Pmriksn_26": "RUTIN", "Pnglola_26": "BPJN SUMATERA BARAT", "Satkr_ID26": "693875", "PPK_Name26": "PPK 1.3", "Traffic_26": null, "VCR_26": "0.087", "AADT_26": null, "Tipe_Jb_26": null, "Lat_26": 0.066154000306937646, "Long_26": 100.204351, "Tgl_Ins_26": "6\/23\/2024", "Ket_26": null }, "geometry": { "type": "Point", "coordinates": [ 100.204350999599001, 0.066154000306938 ] } },
{ "type": "Feature", "properties": { "KDRUAS_UPD": "06025", "NOJBT_UPD": "06.025.004.3", "NM_RUAS_UP": "KURAITAJI - LUBUK ALUNG", "NM_JBT_UPD": "SUNGAI IRIGASI 1", "PROVINSI": "SUMATERA BARAT", "No_Prov_26": "06", "ID_Jbt_26": "0600815", "Kd_Ruas_26": "06025", "Suffix_26": null, "Nm_Ruas_26": "KURAITAJI - LUBUK ALUNG", "Lintas_26": "JALAN LINTAS BARAT", "No_Jbt_26": "06.025.004.3", "Nm_Jbt_26": "SUNGAI IRIGASI 1", "Status_26": "N", "Fungsi_26": "A", "Lks_Dr_26": "PDG", "Lks_km_26": 40.785, "F_STA_26": "750", "Cadin_26": "PRM", "Pjg_Jbt_26": 6.0, "Btg_Pjg_26": 5.0, "Jml_Btg_26": "1", "Lb_Jl_Ms26": 6.4, "Lb_Jl_Kl26": 6.4, "Lb_Lalin26": 6.4, "Lb_Bh_Ki26": 2.49, "Lb_Bh_Ka26": 2.57, "Lb_Dr_Ki26": 0.0, "Lb_Dr_Ka26": 0.0, "Lb_Tr_Ki26": 0.0, "Lb_Tr_Ka26": 0.0, "Lb_TS_Ki26": 0.27, "Lb_TS_Ka26": 0.27, "Lb_Med_26": 0.0, "Lbr_Jbt_26": 12.0, "Bgn_Ats_26": "BTP", "Jns_Jbt_26": "STANDAR", "Thn_Bgn_26": "2015", "BA_26": "1", "LNT_26": "0", "BB_26": "0", "DAS_26": "1", "OP_26": "0", "UT_26": "0", "GR_26": "0", "LB_26": "0", "JBT_26": "1", "Tp_Lnts_26": "SUNGAI", "Dt_Lnts_26": "LURUS", "Pnangnn_26": "RUTIN", "Pmriksn_26": "RUTIN", "Pnglola_26": "BPJN SUMATERA BARAT", "Satkr_ID26": "693875", "PPK_Name26": "PPK 1.5", "Traffic_26": null, "VCR_26": "0.739", "AADT_26": null, "Tipe_Jb_26": null, "Lat_26": -0.65985599985400001, "Long_26": 100.235229, "Tgl_Ins_26": "6\/10\/2021", "Ket_26": null }, "geometry": { "type": "Point", "coordinates": [ 100.23522899991849, -0.659855999854472 ] } },
{ "type": "Feature", "properties": { "KDRUAS_UPD": "06036", "NOJBT_UPD": "06.036.035.0", "NM_RUAS_UP": "BTS. PROV. RIAU - BTS. KOTA PAYAKUMBUH", "NM_JBT_UPD": "BATANG SOSAH", "PROVINSI": "SUMATERA BARAT", "No_Prov_26": "06", "ID_Jbt_26": "0600817", "Kd_Ruas_26": "06036", "Suffix_26": null, "Nm_Ruas_26": "BTS. PROV. RIAU - BTS. KOTA PAYAKUMBUH", "Lintas_26": "JALAN PENGHUBUNG LINTAS", "No_Jbt_26": "06.036.035.0", "Nm_Jbt_26": "BATANG SOSAH", "Status_26": "N", "Fungsi_26": "A", "Lks_Dr_26": "PDG", "Lks_km_26": 187.1, "F_STA_26": "5690", "Cadin_26": "PYK", "Pjg_Jbt_26": 30.6, "Btg_Pjg_26": 30.0, "Jml_Btg_26": "1", "Lb_Jl_Ms26": 6.8, "Lb_Jl_Kl26": 6.8, "Lb_Lalin26": 6.8, "Lb_Bh_Ki26": 0.0, "Lb_Bh_Ka26": 0.0, "Lb_Dr_Ki26": 0.0, "Lb_Dr_Ka26": 0.0, "Lb_Tr_Ki26": 0.92, "Lb_Tr_Ka26": 0.95, "Lb_TS_Ki26": 0.45, "Lb_TS_Ka26": 0.45, "Lb_Med_26": 0.0, "Lbr_Jbt_26": 9.57, "Bgn_Ats_26": "GPP", "Jns_Jbt_26": "STANDAR", "Thn_Bgn_26": "2018", "BA_26": "2", "LNT_26": "1", "BB_26": "1", "DAS_26": "1", "OP_26": "0", "UT_26": "0", "GR_26": "0", "LB_26": "0", "JBT_26": "2", "Tp_Lnts_26": "SUNGAI", "Dt_Lnts_26": "BERJALIN", "Pnangnn_26": "BERKALA", "Pmriksn_26": "RUTIN", "Pnglola_26": "BPJN SUMATERA BARAT", "Satkr_ID26": "693875", "PPK_Name26": "PPK 1.2", "Traffic_26": null, "VCR_26": "1.118", "AADT_26": null, "Tipe_Jb_26": null, "Lat_26": 0.13301900002687717, "Long_26": 100.772165, "Tgl_Ins_26": "9\/18\/2020", "Ket_26": null }, "geometry": { "type": "Point", "coordinates": [ 100.772164999814947, 0.133019000026877 ] } },
{ "type": "Feature", "properties": { "KDRUAS_UPD": "0602314", "NOJBT_UPD": "06.023.001.0.14", "NM_RUAS_UP": "JLN. SITI MANGGOPOH  (PARIAMAN)", "NM_JBT_UPD": "MANGGUNG", "PROVINSI": "SUMATERA BARAT", "No_Prov_26": "06", "ID_Jbt_26": "0600261", "Kd_Ruas_26": "0602314", "Suffix_26": "14", "Nm_Ruas_26": "JLN. SITI MANGGOPOH  (PARIAMAN)", "Lintas_26": "JALAN LINTAS BARAT", "No_Jbt_26": "06.023.001.0.14", "Nm_Jbt_26": "MANGGUNG", "Status_26": "N", "Fungsi_26": "K1", "Lks_Dr_26": "PDG", "Lks_km_26": 58.97, "F_STA_26": "40", "Cadin_26": "PRM", "Pjg_Jbt_26": 31.0, "Btg_Pjg_26": 30.0, "Jml_Btg_26": "1", "Lb_Jl_Ms26": 12.9, "Lb_Jl_Kl26": 12.9, "Lb_Lalin26": 12.9, "Lb_Bh_Ki26": 0.38, "Lb_Bh_Ka26": 0.37, "Lb_Dr_Ki26": 0.0, "Lb_Dr_Ka26": 0.0, "Lb_Tr_Ki26": 0.97, "Lb_Tr_Ka26": 0.94, "Lb_TS_Ki26": 0.495, "Lb_TS_Ka26": 0.495, "Lb_Med_26": 3.95, "Lbr_Jbt_26": 20.5, "Bgn_Ats_26": "GPP", "Jns_Jbt_26": "STANDAR", "Thn_Bgn_26": "2018", "BA_26": "1", "LNT_26": "1", "BB_26": "1", "DAS_26": "1", "OP_26": "0", "UT_26": "0", "GR_26": "0", "LB_26": "0", "JBT_26": "1", "Tp_Lnts_26": "SUNGAI", "Dt_Lnts_26": "BERKELOK", "Pnangnn_26": "RUTIN", "Pmriksn_26": "RUTIN", "Pnglola_26": "BPJN SUMATERA BARAT", "Satkr_ID26": "693875", "PPK_Name26": "PPK 1.5", "Traffic_26": null, "VCR_26": "0.364", "AADT_26": null, "Tipe_Jb_26": null, "Lat_26": -0.59674298789900004, "Long_26": 100.10985565199999, "Tgl_Ins_26": "9\/29\/2020", "Ket_26": null }, "geometry": { "type": "Point", "coordinates": [ 100.10985565201679, -0.596742987898551 ] } },
{ "type": "Feature", "properties": { "KDRUAS_UPD": "0602314", "NOJBT_UPD": "06.023.002.0.14", "NM_RUAS_UP": "JLN. SITI MANGGOPOH  (PARIAMAN)", "NM_JBT_UPD": "NARAS", "PROVINSI": "SUMATERA BARAT", "No_Prov_26": "06", "ID_Jbt_26": "0600262", "Kd_Ruas_26": "0602314", "Suffix_26": "14", "Nm_Ruas_26": "JLN. SITI MANGGOPOH  (PARIAMAN)", "Lintas_26": "JALAN LINTAS BARAT", "No_Jbt_26": "06.023.002.0.14", "Nm_Jbt_26": "NARAS", "Status_26": "N", "Fungsi_26": "K1", "Lks_Dr_26": "PDG", "Lks_km_26": 61.15, "F_STA_26": "260", "Cadin_26": "PRM", "Pjg_Jbt_26": 13.4, "Btg_Pjg_26": 13.0, "Jml_Btg_26": "1", "Lb_Jl_Ms26": 13.1, "Lb_Jl_Kl26": 13.1, "Lb_Lalin26": 13.1, "Lb_Bh_Ki26": 0.47, "Lb_Bh_Ka26": 0.3, "Lb_Dr_Ki26": 0.0, "Lb_Dr_Ka26": 0.0, "Lb_Tr_Ki26": 1.5, "Lb_Tr_Ka26": 1.55, "Lb_TS_Ki26": 0.34, "Lb_TS_Ka26": 0.34, "Lb_Med_26": 1.92, "Lbr_Jbt_26": 19.52, "Bgn_Ats_26": "GTP", "Jns_Jbt_26": "STANDAR", "Thn_Bgn_26": "2016", "BA_26": "1", "LNT_26": "1", "BB_26": "1", "DAS_26": "1", "OP_26": "0", "UT_26": "0", "GR_26": "0", "LB_26": "0", "JBT_26": "1", "Tp_Lnts_26": "SUNGAI", "Dt_Lnts_26": "BERKELOK", "Pnangnn_26": "RUTIN", "Pmriksn_26": "RUTIN", "Pnglola_26": "BPJN SUMATERA BARAT", "Satkr_ID26": "693875", "PPK_Name26": "PPK 1.5", "Traffic_26": null, "VCR_26": "0.364", "AADT_26": null, "Tipe_Jb_26": null, "Lat_26": -0.57980102319899995, "Long_26": 100.09973907499999, "Tgl_Ins_26": "9\/29\/2020", "Ket_26": null }, "geometry": { "type": "Point", "coordinates": [ 100.099739074898423, -0.579801023198627 ] } },
{ "type": "Feature", "properties": { "KDRUAS_UPD": "0603711", "NOJBT_UPD": "06.037.004.0.11", "NM_RUAS_UP": "JLN. SOEKARNO HATTA (PAYAKUMBUH)", "NM_JBT_UPD": "BUAH BURAI", "PROVINSI": "SUMATERA BARAT", "No_Prov_26": "06", "ID_Jbt_26": "0600535", "Kd_Ruas_26": "0603711", "Suffix_26": "11", "Nm_Ruas_26": "JLN. SOEKARNO HATTA (PAYAKUMBUH)", "Lintas_26": "JALAN PENGHUBUNG LINTAS", "No_Jbt_26": "06.037.004.0.11", "Nm_Jbt_26": "BUAH BURAI", "Status_26": "N", "Fungsi_26": "A", "Lks_Dr_26": "PDG", "Lks_km_26": 118.1, "F_STA_26": "40", "Cadin_26": "PYK", "Pjg_Jbt_26": 11.0, "Btg_Pjg_26": 10.0, "Jml_Btg_26": "1", "Lb_Jl_Ms26": 6.0, "Lb_Jl_Kl26": 6.0, "Lb_Lalin26": 6.0, "Lb_Bh_Ki26": 1.23, "Lb_Bh_Ka26": 0.91, "Lb_Dr_Ki26": 0.0, "Lb_Dr_Ka26": 0.0, "Lb_Tr_Ki26": 0.0, "Lb_Tr_Ka26": 0.0, "Lb_TS_Ki26": 0.38, "Lb_TS_Ka26": 0.38, "Lb_Med_26": 0.0, "Lbr_Jbt_26": 8.9, "Bgn_Ats_26": "ATP", "Jns_Jbt_26": "STANDAR", "Thn_Bgn_26": "1990", "BA_26": "1", "LNT_26": "1", "BB_26": "0", "DAS_26": "0", "OP_26": "0", "UT_26": "0", "GR_26": "1", "LB_26": "0", "JBT_26": "1", "Tp_Lnts_26": "SUNGAI", "Dt_Lnts_26": "BERKELOK", "Pnangnn_26": "RUTIN", "Pmriksn_26": "RUTIN", "Pnglola_26": "BPJN SUMATERA BARAT", "Satkr_ID26": "693875", "PPK_Name26": "PPK 1.2", "Traffic_26": null, "VCR_26": "0.818", "AADT_26": null, "Tipe_Jb_26": null, "Lat_26": -0.26391699907, "Long_26": 100.596038818, "Tgl_Ins_26": "6\/26\/2024", "Ket_26": null }, "geometry": { "type": "Point", "coordinates": [ 100.596038817837211, -0.263916999070204 ] } },
{ "type": "Feature", "properties": { "KDRUAS_UPD": "0603811", "NOJBT_UPD": "06.038.001.0.11", "NM_RUAS_UP": "JLN. SOEKARNO HATTA  (BUKITTINGGI)", "NM_JBT_UPD": "TAMBUO", "PROVINSI": "SUMATERA BARAT", "No_Prov_26": "06", "ID_Jbt_26": "0600538", "Kd_Ruas_26": "0603811", "Suffix_26": "11", "Nm_Ruas_26": "JLN. SOEKARNO HATTA  (BUKITTINGGI)", "Lintas_26": "JALAN PENGHUBUNG LINTAS", "No_Jbt_26": "06.038.001.0.11", "Nm_Jbt_26": "TAMBUO", "Status_26": "N", "Fungsi_26": "A", "Lks_Dr_26": "PDG", "Lks_km_26": 93.8, "F_STA_26": "130", "Cadin_26": "BKT", "Pjg_Jbt_26": 9.7, "Btg_Pjg_26": 4.5, "Jml_Btg_26": "2", "Lb_Jl_Ms26": 8.2, "Lb_Jl_Kl26": 8.2, "Lb_Lalin26": 8.2, "Lb_Bh_Ki26": 0.85, "Lb_Bh_Ka26": 4.71, "Lb_Dr_Ki26": 0.49, "Lb_Dr_Ka26": 0.0, "Lb_Tr_Ki26": 0.0, "Lb_Tr_Ka26": 0.0, "Lb_TS_Ki26": 0.275, "Lb_TS_Ka26": 0.275, "Lb_Med_26": 0.0, "Lbr_Jbt_26": 14.8, "Bgn_Ats_26": "ESP", "Jns_Jbt_26": "STANDAR", "Thn_Bgn_26": "1969", "BA_26": "2", "LNT_26": "0", "BB_26": "0", "DAS_26": "1", "OP_26": "0", "UT_26": "0", "GR_26": "2", "LB_26": "0", "JBT_26": "2", "Tp_Lnts_26": "SUNGAI", "Dt_Lnts_26": "BERKELOK", "Pnangnn_26": "RUTIN", "Pmriksn_26": "RUTIN", "Pnglola_26": "BPJN SUMATERA BARAT", "Satkr_ID26": "693875", "PPK_Name26": "PPK 1.1", "Traffic_26": null, "VCR_26": "1.034", "AADT_26": null, "Tipe_Jb_26": null, "Lat_26": -0.296537012273, "Long_26": 100.39067077599999, "Tgl_Ins_26": "6\/27\/2024", "Ket_26": null }, "geometry": { "type": "Point", "coordinates": [ 100.390670775735771, -0.296537012273234 ] } },
{ "type": "Feature", "properties": { "KDRUAS_UPD": "0600711", "NOJBT_UPD": "06.007.001.0.11", "NM_RUAS_UP": "JLN. HAMKA  - BUKIT SURUNGAN", "NM_JBT_UPD": "FLY OVER PADANG PANJANG 1", "PROVINSI": "SUMATERA BARAT", "No_Prov_26": "06", "ID_Jbt_26": "0600734", "Kd_Ruas_26": "0600711", "Suffix_26": "11", "Nm_Ruas_26": "JLN. HAMKA  - BUKIT SURUNGAN", "Lintas_26": "JALAN LINTAS TENGAH", "No_Jbt_26": "06.007.001.0.11", "Nm_Jbt_26": "FLY OVER PADANG PANJANG 1", "Status_26": "N", "Fungsi_26": "A", "Lks_Dr_26": "PDG", "Lks_km_26": 73.0, "F_STA_26": "0", "Cadin_26": "BSK", "Pjg_Jbt_26": 20.7, "Btg_Pjg_26": 20.0, "Jml_Btg_26": "1", "Lb_Jl_Ms26": 6.4, "Lb_Jl_Kl26": 6.4, "Lb_Lalin26": 6.4, "Lb_Bh_Ki26": 0.34, "Lb_Bh_Ka26": 0.34, "Lb_Dr_Ki26": 0.0, "Lb_Dr_Ka26": 0.0, "Lb_Tr_Ki26": 1.05, "Lb_Tr_Ka26": 1.05, "Lb_TS_Ki26": 0.21, "Lb_TS_Ka26": 0.21, "Lb_Med_26": 0.0, "Lbr_Jbt_26": 9.6, "Bgn_Ats_26": "GPP", "Jns_Jbt_26": "STANDAR", "Thn_Bgn_26": "2011", "BA_26": "1", "LNT_26": "1", "BB_26": "1", "DAS_26": "1", "OP_26": "0", "UT_26": "0", "GR_26": "0", "LB_26": "0", "JBT_26": "1", "Tp_Lnts_26": "JALAN", "Dt_Lnts_26": "JALAN", "Pnangnn_26": "RUTIN", "Pmriksn_26": "RUTIN", "Pnglola_26": "BPJN SUMATERA BARAT", "Satkr_ID26": "693875", "PPK_Name26": "PPK 1.1", "Traffic_26": null, "VCR_26": "0.123", "AADT_26": null, "Tipe_Jb_26": null, "Lat_26": -0.45296499094199999, "Long_26": 100.403701782, "Tgl_Ins_26": "9\/30\/2020", "Ket_26": null }, "geometry": { "type": "Point", "coordinates": [ 100.403701782211556, -0.452964990941553 ] } },
{ "type": "Feature", "properties": { "KDRUAS_UPD": "0600711", "NOJBT_UPD": "06.007.002.0.11", "NM_RUAS_UP": "JLN. HAMKA - BUKIT KANDUNG", "NM_JBT_UPD": "FLY OVER PADANG PANJANG 2", "PROVINSI": "SUMATERA BARAT", "No_Prov_26": "06", "ID_Jbt_26": "0600735", "Kd_Ruas_26": "0600711", "Suffix_26": "12", "Nm_Ruas_26": "JLN. HAMKA - BUKIT KANDUNG", "Lintas_26": "JALAN LINTAS TENGAH", "No_Jbt_26": "06.007.002.0.11", "Nm_Jbt_26": "FLY OVER PADANG PANJANG 2", "Status_26": "N", "Fungsi_26": "A", "Lks_Dr_26": "PDG", "Lks_km_26": 73.05, "F_STA_26": "0", "Cadin_26": "BSK", "Pjg_Jbt_26": 20.7, "Btg_Pjg_26": 20.0, "Jml_Btg_26": "1", "Lb_Jl_Ms26": 6.4, "Lb_Jl_Kl26": 6.4, "Lb_Lalin26": 6.4, "Lb_Bh_Ki26": 0.4, "Lb_Bh_Ka26": 0.29, "Lb_Dr_Ki26": 0.0, "Lb_Dr_Ka26": 0.0, "Lb_Tr_Ki26": 1.09, "Lb_Tr_Ka26": 1.04, "Lb_TS_Ki26": 0.295, "Lb_TS_Ka26": 0.295, "Lb_Med_26": 0.0, "Lbr_Jbt_26": 9.81, "Bgn_Ats_26": "GPP", "Jns_Jbt_26": "STANDAR", "Thn_Bgn_26": "2011", "BA_26": "1", "LNT_26": "1", "BB_26": "1", "DAS_26": "1", "OP_26": "0", "UT_26": "0", "GR_26": "0", "LB_26": "0", "JBT_26": "1", "Tp_Lnts_26": "JALAN", "Dt_Lnts_26": "JALAN", "Pnangnn_26": "BERKALA", "Pmriksn_26": "RUTIN", "Pnglola_26": "BPJN SUMATERA BARAT", "Satkr_ID26": "693875", "PPK_Name26": "PPK 1.1", "Traffic_26": null, "VCR_26": "0.123", "AADT_26": null, "Tipe_Jb_26": null, "Lat_26": -0.45295500756700002, "Long_26": 100.404075623, "Tgl_Ins_26": "9\/30\/2020", "Ket_26": null }, "geometry": { "type": "Point", "coordinates": [ 100.404075623191488, -0.452955007567482 ] } },
{ "type": "Feature", "properties": { "KDRUAS_UPD": "0600715", "NOJBT_UPD": "06.007.002.0.15", "NM_RUAS_UP": "JLN. SOLOK BATUNG - KACANG KAYU", "NM_JBT_UPD": "SOLOK BATUNG 2", "PROVINSI": "SUMATERA BARAT", "No_Prov_26": "06", "ID_Jbt_26": "0600736", "Kd_Ruas_26": "0600715", "Suffix_26": "15", "Nm_Ruas_26": "JLN. SOLOK BATUNG - KACANG KAYU", "Lintas_26": "JALAN LINTAS TENGAH", "No_Jbt_26": "06.007.002.0.15", "Nm_Jbt_26": "SOLOK BATUNG 2", "Status_26": "N", "Fungsi_26": "A", "Lks_Dr_26": "PDG", "Lks_km_26": 0.7, "F_STA_26": "0", "Cadin_26": "BSK", "Pjg_Jbt_26": 12.3, "Btg_Pjg_26": 12.0, "Jml_Btg_26": "1", "Lb_Jl_Ms26": 6.15, "Lb_Jl_Kl26": 6.15, "Lb_Lalin26": 6.15, "Lb_Bh_Ki26": 0.25, "Lb_Bh_Ka26": 0.22, "Lb_Dr_Ki26": 0.15, "Lb_Dr_Ka26": 0.17, "Lb_Tr_Ki26": 0.95, "Lb_Tr_Ka26": 0.92, "Lb_TS_Ki26": 0.27, "Lb_TS_Ka26": 0.27, "Lb_Med_26": 0.0, "Lbr_Jbt_26": 9.35, "Bgn_Ats_26": "GBP", "Jns_Jbt_26": "STANDAR", "Thn_Bgn_26": "2011", "BA_26": "2", "LNT_26": "1", "BB_26": "1", "DAS_26": "1", "OP_26": "0", "UT_26": "0", "GR_26": "0", "LB_26": "0", "JBT_26": "2", "Tp_Lnts_26": "SUNGAI", "Dt_Lnts_26": "BERKELOK", "Pnangnn_26": "RUTIN", "Pmriksn_26": "RUTIN", "Pnglola_26": "BPJN SUMATERA BARAT", "Satkr_ID26": "693875", "PPK_Name26": "PPK 1.1", "Traffic_26": null, "VCR_26": "0.067", "AADT_26": null, "Tipe_Jb_26": null, "Lat_26": -0.46194899065299999, "Long_26": 100.42955017099999, "Tgl_Ins_26": "9\/30\/2020", "Ket_26": null }, "geometry": { "type": "Point", "coordinates": [ 100.429550171103585, -0.461948990653354 ] } },
{ "type": "Feature", "properties": { "KDRUAS_UPD": "0600513", "NOJBT_UPD": "06.005.003.0.13", "NM_RUAS_UP": "SP. AUR KUNING - SP. TALUK", "NM_JBT_UPD": "FLY OVER BUKITTING", "PROVINSI": "SUMATERA BARAT", "No_Prov_26": "06", "ID_Jbt_26": "0600790", "Kd_Ruas_26": "0600513", "Suffix_26": "13", "Nm_Ruas_26": "SP. AUR KUNING - SP. TALUK", "Lintas_26": "JALAN LINTAS TENGAH", "No_Jbt_26": "06.005.003.0.13", "Nm_Jbt_26": "FLY OVER BUKITTING", "Status_26": "N", "Fungsi_26": "A", "Lks_Dr_26": "PDG", "Lks_km_26": 91.4, "F_STA_26": "110", "Cadin_26": "BKT", "Pjg_Jbt_26": 420.4, "Btg_Pjg_26": 40.8, "Jml_Btg_26": "10", "Lb_Jl_Ms26": 7.9, "Lb_Jl_Kl26": 7.9, "Lb_Lalin26": 7.9, "Lb_Bh_Ki26": 0.36, "Lb_Bh_Ka26": 0.43, "Lb_Dr_Ki26": 0.0, "Lb_Dr_Ka26": 0.0, "Lb_Tr_Ki26": 0.0, "Lb_Tr_Ka26": 0.0, "Lb_TS_Ki26": 0.505, "Lb_TS_Ka26": 0.505, "Lb_Med_26": 0.0, "Lbr_Jbt_26": 9.7, "Bgn_Ats_26": "GPP", "Jns_Jbt_26": "STANDAR", "Thn_Bgn_26": "2014", "BA_26": "2", "LNT_26": "2", "BB_26": "2", "DAS_26": "0", "OP_26": "0", "UT_26": "0", "GR_26": "0", "LB_26": "0", "JBT_26": "2", "Tp_Lnts_26": "JALAN", "Dt_Lnts_26": "JALAN", "Pnangnn_26": "RUTIN", "Pmriksn_26": "TIDAK DISURVEI", "Pnglola_26": "BPJN SUMATERA BARAT", "Satkr_ID26": "693875", "PPK_Name26": "PPK 1.1", "Traffic_26": null, "VCR_26": "0.426", "AADT_26": null, "Tipe_Jb_26": null, "Lat_26": -0.31571498475900001, "Long_26": 100.386947632, "Tgl_Ins_26": "9\/10\/2022", "Ket_26": null }, "geometry": { "type": "Point", "coordinates": [ 100.38694763192774, -0.315714984758699 ] } },
{ "type": "Feature", "properties": { "KDRUAS_UPD": "0600713", "NOJBT_UPD": "06.007.002.0.13", "NM_RUAS_UP": "JLN. PASAR TERNAK GANTING", "NM_JBT_UPD": "BUKIT KANDUNG 2", "PROVINSI": "SUMATERA BARAT", "No_Prov_26": "06", "ID_Jbt_26": "0600788", "Kd_Ruas_26": "0600713", "Suffix_26": "13", "Nm_Ruas_26": "JLN. PASAR TERNAK GANTING", "Lintas_26": "JALAN LINTAS TENGAH", "No_Jbt_26": "06.007.002.0.13", "Nm_Jbt_26": "BUKIT KANDUNG 2", "Status_26": "N", "Fungsi_26": "A", "Lks_Dr_26": "PDG", "Lks_km_26": 0.05, "F_STA_26": "0", "Cadin_26": "BSK", "Pjg_Jbt_26": 12.1, "Btg_Pjg_26": 6.05, "Jml_Btg_26": "2", "Lb_Jl_Ms26": 6.1, "Lb_Jl_Kl26": 6.1, "Lb_Lalin26": 6.1, "Lb_Bh_Ki26": 0.8, "Lb_Bh_Ka26": 0.9, "Lb_Dr_Ki26": 0.0, "Lb_Dr_Ka26": 0.0, "Lb_Tr_Ki26": 0.0, "Lb_Tr_Ka26": 0.0, "Lb_TS_Ki26": 0.42, "Lb_TS_Ka26": 0.42, "Lb_Med_26": 0.0, "Lbr_Jbt_26": 8.64, "Bgn_Ats_26": "BTP", "Jns_Jbt_26": "STANDAR", "Thn_Bgn_26": "2011", "BA_26": "1", "LNT_26": "1", "BB_26": "1", "DAS_26": "2", "OP_26": "0", "UT_26": "0", "GR_26": "0", "LB_26": "0", "JBT_26": "2", "Tp_Lnts_26": "SUNGAI", "Dt_Lnts_26": "BERKELOK", "Pnangnn_26": "BERKALA", "Pmriksn_26": "RUTIN", "Pnglola_26": "BPJN SUMATERA BARAT", "Satkr_ID26": "693875", "PPK_Name26": "PPK 1.1", "Traffic_26": null, "VCR_26": "0.097", "AADT_26": null, "Tipe_Jb_26": null, "Lat_26": -0.45669698677600001, "Long_26": 100.415718079, "Tgl_Ins_26": "6\/11\/2021", "Ket_26": null }, "geometry": { "type": "Point", "coordinates": [ 100.415718079126123, -0.456696986776478 ] } },
{ "type": "Feature", "properties": { "KDRUAS_UPD": "06036", "NOJBT_UPD": "06.036.004.0", "NM_RUAS_UP": "BTS. PROV. RIAU - BTS. KOTA PAYAKUMBUH", "NM_JBT_UPD": "SUNGAI NANAS 2", "PROVINSI": "SUMATERA BARAT", "No_Prov_26": "06", "ID_Jbt_26": "0600501", "Kd_Ruas_26": "06036", "Suffix_26": null, "Nm_Ruas_26": "BTS. PROV. RIAU - BTS. KOTA PAYAKUMBUH", "Lintas_26": "JALAN PENGHUBUNG LINTAS", "No_Jbt_26": "06.036.004.0", "Nm_Jbt_26": "SUNGAI NANAS 2", "Status_26": "N", "Fungsi_26": "A", "Lks_Dr_26": "PDG", "Lks_km_26": 144.1, "F_STA_26": "1420", "Cadin_26": "PYK", "Pjg_Jbt_26": 11.0, "Btg_Pjg_26": 10.5, "Jml_Btg_26": "1", "Lb_Jl_Ms26": 7.0, "Lb_Jl_Kl26": 7.0, "Lb_Lalin26": 7.0, "Lb_Bh_Ki26": 2.73, "Lb_Bh_Ka26": 1.75, "Lb_Dr_Ki26": 0.0, "Lb_Dr_Ka26": 0.0, "Lb_Tr_Ki26": 0.49, "Lb_Tr_Ka26": 0.45, "Lb_TS_Ki26": 0.29, "Lb_TS_Ka26": 0.29, "Lb_Med_26": 0.0, "Lbr_Jbt_26": 13.0, "Bgn_Ats_26": "GTP", "Jns_Jbt_26": "STANDAR", "Thn_Bgn_26": "1993", "BA_26": "1", "LNT_26": "1", "BB_26": "1", "DAS_26": "2", "OP_26": "0", "UT_26": "0", "GR_26": "0", "LB_26": "0", "JBT_26": "2", "Tp_Lnts_26": "SUNGAI", "Dt_Lnts_26": "BERJALIN", "Pnangnn_26": "RUTIN", "Pmriksn_26": "RUTIN", "Pnglola_26": "BPJN SUMATERA BARAT", "Satkr_ID26": "693875", "PPK_Name26": "PPK 1.2", "Traffic_26": null, "VCR_26": "1.118", "AADT_26": null, "Tipe_Jb_26": null, "Lat_26": -0.090058997224900003, "Long_26": 100.69679260300001, "Tgl_Ins_26": "10\/7\/2020", "Ket_26": null }, "geometry": { "type": "Point", "coordinates": [ 100.696792603296046, -0.090058997224901 ] } },
{ "type": "Feature", "properties": { "KDRUAS_UPD": "0604311", "NOJBT_UPD": "06.043.001.A.11", "NM_RUAS_UP": "BTS. KOTA PADANG - JLN. SIMP. HARU", "NM_JBT_UPD": "MARAPALAM A", "PROVINSI": "SUMATERA BARAT", "No_Prov_26": "06", "ID_Jbt_26": "0600572", "Kd_Ruas_26": "0604311", "Suffix_26": "11", "Nm_Ruas_26": "BTS. KOTA PADANG - JLN. SIMP. HARU", "Lintas_26": "JALAN PENGHUBUNG LINTAS", "No_Jbt_26": "06.043.001.A.11", "Nm_Jbt_26": "MARAPALAM A", "Status_26": "N", "Fungsi_26": "A", "Lks_Dr_26": "PDG", "Lks_km_26": 3.9, "F_STA_26": "160", "Cadin_26": "PDG", "Pjg_Jbt_26": 43.5, "Btg_Pjg_26": 43.0, "Jml_Btg_26": "1", "Lb_Jl_Ms26": 6.3, "Lb_Jl_Kl26": 6.3, "Lb_Lalin26": 6.3, "Lb_Bh_Ki26": 0.35, "Lb_Bh_Ka26": 0.35, "Lb_Dr_Ki26": 0.14, "Lb_Dr_Ka26": 0.14, "Lb_Tr_Ki26": 0.43, "Lb_Tr_Ka26": 0.43, "Lb_TS_Ki26": 0.13, "Lb_TS_Ka26": 0.13, "Lb_Med_26": 0.0, "Lbr_Jbt_26": 8.4, "Bgn_Ats_26": "GTP", "Jns_Jbt_26": "STANDAR", "Thn_Bgn_26": "1981", "BA_26": "2", "LNT_26": "2", "BB_26": "2", "DAS_26": "0", "OP_26": "2", "UT_26": "0", "GR_26": "0", "LB_26": "0", "JBT_26": "2", "Tp_Lnts_26": "SUNGAI", "Dt_Lnts_26": "LURUS", "Pnangnn_26": "RUTIN", "Pmriksn_26": "RUTIN", "Pnglola_26": "BPJN SUMATERA BARAT", "Satkr_ID26": "693876", "PPK_Name26": "PPK 2.1", "Traffic_26": null, "VCR_26": "0.732", "AADT_26": null, "Tipe_Jb_26": null, "Lat_26": -0.95324409004300004, "Long_26": 100.390228271, "Tgl_Ins_26": "6\/21\/2024", "Ket_26": null }, "geometry": { "type": "Point", "coordinates": [ 100.390228270618252, -0.953244090042688 ] } },
{ "type": "Feature", "properties": { "KDRUAS_UPD": "06021", "NOJBT_UPD": "06.021.010.0", "NM_RUAS_UP": "SIMP. EMPAT - PADANG SAWAH", "NM_JBT_UPD": "SUNGAI SARIK", "PROVINSI": "SUMATERA BARAT", "No_Prov_26": "06", "ID_Jbt_26": "0600246", "Kd_Ruas_26": "06021", "Suffix_26": null, "Nm_Ruas_26": "SIMP. EMPAT - PADANG SAWAH", "Lintas_26": "JALAN LINTAS BARAT", "No_Jbt_26": "06.021.010.0", "Nm_Jbt_26": "SUNGAI SARIK", "Status_26": "N", "Fungsi_26": "K1", "Lks_Dr_26": "PDG", "Lks_km_26": 165.15, "F_STA_26": "3080", "Cadin_26": "SP4", "Pjg_Jbt_26": 26.3, "Btg_Pjg_26": 26.0, "Jml_Btg_26": "1", "Lb_Jl_Ms26": 5.54, "Lb_Jl_Kl26": 5.54, "Lb_Lalin26": 5.54, "Lb_Bh_Ki26": 0.24, "Lb_Bh_Ka26": 0.3, "Lb_Dr_Ki26": 0.0, "Lb_Dr_Ka26": 0.0, "Lb_Tr_Ki26": 0.5, "Lb_Tr_Ka26": 0.5, "Lb_TS_Ki26": 0.31, "Lb_TS_Ka26": 0.31, "Lb_Med_26": 0.0, "Lbr_Jbt_26": 7.7, "Bgn_Ats_26": "GTP", "Jns_Jbt_26": "STANDAR", "Thn_Bgn_26": "1983", "BA_26": "1", "LNT_26": "0", "BB_26": "0", "DAS_26": "2", "OP_26": "0", "UT_26": "0", "GR_26": "0", "LB_26": "0", "JBT_26": "2", "Tp_Lnts_26": "SUNGAI", "Dt_Lnts_26": "BERKELOK", "Pnangnn_26": "RUTIN", "Pmriksn_26": "RUTIN", "Pnglola_26": "BPJN SUMATERA BARAT", "Satkr_ID26": "693875", "PPK_Name26": "PPK 1.4", "Traffic_26": null, "VCR_26": "0.733", "AADT_26": null, "Tipe_Jb_26": null, "Lat_26": 0.011711999709063999, "Long_26": 99.818264999899995, "Tgl_Ins_26": "6\/26\/2024", "Ket_26": null }, "geometry": { "type": "Point", "coordinates": [ 99.818264999929852, 0.011711999709064 ] } },
{ "type": "Feature", "properties": { "KDRUAS_UPD": "06021", "NOJBT_UPD": "06.021.011.0", "NM_RUAS_UP": "SIMP. EMPAT - PADANG SAWAH", "NM_JBT_UPD": "SUNGAI AMPU", "PROVINSI": "SUMATERA BARAT", "No_Prov_26": "06", "ID_Jbt_26": "0600247", "Kd_Ruas_26": "06021", "Suffix_26": null, "Nm_Ruas_26": "SIMP. EMPAT - PADANG SAWAH", "Lintas_26": "JALAN LINTAS BARAT", "No_Jbt_26": "06.021.011.0", "Nm_Jbt_26": "SUNGAI AMPU", "Status_26": "N", "Fungsi_26": "K1", "Lks_Dr_26": "PDG", "Lks_km_26": 167.1, "F_STA_26": "3230", "Cadin_26": "SP4", "Pjg_Jbt_26": 26.1, "Btg_Pjg_26": 25.6, "Jml_Btg_26": "1", "Lb_Jl_Ms26": 5.38, "Lb_Jl_Kl26": 5.38, "Lb_Lalin26": 5.38, "Lb_Bh_Ki26": 0.28, "Lb_Bh_Ka26": 0.29, "Lb_Dr_Ki26": 0.0, "Lb_Dr_Ka26": 0.0, "Lb_Tr_Ki26": 0.53, "Lb_Tr_Ka26": 0.52, "Lb_TS_Ki26": 0.33, "Lb_TS_Ka26": 0.33, "Lb_Med_26": 0.0, "Lbr_Jbt_26": 7.66, "Bgn_Ats_26": "GPP", "Jns_Jbt_26": "STANDAR", "Thn_Bgn_26": "1983", "BA_26": "2", "LNT_26": "2", "BB_26": "0", "DAS_26": "2", "OP_26": "2", "UT_26": "0", "GR_26": "0", "LB_26": "0", "JBT_26": "2", "Tp_Lnts_26": "SUNGAI", "Dt_Lnts_26": "BERKELOK", "Pnangnn_26": "RUTIN", "Pmriksn_26": "RUTIN", "Pnglola_26": "BPJN SUMATERA BARAT", "Satkr_ID26": "693875", "PPK_Name26": "PPK 1.4", "Traffic_26": null, "VCR_26": "0.733", "AADT_26": null, "Tipe_Jb_26": null, "Lat_26": 0.025411000117628649, "Long_26": 99.816006000100003, "Tgl_Ins_26": "6\/26\/2024", "Ket_26": null }, "geometry": { "type": "Point", "coordinates": [ 99.816006000076925, 0.025411000117629 ] } },
{ "type": "Feature", "properties": { "KDRUAS_UPD": "06026", "NOJBT_UPD": "06.026.017.0", "NM_RUAS_UP": "LUBUK ALUNG - SIMP. DUKU", "NM_JBT_UPD": "JAMBAK", "PROVINSI": "SUMATERA BARAT", "No_Prov_26": "06", "ID_Jbt_26": "0600338", "Kd_Ruas_26": "06026", "Suffix_26": null, "Nm_Ruas_26": "LUBUK ALUNG - SIMP. DUKU", "Lintas_26": "JALAN LINTAS BARAT", "No_Jbt_26": "06.026.017.0", "Nm_Jbt_26": "JAMBAK", "Status_26": "N", "Fungsi_26": "A", "Lks_Dr_26": "PDG", "Lks_km_26": 32.5, "F_STA_26": "1250", "Cadin_26": "PRM", "Pjg_Jbt_26": 12.7, "Btg_Pjg_26": 12.0, "Jml_Btg_26": "1", "Lb_Jl_Ms26": 7.8, "Lb_Jl_Kl26": 7.8, "Lb_Lalin26": 7.8, "Lb_Bh_Ki26": 0.23, "Lb_Bh_Ka26": 0.32, "Lb_Dr_Ki26": 0.0, "Lb_Dr_Ka26": 0.0, "Lb_Tr_Ki26": 0.6, "Lb_Tr_Ka26": 0.32, "Lb_TS_Ki26": 0.0, "Lb_TS_Ka26": 0.0, "Lb_Med_26": 0.0, "Lbr_Jbt_26": 9.27, "Bgn_Ats_26": "PTP", "Jns_Jbt_26": "STANDAR", "Thn_Bgn_26": "1974", "BA_26": "2", "LNT_26": "0", "BB_26": "0", "DAS_26": "1", "OP_26": "1", "UT_26": "0", "GR_26": "0", "LB_26": "0", "JBT_26": "2", "Tp_Lnts_26": "SUNGAI", "Dt_Lnts_26": "BERKELOK", "Pnangnn_26": "RUTIN", "Pmriksn_26": "RUTIN", "Pnglola_26": "BPJN SUMATERA BARAT", "Satkr_ID26": "693875", "PPK_Name26": "PPK 1.1", "Traffic_26": null, "VCR_26": "1.255", "AADT_26": null, "Tipe_Jb_26": null, "Lat_26": -0.69602100026900005, "Long_26": 100.289933, "Tgl_Ins_26": "6\/26\/2024", "Ket_26": null }, "geometry": { "type": "Point", "coordinates": [ 100.289933000007977, -0.6960210002689 ] } },
{ "type": "Feature", "properties": { "KDRUAS_UPD": "06031", "NOJBT_UPD": "06.031.001.0", "NM_RUAS_UP": "BTS. KOTA PADANG - BTS. KOTA PAINAN", "NM_JBT_UPD": "SIBINGKEH 1", "PROVINSI": "SUMATERA BARAT", "No_Prov_26": "06", "ID_Jbt_26": "0600346", "Kd_Ruas_26": "06031", "Suffix_26": null, "Nm_Ruas_26": "BTS. KOTA PADANG - BTS. KOTA PAINAN", "Lintas_26": "JALAN LINTAS BARAT", "No_Jbt_26": "06.031.001.0", "Nm_Jbt_26": "SIBINGKEH 1", "Status_26": "N", "Fungsi_26": "A", "Lks_Dr_26": "PDG", "Lks_km_26": 28.1, "F_STA_26": "20", "Cadin_26": "PIN", "Pjg_Jbt_26": 6.2, "Btg_Pjg_26": 6.0, "Jml_Btg_26": "1", "Lb_Jl_Ms26": 5.6, "Lb_Jl_Kl26": 5.6, "Lb_Lalin26": 5.6, "Lb_Bh_Ki26": 2.15, "Lb_Bh_Ka26": 2.15, "Lb_Dr_Ki26": 0.0, "Lb_Dr_Ka26": 0.0, "Lb_Tr_Ki26": 1.35, "Lb_Tr_Ka26": 1.35, "Lb_TS_Ki26": 0.0, "Lb_TS_Ka26": 0.0, "Lb_Med_26": 0.0, "Lbr_Jbt_26": 12.6, "Bgn_Ats_26": "PTP", "Jns_Jbt_26": "STANDAR", "Thn_Bgn_26": "1997", "BA_26": "1", "LNT_26": "1", "BB_26": "1", "DAS_26": "1", "OP_26": "0", "UT_26": "0", "GR_26": "0", "LB_26": "0", "JBT_26": "1", "Tp_Lnts_26": "SUNGAI", "Dt_Lnts_26": "LURUS", "Pnangnn_26": "RUTIN", "Pmriksn_26": "RUTIN", "Pnglola_26": "BPJN SUMATERA BARAT", "Satkr_ID26": "693876", "PPK_Name26": "PPK 2.3", "Traffic_26": null, "VCR_26": "0.557", "AADT_26": null, "Tipe_Jb_26": null, "Lat_26": -1.07151699991, "Long_26": 100.43217, "Tgl_Ins_26": "6\/9\/2021", "Ket_26": null }, "geometry": { "type": "Point", "coordinates": [ 100.432169999645851, -1.071516999909591 ] } },
{ "type": "Feature", "properties": { "KDRUAS_UPD": "06033", "NOJBT_UPD": "06.033.013.0", "NM_RUAS_UP": "KAMBANG - INDRAPURA", "NM_JBT_UPD": "PUNGGASAN", "PROVINSI": "SUMATERA BARAT", "No_Prov_26": "06", "ID_Jbt_26": "0600445", "Kd_Ruas_26": "06033", "Suffix_26": null, "Nm_Ruas_26": "KAMBANG - INDRAPURA", "Lintas_26": "JALAN LINTAS BARAT", "No_Jbt_26": "06.033.013.0", "Nm_Jbt_26": "PUNGGASAN", "Status_26": "N", "Fungsi_26": "A", "Lks_Dr_26": "PDG", "Lks_km_26": 164.1, "F_STA_26": "4230", "Cadin_26": "PIN", "Pjg_Jbt_26": 51.8, "Btg_Pjg_26": 51.0, "Jml_Btg_26": "1", "Lb_Jl_Ms26": 5.4, "Lb_Jl_Kl26": 5.4, "Lb_Lalin26": 5.4, "Lb_Bh_Ki26": 0.37, "Lb_Bh_Ka26": 0.37, "Lb_Dr_Ki26": 0.0, "Lb_Dr_Ka26": 0.0, "Lb_Tr_Ki26": 0.43, "Lb_Tr_Ka26": 0.43, "Lb_TS_Ki26": 0.0, "Lb_TS_Ka26": 0.0, "Lb_Med_26": 0.0, "Lbr_Jbt_26": 7.0, "Bgn_Ats_26": "RBA", "Jns_Jbt_26": "STANDAR", "Thn_Bgn_26": "1988", "BA_26": "2", "LNT_26": "2", "BB_26": "2", "DAS_26": "0", "OP_26": "1", "UT_26": "0", "GR_26": "0", "LB_26": "0", "JBT_26": "2", "Tp_Lnts_26": "SUNGAI", "Dt_Lnts_26": "BERKELOK (MEANDER)", "Pnangnn_26": "RUTIN", "Pmriksn_26": "RUTIN", "Pnglola_26": "BPJN SUMATERA BARAT", "Satkr_ID26": "693876", "PPK_Name26": "PPK 2.4", "Traffic_26": null, "VCR_26": "0.114", "AADT_26": null, "Tipe_Jb_26": null, "Lat_26": -1.9492380004300001, "Long_26": 100.907308, "Tgl_Ins_26": "6\/19\/2025", "Ket_26": null }, "geometry": { "type": "Point", "coordinates": [ 100.907307999664511, -1.949238000433354 ] } },
{ "type": "Feature", "properties": { "KDRUAS_UPD": "06042", "NOJBT_UPD": "06.042.004.0", "NM_RUAS_UP": "BTS. KOTA SOLOK - LUBUK SELASIH", "NM_JBT_UPD": "BUKIT KILI", "PROVINSI": "SUMATERA BARAT", "No_Prov_26": "06", "ID_Jbt_26": "0600569", "Kd_Ruas_26": "06042", "Suffix_26": null, "Nm_Ruas_26": "BTS. KOTA SOLOK - LUBUK SELASIH", "Lintas_26": "JALAN PENGHUBUNG LINTAS", "No_Jbt_26": "06.042.004.0", "Nm_Jbt_26": "BUKIT KILI", "Status_26": "N", "Fungsi_26": "A", "Lks_Dr_26": "PDG", "Lks_km_26": 55.5, "F_STA_26": "1670", "Cadin_26": "SLK", "Pjg_Jbt_26": 9.1, "Btg_Pjg_26": 8.5, "Jml_Btg_26": "1", "Lb_Jl_Ms26": 6.3, "Lb_Jl_Kl26": 6.3, "Lb_Lalin26": 6.3, "Lb_Bh_Ki26": 0.38, "Lb_Bh_Ka26": 0.38, "Lb_Dr_Ki26": 0.1, "Lb_Dr_Ka26": 0.1, "Lb_Tr_Ki26": 1.0, "Lb_Tr_Ka26": 1.0, "Lb_TS_Ki26": 0.22, "Lb_TS_Ka26": 0.22, "Lb_Med_26": 0.0, "Lbr_Jbt_26": 9.7, "Bgn_Ats_26": "GTP", "Jns_Jbt_26": "STANDAR", "Thn_Bgn_26": "1978", "BA_26": "2", "LNT_26": "2", "BB_26": "1", "DAS_26": "2", "OP_26": "1", "UT_26": "0", "GR_26": "0", "LB_26": "0", "JBT_26": "2", "Tp_Lnts_26": "SUNGAI", "Dt_Lnts_26": "LURUS", "Pnangnn_26": "RUTIN", "Pmriksn_26": "RUTIN", "Pnglola_26": "BPJN SUMATERA BARAT", "Satkr_ID26": "693876", "PPK_Name26": "PPK 2.1", "Traffic_26": null, "VCR_26": "0.727", "AADT_26": null, "Tipe_Jb_26": null, "Lat_26": -0.85440099970600003, "Long_26": 100.650559, "Tgl_Ins_26": "6\/20\/2024", "Ket_26": null }, "geometry": { "type": "Point", "coordinates": [ 100.650559000097815, -0.854400999706343 ] } },
{ "type": "Feature", "properties": { "KDRUAS_UPD": "0604311", "NOJBT_UPD": "06.043.006.0.11", "NM_RUAS_UP": "BTS. KOTA PADANG - JLN. SIMP. HARU", "NM_JBT_UPD": "BANDAR BUAT", "PROVINSI": "SUMATERA BARAT", "No_Prov_26": "06", "ID_Jbt_26": "0600578", "Kd_Ruas_26": "0604311", "Suffix_26": "11", "Nm_Ruas_26": "BTS. KOTA PADANG - JLN. SIMP. HARU", "Lintas_26": "JALAN PENGHUBUNG LINTAS", "No_Jbt_26": "06.043.006.0.11", "Nm_Jbt_26": "BANDAR BUAT", "Status_26": "N", "Fungsi_26": "A", "Lks_Dr_26": "PDG", "Lks_km_26": 9.05, "F_STA_26": "280", "Cadin_26": "PDG", "Pjg_Jbt_26": 9.0, "Btg_Pjg_26": 8.5, "Jml_Btg_26": "1", "Lb_Jl_Ms26": 15.0, "Lb_Jl_Kl26": 15.0, "Lb_Lalin26": 15.0, "Lb_Bh_Ki26": 0.96, "Lb_Bh_Ka26": 0.24, "Lb_Dr_Ki26": 0.3, "Lb_Dr_Ka26": 0.3, "Lb_Tr_Ki26": 1.28, "Lb_Tr_Ka26": 1.28, "Lb_TS_Ki26": 0.195, "Lb_TS_Ka26": 0.195, "Lb_Med_26": 1.95, "Lbr_Jbt_26": 21.7, "Bgn_Ats_26": "PTP", "Jns_Jbt_26": "STANDAR", "Thn_Bgn_26": "1997", "BA_26": "2", "LNT_26": "2", "BB_26": "2", "DAS_26": "1", "OP_26": "0", "UT_26": "0", "GR_26": "0", "LB_26": "0", "JBT_26": "2", "Tp_Lnts_26": "SUNGAI", "Dt_Lnts_26": "LURUS", "Pnangnn_26": "RUTIN", "Pmriksn_26": "RUTIN", "Pnglola_26": "BPJN SUMATERA BARAT", "Satkr_ID26": "693876", "PPK_Name26": "PPK 2.1", "Traffic_26": null, "VCR_26": "0.732", "AADT_26": null, "Tipe_Jb_26": null, "Lat_26": -0.95095699986600002, "Long_26": 100.427406, "Tgl_Ins_26": "8\/10\/2023", "Ket_26": null }, "geometry": { "type": "Point", "coordinates": [ 100.427406000286737, -0.950956999865582 ] } },
{ "type": "Feature", "properties": { "KDRUAS_UPD": "06050", "NOJBT_UPD": "06.050.015.0", "NM_RUAS_UP": "TUAPEJAT - ROKOT", "NM_JBT_UPD": "PAJUJURUNG", "PROVINSI": "SUMATERA BARAT", "No_Prov_26": "06", "ID_Jbt_26": "0600765", "Kd_Ruas_26": "06050", "Suffix_26": null, "Nm_Ruas_26": "TUAPEJAT - ROKOT", "Lintas_26": "NON LINTAS", "No_Jbt_26": "06.050.015.0", "Nm_Jbt_26": "PAJUJURUNG", "Status_26": "N", "Fungsi_26": "A", "Lks_Dr_26": "TPJ", "Lks_km_26": 18.15, "F_STA_26": "1860", "Cadin_26": "MTW", "Pjg_Jbt_26": 20.9, "Btg_Pjg_26": 20.5, "Jml_Btg_26": "1", "Lb_Jl_Ms26": 7.0, "Lb_Jl_Kl26": 7.0, "Lb_Lalin26": 7.0, "Lb_Bh_Ki26": 0.0, "Lb_Bh_Ka26": 0.0, "Lb_Dr_Ki26": 0.0, "Lb_Dr_Ka26": 0.0, "Lb_Tr_Ki26": 0.95, "Lb_Tr_Ka26": 0.95, "Lb_TS_Ki26": 0.0, "Lb_TS_Ka26": 0.0, "Lb_Med_26": 0.0, "Lbr_Jbt_26": 8.9, "Bgn_Ats_26": "GBP", "Jns_Jbt_26": "STANDAR", "Thn_Bgn_26": "2017", "BA_26": "2", "LNT_26": "2", "BB_26": "1", "DAS_26": "2", "OP_26": "1", "UT_26": "0", "GR_26": "0", "LB_26": "0", "JBT_26": "2", "Tp_Lnts_26": "SUNGAI", "Dt_Lnts_26": "BERKELOK", "Pnangnn_26": "RUTIN", "Pmriksn_26": "DETAIL", "Pnglola_26": "BPJN SUMATERA BARAT", "Satkr_ID26": "693875", "PPK_Name26": "PPK 1.6", "Traffic_26": null, "VCR_26": "0.107", "AADT_26": null, "Tipe_Jb_26": null, "Lat_26": -2.0656879998000002, "Long_26": 99.664808, "Tgl_Ins_26": "5\/29\/2026", "Ket_26": null }, "geometry": { "type": "Point", "coordinates": [ 99.66480799998925, -2.065687999801298 ] } },
{ "type": "Feature", "properties": { "KDRUAS_UPD": "0602612", "NOJBT_UPD": "06.026.001.A.12", "NM_RUAS_UP": "JLN. PROF. DR. HAMKA (PADANG)", "NM_JBT_UPD": "ULAK KARANG A", "PROVINSI": "SUMATERA BARAT", "No_Prov_26": "06", "ID_Jbt_26": "0600307", "Kd_Ruas_26": "0602612", "Suffix_26": "12", "Nm_Ruas_26": "JLN. PROF. DR. HAMKA (PADANG)", "Lintas_26": "JALAN LINTAS BARAT", "No_Jbt_26": "06.026.001.A.12", "Nm_Jbt_26": "ULAK KARANG A", "Status_26": "N", "Fungsi_26": "A", "Lks_Dr_26": "PDG", "Lks_km_26": 6.5, "F_STA_26": "0", "Cadin_26": "PDG", "Pjg_Jbt_26": 92.6, "Btg_Pjg_26": 31.0, "Jml_Btg_26": "3", "Lb_Jl_Ms26": 6.4, "Lb_Jl_Kl26": 6.4, "Lb_Lalin26": 6.4, "Lb_Bh_Ki26": 0.28, "Lb_Bh_Ka26": 0.28, "Lb_Dr_Ki26": 0.0, "Lb_Dr_Ka26": 0.0, "Lb_Tr_Ki26": 1.25, "Lb_Tr_Ka26": 1.25, "Lb_TS_Ki26": 0.32, "Lb_TS_Ka26": 0.32, "Lb_Med_26": 0.0, "Lbr_Jbt_26": 10.1, "Bgn_Ats_26": "GPP", "Jns_Jbt_26": "STANDAR", "Thn_Bgn_26": "1982", "BA_26": "2", "LNT_26": "2", "BB_26": "2", "DAS_26": "2", "OP_26": "2", "UT_26": "0", "GR_26": "0", "LB_26": "0", "JBT_26": "2", "Tp_Lnts_26": "SUNGAI", "Dt_Lnts_26": "LURUS", "Pnangnn_26": "RUTIN", "Pmriksn_26": "RUTIN", "Pnglola_26": "BPJN SUMATERA BARAT", "Satkr_ID26": "693875", "PPK_Name26": "PPK 1.1", "Traffic_26": null, "VCR_26": "0.759", "AADT_26": null, "Tipe_Jb_26": null, "Lat_26": -0.904015302864, "Long_26": 100.35082244899999, "Tgl_Ins_26": "6\/26\/2024", "Ket_26": null }, "geometry": { "type": "Point", "coordinates": [ 100.350822448996894, -0.904015302863911 ] } },
{ "type": "Feature", "properties": { "KDRUAS_UPD": "0602612", "NOJBT_UPD": "06.026.001.B.12", "NM_RUAS_UP": "JLN. PROF. DR. HAMKA (PADANG)", "NM_JBT_UPD": "ULAK KARANG B", "PROVINSI": "SUMATERA BARAT", "No_Prov_26": "06", "ID_Jbt_26": "0600308", "Kd_Ruas_26": "0602612", "Suffix_26": "12", "Nm_Ruas_26": "JLN. PROF. DR. HAMKA (PADANG)", "Lintas_26": "JALAN LINTAS BARAT", "No_Jbt_26": "06.026.001.B.12", "Nm_Jbt_26": "ULAK KARANG B", "Status_26": "N", "Fungsi_26": "A", "Lks_Dr_26": "PDG", "Lks_km_26": 6.5, "F_STA_26": "0", "Cadin_26": "PDG", "Pjg_Jbt_26": 91.3, "Btg_Pjg_26": 32.0, "Jml_Btg_26": "3", "Lb_Jl_Ms26": 6.4, "Lb_Jl_Kl26": 6.4, "Lb_Lalin26": 6.4, "Lb_Bh_Ki26": 0.3, "Lb_Bh_Ka26": 0.3, "Lb_Dr_Ki26": 0.08, "Lb_Dr_Ka26": 0.08, "Lb_Tr_Ki26": 0.98, "Lb_Tr_Ka26": 0.98, "Lb_TS_Ki26": 0.19, "Lb_TS_Ka26": 0.19, "Lb_Med_26": 0.0, "Lbr_Jbt_26": 9.5, "Bgn_Ats_26": "GBP", "Jns_Jbt_26": "STANDAR", "Thn_Bgn_26": "1992", "BA_26": "1", "LNT_26": "1", "BB_26": "1", "DAS_26": "2", "OP_26": "0", "UT_26": "0", "GR_26": "0", "LB_26": "0", "JBT_26": "2", "Tp_Lnts_26": "SUNGAI", "Dt_Lnts_26": "LURUS", "Pnangnn_26": "RUTIN", "Pmriksn_26": "RUTIN", "Pnglola_26": "BPJN SUMATERA BARAT", "Satkr_ID26": "693875", "PPK_Name26": "PPK 1.1", "Traffic_26": null, "VCR_26": "0.759", "AADT_26": null, "Tipe_Jb_26": null, "Lat_26": -0.903909444565, "Long_26": 100.35092163100001, "Tgl_Ins_26": "6\/14\/2021", "Ket_26": null }, "geometry": { "type": "Point", "coordinates": [ 100.350921630728749, -0.903909444565159 ] } },
{ "type": "Feature", "properties": { "KDRUAS_UPD": "06004", "NOJBT_UPD": "06.004.014.A", "NM_RUAS_UP": "SP. KUMPULAN - BTS. KOTA BUKIT TINGGI", "NM_JBT_UPD": "SARIK LAWEH A", "PROVINSI": "SUMATERA BARAT", "No_Prov_26": "06", "ID_Jbt_26": "0600090", "Kd_Ruas_26": "06004", "Suffix_26": null, "Nm_Ruas_26": "SP. KUMPULAN - BTS. KOTA BUKIT TINGGI", "Lintas_26": "JALAN LINTAS TENGAH", "No_Jbt_26": "06.004.014.A", "Nm_Jbt_26": "SARIK LAWEH A", "Status_26": "N", "Fungsi_26": "A", "Lks_Dr_26": "PDG", "Lks_km_26": 122.95, "F_STA_26": "2810", "Cadin_26": "LBS", "Pjg_Jbt_26": 31.6, "Btg_Pjg_26": 31.0, "Jml_Btg_26": "1", "Lb_Jl_Ms26": 5.15, "Lb_Jl_Kl26": 5.15, "Lb_Lalin26": 5.15, "Lb_Bh_Ki26": 0.4, "Lb_Bh_Ka26": 0.4, "Lb_Dr_Ki26": 0.0, "Lb_Dr_Ka26": 0.0, "Lb_Tr_Ki26": 0.0, "Lb_Tr_Ka26": 0.0, "Lb_TS_Ki26": 0.0, "Lb_TS_Ka26": 0.0, "Lb_Med_26": 0.0, "Lbr_Jbt_26": 5.95, "Bgn_Ats_26": "RBU", "Jns_Jbt_26": "STANDAR", "Thn_Bgn_26": "1982", "BA_26": "2", "LNT_26": "2", "BB_26": "1", "DAS_26": "0", "OP_26": "1", "UT_26": "0", "GR_26": "0", "LB_26": "0", "JBT_26": "2", "Tp_Lnts_26": "SUNGAI", "Dt_Lnts_26": "BERKELOK", "Pnangnn_26": "BERKALA", "Pmriksn_26": "RUTIN", "Pnglola_26": "BPJN SUMATERA BARAT", "Satkr_ID26": "693875", "PPK_Name26": "PPK 1.3", "Traffic_26": null, "VCR_26": "0.146", "AADT_26": null, "Tipe_Jb_26": null, "Lat_26": -0.143236994743, "Long_26": 100.27163696300001, "Tgl_Ins_26": "7\/11\/2025", "Ket_26": null }, "geometry": { "type": "Point", "coordinates": [ 100.271636962890994, -0.143236994743347 ] } },
{ "type": "Feature", "properties": { "KDRUAS_UPD": "06004", "NOJBT_UPD": "06.004.016.B", "NM_RUAS_UP": "SP. KUMPULAN - BTS. KOTA BUKIT TINGGI", "NM_JBT_UPD": "PATAI DIATAS B", "PROVINSI": "SUMATERA BARAT", "No_Prov_26": "06", "ID_Jbt_26": "0600092", "Kd_Ruas_26": "06004", "Suffix_26": null, "Nm_Ruas_26": "SP. KUMPULAN - BTS. KOTA BUKIT TINGGI", "Lintas_26": "JALAN LINTAS TENGAH", "No_Jbt_26": "06.004.016.B", "Nm_Jbt_26": "PATAI DIATAS B", "Status_26": "N", "Fungsi_26": "A", "Lks_Dr_26": "PDG", "Lks_km_26": 129.6, "F_STA_26": "3460", "Cadin_26": "LBS", "Pjg_Jbt_26": 29.0, "Btg_Pjg_26": 28.5, "Jml_Btg_26": "1", "Lb_Jl_Ms26": 4.9, "Lb_Jl_Kl26": 4.9, "Lb_Lalin26": 4.9, "Lb_Bh_Ki26": 0.37, "Lb_Bh_Ka26": 0.4, "Lb_Dr_Ki26": 0.0, "Lb_Dr_Ka26": 0.0, "Lb_Tr_Ki26": 0.28, "Lb_Tr_Ka26": 0.3, "Lb_TS_Ki26": 0.0, "Lb_TS_Ka26": 0.0, "Lb_Med_26": 0.0, "Lbr_Jbt_26": 6.25, "Bgn_Ats_26": "RBU", "Jns_Jbt_26": "STANDAR", "Thn_Bgn_26": "1980", "BA_26": "2", "LNT_26": "2", "BB_26": "2", "DAS_26": "0", "OP_26": "1", "UT_26": "0", "GR_26": "0", "LB_26": "0", "JBT_26": "2", "Tp_Lnts_26": "SUNGAI", "Dt_Lnts_26": "BERKELOK", "Pnangnn_26": "BERKALA", "Pmriksn_26": "RUTIN", "Pnglola_26": "BPJN SUMATERA BARAT", "Satkr_ID26": "693875", "PPK_Name26": "PPK 1.3", "Traffic_26": null, "VCR_26": "0.146", "AADT_26": null, "Tipe_Jb_26": null, "Lat_26": -0.131362006068, "Long_26": 100.240852356, "Tgl_Ins_26": "7\/11\/2025", "Ket_26": null }, "geometry": { "type": "Point", "coordinates": [ 100.240852355957003, -0.13136200606823 ] } },
{ "type": "Feature", "properties": { "KDRUAS_UPD": "06006", "NOJBT_UPD": "06.006.002.0", "NM_RUAS_UP": "SP. PADANG LUAR - BTS. KOTA PADANG PANJANG", "NM_JBT_UPD": "LUBUK HANTU", "PROVINSI": "SUMATERA BARAT", "No_Prov_26": "06", "ID_Jbt_26": "0600106", "Kd_Ruas_26": "06006", "Suffix_26": null, "Nm_Ruas_26": "SP. PADANG LUAR - BTS. KOTA PADANG PANJANG", "Lintas_26": "JALAN LINTAS TENGAH", "No_Jbt_26": "06.006.002.0", "Nm_Jbt_26": "LUBUK HANTU", "Status_26": "N", "Fungsi_26": "A", "Lks_Dr_26": "PDG", "Lks_km_26": 79.3, "F_STA_26": "520", "Cadin_26": "BKT", "Pjg_Jbt_26": 6.4, "Btg_Pjg_26": 6.0, "Jml_Btg_26": "1", "Lb_Jl_Ms26": 6.1, "Lb_Jl_Kl26": 6.1, "Lb_Lalin26": 6.1, "Lb_Bh_Ki26": 2.53, "Lb_Bh_Ka26": 1.4, "Lb_Dr_Ki26": 0.0, "Lb_Dr_Ka26": 0.0, "Lb_Tr_Ki26": 0.0, "Lb_Tr_Ka26": 0.0, "Lb_TS_Ki26": 0.32, "Lb_TS_Ka26": 0.32, "Lb_Med_26": 0.0, "Lbr_Jbt_26": 10.67, "Bgn_Ats_26": "ETP", "Jns_Jbt_26": "STANDAR", "Thn_Bgn_26": "1978", "BA_26": "1", "LNT_26": "0", "BB_26": "0", "DAS_26": "1", "OP_26": "0", "UT_26": "0", "GR_26": "0", "LB_26": "0", "JBT_26": "1", "Tp_Lnts_26": "SUNGAI", "Dt_Lnts_26": "BERKELOK", "Pnangnn_26": "RUTIN", "Pmriksn_26": "TIDAK DISURVEI", "Pnglola_26": "BPJN SUMATERA BARAT", "Satkr_ID26": "693875", "PPK_Name26": "PPK 1.1", "Traffic_26": null, "VCR_26": "1.187", "AADT_26": null, "Tipe_Jb_26": null, "Lat_26": -0.40373200178099999, "Long_26": 100.40818786600002, "Tgl_Ins_26": "6\/25\/2024", "Ket_26": null }, "geometry": { "type": "Point", "coordinates": [ 100.408187866210994, -0.403732001781464 ] } },
{ "type": "Feature", "properties": { "KDRUAS_UPD": "06015", "NOJBT_UPD": "06.015.002.B", "NM_RUAS_UP": "BTS. KAB. DHAMAS RAYA - SEI DAREH", "NM_JBT_UPD": "SUNGAI DAREH B", "PROVINSI": "SUMATERA BARAT", "No_Prov_26": "06", "ID_Jbt_26": "0600171", "Kd_Ruas_26": "06015", "Suffix_26": null, "Nm_Ruas_26": "BTS. KAB. DHAMAS RAYA - SEI DAREH", "Lintas_26": "JALAN LINTAS TENGAH", "No_Jbt_26": "06.015.002.B", "Nm_Jbt_26": "SUNGAI DAREH B", "Status_26": "N", "Fungsi_26": "A", "Lks_Dr_26": "PDG", "Lks_km_26": 185.9, "F_STA_26": "1280", "Cadin_26": "DMR", "Pjg_Jbt_26": 186.3, "Btg_Pjg_26": 31.0, "Jml_Btg_26": "6", "Lb_Jl_Ms26": 7.6, "Lb_Jl_Kl26": 7.6, "Lb_Lalin26": 7.6, "Lb_Bh_Ki26": 0.77, "Lb_Bh_Ka26": 0.77, "Lb_Dr_Ki26": 0.0, "Lb_Dr_Ka26": 0.0, "Lb_Tr_Ki26": 1.3, "Lb_Tr_Ka26": 1.3, "Lb_TS_Ki26": 0.13, "Lb_TS_Ka26": 0.13, "Lb_Med_26": 0.0, "Lbr_Jbt_26": 12.0, "Bgn_Ats_26": "GBP", "Jns_Jbt_26": "STANDAR", "Thn_Bgn_26": "1970", "BA_26": "2", "LNT_26": "2", "BB_26": "1", "DAS_26": "3", "OP_26": "1", "UT_26": "0", "GR_26": "0", "LB_26": "0", "JBT_26": "3", "Tp_Lnts_26": "SUNGAI", "Dt_Lnts_26": "LURUS", "Pnangnn_26": "REHAB", "Pmriksn_26": "DETAIL", "Pnglola_26": "BPJN SUMATERA BARAT", "Satkr_ID26": "693876", "PPK_Name26": "PPK 2.2", "Traffic_26": null, "VCR_26": "0.73", "AADT_26": null, "Tipe_Jb_26": null, "Lat_26": -0.96283602714500005, "Long_26": 101.504989624, "Tgl_Ins_26": "5\/25\/2026", "Ket_26": null }, "geometry": { "type": "Point", "coordinates": [ 101.504989624022997, -0.962836027145386 ] } },
{ "type": "Feature", "properties": { "KDRUAS_UPD": "06023", "NOJBT_UPD": "06.023.028.0", "NM_RUAS_UP": "MANGGAPOH - BTS. KOTA PARIAMAN", "NM_JBT_UPD": "BATANG TIKU", "PROVINSI": "SUMATERA BARAT", "No_Prov_26": "06", "ID_Jbt_26": "0600288", "Kd_Ruas_26": "06023", "Suffix_26": null, "Nm_Ruas_26": "MANGGAPOH - BTS. KOTA PARIAMAN", "Lintas_26": "JALAN LINTAS BARAT", "No_Jbt_26": "06.023.028.0", "Nm_Jbt_26": "BATANG TIKU", "Status_26": "N", "Fungsi_26": "K1", "Lks_Dr_26": "PDG", "Lks_km_26": 91.0, "F_STA_26": "2930", "Cadin_26": "PRM", "Pjg_Jbt_26": 6.3, "Btg_Pjg_26": 6.0, "Jml_Btg_26": "1", "Lb_Jl_Ms26": 6.28, "Lb_Jl_Kl26": 6.28, "Lb_Lalin26": 6.28, "Lb_Bh_Ki26": 1.34, "Lb_Bh_Ka26": 2.54, "Lb_Dr_Ki26": 0.0, "Lb_Dr_Ka26": 0.0, "Lb_Tr_Ki26": 0.0, "Lb_Tr_Ka26": 0.0, "Lb_TS_Ki26": 0.32, "Lb_TS_Ka26": 0.32, "Lb_Med_26": 0.0, "Lbr_Jbt_26": 10.8, "Bgn_Ats_26": "ATP", "Jns_Jbt_26": "STANDAR", "Thn_Bgn_26": "1982", "BA_26": "1", "LNT_26": "0", "BB_26": "0", "DAS_26": "3", "OP_26": "0", "UT_26": "0", "GR_26": "0", "LB_26": "0", "JBT_26": "3", "Tp_Lnts_26": "SUNGAI", "Dt_Lnts_26": "BERKELOK", "Pnangnn_26": "RUTIN", "Pmriksn_26": "DETAIL", "Pnglola_26": "BPJN SUMATERA BARAT", "Satkr_ID26": "693875", "PPK_Name26": "PPK 1.5", "Traffic_26": null, "VCR_26": "0.498", "AADT_26": null, "Tipe_Jb_26": null, "Lat_26": -0.39444500207900002, "Long_26": 99.921752929700006, "Tgl_Ins_26": "6\/8\/2026", "Ket_26": null }, "geometry": { "type": "Point", "coordinates": [ 99.9217529296875, -0.39444500207901 ] } },
{ "type": "Feature", "properties": { "KDRUAS_UPD": "06025", "NOJBT_UPD": "06.025.004.0", "NM_RUAS_UP": "KURAITAJI - LUBUK ALUNG", "NM_JBT_UPD": "SUNGAI ABU", "PROVINSI": "SUMATERA BARAT", "No_Prov_26": "06", "ID_Jbt_26": "0600298", "Kd_Ruas_26": "06025", "Suffix_26": null, "Nm_Ruas_26": "KURAITAJI - LUBUK ALUNG", "Lintas_26": "JALAN LINTAS BARAT", "No_Jbt_26": "06.025.004.0", "Nm_Jbt_26": "SUNGAI ABU", "Status_26": "N", "Fungsi_26": "A", "Lks_Dr_26": "PDG", "Lks_km_26": 40.8, "F_STA_26": "710", "Cadin_26": "PRM", "Pjg_Jbt_26": 25.8, "Btg_Pjg_26": 25.3, "Jml_Btg_26": "1", "Lb_Jl_Ms26": 5.55, "Lb_Jl_Kl26": 5.55, "Lb_Lalin26": 5.55, "Lb_Bh_Ki26": 0.28, "Lb_Bh_Ka26": 0.31, "Lb_Dr_Ki26": 0.0, "Lb_Dr_Ka26": 0.0, "Lb_Tr_Ki26": 0.5, "Lb_Tr_Ka26": 0.52, "Lb_TS_Ki26": 0.27, "Lb_TS_Ka26": 0.27, "Lb_Med_26": 0.0, "Lbr_Jbt_26": 7.7, "Bgn_Ats_26": "GTP", "Jns_Jbt_26": "STANDAR", "Thn_Bgn_26": "1982", "BA_26": "2", "LNT_26": "2", "BB_26": "0", "DAS_26": "0", "OP_26": "2", "UT_26": "0", "GR_26": "0", "LB_26": "0", "JBT_26": "2", "Tp_Lnts_26": "SUNGAI", "Dt_Lnts_26": "BERKELOK", "Pnangnn_26": "RUTIN", "Pmriksn_26": "RUTIN", "Pnglola_26": "BPJN SUMATERA BARAT", "Satkr_ID26": "693875", "PPK_Name26": "PPK 1.5", "Traffic_26": null, "VCR_26": "0.739", "AADT_26": null, "Tipe_Jb_26": null, "Lat_26": -0.66224598884600006, "Long_26": 100.236816406, "Tgl_Ins_26": "5\/20\/2025", "Ket_26": null }, "geometry": { "type": "Point", "coordinates": [ 100.23681640625, -0.662245988845825 ] } },
{ "type": "Feature", "properties": { "KDRUAS_UPD": "06031", "NOJBT_UPD": "06.031.036.B", "NM_RUAS_UP": "BTS. KOTA PADANG - BTS. KOTA PAINAN", "NM_JBT_UPD": "SALIDO B", "PROVINSI": "SUMATERA BARAT", "No_Prov_26": "06", "ID_Jbt_26": "0600383", "Kd_Ruas_26": "06031", "Suffix_26": null, "Nm_Ruas_26": "BTS. KOTA PADANG - BTS. KOTA PAINAN", "Lintas_26": "JALAN LINTAS BARAT", "No_Jbt_26": "06.031.036.B", "Nm_Jbt_26": "SALIDO B", "Status_26": "N", "Fungsi_26": "A", "Lks_Dr_26": "PDG", "Lks_km_26": 75.0, "F_STA_26": "4690", "Cadin_26": "PIN", "Pjg_Jbt_26": 46.3, "Btg_Pjg_26": 46.0, "Jml_Btg_26": "1", "Lb_Jl_Ms26": 5.9, "Lb_Jl_Kl26": 5.9, "Lb_Lalin26": 5.9, "Lb_Bh_Ki26": 0.6, "Lb_Bh_Ka26": 0.6, "Lb_Dr_Ki26": 0.0, "Lb_Dr_Ka26": 0.0, "Lb_Tr_Ki26": 1.0, "Lb_Tr_Ka26": 1.0, "Lb_TS_Ki26": 0.0, "Lb_TS_Ka26": 0.0, "Lb_Med_26": 0.0, "Lbr_Jbt_26": 9.1, "Bgn_Ats_26": "RBU", "Jns_Jbt_26": "STANDAR", "Thn_Bgn_26": "1979", "BA_26": "2", "LNT_26": "2", "BB_26": "2", "DAS_26": "2", "OP_26": "1", "UT_26": "0", "GR_26": "0", "LB_26": "0", "JBT_26": "2", "Tp_Lnts_26": "SUNGAI", "Dt_Lnts_26": "BERKELOK (MEANDER)", "Pnangnn_26": "BERKALA", "Pmriksn_26": "RUTIN", "Pnglola_26": "BPJN SUMATERA BARAT", "Satkr_ID26": "693876", "PPK_Name26": "PPK 2.3", "Traffic_26": null, "VCR_26": "0.557", "AADT_26": null, "Tipe_Jb_26": null, "Lat_26": -1.3354439735400001, "Long_26": 100.57544708299999, "Tgl_Ins_26": "7\/11\/2025", "Ket_26": null }, "geometry": { "type": "Point", "coordinates": [ 100.57544708252, -1.33544397354126 ] } },
{ "type": "Feature", "properties": { "KDRUAS_UPD": "06036", "NOJBT_UPD": "06.056.001.0", "NM_RUAS_UP": "KELOK 9 (trase lama)", "NM_JBT_UPD": "KELOK IX (LAMA)", "PROVINSI": "SUMATERA BARAT", "No_Prov_26": "06", "ID_Jbt_26": "0600507", "Kd_Ruas_26": "06036", "Suffix_26": "1", "Nm_Ruas_26": "KELOK 9 (trase lama)", "Lintas_26": "JALAN PENGHUBUNG LINTAS", "No_Jbt_26": "06.056.001.0", "Nm_Jbt_26": "KELOK IX (LAMA)", "Status_26": "N", "Fungsi_26": "A", "Lks_Dr_26": "PDG", "Lks_km_26": 147.1, "F_STA_26": "40", "Cadin_26": "PYK", "Pjg_Jbt_26": 6.0, "Btg_Pjg_26": 5.5, "Jml_Btg_26": "1", "Lb_Jl_Ms26": 5.1, "Lb_Jl_Kl26": 5.1, "Lb_Lalin26": 5.1, "Lb_Bh_Ki26": 0.66, "Lb_Bh_Ka26": 1.44, "Lb_Dr_Ki26": 0.0, "Lb_Dr_Ka26": 0.0, "Lb_Tr_Ki26": 0.0, "Lb_Tr_Ka26": 0.46, "Lb_TS_Ki26": 0.295, "Lb_TS_Ka26": 0.295, "Lb_Med_26": 0.0, "Lbr_Jbt_26": 8.25, "Bgn_Ats_26": "GBP", "Jns_Jbt_26": "STANDAR", "Thn_Bgn_26": "1970", "BA_26": "2", "LNT_26": "2", "BB_26": "0", "DAS_26": "2", "OP_26": "0", "UT_26": "0", "GR_26": "0", "LB_26": "0", "JBT_26": "2", "Tp_Lnts_26": "SUNGAI", "Dt_Lnts_26": "LURUS", "Pnangnn_26": "RUTIN", "Pmriksn_26": "RUTIN", "Pnglola_26": "BPJN SUMATERA BARAT", "Satkr_ID26": "693875", "PPK_Name26": "PPK 1.2", "Traffic_26": null, "VCR_26": "0", "AADT_26": null, "Tipe_Jb_26": null, "Lat_26": -0.068461000919300019, "Long_26": 100.69741821300001, "Tgl_Ins_26": "6\/26\/2024", "Ket_26": null }, "geometry": { "type": "Point", "coordinates": [ 100.697418212890994, -0.068461000919342 ] } },
{ "type": "Feature", "properties": { "KDRUAS_UPD": "06036", "NOJBT_UPD": "06.036.021.0", "NM_RUAS_UP": "BTS. PROV. RIAU - BTS. KOTA PAYAKUMBUH", "NM_JBT_UPD": "KOTO MARAPAK 2", "PROVINSI": "SUMATERA BARAT", "No_Prov_26": "06", "ID_Jbt_26": "0600517", "Kd_Ruas_26": "06036", "Suffix_26": null, "Nm_Ruas_26": "BTS. PROV. RIAU - BTS. KOTA PAYAKUMBUH", "Lintas_26": "JALAN PENGHUBUNG LINTAS", "No_Jbt_26": "06.036.021.0", "Nm_Jbt_26": "KOTO MARAPAK 2", "Status_26": "N", "Fungsi_26": "A", "Lks_Dr_26": "PDG", "Lks_km_26": 153.6, "F_STA_26": "2440", "Cadin_26": "PYK", "Pjg_Jbt_26": 7.6, "Btg_Pjg_26": 7.0, "Jml_Btg_26": "1", "Lb_Jl_Ms26": 7.2, "Lb_Jl_Kl26": 7.2, "Lb_Lalin26": 7.2, "Lb_Bh_Ki26": 2.44, "Lb_Bh_Ka26": 0.86, "Lb_Dr_Ki26": 0.0, "Lb_Dr_Ka26": 0.0, "Lb_Tr_Ki26": 0.0, "Lb_Tr_Ka26": 0.0, "Lb_TS_Ki26": 0.45, "Lb_TS_Ka26": 0.45, "Lb_Med_26": 0.0, "Lbr_Jbt_26": 11.4, "Bgn_Ats_26": "PTP", "Jns_Jbt_26": "STANDAR", "Thn_Bgn_26": "1978", "BA_26": "1", "LNT_26": "1", "BB_26": "0", "DAS_26": "2", "OP_26": "0", "UT_26": "0", "GR_26": "0", "LB_26": "0", "JBT_26": "2", "Tp_Lnts_26": "SUNGAI", "Dt_Lnts_26": "BERKELOK", "Pnangnn_26": "BERKALA", "Pmriksn_26": "RUTIN", "Pnglola_26": "BPJN SUMATERA BARAT", "Satkr_ID26": "693875", "PPK_Name26": "PPK 1.2", "Traffic_26": null, "VCR_26": "1.118", "AADT_26": null, "Tipe_Jb_26": null, "Lat_26": -0.028122000396300001, "Long_26": 100.702072144, "Tgl_Ins_26": "6\/26\/2024", "Ket_26": null }, "geometry": { "type": "Point", "coordinates": [ 100.702072143555, -0.028122000396252 ] } },
{ "type": "Feature", "properties": { "KDRUAS_UPD": "06036", "NOJBT_UPD": "06.036.023.0", "NM_RUAS_UP": "BTS. PROV. RIAU - BTS. KOTA PAYAKUMBUH", "NM_JBT_UPD": "KOTO MARAPAK 4", "PROVINSI": "SUMATERA BARAT", "No_Prov_26": "06", "ID_Jbt_26": "0600519", "Kd_Ruas_26": "06036", "Suffix_26": null, "Nm_Ruas_26": "BTS. PROV. RIAU - BTS. KOTA PAYAKUMBUH", "Lintas_26": "JALAN PENGHUBUNG LINTAS", "No_Jbt_26": "06.036.023.0", "Nm_Jbt_26": "KOTO MARAPAK 4", "Status_26": "N", "Fungsi_26": "A", "Lks_Dr_26": "PDG", "Lks_km_26": 156.7, "F_STA_26": "2520", "Cadin_26": "PYK", "Pjg_Jbt_26": 6.1, "Btg_Pjg_26": 5.5, "Jml_Btg_26": "1", "Lb_Jl_Ms26": 6.95, "Lb_Jl_Kl26": 6.95, "Lb_Lalin26": 6.95, "Lb_Bh_Ki26": 3.5, "Lb_Bh_Ka26": 0.78, "Lb_Dr_Ki26": 0.0, "Lb_Dr_Ka26": 0.0, "Lb_Tr_Ki26": 0.0, "Lb_Tr_Ka26": 0.0, "Lb_TS_Ki26": 0.385, "Lb_TS_Ka26": 0.385, "Lb_Med_26": 0.0, "Lbr_Jbt_26": 12.0, "Bgn_Ats_26": "PTP", "Jns_Jbt_26": "STANDAR", "Thn_Bgn_26": "1978", "BA_26": "1", "LNT_26": "0", "BB_26": "0", "DAS_26": "2", "OP_26": "0", "UT_26": "0", "GR_26": "0", "LB_26": "0", "JBT_26": "2", "Tp_Lnts_26": "SUNGAI", "Dt_Lnts_26": "BERKELOK", "Pnangnn_26": "RUTIN", "Pmriksn_26": "RUTIN", "Pnglola_26": "BPJN SUMATERA BARAT", "Satkr_ID26": "693875", "PPK_Name26": "PPK 1.2", "Traffic_26": null, "VCR_26": "1.118", "AADT_26": null, "Tipe_Jb_26": null, "Lat_26": -0.026048999279699999, "Long_26": 100.704574585, "Tgl_Ins_26": "6\/25\/2024", "Ket_26": null }, "geometry": { "type": "Point", "coordinates": [ 100.704574584960994, -0.026048999279738 ] } },
{ "type": "Feature", "properties": { "KDRUAS_UPD": "06036", "NOJBT_UPD": "06.036.034.B", "NM_RUAS_UP": "BTS. PROV. RIAU - BTS. KOTA PAYAKUMBUH", "NM_JBT_UPD": "SIPOPAI B", "PROVINSI": "SUMATERA BARAT", "No_Prov_26": "06", "ID_Jbt_26": "0600531", "Kd_Ruas_26": "06036", "Suffix_26": null, "Nm_Ruas_26": "BTS. PROV. RIAU - BTS. KOTA PAYAKUMBUH", "Lintas_26": "JALAN PENGHUBUNG LINTAS", "No_Jbt_26": "06.036.034.B", "Nm_Jbt_26": "SIPOPAI B", "Status_26": "N", "Fungsi_26": "A", "Lks_Dr_26": "PDG", "Lks_km_26": 186.45, "F_STA_26": "5610", "Cadin_26": "PYK", "Pjg_Jbt_26": 38.3, "Btg_Pjg_26": 25.2, "Jml_Btg_26": "2", "Lb_Jl_Ms26": 5.15, "Lb_Jl_Kl26": 5.15, "Lb_Lalin26": 5.15, "Lb_Bh_Ki26": 0.31, "Lb_Bh_Ka26": 0.35, "Lb_Dr_Ki26": 0.0, "Lb_Dr_Ka26": 0.0, "Lb_Tr_Ki26": 0.34, "Lb_Tr_Ka26": 0.31, "Lb_TS_Ki26": 0.0, "Lb_TS_Ka26": 0.0, "Lb_Med_26": 0.0, "Lbr_Jbt_26": 6.46, "Bgn_Ats_26": "RBU", "Jns_Jbt_26": "STANDAR", "Thn_Bgn_26": "1978", "BA_26": "2", "LNT_26": "2", "BB_26": "2", "DAS_26": "2", "OP_26": "1", "UT_26": "0", "GR_26": "0", "LB_26": "0", "JBT_26": "2", "Tp_Lnts_26": "SUNGAI", "Dt_Lnts_26": "BERKELOK", "Pnangnn_26": "BERKALA", "Pmriksn_26": "RUTIN", "Pnglola_26": "BPJN SUMATERA BARAT", "Satkr_ID26": "693875", "PPK_Name26": "PPK 1.2", "Traffic_26": null, "VCR_26": "1.118", "AADT_26": null, "Tipe_Jb_26": null, "Lat_26": 0.12919799983501401, "Long_26": 100.766609192, "Tgl_Ins_26": "7\/11\/2025", "Ket_26": null }, "geometry": { "type": "Point", "coordinates": [ 100.766609191895, 0.129197999835014 ] } },
{ "type": "Feature", "properties": { "KDRUAS_UPD": "06043", "NOJBT_UPD": "06.043.022.0", "NM_RUAS_UP": "LUBUK SELASIH - BTS. KOTA PADANG", "NM_JBT_UPD": "LUBUK SILASIH", "PROVINSI": "SUMATERA BARAT", "No_Prov_26": "06", "ID_Jbt_26": "0600594", "Kd_Ruas_26": "06043", "Suffix_26": null, "Nm_Ruas_26": "LUBUK SELASIH - BTS. KOTA PADANG", "Lintas_26": "JALAN PENGHUBUNG LINTAS", "No_Jbt_26": "06.043.022.0", "Nm_Jbt_26": "LUBUK SILASIH", "Status_26": "N", "Fungsi_26": "A", "Lks_Dr_26": "PDG", "Lks_km_26": 35.4, "F_STA_26": "860", "Cadin_26": "SLK", "Pjg_Jbt_26": 6.0, "Btg_Pjg_26": 5.0, "Jml_Btg_26": "1", "Lb_Jl_Ms26": 7.1, "Lb_Jl_Kl26": 7.1, "Lb_Lalin26": 7.1, "Lb_Bh_Ki26": 0.0, "Lb_Bh_Ka26": 0.0, "Lb_Dr_Ki26": 0.1, "Lb_Dr_Ka26": 0.1, "Lb_Tr_Ki26": 0.8, "Lb_Tr_Ka26": 0.8, "Lb_TS_Ki26": 0.15, "Lb_TS_Ka26": 0.15, "Lb_Med_26": 0.0, "Lbr_Jbt_26": 9.2, "Bgn_Ats_26": "BTP", "Jns_Jbt_26": "STANDAR", "Thn_Bgn_26": "1980", "BA_26": "2", "LNT_26": "2", "BB_26": "0", "DAS_26": "0", "OP_26": "1", "UT_26": "0", "GR_26": "2", "LB_26": "0", "JBT_26": "2", "Tp_Lnts_26": "SUNGAI", "Dt_Lnts_26": "LURUS", "Pnangnn_26": "RUTIN", "Pmriksn_26": "RUTIN", "Pnglola_26": "BPJN SUMATERA BARAT", "Satkr_ID26": "693876", "PPK_Name26": "PPK 2.1", "Traffic_26": null, "VCR_26": "0.747", "AADT_26": null, "Tipe_Jb_26": null, "Lat_26": -0.96809411048899996, "Long_26": 100.59582519500002, "Tgl_Ins_26": "6\/22\/2024", "Ket_26": null }, "geometry": { "type": "Point", "coordinates": [ 100.595825195312003, -0.968094110488892 ] } },
{ "type": "Feature", "properties": { "KDRUAS_UPD": "06031", "NOJBT_UPD": "06.031.036.A", "NM_RUAS_UP": "BTS. KOTA PADANG - BTS. KOTA PAINAN", "NM_JBT_UPD": "SALIDO A", "PROVINSI": "SUMATERA BARAT", "No_Prov_26": "06", "ID_Jbt_26": "0600820", "Kd_Ruas_26": "06031", "Suffix_26": null, "Nm_Ruas_26": "BTS. KOTA PADANG - BTS. KOTA PAINAN", "Lintas_26": "JALAN LINTAS BARAT", "No_Jbt_26": "06.031.036.A", "Nm_Jbt_26": "SALIDO A", "Status_26": "N", "Fungsi_26": "A", "Lks_Dr_26": "PDG", "Lks_km_26": 75.0, "F_STA_26": "4690", "Cadin_26": "PIN", "Pjg_Jbt_26": 61.0, "Btg_Pjg_26": 60.5, "Jml_Btg_26": "1", "Lb_Jl_Ms26": 6.2, "Lb_Jl_Kl26": 6.2, "Lb_Lalin26": 6.2, "Lb_Bh_Ki26": 0.3, "Lb_Bh_Ka26": 0.3, "Lb_Dr_Ki26": 0.1, "Lb_Dr_Ka26": 0.1, "Lb_Tr_Ki26": 0.96, "Lb_Tr_Ka26": 0.96, "Lb_TS_Ki26": 0.0, "Lb_TS_Ka26": 0.0, "Lb_Med_26": 0.0, "Lbr_Jbt_26": 8.92, "Bgn_Ats_26": "RBI", "Jns_Jbt_26": "STANDAR", "Thn_Bgn_26": "2020", "BA_26": "2", "LNT_26": "2", "BB_26": "0", "DAS_26": "2", "OP_26": "1", "UT_26": "0", "GR_26": "0", "LB_26": "0", "JBT_26": "2", "Tp_Lnts_26": "SUNGAI", "Dt_Lnts_26": "BERKELOK (MEANDER)", "Pnangnn_26": "RUTIN", "Pmriksn_26": "DETAIL", "Pnglola_26": "BPJN SUMATERA BARAT", "Satkr_ID26": "693876", "PPK_Name26": "PPK 2.3", "Traffic_26": null, "VCR_26": "0.557", "AADT_26": null, "Tipe_Jb_26": null, "Lat_26": -1.335454, "Long_26": 100.575423, "Tgl_Ins_26": "6\/9\/2026", "Ket_26": null }, "geometry": { "type": "Point", "coordinates": [ 100.575423, -1.335454 ] } },
{ "type": "Feature", "properties": { "KDRUAS_UPD": "06055", "NOJBT_UPD": "06.055.006.2", "NM_RUAS_UP": "SP. PADANG ARO - BTS. JAMBI", "NM_JBT_UPD": "PELENGKUNG 2", "PROVINSI": "SUMATERA BARAT", "No_Prov_26": "06", "ID_Jbt_26": "0600822", "Kd_Ruas_26": "06055", "Suffix_26": null, "Nm_Ruas_26": "SP. PADANG ARO - BTS. JAMBI", "Lintas_26": "NON LINTAS", "No_Jbt_26": "06.055.006.2", "Nm_Jbt_26": "PELENGKUNG 2", "Status_26": "N", "Fungsi_26": "A", "Lks_Dr_26": "PDG", "Lks_km_26": 183.9, "F_STA_26": "1850", "Cadin_26": "SLS", "Pjg_Jbt_26": 8.8, "Btg_Pjg_26": 8.3, "Jml_Btg_26": "1", "Lb_Jl_Ms26": 6.2, "Lb_Jl_Kl26": 6.2, "Lb_Lalin26": 6.2, "Lb_Bh_Ki26": 0.45, "Lb_Bh_Ka26": 0.45, "Lb_Dr_Ki26": 0.0, "Lb_Dr_Ka26": 0.0, "Lb_Tr_Ki26": 0.0, "Lb_Tr_Ka26": 0.0, "Lb_TS_Ki26": 0.25, "Lb_TS_Ka26": 0.25, "Lb_Med_26": 0.0, "Lbr_Jbt_26": 7.6, "Bgn_Ats_26": "ETP", "Jns_Jbt_26": "STANDAR", "Thn_Bgn_26": "1980", "BA_26": "2", "LNT_26": "0", "BB_26": "0", "DAS_26": "0", "OP_26": "2", "UT_26": "0", "GR_26": "1", "LB_26": "0", "JBT_26": "2", "Tp_Lnts_26": "SUNGAI", "Dt_Lnts_26": "LURUS", "Pnangnn_26": "RUTIN", "Pmriksn_26": "RUTIN", "Pnglola_26": "BPJN SUMATERA BARAT", "Satkr_ID26": "693876", "PPK_Name26": "PPK 2.5", "Traffic_26": null, "VCR_26": "0.164", "AADT_26": null, "Tipe_Jb_26": null, "Lat_26": -1.6256999969499999, "Long_26": 101.332801819, "Tgl_Ins_26": "6\/25\/2024", "Ket_26": null }, "geometry": { "type": "Point", "coordinates": [ 101.332801818847997, -1.62569999694824 ] } },
{ "type": "Feature", "properties": { "KDRUAS_UPD": "06004", "NOJBT_UPD": "06.004.014.B", "NM_RUAS_UP": "SP. KUMPULAN - BTS. KOTA BUKIT TINGGI", "NM_JBT_UPD": "SARIK LAWEH B", "PROVINSI": "SUMATERA BARAT", "No_Prov_26": "06", "ID_Jbt_26": "0600825", "Kd_Ruas_26": "06004", "Suffix_26": null, "Nm_Ruas_26": "SP. KUMPULAN - BTS. KOTA BUKIT TINGGI", "Lintas_26": "JALAN LINTAS TENGAH", "No_Jbt_26": "06.004.014.B", "Nm_Jbt_26": "SARIK LAWEH B", "Status_26": "N", "Fungsi_26": "A", "Lks_Dr_26": "PDG", "Lks_km_26": 122.95, "F_STA_26": "2810", "Cadin_26": "LBS", "Pjg_Jbt_26": 35.0, "Btg_Pjg_26": 34.5, "Jml_Btg_26": "1", "Lb_Jl_Ms26": 6.85, "Lb_Jl_Kl26": 6.85, "Lb_Lalin26": 6.85, "Lb_Bh_Ki26": 0.0, "Lb_Bh_Ka26": 0.0, "Lb_Dr_Ki26": 0.0, "Lb_Dr_Ka26": 0.0, "Lb_Tr_Ki26": 1.22, "Lb_Tr_Ka26": 1.15, "Lb_TS_Ki26": 0.34, "Lb_TS_Ka26": 0.34, "Lb_Med_26": 0.0, "Lbr_Jbt_26": 9.9, "Bgn_Ats_26": "GPP", "Jns_Jbt_26": "STANDAR", "Thn_Bgn_26": "2019", "BA_26": "2", "LNT_26": "1", "BB_26": "1", "DAS_26": "2", "OP_26": "0", "UT_26": "0", "GR_26": "0", "LB_26": "0", "JBT_26": "2", "Tp_Lnts_26": "SUNGAI", "Dt_Lnts_26": "BERKELOK", "Pnangnn_26": "RUTIN", "Pmriksn_26": "RUTIN", "Pnglola_26": "BPJN SUMATERA BARAT", "Satkr_ID26": "693875", "PPK_Name26": "PPK 1.3", "Traffic_26": null, "VCR_26": "0.146", "AADT_26": null, "Tipe_Jb_26": null, "Lat_26": -0.143232, "Long_26": 100.271625, "Tgl_Ins_26": "10\/13\/2020", "Ket_26": null }, "geometry": { "type": "Point", "coordinates": [ 100.271625, -0.143232 ] } },
{ "type": "Feature", "properties": { "KDRUAS_UPD": "06004", "NOJBT_UPD": "06.004.016.A", "NM_RUAS_UP": "SP. KUMPULAN - BTS. KOTA BUKIT TINGGI", "NM_JBT_UPD": "PATAI DIATAS A", "PROVINSI": "SUMATERA BARAT", "No_Prov_26": "06", "ID_Jbt_26": "0600826", "Kd_Ruas_26": "06004", "Suffix_26": null, "Nm_Ruas_26": "SP. KUMPULAN - BTS. KOTA BUKIT TINGGI", "Lintas_26": "JALAN LINTAS TENGAH", "No_Jbt_26": "06.004.016.A", "Nm_Jbt_26": "PATAI DIATAS A", "Status_26": "N", "Fungsi_26": "A", "Lks_Dr_26": "PDG", "Lks_km_26": 129.6, "F_STA_26": "3460", "Cadin_26": "LBS", "Pjg_Jbt_26": 28.9, "Btg_Pjg_26": 28.0, "Jml_Btg_26": "1", "Lb_Jl_Ms26": 6.75, "Lb_Jl_Kl26": 6.75, "Lb_Lalin26": 6.75, "Lb_Bh_Ki26": 0.0, "Lb_Bh_Ka26": 0.0, "Lb_Dr_Ki26": 0.0, "Lb_Dr_Ka26": 0.0, "Lb_Tr_Ki26": 1.25, "Lb_Tr_Ka26": 1.29, "Lb_TS_Ki26": 0.38, "Lb_TS_Ka26": 0.38, "Lb_Med_26": 0.0, "Lbr_Jbt_26": 10.05, "Bgn_Ats_26": "GPP", "Jns_Jbt_26": "STANDAR", "Thn_Bgn_26": "2019", "BA_26": "1", "LNT_26": "1", "BB_26": "2", "DAS_26": "1", "OP_26": "0", "UT_26": "0", "GR_26": "0", "LB_26": "0", "JBT_26": "2", "Tp_Lnts_26": "SUNGAI", "Dt_Lnts_26": "BERKELOK", "Pnangnn_26": "BERKALA", "Pmriksn_26": "RUTIN", "Pnglola_26": "BPJN SUMATERA BARAT", "Satkr_ID26": "693875", "PPK_Name26": "PPK 1.3", "Traffic_26": null, "VCR_26": "0.146", "AADT_26": null, "Tipe_Jb_26": null, "Lat_26": -0.131346, "Long_26": 100.240811, "Tgl_Ins_26": "10\/13\/2020", "Ket_26": null }, "geometry": { "type": "Point", "coordinates": [ 100.240811, -0.131346 ] } },
{ "type": "Feature", "properties": { "KDRUAS_UPD": "06015", "NOJBT_UPD": "06.015.002.A", "NM_RUAS_UP": "BTS. KAB. DHAMAS RAYA - SEI DAREH", "NM_JBT_UPD": "SUNGAI DAREH A", "PROVINSI": "SUMATERA BARAT", "No_Prov_26": "06", "ID_Jbt_26": "0600828", "Kd_Ruas_26": "06015", "Suffix_26": null, "Nm_Ruas_26": "BTS. KAB. DHAMAS RAYA - SEI DAREH", "Lintas_26": "JALAN LINTAS TENGAH", "No_Jbt_26": "06.015.002.A", "Nm_Jbt_26": "SUNGAI DAREH A", "Status_26": "N", "Fungsi_26": "A", "Lks_Dr_26": "PDG", "Lks_km_26": 185.9, "F_STA_26": "1280", "Cadin_26": "DMR", "Pjg_Jbt_26": 186.3, "Btg_Pjg_26": 123.3, "Jml_Btg_26": "4", "Lb_Jl_Ms26": 7.1, "Lb_Jl_Kl26": 7.1, "Lb_Lalin26": 7.1, "Lb_Bh_Ki26": 0.4, "Lb_Bh_Ka26": 0.4, "Lb_Dr_Ki26": 0.0, "Lb_Dr_Ka26": 0.0, "Lb_Tr_Ki26": 1.7, "Lb_Tr_Ka26": 1.7, "Lb_TS_Ki26": 0.0, "Lb_TS_Ka26": 0.0, "Lb_Med_26": 0.0, "Lbr_Jbt_26": 11.3, "Bgn_Ats_26": "CBP", "Jns_Jbt_26": "KHUSUS", "Thn_Bgn_26": "2019", "BA_26": "2", "LNT_26": "2", "BB_26": "2", "DAS_26": "2", "OP_26": "1", "UT_26": "0", "GR_26": "0", "LB_26": "0", "JBT_26": "2", "Tp_Lnts_26": "SUNGAI", "Dt_Lnts_26": "LURUS", "Pnangnn_26": "RUTIN", "Pmriksn_26": "TIDAK DISURVEI", "Pnglola_26": "BPJN SUMATERA BARAT", "Satkr_ID26": "693876", "PPK_Name26": "PPK 2.2", "Traffic_26": null, "VCR_26": "0.73", "AADT_26": null, "Tipe_Jb_26": null, "Lat_26": -0.96283833193400004, "Long_26": 101.505033903, "Tgl_Ins_26": "6\/23\/2025", "Ket_26": null }, "geometry": { "type": "Point", "coordinates": [ 101.505033903486392, -0.962838331933918 ] } },
{ "type": "Feature", "properties": { "KDRUAS_UPD": "06036", "NOJBT_UPD": "06.036.007.1", "NM_RUAS_UP": "BTS. PROV. RIAU - BTS. KOTA PAYAKUMBUH", "NM_JBT_UPD": "BATANG AIR SIRAH 1", "PROVINSI": "SUMATERA BARAT", "No_Prov_26": "06", "ID_Jbt_26": "0600829", "Kd_Ruas_26": "06036", "Suffix_26": null, "Nm_Ruas_26": "BTS. PROV. RIAU - BTS. KOTA PAYAKUMBUH", "Lintas_26": "JALAN PENGHUBUNG LINTAS", "No_Jbt_26": "06.036.007.1", "Nm_Jbt_26": "BATANG AIR SIRAH 1", "Status_26": "N", "Fungsi_26": "A", "Lks_Dr_26": "PDG", "Lks_km_26": 145.46, "F_STA_26": "1530", "Cadin_26": "PYK", "Pjg_Jbt_26": 12.0, "Btg_Pjg_26": 11.5, "Jml_Btg_26": "1", "Lb_Jl_Ms26": 7.1, "Lb_Jl_Kl26": 7.1, "Lb_Lalin26": 7.1, "Lb_Bh_Ki26": 0.5, "Lb_Bh_Ka26": 0.42, "Lb_Dr_Ki26": 0.0, "Lb_Dr_Ka26": 0.0, "Lb_Tr_Ki26": 0.0, "Lb_Tr_Ka26": 0.0, "Lb_TS_Ki26": 0.49, "Lb_TS_Ka26": 0.49, "Lb_Med_26": 0.0, "Lbr_Jbt_26": 9.0, "Bgn_Ats_26": "EMP", "Jns_Jbt_26": "STANDAR", "Thn_Bgn_26": "1987", "BA_26": "1", "LNT_26": "1", "BB_26": "1", "DAS_26": "2", "OP_26": "1", "UT_26": "0", "GR_26": "0", "LB_26": "0", "JBT_26": "2", "Tp_Lnts_26": "SUNGAI", "Dt_Lnts_26": "BERJALIN", "Pnangnn_26": "RUTIN", "Pmriksn_26": "RUTIN", "Pnglola_26": "BPJN SUMATERA BARAT", "Satkr_ID26": "693875", "PPK_Name26": "PPK 1.2", "Traffic_26": null, "VCR_26": "1.118", "AADT_26": null, "Tipe_Jb_26": null, "Lat_26": -0.080898, "Long_26": 100.698869, "Tgl_Ins_26": "6\/25\/2024", "Ket_26": null }, "geometry": { "type": "Point", "coordinates": [ 100.698869, -0.080898 ] } },
{ "type": "Feature", "properties": { "KDRUAS_UPD": "06036", "NOJBT_UPD": "06.036.023.4", "NM_RUAS_UP": "BTS. PROV. RIAU - BTS. KOTA PAYAKUMBUH", "NM_JBT_UPD": "KUOK", "PROVINSI": "SUMATERA BARAT", "No_Prov_26": "06", "ID_Jbt_26": "0600831", "Kd_Ruas_26": "06036", "Suffix_26": null, "Nm_Ruas_26": "BTS. PROV. RIAU - BTS. KOTA PAYAKUMBUH", "Lintas_26": "JALAN PENGHUBUNG LINTAS", "No_Jbt_26": "06.036.023.4", "Nm_Jbt_26": "KUOK", "Status_26": "N", "Fungsi_26": "A", "Lks_Dr_26": "PDG", "Lks_km_26": 156.8, "F_STA_26": "2770", "Cadin_26": "PYK", "Pjg_Jbt_26": 11.0, "Btg_Pjg_26": 10.5, "Jml_Btg_26": "1", "Lb_Jl_Ms26": 6.7, "Lb_Jl_Kl26": 6.7, "Lb_Lalin26": 6.7, "Lb_Bh_Ki26": 2.6, "Lb_Bh_Ka26": 1.25, "Lb_Dr_Ki26": 0.0, "Lb_Dr_Ka26": 0.0, "Lb_Tr_Ki26": 0.0, "Lb_Tr_Ka26": 0.0, "Lb_TS_Ki26": 0.475, "Lb_TS_Ka26": 0.475, "Lb_Med_26": 0.0, "Lbr_Jbt_26": 11.5, "Bgn_Ats_26": "PTP", "Jns_Jbt_26": "STANDAR", "Thn_Bgn_26": "1997", "BA_26": "1", "LNT_26": "1", "BB_26": "1", "DAS_26": "1", "OP_26": "0", "UT_26": "0", "GR_26": "0", "LB_26": "0", "JBT_26": "1", "Tp_Lnts_26": "SUNGAI", "Dt_Lnts_26": "BERKELOK", "Pnangnn_26": "RUTIN", "Pmriksn_26": "RUTIN", "Pnglola_26": "BPJN SUMATERA BARAT", "Satkr_ID26": "693875", "PPK_Name26": "PPK 1.2", "Traffic_26": null, "VCR_26": "1.118", "AADT_26": null, "Tipe_Jb_26": null, "Lat_26": -0.022516944446200001, "Long_26": 100.71606, "Tgl_Ins_26": "10\/13\/2020", "Ket_26": null }, "geometry": { "type": "Point", "coordinates": [ 100.716060000002713, -0.02251694444619 ] } },
{ "type": "Feature", "properties": { "KDRUAS_UPD": "06036", "NOJBT_UPD": "06.036.034.A", "NM_RUAS_UP": "BTS. PROV. RIAU - BTS. KOTA PAYAKUMBUH", "NM_JBT_UPD": "SIPOPAI A", "PROVINSI": "SUMATERA BARAT", "No_Prov_26": "06", "ID_Jbt_26": "0600832", "Kd_Ruas_26": "06036", "Suffix_26": null, "Nm_Ruas_26": "BTS. PROV. RIAU - BTS. KOTA PAYAKUMBUH", "Lintas_26": "JALAN PENGHUBUNG LINTAS", "No_Jbt_26": "06.036.034.A", "Nm_Jbt_26": "SIPOPAI A", "Status_26": "N", "Fungsi_26": "A", "Lks_Dr_26": "PDG", "Lks_km_26": 186.45, "F_STA_26": "5610", "Cadin_26": "PYK", "Pjg_Jbt_26": 50.1, "Btg_Pjg_26": 49.5, "Jml_Btg_26": "1", "Lb_Jl_Ms26": 6.75, "Lb_Jl_Kl26": 6.75, "Lb_Lalin26": 6.75, "Lb_Bh_Ki26": 0.0, "Lb_Bh_Ka26": 0.0, "Lb_Dr_Ki26": 0.0, "Lb_Dr_Ka26": 0.0, "Lb_Tr_Ki26": 1.0, "Lb_Tr_Ka26": 1.05, "Lb_TS_Ki26": 0.0, "Lb_TS_Ka26": 0.0, "Lb_Med_26": 0.0, "Lbr_Jbt_26": 8.8, "Bgn_Ats_26": "RBI", "Jns_Jbt_26": "STANDAR", "Thn_Bgn_26": "2019", "BA_26": "2", "LNT_26": "2", "BB_26": "2", "DAS_26": "2", "OP_26": "0", "UT_26": "0", "GR_26": "0", "LB_26": "0", "JBT_26": "2", "Tp_Lnts_26": "SUNGAI", "Dt_Lnts_26": "BERJALIN", "Pnangnn_26": "RUTIN", "Pmriksn_26": "RUTIN", "Pnglola_26": "BPJN SUMATERA BARAT", "Satkr_ID26": "693875", "PPK_Name26": "PPK 1.2", "Traffic_26": null, "VCR_26": "1.118", "AADT_26": null, "Tipe_Jb_26": null, "Lat_26": 0.129235, "Long_26": 100.76665, "Tgl_Ins_26": "6\/26\/2024", "Ket_26": null }, "geometry": { "type": "Point", "coordinates": [ 100.76665, 0.129235 ] } },
{ "type": "Feature", "properties": { "KDRUAS_UPD": "06041", "NOJBT_UPD": "06.041.005.0", "NM_RUAS_UP": "SICINCIN - LUBUK ALUNG", "NM_JBT_UPD": "LUBUK PANDAN", "PROVINSI": "SUMATERA BARAT", "No_Prov_26": "06", "ID_Jbt_26": "0600563", "Kd_Ruas_26": "06041", "Suffix_26": null, "Nm_Ruas_26": "SICINCIN - LUBUK ALUNG", "Lintas_26": "JALAN PENGHUBUNG LINTAS", "No_Jbt_26": "06.041.005.0", "Nm_Jbt_26": "LUBUK PANDAN", "Status_26": "N", "Fungsi_26": "A", "Lks_Dr_26": "PDG", "Lks_km_26": 44.1, "F_STA_26": "1080", "Cadin_26": "PRM", "Pjg_Jbt_26": 8.9, "Btg_Pjg_26": 8.5, "Jml_Btg_26": "1", "Lb_Jl_Ms26": 7.9, "Lb_Jl_Kl26": 7.9, "Lb_Lalin26": 7.9, "Lb_Bh_Ki26": 0.42, "Lb_Bh_Ka26": 2.04, "Lb_Dr_Ki26": 0.0, "Lb_Dr_Ka26": 0.0, "Lb_Tr_Ki26": 0.0, "Lb_Tr_Ka26": 0.0, "Lb_TS_Ki26": 0.0, "Lb_TS_Ka26": 0.0, "Lb_Med_26": 0.0, "Lbr_Jbt_26": 10.36, "Bgn_Ats_26": "ESP", "Jns_Jbt_26": "STANDAR", "Thn_Bgn_26": "1976", "BA_26": "2", "LNT_26": "0", "BB_26": "0", "DAS_26": "1", "OP_26": "0", "UT_26": "0", "GR_26": "0", "LB_26": "0", "JBT_26": "2", "Tp_Lnts_26": "SUNGAI", "Dt_Lnts_26": "BERKELOK", "Pnangnn_26": "RUTIN", "Pmriksn_26": "RUTIN", "Pnglola_26": "BPJN SUMATERA BARAT", "Satkr_ID26": "693875", "PPK_Name26": "PPK 1.1", "Traffic_26": null, "VCR_26": "1.154", "AADT_26": null, "Tipe_Jb_26": null, "Lat_26": -0.59881472587600004, "Long_26": 100.286445618, "Tgl_Ins_26": "6\/26\/2024", "Ket_26": null }, "geometry": { "type": "Point", "coordinates": [ 100.286445617675994, -0.598814725875854 ] } },
{ "type": "Feature", "properties": { "KDRUAS_UPD": "06007", "NOJBT_UPD": "06.007.002.0", "NM_RUAS_UP": "BTS. KOTA PADANG PANJANG - KUBU KERAMBIL", "NM_JBT_UPD": "BATANG GADIS", "PROVINSI": "SUMATERA BARAT", "No_Prov_26": "06", "ID_Jbt_26": "0600110", "Kd_Ruas_26": "06007", "Suffix_26": null, "Nm_Ruas_26": "BTS. KOTA PADANG PANJANG - KUBU KERAMBIL", "Lintas_26": "JALAN LINTAS TENGAH", "No_Jbt_26": "06.007.002.0", "Nm_Jbt_26": "BATANG GADIS", "Status_26": "N", "Fungsi_26": "A", "Lks_Dr_26": "PDG", "Lks_km_26": 78.4, "F_STA_26": "160", "Cadin_26": "BSK", "Pjg_Jbt_26": 7.1, "Btg_Pjg_26": 6.0, "Jml_Btg_26": "1", "Lb_Jl_Ms26": 6.48, "Lb_Jl_Kl26": 6.48, "Lb_Lalin26": 6.48, "Lb_Bh_Ki26": 1.4, "Lb_Bh_Ka26": 1.2, "Lb_Dr_Ki26": 0.0, "Lb_Dr_Ka26": 0.0, "Lb_Tr_Ki26": 0.0, "Lb_Tr_Ka26": 0.0, "Lb_TS_Ki26": 0.3, "Lb_TS_Ka26": 0.3, "Lb_Med_26": 0.0, "Lbr_Jbt_26": 9.68, "Bgn_Ats_26": "BTP", "Jns_Jbt_26": "STANDAR", "Thn_Bgn_26": "2025", "BA_26": "1", "LNT_26": "1", "BB_26": "0", "DAS_26": "1", "OP_26": "1", "UT_26": "0", "GR_26": "0", "LB_26": "0", "JBT_26": "1", "Tp_Lnts_26": "SUNGAI", "Dt_Lnts_26": "BERKELOK", "Pnangnn_26": "0", "Pmriksn_26": "DETAIL", "Pnglola_26": "BPJN SUMATERA BARAT", "Satkr_ID26": "693875", "PPK_Name26": "PPK 1.1", "Traffic_26": null, "VCR_26": "0.787", "AADT_26": null, "Tipe_Jb_26": null, "Lat_26": -0.47367799282099998, "Long_26": 100.449989319, "Tgl_Ins_26": "6\/9\/2026", "Ket_26": null }, "geometry": { "type": "Point", "coordinates": [ 100.449989318847997, -0.47367799282074 ] } },
{ "type": "Feature", "properties": { "KDRUAS_UPD": "06032", "NOJBT_UPD": "06.032.003.0", "NM_RUAS_UP": "BTS. KOTA PAINAN - KAMBANG", "NM_JBT_UPD": "SUNGAI NIPAH", "PROVINSI": "SUMATERA BARAT", "No_Prov_26": "06", "ID_Jbt_26": "0600408", "Kd_Ruas_26": "06032", "Suffix_26": null, "Nm_Ruas_26": "BTS. KOTA PAINAN - KAMBANG", "Lintas_26": "JALAN LINTAS BARAT", "No_Jbt_26": "06.032.003.0", "Nm_Jbt_26": "SUNGAI NIPAH", "Status_26": "N", "Fungsi_26": "A", "Lks_Dr_26": "PDG", "Lks_km_26": 83.46, "F_STA_26": "460", "Cadin_26": "PIN", "Pjg_Jbt_26": 13.5, "Btg_Pjg_26": 13.5, "Jml_Btg_26": "2", "Lb_Jl_Ms26": 6.3, "Lb_Jl_Kl26": 6.3, "Lb_Lalin26": 6.3, "Lb_Bh_Ki26": 0.45, "Lb_Bh_Ka26": 0.45, "Lb_Dr_Ki26": 0.0, "Lb_Dr_Ka26": 0.0, "Lb_Tr_Ki26": 2.3, "Lb_Tr_Ka26": 2.3, "Lb_TS_Ki26": 0.4, "Lb_TS_Ka26": 0.4, "Lb_Med_26": 0.0, "Lbr_Jbt_26": 12.6, "Bgn_Ats_26": "BTP", "Jns_Jbt_26": "STANDAR", "Thn_Bgn_26": "2021", "BA_26": "2", "LNT_26": "2", "BB_26": "0", "DAS_26": "2", "OP_26": "0", "UT_26": "0", "GR_26": "0", "LB_26": "0", "JBT_26": "2", "Tp_Lnts_26": "SUNGAI", "Dt_Lnts_26": "LURUS", "Pnangnn_26": "RUTIN", "Pmriksn_26": "RUTIN", "Pnglola_26": "BPJN SUMATERA BARAT", "Satkr_ID26": "693876", "PPK_Name26": "PPK 2.3", "Traffic_26": null, "VCR_26": "0.119", "AADT_26": null, "Tipe_Jb_26": null, "Lat_26": -1.36861097813, "Long_26": 100.57698822, "Tgl_Ins_26": "10\/1\/2022", "Ket_26": null }, "geometry": { "type": "Point", "coordinates": [ 100.576988220215, -1.36861097812653 ] } },
{ "type": "Feature", "properties": { "KDRUAS_UPD": "06002", "NOJBT_UPD": "06.002.004.0", "NM_RUAS_UP": "PANTI - BTS. KOTA LUBUK SIKAPING", "NM_JBT_UPD": "AIR PILUBANG 1", "PROVINSI": "SUMATERA BARAT", "No_Prov_26": "06", "ID_Jbt_26": "0600028", "Kd_Ruas_26": "06002", "Suffix_26": null, "Nm_Ruas_26": "PANTI - BTS. KOTA LUBUK SIKAPING", "Lintas_26": "JALAN LINTAS TENGAH", "No_Jbt_26": "06.002.004.0", "Nm_Jbt_26": "AIR PILUBANG 1", "Status_26": "N", "Fungsi_26": "A", "Lks_Dr_26": "PDG", "Lks_km_26": 171.9, "F_STA_26": "140", "Cadin_26": "LBS", "Pjg_Jbt_26": 6.0, "Btg_Pjg_26": 5.0, "Jml_Btg_26": "1", "Lb_Jl_Ms26": 5.1, "Lb_Jl_Kl26": 5.1, "Lb_Lalin26": 5.1, "Lb_Bh_Ki26": 2.9, "Lb_Bh_Ka26": 1.2, "Lb_Dr_Ki26": 0.0, "Lb_Dr_Ka26": 0.0, "Lb_Tr_Ki26": 0.0, "Lb_Tr_Ka26": 0.0, "Lb_TS_Ki26": 0.475, "Lb_TS_Ka26": 0.475, "Lb_Med_26": 0.0, "Lbr_Jbt_26": 10.15, "Bgn_Ats_26": "BTP", "Jns_Jbt_26": "STANDAR", "Thn_Bgn_26": "2022", "BA_26": "1", "LNT_26": "0", "BB_26": "0", "DAS_26": "1", "OP_26": "2", "UT_26": "0", "GR_26": "1", "LB_26": "0", "JBT_26": "2", "Tp_Lnts_26": "SUNGAI", "Dt_Lnts_26": "BERKELOK", "Pnangnn_26": "RUTIN", "Pmriksn_26": "RUTIN", "Pnglola_26": "BPJN SUMATERA BARAT", "Satkr_ID26": "693875", "PPK_Name26": "PPK 1.3", "Traffic_26": null, "VCR_26": "0.106", "AADT_26": null, "Tipe_Jb_26": null, "Lat_26": 0.165923997759819, "Long_26": 100.15737915000001, "Tgl_Ins_26": "7\/9\/2024", "Ket_26": null }, "geometry": { "type": "Point", "coordinates": [ 100.157379150390994, 0.165923997759819 ] } },
{ "type": "Feature", "properties": { "KDRUAS_UPD": "06017", "NOJBT_UPD": "06.017.001.B", "NM_RUAS_UP": "JUNCTION (KOTO BARU) - BTS. PROV. JAMBI", "NM_JBT_UPD": "BATANG SIAT B", "PROVINSI": "SUMATERA BARAT", "No_Prov_26": "06", "ID_Jbt_26": "0600834", "Kd_Ruas_26": "06017", "Suffix_26": null, "Nm_Ruas_26": "JUNCTION (KOTO BARU) - BTS. PROV. JAMBI", "Lintas_26": "JALAN LINTAS TENGAH", "No_Jbt_26": "06.017.001.B", "Nm_Jbt_26": "BATANG SIAT B", "Status_26": "N", "Fungsi_26": "A", "Lks_Dr_26": "PDG", "Lks_km_26": 218.3, "F_STA_26": "70", "Cadin_26": "DMR", "Pjg_Jbt_26": 61.85, "Btg_Pjg_26": 30.0, "Jml_Btg_26": "2", "Lb_Jl_Ms26": 10.1, "Lb_Jl_Kl26": 10.1, "Lb_Lalin26": 10.1, "Lb_Bh_Ki26": 0.5, "Lb_Bh_Ka26": 0.5, "Lb_Dr_Ki26": 0.0, "Lb_Dr_Ka26": 0.0, "Lb_Tr_Ki26": 0.48, "Lb_Tr_Ka26": 0.48, "Lb_TS_Ki26": 0.0, "Lb_TS_Ka26": 0.0, "Lb_Med_26": 0.0, "Lbr_Jbt_26": 12.06, "Bgn_Ats_26": "GPP", "Jns_Jbt_26": "STANDAR", "Thn_Bgn_26": "2022", "BA_26": "0", "LNT_26": "0", "BB_26": "0", "DAS_26": "0", "OP_26": "0", "UT_26": "0", "GR_26": "0", "LB_26": "0", "JBT_26": "0", "Tp_Lnts_26": "SUNGAI", "Dt_Lnts_26": "LURUS", "Pnangnn_26": "RUTIN", "Pmriksn_26": "RUTIN", "Pnglola_26": "BPJN SUMATERA BARAT", "Satkr_ID26": "693876", "PPK_Name26": "PPK 2.2", "Traffic_26": null, "VCR_26": "0.591", "AADT_26": null, "Tipe_Jb_26": null, "Lat_26": -1.133252, "Long_26": 101.718007, "Tgl_Ins_26": "6\/22\/2024", "Ket_26": null }, "geometry": { "type": "Point", "coordinates": [ 101.718007, -1.133252 ] } },
{ "type": "Feature", "properties": { "KDRUAS_UPD": "06002", "NOJBT_UPD": "06.002.033.0", "NM_RUAS_UP": "PANTI - BTS. KOTA LUBUK SIKAPING", "NM_JBT_UPD": "AIR SALO", "PROVINSI": "SUMATERA BARAT", "No_Prov_26": "06", "ID_Jbt_26": "0600056", "Kd_Ruas_26": "06002", "Suffix_26": null, "Nm_Ruas_26": "PANTI - BTS. KOTA LUBUK SIKAPING", "Lintas_26": "JALAN LINTAS TENGAH", "No_Jbt_26": "06.002.033.0", "Nm_Jbt_26": "AIR SALO", "Status_26": "N", "Fungsi_26": "A", "Lks_Dr_26": "PDG", "Lks_km_26": 190.8, "F_STA_26": "2040", "Cadin_26": "LBS", "Pjg_Jbt_26": 6.1, "Btg_Pjg_26": 5.5, "Jml_Btg_26": "1", "Lb_Jl_Ms26": 5.8, "Lb_Jl_Kl26": 5.8, "Lb_Lalin26": 5.8, "Lb_Bh_Ki26": 0.5, "Lb_Bh_Ka26": 0.3, "Lb_Dr_Ki26": 0.2, "Lb_Dr_Ka26": 0.15, "Lb_Tr_Ki26": 1.0, "Lb_Tr_Ka26": 1.06, "Lb_TS_Ki26": 0.345, "Lb_TS_Ka26": 0.345, "Lb_Med_26": 0.0, "Lbr_Jbt_26": 9.7, "Bgn_Ats_26": "GBP", "Jns_Jbt_26": "STANDAR", "Thn_Bgn_26": "1970", "BA_26": "2", "LNT_26": "0", "BB_26": "2", "DAS_26": "2", "OP_26": "0", "UT_26": "0", "GR_26": "0", "LB_26": "0", "JBT_26": "2", "Tp_Lnts_26": "SUNGAI", "Dt_Lnts_26": "BERKELOK", "Pnangnn_26": "RUTIN", "Pmriksn_26": "RUTIN", "Pnglola_26": "BPJN SUMATERA BARAT", "Satkr_ID26": "693875", "PPK_Name26": "PPK 1.3", "Traffic_26": null, "VCR_26": "0.106", "AADT_26": null, "Tipe_Jb_26": null, "Lat_26": 0.30231399999980751, "Long_26": 100.092117, "Tgl_Ins_26": "6\/22\/2024", "Ket_26": null }, "geometry": { "type": "Point", "coordinates": [ 100.092117, 0.302313999999808 ] } },
{ "type": "Feature", "properties": { "KDRUAS_UPD": "60032", "NOJBT_UPD": "06.032.008.0", "NM_RUAS_UP": "BTS. KOTA PAINAN - KAMBANG", "NM_JBT_UPD": "TELUK BETUNG 3", "PROVINSI": "SUMATERA BARAT", "No_Prov_26": "06", "ID_Jbt_26": "0600413", "Kd_Ruas_26": "60032", "Suffix_26": null, "Nm_Ruas_26": "BTS. KOTA PAINAN - KAMBANG", "Lintas_26": "JALAN LINTAS BARAT", "No_Jbt_26": "06.032.008.0", "Nm_Jbt_26": "TELUK BETUNG 3", "Status_26": "N", "Fungsi_26": "A", "Lks_Dr_26": "PDG", "Lks_km_26": 87.33, "F_STA_26": "860", "Cadin_26": "PIN", "Pjg_Jbt_26": 6.0, "Btg_Pjg_26": 6.0, "Jml_Btg_26": "2", "Lb_Jl_Ms26": 6.6, "Lb_Jl_Kl26": 6.6, "Lb_Lalin26": 6.6, "Lb_Bh_Ki26": 0.45, "Lb_Bh_Ka26": 0.45, "Lb_Dr_Ki26": 0.1, "Lb_Dr_Ka26": 0.1, "Lb_Tr_Ki26": 0.63, "Lb_Tr_Ka26": 0.63, "Lb_TS_Ki26": 0.0, "Lb_TS_Ka26": 0.0, "Lb_Med_26": 0.0, "Lbr_Jbt_26": 8.96, "Bgn_Ats_26": "BTP", "Jns_Jbt_26": "STANDAR", "Thn_Bgn_26": "1985", "BA_26": "2", "LNT_26": "1", "BB_26": "0", "DAS_26": "1", "OP_26": "2", "UT_26": "0", "GR_26": "2", "LB_26": "0", "JBT_26": "2", "Tp_Lnts_26": "SUNGAI", "Dt_Lnts_26": "BERKELOK (MEANDER)", "Pnangnn_26": "RUTIN", "Pmriksn_26": "RUTIN", "Pnglola_26": "BPJN SUMATERA BARAT", "Satkr_ID26": "693876", "PPK_Name26": "PPK 2.3", "Traffic_26": null, "VCR_26": "0.119", "AADT_26": null, "Tipe_Jb_26": null, "Lat_26": -1.394944, "Long_26": 100.593193, "Tgl_Ins_26": "6\/10\/2024", "Ket_26": null }, "geometry": { "type": "Point", "coordinates": [ 100.593193, -1.394943999999896 ] } },
{ "type": "Feature", "properties": { "KDRUAS_UPD": "60012", "NOJBT_UPD": "06.012.006.0", "NM_RUAS_UP": "MUARA KALABAN - TANAH BADANTUNG", "NM_JBT_UPD": "PILE SLAB", "PROVINSI": "SUMATERA BARAT", "No_Prov_26": "06", "ID_Jbt_26": "0600842", "Kd_Ruas_26": "60012", "Suffix_26": null, "Nm_Ruas_26": "MUARA KALABAN - TANAH BADANTUNG", "Lintas_26": "JALAN LINTAS TENGAH", "No_Jbt_26": "06.012.006.0", "Nm_Jbt_26": "PILE SLAB", "Status_26": "N", "Fungsi_26": "A", "Lks_Dr_26": "PDG", "Lks_km_26": 106.0, "F_STA_26": "2290", "Cadin_26": "SJJ", "Pjg_Jbt_26": 50.0, "Btg_Pjg_26": 49.0, "Jml_Btg_26": "1", "Lb_Jl_Ms26": 6.5, "Lb_Jl_Kl26": 6.5, "Lb_Lalin26": 6.5, "Lb_Bh_Ki26": 0.8, "Lb_Bh_Ka26": 0.8, "Lb_Dr_Ki26": 0.0, "Lb_Dr_Ka26": 0.0, "Lb_Tr_Ki26": 0.0, "Lb_Tr_Ka26": 0.0, "Lb_TS_Ki26": 0.0, "Lb_TS_Ka26": 0.0, "Lb_Med_26": 0.0, "Lbr_Jbt_26": 8.1, "Bgn_Ats_26": "DPP", "Jns_Jbt_26": "STANDAR", "Thn_Bgn_26": "2014", "BA_26": "3", "LNT_26": "3", "BB_26": "4", "DAS_26": "0", "OP_26": "1", "UT_26": "0", "GR_26": "0", "LB_26": "0", "JBT_26": "4", "Tp_Lnts_26": "SUNGAI", "Dt_Lnts_26": "LURUS", "Pnangnn_26": "PENGGANTIAN", "Pmriksn_26": "DETAIL", "Pnglola_26": "BPJN SUMATERA BARAT", "Satkr_ID26": "693876", "PPK_Name26": "PPK 2.2", "Traffic_26": null, "VCR_26": "0.159", "AADT_26": null, "Tipe_Jb_26": null, "Lat_26": -0.7345119, "Long_26": 100.9691409, "Tgl_Ins_26": "5\/28\/2026", "Ket_26": null }, "geometry": { "type": "Point", "coordinates": [ 100.9691409, -0.734511899999872 ] } },
{ "type": "Feature", "properties": { "KDRUAS_UPD": "60053", "NOJBT_UPD": "06.053.035.0", "NM_RUAS_UP": "LUBUK SELASIH - SURIAN", "NM_JBT_UPD": "AIE DINGIN", "PROVINSI": "SUMATERA BARAT", "No_Prov_26": "06", "ID_Jbt_26": "0600841", "Kd_Ruas_26": "60053", "Suffix_26": null, "Nm_Ruas_26": "LUBUK SELASIH - SURIAN", "Lintas_26": "NON LINTAS", "No_Jbt_26": "06.053.035.0", "Nm_Jbt_26": "AIE DINGIN", "Status_26": "N", "Fungsi_26": "A", "Lks_Dr_26": "PDG", "Lks_km_26": 75.7, "F_STA_26": "4240", "Cadin_26": "SLK", "Pjg_Jbt_26": 46.0, "Btg_Pjg_26": 45.0, "Jml_Btg_26": "1", "Lb_Jl_Ms26": 7.85, "Lb_Jl_Kl26": 8.0, "Lb_Lalin26": 8.2, "Lb_Bh_Ki26": 0.35, "Lb_Bh_Ka26": 0.45, "Lb_Dr_Ki26": 0.0, "Lb_Dr_Ka26": 0.0, "Lb_Tr_Ki26": 0.45, "Lb_Tr_Ka26": 0.45, "Lb_TS_Ki26": 0.45, "Lb_TS_Ka26": 0.45, "Lb_Med_26": 0.0, "Lbr_Jbt_26": 10.8, "Bgn_Ats_26": "GPP", "Jns_Jbt_26": "STANDAR", "Thn_Bgn_26": "2025", "BA_26": "1", "LNT_26": "1", "BB_26": "1", "DAS_26": "0", "OP_26": "0", "UT_26": "0", "GR_26": "0", "LB_26": "0", "JBT_26": "1", "Tp_Lnts_26": "SUNGAI", "Dt_Lnts_26": "LURUS", "Pnangnn_26": "0", "Pmriksn_26": "DETAIL", "Pnglola_26": "BPJN SUMATERA BARAT", "Satkr_ID26": "693876", "PPK_Name26": "PPK 2.5", "Traffic_26": null, "VCR_26": "0.535", "AADT_26": null, "Tipe_Jb_26": null, "Lat_26": -1.144819, "Long_26": 100.81184, "Tgl_Ins_26": "5\/21\/2026", "Ket_26": null }, "geometry": { "type": "Point", "coordinates": [ 100.81184, -1.144819 ] } }
]
}
